ISO-10303-21;
HEADER;
FILE_DESCRIPTION (( 'STEP AP214' ),
    '1' );
FILE_NAME ('B02MB-GHS-TBT.STEP',
    '2019-04-07T08:59:07',
    ( '' ),
    ( '' ),
    'SwSTEP 2.0',
    'SolidWorks 2018',
    '' );
FILE_SCHEMA (( 'AUTOMOTIVE_DESIGN' ));
ENDSEC;

DATA;
#1 = ADVANCED_FACE ( 'NONE', ( #2224 ), #1069, .F. ) ;
#2 = AXIS2_PLACEMENT_3D ( 'NONE', #1636, #1239, #3080 ) ;
#3 = DIRECTION ( 'NONE',  ( 0.0000000000000000000, -1.084202172485501673E-15, -1.000000000000000000 ) ) ;
#4 = VERTEX_POINT ( 'NONE', #4408 ) ;
#5 = CARTESIAN_POINT ( 'NONE',  ( 2.274999999999999911, 1.949999999999999512, 2.025000000000007017 ) ) ;
#6 = VECTOR ( 'NONE', #1721, 1000.000000000000114 ) ;
#7 = CARTESIAN_POINT ( 'NONE',  ( -0.4249999999999999889, 1.850000000000000089, 2.024999999999999911 ) ) ;
#8 = VERTEX_POINT ( 'NONE', #686 ) ;
#9 = DIRECTION ( 'NONE',  ( -1.000000000000000000, 0.0000000000000000000, 0.0000000000000000000 ) ) ;
#10 = CARTESIAN_POINT ( 'NONE',  ( 1.875000000000000000, 0.5000000000000000000, -1.474999999999999867 ) ) ;
#11 = EDGE_CURVE ( 'NONE', #3617, #1466, #1243, .T. ) ;
#12 = VECTOR ( 'NONE', #3637, 1000.000000000000000 ) ;
#13 = ORIENTED_EDGE ( 'NONE', *, *, #1145, .F. ) ;
#14 = FACE_OUTER_BOUND ( 'NONE', #4094, .T. ) ;
#15 = CARTESIAN_POINT ( 'NONE',  ( 0.7249999999999998668, 0.3500000000000000333, -2.024999999999999911 ) ) ;
#16 = LINE ( 'NONE', #810, #3841 ) ;
#17 = FACE_OUTER_BOUND ( 'NONE', #4724, .T. ) ;
#18 = ORIENTED_EDGE ( 'NONE', *, *, #3547, .F. ) ;
#19 = ORIENTED_EDGE ( 'NONE', *, *, #792, .T. ) ;
#20 = DIRECTION ( 'NONE',  ( 0.0000000000000000000, 0.0000000000000000000, 1.000000000000000000 ) ) ;
#21 = CARTESIAN_POINT ( 'NONE',  ( 2.375000000000000000, 3.149999999999999911, 2.024999999999999911 ) ) ;
#22 = CARTESIAN_POINT ( 'NONE',  ( 1.375000000000000000, 3.750000000000000000, -2.024999999999999911 ) ) ;
#23 =( NAMED_UNIT ( * ) PLANE_ANGLE_UNIT ( ) SI_UNIT ( $, .RADIAN. ) );
#24 = ORIENTED_EDGE ( 'NONE', *, *, #1433, .T. ) ;
#25 = VECTOR ( 'NONE', #3478, 1000.000000000000000 ) ;
#26 = ORIENTED_EDGE ( 'NONE', *, *, #3812, .T. ) ;
#27 = AXIS2_PLACEMENT_3D ( 'NONE', #3113, #528, #858 ) ;
#28 =( NAMED_UNIT ( * ) SI_UNIT ( $, .STERADIAN. ) SOLID_ANGLE_UNIT ( ) );
#29 = LINE ( 'NONE', #2820, #3916 ) ;
#30 = CARTESIAN_POINT ( 'NONE',  ( -0.5250000000000000222, 1.795247431900000024, 2.024999999999999911 ) ) ;
#31 = ADVANCED_FACE ( 'NONE', ( #2279 ), #3690, .T. ) ;
#32 = ORIENTED_EDGE ( 'NONE', *, *, #4777, .T. ) ;
#33 = AXIS2_PLACEMENT_3D ( 'NONE', #1938, #1952, #1968 ) ;
#34 = ORIENTED_EDGE ( 'NONE', *, *, #2581, .T. ) ;
#35 = CARTESIAN_POINT ( 'NONE',  ( -0.4249999999999999889, 1.850000000000000089, -1.698606797699999893 ) ) ;
#36 = EDGE_LOOP ( 'NONE', ( #3349, #2456, #2935, #719, #2864, #2312 ) ) ;
#37 = PLANE ( 'NONE',  #3464 ) ;
#38 = ORIENTED_EDGE ( 'NONE', *, *, #2876, .F. ) ;
#39 = PLANE ( 'NONE',  #2553 ) ;
#40 = EDGE_CURVE ( 'NONE', #3010, #1950, #2118, .T. ) ;
#41 = CARTESIAN_POINT ( 'NONE',  ( -0.5150000000000000133, 1.850000000000000089, -2.024999999999999911 ) ) ;
#42 = ORIENTED_EDGE ( 'NONE', *, *, #4362, .F. ) ;
#43 = EDGE_CURVE ( 'NONE', #3759, #4161, #1545, .T. ) ;
#44 = VECTOR ( 'NONE', #853, 1000.000000000000000 ) ;
#45 = ORIENTED_EDGE ( 'NONE', *, *, #4635, .F. ) ;
#46 = CARTESIAN_POINT ( 'NONE',  ( 0.7349999999999999867, 1.000000000000000000, -1.025000000000000133 ) ) ;
#47 = APPLICATION_PROTOCOL_DEFINITION ( 'draft international standard', 'automotive_design', 1998, #873 ) ;
#48 = DIRECTION ( 'NONE',  ( -1.000000000000000000, 0.0000000000000000000, -0.0000000000000000000 ) ) ;
#49 = ORIENTED_EDGE ( 'NONE', *, *, #4535, .F. ) ;
#50 = EDGE_CURVE ( 'NONE', #541, #4251, #4366, .T. ) ;
#51 = EDGE_LOOP ( 'NONE', ( #2308, #2588, #2352 ) ) ;
#52 = ORIENTED_EDGE ( 'NONE', *, *, #2039, .F. ) ;
#53 = VECTOR ( 'NONE', #4564, 1000.000000000000000 ) ;
#54 = DIRECTION ( 'NONE',  ( 1.000000000000000000, -0.0000000000000000000, 0.0000000000000000000 ) ) ;
#55 = VERTEX_POINT ( 'NONE', #2902 ) ;
#56 = CARTESIAN_POINT ( 'NONE',  ( -0.7349999999999999867, 1.850000000000000089, -2.024999999999999911 ) ) ;
#57 = CARTESIAN_POINT ( 'NONE',  ( 0.7249999999999999778, 1.000000000000000000, -1.525000000000000133 ) ) ;
#58 = DIRECTION ( 'NONE',  ( 1.000000000000000000, 0.0000000000000000000, 0.0000000000000000000 ) ) ;
#59 = ADVANCED_FACE ( 'NONE', ( #1120 ), #37, .F. ) ;
#60 = ORIENTED_EDGE ( 'NONE', *, *, #2701, .T. ) ;
#61 = CARTESIAN_POINT ( 'NONE',  ( -2.024999999999999911, 4.250000000000000000, -1.925000000000000044 ) ) ;
#62 = FILL_AREA_STYLE_COLOUR ( '', #971 ) ;
#63 = FILL_AREA_STYLE ('',( #3425 ) ) ;
#64 = DIRECTION ( 'NONE',  ( -0.0000000000000000000, 1.000000000000000000, 0.0000000000000000000 ) ) ;
#65 = AXIS2_PLACEMENT_3D ( 'NONE', #2990, #1090, #54 ) ;
#66 = ORIENTED_EDGE ( 'NONE', *, *, #2692, .F. ) ;
#67 = VECTOR ( 'NONE', #1775, 1000.000000000000000 ) ;
#68 = CARTESIAN_POINT ( 'NONE',  ( 2.875000000000000000, 4.250000000000000000, -0.07499999999999998335 ) ) ;
#69 = EDGE_CURVE ( 'NONE', #1301, #903, #3738, .T. ) ;
#70 = LINE ( 'NONE', #3887, #2198 ) ;
#71 = EDGE_CURVE ( 'NONE', #2387, #1656, #2858, .T. ) ;
#72 = DIRECTION ( 'NONE',  ( -1.000000000000000000, 0.0000000000000000000, 0.0000000000000000000 ) ) ;
#73 = VECTOR ( 'NONE', #695, 1000.000000000000000 ) ;
#74 = VECTOR ( 'NONE', #4726, 1000.000000000000000 ) ;
#75 = CARTESIAN_POINT ( 'NONE',  ( 0.5250000000000000222, 1.350000000000000089, 0.0000000000000000000 ) ) ;
#76 = DIRECTION ( 'NONE',  ( -1.000000000000000000, 0.0000000000000000000, 0.0000000000000000000 ) ) ;
#77 = PLANE ( 'NONE',  #1028 ) ;
#78 = VERTEX_POINT ( 'NONE', #4482 ) ;
#79 = EDGE_CURVE ( 'NONE', #3319, #3854, #833, .T. ) ;
#80 = CARTESIAN_POINT ( 'NONE',  ( -0.5250000000000000222, -0.6500000000000000222, -1.775000000000000133 ) ) ;
#81 = LINE ( 'NONE', #3536, #3379 ) ;
#82 = ADVANCED_FACE ( 'NONE', ( #1829 ), #3399, .T. ) ;
#83 = ORIENTED_EDGE ( 'NONE', *, *, #1577, .T. ) ;
#84 = CARTESIAN_POINT ( 'NONE',  ( 0.4249999999999999889, 1.850000000000000089, -1.474999999999999867 ) ) ;
#85 = FACE_OUTER_BOUND ( 'NONE', #3438, .T. ) ;
#86 = ORIENTED_EDGE ( 'NONE', *, *, #4677, .F. ) ;
#87 = LINE ( 'NONE', #1485, #598 ) ;
#88 = DIRECTION ( 'NONE',  ( 0.0000000000000000000, 1.000000000000000000, 0.0000000000000000000 ) ) ;
#89 = DIRECTION ( 'NONE',  ( 0.0000000000000000000, -1.000000000000000000, 0.0000000000000000000 ) ) ;
#90 = LINE ( 'NONE', #75, #4315 ) ;
#91 = VERTEX_POINT ( 'NONE', #1961 ) ;
#92 = AXIS2_PLACEMENT_3D ( 'NONE', #1161, #1179, #2630 ) ;
#93 = ORIENTED_EDGE ( 'NONE', *, *, #3763, .F. ) ;
#94 = CARTESIAN_POINT ( 'NONE',  ( 2.274999999999999911, 0.6000000000000076383, -0.2249999999999982014 ) ) ;
#95 = PLANE ( 'NONE',  #2560 ) ;
#96 = VERTEX_POINT ( 'NONE', #1895 ) ;
#97 = AXIS2_PLACEMENT_3D ( 'NONE', #711, #2173, #2219 ) ;
#98 = VERTEX_POINT ( 'NONE', #2673 ) ;
#99 = ORIENTED_EDGE ( 'NONE', *, *, #2254, .T. ) ;
#100 = EDGE_CURVE ( 'NONE', #3286, #78, #1878, .T. ) ;
#101 = EDGE_CURVE ( 'NONE', #1877, #2027, #1001, .T. ) ;
#102 = VECTOR ( 'NONE', #4178, 1000.000000000000000 ) ;
#103 = ORIENTED_EDGE ( 'NONE', *, *, #4347, .F. ) ;
#104 = CARTESIAN_POINT ( 'NONE',  ( -0.5150000000000000133, 1.850000000000000089, -1.025000000000000133 ) ) ;
#105 = VECTOR ( 'NONE', #3610, 1000.000000000000000 ) ;
#106 = DIRECTION ( 'NONE',  ( 1.000000000000000000, 0.0000000000000000000, 0.0000000000000000000 ) ) ;
#107 = EDGE_CURVE ( 'NONE', #483, #2694, #2683, .T. ) ;
#108 = EDGE_LOOP ( 'NONE', ( #3186, #248, #4481, #196 ) ) ;
#109 = DIRECTION ( 'NONE',  ( -1.000000000000000000, 0.0000000000000000000, 0.0000000000000000000 ) ) ;
#110 = VERTEX_POINT ( 'NONE', #4151 ) ;
#111 = CARTESIAN_POINT ( 'NONE',  ( 2.274999999999999911, 0.6000000000000024203, 1.375000000000002442 ) ) ;
#112 = CARTESIAN_POINT ( 'NONE',  ( 0.5250000000000000222, 1.350000000000000089, -1.525000000000000133 ) ) ;
#113 = VECTOR ( 'NONE', #953, 1000.000000000000000 ) ;
#114 = ORIENTED_EDGE ( 'NONE', *, *, #3481, .F. ) ;
#115 = EDGE_CURVE ( 'NONE', #3860, #3832, #1602, .T. ) ;
#116 = EDGE_LOOP ( 'NONE', ( #428, #1579, #3327, #1412 ) ) ;
#117 = CARTESIAN_POINT ( 'NONE',  ( -0.7349999999999999867, 1.850000000000000089, -1.025000000000000133 ) ) ;
#118 = ORIENTED_EDGE ( 'NONE', *, *, #506, .F. ) ;
#119 = CARTESIAN_POINT ( 'NONE',  ( 1.175000000000000044, 2.550000000000000266, -1.474999999999999867 ) ) ;
#120 = VECTOR ( 'NONE', #2495, 1000.000000000000000 ) ;
#121 = DIRECTION ( 'NONE',  ( 0.0000000000000000000, 1.000000000000000000, 0.0000000000000000000 ) ) ;
#122 = MECHANICAL_DESIGN_GEOMETRIC_PRESENTATION_REPRESENTATION (  '', ( #3372 ), #3274 ) ;
#123 = ORIENTED_EDGE ( 'NONE', *, *, #2119, .F. ) ;
#124 = LINE ( 'NONE', #214, #1831 ) ;
#125 = CARTESIAN_POINT ( 'NONE',  ( -0.7349999999999999867, 1.000000000000000000, -1.025000000000000133 ) ) ;
#126 = ORIENTED_EDGE ( 'NONE', *, *, #3191, .T. ) ;
#127 = LINE ( 'NONE', #4325, #6 ) ;
#128 = ORIENTED_EDGE ( 'NONE', *, *, #1654, .T. ) ;
#129 = LINE ( 'NONE', #4263, #816 ) ;
#130 = PLANE ( 'NONE',  #430 ) ;
#131 = EDGE_CURVE ( 'NONE', #3215, #205, #4312, .T. ) ;
#132 = LINE ( 'NONE', #3229, #2379 ) ;
#133 = DIRECTION ( 'NONE',  ( 1.000000000000000000, 0.0000000000000000000, -0.0000000000000000000 ) ) ;
#134 = VECTOR ( 'NONE', #3421, 1000.000000000000000 ) ;
#135 = CARTESIAN_POINT ( 'NONE',  ( 0.7349999999999999867, 0.0000000000000000000, -1.474999999999999867 ) ) ;
#136 = EDGE_LOOP ( 'NONE', ( #1496, #610, #840, #4480, #669, #2522, #4184, #3268 ) ) ;
#137 = FACE_OUTER_BOUND ( 'NONE', #2827, .T. ) ;
#138 = EDGE_CURVE ( 'NONE', #3220, #2006, #1706, .T. ) ;
#139 = CARTESIAN_POINT ( 'NONE',  ( -0.7249999999999999778, 1.000000000000000000, 1.525000000000000133 ) ) ;
#140 = VECTOR ( 'NONE', #3318, 1000.000000000000114 ) ;
#141 = PLANE ( 'NONE',  #4064 ) ;
#142 = EDGE_CURVE ( 'NONE', #395, #3526, #3320, .T. ) ;
#143 = ORIENTED_EDGE ( 'NONE', *, *, #1580, .F. ) ;
#144 = LINE ( 'NONE', #3084, #4713 ) ;
#145 = ORIENTED_EDGE ( 'NONE', *, *, #3547, .T. ) ;
#146 = VECTOR ( 'NONE', #121, 1000.000000000000000 ) ;
#147 = ORIENTED_EDGE ( 'NONE', *, *, #1713, .F. ) ;
#148 = DIRECTION ( 'NONE',  ( -1.000000000000000000, 0.0000000000000000000, 0.0000000000000000000 ) ) ;
#149 = VECTOR ( 'NONE', #4371, 1000.000000000000000 ) ;
#150 = VERTEX_POINT ( 'NONE', #4119 ) ;
#151 = ORIENTED_EDGE ( 'NONE', *, *, #1648, .F. ) ;
#152 = CARTESIAN_POINT ( 'NONE',  ( 2.500000000000000000, 4.240000000000000213, -2.024999999999999911 ) ) ;
#153 = EDGE_LOOP ( 'NONE', ( #4125, #783, #222, #4631 ) ) ;
#154 = ORIENTED_EDGE ( 'NONE', *, *, #1162, .F. ) ;
#155 = PLANE ( 'NONE',  #3687 ) ;
#156 = CARTESIAN_POINT ( 'NONE',  ( -2.875000000000000000, 4.250000000000000000, -0.02500000000000000139 ) ) ;
#157 = CARTESIAN_POINT ( 'NONE',  ( 0.7249999999999998668, 0.3500000000000000333, -2.024999999999999911 ) ) ;
#158 = ORIENTED_EDGE ( 'NONE', *, *, #3415, .T. ) ;
#159 = LINE ( 'NONE', #588, #2705 ) ;
#160 = ORIENTED_EDGE ( 'NONE', *, *, #2208, .F. ) ;
#161 = SURFACE_SIDE_STYLE ('',( #4066 ) ) ;
#162 = ORIENTED_EDGE ( 'NONE', *, *, #4128, .F. ) ;
#163 = DIRECTION ( 'NONE',  ( 0.0000000000000000000, 0.0000000000000000000, 1.000000000000000000 ) ) ;
#164 = ORIENTED_EDGE ( 'NONE', *, *, #3269, .T. ) ;
#165 = LINE ( 'NONE', #4439, #339 ) ;
#166 = STYLED_ITEM ( 'NONE', ( #3612 ), #415 ) ;
#167 = VECTOR ( 'NONE', #3472, 1000.000000000000000 ) ;
#168 = ORIENTED_EDGE ( 'NONE', *, *, #1393, .T. ) ;
#169 = LINE ( 'NONE', #1791, #750 ) ;
#170 = LINE ( 'NONE', #2814, #1035 ) ;
#171 = DIRECTION ( 'NONE',  ( 0.0000000000000000000, 0.0000000000000000000, -1.000000000000000000 ) ) ;
#172 = ORIENTED_EDGE ( 'NONE', *, *, #4227, .T. ) ;
#173 = DIRECTION ( 'NONE',  ( -0.0000000000000000000, 0.0000000000000000000, -1.000000000000000000 ) ) ;
#174 = LINE ( 'NONE', #2528, #2037 ) ;
#175 = LINE ( 'NONE', #646, #743 ) ;
#176 = CARTESIAN_POINT ( 'NONE',  ( 2.456138830084189983, 2.250000000000000000, 1.025000000000000133 ) ) ;
#177 = CARTESIAN_POINT ( 'NONE',  ( 1.875000000000000000, 2.550000000000000266, 2.024999999999999911 ) ) ;
#178 = VERTEX_POINT ( 'NONE', #3805 ) ;
#179 = LINE ( 'NONE', #490, #3967 ) ;
#180 = VECTOR ( 'NONE', #570, 1000.000000000000000 ) ;
#181 = FACE_OUTER_BOUND ( 'NONE', #3700, .T. ) ;
#182 = PLANE ( 'NONE',  #3620 ) ;
#183 = DIRECTION ( 'NONE',  ( 0.0000000000000000000, 1.000000000000000000, 0.0000000000000000000 ) ) ;
#184 = EDGE_CURVE ( 'NONE', #3286, #3141, #1470, .T. ) ;
#185 = VECTOR ( 'NONE', #1225, 1000.000000000000000 ) ;
#186 = VECTOR ( 'NONE', #3545, 1000.000000000000000 ) ;
#187 = VERTEX_POINT ( 'NONE', #2647 ) ;
#188 = LINE ( 'NONE', #438, #1055 ) ;
#189 = EDGE_CURVE ( 'NONE', #837, #3424, #1997, .T. ) ;
#190 = DIRECTION ( 'NONE',  ( 0.0000000000000000000, -1.000000000000000000, -3.212450881438532635E-15 ) ) ;
#191 = CARTESIAN_POINT ( 'NONE',  ( 0.8249999999999999556, 1.649999999999999911, -1.474999999999999867 ) ) ;
#192 = ORIENTED_EDGE ( 'NONE', *, *, #409, .T. ) ;
#193 = ORIENTED_EDGE ( 'NONE', *, *, #3017, .T. ) ;
#194 = CARTESIAN_POINT ( 'NONE',  ( 0.7249999999999998668, -0.6500000000000000222, -2.075000000000000178 ) ) ;
#195 = CARTESIAN_POINT ( 'NONE',  ( -0.5250000000000000222, 0.0000000000000000000, 2.024999999999999911 ) ) ;
#196 = ORIENTED_EDGE ( 'NONE', *, *, #651, .F. ) ;
#197 = ORIENTED_EDGE ( 'NONE', *, *, #4443, .T. ) ;
#198 = VECTOR ( 'NONE', #2080, 1000.000000000000000 ) ;
#199 = VERTEX_POINT ( 'NONE', #3758 ) ;
#200 = EDGE_CURVE ( 'NONE', #3566, #2368, #2336, .T. ) ;
#201 = CARTESIAN_POINT ( 'NONE',  ( 2.274999999999999911, 1.950000000000002176, 1.375000000000006883 ) ) ;
#202 = VERTEX_POINT ( 'NONE', #4169 ) ;
#203 = LINE ( 'NONE', #2720, #955 ) ;
#204 = CARTESIAN_POINT ( 'NONE',  ( 0.8750000000000000000, 3.750000000000000000, -2.024999999999999911 ) ) ;
#205 = VERTEX_POINT ( 'NONE', #1946 ) ;
#206 = PLANE ( 'NONE',  #801 ) ;
#207 = EDGE_CURVE ( 'NONE', #3857, #3263, #188, .T. ) ;
#208 = FACE_OUTER_BOUND ( 'NONE', #1469, .T. ) ;
#209 = ORIENTED_EDGE ( 'NONE', *, *, #1894, .T. ) ;
#210 = EDGE_CURVE ( 'NONE', #2719, #1338, #3443, .T. ) ;
#211 = ORIENTED_EDGE ( 'NONE', *, *, #4379, .F. ) ;
#212 = CARTESIAN_POINT ( 'NONE',  ( -0.7249999999999999778, 0.5000000000000000000, 2.024999999999999911 ) ) ;
#213 = VECTOR ( 'NONE', #3723, 1000.000000000000000 ) ;
#214 = CARTESIAN_POINT ( 'NONE',  ( 2.875000000000000000, 1.000000000000000000, -2.024999999999999911 ) ) ;
#215 = DIRECTION ( 'NONE',  ( 0.0000000000000000000, 0.0000000000000000000, -1.000000000000000000 ) ) ;
#216 = ADVANCED_FACE ( 'NONE', ( #2853 ), #1609, .T. ) ;
#217 = EDGE_CURVE ( 'NONE', #4700, #1338, #996, .T. ) ;
#218 = VERTEX_POINT ( 'NONE', #119 ) ;
#219 = CARTESIAN_POINT ( 'NONE',  ( 2.274999999999999911, 8.673617379884035472E-15, -0.2250000000000008105 ) ) ;
#220 = ADVANCED_FACE ( 'NONE', ( #2564 ), #1974, .F. ) ;
#221 = PLANE ( 'NONE',  #547 ) ;
#222 = ORIENTED_EDGE ( 'NONE', *, *, #2378, .F. ) ;
#223 = CARTESIAN_POINT ( 'NONE',  ( -0.8750000000000000000, 2.250000000000000000, 1.505384757699999909 ) ) ;
#224 = EDGE_CURVE ( 'NONE', #1953, #3466, #708, .T. ) ;
#225 = VERTEX_POINT ( 'NONE', #3071 ) ;
#226 = DIRECTION ( 'NONE',  ( -1.000000000000000000, 0.0000000000000000000, 0.0000000000000000000 ) ) ;
#227 = CARTESIAN_POINT ( 'NONE',  ( 2.475000000000000089, 1.999999999999997780, -2.075000000000008615 ) ) ;
#228 = DIRECTION ( 'NONE',  ( 1.000000000000000000, 0.0000000000000000000, 0.0000000000000000000 ) ) ;
#229 = EDGE_CURVE ( 'NONE', #714, #3280, #4082, .T. ) ;
#230 = ORIENTED_EDGE ( 'NONE', *, *, #1546, .F. ) ;
#231 = VECTOR ( 'NONE', #927, 1000.000000000000000 ) ;
#232 = CARTESIAN_POINT ( 'NONE',  ( -2.500000000000000000, 4.240000000000000213, -2.024999999999999911 ) ) ;
#233 = LINE ( 'NONE', #1725, #4132 ) ;
#234 = CARTESIAN_POINT ( 'NONE',  ( -2.500000000000000000, 4.009511388567677415, -0.07499999999999998335 ) ) ;
#235 = LINE ( 'NONE', #740, #4406 ) ;
#236 = EDGE_CURVE ( 'NONE', #903, #187, #1873, .T. ) ;
#237 = ORIENTED_EDGE ( 'NONE', *, *, #4715, .T. ) ;
#238 = CARTESIAN_POINT ( 'NONE',  ( -0.3750000000000000000, 2.250000000000000000, -0.4749999999999999778 ) ) ;
#239 = PRODUCT_DEFINITION ( 'UNKNOWN', '', #894, #818 ) ;
#240 = ORIENTED_EDGE ( 'NONE', *, *, #3326, .T. ) ;
#241 = CARTESIAN_POINT ( 'NONE',  ( -0.5250000000000000222, 1.000000000000000000, -1.525000000000000133 ) ) ;
#242 = EDGE_CURVE ( 'NONE', #2535, #4389, #1113, .T. ) ;
#243 = ADVANCED_FACE ( 'NONE', ( #3851 ), #3096, .T. ) ;
#244 = VECTOR ( 'NONE', #3698, 1000.000000000000000 ) ;
#245 = CARTESIAN_POINT ( 'NONE',  ( 2.024999999999999911, 4.240000000000000213, -1.925000000000000933 ) ) ;
#246 = DIRECTION ( 'NONE',  ( 0.0000000000000000000, 0.0000000000000000000, 1.000000000000000000 ) ) ;
#247 = LINE ( 'NONE', #3681, #4479 ) ;
#248 = ORIENTED_EDGE ( 'NONE', *, *, #1960, .T. ) ;
#249 = DIRECTION ( 'NONE',  ( 0.0000000000000000000, 0.0000000000000000000, -1.000000000000000000 ) ) ;
#250 = EDGE_CURVE ( 'NONE', #3854, #1373, #144, .T. ) ;
#251 = LINE ( 'NONE', #4762, #2855 ) ;
#252 = EDGE_CURVE ( 'NONE', #2058, #359, #3203, .T. ) ;
#253 = EDGE_CURVE ( 'NONE', #2653, #1950, #2736, .T. ) ;
#254 = ORIENTED_EDGE ( 'NONE', *, *, #1282, .T. ) ;
#255 = ORIENTED_EDGE ( 'NONE', *, *, #451, .T. ) ;
#256 = CARTESIAN_POINT ( 'NONE',  ( -2.024999999999999911, 4.250000000000000000, -1.925000000000000044 ) ) ;
#257 = CARTESIAN_POINT ( 'NONE',  ( -2.274999999999999911, 3.600000000000000977, -1.425000000000000044 ) ) ;
#258 = ORIENTED_EDGE ( 'NONE', *, *, #2441, .T. ) ;
#259 = CARTESIAN_POINT ( 'NONE',  ( 0.5150000000000000133, 1.000000000000000000, -1.525000000000000133 ) ) ;
#260 = CARTESIAN_POINT ( 'NONE',  ( -0.5250000000000000222, -0.6500000000000000222, -1.775000000000000133 ) ) ;
#261 = EDGE_LOOP ( 'NONE', ( #1216, #4649, #609, #4028 ) ) ;
#262 = FACE_OUTER_BOUND ( 'NONE', #1098, .T. ) ;
#263 = AXIS2_PLACEMENT_3D ( 'NONE', #4528, #2728, #4582 ) ;
#264 = EDGE_LOOP ( 'NONE', ( #1806, #1554, #1688, #4737 ) ) ;
#265 = VERTEX_POINT ( 'NONE', #499 ) ;
#266 = ORIENTED_EDGE ( 'NONE', *, *, #804, .F. ) ;
#267 = LINE ( 'NONE', #938, #4680 ) ;
#268 = ORIENTED_EDGE ( 'NONE', *, *, #3645, .T. ) ;
#269 = ORIENTED_EDGE ( 'NONE', *, *, #2030, .F. ) ;
#270 = VECTOR ( 'NONE', #3774, 1000.000000000000000 ) ;
#271 = ORIENTED_EDGE ( 'NONE', *, *, #1367, .F. ) ;
#272 = DIRECTION ( 'NONE',  ( -1.000000000000000000, 0.0000000000000000000, 0.0000000000000000000 ) ) ;
#273 = PLANE ( 'NONE',  #3567 ) ;
#274 = EDGE_CURVE ( 'NONE', #3294, #4504, #3038, .T. ) ;
#275 = ORIENTED_EDGE ( 'NONE', *, *, #2457, .T. ) ;
#276 = VECTOR ( 'NONE', #3750, 1000.000000000000000 ) ;
#277 = EDGE_CURVE ( 'NONE', #4332, #1601, #1761, .T. ) ;
#278 = CARTESIAN_POINT ( 'NONE',  ( -0.7349999999999999867, 1.649999999999999911, -1.474999999999999867 ) ) ;
#279 = EDGE_LOOP ( 'NONE', ( #4228, #2740, #2540, #1537 ) ) ;
#280 = SHAPE_DEFINITION_REPRESENTATION ( #2672, #2280 ) ;
#281 = EDGE_CURVE ( 'NONE', #2892, #4700, #87, .T. ) ;
#282 = ADVANCED_FACE ( 'NONE', ( #2274 ), #1543, .F. ) ;
#283 = VECTOR ( 'NONE', #3654, 1000.000000000000000 ) ;
#284 = VECTOR ( 'NONE', #527, 1000.000000000000000 ) ;
#285 = DIRECTION ( 'NONE',  ( -1.000000000000000000, 0.0000000000000000000, 0.0000000000000000000 ) ) ;
#286 = ORIENTED_EDGE ( 'NONE', *, *, #683, .T. ) ;
#287 = FACE_OUTER_BOUND ( 'NONE', #2707, .T. ) ;
#288 = ADVANCED_FACE ( 'NONE', ( #3732 ), #749, .T. ) ;
#289 = CARTESIAN_POINT ( 'NONE',  ( 0.5150000000000000133, 1.000000000000000000, -1.025000000000000133 ) ) ;
#290 = DIRECTION ( 'NONE',  ( -1.000000000000000000, 0.0000000000000000000, 0.0000000000000000000 ) ) ;
#291 = ORIENTED_EDGE ( 'NONE', *, *, #2609, .T. ) ;
#292 = DIRECTION ( 'NONE',  ( -1.000000000000000000, 0.0000000000000000000, 0.0000000000000000000 ) ) ;
#293 = VECTOR ( 'NONE', #987, 1000.000000000000000 ) ;
#294 = EDGE_CURVE ( 'NONE', #2166, #3215, #2559, .T. ) ;
#295 = FACE_OUTER_BOUND ( 'NONE', #1007, .T. ) ;
#296 = VERTEX_POINT ( 'NONE', #4130 ) ;
#297 = FACE_OUTER_BOUND ( 'NONE', #546, .T. ) ;
#298 = EDGE_LOOP ( 'NONE', ( #2967, #192, #497, #1924 ) ) ;
#299 = VECTOR ( 'NONE', #1237, 1000.000000000000000 ) ;
#300 = EDGE_CURVE ( 'NONE', #3031, #3442, #484, .T. ) ;
#301 = EDGE_CURVE ( 'NONE', #333, #1720, #2446, .T. ) ;
#302 = CARTESIAN_POINT ( 'NONE',  ( 0.0000000000000000000, 1.000000000000000000, -1.474999999999999867 ) ) ;
#303 = VECTOR ( 'NONE', #2453, 1000.000000000000000 ) ;
#304 =( NAMED_UNIT ( * ) SI_UNIT ( $, .STERADIAN. ) SOLID_ANGLE_UNIT ( ) );
#305 = ORIENTED_EDGE ( 'NONE', *, *, #4059, .F. ) ;
#306 = VECTOR ( 'NONE', #1146, 1000.000000000000000 ) ;
#307 = CARTESIAN_POINT ( 'NONE',  ( 0.7249999999999999778, 0.5000000000000000000, -1.525000000000000133 ) ) ;
#308 = CARTESIAN_POINT ( 'NONE',  ( -2.875000000000000000, 0.6000000000000076383, -0.2249999999999982014 ) ) ;
#309 = CARTESIAN_POINT ( 'NONE',  ( 0.7249999999999999778, 1.350000000000000089, -1.525000000000000133 ) ) ;
#310 = VERTEX_POINT ( 'NONE', #112 ) ;
#311 = ORIENTED_EDGE ( 'NONE', *, *, #4685, .T. ) ;
#312 = EDGE_LOOP ( 'NONE', ( #2633, #504, #3345, #937 ) ) ;
#313 = CARTESIAN_POINT ( 'NONE',  ( -2.274999999999999911, 3.600000000000000977, -1.425000000000000044 ) ) ;
#314 = ADVANCED_FACE ( 'NONE', ( #1937 ), #2320, .F. ) ;
#315 = LINE ( 'NONE', #2863, #721 ) ;
#316 = ORIENTED_EDGE ( 'NONE', *, *, #950, .T. ) ;
#317 = DIRECTION ( 'NONE',  ( 0.0000000000000000000, 0.0000000000000000000, -1.000000000000000000 ) ) ;
#318 = AXIS2_PLACEMENT_3D ( 'NONE', #1928, #1218, #4503 ) ;
#319 = ORIENTED_EDGE ( 'NONE', *, *, #478, .T. ) ;
#320 = VECTOR ( 'NONE', #3787, 1000.000000000000000 ) ;
#321 = ORIENTED_EDGE ( 'NONE', *, *, #2489, .F. ) ;
#322 = CARTESIAN_POINT ( 'NONE',  ( -0.7349999999999999867, 1.649999999999999911, -1.698606797699999893 ) ) ;
#323 = VECTOR ( 'NONE', #342, 1000.000000000000000 ) ;
#324 = DIRECTION ( 'NONE',  ( 0.0000000000000000000, 0.0000000000000000000, 1.000000000000000000 ) ) ;
#325 = DIRECTION ( 'NONE',  ( 0.0000000000000000000, -1.000000000000000000, 0.0000000000000000000 ) ) ;
#326 = EDGE_LOOP ( 'NONE', ( #2233, #3059, #3807, #3574, #1730, #86, #1891, #3740 ) ) ;
#327 = AXIS2_PLACEMENT_3D ( 'NONE', #4521, #406, #803 ) ;
#328 = ORIENTED_EDGE ( 'NONE', *, *, #4164, .F. ) ;
#329 = LINE ( 'NONE', #2612, #3235 ) ;
#330 = ORIENTED_EDGE ( 'NONE', *, *, #1122, .F. ) ;
#331 = EDGE_CURVE ( 'NONE', #3917, #2058, #2330, .T. ) ;
#332 = MECHANICAL_DESIGN_GEOMETRIC_PRESENTATION_REPRESENTATION (  '', ( #1148 ), #583 ) ;
#333 = VERTEX_POINT ( 'NONE', #241 ) ;
#334 = CARTESIAN_POINT ( 'NONE',  ( 2.274999999999999911, 2.250000000000000000, -2.024999999999999911 ) ) ;
#335 = CARTESIAN_POINT ( 'NONE',  ( 0.5250000000000000222, 0.5547525681000000652, 2.024999999999999911 ) ) ;
#336 = LINE ( 'NONE', #4587, #854 ) ;
#337 = EDGE_CURVE ( 'NONE', #2812, #3541, #3616, .T. ) ;
#338 = ORIENTED_EDGE ( 'NONE', *, *, #4352, .F. ) ;
#339 = VECTOR ( 'NONE', #4109, 1000.000000000000000 ) ;
#340 = CARTESIAN_POINT ( 'NONE',  ( -2.274999999999999911, 1.949999999999999512, 2.025000000000007017 ) ) ;
#341 = PLANE ( 'NONE',  #3985 ) ;
#342 = DIRECTION ( 'NONE',  ( 1.000000000000000000, 0.0000000000000000000, 0.0000000000000000000 ) ) ;
#343 = EDGE_CURVE ( 'NONE', #544, #4372, #2164, .T. ) ;
#344 = LINE ( 'NONE', #706, #3184 ) ;
#345 = ORIENTED_EDGE ( 'NONE', *, *, #3845, .F. ) ;
#346 = MANIFOLD_SOLID_BREP ( 'Combine1', #1144 ) ;
#347 = CARTESIAN_POINT ( 'NONE',  ( 2.274999999999999911, 2.000000000000000000, -2.024999999999999911 ) ) ;
#348 = EDGE_CURVE ( 'NONE', #3491, #4527, #4477, .T. ) ;
#349 = CARTESIAN_POINT ( 'NONE',  ( -0.5250000000000000222, 0.0000000000000000000, 0.0000000000000000000 ) ) ;
#350 = LINE ( 'NONE', #2510, #4643 ) ;
#351 = VECTOR ( 'NONE', #565, 1000.000000000000000 ) ;
#352 = PLANE ( 'NONE',  #552 ) ;
#353 = CARTESIAN_POINT ( 'NONE',  ( -0.4249999999999999889, 1.850000000000000089, -1.698606797699999893 ) ) ;
#354 = FACE_OUTER_BOUND ( 'NONE', #457, .T. ) ;
#355 = PLANE ( 'NONE',  #881 ) ;
#356 = CARTESIAN_POINT ( 'NONE',  ( 1.375000000000000000, 3.750000000000000000, -2.024999999999999911 ) ) ;
#357 = CARTESIAN_POINT ( 'NONE',  ( -1.375000000000000000, 3.149999999999999911, 0.02500000000000000139 ) ) ;
#358 = LINE ( 'NONE', #4572, #2501 ) ;
#359 = VERTEX_POINT ( 'NONE', #3554 ) ;
#360 = LINE ( 'NONE', #1620, #185 ) ;
#361 = LINE ( 'NONE', #194, #1589 ) ;
#362 = ORIENTED_EDGE ( 'NONE', *, *, #3771, .T. ) ;
#363 = AXIS2_PLACEMENT_3D ( 'NONE', #2163, #4344, #2490 ) ;
#364 = CARTESIAN_POINT ( 'NONE',  ( -2.875000000000000000, 3.600000000000000977, -0.07499999999999998335 ) ) ;
#365 = FACE_OUTER_BOUND ( 'NONE', #2305, .T. ) ;
#366 = LINE ( 'NONE', #4288, #2856 ) ;
#367 = VERTEX_POINT ( 'NONE', #3986 ) ;
#368 = EDGE_CURVE ( 'NONE', #91, #3411, #2499, .T. ) ;
#369 = ORIENTED_EDGE ( 'NONE', *, *, #859, .F. ) ;
#370 = EDGE_CURVE ( 'NONE', #3969, #1428, #3660, .T. ) ;
#371 = DIRECTION ( 'NONE',  ( 0.0000000000000000000, 1.000000000000000000, 0.0000000000000000000 ) ) ;
#372 = CARTESIAN_POINT ( 'NONE',  ( -0.4249999999999999889, 1.649999999999999911, -1.698606797699999893 ) ) ;
#373 = EDGE_LOOP ( 'NONE', ( #400, #4255, #4627, #255, #2242, #2599, #1516 ) ) ;
#374 = ORIENTED_EDGE ( 'NONE', *, *, #1495, .T. ) ;
#375 = CARTESIAN_POINT ( 'NONE',  ( 2.456138830084189983, 2.750000000000000000, -0.4749999999999999778 ) ) ;
#376 = CARTESIAN_POINT ( 'NONE',  ( -0.5150000000000000133, 1.000000000000000000, -1.474999999999999867 ) ) ;
#377 = ORIENTED_EDGE ( 'NONE', *, *, #4570, .T. ) ;
#378 = CARTESIAN_POINT ( 'NONE',  ( 2.274999999999999911, 8.673617379884035472E-15, -0.2250000000000008105 ) ) ;
#379 = VECTOR ( 'NONE', #4475, 1000.000000000000000 ) ;
#380 = EDGE_CURVE ( 'NONE', #653, #549, #1529, .T. ) ;
#381 = ORIENTED_EDGE ( 'NONE', *, *, #3694, .F. ) ;
#382 = EDGE_CURVE ( 'NONE', #2871, #110, #1045, .T. ) ;
#383 = ORIENTED_EDGE ( 'NONE', *, *, #1951, .T. ) ;
#384 = LINE ( 'NONE', #2750, #2351 ) ;
#385 = ORIENTED_EDGE ( 'NONE', *, *, #300, .F. ) ;
#386 = LINE ( 'NONE', #2884, #2471 ) ;
#387 = ADVANCED_FACE ( 'NONE', ( #297 ), #1046, .T. ) ;
#388 = ORIENTED_EDGE ( 'NONE', *, *, #79, .T. ) ;
#389 = CARTESIAN_POINT ( 'NONE',  ( 0.8750000000000000000, 2.250000000000000000, -2.024999999999999911 ) ) ;
#390 = DIRECTION ( 'NONE',  ( 1.000000000000000000, 0.0000000000000000000, 0.0000000000000000000 ) ) ;
#391 = AXIS2_PLACEMENT_3D ( 'NONE', #795, #2283, #2591 ) ;
#392 = EDGE_LOOP ( 'NONE', ( #118, #716, #3430, #3580 ) ) ;
#393 = DIRECTION ( 'NONE',  ( -1.000000000000000000, -0.0000000000000000000, -0.0000000000000000000 ) ) ;
#394 = LINE ( 'NONE', #3180, #2874 ) ;
#395 = VERTEX_POINT ( 'NONE', #1503 ) ;
#396 = ADVANCED_FACE ( 'NONE', ( #181 ), #1187, .F. ) ;
#397 = CARTESIAN_POINT ( 'NONE',  ( -2.475000000000000089, 3.599999999999999201, -0.07500000000000128786 ) ) ;
#398 = CARTESIAN_POINT ( 'NONE',  ( -0.7249999999999999778, 1.649999999999999911, 2.024999999999999911 ) ) ;
#399 = CARTESIAN_POINT ( 'NONE',  ( 2.024999999999999911, 4.240000000000000213, -1.925000000000000933 ) ) ;
#400 = ORIENTED_EDGE ( 'NONE', *, *, #4595, .T. ) ;
#401 = CARTESIAN_POINT ( 'NONE',  ( -0.5250000000000000222, 1.000000000000000000, -1.525000000000000133 ) ) ;
#402 = CARTESIAN_POINT ( 'NONE',  ( 2.274999999999999911, 3.600000000000000977, -0.07499999999999998335 ) ) ;
#403 = LINE ( 'NONE', #473, #2419 ) ;
#404 = VERTEX_POINT ( 'NONE', #742 ) ;
#405 = FACE_OUTER_BOUND ( 'NONE', #2879, .T. ) ;
#406 = DIRECTION ( 'NONE',  ( -1.000000000000000000, -0.0000000000000000000, 0.0000000000000000000 ) ) ;
#407 = ORIENTED_EDGE ( 'NONE', *, *, #2602, .T. ) ;
#408 = EDGE_CURVE ( 'NONE', #367, #2387, #992, .T. ) ;
#409 = EDGE_CURVE ( 'NONE', #1787, #1872, #1931, .T. ) ;
#410 = DIRECTION ( 'NONE',  ( 0.0000000000000000000, -4.003208021484939327E-15, 1.000000000000000000 ) ) ;
#411 = VECTOR ( 'NONE', #1742, 1000.000000000000000 ) ;
#412 = CARTESIAN_POINT ( 'NONE',  ( 0.8249999999999999556, 1.850000000000000089, 2.024999999999999911 ) ) ;
#413 = PLANE ( 'NONE',  #1446 ) ;
#414 = CARTESIAN_POINT ( 'NONE',  ( -0.3750000000000000000, 2.250000000000000000, 1.025000000000000133 ) ) ;
#415 = MANIFOLD_SOLID_BREP ( 'Combine2', #4099 ) ;
#416 = ORIENTED_EDGE ( 'NONE', *, *, #2846, .T. ) ;
#417 = VECTOR ( 'NONE', #3878, 1000.000000000000000 ) ;
#418 = DIRECTION ( 'NONE',  ( 0.0000000000000000000, -0.3162277660168379967, 0.9486832980505137680 ) ) ;
#419 = ADVANCED_FACE ( 'NONE', ( #137 ), #3393, .T. ) ;
#420 = DIRECTION ( 'NONE',  ( 0.0000000000000000000, 1.000000000000000000, 0.0000000000000000000 ) ) ;
#421 = LINE ( 'NONE', #1063, #2784 ) ;
#422 = MECHANICAL_DESIGN_GEOMETRIC_PRESENTATION_REPRESENTATION (  '', ( #166 ), #1729 ) ;
#423 = FACE_OUTER_BOUND ( 'NONE', #943, .T. ) ;
#424 = CLOSED_SHELL ( 'NONE', ( #220, #3231, #3304, #2076, #1, #2523, #387, #2127 ) ) ;
#425 = VECTOR ( 'NONE', #1573, 1000.000000000000000 ) ;
#426 = CARTESIAN_POINT ( 'NONE',  ( -2.274999999999999911, 3.600000000000000089, -1.425000000000000933 ) ) ;
#427 = SURFACE_STYLE_USAGE ( .BOTH. , #3011 ) ;
#428 = ORIENTED_EDGE ( 'NONE', *, *, #217, .T. ) ;
#429 = VERTEX_POINT ( 'NONE', #2315 ) ;
#430 = AXIS2_PLACEMENT_3D ( 'NONE', #4548, #2709, #3070 ) ;
#431 = CARTESIAN_POINT ( 'NONE',  ( -2.875000000000000000, 0.0000000000000000000, 2.024999999999999911 ) ) ;
#432 = LINE ( 'NONE', #4225, #4195 ) ;
#433 = ORIENTED_EDGE ( 'NONE', *, *, #4472, .F. ) ;
#434 = PRESENTATION_LAYER_ASSIGNMENT (  '', '', ( #1148 ) ) ;
#435 = ORIENTED_EDGE ( 'NONE', *, *, #4593, .T. ) ;
#436 = DIRECTION ( 'NONE',  ( -0.0000000000000000000, 1.000000000000000000, 0.0000000000000000000 ) ) ;
#437 = ORIENTED_EDGE ( 'NONE', *, *, #2329, .F. ) ;
#438 = CARTESIAN_POINT ( 'NONE',  ( -0.5250000000000000222, 1.315130797599999957, 1.171117220399999770 ) ) ;
#439 = ADVANCED_FACE ( 'NONE', ( #354 ), #3153, .T. ) ;
#440 = FACE_OUTER_BOUND ( 'NONE', #1914, .T. ) ;
#441 = EDGE_CURVE ( 'NONE', #2235, #4237, #1986, .T. ) ;
#442 = VERTEX_POINT ( 'NONE', #2942 ) ;
#443 = CARTESIAN_POINT ( 'NONE',  ( -2.875000000000000000, 1.949999999999999512, 2.025000000000007017 ) ) ;
#444 = CARTESIAN_POINT ( 'NONE',  ( 1.875000000000000000, 1.850000000000000089, -1.474999999999999867 ) ) ;
#445 = VERTEX_POINT ( 'NONE', #755 ) ;
#446 = EDGE_CURVE ( 'NONE', #4743, #2318, #1862, .T. ) ;
#447 = VECTOR ( 'NONE', #1363, 1000.000000000000000 ) ;
#448 = EDGE_LOOP ( 'NONE', ( #829, #1623, #4753, #4202, #38, #3789 ) ) ;
#449 =( NAMED_UNIT ( * ) SI_UNIT ( $, .STERADIAN. ) SOLID_ANGLE_UNIT ( ) );
#450 = VERTEX_POINT ( 'NONE', #2992 ) ;
#451 = EDGE_CURVE ( 'NONE', #657, #1919, #4298, .T. ) ;
#452 = ORIENTED_EDGE ( 'NONE', *, *, #3454, .F. ) ;
#453 = VECTOR ( 'NONE', #2929, 1000.000000000000000 ) ;
#454 = DIRECTION ( 'NONE',  ( 1.000000000000000000, 0.0000000000000000000, 0.0000000000000000000 ) ) ;
#455 = VERTEX_POINT ( 'NONE', #2618 ) ;
#456 = DIRECTION ( 'NONE',  ( 0.0000000000000000000, 0.0000000000000000000, -1.000000000000000000 ) ) ;
#457 = EDGE_LOOP ( 'NONE', ( #4293, #374, #3202, #1479 ) ) ;
#458 = VECTOR ( 'NONE', #2010, 1000.000000000000000 ) ;
#459 = CARTESIAN_POINT ( 'NONE',  ( 0.7349999999999999867, 1.649999999999999911, -1.698606797699999893 ) ) ;
#460 = ORIENTED_EDGE ( 'NONE', *, *, #3265, .T. ) ;
#461 = DIRECTION ( 'NONE',  ( 1.000000000000000000, 0.0000000000000000000, 0.0000000000000000000 ) ) ;
#462 = CARTESIAN_POINT ( 'NONE',  ( -1.175000000000000044, 2.550000000000000266, -1.474999999999999867 ) ) ;
#463 = DIRECTION ( 'NONE',  ( -1.000000000000000000, -0.0000000000000000000, 0.0000000000000000000 ) ) ;
#464 = ORIENTED_EDGE ( 'NONE', *, *, #3102, .F. ) ;
#465 = LINE ( 'NONE', #3595, #3644 ) ;
#466 = DIRECTION ( 'NONE',  ( 0.0000000000000000000, 1.000000000000000000, 0.0000000000000000000 ) ) ;
#467 = CARTESIAN_POINT ( 'NONE',  ( 2.274999999999999911, 1.999999999999998668, -1.425000000000000933 ) ) ;
#468 = DIRECTION ( 'NONE',  ( 0.0000000000000000000, 1.000000000000000000, 0.0000000000000000000 ) ) ;
#469 = FACE_OUTER_BOUND ( 'NONE', #51, .T. ) ;
#470 = AXIS2_PLACEMENT_3D ( 'NONE', #952, #4638, #2101 ) ;
#471 = ORIENTED_EDGE ( 'NONE', *, *, #2822, .T. ) ;
#472 = VECTOR ( 'NONE', #2150, 1000.000000000000000 ) ;
#473 = CARTESIAN_POINT ( 'NONE',  ( 2.274999999999999911, 3.600000000000000977, -0.07499999999999998335 ) ) ;
#474 = DIRECTION ( 'NONE',  ( 0.0000000000000000000, 0.0000000000000000000, -1.000000000000000000 ) ) ;
#475 = ORIENTED_EDGE ( 'NONE', *, *, #3175, .T. ) ;
#476 = VECTOR ( 'NONE', #4061, 1000.000000000000000 ) ;
#477 = ORIENTED_EDGE ( 'NONE', *, *, #2421, .F. ) ;
#478 = EDGE_CURVE ( 'NONE', #3541, #3294, #3782, .T. ) ;
#479 = DIRECTION ( 'NONE',  ( 1.000000000000000000, 0.0000000000000000000, 0.0000000000000000000 ) ) ;
#480 = DIRECTION ( 'NONE',  ( 0.0000000000000000000, -1.000000000000000000, 0.0000000000000000000 ) ) ;
#481 = EDGE_CURVE ( 'NONE', #3706, #2130, #2555, .T. ) ;
#482 = FACE_OUTER_BOUND ( 'NONE', #2768, .T. ) ;
#483 = VERTEX_POINT ( 'NONE', #3302 ) ;
#484 = LINE ( 'NONE', #2222, #4651 ) ;
#485 = CARTESIAN_POINT ( 'NONE',  ( -0.5250000000000000222, 0.0000000000000000000, -1.525000000000000133 ) ) ;
#486 = LINE ( 'NONE', #3953, #4363 ) ;
#487 = ORIENTED_EDGE ( 'NONE', *, *, #4774, .F. ) ;
#488 = VECTOR ( 'NONE', #4594, 1000.000000000000000 ) ;
#489 = CARTESIAN_POINT ( 'NONE',  ( 1.875000000000000000, 2.550000000000000266, -1.474999999999999867 ) ) ;
#490 = CARTESIAN_POINT ( 'NONE',  ( -0.5250000000000000222, 0.3499999999999999778, -2.075000000000000178 ) ) ;
#491 = LINE ( 'NONE', #1597, #146 ) ;
#492 = VERTEX_POINT ( 'NONE', #1880 ) ;
#493 = DIRECTION ( 'NONE',  ( 0.0000000000000000000, 0.0000000000000000000, 1.000000000000000000 ) ) ;
#494 = CARTESIAN_POINT ( 'NONE',  ( 2.875000000000000000, 1.000000000000000000, -2.024999999999999911 ) ) ;
#495 = VECTOR ( 'NONE', #4415, 1000.000000000000000 ) ;
#496 =( NAMED_UNIT ( * ) PLANE_ANGLE_UNIT ( ) SI_UNIT ( $, .RADIAN. ) );
#497 = ORIENTED_EDGE ( 'NONE', *, *, #4322, .T. ) ;
#498 = VECTOR ( 'NONE', #163, 1000.000000000000000 ) ;
#499 = CARTESIAN_POINT ( 'NONE',  ( -2.875000000000000000, 4.250000000000000000, 2.024999999999999911 ) ) ;
#500 = ORIENTED_EDGE ( 'NONE', *, *, #2293, .T. ) ;
#501 = ORIENTED_EDGE ( 'NONE', *, *, #2119, .T. ) ;
#502 = ADVANCED_FACE ( 'NONE', ( #4305 ), #4416, .T. ) ;
#503 = LINE ( 'NONE', #780, #3748 ) ;
#504 = ORIENTED_EDGE ( 'NONE', *, *, #229, .T. ) ;
#505 = VECTOR ( 'NONE', #4442, 1000.000000000000000 ) ;
#506 = EDGE_CURVE ( 'NONE', #2631, #2656, #235, .T. ) ;
#507 = CARTESIAN_POINT ( 'NONE',  ( -0.5250000000000000222, 0.3500000000000000333, -2.024999999999999911 ) ) ;
#508 = VERTEX_POINT ( 'NONE', #4054 ) ;
#509 = CARTESIAN_POINT ( 'NONE',  ( -0.7249999999999999778, 1.850000000000000089, -2.024999999999999911 ) ) ;
#510 = VERTEX_POINT ( 'NONE', #1460 ) ;
#511 = EDGE_LOOP ( 'NONE', ( #2604, #2921, #3050, #1907 ) ) ;
#512 = CARTESIAN_POINT ( 'NONE',  ( -2.274999999999999911, 1.949999999999999512, 2.025000000000007017 ) ) ;
#513 = LINE ( 'NONE', #2024, #3060 ) ;
#514 = CARTESIAN_POINT ( 'NONE',  ( 0.7249999999999999778, 1.000000000000000000, -1.525000000000000133 ) ) ;
#515 = ADVANCED_FACE ( 'NONE', ( #2611 ), #3710, .T. ) ;
#516 = LINE ( 'NONE', #1435, #573 ) ;
#517 = VECTOR ( 'NONE', #1812, 1000.000000000000000 ) ;
#518 = ORIENTED_EDGE ( 'NONE', *, *, #4306, .T. ) ;
#519 = EDGE_CURVE ( 'NONE', #4728, #2347, #4471, .T. ) ;
#520 = ORIENTED_EDGE ( 'NONE', *, *, #2713, .F. ) ;
#521 = CARTESIAN_POINT ( 'NONE',  ( -2.274999999999999911, 3.600000000000000977, -1.425000000000000044 ) ) ;
#522 = DIRECTION ( 'NONE',  ( 0.0000000000000000000, 1.000000000000000000, 0.0000000000000000000 ) ) ;
#524 = AXIS2_PLACEMENT_3D ( 'NONE', #3404, #4156, #3450 ) ;
#523 =( LENGTH_UNIT ( ) NAMED_UNIT ( * ) SI_UNIT ( .MILLI., .METRE. ) );
#525 = ADVANCED_FACE ( 'NONE', ( #14, #1400, #1752, #3840, #3722 ), #1476, .F. ) ;
#526 = ORIENTED_EDGE ( 'NONE', *, *, #1367, .T. ) ;
#527 = DIRECTION ( 'NONE',  ( 0.0000000000000000000, -1.000000000000000000, 0.0000000000000000000 ) ) ;
#528 = DIRECTION ( 'NONE',  ( -1.000000000000000000, 0.0000000000000000000, 0.0000000000000000000 ) ) ;
#529 = LINE ( 'NONE', #2390, #4350 ) ;
#530 = ORIENTED_EDGE ( 'NONE', *, *, #408, .T. ) ;
#531 = VECTOR ( 'NONE', #2201, 1000.000000000000000 ) ;
#532 = EDGE_CURVE ( 'NONE', #3917, #1877, #4586, .T. ) ;
#533 = PLANE ( 'NONE',  #1095 ) ;
#534 = VECTOR ( 'NONE', #1298, 1000.000000000000000 ) ;
#535 = ORIENTED_EDGE ( 'NONE', *, *, #1081, .F. ) ;
#536 = CARTESIAN_POINT ( 'NONE',  ( -0.5250000000000000222, 0.0000000000000000000, -1.525000000000000133 ) ) ;
#537 = ADVANCED_FACE ( 'NONE', ( #758 ), #39, .T. ) ;
#538 = EDGE_CURVE ( 'NONE', #2064, #3835, #1284, .T. ) ;
#539 = DIRECTION ( 'NONE',  ( -1.000000000000000000, 0.0000000000000000000, 0.0000000000000000000 ) ) ;
#540 = PLANE ( 'NONE',  #1390 ) ;
#541 = VERTEX_POINT ( 'NONE', #3696 ) ;
#542 = EDGE_LOOP ( 'NONE', ( #2059, #3314, #1288, #694 ) ) ;
#543 = LINE ( 'NONE', #156, #4310 ) ;
#544 = VERTEX_POINT ( 'NONE', #3728 ) ;
#545 = CARTESIAN_POINT ( 'NONE',  ( -0.5250000000000000222, 1.000000000000000000, 1.525000000000000133 ) ) ;
#546 = EDGE_LOOP ( 'NONE', ( #1628, #3810, #564, #2170, #2171, #4201 ) ) ;
#547 = AXIS2_PLACEMENT_3D ( 'NONE', #4309, #2825, #2060 ) ;
#548 = LINE ( 'NONE', #443, #3092 ) ;
#549 = VERTEX_POINT ( 'NONE', #3370 ) ;
#550 = CARTESIAN_POINT ( 'NONE',  ( 2.274999999999999911, 4.240000000000000213, 0.0000000000000000000 ) ) ;
#551 = VECTOR ( 'NONE', #1026, 1000.000000000000000 ) ;
#552 = AXIS2_PLACEMENT_3D ( 'NONE', #2974, #2941, #2634 ) ;
#553 = ORIENTED_EDGE ( 'NONE', *, *, #1123, .F. ) ;
#554 = CARTESIAN_POINT ( 'NONE',  ( -2.274999999999999911, 1.950000000000002176, 1.375000000000006883 ) ) ;
#555 = EDGE_CURVE ( 'NONE', #1418, #933, #1524, .T. ) ;
#556 = EDGE_CURVE ( 'NONE', #1087, #4743, #4301, .T. ) ;
#557 = ORIENTED_EDGE ( 'NONE', *, *, #1981, .T. ) ;
#558 = CARTESIAN_POINT ( 'NONE',  ( -1.875000000000000000, 1.850000000000000089, -1.474999999999999867 ) ) ;
#559 = CARTESIAN_POINT ( 'NONE',  ( 2.274999999999999911, 3.599999999999999201, -0.07500000000000128786 ) ) ;
#560 = CARTESIAN_POINT ( 'NONE',  ( -0.7249999999999999778, -0.6500000000000000222, -1.775000000000000133 ) ) ;
#561 = VERTEX_POINT ( 'NONE', #3118 ) ;
#562 = VERTEX_POINT ( 'NONE', #902 ) ;
#563 = VECTOR ( 'NONE', #1778, 1000.000000000000000 ) ;
#564 = ORIENTED_EDGE ( 'NONE', *, *, #4123, .T. ) ;
#565 = DIRECTION ( 'NONE',  ( 1.000000000000000000, 0.0000000000000000000, 0.0000000000000000000 ) ) ;
#566 = ADVANCED_FACE ( 'NONE', ( #4758, #3657, #3546, #2096 ), #3503, .F. ) ;
#567 = EDGE_LOOP ( 'NONE', ( #2924, #3196, #1885, #4364 ) ) ;
#568 = VECTOR ( 'NONE', #1682, 1000.000000000000000 ) ;
#569 = ORIENTED_EDGE ( 'NONE', *, *, #1107, .T. ) ;
#570 = DIRECTION ( 'NONE',  ( 1.000000000000000000, 0.0000000000000000000, 0.0000000000000000000 ) ) ;
#571 = CARTESIAN_POINT ( 'NONE',  ( 0.7349999999999999867, 1.850000000000000089, -1.025000000000000133 ) ) ;
#572 = ORIENTED_EDGE ( 'NONE', *, *, #929, .F. ) ;
#573 = VECTOR ( 'NONE', #627, 1000.000000000000000 ) ;
#574 = CARTESIAN_POINT ( 'NONE',  ( 2.274999999999999911, 3.599999999999999201, -0.07500000000000128786 ) ) ;
#575 = ORIENTED_EDGE ( 'NONE', *, *, #3763, .T. ) ;
#576 = FACE_OUTER_BOUND ( 'NONE', #4276, .T. ) ;
#577 = PRESENTATION_LAYER_ASSIGNMENT (  '', '', ( #4493 ) ) ;
#578 = CARTESIAN_POINT ( 'NONE',  ( -1.875000000000000000, 3.149999999999999911, -2.024999999999999911 ) ) ;
#579 = VERTEX_POINT ( 'NONE', #2661 ) ;
#580 = ADVANCED_FACE ( 'NONE', ( #1101 ), #3762, .T. ) ;
#581 = VECTOR ( 'NONE', #959, 1000.000000000000000 ) ;
#582 = FACE_OUTER_BOUND ( 'NONE', #312, .T. ) ;
#583 =( GEOMETRIC_REPRESENTATION_CONTEXT ( 3 ) GLOBAL_UNCERTAINTY_ASSIGNED_CONTEXT ( ( #4162 ) ) GLOBAL_UNIT_ASSIGNED_CONTEXT ( ( #2237, #496, #28 ) ) REPRESENTATION_CONTEXT ( 'NONE', 'WORKASPACE' ) );
#584 = VECTOR ( 'NONE', #2759, 1000.000000000000000 ) ;
#585 = ADVANCED_FACE ( 'NONE', ( #4185 ), #2214, .F. ) ;
#586 = LINE ( 'NONE', #2749, #1753 ) ;
#587 = CARTESIAN_POINT ( 'NONE',  ( 0.7249999999999999778, 0.5000000000000000000, 0.0000000000000000000 ) ) ;
#588 = CARTESIAN_POINT ( 'NONE',  ( -2.024999999999999911, 2.250000000000000000, -1.925000000000000044 ) ) ;
#589 = CARTESIAN_POINT ( 'NONE',  ( 1.375000000000000000, 3.149999999999999911, 0.02500000000000000139 ) ) ;
#590 = LINE ( 'NONE', #1155, #3140 ) ;
#591 = ORIENTED_EDGE ( 'NONE', *, *, #3164, .T. ) ;
#592 = EDGE_CURVE ( 'NONE', #3079, #3227, #1339, .T. ) ;
#593 = SURFACE_STYLE_FILL_AREA ( #2488 ) ;
#594 = CARTESIAN_POINT ( 'NONE',  ( 2.274999999999999911, 2.250000000000000000, -2.024999999999999911 ) ) ;
#595 = CARTESIAN_POINT ( 'NONE',  ( -0.8249999999999999556, 1.850000000000000089, -1.474999999999999867 ) ) ;
#596 = VECTOR ( 'NONE', #3000, 1000.000000000000000 ) ;
#597 = ORIENTED_EDGE ( 'NONE', *, *, #337, .T. ) ;
#598 = VECTOR ( 'NONE', #1157, 1000.000000000000000 ) ;
#599 = DIRECTION ( 'NONE',  ( 1.000000000000000000, 0.0000000000000000000, 0.0000000000000000000 ) ) ;
#600 = DIRECTION ( 'NONE',  ( 0.0000000000000000000, -1.000000000000000000, 0.0000000000000000000 ) ) ;
#601 = EDGE_CURVE ( 'NONE', #483, #1560, #129, .T. ) ;
#602 = LINE ( 'NONE', #3957, #2738 ) ;
#603 = ORIENTED_EDGE ( 'NONE', *, *, #4511, .T. ) ;
#604 = ORIENTED_EDGE ( 'NONE', *, *, #138, .F. ) ;
#605 = DIRECTION ( 'NONE',  ( 0.0000000000000000000, -0.0000000000000000000, -1.000000000000000000 ) ) ;
#606 = DIRECTION ( 'NONE',  ( -1.000000000000000000, 0.0000000000000000000, 0.0000000000000000000 ) ) ;
#607 = LINE ( 'NONE', #389, #3739 ) ;
#608 = CARTESIAN_POINT ( 'NONE',  ( 0.5250000000000000222, 1.649999999999999911, -1.025000000000000133 ) ) ;
#609 = ORIENTED_EDGE ( 'NONE', *, *, #1640, .T. ) ;
#610 = ORIENTED_EDGE ( 'NONE', *, *, #107, .F. ) ;
#611 = VECTOR ( 'NONE', #285, 1000.000000000000000 ) ;
#612 = ORIENTED_EDGE ( 'NONE', *, *, #79, .F. ) ;
#613 = ADVANCED_FACE ( 'NONE', ( #582 ), #1166, .T. ) ;
#614 = ORIENTED_EDGE ( 'NONE', *, *, #2167, .T. ) ;
#615 = CARTESIAN_POINT ( 'NONE',  ( -2.375000000000000000, 3.750000000000000000, 0.02500000000000000139 ) ) ;
#616 = ORIENTED_EDGE ( 'NONE', *, *, #1215, .F. ) ;
#617 = CARTESIAN_POINT ( 'NONE',  ( 0.5150000000000000133, 1.649999999999999911, -1.025000000000000133 ) ) ;
#618 = VECTOR ( 'NONE', #2253, 1000.000000000000000 ) ;
#619 = VERTEX_POINT ( 'NONE', #4235 ) ;
#620 = MANIFOLD_SOLID_BREP ( 'Body-Move/Copy2[3]', #424 ) ;
#621 = ORIENTED_EDGE ( 'NONE', *, *, #3884, .F. ) ;
#622 = EDGE_CURVE ( 'NONE', #2141, #4311, #1811, .T. ) ;
#623 = DIRECTION ( 'NONE',  ( 0.0000000000000000000, 4.003208021484939327E-15, -1.000000000000000000 ) ) ;
#624 = CARTESIAN_POINT ( 'NONE',  ( -2.274999999999999911, 2.000000000000000000, -1.425000000000000044 ) ) ;
#625 = CARTESIAN_POINT ( 'NONE',  ( 2.500000000000000000, 4.250000000000000000, -0.07499999999999998335 ) ) ;
#626 = ORIENTED_EDGE ( 'NONE', *, *, #1194, .T. ) ;
#627 = DIRECTION ( 'NONE',  ( 0.0000000000000000000, -1.084202172485501673E-15, -1.000000000000000000 ) ) ;
#628 = VERTEX_POINT ( 'NONE', #1913 ) ;
#629 = EDGE_CURVE ( 'NONE', #1490, #4237, #3543, .T. ) ;
#630 = DIRECTION ( 'NONE',  ( -1.000000000000000000, 0.0000000000000000000, 0.0000000000000000000 ) ) ;
#631 = CARTESIAN_POINT ( 'NONE',  ( 2.875000000000000000, 1.949999999999999512, 2.025000000000007017 ) ) ;
#632 = EDGE_LOOP ( 'NONE', ( #604, #2531, #1559, #4540 ) ) ;
#633 = DIRECTION ( 'NONE',  ( 0.0000000000000000000, 1.000000000000000000, 0.0000000000000000000 ) ) ;
#634 = LINE ( 'NONE', #677, #472 ) ;
#635 = CARTESIAN_POINT ( 'NONE',  ( -0.7249999999999999778, 0.0000000000000000000, -2.024999999999999911 ) ) ;
#636 = AXIS2_PLACEMENT_3D ( 'NONE', #2920, #3674, #1459 ) ;
#637 = ORIENTED_EDGE ( 'NONE', *, *, #2877, .T. ) ;
#638 = DIRECTION ( 'NONE',  ( 0.0000000000000000000, -1.000000000000000000, 0.0000000000000000000 ) ) ;
#639 = DIRECTION ( 'NONE',  ( 0.0000000000000000000, 1.339206523454101388E-15, 1.000000000000000000 ) ) ;
#640 = DIRECTION ( 'NONE',  ( 0.0000000000000000000, -1.000000000000000000, 0.0000000000000000000 ) ) ;
#641 = AXIS2_PLACEMENT_3D ( 'NONE', #1431, #4689, #3214 ) ;
#642 = DIRECTION ( 'NONE',  ( 0.0000000000000000000, 0.0000000000000000000, -1.000000000000000000 ) ) ;
#643 = ORIENTED_EDGE ( 'NONE', *, *, #2908, .T. ) ;
#644 = LINE ( 'NONE', #3103, #990 ) ;
#645 = ORIENTED_EDGE ( 'NONE', *, *, #331, .F. ) ;
#646 = CARTESIAN_POINT ( 'NONE',  ( -2.274999999999999911, 3.599999999999999201, -0.07500000000000128786 ) ) ;
#647 = EDGE_LOOP ( 'NONE', ( #4242, #1322, #1785, #789 ) ) ;
#648 = DIRECTION ( 'NONE',  ( 0.0000000000000000000, -1.000000000000000000, 0.0000000000000000000 ) ) ;
#649 = ADVANCED_FACE ( 'NONE', ( #3778 ), #1642, .T. ) ;
#650 = ORIENTED_EDGE ( 'NONE', *, *, #3352, .F. ) ;
#651 = EDGE_CURVE ( 'NONE', #225, #3826, #3018, .T. ) ;
#652 = VECTOR ( 'NONE', #4733, 1000.000000000000000 ) ;
#653 = VERTEX_POINT ( 'NONE', #2777 ) ;
#654 = ADVANCED_FACE ( 'NONE', ( #4533 ), #2652, .T. ) ;
#655 = EDGE_CURVE ( 'NONE', #4045, #3608, #3366, .T. ) ;
#656 = CARTESIAN_POINT ( 'NONE',  ( 2.024999999999999911, 4.240000000000000213, -2.024999999999999911 ) ) ;
#657 = VERTEX_POINT ( 'NONE', #1309 ) ;
#658 = DIRECTION ( 'NONE',  ( -0.0000000000000000000, 1.000000000000000000, -0.0000000000000000000 ) ) ;
#659 = AXIS2_PLACEMENT_3D ( 'NONE', #157, #2011, #844 ) ;
#660 = CARTESIAN_POINT ( 'NONE',  ( -1.875000000000000000, 0.5000000000000000000, -1.474999999999999867 ) ) ;
#661 = ORIENTED_EDGE ( 'NONE', *, *, #3269, .F. ) ;
#662 = DIRECTION ( 'NONE',  ( 0.0000000000000000000, 0.0000000000000000000, -1.000000000000000000 ) ) ;
#663 = CARTESIAN_POINT ( 'NONE',  ( -0.5250000000000000222, 0.3500000000000000333, -2.024999999999999911 ) ) ;
#664 = CARTESIAN_POINT ( 'NONE',  ( 2.375000000000000000, 3.149999999999999911, 0.02500000000000000139 ) ) ;
#665 = ORIENTED_EDGE ( 'NONE', *, *, #2783, .T. ) ;
#666 = VECTOR ( 'NONE', #2878, 1000.000000000000000 ) ;
#667 =( GEOMETRIC_REPRESENTATION_CONTEXT ( 3 ) GLOBAL_UNCERTAINTY_ASSIGNED_CONTEXT ( ( #4069 ) ) GLOBAL_UNIT_ASSIGNED_CONTEXT ( ( #3747, #23, #1533 ) ) REPRESENTATION_CONTEXT ( 'NONE', 'WORKASPACE' ) );
#668 = VERTEX_POINT ( 'NONE', #960 ) ;
#669 = ORIENTED_EDGE ( 'NONE', *, *, #2790, .F. ) ;
#670 = CARTESIAN_POINT ( 'NONE',  ( -0.8249999999999999556, 1.850000000000000089, 2.024999999999999911 ) ) ;
#671 = CARTESIAN_POINT ( 'NONE',  ( 0.0000000000000000000, 0.0000000000000000000, -1.025000000000000133 ) ) ;
#672 = ORIENTED_EDGE ( 'NONE', *, *, #3123, .T. ) ;
#673 = EDGE_LOOP ( 'NONE', ( #1712, #2104, #2737, #1944 ) ) ;
#674 = CARTESIAN_POINT ( 'NONE',  ( -2.875000000000000000, 1.000000000000000000, -1.525000000000000133 ) ) ;
#675 = ORIENTED_EDGE ( 'NONE', *, *, #4774, .T. ) ;
#676 = ORIENTED_EDGE ( 'NONE', *, *, #1967, .T. ) ;
#677 = CARTESIAN_POINT ( 'NONE',  ( 2.274999999999999911, 4.240000000000000213, -0.07499999999999998335 ) ) ;
#678 = CARTESIAN_POINT ( 'NONE',  ( 2.875000000000000000, 1.000000000000000000, -1.525000000000000133 ) ) ;
#679 = CARTESIAN_POINT ( 'NONE',  ( -1.875000000000000000, 3.149999999999999911, 2.025999999999999801 ) ) ;
#680 = EDGE_CURVE ( 'NONE', #2482, #3795, #3126, .T. ) ;
#681 = ORIENTED_EDGE ( 'NONE', *, *, #1564, .F. ) ;
#682 = FACE_OUTER_BOUND ( 'NONE', #3207, .T. ) ;
#683 = EDGE_CURVE ( 'NONE', #3380, #4615, #1038, .T. ) ;
#684 = DIRECTION ( 'NONE',  ( -0.0000000000000000000, 1.000000000000000000, -0.0000000000000000000 ) ) ;
#685 = ORIENTED_EDGE ( 'NONE', *, *, #2399, .T. ) ;
#686 = CARTESIAN_POINT ( 'NONE',  ( 1.875000000000000000, 2.550000000000000266, 2.024999999999999911 ) ) ;
#687 = EDGE_CURVE ( 'NONE', #4515, #1787, #2778, .T. ) ;
#688 = DIRECTION ( 'NONE',  ( 0.0000000000000000000, -0.6650335612228979176, -0.7468134723257140450 ) ) ;
#689 = ORIENTED_EDGE ( 'NONE', *, *, #919, .T. ) ;
#690 = VECTOR ( 'NONE', #2543, 1000.000000000000000 ) ;
#691 = FACE_OUTER_BOUND ( 'NONE', #2225, .T. ) ;
#692 = DIRECTION ( 'NONE',  ( 0.0000000000000000000, 0.0000000000000000000, 1.000000000000000000 ) ) ;
#693 = CARTESIAN_POINT ( 'NONE',  ( 0.7349999999999999867, 1.850000000000000089, -1.025000000000000133 ) ) ;
#694 = ORIENTED_EDGE ( 'NONE', *, *, #2245, .T. ) ;
#695 = DIRECTION ( 'NONE',  ( 0.0000000000000000000, 0.0000000000000000000, 1.000000000000000000 ) ) ;
#696 = PLANE ( 'NONE',  #3308 ) ;
#697 = EDGE_CURVE ( 'NONE', #3278, #78, #3652, .T. ) ;
#698 = LINE ( 'NONE', #3075, #3255 ) ;
#699 = AXIS2_PLACEMENT_3D ( 'NONE', #2947, #2205, #4110 ) ;
#700 = DIRECTION ( 'NONE',  ( 1.000000000000000000, 0.0000000000000000000, 0.0000000000000000000 ) ) ;
#701 = VERTEX_POINT ( 'NONE', #3187 ) ;
#702 = PLANE ( 'NONE',  #4214 ) ;
#703 = CARTESIAN_POINT ( 'NONE',  ( 2.875000000000000000, 3.600000000000000977, -1.425000000000000044 ) ) ;
#704 = DIRECTION ( 'NONE',  ( 0.0000000000000000000, 0.0000000000000000000, -1.000000000000000000 ) ) ;
#705 = VECTOR ( 'NONE', #1133, 1000.000000000000000 ) ;
#706 = CARTESIAN_POINT ( 'NONE',  ( -1.175000000000000044, 1.850000000000000089, 2.024999999999999911 ) ) ;
#707 = EDGE_LOOP ( 'NONE', ( #4079, #1440, #49, #123 ) ) ;
#708 = LINE ( 'NONE', #879, #25 ) ;
#709 = DIRECTION ( 'NONE',  ( 0.0000000000000000000, 0.0000000000000000000, -1.000000000000000000 ) ) ;
#710 = DIRECTION ( 'NONE',  ( 0.0000000000000000000, -1.000000000000000000, -0.0000000000000000000 ) ) ;
#711 = CARTESIAN_POINT ( 'NONE',  ( 0.0000000000000000000, 0.0000000000000000000, 0.0000000000000000000 ) ) ;
#712 = FACE_OUTER_BOUND ( 'NONE', #3473, .T. ) ;
#713 = DIRECTION ( 'NONE',  ( 0.0000000000000000000, 1.000000000000000000, 0.0000000000000000000 ) ) ;
#714 = VERTEX_POINT ( 'NONE', #2092 ) ;
#715 = VECTOR ( 'NONE', #1056, 1000.000000000000000 ) ;
#716 = ORIENTED_EDGE ( 'NONE', *, *, #2389, .F. ) ;
#717 = DIRECTION ( 'NONE',  ( 0.0000000000000000000, 0.0000000000000000000, -1.000000000000000000 ) ) ;
#718 = DIRECTION ( 'NONE',  ( 1.000000000000000000, 0.0000000000000000000, 0.0000000000000000000 ) ) ;
#719 = ORIENTED_EDGE ( 'NONE', *, *, #2410, .F. ) ;
#720 = ADVANCED_FACE ( 'NONE', ( #576 ), #2424, .T. ) ;
#721 = VECTOR ( 'NONE', #1805, 1000.000000000000000 ) ;
#722 = CARTESIAN_POINT ( 'NONE',  ( 2.274999999999999911, 3.600000000000000089, -1.425000000000000933 ) ) ;
#723 = ORIENTED_EDGE ( 'NONE', *, *, #950, .F. ) ;
#724 = DIRECTION ( 'NONE',  ( 0.0000000000000000000, 0.0000000000000000000, 1.000000000000000000 ) ) ;
#725 = AXIS2_PLACEMENT_3D ( 'NONE', #2742, #1994, #3463 ) ;
#726 = CARTESIAN_POINT ( 'NONE',  ( -2.475000000000000089, 1.999999999999998668, -1.425000000000000933 ) ) ;
#727 = ORIENTED_EDGE ( 'NONE', *, *, #782, .F. ) ;
#728 = FACE_OUTER_BOUND ( 'NONE', #3390, .T. ) ;
#729 = ADVANCED_FACE ( 'NONE', ( #2034 ), #221, .F. ) ;
#730 = ORIENTED_EDGE ( 'NONE', *, *, #2610, .F. ) ;
#731 = CARTESIAN_POINT ( 'NONE',  ( -0.5250000000000000222, 1.315130797599999957, 1.171117220399999770 ) ) ;
#732 = DIRECTION ( 'NONE',  ( 0.0000000000000000000, 0.0000000000000000000, 1.000000000000000000 ) ) ;
#733 = LINE ( 'NONE', #2556, #4216 ) ;
#734 = AXIS2_PLACEMENT_3D ( 'NONE', #1482, #1100, #713 ) ;
#735 = EDGE_LOOP ( 'NONE', ( #530, #3109, #738, #275 ) ) ;
#736 = CARTESIAN_POINT ( 'NONE',  ( 0.8750000000000000000, 3.750000000000000000, -2.024999999999999911 ) ) ;
#737 = VERTEX_POINT ( 'NONE', #4278 ) ;
#738 = ORIENTED_EDGE ( 'NONE', *, *, #1497, .F. ) ;
#739 = LINE ( 'NONE', #2226, #1213 ) ;
#740 = CARTESIAN_POINT ( 'NONE',  ( -0.5250000000000000222, 1.795247431900000024, 2.024999999999999911 ) ) ;
#741 = PLANE ( 'NONE',  #391 ) ;
#742 = CARTESIAN_POINT ( 'NONE',  ( 2.274999999999999911, 4.249999999999992895, -0.07499999999999976130 ) ) ;
#743 = VECTOR ( 'NONE', #4357, 1000.000000000000000 ) ;
#744 = ORIENTED_EDGE ( 'NONE', *, *, #3812, .F. ) ;
#745 = FACE_OUTER_BOUND ( 'NONE', #2126, .T. ) ;
#746 = DIRECTION ( 'NONE',  ( 1.000000000000000000, 0.0000000000000000000, 0.0000000000000000000 ) ) ;
#747 = DIRECTION ( 'NONE',  ( 0.0000000000000000000, 0.0000000000000000000, 1.000000000000000000 ) ) ;
#748 = CARTESIAN_POINT ( 'NONE',  ( -0.7349999999999999867, 1.000000000000000000, -1.025000000000000133 ) ) ;
#749 = PLANE ( 'NONE',  #820 ) ;
#750 = VECTOR ( 'NONE', #2847, 1000.000000000000000 ) ;
#751 = DIRECTION ( 'NONE',  ( 0.0000000000000000000, -1.000000000000000000, 0.0000000000000000000 ) ) ;
#752 = LINE ( 'NONE', #4478, #4701 ) ;
#753 = ORIENTED_EDGE ( 'NONE', *, *, #622, .T. ) ;
#754 = FACE_OUTER_BOUND ( 'NONE', #2795, .T. ) ;
#755 = CARTESIAN_POINT ( 'NONE',  ( -1.875000000000000000, 3.149999999999999911, 0.02500000000000000139 ) ) ;
#756 = DIRECTION ( 'NONE',  ( 1.000000000000000000, 0.0000000000000000000, 0.0000000000000000000 ) ) ;
#757 = VERTEX_POINT ( 'NONE', #1325 ) ;
#758 = FACE_OUTER_BOUND ( 'NONE', #3974, .T. ) ;
#759 = LINE ( 'NONE', #3437, #2266 ) ;
#760 = CARTESIAN_POINT ( 'NONE',  ( -0.5250000000000000222, 0.0000000000000000000, -2.024999999999999911 ) ) ;
#761 = PLANE ( 'NONE',  #1622 ) ;
#762 = DIRECTION ( 'NONE',  ( 0.0000000000000000000, 3.252606517456512119E-15, -1.000000000000000000 ) ) ;
#763 = LINE ( 'NONE', #94, #2668 ) ;
#764 = ORIENTED_EDGE ( 'NONE', *, *, #3928, .F. ) ;
#765 = SURFACE_STYLE_FILL_AREA ( #4529 ) ;
#766 = EDGE_CURVE ( 'NONE', #1953, #579, #3422, .T. ) ;
#767 = ORIENTED_EDGE ( 'NONE', *, *, #3017, .F. ) ;
#768 = AXIS2_PLACEMENT_3D ( 'NONE', #3966, #1343, #4682 ) ;
#769 = ORIENTED_EDGE ( 'NONE', *, *, #4283, .F. ) ;
#770 = VECTOR ( 'NONE', #639, 1000.000000000000000 ) ;
#771 = EDGE_LOOP ( 'NONE', ( #3799, #2404, #2359, #2821 ) ) ;
#772 = DIRECTION ( 'NONE',  ( 0.0000000000000000000, -1.000000000000000000, 0.0000000000000000000 ) ) ;
#773 = CARTESIAN_POINT ( 'NONE',  ( 0.4249999999999999889, 1.850000000000000089, -1.698606797699999893 ) ) ;
#774 = CARTESIAN_POINT ( 'NONE',  ( 0.7349999999999999867, 1.850000000000000089, -1.025000000000000133 ) ) ;
#775 = VECTOR ( 'NONE', #3695, 1000.000000000000000 ) ;
#776 = EDGE_CURVE ( 'NONE', #3617, #2764, #1160, .T. ) ;
#777 = ORIENTED_EDGE ( 'NONE', *, *, #2717, .F. ) ;
#778 = ORIENTED_EDGE ( 'NONE', *, *, #300, .T. ) ;
#779 = PLANE ( 'NONE',  #1360 ) ;
#780 = CARTESIAN_POINT ( 'NONE',  ( 0.8750000000000000000, 3.750000000000000000, -2.024999999999999911 ) ) ;
#781 = DIRECTION ( 'NONE',  ( -0.0000000000000000000, 1.000000000000000000, 0.0000000000000000000 ) ) ;
#782 = EDGE_CURVE ( 'NONE', #3424, #218, #2151, .T. ) ;
#783 = ORIENTED_EDGE ( 'NONE', *, *, #242, .T. ) ;
#784 = LINE ( 'NONE', #2047, #3684 ) ;
#785 = CARTESIAN_POINT ( 'NONE',  ( -0.5150000000000000133, 1.000000000000000000, -1.525000000000000133 ) ) ;
#786 = CARTESIAN_POINT ( 'NONE',  ( 2.875000000000000000, 0.6000000000000076383, -0.2249999999999982014 ) ) ;
#787 = ORIENTED_EDGE ( 'NONE', *, *, #4348, .F. ) ;
#788 = DIRECTION ( 'NONE',  ( 0.0000000000000000000, -1.000000000000000000, 0.0000000000000000000 ) ) ;
#789 = ORIENTED_EDGE ( 'NONE', *, *, #348, .F. ) ;
#790 = PLANE ( 'NONE',  #3534 ) ;
#791 = DIRECTION ( 'NONE',  ( 0.0000000000000000000, 0.0000000000000000000, -1.000000000000000000 ) ) ;
#792 = EDGE_CURVE ( 'NONE', #714, #2130, #169, .T. ) ;
#793 = AXIS2_PLACEMENT_3D ( 'NONE', #2550, #4458, #2832 ) ;
#794 = ORIENTED_EDGE ( 'NONE', *, *, #1401, .T. ) ;
#795 = CARTESIAN_POINT ( 'NONE',  ( 0.7249999999999999778, -0.004464445899999999919, 0.003975566199999999890 ) ) ;
#796 = ORIENTED_EDGE ( 'NONE', *, *, #3371, .T. ) ;
#797 = CARTESIAN_POINT ( 'NONE',  ( 1.875000000000000000, 2.550000000000000266, -1.474999999999999867 ) ) ;
#798 = VERTEX_POINT ( 'NONE', #3621 ) ;
#799 = DIRECTION ( 'NONE',  ( -0.0000000000000000000, 1.000000000000000000, 0.0000000000000000000 ) ) ;
#800 = VECTOR ( 'NONE', #2241, 1000.000000000000000 ) ;
#801 = AXIS2_PLACEMENT_3D ( 'NONE', #4282, #2062, #3571 ) ;
#802 = VECTOR ( 'NONE', #4428, 1000.000000000000000 ) ;
#803 = DIRECTION ( 'NONE',  ( 0.0000000000000000000, -1.000000000000000000, -3.219646771412953967E-15 ) ) ;
#804 = EDGE_CURVE ( 'NONE', #561, #4728, #3480, .T. ) ;
#805 = ORIENTED_EDGE ( 'NONE', *, *, #3117, .F. ) ;
#806 = EDGE_CURVE ( 'NONE', #2235, #2854, #1031, .T. ) ;
#807 = LINE ( 'NONE', #2557, #2311 ) ;
#808 = CARTESIAN_POINT ( 'NONE',  ( -2.274999999999999911, 1.950000000000002176, 1.375000000000006883 ) ) ;
#809 = ORIENTED_EDGE ( 'NONE', *, *, #4174, .F. ) ;
#810 = CARTESIAN_POINT ( 'NONE',  ( 2.274999999999999911, 3.600000000000000977, -1.425000000000000044 ) ) ;
#811 = EDGE_CURVE ( 'NONE', #3036, #3079, #1635, .T. ) ;
#812 = FACE_OUTER_BOUND ( 'NONE', #4057, .T. ) ;
#813 = CARTESIAN_POINT ( 'NONE',  ( -2.475000000000000089, 1.999999999999997780, -2.075000000000008615 ) ) ;
#814 = ORIENTED_EDGE ( 'NONE', *, *, #3044, .F. ) ;
#815 = EDGE_LOOP ( 'NONE', ( #2907, #4714, #4381, #3772 ) ) ;
#816 = VECTOR ( 'NONE', #461, 1000.000000000000000 ) ;
#817 = PLANE ( 'NONE',  #3246 ) ;
#818 = PRODUCT_DEFINITION_CONTEXT ( 'detailed design', #873, 'design' ) ;
#819 = DIRECTION ( 'NONE',  ( 0.0000000000000000000, -1.000000000000000000, 0.0000000000000000000 ) ) ;
#820 = AXIS2_PLACEMENT_3D ( 'NONE', #402, #781, #3382 ) ;
#821 = CARTESIAN_POINT ( 'NONE',  ( 2.875000000000000000, 4.250000000000000000, 2.024999999999999911 ) ) ;
#822 = CARTESIAN_POINT ( 'NONE',  ( -2.875000000000000000, 1.000000000000000000, 2.024999999999999911 ) ) ;
#823 = DIRECTION ( 'NONE',  ( 1.000000000000000000, 0.0000000000000000000, 0.0000000000000000000 ) ) ;
#824 = CARTESIAN_POINT ( 'NONE',  ( 2.274999999999999911, 2.000000000000000000, -1.425000000000000044 ) ) ;
#825 = ORIENTED_EDGE ( 'NONE', *, *, #2301, .F. ) ;
#826 = DIRECTION ( 'NONE',  ( 0.0000000000000000000, 1.000000000000000000, 2.552445434498790050E-15 ) ) ;
#827 = LINE ( 'NONE', #57, #934 ) ;
#828 = CARTESIAN_POINT ( 'NONE',  ( -2.274999999999999911, 0.6000000000000024203, 1.375000000000002442 ) ) ;
#829 = ORIENTED_EDGE ( 'NONE', *, *, #2366, .T. ) ;
#830 = VECTOR ( 'NONE', #1526, 1000.000000000000000 ) ;
#831 = FACE_OUTER_BOUND ( 'NONE', #3281, .T. ) ;
#832 = ORIENTED_EDGE ( 'NONE', *, *, #4291, .F. ) ;
#833 = LINE ( 'NONE', #84, #4659 ) ;
#834 = VERTEX_POINT ( 'NONE', #307 ) ;
#835 = CARTESIAN_POINT ( 'NONE',  ( -0.8750000000000000000, 2.250000000000000000, -2.024999999999999911 ) ) ;
#836 = EDGE_CURVE ( 'NONE', #4768, #2387, #3773, .T. ) ;
#837 = VERTEX_POINT ( 'NONE', #2894 ) ;
#838 =( LENGTH_UNIT ( ) NAMED_UNIT ( * ) SI_UNIT ( .MILLI., .METRE. ) );
#839 = VECTOR ( 'NONE', #3077, 1000.000000000000000 ) ;
#840 = ORIENTED_EDGE ( 'NONE', *, *, #1536, .F. ) ;
#841 = LINE ( 'NONE', #260, #563 ) ;
#842 = CARTESIAN_POINT ( 'NONE',  ( -2.475000000000000089, 3.600000000000000089, -1.425000000000000933 ) ) ;
#843 = ORIENTED_EDGE ( 'NONE', *, *, #2940, .F. ) ;
#844 = DIRECTION ( 'NONE',  ( 0.0000000000000000000, 1.084202172485501673E-15, 1.000000000000000000 ) ) ;
#845 = VERTEX_POINT ( 'NONE', #1047 ) ;
#846 = DIRECTION ( 'NONE',  ( 0.0000000000000000000, -0.6650335612228979176, -0.7468134723257140450 ) ) ;
#847 = VERTEX_POINT ( 'NONE', #2910 ) ;
#848 = CARTESIAN_POINT ( 'NONE',  ( -2.274999999999999911, 2.000000000000000000, -2.024999999999999911 ) ) ;
#849 = VERTEX_POINT ( 'NONE', #2132 ) ;
#850 = VECTOR ( 'NONE', #4669, 1000.000000000000000 ) ;
#851 = EDGE_CURVE ( 'NONE', #2764, #2416, #974, .T. ) ;
#852 = CARTESIAN_POINT ( 'NONE',  ( 2.875000000000000000, 4.250000000000000000, -0.07499999999999998335 ) ) ;
#853 = DIRECTION ( 'NONE',  ( -1.000000000000000000, 0.0000000000000000000, 0.0000000000000000000 ) ) ;
#854 = VECTOR ( 'NONE', #1906, 1000.000000000000000 ) ;
#855 =( NAMED_UNIT ( * ) SI_UNIT ( $, .STERADIAN. ) SOLID_ANGLE_UNIT ( ) );
#856 = ORIENTED_EDGE ( 'NONE', *, *, #4268, .T. ) ;
#857 = FACE_OUTER_BOUND ( 'NONE', #2109, .T. ) ;
#858 = DIRECTION ( 'NONE',  ( 0.0000000000000000000, 0.0000000000000000000, 1.000000000000000000 ) ) ;
#859 = EDGE_CURVE ( 'NONE', #4091, #1953, #2946, .T. ) ;
#860 = EDGE_CURVE ( 'NONE', #3744, #1800, #2601, .T. ) ;
#861 = ORIENTED_EDGE ( 'NONE', *, *, #50, .F. ) ;
#862 = CARTESIAN_POINT ( 'NONE',  ( 0.7249999999999998668, 0.3499999999999999778, -2.075000000000000178 ) ) ;
#863 = VECTOR ( 'NONE', #371, 1000.000000000000000 ) ;
#864 = EDGE_LOOP ( 'NONE', ( #1728, #3627, #1814, #1182, #2937, #1848, #1397 ) ) ;
#865 = EDGE_CURVE ( 'NONE', #1950, #1966, #2146, .T. ) ;
#866 = LINE ( 'NONE', #3306, #690 ) ;
#867 = CARTESIAN_POINT ( 'NONE',  ( 2.274999999999999911, 1.950000000000001732, 2.024999999999999911 ) ) ;
#868 = CARTESIAN_POINT ( 'NONE',  ( -1.175000000000000044, 1.850000000000000089, -1.474999999999999867 ) ) ;
#869 = EDGE_CURVE ( 'NONE', #2403, #4492, #3828, .T. ) ;
#870 = PLANE ( 'NONE',  #3435 ) ;
#871 = VECTOR ( 'NONE', #3039, 1000.000000000000000 ) ;
#872 = ORIENTED_EDGE ( 'NONE', *, *, #2536, .T. ) ;
#873 = APPLICATION_CONTEXT ( 'automotive_design' ) ;
#874 = VECTOR ( 'NONE', #4266, 1000.000000000000000 ) ;
#875 = ORIENTED_EDGE ( 'NONE', *, *, #131, .T. ) ;
#876 = DIRECTION ( 'NONE',  ( -1.000000000000000000, 0.0000000000000000000, 0.0000000000000000000 ) ) ;
#877 = VECTOR ( 'NONE', #2592, 1000.000000000000000 ) ;
#878 = CARTESIAN_POINT ( 'NONE',  ( -2.274999999999999911, 0.0000000000000000000, 2.024999999999999911 ) ) ;
#879 = CARTESIAN_POINT ( 'NONE',  ( -1.175000000000000044, 1.850000000000000089, 2.024999999999999911 ) ) ;
#880 = EDGE_CURVE ( 'NONE', #1490, #4773, #634, .T. ) ;
#881 = AXIS2_PLACEMENT_3D ( 'NONE', #2979, #4077, #1854 ) ;
#882 = PLANE ( 'NONE',  #2774 ) ;
#883 = ORIENTED_EDGE ( 'NONE', *, *, #3582, .T. ) ;
#884 = VECTOR ( 'NONE', #133, 1000.000000000000000 ) ;
#885 = ORIENTED_EDGE ( 'NONE', *, *, #4777, .F. ) ;
#886 = DIRECTION ( 'NONE',  ( 1.000000000000000000, 0.0000000000000000000, 0.0000000000000000000 ) ) ;
#887 = VECTOR ( 'NONE', #4012, 1000.000000000000000 ) ;
#888 = ORIENTED_EDGE ( 'NONE', *, *, #3792, .T. ) ;
#889 = VECTOR ( 'NONE', #1995, 1000.000000000000000 ) ;
#890 = CARTESIAN_POINT ( 'NONE',  ( 0.5250000000000000222, 1.649999999999999911, 2.024999999999999911 ) ) ;
#891 = FACE_OUTER_BOUND ( 'NONE', #2474, .T. ) ;
#892 = ORIENTED_EDGE ( 'NONE', *, *, #3845, .T. ) ;
#893 = DIRECTION ( 'NONE',  ( 0.0000000000000000000, 1.000000000000000000, 0.0000000000000000000 ) ) ;
#894 = PRODUCT_DEFINITION_FORMATION_WITH_SPECIFIED_SOURCE ( 'ANY', '', #2770, .NOT_KNOWN. ) ;
#895 = LINE ( 'NONE', #1442, #2915 ) ;
#896 = DIRECTION ( 'NONE',  ( 1.000000000000000000, 0.0000000000000000000, 0.0000000000000000000 ) ) ;
#897 = ADVANCED_FACE ( 'NONE', ( #3358 ), #3357, .T. ) ;
#898 = ORIENTED_EDGE ( 'NONE', *, *, #859, .T. ) ;
#899 = ORIENTED_EDGE ( 'NONE', *, *, #1600, .F. ) ;
#900 = ORIENTED_EDGE ( 'NONE', *, *, #3603, .T. ) ;
#901 = DIRECTION ( 'NONE',  ( 0.0000000000000000000, 3.252606517456512513E-15, -1.000000000000000000 ) ) ;
#902 = CARTESIAN_POINT ( 'NONE',  ( 2.375000000000000000, 3.750000000000000000, 0.02500000000000000139 ) ) ;
#903 = VERTEX_POINT ( 'NONE', #397 ) ;
#904 = DIRECTION ( 'NONE',  ( 0.0000000000000000000, 1.000000000000000000, -1.339206523454102177E-15 ) ) ;
#905 = VERTEX_POINT ( 'NONE', #1137 ) ;
#906 = CARTESIAN_POINT ( 'NONE',  ( -0.7249999999999999778, 1.850000000000000089, -1.025000000000000133 ) ) ;
#907 = FACE_BOUND ( 'NONE', #108, .T. ) ;
#908 = AXIS2_PLACEMENT_3D ( 'NONE', #1456, #3285, #4398 ) ;
#909 = ORIENTED_EDGE ( 'NONE', *, *, #1580, .T. ) ;
#910 = LINE ( 'NONE', #972, #568 ) ;
#911 = PLANE ( 'NONE',  #4741 ) ;
#912 =( NAMED_UNIT ( * ) PLANE_ANGLE_UNIT ( ) SI_UNIT ( $, .RADIAN. ) );
#913 = ORIENTED_EDGE ( 'NONE', *, *, #3026, .T. ) ;
#914 = LINE ( 'NONE', #736, #4175 ) ;
#915 = ORIENTED_EDGE ( 'NONE', *, *, #1206, .F. ) ;
#916 = DIRECTION ( 'NONE',  ( 0.0000000000000000000, 0.0000000000000000000, -1.000000000000000000 ) ) ;
#917 = CARTESIAN_POINT ( 'NONE',  ( -0.5250000000000000222, 1.850000000000000089, 0.0000000000000000000 ) ) ;
#918 = VERTEX_POINT ( 'NONE', #2509 ) ;
#919 = EDGE_CURVE ( 'NONE', #4527, #4021, #1154, .T. ) ;
#920 = AXIS2_PLACEMENT_3D ( 'NONE', #3192, #4014, #3576 ) ;
#921 = ORIENTED_EDGE ( 'NONE', *, *, #2470, .F. ) ;
#922 = CARTESIAN_POINT ( 'NONE',  ( 2.875000000000000000, 0.6000000000000024203, 1.375000000000002442 ) ) ;
#923 = CARTESIAN_POINT ( 'NONE',  ( 0.7249999999999999778, 0.0000000000000000000, -1.525000000000000133 ) ) ;
#924 = DIRECTION ( 'NONE',  ( 1.000000000000000000, 0.0000000000000000000, 0.0000000000000000000 ) ) ;
#925 = ORIENTED_EDGE ( 'NONE', *, *, #3516, .F. ) ;
#926 = EDGE_CURVE ( 'NONE', #4504, #2361, #1855, .T. ) ;
#927 = DIRECTION ( 'NONE',  ( 0.0000000000000000000, 0.0000000000000000000, 1.000000000000000000 ) ) ;
#928 = VECTOR ( 'NONE', #2287, 1000.000000000000000 ) ;
#929 = EDGE_CURVE ( 'NONE', #965, #3783, #1266, .T. ) ;
#930 = DIRECTION ( 'NONE',  ( 1.000000000000000000, 0.0000000000000000000, 0.0000000000000000000 ) ) ;
#931 = PLANE ( 'NONE',  #1643 ) ;
#932 = EDGE_CURVE ( 'NONE', #2671, #1800, #2314, .T. ) ;
#933 = VERTEX_POINT ( 'NONE', #1506 ) ;
#934 = VECTOR ( 'NONE', #4435, 1000.000000000000000 ) ;
#935 = CARTESIAN_POINT ( 'NONE',  ( 0.5249999999999999112, 0.05000000000000002359, -1.775000000000000133 ) ) ;
#936 = CARTESIAN_POINT ( 'NONE',  ( 1.375000000000000000, 3.750000000000000000, 0.02500000000000000139 ) ) ;
#937 = ORIENTED_EDGE ( 'NONE', *, *, #3293, .F. ) ;
#938 = CARTESIAN_POINT ( 'NONE',  ( -2.375000000000000000, 3.149999999999999911, 0.02500000000000000139 ) ) ;
#939 = ADVANCED_FACE ( 'NONE', ( #3241 ), #1480, .T. ) ;
#940 = AXIS2_PLACEMENT_3D ( 'NONE', #3145, #1679, #605 ) ;
#941 = LINE ( 'NONE', #2787, #770 ) ;
#942 = ORIENTED_EDGE ( 'NONE', *, *, #2515, .F. ) ;
#943 = EDGE_LOOP ( 'NONE', ( #1935, #128, #3634, #1940 ) ) ;
#944 = ADVANCED_FACE ( 'NONE', ( #4058 ), #355, .F. ) ;
#945 = CARTESIAN_POINT ( 'NONE',  ( -0.5250000000000000222, 1.850000000000000089, 2.024999999999999911 ) ) ;
#946 = ORIENTED_EDGE ( 'NONE', *, *, #4020, .F. ) ;
#947 = DIRECTION ( 'NONE',  ( 0.0000000000000000000, 0.0000000000000000000, 1.000000000000000000 ) ) ;
#948 = EDGE_CURVE ( 'NONE', #3031, #2023, #165, .T. ) ;
#949 = VERTEX_POINT ( 'NONE', #3340 ) ;
#950 = EDGE_CURVE ( 'NONE', #1610, #1355, #4120, .T. ) ;
#951 = EDGE_LOOP ( 'NONE', ( #3242, #2227, #2223, #4137 ) ) ;
#952 = CARTESIAN_POINT ( 'NONE',  ( -0.7249999999999999778, 0.0000000000000000000, 0.0000000000000000000 ) ) ;
#953 = DIRECTION ( 'NONE',  ( 0.0000000000000000000, 1.000000000000000000, 0.0000000000000000000 ) ) ;
#954 = ORIENTED_EDGE ( 'NONE', *, *, #277, .F. ) ;
#955 = VECTOR ( 'NONE', #2365, 1000.000000000000000 ) ;
#956 = ORIENTED_EDGE ( 'NONE', *, *, #3829, .T. ) ;
#957 = FACE_OUTER_BOUND ( 'NONE', #2452, .T. ) ;
#958 = EDGE_CURVE ( 'NONE', #1741, #4515, #3116, .T. ) ;
#959 = DIRECTION ( 'NONE',  ( 0.0000000000000000000, 1.000000000000000000, 0.0000000000000000000 ) ) ;
#960 = CARTESIAN_POINT ( 'NONE',  ( 0.7249999999999999778, 1.649999999999999911, 2.024999999999999911 ) ) ;
#961 = ORIENTED_EDGE ( 'NONE', *, *, #368, .F. ) ;
#962 = ORIENTED_EDGE ( 'NONE', *, *, #880, .F. ) ;
#963 = CARTESIAN_POINT ( 'NONE',  ( 2.375000000000000000, 3.149999999999999911, 0.02500000000000000139 ) ) ;
#964 = DIRECTION ( 'NONE',  ( 0.0000000000000000000, -3.295974604355854593E-17, -1.000000000000000000 ) ) ;
#965 = VERTEX_POINT ( 'NONE', #4008 ) ;
#966 = VECTOR ( 'NONE', #684, 1000.000000000000000 ) ;
#967 = VECTOR ( 'NONE', #226, 1000.000000000000000 ) ;
#968 = ADVANCED_FACE ( 'NONE', ( #4181 ), #3600, .F. ) ;
#969 = CARTESIAN_POINT ( 'NONE',  ( 2.375000000000000000, 3.750000000000000000, 0.02500000000000000139 ) ) ;
#970 = CARTESIAN_POINT ( 'NONE',  ( -0.7349999999999999867, 1.850000000000000089, -1.025000000000000133 ) ) ;
#971 = COLOUR_RGB ( '',1.000000000000000000, 0.8039215686274510109, 0.4980392156862745168 ) ;
#972 = CARTESIAN_POINT ( 'NONE',  ( 2.875000000000000000, 1.000000000000000000, -1.525000000000000133 ) ) ;
#973 = VERTEX_POINT ( 'NONE', #1011 ) ;
#974 = LINE ( 'NONE', #1016, #4290 ) ;
#975 = DIRECTION ( 'NONE',  ( 0.0000000000000000000, 1.000000000000000000, 0.0000000000000000000 ) ) ;
#976 = ORIENTED_EDGE ( 'NONE', *, *, #2950, .F. ) ;
#977 = VECTOR ( 'NONE', #3926, 1000.000000000000000 ) ;
#978 = LINE ( 'NONE', #232, #1922 ) ;
#979 = DIRECTION ( 'NONE',  ( -0.0000000000000000000, 1.000000000000000000, 0.0000000000000000000 ) ) ;
#980 = ORIENTED_EDGE ( 'NONE', *, *, #1366, .T. ) ;
#981 = CARTESIAN_POINT ( 'NONE',  ( -2.500000000000000000, 4.250000000000000000, -2.024999999999999911 ) ) ;
#982 = CARTESIAN_POINT ( 'NONE',  ( -0.7249999999999999778, 0.0000000000000000000, 2.024999999999999911 ) ) ;
#983 = LINE ( 'NONE', #4628, #2439 ) ;
#984 = CARTESIAN_POINT ( 'NONE',  ( 2.875000000000000000, 1.949999999999999512, 2.025000000000007017 ) ) ;
#985 = VECTOR ( 'NONE', #4122, 1000.000000000000000 ) ;
#986 = ORIENTED_EDGE ( 'NONE', *, *, #2329, .T. ) ;
#987 = DIRECTION ( 'NONE',  ( 0.0000000000000000000, 0.0000000000000000000, 1.000000000000000000 ) ) ;
#988 = CARTESIAN_POINT ( 'NONE',  ( 2.274999999999999911, 2.000000000000000000, -1.425000000000000044 ) ) ;
#989 = ADVANCED_FACE ( 'NONE', ( #857 ), #3289, .F. ) ;
#990 = VECTOR ( 'NONE', #1660, 1000.000000000000000 ) ;
#991 = ORIENTED_EDGE ( 'NONE', *, *, #2363, .F. ) ;
#992 = LINE ( 'NONE', #3730, #425 ) ;
#993 = CARTESIAN_POINT ( 'NONE',  ( 0.8249999999999999556, 1.850000000000000089, -1.474999999999999867 ) ) ;
#994 = ADVANCED_FACE ( 'NONE', ( #4693 ), #702, .T. ) ;
#995 = ORIENTED_EDGE ( 'NONE', *, *, #2178, .F. ) ;
#996 = LINE ( 'NONE', #4578, #4147 ) ;
#997 = DIRECTION ( 'NONE',  ( 0.0000000000000000000, -0.0000000000000000000, 1.000000000000000000 ) ) ;
#998 = CARTESIAN_POINT ( 'NONE',  ( 2.475000000000000089, 1.999999999999998668, -1.425000000000000933 ) ) ;
#999 = VECTOR ( 'NONE', #3590, 1000.000000000000000 ) ;
#1000 = EDGE_LOOP ( 'NONE', ( #4499, #744, #4159, #3416 ) ) ;
#1001 = LINE ( 'NONE', #1566, #3568 ) ;
#1002 = DIRECTION ( 'NONE',  ( 0.0000000000000000000, 0.0000000000000000000, -1.000000000000000000 ) ) ;
#1003 = CARTESIAN_POINT ( 'NONE',  ( 0.7249999999999998668, 0.3499999999999999778, -2.075000000000000178 ) ) ;
#1004 = ORIENTED_EDGE ( 'NONE', *, *, #1217, .F. ) ;
#1005 = AXIS2_PLACEMENT_3D ( 'NONE', #2484, #2090, #1405 ) ;
#1006 = VECTOR ( 'NONE', #658, 1000.000000000000000 ) ;
#1007 = EDGE_LOOP ( 'NONE', ( #369, #909, #3053, #4466 ) ) ;
#1008 = DIRECTION ( 'NONE',  ( 0.0000000000000000000, 0.0000000000000000000, 1.000000000000000000 ) ) ;
#1009 = ADVANCED_FACE ( 'NONE', ( #3183 ), #4776, .T. ) ;
#1010 = AXIS2_PLACEMENT_3D ( 'NONE', #4187, #2331, #2702 ) ;
#1011 = CARTESIAN_POINT ( 'NONE',  ( 0.8750000000000000000, 3.750000000000000000, 2.024999999999999911 ) ) ;
#1012 = VERTEX_POINT ( 'NONE', #722 ) ;
#1013 = DIRECTION ( 'NONE',  ( 0.0000000000000000000, 1.000000000000000000, 0.0000000000000000000 ) ) ;
#1014 = DIRECTION ( 'NONE',  ( 1.000000000000000000, 0.0000000000000000000, 0.0000000000000000000 ) ) ;
#1015 = ORIENTED_EDGE ( 'NONE', *, *, #3914, .T. ) ;
#1016 = CARTESIAN_POINT ( 'NONE',  ( 2.274999999999999911, 0.6000000000000024203, 1.375000000000002442 ) ) ;
#1017 = DIRECTION ( 'NONE',  ( 0.0000000000000000000, 0.0000000000000000000, -1.000000000000000000 ) ) ;
#1018 = LINE ( 'NONE', #545, #3756 ) ;
#1019 = DIRECTION ( 'NONE',  ( 0.0000000000000000000, 1.000000000000000000, 0.0000000000000000000 ) ) ;
#1020 = CARTESIAN_POINT ( 'NONE',  ( -0.8249999999999999556, 1.649999999999999911, 2.024999999999999911 ) ) ;
#1021 = VERTEX_POINT ( 'NONE', #1835 ) ;
#1022 = ORIENTED_EDGE ( 'NONE', *, *, #1923, .T. ) ;
#1023 = FACE_OUTER_BOUND ( 'NONE', #2285, .T. ) ;
#1024 = EDGE_CURVE ( 'NONE', #1371, #2535, #4003, .T. ) ;
#1025 = ORIENTED_EDGE ( 'NONE', *, *, #2265, .F. ) ;
#1026 = DIRECTION ( 'NONE',  ( 0.0000000000000000000, 1.000000000000000000, -3.295974604355814534E-17 ) ) ;
#1027 = LINE ( 'NONE', #4414, #1971 ) ;
#1028 = AXIS2_PLACEMENT_3D ( 'NONE', #372, #1500, #4107 ) ;
#1029 = EDGE_LOOP ( 'NONE', ( #3673, #1976, #1735, #4190, #2993, #1150, #626, #3514, #464, #915, #4049, #388, #4217, #197, #3097, #2291, #3737, #1695, #3403, #3678, #2213, #4600, #193, #3908 ) ) ;
#1030 = CARTESIAN_POINT ( 'NONE',  ( -2.875000000000000000, 3.600000000000000977, -0.07499999999999998335 ) ) ;
#1031 = LINE ( 'NONE', #1757, #67 ) ;
#1032 = DIRECTION ( 'NONE',  ( -0.0000000000000000000, 1.000000000000000000, -0.0000000000000000000 ) ) ;
#1033 = DIRECTION ( 'NONE',  ( -0.0000000000000000000, 2.997602166487923448E-15, -1.000000000000000000 ) ) ;
#1034 = CARTESIAN_POINT ( 'NONE',  ( -2.475000000000000089, 3.600000000000000089, -1.425000000000000933 ) ) ;
#1035 = VECTOR ( 'NONE', #2477, 1000.000000000000000 ) ;
#1036 = EDGE_CURVE ( 'NONE', #4065, #4326, #1027, .T. ) ;
#1037 = EDGE_LOOP ( 'NONE', ( #597, #319, #3956, #3691, #2069, #1505, #3647, #4668, #2519, #689, #2558, #1022, #2048, #3946, #4785, #2377 ) ) ;
#1038 = LINE ( 'NONE', #234, #1276 ) ;
#1039 = AXIS2_PLACEMENT_3D ( 'NONE', #195, #215, #4256 ) ;
#1040 = LINE ( 'NONE', #1507, #73 ) ;
#1041 = DIRECTION ( 'NONE',  ( -0.0000000000000000000, 1.000000000000000000, 0.0000000000000000000 ) ) ;
#1042 = ADVANCED_FACE ( 'NONE', ( #3708 ), #3511, .F. ) ;
#1043 = EDGE_CURVE ( 'NONE', #4021, #2349, #1911, .T. ) ;
#1044 = CARTESIAN_POINT ( 'NONE',  ( -2.875000000000000000, 1.949999999999999956, 2.024999999999999911 ) ) ;
#1045 = LINE ( 'NONE', #1461, #877 ) ;
#1046 = PLANE ( 'NONE',  #4303 ) ;
#1047 = CARTESIAN_POINT ( 'NONE',  ( 0.8249999999999999556, 1.850000000000000089, -1.474999999999999867 ) ) ;
#1048 = DIRECTION ( 'NONE',  ( 0.0000000000000000000, -3.252606517456512513E-15, 1.000000000000000000 ) ) ;
#1049 = CARTESIAN_POINT ( 'NONE',  ( -2.274999999999999911, 4.249999999999992895, -0.07499999999999976130 ) ) ;
#1050 = LINE ( 'NONE', #624, #4497 ) ;
#1051 = ORIENTED_EDGE ( 'NONE', *, *, #4775, .F. ) ;
#1052 = CARTESIAN_POINT ( 'NONE',  ( 2.475000000000000089, 3.600000000000000089, -1.425000000000000933 ) ) ;
#1053 = VECTOR ( 'NONE', #2735, 1000.000000000000000 ) ;
#1054 = ORIENTED_EDGE ( 'NONE', *, *, #294, .T. ) ;
#1055 = VECTOR ( 'NONE', #1180, 1000.000000000000114 ) ;
#1056 = DIRECTION ( 'NONE',  ( -1.000000000000000000, 0.0000000000000000000, 0.0000000000000000000 ) ) ;
#1057 = VECTOR ( 'NONE', #1369, 1000.000000000000114 ) ;
#1058 = ADVANCED_FACE ( 'NONE', ( #745 ), #3492, .F. ) ;
#1059 = ORIENTED_EDGE ( 'NONE', *, *, #3496, .T. ) ;
#1060 = PLANE ( 'NONE',  #3880 ) ;
#1061 =( GEOMETRIC_REPRESENTATION_CONTEXT ( 3 ) GLOBAL_UNCERTAINTY_ASSIGNED_CONTEXT ( ( #4719 ) ) GLOBAL_UNIT_ASSIGNED_CONTEXT ( ( #4056, #2162, #304 ) ) REPRESENTATION_CONTEXT ( 'NONE', 'WORKASPACE' ) );
#1062 = VERTEX_POINT ( 'NONE', #1267 ) ;
#1063 = CARTESIAN_POINT ( 'NONE',  ( 0.7249999999999999778, 0.5547525681000000652, 2.024999999999999911 ) ) ;
#1064 = CARTESIAN_POINT ( 'NONE',  ( -2.500000000000000000, 4.250000000000000000, -0.07499999999999998335 ) ) ;
#1065 = DIRECTION ( 'NONE',  ( 1.000000000000000000, 0.0000000000000000000, 0.0000000000000000000 ) ) ;
#1066 = VECTOR ( 'NONE', #2095, 1000.000000000000000 ) ;
#1067 = VERTEX_POINT ( 'NONE', #2100 ) ;
#1068 = LINE ( 'NONE', #3381, #2869 ) ;
#1069 = PLANE ( 'NONE',  #3899 ) ;
#1070 = EDGE_LOOP ( 'NONE', ( #4269, #3615, #2357, #856 ) ) ;
#1071 = VECTOR ( 'NONE', #640, 1000.000000000000000 ) ;
#1072 = CARTESIAN_POINT ( 'NONE',  ( 2.875000000000000000, 1.000000000000000000, -1.525000000000000133 ) ) ;
#1073 = ORIENTED_EDGE ( 'NONE', *, *, #3516, .T. ) ;
#1074 = PLANE ( 'NONE',  #2933 ) ;
#1075 = DIRECTION ( 'NONE',  ( 0.0000000000000000000, 1.000000000000000000, 0.0000000000000000000 ) ) ;
#1076 = EDGE_CURVE ( 'NONE', #973, #2638, #1088, .T. ) ;
#1077 = EDGE_CURVE ( 'NONE', #4547, #3220, #2829, .T. ) ;
#1078 = ORIENTED_EDGE ( 'NONE', *, *, #3933, .T. ) ;
#1079 = CARTESIAN_POINT ( 'NONE',  ( 0.7249999999999999778, 1.000000000000000000, 1.525000000000000133 ) ) ;
#1080 = EDGE_LOOP ( 'NONE', ( #1164, #3498, #19, #3912 ) ) ;
#1081 = EDGE_CURVE ( 'NONE', #1021, #544, #2769, .T. ) ;
#1082 = FACE_OUTER_BOUND ( 'NONE', #3981, .T. ) ;
#1083 = ORIENTED_EDGE ( 'NONE', *, *, #1626, .T. ) ;
#1084 = LINE ( 'NONE', #1175, #4571 ) ;
#1085 = VECTOR ( 'NONE', #1809, 1000.000000000000000 ) ;
#1086 = DIRECTION ( 'NONE',  ( 0.0000000000000000000, -1.000000000000000000, 0.0000000000000000000 ) ) ;
#1087 = VERTEX_POINT ( 'NONE', #3901 ) ;
#1088 = LINE ( 'NONE', #3589, #411 ) ;
#1089 = VECTOR ( 'NONE', #4417, 1000.000000000000000 ) ;
#1090 = DIRECTION ( 'NONE',  ( 0.0000000000000000000, -1.000000000000000000, -3.219646771412953967E-15 ) ) ;
#1091 = CARTESIAN_POINT ( 'NONE',  ( -0.5250000000000000222, -0.6500000000000000222, -1.775000000000000133 ) ) ;
#1092 = EDGE_LOOP ( 'NONE', ( #1447, #2297, #52, #2137 ) ) ;
#1093 = DIRECTION ( 'NONE',  ( 0.0000000000000000000, 0.0000000000000000000, 1.000000000000000000 ) ) ;
#1094 = VECTOR ( 'NONE', #3947, 1000.000000000000000 ) ;
#1095 = AXIS2_PLACEMENT_3D ( 'NONE', #3877, #1702, #2776 ) ;
#1096 = CARTESIAN_POINT ( 'NONE',  ( -0.5150000000000000133, 0.0000000000000000000, -1.474999999999999867 ) ) ;
#1097 = CARTESIAN_POINT ( 'NONE',  ( 0.7249999999999998668, -0.6500000000000000222, -1.775000000000000133 ) ) ;
#1098 = EDGE_LOOP ( 'NONE', ( #2013, #3479, #2968, #1548 ) ) ;
#1099 = DIRECTION ( 'NONE',  ( 0.0000000000000000000, 1.000000000000000000, 2.552445434498790050E-15 ) ) ;
#1100 = DIRECTION ( 'NONE',  ( 1.000000000000000000, 0.0000000000000000000, 0.0000000000000000000 ) ) ;
#1101 = FACE_OUTER_BOUND ( 'NONE', #647, .T. ) ;
#1102 = VECTOR ( 'NONE', #1002, 1000.000000000000000 ) ;
#1103 = VECTOR ( 'NONE', #1657, 1000.000000000000000 ) ;
#1104 = LINE ( 'NONE', #3174, #2957 ) ;
#1105 = DIRECTION ( 'NONE',  ( -1.000000000000000000, 0.0000000000000000000, 0.0000000000000000000 ) ) ;
#1106 = EDGE_LOOP ( 'NONE', ( #1897, #1436, #4655, #4180 ) ) ;
#1107 = EDGE_CURVE ( 'NONE', #1177, #4065, #3177, .T. ) ;
#1108 = DIRECTION ( 'NONE',  ( 0.0000000000000000000, 1.000000000000000000, 3.219646771412953967E-15 ) ) ;
#1109 = LINE ( 'NONE', #2144, #1468 ) ;
#1110 = PLANE ( 'NONE',  #4335 ) ;
#1111 =( LENGTH_UNIT ( ) NAMED_UNIT ( * ) SI_UNIT ( .MILLI., .METRE. ) );
#1112 = ORIENTED_EDGE ( 'NONE', *, *, #1547, .T. ) ;
#1113 = LINE ( 'NONE', #4232, #4769 ) ;
#1114 = ADVANCED_FACE ( 'NONE', ( #2423 ), #3558, .T. ) ;
#1115 = PLANE ( 'NONE',  #4339 ) ;
#1116 = DIRECTION ( 'NONE',  ( 0.0000000000000000000, -1.000000000000000000, -4.336808689942024836E-15 ) ) ;
#1117 = LINE ( 'NONE', #935, #4772 ) ;
#1118 = CARTESIAN_POINT ( 'NONE',  ( 0.7249999999999999778, 1.850000000000000089, -1.698606797699999893 ) ) ;
#1119 = ORIENTED_EDGE ( 'NONE', *, *, #3704, .T. ) ;
#1120 = FACE_OUTER_BOUND ( 'NONE', #1291, .T. ) ;
#1121 = UNCERTAINTY_MEASURE_WITH_UNIT (LENGTH_MEASURE( 1.000000000000000082E-05 ), #1111, 'distance_accuracy_value', 'NONE');
#1122 = EDGE_CURVE ( 'NONE', #4389, #757, #1443, .T. ) ;
#1123 = EDGE_CURVE ( 'NONE', #1306, #1656, #2539, .T. ) ;
#1124 = EDGE_LOOP ( 'NONE', ( #3602, #518, #3045, #2590 ) ) ;
#1125 = CARTESIAN_POINT ( 'NONE',  ( 0.3749999999999998890, 2.750000000000000000, -0.4749999999999999778 ) ) ;
#1126 = ORIENTED_EDGE ( 'NONE', *, *, #1822, .T. ) ;
#1127 = EDGE_CURVE ( 'NONE', #442, #3706, #1627, .T. ) ;
#1128 = ORIENTED_EDGE ( 'NONE', *, *, #380, .F. ) ;
#1129 = DIRECTION ( 'NONE',  ( 0.0000000000000000000, 1.000000000000000000, 0.0000000000000000000 ) ) ;
#1130 = CARTESIAN_POINT ( 'NONE',  ( -0.8750000000000000000, 2.250000000000000000, -2.024999999999999911 ) ) ;
#1131 = AXIS2_PLACEMENT_3D ( 'NONE', #3727, #788, #3693 ) ;
#1132 = DIRECTION ( 'NONE',  ( 1.000000000000000000, 0.0000000000000000000, 0.0000000000000000000 ) ) ;
#1133 = DIRECTION ( 'NONE',  ( 0.0000000000000000000, 0.0000000000000000000, 1.000000000000000000 ) ) ;
#1134 = ORIENTED_EDGE ( 'NONE', *, *, #1076, .T. ) ;
#1135 = LINE ( 'NONE', #1634, #1841 ) ;
#1136 = ORIENTED_EDGE ( 'NONE', *, *, #4754, .T. ) ;
#1137 = CARTESIAN_POINT ( 'NONE',  ( 2.475000000000000089, 1.999999999999997780, -2.075000000000008615 ) ) ;
#1138 = EDGE_CURVE ( 'NONE', #3222, #510, #1575, .T. ) ;
#1139 = PLANE ( 'NONE',  #2472 ) ;
#1140 = AXIS2_PLACEMENT_3D ( 'NONE', #4160, #2685, #2669 ) ;
#1141 = ORIENTED_EDGE ( 'NONE', *, *, #2254, .F. ) ;
#1142 = LINE ( 'NONE', #2512, #4510 ) ;
#1143 = CARTESIAN_POINT ( 'NONE',  ( -2.274999999999999911, 3.600000000000000977, -0.07499999999999998335 ) ) ;
#1144 = CLOSED_SHELL ( 'NONE', ( #2098, #2374, #944, #4473, #1114, #537, #4696, #3599, #4063, #897, #2887, #580, #613, #1009, #649, #939, #31, #994 ) ) ;
#1145 = EDGE_CURVE ( 'NONE', #3832, #1062, #465, .T. ) ;
#1146 = DIRECTION ( 'NONE',  ( 0.0000000000000000000, 1.000000000000000000, 0.0000000000000000000 ) ) ;
#1147 = ORIENTED_EDGE ( 'NONE', *, *, #1467, .F. ) ;
#1148 = STYLED_ITEM ( 'NONE', ( #3367 ), #2280 ) ;
#1149 = LINE ( 'NONE', #3822, #1437 ) ;
#1150 = ORIENTED_EDGE ( 'NONE', *, *, #1802, .T. ) ;
#1151 = CARTESIAN_POINT ( 'NONE',  ( -2.274999999999999911, 0.6000000000000024203, 1.375000000000002442 ) ) ;
#1152 = EDGE_CURVE ( 'NONE', #2434, #798, #3065, .T. ) ;
#1153 = ORIENTED_EDGE ( 'NONE', *, *, #3101, .T. ) ;
#1154 = LINE ( 'NONE', #2578, #1329 ) ;
#1155 = CARTESIAN_POINT ( 'NONE',  ( -1.875000000000000000, 0.5000000000000000000, -1.474999999999999867 ) ) ;
#1156 = DIRECTION ( 'NONE',  ( 0.0000000000000000000, 1.000000000000000000, -3.295974604355814534E-17 ) ) ;
#1157 = DIRECTION ( 'NONE',  ( 1.000000000000000000, 0.0000000000000000000, -0.0000000000000000000 ) ) ;
#1158 = LINE ( 'NONE', #2964, #4745 ) ;
#1159 = ORIENTED_EDGE ( 'NONE', *, *, #1685, .F. ) ;
#1160 = LINE ( 'NONE', #201, #2833 ) ;
#1161 = CARTESIAN_POINT ( 'NONE',  ( -2.475000000000000089, 1.999999999999997780, -2.024999999999999911 ) ) ;
#1162 = EDGE_CURVE ( 'NONE', #1996, #4764, #516, .T. ) ;
#1163 = PRESENTATION_LAYER_ASSIGNMENT (  '', '', ( #2916 ) ) ;
#1164 = ORIENTED_EDGE ( 'NONE', *, *, #1127, .F. ) ;
#1165 = CARTESIAN_POINT ( 'NONE',  ( 1.875000000000000000, 3.750000000000000000, 2.025999999999999801 ) ) ;
#1166 = PLANE ( 'NONE',  #4124 ) ;
#1167 = DIRECTION ( 'NONE',  ( 0.0000000000000000000, 1.000000000000000000, 0.0000000000000000000 ) ) ;
#1168 = AXIS2_PLACEMENT_3D ( 'NONE', #2386, #1700, #1715 ) ;
#1169 = VECTOR ( 'NONE', #1370, 1000.000000000000000 ) ;
#1170 = VECTOR ( 'NONE', #1933, 1000.000000000000000 ) ;
#1171 = CARTESIAN_POINT ( 'NONE',  ( -2.475000000000000089, 3.599999999999999201, -0.07500000000000128786 ) ) ;
#1172 = LINE ( 'NONE', #3896, #180 ) ;
#1173 = DIRECTION ( 'NONE',  ( 0.0000000000000000000, 1.000000000000000000, 0.0000000000000000000 ) ) ;
#1174 = DIRECTION ( 'NONE',  ( -0.0000000000000000000, 1.000000000000000000, -0.0000000000000000000 ) ) ;
#1175 = CARTESIAN_POINT ( 'NONE',  ( 0.8249999999999999556, 1.649999999999999911, -1.474999999999999867 ) ) ;
#1176 = EDGE_CURVE ( 'NONE', #1919, #4002, #4053, .T. ) ;
#1177 = VERTEX_POINT ( 'NONE', #2514 ) ;
#1178 = AXIS2_PLACEMENT_3D ( 'NONE', #2896, #4750, #3277 ) ;
#1179 = DIRECTION ( 'NONE',  ( 0.0000000000000000000, 1.000000000000000000, -1.339206523454102177E-15 ) ) ;
#1180 = DIRECTION ( 'NONE',  ( 0.0000000000000000000, 0.6650335612228979176, -0.7468134723257140450 ) ) ;
#1181 = VECTOR ( 'NONE', #2958, 1000.000000000000000 ) ;
#1182 = ORIENTED_EDGE ( 'NONE', *, *, #2691, .T. ) ;
#1183 = VECTOR ( 'NONE', #819, 1000.000000000000000 ) ;
#1184 = EDGE_CURVE ( 'NONE', #1560, #4512, #2084, .T. ) ;
#1185 = CARTESIAN_POINT ( 'NONE',  ( -0.7249999999999999778, 1.649999999999999911, -1.025000000000000133 ) ) ;
#1186 = DIRECTION ( 'NONE',  ( 0.0000000000000000000, 0.0000000000000000000, -1.000000000000000000 ) ) ;
#1187 = PLANE ( 'NONE',  #2648 ) ;
#1188 = EDGE_CURVE ( 'NONE', #2892, #2719, #2712, .T. ) ;
#1189 = EDGE_LOOP ( 'NONE', ( #143, #1073, #172, #4226 ) ) ;
#1190 = ORIENTED_EDGE ( 'NONE', *, *, #4264, .F. ) ;
#1191 = CARTESIAN_POINT ( 'NONE',  ( 0.8249999999999999556, 1.850000000000000089, -1.698606797699999893 ) ) ;
#1192 = ADVANCED_FACE ( 'NONE', ( #4338 ), #3054, .F. ) ;
#1193 = LINE ( 'NONE', #334, #2804 ) ;
#1194 = EDGE_CURVE ( 'NONE', #3036, #2903, #1084, .T. ) ;
#1195 = ORIENTED_EDGE ( 'NONE', *, *, #932, .T. ) ;
#1196 = CARTESIAN_POINT ( 'NONE',  ( -2.274999999999999911, 2.000000000000000000, -2.024999999999999911 ) ) ;
#1197 = DIRECTION ( 'NONE',  ( 0.0000000000000000000, 0.0000000000000000000, 1.000000000000000000 ) ) ;
#1198 = ORIENTED_EDGE ( 'NONE', *, *, #1942, .F. ) ;
#1199 = ORIENTED_EDGE ( 'NONE', *, *, #4257, .T. ) ;
#1200 = CARTESIAN_POINT ( 'NONE',  ( 0.7249999999999999778, 1.850000000000000089, -2.024999999999999911 ) ) ;
#1201 = CARTESIAN_POINT ( 'NONE',  ( -0.5250000000000000222, 0.0000000000000000000, 2.024999999999999911 ) ) ;
#1202 = EDGE_LOOP ( 'NONE', ( #1227, #2753, #1764, #2549 ) ) ;
#1203 = DIRECTION ( 'NONE',  ( 1.000000000000000000, 0.0000000000000000000, 0.0000000000000000000 ) ) ;
#1204 = VECTOR ( 'NONE', #4783, 1000.000000000000000 ) ;
#1205 = ORIENTED_EDGE ( 'NONE', *, *, #1467, .T. ) ;
#1206 = EDGE_CURVE ( 'NONE', #1474, #2403, #1384, .T. ) ;
#1207 = CARTESIAN_POINT ( 'NONE',  ( 0.7249999999999998668, 0.05000000000000002359, -1.524999999999999689 ) ) ;
#1208 = ORIENTED_EDGE ( 'NONE', *, *, #1617, .F. ) ;
#1209 = PLANE ( 'NONE',  #2627 ) ;
#1210 = VECTOR ( 'NONE', #418, 999.9999999999998863 ) ;
#1211 = AXIS2_PLACEMENT_3D ( 'NONE', #4514, #1984, #479 ) ;
#1212 = EDGE_CURVE ( 'NONE', #4743, #2229, #4425, .T. ) ;
#1213 = VECTOR ( 'NONE', #717, 1000.000000000000000 ) ;
#1214 = DIRECTION ( 'NONE',  ( 0.0000000000000000000, 1.000000000000000000, 3.558407130208835834E-15 ) ) ;
#1215 = EDGE_CURVE ( 'NONE', #4051, #849, #4709, .T. ) ;
#1216 = ORIENTED_EDGE ( 'NONE', *, *, #3496, .F. ) ;
#1217 = EDGE_CURVE ( 'NONE', #91, #4045, #752, .T. ) ;
#1218 = DIRECTION ( 'NONE',  ( 0.0000000000000000000, 0.0000000000000000000, -1.000000000000000000 ) ) ;
#1219 = DIRECTION ( 'NONE',  ( 0.0000000000000000000, 0.0000000000000000000, -1.000000000000000000 ) ) ;
#1220 = ORIENTED_EDGE ( 'NONE', *, *, #1536, .T. ) ;
#1221 = DIRECTION ( 'NONE',  ( -0.0000000000000000000, 1.000000000000000000, -0.0000000000000000000 ) ) ;
#1222 = LINE ( 'NONE', #2754, #1452 ) ;
#1223 = EDGE_CURVE ( 'NONE', #3329, #429, #3012, .T. ) ;
#1224 = CARTESIAN_POINT ( 'NONE',  ( 1.375000000000000000, 3.750000000000000000, 0.02500000000000000139 ) ) ;
#1225 = DIRECTION ( 'NONE',  ( 0.0000000000000000000, 0.0000000000000000000, -1.000000000000000000 ) ) ;
#1226 = EDGE_CURVE ( 'NONE', #2671, #2071, #4633, .T. ) ;
#1227 = ORIENTED_EDGE ( 'NONE', *, *, #4172, .T. ) ;
#1228 = CARTESIAN_POINT ( 'NONE',  ( 1.175000000000000044, 2.550000000000000266, 2.024999999999999911 ) ) ;
#1229 = LINE ( 'NONE', #3989, #1169 ) ;
#1230 = DIRECTION ( 'NONE',  ( 0.0000000000000000000, -1.000000000000000000, 0.0000000000000000000 ) ) ;
#1231 = AXIS2_PLACEMENT_3D ( 'NONE', #2414, #1014, #1348 ) ;
#1232 = FACE_OUTER_BOUND ( 'NONE', #1241, .T. ) ;
#1233 = EDGE_CURVE ( 'NONE', #2278, #3286, #2824, .T. ) ;
#1234 = ORIENTED_EDGE ( 'NONE', *, *, #4519, .F. ) ;
#1235 = AXIS2_PLACEMENT_3D ( 'NONE', #223, #3984, #2797 ) ;
#1236 = DIRECTION ( 'NONE',  ( 1.000000000000000000, 0.0000000000000000000, 0.0000000000000000000 ) ) ;
#1237 = DIRECTION ( 'NONE',  ( 0.0000000000000000000, 1.000000000000000000, 0.0000000000000000000 ) ) ;
#1238 = EDGE_LOOP ( 'NONE', ( #1859, #3814, #4316, #3572 ) ) ;
#1239 = DIRECTION ( 'NONE',  ( 0.0000000000000000000, -3.212450881438532635E-15, 1.000000000000000000 ) ) ;
#1240 = VECTOR ( 'NONE', #2848, 1000.000000000000000 ) ;
#1241 = EDGE_LOOP ( 'NONE', ( #2345, #2546, #316, #2537 ) ) ;
#1242 = DIRECTION ( 'NONE',  ( 0.0000000000000000000, -1.000000000000000000, 0.0000000000000000000 ) ) ;
#1243 = LINE ( 'NONE', #4084, #4087 ) ;
#1244 = DIRECTION ( 'NONE',  ( 0.0000000000000000000, 0.0000000000000000000, 1.000000000000000000 ) ) ;
#1245 = DIRECTION ( 'NONE',  ( 1.000000000000000000, 0.0000000000000000000, 0.0000000000000000000 ) ) ;
#1246 = DIRECTION ( 'NONE',  ( -1.000000000000000000, -0.0000000000000000000, -0.0000000000000000000 ) ) ;
#1247 = VECTOR ( 'NONE', #4138, 1000.000000000000000 ) ;
#1248 = ORIENTED_EDGE ( 'NONE', *, *, #4219, .T. ) ;
#1249 = VECTOR ( 'NONE', #4632, 1000.000000000000000 ) ;
#1250 = VERTEX_POINT ( 'NONE', #3166 ) ;
#1251 = DIRECTION ( 'NONE',  ( -1.000000000000000000, 0.0000000000000000000, 0.0000000000000000000 ) ) ;
#1252 = LINE ( 'NONE', #152, #4101 ) ;
#1253 = ORIENTED_EDGE ( 'NONE', *, *, #2301, .T. ) ;
#1254 = VERTEX_POINT ( 'NONE', #3824 ) ;
#1255 = ORIENTED_EDGE ( 'NONE', *, *, #294, .F. ) ;
#1256 = VECTOR ( 'NONE', #3162, 1000.000000000000000 ) ;
#1257 = ORIENTED_EDGE ( 'NONE', *, *, #948, .F. ) ;
#1258 = AXIS2_PLACEMENT_3D ( 'NONE', #3451, #1203, #1186 ) ;
#1259 = DIRECTION ( 'NONE',  ( 0.0000000000000000000, 4.003208021484939327E-15, -1.000000000000000000 ) ) ;
#1260 = ORIENTED_EDGE ( 'NONE', *, *, #1675, .F. ) ;
#1261 = LINE ( 'NONE', #693, #1667 ) ;
#1262 = ADVANCED_FACE ( 'NONE', ( #2364 ), #882, .F. ) ;
#1263 = ORIENTED_EDGE ( 'NONE', *, *, #860, .F. ) ;
#1264 = DIRECTION ( 'NONE',  ( -1.000000000000000000, 0.0000000000000000000, 0.0000000000000000000 ) ) ;
#1265 = CARTESIAN_POINT ( 'NONE',  ( -2.875000000000000000, 0.6000000000000024203, 1.375000000000002442 ) ) ;
#1266 = LINE ( 'NONE', #2605, #276 ) ;
#1267 = CARTESIAN_POINT ( 'NONE',  ( 0.7349999999999999867, 1.850000000000000089, -2.024999999999999911 ) ) ;
#1268 = CARTESIAN_POINT ( 'NONE',  ( -0.4249999999999999889, 1.850000000000000089, -1.474999999999999867 ) ) ;
#1269 = PLANE ( 'NONE',  #3593 ) ;
#1270 = EDGE_CURVE ( 'NONE', #2229, #1379, #4748, .T. ) ;
#1271 = VERTEX_POINT ( 'NONE', #2063 ) ;
#1272 = ADVANCED_FACE ( 'NONE', ( #4699 ), #1710, .F. ) ;
#1273 = CARTESIAN_POINT ( 'NONE',  ( -1.175000000000000044, 2.550000000000000266, 2.024999999999999911 ) ) ;
#1274 = ORIENTED_EDGE ( 'NONE', *, *, #3026, .F. ) ;
#1275 = DIRECTION ( 'NONE',  ( 0.0000000000000000000, 1.000000000000000000, 0.0000000000000000000 ) ) ;
#1276 = VECTOR ( 'NONE', #1342, 1000.000000000000000 ) ;
#1277 = EDGE_CURVE ( 'NONE', #905, #4624, #2277, .T. ) ;
#1278 = LINE ( 'NONE', #2157, #1692 ) ;
#1279 = DIRECTION ( 'NONE',  ( 0.0000000000000000000, -1.000000000000000000, -3.219646771412953967E-15 ) ) ;
#1280 = VECTOR ( 'NONE', #599, 1000.000000000000000 ) ;
#1281 = CARTESIAN_POINT ( 'NONE',  ( 2.024999999999999911, 2.250000000000000000, -1.925000000000000933 ) ) ;
#1282 = EDGE_CURVE ( 'NONE', #4615, #3442, #2506, .T. ) ;
#1283 = EDGE_LOOP ( 'NONE', ( #4508, #572, #452, #3344 ) ) ;
#1284 = LINE ( 'NONE', #1899, #531 ) ;
#1285 = VECTOR ( 'NONE', #246, 1000.000000000000000 ) ;
#1286 = LINE ( 'NONE', #4218, #2954 ) ;
#1287 = LINE ( 'NONE', #2429, #2267 ) ;
#1288 = ORIENTED_EDGE ( 'NONE', *, *, #107, .T. ) ;
#1289 = DIRECTION ( 'NONE',  ( -1.000000000000000000, 0.0000000000000000000, 0.0000000000000000000 ) ) ;
#1290 = AXIS2_PLACEMENT_3D ( 'NONE', #3780, #173, #76 ) ;
#1291 = EDGE_LOOP ( 'NONE', ( #4307, #1331, #1567, #3869 ) ) ;
#1292 = VERTEX_POINT ( 'NONE', #238 ) ;
#1293 = CARTESIAN_POINT ( 'NONE',  ( 0.5150000000000000133, 1.000000000000000000, -1.025000000000000133 ) ) ;
#1294 =( LENGTH_UNIT ( ) NAMED_UNIT ( * ) SI_UNIT ( .MILLI., .METRE. ) );
#1295 = LINE ( 'NONE', #1703, #303 ) ;
#1296 = EDGE_LOOP ( 'NONE', ( #2240, #4710, #433, #4553 ) ) ;
#1297 = MECHANICAL_DESIGN_GEOMETRIC_PRESENTATION_REPRESENTATION (  '', ( #4462 ), #2074 ) ;
#1298 = DIRECTION ( 'NONE',  ( -0.0000000000000000000, -0.0000000000000000000, 1.000000000000000000 ) ) ;
#1299 = DIRECTION ( 'NONE',  ( 1.000000000000000000, 0.0000000000000000000, 0.0000000000000000000 ) ) ;
#1300 = LINE ( 'NONE', #2890, #1883 ) ;
#1301 = VERTEX_POINT ( 'NONE', #2830 ) ;
#1302 = EDGE_CURVE ( 'NONE', #3526, #949, #360, .T. ) ;
#1303 = EDGE_CURVE ( 'NONE', #4402, #2698, #432, .T. ) ;
#1304 = DIRECTION ( 'NONE',  ( 1.000000000000000000, 0.0000000000000000000, 8.673617379884027583E-16 ) ) ;
#1305 = DIRECTION ( 'NONE',  ( 0.0000000000000000000, 0.0000000000000000000, -1.000000000000000000 ) ) ;
#1306 = VERTEX_POINT ( 'NONE', #3848 ) ;
#1307 = ORIENTED_EDGE ( 'NONE', *, *, #2389, .T. ) ;
#1308 = CARTESIAN_POINT ( 'NONE',  ( 0.7349999999999999867, 1.000000000000000000, -1.025000000000000133 ) ) ;
#1309 = CARTESIAN_POINT ( 'NONE',  ( -0.7349999999999999867, 1.000000000000000000, -2.024999999999999911 ) ) ;
#1310 = ORIENTED_EDGE ( 'NONE', *, *, #1127, .T. ) ;
#1311 = ADVANCED_FACE ( 'NONE', ( #85 ), #870, .F. ) ;
#1312 = CARTESIAN_POINT ( 'NONE',  ( 0.5250000000000000222, 0.0000000000000000000, 0.0000000000000000000 ) ) ;
#1313 = VERTEX_POINT ( 'NONE', #512 ) ;
#1314 = FACE_OUTER_BOUND ( 'NONE', #2169, .T. ) ;
#1315 = EDGE_LOOP ( 'NONE', ( #637, #4334, #477, #4610 ) ) ;
#1316 = ADVANCED_FACE ( 'NONE', ( #3144 ), #2972, .F. ) ;
#1317 = ORIENTED_EDGE ( 'NONE', *, *, #629, .T. ) ;
#1318 = CARTESIAN_POINT ( 'NONE',  ( -2.274999999999999911, 2.250000000000000000, -2.024999999999999911 ) ) ;
#1319 = CARTESIAN_POINT ( 'NONE',  ( 2.875000000000000000, 4.250000000000000000, -2.024999999999999911 ) ) ;
#1320 = DIRECTION ( 'NONE',  ( 0.0000000000000000000, 0.0000000000000000000, 1.000000000000000000 ) ) ;
#1321 = CARTESIAN_POINT ( 'NONE',  ( 0.5249999999999999112, -0.6500000000000000222, -2.075000000000000178 ) ) ;
#1322 = ORIENTED_EDGE ( 'NONE', *, *, #1336, .T. ) ;
#1323 = ORIENTED_EDGE ( 'NONE', *, *, #1804, .F. ) ;
#1324 = DIRECTION ( 'NONE',  ( 0.0000000000000000000, 0.0000000000000000000, -1.000000000000000000 ) ) ;
#1325 = CARTESIAN_POINT ( 'NONE',  ( -2.274999999999999911, 2.250000000000000000, -2.024999999999999911 ) ) ;
#1326 = VECTOR ( 'NONE', #3488, 1000.000000000000000 ) ;
#1327 = ORIENTED_EDGE ( 'NONE', *, *, #3454, .T. ) ;
#1328 = CARTESIAN_POINT ( 'NONE',  ( -1.875000000000000000, 2.550000000000000266, -1.474999999999999867 ) ) ;
#1329 = VECTOR ( 'NONE', #4401, 1000.000000000000114 ) ;
#1330 = AXIS2_PLACEMENT_3D ( 'NONE', #4345, #3622, #228 ) ;
#1331 = ORIENTED_EDGE ( 'NONE', *, *, #555, .F. ) ;
#1332 = DIRECTION ( 'NONE',  ( 0.0000000000000000000, 1.000000000000000000, -3.295974604355814534E-17 ) ) ;
#1333 = DIRECTION ( 'NONE',  ( 0.0000000000000000000, -1.000000000000000000, 0.0000000000000000000 ) ) ;
#1334 = CARTESIAN_POINT ( 'NONE',  ( 0.5250000000000000222, 1.000000000000000000, 1.525000000000000133 ) ) ;
#1335 = ADVANCED_FACE ( 'NONE', ( #1704 ), #182, .T. ) ;
#1336 = EDGE_CURVE ( 'NONE', #847, #3857, #4252, .T. ) ;
#1337 = VECTOR ( 'NONE', #4004, 1000.000000000000000 ) ;
#1338 = VERTEX_POINT ( 'NONE', #4485 ) ;
#1339 = LINE ( 'NONE', #3419, #2662 ) ;
#1340 = DIRECTION ( 'NONE',  ( 1.000000000000000000, 0.0000000000000000000, -0.0000000000000000000 ) ) ;
#1341 = VECTOR ( 'NONE', #3585, 1000.000000000000000 ) ;
#1342 = DIRECTION ( 'NONE',  ( -0.0000000000000000000, 1.000000000000000000, -0.0000000000000000000 ) ) ;
#1343 = DIRECTION ( 'NONE',  ( 0.0000000000000000000, -1.000000000000000000, 0.0000000000000000000 ) ) ;
#1344 = FACE_OUTER_BOUND ( 'NONE', #1900, .T. ) ;
#1345 = CARTESIAN_POINT ( 'NONE',  ( 0.8249999999999999556, 1.649999999999999911, 2.024999999999999911 ) ) ;
#1346 = FACE_OUTER_BOUND ( 'NONE', #298, .T. ) ;
#1347 = ORIENTED_EDGE ( 'NONE', *, *, #3830, .F. ) ;
#1348 = DIRECTION ( 'NONE',  ( 0.0000000000000000000, 1.000000000000000000, 0.0000000000000000000 ) ) ;
#1349 = DIRECTION ( 'NONE',  ( 1.000000000000000000, 0.0000000000000000000, 0.0000000000000000000 ) ) ;
#1350 = DIRECTION ( 'NONE',  ( 1.000000000000000000, 0.0000000000000000000, 0.0000000000000000000 ) ) ;
#1351 = LINE ( 'NONE', #46, #3201 ) ;
#1352 = EDGE_LOOP ( 'NONE', ( #2502, #3656, #4250, #2758 ) ) ;
#1353 = DIRECTION ( 'NONE',  ( 0.0000000000000000000, 0.0000000000000000000, -1.000000000000000000 ) ) ;
#1354 = VECTOR ( 'NONE', #3211, 1000.000000000000000 ) ;
#1355 = VERTEX_POINT ( 'NONE', #821 ) ;
#1356 = CARTESIAN_POINT ( 'NONE',  ( -1.875000000000000000, 3.750000000000000000, 2.025999999999999801 ) ) ;
#1357 = EDGE_CURVE ( 'NONE', #3665, #265, #543, .T. ) ;
#1358 = FACE_OUTER_BOUND ( 'NONE', #4575, .T. ) ;
#1359 = ADVANCED_FACE ( 'NONE', ( #3911 ), #3353, .F. ) ;
#1360 = AXIS2_PLACEMENT_3D ( 'NONE', #1776, #2077, #4791 ) ;
#1361 = ORIENTED_EDGE ( 'NONE', *, *, #3143, .F. ) ;
#1362 = CARTESIAN_POINT ( 'NONE',  ( 1.175000000000000044, 1.850000000000000089, -1.474999999999999867 ) ) ;
#1363 = DIRECTION ( 'NONE',  ( 0.0000000000000000000, 2.997602166487923448E-15, -1.000000000000000000 ) ) ;
#1364 = EDGE_LOOP ( 'NONE', ( #1347, #3081, #1726, #3942, #2102, #2513, #4795, #2073 ) ) ;
#1365 = LINE ( 'NONE', #302, #3573 ) ;
#1366 = EDGE_CURVE ( 'NONE', #1800, #1250, #2906, .T. ) ;
#1367 = EDGE_CURVE ( 'NONE', #3961, #657, #3440, .T. ) ;
#1368 = VERTEX_POINT ( 'NONE', #2904 ) ;
#1369 = DIRECTION ( 'NONE',  ( 0.0000000000000000000, -0.6650335612228979176, -0.7468134723257140450 ) ) ;
#1370 = DIRECTION ( 'NONE',  ( 0.0000000000000000000, -1.000000000000000000, 0.0000000000000000000 ) ) ;
#1371 = VERTEX_POINT ( 'NONE', #656 ) ;
#1372 = VECTOR ( 'NONE', #2396, 1000.000000000000000 ) ;
#1373 = VERTEX_POINT ( 'NONE', #3631 ) ;
#1374 = FACE_OUTER_BOUND ( 'NONE', #279, .T. ) ;
#1375 = EDGE_CURVE ( 'NONE', #445, #4233, #1109, .T. ) ;
#1376 = CARTESIAN_POINT ( 'NONE',  ( 0.5250000000000000222, 1.850000000000000089, 2.024999999999999911 ) ) ;
#1377 = ORIENTED_EDGE ( 'NONE', *, *, #1923, .F. ) ;
#1378 = EDGE_CURVE ( 'NONE', #3826, #1292, #2215, .T. ) ;
#1379 = VERTEX_POINT ( 'NONE', #2340 ) ;
#1380 = CARTESIAN_POINT ( 'NONE',  ( 2.475000000000000089, 4.249999999999998224, -2.075000000000001510 ) ) ;
#1381 = CARTESIAN_POINT ( 'NONE',  ( -0.5250000000000000222, 0.5000000000000000000, -1.525000000000000133 ) ) ;
#1382 = ORIENTED_EDGE ( 'NONE', *, *, #4174, .T. ) ;
#1383 = VECTOR ( 'NONE', #1592, 1000.000000000000000 ) ;
#1384 = LINE ( 'NONE', #3820, #2002 ) ;
#1385 = PLANE ( 'NONE',  #4534 ) ;
#1386 = CARTESIAN_POINT ( 'NONE',  ( -1.175000000000000044, 1.850000000000000089, -1.474999999999999867 ) ) ;
#1387 = PLANE ( 'NONE',  #3282 ) ;
#1388 = ORIENTED_EDGE ( 'NONE', *, *, #2199, .T. ) ;
#1389 = EDGE_CURVE ( 'NONE', #3319, #55, #2561, .T. ) ;
#1390 = AXIS2_PLACEMENT_3D ( 'NONE', #521, #3105, #3122 ) ;
#1391 = ADVANCED_FACE ( 'NONE', ( #3794 ), #2533, .F. ) ;
#1392 = ORIENTED_EDGE ( 'NONE', *, *, #2197, .F. ) ;
#1393 = EDGE_CURVE ( 'NONE', #2416, #3220, #486, .T. ) ;
#1394 = ORIENTED_EDGE ( 'NONE', *, *, #3312, .T. ) ;
#1395 = DIRECTION ( 'NONE',  ( 0.0000000000000000000, 0.0000000000000000000, 1.000000000000000000 ) ) ;
#1396 = CARTESIAN_POINT ( 'NONE',  ( -0.5250000000000000222, 1.850000000000000089, -1.698606797699999893 ) ) ;
#1397 = ORIENTED_EDGE ( 'NONE', *, *, #2371, .T. ) ;
#1398 = DIRECTION ( 'NONE',  ( 0.0000000000000000000, -1.000000000000000000, 0.0000000000000000000 ) ) ;
#1399 = DIRECTION ( 'NONE',  ( 0.0000000000000000000, 1.000000000000000000, 4.336808689942024836E-15 ) ) ;
#1400 = FACE_BOUND ( 'NONE', #3251, .T. ) ;
#1401 = EDGE_CURVE ( 'NONE', #3783, #4768, #1295, .T. ) ;
#1402 = FACE_OUTER_BOUND ( 'NONE', #1352, .T. ) ;
#1403 = VECTOR ( 'NONE', #3088, 1000.000000000000000 ) ;
#1404 = VECTOR ( 'NONE', #1632, 1000.000000000000000 ) ;
#1405 = DIRECTION ( 'NONE',  ( 0.0000000000000000000, 0.0000000000000000000, 1.000000000000000000 ) ) ;
#1406 = ORIENTED_EDGE ( 'NONE', *, *, #100, .T. ) ;
#1407 = ADVANCED_FACE ( 'NONE', ( #3557 ), #77, .T. ) ;
#1408 = ORIENTED_EDGE ( 'NONE', *, *, #4426, .F. ) ;
#1409 = DIRECTION ( 'NONE',  ( -1.000000000000000000, 0.0000000000000000000, 0.0000000000000000000 ) ) ;
#1410 = AXIS2_PLACEMENT_3D ( 'NONE', #1934, #106, #2680 ) ;
#1411 = FACE_OUTER_BOUND ( 'NONE', #511, .T. ) ;
#1412 = ORIENTED_EDGE ( 'NONE', *, *, #281, .T. ) ;
#1413 = VECTOR ( 'NONE', #1197, 1000.000000000000000 ) ;
#1414 = ADVANCED_FACE ( 'NONE', ( #2392 ), #413, .F. ) ;
#1415 = DIRECTION ( 'NONE',  ( -1.000000000000000000, 0.0000000000000000000, 0.0000000000000000000 ) ) ;
#1416 = PLANE ( 'NONE',  #1330 ) ;
#1417 = VECTOR ( 'NONE', #1129, 1000.000000000000000 ) ;
#1418 = VERTEX_POINT ( 'NONE', #2262 ) ;
#1419 = MECHANICAL_DESIGN_GEOMETRIC_PRESENTATION_REPRESENTATION (  '', ( #4493 ), #1669 ) ;
#1420 = LINE ( 'NONE', #703, #1006 ) ;
#1421 = VERTEX_POINT ( 'NONE', #2994 ) ;
#1422 = CARTESIAN_POINT ( 'NONE',  ( -2.274999999999999911, 3.600000000000000977, -0.07499999999999998335 ) ) ;
#1423 = LINE ( 'NONE', #2412, #198 ) ;
#1424 = ORIENTED_EDGE ( 'NONE', *, *, #3210, .F. ) ;
#1425 = DIRECTION ( 'NONE',  ( -1.000000000000000000, -0.0000000000000000000, -0.0000000000000000000 ) ) ;
#1426 = ORIENTED_EDGE ( 'NONE', *, *, #4694, .T. ) ;
#1427 = EDGE_CURVE ( 'NONE', #737, #4206, #1939, .T. ) ;
#1428 = VERTEX_POINT ( 'NONE', #726 ) ;
#1429 = FACE_OUTER_BOUND ( 'NONE', #3273, .T. ) ;
#1430 = PLANE ( 'NONE',  #4229 ) ;
#1431 = CARTESIAN_POINT ( 'NONE',  ( 0.7249999999999999778, 0.0000000000000000000, -1.525000000000000133 ) ) ;
#1432 = EDGE_CURVE ( 'NONE', #4170, #4261, #3317, .T. ) ;
#1433 = EDGE_CURVE ( 'NONE', #2631, #395, #4767, .T. ) ;
#1434 = VERTEX_POINT ( 'NONE', #4470 ) ;
#1435 = CARTESIAN_POINT ( 'NONE',  ( 0.7249999999999998668, 0.3500000000000000333, -2.024999999999999911 ) ) ;
#1436 = ORIENTED_EDGE ( 'NONE', *, *, #4076, .F. ) ;
#1437 = VECTOR ( 'NONE', #3082, 1000.000000000000000 ) ;
#1438 = EDGE_CURVE ( 'NONE', #757, #1368, #4022, .T. ) ;
#1439 = CARTESIAN_POINT ( 'NONE',  ( 0.7349999999999999867, 1.000000000000000000, -1.025000000000000133 ) ) ;
#1440 = ORIENTED_EDGE ( 'NONE', *, *, #1824, .F. ) ;
#1441 = ORIENTED_EDGE ( 'NONE', *, *, #1782, .F. ) ;
#1442 = CARTESIAN_POINT ( 'NONE',  ( -2.274999999999999911, 3.600000000000000977, -0.07499999999999998335 ) ) ;
#1443 = LINE ( 'NONE', #1318, #967 ) ;
#1444 = DIRECTION ( 'NONE',  ( -1.000000000000000000, -0.0000000000000000000, -0.0000000000000000000 ) ) ;
#1445 = DIRECTION ( 'NONE',  ( -1.000000000000000000, 0.0000000000000000000, 0.0000000000000000000 ) ) ;
#1446 = AXIS2_PLACEMENT_3D ( 'NONE', #444, #756, #1167 ) ;
#1447 = ORIENTED_EDGE ( 'NONE', *, *, #865, .T. ) ;
#1448 = VECTOR ( 'NONE', #4732, 1000.000000000000000 ) ;
#1449 = CARTESIAN_POINT ( 'NONE',  ( -1.175000000000000044, 1.850000000000000089, -1.474999999999999867 ) ) ;
#1450 = DIRECTION ( 'NONE',  ( 0.0000000000000000000, -1.000000000000000000, 0.0000000000000000000 ) ) ;
#1451 = CARTESIAN_POINT ( 'NONE',  ( 2.475000000000000089, 2.224999999999998757, -2.025000000000007905 ) ) ;
#1452 = VECTOR ( 'NONE', #2435, 1000.000000000000000 ) ;
#1453 = EDGE_CURVE ( 'NONE', #4002, #2054, #2794, .T. ) ;
#1454 = ORIENTED_EDGE ( 'NONE', *, *, #1223, .T. ) ;
#1455 = LINE ( 'NONE', #993, #1337 ) ;
#1456 = CARTESIAN_POINT ( 'NONE',  ( -0.5250000000000000222, 0.3500000000000000333, -2.024999999999999911 ) ) ;
#1457 = ORIENTED_EDGE ( 'NONE', *, *, #4626, .T. ) ;
#1458 = ADVANCED_FACE ( 'NONE', ( #2051 ), #4490, .T. ) ;
#1459 = DIRECTION ( 'NONE',  ( 0.0000000000000000000, 0.0000000000000000000, -1.000000000000000000 ) ) ;
#1460 = CARTESIAN_POINT ( 'NONE',  ( -2.375000000000000000, 3.750000000000000000, 2.024999999999999911 ) ) ;
#1461 = CARTESIAN_POINT ( 'NONE',  ( 2.475000000000000089, 4.249999999999998224, -2.075000000000001510 ) ) ;
#1462 = ADVANCED_FACE ( 'NONE', ( #1818 ), #1477, .T. ) ;
#1463 = CARTESIAN_POINT ( 'NONE',  ( 2.875000000000000000, 2.000000000000000000, -1.425000000000000044 ) ) ;
#1464 = CARTESIAN_POINT ( 'NONE',  ( 2.274999999999999911, 1.999999999999997780, -2.075000000000008615 ) ) ;
#1465 = LINE ( 'NONE', #3359, #3905 ) ;
#1466 = VERTEX_POINT ( 'NONE', #3373 ) ;
#1467 = EDGE_CURVE ( 'NONE', #2229, #178, #827, .T. ) ;
#1468 = VECTOR ( 'NONE', #893, 1000.000000000000000 ) ;
#1469 = EDGE_LOOP ( 'NONE', ( #1584, #1483, #2415, #4324 ) ) ;
#1470 = LINE ( 'NONE', #2323, #306 ) ;
#1471 = CARTESIAN_POINT ( 'NONE',  ( 1.875000000000000000, 3.750000000000000000, -2.024999999999999911 ) ) ;
#1472 = DIRECTION ( 'NONE',  ( -1.000000000000000000, -0.0000000000000000000, -0.0000000000000000000 ) ) ;
#1473 = VECTOR ( 'NONE', #4271, 1000.000000000000000 ) ;
#1474 = VERTEX_POINT ( 'NONE', #2636 ) ;
#1475 = DIRECTION ( 'NONE',  ( 0.0000000000000000000, 0.0000000000000000000, 1.000000000000000000 ) ) ;
#1476 = PLANE ( 'NONE',  #2066 ) ;
#1477 = PLANE ( 'NONE',  #3115 ) ;
#1478 = VECTOR ( 'NONE', #2244, 1000.000000000000000 ) ;
#1479 = ORIENTED_EDGE ( 'NONE', *, *, #1981, .F. ) ;
#1480 = PLANE ( 'NONE',  #2865 ) ;
#1481 = DIRECTION ( 'NONE',  ( 1.000000000000000000, 0.0000000000000000000, 0.0000000000000000000 ) ) ;
#1482 = CARTESIAN_POINT ( 'NONE',  ( -0.5150000000000000133, 1.850000000000000089, -1.025000000000000133 ) ) ;
#1483 = ORIENTED_EDGE ( 'NONE', *, *, #4593, .F. ) ;
#1484 = ADVANCED_FACE ( 'NONE', ( #1411 ), #741, .F. ) ;
#1485 = CARTESIAN_POINT ( 'NONE',  ( -2.475000000000000089, 4.249999999999992895, -0.07499999999999976130 ) ) ;
#1486 = FACE_OUTER_BOUND ( 'NONE', #707, .T. ) ;
#1487 = AXIS2_PLACEMENT_3D ( 'NONE', #4249, #1264, #3897 ) ;
#1488 = MANIFOLD_SOLID_BREP ( 'Combine3', #2255 ) ;
#1489 = ORIENTED_EDGE ( 'NONE', *, *, #1277, .T. ) ;
#1490 = VERTEX_POINT ( 'NONE', #3764 ) ;
#1491 = DIRECTION ( 'NONE',  ( 1.000000000000000000, 0.0000000000000000000, 0.0000000000000000000 ) ) ;
#1492 = ADVANCED_FACE ( 'NONE', ( #1594 ), #1110, .T. ) ;
#1493 = VERTEX_POINT ( 'NONE', #1517 ) ;
#1494 = LINE ( 'NONE', #10, #2182 ) ;
#1495 = EDGE_CURVE ( 'NONE', #3566, #4424, #3497, .T. ) ;
#1496 = ORIENTED_EDGE ( 'NONE', *, *, #3613, .F. ) ;
#1497 = EDGE_CURVE ( 'NONE', #4764, #4768, #4588, .T. ) ;
#1498 = CARTESIAN_POINT ( 'NONE',  ( -2.475000000000000089, 1.999999999999997780, -2.075000000000008615 ) ) ;
#1499 = ORIENTED_EDGE ( 'NONE', *, *, #100, .F. ) ;
#1500 = DIRECTION ( 'NONE',  ( 0.0000000000000000000, -1.000000000000000000, 0.0000000000000000000 ) ) ;
#1501 = CARTESIAN_POINT ( 'NONE',  ( -1.875000000000000000, 2.550000000000000266, -1.474999999999999867 ) ) ;
#1502 = SURFACE_STYLE_FILL_AREA ( #1732 ) ;
#1503 = CARTESIAN_POINT ( 'NONE',  ( -0.5250000000000000222, 1.350000000000000089, 1.525000000000000133 ) ) ;
#1504 = EDGE_CURVE ( 'NONE', #1956, #2903, #2326, .T. ) ;
#1505 = ORIENTED_EDGE ( 'NONE', *, *, #481, .T. ) ;
#1506 = CARTESIAN_POINT ( 'NONE',  ( -2.875000000000000000, 1.950000000000002176, 1.375000000000006883 ) ) ;
#1507 = CARTESIAN_POINT ( 'NONE',  ( 0.5250000000000000222, 0.5000000000000000000, 0.0000000000000000000 ) ) ;
#1508 = ORIENTED_EDGE ( 'NONE', *, *, #4268, .F. ) ;
#1509 = DIRECTION ( 'NONE',  ( 0.0000000000000000000, 0.0000000000000000000, 1.000000000000000000 ) ) ;
#1510 = LINE ( 'NONE', #1125, #1210 ) ;
#1511 = CARTESIAN_POINT ( 'NONE',  ( -2.475000000000000089, 4.249999999999992895, -0.07499999999999976130 ) ) ;
#1512 = DIRECTION ( 'NONE',  ( 0.0000000000000000000, 1.000000000000000000, 3.558407130208835834E-15 ) ) ;
#1513 = ORIENTED_EDGE ( 'NONE', *, *, #1270, .T. ) ;
#1514 = ADVANCED_FACE ( 'NONE', ( #1344 ), #2715, .T. ) ;
#1515 = CARTESIAN_POINT ( 'NONE',  ( -0.7249999999999999778, 0.3500000000000000333, -2.024999999999999911 ) ) ;
#1516 = ORIENTED_EDGE ( 'NONE', *, *, #3754, .T. ) ;
#1517 = CARTESIAN_POINT ( 'NONE',  ( -2.875000000000000000, 1.949999999999999512, 2.025000000000007017 ) ) ;
#1518 = DIRECTION ( 'NONE',  ( 0.0000000000000000000, 1.000000000000000000, 0.0000000000000000000 ) ) ;
#1519 = PLANE ( 'NONE',  #2316 ) ;
#1520 = VECTOR ( 'NONE', #791, 1000.000000000000000 ) ;
#1521 = EDGE_CURVE ( 'NONE', #2931, #3294, #179, .T. ) ;
#1522 = LINE ( 'NONE', #3570, #1341 ) ;
#1523 = ORIENTED_EDGE ( 'NONE', *, *, #331, .T. ) ;
#1524 = LINE ( 'NONE', #2589, #417 ) ;
#1525 = DIRECTION ( 'NONE',  ( -0.0000000000000000000, -0.0000000000000000000, 1.000000000000000000 ) ) ;
#1526 = DIRECTION ( 'NONE',  ( 0.0000000000000000000, -1.000000000000000000, -4.336808689942024836E-15 ) ) ;
#1527 = LINE ( 'NONE', #353, #4017 ) ;
#1528 = VERTEX_POINT ( 'NONE', #848 ) ;
#1529 = LINE ( 'NONE', #2521, #1870 ) ;
#1530 = EDGE_CURVE ( 'NONE', #4, #205, #3724, .T. ) ;
#1531 = CARTESIAN_POINT ( 'NONE',  ( 2.024999999999999911, 2.250000000000000000, -1.925000000000000933 ) ) ;
#1532 = CARTESIAN_POINT ( 'NONE',  ( -0.7249999999999999778, 0.05000000000000002359, -1.775000000000000133 ) ) ;
#1533 =( NAMED_UNIT ( * ) SI_UNIT ( $, .STERADIAN. ) SOLID_ANGLE_UNIT ( ) );
#1534 = DIRECTION ( 'NONE',  ( -0.0000000000000000000, 1.000000000000000000, 0.0000000000000000000 ) ) ;
#1535 = VERTEX_POINT ( 'NONE', #2313 ) ;
#1536 = EDGE_CURVE ( 'NONE', #2411, #483, #16, .T. ) ;
#1537 = ORIENTED_EDGE ( 'NONE', *, *, #2234, .T. ) ;
#1538 = CARTESIAN_POINT ( 'NONE',  ( 2.475000000000000089, 3.599999999999999201, -0.07500000000000128786 ) ) ;
#1539 = DIRECTION ( 'NONE',  ( 0.0000000000000000000, -1.000000000000000000, 0.0000000000000000000 ) ) ;
#1540 = VECTOR ( 'NONE', #2025, 1000.000000000000000 ) ;
#1541 = DIRECTION ( 'NONE',  ( 0.0000000000000000000, 1.000000000000000000, 0.0000000000000000000 ) ) ;
#1542 = ADVANCED_FACE ( 'NONE', ( #3133 ), #2360, .T. ) ;
#1543 = PLANE ( 'NONE',  #3427 ) ;
#1544 = ORIENTED_EDGE ( 'NONE', *, *, #1233, .T. ) ;
#1545 = LINE ( 'NONE', #1875, #715 ) ;
#1546 = EDGE_CURVE ( 'NONE', #3742, #2978, #3611, .T. ) ;
#1547 = EDGE_CURVE ( 'NONE', #1610, #2398, #759, .T. ) ;
#1548 = ORIENTED_EDGE ( 'NONE', *, *, #3387, .F. ) ;
#1549 = CARTESIAN_POINT ( 'NONE',  ( 1.875000000000000000, 1.850000000000000089, -1.474999999999999867 ) ) ;
#1550 = ORIENTED_EDGE ( 'NONE', *, *, #3371, .F. ) ;
#1551 = DIRECTION ( 'NONE',  ( 0.0000000000000000000, -1.000000000000000000, -4.336808689942024836E-15 ) ) ;
#1552 = CARTESIAN_POINT ( 'NONE',  ( -0.5250000000000000222, -0.004464445899999999919, 0.003975566199999999890 ) ) ;
#1553 = ORIENTED_EDGE ( 'NONE', *, *, #538, .T. ) ;
#1554 = ORIENTED_EDGE ( 'NONE', *, *, #207, .T. ) ;
#1555 = EDGE_CURVE ( 'NONE', #619, #4372, #4474, .T. ) ;
#1556 = CARTESIAN_POINT ( 'NONE',  ( -1.375000000000000000, 3.149999999999999911, -2.024999999999999911 ) ) ;
#1557 = CARTESIAN_POINT ( 'NONE',  ( 0.7249999999999999778, 0.0000000000000000000, -2.024999999999999911 ) ) ;
#1558 = DIRECTION ( 'NONE',  ( -1.000000000000000000, 0.0000000000000000000, 0.0000000000000000000 ) ) ;
#1559 = ORIENTED_EDGE ( 'NONE', *, *, #4035, .T. ) ;
#1560 = VERTEX_POINT ( 'NONE', #4568 ) ;
#1561 = LINE ( 'NONE', #988, #2587 ) ;
#1562 = CARTESIAN_POINT ( 'NONE',  ( -0.7249999999999999778, 0.05000000000000002359, -1.524999999999999689 ) ) ;
#1563 = ORIENTED_EDGE ( 'NONE', *, *, #1797, .T. ) ;
#1564 = EDGE_CURVE ( 'NONE', #1271, #4051, #3375, .T. ) ;
#1565 = EDGE_CURVE ( 'NONE', #3839, #4002, #2727, .T. ) ;
#1566 = CARTESIAN_POINT ( 'NONE',  ( 1.875000000000000000, 3.750000000000000000, -2.024999999999999911 ) ) ;
#1567 = ORIENTED_EDGE ( 'NONE', *, *, #3714, .F. ) ;
#1568 = ADVANCED_FACE ( 'NONE', ( #2211 ), #3811, .T. ) ;
#1569 = LINE ( 'NONE', #1993, #2243 ) ;
#1570 = DIRECTION ( 'NONE',  ( -1.000000000000000000, 0.0000000000000000000, 0.0000000000000000000 ) ) ;
#1571 = ORIENTED_EDGE ( 'NONE', *, *, #2783, .F. ) ;
#1572 = DIRECTION ( 'NONE',  ( 0.0000000000000000000, -1.000000000000000000, 0.0000000000000000000 ) ) ;
#1573 = DIRECTION ( 'NONE',  ( -1.000000000000000000, 0.0000000000000000000, 0.0000000000000000000 ) ) ;
#1574 = ORIENTED_EDGE ( 'NONE', *, *, #4164, .T. ) ;
#1575 = LINE ( 'NONE', #2483, #3588 ) ;
#1576 =( NAMED_UNIT ( * ) PLANE_ANGLE_UNIT ( ) SI_UNIT ( $, .RADIAN. ) );
#1577 = EDGE_CURVE ( 'NONE', #2411, #3835, #4245, .T. ) ;
#1578 = VECTOR ( 'NONE', #2882, 1000.000000000000000 ) ;
#1579 = ORIENTED_EDGE ( 'NONE', *, *, #210, .F. ) ;
#1580 = EDGE_CURVE ( 'NONE', #4091, #2138, #1286, .T. ) ;
#1581 = VERTEX_POINT ( 'NONE', #3827 ) ;
#1582 = LINE ( 'NONE', #3892, #2260 ) ;
#1583 = DIRECTION ( 'NONE',  ( 0.0000000000000000000, 0.0000000000000000000, -1.000000000000000000 ) ) ;
#1584 = ORIENTED_EDGE ( 'NONE', *, *, #1438, .T. ) ;
#1585 = AXIS2_PLACEMENT_3D ( 'NONE', #594, #2473, #3199 ) ;
#1586 = VECTOR ( 'NONE', #1687, 1000.000000000000000 ) ;
#1587 = FACE_OUTER_BOUND ( 'NONE', #3114, .T. ) ;
#1588 = DIRECTION ( 'NONE',  ( -1.000000000000000000, 0.0000000000000000000, 0.0000000000000000000 ) ) ;
#1589 = VECTOR ( 'NONE', #3560, 1000.000000000000000 ) ;
#1590 = ORIENTED_EDGE ( 'NONE', *, *, #811, .T. ) ;
#1591 = VECTOR ( 'NONE', #3206, 1000.000000000000000 ) ;
#1592 = DIRECTION ( 'NONE',  ( 0.0000000000000000000, 0.0000000000000000000, -1.000000000000000000 ) ) ;
#1593 = ADVANCED_FACE ( 'NONE', ( #3604 ), #1965, .T. ) ;
#1594 = FACE_OUTER_BOUND ( 'NONE', #3257, .T. ) ;
#1595 = VECTOR ( 'NONE', #4129, 1000.000000000000000 ) ;
#1596 = EDGE_LOOP ( 'NONE', ( #32, #4792, #3639, #4596, #3881, #2651 ) ) ;
#1597 = CARTESIAN_POINT ( 'NONE',  ( 1.875000000000000000, 1.850000000000000089, 2.024999999999999911 ) ) ;
#1598 = DIRECTION ( 'NONE',  ( 0.0000000000000000000, -1.000000000000000000, 0.0000000000000000000 ) ) ;
#1599 = VECTOR ( 'NONE', #1570, 1000.000000000000000 ) ;
#1600 = EDGE_CURVE ( 'NONE', #4332, #2006, #2097, .T. ) ;
#1601 = VERTEX_POINT ( 'NONE', #2791 ) ;
#1602 = LINE ( 'NONE', #2658, #3149 ) ;
#1603 = CARTESIAN_POINT ( 'NONE',  ( 1.375000000000000000, 3.149999999999999911, -2.024999999999999911 ) ) ;
#1604 = DIRECTION ( 'NONE',  ( 1.000000000000000000, 0.0000000000000000000, 0.0000000000000000000 ) ) ;
#1605 = ORIENTED_EDGE ( 'NONE', *, *, #217, .F. ) ;
#1606 = ORIENTED_EDGE ( 'NONE', *, *, #836, .T. ) ;
#1607 = LINE ( 'NONE', #4037, #611 ) ;
#1608 = DIRECTION ( 'NONE',  ( 1.000000000000000000, 0.0000000000000000000, -0.0000000000000000000 ) ) ;
#1609 = PLANE ( 'NONE',  #725 ) ;
#1610 = VERTEX_POINT ( 'NONE', #4611 ) ;
#1611 = ORIENTED_EDGE ( 'NONE', *, *, #3540, .F. ) ;
#1612 = CARTESIAN_POINT ( 'NONE',  ( 1.375000000000000000, 3.750000000000000000, -2.024999999999999911 ) ) ;
#1613 = ORIENTED_EDGE ( 'NONE', *, *, #4076, .T. ) ;
#1614 = VECTOR ( 'NONE', #1541, 1000.000000000000000 ) ;
#1615 = ORIENTED_EDGE ( 'NONE', *, *, #1212, .T. ) ;
#1616 = ADVANCED_FACE ( 'NONE', ( #2496 ), #3862, .T. ) ;
#1617 = EDGE_CURVE ( 'NONE', #4492, #3635, #4703, .T. ) ;
#1618 = ORIENTED_EDGE ( 'NONE', *, *, #4018, .T. ) ;
#1619 = CARTESIAN_POINT ( 'NONE',  ( -0.5250000000000000222, 0.3499999999999999778, -2.075000000000000178 ) ) ;
#1620 = CARTESIAN_POINT ( 'NONE',  ( -0.7249999999999999778, 1.350000000000000089, 0.0000000000000000000 ) ) ;
#1621 = VECTOR ( 'NONE', #2036, 1000.000000000000000 ) ;
#1622 = AXIS2_PLACEMENT_3D ( 'NONE', #61, #746, #1518 ) ;
#1623 = ORIENTED_EDGE ( 'NONE', *, *, #4152, .F. ) ;
#1624 = ORIENTED_EDGE ( 'NONE', *, *, #4379, .T. ) ;
#1625 = LINE ( 'NONE', #1143, #3171 ) ;
#1626 = EDGE_CURVE ( 'NONE', #4387, #2978, #1982, .T. ) ;
#1627 = LINE ( 'NONE', #2786, #1796 ) ;
#1628 = ORIENTED_EDGE ( 'NONE', *, *, #4020, .T. ) ;
#1629 = VECTOR ( 'NONE', #662, 1000.000000000000000 ) ;
#1630 = EDGE_CURVE ( 'NONE', #847, #3491, #529, .T. ) ;
#1631 = EDGE_CURVE ( 'NONE', #492, #450, #3368, .T. ) ;
#1632 = DIRECTION ( 'NONE',  ( 0.0000000000000000000, -1.000000000000000000, 0.0000000000000000000 ) ) ;
#1633 = ORIENTED_EDGE ( 'NONE', *, *, #1504, .T. ) ;
#1634 = CARTESIAN_POINT ( 'NONE',  ( 1.375000000000000000, 3.750000000000000000, 0.02500000000000000139 ) ) ;
#1635 = LINE ( 'NONE', #3662, #3890 ) ;
#1636 = CARTESIAN_POINT ( 'NONE',  ( 2.274999999999999911, 1.950000000000002176, 1.375000000000006883 ) ) ;
#1637 = UNCERTAINTY_MEASURE_WITH_UNIT (LENGTH_MEASURE( 1.000000000000000082E-05 ), #2103, 'distance_accuracy_value', 'NONE');
#1638 = CARTESIAN_POINT ( 'NONE',  ( -2.475000000000000089, 3.599999999999999201, -0.07500000000000128786 ) ) ;
#1639 = VECTOR ( 'NONE', #390, 1000.000000000000000 ) ;
#1640 = EDGE_CURVE ( 'NONE', #4170, #3617, #983, .T. ) ;
#1641 = EDGE_LOOP ( 'NONE', ( #3721, #3994, #3844, #2485 ) ) ;
#1642 = PLANE ( 'NONE',  #1290 ) ;
#1643 = AXIS2_PLACEMENT_3D ( 'NONE', #998, #964, #2444 ) ;
#1644 = CARTESIAN_POINT ( 'NONE',  ( 2.274999999999999911, 3.600000000000000089, -1.425000000000000933 ) ) ;
#1645 = CARTESIAN_POINT ( 'NONE',  ( -2.274999999999999911, 0.6000000000000076383, -0.2249999999999982014 ) ) ;
#1646 = VECTOR ( 'NONE', #1481, 1000.000000000000000 ) ;
#1647 = ORIENTED_EDGE ( 'NONE', *, *, #1277, .F. ) ;
#1648 = EDGE_CURVE ( 'NONE', #1067, #2235, #2210, .T. ) ;
#1649 = LINE ( 'NONE', #2085, #2798 ) ;
#1650 = DIRECTION ( 'NONE',  ( 0.0000000000000000000, 0.0000000000000000000, 1.000000000000000000 ) ) ;
#1651 = ORIENTED_EDGE ( 'NONE', *, *, #2410, .T. ) ;
#1653 = CARTESIAN_POINT ( 'NONE',  ( 2.875000000000000000, 1.000000000000000000, -2.024999999999999911 ) ) ;
#1652 = CARTESIAN_POINT ( 'NONE',  ( 1.175000000000000044, 2.550000000000000266, -1.474999999999999867 ) ) ;
#1654 = EDGE_CURVE ( 'NONE', #845, #3227, #1929, .T. ) ;
#1655 = EDGE_LOOP ( 'NONE', ( #2799, #3384, #2038, #3630 ) ) ;
#1656 = VERTEX_POINT ( 'NONE', #2041 ) ;
#1657 = DIRECTION ( 'NONE',  ( 0.0000000000000000000, 0.0000000000000000000, -1.000000000000000000 ) ) ;
#1658 = FILL_AREA_STYLE ('',( #4507 ) ) ;
#1659 = VERTEX_POINT ( 'NONE', #4598 ) ;
#1660 = DIRECTION ( 'NONE',  ( 0.0000000000000000000, -1.000000000000000000, 0.0000000000000000000 ) ) ;
#1661 = VERTEX_POINT ( 'NONE', #2370 ) ;
#1662 = LINE ( 'NONE', #3538, #447 ) ;
#1663 = ORIENTED_EDGE ( 'NONE', *, *, #2822, .F. ) ;
#1664 = MECHANICAL_DESIGN_GEOMETRIC_PRESENTATION_REPRESENTATION (  '', ( #2916 ), #1061 ) ;
#1665 = ORIENTED_EDGE ( 'NONE', *, *, #1546, .T. ) ;
#1666 = ORIENTED_EDGE ( 'NONE', *, *, #3232, .F. ) ;
#1667 = VECTOR ( 'NONE', #3341, 1000.000000000000000 ) ;
#1668 = ORIENTED_EDGE ( 'NONE', *, *, #4612, .F. ) ;
#1669 =( GEOMETRIC_REPRESENTATION_CONTEXT ( 3 ) GLOBAL_UNCERTAINTY_ASSIGNED_CONTEXT ( ( #1637 ) ) GLOBAL_UNIT_ASSIGNED_CONTEXT ( ( #2103, #912, #3513 ) ) REPRESENTATION_CONTEXT ( 'NONE', 'WORKASPACE' ) );
#1670 = DIRECTION ( 'NONE',  ( 1.000000000000000000, 0.0000000000000000000, 0.0000000000000000000 ) ) ;
#1671 = ORIENTED_EDGE ( 'NONE', *, *, #4348, .T. ) ;
#1672 = VECTOR ( 'NONE', #1242, 1000.000000000000000 ) ;
#1673 = EDGE_LOOP ( 'NONE', ( #2744, #4520, #2464, #3022 ) ) ;
#1674 = DIRECTION ( 'NONE',  ( 0.0000000000000000000, -1.000000000000000000, 0.0000000000000000000 ) ) ;
#1675 = EDGE_CURVE ( 'NONE', #628, #1371, #4071, .T. ) ;
#1676 = CARTESIAN_POINT ( 'NONE',  ( 2.475000000000000089, 4.249999999999998224, -2.075000000000001510 ) ) ;
#1677 = ORIENTED_EDGE ( 'NONE', *, *, #4172, .F. ) ;
#1678 = VECTOR ( 'NONE', #2400, 1000.000000000000000 ) ;
#1679 = DIRECTION ( 'NONE',  ( 0.0000000000000000000, -1.000000000000000000, 0.0000000000000000000 ) ) ;
#1680 = CARTESIAN_POINT ( 'NONE',  ( 0.7249999999999999778, 1.850000000000000089, -1.025000000000000133 ) ) ;
#1681 = CARTESIAN_POINT ( 'NONE',  ( -2.024999999999999911, 2.250000000000000000, -2.024999999999999911 ) ) ;
#1682 = DIRECTION ( 'NONE',  ( 1.000000000000000000, 0.0000000000000000000, 0.0000000000000000000 ) ) ;
#1683 = ADVANCED_FACE ( 'NONE', ( #3785 ), #533, .T. ) ;
#1684 = VERTEX_POINT ( 'NONE', #3169 ) ;
#1685 = EDGE_CURVE ( 'NONE', #1434, #849, #4644, .T. ) ;
#1686 = FACE_OUTER_BOUND ( 'NONE', #3147, .T. ) ;
#1687 = DIRECTION ( 'NONE',  ( 0.0000000000000000000, 0.0000000000000000000, -1.000000000000000000 ) ) ;
#1688 = ORIENTED_EDGE ( 'NONE', *, *, #2302, .T. ) ;
#1689 = VECTOR ( 'NONE', #916, 1000.000000000000000 ) ;
#1690 = EDGE_CURVE ( 'NONE', #3263, #333, #1697, .T. ) ;
#1691 = LINE ( 'NONE', #678, #3484 ) ;
#1692 = VECTOR ( 'NONE', #1783, 1000.000000000000000 ) ;
#1693 = PLANE ( 'NONE',  #2350 ) ;
#1694 = DIRECTION ( 'NONE',  ( 0.0000000000000000000, 1.000000000000000000, 0.0000000000000000000 ) ) ;
#1695 = ORIENTED_EDGE ( 'NONE', *, *, #4595, .F. ) ;
#1696 = ADVANCED_FACE ( 'NONE', ( #3720 ), #4660, .T. ) ;
#1697 = LINE ( 'NONE', #3910, #1103 ) ;
#1698 = FACE_OUTER_BOUND ( 'NONE', #2158, .T. ) ;
#1699 = DIRECTION ( 'NONE',  ( 0.0000000000000000000, 1.000000000000000000, 0.0000000000000000000 ) ) ;
#1700 = DIRECTION ( 'NONE',  ( 1.000000000000000000, 0.0000000000000000000, 0.0000000000000000000 ) ) ;
#1701 = ORIENTED_EDGE ( 'NONE', *, *, #3019, .T. ) ;
#1702 = DIRECTION ( 'NONE',  ( 0.0000000000000000000, 0.0000000000000000000, 1.000000000000000000 ) ) ;
#1703 = CARTESIAN_POINT ( 'NONE',  ( 0.5249999999999999112, 0.3500000000000000333, -2.024999999999999911 ) ) ;
#1704 = FACE_OUTER_BOUND ( 'NONE', #1029, .T. ) ;
#1705 = ORIENTED_EDGE ( 'NONE', *, *, #4010, .F. ) ;
#1706 = LINE ( 'NONE', #786, #830 ) ;
#1707 = CARTESIAN_POINT ( 'NONE',  ( 2.274999999999999911, 4.239999999999999325, -1.925000000000000711 ) ) ;
#1708 = CARTESIAN_POINT ( 'NONE',  ( 0.0000000000000000000, 0.0000000000000000000, -1.925000000000000044 ) ) ;
#1709 = FACE_OUTER_BOUND ( 'NONE', #2808, .T. ) ;
#1710 = PLANE ( 'NONE',  #4608 ) ;
#1711 = SURFACE_SIDE_STYLE ('',( #593 ) ) ;
#1712 = ORIENTED_EDGE ( 'NONE', *, *, #3655, .T. ) ;
#1713 = EDGE_CURVE ( 'NONE', #2166, #4038, #3309, .T. ) ;
#1714 = DIRECTION ( 'NONE',  ( 1.000000000000000000, 0.0000000000000000000, 0.0000000000000000000 ) ) ;
#1715 = DIRECTION ( 'NONE',  ( 0.0000000000000000000, -1.000000000000000000, -3.219646771412953967E-15 ) ) ;
#1716 = ORIENTED_EDGE ( 'NONE', *, *, #2701, .F. ) ;
#1717 = ORIENTED_EDGE ( 'NONE', *, *, #2859, .T. ) ;
#1718 = LINE ( 'NONE', #2185, #2582 ) ;
#1719 = EDGE_CURVE ( 'NONE', #1956, #3852, #2552, .T. ) ;
#1720 = VERTEX_POINT ( 'NONE', #4292 ) ;
#1721 = DIRECTION ( 'NONE',  ( 0.0000000000000000000, -0.4999999999932618899, 0.8660254037883288181 ) ) ;
#1722 = CARTESIAN_POINT ( 'NONE',  ( -0.7249999999999999778, 1.649999999999999911, 2.024999999999999911 ) ) ;
#1723 = EDGE_LOOP ( 'NONE', ( #3356, #3449, #4370, #211, #3414, #814 ) ) ;
#1724 = LINE ( 'NONE', #2348, #839 ) ;
#1725 = CARTESIAN_POINT ( 'NONE',  ( -2.274999999999999911, 0.6000000000000076383, -0.2249999999999982014 ) ) ;
#1726 = ORIENTED_EDGE ( 'NONE', *, *, #1438, .F. ) ;
#1727 = LINE ( 'NONE', #2852, #1071 ) ;
#1728 = ORIENTED_EDGE ( 'NONE', *, *, #1206, .T. ) ;
#1729 =( GEOMETRIC_REPRESENTATION_CONTEXT ( 3 ) GLOBAL_UNCERTAINTY_ASSIGNED_CONTEXT ( ( #1121 ) ) GLOBAL_UNIT_ASSIGNED_CONTEXT ( ( #1111, #2637, #2621 ) ) REPRESENTATION_CONTEXT ( 'NONE', 'WORKASPACE' ) );
#1730 = ORIENTED_EDGE ( 'NONE', *, *, #3117, .T. ) ;
#1731 = CARTESIAN_POINT ( 'NONE',  ( -0.7249999999999999778, 1.350000000000000089, 1.525000000000000133 ) ) ;
#1732 = FILL_AREA_STYLE ('',( #3959 ) ) ;
#1733 = VERTEX_POINT ( 'NONE', #578 ) ;
#1734 = EDGE_CURVE ( 'NONE', #3857, #4527, #3653, .T. ) ;
#1735 = ORIENTED_EDGE ( 'NONE', *, *, #782, .T. ) ;
#1736 = AXIS2_PLACEMENT_3D ( 'NONE', #1034, #1794, #4377 ) ;
#1737 = ADVANCED_FACE ( 'NONE', ( #754 ), #2500, .T. ) ;
#1738 = ORIENTED_EDGE ( 'NONE', *, *, #1521, .T. ) ;
#1739 = EDGE_CURVE ( 'NONE', #4215, #510, #2547, .T. ) ;
#1740 = VECTOR ( 'NONE', #4606, 1000.000000000000000 ) ;
#1741 = VERTEX_POINT ( 'NONE', #278 ) ;
#1742 = DIRECTION ( 'NONE',  ( -1.000000000000000000, 0.0000000000000000000, 0.0000000000000000000 ) ) ;
#1743 = DIRECTION ( 'NONE',  ( 0.0000000000000000000, -1.000000000000000000, 0.0000000000000000000 ) ) ;
#1744 = CARTESIAN_POINT ( 'NONE',  ( 1.375000000000000000, 3.149999999999999911, 0.02500000000000000139 ) ) ;
#1745 = DIRECTION ( 'NONE',  ( 0.0000000000000000000, -1.000000000000000000, 0.0000000000000000000 ) ) ;
#1746 = EDGE_CURVE ( 'NONE', #4233, #1659, #3249, .T. ) ;
#1747 = ORIENTED_EDGE ( 'NONE', *, *, #3856, .F. ) ;
#1748 = SURFACE_STYLE_FILL_AREA ( #4096 ) ;
#1749 = VECTOR ( 'NONE', #171, 1000.000000000000000 ) ;
#1750 = CARTESIAN_POINT ( 'NONE',  ( 0.5250000000000000222, 0.5000000000000000000, -1.525000000000000133 ) ) ;
#1751 = VERTEX_POINT ( 'NONE', #1750 ) ;
#1752 = FACE_BOUND ( 'NONE', #1296, .T. ) ;
#1753 = VECTOR ( 'NONE', #1279, 1000.000000000000000 ) ;
#1754 = ORIENTED_EDGE ( 'NONE', *, *, #3661, .T. ) ;
#1755 = COLOUR_RGB ( '',1.000000000000000000, 1.000000000000000000, 1.000000000000000000 ) ;
#1756 = LINE ( 'NONE', #587, #4410 ) ;
#1757 = CARTESIAN_POINT ( 'NONE',  ( 2.274999999999999911, 2.250000000000000000, -1.925000000000000711 ) ) ;
#1758 = CARTESIAN_POINT ( 'NONE',  ( -0.5150000000000000133, 1.000000000000000000, -1.025000000000000133 ) ) ;
#1759 = CARTESIAN_POINT ( 'NONE',  ( 0.7349999999999999867, 1.000000000000000000, -2.024999999999999911 ) ) ;
#1760 = ORIENTED_EDGE ( 'NONE', *, *, #4570, .F. ) ;
#1761 = LINE ( 'NONE', #378, #3913 ) ;
#1762 = AXIS2_PLACEMENT_3D ( 'NONE', #3531, #2028, #3134 ) ;
#1763 = LINE ( 'NONE', #984, #3040 ) ;
#1764 = ORIENTED_EDGE ( 'NONE', *, *, #2859, .F. ) ;
#1765 = EDGE_LOOP ( 'NONE', ( #1571, #3711, #591, #3936 ) ) ;
#1766 = CARTESIAN_POINT ( 'NONE',  ( -2.274999999999999911, 2.000000000000000000, -1.425000000000000044 ) ) ;
#1767 = FACE_OUTER_BOUND ( 'NONE', #3218, .T. ) ;
#1768 = AXIS2_PLACEMENT_3D ( 'NONE', #4622, #2401, #3493 ) ;
#1769 = ORIENTED_EDGE ( 'NONE', *, *, #343, .F. ) ;
#1770 = ORIENTED_EDGE ( 'NONE', *, *, #253, .F. ) ;
#1771 = DIRECTION ( 'NONE',  ( 0.0000000000000000000, -1.000000000000000000, 0.0000000000000000000 ) ) ;
#1772 = LINE ( 'NONE', #4778, #4779 ) ;
#1773 = EDGE_CURVE ( 'NONE', #1021, #619, #1582, .T. ) ;
#1774 = ORIENTED_EDGE ( 'NONE', *, *, #1226, .F. ) ;
#1775 = DIRECTION ( 'NONE',  ( -1.000000000000000000, 0.0000000000000000000, -8.673617379884027583E-16 ) ) ;
#1776 = CARTESIAN_POINT ( 'NONE',  ( 0.7249999999999998668, 0.3499999999999999778, -2.075000000000000178 ) ) ;
#1777 = CARTESIAN_POINT ( 'NONE',  ( 2.274999999999999911, 4.249999999999998224, -2.075000000000001510 ) ) ;
#1778 = DIRECTION ( 'NONE',  ( 0.0000000000000000000, 1.000000000000000000, 0.0000000000000000000 ) ) ;
#1779 = ADVANCED_FACE ( 'NONE', ( #287 ), #2810, .F. ) ;
#1780 = VECTOR ( 'NONE', #1299, 1000.000000000000000 ) ;
#1781 = ORIENTED_EDGE ( 'NONE', *, *, #651, .T. ) ;
#1782 = EDGE_CURVE ( 'NONE', #98, #2888, #1278, .T. ) ;
#1783 = DIRECTION ( 'NONE',  ( 0.0000000000000000000, 0.0000000000000000000, 1.000000000000000000 ) ) ;
#1784 = ADVANCED_FACE ( 'NONE', ( #691 ), #3628, .T. ) ;
#1785 = ORIENTED_EDGE ( 'NONE', *, *, #1734, .T. ) ;
#1786 = LINE ( 'NONE', #2402, #2134 ) ;
#1787 = VERTEX_POINT ( 'NONE', #3185 ) ;
#1788 = CARTESIAN_POINT ( 'NONE',  ( 0.5250000000000000222, 1.850000000000000089, 2.024999999999999911 ) ) ;
#1789 = VERTEX_POINT ( 'NONE', #1766 ) ;
#1790 = VECTOR ( 'NONE', #3398, 1000.000000000000114 ) ;
#1791 = CARTESIAN_POINT ( 'NONE',  ( -0.5250000000000000222, 0.05000000000000002359, -1.524999999999999689 ) ) ;
#1792 = CARTESIAN_POINT ( 'NONE',  ( 0.8750000000000000000, 2.250000000000000000, -2.024999999999999911 ) ) ;
#1793 = DIRECTION ( 'NONE',  ( 0.0000000000000000000, 1.000000000000000000, 0.0000000000000000000 ) ) ;
#1794 = DIRECTION ( 'NONE',  ( 0.0000000000000000000, 1.000000000000000000, -2.148487149506095815E-16 ) ) ;
#1795 = ORIENTED_EDGE ( 'NONE', *, *, #4322, .F. ) ;
#1796 = VECTOR ( 'NONE', #3918, 1000.000000000000000 ) ;
#1797 = EDGE_CURVE ( 'NONE', #1581, #4387, #3130, .T. ) ;
#1798 = AXIS2_PLACEMENT_3D ( 'NONE', #571, #4664, #1694 ) ;
#1799 = CARTESIAN_POINT ( 'NONE',  ( 2.875000000000000000, 8.673617379884035472E-15, -0.2250000000000008105 ) ) ;
#1800 = VERTEX_POINT ( 'NONE', #3236 ) ;
#1801 = VECTOR ( 'NONE', #2541, 1000.000000000000000 ) ;
#1802 = EDGE_CURVE ( 'NONE', #845, #3036, #1455, .T. ) ;
#1803 = LINE ( 'NONE', #2554, #4007 ) ;
#1804 = EDGE_CURVE ( 'NONE', #2888, #2186, #4011, .T. ) ;
#1805 = DIRECTION ( 'NONE',  ( -1.000000000000000000, 0.0000000000000000000, 0.0000000000000000000 ) ) ;
#1806 = ORIENTED_EDGE ( 'NONE', *, *, #1734, .F. ) ;
#1807 = ADVANCED_FACE ( 'NONE', ( #2093 ), #4308, .F. ) ;
#1808 = ORIENTED_EDGE ( 'NONE', *, *, #1713, .T. ) ;
#1809 = DIRECTION ( 'NONE',  ( 0.0000000000000000000, 1.339206523454101388E-15, 1.000000000000000000 ) ) ;
#1810 = DIRECTION ( 'NONE',  ( 0.0000000000000000000, 0.0000000000000000000, -1.000000000000000000 ) ) ;
#1811 = LINE ( 'NONE', #2391, #3426 ) ;
#1812 = DIRECTION ( 'NONE',  ( 0.0000000000000000000, 1.000000000000000000, 0.0000000000000000000 ) ) ;
#1813 = DIRECTION ( 'NONE',  ( 1.000000000000000000, 0.0000000000000000000, 0.0000000000000000000 ) ) ;
#1814 = ORIENTED_EDGE ( 'NONE', *, *, #1617, .T. ) ;
#1815 = ORIENTED_EDGE ( 'NONE', *, *, #189, .F. ) ;
#1816 = CARTESIAN_POINT ( 'NONE',  ( 0.0000000000000000000, 1.000000000000000000, -1.474999999999999867 ) ) ;
#1817 = EDGE_CURVE ( 'NONE', #3380, #3031, #978, .T. ) ;
#1818 = FACE_OUTER_BOUND ( 'NONE', #3365, .T. ) ;
#1819 = CARTESIAN_POINT ( 'NONE',  ( -0.5250000000000000222, 1.850000000000000089, -1.698606797699999893 ) ) ;
#1820 = ORIENTED_EDGE ( 'NONE', *, *, #3415, .F. ) ;
#1821 = VECTOR ( 'NONE', #3043, 1000.000000000000000 ) ;
#1822 = EDGE_CURVE ( 'NONE', #1872, #2482, #1978, .T. ) ;
#1824 = EDGE_CURVE ( 'NONE', #96, #2872, #127, .T. ) ;
#1823 = DIRECTION ( 'NONE',  ( 1.000000000000000000, 0.0000000000000000000, 0.0000000000000000000 ) ) ;
#1825 = FACE_OUTER_BOUND ( 'NONE', #1037, .T. ) ;
#1826 = CARTESIAN_POINT ( 'NONE',  ( -0.8750000000000000000, 3.750000000000000000, 2.024999999999999911 ) ) ;
#1827 = ORIENTED_EDGE ( 'NONE', *, *, #1357, .T. ) ;
#1828 = AXIS2_PLACEMENT_3D ( 'NONE', #2841, #630, #1008 ) ;
#1829 = FACE_OUTER_BOUND ( 'NONE', #2498, .T. ) ;
#1830 = LINE ( 'NONE', #2160, #3270 ) ;
#1831 = VECTOR ( 'NONE', #4639, 1000.000000000000000 ) ;
#1832 = ORIENTED_EDGE ( 'NONE', *, *, #3539, .F. ) ;
#1833 = CARTESIAN_POINT ( 'NONE',  ( 0.5250000000000000222, 1.350000000000000089, 1.525000000000000133 ) ) ;
#1834 = ADVANCED_FACE ( 'NONE', ( #2156 ), #2106, .F. ) ;
#1835 = CARTESIAN_POINT ( 'NONE',  ( -1.875000000000000000, 2.550000000000000266, -1.474999999999999867 ) ) ;
#1836 = ORIENTED_EDGE ( 'NONE', *, *, #3265, .F. ) ;
#1837 = CARTESIAN_POINT ( 'NONE',  ( -0.5250000000000000222, 0.5000000000000000000, -1.525000000000000133 ) ) ;
#1838 = DIRECTION ( 'NONE',  ( -1.000000000000000000, 0.0000000000000000000, 0.0000000000000000000 ) ) ;
#1839 = CARTESIAN_POINT ( 'NONE',  ( 0.7249999999999999778, 0.0000000000000000000, 2.024999999999999911 ) ) ;
#1840 = ORIENTED_EDGE ( 'NONE', *, *, #680, .T. ) ;
#1841 = VECTOR ( 'NONE', #4616, 1000.000000000000000 ) ;
#1842 = ORIENTED_EDGE ( 'NONE', *, *, #4259, .T. ) ;
#1843 = DIRECTION ( 'NONE',  ( 0.0000000000000000000, 0.0000000000000000000, -1.000000000000000000 ) ) ;
#1844 = FACE_OUTER_BOUND ( 'NONE', #951, .T. ) ;
#1845 = DIRECTION ( 'NONE',  ( 0.0000000000000000000, 0.0000000000000000000, 1.000000000000000000 ) ) ;
#1846 = CARTESIAN_POINT ( 'NONE',  ( 1.375000000000000000, 3.149999999999999911, 2.024999999999999911 ) ) ;
#1847 = ORIENTED_EDGE ( 'NONE', *, *, #1690, .T. ) ;
#1848 = ORIENTED_EDGE ( 'NONE', *, *, #3661, .F. ) ;
#1849 = VERTEX_POINT ( 'NONE', #1833 ) ;
#1850 = CARTESIAN_POINT ( 'NONE',  ( 0.5249999999999999112, -0.6500000000000000222, -2.075000000000000178 ) ) ;
#1851 = EDGE_LOOP ( 'NONE', ( #501, #4106, #266, #4447, #3176 ) ) ;
#1852 = LINE ( 'NONE', #3850, #167 ) ;
#1853 = ORIENTED_EDGE ( 'NONE', *, *, #2691, .F. ) ;
#1854 = DIRECTION ( 'NONE',  ( -1.000000000000000000, 0.0000000000000000000, 0.0000000000000000000 ) ) ;
#1855 = LINE ( 'NONE', #4374, #2251 ) ;
#1856 = CARTESIAN_POINT ( 'NONE',  ( -0.8750000000000000000, 2.250000000000000000, -2.024999999999999911 ) ) ;
#1857 = CARTESIAN_POINT ( 'NONE',  ( -2.875000000000000000, 2.000000000000000000, -1.425000000000000044 ) ) ;
#1858 = CARTESIAN_POINT ( 'NONE',  ( 2.875000000000000000, 1.000000000000000000, -1.525000000000000133 ) ) ;
#1859 = ORIENTED_EDGE ( 'NONE', *, *, #3983, .F. ) ;
#1860 = CARTESIAN_POINT ( 'NONE',  ( 2.274999999999999911, 8.673617379884035472E-15, -0.2250000000000008105 ) ) ;
#1861 = CARTESIAN_POINT ( 'NONE',  ( -2.274999999999999911, 1.949999999999999512, 2.025000000000007017 ) ) ;
#1862 = LINE ( 'NONE', #4073, #4757 ) ;
#1863 = EDGE_CURVE ( 'NONE', #265, #3442, #2893, .T. ) ;
#1864 = DIRECTION ( 'NONE',  ( 1.000000000000000000, 0.0000000000000000000, 0.0000000000000000000 ) ) ;
#1865 = DIRECTION ( 'NONE',  ( 0.0000000000000000000, -1.000000000000000000, 0.0000000000000000000 ) ) ;
#1866 = ORIENTED_EDGE ( 'NONE', *, *, #2449, .T. ) ;
#1867 = LINE ( 'NONE', #125, #2497 ) ;
#1868 = PLANE ( 'NONE',  #734 ) ;
#1869 = ADVANCED_FACE ( 'NONE', ( #3020 ), #4756, .F. ) ;
#1870 = VECTOR ( 'NONE', #1445, 1000.000000000000000 ) ;
#1871 = EDGE_CURVE ( 'NONE', #3852, #3195, #3713, .T. ) ;
#1872 = VERTEX_POINT ( 'NONE', #670 ) ;
#1873 = LINE ( 'NONE', #4194, #884 ) ;
#1874 = CARTESIAN_POINT ( 'NONE',  ( 0.7249999999999998668, 0.3500000000000000333, -2.024999999999999911 ) ) ;
#1875 = CARTESIAN_POINT ( 'NONE',  ( 2.475000000000000089, 1.999999999999998668, -1.425000000000000933 ) ) ;
#1876 = VECTOR ( 'NONE', #2526, 1000.000000000000000 ) ;
#1877 = VERTEX_POINT ( 'NONE', #1471 ) ;
#1878 = LINE ( 'NONE', #4182, #2741 ) ;
#1879 = CARTESIAN_POINT ( 'NONE',  ( 0.5250000000000000222, 1.850000000000000089, 0.0000000000000000000 ) ) ;
#1880 = CARTESIAN_POINT ( 'NONE',  ( -0.5250000000000000222, -0.6500000000000000222, -2.075000000000000178 ) ) ;
#1881 = AXIS2_PLACEMENT_3D ( 'NONE', #3405, #4525, #823 ) ;
#1882 = DIRECTION ( 'NONE',  ( 0.0000000000000000000, 0.0000000000000000000, 1.000000000000000000 ) ) ;
#1883 = VECTOR ( 'NONE', #1013, 1000.000000000000000 ) ;
#1884 = ORIENTED_EDGE ( 'NONE', *, *, #1077, .T. ) ;
#1885 = ORIENTED_EDGE ( 'NONE', *, *, #1630, .T. ) ;
#1886 = PLANE ( 'NONE',  #1211 ) ;
#1887 = CARTESIAN_POINT ( 'NONE',  ( -1.875000000000000000, 1.850000000000000089, -1.474999999999999867 ) ) ;
#1888 = DIRECTION ( 'NONE',  ( 1.000000000000000000, 0.0000000000000000000, 0.0000000000000000000 ) ) ;
#1889 = AXIS2_PLACEMENT_3D ( 'NONE', #2114, #2828, #600 ) ;
#1890 = ORIENTED_EDGE ( 'NONE', *, *, #1817, .F. ) ;
#1891 = ORIENTED_EDGE ( 'NONE', *, *, #4219, .F. ) ;
#1892 = FACE_OUTER_BOUND ( 'NONE', #4607, .T. ) ;
#1893 = CARTESIAN_POINT ( 'NONE',  ( -0.5150000000000000133, 1.000000000000000000, -2.024999999999999911 ) ) ;
#1894 = EDGE_CURVE ( 'NONE', #1421, #2064, #2153, .T. ) ;
#1895 = CARTESIAN_POINT ( 'NONE',  ( 0.8750000000000000000, 2.250000000000000000, 1.505384757699999909 ) ) ;
#1896 = ORIENTED_EDGE ( 'NONE', *, *, #3439, .T. ) ;
#1897 = ORIENTED_EDGE ( 'NONE', *, *, #446, .T. ) ;
#1898 = CARTESIAN_POINT ( 'NONE',  ( 0.0000000000000000000, 0.0000000000000000000, -1.525000000000000133 ) ) ;
#1899 = CARTESIAN_POINT ( 'NONE',  ( 2.875000000000000000, 2.000000000000000000, -1.425000000000000044 ) ) ;
#1900 = EDGE_LOOP ( 'NONE', ( #3110, #3226, #962, #1317, #2504, #2087, #2461, #338, #676, #2629, #437, #3893 ) ) ;
#1901 = VECTOR ( 'NONE', #2836, 1000.000000000000000 ) ;
#1902 = FILL_AREA_STYLE_COLOUR ( '', #1755 ) ;
#1903 = EDGE_CURVE ( 'NONE', #4045, #834, #3067, .T. ) ;
#1904 = ORIENTED_EDGE ( 'NONE', *, *, #281, .F. ) ;
#1905 = CARTESIAN_POINT ( 'NONE',  ( -1.875000000000000000, 0.5000000000000000000, 2.024999999999999911 ) ) ;
#1906 = DIRECTION ( 'NONE',  ( -0.0000000000000000000, 1.000000000000000000, -0.0000000000000000000 ) ) ;
#1907 = ORIENTED_EDGE ( 'NONE', *, *, #3175, .F. ) ;
#1908 = VECTOR ( 'NONE', #272, 1000.000000000000000 ) ;
#1909 = DIRECTION ( 'NONE',  ( 0.0000000000000000000, -1.000000000000000000, 0.0000000000000000000 ) ) ;
#1910 = ORIENTED_EDGE ( 'NONE', *, *, #4141, .T. ) ;
#1911 = LINE ( 'NONE', #4253, #1740 ) ;
#1912 = DIRECTION ( 'NONE',  ( -0.0000000000000000000, 1.000000000000000000, -0.0000000000000000000 ) ) ;
#1913 = CARTESIAN_POINT ( 'NONE',  ( 2.024999999999999911, 2.250000000000000000, -2.024999999999999911 ) ) ;
#1914 = EDGE_LOOP ( 'NONE', ( #569, #3500, #1424, #4784 ) ) ;
#1915 = CARTESIAN_POINT ( 'NONE',  ( 0.7249999999999998668, 0.05000000000000002359, -1.775000000000000133 ) ) ;
#1916 = VECTOR ( 'NONE', #4551, 1000.000000000000000 ) ;
#1917 = LINE ( 'NONE', #2009, #284 ) ;
#1918 = CARTESIAN_POINT ( 'NONE',  ( -2.274999999999999911, 4.250000000000000000, -1.925000000000000044 ) ) ;
#1919 = VERTEX_POINT ( 'NONE', #2951 ) ;
#1920 = CARTESIAN_POINT ( 'NONE',  ( -2.475000000000000089, 4.249999999999998224, -2.075000000000001510 ) ) ;
#1921 = ADVANCED_FACE ( 'NONE', ( #405 ), #4407, .F. ) ;
#1922 = VECTOR ( 'NONE', #4739, 1000.000000000000000 ) ;
#1923 = EDGE_CURVE ( 'NONE', #2349, #949, #3949, .T. ) ;
#1924 = ORIENTED_EDGE ( 'NONE', *, *, #4771, .F. ) ;
#1925 = DIRECTION ( 'NONE',  ( 0.0000000000000000000, 0.0000000000000000000, -1.000000000000000000 ) ) ;
#1926 = ADVANCED_FACE ( 'NONE', ( #4797 ), #4067, .F. ) ;
#1927 = VECTOR ( 'NONE', #1033, 1000.000000000000000 ) ;
#1928 = CARTESIAN_POINT ( 'NONE',  ( 2.274999999999999911, 3.600000000000000977, -1.425000000000000044 ) ) ;
#1929 = LINE ( 'NONE', #3548, #231 ) ;
#1930 = LINE ( 'NONE', #256, #4761 ) ;
#1931 = LINE ( 'NONE', #4127, #2731 ) ;
#1932 = DIRECTION ( 'NONE',  ( 0.0000000000000000000, 0.0000000000000000000, 1.000000000000000000 ) ) ;
#1933 = DIRECTION ( 'NONE',  ( -1.000000000000000000, 0.0000000000000000000, 0.0000000000000000000 ) ) ;
#1934 = CARTESIAN_POINT ( 'NONE',  ( -0.7249999999999999778, 1.850000000000000089, -1.698606797699999893 ) ) ;
#1935 = ORIENTED_EDGE ( 'NONE', *, *, #1802, .F. ) ;
#1936 = EDGE_CURVE ( 'NONE', #4118, #973, #914, .T. ) ;
#1937 = FACE_OUTER_BOUND ( 'NONE', #2206, .T. ) ;
#1938 = CARTESIAN_POINT ( 'NONE',  ( -1.250000000000000000, 0.0000000000000000000, -1.025000000000000133 ) ) ;
#1939 = LINE ( 'NONE', #1151, #2165 ) ;
#1940 = ORIENTED_EDGE ( 'NONE', *, *, #811, .F. ) ;
#1941 = VECTOR ( 'NONE', #1174, 1000.000000000000000 ) ;
#1942 = EDGE_CURVE ( 'NONE', #1789, #3010, #4050, .T. ) ;
#1943 = LINE ( 'NONE', #4506, #4657 ) ;
#1944 = ORIENTED_EDGE ( 'NONE', *, *, #3225, .T. ) ;
#1945 = CARTESIAN_POINT ( 'NONE',  ( -0.5250000000000000222, 1.649999999999999911, -1.025000000000000133 ) ) ;
#1946 = CARTESIAN_POINT ( 'NONE',  ( 0.5250000000000000222, 1.795247431900000024, 2.024999999999999911 ) ) ;
#1947 = LINE ( 'NONE', #1044, #3743 ) ;
#1948 = VERTEX_POINT ( 'NONE', #2534 ) ;
#1949 = DIRECTION ( 'NONE',  ( 1.000000000000000000, 0.0000000000000000000, -0.0000000000000000000 ) ) ;
#1950 = VERTEX_POINT ( 'NONE', #2565 ) ;
#1951 = EDGE_CURVE ( 'NONE', #1428, #2985, #4742, .T. ) ;
#1952 = DIRECTION ( 'NONE',  ( 0.0000000000000000000, 0.0000000000000000000, -1.000000000000000000 ) ) ;
#1953 = VERTEX_POINT ( 'NONE', #3689 ) ;
#1954 = AXIS2_PLACEMENT_3D ( 'NONE', #4088, #3391, #1864 ) ;
#1955 = LINE ( 'NONE', #467, #2468 ) ;
#1956 = VERTEX_POINT ( 'NONE', #3283 ) ;
#1957 = LINE ( 'NONE', #4001, #2353 ) ;
#1958 = DIRECTION ( 'NONE',  ( -1.000000000000000000, 0.0000000000000000000, 0.0000000000000000000 ) ) ;
#1959 = EDGE_LOOP ( 'NONE', ( #3095, #2563, #925, #898, #4705, #3889, #3121, #3927 ) ) ;
#1960 = EDGE_CURVE ( 'NONE', #2698, #1292, #739, .T. ) ;
#1961 = CARTESIAN_POINT ( 'NONE',  ( 0.7249999999999998668, 0.05000000000000002359, -1.775000000000000133 ) ) ;
#1962 = ORIENTED_EDGE ( 'NONE', *, *, #1871, .T. ) ;
#1963 = PLANE ( 'NONE',  #524 ) ;
#1964 = EDGE_LOOP ( 'NONE', ( #99, #3752, #3987, #2862, #3362, #1408, #3861, #103, #321, #4692, #4675, #4284, #3086, #3504, #1307, #24 ) ) ;
#1965 = PLANE ( 'NONE',  #2897 ) ;
#1966 = VERTEX_POINT ( 'NONE', #364 ) ;
#1967 = EDGE_CURVE ( 'NONE', #4176, #3486, #4625, .T. ) ;
#1968 = DIRECTION ( 'NONE',  ( 0.0000000000000000000, -1.000000000000000000, 0.0000000000000000000 ) ) ;
#1969 = CARTESIAN_POINT ( 'NONE',  ( -1.375000000000000000, 3.750000000000000000, 2.024999999999999911 ) ) ;
#1970 = ORIENTED_EDGE ( 'NONE', *, *, #4397, .F. ) ;
#1971 = VECTOR ( 'NONE', #3125, 1000.000000000000000 ) ;
#1972 = DIRECTION ( 'NONE',  ( 0.0000000000000000000, 0.0000000000000000000, 1.000000000000000000 ) ) ;
#1973 = VECTOR ( 'NONE', #3940, 1000.000000000000000 ) ;
#1974 = PLANE ( 'NONE',  #2670 ) ;
#1975 = AXIS2_PLACEMENT_3D ( 'NONE', #773, #1838, #3334 ) ;
#1976 = ORIENTED_EDGE ( 'NONE', *, *, #189, .T. ) ;
#1977 = DIRECTION ( 'NONE',  ( 0.0000000000000000000, 0.0000000000000000000, -1.000000000000000000 ) ) ;
#1978 = LINE ( 'NONE', #3979, #74 ) ;
#1979 = CARTESIAN_POINT ( 'NONE',  ( -0.7249999999999999778, 1.850000000000000089, 2.024999999999999911 ) ) ;
#1980 = CARTESIAN_POINT ( 'NONE',  ( 0.7249999999999999778, 1.795247431900000024, 2.024999999999999911 ) ) ;
#1981 = EDGE_CURVE ( 'NONE', #2368, #4436, #3587, .T. ) ;
#1982 = LINE ( 'NONE', #4262, #584 ) ;
#1983 = DIRECTION ( 'NONE',  ( -1.000000000000000000, 0.0000000000000000000, 0.0000000000000000000 ) ) ;
#1984 = DIRECTION ( 'NONE',  ( -0.0000000000000000000, 1.000000000000000000, 0.0000000000000000000 ) ) ;
#1985 = CARTESIAN_POINT ( 'NONE',  ( -2.274999999999999911, 8.673617379884035472E-15, -0.2250000000000008105 ) ) ;
#1986 = LINE ( 'NONE', #2572, #985 ) ;
#1987 = ORIENTED_EDGE ( 'NONE', *, *, #3962, .F. ) ;
#1988 = DIRECTION ( 'NONE',  ( 1.000000000000000000, 0.0000000000000000000, 0.0000000000000000000 ) ) ;
#1989 = ADVANCED_FACE ( 'NONE', ( #1082 ), #4446, .F. ) ;
#1990 = VECTOR ( 'NONE', #3029, 1000.000000000000000 ) ;
#1991 = LINE ( 'NONE', #1918, #928 ) ;
#1992 = EDGE_LOOP ( 'NONE', ( #575, #1904, #946, #2721 ) ) ;
#1993 = CARTESIAN_POINT ( 'NONE',  ( 2.475000000000000089, 3.600000000000000089, -1.425000000000000933 ) ) ;
#1994 = DIRECTION ( 'NONE',  ( -1.000000000000000000, 0.0000000000000000000, 0.0000000000000000000 ) ) ;
#1995 = DIRECTION ( 'NONE',  ( -1.000000000000000000, 0.0000000000000000000, 0.0000000000000000000 ) ) ;
#1996 = VERTEX_POINT ( 'NONE', #15 ) ;
#1997 = LINE ( 'NONE', #1549, #2056 ) ;
#1998 = DIRECTION ( 'NONE',  ( -0.0000000000000000000, 0.7468134723257140450, 0.6650335612228979176 ) ) ;
#1999 = VECTOR ( 'NONE', #1743, 1000.000000000000000 ) ;
#2000 = ORIENTED_EDGE ( 'NONE', *, *, #1378, .T. ) ;
#2001 = ADVANCED_FACE ( 'NONE', ( #2026 ), #4382, .T. ) ;
#2002 = VECTOR ( 'NONE', #1909, 1000.000000000000000 ) ;
#2003 = CARTESIAN_POINT ( 'NONE',  ( -1.375000000000000000, 3.149999999999999911, 0.02500000000000000139 ) ) ;
#2004 = VECTOR ( 'NONE', #4433, 1000.000000000000000 ) ;
#2005 = ORIENTED_EDGE ( 'NONE', *, *, #2049, .F. ) ;
#2006 = VERTEX_POINT ( 'NONE', #1799 ) ;
#2007 = DIRECTION ( 'NONE',  ( 0.0000000000000000000, 0.0000000000000000000, -1.000000000000000000 ) ) ;
#2008 = CARTESIAN_POINT ( 'NONE',  ( -2.375000000000000000, 3.750000000000000000, 0.02500000000000000139 ) ) ;
#2009 = CARTESIAN_POINT ( 'NONE',  ( 2.875000000000000000, 4.250000000000000000, 2.024999999999999911 ) ) ;
#2010 = DIRECTION ( 'NONE',  ( 0.0000000000000000000, 1.000000000000000000, 0.0000000000000000000 ) ) ;
#2011 = DIRECTION ( 'NONE',  ( 0.0000000000000000000, 1.000000000000000000, -1.084202172485501673E-15 ) ) ;
#2012 = VERTEX_POINT ( 'NONE', #2257 ) ;
#2013 = ORIENTED_EDGE ( 'NONE', *, *, #1871, .F. ) ;
#2014 = COLOUR_RGB ( '',0.6470588235294117974, 0.6196078431372549211, 0.5882352941176470784 ) ;
#2015 = AXIS2_PLACEMENT_3D ( 'NONE', #1422, #2193, #4787 ) ;
#2016 = EDGE_LOOP ( 'NONE', ( #93, #1666, #1611, #3170, #1025, #1605 ) ) ;
#2017 = DIRECTION ( 'NONE',  ( 0.0000000000000000000, 0.0000000000000000000, 1.000000000000000000 ) ) ;
#2018 = DIRECTION ( 'NONE',  ( 0.0000000000000000000, -1.339206523454102177E-15, -1.000000000000000000 ) ) ;
#2019 = ORIENTED_EDGE ( 'NONE', *, *, #2908, .F. ) ;
#2020 = VECTOR ( 'NONE', #4623, 1000.000000000000000 ) ;
#2021 = AXIS2_PLACEMENT_3D ( 'NONE', #3544, #1349, #3938 ) ;
#2022 = ORIENTED_EDGE ( 'NONE', *, *, #1427, .T. ) ;
#2023 = VERTEX_POINT ( 'NONE', #2275 ) ;
#2025 = DIRECTION ( 'NONE',  ( 1.000000000000000000, 0.0000000000000000000, 0.0000000000000000000 ) ) ;
#2024 = CARTESIAN_POINT ( 'NONE',  ( -0.4249999999999999889, 1.649999999999999911, -1.698606797699999893 ) ) ;
#2026 = FACE_OUTER_BOUND ( 'NONE', #4207, .T. ) ;
#2027 = VERTEX_POINT ( 'NONE', #3007 ) ;
#2028 = DIRECTION ( 'NONE',  ( 0.0000000000000000000, -1.000000000000000000, -4.003208021484939327E-15 ) ) ;
#2029 = VECTOR ( 'NONE', #1099, 1000.000000000000000 ) ;
#2030 = EDGE_CURVE ( 'NONE', #2318, #178, #329, .T. ) ;
#2031 = PLANE ( 'NONE',  #2256 ) ;
#2032 = ORIENTED_EDGE ( 'NONE', *, *, #1270, .F. ) ;
#2033 = VECTOR ( 'NONE', #4678, 1000.000000000000000 ) ;
#2034 = FACE_OUTER_BOUND ( 'NONE', #1364, .T. ) ;
#2035 = CARTESIAN_POINT ( 'NONE',  ( 2.456138830084189983, 2.750000000000000000, -0.4749999999999999778 ) ) ;
#2036 = DIRECTION ( 'NONE',  ( 0.0000000000000000000, 1.000000000000000000, 0.0000000000000000000 ) ) ;
#2037 = VECTOR ( 'NONE', #747, 1000.000000000000000 ) ;
#2038 = ORIENTED_EDGE ( 'NONE', *, *, #2609, .F. ) ;
#2039 = EDGE_CURVE ( 'NONE', #3010, #4658, #1625, .T. ) ;
#2040 = LINE ( 'NONE', #1777, #1927 ) ;
#2041 = CARTESIAN_POINT ( 'NONE',  ( 0.5249999999999999112, -0.6500000000000000222, -1.775000000000000133 ) ) ;
#2042 = LINE ( 'NONE', #1268, #2099 ) ;
#2043 = DIRECTION ( 'NONE',  ( 0.0000000000000000000, 3.212450881438532635E-15, -1.000000000000000000 ) ) ;
#2044 = ADVANCED_FACE ( 'NONE', ( #2597 ), #3042, .T. ) ;
#2045 = AXIS2_PLACEMENT_3D ( 'NONE', #3998, #1771, #4354 ) ;
#2046 = CARTESIAN_POINT ( 'NONE',  ( -2.875000000000000000, 0.6000000000000024203, 1.375000000000002442 ) ) ;
#2047 = CARTESIAN_POINT ( 'NONE',  ( -1.375000000000000000, 3.750000000000000000, -2.024999999999999911 ) ) ;
#2048 = ORIENTED_EDGE ( 'NONE', *, *, #1302, .F. ) ;
#2049 = EDGE_CURVE ( 'NONE', #757, #1528, #4388, .T. ) ;
#2050 = ADVANCED_FACE ( 'NONE', ( #2307 ), #4167, .T. ) ;
#2051 = FACE_OUTER_BOUND ( 'NONE', #673, .T. ) ;
#2052 = DIRECTION ( 'NONE',  ( 0.0000000000000000000, 0.0000000000000000000, 1.000000000000000000 ) ) ;
#2053 = PLANE ( 'NONE',  #1768 ) ;
#2054 = VERTEX_POINT ( 'NONE', #1893 ) ;
#2055 = DIRECTION ( 'NONE',  ( 0.0000000000000000000, 0.0000000000000000000, 1.000000000000000000 ) ) ;
#2056 = VECTOR ( 'NONE', #3793, 1000.000000000000000 ) ;
#2057 = LINE ( 'NONE', #322, #3205 ) ;
#2058 = VERTEX_POINT ( 'NONE', #2292 ) ;
#2059 = ORIENTED_EDGE ( 'NONE', *, *, #1184, .F. ) ;
#2060 = DIRECTION ( 'NONE',  ( 0.0000000000000000000, 0.0000000000000000000, -1.000000000000000000 ) ) ;
#2061 = EDGE_LOOP ( 'NONE', ( #2586, #1754, #1248, #3520 ) ) ;
#2062 = DIRECTION ( 'NONE',  ( -0.0000000000000000000, 1.000000000000000000, 0.0000000000000000000 ) ) ;
#2063 = CARTESIAN_POINT ( 'NONE',  ( -1.175000000000000044, 1.850000000000000089, -1.474999999999999867 ) ) ;
#2064 = VERTEX_POINT ( 'NONE', #2969 ) ;
#2065 = ORIENTED_EDGE ( 'NONE', *, *, #697, .T. ) ;
#2066 = AXIS2_PLACEMENT_3D ( 'NONE', #4089, #4469, #1865 ) ;
#2067 = CARTESIAN_POINT ( 'NONE',  ( -1.875000000000000000, 0.5000000000000000000, 2.024999999999999911 ) ) ;
#2068 = CARTESIAN_POINT ( 'NONE',  ( -0.8750000000000000000, 2.250000000000000000, 1.505384757699999909 ) ) ;
#2069 = ORIENTED_EDGE ( 'NONE', *, *, #2269, .T. ) ;
#2070 = FACE_OUTER_BOUND ( 'NONE', #3641, .T. ) ;
#2071 = VERTEX_POINT ( 'NONE', #785 ) ;
#2072 = LINE ( 'NONE', #679, #4220 ) ;
#2073 = ORIENTED_EDGE ( 'NONE', *, *, #2172, .T. ) ;
#2074 =( GEOMETRIC_REPRESENTATION_CONTEXT ( 3 ) GLOBAL_UNCERTAINTY_ASSIGNED_CONTEXT ( ( #3197 ) ) GLOBAL_UNIT_ASSIGNED_CONTEXT ( ( #838, #1576, #449 ) ) REPRESENTATION_CONTEXT ( 'NONE', 'WORKASPACE' ) );
#2075 = DIRECTION ( 'NONE',  ( -0.0000000000000000000, 1.000000000000000000, -0.0000000000000000000 ) ) ;
#2076 = ADVANCED_FACE ( 'NONE', ( #1023 ), #4117, .F. ) ;
#2077 = DIRECTION ( 'NONE',  ( -0.0000000000000000000, 0.0000000000000000000, -1.000000000000000000 ) ) ;
#2078 = EDGE_LOOP ( 'NONE', ( #4684, #1574, #3409, #4270 ) ) ;
#2079 = COLOUR_RGB ( '',1.000000000000000000, 1.000000000000000000, 1.000000000000000000 ) ;
#2080 = DIRECTION ( 'NONE',  ( 0.0000000000000000000, 0.0000000000000000000, 1.000000000000000000 ) ) ;
#2081 = EDGE_LOOP ( 'NONE', ( #1388, #3821, #1717, #2202, #3755, #416 ) ) ;
#2082 = DIRECTION ( 'NONE',  ( 0.0000000000000000000, 1.000000000000000000, 0.0000000000000000000 ) ) ;
#2083 = ORIENTED_EDGE ( 'NONE', *, *, #4035, .F. ) ;
#2084 = LINE ( 'NONE', #4393, #120 ) ;
#2085 = CARTESIAN_POINT ( 'NONE',  ( -0.5250000000000000222, 0.3500000000000000333, -2.024999999999999911 ) ) ;
#2086 = CARTESIAN_POINT ( 'NONE',  ( 2.475000000000000089, 4.249999999999992895, -0.07499999999999976130 ) ) ;
#2087 = ORIENTED_EDGE ( 'NONE', *, *, #4800, .F. ) ;
#2088 = VECTOR ( 'NONE', #1977, 1000.000000000000000 ) ;
#2089 = VECTOR ( 'NONE', #3034, 1000.000000000000000 ) ;
#2090 = DIRECTION ( 'NONE',  ( -1.000000000000000000, 0.0000000000000000000, 0.0000000000000000000 ) ) ;
#2091 = ORIENTED_EDGE ( 'NONE', *, *, #3102, .T. ) ;
#2092 = CARTESIAN_POINT ( 'NONE',  ( -0.5250000000000000222, 0.05000000000000002359, -1.524999999999999689 ) ) ;
#2093 = FACE_OUTER_BOUND ( 'NONE', #1851, .T. ) ;
#2094 = CARTESIAN_POINT ( 'NONE',  ( -1.175000000000000044, 1.850000000000000089, -1.474999999999999867 ) ) ;
#2095 = DIRECTION ( 'NONE',  ( -1.000000000000000000, 0.0000000000000000000, 0.0000000000000000000 ) ) ;
#2096 = FACE_BOUND ( 'NONE', #1641, .T. ) ;
#2097 = LINE ( 'NONE', #219, #351 ) ;
#2098 = ADVANCED_FACE ( 'NONE', ( #4449 ), #817, .T. ) ;
#2099 = VECTOR ( 'NONE', #1333, 1000.000000000000000 ) ;
#2100 = CARTESIAN_POINT ( 'NONE',  ( 2.274999999999999911, 2.250000000000000000, -2.024999999999999911 ) ) ;
#2101 = DIRECTION ( 'NONE',  ( 0.0000000000000000000, 1.000000000000000000, 0.0000000000000000000 ) ) ;
#2102 = ORIENTED_EDGE ( 'NONE', *, *, #4455, .T. ) ;
#2103 =( LENGTH_UNIT ( ) NAMED_UNIT ( * ) SI_UNIT ( .MILLI., .METRE. ) );
#2104 = ORIENTED_EDGE ( 'NONE', *, *, #1036, .F. ) ;
#2105 = VECTOR ( 'NONE', #2574, 1000.000000000000000 ) ;
#2106 = PLANE ( 'NONE',  #1828 ) ;
#2107 = EDGE_CURVE ( 'NONE', #150, #225, #1510, .T. ) ;
#2108 = VECTOR ( 'NONE', #2963, 1000.000000000000000 ) ;
#2109 = EDGE_LOOP ( 'NONE', ( #3217, #954, #2083, #3716, #2703, #4558 ) ) ;
#2110 = AXIS2_PLACEMENT_3D ( 'NONE', #2133, #1415, #4041 ) ;
#2111 = VECTOR ( 'NONE', #3447, 1000.000000000000000 ) ;
#2112 = ORIENTED_EDGE ( 'NONE', *, *, #1863, .T. ) ;
#2113 = DIRECTION ( 'NONE',  ( 1.000000000000000000, -0.0000000000000000000, 8.673617379884027583E-16 ) ) ;
#2114 = CARTESIAN_POINT ( 'NONE',  ( 0.7249999999999999778, 0.0000000000000000000, -2.024999999999999911 ) ) ;
#2115 = LINE ( 'NONE', #4173, #1473 ) ;
#2116 = ORIENTED_EDGE ( 'NONE', *, *, #4754, .F. ) ;
#2117 = EDGE_CURVE ( 'NONE', #1996, #3783, #2479, .T. ) ;
#2118 = LINE ( 'NONE', #2600, #2508 ) ;
#2119 = EDGE_CURVE ( 'NONE', #3374, #2347, #4738, .T. ) ;
#2120 = CARTESIAN_POINT ( 'NONE',  ( -0.8750000000000000000, 3.750000000000000000, -2.024999999999999911 ) ) ;
#2121 = CARTESIAN_POINT ( 'NONE',  ( -0.8249999999999999556, 1.649999999999999911, -1.474999999999999867 ) ) ;
#2122 = DIRECTION ( 'NONE',  ( 0.0000000000000000000, 1.000000000000000000, 0.0000000000000000000 ) ) ;
#2123 = ORIENTED_EDGE ( 'NONE', *, *, #1282, .F. ) ;
#2124 = EDGE_LOOP ( 'NONE', ( #4165, #3872, #460, #4155, #1716 ) ) ;
#2125 = EDGE_CURVE ( 'NONE', #1601, #4170, #4047, .T. ) ;
#2126 = EDGE_LOOP ( 'NONE', ( #4248, #4780, #1134, #2782 ) ) ;
#2127 = ADVANCED_FACE ( 'NONE', ( #2650 ), #2645, .F. ) ;
#2128 = EDGE_LOOP ( 'NONE', ( #1392, #872, #3248, #4340 ) ) ;
#2129 = LINE ( 'NONE', #828, #3929 ) ;
#2130 = VERTEX_POINT ( 'NONE', #1562 ) ;
#2131 = ORIENTED_EDGE ( 'NONE', *, *, #4715, .F. ) ;
#2132 = CARTESIAN_POINT ( 'NONE',  ( -1.175000000000000044, 2.550000000000000266, 2.024999999999999911 ) ) ;
#2133 = CARTESIAN_POINT ( 'NONE',  ( 2.875000000000000000, 4.250000000000000000, 2.024999999999999911 ) ) ;
#2134 = VECTOR ( 'NONE', #924, 1000.000000000000000 ) ;
#2135 = CARTESIAN_POINT ( 'NONE',  ( 2.875000000000000000, 3.600000000000000977, -0.07499999999999998335 ) ) ;
#2136 = EDGE_CURVE ( 'NONE', #4512, #4036, #3760, .T. ) ;
#2137 = ORIENTED_EDGE ( 'NONE', *, *, #40, .T. ) ;
#2138 = VERTEX_POINT ( 'NONE', #1945 ) ;
#2139 = UNCERTAINTY_MEASURE_WITH_UNIT (LENGTH_MEASURE( 1.000000000000000082E-05 ), #1294, 'distance_accuracy_value', 'NONE');
#2140 = CARTESIAN_POINT ( 'NONE',  ( 2.456138830084189983, 2.250000000000000000, -0.4749999999999999778 ) ) ;
#2141 = VERTEX_POINT ( 'NONE', #1228 ) ;
#2142 = ADVANCED_FACE ( 'NONE', ( #4171 ), #3477, .F. ) ;
#2143 = ORIENTED_EDGE ( 'NONE', *, *, #592, .T. ) ;
#2144 = CARTESIAN_POINT ( 'NONE',  ( -1.875000000000000000, 3.750000000000000000, 0.02500000000000000139 ) ) ;
#2145 = CARTESIAN_POINT ( 'NONE',  ( -1.375000000000000000, 3.750000000000000000, 2.024999999999999911 ) ) ;
#2146 = LINE ( 'NONE', #1030, #2716 ) ;
#2147 = LINE ( 'NONE', #4043, #2029 ) ;
#2148 = ADVANCED_FACE ( 'NONE', ( #3413 ), #3836, .F. ) ;
#2149 = ORIENTED_EDGE ( 'NONE', *, *, #3614, .F. ) ;
#2150 = DIRECTION ( 'NONE',  ( 1.000000000000000000, -0.0000000000000000000, 0.0000000000000000000 ) ) ;
#2151 = LINE ( 'NONE', #3549, #977 ) ;
#2152 = CARTESIAN_POINT ( 'NONE',  ( -2.274999999999999911, 0.6000000000000024203, 1.375000000000002442 ) ) ;
#2153 = LINE ( 'NONE', #347, #2889 ) ;
#2154 = DIRECTION ( 'NONE',  ( 0.0000000000000000000, 2.148487149506091871E-16, 1.000000000000000000 ) ) ;
#2155 = ORIENTED_EDGE ( 'NONE', *, *, #11, .F. ) ;
#2156 = FACE_OUTER_BOUND ( 'NONE', #2177, .T. ) ;
#2157 = CARTESIAN_POINT ( 'NONE',  ( 0.5250000000000000222, 1.649999999999999911, -1.698606797699999893 ) ) ;
#2158 = EDGE_LOOP ( 'NONE', ( #66, #4098, #4666, #1377 ) ) ;
#2159 = LINE ( 'NONE', #2867, #4016 ) ;
#2160 = CARTESIAN_POINT ( 'NONE',  ( 0.5250000000000000222, 0.0000000000000000000, -1.525000000000000133 ) ) ;
#2161 = VECTOR ( 'NONE', #190, 1000.000000000000000 ) ;
#2162 =( NAMED_UNIT ( * ) PLANE_ANGLE_UNIT ( ) SI_UNIT ( $, .RADIAN. ) );
#2163 = CARTESIAN_POINT ( 'NONE',  ( -2.274999999999999911, 0.0000000000000000000, 0.0000000000000000000 ) ) ;
#2164 = LINE ( 'NONE', #660, #3499 ) ;
#2165 = VECTOR ( 'NONE', #393, 1000.000000000000000 ) ;
#2166 = VERTEX_POINT ( 'NONE', #2354 ) ;
#2167 = EDGE_CURVE ( 'NONE', #3744, #3731, #513, .T. ) ;
#2168 = LINE ( 'NONE', #2505, #149 ) ;
#2169 = EDGE_LOOP ( 'NONE', ( #4427, #1769, #535, #3553 ) ) ;
#2170 = ORIENTED_EDGE ( 'NONE', *, *, #370, .T. ) ;
#2171 = ORIENTED_EDGE ( 'NONE', *, *, #4010, .T. ) ;
#2172 = EDGE_CURVE ( 'NONE', #4658, #455, #4337, .T. ) ;
#2173 = DIRECTION ( 'NONE',  ( 0.0000000000000000000, -1.000000000000000000, 0.0000000000000000000 ) ) ;
#2174 = DIRECTION ( 'NONE',  ( 0.0000000000000000000, 0.0000000000000000000, -1.000000000000000000 ) ) ;
#2175 = VECTOR ( 'NONE', #633, 1000.000000000000000 ) ;
#2176 = ORIENTED_EDGE ( 'NONE', *, *, #1389, .T. ) ;
#2177 = EDGE_LOOP ( 'NONE', ( #753, #1508, #160, #311 ) ) ;
#2178 = EDGE_CURVE ( 'NONE', #4424, #4436, #4000, .T. ) ;
#2179 = LINE ( 'NONE', #494, #1780 ) ;
#2180 = CARTESIAN_POINT ( 'NONE',  ( -0.5150000000000000133, 1.000000000000000000, -1.025000000000000133 ) ) ;
#2181 = EDGE_LOOP ( 'NONE', ( #2966, #45, #899, #4032, #3062, #3562, #2065, #1499 ) ) ;
#2182 = VECTOR ( 'NONE', #4460, 1000.000000000000000 ) ;
#2183 = ADVANCED_FACE ( 'NONE', ( #3470 ), #1269, .F. ) ;
#2184 = ORIENTED_EDGE ( 'NONE', *, *, #1894, .F. ) ;
#2185 = CARTESIAN_POINT ( 'NONE',  ( 2.274999999999999911, 0.6000000000000024203, 1.375000000000002442 ) ) ;
#2186 = VERTEX_POINT ( 'NONE', #4241 ) ;
#2187 = VECTOR ( 'NONE', #1512, 1000.000000000000000 ) ;
#2188 = PRESENTATION_LAYER_ASSIGNMENT (  '', '', ( #3372 ) ) ;
#2189 = PLANE ( 'NONE',  #363 ) ;
#2190 = CARTESIAN_POINT ( 'NONE',  ( -0.3750000000000000000, 0.0000000000000000000, 0.0000000000000000000 ) ) ;
#2191 = EDGE_LOOP ( 'NONE', ( #1205, #269, #3339, #1615 ) ) ;
#2192 = AXIS2_PLACEMENT_3D ( 'NONE', #1191, #4143, #466 ) ;
#2193 = DIRECTION ( 'NONE',  ( 0.0000000000000000000, -1.000000000000000000, 0.0000000000000000000 ) ) ;
#2194 = ORIENTED_EDGE ( 'NONE', *, *, #3614, .T. ) ;
#2195 = DIRECTION ( 'NONE',  ( -0.0000000000000000000, -3.295974604355854593E-17, -1.000000000000000000 ) ) ;
#2196 = VECTOR ( 'NONE', #4221, 1000.000000000000000 ) ;
#2197 = EDGE_CURVE ( 'NONE', #2217, #2812, #3292, .T. ) ;
#2198 = VECTOR ( 'NONE', #1650, 1000.000000000000000 ) ;
#2199 = EDGE_CURVE ( 'NONE', #4711, #1313, #2362, .T. ) ;
#2200 = DIRECTION ( 'NONE',  ( 0.0000000000000000000, 1.000000000000000000, 0.0000000000000000000 ) ) ;
#2201 = DIRECTION ( 'NONE',  ( -0.0000000000000000000, -0.0000000000000000000, 1.000000000000000000 ) ) ;
#2202 = ORIENTED_EDGE ( 'NONE', *, *, #2767, .T. ) ;
#2203 = PLANE ( 'NONE',  #768 ) ;
#2204 = CARTESIAN_POINT ( 'NONE',  ( -0.5150000000000000133, 1.649999999999999911, -1.698606797699999893 ) ) ;
#2205 = DIRECTION ( 'NONE',  ( 1.000000000000000000, 0.0000000000000000000, 0.0000000000000000000 ) ) ;
#2206 = EDGE_LOOP ( 'NONE', ( #1112, #885, #843, #2930 ) ) ;
#2207 = DIRECTION ( 'NONE',  ( 1.000000000000000000, 0.0000000000000000000, 0.0000000000000000000 ) ) ;
#2208 = EDGE_CURVE ( 'NONE', #218, #3337, #3111, .T. ) ;
#2209 = VECTOR ( 'NONE', #4688, 1000.000000000000000 ) ;
#2210 = LINE ( 'NONE', #3519, #2375 ) ;
#2211 = FACE_OUTER_BOUND ( 'NONE', #2840, .T. ) ;
#2212 = ORIENTED_EDGE ( 'NONE', *, *, #2602, .F. ) ;
#2213 = ORIENTED_EDGE ( 'NONE', *, *, #4556, .T. ) ;
#2214 = PLANE ( 'NONE',  #4024 ) ;
#2215 = LINE ( 'NONE', #2310, #3267 ) ;
#2216 = ORIENTED_EDGE ( 'NONE', *, *, #4635, .T. ) ;
#2217 = VERTEX_POINT ( 'NONE', #3855 ) ;
#2218 = CARTESIAN_POINT ( 'NONE',  ( 0.4249999999999999889, 1.850000000000000089, -1.474999999999999867 ) ) ;
#2219 = DIRECTION ( 'NONE',  ( 0.0000000000000000000, 0.0000000000000000000, -1.000000000000000000 ) ) ;
#2220 = FACE_OUTER_BOUND ( 'NONE', #3803, .T. ) ;
#2221 = DIRECTION ( 'NONE',  ( -1.000000000000000000, 0.0000000000000000000, 0.0000000000000000000 ) ) ;
#2222 = CARTESIAN_POINT ( 'NONE',  ( -2.500000000000000000, 4.240000000000000213, 2.024999999999999911 ) ) ;
#2223 = ORIENTED_EDGE ( 'NONE', *, *, #4800, .T. ) ;
#2224 = FACE_OUTER_BOUND ( 'NONE', #2303, .T. ) ;
#2225 = EDGE_LOOP ( 'NONE', ( #1866, #4336, #1781 ) ) ;
#2226 = CARTESIAN_POINT ( 'NONE',  ( -0.3750000000000000000, 2.250000000000000000, 1.025000000000000133 ) ) ;
#2227 = ORIENTED_EDGE ( 'NONE', *, *, #1675, .T. ) ;
#2228 = FACE_OUTER_BOUND ( 'NONE', #1283, .T. ) ;
#2229 = VERTEX_POINT ( 'NONE', #514 ) ;
#2230 = CARTESIAN_POINT ( 'NONE',  ( 1.175000000000000044, 1.850000000000000089, -1.474999999999999867 ) ) ;
#2231 = DIRECTION ( 'NONE',  ( 0.0000000000000000000, -0.0000000000000000000, 1.000000000000000000 ) ) ;
#2232 = FILL_AREA_STYLE ('',( #3712 ) ) ;
#2233 = ORIENTED_EDGE ( 'NONE', *, *, #1145, .T. ) ;
#2234 = EDGE_CURVE ( 'NONE', #1301, #1661, #2762, .T. ) ;
#2235 = VERTEX_POINT ( 'NONE', #3871 ) ;
#2236 = DIRECTION ( 'NONE',  ( 0.0000000000000000000, -1.000000000000000000, -3.212450881438532635E-15 ) ) ;
#2237 =( LENGTH_UNIT ( ) NAMED_UNIT ( * ) SI_UNIT ( .MILLI., .METRE. ) );
#2238 = DIRECTION ( 'NONE',  ( 0.0000000000000000000, 0.0000000000000000000, -1.000000000000000000 ) ) ;
#2239 = ORIENTED_EDGE ( 'NONE', *, *, #958, .F. ) ;
#2240 = ORIENTED_EDGE ( 'NONE', *, *, #2919, .F. ) ;
#2241 = DIRECTION ( 'NONE',  ( -0.0000000000000000000, -1.000000000000000000, -0.0000000000000000000 ) ) ;
#2242 = ORIENTED_EDGE ( 'NONE', *, *, #4483, .F. ) ;
#2243 = VECTOR ( 'NONE', #1958, 1000.000000000000000 ) ;
#2244 = DIRECTION ( 'NONE',  ( 0.0000000000000000000, 0.0000000000000000000, -1.000000000000000000 ) ) ;
#2245 = EDGE_CURVE ( 'NONE', #2694, #4512, #403, .T. ) ;
#2246 = ORIENTED_EDGE ( 'NONE', *, *, #1123, .T. ) ;
#2247 = DIRECTION ( 'NONE',  ( 0.0000000000000000000, -1.000000000000000000, 0.0000000000000000000 ) ) ;
#2248 = SURFACE_STYLE_USAGE ( .BOTH. , #3336 ) ;
#2249 = AXIS2_PLACEMENT_3D ( 'NONE', #4019, #1041, #3640 ) ;
#2250 = ORIENTED_EDGE ( 'NONE', *, *, #382, .F. ) ;
#2251 = VECTOR ( 'NONE', #3680, 1000.000000000000000 ) ;
#2252 = SURFACE_SIDE_STYLE ('',( #1748 ) ) ;
#2253 = DIRECTION ( 'NONE',  ( -1.000000000000000000, 0.0000000000000000000, 0.0000000000000000000 ) ) ;
#2254 = EDGE_CURVE ( 'NONE', #395, #1720, #4621, .T. ) ;
#2255 = CLOSED_SHELL ( 'NONE', ( #2664, #3129, #1484, #3083, #1492, #1568, #3402, #720, #1593, #4369, #654, #2426, #1458, #4373, #3013, #4346, #243, #4092 ) ) ;
#2256 = AXIS2_PLACEMENT_3D ( 'NONE', #4236, #904, #2018 ) ;
#2257 = CARTESIAN_POINT ( 'NONE',  ( -0.7249999999999999778, 0.5000000000000000000, -1.525000000000000133 ) ) ;
#2258 = ADVANCED_FACE ( 'NONE', ( #3528 ), #130, .F. ) ;
#2259 = LINE ( 'NONE', #4422, #476 ) ;
#2260 = VECTOR ( 'NONE', #3924, 1000.000000000000000 ) ;
#2261 = CARTESIAN_POINT ( 'NONE',  ( 0.8750000000000000000, 3.750000000000000000, 2.024999999999999911 ) ) ;
#2262 = CARTESIAN_POINT ( 'NONE',  ( -2.274999999999999911, 1.950000000000002176, 1.375000000000006883 ) ) ;
#2263 = ORIENTED_EDGE ( 'NONE', *, *, #2457, .F. ) ;
#2264 = EDGE_CURVE ( 'NONE', #2434, #1012, #1569, .T. ) ;
#2265 = EDGE_CURVE ( 'NONE', #1338, #296, #1149, .T. ) ;
#2266 = VECTOR ( 'NONE', #1583, 1000.000000000000000 ) ;
#2267 = VECTOR ( 'NONE', #539, 1000.000000000000000 ) ;
#2268 = ORIENTED_EDGE ( 'NONE', *, *, #1366, .F. ) ;
#2269 = EDGE_CURVE ( 'NONE', #2361, #3706, #2532, .T. ) ;
#2270 = LINE ( 'NONE', #2771, #186 ) ;
#2271 = EDGE_CURVE ( 'NONE', #3141, #199, #910, .T. ) ;
#2272 = FACE_OUTER_BOUND ( 'NONE', #1189, .T. ) ;
#2273 = ORIENTED_EDGE ( 'NONE', *, *, #1432, .T. ) ;
#2274 = FACE_OUTER_BOUND ( 'NONE', #3995, .T. ) ;
#2275 = CARTESIAN_POINT ( 'NONE',  ( 2.500000000000000000, 4.240000000000000213, 2.024999999999999911 ) ) ;
#2276 = CARTESIAN_POINT ( 'NONE',  ( 0.7249999999999999778, 1.850000000000000089, -1.025000000000000133 ) ) ;
#2277 = LINE ( 'NONE', #3935, #1053 ) ;
#2278 = VERTEX_POINT ( 'NONE', #3128 ) ;
#2279 = FACE_OUTER_BOUND ( 'NONE', #2751, .T. ) ;
#2280 = ADVANCED_BREP_SHAPE_REPRESENTATION ( 'B02MB-GHS-TBT', ( #346, #415, #1488, #620, #2779, #4563 ), #3476 ) ;
#2281 = CARTESIAN_POINT ( 'NONE',  ( -2.500000000000000000, 4.240000000000000213, -0.07499999999999998335 ) ) ;
#2282 = AXIS2_PLACEMENT_3D ( 'NONE', #3886, #3475, #2007 ) ;
#2283 = DIRECTION ( 'NONE',  ( 0.0000000000000000000, 0.7468134723257140450, -0.6650335612228979176 ) ) ;
#2284 = LINE ( 'NONE', #2617, #2004 ) ;
#2285 = EDGE_LOOP ( 'NONE', ( #4274, #3685, #4146, #26 ) ) ;
#2286 = ADVANCED_FACE ( 'NONE', ( #2880 ), #4640, .F. ) ;
#2287 = DIRECTION ( 'NONE',  ( 0.0000000000000000000, 1.000000000000000000, 0.0000000000000000000 ) ) ;
#2288 = CARTESIAN_POINT ( 'NONE',  ( 2.274999999999999911, 4.250000000000000000, -0.07499999999999998335 ) ) ;
#2289 = PRESENTATION_LAYER_ASSIGNMENT (  '', '', ( #4462 ) ) ;
#2290 = CARTESIAN_POINT ( 'NONE',  ( -1.175000000000000044, 2.550000000000000266, -1.474999999999999867 ) ) ;
#2291 = ORIENTED_EDGE ( 'NONE', *, *, #932, .F. ) ;
#2292 = CARTESIAN_POINT ( 'NONE',  ( 1.375000000000000000, 3.750000000000000000, 2.024999999999999911 ) ) ;
#2293 = EDGE_CURVE ( 'NONE', #1656, #3411, #3699, .T. ) ;
#2294 = EDGE_CURVE ( 'NONE', #2138, #579, #2757, .T. ) ;
#2295 = VERTEX_POINT ( 'NONE', #4577 ) ;
#2296 = CARTESIAN_POINT ( 'NONE',  ( -0.5250000000000000222, 0.0000000000000000000, 2.024999999999999911 ) ) ;
#2297 = ORIENTED_EDGE ( 'NONE', *, *, #3172, .F. ) ;
#2298 = CARTESIAN_POINT ( 'NONE',  ( -2.024999999999999911, 2.250000000000000000, -1.925000000000000044 ) ) ;
#2299 = EDGE_LOOP ( 'NONE', ( #291, #921, #861, #377, #2649, #4329 ) ) ;
#2300 = FACE_OUTER_BOUND ( 'NONE', #3182, .T. ) ;
#2301 = EDGE_CURVE ( 'NONE', #4444, #404, #2932, .T. ) ;
#2302 = EDGE_CURVE ( 'NONE', #3263, #4021, #1018, .T. ) ;
#2303 = EDGE_LOOP ( 'NONE', ( #3256, #4321, #1705, #383 ) ) ;
#2304 = CARTESIAN_POINT ( 'NONE',  ( 0.7249999999999999778, 1.850000000000000089, -2.024999999999999911 ) ) ;
#2305 = EDGE_LOOP ( 'NONE', ( #1454, #2568, #3757, #2917 ) ) ;
#2306 = DIRECTION ( 'NONE',  ( -0.0000000000000000000, -1.000000000000000000, -3.219646771412953967E-15 ) ) ;
#2307 = FACE_OUTER_BOUND ( 'NONE', #2061, .T. ) ;
#2308 = ORIENTED_EDGE ( 'NONE', *, *, #1303, .F. ) ;
#2309 = ORIENTED_EDGE ( 'NONE', *, *, #2760, .T. ) ;
#2310 = CARTESIAN_POINT ( 'NONE',  ( 2.456138830084189983, 2.250000000000000000, -0.4749999999999999778 ) ) ;
#2311 = VECTOR ( 'NONE', #1539, 1000.000000000000000 ) ;
#2312 = ORIENTED_EDGE ( 'NONE', *, *, #3074, .F. ) ;
#2313 = CARTESIAN_POINT ( 'NONE',  ( 1.875000000000000000, 0.5000000000000000000, 2.024999999999999911 ) ) ;
#2314 = LINE ( 'NONE', #1096, #3885 ) ;
#2315 = CARTESIAN_POINT ( 'NONE',  ( 2.375000000000000000, 3.750000000000000000, 2.024999999999999911 ) ) ;
#2316 = AXIS2_PLACEMENT_3D ( 'NONE', #1887, #2221, #1509 ) ;
#2317 = CARTESIAN_POINT ( 'NONE',  ( 0.5250000000000000222, 0.5000000000000000000, 2.024999999999999911 ) ) ;
#2318 = VERTEX_POINT ( 'NONE', #1334 ) ;
#2319 = PLANE ( 'NONE',  #4365 ) ;
#2320 = PLANE ( 'NONE',  #1231 ) ;
#2321 = VECTOR ( 'NONE', #1116, 1000.000000000000000 ) ;
#2322 = ORIENTED_EDGE ( 'NONE', *, *, #1804, .T. ) ;
#2323 = CARTESIAN_POINT ( 'NONE',  ( -2.875000000000000000, 4.250000000000000000, -1.525000000000000133 ) ) ;
#2324 = DIRECTION ( 'NONE',  ( 1.000000000000000000, 0.0000000000000000000, 0.0000000000000000000 ) ) ;
#2325 = DIRECTION ( 'NONE',  ( 1.000000000000000000, 0.0000000000000000000, 0.0000000000000000000 ) ) ;
#2326 = LINE ( 'NONE', #135, #134 ) ;
#2327 = DIRECTION ( 'NONE',  ( -1.000000000000000000, 0.0000000000000000000, 0.0000000000000000000 ) ) ;
#2328 = ORIENTED_EDGE ( 'NONE', *, *, #4411, .T. ) ;
#2329 = EDGE_CURVE ( 'NONE', #3380, #455, #4445, .T. ) ;
#2330 = LINE ( 'NONE', #3970, #3790 ) ;
#2331 = DIRECTION ( 'NONE',  ( 0.0000000000000000000, 0.0000000000000000000, 1.000000000000000000 ) ) ;
#2332 = COLOUR_RGB ( '',0.6470588235294117974, 0.6196078431372549211, 0.5882352941176470784 ) ;
#2333 = CARTESIAN_POINT ( 'NONE',  ( -2.475000000000000089, 4.249999999999992895, -0.07499999999999976130 ) ) ;
#2334 = LINE ( 'NONE', #1905, #1646 ) ;
#2335 = VERTEX_POINT ( 'NONE', #2086 ) ;
#2336 = LINE ( 'NONE', #2276, #1183 ) ;
#2337 = FACE_OUTER_BOUND ( 'NONE', #3638, .T. ) ;
#2338 = ORIENTED_EDGE ( 'NONE', *, *, #2293, .F. ) ;
#2339 = CARTESIAN_POINT ( 'NONE',  ( -1.175000000000000044, 1.850000000000000089, -1.474999999999999867 ) ) ;
#2340 = CARTESIAN_POINT ( 'NONE',  ( 0.7249999999999999778, 1.350000000000000089, -1.525000000000000133 ) ) ;
#2341 = ORIENTED_EDGE ( 'NONE', *, *, #4665, .F. ) ;
#2342 = CARTESIAN_POINT ( 'NONE',  ( -0.8750000000000000000, 1.949999999999999956, 2.024999999999999911 ) ) ;
#2343 = AXIS2_PLACEMENT_3D ( 'NONE', #117, #148, #1972 ) ;
#2344 = DIRECTION ( 'NONE',  ( 1.000000000000000000, 0.0000000000000000000, 0.0000000000000000000 ) ) ;
#2345 = ORIENTED_EDGE ( 'NONE', *, *, #2763, .F. ) ;
#2346 = VECTOR ( 'NONE', #2431, 1000.000000000000000 ) ;
#2347 = VERTEX_POINT ( 'NONE', #2068 ) ;
#2348 = CARTESIAN_POINT ( 'NONE',  ( -2.274999999999999911, 2.000000000000000000, -2.024999999999999911 ) ) ;
#2349 = VERTEX_POINT ( 'NONE', #3941 ) ;
#2350 = AXIS2_PLACEMENT_3D ( 'NONE', #4281, #2409, #3485 ) ;
#2351 = VECTOR ( 'NONE', #1251, 1000.000000000000000 ) ;
#2352 = ORIENTED_EDGE ( 'NONE', *, *, #1960, .F. ) ;
#2353 = VECTOR ( 'NONE', #292, 1000.000000000000000 ) ;
#2354 = CARTESIAN_POINT ( 'NONE',  ( 0.7249999999999999778, 1.850000000000000089, 2.024999999999999911 ) ) ;
#2355 = EDGE_CURVE ( 'NONE', #3731, #3817, #3939, .T. ) ;
#2356 = EDGE_CURVE ( 'NONE', #3001, #98, #4566, .T. ) ;
#2357 = ORIENTED_EDGE ( 'NONE', *, *, #3625, .F. ) ;
#2358 = FACE_OUTER_BOUND ( 'NONE', #1673, .T. ) ;
#2359 = ORIENTED_EDGE ( 'NONE', *, *, #655, .F. ) ;
#2360 = PLANE ( 'NONE',  #1258 ) ;
#2361 = VERTEX_POINT ( 'NONE', #560 ) ;
#2362 = LINE ( 'NONE', #878, #3002 ) ;
#2363 = EDGE_CURVE ( 'NONE', #2384, #918, #267, .T. ) ;
#2364 = FACE_OUTER_BOUND ( 'NONE', #2299, .T. ) ;
#2365 = DIRECTION ( 'NONE',  ( -0.0000000000000000000, -1.000000000000000000, -0.0000000000000000000 ) ) ;
#2366 = EDGE_CURVE ( 'NONE', #918, #1948, #1786, .T. ) ;
#2367 = PLANE ( 'NONE',  #2 ) ;
#2368 = VERTEX_POINT ( 'NONE', #4672 ) ;
#2369 = CARTESIAN_POINT ( 'NONE',  ( -1.175000000000000044, 1.850000000000000089, -1.474999999999999867 ) ) ;
#2370 = CARTESIAN_POINT ( 'NONE',  ( -2.274999999999999911, 3.600000000000000089, -1.425000000000000933 ) ) ;
#2371 = EDGE_CURVE ( 'NONE', #3001, #1474, #2995, .T. ) ;
#2372 = DIRECTION ( 'NONE',  ( 0.0000000000000000000, 0.0000000000000000000, 1.000000000000000000 ) ) ;
#2373 = VECTOR ( 'NONE', #4294, 1000.000000000000000 ) ;
#2374 = ADVANCED_FACE ( 'NONE', ( #2527 ), #3904, .F. ) ;
#2375 = VECTOR ( 'NONE', #4234, 1000.000000000000000 ) ;
#2376 = CARTESIAN_POINT ( 'NONE',  ( -2.375000000000000000, 3.750000000000000000, 0.02500000000000000139 ) ) ;
#2377 = ORIENTED_EDGE ( 'NONE', *, *, #4264, .T. ) ;
#2378 = EDGE_CURVE ( 'NONE', #3469, #4389, #159, .T. ) ;
#2379 = VECTOR ( 'NONE', #2835, 1000.000000000000000 ) ;
#2380 = VECTOR ( 'NONE', #3048, 1000.000000000000000 ) ;
#2381 = VECTOR ( 'NONE', #4648, 1000.000000000000000 ) ;
#2382 = EDGE_LOOP ( 'NONE', ( #2268, #1263, #614, #520, #3348, #3234 ) ) ;
#2383 = CARTESIAN_POINT ( 'NONE',  ( -0.8750000000000000000, 3.750000000000000000, -2.024999999999999911 ) ) ;
#2384 = VERTEX_POINT ( 'NONE', #2805 ) ;
#2385 = CARTESIAN_POINT ( 'NONE',  ( -0.7349999999999999867, 1.850000000000000089, -1.025000000000000133 ) ) ;
#2386 = CARTESIAN_POINT ( 'NONE',  ( 2.274999999999999911, 2.224999999999998757, -2.025000000000007905 ) ) ;
#2387 = VERTEX_POINT ( 'NONE', #1321 ) ;
#2388 = ORIENTED_EDGE ( 'NONE', *, *, #1631, .T. ) ;
#2389 = EDGE_CURVE ( 'NONE', #653, #2631, #4617, .T. ) ;
#2390 = CARTESIAN_POINT ( 'NONE',  ( -0.5250000000000000222, 0.5000000000000000000, 2.024999999999999911 ) ) ;
#2391 = CARTESIAN_POINT ( 'NONE',  ( 1.175000000000000044, 2.550000000000000266, 2.024999999999999911 ) ) ;
#2392 = FACE_OUTER_BOUND ( 'NONE', #4320, .T. ) ;
#2393 = ORIENTED_EDGE ( 'NONE', *, *, #806, .F. ) ;
#2394 = VECTOR ( 'NONE', #1813, 1000.000000000000000 ) ;
#2395 = CARTESIAN_POINT ( 'NONE',  ( -2.024999999999999911, 4.240000000000000213, -1.925000000000000044 ) ) ;
#2396 = DIRECTION ( 'NONE',  ( 0.0000000000000000000, -3.854941057726236322E-15, 1.000000000000000000 ) ) ;
#2397 = VECTOR ( 'NONE', #1409, 1000.000000000000000 ) ;
#2398 = VERTEX_POINT ( 'NONE', #625 ) ;
#2399 = EDGE_CURVE ( 'NONE', #849, #619, #394, .T. ) ;
#2400 = DIRECTION ( 'NONE',  ( 0.0000000000000000000, -1.000000000000000000, 0.0000000000000000000 ) ) ;
#2401 = DIRECTION ( 'NONE',  ( 0.0000000000000000000, -1.000000000000000000, 0.0000000000000000000 ) ) ;
#2402 = CARTESIAN_POINT ( 'NONE',  ( -1.375000000000000000, 3.149999999999999911, 2.024999999999999911 ) ) ;
#2403 = VERTEX_POINT ( 'NONE', #2529 ) ;
#2404 = ORIENTED_EDGE ( 'NONE', *, *, #3312, .F. ) ;
#2405 = FACE_OUTER_BOUND ( 'NONE', #1765, .T. ) ;
#2406 = AXIS2_PLACEMENT_3D ( 'NONE', #35, #2598, #4149 ) ;
#2407 = ORIENTED_EDGE ( 'NONE', *, *, #2455, .F. ) ;
#2408 = ORIENTED_EDGE ( 'NONE', *, *, #3106, .T. ) ;
#2409 = DIRECTION ( 'NONE',  ( 1.000000000000000000, 0.0000000000000000000, -0.0000000000000000000 ) ) ;
#2410 = EDGE_CURVE ( 'NONE', #55, #2888, #1142, .T. ) ;
#2411 = VERTEX_POINT ( 'NONE', #3990 ) ;
#2412 = CARTESIAN_POINT ( 'NONE',  ( -1.375000000000000000, 3.750000000000000000, 0.02500000000000000139 ) ) ;
#2413 = FACE_OUTER_BOUND ( 'NONE', #3100, .T. ) ;
#2414 = CARTESIAN_POINT ( 'NONE',  ( 2.500000000000000000, 4.240000000000000213, -2.024999999999999911 ) ) ;
#2415 = ORIENTED_EDGE ( 'NONE', *, *, #2378, .T. ) ;
#2416 = VERTEX_POINT ( 'NONE', #4707 ) ;
#2417 = DIRECTION ( 'NONE',  ( 1.000000000000000000, 0.0000000000000000000, 0.0000000000000000000 ) ) ;
#2418 = CARTESIAN_POINT ( 'NONE',  ( 2.375000000000000000, 3.750000000000000000, 0.02500000000000000139 ) ) ;
#2419 = VECTOR ( 'NONE', #3446, 1000.000000000000000 ) ;
#2420 = CARTESIAN_POINT ( 'NONE',  ( 0.7249999999999999778, 1.350000000000000089, 1.525000000000000133 ) ) ;
#2421 = EDGE_CURVE ( 'NONE', #1379, #310, #3875, .T. ) ;
#2422 = ORIENTED_EDGE ( 'NONE', *, *, #2428, .F. ) ;
#2423 = FACE_OUTER_BOUND ( 'NONE', #1080, .T. ) ;
#2424 = PLANE ( 'NONE',  #3028 ) ;
#2425 = LINE ( 'NONE', #3296, #2655 ) ;
#2426 = ADVANCED_FACE ( 'NONE', ( #3636 ), #4751, .T. ) ;
#2427 = UNCERTAINTY_MEASURE_WITH_UNIT (LENGTH_MEASURE( 1.000000000000000082E-05 ), #523, 'distance_accuracy_value', 'NONE');
#2428 = EDGE_CURVE ( 'NONE', #1355, #4036, #4734, .T. ) ;
#2429 = CARTESIAN_POINT ( 'NONE',  ( -0.5250000000000000222, 1.350000000000000089, -1.525000000000000133 ) ) ;
#2430 = ORIENTED_EDGE ( 'NONE', *, *, #408, .F. ) ;
#2431 = DIRECTION ( 'NONE',  ( 1.000000000000000000, 0.0000000000000000000, 0.0000000000000000000 ) ) ;
#2432 = FACE_OUTER_BOUND ( 'NONE', #735, .T. ) ;
#2433 = ADVANCED_FACE ( 'NONE', ( #2358, #907 ), #1387, .F. ) ;
#2434 = VERTEX_POINT ( 'NONE', #2466 ) ;
#2435 = DIRECTION ( 'NONE',  ( 0.0000000000000000000, 0.0000000000000000000, -1.000000000000000000 ) ) ;
#2436 = SURFACE_SIDE_STYLE ('',( #1502 ) ) ;
#2437 = AXIS2_PLACEMENT_3D ( 'NONE', #3335, #1882, #1132 ) ;
#2438 = LINE ( 'NONE', #4722, #12 ) ;
#2439 = VECTOR ( 'NONE', #1259, 1000.000000000000000 ) ;
#2440 = CARTESIAN_POINT ( 'NONE',  ( 2.274999999999999911, 0.6000000000000024203, 1.375000000000002442 ) ) ;
#2441 = EDGE_CURVE ( 'NONE', #1421, #2411, #1561, .T. ) ;
#2442 = DIRECTION ( 'NONE',  ( 1.000000000000000000, 0.0000000000000000000, 0.0000000000000000000 ) ) ;
#2443 = DIRECTION ( 'NONE',  ( 0.0000000000000000000, 1.000000000000000000, 0.0000000000000000000 ) ) ;
#2444 = DIRECTION ( 'NONE',  ( 0.0000000000000000000, -1.000000000000000000, 3.295974604355854593E-17 ) ) ;
#2445 = ORIENTED_EDGE ( 'NONE', *, *, #869, .F. ) ;
#2446 = LINE ( 'NONE', #3078, #299 ) ;
#2447 = SURFACE_STYLE_USAGE ( .BOTH. , #1711 ) ;
#2448 = EDGE_CURVE ( 'NONE', #445, #1733, #2072, .T. ) ;
#2449 = EDGE_CURVE ( 'NONE', #3826, #150, #3342, .T. ) ;
#2450 = VECTOR ( 'NONE', #2675, 1000.000000000000000 ) ;
#2451 = PLANE ( 'NONE',  #920 ) ;
#2452 = EDGE_LOOP ( 'NONE', ( #1327, #3726, #1255, #1808 ) ) ;
#2453 = DIRECTION ( 'NONE',  ( 0.0000000000000000000, -1.084202172485501673E-15, -1.000000000000000000 ) ) ;
#2454 = LINE ( 'NONE', #3418, #4026 ) ;
#2455 = EDGE_CURVE ( 'NONE', #2638, #3374, #1727, .T. ) ;
#2456 = ORIENTED_EDGE ( 'NONE', *, *, #2356, .T. ) ;
#2457 = EDGE_CURVE ( 'NONE', #4764, #367, #4441, .T. ) ;
#2458 = ADVANCED_FACE ( 'NONE', ( #2413 ), #273, .F. ) ;
#2459 = CARTESIAN_POINT ( 'NONE',  ( 0.7249999999999999778, 0.0000000000000000000, 0.0000000000000000000 ) ) ;
#2460 = FACE_OUTER_BOUND ( 'NONE', #1000, .T. ) ;
#2461 = ORIENTED_EDGE ( 'NONE', *, *, #1024, .T. ) ;
#2462 = CARTESIAN_POINT ( 'NONE',  ( 0.7349999999999999867, 1.850000000000000089, -1.025000000000000133 ) ) ;
#2463 = ORIENTED_EDGE ( 'NONE', *, *, #3864, .F. ) ;
#2464 = ORIENTED_EDGE ( 'NONE', *, *, #3355, .F. ) ;
#2465 = CARTESIAN_POINT ( 'NONE',  ( -2.274999999999999911, 1.999999999999998668, -1.425000000000000933 ) ) ;
#2466 = CARTESIAN_POINT ( 'NONE',  ( 2.475000000000000089, 3.600000000000000089, -1.425000000000000933 ) ) ;
#2467 = ORIENTED_EDGE ( 'NONE', *, *, #622, .F. ) ;
#2468 = VECTOR ( 'NONE', #1156, 1000.000000000000000 ) ;
#2469 = EDGE_LOOP ( 'NONE', ( #3515, #3156, #3173, #3991 ) ) ;
#2470 = EDGE_CURVE ( 'NONE', #4251, #3329, #4330, .T. ) ;
#2471 = VECTOR ( 'NONE', #2608, 1000.000000000000000 ) ;
#2472 = AXIS2_PLACEMENT_3D ( 'NONE', #4044, #3718, #3682 ) ;
#2473 = DIRECTION ( 'NONE',  ( -0.0000000000000000000, 1.000000000000000000, 0.0000000000000000000 ) ) ;
#2474 = EDGE_LOOP ( 'NONE', ( #4353, #1896, #3683, #3104, #2116, #2239 ) ) ;
#2475 = VECTOR ( 'NONE', #1353, 1000.000000000000000 ) ;
#2476 = ORIENTED_EDGE ( 'NONE', *, *, #1773, .F. ) ;
#2477 = DIRECTION ( 'NONE',  ( 0.0000000000000000000, -1.000000000000000000, 0.0000000000000000000 ) ) ;
#2478 = ORIENTED_EDGE ( 'NONE', *, *, #2199, .F. ) ;
#2479 = LINE ( 'NONE', #1874, #213 ) ;
#2480 = DIRECTION ( 'NONE',  ( -8.673617379884027583E-16, 0.0000000000000000000, 1.000000000000000000 ) ) ;
#2481 = DIRECTION ( 'NONE',  ( -0.0000000000000000000, -0.0000000000000000000, 1.000000000000000000 ) ) ;
#2482 = VERTEX_POINT ( 'NONE', #1020 ) ;
#2483 = CARTESIAN_POINT ( 'NONE',  ( -1.375000000000000000, 3.750000000000000000, 2.024999999999999911 ) ) ;
#2484 = CARTESIAN_POINT ( 'NONE',  ( -0.8750000000000000000, 3.750000000000000000, -2.024999999999999911 ) ) ;
#2485 = ORIENTED_EDGE ( 'NONE', *, *, #3992, .F. ) ;
#2486 = DIRECTION ( 'NONE',  ( -1.000000000000000000, 0.0000000000000000000, 0.0000000000000000000 ) ) ;
#2487 = COLOUR_RGB ( '',0.6470588235294117974, 0.6196078431372549211, 0.5882352941176470784 ) ;
#2488 = FILL_AREA_STYLE ('',( #4341 ) ) ;
#2489 = EDGE_CURVE ( 'NONE', #450, #442, #841, .T. ) ;
#2490 = DIRECTION ( 'NONE',  ( 0.0000000000000000000, 0.0000000000000000000, 1.000000000000000000 ) ) ;
#2491 = ORIENTED_EDGE ( 'NONE', *, *, #1903, .F. ) ;
#2492 = CARTESIAN_POINT ( 'NONE',  ( 2.875000000000000000, 0.6000000000000024203, 1.375000000000002442 ) ) ;
#2493 = CARTESIAN_POINT ( 'NONE',  ( 0.3749999999999998890, 2.250000000000000000, -0.4749999999999999778 ) ) ;
#2494 = AXIS2_PLACEMENT_3D ( 'NONE', #3023, #3364, #751 ) ;
#2495 = DIRECTION ( 'NONE',  ( -0.0000000000000000000, -0.0000000000000000000, 1.000000000000000000 ) ) ;
#2496 = FACE_OUTER_BOUND ( 'NONE', #3951, .T. ) ;
#2497 = VECTOR ( 'NONE', #3066, 1000.000000000000000 ) ;
#2498 = EDGE_LOOP ( 'NONE', ( #1361, #4740, #1220, #2895 ) ) ;
#2499 = LINE ( 'NONE', #3677, #3137 ) ;
#2500 = PLANE ( 'NONE',  #1585 ) ;
#2501 = VECTOR ( 'NONE', #3831, 1000.000000000000000 ) ;
#2502 = ORIENTED_EDGE ( 'NONE', *, *, #2657, .F. ) ;
#2503 = AXIS2_PLACEMENT_3D ( 'NONE', #3950, #3224, #997 ) ;
#2504 = ORIENTED_EDGE ( 'NONE', *, *, #4257, .F. ) ;
#2505 = CARTESIAN_POINT ( 'NONE',  ( 0.7249999999999999778, 0.0000000000000000000, 2.024999999999999911 ) ) ;
#2506 = LINE ( 'NONE', #981, #4541 ) ;
#2507 = ORIENTED_EDGE ( 'NONE', *, *, #3401, .T. ) ;
#2508 = VECTOR ( 'NONE', #1472, 1000.000000000000000 ) ;
#2509 = CARTESIAN_POINT ( 'NONE',  ( -2.375000000000000000, 3.149999999999999911, 2.024999999999999911 ) ) ;
#2510 = CARTESIAN_POINT ( 'NONE',  ( -2.875000000000000000, 4.250000000000000000, -2.024999999999999911 ) ) ;
#2511 = VECTOR ( 'NONE', #2678, 1000.000000000000000 ) ;
#2512 = CARTESIAN_POINT ( 'NONE',  ( 0.5250000000000000222, 1.649999999999999911, 2.024999999999999911 ) ) ;
#2513 = ORIENTED_EDGE ( 'NONE', *, *, #1942, .T. ) ;
#2514 = CARTESIAN_POINT ( 'NONE',  ( 0.7249999999999999778, 0.5000000000000000000, 2.024999999999999911 ) ) ;
#2515 = EDGE_CURVE ( 'NONE', #4233, #4215, #1957, .T. ) ;
#2516 = ORIENTED_EDGE ( 'NONE', *, *, #3798, .F. ) ;
#2517 = CARTESIAN_POINT ( 'NONE',  ( -2.375000000000000000, 3.750000000000000000, 0.02500000000000000139 ) ) ;
#2518 = ORIENTED_EDGE ( 'NONE', *, *, #4239, .F. ) ;
#2519 = ORIENTED_EDGE ( 'NONE', *, *, #348, .T. ) ;
#2520 = DIRECTION ( 'NONE',  ( 1.000000000000000000, 0.0000000000000000000, 0.0000000000000000000 ) ) ;
#2521 = CARTESIAN_POINT ( 'NONE',  ( -0.5250000000000000222, 1.850000000000000089, 2.024999999999999911 ) ) ;
#2522 = ORIENTED_EDGE ( 'NONE', *, *, #1648, .T. ) ;
#2523 = ADVANCED_FACE ( 'NONE', ( #1374 ), #4015, .F. ) ;
#2524 = AXIS2_PLACEMENT_3D ( 'NONE', #2383, #2801, #2417 ) ;
#2525 = ORIENTED_EDGE ( 'NONE', *, *, #4511, .F. ) ;
#2526 = DIRECTION ( 'NONE',  ( 0.0000000000000000000, 0.0000000000000000000, -1.000000000000000000 ) ) ;
#2527 = FACE_OUTER_BOUND ( 'NONE', #392, .T. ) ;
#2528 = CARTESIAN_POINT ( 'NONE',  ( 0.5250000000000000222, 1.850000000000000089, -1.698606797699999893 ) ) ;
#2529 = CARTESIAN_POINT ( 'NONE',  ( 0.5150000000000000133, 1.000000000000000000, -1.474999999999999867 ) ) ;
#2530 = ORIENTED_EDGE ( 'NONE', *, *, #2167, .F. ) ;
#2531 = ORIENTED_EDGE ( 'NONE', *, *, #1393, .F. ) ;
#2532 = LINE ( 'NONE', #4209, #458 ) ;
#2533 = PLANE ( 'NONE',  #793 ) ;
#2534 = CARTESIAN_POINT ( 'NONE',  ( -1.375000000000000000, 3.149999999999999911, 2.024999999999999911 ) ) ;
#2535 = VERTEX_POINT ( 'NONE', #4723 ) ;
#2536 = EDGE_CURVE ( 'NONE', #2217, #3937, #386, .T. ) ;
#2537 = ORIENTED_EDGE ( 'NONE', *, *, #2428, .T. ) ;
#2538 = CARTESIAN_POINT ( 'NONE',  ( 2.475000000000000089, 1.999999999999998668, -1.425000000000000933 ) ) ;
#2539 = LINE ( 'NONE', #4653, #3471 ) ;
#2540 = ORIENTED_EDGE ( 'NONE', *, *, #69, .F. ) ;
#2541 = DIRECTION ( 'NONE',  ( 0.0000000000000000000, -1.000000000000000000, 0.0000000000000000000 ) ) ;
#2542 = DIRECTION ( 'NONE',  ( -0.0000000000000000000, 0.0000000000000000000, -1.000000000000000000 ) ) ;
#2543 = DIRECTION ( 'NONE',  ( 0.0000000000000000000, 0.0000000000000000000, 1.000000000000000000 ) ) ;
#2544 = DIRECTION ( 'NONE',  ( 1.000000000000000000, 0.0000000000000000000, 0.0000000000000000000 ) ) ;
#2545 = ADVANCED_FACE ( 'NONE', ( #4384 ), #4765, .T. ) ;
#2546 = ORIENTED_EDGE ( 'NONE', *, *, #1547, .F. ) ;
#2547 = LINE ( 'NONE', #2517, #2659 ) ;
#2548 = DIRECTION ( 'NONE',  ( 0.0000000000000000000, 0.0000000000000000000, -1.000000000000000000 ) ) ;
#2549 = ORIENTED_EDGE ( 'NONE', *, *, #555, .T. ) ;
#2550 = CARTESIAN_POINT ( 'NONE',  ( 2.475000000000000089, 3.600000000000000089, -1.425000000000000933 ) ) ;
#2551 = VECTOR ( 'NONE', #3591, 1000.000000000000000 ) ;
#2552 = LINE ( 'NONE', #1308, #3428 ) ;
#2553 = AXIS2_PLACEMENT_3D ( 'NONE', #1091, #2231, #2975 ) ;
#2554 = CARTESIAN_POINT ( 'NONE',  ( -0.7249999999999999778, 1.850000000000000089, 2.024999999999999911 ) ) ;
#2555 = LINE ( 'NONE', #1532, #2960 ) ;
#2556 = CARTESIAN_POINT ( 'NONE',  ( -1.175000000000000044, 1.850000000000000089, 2.024999999999999911 ) ) ;
#2557 = CARTESIAN_POINT ( 'NONE',  ( 0.7249999999999999778, 1.850000000000000089, 2.024999999999999911 ) ) ;
#2558 = ORIENTED_EDGE ( 'NONE', *, *, #1043, .T. ) ;
#2559 = LINE ( 'NONE', #2982, #3907 ) ;
#2560 = AXIS2_PLACEMENT_3D ( 'NONE', #1224, #3412, #4496 ) ;
#2561 = LINE ( 'NONE', #2710, #3389 ) ;
#2562 = LINE ( 'NONE', #4095, #2108 ) ;
#2563 = ORIENTED_EDGE ( 'NONE', *, *, #1565, .F. ) ;
#2564 = FACE_OUTER_BOUND ( 'NONE', #1992, .T. ) ;
#2565 = CARTESIAN_POINT ( 'NONE',  ( -2.875000000000000000, 3.600000000000000977, -1.425000000000000044 ) ) ;
#2566 = LINE ( 'NONE', #1185, #2681 ) ;
#2567 = ADVANCED_FACE ( 'NONE', ( #1429 ), #1139, .F. ) ;
#2568 = ORIENTED_EDGE ( 'NONE', *, *, #3521, .F. ) ;
#2569 = VECTOR ( 'NONE', #3776, 1000.000000000000000 ) ;
#2570 = DIRECTION ( 'NONE',  ( 1.000000000000000000, 0.0000000000000000000, 0.0000000000000000000 ) ) ;
#2571 = CARTESIAN_POINT ( 'NONE',  ( -0.7249999999999999778, 0.0000000000000000000, -1.525000000000000133 ) ) ;
#2572 = CARTESIAN_POINT ( 'NONE',  ( 2.274999999999999911, 1.980741759643274369, -1.925000000000000711 ) ) ;
#2573 = DIRECTION ( 'NONE',  ( 0.0000000000000000000, 0.0000000000000000000, -1.000000000000000000 ) ) ;
#2574 = DIRECTION ( 'NONE',  ( 0.0000000000000000000, -2.997602166487923448E-15, 1.000000000000000000 ) ) ;
#2575 = EDGE_CURVE ( 'NONE', #199, #657, #3168, .T. ) ;
#2576 = EDGE_LOOP ( 'NONE', ( #612, #2176, #809, #4140 ) ) ;
#2577 = ADVANCED_FACE ( 'NONE', ( #2300 ), #1868, .F. ) ;
#2578 = CARTESIAN_POINT ( 'NONE',  ( -0.7249999999999999778, 1.315130797599999957, 1.171117220399999770 ) ) ;
#2579 = PLANE ( 'NONE',  #4068 ) ;
#2580 = ORIENTED_EDGE ( 'NONE', *, *, #865, .F. ) ;
#2581 = EDGE_CURVE ( 'NONE', #4615, #3665, #3461, .T. ) ;
#2582 = VECTOR ( 'NONE', #4386, 1000.000000000000000 ) ;
#2583 = EDGE_LOOP ( 'NONE', ( #3271, #1234, #3980, #1523 ) ) ;
#2584 = ORIENTED_EDGE ( 'NONE', *, *, #4752, .T. ) ;
#2585 = LINE ( 'NONE', #2003, #3338 ) ;
#2586 = ORIENTED_EDGE ( 'NONE', *, *, #2356, .F. ) ;
#2587 = VECTOR ( 'NONE', #3592, 1000.000000000000000 ) ;
#2588 = ORIENTED_EDGE ( 'NONE', *, *, #3259, .F. ) ;
#2589 = CARTESIAN_POINT ( 'NONE',  ( -2.274999999999999911, 1.950000000000002176, 1.375000000000006883 ) ) ;
#2590 = ORIENTED_EDGE ( 'NONE', *, *, #274, .F. ) ;
#2591 = DIRECTION ( 'NONE',  ( -1.000000000000000000, 0.0000000000000000000, 0.0000000000000000000 ) ) ;
#2592 = DIRECTION ( 'NONE',  ( -1.000000000000000000, 0.0000000000000000000, 0.0000000000000000000 ) ) ;
#2593 = ORIENTED_EDGE ( 'NONE', *, *, #4775, .T. ) ;
#2594 = ORIENTED_EDGE ( 'NONE', *, *, #343, .T. ) ;
#2595 = CARTESIAN_POINT ( 'NONE',  ( -0.7249999999999999778, 1.795247431900000024, 2.024999999999999911 ) ) ;
#2596 = ADVANCED_FACE ( 'NONE', ( #1314 ), #1519, .F. ) ;
#2597 = FACE_OUTER_BOUND ( 'NONE', #2078, .T. ) ;
#2598 = DIRECTION ( 'NONE',  ( 1.000000000000000000, 0.0000000000000000000, 0.0000000000000000000 ) ) ;
#2599 = ORIENTED_EDGE ( 'NONE', *, *, #1797, .F. ) ;
#2600 = CARTESIAN_POINT ( 'NONE',  ( -2.274999999999999911, 3.600000000000000977, -1.425000000000000044 ) ) ;
#2601 = LINE ( 'NONE', #4356, #1448 ) ;
#2602 = EDGE_CURVE ( 'NONE', #668, #3079, #3287, .T. ) ;
#2603 = EDGE_CURVE ( 'NONE', #2978, #3466, #3934, .T. ) ;
#2604 = ORIENTED_EDGE ( 'NONE', *, *, #1530, .T. ) ;
#2605 = CARTESIAN_POINT ( 'NONE',  ( 0.5250000000000000222, 0.0000000000000000000, -2.024999999999999911 ) ) ;
#2606 = ORIENTED_EDGE ( 'NONE', *, *, #1076, .F. ) ;
#2607 = APPLICATION_CONTEXT ( 'automotive_design' ) ;
#2608 = DIRECTION ( 'NONE',  ( 0.0000000000000000000, -1.000000000000000000, 0.0000000000000000000 ) ) ;
#2609 = EDGE_CURVE ( 'NONE', #359, #3329, #2817, .T. ) ;
#2610 = EDGE_CURVE ( 'NONE', #837, #1535, #1494, .T. ) ;
#2611 = FACE_OUTER_BOUND ( 'NONE', #2576, .T. ) ;
#2612 = CARTESIAN_POINT ( 'NONE',  ( 0.5250000000000000222, 1.000000000000000000, 0.0000000000000000000 ) ) ;
#2613 = CARTESIAN_POINT ( 'NONE',  ( -2.475000000000000089, 3.600000000000000089, -1.425000000000000933 ) ) ;
#2614 = LINE ( 'NONE', #917, #3135 ) ;
#2615 = ORIENTED_EDGE ( 'NONE', *, *, #3765, .T. ) ;
#2616 = ADVANCED_FACE ( 'NONE', ( #3056 ), #696, .T. ) ;
#2617 = CARTESIAN_POINT ( 'NONE',  ( -0.3750000000000000000, 2.250000000000000000, -0.4749999999999999778 ) ) ;
#2618 = CARTESIAN_POINT ( 'NONE',  ( -2.274999999999999911, 4.240000000000000213, -0.07499999999999998335 ) ) ;
#2619 = AXIS2_PLACEMENT_3D ( 'NONE', #1501, #4489, #3009 ) ;
#2620 = FACE_OUTER_BOUND ( 'NONE', #153, .T. ) ;
#2621 =( NAMED_UNIT ( * ) SI_UNIT ( $, .STERADIAN. ) SOLID_ANGLE_UNIT ( ) );
#2622 = ORIENTED_EDGE ( 'NONE', *, *, #451, .F. ) ;
#2623 = ORIENTED_EDGE ( 'NONE', *, *, #2448, .T. ) ;
#2624 = ADVANCED_FACE ( 'NONE', ( #208 ), #4062, .F. ) ;
#2625 = LINE ( 'NONE', #1449, #887 ) ;
#2626 = ORIENTED_EDGE ( 'NONE', *, *, #4080, .T. ) ;
#2627 = AXIS2_PLACEMENT_3D ( 'NONE', #4532, #799, #1604 ) ;
#2628 = LINE ( 'NONE', #3633, #2397 ) ;
#2629 = ORIENTED_EDGE ( 'NONE', *, *, #3830, .T. ) ;
#2630 = DIRECTION ( 'NONE',  ( -0.0000000000000000000, -1.339206523454102177E-15, -1.000000000000000000 ) ) ;
#2631 = VERTEX_POINT ( 'NONE', #30 ) ;
#2632 = CARTESIAN_POINT ( 'NONE',  ( 0.5250000000000000222, 0.0000000000000000000, 2.024999999999999911 ) ) ;
#2633 = ORIENTED_EDGE ( 'NONE', *, *, #792, .F. ) ;
#2634 = DIRECTION ( 'NONE',  ( 0.0000000000000000000, 0.0000000000000000000, -1.000000000000000000 ) ) ;
#2635 = DIRECTION ( 'NONE',  ( -1.000000000000000000, 0.0000000000000000000, 0.0000000000000000000 ) ) ;
#2636 = CARTESIAN_POINT ( 'NONE',  ( 0.5150000000000000133, 1.649999999999999911, -1.474999999999999867 ) ) ;
#2637 =( NAMED_UNIT ( * ) PLANE_ANGLE_UNIT ( ) SI_UNIT ( $, .RADIAN. ) );
#2638 = VERTEX_POINT ( 'NONE', #1826 ) ;
#2639 = LINE ( 'NONE', #2781, #1249 ) ;
#2640 = EDGE_LOOP ( 'NONE', ( #2708, #4560, #2580, #1770, #3163, #2525, #158, #3288, #1406, #2643, #487, #1677, #4662, #2341 ) ) ;
#2641 = SURFACE_SIDE_STYLE ('',( #4674 ) ) ;
#2642 = ORIENTED_EDGE ( 'NONE', *, *, #3439, .F. ) ;
#2643 = ORIENTED_EDGE ( 'NONE', *, *, #4619, .F. ) ;
#2644 = VECTOR ( 'NONE', #3649, 1000.000000000000000 ) ;
#2645 = PLANE ( 'NONE',  #327 ) ;
#2646 = ORIENTED_EDGE ( 'NONE', *, *, #2610, .T. ) ;
#2647 = CARTESIAN_POINT ( 'NONE',  ( -2.274999999999999911, 3.599999999999999201, -0.07500000000000128786 ) ) ;
#2648 = AXIS2_PLACEMENT_3D ( 'NONE', #3354, #1534, #58 ) ;
#2649 = ORIENTED_EDGE ( 'NONE', *, *, #3992, .T. ) ;
#2650 = FACE_OUTER_BOUND ( 'NONE', #2016, .T. ) ;
#2651 = ORIENTED_EDGE ( 'NONE', *, *, #880, .T. ) ;
#2652 = PLANE ( 'NONE',  #1881 ) ;
#2653 = VERTEX_POINT ( 'NONE', #1857 ) ;
#2654 = DIRECTION ( 'NONE',  ( -0.0000000000000000000, 0.0000000000000000000, 1.000000000000000000 ) ) ;
#2655 = VECTOR ( 'NONE', #3378, 1000.000000000000000 ) ;
#2656 = VERTEX_POINT ( 'NONE', #2595 ) ;
#2657 = EDGE_CURVE ( 'NONE', #3566, #2295, #4790, .T. ) ;
#2658 = CARTESIAN_POINT ( 'NONE',  ( 0.5150000000000000133, 1.850000000000000089, -1.025000000000000133 ) ) ;
#2659 = VECTOR ( 'NONE', #2860, 1000.000000000000000 ) ;
#2660 = PLANE ( 'NONE',  #4100 ) ;
#2661 = CARTESIAN_POINT ( 'NONE',  ( -0.5250000000000000222, 1.649999999999999911, 2.024999999999999911 ) ) ;
#2662 = VECTOR ( 'NONE', #1275, 1000.000000000000000 ) ;
#2663 = EDGE_CURVE ( 'NONE', #1733, #1659, #2700, .T. ) ;
#2664 = ADVANCED_FACE ( 'NONE', ( #957 ), #1209, .T. ) ;
#2665 = LINE ( 'NONE', #1386, #2551 ) ;
#2666 = VECTOR ( 'NONE', #183, 1000.000000000000000 ) ;
#2667 = CARTESIAN_POINT ( 'NONE',  ( -0.5150000000000000133, 1.850000000000000089, -2.024999999999999911 ) ) ;
#2668 = VECTOR ( 'NONE', #3423, 1000.000000000000000 ) ;
#2669 = DIRECTION ( 'NONE',  ( 1.000000000000000000, 0.0000000000000000000, 0.0000000000000000000 ) ) ;
#2670 = AXIS2_PLACEMENT_3D ( 'NONE', #1638, #3858, #3823 ) ;
#2671 = VERTEX_POINT ( 'NONE', #376 ) ;
#2672 = PRODUCT_DEFINITION_SHAPE ( 'NONE', 'NONE',  #239 ) ;
#2673 = CARTESIAN_POINT ( 'NONE',  ( 0.5250000000000000222, 1.649999999999999911, -1.025000000000000133 ) ) ;
#2674 = PRESENTATION_STYLE_ASSIGNMENT (( #427 ) ) ;
#2675 = DIRECTION ( 'NONE',  ( 0.0000000000000000000, 1.000000000000000000, 0.0000000000000000000 ) ) ;
#2676 = ORIENTED_EDGE ( 'NONE', *, *, #4665, .T. ) ;
#2677 = ADVANCED_FACE ( 'NONE', ( #1844 ), #2319, .F. ) ;
#2678 = DIRECTION ( 'NONE',  ( 1.000000000000000000, 0.0000000000000000000, 0.0000000000000000000 ) ) ;
#2679 = DIRECTION ( 'NONE',  ( 0.0000000000000000000, -0.0000000000000000000, 1.000000000000000000 ) ) ;
#2680 = DIRECTION ( 'NONE',  ( 0.0000000000000000000, 1.000000000000000000, 0.0000000000000000000 ) ) ;
#2681 = VECTOR ( 'NONE', #2325, 1000.000000000000000 ) ;
#2682 = ORIENTED_EDGE ( 'NONE', *, *, #4694, .F. ) ;
#2683 = LINE ( 'NONE', #4522, #2569 ) ;
#2684 = EDGE_CURVE ( 'NONE', #110, #4624, #2927, .T. ) ;
#2685 = DIRECTION ( 'NONE',  ( -0.0000000000000000000, 1.000000000000000000, 0.0000000000000000000 ) ) ;
#2686 = AXIS2_PLACEMENT_3D ( 'NONE', #2094, #979, #3551 ) ;
#2687 = ORIENTED_EDGE ( 'NONE', *, *, #1555, .F. ) ;
#2688 = VERTEX_POINT ( 'NONE', #4542 ) ;
#2689 = LINE ( 'NONE', #3643, #4609 ) ;
#2690 = DIRECTION ( 'NONE',  ( -1.000000000000000000, 0.0000000000000000000, 0.0000000000000000000 ) ) ;
#2691 = EDGE_CURVE ( 'NONE', #3635, #3832, #3581, .T. ) ;
#2692 = EDGE_CURVE ( 'NONE', #333, #2349, #4562, .T. ) ;
#2693 = DIRECTION ( 'NONE',  ( 0.0000000000000000000, 2.997602166487923448E-15, -1.000000000000000000 ) ) ;
#2694 = VERTEX_POINT ( 'NONE', #4144 ) ;
#2695 = CARTESIAN_POINT ( 'NONE',  ( -0.5150000000000000133, 1.000000000000000000, -1.025000000000000133 ) ) ;
#2696 = ORIENTED_EDGE ( 'NONE', *, *, #3704, .F. ) ;
#2697 = CARTESIAN_POINT ( 'NONE',  ( -0.7249999999999999778, -0.004464445899999999919, 0.003975566199999999890 ) ) ;
#2698 = VERTEX_POINT ( 'NONE', #414 ) ;
#2699 = CARTESIAN_POINT ( 'NONE',  ( 0.7249999999999999778, 1.315130797599999957, 1.171117220399999770 ) ) ;
#2700 = LINE ( 'NONE', #3360, #1204 ) ;
#2701 = EDGE_CURVE ( 'NONE', #3619, #4118, #503, .T. ) ;
#2702 = DIRECTION ( 'NONE',  ( 1.000000000000000000, 0.0000000000000000000, 0.0000000000000000000 ) ) ;
#2703 = ORIENTED_EDGE ( 'NONE', *, *, #776, .F. ) ;
#2704 = DIRECTION ( 'NONE',  ( 0.0000000000000000000, -1.000000000000000000, -3.212450881438532635E-15 ) ) ;
#2705 = VECTOR ( 'NONE', #1305, 1000.000000000000000 ) ;
#2706 = SURFACE_STYLE_USAGE ( .BOTH. , #2252 ) ;
#2707 = EDGE_LOOP ( 'NONE', ( #3583, #2000, #4620, #3406 ) ) ;
#2708 = ORIENTED_EDGE ( 'NONE', *, *, #1357, .F. ) ;
#2709 = DIRECTION ( 'NONE',  ( 0.0000000000000000000, -3.219646771412953967E-15, 1.000000000000000000 ) ) ;
#2710 = CARTESIAN_POINT ( 'NONE',  ( 0.4249999999999999889, 1.649999999999999911, -1.698606797699999893 ) ) ;
#2711 = CARTESIAN_POINT ( 'NONE',  ( -2.875000000000000000, 3.600000000000000977, -1.425000000000000044 ) ) ;
#2712 = LINE ( 'NONE', #1511, #4523 ) ;
#2713 = EDGE_CURVE ( 'NONE', #579, #3731, #1068, .T. ) ;
#2714 = ORIENTED_EDGE ( 'NONE', *, *, #1184, .T. ) ;
#2715 = PLANE ( 'NONE',  #263 ) ;
#2716 = VECTOR ( 'NONE', #3275, 1000.000000000000000 ) ;
#2717 = EDGE_CURVE ( 'NONE', #4038, #1996, #3688, .T. ) ;
#2718 = DIRECTION ( 'NONE',  ( 0.0000000000000000000, 1.000000000000000000, -3.295974604355814534E-17 ) ) ;
#2719 = VERTEX_POINT ( 'NONE', #1920 ) ;
#2720 = CARTESIAN_POINT ( 'NONE',  ( 2.274999999999999911, 2.000000000000000000, -2.024999999999999911 ) ) ;
#2721 = ORIENTED_EDGE ( 'NONE', *, *, #236, .T. ) ;
#2722 = DIRECTION ( 'NONE',  ( -0.0000000000000000000, 1.000000000000000000, 0.0000000000000000000 ) ) ;
#2723 = VECTOR ( 'NONE', #3717, 1000.000000000000000 ) ;
#2724 = DIRECTION ( 'NONE',  ( 1.000000000000000000, 0.0000000000000000000, -0.0000000000000000000 ) ) ;
#2725 = ORIENTED_EDGE ( 'NONE', *, *, #2421, .T. ) ;
#2726 = ADVANCED_FACE ( 'NONE', ( #1892 ), #95, .F. ) ;
#2727 = LINE ( 'NONE', #104, #1403 ) ;
#2728 = DIRECTION ( 'NONE',  ( -0.0000000000000000000, 1.000000000000000000, 0.0000000000000000000 ) ) ;
#2729 = LINE ( 'NONE', #2376, #1404 ) ;
#2730 = ORIENTED_EDGE ( 'NONE', *, *, #1375, .T. ) ;
#2731 = VECTOR ( 'NONE', #2976, 1000.000000000000000 ) ;
#2732 = DIRECTION ( 'NONE',  ( 0.0000000000000000000, 0.0000000000000000000, -1.000000000000000000 ) ) ;
#2733 = DIRECTION ( 'NONE',  ( 0.0000000000000000000, 0.0000000000000000000, -1.000000000000000000 ) ) ;
#2734 = ORIENTED_EDGE ( 'NONE', *, *, #1967, .F. ) ;
#2735 = DIRECTION ( 'NONE',  ( -1.000000000000000000, 0.0000000000000000000, 0.0000000000000000000 ) ) ;
#2736 = LINE ( 'NONE', #2711, #1941 ) ;
#2737 = ORIENTED_EDGE ( 'NONE', *, *, #1107, .F. ) ;
#2738 = VECTOR ( 'NONE', #3575, 1000.000000000000000 ) ;
#2739 = DIRECTION ( 'NONE',  ( 1.000000000000000000, 0.0000000000000000000, 0.0000000000000000000 ) ) ;
#2740 = ORIENTED_EDGE ( 'NONE', *, *, #236, .F. ) ;
#2741 = VECTOR ( 'NONE', #3058, 1000.000000000000000 ) ;
#2742 = CARTESIAN_POINT ( 'NONE',  ( -0.8249999999999999556, 1.850000000000000089, -1.698606797699999893 ) ) ;
#2743 = LINE ( 'NONE', #3369, #1417 ) ;
#2744 = ORIENTED_EDGE ( 'NONE', *, *, #4535, .T. ) ;
#2745 = AXIS2_PLACEMENT_3D ( 'NONE', #1439, #3705, #4770 ) ;
#2746 = CARTESIAN_POINT ( 'NONE',  ( 2.024999999999999911, 1.980741759643274369, -2.024999999999999911 ) ) ;
#2747 = CARTESIAN_POINT ( 'NONE',  ( 0.3749999999999998890, 2.250000000000000000, 1.025000000000000133 ) ) ;
#2748 = ORIENTED_EDGE ( 'NONE', *, *, #3597, .F. ) ;
#2749 = CARTESIAN_POINT ( 'NONE',  ( -2.475000000000000089, 1.999999999999997780, -2.075000000000008615 ) ) ;
#2750 = CARTESIAN_POINT ( 'NONE',  ( 0.7249999999999999778, 1.350000000000000089, 1.525000000000000133 ) ) ;
#2751 = EDGE_LOOP ( 'NONE', ( #381, #883, #1738, #2952 ) ) ;
#2752 = VECTOR ( 'NONE', #480, 1000.000000000000000 ) ;
#2753 = ORIENTED_EDGE ( 'NONE', *, *, #1427, .F. ) ;
#2754 = CARTESIAN_POINT ( 'NONE',  ( -2.024999999999999911, 4.240000000000000213, 0.0000000000000000000 ) ) ;
#2755 = ORIENTED_EDGE ( 'NONE', *, *, #4472, .T. ) ;
#2756 = ORIENTED_EDGE ( 'NONE', *, *, #2136, .T. ) ;
#2757 = LINE ( 'NONE', #3148, #3819 ) ;
#2758 = ORIENTED_EDGE ( 'NONE', *, *, #4766, .F. ) ;
#2759 = DIRECTION ( 'NONE',  ( 1.000000000000000000, 0.0000000000000000000, 0.0000000000000000000 ) ) ;
#2760 = EDGE_CURVE ( 'NONE', #3195, #2278, #3808, .T. ) ;
#2761 = ORIENTED_EDGE ( 'NONE', *, *, #71, .T. ) ;
#2762 = LINE ( 'NONE', #842, #4230 ) ;
#2763 = EDGE_CURVE ( 'NONE', #2398, #4036, #4163, .T. ) ;
#2764 = VERTEX_POINT ( 'NONE', #111 ) ;
#2765 = CARTESIAN_POINT ( 'NONE',  ( -2.875000000000000000, 1.950000000000002176, 1.375000000000006883 ) ) ;
#2766 = DIRECTION ( 'NONE',  ( -0.0000000000000000000, 1.000000000000000000, 0.0000000000000000000 ) ) ;
#2767 = EDGE_CURVE ( 'NONE', #737, #2851, #2129, .T. ) ;
#2768 = EDGE_LOOP ( 'NONE', ( #164, #3331, #1760, #328 ) ) ;
#2769 = LINE ( 'NONE', #558, #1678 ) ;
#2770 = PRODUCT ( 'B02MB-GHS-TBT', 'B02MB-GHS-TBT', '', ( #4574 ) ) ;
#2771 = CARTESIAN_POINT ( 'NONE',  ( -2.274999999999999911, 2.000000000000000000, -1.425000000000000044 ) ) ;
#2772 = VECTOR ( 'NONE', #762, 1000.000000000000000 ) ;
#2773 = CARTESIAN_POINT ( 'NONE',  ( 0.5249999999999999112, -0.6500000000000000222, -1.775000000000000133 ) ) ;
#2774 = AXIS2_PLACEMENT_3D ( 'NONE', #589, #3867, #3487 ) ;
#2775 = ORIENTED_EDGE ( 'NONE', *, *, #3216, .T. ) ;
#2776 = DIRECTION ( 'NONE',  ( 1.000000000000000000, 0.0000000000000000000, 0.0000000000000000000 ) ) ;
#2777 = CARTESIAN_POINT ( 'NONE',  ( -0.5250000000000000222, 1.850000000000000089, 2.024999999999999911 ) ) ;
#2778 = LINE ( 'NONE', #595, #4637 ) ;
#2779 = MANIFOLD_SOLID_BREP ( 'Body-Move/Copy4[1]', #3303 ) ;
#2780 = FACE_OUTER_BOUND ( 'NONE', #448, .T. ) ;
#2781 = CARTESIAN_POINT ( 'NONE',  ( -2.274999999999999911, 0.6000000000000076383, -0.2249999999999982014 ) ) ;
#2782 = ORIENTED_EDGE ( 'NONE', *, *, #4604, .F. ) ;
#2783 = EDGE_CURVE ( 'NONE', #4161, #1012, #1955, .T. ) ;
#2784 = VECTOR ( 'NONE', #290, 1000.000000000000000 ) ;
#2785 = FACE_OUTER_BOUND ( 'NONE', #2640, .T. ) ;
#2786 = CARTESIAN_POINT ( 'NONE',  ( -0.5250000000000000222, 0.05000000000000002359, -1.775000000000000133 ) ) ;
#2787 = CARTESIAN_POINT ( 'NONE',  ( -2.274999999999999911, 1.999999999999997780, -2.024999999999999911 ) ) ;
#2788 = CARTESIAN_POINT ( 'NONE',  ( -0.5250000000000000222, 0.0000000000000000000, 2.024999999999999911 ) ) ;
#2789 = ADVANCED_FACE ( 'NONE', ( #262 ), #3016, .F. ) ;
#2790 = EDGE_CURVE ( 'NONE', #1067, #1421, #203, .T. ) ;
#2791 = CARTESIAN_POINT ( 'NONE',  ( 2.274999999999999911, 0.0000000000000000000, 2.024999999999999911 ) ) ;
#2792 = ADVANCED_FACE ( 'NONE', ( #728 ), #3508, .F. ) ;
#2793 = DIRECTION ( 'NONE',  ( 0.0000000000000000000, -1.000000000000000000, -3.212450881438532635E-15 ) ) ;
#2794 = LINE ( 'NONE', #41, #244 ) ;
#2795 = EDGE_LOOP ( 'NONE', ( #151, #4730, #650, #2393 ) ) ;
#2796 = VECTOR ( 'NONE', #4097, 1000.000000000000000 ) ;
#2797 = DIRECTION ( 'NONE',  ( 0.0000000000000000000, 0.4999999999932618899, -0.8660254037883288181 ) ) ;
#2798 = VECTOR ( 'NONE', #4670, 1000.000000000000000 ) ;
#2799 = ORIENTED_EDGE ( 'NONE', *, *, #3101, .F. ) ;
#2800 = EDGE_CURVE ( 'NONE', #562, #3420, #1135, .T. ) ;
#2801 = DIRECTION ( 'NONE',  ( -0.0000000000000000000, 1.000000000000000000, 0.0000000000000000000 ) ) ;
#2802 = PLANE ( 'NONE',  #3347 ) ;
#2803 = DIRECTION ( 'NONE',  ( 0.0000000000000000000, 0.0000000000000000000, 1.000000000000000000 ) ) ;
#2804 = VECTOR ( 'NONE', #4760, 1000.000000000000000 ) ;
#2805 = CARTESIAN_POINT ( 'NONE',  ( -2.375000000000000000, 3.149999999999999911, 0.02500000000000000139 ) ) ;
#2806 = ORIENTED_EDGE ( 'NONE', *, *, #2117, .F. ) ;
#2807 = EDGE_CURVE ( 'NONE', #8, #2141, #3458, .T. ) ;
#2808 = EDGE_LOOP ( 'NONE', ( #675, #3865, #3651, #2022 ) ) ;
#2809 = EDGE_LOOP ( 'NONE', ( #4597, #1970, #4040, #471 ) ) ;
#2810 = PLANE ( 'NONE',  #4581 ) ;
#2811 = DIRECTION ( 'NONE',  ( 0.0000000000000000000, 1.000000000000000000, 0.0000000000000000000 ) ) ;
#2812 = VERTEX_POINT ( 'NONE', #509 ) ;
#2813 = PRESENTATION_STYLE_ASSIGNMENT (( #3818 ) ) ;
#2814 = CARTESIAN_POINT ( 'NONE',  ( -0.5250000000000000222, 0.3499999999999999778, -2.075000000000000178 ) ) ;
#2815 = ORIENTED_EDGE ( 'NONE', *, *, #4291, .T. ) ;
#2816 = CARTESIAN_POINT ( 'NONE',  ( 0.5250000000000000222, 1.649999999999999911, -1.474999999999999867 ) ) ;
#2817 = LINE ( 'NONE', #1846, #4275 ) ;
#2818 = DIRECTION ( 'NONE',  ( 0.0000000000000000000, 0.0000000000000000000, 1.000000000000000000 ) ) ;
#2819 = EDGE_LOOP ( 'NONE', ( #1054, #875, #3525, #2518 ) ) ;
#2820 = CARTESIAN_POINT ( 'NONE',  ( 2.475000000000000089, 3.599999999999999201, -0.07500000000000128786 ) ) ;
#2821 = ORIENTED_EDGE ( 'NONE', *, *, #1903, .T. ) ;
#2822 = EDGE_CURVE ( 'NONE', #1528, #1684, #1724, .T. ) ;
#2823 = CARTESIAN_POINT ( 'NONE',  ( -0.5250000000000000222, 0.5547525681000000652, 2.024999999999999911 ) ) ;
#2824 = LINE ( 'NONE', #3465, #889 ) ;
#2825 = DIRECTION ( 'NONE',  ( 1.000000000000000000, 0.0000000000000000000, 0.0000000000000000000 ) ) ;
#2826 = DIRECTION ( 'NONE',  ( 0.0000000000000000000, 0.0000000000000000000, 1.000000000000000000 ) ) ;
#2827 = EDGE_LOOP ( 'NONE', ( #764, #1665, #3090, #832 ) ) ;
#2828 = DIRECTION ( 'NONE',  ( 0.0000000000000000000, 0.0000000000000000000, -1.000000000000000000 ) ) ;
#2829 = LINE ( 'NONE', #922, #4576 ) ;
#2830 = CARTESIAN_POINT ( 'NONE',  ( -2.475000000000000089, 3.600000000000000089, -1.425000000000000933 ) ) ;
#2831 = ORIENTED_EDGE ( 'NONE', *, *, #687, .F. ) ;
#2832 = DIRECTION ( 'NONE',  ( 0.0000000000000000000, -2.148487149506095815E-16, -1.000000000000000000 ) ) ;
#2833 = VECTOR ( 'NONE', #2793, 1000.000000000000000 ) ;
#2834 = CARTESIAN_POINT ( 'NONE',  ( 0.5249999999999999112, 0.05000000000000002359, -1.524999999999999689 ) ) ;
#2835 = DIRECTION ( 'NONE',  ( 1.000000000000000000, 0.0000000000000000000, 0.0000000000000000000 ) ) ;
#2836 = DIRECTION ( 'NONE',  ( -1.000000000000000000, 0.0000000000000000000, 0.0000000000000000000 ) ) ;
#2837 = VECTOR ( 'NONE', #4695, 1000.000000000000000 ) ;
#2838 = DIRECTION ( 'NONE',  ( 1.000000000000000000, 0.0000000000000000000, 0.0000000000000000000 ) ) ;
#2839 = LINE ( 'NONE', #4254, #1973 ) ;
#2840 = EDGE_LOOP ( 'NONE', ( #3584, #2338, #553, #892 ) ) ;
#2841 = CARTESIAN_POINT ( 'NONE',  ( 1.175000000000000044, 2.550000000000000266, -1.474999999999999867 ) ) ;
#2842 = VECTOR ( 'NONE', #947, 1000.000000000000000 ) ;
#2843 = PLANE ( 'NONE',  #2503 ) ;
#2844 = PLANE ( 'NONE',  #3815 ) ;
#2845 = VECTOR ( 'NONE', #1674, 1000.000000000000000 ) ;
#2846 = EDGE_CURVE ( 'NONE', #3278, #4711, #3165, .T. ) ;
#2847 = DIRECTION ( 'NONE',  ( -1.000000000000000000, 0.0000000000000000000, 0.0000000000000000000 ) ) ;
#2848 = DIRECTION ( 'NONE',  ( 0.0000000000000000000, 0.0000000000000000000, 1.000000000000000000 ) ) ;
#2849 = CARTESIAN_POINT ( 'NONE',  ( -0.7249999999999999778, -0.6500000000000000222, -2.075000000000000178 ) ) ;
#2850 = LINE ( 'NONE', #2980, #1595 ) ;
#2851 = VERTEX_POINT ( 'NONE', #1645 ) ;
#2852 = CARTESIAN_POINT ( 'NONE',  ( -0.8750000000000000000, 3.750000000000000000, 2.024999999999999911 ) ) ;
#2853 = FACE_OUTER_BOUND ( 'NONE', #4331, .T. ) ;
#2854 = VERTEX_POINT ( 'NONE', #1281 ) ;
#2855 = VECTOR ( 'NONE', #1032, 1000.000000000000000 ) ;
#2856 = VECTOR ( 'NONE', #3112, 1000.000000000000000 ) ;
#2857 = ORIENTED_EDGE ( 'NONE', *, *, #3474, .F. ) ;
#2858 = LINE ( 'NONE', #1850, #1413 ) ;
#2859 = EDGE_CURVE ( 'NONE', #1418, #737, #4327, .T. ) ;
#2860 = DIRECTION ( 'NONE',  ( 0.0000000000000000000, 0.0000000000000000000, 1.000000000000000000 ) ) ;
#2861 = VECTOR ( 'NONE', #4105, 1000.000000000000000 ) ;
#2862 = ORIENTED_EDGE ( 'NONE', *, *, #207, .F. ) ;
#2863 = CARTESIAN_POINT ( 'NONE',  ( 1.375000000000000000, 3.750000000000000000, 2.024999999999999911 ) ) ;
#2864 = ORIENTED_EDGE ( 'NONE', *, *, #1389, .F. ) ;
#2865 = AXIS2_PLACEMENT_3D ( 'NONE', #760, #709, #4457 ) ;
#2866 = CARTESIAN_POINT ( 'NONE',  ( -0.7249999999999999778, 1.649999999999999911, -1.025000000000000133 ) ) ;
#2867 = CARTESIAN_POINT ( 'NONE',  ( 0.7349999999999999867, 1.850000000000000089, -2.024999999999999911 ) ) ;
#2868 = DIRECTION ( 'NONE',  ( 0.0000000000000000000, -1.000000000000000000, 0.0000000000000000000 ) ) ;
#2869 = VECTOR ( 'NONE', #3767, 1000.000000000000000 ) ;
#2870 = DIRECTION ( 'NONE',  ( 1.000000000000000000, 0.0000000000000000000, 0.0000000000000000000 ) ) ;
#2871 = VERTEX_POINT ( 'NONE', #1676 ) ;
#2872 = VERTEX_POINT ( 'NONE', #3882 ) ;
#2873 = EDGE_LOOP ( 'NONE', ( #4005, #3385, #727, #3642 ) ) ;
#2874 = VECTOR ( 'NONE', #3264, 1000.000000000000000 ) ;
#2875 = ORIENTED_EDGE ( 'NONE', *, *, #2197, .T. ) ;
#2876 = EDGE_CURVE ( 'NONE', #2384, #445, #2585, .T. ) ;
#2877 = EDGE_CURVE ( 'NONE', #4438, #1849, #384, .T. ) ;
#2878 = DIRECTION ( 'NONE',  ( 1.000000000000000000, 0.0000000000000000000, 0.0000000000000000000 ) ) ;
#2879 = EDGE_LOOP ( 'NONE', ( #672, #4456, #2682, #1987 ) ) ;
#2880 = FACE_OUTER_BOUND ( 'NONE', #4565, .T. ) ;
#2881 = ORIENTED_EDGE ( 'NONE', *, *, #242, .F. ) ;
#2882 = DIRECTION ( 'NONE',  ( 0.0000000000000000000, 1.000000000000000000, 0.0000000000000000000 ) ) ;
#2883 = CARTESIAN_POINT ( 'NONE',  ( 1.875000000000000000, 3.149999999999999911, 2.025999999999999801 ) ) ;
#2884 = CARTESIAN_POINT ( 'NONE',  ( -0.5250000000000000222, 0.0000000000000000000, -2.024999999999999911 ) ) ;
#2885 = VECTOR ( 'NONE', #692, 1000.000000000000000 ) ;
#2886 = CARTESIAN_POINT ( 'NONE',  ( -2.475000000000000089, 1.999999999999998668, -1.425000000000000933 ) ) ;
#2887 = ADVANCED_FACE ( 'NONE', ( #3579 ), #141, .T. ) ;
#2888 = VERTEX_POINT ( 'NONE', #890 ) ;
#2889 = VECTOR ( 'NONE', #1491, 1000.000000000000000 ) ;
#2890 = CARTESIAN_POINT ( 'NONE',  ( 0.5250000000000000222, 1.850000000000000089, -1.025000000000000133 ) ) ;
#2891 = PRESENTATION_LAYER_ASSIGNMENT (  '', '', ( #166 ) ) ;
#2892 = VERTEX_POINT ( 'NONE', #2333 ) ;
#2893 = LINE ( 'NONE', #2901, #4755 ) ;
#2894 = CARTESIAN_POINT ( 'NONE',  ( 1.875000000000000000, 0.5000000000000000000, -1.474999999999999867 ) ) ;
#2895 = ORIENTED_EDGE ( 'NONE', *, *, #601, .T. ) ;
#2896 = CARTESIAN_POINT ( 'NONE',  ( -0.5250000000000000222, -0.6500000000000000222, -2.075000000000000178 ) ) ;
#2897 = AXIS2_PLACEMENT_3D ( 'NONE', #2699, #1998, #886 ) ;
#2898 = DIRECTION ( 'NONE',  ( -1.000000000000000000, 0.0000000000000000000, 0.0000000000000000000 ) ) ;
#2899 = LINE ( 'NONE', #3395, #3433 ) ;
#2900 = VECTOR ( 'NONE', #1075, 1000.000000000000000 ) ;
#2901 = CARTESIAN_POINT ( 'NONE',  ( -2.875000000000000000, 4.250000000000000000, 2.024999999999999911 ) ) ;
#2902 = CARTESIAN_POINT ( 'NONE',  ( 0.4249999999999999889, 1.649999999999999911, 2.024999999999999911 ) ) ;
#2903 = VERTEX_POINT ( 'NONE', #3847 ) ;
#2904 = CARTESIAN_POINT ( 'NONE',  ( -2.274999999999999911, 2.250000000000000000, -1.925000000000000044 ) ) ;
#2905 = EDGE_LOOP ( 'NONE', ( #3004, #4168, #2806, #4399 ) ) ;
#2906 = LINE ( 'NONE', #2204, #705 ) ;
#2907 = ORIENTED_EDGE ( 'NONE', *, *, #142, .F. ) ;
#2908 = EDGE_CURVE ( 'NONE', #2054, #3635, #2179, .T. ) ;
#2909 = VECTOR ( 'NONE', #72, 1000.000000000000000 ) ;
#2910 = CARTESIAN_POINT ( 'NONE',  ( -0.5250000000000000222, 0.5000000000000000000, 2.024999999999999911 ) ) ;
#2911 = CARTESIAN_POINT ( 'NONE',  ( -0.7249999999999999778, 0.05000000000000002359, -1.775000000000000133 ) ) ;
#2912 = VECTOR ( 'NONE', #1332, 1000.000000000000000 ) ;
#2913 = DIRECTION ( 'NONE',  ( -1.000000000000000000, 0.0000000000000000000, -0.0000000000000000000 ) ) ;
#2914 = ORIENTED_EDGE ( 'NONE', *, *, #1077, .F. ) ;
#2915 = VECTOR ( 'NONE', #1425, 1000.000000000000000 ) ;
#2916 = STYLED_ITEM ( 'NONE', ( #3142 ), #346 ) ;
#2917 = ORIENTED_EDGE ( 'NONE', *, *, #2470, .T. ) ;
#2918 = CARTESIAN_POINT ( 'NONE',  ( -0.7249999999999999778, 0.0000000000000000000, -1.525000000000000133 ) ) ;
#2919 = EDGE_CURVE ( 'NONE', #1948, #3222, #4039, .T. ) ;
#2920 = CARTESIAN_POINT ( 'NONE',  ( -0.5250000000000000222, 0.5000000000000000000, 0.0000000000000000000 ) ) ;
#2921 = ORIENTED_EDGE ( 'NONE', *, *, #3564, .T. ) ;
#2922 = DIRECTION ( 'NONE',  ( 0.0000000000000000000, 1.000000000000000000, 0.0000000000000000000 ) ) ;
#2923 = CARTESIAN_POINT ( 'NONE',  ( 1.175000000000000044, 1.850000000000000089, 2.024999999999999911 ) ) ;
#2924 = ORIENTED_EDGE ( 'NONE', *, *, #2962, .F. ) ;
#2925 = EDGE_LOOP ( 'NONE', ( #1119, #3632, #976, #4412 ) ) ;
#2926 = CARTESIAN_POINT ( 'NONE',  ( 2.475000000000000089, 1.999999999999998668, -1.425000000000000933 ) ) ;
#2927 = LINE ( 'NONE', #4188, #3692 ) ;
#2928 = CARTESIAN_POINT ( 'NONE',  ( -2.274999999999999911, 3.600000000000000977, -0.07499999999999998335 ) ) ;
#2929 = DIRECTION ( 'NONE',  ( -1.000000000000000000, -0.0000000000000000000, -0.0000000000000000000 ) ) ;
#2930 = ORIENTED_EDGE ( 'NONE', *, *, #4059, .T. ) ;
#2931 = VERTEX_POINT ( 'NONE', #1619 ) ;
#2932 = LINE ( 'NONE', #574, #1256 ) ;
#2933 = AXIS2_PLACEMENT_3D ( 'NONE', #1819, #4328, #4400 ) ;
#2934 = DIRECTION ( 'NONE',  ( 0.0000000000000000000, 0.0000000000000000000, 1.000000000000000000 ) ) ;
#2935 = ORIENTED_EDGE ( 'NONE', *, *, #1782, .T. ) ;
#2936 = DIRECTION ( 'NONE',  ( 0.0000000000000000000, -1.000000000000000000, 3.295974604355854593E-17 ) ) ;
#2937 = ORIENTED_EDGE ( 'NONE', *, *, #115, .F. ) ;
#2938 = VECTOR ( 'NONE', #1105, 1000.000000000000000 ) ;
#2939 = DIRECTION ( 'NONE',  ( 0.0000000000000000000, 0.0000000000000000000, 1.000000000000000000 ) ) ;
#2940 = EDGE_CURVE ( 'NONE', #2023, #4773, #1252, .T. ) ;
#2941 = DIRECTION ( 'NONE',  ( 0.0000000000000000000, -1.000000000000000000, 0.0000000000000000000 ) ) ;
#2942 = CARTESIAN_POINT ( 'NONE',  ( -0.5250000000000000222, 0.05000000000000002359, -1.775000000000000133 ) ) ;
#2943 = LINE ( 'NONE', #1265, #2772 ) ;
#2944 = ORIENTED_EDGE ( 'NONE', *, *, #3225, .F. ) ;
#2945 = DIRECTION ( 'NONE',  ( 0.0000000000000000000, 1.000000000000000000, 0.0000000000000000000 ) ) ;
#2946 = LINE ( 'NONE', #1396, #2885 ) ;
#2947 = CARTESIAN_POINT ( 'NONE',  ( 1.875000000000000000, 3.750000000000000000, 2.025999999999999801 ) ) ;
#2948 = DIRECTION ( 'NONE',  ( 0.0000000000000000000, 0.0000000000000000000, -1.000000000000000000 ) ) ;
#2949 = CARTESIAN_POINT ( 'NONE',  ( 0.8249999999999999556, 1.649999999999999911, 2.024999999999999911 ) ) ;
#2950 = EDGE_CURVE ( 'NONE', #3854, #2688, #3099, .T. ) ;
#2951 = CARTESIAN_POINT ( 'NONE',  ( -0.7349999999999999867, 1.850000000000000089, -2.024999999999999911 ) ) ;
#2952 = ORIENTED_EDGE ( 'NONE', *, *, #478, .F. ) ;
#2953 = VECTOR ( 'NONE', #3262, 1000.000000000000000 ) ;
#2954 = VECTOR ( 'NONE', #1598, 1000.000000000000000 ) ;
#2955 = PLANE ( 'NONE',  #65 ) ;
#2956 = EDGE_CURVE ( 'NONE', #2012, #3491, #2986, .T. ) ;
#2957 = VECTOR ( 'NONE', #2573, 1000.000000000000000 ) ;
#2958 = DIRECTION ( 'NONE',  ( 1.000000000000000000, 0.0000000000000000000, 0.0000000000000000000 ) ) ;
#2959 = ORIENTED_EDGE ( 'NONE', *, *, #2876, .T. ) ;
#2960 = VECTOR ( 'NONE', #724, 1000.000000000000000 ) ;
#2961 = ADVANCED_FACE ( 'NONE', ( #2070 ), #540, .F. ) ;
#2962 = EDGE_CURVE ( 'NONE', #3280, #2012, #4501, .T. ) ;
#2963 = DIRECTION ( 'NONE',  ( 0.0000000000000000000, 0.0000000000000000000, 1.000000000000000000 ) ) ;
#2964 = CARTESIAN_POINT ( 'NONE',  ( -0.8249999999999999556, 1.649999999999999911, -1.698606797699999893 ) ) ;
#2965 = LINE ( 'NONE', #1556, #3725 ) ;
#2966 = ORIENTED_EDGE ( 'NONE', *, *, #1233, .F. ) ;
#2967 = ORIENTED_EDGE ( 'NONE', *, *, #4556, .F. ) ;
#2968 = ORIENTED_EDGE ( 'NONE', *, *, #4362, .T. ) ;
#2969 = CARTESIAN_POINT ( 'NONE',  ( 2.875000000000000000, 2.000000000000000000, -2.024999999999999911 ) ) ;
#2970 = LINE ( 'NONE', #459, #3444 ) ;
#2971 = ORIENTED_EDGE ( 'NONE', *, *, #1217, .T. ) ;
#2972 = PLANE ( 'NONE',  #1131 ) ;
#2973 = ORIENTED_EDGE ( 'NONE', *, *, #4397, .T. ) ;
#2974 = CARTESIAN_POINT ( 'NONE',  ( -0.7249999999999999778, 1.649999999999999911, -1.698606797699999893 ) ) ;
#2975 = DIRECTION ( 'NONE',  ( 1.000000000000000000, 0.0000000000000000000, -0.0000000000000000000 ) ) ;
#2976 = DIRECTION ( 'NONE',  ( 0.0000000000000000000, 0.0000000000000000000, 1.000000000000000000 ) ) ;
#2977 = FACE_OUTER_BOUND ( 'NONE', #116, .T. ) ;
#2978 = VERTEX_POINT ( 'NONE', #906 ) ;
#2979 = CARTESIAN_POINT ( 'NONE',  ( -0.5250000000000000222, -0.004464445899999999919, 0.003975566199999999890 ) ) ;
#2980 = CARTESIAN_POINT ( 'NONE',  ( -2.475000000000000089, 1.999999999999997780, -2.075000000000008615 ) ) ;
#2981 = ADVANCED_FACE ( 'NONE', ( #2405 ), #931, .F. ) ;
#2982 = CARTESIAN_POINT ( 'NONE',  ( 0.7249999999999999778, 1.850000000000000089, 2.024999999999999911 ) ) ;
#2983 = FACE_OUTER_BOUND ( 'NONE', #864, .T. ) ;
#2984 = ORIENTED_EDGE ( 'NONE', *, *, #40, .F. ) ;
#2985 = VERTEX_POINT ( 'NONE', #4573 ) ;
#2986 = LINE ( 'NONE', #4603, #498 ) ;
#2987 = DIRECTION ( 'NONE',  ( 0.0000000000000000000, 0.0000000000000000000, 1.000000000000000000 ) ) ;
#2988 = ADVANCED_FACE ( 'NONE', ( #1486 ), #3601, .F. ) ;
#2989 = ORIENTED_EDGE ( 'NONE', *, *, #2355, .F. ) ;
#2990 = CARTESIAN_POINT ( 'NONE',  ( -2.475000000000000089, 4.249999999999998224, -2.075000000000001510 ) ) ;
#2991 = EDGE_CURVE ( 'NONE', #3452, #3208, #784, .T. ) ;
#2992 = CARTESIAN_POINT ( 'NONE',  ( -0.5250000000000000222, -0.6500000000000000222, -1.775000000000000133 ) ) ;
#2993 = ORIENTED_EDGE ( 'NONE', *, *, #3625, .T. ) ;
#2994 = CARTESIAN_POINT ( 'NONE',  ( 2.274999999999999911, 2.000000000000000000, -2.024999999999999911 ) ) ;
#2995 = LINE ( 'NONE', #4656, #2475 ) ;
#2996 = DIRECTION ( 'NONE',  ( 0.0000000000000000000, -1.000000000000000000, -3.219646771412953967E-15 ) ) ;
#2997 = ORIENTED_EDGE ( 'NONE', *, *, #556, .F. ) ;
#2998 = AXIS2_PLACEMENT_3D ( 'NONE', #2180, #1086, #2548 ) ;
#2999 = CARTESIAN_POINT ( 'NONE',  ( -2.875000000000000000, 4.250000000000000000, 2.024999999999999911 ) ) ;
#3000 = DIRECTION ( 'NONE',  ( 0.0000000000000000000, 1.000000000000000000, 0.0000000000000000000 ) ) ;
#3001 = VERTEX_POINT ( 'NONE', #617 ) ;
#3002 = VECTOR ( 'NONE', #1214, 1000.000000000000000 ) ;
#3003 = DIRECTION ( 'NONE',  ( 1.000000000000000000, 0.0000000000000000000, 0.0000000000000000000 ) ) ;
#3004 = ORIENTED_EDGE ( 'NONE', *, *, #1497, .T. ) ;
#3005 = AXIS2_PLACEMENT_3D ( 'NONE', #2369, #4272, #1714 ) ;
#3006 = FACE_OUTER_BOUND ( 'NONE', #4487, .T. ) ;
#3007 = CARTESIAN_POINT ( 'NONE',  ( 1.875000000000000000, 3.149999999999999911, -2.024999999999999911 ) ) ;
#3008 = CARTESIAN_POINT ( 'NONE',  ( -2.875000000000000000, 0.0000000000000000000, -1.525000000000000133 ) ) ;
#3009 = DIRECTION ( 'NONE',  ( 1.000000000000000000, 0.0000000000000000000, 0.0000000000000000000 ) ) ;
#3010 = VERTEX_POINT ( 'NONE', #257 ) ;
#3011 = SURFACE_SIDE_STYLE ('',( #4652 ) ) ;
#3012 = LINE ( 'NONE', #3094, #1916 ) ;
#3013 = ADVANCED_FACE ( 'NONE', ( #2228 ), #4267, .T. ) ;
#3014 = CARTESIAN_POINT ( 'NONE',  ( 0.5249999999999999112, 0.3500000000000000333, -2.024999999999999911 ) ) ;
#3015 = ORIENTED_EDGE ( 'NONE', *, *, #2269, .F. ) ;
#3016 = PLANE ( 'NONE',  #1140 ) ;
#3017 = EDGE_CURVE ( 'NONE', #4051, #1021, #4323, .T. ) ;
#3018 = LINE ( 'NONE', #2747, #1520 ) ;
#3019 = EDGE_CURVE ( 'NONE', #2071, #4492, #3219, .T. ) ;
#3020 = FACE_OUTER_BOUND ( 'NONE', #3266, .T. ) ;
#3021 = EDGE_CURVE ( 'NONE', #2851, #3278, #2639, .T. ) ;
#3022 = ORIENTED_EDGE ( 'NONE', *, *, #519, .T. ) ;
#3023 = CARTESIAN_POINT ( 'NONE',  ( 0.0000000000000000000, 0.0000000000000000000, -1.025000000000000133 ) ) ;
#3024 = LINE ( 'NONE', #3866, #4589 ) ;
#3025 = CARTESIAN_POINT ( 'NONE',  ( -2.500000000000000000, 4.250000000000000000, 2.024999999999999911 ) ) ;
#3026 = EDGE_CURVE ( 'NONE', #3452, #3222, #1423, .T. ) ;
#3027 = DIRECTION ( 'NONE',  ( -1.000000000000000000, 0.0000000000000000000, 0.0000000000000000000 ) ) ;
#3028 = AXIS2_PLACEMENT_3D ( 'NONE', #2459, #3200, #3154 ) ;
#3029 = DIRECTION ( 'NONE',  ( -1.000000000000000000, 0.0000000000000000000, 0.0000000000000000000 ) ) ;
#3030 = CARTESIAN_POINT ( 'NONE',  ( -2.475000000000000089, 2.224999999999998757, -2.025000000000007905 ) ) ;
#3031 = VERTEX_POINT ( 'NONE', #4314 ) ;
#3032 = PLANE ( 'NONE',  #33 ) ;
#3033 = VECTOR ( 'NONE', #1093, 1000.000000000000000 ) ;
#3034 = DIRECTION ( 'NONE',  ( 0.0000000000000000000, -1.000000000000000000, 0.0000000000000000000 ) ) ;
#3035 = ADVANCED_FACE ( 'NONE', ( #3517 ), #2844, .T. ) ;
#3036 = VERTEX_POINT ( 'NONE', #191 ) ;
#3037 = AXIS2_PLACEMENT_3D ( 'NONE', #3324, #4113, #2913 ) ;
#3038 = LINE ( 'NONE', #3768, #2796 ) ;
#3039 = DIRECTION ( 'NONE',  ( 0.0000000000000000000, 0.0000000000000000000, 1.000000000000000000 ) ) ;
#3040 = VECTOR ( 'NONE', #623, 1000.000000000000000 ) ;
#3041 = ORIENTED_EDGE ( 'NONE', *, *, #2030, .T. ) ;
#3042 = PLANE ( 'NONE',  #3151 ) ;
#3043 = DIRECTION ( 'NONE',  ( 0.0000000000000000000, -1.000000000000000000, 0.0000000000000000000 ) ) ;
#3044 = EDGE_CURVE ( 'NONE', #2335, #2871, #1662, .T. ) ;
#3045 = ORIENTED_EDGE ( 'NONE', *, *, #3474, .T. ) ;
#3046 = DIRECTION ( 'NONE',  ( 0.0000000000000000000, -4.336808689942024836E-15, 1.000000000000000000 ) ) ;
#3047 = SURFACE_STYLE_USAGE ( .BOTH. , #161 ) ;
#3048 = DIRECTION ( 'NONE',  ( 0.0000000000000000000, 1.000000000000000000, 0.0000000000000000000 ) ) ;
#3049 = ORIENTED_EDGE ( 'NONE', *, *, #3856, .T. ) ;
#3050 = ORIENTED_EDGE ( 'NONE', *, *, #2877, .F. ) ;
#3051 = CARTESIAN_POINT ( 'NONE',  ( -1.175000000000000044, 2.550000000000000266, -1.474999999999999867 ) ) ;
#3052 = DIRECTION ( 'NONE',  ( 0.0000000000000000000, 3.252606517456512119E-15, -1.000000000000000000 ) ) ;
#3053 = ORIENTED_EDGE ( 'NONE', *, *, #2294, .T. ) ;
#3054 = PLANE ( 'NONE',  #4526 ) ;
#3055 = ORIENTED_EDGE ( 'NONE', *, *, #1719, .F. ) ;
#3056 = FACE_OUTER_BOUND ( 'NONE', #1723, .T. ) ;
#3057 = ORIENTED_EDGE ( 'NONE', *, *, #697, .F. ) ;
#3058 = DIRECTION ( 'NONE',  ( 0.0000000000000000000, 0.0000000000000000000, 1.000000000000000000 ) ) ;
#3059 = ORIENTED_EDGE ( 'NONE', *, *, #3765, .F. ) ;
#3060 = VECTOR ( 'NONE', #4191, 1000.000000000000000 ) ;
#3061 = EDGE_CURVE ( 'NONE', #4251, #562, #4034, .T. ) ;
#3062 = ORIENTED_EDGE ( 'NONE', *, *, #3771, .F. ) ;
#3063 = ADVANCED_FACE ( 'NONE', ( #3279 ), #3188, .F. ) ;
#3064 = ORIENTED_EDGE ( 'NONE', *, *, #3564, .F. ) ;
#3065 = LINE ( 'NONE', #1052, #4686 ) ;
#3066 = DIRECTION ( 'NONE',  ( 0.0000000000000000000, 0.0000000000000000000, -1.000000000000000000 ) ) ;
#3067 = LINE ( 'NONE', #4048, #517 ) ;
#3068 = ORIENTED_EDGE ( 'NONE', *, *, #1303, .T. ) ;
#3069 = VECTOR ( 'NONE', #876, 1000.000000000000000 ) ;
#3070 = DIRECTION ( 'NONE',  ( 0.0000000000000000000, 1.000000000000000000, 3.219646771412953967E-15 ) ) ;
#3071 = CARTESIAN_POINT ( 'NONE',  ( 0.3750000000000000000, 2.250000000000000000, 1.024999999999999911 ) ) ;
#3072 = VECTOR ( 'NONE', #642, 1000.000000000000000 ) ;
#3073 = CARTESIAN_POINT ( 'NONE',  ( 2.274999999999999911, 0.6000000000000076383, -0.2249999999999982014 ) ) ;
#3074 = EDGE_CURVE ( 'NONE', #1474, #3319, #4158, .T. ) ;
#3075 = CARTESIAN_POINT ( 'NONE',  ( 0.5250000000000000222, 1.315130797599999957, 1.171117220399999770 ) ) ;
#3076 = VECTOR ( 'NONE', #2113, 1000.000000000000000 ) ;
#3077 = DIRECTION ( 'NONE',  ( -1.000000000000000000, -0.0000000000000000000, -0.0000000000000000000 ) ) ;
#3078 = CARTESIAN_POINT ( 'NONE',  ( -0.5250000000000000222, 0.0000000000000000000, -1.525000000000000133 ) ) ;
#3079 = VERTEX_POINT ( 'NONE', #1345 ) ;
#3080 = DIRECTION ( 'NONE',  ( 0.0000000000000000000, -1.000000000000000000, -3.212450881438532635E-15 ) ) ;
#3081 = ORIENTED_EDGE ( 'NONE', *, *, #4018, .F. ) ;
#3082 = DIRECTION ( 'NONE',  ( 0.0000000000000000000, -1.000000000000000000, -3.219646771412953967E-15 ) ) ;
#3083 = ADVANCED_FACE ( 'NONE', ( #3158 ), #206, .F. ) ;
#3084 = CARTESIAN_POINT ( 'NONE',  ( 0.4249999999999999889, 1.850000000000000089, -1.698606797699999893 ) ) ;
#3085 = VECTOR ( 'NONE', #732, 1000.000000000000000 ) ;
#3086 = ORIENTED_EDGE ( 'NONE', *, *, #2536, .F. ) ;
#3087 = AXIS2_PLACEMENT_3D ( 'NONE', #2440, #4277, #901 ) ;
#3088 = DIRECTION ( 'NONE',  ( 0.0000000000000000000, 0.0000000000000000000, -1.000000000000000000 ) ) ;
#3089 = VECTOR ( 'NONE', #88, 1000.000000000000000 ) ;
#3090 = ORIENTED_EDGE ( 'NONE', *, *, #2603, .T. ) ;
#3091 = DIRECTION ( 'NONE',  ( -1.000000000000000000, 0.0000000000000000000, 0.0000000000000000000 ) ) ;
#3092 = VECTOR ( 'NONE', #4198, 1000.000000000000000 ) ;
#3093 = AXIS2_PLACEMENT_3D ( 'NONE', #3607, #710, #2542 ) ;
#3094 = CARTESIAN_POINT ( 'NONE',  ( 2.375000000000000000, 3.750000000000000000, 2.024999999999999911 ) ) ;
#3095 = ORIENTED_EDGE ( 'NONE', *, *, #1176, .T. ) ;
#3096 = PLANE ( 'NONE',  #659 ) ;
#3097 = ORIENTED_EDGE ( 'NONE', *, *, #860, .T. ) ;
#3098 = EDGE_CURVE ( 'NONE', #2368, #668, #2689, .T. ) ;
#3099 = LINE ( 'NONE', #868, #3993 ) ;
#3100 = EDGE_LOOP ( 'NONE', ( #4793, #3057, #4112, #1842 ) ) ;
#3101 = EDGE_CURVE ( 'NONE', #429, #2058, #315, .T. ) ;
#3102 = EDGE_CURVE ( 'NONE', #2403, #1956, #1365, .T. ) ;
#3103 = CARTESIAN_POINT ( 'NONE',  ( 1.875000000000000000, 3.750000000000000000, 0.02500000000000000139 ) ) ;
#3104 = ORIENTED_EDGE ( 'NONE', *, *, #680, .F. ) ;
#3105 = DIRECTION ( 'NONE',  ( -0.0000000000000000000, 0.0000000000000000000, 1.000000000000000000 ) ) ;
#3106 = EDGE_CURVE ( 'NONE', #2764, #4547, #1718, .T. ) ;
#3107 = DIRECTION ( 'NONE',  ( 0.0000000000000000000, -0.3162277660168379412, 0.9486832980505138790 ) ) ;
#3108 =( NAMED_UNIT ( * ) PLANE_ANGLE_UNIT ( ) SI_UNIT ( $, .RADIAN. ) );
#3109 = ORIENTED_EDGE ( 'NONE', *, *, #836, .F. ) ;
#3110 = ORIENTED_EDGE ( 'NONE', *, *, #948, .T. ) ;
#3111 = LINE ( 'NONE', #1652, #53 ) ;
#3112 = DIRECTION ( 'NONE',  ( 0.0000000000000000000, -2.997602166487923448E-15, 1.000000000000000000 ) ) ;
#3113 = CARTESIAN_POINT ( 'NONE',  ( -1.875000000000000000, 3.750000000000000000, 2.025999999999999801 ) ) ;
#3114 = EDGE_LOOP ( 'NONE', ( #2131, #1647, #1624, #3510 ) ) ;
#3115 = AXIS2_PLACEMENT_3D ( 'NONE', #3729, #4075, #4454 ) ;
#3116 = LINE ( 'NONE', #3535, #3952 ) ;
#3117 = EDGE_CURVE ( 'NONE', #2295, #2186, #1607, .T. ) ;
#3118 = CARTESIAN_POINT ( 'NONE',  ( -0.8750000000000000000, 3.750000000000000000, -2.024999999999999911 ) ) ;
#3119 = FACE_OUTER_BOUND ( 'NONE', #3761, .T. ) ;
#3120 = CARTESIAN_POINT ( 'NONE',  ( 2.274999999999999911, 1.999999999999998668, -1.425000000000000933 ) ) ;
#3121 = ORIENTED_EDGE ( 'NONE', *, *, #1626, .F. ) ;
#3122 = DIRECTION ( 'NONE',  ( 1.000000000000000000, 0.0000000000000000000, 0.0000000000000000000 ) ) ;
#3123 = EDGE_CURVE ( 'NONE', #508, #2671, #3453, .T. ) ;
#3124 = ORIENTED_EDGE ( 'NONE', *, *, #3044, .T. ) ;
#3125 = DIRECTION ( 'NONE',  ( 0.0000000000000000000, 1.000000000000000000, 0.0000000000000000000 ) ) ;
#3126 = LINE ( 'NONE', #1722, #3895 ) ;
#3127 = CARTESIAN_POINT ( 'NONE',  ( 0.7349999999999999867, 1.850000000000000089, -1.025000000000000133 ) ) ;
#3128 = CARTESIAN_POINT ( 'NONE',  ( 2.875000000000000000, 0.0000000000000000000, -1.525000000000000133 ) ) ;
#3129 = ADVANCED_FACE ( 'NONE', ( #4667 ), #1060, .F. ) ;
#3130 = LINE ( 'NONE', #4367, #581 ) ;
#3131 = ORIENTED_EDGE ( 'NONE', *, *, #142, .T. ) ;
#3132 = LINE ( 'NONE', #3609, #2953 ) ;
#3133 = FACE_OUTER_BOUND ( 'NONE', #136, .T. ) ;
#3134 = DIRECTION ( 'NONE',  ( 0.0000000000000000000, 4.003208021484939327E-15, -1.000000000000000000 ) ) ;
#3135 = VECTOR ( 'NONE', #2732, 1000.000000000000000 ) ;
#3136 =( NAMED_UNIT ( * ) SI_UNIT ( $, .STERADIAN. ) SOLID_ANGLE_UNIT ( ) );
#3137 = VECTOR ( 'NONE', #3258, 1000.000000000000000 ) ;
#3138 = PLANE ( 'NONE',  #4006 ) ;
#3139 = DIRECTION ( 'NONE',  ( 0.0000000000000000000, 1.000000000000000000, 0.0000000000000000000 ) ) ;
#3140 = VECTOR ( 'NONE', #4459, 1000.000000000000000 ) ;
#3141 = VERTEX_POINT ( 'NONE', #674 ) ;
#3142 = PRESENTATION_STYLE_ASSIGNMENT (( #2447 ) ) ;
#3143 = EDGE_CURVE ( 'NONE', #3835, #1560, #1420, .T. ) ;
#3144 = FACE_OUTER_BOUND ( 'NONE', #2809, .T. ) ;
#3145 = CARTESIAN_POINT ( 'NONE',  ( -0.5250000000000000222, 0.05000000000000002359, -1.775000000000000133 ) ) ;
#3146 = CARTESIAN_POINT ( 'NONE',  ( -0.3750000000000000000, 2.750000000000000000, -0.4749999999999999778 ) ) ;
#3147 = EDGE_LOOP ( 'NONE', ( #3237, #888, #3068, #3586 ) ) ;
#3148 = CARTESIAN_POINT ( 'NONE',  ( -0.5250000000000000222, 1.649999999999999911, -1.698606797699999893 ) ) ;
#3149 = VECTOR ( 'NONE', #456, 1000.000000000000000 ) ;
#3150 = ORIENTED_EDGE ( 'NONE', *, *, #2302, .F. ) ;
#3151 = AXIS2_PLACEMENT_3D ( 'NONE', #3386, #2987, #3741 ) ;
#3152 = DIRECTION ( 'NONE',  ( 0.0000000000000000000, 0.0000000000000000000, 1.000000000000000000 ) ) ;
#3153 = PLANE ( 'NONE',  #4055 ) ;
#3154 = DIRECTION ( 'NONE',  ( 0.0000000000000000000, 1.000000000000000000, 0.0000000000000000000 ) ) ;
#3155 = ORIENTED_EDGE ( 'NONE', *, *, #4153, .T. ) ;
#3156 = ORIENTED_EDGE ( 'NONE', *, *, #2264, .F. ) ;
#3157 = PRODUCT_RELATED_PRODUCT_CATEGORY ( 'part', '', ( #2770 ) ) ;
#3158 = FACE_OUTER_BOUND ( 'NONE', #1315, .T. ) ;
#3159 = ORIENTED_EDGE ( 'NONE', *, *, #4513, .T. ) ;
#3160 = ADVANCED_FACE ( 'NONE', ( #2983 ), #3240, .F. ) ;
#3161 = CARTESIAN_POINT ( 'NONE',  ( 2.274999999999999911, 1.980741759643274369, -1.925000000000000711 ) ) ;
#3162 = DIRECTION ( 'NONE',  ( 0.0000000000000000000, 1.000000000000000000, 2.552445434498790050E-15 ) ) ;
#3163 = ORIENTED_EDGE ( 'NONE', *, *, #4108, .F. ) ;
#3164 = EDGE_CURVE ( 'NONE', #3759, #2434, #4154, .T. ) ;
#3165 = LINE ( 'NONE', #1985, #1372 ) ;
#3166 = CARTESIAN_POINT ( 'NONE',  ( -0.5150000000000000133, 1.649999999999999911, -1.025000000000000133 ) ) ;
#3167 = ORIENTED_EDGE ( 'NONE', *, *, #806, .T. ) ;
#3168 = LINE ( 'NONE', #748, #4042 ) ;
#3169 = CARTESIAN_POINT ( 'NONE',  ( -2.875000000000000000, 2.000000000000000000, -2.024999999999999911 ) ) ;
#3170 = ORIENTED_EDGE ( 'NONE', *, *, #3550, .F. ) ;
#3171 = VECTOR ( 'NONE', #1525, 1000.000000000000000 ) ;
#3172 = EDGE_CURVE ( 'NONE', #4658, #1966, #895, .T. ) ;
#3173 = ORIENTED_EDGE ( 'NONE', *, *, #1152, .T. ) ;
#3174 = CARTESIAN_POINT ( 'NONE',  ( -0.7249999999999999778, 1.850000000000000089, 0.0000000000000000000 ) ) ;
#3175 = EDGE_CURVE ( 'NONE', #4, #4438, #1772, .T. ) ;
#3176 = ORIENTED_EDGE ( 'NONE', *, *, #2455, .T. ) ;
#3177 = LINE ( 'NONE', #4287, #850 ) ;
#3178 = PLANE ( 'NONE',  #2021 ) ;
#3179 = DIRECTION ( 'NONE',  ( 0.0000000000000000000, 0.0000000000000000000, 1.000000000000000000 ) ) ;
#3180 = CARTESIAN_POINT ( 'NONE',  ( -1.875000000000000000, 2.550000000000000266, 2.024999999999999911 ) ) ;
#3181 = FACE_OUTER_BOUND ( 'NONE', #2081, .T. ) ;
#3182 = EDGE_LOOP ( 'NONE', ( #1195, #980, #3397, #3874, #4599, #2149, #1774 ) ) ;
#3183 = FACE_OUTER_BOUND ( 'NONE', #567, .T. ) ;
#3184 = VECTOR ( 'NONE', #3963, 1000.000000000000000 ) ;
#3185 = CARTESIAN_POINT ( 'NONE',  ( -0.8249999999999999556, 1.850000000000000089, -1.474999999999999867 ) ) ;
#3186 = ORIENTED_EDGE ( 'NONE', *, *, #4116, .T. ) ;
#3187 = CARTESIAN_POINT ( 'NONE',  ( 2.875000000000000000, 1.000000000000000000, -2.024999999999999911 ) ) ;
#3188 = PLANE ( 'NONE',  #1798 ) ;
#3189 = ORIENTED_EDGE ( 'NONE', *, *, #2515, .T. ) ;
#3190 = EDGE_CURVE ( 'NONE', #2872, #3374, #1947, .T. ) ;
#3191 = EDGE_CURVE ( 'NONE', #628, #1067, #1193, .T. ) ;
#3192 = CARTESIAN_POINT ( 'NONE',  ( 0.7249999999999999778, 1.850000000000000089, -1.698606797699999893 ) ) ;
#3193 = VECTOR ( 'NONE', #3781, 1000.000000000000000 ) ;
#3194 = VECTOR ( 'NONE', #493, 1000.000000000000000 ) ;
#3195 = VERTEX_POINT ( 'NONE', #1072 ) ;
#3196 = ORIENTED_EDGE ( 'NONE', *, *, #4426, .T. ) ;
#3197 = UNCERTAINTY_MEASURE_WITH_UNIT (LENGTH_MEASURE( 1.000000000000000082E-05 ), #838, 'distance_accuracy_value', 'NONE');
#3198 = EDGE_CURVE ( 'NONE', #178, #310, #1830, .T. ) ;
#3199 = DIRECTION ( 'NONE',  ( 1.000000000000000000, 0.0000000000000000000, 0.0000000000000000000 ) ) ;
#3200 = DIRECTION ( 'NONE',  ( 1.000000000000000000, 0.0000000000000000000, 0.0000000000000000000 ) ) ;
#3201 = VECTOR ( 'NONE', #1843, 1000.000000000000000 ) ;
#3202 = ORIENTED_EDGE ( 'NONE', *, *, #2178, .T. ) ;
#3203 = LINE ( 'NONE', #3837, #2111 ) ;
#3204 = DIRECTION ( 'NONE',  ( 0.0000000000000000000, -1.000000000000000000, 0.0000000000000000000 ) ) ;
#3205 = VECTOR ( 'NONE', #1017, 1000.000000000000000 ) ;
#3206 = DIRECTION ( 'NONE',  ( 0.0000000000000000000, -1.000000000000000000, 0.0000000000000000000 ) ) ;
#3207 = EDGE_LOOP ( 'NONE', ( #3999, #2155, #3233, #2408 ) ) ;
#3208 = VERTEX_POINT ( 'NONE', #3290 ) ;
#3209 = ADVANCED_FACE ( 'NONE', ( #3863 ), #3658, .T. ) ;
#3210 = EDGE_CURVE ( 'NONE', #834, #1751, #2628, .T. ) ;
#3211 = DIRECTION ( 'NONE',  ( -1.000000000000000000, 0.0000000000000000000, 0.0000000000000000000 ) ) ;
#3212 = DIRECTION ( 'NONE',  ( -0.0000000000000000000, 1.000000000000000000, 0.0000000000000000000 ) ) ;
#3213 = LINE ( 'NONE', #1531, #1247 ) ;
#3214 = DIRECTION ( 'NONE',  ( 1.000000000000000000, 0.0000000000000000000, 0.0000000000000000000 ) ) ;
#3215 = VERTEX_POINT ( 'NONE', #1788 ) ;
#3216 = EDGE_CURVE ( 'NONE', #98, #3973, #1300, .T. ) ;
#3217 = ORIENTED_EDGE ( 'NONE', *, *, #2125, .F. ) ;
#3218 = EDGE_LOOP ( 'NONE', ( #4567, #3298, #986, #3400, #3906, #4396 ) ) ;
#3219 = LINE ( 'NONE', #3932, #2346 ) ;
#3220 = VERTEX_POINT ( 'NONE', #3333 ) ;
#3221 = DIRECTION ( 'NONE',  ( 0.0000000000000000000, 0.0000000000000000000, 1.000000000000000000 ) ) ;
#3222 = VERTEX_POINT ( 'NONE', #2145 ) ;
#3223 = VECTOR ( 'NONE', #3139, 1000.000000000000000 ) ;
#3224 = DIRECTION ( 'NONE',  ( -0.0000000000000000000, 1.000000000000000000, 0.0000000000000000000 ) ) ;
#3225 = EDGE_CURVE ( 'NONE', #1177, #1087, #2168, .T. ) ;
#3226 = ORIENTED_EDGE ( 'NONE', *, *, #2940, .T. ) ;
#3227 = VERTEX_POINT ( 'NONE', #412 ) ;
#3228 = VECTOR ( 'NONE', #3577, 1000.000000000000000 ) ;
#3229 = CARTESIAN_POINT ( 'NONE',  ( -0.8750000000000000000, 2.250000000000000000, 1.505384757699999909 ) ) ;
#3230 = CARTESIAN_POINT ( 'NONE',  ( -2.274999999999999911, 0.6000000000000076383, -0.2249999999999982014 ) ) ;
#3231 = ADVANCED_FACE ( 'NONE', ( #2977 ), #2955, .F. ) ;
#3232 = EDGE_CURVE ( 'NONE', #1661, #187, #4258, .T. ) ;
#3233 = ORIENTED_EDGE ( 'NONE', *, *, #776, .T. ) ;
#3234 = ORIENTED_EDGE ( 'NONE', *, *, #4192, .T. ) ;
#3235 = VECTOR ( 'NONE', #1925, 1000.000000000000000 ) ;
#3236 = CARTESIAN_POINT ( 'NONE',  ( -0.5150000000000000133, 1.649999999999999911, -1.474999999999999867 ) ) ;
#3237 = ORIENTED_EDGE ( 'NONE', *, *, #2107, .F. ) ;
#3238 = ORIENTED_EDGE ( 'NONE', *, *, #4141, .F. ) ;
#3239 = DIRECTION ( 'NONE',  ( -1.000000000000000000, 0.0000000000000000000, 0.0000000000000000000 ) ) ;
#3240 = PLANE ( 'NONE',  #4131 ) ;
#3241 = FACE_OUTER_BOUND ( 'NONE', #2128, .T. ) ;
#3242 = ORIENTED_EDGE ( 'NONE', *, *, #3352, .T. ) ;
#3243 = DIRECTION ( 'NONE',  ( 0.0000000000000000000, 3.252606517456512119E-15, -1.000000000000000000 ) ) ;
#3244 = DIRECTION ( 'NONE',  ( 0.0000000000000000000, 4.003208021484939327E-15, -1.000000000000000000 ) ) ;
#3245 = CARTESIAN_POINT ( 'NONE',  ( -0.8750000000000000000, 3.750000000000000000, -2.024999999999999911 ) ) ;
#3246 = AXIS2_PLACEMENT_3D ( 'NONE', #3791, #436, #454 ) ;
#3247 = LINE ( 'NONE', #4663, #1089 ) ;
#3248 = ORIENTED_EDGE ( 'NONE', *, *, #3694, .T. ) ;
#3249 = LINE ( 'NONE', #1356, #3072 ) ;
#3250 = CARTESIAN_POINT ( 'NONE',  ( 0.3750000000000000000, 3.750000000000000000, -2.024999999999999911 ) ) ;
#3251 = EDGE_LOOP ( 'NONE', ( #4029, #4133, #4196, #3879, #2696, #1382, #1651, #2322, #805, #4642, #407, #2143, #1832, #2467, #4023, #4681, #1747, #2687, #4618, #1159, #1795, #1126, #1840, #2815 ) ) ;
#3252 = AXIS2_PLACEMENT_3D ( 'NONE', #2035, #3903, #4591 ) ;
#3253 = LINE ( 'NONE', #970, #1102 ) ;
#3254 = VECTOR ( 'NONE', #3842, 1000.000000000000000 ) ;
#3255 = VECTOR ( 'NONE', #3522, 1000.000000000000114 ) ;
#3256 = ORIENTED_EDGE ( 'NONE', *, *, #3540, .T. ) ;
#3257 = EDGE_LOOP ( 'NONE', ( #4605, #114, #961, #2971 ) ) ;
#3258 = DIRECTION ( 'NONE',  ( -1.000000000000000000, 0.0000000000000000000, 0.0000000000000000000 ) ) ;
#3259 = EDGE_CURVE ( 'NONE', #1292, #4402, #2284, .T. ) ;
#3260 = ADVANCED_FACE ( 'NONE', ( #1358 ), #4468, .T. ) ;
#3261 = PLANE ( 'NONE',  #3093 ) ;
#3262 = DIRECTION ( 'NONE',  ( -1.000000000000000000, 0.0000000000000000000, 0.0000000000000000000 ) ) ;
#3263 = VERTEX_POINT ( 'NONE', #4072 ) ;
#3264 = DIRECTION ( 'NONE',  ( -1.000000000000000000, 0.0000000000000000000, 0.0000000000000000000 ) ) ;
#3265 = EDGE_CURVE ( 'NONE', #2872, #973, #4491, .T. ) ;
#3266 = EDGE_LOOP ( 'NONE', ( #2091, #4102, #1051, #2445 ) ) ;
#3267 = VECTOR ( 'NONE', #1246, 1000.000000000000000 ) ;
#3268 = ORIENTED_EDGE ( 'NONE', *, *, #629, .F. ) ;
#3269 = EDGE_CURVE ( 'NONE', #3420, #1877, #4552, .T. ) ;
#3270 = VECTOR ( 'NONE', #2922, 1000.000000000000000 ) ;
#3271 = ORIENTED_EDGE ( 'NONE', *, *, #252, .T. ) ;
#3272 = DIRECTION ( 'NONE',  ( -1.000000000000000000, 0.0000000000000000000, 0.0000000000000000000 ) ) ;
#3273 = EDGE_LOOP ( 'NONE', ( #3332, #1274, #4561, #3457 ) ) ;
#3274 =( GEOMETRIC_REPRESENTATION_CONTEXT ( 3 ) GLOBAL_UNCERTAINTY_ASSIGNED_CONTEXT ( ( #2139 ) ) GLOBAL_UNIT_ASSIGNED_CONTEXT ( ( #1294, #4157, #3136 ) ) REPRESENTATION_CONTEXT ( 'NONE', 'WORKASPACE' ) );
#3275 = DIRECTION ( 'NONE',  ( -0.0000000000000000000, -0.0000000000000000000, 1.000000000000000000 ) ) ;
#3276 = PLANE ( 'NONE',  #2110 ) ;
#3277 = DIRECTION ( 'NONE',  ( 0.0000000000000000000, -0.0000000000000000000, -1.000000000000000000 ) ) ;
#3278 = VERTEX_POINT ( 'NONE', #4121 ) ;
#3279 = FACE_OUTER_BOUND ( 'NONE', #4747, .T. ) ;
#3280 = VERTEX_POINT ( 'NONE', #1837 ) ;
#3281 = EDGE_LOOP ( 'NONE', ( #1441, #2775, #3996, #1323 ) ) ;
#3282 = AXIS2_PLACEMENT_3D ( 'NONE', #4027, #2868, #1810 ) ;
#3283 = CARTESIAN_POINT ( 'NONE',  ( 0.7349999999999999867, 1.000000000000000000, -1.474999999999999867 ) ) ;
#3284 = ADVANCED_FACE ( 'NONE', ( #891 ), #352, .T. ) ;
#3285 = DIRECTION ( 'NONE',  ( 0.0000000000000000000, 1.000000000000000000, -1.084202172485501673E-15 ) ) ;
#3286 = VERTEX_POINT ( 'NONE', #3008 ) ;
#3287 = LINE ( 'NONE', #2949, #323 ) ;
#3288 = ORIENTED_EDGE ( 'NONE', *, *, #184, .F. ) ;
#3289 = PLANE ( 'NONE',  #4419 ) ;
#3290 = CARTESIAN_POINT ( 'NONE',  ( -1.375000000000000000, 3.149999999999999911, -2.024999999999999911 ) ) ;
#3291 = ORIENTED_EDGE ( 'NONE', *, *, #1453, .F. ) ;
#3292 = LINE ( 'NONE', #3804, #4517 ) ;
#3293 = EDGE_CURVE ( 'NONE', #2130, #2012, #3448, .T. ) ;
#3294 = VERTEX_POINT ( 'NONE', #4451 ) ;
#3295 = DIRECTION ( 'NONE',  ( 0.0000000000000000000, 0.0000000000000000000, 1.000000000000000000 ) ) ;
#3296 = CARTESIAN_POINT ( 'NONE',  ( -1.175000000000000044, 1.850000000000000089, -1.474999999999999867 ) ) ;
#3297 = EDGE_CURVE ( 'NONE', #3619, #96, #607, .T. ) ;
#3298 = ORIENTED_EDGE ( 'NONE', *, *, #683, .F. ) ;
#3299 = ORIENTED_EDGE ( 'NONE', *, *, #1746, .T. ) ;
#3300 = DIRECTION ( 'NONE',  ( 0.0000000000000000000, 1.000000000000000000, 0.0000000000000000000 ) ) ;
#3301 = CARTESIAN_POINT ( 'NONE',  ( 0.5150000000000000133, 1.850000000000000089, -1.025000000000000133 ) ) ;
#3302 = CARTESIAN_POINT ( 'NONE',  ( 2.274999999999999911, 3.600000000000000977, -1.425000000000000044 ) ) ;
#3303 = CLOSED_SHELL ( 'NONE', ( #3775, #968, #2258, #4136, #2981, #1391, #2616, #2286 ) ) ;
#3304 = ADVANCED_FACE ( 'NONE', ( #2460 ), #790, .F. ) ;
#3305 = CARTESIAN_POINT ( 'NONE',  ( 2.274999999999999911, 1.950000000000002176, 1.375000000000006883 ) ) ;
#3306 = CARTESIAN_POINT ( 'NONE',  ( 1.175000000000000044, 2.550000000000000266, -1.474999999999999867 ) ) ;
#3307 = DIRECTION ( 'NONE',  ( 0.0000000000000000000, 0.0000000000000000000, 1.000000000000000000 ) ) ;
#3308 = AXIS2_PLACEMENT_3D ( 'NONE', #1451, #1065, #3666 ) ;
#3309 = LINE ( 'NONE', #4246, #1749 ) ;
#3310 = LINE ( 'NONE', #1839, #3964 ) ;
#3311 = VECTOR ( 'NONE', #4434, 1000.000000000000000 ) ;
#3312 = EDGE_CURVE ( 'NONE', #3608, #1751, #2743, .T. ) ;
#3313 = VECTOR ( 'NONE', #2344, 1000.000000000000000 ) ;
#3314 = ORIENTED_EDGE ( 'NONE', *, *, #601, .F. ) ;
#3315 = CARTESIAN_POINT ( 'NONE',  ( 0.4249999999999999889, 1.649999999999999911, -1.474999999999999867 ) ) ;
#3316 = CARTESIAN_POINT ( 'NONE',  ( -1.250000000000000000, 0.0000000000000000000, -1.025000000000000133 ) ) ;
#3317 = LINE ( 'NONE', #5, #1181 ) ;
#3318 = DIRECTION ( 'NONE',  ( 0.0000000000000000000, -0.6650335612228979176, -0.7468134723257140450 ) ) ;
#3319 = VERTEX_POINT ( 'NONE', #3315 ) ;
#3320 = LINE ( 'NONE', #3417, #2909 ) ;
#3321 = DIRECTION ( 'NONE',  ( 1.000000000000000000, 0.0000000000000000000, 0.0000000000000000000 ) ) ;
#3322 = CARTESIAN_POINT ( 'NONE',  ( 0.5150000000000000133, 1.850000000000000089, -2.024999999999999911 ) ) ;
#3323 = LINE ( 'NONE', #2418, #1240 ) ;
#3324 = CARTESIAN_POINT ( 'NONE',  ( 2.274999999999999911, 4.250000000000000000, -0.07499999999999998335 ) ) ;
#3325 = ADVANCED_FACE ( 'NONE', ( #1767 ), #3709, .F. ) ;
#3326 = EDGE_CURVE ( 'NONE', #3215, #965, #3509, .T. ) ;
#3327 = ORIENTED_EDGE ( 'NONE', *, *, #1188, .F. ) ;
#3328 = VECTOR ( 'NONE', #4078, 1000.000000000000000 ) ;
#3329 = VERTEX_POINT ( 'NONE', #21 ) ;
#3330 = CARTESIAN_POINT ( 'NONE',  ( 0.8249999999999999556, 1.649999999999999911, -1.025000000000000133 ) ) ;
#3331 = ORIENTED_EDGE ( 'NONE', *, *, #101, .T. ) ;
#3332 = ORIENTED_EDGE ( 'NONE', *, *, #2919, .T. ) ;
#3333 = CARTESIAN_POINT ( 'NONE',  ( 2.875000000000000000, 0.6000000000000076383, -0.2249999999999982014 ) ) ;
#3334 = DIRECTION ( 'NONE',  ( 0.0000000000000000000, 0.0000000000000000000, 1.000000000000000000 ) ) ;
#3335 = CARTESIAN_POINT ( 'NONE',  ( 0.7249999999999999778, 0.0000000000000000000, 2.024999999999999911 ) ) ;
#3336 = SURFACE_SIDE_STYLE ('',( #765 ) ) ;
#3337 = VERTEX_POINT ( 'NONE', #2230 ) ;
#3338 = VECTOR ( 'NONE', #1236, 1000.000000000000000 ) ;
#3339 = ORIENTED_EDGE ( 'NONE', *, *, #446, .F. ) ;
#3340 = CARTESIAN_POINT ( 'NONE',  ( -0.7249999999999999778, 1.350000000000000089, -1.525000000000000133 ) ) ;
#3341 = DIRECTION ( 'NONE',  ( 0.0000000000000000000, 0.0000000000000000000, -1.000000000000000000 ) ) ;
#3342 = LINE ( 'NONE', #2493, #3813 ) ;
#3343 = CARTESIAN_POINT ( 'NONE',  ( -2.274999999999999911, 2.250000000000000000, -2.024999999999999911 ) ) ;
#3344 = ORIENTED_EDGE ( 'NONE', *, *, #2717, .T. ) ;
#3345 = ORIENTED_EDGE ( 'NONE', *, *, #2962, .T. ) ;
#3346 = PRESENTATION_STYLE_ASSIGNMENT (( #3529 ) ) ;
#3347 = AXIS2_PLACEMENT_3D ( 'NONE', #3161, #2480, #1304 ) ;
#3348 = ORIENTED_EDGE ( 'NONE', *, *, #2294, .F. ) ;
#3349 = ORIENTED_EDGE ( 'NONE', *, *, #2371, .F. ) ;
#3350 = ADVANCED_FACE ( 'NONE', ( #4318 ), #2660, .T. ) ;
#3351 = VECTOR ( 'NONE', #4231, 1000.000000000000000 ) ;
#3352 = EDGE_CURVE ( 'NONE', #2854, #628, #3213, .T. ) ;
#3353 = PLANE ( 'NONE',  #2619 ) ;
#3354 = CARTESIAN_POINT ( 'NONE',  ( -1.375000000000000000, 3.750000000000000000, 0.02500000000000000139 ) ) ;
#3355 = EDGE_CURVE ( 'NONE', #4728, #3619, #4090, .T. ) ;
#3356 = ORIENTED_EDGE ( 'NONE', *, *, #4752, .F. ) ;
#3357 = PLANE ( 'NONE',  #3679 ) ;
#3358 = FACE_OUTER_BOUND ( 'NONE', #264, .T. ) ;
#3359 = CARTESIAN_POINT ( 'NONE',  ( 2.024999999999999911, 1.980741759643274369, -1.925000000000000933 ) ) ;
#3360 = CARTESIAN_POINT ( 'NONE',  ( -1.875000000000000000, 3.750000000000000000, -2.024999999999999911 ) ) ;
#3361 = EDGE_CURVE ( 'NONE', #1493, #933, #548, .T. ) ;
#3362 = ORIENTED_EDGE ( 'NONE', *, *, #1336, .F. ) ;
#3363 = EDGE_CURVE ( 'NONE', #1966, #3665, #2454, .T. ) ;
#3364 = DIRECTION ( 'NONE',  ( 0.0000000000000000000, 0.0000000000000000000, -1.000000000000000000 ) ) ;
#3365 = EDGE_LOOP ( 'NONE', ( #1550, #3749, #1590, #2212, #4378, #557 ) ) ;
#3366 = LINE ( 'NONE', #3948, #2373 ) ;
#3367 = PRESENTATION_STYLE_ASSIGNMENT (( #2706 ) ) ;
#3368 = LINE ( 'NONE', #3482, #4186 ) ;
#3369 = CARTESIAN_POINT ( 'NONE',  ( 0.5250000000000000222, 0.0000000000000000000, -1.525000000000000133 ) ) ;
#3370 = CARTESIAN_POINT ( 'NONE',  ( -0.7249999999999999778, 1.850000000000000089, 2.024999999999999911 ) ) ;
#3371 = EDGE_CURVE ( 'NONE', #2903, #4436, #2970, .T. ) ;
#3372 = STYLED_ITEM ( 'NONE', ( #4295 ), #620 ) ;
#3373 = CARTESIAN_POINT ( 'NONE',  ( 2.875000000000000000, 1.950000000000002176, 1.375000000000006883 ) ) ;
#3374 = VERTEX_POINT ( 'NONE', #2342 ) ;
#3375 = LINE ( 'NONE', #462, #2380 ) ;
#3376 = EDGE_CURVE ( 'NONE', #1849, #310, #90, .T. ) ;
#3377 = CARTESIAN_POINT ( 'NONE',  ( -0.5250000000000000222, 0.5547525681000000652, 2.024999999999999911 ) ) ;
#3378 = DIRECTION ( 'NONE',  ( 0.0000000000000000000, 0.0000000000000000000, 1.000000000000000000 ) ) ;
#3379 = VECTOR ( 'NONE', #3846, 1000.000000000000000 ) ;
#3380 = VERTEX_POINT ( 'NONE', #2281 ) ;
#3381 = CARTESIAN_POINT ( 'NONE',  ( -0.4249999999999999889, 1.649999999999999911, 2.024999999999999911 ) ) ;
#3382 = DIRECTION ( 'NONE',  ( 0.0000000000000000000, -0.0000000000000000000, 1.000000000000000000 ) ) ;
#3383 = DIRECTION ( 'NONE',  ( 0.0000000000000000000, 0.0000000000000000000, 1.000000000000000000 ) ) ;
#3384 = ORIENTED_EDGE ( 'NONE', *, *, #1223, .F. ) ;
#3385 = ORIENTED_EDGE ( 'NONE', *, *, #4685, .F. ) ;
#3386 = CARTESIAN_POINT ( 'NONE',  ( 0.0000000000000000000, 0.0000000000000000000, 0.02500000000000000139 ) ) ;
#3387 = EDGE_CURVE ( 'NONE', #3195, #701, #1943, .T. ) ;
#3388 = DIRECTION ( 'NONE',  ( 0.0000000000000000000, -1.000000000000000000, 0.0000000000000000000 ) ) ;
#3389 = VECTOR ( 'NONE', #4212, 1000.000000000000000 ) ;
#3390 = EDGE_LOOP ( 'NONE', ( #1890, #286, #254, #385 ) ) ;
#3391 = DIRECTION ( 'NONE',  ( -0.0000000000000000000, 0.0000000000000000000, 1.000000000000000000 ) ) ;
#3392 = DIRECTION ( 'NONE',  ( 0.0000000000000000000, 0.6650335612228979176, -0.7468134723257140450 ) ) ;
#3393 = PLANE ( 'NONE',  #1410 ) ;
#3394 = ORIENTED_EDGE ( 'NONE', *, *, #4601, .T. ) ;
#3395 = CARTESIAN_POINT ( 'NONE',  ( -2.475000000000000089, 1.999999999999998668, -1.425000000000000933 ) ) ;
#3396 = CARTESIAN_POINT ( 'NONE',  ( 2.024999999999999911, 1.980741759643274369, -1.925000000000000933 ) ) ;
#3397 = ORIENTED_EDGE ( 'NONE', *, *, #4227, .F. ) ;
#3398 = DIRECTION ( 'NONE',  ( 0.0000000000000000000, 0.4999999999932618899, -0.8660254037883288181 ) ) ;
#3399 = PLANE ( 'NONE',  #318 ) ;
#3400 = ORIENTED_EDGE ( 'NONE', *, *, #2172, .F. ) ;
#3401 = EDGE_CURVE ( 'NONE', #1535, #8, #491, .T. ) ;
#3402 = ADVANCED_FACE ( 'NONE', ( #712 ), #1963, .T. ) ;
#3403 = ORIENTED_EDGE ( 'NONE', *, *, #958, .T. ) ;
#3404 = CARTESIAN_POINT ( 'NONE',  ( 0.7249999999999998668, -0.6500000000000000222, -2.075000000000000178 ) ) ;
#3405 = CARTESIAN_POINT ( 'NONE',  ( 0.7249999999999999778, 1.000000000000000000, 0.0000000000000000000 ) ) ;
#3406 = ORIENTED_EDGE ( 'NONE', *, *, #3792, .F. ) ;
#3407 = CARTESIAN_POINT ( 'NONE',  ( -0.7249999999999999778, 1.850000000000000089, -1.025000000000000133 ) ) ;
#3408 = VECTOR ( 'NONE', #648, 1000.000000000000000 ) ;
#3409 = ORIENTED_EDGE ( 'NONE', *, *, #50, .T. ) ;
#3410 = CARTESIAN_POINT ( 'NONE',  ( -2.875000000000000000, 1.000000000000000000, -2.024999999999999911 ) ) ;
#3411 = VERTEX_POINT ( 'NONE', #4538 ) ;
#3412 = DIRECTION ( 'NONE',  ( -0.0000000000000000000, 1.000000000000000000, 0.0000000000000000000 ) ) ;
#3413 = FACE_OUTER_BOUND ( 'NONE', #373, .T. ) ;
#3414 = ORIENTED_EDGE ( 'NONE', *, *, #3603, .F. ) ;
#3415 = EDGE_CURVE ( 'NONE', #3961, #3141, #4423, .T. ) ;
#3416 = ORIENTED_EDGE ( 'NONE', *, *, #210, .T. ) ;
#3417 = CARTESIAN_POINT ( 'NONE',  ( -0.5250000000000000222, 1.350000000000000089, 1.525000000000000133 ) ) ;
#3418 = CARTESIAN_POINT ( 'NONE',  ( -2.875000000000000000, 4.250000000000000000, -0.07499999999999998335 ) ) ;
#3419 = CARTESIAN_POINT ( 'NONE',  ( 0.8249999999999999556, 1.850000000000000089, 2.024999999999999911 ) ) ;
#3420 = VERTEX_POINT ( 'NONE', #4554 ) ;
#3421 = DIRECTION ( 'NONE',  ( 0.0000000000000000000, 1.000000000000000000, 0.0000000000000000000 ) ) ;
#3422 = LINE ( 'NONE', #945, #4580 ) ;
#3423 = DIRECTION ( 'NONE',  ( 0.0000000000000000000, -1.000000000000000000, -4.336808689942024836E-15 ) ) ;
#3424 = VERTEX_POINT ( 'NONE', #489 ) ;
#3425 = FILL_AREA_STYLE_COLOUR ( '', #2014 ) ;
#3426 = VECTOR ( 'NONE', #89, 1000.000000000000000 ) ;
#3427 = AXIS2_PLACEMENT_3D ( 'NONE', #1858, #64, #1888 ) ;
#3428 = VECTOR ( 'NONE', #1324, 1000.000000000000000 ) ;
#3429 = EDGE_CURVE ( 'NONE', #2656, #3526, #4085, .T. ) ;
#3430 = ORIENTED_EDGE ( 'NONE', *, *, #380, .T. ) ;
#3431 = CARTESIAN_POINT ( 'NONE',  ( -0.5250000000000000222, 1.350000000000000089, 0.0000000000000000000 ) ) ;
#3432 = LINE ( 'NONE', #3245, #1285 ) ;
#3433 = VECTOR ( 'NONE', #2718, 1000.000000000000000 ) ;
#3434 = DIRECTION ( 'NONE',  ( 0.0000000000000000000, 0.0000000000000000000, 1.000000000000000000 ) ) ;
#3435 = AXIS2_PLACEMENT_3D ( 'NONE', #2008, #3870, #4590 ) ;
#3436 = FACE_OUTER_BOUND ( 'NONE', #326, .T. ) ;
#3437 = CARTESIAN_POINT ( 'NONE',  ( 2.500000000000000000, 4.250000000000000000, -2.024999999999999911 ) ) ;
#3438 = EDGE_LOOP ( 'NONE', ( #2755, #991, #3238, #3462 ) ) ;
#3439 = EDGE_CURVE ( 'NONE', #1581, #3742, #2566, .T. ) ;
#3440 = LINE ( 'NONE', #1653, #1540 ) ;
#3441 = FACE_OUTER_BOUND ( 'NONE', #2583, .T. ) ;
#3442 = VERTEX_POINT ( 'NONE', #3025 ) ;
#3443 = LINE ( 'NONE', #4536, #4197 ) ;
#3444 = VECTOR ( 'NONE', #3434, 1000.000000000000000 ) ;
#3445 = ORIENTED_EDGE ( 'NONE', *, *, #926, .F. ) ;
#3446 = DIRECTION ( 'NONE',  ( 1.000000000000000000, 0.0000000000000000000, 0.0000000000000000000 ) ) ;
#3447 = DIRECTION ( 'NONE',  ( 0.0000000000000000000, -1.000000000000000000, 0.0000000000000000000 ) ) ;
#3448 = LINE ( 'NONE', #2571, #495 ) ;
#3449 = ORIENTED_EDGE ( 'NONE', *, *, #1152, .F. ) ;
#3450 = DIRECTION ( 'NONE',  ( 0.0000000000000000000, -0.0000000000000000000, -1.000000000000000000 ) ) ;
#3451 = CARTESIAN_POINT ( 'NONE',  ( 2.274999999999999911, 0.0000000000000000000, 0.0000000000000000000 ) ) ;
#3452 = VERTEX_POINT ( 'NONE', #3825 ) ;
#3453 = LINE ( 'NONE', #1816, #666 ) ;
#3454 = EDGE_CURVE ( 'NONE', #4038, #965, #3565, .T. ) ;
#3455 = ORIENTED_EDGE ( 'NONE', *, *, #1302, .T. ) ;
#3456 = CARTESIAN_POINT ( 'NONE',  ( -0.7249999999999999778, 1.649999999999999911, -1.698606797699999893 ) ) ;
#3457 = ORIENTED_EDGE ( 'NONE', *, *, #4152, .T. ) ;
#3458 = LINE ( 'NONE', #177, #44 ) ;
#3459 = ORIENTED_EDGE ( 'NONE', *, *, #3975, .T. ) ;
#3460 = EDGE_CURVE ( 'NONE', #202, #3917, #3736, .T. ) ;
#3461 = LINE ( 'NONE', #4403, #453 ) ;
#3462 = ORIENTED_EDGE ( 'NONE', *, *, #1739, .T. ) ;
#3463 = DIRECTION ( 'NONE',  ( 0.0000000000000000000, 0.0000000000000000000, 1.000000000000000000 ) ) ;
#3464 = AXIS2_PLACEMENT_3D ( 'NONE', #1861, #4465, #410 ) ;
#3465 = CARTESIAN_POINT ( 'NONE',  ( 2.875000000000000000, 0.0000000000000000000, -1.525000000000000133 ) ) ;
#3466 = VERTEX_POINT ( 'NONE', #1979 ) ;
#3467 = ORIENTED_EDGE ( 'NONE', *, *, #1138, .T. ) ;
#3468 = CARTESIAN_POINT ( 'NONE',  ( -0.7249999999999999778, 0.0000000000000000000, 2.024999999999999911 ) ) ;
#3469 = VERTEX_POINT ( 'NONE', #2298 ) ;
#3470 = FACE_OUTER_BOUND ( 'NONE', #1070, .T. ) ;
#3471 = VECTOR ( 'NONE', #3542, 1000.000000000000000 ) ;
#3472 = DIRECTION ( 'NONE',  ( 1.000000000000000000, 0.0000000000000000000, 0.0000000000000000000 ) ) ;
#3473 = EDGE_LOOP ( 'NONE', ( #2246, #4679, #2430, #2328 ) ) ;
#3474 = EDGE_CURVE ( 'NONE', #492, #4504, #2115, .T. ) ;
#3475 = DIRECTION ( 'NONE',  ( 0.0000000000000000000, -1.000000000000000000, 0.0000000000000000000 ) ) ;
#3476 =( GEOMETRIC_REPRESENTATION_CONTEXT ( 3 ) GLOBAL_UNCERTAINTY_ASSIGNED_CONTEXT ( ( #2427 ) ) GLOBAL_UNIT_ASSIGNED_CONTEXT ( ( #523, #3108, #855 ) ) REPRESENTATION_CONTEXT ( 'NONE', 'WORKASPACE' ) );
#3477 = PLANE ( 'NONE',  #27 ) ;
#3478 = DIRECTION ( 'NONE',  ( -1.000000000000000000, 0.0000000000000000000, 0.0000000000000000000 ) ) ;
#3479 = ORIENTED_EDGE ( 'NONE', *, *, #3864, .T. ) ;
#3480 = LINE ( 'NONE', #2120, #4464 ) ;
#3481 = EDGE_CURVE ( 'NONE', #3411, #3608, #1117, .T. ) ;
#3482 = CARTESIAN_POINT ( 'NONE',  ( -0.5250000000000000222, -0.6500000000000000222, -2.075000000000000178 ) ) ;
#3483 = VERTEX_POINT ( 'NONE', #245 ) ;
#3484 = VECTOR ( 'NONE', #1823, 1000.000000000000000 ) ;
#3485 = DIRECTION ( 'NONE',  ( 0.0000000000000000000, 0.0000000000000000000, 1.000000000000000000 ) ) ;
#3486 = VERTEX_POINT ( 'NONE', #3559 ) ;
#3487 = DIRECTION ( 'NONE',  ( 0.0000000000000000000, 0.0000000000000000000, -1.000000000000000000 ) ) ;
#3488 = DIRECTION ( 'NONE',  ( -0.0000000000000000000, -0.0000000000000000000, 1.000000000000000000 ) ) ;
#3489 = VECTOR ( 'NONE', #1572, 1000.000000000000000 ) ;
#3490 = LINE ( 'NONE', #3507, #2845 ) ;
#3491 = VERTEX_POINT ( 'NONE', #212 ) ;
#3492 = PLANE ( 'NONE',  #2524 ) ;
#3493 = DIRECTION ( 'NONE',  ( 0.0000000000000000000, 0.0000000000000000000, -1.000000000000000000 ) ) ;
#3495 = DIRECTION ( 'NONE',  ( 0.0000000000000000000, 0.0000000000000000000, 1.000000000000000000 ) ) ;
#3494 = CARTESIAN_POINT ( 'NONE',  ( 0.7349999999999999867, 1.850000000000000089, -1.025000000000000133 ) ) ;
#3496 = EDGE_CURVE ( 'NONE', #4261, #1466, #1763, .T. ) ;
#3497 = LINE ( 'NONE', #774, #3313 ) ;
#3498 = ORIENTED_EDGE ( 'NONE', *, *, #4347, .T. ) ;
#3499 = VECTOR ( 'NONE', #3954, 1000.000000000000000 ) ;
#3500 = ORIENTED_EDGE ( 'NONE', *, *, #4626, .F. ) ;
#3501 = AXIS2_PLACEMENT_3D ( 'NONE', #3250, #3596, #975 ) ;
#3502 = DIRECTION ( 'NONE',  ( -1.000000000000000000, 0.0000000000000000000, 0.0000000000000000000 ) ) ;
#3503 = PLANE ( 'NONE',  #3556 ) ;
#3504 = ORIENTED_EDGE ( 'NONE', *, *, #4153, .F. ) ;
#3505 = ADVANCED_FACE ( 'NONE', ( #365 ), #3972, .F. ) ;
#3506 = VECTOR ( 'NONE', #4549, 1000.000000000000000 ) ;
#3507 = CARTESIAN_POINT ( 'NONE',  ( 0.4249999999999999889, 1.850000000000000089, 2.024999999999999911 ) ) ;
#3508 = PLANE ( 'NONE',  #1487 ) ;
#3509 = LINE ( 'NONE', #1879, #1478 ) ;
#3510 = ORIENTED_EDGE ( 'NONE', *, *, #43, .T. ) ;
#3511 = PLANE ( 'NONE',  #2282 ) ;
#3512 = PLANE ( 'NONE',  #3005 ) ;
#3513 =( NAMED_UNIT ( * ) SI_UNIT ( $, .STERADIAN. ) SOLID_ANGLE_UNIT ( ) );
#3514 = ORIENTED_EDGE ( 'NONE', *, *, #1504, .F. ) ;
#3515 = ORIENTED_EDGE ( 'NONE', *, *, #4104, .F. ) ;
#3516 = EDGE_CURVE ( 'NONE', #4091, #3839, #602, .T. ) ;
#3517 = FACE_OUTER_BOUND ( 'NONE', #3598, .T. ) ;
#3518 = EDGE_LOOP ( 'NONE', ( #2959, #2730, #3189, #1910 ) ) ;
#3519 = CARTESIAN_POINT ( 'NONE',  ( 2.274999999999999911, 2.250000000000000000, -2.024999999999999911 ) ) ;
#3520 = ORIENTED_EDGE ( 'NONE', *, *, #3216, .F. ) ;
#3521 = EDGE_CURVE ( 'NONE', #562, #429, #3323, .T. ) ;
#3522 = DIRECTION ( 'NONE',  ( 0.0000000000000000000, 0.6650335612228979176, -0.7468134723257140450 ) ) ;
#3523 = ORIENTED_EDGE ( 'NONE', *, *, #4104, .T. ) ;
#3524 = DIRECTION ( 'NONE',  ( -1.000000000000000000, 0.0000000000000000000, 0.0000000000000000000 ) ) ;
#3525 = ORIENTED_EDGE ( 'NONE', *, *, #1530, .F. ) ;
#3526 = VERTEX_POINT ( 'NONE', #1731 ) ;
#3527 = DIRECTION ( 'NONE',  ( 0.0000000000000000000, 3.252606517456512119E-15, -1.000000000000000000 ) ) ;
#3528 = FACE_OUTER_BOUND ( 'NONE', #3788, .T. ) ;
#3529 = SURFACE_STYLE_USAGE ( .BOTH. , #2436 ) ;
#3530 = ORIENTED_EDGE ( 'NONE', *, *, #1043, .F. ) ;
#3531 = CARTESIAN_POINT ( 'NONE',  ( 2.274999999999999911, 1.949999999999999512, 2.025000000000007017 ) ) ;
#3532 = ADVANCED_FACE ( 'NONE', ( #2337 ), #2802, .F. ) ;
#3533 = FACE_OUTER_BOUND ( 'NONE', #2181, .T. ) ;
#3534 = AXIS2_PLACEMENT_3D ( 'NONE', #1498, #3745, #1108 ) ;
#3535 = CARTESIAN_POINT ( 'NONE',  ( -0.7249999999999999778, 1.649999999999999911, -1.474999999999999867 ) ) ;
#3536 = CARTESIAN_POINT ( 'NONE',  ( 2.475000000000000089, 4.249999999999992895, -0.07499999999999976130 ) ) ;
#3537 = ORIENTED_EDGE ( 'NONE', *, *, #1863, .F. ) ;
#3538 = CARTESIAN_POINT ( 'NONE',  ( 2.475000000000000089, 4.249999999999992895, -0.07499999999999976130 ) ) ;
#3539 = EDGE_CURVE ( 'NONE', #4311, #3227, #3977, .T. ) ;
#3540 = EDGE_CURVE ( 'NONE', #2985, #1661, #3672, .T. ) ;
#3541 = VERTEX_POINT ( 'NONE', #4704 ) ;
#3542 = DIRECTION ( 'NONE',  ( -1.000000000000000000, 0.0000000000000000000, 0.0000000000000000000 ) ) ;
#3543 = LINE ( 'NONE', #550, #1689 ) ;
#3544 = CARTESIAN_POINT ( 'NONE',  ( 0.5250000000000000222, 1.850000000000000089, -1.698606797699999893 ) ) ;
#3545 = DIRECTION ( 'NONE',  ( -1.000000000000000000, -0.0000000000000000000, -0.0000000000000000000 ) ) ;
#3546 = FACE_OUTER_BOUND ( 'NONE', #4585, .T. ) ;
#3547 = EDGE_CURVE ( 'NONE', #2064, #701, #4484, .T. ) ;
#3548 = CARTESIAN_POINT ( 'NONE',  ( 0.8249999999999999556, 1.850000000000000089, -1.698606797699999893 ) ) ;
#3549 = CARTESIAN_POINT ( 'NONE',  ( 1.875000000000000000, 2.550000000000000266, -1.474999999999999867 ) ) ;
#3550 = EDGE_CURVE ( 'NONE', #296, #2985, #941, .T. ) ;
#3551 = DIRECTION ( 'NONE',  ( 1.000000000000000000, 0.0000000000000000000, 0.0000000000000000000 ) ) ;
#3552 = DIRECTION ( 'NONE',  ( -1.000000000000000000, 0.0000000000000000000, 0.0000000000000000000 ) ) ;
#3553 = ORIENTED_EDGE ( 'NONE', *, *, #1773, .T. ) ;
#3554 = CARTESIAN_POINT ( 'NONE',  ( 1.375000000000000000, 3.149999999999999911, 2.024999999999999911 ) ) ;
#3555 = ADVANCED_FACE ( 'NONE', ( #831 ), #3178, .T. ) ;
#3556 = AXIS2_PLACEMENT_3D ( 'NONE', #4629, #2017, #3027 ) ;
#3557 = FACE_OUTER_BOUND ( 'NONE', #2382, .T. ) ;
#3558 = PLANE ( 'NONE',  #940 ) ;
#3559 = CARTESIAN_POINT ( 'NONE',  ( -2.274999999999999911, 4.240000000000000213, -1.925000000000000044 ) ) ;
#3560 = DIRECTION ( 'NONE',  ( 0.0000000000000000000, 0.0000000000000000000, 1.000000000000000000 ) ) ;
#3561 = LINE ( 'NONE', #1097, #596 ) ;
#3562 = ORIENTED_EDGE ( 'NONE', *, *, #2846, .F. ) ;
#3563 = DIRECTION ( 'NONE',  ( 0.0000000000000000000, 0.0000000000000000000, 1.000000000000000000 ) ) ;
#3564 = EDGE_CURVE ( 'NONE', #205, #1849, #3797, .T. ) ;
#3565 = LINE ( 'NONE', #1200, #1599 ) ;
#3566 = VERTEX_POINT ( 'NONE', #1680 ) ;
#3567 = AXIS2_PLACEMENT_3D ( 'NONE', #3230, #4392, #1399 ) ;
#3568 = VECTOR ( 'NONE', #3388, 1000.000000000000000 ) ;
#3569 = ORIENTED_EDGE ( 'NONE', *, *, #3355, .T. ) ;
#3570 = CARTESIAN_POINT ( 'NONE',  ( -0.5150000000000000133, 1.850000000000000089, -1.025000000000000133 ) ) ;
#3571 = DIRECTION ( 'NONE',  ( 1.000000000000000000, 0.0000000000000000000, 0.0000000000000000000 ) ) ;
#3572 = ORIENTED_EDGE ( 'NONE', *, *, #2663, .F. ) ;
#3573 = VECTOR ( 'NONE', #2520, 1000.000000000000000 ) ;
#3574 = ORIENTED_EDGE ( 'NONE', *, *, #2657, .T. ) ;
#3575 = DIRECTION ( 'NONE',  ( 1.000000000000000000, 0.0000000000000000000, 0.0000000000000000000 ) ) ;
#3576 = DIRECTION ( 'NONE',  ( 0.0000000000000000000, 0.0000000000000000000, 1.000000000000000000 ) ) ;
#3577 = DIRECTION ( 'NONE',  ( 1.000000000000000000, -0.0000000000000000000, 0.0000000000000000000 ) ) ;
#3578 = ORIENTED_EDGE ( 'NONE', *, *, #3521, .T. ) ;
#3579 = FACE_OUTER_BOUND ( 'NONE', #3898, .T. ) ;
#3580 = ORIENTED_EDGE ( 'NONE', *, *, #4342, .T. ) ;
#3581 = LINE ( 'NONE', #3801, #1614 ) ;
#3582 = EDGE_CURVE ( 'NONE', #3937, #2931, #1649, .T. ) ;
#3583 = ORIENTED_EDGE ( 'NONE', *, *, #2449, .F. ) ;
#3584 = ORIENTED_EDGE ( 'NONE', *, *, #368, .T. ) ;
#3585 = DIRECTION ( 'NONE',  ( 0.0000000000000000000, -1.000000000000000000, 0.0000000000000000000 ) ) ;
#3586 = ORIENTED_EDGE ( 'NONE', *, *, #4116, .F. ) ;
#3587 = LINE ( 'NONE', #3330, #3945 ) ;
#3588 = VECTOR ( 'NONE', #2898, 1000.000000000000000 ) ;
#3589 = CARTESIAN_POINT ( 'NONE',  ( -0.8750000000000000000, 3.750000000000000000, 2.024999999999999911 ) ) ;
#3590 = DIRECTION ( 'NONE',  ( -0.0000000000000000000, -1.000000000000000000, -3.219646771412953967E-15 ) ) ;
#3591 = DIRECTION ( 'NONE',  ( -1.000000000000000000, 0.0000000000000000000, 0.0000000000000000000 ) ) ;
#3592 = DIRECTION ( 'NONE',  ( -0.0000000000000000000, -0.0000000000000000000, 1.000000000000000000 ) ) ;
#3593 = AXIS2_PLACEMENT_3D ( 'NONE', #2339, #2722, #896 ) ;
#3594 = ORIENTED_EDGE ( 'NONE', *, *, #2271, .F. ) ;
#3595 = CARTESIAN_POINT ( 'NONE',  ( 0.7349999999999999867, 1.850000000000000089, -2.024999999999999911 ) ) ;
#3596 = DIRECTION ( 'NONE',  ( 1.000000000000000000, 0.0000000000000000000, 0.0000000000000000000 ) ) ;
#3597 = EDGE_CURVE ( 'NONE', #798, #4444, #29, .T. ) ;
#3598 = EDGE_LOOP ( 'NONE', ( #4260, #435, #1618, #2734 ) ) ;
#3599 = ADVANCED_FACE ( 'NONE', ( #1825 ), #4317, .F. ) ;
#3600 = PLANE ( 'NONE',  #3971 ) ;
#3601 = PLANE ( 'NONE',  #1235 ) ;
#3602 = ORIENTED_EDGE ( 'NONE', *, *, #1521, .F. ) ;
#3603 = EDGE_CURVE ( 'NONE', #2871, #905, #4200, .T. ) ;
#3604 = FACE_OUTER_BOUND ( 'NONE', #1106, .T. ) ;
#3605 = ADVANCED_FACE ( 'NONE', ( #2220 ), #3261, .F. ) ;
#3606 = LINE ( 'NONE', #1362, #2842 ) ;
#3607 = CARTESIAN_POINT ( 'NONE',  ( -2.875000000000000000, 4.250000000000000000, -0.02500000000000000139 ) ) ;
#3608 = VERTEX_POINT ( 'NONE', #2834 ) ;
#3609 = CARTESIAN_POINT ( 'NONE',  ( -0.8750000000000000000, 3.750000000000000000, -2.024999999999999911 ) ) ;
#3610 = DIRECTION ( 'NONE',  ( 0.0000000000000000000, 0.0000000000000000000, 1.000000000000000000 ) ) ;
#3611 = LINE ( 'NONE', #3407, #3193 ) ;
#3612 = PRESENTATION_STYLE_ASSIGNMENT (( #2248 ) ) ;
#3613 = EDGE_CURVE ( 'NONE', #2694, #1490, #251, .T. ) ;
#3614 = EDGE_CURVE ( 'NONE', #2071, #2054, #3853, .T. ) ;
#3615 = ORIENTED_EDGE ( 'NONE', *, *, #1654, .F. ) ;
#3616 = LINE ( 'NONE', #635, #1591 ) ;
#3617 = VERTEX_POINT ( 'NONE', #3305 ) ;
#3618 = LINE ( 'NONE', #4721, #652 ) ;
#3619 = VERTEX_POINT ( 'NONE', #1792 ) ;
#3620 = AXIS2_PLACEMENT_3D ( 'NONE', #4450, #20, #2324 ) ;
#3621 = CARTESIAN_POINT ( 'NONE',  ( 2.475000000000000089, 3.599999999999999201, -0.07500000000000128786 ) ) ;
#3622 = DIRECTION ( 'NONE',  ( -0.0000000000000000000, 1.000000000000000000, 0.0000000000000000000 ) ) ;
#3623 = ORIENTED_EDGE ( 'NONE', *, *, #138, .T. ) ;
#3624 = ORIENTED_EDGE ( 'NONE', *, *, #3975, .F. ) ;
#3625 = EDGE_CURVE ( 'NONE', #3337, #845, #2625, .T. ) ;
#3626 = LINE ( 'NONE', #340, #4368 ) ;
#3627 = ORIENTED_EDGE ( 'NONE', *, *, #869, .T. ) ;
#3628 = PLANE ( 'NONE',  #3501 ) ;
#3629 = ADVANCED_FACE ( 'NONE', ( #1709 ), #1385, .F. ) ;
#3630 = ORIENTED_EDGE ( 'NONE', *, *, #252, .F. ) ;
#3631 = CARTESIAN_POINT ( 'NONE',  ( 0.4249999999999999889, 1.850000000000000089, 2.024999999999999911 ) ) ;
#3632 = ORIENTED_EDGE ( 'NONE', *, *, #4193, .F. ) ;
#3633 = CARTESIAN_POINT ( 'NONE',  ( 0.7249999999999999778, 0.5000000000000000000, -1.525000000000000133 ) ) ;
#3634 = ORIENTED_EDGE ( 'NONE', *, *, #592, .F. ) ;
#3635 = VERTEX_POINT ( 'NONE', #3988 ) ;
#3636 = FACE_OUTER_BOUND ( 'NONE', #771, .T. ) ;
#3637 = DIRECTION ( 'NONE',  ( -1.000000000000000000, 0.0000000000000000000, 0.0000000000000000000 ) ) ;
#3638 = EDGE_LOOP ( 'NONE', ( #3167, #1015, #1199, #4799 ) ) ;
#3639 = ORIENTED_EDGE ( 'NONE', *, *, #2136, .F. ) ;
#3640 = DIRECTION ( 'NONE',  ( 1.000000000000000000, 0.0000000000000000000, 0.0000000000000000000 ) ) ;
#3641 = EDGE_LOOP ( 'NONE', ( #4505, #2984, #1198, #2973 ) ) ;
#3642 = ORIENTED_EDGE ( 'NONE', *, *, #3798, .T. ) ;
#3643 = CARTESIAN_POINT ( 'NONE',  ( 0.7249999999999999778, 1.649999999999999911, -1.698606797699999893 ) ) ;
#3644 = VECTOR ( 'NONE', #2838, 1000.000000000000000 ) ;
#3645 = EDGE_CURVE ( 'NONE', #4438, #1379, #3618, .T. ) ;
#3646 = ADVANCED_FACE ( 'NONE', ( #3668 ), #3276, .F. ) ;
#3647 = ORIENTED_EDGE ( 'NONE', *, *, #3293, .T. ) ;
#3648 = DIRECTION ( 'NONE',  ( -1.000000000000000000, 0.0000000000000000000, 0.0000000000000000000 ) ) ;
#3649 = DIRECTION ( 'NONE',  ( 0.0000000000000000000, 0.0000000000000000000, -1.000000000000000000 ) ) ;
#3650 = AXIS2_PLACEMENT_3D ( 'NONE', #4199, #2679, #1949 ) ;
#3651 = ORIENTED_EDGE ( 'NONE', *, *, #2767, .F. ) ;
#3652 = LINE ( 'NONE', #4647, #2033 ) ;
#3653 = LINE ( 'NONE', #2823, #2837 ) ;
#3654 = DIRECTION ( 'NONE',  ( 1.000000000000000000, 0.0000000000000000000, 0.0000000000000000000 ) ) ;
#3655 = EDGE_CURVE ( 'NONE', #1087, #4326, #421, .T. ) ;
#3656 = ORIENTED_EDGE ( 'NONE', *, *, #200, .T. ) ;
#3657 = FACE_BOUND ( 'NONE', #1238, .T. ) ;
#3658 = PLANE ( 'NONE',  #2045 ) ;
#3659 = VECTOR ( 'NONE', #109, 1000.000000000000000 ) ;
#3660 = LINE ( 'NONE', #4746, #2105 ) ;
#3661 = EDGE_CURVE ( 'NONE', #3001, #3860, #3779, .T. ) ;
#3662 = CARTESIAN_POINT ( 'NONE',  ( 0.8249999999999999556, 1.649999999999999911, -1.698606797699999893 ) ) ;
#3663 = CARTESIAN_POINT ( 'NONE',  ( 0.5150000000000000133, 1.850000000000000089, -1.025000000000000133 ) ) ;
#3664 = CARTESIAN_POINT ( 'NONE',  ( 0.8750000000000000000, 3.750000000000000000, -2.024999999999999911 ) ) ;
#3665 = VERTEX_POINT ( 'NONE', #4375 ) ;
#3666 = DIRECTION ( 'NONE',  ( 0.0000000000000000000, -1.000000000000000000, -3.219646771412953967E-15 ) ) ;
#3667 = COLOUR_RGB ( '',0.6470588235294117974, 0.6196078431372549211, 0.5882352941176470784 ) ;
#3668 = FACE_OUTER_BOUND ( 'NONE', #4361, .T. ) ;
#3669 = ORIENTED_EDGE ( 'NONE', *, *, #4411, .F. ) ;
#3670 = DIRECTION ( 'NONE',  ( 0.0000000000000000000, 1.000000000000000000, 0.0000000000000000000 ) ) ;
#3671 = ADVANCED_FACE ( 'NONE', ( #3181 ), #2189, .T. ) ;
#3672 = LINE ( 'NONE', #2465, #2912 ) ;
#3673 = ORIENTED_EDGE ( 'NONE', *, *, #3884, .T. ) ;
#3674 = DIRECTION ( 'NONE',  ( 0.0000000000000000000, -1.000000000000000000, 0.0000000000000000000 ) ) ;
#3675 = DIRECTION ( 'NONE',  ( 0.0000000000000000000, 0.0000000000000000000, 1.000000000000000000 ) ) ;
#3676 = DIRECTION ( 'NONE',  ( 0.0000000000000000000, -1.000000000000000000, 0.0000000000000000000 ) ) ;
#3677 = CARTESIAN_POINT ( 'NONE',  ( 0.7249999999999998668, 0.05000000000000002359, -1.775000000000000133 ) ) ;
#3678 = ORIENTED_EDGE ( 'NONE', *, *, #687, .T. ) ;
#3679 = AXIS2_PLACEMENT_3D ( 'NONE', #731, #4420, #3321 ) ;
#3680 = DIRECTION ( 'NONE',  ( 0.0000000000000000000, 0.0000000000000000000, 1.000000000000000000 ) ) ;
#3681 = CARTESIAN_POINT ( 'NONE',  ( 2.875000000000000000, 1.950000000000002176, 1.375000000000006883 ) ) ;
#3682 = DIRECTION ( 'NONE',  ( 0.0000000000000000000, 1.000000000000000000, 0.0000000000000000000 ) ) ;
#3683 = ORIENTED_EDGE ( 'NONE', *, *, #3928, .T. ) ;
#3684 = VECTOR ( 'NONE', #3204, 1000.000000000000000 ) ;
#3685 = ORIENTED_EDGE ( 'NONE', *, *, #1951, .F. ) ;
#3686 = ORIENTED_EDGE ( 'NONE', *, *, #2663, .T. ) ;
#3687 = AXIS2_PLACEMENT_3D ( 'NONE', #923, #1320, #2739 ) ;
#3688 = LINE ( 'NONE', #1557, #2752 ) ;
#3689 = CARTESIAN_POINT ( 'NONE',  ( -0.5250000000000000222, 1.850000000000000089, 2.024999999999999911 ) ) ;
#3690 = PLANE ( 'NONE',  #908 ) ;
#3691 = ORIENTED_EDGE ( 'NONE', *, *, #926, .T. ) ;
#3692 = VECTOR ( 'NONE', #2306, 1000.000000000000000 ) ;
#3693 = DIRECTION ( 'NONE',  ( 0.0000000000000000000, -0.0000000000000000000, -1.000000000000000000 ) ) ;
#3694 = EDGE_CURVE ( 'NONE', #3937, #3541, #4115, .T. ) ;
#3695 = DIRECTION ( 'NONE',  ( 0.0000000000000000000, 2.148487149506091871E-16, 1.000000000000000000 ) ) ;
#3696 = CARTESIAN_POINT ( 'NONE',  ( 1.875000000000000000, 3.149999999999999911, 0.02500000000000000139 ) ) ;
#3697 = ORIENTED_EDGE ( 'NONE', *, *, #1746, .F. ) ;
#3698 = DIRECTION ( 'NONE',  ( 0.0000000000000000000, -1.000000000000000000, 0.0000000000000000000 ) ) ;
#3699 = LINE ( 'NONE', #2773, #113 ) ;
#3700 = EDGE_LOOP ( 'NONE', ( #3467, #3766, #942, #3299, #1078, #913 ) ) ;
#3701 = CARTESIAN_POINT ( 'NONE',  ( -0.5150000000000000133, 1.850000000000000089, -1.025000000000000133 ) ) ;
#3702 = ORIENTED_EDGE ( 'NONE', *, *, #3143, .T. ) ;
#3703 = CARTESIAN_POINT ( 'NONE',  ( -0.7249999999999999778, 1.850000000000000089, -1.698606797699999893 ) ) ;
#3704 = EDGE_CURVE ( 'NONE', #1373, #3817, #733, .T. ) ;
#3705 = DIRECTION ( 'NONE',  ( 0.0000000000000000000, -1.000000000000000000, 0.0000000000000000000 ) ) ;
#3706 = VERTEX_POINT ( 'NONE', #2911 ) ;
#3707 = CARTESIAN_POINT ( 'NONE',  ( -2.475000000000000089, 1.999999999999998668, -1.425000000000000933 ) ) ;
#3708 = FACE_OUTER_BOUND ( 'NONE', #3876, .T. ) ;
#3709 = PLANE ( 'NONE',  #1954 ) ;
#3710 = PLANE ( 'NONE',  #1975 ) ;
#3711 = ORIENTED_EDGE ( 'NONE', *, *, #43, .F. ) ;
#3712 = FILL_AREA_STYLE_COLOUR ( '', #2332 ) ;
#3713 = LINE ( 'NONE', #4030, #283 ) ;
#3714 = EDGE_CURVE ( 'NONE', #1313, #1418, #3626, .T. ) ;
#3715 = CARTESIAN_POINT ( 'NONE',  ( 0.3749999999999998890, 2.250000000000000000, -0.4749999999999999778 ) ) ;
#3716 = ORIENTED_EDGE ( 'NONE', *, *, #851, .F. ) ;
#3717 = DIRECTION ( 'NONE',  ( 0.0000000000000000000, 0.0000000000000000000, -1.000000000000000000 ) ) ;
#3718 = DIRECTION ( 'NONE',  ( 1.000000000000000000, 0.0000000000000000000, 0.0000000000000000000 ) ) ;
#3719 = LINE ( 'NONE', #308, #2321 ) ;
#3720 = FACE_OUTER_BOUND ( 'NONE', #261, .T. ) ;
#3721 = ORIENTED_EDGE ( 'NONE', *, *, #101, .F. ) ;
#3722 = FACE_BOUND ( 'NONE', #1655, .T. ) ;
#3723 = DIRECTION ( 'NONE',  ( -1.000000000000000000, 0.0000000000000000000, 0.0000000000000000000 ) ) ;
#3724 = LINE ( 'NONE', #1980, #1990 ) ;
#3725 = VECTOR ( 'NONE', #3091, 1000.000000000000000 ) ;
#3726 = ORIENTED_EDGE ( 'NONE', *, *, #3326, .F. ) ;
#3727 = CARTESIAN_POINT ( 'NONE',  ( -2.274999999999999911, 2.000000000000000000, -1.425000000000000044 ) ) ;
#3728 = CARTESIAN_POINT ( 'NONE',  ( -1.875000000000000000, 0.5000000000000000000, -1.474999999999999867 ) ) ;
#3729 = CARTESIAN_POINT ( 'NONE',  ( 0.8249999999999999556, 1.649999999999999911, -1.698606797699999893 ) ) ;
#3730 = CARTESIAN_POINT ( 'NONE',  ( 0.7249999999999998668, -0.6500000000000000222, -2.075000000000000178 ) ) ;
#3731 = VERTEX_POINT ( 'NONE', #4749 ) ;
#3732 = FACE_OUTER_BOUND ( 'NONE', #542, .T. ) ;
#3733 = ORIENTED_EDGE ( 'NONE', *, *, #3387, .T. ) ;
#3734 = DIRECTION ( 'NONE',  ( 0.0000000000000000000, -1.000000000000000000, -2.552445434498790050E-15 ) ) ;
#3735 = CARTESIAN_POINT ( 'NONE',  ( 2.500000000000000000, 4.240000000000000213, -0.07499999999999998335 ) ) ;
#3736 = LINE ( 'NONE', #1612, #3089 ) ;
#3737 = ORIENTED_EDGE ( 'NONE', *, *, #3123, .F. ) ;
#3738 = LINE ( 'NONE', #2613, #3506 ) ;
#3739 = VECTOR ( 'NONE', #1475, 1000.000000000000000 ) ;
#3740 = ORIENTED_EDGE ( 'NONE', *, *, #115, .T. ) ;
#3741 = DIRECTION ( 'NONE',  ( 1.000000000000000000, 0.0000000000000000000, 0.0000000000000000000 ) ) ;
#3742 = VERTEX_POINT ( 'NONE', #2866 ) ;
#3743 = VECTOR ( 'NONE', #4009, 1000.000000000000000 ) ;
#3744 = VERTEX_POINT ( 'NONE', #4390 ) ;
#3745 = DIRECTION ( 'NONE',  ( 0.0000000000000000000, -3.219646771412953967E-15, 1.000000000000000000 ) ) ;
#3746 = CARTESIAN_POINT ( 'NONE',  ( 0.7249999999999999778, 1.315130797599999957, 1.171117220399999770 ) ) ;
#3747 =( LENGTH_UNIT ( ) NAMED_UNIT ( * ) SI_UNIT ( .MILLI., .METRE. ) );
#3748 = VECTOR ( 'NONE', #1173, 1000.000000000000000 ) ;
#3749 = ORIENTED_EDGE ( 'NONE', *, *, #1194, .F. ) ;
#3750 = DIRECTION ( 'NONE',  ( 0.0000000000000000000, -1.000000000000000000, 0.0000000000000000000 ) ) ;
#3751 = CARTESIAN_POINT ( 'NONE',  ( 0.5249999999999999112, 0.3499999999999999778, -2.075000000000000178 ) ) ;
#3752 = ORIENTED_EDGE ( 'NONE', *, *, #301, .F. ) ;
#3753 = CARTESIAN_POINT ( 'NONE',  ( 0.7249999999999999778, 1.000000000000000000, 0.0000000000000000000 ) ) ;
#3754 = EDGE_CURVE ( 'NONE', #1581, #1741, #2057, .T. ) ;
#3755 = ORIENTED_EDGE ( 'NONE', *, *, #3021, .T. ) ;
#3756 = VECTOR ( 'NONE', #1289, 1000.000000000000000 ) ;
#3757 = ORIENTED_EDGE ( 'NONE', *, *, #3061, .F. ) ;
#3758 = CARTESIAN_POINT ( 'NONE',  ( -0.7349999999999999867, 1.000000000000000000, -1.525000000000000133 ) ) ;
#3759 = VERTEX_POINT ( 'NONE', #2926 ) ;
#3760 = LINE ( 'NONE', #68, #270 ) ;
#3761 = EDGE_LOOP ( 'NONE', ( #2857, #2388, #3459, #3445 ) ) ;
#3762 = PLANE ( 'NONE',  #4453 ) ;
#3763 = EDGE_CURVE ( 'NONE', #187, #4700, #175, .T. ) ;
#3764 = CARTESIAN_POINT ( 'NONE',  ( 2.274999999999999911, 4.240000000000000213, -0.07499999999999998335 ) ) ;
#3765 = EDGE_CURVE ( 'NONE', #4424, #1062, #1261, .T. ) ;
#3766 = ORIENTED_EDGE ( 'NONE', *, *, #1739, .F. ) ;
#3767 = DIRECTION ( 'NONE',  ( 1.000000000000000000, 0.0000000000000000000, 0.0000000000000000000 ) ) ;
#3768 = CARTESIAN_POINT ( 'NONE',  ( -0.7249999999999999778, 0.3499999999999999778, -2.075000000000000178 ) ) ;
#3769 = LINE ( 'NONE', #4782, #1085 ) ;
#3770 = CARTESIAN_POINT ( 'NONE',  ( 1.875000000000000000, 2.550000000000000266, -1.474999999999999867 ) ) ;
#3771 = EDGE_CURVE ( 'NONE', #4711, #1601, #4430, .T. ) ;
#3772 = ORIENTED_EDGE ( 'NONE', *, *, #3429, .T. ) ;
#3773 = LINE ( 'NONE', #4343, #1801 ) ;
#3774 = DIRECTION ( 'NONE',  ( -0.0000000000000000000, 1.000000000000000000, -0.0000000000000000000 ) ) ;
#3775 = ADVANCED_FACE ( 'NONE', ( #3006 ), #1115, .F. ) ;
#3776 = DIRECTION ( 'NONE',  ( -0.0000000000000000000, -0.0000000000000000000, 1.000000000000000000 ) ) ;
#3777 = ORIENTED_EDGE ( 'NONE', *, *, #3190, .T. ) ;
#3778 = FACE_OUTER_BOUND ( 'NONE', #1124, .T. ) ;
#3779 = LINE ( 'NONE', #3663, #1578 ) ;
#3780 = CARTESIAN_POINT ( 'NONE',  ( -0.5250000000000000222, 0.3499999999999999778, -2.075000000000000178 ) ) ;
#3781 = DIRECTION ( 'NONE',  ( 0.0000000000000000000, 1.000000000000000000, 0.0000000000000000000 ) ) ;
#3782 = LINE ( 'NONE', #1515, #4641 ) ;
#3783 = VERTEX_POINT ( 'NONE', #3014 ) ;
#3784 = VECTOR ( 'NONE', #3392, 1000.000000000000114 ) ;
#3785 = FACE_OUTER_BOUND ( 'NONE', #3518, .T. ) ;
#3786 = VECTOR ( 'NONE', #826, 1000.000000000000000 ) ;
#3787 = DIRECTION ( 'NONE',  ( 0.0000000000000000000, -1.000000000000000000, 0.0000000000000000000 ) ) ;
#3788 = EDGE_LOOP ( 'NONE', ( #4279, #2250, #900, #1489 ) ) ;
#3789 = ORIENTED_EDGE ( 'NONE', *, *, #2363, .T. ) ;
#3790 = VECTOR ( 'NONE', #1395, 1000.000000000000000 ) ;
#3791 = CARTESIAN_POINT ( 'NONE',  ( -0.5250000000000000222, 1.850000000000000089, 0.0000000000000000000 ) ) ;
#3792 = EDGE_CURVE ( 'NONE', #150, #4402, #4676, .T. ) ;
#3793 = DIRECTION ( 'NONE',  ( 0.0000000000000000000, 1.000000000000000000, 0.0000000000000000000 ) ) ;
#3794 = FACE_OUTER_BOUND ( 'NONE', #2469, .T. ) ;
#3795 = VERTEX_POINT ( 'NONE', #398 ) ;
#3796 = DIRECTION ( 'NONE',  ( 0.0000000000000000000, 0.0000000000000000000, 1.000000000000000000 ) ) ;
#3797 = LINE ( 'NONE', #4687, #1057 ) ;
#3798 = EDGE_CURVE ( 'NONE', #3424, #8, #4409, .T. ) ;
#3799 = ORIENTED_EDGE ( 'NONE', *, *, #3210, .T. ) ;
#3800 = DIRECTION ( 'NONE',  ( 0.0000000000000000000, 1.000000000000000000, 0.0000000000000000000 ) ) ;
#3801 = CARTESIAN_POINT ( 'NONE',  ( 0.5150000000000000133, 1.850000000000000089, -2.024999999999999911 ) ) ;
#3802 = ORIENTED_EDGE ( 'NONE', *, *, #4601, .F. ) ;
#3803 = EDGE_LOOP ( 'NONE', ( #2123, #34, #1827, #2112 ) ) ;
#3804 = CARTESIAN_POINT ( 'NONE',  ( -0.5250000000000000222, 1.850000000000000089, -2.024999999999999911 ) ) ;
#3805 = CARTESIAN_POINT ( 'NONE',  ( 0.5250000000000000222, 1.000000000000000000, -1.525000000000000133 ) ) ;
#3806 = ORIENTED_EDGE ( 'NONE', *, *, #3019, .F. ) ;
#3807 = ORIENTED_EDGE ( 'NONE', *, *, #1495, .F. ) ;
#3808 = LINE ( 'NONE', #4516, #320 ) ;
#3809 = DIRECTION ( 'NONE',  ( 0.0000000000000000000, 0.0000000000000000000, -1.000000000000000000 ) ) ;
#3810 = ORIENTED_EDGE ( 'NONE', *, *, #1188, .T. ) ;
#3811 = PLANE ( 'NONE',  #3650 ) ;
#3812 = EDGE_CURVE ( 'NONE', #3969, #296, #2850, .T. ) ;
#3813 = VECTOR ( 'NONE', #2122, 1000.000000000000000 ) ;
#3814 = ORIENTED_EDGE ( 'NONE', *, *, #2991, .F. ) ;
#3815 = AXIS2_PLACEMENT_3D ( 'NONE', #1708, #3968, #4297 ) ;
#3816 = CARTESIAN_POINT ( 'NONE',  ( 0.5250000000000000222, 1.850000000000000089, -1.025000000000000133 ) ) ;
#3817 = VERTEX_POINT ( 'NONE', #7 ) ;
#3818 = SURFACE_STYLE_USAGE ( .BOTH. , #2641 ) ;
#3819 = VECTOR ( 'NONE', #3563, 1000.000000000000000 ) ;
#3820 = CARTESIAN_POINT ( 'NONE',  ( 0.5150000000000000133, 0.0000000000000000000, -1.474999999999999867 ) ) ;
#3821 = ORIENTED_EDGE ( 'NONE', *, *, #3714, .T. ) ;
#3822 = CARTESIAN_POINT ( 'NONE',  ( -2.274999999999999911, 1.999999999999997780, -2.075000000000008615 ) ) ;
#3823 = DIRECTION ( 'NONE',  ( 0.0000000000000000000, -1.000000000000000000, -2.552445434498790050E-15 ) ) ;
#3824 = CARTESIAN_POINT ( 'NONE',  ( -2.875000000000000000, 0.6000000000000076383, -0.2249999999999982014 ) ) ;
#3825 = CARTESIAN_POINT ( 'NONE',  ( -1.375000000000000000, 3.750000000000000000, -2.024999999999999911 ) ) ;
#3826 = VERTEX_POINT ( 'NONE', #3715 ) ;
#3827 = CARTESIAN_POINT ( 'NONE',  ( -0.7349999999999999867, 1.649999999999999911, -1.025000000000000133 ) ) ;
#3828 = LINE ( 'NONE', #289, #1629 ) ;
#3829 = EDGE_CURVE ( 'NONE', #1466, #4547, #247, .T. ) ;
#3830 = EDGE_CURVE ( 'NONE', #3486, #455, #2562, .T. ) ;
#3831 = DIRECTION ( 'NONE',  ( 1.000000000000000000, 0.0000000000000000000, 0.0000000000000000000 ) ) ;
#3832 = VERTEX_POINT ( 'NONE', #3322 ) ;
#3833 = CARTESIAN_POINT ( 'NONE',  ( -0.5250000000000000222, 1.000000000000000000, 0.0000000000000000000 ) ) ;
#3834 = CARTESIAN_POINT ( 'NONE',  ( -0.0000000000000000000, -0.001524999999999999880, 0.002075000000000000022 ) ) ;
#3835 = VERTEX_POINT ( 'NONE', #1463 ) ;
#3836 = PLANE ( 'NONE',  #2343 ) ;
#3837 = CARTESIAN_POINT ( 'NONE',  ( 1.375000000000000000, 3.750000000000000000, 2.024999999999999911 ) ) ;
#3838 = VECTOR ( 'NONE', #2075, 1000.000000000000000 ) ;
#3839 = VERTEX_POINT ( 'NONE', #3701 ) ;
#3840 = FACE_BOUND ( 'NONE', #4385, .T. ) ;
#3841 = VECTOR ( 'NONE', #1221, 1000.000000000000000 ) ;
#3842 = DIRECTION ( 'NONE',  ( 1.000000000000000000, 0.0000000000000000000, 0.0000000000000000000 ) ) ;
#3843 = LINE ( 'NONE', #2765, #2161 ) ;
#3844 = ORIENTED_EDGE ( 'NONE', *, *, #3460, .F. ) ;
#3845 = EDGE_CURVE ( 'NONE', #1306, #91, #3561, .T. ) ;
#3846 = DIRECTION ( 'NONE',  ( -1.000000000000000000, 0.0000000000000000000, 0.0000000000000000000 ) ) ;
#3847 = CARTESIAN_POINT ( 'NONE',  ( 0.7349999999999999867, 1.649999999999999911, -1.474999999999999867 ) ) ;
#3848 = CARTESIAN_POINT ( 'NONE',  ( 0.7249999999999998668, -0.6500000000000000222, -1.775000000000000133 ) ) ;
#3849 = ORIENTED_EDGE ( 'NONE', *, *, #2800, .F. ) ;
#3850 = CARTESIAN_POINT ( 'NONE',  ( 2.875000000000000000, 1.000000000000000000, -1.525000000000000133 ) ) ;
#3851 = FACE_OUTER_BOUND ( 'NONE', #2905, .T. ) ;
#3852 = VERTEX_POINT ( 'NONE', #4060 ) ;
#3853 = LINE ( 'NONE', #1758, #1876 ) ;
#3854 = VERTEX_POINT ( 'NONE', #2218 ) ;
#3855 = CARTESIAN_POINT ( 'NONE',  ( -0.5250000000000000222, 1.850000000000000089, -2.024999999999999911 ) ) ;
#3856 = EDGE_CURVE ( 'NONE', #4372, #1535, #2334, .T. ) ;
#3857 = VERTEX_POINT ( 'NONE', #3377 ) ;
#3858 = DIRECTION ( 'NONE',  ( -0.0000000000000000000, 2.552445434498790050E-15, -1.000000000000000000 ) ) ;
#3859 = VECTOR ( 'NONE', #2200, 1000.000000000000000 ) ;
#3860 = VERTEX_POINT ( 'NONE', #4794 ) ;
#3861 = ORIENTED_EDGE ( 'NONE', *, *, #229, .F. ) ;
#3862 = PLANE ( 'NONE',  #3087 ) ;
#3863 = FACE_OUTER_BOUND ( 'NONE', #36, .T. ) ;
#3864 = EDGE_CURVE ( 'NONE', #3852, #4569, #1351, .T. ) ;
#3865 = ORIENTED_EDGE ( 'NONE', *, *, #4259, .F. ) ;
#3866 = CARTESIAN_POINT ( 'NONE',  ( -1.375000000000000000, 3.149999999999999911, 0.02500000000000000139 ) ) ;
#3867 = DIRECTION ( 'NONE',  ( 0.0000000000000000000, -1.000000000000000000, 0.0000000000000000000 ) ) ;
#3868 = APPLICATION_PROTOCOL_DEFINITION ( 'draft international standard', 'automotive_design', 1998, #2607 ) ;
#3869 = ORIENTED_EDGE ( 'NONE', *, *, #4283, .T. ) ;
#3870 = DIRECTION ( 'NONE',  ( -1.000000000000000000, 0.0000000000000000000, 0.0000000000000000000 ) ) ;
#3871 = CARTESIAN_POINT ( 'NONE',  ( 2.274999999999999911, 2.250000000000000000, -1.925000000000000711 ) ) ;
#3872 = ORIENTED_EDGE ( 'NONE', *, *, #1824, .T. ) ;
#3873 = ADVANCED_FACE ( 'NONE', ( #2620 ), #761, .F. ) ;
#3874 = ORIENTED_EDGE ( 'NONE', *, *, #1565, .T. ) ;
#3875 = LINE ( 'NONE', #309, #1901 ) ;
#3876 = EDGE_LOOP ( 'NONE', ( #3049, #730, #621, #2594 ) ) ;
#3877 = CARTESIAN_POINT ( 'NONE',  ( 0.0000000000000000000, 0.0000000000000000000, 0.02500000000000000139 ) ) ;
#3878 = DIRECTION ( 'NONE',  ( -1.000000000000000000, -0.0000000000000000000, -0.0000000000000000000 ) ) ;
#3879 = ORIENTED_EDGE ( 'NONE', *, *, #2355, .T. ) ;
#3880 = AXIS2_PLACEMENT_3D ( 'NONE', #4729, #317, #4716 ) ;
#3881 = ORIENTED_EDGE ( 'NONE', *, *, #3613, .T. ) ;
#3882 = CARTESIAN_POINT ( 'NONE',  ( 0.8750000000000000000, 1.949999999999999956, 2.024999999999999911 ) ) ;
#3883 = EDGE_LOOP ( 'NONE', ( #162, #1141, #3131, #3455 ) ) ;
#3884 = EDGE_CURVE ( 'NONE', #544, #837, #590, .T. ) ;
#3885 = VECTOR ( 'NONE', #2945, 1000.000000000000000 ) ;
#3886 = CARTESIAN_POINT ( 'NONE',  ( -1.875000000000000000, 0.5000000000000000000, -1.474999999999999867 ) ) ;
#3887 = CARTESIAN_POINT ( 'NONE',  ( -0.5250000000000000222, 0.05000000000000002359, -1.775000000000000133 ) ) ;
#3888 = CARTESIAN_POINT ( 'NONE',  ( -2.500000000000000000, 4.240000000000000213, -0.07499999999999998335 ) ) ;
#3889 = ORIENTED_EDGE ( 'NONE', *, *, #2603, .F. ) ;
#3890 = VECTOR ( 'NONE', #3295, 1000.000000000000000 ) ;
#3891 = LINE ( 'NONE', #3468, #2089 ) ;
#3892 = CARTESIAN_POINT ( 'NONE',  ( -1.875000000000000000, 2.550000000000000266, -1.474999999999999867 ) ) ;
#3893 = ORIENTED_EDGE ( 'NONE', *, *, #1817, .T. ) ;
#3894 = DIRECTION ( 'NONE',  ( 1.000000000000000000, 0.0000000000000000000, 0.0000000000000000000 ) ) ;
#3895 = VECTOR ( 'NONE', #2442, 1000.000000000000000 ) ;
#3896 = CARTESIAN_POINT ( 'NONE',  ( -0.4249999999999999889, 1.649999999999999911, -1.025000000000000133 ) ) ;
#3897 = DIRECTION ( 'NONE',  ( 0.0000000000000000000, 0.0000000000000000000, 1.000000000000000000 ) ) ;
#3898 = EDGE_LOOP ( 'NONE', ( #3150, #1847, #4531, #3530 ) ) ;
#3899 = AXIS2_PLACEMENT_3D ( 'NONE', #3707, #2195, #2936 ) ;
#3900 = LINE ( 'NONE', #176, #2381 ) ;
#3901 = CARTESIAN_POINT ( 'NONE',  ( 0.7249999999999999778, 0.5547525681000000652, 2.024999999999999911 ) ) ;
#3902 = DIRECTION ( 'NONE',  ( 1.000000000000000000, 0.0000000000000000000, 0.0000000000000000000 ) ) ;
#3903 = DIRECTION ( 'NONE',  ( 0.0000000000000000000, -0.9486832980505138790, -0.3162277660168379967 ) ) ;
#3904 = PLANE ( 'NONE',  #1039 ) ;
#3905 = VECTOR ( 'NONE', #4421, 1000.000000000000000 ) ;
#3906 = ORIENTED_EDGE ( 'NONE', *, *, #3172, .T. ) ;
#3907 = VECTOR ( 'NONE', #1558, 1000.000000000000000 ) ;
#3908 = ORIENTED_EDGE ( 'NONE', *, *, #1081, .T. ) ;
#3909 = PRESENTATION_LAYER_ASSIGNMENT (  '', '', ( #3943 ) ) ;
#3910 = CARTESIAN_POINT ( 'NONE',  ( -0.5250000000000000222, 1.000000000000000000, 0.0000000000000000000 ) ) ;
#3911 = FACE_OUTER_BOUND ( 'NONE', #4013, .T. ) ;
#3912 = ORIENTED_EDGE ( 'NONE', *, *, #481, .F. ) ;
#3913 = VECTOR ( 'NONE', #4461, 1000.000000000000000 ) ;
#3914 = EDGE_CURVE ( 'NONE', #2854, #3483, #1465, .T. ) ;
#3915 = DIRECTION ( 'NONE',  ( -1.000000000000000000, 0.0000000000000000000, 0.0000000000000000000 ) ) ;
#3916 = VECTOR ( 'NONE', #606, 1000.000000000000000 ) ;
#3917 = VERTEX_POINT ( 'NONE', #356 ) ;
#3918 = DIRECTION ( 'NONE',  ( -1.000000000000000000, 0.0000000000000000000, 0.0000000000000000000 ) ) ;
#3919 = CARTESIAN_POINT ( 'NONE',  ( 0.7349999999999999867, 1.649999999999999911, -1.025000000000000133 ) ) ;
#3920 = ADVANCED_FACE ( 'NONE', ( #482 ), #4440, .F. ) ;
#3921 = EDGE_LOOP ( 'NONE', ( #1128, #3155, #2875, #1190 ) ) ;
#3922 = ORIENTED_EDGE ( 'NONE', *, *, #4239, .T. ) ;
#3923 = ORIENTED_EDGE ( 'NONE', *, *, #4193, .T. ) ;
#3924 = DIRECTION ( 'NONE',  ( 0.0000000000000000000, 0.0000000000000000000, 1.000000000000000000 ) ) ;
#3925 = ADVANCED_FACE ( 'NONE', ( #1346 ), #1886, .F. ) ;
#3926 = DIRECTION ( 'NONE',  ( -1.000000000000000000, 0.0000000000000000000, 0.0000000000000000000 ) ) ;
#3927 = ORIENTED_EDGE ( 'NONE', *, *, #4483, .T. ) ;
#3928 = EDGE_CURVE ( 'NONE', #3742, #3795, #4189, .T. ) ;
#3929 = VECTOR ( 'NONE', #3052, 1000.000000000000000 ) ;
#3930 = CARTESIAN_POINT ( 'NONE',  ( -1.875000000000000000, 3.750000000000000000, 0.02500000000000000139 ) ) ;
#3931 = ORIENTED_EDGE ( 'NONE', *, *, #131, .F. ) ;
#3932 = CARTESIAN_POINT ( 'NONE',  ( 2.875000000000000000, 1.000000000000000000, -1.525000000000000133 ) ) ;
#3933 = EDGE_CURVE ( 'NONE', #1659, #3452, #358, .T. ) ;
#3934 = LINE ( 'NONE', #3703, #4166 ) ;
#3935 = CARTESIAN_POINT ( 'NONE',  ( 2.475000000000000089, 1.999999999999997780, -2.075000000000008615 ) ) ;
#3936 = ORIENTED_EDGE ( 'NONE', *, *, #2264, .T. ) ;
#3937 = VERTEX_POINT ( 'NONE', #507 ) ;
#3938 = DIRECTION ( 'NONE',  ( 0.0000000000000000000, 1.000000000000000000, 0.0000000000000000000 ) ) ;
#3939 = LINE ( 'NONE', #4319, #1621 ) ;
#3940 = DIRECTION ( 'NONE',  ( 0.0000000000000000000, 0.0000000000000000000, 1.000000000000000000 ) ) ;
#3941 = CARTESIAN_POINT ( 'NONE',  ( -0.7249999999999999778, 1.000000000000000000, -1.525000000000000133 ) ) ;
#3942 = ORIENTED_EDGE ( 'NONE', *, *, #2049, .T. ) ;
#3943 = STYLED_ITEM ( 'NONE', ( #2674 ), #1488 ) ;
#3944 = EDGE_LOOP ( 'NONE', ( #2642, #1563, #1083, #230 ) ) ;
#3945 = VECTOR ( 'NONE', #4083, 1000.000000000000000 ) ;
#3946 = ORIENTED_EDGE ( 'NONE', *, *, #3429, .F. ) ;
#3947 = DIRECTION ( 'NONE',  ( 0.0000000000000000000, 1.000000000000000000, 0.0000000000000000000 ) ) ;
#3948 = CARTESIAN_POINT ( 'NONE',  ( 0.7249999999999998668, 0.05000000000000002359, -1.524999999999999689 ) ) ;
#3949 = LINE ( 'NONE', #2918, #4691 ) ;
#3950 = CARTESIAN_POINT ( 'NONE',  ( 2.274999999999999911, 2.000000000000000000, -1.425000000000000044 ) ) ;
#3951 = EDGE_LOOP ( 'NONE', ( #2914, #4148, #4046, #168 ) ) ;
#3952 = VECTOR ( 'NONE', #1983, 1000.000000000000000 ) ;
#3953 = CARTESIAN_POINT ( 'NONE',  ( 2.274999999999999911, 0.6000000000000076383, -0.2249999999999982014 ) ) ;
#3954 = DIRECTION ( 'NONE',  ( 0.0000000000000000000, 0.0000000000000000000, 1.000000000000000000 ) ) ;
#3955 = ADVANCED_FACE ( 'NONE', ( #2272 ), #3032, .T. ) ;
#3956 = ORIENTED_EDGE ( 'NONE', *, *, #274, .T. ) ;
#3957 = CARTESIAN_POINT ( 'NONE',  ( -0.5150000000000000133, 1.850000000000000089, -1.025000000000000133 ) ) ;
#3958 = DIRECTION ( 'NONE',  ( 0.0000000000000000000, 0.0000000000000000000, -1.000000000000000000 ) ) ;
#3959 = FILL_AREA_STYLE_COLOUR ( '', #2079 ) ;
#3960 = FACE_OUTER_BOUND ( 'NONE', #4673, .T. ) ;
#3961 = VERTEX_POINT ( 'NONE', #3410 ) ;
#3962 = EDGE_CURVE ( 'NONE', #508, #199, #1867, .T. ) ;
#3963 = DIRECTION ( 'NONE',  ( -1.000000000000000000, 0.0000000000000000000, 0.0000000000000000000 ) ) ;
#3964 = VECTOR ( 'NONE', #3676, 1000.000000000000000 ) ;
#3965 = ORIENTED_EDGE ( 'NONE', *, *, #4443, .F. ) ;
#3966 = CARTESIAN_POINT ( 'NONE',  ( 0.0000000000000000000, 4.250000000000000000, 0.0000000000000000000 ) ) ;
#3967 = VECTOR ( 'NONE', #2327, 1000.000000000000000 ) ;
#3968 = DIRECTION ( 'NONE',  ( 0.0000000000000000000, 0.0000000000000000000, -1.000000000000000000 ) ) ;
#3969 = VERTEX_POINT ( 'NONE', #813 ) ;
#3970 = CARTESIAN_POINT ( 'NONE',  ( 1.375000000000000000, 3.750000000000000000, 0.02500000000000000139 ) ) ;
#3971 = AXIS2_PLACEMENT_3D ( 'NONE', #1380, #3982, #2486 ) ;
#3972 = PLANE ( 'NONE',  #4280 ) ;
#3973 = VERTEX_POINT ( 'NONE', #3816 ) ;
#3974 = EDGE_LOOP ( 'NONE', ( #3624, #4494, #1310, #3015 ) ) ;
#3975 = EDGE_CURVE ( 'NONE', #450, #2361, #4476, .T. ) ;
#3976 = CARTESIAN_POINT ( 'NONE',  ( -0.5150000000000000133, 1.850000000000000089, -2.024999999999999911 ) ) ;
#3977 = LINE ( 'NONE', #4333, #1354 ) ;
#3978 = ORIENTED_EDGE ( 'NONE', *, *, #1375, .F. ) ;
#3979 = CARTESIAN_POINT ( 'NONE',  ( -0.8249999999999999556, 1.850000000000000089, 2.024999999999999911 ) ) ;
#3980 = ORIENTED_EDGE ( 'NONE', *, *, #3460, .T. ) ;
#3981 = EDGE_LOOP ( 'NONE', ( #3806, #2194, #643, #1208 ) ) ;
#3982 = DIRECTION ( 'NONE',  ( -0.0000000000000000000, -1.000000000000000000, -3.219646771412953967E-15 ) ) ;
#3983 = EDGE_CURVE ( 'NONE', #3208, #1733, #2965, .T. ) ;
#3984 = DIRECTION ( 'NONE',  ( 0.0000000000000000000, -0.8660254037883289291, -0.4999999999932619454 ) ) ;
#3985 = AXIS2_PLACEMENT_3D ( 'NONE', #357, #1450, #2948 ) ;
#3986 = CARTESIAN_POINT ( 'NONE',  ( 0.7249999999999998668, -0.6500000000000000222, -2.075000000000000178 ) ) ;
#3987 = ORIENTED_EDGE ( 'NONE', *, *, #1690, .F. ) ;
#3988 = CARTESIAN_POINT ( 'NONE',  ( 0.5150000000000000133, 1.000000000000000000, -2.024999999999999911 ) ) ;
#3989 = CARTESIAN_POINT ( 'NONE',  ( -0.7349999999999999867, 0.0000000000000000000, -1.474999999999999867 ) ) ;
#3990 = CARTESIAN_POINT ( 'NONE',  ( 2.274999999999999911, 2.000000000000000000, -1.425000000000000044 ) ) ;
#3991 = ORIENTED_EDGE ( 'NONE', *, *, #3597, .T. ) ;
#3992 = EDGE_CURVE ( 'NONE', #2027, #202, #4708, .T. ) ;
#3993 = VECTOR ( 'NONE', #3524, 1000.000000000000000 ) ;
#3994 = ORIENTED_EDGE ( 'NONE', *, *, #532, .F. ) ;
#3995 = EDGE_LOOP ( 'NONE', ( #526, #4383, #3594, #1820 ) ) ;
#3996 = ORIENTED_EDGE ( 'NONE', *, *, #4677, .T. ) ;
#3997 = VECTOR ( 'NONE', #1745, 1000.000000000000000 ) ;
#3998 = CARTESIAN_POINT ( 'NONE',  ( 0.5250000000000000222, 1.649999999999999911, -1.698606797699999893 ) ) ;
#3999 = ORIENTED_EDGE ( 'NONE', *, *, #3829, .F. ) ;
#4000 = LINE ( 'NONE', #3494, #1672 ) ;
#4001 = CARTESIAN_POINT ( 'NONE',  ( -1.375000000000000000, 3.750000000000000000, 0.02500000000000000139 ) ) ;
#4002 = VERTEX_POINT ( 'NONE', #2667 ) ;
#4003 = LINE ( 'NONE', #4052, #3069 ) ;
#4004 = DIRECTION ( 'NONE',  ( 0.0000000000000000000, -1.000000000000000000, 0.0000000000000000000 ) ) ;
#4005 = ORIENTED_EDGE ( 'NONE', *, *, #2807, .T. ) ;
#4006 = AXIS2_PLACEMENT_3D ( 'NONE', #1312, #930, #4630 ) ;
#4007 = VECTOR ( 'NONE', #2443, 1000.000000000000000 ) ;
#4008 = CARTESIAN_POINT ( 'NONE',  ( 0.5250000000000000222, 1.850000000000000089, -2.024999999999999911 ) ) ;
#4009 = DIRECTION ( 'NONE',  ( -1.000000000000000000, 0.0000000000000000000, 0.0000000000000000000 ) ) ;
#4010 = EDGE_CURVE ( 'NONE', #1428, #1301, #2899, .T. ) ;
#4011 = LINE ( 'NONE', #1376, #1094 ) ;
#4012 = DIRECTION ( 'NONE',  ( -1.000000000000000000, 0.0000000000000000000, 0.0000000000000000000 ) ) ;
#4013 = EDGE_LOOP ( 'NONE', ( #685, #2476, #767, #4636 ) ) ;
#4014 = DIRECTION ( 'NONE',  ( -1.000000000000000000, 0.0000000000000000000, 0.0000000000000000000 ) ) ;
#4015 = PLANE ( 'NONE',  #1736 ) ;
#4016 = VECTOR ( 'NONE', #1398, 1000.000000000000000 ) ;
#4017 = VECTOR ( 'NONE', #2826, 1000.000000000000000 ) ;
#4018 = EDGE_CURVE ( 'NONE', #1368, #3486, #1991, .T. ) ;
#4019 = CARTESIAN_POINT ( 'NONE',  ( 2.875000000000000000, 1.000000000000000000, -1.525000000000000133 ) ) ;
#4020 = EDGE_CURVE ( 'NONE', #903, #2892, #4646, .T. ) ;
#4021 = VERTEX_POINT ( 'NONE', #139 ) ;
#4022 = LINE ( 'NONE', #4126, #3033 ) ;
#4023 = ORIENTED_EDGE ( 'NONE', *, *, #2807, .F. ) ;
#4024 = AXIS2_PLACEMENT_3D ( 'NONE', #808, #2043, #4139 ) ;
#4025 = CARTESIAN_POINT ( 'NONE',  ( -2.274999999999999911, 0.0000000000000000000, 2.024999999999999911 ) ) ;
#4026 = VECTOR ( 'NONE', #1912, 1000.000000000000000 ) ;
#4027 = CARTESIAN_POINT ( 'NONE',  ( -0.8750000000000000000, 2.250000000000000000, -2.024999999999999911 ) ) ;
#4028 = ORIENTED_EDGE ( 'NONE', *, *, #11, .T. ) ;
#4029 = ORIENTED_EDGE ( 'NONE', *, *, #224, .F. ) ;
#4030 = CARTESIAN_POINT ( 'NONE',  ( 2.875000000000000000, 1.000000000000000000, -1.525000000000000133 ) ) ;
#4031 = CARTESIAN_POINT ( 'NONE',  ( 1.375000000000000000, 3.149999999999999911, 0.02500000000000000139 ) ) ;
#4032 = ORIENTED_EDGE ( 'NONE', *, *, #277, .T. ) ;
#4033 = ADVANCED_FACE ( 'NONE', ( #423 ), #4530, .T. ) ;
#4034 = LINE ( 'NONE', #4683, #2175 ) ;
#4035 = EDGE_CURVE ( 'NONE', #2416, #4332, #763, .T. ) ;
#4036 = VERTEX_POINT ( 'NONE', #852 ) ;
#4037 = CARTESIAN_POINT ( 'NONE',  ( -1.175000000000000044, 1.850000000000000089, 2.024999999999999911 ) ) ;
#4038 = VERTEX_POINT ( 'NONE', #2304 ) ;
#4039 = LINE ( 'NONE', #1969, #3223 ) ;
#4040 = ORIENTED_EDGE ( 'NONE', *, *, #4455, .F. ) ;
#4041 = DIRECTION ( 'NONE',  ( 0.0000000000000000000, 0.0000000000000000000, 1.000000000000000000 ) ) ;
#4042 = VECTOR ( 'NONE', #2174, 1000.000000000000000 ) ;
#4043 = CARTESIAN_POINT ( 'NONE',  ( 2.475000000000000089, 3.599999999999999201, -0.07500000000000128786 ) ) ;
#4044 = CARTESIAN_POINT ( 'NONE',  ( -1.375000000000000000, 3.750000000000000000, 0.02500000000000000139 ) ) ;
#4045 = VERTEX_POINT ( 'NONE', #1207 ) ;
#4046 = ORIENTED_EDGE ( 'NONE', *, *, #851, .T. ) ;
#4047 = LINE ( 'NONE', #4502, #2187 ) ;
#4048 = CARTESIAN_POINT ( 'NONE',  ( 0.7249999999999999778, 0.0000000000000000000, -1.525000000000000133 ) ) ;
#4049 = ORIENTED_EDGE ( 'NONE', *, *, #3074, .T. ) ;
#4050 = LINE ( 'NONE', #313, #966 ) ;
#4051 = VERTEX_POINT ( 'NONE', #3051 ) ;
#4052 = CARTESIAN_POINT ( 'NONE',  ( -2.500000000000000000, 4.240000000000000213, -2.024999999999999911 ) ) ;
#4053 = LINE ( 'NONE', #3976, #4285 ) ;
#4054 = CARTESIAN_POINT ( 'NONE',  ( -0.7349999999999999867, 1.000000000000000000, -1.474999999999999867 ) ) ;
#4055 = AXIS2_PLACEMENT_3D ( 'NONE', #671, #474, #4145 ) ;
#4056 =( LENGTH_UNIT ( ) NAMED_UNIT ( * ) SI_UNIT ( .MILLI., .METRE. ) );
#4057 = EDGE_LOOP ( 'NONE', ( #2725, #4265, #1147, #1513 ) ) ;
#4058 = FACE_OUTER_BOUND ( 'NONE', #815, .T. ) ;
#4059 = EDGE_CURVE ( 'NONE', #2023, #1610, #4355, .T. ) ;
#4060 = CARTESIAN_POINT ( 'NONE',  ( 0.7349999999999999867, 1.000000000000000000, -1.525000000000000133 ) ) ;
#4061 = DIRECTION ( 'NONE',  ( 0.0000000000000000000, -1.000000000000000000, 0.0000000000000000000 ) ) ;
#4062 = PLANE ( 'NONE',  #4796 ) ;
#4063 = ADVANCED_FACE ( 'NONE', ( #1698 ), #4177, .T. ) ;
#4064 = AXIS2_PLACEMENT_3D ( 'NONE', #3833, #2766, #4224 ) ;
#4065 = VERTEX_POINT ( 'NONE', #2317 ) ;
#4066 = SURFACE_STYLE_FILL_AREA ( #1658 ) ;
#4067 = PLANE ( 'NONE',  #2015 ) ;
#4068 = AXIS2_PLACEMENT_3D ( 'NONE', #2190, #9, #1845 ) ;
#4069 = UNCERTAINTY_MEASURE_WITH_UNIT (LENGTH_MEASURE( 1.000000000000000082E-05 ), #3747, 'distance_accuracy_value', 'NONE');
#4070 = LINE ( 'NONE', #4706, #2209 ) ;
#4071 = LINE ( 'NONE', #2746, #3838 ) ;
#4072 = CARTESIAN_POINT ( 'NONE',  ( -0.5250000000000000222, 1.000000000000000000, 1.525000000000000133 ) ) ;
#4073 = CARTESIAN_POINT ( 'NONE',  ( 0.7249999999999999778, 1.000000000000000000, 1.525000000000000133 ) ) ;
#4074 = LINE ( 'NONE', #4296, #3076 ) ;
#4075 = DIRECTION ( 'NONE',  ( 0.0000000000000000000, -1.000000000000000000, 0.0000000000000000000 ) ) ;
#4076 = EDGE_CURVE ( 'NONE', #4326, #2318, #698, .T. ) ;
#4077 = DIRECTION ( 'NONE',  ( 0.0000000000000000000, 0.7468134723257140450, -0.6650335612228979176 ) ) ;
#4078 = DIRECTION ( 'NONE',  ( -1.000000000000000000, -0.0000000000000000000, -0.0000000000000000000 ) ) ;
#4079 = ORIENTED_EDGE ( 'NONE', *, *, #3190, .F. ) ;
#4080 = EDGE_CURVE ( 'NONE', #2335, #404, #81, .T. ) ;
#4081 = ORIENTED_EDGE ( 'NONE', *, *, #2684, .T. ) ;
#4082 = LINE ( 'NONE', #485, #488 ) ;
#4083 = DIRECTION ( 'NONE',  ( 1.000000000000000000, 0.0000000000000000000, 0.0000000000000000000 ) ) ;
#4084 = CARTESIAN_POINT ( 'NONE',  ( 2.274999999999999911, 1.950000000000002176, 1.375000000000006883 ) ) ;
#4085 = LINE ( 'NONE', #2697, #4545 ) ;
#4086 = EDGE_LOOP ( 'NONE', ( #1668, #4213, #3124, #4786 ) ) ;
#4087 = VECTOR ( 'NONE', #718, 1000.000000000000000 ) ;
#4088 = CARTESIAN_POINT ( 'NONE',  ( -2.274999999999999911, 4.250000000000000000, -0.07499999999999998335 ) ) ;
#4089 = CARTESIAN_POINT ( 'NONE',  ( -2.875000000000000000, 4.250000000000000000, 2.024999999999999911 ) ) ;
#4090 = LINE ( 'NONE', #835, #2511 ) ;
#4091 = VERTEX_POINT ( 'NONE', #4222 ) ;
#4092 = ADVANCED_FACE ( 'NONE', ( #17 ), #3138, .F. ) ;
#4093 = MECHANICAL_DESIGN_GEOMETRIC_PRESENTATION_REPRESENTATION (  '', ( #3943 ), #667 ) ;
#4094 = EDGE_LOOP ( 'NONE', ( #362, #4789, #2273, #787, #723, #305, #1257, #778, #3537, #2676, #769, #2478 ) ) ;
#4095 = CARTESIAN_POINT ( 'NONE',  ( -2.274999999999999911, 4.240000000000000213, 0.0000000000000000000 ) ) ;
#4096 = FILL_AREA_STYLE ('',( #62 ) ) ;
#4097 = DIRECTION ( 'NONE',  ( 0.0000000000000000000, -1.000000000000000000, 0.0000000000000000000 ) ) ;
#4098 = ORIENTED_EDGE ( 'NONE', *, *, #301, .T. ) ;
#4099 = CLOSED_SHELL ( 'NONE', ( #585, #3629, #1683, #1926, #2961, #502, #419, #59, #3605, #1311, #2458, #3671, #4720, #2596, #1359, #1272, #3925, #216, #3284, #2433, #2624, #1316, #4114, #282, #2148, #4211, #2142, #396, #2567, #4645, #1807, #2792, #3325, #729, #3035, #3873, #566, #525, #1514, #1058, #2988, #1921, #1042, #1335, #3260, #3955, #4210, #2050, #3555, #2577, #1407, #2001, #4467, #515, #3209, #1989, #3160, #1869, #4395, #4351, #1779, #4712, #1784, #3646, #4243, #4524, #2789, #2183, #314, #2044, #4690, #3505, #1262, #4413, #2726, #3920, #1737, #1834, #1192, #1414, #4033, #1462, #439, #3063, #3532, #2677, #1696, #4788, #1616, #3350, #989, #2545, #4286, #82, #288, #1542 ) ) ;
#4100 = AXIS2_PLACEMENT_3D ( 'NONE', #3073, #3046, #1551 ) ;
#4101 = VECTOR ( 'NONE', #2733, 1000.000000000000000 ) ;
#4102 = ORIENTED_EDGE ( 'NONE', *, *, #1719, .T. ) ;
#4103 = ORIENTED_EDGE ( 'NONE', *, *, #1822, .F. ) ;
#4104 = EDGE_CURVE ( 'NONE', #1012, #4444, #4135, .T. ) ;
#4105 = DIRECTION ( 'NONE',  ( 0.0000000000000000000, 0.0000000000000000000, -1.000000000000000000 ) ) ;
#4106 = ORIENTED_EDGE ( 'NONE', *, *, #519, .F. ) ;
#4107 = DIRECTION ( 'NONE',  ( 0.0000000000000000000, 0.0000000000000000000, -1.000000000000000000 ) ) ;
#4108 = EDGE_CURVE ( 'NONE', #1684, #2653, #4537, .T. ) ;
#4109 = DIRECTION ( 'NONE',  ( 1.000000000000000000, 0.0000000000000000000, 0.0000000000000000000 ) ) ;
#4110 = DIRECTION ( 'NONE',  ( 0.0000000000000000000, 1.000000000000000000, 0.0000000000000000000 ) ) ;
#4111 = DIRECTION ( 'NONE',  ( 0.0000000000000000000, 0.0000000000000000000, 1.000000000000000000 ) ) ;
#4112 = ORIENTED_EDGE ( 'NONE', *, *, #3021, .F. ) ;
#4113 = DIRECTION ( 'NONE',  ( 0.0000000000000000000, 0.0000000000000000000, -1.000000000000000000 ) ) ;
#4114 = ADVANCED_FACE ( 'NONE', ( #2785 ), #1693, .F. ) ;
#4115 = LINE ( 'NONE', #663, #1908 ) ;
#4116 = EDGE_CURVE ( 'NONE', #225, #2698, #3900, .T. ) ;
#4117 = PLANE ( 'NONE',  #92 ) ;
#4118 = VERTEX_POINT ( 'NONE', #204 ) ;
#4119 = CARTESIAN_POINT ( 'NONE',  ( 0.3749999999999998890, 2.750000000000000000, -0.4749999999999999778 ) ) ;
#4120 = LINE ( 'NONE', #2999, #2196 ) ;
#4121 = CARTESIAN_POINT ( 'NONE',  ( -2.274999999999999911, 8.673617379884035472E-15, -0.2250000000000008105 ) ) ;
#4122 = DIRECTION ( 'NONE',  ( -0.0000000000000000000, 1.000000000000000000, -0.0000000000000000000 ) ) ;
#4123 = EDGE_CURVE ( 'NONE', #2719, #3969, #586, .T. ) ;
#4124 = AXIS2_PLACEMENT_3D ( 'NONE', #536, #3796, #3894 ) ;
#4125 = ORIENTED_EDGE ( 'NONE', *, *, #4352, .T. ) ;
#4126 = CARTESIAN_POINT ( 'NONE',  ( -2.274999999999999911, 2.250000000000000000, -2.024999999999999911 ) ) ;
#4127 = CARTESIAN_POINT ( 'NONE',  ( -0.8249999999999999556, 1.850000000000000089, -1.698606797699999893 ) ) ;
#4128 = EDGE_CURVE ( 'NONE', #1720, #949, #1287, .T. ) ;
#4129 = DIRECTION ( 'NONE',  ( 1.000000000000000000, 0.0000000000000000000, -0.0000000000000000000 ) ) ;
#4130 = CARTESIAN_POINT ( 'NONE',  ( -2.274999999999999911, 1.999999999999997780, -2.075000000000008615 ) ) ;
#4131 = AXIS2_PLACEMENT_3D ( 'NONE', #3301, #3272, #4744 ) ;
#4132 = VECTOR ( 'NONE', #1444, 1000.000000000000000 ) ;
#4133 = ORIENTED_EDGE ( 'NONE', *, *, #766, .T. ) ;
#4134 = CARTESIAN_POINT ( 'NONE',  ( -0.8750000000000000000, 4.153701442700000079, -1.791922863399999954 ) ) ;
#4135 = LINE ( 'NONE', #1644, #874 ) ;
#4136 = ADVANCED_FACE ( 'NONE', ( #1587 ), #2031, .F. ) ;
#4137 = ORIENTED_EDGE ( 'NONE', *, *, #3914, .F. ) ;
#4138 = DIRECTION ( 'NONE',  ( 0.0000000000000000000, 0.0000000000000000000, -1.000000000000000000 ) ) ;
#4139 = DIRECTION ( 'NONE',  ( 0.0000000000000000000, 1.000000000000000000, 3.212450881438532635E-15 ) ) ;
#4140 = ORIENTED_EDGE ( 'NONE', *, *, #250, .F. ) ;
#4141 = EDGE_CURVE ( 'NONE', #4215, #2384, #2729, .T. ) ;
#4142 = EDGE_LOOP ( 'NONE', ( #2623, #3686, #3697, #3978 ) ) ;
#4143 = DIRECTION ( 'NONE',  ( 1.000000000000000000, 0.0000000000000000000, 0.0000000000000000000 ) ) ;
#4144 = CARTESIAN_POINT ( 'NONE',  ( 2.274999999999999911, 3.600000000000000977, -0.07499999999999998335 ) ) ;
#4145 = DIRECTION ( 'NONE',  ( 0.0000000000000000000, -1.000000000000000000, 0.0000000000000000000 ) ) ;
#4146 = ORIENTED_EDGE ( 'NONE', *, *, #370, .F. ) ;
#4147 = VECTOR ( 'NONE', #2693, 1000.000000000000000 ) ;
#4148 = ORIENTED_EDGE ( 'NONE', *, *, #3106, .F. ) ;
#4149 = DIRECTION ( 'NONE',  ( 0.0000000000000000000, 1.000000000000000000, 0.0000000000000000000 ) ) ;
#4150 = ORIENTED_EDGE ( 'NONE', *, *, #532, .T. ) ;
#4151 = CARTESIAN_POINT ( 'NONE',  ( 2.274999999999999911, 4.249999999999998224, -2.075000000000001510 ) ) ;
#4152 = EDGE_CURVE ( 'NONE', #3208, #1948, #3024, .T. ) ;
#4153 = EDGE_CURVE ( 'NONE', #653, #2217, #2614, .T. ) ;
#4154 = LINE ( 'NONE', #2538, #551 ) ;
#4155 = ORIENTED_EDGE ( 'NONE', *, *, #1936, .F. ) ;
#4156 = DIRECTION ( 'NONE',  ( 0.0000000000000000000, -1.000000000000000000, 0.0000000000000000000 ) ) ;
#4157 =( NAMED_UNIT ( * ) PLANE_ANGLE_UNIT ( ) SI_UNIT ( $, .RADIAN. ) );
#4158 = LINE ( 'NONE', #2816, #4557 ) ;
#4159 = ORIENTED_EDGE ( 'NONE', *, *, #4123, .F. ) ;
#4160 = CARTESIAN_POINT ( 'NONE',  ( 2.875000000000000000, 1.000000000000000000, -1.525000000000000133 ) ) ;
#4161 = VERTEX_POINT ( 'NONE', #3120 ) ;
#4162 = UNCERTAINTY_MEASURE_WITH_UNIT (LENGTH_MEASURE( 1.000000000000000082E-05 ), #2237, 'distance_accuracy_value', 'NONE');
#4163 = LINE ( 'NONE', #2288, #102 ) ;
#4164 = EDGE_CURVE ( 'NONE', #3420, #541, #644, .T. ) ;
#4165 = ORIENTED_EDGE ( 'NONE', *, *, #3297, .T. ) ;
#4166 = VECTOR ( 'NONE', #3307, 1000.000000000000000 ) ;
#4167 = PLANE ( 'NONE',  #2494 ) ;
#4168 = ORIENTED_EDGE ( 'NONE', *, *, #1401, .F. ) ;
#4169 = CARTESIAN_POINT ( 'NONE',  ( 1.375000000000000000, 3.149999999999999911, -2.024999999999999911 ) ) ;
#4170 = VERTEX_POINT ( 'NONE', #867 ) ;
#4171 = FACE_OUTER_BOUND ( 'NONE', #4142, .T. ) ;
#4172 = EDGE_CURVE ( 'NONE', #933, #4206, #3843, .T. ) ;
#4173 = CARTESIAN_POINT ( 'NONE',  ( -0.5250000000000000222, -0.6500000000000000222, -2.075000000000000178 ) ) ;
#4174 = EDGE_CURVE ( 'NONE', #1373, #55, #3490, .T. ) ;
#4175 = VECTOR ( 'NONE', #2934, 1000.000000000000000 ) ;
#4176 = VERTEX_POINT ( 'NONE', #2395 ) ;
#4177 = PLANE ( 'NONE',  #1010 ) ;
#4178 = DIRECTION ( 'NONE',  ( 1.000000000000000000, 0.0000000000000000000, 0.0000000000000000000 ) ) ;
#4179 = DIRECTION ( 'NONE',  ( -0.0000000000000000000, 1.000000000000000000, 0.0000000000000000000 ) ) ;
#4180 = ORIENTED_EDGE ( 'NONE', *, *, #556, .T. ) ;
#4181 = FACE_OUTER_BOUND ( 'NONE', #4086, .T. ) ;
#4182 = CARTESIAN_POINT ( 'NONE',  ( -2.875000000000000000, 0.0000000000000000000, 2.024999999999999911 ) ) ;
#4183 = ORIENTED_EDGE ( 'NONE', *, *, #3481, .T. ) ;
#4184 = ORIENTED_EDGE ( 'NONE', *, *, #441, .T. ) ;
#4185 = FACE_OUTER_BOUND ( 'NONE', #1202, .T. ) ;
#4186 = VECTOR ( 'NONE', #3152, 1000.000000000000000 ) ;
#4187 = CARTESIAN_POINT ( 'NONE',  ( -0.5250000000000000222, 0.0000000000000000000, -1.525000000000000133 ) ) ;
#4188 = CARTESIAN_POINT ( 'NONE',  ( 2.274999999999999911, 1.999999999999997780, -2.075000000000008615 ) ) ;
#4189 = LINE ( 'NONE', #3456, #3194 ) ;
#4190 = ORIENTED_EDGE ( 'NONE', *, *, #2208, .T. ) ;
#4191 = DIRECTION ( 'NONE',  ( 0.0000000000000000000, 0.0000000000000000000, 1.000000000000000000 ) ) ;
#4192 = EDGE_CURVE ( 'NONE', #2138, #1250, #1172, .T. ) ;
#4193 = EDGE_CURVE ( 'NONE', #2688, #3817, #1527, .T. ) ;
#4194 = CARTESIAN_POINT ( 'NONE',  ( -2.475000000000000089, 3.599999999999999201, -0.07500000000000128786 ) ) ;
#4195 = VECTOR ( 'NONE', #3107, 1000.000000000000114 ) ;
#4196 = ORIENTED_EDGE ( 'NONE', *, *, #2713, .T. ) ;
#4197 = VECTOR ( 'NONE', #2724, 1000.000000000000000 ) ;
#4198 = DIRECTION ( 'NONE',  ( 0.0000000000000000000, 4.003208021484939327E-15, -1.000000000000000000 ) ) ;
#4199 = CARTESIAN_POINT ( 'NONE',  ( 0.7249999999999998668, -0.6500000000000000222, -1.775000000000000133 ) ) ;
#4200 = LINE ( 'NONE', #227, #999 ) ;
#4201 = ORIENTED_EDGE ( 'NONE', *, *, #69, .T. ) ;
#4202 = ORIENTED_EDGE ( 'NONE', *, *, #2448, .F. ) ;
#4203 = EDGE_CURVE ( 'NONE', #4176, #3469, #1930, .T. ) ;
#4204 = DIRECTION ( 'NONE',  ( -1.000000000000000000, 0.0000000000000000000, 0.0000000000000000000 ) ) ;
#4205 = CARTESIAN_POINT ( 'NONE',  ( 0.7249999999999998668, 0.3499999999999999778, -2.075000000000000178 ) ) ;
#4206 = VERTEX_POINT ( 'NONE', #2046 ) ;
#4207 = EDGE_LOOP ( 'NONE', ( #3965, #3923, #2989, #2530 ) ) ;
#4208 = VECTOR ( 'NONE', #3552, 1000.000000000000000 ) ;
#4209 = CARTESIAN_POINT ( 'NONE',  ( -0.7249999999999999778, -0.6500000000000000222, -1.775000000000000133 ) ) ;
#4210 = ADVANCED_FACE ( 'NONE', ( #295 ), #1074, .T. ) ;
#4211 = ADVANCED_FACE ( 'NONE', ( #4584 ), #4698, .F. ) ;
#4212 = DIRECTION ( 'NONE',  ( 0.0000000000000000000, 0.0000000000000000000, 1.000000000000000000 ) ) ;
#4213 = ORIENTED_EDGE ( 'NONE', *, *, #4080, .F. ) ;
#4214 = AXIS2_PLACEMENT_3D ( 'NONE', #349, #2570, #3300 ) ;
#4215 = VERTEX_POINT ( 'NONE', #615 ) ;
#4216 = VECTOR ( 'NONE', #3648, 1000.000000000000000 ) ;
#4217 = ORIENTED_EDGE ( 'NONE', *, *, #2950, .T. ) ;
#4218 = CARTESIAN_POINT ( 'NONE',  ( -0.5250000000000000222, 1.850000000000000089, -1.025000000000000133 ) ) ;
#4219 = EDGE_CURVE ( 'NONE', #3860, #3973, #4304, .T. ) ;
#4220 = VECTOR ( 'NONE', #249, 1000.000000000000000 ) ;
#4221 = DIRECTION ( 'NONE',  ( 1.000000000000000000, 0.0000000000000000000, 0.0000000000000000000 ) ) ;
#4222 = CARTESIAN_POINT ( 'NONE',  ( -0.5250000000000000222, 1.850000000000000089, -1.025000000000000133 ) ) ;
#4223 = ORIENTED_EDGE ( 'NONE', *, *, #538, .F. ) ;
#4224 = DIRECTION ( 'NONE',  ( 1.000000000000000000, 0.0000000000000000000, 0.0000000000000000000 ) ) ;
#4225 = CARTESIAN_POINT ( 'NONE',  ( -0.3750000000000000000, 2.750000000000000000, -0.4749999999999999778 ) ) ;
#4226 = ORIENTED_EDGE ( 'NONE', *, *, #4192, .F. ) ;
#4227 = EDGE_CURVE ( 'NONE', #3839, #1250, #1522, .T. ) ;
#4228 = ORIENTED_EDGE ( 'NONE', *, *, #3232, .T. ) ;
#4229 = AXIS2_PLACEMENT_3D ( 'NONE', #3664, #2207, #1793 ) ;
#4230 = VECTOR ( 'NONE', #1608, 1000.000000000000000 ) ;
#4231 = DIRECTION ( 'NONE',  ( -0.0000000000000000000, 1.000000000000000000, -0.0000000000000000000 ) ) ;
#4232 = CARTESIAN_POINT ( 'NONE',  ( -2.024999999999999911, 4.250000000000000000, -2.024999999999999911 ) ) ;
#4233 = VERTEX_POINT ( 'NONE', #3930 ) ;
#4234 = DIRECTION ( 'NONE',  ( 0.0000000000000000000, 0.0000000000000000000, 1.000000000000000000 ) ) ;
#4235 = CARTESIAN_POINT ( 'NONE',  ( -1.875000000000000000, 2.550000000000000266, 2.024999999999999911 ) ) ;
#4236 = CARTESIAN_POINT ( 'NONE',  ( 2.475000000000000089, 1.999999999999997780, -2.024999999999999911 ) ) ;
#4237 = VERTEX_POINT ( 'NONE', #1707 ) ;
#4238 = CARTESIAN_POINT ( 'NONE',  ( -1.175000000000000044, 2.550000000000000266, -1.474999999999999867 ) ) ;
#4239 = EDGE_CURVE ( 'NONE', #2166, #4, #3310, .T. ) ;
#4240 = DIRECTION ( 'NONE',  ( -1.000000000000000000, 0.0000000000000000000, 0.0000000000000000000 ) ) ;
#4241 = CARTESIAN_POINT ( 'NONE',  ( 0.5250000000000000222, 1.850000000000000089, 2.024999999999999911 ) ) ;
#4242 = ORIENTED_EDGE ( 'NONE', *, *, #1630, .F. ) ;
#4243 = ADVANCED_FACE ( 'NONE', ( #1232 ), #2203, .F. ) ;
#4244 = VECTOR ( 'NONE', #3958, 1000.000000000000000 ) ;
#4245 = LINE ( 'NONE', #824, #3254 ) ;
#4246 = CARTESIAN_POINT ( 'NONE',  ( 0.7249999999999999778, 1.850000000000000089, 0.0000000000000000000 ) ) ;
#4247 = VECTOR ( 'NONE', #3800, 1000.000000000000000 ) ;
#4248 = ORIENTED_EDGE ( 'NONE', *, *, #4513, .F. ) ;
#4249 = CARTESIAN_POINT ( 'NONE',  ( -2.500000000000000000, 4.240000000000000213, -2.024999999999999911 ) ) ;
#4250 = ORIENTED_EDGE ( 'NONE', *, *, #3098, .T. ) ;
#4251 = VERTEX_POINT ( 'NONE', #963 ) ;
#4252 = LINE ( 'NONE', #2296, #2450 ) ;
#4253 = CARTESIAN_POINT ( 'NONE',  ( -0.7249999999999999778, 1.000000000000000000, 0.0000000000000000000 ) ) ;
#4254 = CARTESIAN_POINT ( 'NONE',  ( -0.5250000000000000222, 0.5000000000000000000, 0.0000000000000000000 ) ) ;
#4255 = ORIENTED_EDGE ( 'NONE', *, *, #3962, .T. ) ;
#4256 = DIRECTION ( 'NONE',  ( 0.0000000000000000000, -1.000000000000000000, 0.0000000000000000000 ) ) ;
#4257 = EDGE_CURVE ( 'NONE', #3483, #4237, #4074, .T. ) ;
#4258 = LINE ( 'NONE', #426, #775 ) ;
#4259 = EDGE_CURVE ( 'NONE', #2851, #1254, #233, .T. ) ;
#4260 = ORIENTED_EDGE ( 'NONE', *, *, #4203, .T. ) ;
#4261 = VERTEX_POINT ( 'NONE', #631 ) ;
#4262 = CARTESIAN_POINT ( 'NONE',  ( -0.5150000000000000133, 1.850000000000000089, -1.025000000000000133 ) ) ;
#4263 = CARTESIAN_POINT ( 'NONE',  ( 2.274999999999999911, 3.600000000000000977, -1.425000000000000044 ) ) ;
#4264 = EDGE_CURVE ( 'NONE', #549, #2812, #1104, .T. ) ;
#4265 = ORIENTED_EDGE ( 'NONE', *, *, #3198, .F. ) ;
#4266 = DIRECTION ( 'NONE',  ( 0.0000000000000000000, 2.148487149506091871E-16, 1.000000000000000000 ) ) ;
#4267 = PLANE ( 'NONE',  #1889 ) ;
#4268 = EDGE_CURVE ( 'NONE', #3337, #4311, #3606, .T. ) ;
#4269 = ORIENTED_EDGE ( 'NONE', *, *, #3539, .T. ) ;
#4270 = ORIENTED_EDGE ( 'NONE', *, *, #3061, .T. ) ;
#4271 = DIRECTION ( 'NONE',  ( -1.000000000000000000, 0.0000000000000000000, 0.0000000000000000000 ) ) ;
#4272 = DIRECTION ( 'NONE',  ( -0.0000000000000000000, 1.000000000000000000, 0.0000000000000000000 ) ) ;
#4273 = ORIENTED_EDGE ( 'NONE', *, *, #1212, .F. ) ;
#4274 = ORIENTED_EDGE ( 'NONE', *, *, #3550, .T. ) ;
#4275 = VECTOR ( 'NONE', #2544, 1000.000000000000000 ) ;
#4276 = EDGE_LOOP ( 'NONE', ( #268, #2032, #4273, #2997, #2944, #4725, #2491, #1004, #345, #3669, #2263, #154, #777, #147, #3922, #475 ) ) ;
#4277 = DIRECTION ( 'NONE',  ( 0.0000000000000000000, -1.000000000000000000, -3.252606517456512513E-15 ) ) ;
#4278 = CARTESIAN_POINT ( 'NONE',  ( -2.274999999999999911, 0.6000000000000024203, 1.375000000000002442 ) ) ;
#4279 = ORIENTED_EDGE ( 'NONE', *, *, #2684, .F. ) ;
#4280 = AXIS2_PLACEMENT_3D ( 'NONE', #969, #3902, #1699 ) ;
#4281 = CARTESIAN_POINT ( 'NONE',  ( -2.875000000000000000, 0.0000000000000000000, 0.0000000000000000000 ) ) ;
#4282 = CARTESIAN_POINT ( 'NONE',  ( 0.7249999999999999778, 1.350000000000000089, 0.0000000000000000000 ) ) ;
#4283 = EDGE_CURVE ( 'NONE', #1313, #1493, #3247, .T. ) ;
#4284 = ORIENTED_EDGE ( 'NONE', *, *, #3582, .F. ) ;
#4285 = VECTOR ( 'NONE', #2870, 1000.000000000000000 ) ;
#4286 = ADVANCED_FACE ( 'NONE', ( #3960 ), #2843, .T. ) ;
#4287 = CARTESIAN_POINT ( 'NONE',  ( 0.7249999999999999778, 0.5000000000000000000, 2.024999999999999911 ) ) ;
#4288 = CARTESIAN_POINT ( 'NONE',  ( 2.475000000000000089, 1.999999999999997780, -2.024999999999999911 ) ) ;
#4289 = EDGE_LOOP ( 'NONE', ( #3569, #60, #3159, #4718 ) ) ;
#4290 = VECTOR ( 'NONE', #3243, 1000.000000000000000 ) ;
#4291 = EDGE_CURVE ( 'NONE', #3795, #3466, #1803, .T. ) ;
#4292 = CARTESIAN_POINT ( 'NONE',  ( -0.5250000000000000222, 1.350000000000000089, -1.525000000000000133 ) ) ;
#4293 = ORIENTED_EDGE ( 'NONE', *, *, #200, .F. ) ;
#4294 = DIRECTION ( 'NONE',  ( -1.000000000000000000, 0.0000000000000000000, 0.0000000000000000000 ) ) ;
#4295 = PRESENTATION_STYLE_ASSIGNMENT (( #3047 ) ) ;
#4296 = CARTESIAN_POINT ( 'NONE',  ( 2.274999999999999911, 4.240000000000000213, -1.925000000000000711 ) ) ;
#4297 = DIRECTION ( 'NONE',  ( 0.0000000000000000000, -1.000000000000000000, 0.0000000000000000000 ) ) ;
#4298 = LINE ( 'NONE', #56, #863 ) ;
#4299 = ORIENTED_EDGE ( 'NONE', *, *, #3376, .F. ) ;
#4300 = DIRECTION ( 'NONE',  ( 1.000000000000000000, 0.0000000000000000000, 0.0000000000000000000 ) ) ;
#4301 = LINE ( 'NONE', #3746, #3784 ) ;
#4302 = FACE_OUTER_BOUND ( 'NONE', #3883, .T. ) ;
#4303 = AXIS2_PLACEMENT_3D ( 'NONE', #3030, #463, #2996 ) ;
#4304 = LINE ( 'NONE', #2462, #1280 ) ;
#4305 = FACE_OUTER_BOUND ( 'NONE', #3944, .T. ) ;
#4306 = EDGE_CURVE ( 'NONE', #2931, #492, #170, .T. ) ;
#4307 = ORIENTED_EDGE ( 'NONE', *, *, #3361, .T. ) ;
#4308 = PLANE ( 'NONE',  #1005 ) ;
#4309 = CARTESIAN_POINT ( 'NONE',  ( -2.274999999999999911, 0.0000000000000000000, 0.0000000000000000000 ) ) ;
#4310 = VECTOR ( 'NONE', #3495, 1000.000000000000000 ) ;
#4311 = VERTEX_POINT ( 'NONE', #2923 ) ;
#4312 = LINE ( 'NONE', #2632, #1821 ) ;
#4313 = DIRECTION ( 'NONE',  ( 0.0000000000000000000, -1.000000000000000000, 0.0000000000000000000 ) ) ;
#4314 = CARTESIAN_POINT ( 'NONE',  ( -2.500000000000000000, 4.240000000000000213, 2.024999999999999911 ) ) ;
#4315 = VECTOR ( 'NONE', #3809, 1000.000000000000000 ) ;
#4316 = ORIENTED_EDGE ( 'NONE', *, *, #3933, .F. ) ;
#4317 = PLANE ( 'NONE',  #470 ) ;
#4318 = FACE_OUTER_BOUND ( 'NONE', #632, .T. ) ;
#4319 = CARTESIAN_POINT ( 'NONE',  ( -0.4249999999999999889, 1.850000000000000089, 2.024999999999999911 ) ) ;
#4320 = EDGE_LOOP ( 'NONE', ( #2507, #2516, #1815, #2646 ) ) ;
#4321 = ORIENTED_EDGE ( 'NONE', *, *, #2234, .F. ) ;
#4322 = EDGE_CURVE ( 'NONE', #1872, #1434, #344, .T. ) ;
#4323 = LINE ( 'NONE', #1328, #1066 ) ;
#4324 = ORIENTED_EDGE ( 'NONE', *, *, #1122, .T. ) ;
#4325 = CARTESIAN_POINT ( 'NONE',  ( 0.8750000000000000000, 4.153701442700000079, -1.791922863399999954 ) ) ;
#4326 = VERTEX_POINT ( 'NONE', #335 ) ;
#4327 = LINE ( 'NONE', #554, #4437 ) ;
#4328 = DIRECTION ( 'NONE',  ( -1.000000000000000000, 0.0000000000000000000, 0.0000000000000000000 ) ) ;
#4329 = ORIENTED_EDGE ( 'NONE', *, *, #4519, .T. ) ;
#4330 = LINE ( 'NONE', #664, #105 ) ;
#4331 = EDGE_LOOP ( 'NONE', ( #2831, #1136, #4103, #4448 ) ) ;
#4332 = VERTEX_POINT ( 'NONE', #1860 ) ;
#4333 = CARTESIAN_POINT ( 'NONE',  ( -1.175000000000000044, 1.850000000000000089, 2.024999999999999911 ) ) ;
#4334 = ORIENTED_EDGE ( 'NONE', *, *, #3376, .T. ) ;
#4335 = AXIS2_PLACEMENT_3D ( 'NONE', #1915, #4509, #4555 ) ;
#4336 = ORIENTED_EDGE ( 'NONE', *, *, #2107, .T. ) ;
#4337 = LINE ( 'NONE', #4592, #3351 ) ;
#4338 = FACE_OUTER_BOUND ( 'NONE', #2873, .T. ) ;
#4339 = AXIS2_PLACEMENT_3D ( 'NONE', #1538, #4495, #3734 ) ;
#4340 = ORIENTED_EDGE ( 'NONE', *, *, #337, .F. ) ;
#4341 = FILL_AREA_STYLE_COLOUR ( '', #3667 ) ;
#4342 = EDGE_CURVE ( 'NONE', #549, #2656, #3891, .T. ) ;
#4343 = CARTESIAN_POINT ( 'NONE',  ( 0.5249999999999999112, 0.3499999999999999778, -2.075000000000000178 ) ) ;
#4344 = DIRECTION ( 'NONE',  ( -1.000000000000000000, 0.0000000000000000000, 0.0000000000000000000 ) ) ;
#4345 = CARTESIAN_POINT ( 'NONE',  ( -1.175000000000000044, 1.850000000000000089, -1.474999999999999867 ) ) ;
#4346 = ADVANCED_FACE ( 'NONE', ( #2432 ), #779, .T. ) ;
#4347 = EDGE_CURVE ( 'NONE', #442, #714, #70, .T. ) ;
#4348 = EDGE_CURVE ( 'NONE', #1355, #4261, #1917, .T. ) ;
#4349 = FACE_OUTER_BOUND ( 'NONE', #2124, .T. ) ;
#4350 = VECTOR ( 'NONE', #3502, 1000.000000000000000 ) ;
#4351 = ADVANCED_FACE ( 'NONE', ( #1686 ), #4654, .F. ) ;
#4352 = EDGE_CURVE ( 'NONE', #4176, #2535, #1222, .T. ) ;
#4353 = ORIENTED_EDGE ( 'NONE', *, *, #3754, .F. ) ;
#4354 = DIRECTION ( 'NONE',  ( 0.0000000000000000000, 0.0000000000000000000, -1.000000000000000000 ) ) ;
#4355 = LINE ( 'NONE', #4559, #4247 ) ;
#4356 = CARTESIAN_POINT ( 'NONE',  ( -0.4249999999999999889, 1.649999999999999911, -1.474999999999999867 ) ) ;
#4357 = DIRECTION ( 'NONE',  ( 0.0000000000000000000, 1.000000000000000000, 2.552445434498790050E-15 ) ) ;
#4358 = CARTESIAN_POINT ( 'NONE',  ( -0.7249999999999999778, 0.5547525681000000652, 2.024999999999999911 ) ) ;
#4359 = ORIENTED_EDGE ( 'NONE', *, *, #4771, .T. ) ;
#4360 = DIRECTION ( 'NONE',  ( 1.000000000000000000, 0.0000000000000000000, 0.0000000000000000000 ) ) ;
#4361 = EDGE_LOOP ( 'NONE', ( #2756, #2422, #1671, #1059, #956, #1884, #3623, #2216, #4613, #3733, #18, #1553, #3702, #2714 ) ) ;
#4362 = EDGE_CURVE ( 'NONE', #4569, #701, #124, .T. ) ;
#4363 = VECTOR ( 'NONE', #1245, 1000.000000000000000 ) ;
#4364 = ORIENTED_EDGE ( 'NONE', *, *, #2956, .F. ) ;
#4365 = AXIS2_PLACEMENT_3D ( 'NONE', #3396, #48, #2654 ) ;
#4366 = LINE ( 'NONE', #4031, #2394 ) ;
#4367 = CARTESIAN_POINT ( 'NONE',  ( -0.7349999999999999867, 1.850000000000000089, -1.025000000000000133 ) ) ;
#4368 = VECTOR ( 'NONE', #3244, 1000.000000000000000 ) ;
#4369 = ADVANCED_FACE ( 'NONE', ( #812 ), #155, .T. ) ;
#4370 = ORIENTED_EDGE ( 'NONE', *, *, #3164, .F. ) ;
#4371 = DIRECTION ( 'NONE',  ( 0.0000000000000000000, 1.000000000000000000, 0.0000000000000000000 ) ) ;
#4372 = VERTEX_POINT ( 'NONE', #2067 ) ;
#4373 = ADVANCED_FACE ( 'NONE', ( #440 ), #2053, .T. ) ;
#4374 = CARTESIAN_POINT ( 'NONE',  ( -0.7249999999999999778, -0.6500000000000000222, -2.075000000000000178 ) ) ;
#4375 = CARTESIAN_POINT ( 'NONE',  ( -2.875000000000000000, 4.250000000000000000, -0.07499999999999998335 ) ) ;
#4376 = PLANE ( 'NONE',  #1178 ) ;
#4377 = DIRECTION ( 'NONE',  ( -0.0000000000000000000, -2.148487149506095815E-16, -1.000000000000000000 ) ) ;
#4378 = ORIENTED_EDGE ( 'NONE', *, *, #3098, .F. ) ;
#4379 = EDGE_CURVE ( 'NONE', #905, #3759, #366, .T. ) ;
#4380 = ORIENTED_EDGE ( 'NONE', *, *, #4612, .T. ) ;
#4381 = ORIENTED_EDGE ( 'NONE', *, *, #506, .T. ) ;
#4382 = PLANE ( 'NONE',  #2406 ) ;
#4383 = ORIENTED_EDGE ( 'NONE', *, *, #2575, .F. ) ;
#4384 = FACE_OUTER_BOUND ( 'NONE', #1596, .T. ) ;
#4385 = EDGE_LOOP ( 'NONE', ( #2606, #1836, #3777, #2407 ) ) ;
#4386 = DIRECTION ( 'NONE',  ( 1.000000000000000000, 0.0000000000000000000, 0.0000000000000000000 ) ) ;
#4387 = VERTEX_POINT ( 'NONE', #2385 ) ;
#4388 = LINE ( 'NONE', #1196, #800 ) ;
#4389 = VERTEX_POINT ( 'NONE', #1681 ) ;
#4390 = CARTESIAN_POINT ( 'NONE',  ( -0.4249999999999999889, 1.649999999999999911, -1.474999999999999867 ) ) ;
#4391 = PLANE ( 'NONE',  #97 ) ;
#4392 = DIRECTION ( 'NONE',  ( 0.0000000000000000000, 4.336808689942024836E-15, -1.000000000000000000 ) ) ;
#4393 = CARTESIAN_POINT ( 'NONE',  ( 2.875000000000000000, 3.600000000000000977, -0.07499999999999998335 ) ) ;
#4394 = LINE ( 'NONE', #399, #1326 ) ;
#4395 = ADVANCED_FACE ( 'NONE', ( #3436 ), #3512, .F. ) ;
#4396 = ORIENTED_EDGE ( 'NONE', *, *, #3363, .T. ) ;
#4397 = EDGE_CURVE ( 'NONE', #1789, #2653, #2270, .T. ) ;
#4398 = DIRECTION ( 'NONE',  ( 0.0000000000000000000, 1.084202172485501673E-15, 1.000000000000000000 ) ) ;
#4399 = ORIENTED_EDGE ( 'NONE', *, *, #1162, .T. ) ;
#4400 = DIRECTION ( 'NONE',  ( 0.0000000000000000000, 0.0000000000000000000, 1.000000000000000000 ) ) ;
#4401 = DIRECTION ( 'NONE',  ( 0.0000000000000000000, 0.6650335612228979176, -0.7468134723257140450 ) ) ;
#4402 = VERTEX_POINT ( 'NONE', #3146 ) ;
#4403 = CARTESIAN_POINT ( 'NONE',  ( -2.274999999999999911, 4.250000000000000000, -0.07499999999999998335 ) ) ;
#4404 = LINE ( 'NONE', #1744, #293 ) ;
#4405 = VECTOR ( 'NONE', #4204, 1000.000000000000000 ) ;
#4406 = VECTOR ( 'NONE', #4452, 1000.000000000000000 ) ;
#4407 = PLANE ( 'NONE',  #2998 ) ;
#4408 = CARTESIAN_POINT ( 'NONE',  ( 0.7249999999999999778, 1.795247431900000024, 2.024999999999999911 ) ) ;
#4409 = LINE ( 'NONE', #797, #3085 ) ;
#4410 = VECTOR ( 'NONE', #3179, 1000.000000000000000 ) ;
#4411 = EDGE_CURVE ( 'NONE', #367, #1306, #361, .T. ) ;
#4412 = ORIENTED_EDGE ( 'NONE', *, *, #250, .T. ) ;
#4413 = ADVANCED_FACE ( 'NONE', ( #3441 ), #911, .F. ) ;
#4414 = CARTESIAN_POINT ( 'NONE',  ( 0.5250000000000000222, 0.0000000000000000000, 2.024999999999999911 ) ) ;
#4415 = DIRECTION ( 'NONE',  ( 0.0000000000000000000, 1.000000000000000000, 0.0000000000000000000 ) ) ;
#4416 = PLANE ( 'NONE',  #4550 ) ;
#4417 = DIRECTION ( 'NONE',  ( -1.000000000000000000, -0.0000000000000000000, -0.0000000000000000000 ) ) ;
#4418 = ORIENTED_EDGE ( 'NONE', *, *, #2271, .T. ) ;
#4419 = AXIS2_PLACEMENT_3D ( 'NONE', #4727, #3239, #2939 ) ;
#4420 = DIRECTION ( 'NONE',  ( -0.0000000000000000000, 0.7468134723257140450, 0.6650335612228979176 ) ) ;
#4421 = DIRECTION ( 'NONE',  ( -0.0000000000000000000, 1.000000000000000000, -0.0000000000000000000 ) ) ;
#4422 = CARTESIAN_POINT ( 'NONE',  ( -2.875000000000000000, 4.250000000000000000, 2.024999999999999911 ) ) ;
#4423 = LINE ( 'NONE', #822, #4717 ) ;
#4424 = VERTEX_POINT ( 'NONE', #3127 ) ;
#4425 = LINE ( 'NONE', #3753, #4544 ) ;
#4426 = EDGE_CURVE ( 'NONE', #3280, #847, #2839, .T. ) ;
#4427 = ORIENTED_EDGE ( 'NONE', *, *, #1555, .T. ) ;
#4428 = DIRECTION ( 'NONE',  ( 1.000000000000000000, 0.0000000000000000000, -0.0000000000000000000 ) ) ;
#4429 = ORIENTED_EDGE ( 'NONE', *, *, #929, .T. ) ;
#4430 = LINE ( 'NONE', #431, #379 ) ;
#4431 = EDGE_CURVE ( 'NONE', #834, #1177, #1756, .T. ) ;
#4432 = ORIENTED_EDGE ( 'NONE', *, *, #3198, .T. ) ;
#4433 = DIRECTION ( 'NONE',  ( 0.0000000000000000000, 1.000000000000000000, 0.0000000000000000000 ) ) ;
#4434 = DIRECTION ( 'NONE',  ( 0.0000000000000000000, 0.0000000000000000000, 1.000000000000000000 ) ) ;
#4435 = DIRECTION ( 'NONE',  ( -1.000000000000000000, 0.0000000000000000000, 0.0000000000000000000 ) ) ;
#4436 = VERTEX_POINT ( 'NONE', #3919 ) ;
#4437 = VECTOR ( 'NONE', #2704, 1000.000000000000000 ) ;
#4438 = VERTEX_POINT ( 'NONE', #2420 ) ;
#4439 = CARTESIAN_POINT ( 'NONE',  ( -2.500000000000000000, 4.240000000000000213, 2.024999999999999911 ) ) ;
#4440 = PLANE ( 'NONE',  #699 ) ;
#4441 = LINE ( 'NONE', #1003, #3408 ) ;
#4442 = DIRECTION ( 'NONE',  ( 0.0000000000000000000, 0.0000000000000000000, 1.000000000000000000 ) ) ;
#4443 = EDGE_CURVE ( 'NONE', #2688, #3744, #2042, .T. ) ;
#4444 = VERTEX_POINT ( 'NONE', #559 ) ;
#4445 = LINE ( 'NONE', #3888, #3228 ) ;
#4446 = PLANE ( 'NONE',  #2249 ) ;
#4447 = ORIENTED_EDGE ( 'NONE', *, *, #4604, .T. ) ;
#4448 = ORIENTED_EDGE ( 'NONE', *, *, #409, .F. ) ;
#4449 = FACE_OUTER_BOUND ( 'NONE', #3921, .T. ) ;
#4450 = CARTESIAN_POINT ( 'NONE',  ( 0.0000000000000000000, 0.0000000000000000000, -1.474999999999999867 ) ) ;
#4451 = CARTESIAN_POINT ( 'NONE',  ( -0.7249999999999999778, 0.3499999999999999778, -2.075000000000000178 ) ) ;
#4452 = DIRECTION ( 'NONE',  ( -1.000000000000000000, 0.0000000000000000000, 0.0000000000000000000 ) ) ;
#4453 = AXIS2_PLACEMENT_3D ( 'NONE', #1201, #2372, #1670 ) ;
#4454 = DIRECTION ( 'NONE',  ( 0.0000000000000000000, 0.0000000000000000000, -1.000000000000000000 ) ) ;
#4455 = EDGE_CURVE ( 'NONE', #1528, #1789, #1050, .T. ) ;
#4456 = ORIENTED_EDGE ( 'NONE', *, *, #1226, .T. ) ;
#4457 = DIRECTION ( 'NONE',  ( 0.0000000000000000000, -1.000000000000000000, 0.0000000000000000000 ) ) ;
#4458 = DIRECTION ( 'NONE',  ( 0.0000000000000000000, 1.000000000000000000, -2.148487149506095815E-16 ) ) ;
#4459 = DIRECTION ( 'NONE',  ( 1.000000000000000000, 0.0000000000000000000, 0.0000000000000000000 ) ) ;
#4460 = DIRECTION ( 'NONE',  ( 0.0000000000000000000, 0.0000000000000000000, 1.000000000000000000 ) ) ;
#4461 = DIRECTION ( 'NONE',  ( 0.0000000000000000000, -3.854941057726236322E-15, 1.000000000000000000 ) ) ;
#4462 = STYLED_ITEM ( 'NONE', ( #2813 ), #2779 ) ;
#4463 = ORIENTED_EDGE ( 'NONE', *, *, #1176, .F. ) ;
#4464 = VECTOR ( 'NONE', #638, 1000.000000000000000 ) ;
#4465 = DIRECTION ( 'NONE',  ( -0.0000000000000000000, 1.000000000000000000, 4.003208021484939327E-15 ) ) ;
#4466 = ORIENTED_EDGE ( 'NONE', *, *, #766, .F. ) ;
#4467 = ADVANCED_FACE ( 'NONE', ( #4546 ), #1416, .F. ) ;
#4468 = PLANE ( 'NONE',  #4614 ) ;
#4469 = DIRECTION ( 'NONE',  ( 0.0000000000000000000, 0.0000000000000000000, -1.000000000000000000 ) ) ;
#4470 = CARTESIAN_POINT ( 'NONE',  ( -1.175000000000000044, 1.850000000000000089, 2.024999999999999911 ) ) ;
#4471 = LINE ( 'NONE', #1130, #3311 ) ;
#4472 = EDGE_CURVE ( 'NONE', #510, #918, #4070, .T. ) ;
#4473 = ADVANCED_FACE ( 'NONE', ( #4302 ), #4671, .F. ) ;
#4474 = LINE ( 'NONE', #4539, #3489 ) ;
#4475 = DIRECTION ( 'NONE',  ( 1.000000000000000000, 0.0000000000000000000, 0.0000000000000000000 ) ) ;
#4476 = LINE ( 'NONE', #80, #4405 ) ;
#4477 = LINE ( 'NONE', #982, #2900 ) ;
#4478 = CARTESIAN_POINT ( 'NONE',  ( 0.7249999999999998668, 0.05000000000000002359, -1.775000000000000133 ) ) ;
#4479 = VECTOR ( 'NONE', #2236, 1000.000000000000000 ) ;
#4480 = ORIENTED_EDGE ( 'NONE', *, *, #2441, .F. ) ;
#4481 = ORIENTED_EDGE ( 'NONE', *, *, #1378, .F. ) ;
#4482 = CARTESIAN_POINT ( 'NONE',  ( -2.875000000000000000, 8.673617379884035472E-15, -0.2250000000000008105 ) ) ;
#4483 = EDGE_CURVE ( 'NONE', #4387, #1919, #3253, .T. ) ;
#4484 = LINE ( 'NONE', #1319, #1999 ) ;
#4485 = CARTESIAN_POINT ( 'NONE',  ( -2.274999999999999911, 4.249999999999998224, -2.075000000000001510 ) ) ;
#4486 = ORIENTED_EDGE ( 'NONE', *, *, #1024, .F. ) ;
#4487 = EDGE_LOOP ( 'NONE', ( #825, #2748, #2584, #2626 ) ) ;
#4488 = DIRECTION ( 'NONE',  ( 0.0000000000000000000, 0.0000000000000000000, -1.000000000000000000 ) ) ;
#4489 = DIRECTION ( 'NONE',  ( -0.0000000000000000000, 1.000000000000000000, 0.0000000000000000000 ) ) ;
#4490 = PLANE ( 'NONE',  #2437 ) ;
#4491 = LINE ( 'NONE', #2261, #3859 ) ;
#4492 = VERTEX_POINT ( 'NONE', #259 ) ;
#4493 = STYLED_ITEM ( 'NONE', ( #3346 ), #2374 ) ;
#4494 = ORIENTED_EDGE ( 'NONE', *, *, #2489, .T. ) ;
#4495 = DIRECTION ( 'NONE',  ( 0.0000000000000000000, 2.552445434498790050E-15, -1.000000000000000000 ) ) ;
#4496 = DIRECTION ( 'NONE',  ( 1.000000000000000000, 0.0000000000000000000, 0.0000000000000000000 ) ) ;
#4497 = VECTOR ( 'NONE', #2481, 1000.000000000000000 ) ;
#4498 = DIRECTION ( 'NONE',  ( 0.0000000000000000000, 0.0000000000000000000, -1.000000000000000000 ) ) ;
#4499 = ORIENTED_EDGE ( 'NONE', *, *, #2265, .T. ) ;
#4500 = ORIENTED_EDGE ( 'NONE', *, *, #1685, .T. ) ;
#4501 = LINE ( 'NONE', #1381, #4208 ) ;
#4502 = CARTESIAN_POINT ( 'NONE',  ( 2.274999999999999911, 0.0000000000000000000, 2.024999999999999911 ) ) ;
#4503 = DIRECTION ( 'NONE',  ( -1.000000000000000000, 0.0000000000000000000, -0.0000000000000000000 ) ) ;
#4504 = VERTEX_POINT ( 'NONE', #2849 ) ;
#4505 = ORIENTED_EDGE ( 'NONE', *, *, #253, .T. ) ;
#4506 = CARTESIAN_POINT ( 'NONE',  ( 2.875000000000000000, 1.000000000000000000, -1.525000000000000133 ) ) ;
#4507 = FILL_AREA_STYLE_COLOUR ( '', #2487 ) ;
#4508 = ORIENTED_EDGE ( 'NONE', *, *, #2117, .T. ) ;
#4509 = DIRECTION ( 'NONE',  ( 0.0000000000000000000, -1.000000000000000000, 0.0000000000000000000 ) ) ;
#4510 = VECTOR ( 'NONE', #4360, 1000.000000000000000 ) ;
#4511 = EDGE_CURVE ( 'NONE', #3961, #1684, #350, .T. ) ;
#4512 = VERTEX_POINT ( 'NONE', #2135 ) ;
#4513 = EDGE_CURVE ( 'NONE', #4118, #561, #3132, .T. ) ;
#4514 = CARTESIAN_POINT ( 'NONE',  ( -1.175000000000000044, 1.850000000000000089, -1.474999999999999867 ) ) ;
#4515 = VERTEX_POINT ( 'NONE', #2121 ) ;
#4516 = CARTESIAN_POINT ( 'NONE',  ( 2.875000000000000000, 1.000000000000000000, -1.525000000000000133 ) ) ;
#4517 = VECTOR ( 'NONE', #2690, 1000.000000000000000 ) ;
#4518 = DIRECTION ( 'NONE',  ( 0.0000000000000000000, 2.997602166487923448E-15, -1.000000000000000000 ) ) ;
#4519 = EDGE_CURVE ( 'NONE', #202, #359, #4404, .T. ) ;
#4520 = ORIENTED_EDGE ( 'NONE', *, *, #3297, .F. ) ;
#4521 = CARTESIAN_POINT ( 'NONE',  ( -2.274999999999999911, 2.224999999999998757, -2.025000000000007905 ) ) ;
#4522 = CARTESIAN_POINT ( 'NONE',  ( 2.274999999999999911, 3.600000000000000977, -0.07499999999999998335 ) ) ;
#4523 = VECTOR ( 'NONE', #4518, 1000.000000000000000 ) ;
#4524 = ADVANCED_FACE ( 'NONE', ( #1402 ), #2451, .T. ) ;
#4525 = DIRECTION ( 'NONE',  ( -0.0000000000000000000, 1.000000000000000000, 0.0000000000000000000 ) ) ;
#4526 = AXIS2_PLACEMENT_3D ( 'NONE', #3770, #4179, #3003 ) ;
#4527 = VERTEX_POINT ( 'NONE', #4358 ) ;
#4528 = CARTESIAN_POINT ( 'NONE',  ( 0.0000000000000000000, 4.240000000000000213, 0.0000000000000000000 ) ) ;
#4529 = FILL_AREA_STYLE ('',( #1902 ) ) ;
#4530 = PLANE ( 'NONE',  #2192 ) ;
#4531 = ORIENTED_EDGE ( 'NONE', *, *, #2692, .T. ) ;
#4532 = CARTESIAN_POINT ( 'NONE',  ( 0.7249999999999999778, 1.850000000000000089, 0.0000000000000000000 ) ) ;
#4533 = FACE_OUTER_BOUND ( 'NONE', #2191, .T. ) ;
#4534 = AXIS2_PLACEMENT_3D ( 'NONE', #2152, #4781, #1048 ) ;
#4535 = EDGE_CURVE ( 'NONE', #2347, #96, #132, .T. ) ;
#4536 = CARTESIAN_POINT ( 'NONE',  ( -2.475000000000000089, 4.249999999999998224, -2.075000000000001510 ) ) ;
#4537 = LINE ( 'NONE', #4583, #534 ) ;
#4538 = CARTESIAN_POINT ( 'NONE',  ( 0.5249999999999999112, 0.05000000000000002359, -1.775000000000000133 ) ) ;
#4539 = CARTESIAN_POINT ( 'NONE',  ( -1.875000000000000000, 1.850000000000000089, 2.024999999999999911 ) ) ;
#4540 = ORIENTED_EDGE ( 'NONE', *, *, #1600, .T. ) ;
#4541 = VECTOR ( 'NONE', #2818, 1000.000000000000000 ) ;
#4542 = CARTESIAN_POINT ( 'NONE',  ( -0.4249999999999999889, 1.850000000000000089, -1.474999999999999867 ) ) ;
#4543 = ORIENTED_EDGE ( 'NONE', *, *, #1036, .T. ) ;
#4544 = VECTOR ( 'NONE', #4498, 1000.000000000000000 ) ;
#4545 = VECTOR ( 'NONE', #846, 1000.000000000000114 ) ;
#4546 = FACE_OUTER_BOUND ( 'NONE', #2925, .T. ) ;
#4547 = VERTEX_POINT ( 'NONE', #2492 ) ;
#4548 = CARTESIAN_POINT ( 'NONE',  ( 2.475000000000000089, 1.999999999999997780, -2.075000000000008615 ) ) ;
#4549 = DIRECTION ( 'NONE',  ( 0.0000000000000000000, 2.148487149506091871E-16, 1.000000000000000000 ) ) ;
#4550 = AXIS2_PLACEMENT_3D ( 'NONE', #3316, #704, #2247 ) ;
#4551 = DIRECTION ( 'NONE',  ( 0.0000000000000000000, 1.000000000000000000, 0.0000000000000000000 ) ) ;
#4552 = LINE ( 'NONE', #1165, #2861 ) ;
#4553 = ORIENTED_EDGE ( 'NONE', *, *, #1138, .F. ) ;
#4554 = CARTESIAN_POINT ( 'NONE',  ( 1.875000000000000000, 3.750000000000000000, 0.02500000000000000139 ) ) ;
#4555 = DIRECTION ( 'NONE',  ( 0.0000000000000000000, -0.0000000000000000000, -1.000000000000000000 ) ) ;
#4556 = EDGE_CURVE ( 'NONE', #1787, #1271, #2665, .T. ) ;
#4557 = VECTOR ( 'NONE', #3915, 1000.000000000000000 ) ;
#4558 = ORIENTED_EDGE ( 'NONE', *, *, #1640, .F. ) ;
#4559 = CARTESIAN_POINT ( 'NONE',  ( 2.500000000000000000, 4.240000000000000213, 2.024999999999999911 ) ) ;
#4560 = ORIENTED_EDGE ( 'NONE', *, *, #3363, .F. ) ;
#4561 = ORIENTED_EDGE ( 'NONE', *, *, #2991, .T. ) ;
#4562 = LINE ( 'NONE', #401, #618 ) ;
#4563 = AXIS2_PLACEMENT_3D ( 'NONE', #3834, #4111, #1988 ) ;
#4564 = DIRECTION ( 'NONE',  ( 0.0000000000000000000, -1.000000000000000000, 0.0000000000000000000 ) ) ;
#4565 = EDGE_LOOP ( 'NONE', ( #1253, #4380, #4081, #237, #665, #3523 ) ) ;
#4566 = LINE ( 'NONE', #608, #2020 ) ;
#4567 = ORIENTED_EDGE ( 'NONE', *, *, #2581, .F. ) ;
#4568 = CARTESIAN_POINT ( 'NONE',  ( 2.875000000000000000, 3.600000000000000977, -1.425000000000000044 ) ) ;
#4569 = VERTEX_POINT ( 'NONE', #1759 ) ;
#4570 = EDGE_CURVE ( 'NONE', #541, #2027, #4759, .T. ) ;
#4571 = VECTOR ( 'NONE', #1588, 1000.000000000000000 ) ;
#4572 = CARTESIAN_POINT ( 'NONE',  ( -1.375000000000000000, 3.750000000000000000, -2.024999999999999911 ) ) ;
#4573 = CARTESIAN_POINT ( 'NONE',  ( -2.274999999999999911, 1.999999999999998668, -1.425000000000000933 ) ) ;
#4574 = PRODUCT_CONTEXT ( 'NONE', #2607, 'mechanical' ) ;
#4575 = EDGE_LOOP ( 'NONE', ( #1426, #1701, #2593, #1962, #2309, #1544, #4731, #4418 ) ) ;
#4576 = VECTOR ( 'NONE', #3527, 1000.000000000000000 ) ;
#4577 = CARTESIAN_POINT ( 'NONE',  ( 0.7249999999999999778, 1.850000000000000089, 2.024999999999999911 ) ) ;
#4578 = CARTESIAN_POINT ( 'NONE',  ( -2.274999999999999911, 4.249999999999998224, -2.075000000000001510 ) ) ;
#4579 = EDGE_LOOP ( 'NONE', ( #4500, #616, #681, #4359 ) ) ;
#4580 = VECTOR ( 'NONE', #4661, 1000.000000000000000 ) ;
#4581 = AXIS2_PLACEMENT_3D ( 'NONE', #2140, #3221, #1340 ) ;
#4582 = DIRECTION ( 'NONE',  ( 1.000000000000000000, 0.0000000000000000000, 0.0000000000000000000 ) ) ;
#4583 = CARTESIAN_POINT ( 'NONE',  ( -2.875000000000000000, 2.000000000000000000, -1.425000000000000044 ) ) ;
#4584 = FACE_OUTER_BOUND ( 'NONE', #1959, .T. ) ;
#4585 = EDGE_LOOP ( 'NONE', ( #3291, #4463, #2622, #271, #603, #1663, #2005, #330, #2881, #4486, #1260, #126, #4697, #209, #145, #42, #3802, #13, #1853, #2019 ) ) ;
#4586 = LINE ( 'NONE', #22, #1639 ) ;
#4587 = CARTESIAN_POINT ( 'NONE',  ( 2.500000000000000000, 4.009511388567677415, -0.07499999999999998335 ) ) ;
#4588 = LINE ( 'NONE', #862, #1170 ) ;
#4589 = VECTOR ( 'NONE', #4602, 1000.000000000000000 ) ;
#4590 = DIRECTION ( 'NONE',  ( 0.0000000000000000000, 0.0000000000000000000, 1.000000000000000000 ) ) ;
#4591 = DIRECTION ( 'NONE',  ( 0.0000000000000000000, 0.3162277660168379967, -0.9486832980505138790 ) ) ;
#4592 = CARTESIAN_POINT ( 'NONE',  ( -2.274999999999999911, 4.250000000000000000, -0.07499999999999998335 ) ) ;
#4593 = EDGE_CURVE ( 'NONE', #3469, #1368, #2438, .T. ) ;
#4594 = DIRECTION ( 'NONE',  ( 0.0000000000000000000, 1.000000000000000000, 0.0000000000000000000 ) ) ;
#4595 = EDGE_CURVE ( 'NONE', #1741, #508, #1229, .T. ) ;
#4596 = ORIENTED_EDGE ( 'NONE', *, *, #2245, .F. ) ;
#4597 = ORIENTED_EDGE ( 'NONE', *, *, #4108, .T. ) ;
#4598 = CARTESIAN_POINT ( 'NONE',  ( -1.875000000000000000, 3.750000000000000000, -2.024999999999999911 ) ) ;
#4599 = ORIENTED_EDGE ( 'NONE', *, *, #1453, .T. ) ;
#4600 = ORIENTED_EDGE ( 'NONE', *, *, #1564, .T. ) ;
#4601 = EDGE_CURVE ( 'NONE', #1062, #4569, #2159, .T. ) ;
#4602 = DIRECTION ( 'NONE',  ( 0.0000000000000000000, 0.0000000000000000000, 1.000000000000000000 ) ) ;
#4603 = CARTESIAN_POINT ( 'NONE',  ( -0.7249999999999999778, 0.5000000000000000000, 0.0000000000000000000 ) ) ;
#4604 = EDGE_CURVE ( 'NONE', #561, #2638, #3432, .T. ) ;
#4605 = ORIENTED_EDGE ( 'NONE', *, *, #655, .T. ) ;
#4606 = DIRECTION ( 'NONE',  ( 0.0000000000000000000, 0.0000000000000000000, -1.000000000000000000 ) ) ;
#4607 = EDGE_LOOP ( 'NONE', ( #1153, #645, #4150, #661, #3849, #3578 ) ) ;
#4608 = AXIS2_PLACEMENT_3D ( 'NONE', #4238, #4300, #2082 ) ;
#4609 = VECTOR ( 'NONE', #3675, 1000.000000000000000 ) ;
#4610 = ORIENTED_EDGE ( 'NONE', *, *, #3645, .F. ) ;
#4611 = CARTESIAN_POINT ( 'NONE',  ( 2.500000000000000000, 4.250000000000000000, 2.024999999999999911 ) ) ;
#4612 = EDGE_CURVE ( 'NONE', #404, #110, #2040, .T. ) ;
#4613 = ORIENTED_EDGE ( 'NONE', *, *, #2760, .F. ) ;
#4614 = AXIS2_PLACEMENT_3D ( 'NONE', #1898, #4488, #772 ) ;
#4615 = VERTEX_POINT ( 'NONE', #1064 ) ;
#4616 = DIRECTION ( 'NONE',  ( -1.000000000000000000, 0.0000000000000000000, 0.0000000000000000000 ) ) ;
#4617 = LINE ( 'NONE', #2788, #3997 ) ;
#4618 = ORIENTED_EDGE ( 'NONE', *, *, #2399, .F. ) ;
#4619 = EDGE_CURVE ( 'NONE', #1254, #78, #3719, .T. ) ;
#4620 = ORIENTED_EDGE ( 'NONE', *, *, #3259, .T. ) ;
#4621 = LINE ( 'NONE', #3431, #1383 ) ;
#4622 = CARTESIAN_POINT ( 'NONE',  ( 0.7249999999999999778, 0.5000000000000000000, 0.0000000000000000000 ) ) ;
#4623 = DIRECTION ( 'NONE',  ( 1.000000000000000000, 0.0000000000000000000, 0.0000000000000000000 ) ) ;
#4624 = VERTEX_POINT ( 'NONE', #1464 ) ;
#4625 = LINE ( 'NONE', #4798, #2938 ) ;
#4626 = EDGE_CURVE ( 'NONE', #1751, #4065, #1040, .T. ) ;
#4627 = ORIENTED_EDGE ( 'NONE', *, *, #2575, .T. ) ;
#4628 = CARTESIAN_POINT ( 'NONE',  ( 2.274999999999999911, 1.949999999999999512, 2.025000000000007017 ) ) ;
#4629 = CARTESIAN_POINT ( 'NONE',  ( -2.875000000000000000, 4.250000000000000000, -2.024999999999999911 ) ) ;
#4630 = DIRECTION ( 'NONE',  ( 0.0000000000000000000, 1.000000000000000000, 0.0000000000000000000 ) ) ;
#4631 = ORIENTED_EDGE ( 'NONE', *, *, #4203, .F. ) ;
#4632 = DIRECTION ( 'NONE',  ( 0.0000000000000000000, -1.000000000000000000, -4.336808689942024836E-15 ) ) ;
#4633 = LINE ( 'NONE', #2695, #2088 ) ;
#4634 = CARTESIAN_POINT ( 'NONE',  ( 0.7249999999999999778, 0.0000000000000000000, -1.525000000000000133 ) ) ;
#4635 = EDGE_CURVE ( 'NONE', #2006, #2278, #4702, .T. ) ;
#4636 = ORIENTED_EDGE ( 'NONE', *, *, #1215, .T. ) ;
#4637 = VECTOR ( 'NONE', #2811, 1000.000000000000000 ) ;
#4638 = DIRECTION ( 'NONE',  ( 1.000000000000000000, 0.0000000000000000000, 0.0000000000000000000 ) ) ;
#4639 = DIRECTION ( 'NONE',  ( 1.000000000000000000, 0.0000000000000000000, 0.0000000000000000000 ) ) ;
#4640 = PLANE ( 'NONE',  #1168 ) ;
#4641 = VECTOR ( 'NONE', #3, 1000.000000000000000 ) ;
#4642 = ORIENTED_EDGE ( 'NONE', *, *, #4766, .T. ) ;
#4643 = VECTOR ( 'NONE', #1019, 1000.000000000000000 ) ;
#4644 = LINE ( 'NONE', #1273, #2666 ) ;
#4645 = ADVANCED_FACE ( 'NONE', ( #2780 ), #341, .F. ) ;
#4646 = LINE ( 'NONE', #1171, #3786 ) ;
#4647 = CARTESIAN_POINT ( 'NONE',  ( -2.274999999999999911, 8.673617379884035472E-15, -0.2250000000000008105 ) ) ;
#4648 = DIRECTION ( 'NONE',  ( -1.000000000000000000, -0.0000000000000000000, -0.0000000000000000000 ) ) ;
#4649 = ORIENTED_EDGE ( 'NONE', *, *, #1432, .F. ) ;
#4650 = AXIS2_PLACEMENT_3D ( 'NONE', #4735, #3212, #1350 ) ;
#4651 = VECTOR ( 'NONE', #468, 1000.000000000000000 ) ;
#4652 = SURFACE_STYLE_FILL_AREA ( #2232 ) ;
#4653 = CARTESIAN_POINT ( 'NONE',  ( 0.7249999999999998668, -0.6500000000000000222, -1.775000000000000133 ) ) ;
#4654 = PLANE ( 'NONE',  #3252 ) ;
#4655 = ORIENTED_EDGE ( 'NONE', *, *, #3655, .F. ) ;
#4656 = CARTESIAN_POINT ( 'NONE',  ( 0.5150000000000000133, 1.649999999999999911, -1.698606797699999893 ) ) ;
#4657 = VECTOR ( 'NONE', #1219, 1000.000000000000000 ) ;
#4658 = VERTEX_POINT ( 'NONE', #2928 ) ;
#4659 = VECTOR ( 'NONE', #420, 1000.000000000000000 ) ;
#4660 = PLANE ( 'NONE',  #1762 ) ;
#4661 = DIRECTION ( 'NONE',  ( 0.0000000000000000000, -1.000000000000000000, 0.0000000000000000000 ) ) ;
#4662 = ORIENTED_EDGE ( 'NONE', *, *, #3361, .F. ) ;
#4663 = CARTESIAN_POINT ( 'NONE',  ( -2.274999999999999911, 1.949999999999999512, 2.025000000000007017 ) ) ;
#4664 = DIRECTION ( 'NONE',  ( 1.000000000000000000, 0.0000000000000000000, 0.0000000000000000000 ) ) ;
#4665 = EDGE_CURVE ( 'NONE', #265, #1493, #2259, .T. ) ;
#4666 = ORIENTED_EDGE ( 'NONE', *, *, #4128, .T. ) ;
#4667 = FACE_OUTER_BOUND ( 'NONE', #2819, .T. ) ;
#4668 = ORIENTED_EDGE ( 'NONE', *, *, #2956, .T. ) ;
#4669 = DIRECTION ( 'NONE',  ( -1.000000000000000000, 0.0000000000000000000, 0.0000000000000000000 ) ) ;
#4670 = DIRECTION ( 'NONE',  ( 0.0000000000000000000, -1.084202172485501673E-15, -1.000000000000000000 ) ) ;
#4671 = PLANE ( 'NONE',  #4650 ) ;
#4672 = CARTESIAN_POINT ( 'NONE',  ( 0.7249999999999999778, 1.649999999999999911, -1.025000000000000133 ) ) ;
#4673 = EDGE_LOOP ( 'NONE', ( #4223, #2184, #258, #83 ) ) ;
#4674 = SURFACE_STYLE_FILL_AREA ( #63 ) ;
#4675 = ORIENTED_EDGE ( 'NONE', *, *, #4306, .F. ) ;
#4676 = LINE ( 'NONE', #375, #3328 ) ;
#4677 = EDGE_CURVE ( 'NONE', #3973, #2186, #174, .T. ) ;
#4678 = DIRECTION ( 'NONE',  ( -1.000000000000000000, -0.0000000000000000000, -0.0000000000000000000 ) ) ;
#4679 = ORIENTED_EDGE ( 'NONE', *, *, #71, .F. ) ;
#4680 = VECTOR ( 'NONE', #2055, 1000.000000000000000 ) ;
#4681 = ORIENTED_EDGE ( 'NONE', *, *, #3401, .F. ) ;
#4682 = DIRECTION ( 'NONE',  ( 0.0000000000000000000, 0.0000000000000000000, -1.000000000000000000 ) ) ;
#4683 = CARTESIAN_POINT ( 'NONE',  ( 2.375000000000000000, 3.750000000000000000, 0.02500000000000000139 ) ) ;
#4684 = ORIENTED_EDGE ( 'NONE', *, *, #2800, .T. ) ;
#4685 = EDGE_CURVE ( 'NONE', #218, #2141, #866, .T. ) ;
#4686 = VECTOR ( 'NONE', #2154, 1000.000000000000000 ) ;
#4687 = CARTESIAN_POINT ( 'NONE',  ( 0.5250000000000000222, -0.004464445899999999919, 0.003975566199999999890 ) ) ;
#4688 = DIRECTION ( 'NONE',  ( 0.0000000000000000000, -1.000000000000000000, 0.0000000000000000000 ) ) ;
#4689 = DIRECTION ( 'NONE',  ( 0.0000000000000000000, 0.0000000000000000000, 1.000000000000000000 ) ) ;
#4690 = ADVANCED_FACE ( 'NONE', ( #4349 ), #1430, .F. ) ;
#4691 = VECTOR ( 'NONE', #3670, 1000.000000000000000 ) ;
#4692 = ORIENTED_EDGE ( 'NONE', *, *, #1631, .F. ) ;
#4693 = FACE_OUTER_BOUND ( 'NONE', #1964, .T. ) ;
#4694 = EDGE_CURVE ( 'NONE', #199, #2071, #1691, .T. ) ;
#4695 = DIRECTION ( 'NONE',  ( -1.000000000000000000, 0.0000000000000000000, 0.0000000000000000000 ) ) ;
#4696 = ADVANCED_FACE ( 'NONE', ( #3119 ), #4376, .T. ) ;
#4697 = ORIENTED_EDGE ( 'NONE', *, *, #2790, .T. ) ;
#4698 = PLANE ( 'NONE',  #2686 ) ;
#4699 = FACE_OUTER_BOUND ( 'NONE', #4579, .T. ) ;
#4700 = VERTEX_POINT ( 'NONE', #1049 ) ;
#4701 = VECTOR ( 'NONE', #3383, 1000.000000000000000 ) ;
#4702 = LINE ( 'NONE', #4763, #2723 ) ;
#4703 = LINE ( 'NONE', #1293, #1586 ) ;
#4704 = CARTESIAN_POINT ( 'NONE',  ( -0.7249999999999999778, 0.3500000000000000333, -2.024999999999999911 ) ) ;
#4705 = ORIENTED_EDGE ( 'NONE', *, *, #224, .T. ) ;
#4706 = CARTESIAN_POINT ( 'NONE',  ( -2.375000000000000000, 3.750000000000000000, 2.024999999999999911 ) ) ;
#4707 = CARTESIAN_POINT ( 'NONE',  ( 2.274999999999999911, 0.6000000000000076383, -0.2249999999999982014 ) ) ;
#4708 = LINE ( 'NONE', #1603, #3659 ) ;
#4709 = LINE ( 'NONE', #2290, #871 ) ;
#4710 = ORIENTED_EDGE ( 'NONE', *, *, #2366, .F. ) ;
#4711 = VERTEX_POINT ( 'NONE', #4025 ) ;
#4712 = ADVANCED_FACE ( 'NONE', ( #469 ), #2579, .T. ) ;
#4713 = VECTOR ( 'NONE', #1244, 1000.000000000000000 ) ;
#4714 = ORIENTED_EDGE ( 'NONE', *, *, #1433, .F. ) ;
#4715 = EDGE_CURVE ( 'NONE', #4624, #4161, #3769, .T. ) ;
#4716 = DIRECTION ( 'NONE',  ( 0.0000000000000000000, -1.000000000000000000, 0.0000000000000000000 ) ) ;
#4717 = VECTOR ( 'NONE', #1932, 1000.000000000000000 ) ;
#4718 = ORIENTED_EDGE ( 'NONE', *, *, #804, .T. ) ;
#4719 = UNCERTAINTY_MEASURE_WITH_UNIT (LENGTH_MEASURE( 1.000000000000000082E-05 ), #4056, 'distance_accuracy_value', 'NONE');
#4720 = ADVANCED_FACE ( 'NONE', ( #3533 ), #4391, .T. ) ;
#4721 = CARTESIAN_POINT ( 'NONE',  ( 0.7249999999999999778, 1.350000000000000089, 0.0000000000000000000 ) ) ;
#4722 = CARTESIAN_POINT ( 'NONE',  ( -2.024999999999999911, 2.250000000000000000, -1.925000000000000044 ) ) ;
#4723 = CARTESIAN_POINT ( 'NONE',  ( -2.024999999999999911, 4.240000000000000213, -2.024999999999999911 ) ) ;
#4724 = EDGE_LOOP ( 'NONE', ( #4429, #794, #1606, #2761, #500, #4183, #1394, #1457, #4543, #1613, #3041, #4432, #4299, #3064, #3931, #240 ) ) ;
#4725 = ORIENTED_EDGE ( 'NONE', *, *, #4431, .F. ) ;
#4726 = DIRECTION ( 'NONE',  ( 0.0000000000000000000, -1.000000000000000000, 0.0000000000000000000 ) ) ;
#4727 = CARTESIAN_POINT ( 'NONE',  ( 2.274999999999999911, 0.0000000000000000000, 0.0000000000000000000 ) ) ;
#4728 = VERTEX_POINT ( 'NONE', #1856 ) ;
#4729 = CARTESIAN_POINT ( 'NONE',  ( 0.7249999999999999778, 0.0000000000000000000, 2.024999999999999911 ) ) ;
#4730 = ORIENTED_EDGE ( 'NONE', *, *, #3191, .F. ) ;
#4731 = ORIENTED_EDGE ( 'NONE', *, *, #184, .T. ) ;
#4732 = DIRECTION ( 'NONE',  ( -1.000000000000000000, 0.0000000000000000000, 0.0000000000000000000 ) ) ;
#4733 = DIRECTION ( 'NONE',  ( 0.0000000000000000000, 0.0000000000000000000, -1.000000000000000000 ) ) ;
#4734 = LINE ( 'NONE', #4736, #2644 ) ;
#4735 = CARTESIAN_POINT ( 'NONE',  ( -0.5250000000000000222, 1.350000000000000089, 0.0000000000000000000 ) ) ;
#4736 = CARTESIAN_POINT ( 'NONE',  ( 2.875000000000000000, 4.250000000000000000, 2.024999999999999911 ) ) ;
#4737 = ORIENTED_EDGE ( 'NONE', *, *, #919, .F. ) ;
#4738 = LINE ( 'NONE', #4134, #1790 ) ;
#4739 = DIRECTION ( 'NONE',  ( 0.0000000000000000000, 0.0000000000000000000, 1.000000000000000000 ) ) ;
#4740 = ORIENTED_EDGE ( 'NONE', *, *, #1577, .F. ) ;
#4741 = AXIS2_PLACEMENT_3D ( 'NONE', #936, #4240, #2803 ) ;
#4742 = LINE ( 'NONE', #2886, #802 ) ;
#4743 = VERTEX_POINT ( 'NONE', #1079 ) ;
#4744 = DIRECTION ( 'NONE',  ( 0.0000000000000000000, 0.0000000000000000000, 1.000000000000000000 ) ) ;
#4745 = VECTOR ( 'NONE', #324, 1000.000000000000000 ) ;
#4746 = CARTESIAN_POINT ( 'NONE',  ( -2.475000000000000089, 1.999999999999997780, -2.024999999999999911 ) ) ;
#4747 = EDGE_LOOP ( 'NONE', ( #1633, #796, #995, #2615, #3394, #2463, #3055 ) ) ;
#4748 = LINE ( 'NONE', #4634, #4801 ) ;
#4749 = CARTESIAN_POINT ( 'NONE',  ( -0.4249999999999999889, 1.649999999999999911, 2.024999999999999911 ) ) ;
#4750 = DIRECTION ( 'NONE',  ( 0.0000000000000000000, -1.000000000000000000, 0.0000000000000000000 ) ) ;
#4751 = PLANE ( 'NONE',  #641 ) ;
#4752 = EDGE_CURVE ( 'NONE', #798, #2335, #2147, .T. ) ;
#4753 = ORIENTED_EDGE ( 'NONE', *, *, #3983, .T. ) ;
#4754 = EDGE_CURVE ( 'NONE', #4515, #2482, #1158, .T. ) ;
#4755 = VECTOR ( 'NONE', #700, 1000.000000000000000 ) ;
#4756 = PLANE ( 'NONE',  #2745 ) ;
#4757 = VECTOR ( 'NONE', #2635, 1000.000000000000000 ) ;
#4758 = FACE_BOUND ( 'NONE', #4289, .T. ) ;
#4759 = LINE ( 'NONE', #2883, #4244 ) ;
#4760 = DIRECTION ( 'NONE',  ( 1.000000000000000000, 0.0000000000000000000, 0.0000000000000000000 ) ) ;
#4761 = VECTOR ( 'NONE', #4313, 1000.000000000000000 ) ;
#4762 = CARTESIAN_POINT ( 'NONE',  ( 2.274999999999999911, 4.250000000000000000, -0.07499999999999998335 ) ) ;
#4763 = CARTESIAN_POINT ( 'NONE',  ( 2.875000000000000000, 0.0000000000000000000, 2.024999999999999911 ) ) ;
#4764 = VERTEX_POINT ( 'NONE', #4205 ) ;
#4765 = PLANE ( 'NONE',  #3037 ) ;
#4766 = EDGE_CURVE ( 'NONE', #2295, #668, #807, .T. ) ;
#4767 = LINE ( 'NONE', #1552, #140 ) ;
#4768 = VERTEX_POINT ( 'NONE', #3751 ) ;
#4769 = VECTOR ( 'NONE', #1230, 1000.000000000000000 ) ;
#4770 = DIRECTION ( 'NONE',  ( 0.0000000000000000000, 0.0000000000000000000, -1.000000000000000000 ) ) ;
#4771 = EDGE_CURVE ( 'NONE', #1271, #1434, #2425, .T. ) ;
#4772 = VECTOR ( 'NONE', #2052, 1000.000000000000000 ) ;
#4773 = VERTEX_POINT ( 'NONE', #3735 ) ;
#4774 = EDGE_CURVE ( 'NONE', #4206, #1254, #2943, .T. ) ;
#4775 = EDGE_CURVE ( 'NONE', #4492, #3852, #1852, .T. ) ;
#4776 = PLANE ( 'NONE',  #636 ) ;
#4777 = EDGE_CURVE ( 'NONE', #4773, #2398, #336, .T. ) ;
#4778 = CARTESIAN_POINT ( 'NONE',  ( 0.7249999999999999778, -0.004464445899999999919, 0.003975566199999999890 ) ) ;
#4779 = VECTOR ( 'NONE', #688, 1000.000000000000114 ) ;
#4780 = ORIENTED_EDGE ( 'NONE', *, *, #1936, .T. ) ;
#4781 = DIRECTION ( 'NONE',  ( -0.0000000000000000000, 1.000000000000000000, 3.252606517456512513E-15 ) ) ;
#4782 = CARTESIAN_POINT ( 'NONE',  ( 2.274999999999999911, 1.999999999999997780, -2.024999999999999911 ) ) ;
#4783 = DIRECTION ( 'NONE',  ( 0.0000000000000000000, 1.000000000000000000, 0.0000000000000000000 ) ) ;
#4784 = ORIENTED_EDGE ( 'NONE', *, *, #4431, .T. ) ;
#4785 = ORIENTED_EDGE ( 'NONE', *, *, #4342, .F. ) ;
#4786 = ORIENTED_EDGE ( 'NONE', *, *, #382, .T. ) ;
#4787 = DIRECTION ( 'NONE',  ( 0.0000000000000000000, -0.0000000000000000000, -1.000000000000000000 ) ) ;
#4788 = ADVANCED_FACE ( 'NONE', ( #682 ), #2367, .T. ) ;
#4789 = ORIENTED_EDGE ( 'NONE', *, *, #2125, .T. ) ;
#4790 = LINE ( 'NONE', #1118, #505 ) ;
#4791 = DIRECTION ( 'NONE',  ( -1.000000000000000000, 0.0000000000000000000, 0.0000000000000000000 ) ) ;
#4792 = ORIENTED_EDGE ( 'NONE', *, *, #2763, .T. ) ;
#4793 = ORIENTED_EDGE ( 'NONE', *, *, #4619, .T. ) ;
#4794 = CARTESIAN_POINT ( 'NONE',  ( 0.5150000000000000133, 1.850000000000000089, -1.025000000000000133 ) ) ;
#4795 = ORIENTED_EDGE ( 'NONE', *, *, #2039, .T. ) ;
#4796 = AXIS2_PLACEMENT_3D ( 'NONE', #3343, #325, #2238 ) ;
#4797 = FACE_OUTER_BOUND ( 'NONE', #1092, .T. ) ;
#4798 = CARTESIAN_POINT ( 'NONE',  ( 0.0000000000000000000, 4.240000000000000213, -1.925000000000000044 ) ) ;
#4799 = ORIENTED_EDGE ( 'NONE', *, *, #441, .F. ) ;
#4800 = EDGE_CURVE ( 'NONE', #1371, #3483, #4394, .T. ) ;
#4801 = VECTOR ( 'NONE', #522, 1000.000000000000000 ) ;
ENDSEC;
END-ISO-10303-21;
