ISO-10303-21;
HEADER;
FILE_DESCRIPTION (( 'STEP AP214' ),
    '1' );
FILE_NAME ('B03MB-GHS-TBT.STEP',
    '2019-04-07T09:10:08',
    ( '' ),
    ( '' ),
    'SwSTEP 2.0',
    'SolidWorks 2018',
    '' );
FILE_SCHEMA (( 'AUTOMOTIVE_DESIGN' ));
ENDSEC;

DATA;
#1 = CARTESIAN_POINT ( 'NONE',  ( 0.7249999999999998668, 0.3500000000000000333, -2.024999999999999911 ) ) ;
#2 = DIRECTION ( 'NONE',  ( -1.000000000000000000, 0.0000000000000000000, 0.0000000000000000000 ) ) ;
#3 = DIRECTION ( 'NONE',  ( 0.0000000000000000000, -1.000000000000000000, -3.219646771412953967E-15 ) ) ;
#4 = VERTEX_POINT ( 'NONE', #449 ) ;
#5 = ORIENTED_EDGE ( 'NONE', *, *, #2106, .T. ) ;
#6 = ORIENTED_EDGE ( 'NONE', *, *, #4513, .F. ) ;
#7 = CARTESIAN_POINT ( 'NONE',  ( 0.7250000000000000888, -0.004464445899999999919, 0.003975566199999999890 ) ) ;
#8 = AXIS2_PLACEMENT_3D ( 'NONE', #1, #4435, #1497 ) ;
#9 =( NAMED_UNIT ( * ) SI_UNIT ( $, .STERADIAN. ) SOLID_ANGLE_UNIT ( ) );
#10 = VERTEX_POINT ( 'NONE', #111 ) ;
#11 = DIRECTION ( 'NONE',  ( 0.0000000000000000000, -1.000000000000000000, 0.0000000000000000000 ) ) ;
#12 = COLOUR_RGB ( '',1.000000000000000000, 1.000000000000000000, 1.000000000000000000 ) ;
#13 = AXIS2_PLACEMENT_3D ( 'NONE', #591, #2096, #1530 ) ;
#14 = ADVANCED_FACE ( 'NONE', ( #937 ), #6178, .F. ) ;
#15 = CARTESIAN_POINT ( 'NONE',  ( -2.274999999999999911, 4.250000000000000000, -0.07499999999999998335 ) ) ;
#16 = ORIENTED_EDGE ( 'NONE', *, *, #2362, .F. ) ;
#17 = DIRECTION ( 'NONE',  ( 0.0000000000000000000, 0.0000000000000000000, 1.000000000000000000 ) ) ;
#18 = DIRECTION ( 'NONE',  ( 1.000000000000000000, 0.0000000000000000000, 0.0000000000000000000 ) ) ;
#19 = ORIENTED_EDGE ( 'NONE', *, *, #4154, .T. ) ;
#20 = ORIENTED_EDGE ( 'NONE', *, *, #2907, .F. ) ;
#21 = CARTESIAN_POINT ( 'NONE',  ( -2.274999999999999911, 3.600000000000000977, -0.07499999999999998335 ) ) ;
#22 = CARTESIAN_POINT ( 'NONE',  ( -0.5250000000000000222, 1.850000000000000089, 2.024999999999999911 ) ) ;
#23 = DIRECTION ( 'NONE',  ( 0.0000000000000000000, 1.000000000000000000, 0.0000000000000000000 ) ) ;
#24 = DIRECTION ( 'NONE',  ( 1.000000000000000000, 0.0000000000000000000, 0.0000000000000000000 ) ) ;
#25 = EDGE_CURVE ( 'NONE', #477, #1667, #228, .T. ) ;
#26 = VERTEX_POINT ( 'NONE', #4371 ) ;
#27 = PRESENTATION_STYLE_ASSIGNMENT (( #3503 ) ) ;
#28 = VECTOR ( 'NONE', #2209, 1000.000000000000000 ) ;
#29 = CARTESIAN_POINT ( 'NONE',  ( -0.7249999999999999778, 1.350000000000000089, -1.525000000000000133 ) ) ;
#30 = ORIENTED_EDGE ( 'NONE', *, *, #292, .F. ) ;
#31 = EDGE_CURVE ( 'NONE', #4130, #1539, #4329, .T. ) ;
#32 = VERTEX_POINT ( 'NONE', #6207 ) ;
#33 = CARTESIAN_POINT ( 'NONE',  ( -0.4249999999999999889, 1.649999999999999911, 2.024999999999999911 ) ) ;
#34 = VECTOR ( 'NONE', #3162, 1000.000000000000000 ) ;
#35 = PLANE ( 'NONE',  #6254 ) ;
#36 = ORIENTED_EDGE ( 'NONE', *, *, #2766, .T. ) ;
#37 = VERTEX_POINT ( 'NONE', #2883 ) ;
#38 = DIRECTION ( 'NONE',  ( -1.000000000000000000, 0.0000000000000000000, 0.0000000000000000000 ) ) ;
#39 = CARTESIAN_POINT ( 'NONE',  ( -2.875000000000000000, 1.949999999999999512, 2.025000000000007017 ) ) ;
#40 = ADVANCED_FACE ( 'NONE', ( #2964 ), #5413, .F. ) ;
#41 = DIRECTION ( 'NONE',  ( 0.0000000000000000000, -1.084202172485501673E-15, -1.000000000000000000 ) ) ;
#42 = MECHANICAL_DESIGN_GEOMETRIC_PRESENTATION_REPRESENTATION (  '', ( #4163 ), #1386 ) ;
#43 = LINE ( 'NONE', #5396, #6062 ) ;
#44 = AXIS2_PLACEMENT_3D ( 'NONE', #5826, #2869, #1976 ) ;
#45 = VERTEX_POINT ( 'NONE', #3938 ) ;
#46 = CARTESIAN_POINT ( 'NONE',  ( 0.7249999999999998668, 0.05000000000000002359, -1.775000000000000133 ) ) ;
#47 = VERTEX_POINT ( 'NONE', #2449 ) ;
#48 = VECTOR ( 'NONE', #6103, 1000.000000000000000 ) ;
#49 = ORIENTED_EDGE ( 'NONE', *, *, #1500, .F. ) ;
#50 = DIRECTION ( 'NONE',  ( 0.0000000000000000000, 1.000000000000000000, 0.0000000000000000000 ) ) ;
#51 = DIRECTION ( 'NONE',  ( 1.000000000000000000, 0.0000000000000000000, 0.0000000000000000000 ) ) ;
#52 = LINE ( 'NONE', #2157, #370 ) ;
#53 = EDGE_LOOP ( 'NONE', ( #1144, #672, #1041, #2267 ) ) ;
#54 = CARTESIAN_POINT ( 'NONE',  ( 3.525000000000000355, 8.673617379884035472E-15, -0.2250000000000008105 ) ) ;
#55 = ORIENTED_EDGE ( 'NONE', *, *, #959, .F. ) ;
#56 = VECTOR ( 'NONE', #2010, 1000.000000000000000 ) ;
#57 = EDGE_CURVE ( 'NONE', #6158, #6132, #4714, .T. ) ;
#58 = ORIENTED_EDGE ( 'NONE', *, *, #3637, .F. ) ;
#59 = CARTESIAN_POINT ( 'NONE',  ( 2.125000000000000000, 2.250000000000000000, 1.505384757699999909 ) ) ;
#60 = DIRECTION ( 'NONE',  ( 0.0000000000000000000, 0.0000000000000000000, 1.000000000000000000 ) ) ;
#61 = PLANE ( 'NONE',  #5510 ) ;
#62 = LINE ( 'NONE', #2223, #3731 ) ;
#63 = EDGE_LOOP ( 'NONE', ( #1172, #646, #5075, #4951 ) ) ;
#64 = AXIS2_PLACEMENT_3D ( 'NONE', #2441, #2876, #497 ) ;
#65 = EDGE_CURVE ( 'NONE', #3629, #1597, #4865, .T. ) ;
#66 = EDGE_LOOP ( 'NONE', ( #3034, #732, #1565, #785 ) ) ;
#67 = EDGE_CURVE ( 'NONE', #6286, #6196, #5775, .T. ) ;
#68 = ORIENTED_EDGE ( 'NONE', *, *, #4712, .T. ) ;
#69 = FACE_OUTER_BOUND ( 'NONE', #909, .T. ) ;
#70 = ORIENTED_EDGE ( 'NONE', *, *, #2866, .T. ) ;
#71 = ADVANCED_FACE ( 'NONE', ( #3432 ), #3433, .F. ) ;
#72 = ORIENTED_EDGE ( 'NONE', *, *, #6055, .F. ) ;
#73 = SURFACE_SIDE_STYLE ('',( #3114 ) ) ;
#74 = LINE ( 'NONE', #5897, #4259 ) ;
#75 = ORIENTED_EDGE ( 'NONE', *, *, #2587, .F. ) ;
#76 = DIRECTION ( 'NONE',  ( 0.0000000000000000000, 0.0000000000000000000, -1.000000000000000000 ) ) ;
#77 = ORIENTED_EDGE ( 'NONE', *, *, #3533, .F. ) ;
#78 = EDGE_CURVE ( 'NONE', #867, #6084, #2433, .T. ) ;
#79 = VERTEX_POINT ( 'NONE', #4393 ) ;
#80 = AXIS2_PLACEMENT_3D ( 'NONE', #3411, #4867, #1943 ) ;
#81 = DIRECTION ( 'NONE',  ( 0.0000000000000000000, 0.0000000000000000000, 1.000000000000000000 ) ) ;
#82 = ORIENTED_EDGE ( 'NONE', *, *, #4002, .F. ) ;
#83 = VECTOR ( 'NONE', #1808, 1000.000000000000000 ) ;
#84 = ORIENTED_EDGE ( 'NONE', *, *, #3415, .T. ) ;
#85 = CARTESIAN_POINT ( 'NONE',  ( -0.4249999999999999889, 1.649999999999999911, -1.698606797699999893 ) ) ;
#86 = MECHANICAL_DESIGN_GEOMETRIC_PRESENTATION_REPRESENTATION (  '', ( #483 ), #1485 ) ;
#87 = VECTOR ( 'NONE', #3460, 1000.000000000000000 ) ;
#88 = ORIENTED_EDGE ( 'NONE', *, *, #5410, .F. ) ;
#89 = DIRECTION ( 'NONE',  ( -0.0000000000000000000, -0.0000000000000000000, 1.000000000000000000 ) ) ;
#90 = VERTEX_POINT ( 'NONE', #2426 ) ;
#91 = EDGE_CURVE ( 'NONE', #5596, #6064, #5487, .T. ) ;
#92 = ORIENTED_EDGE ( 'NONE', *, *, #6167, .T. ) ;
#93 = CARTESIAN_POINT ( 'NONE',  ( 3.525000000000000355, 1.999999999999998668, -1.425000000000000933 ) ) ;
#94 = VECTOR ( 'NONE', #5891, 1000.000000000000114 ) ;
#95 = LINE ( 'NONE', #1695, #28 ) ;
#96 = ORIENTED_EDGE ( 'NONE', *, *, #3010, .F. ) ;
#97 = EDGE_CURVE ( 'NONE', #2523, #1492, #5853, .T. ) ;
#98 = DIRECTION ( 'NONE',  ( -0.0000000000000000000, 0.0000000000000000000, -1.000000000000000000 ) ) ;
#99 = LINE ( 'NONE', #974, #2771 ) ;
#100 = DIRECTION ( 'NONE',  ( 0.0000000000000000000, 0.0000000000000000000, -1.000000000000000000 ) ) ;
#101 = ADVANCED_FACE ( 'NONE', ( #2285 ), #5393, .F. ) ;
#102 = DIRECTION ( 'NONE',  ( 0.0000000000000000000, -1.000000000000000000, -3.219646771412953967E-15 ) ) ;
#103 = EDGE_CURVE ( 'NONE', #1371, #2481, #2734, .T. ) ;
#104 = VECTOR ( 'NONE', #793, 1000.000000000000000 ) ;
#105 = EDGE_LOOP ( 'NONE', ( #2908, #850, #841, #1422, #5802, #1685, #4249, #2473 ) ) ;
#106 = CARTESIAN_POINT ( 'NONE',  ( -0.7249999999999999778, 0.0000000000000000000, 0.0000000000000000000 ) ) ;
#107 = EDGE_LOOP ( 'NONE', ( #1975, #4055, #3976, #6036 ) ) ;
#108 = DIRECTION ( 'NONE',  ( 0.0000000000000000000, 0.0000000000000000000, 1.000000000000000000 ) ) ;
#109 = VECTOR ( 'NONE', #517, 1000.000000000000000 ) ;
#110 = PLANE ( 'NONE',  #1694 ) ;
#111 = CARTESIAN_POINT ( 'NONE',  ( 0.7349999999999999867, 1.000000000000000000, -1.474999999999999867 ) ) ;
#112 = VECTOR ( 'NONE', #3563, 1000.000000000000000 ) ;
#113 = DIRECTION ( 'NONE',  ( 1.000000000000000000, 0.0000000000000000000, 0.0000000000000000000 ) ) ;
#114 = AXIS2_PLACEMENT_3D ( 'NONE', #2756, #3666, #2184 ) ;
#115 = DIRECTION ( 'NONE',  ( 0.0000000000000000000, -1.000000000000000000, 0.0000000000000000000 ) ) ;
#116 = CARTESIAN_POINT ( 'NONE',  ( 1.975000000000000089, 1.000000000000000000, -1.525000000000000133 ) ) ;
#117 = AXIS2_PLACEMENT_3D ( 'NONE', #2871, #1395, #805 ) ;
#118 = PLANE ( 'NONE',  #5003 ) ;
#119 = LINE ( 'NONE', #226, #5756 ) ;
#120 = ORIENTED_EDGE ( 'NONE', *, *, #3010, .T. ) ;
#121 = CARTESIAN_POINT ( 'NONE',  ( -2.500000000000000000, 4.240000000000000213, -0.07499999999999998335 ) ) ;
#122 = VERTEX_POINT ( 'NONE', #3869 ) ;
#123 = DIRECTION ( 'NONE',  ( 0.0000000000000000000, -1.000000000000000000, 0.0000000000000000000 ) ) ;
#124 = UNCERTAINTY_MEASURE_WITH_UNIT (LENGTH_MEASURE( 1.000000000000000082E-05 ), #4072, 'distance_accuracy_value', 'NONE');
#125 = CARTESIAN_POINT ( 'NONE',  ( 3.725000000000000533, 3.599999999999999201, -0.07500000000000128786 ) ) ;
#126 = LINE ( 'NONE', #3970, #4851 ) ;
#127 = ORIENTED_EDGE ( 'NONE', *, *, #5913, .F. ) ;
#128 = LINE ( 'NONE', #3895, #5080 ) ;
#129 = LINE ( 'NONE', #6328, #1873 ) ;
#130 = VERTEX_POINT ( 'NONE', #2953 ) ;
#131 = DIRECTION ( 'NONE',  ( 0.0000000000000000000, 0.4999999999932618899, -0.8660254037883288181 ) ) ;
#132 = PLANE ( 'NONE',  #5518 ) ;
#133 = EDGE_LOOP ( 'NONE', ( #235, #5871, #2819, #5560 ) ) ;
#134 = VERTEX_POINT ( 'NONE', #2401 ) ;
#135 = EDGE_CURVE ( 'NONE', #505, #3985, #4557, .T. ) ;
#136 = CARTESIAN_POINT ( 'NONE',  ( -1.875000000000000000, 3.750000000000000000, 0.02500000000000000139 ) ) ;
#137 = VECTOR ( 'NONE', #6110, 1000.000000000000000 ) ;
#138 = DIRECTION ( 'NONE',  ( 0.0000000000000000000, 0.0000000000000000000, 1.000000000000000000 ) ) ;
#139 = LINE ( 'NONE', #5197, #1970 ) ;
#140 = VERTEX_POINT ( 'NONE', #5888 ) ;
#141 = SURFACE_SIDE_STYLE ('',( #4810 ) ) ;
#142 = CARTESIAN_POINT ( 'NONE',  ( -2.375000000000000000, 3.750000000000000000, 0.02500000000000000139 ) ) ;
#143 = ORIENTED_EDGE ( 'NONE', *, *, #2427, .F. ) ;
#144 = EDGE_CURVE ( 'NONE', #1089, #1248, #2059, .T. ) ;
#145 = PLANE ( 'NONE',  #2413 ) ;
#146 = VECTOR ( 'NONE', #402, 1000.000000000000000 ) ;
#147 = ORIENTED_EDGE ( 'NONE', *, *, #3963, .F. ) ;
#148 = DIRECTION ( 'NONE',  ( 0.0000000000000000000, 0.0000000000000000000, 1.000000000000000000 ) ) ;
#149 = EDGE_LOOP ( 'NONE', ( #3470, #686, #524, #88 ) ) ;
#150 = CARTESIAN_POINT ( 'NONE',  ( 2.075000000000000622, 1.850000000000000089, 2.024999999999999911 ) ) ;
#151 = FILL_AREA_STYLE ('',( #650 ) ) ;
#152 = CARTESIAN_POINT ( 'NONE',  ( 1.765000000000000124, 1.000000000000000000, -2.024999999999999911 ) ) ;
#153 = DIRECTION ( 'NONE',  ( -0.0000000000000000000, 2.552445434498790050E-15, -1.000000000000000000 ) ) ;
#154 = ORIENTED_EDGE ( 'NONE', *, *, #2187, .T. ) ;
#155 = EDGE_CURVE ( 'NONE', #6279, #2333, #4189, .T. ) ;
#156 = FILL_AREA_STYLE ('',( #6069 ) ) ;
#157 = VECTOR ( 'NONE', #1839, 1000.000000000000000 ) ;
#158 = DIRECTION ( 'NONE',  ( 0.0000000000000000000, 1.000000000000000000, 0.0000000000000000000 ) ) ;
#159 = DIRECTION ( 'NONE',  ( 0.0000000000000000000, 1.000000000000000000, 0.0000000000000000000 ) ) ;
#160 = EDGE_LOOP ( 'NONE', ( #1297, #1051, #2825, #4218 ) ) ;
#161 = VERTEX_POINT ( 'NONE', #2047 ) ;
#162 = EDGE_LOOP ( 'NONE', ( #1060, #1821, #1021, #2166 ) ) ;
#163 = ORIENTED_EDGE ( 'NONE', *, *, #6047, .F. ) ;
#164 = PRESENTATION_STYLE_ASSIGNMENT (( #2041 ) ) ;
#165 = CARTESIAN_POINT ( 'NONE',  ( -1.875000000000000000, 0.5000000000000000000, -1.474999999999999867 ) ) ;
#166 = DIRECTION ( 'NONE',  ( 0.0000000000000000000, 1.000000000000000000, 0.0000000000000000000 ) ) ;
#167 = ADVANCED_FACE ( 'NONE', ( #69 ), #2539, .F. ) ;
#168 = VERTEX_POINT ( 'NONE', #3523 ) ;
#169 = AXIS2_PLACEMENT_3D ( 'NONE', #274, #4744, #1786 ) ;
#170 = VECTOR ( 'NONE', #4723, 1000.000000000000000 ) ;
#171 = EDGE_LOOP ( 'NONE', ( #6229, #4873, #5551, #5361, #3041, #2905, #77 ) ) ;
#172 = DIRECTION ( 'NONE',  ( 1.000000000000000000, 0.0000000000000000000, 0.0000000000000000000 ) ) ;
#173 = CARTESIAN_POINT ( 'NONE',  ( -0.7349999999999999867, 1.000000000000000000, -1.025000000000000133 ) ) ;
#174 = VECTOR ( 'NONE', #6018, 1000.000000000000000 ) ;
#175 = EDGE_CURVE ( 'NONE', #4313, #1591, #3594, .T. ) ;
#176 = CARTESIAN_POINT ( 'NONE',  ( 2.625000000000000000, 3.750000000000000000, 0.02500000000000000139 ) ) ;
#177 = SURFACE_STYLE_FILL_AREA ( #4237 ) ;
#178 = ORIENTED_EDGE ( 'NONE', *, *, #135, .F. ) ;
#179 = ORIENTED_EDGE ( 'NONE', *, *, #1332, .T. ) ;
#180 = DIRECTION ( 'NONE',  ( -1.000000000000000000, 0.0000000000000000000, 0.0000000000000000000 ) ) ;
#181 = EDGE_CURVE ( 'NONE', #1274, #1516, #5018, .T. ) ;
#182 = VECTOR ( 'NONE', #1207, 1000.000000000000000 ) ;
#183 = DIRECTION ( 'NONE',  ( 1.000000000000000000, 0.0000000000000000000, 0.0000000000000000000 ) ) ;
#184 = DIRECTION ( 'NONE',  ( 0.0000000000000000000, 0.0000000000000000000, -1.000000000000000000 ) ) ;
#185 = VERTEX_POINT ( 'NONE', #2557 ) ;
#186 = DIRECTION ( 'NONE',  ( 1.000000000000000000, 0.0000000000000000000, 0.0000000000000000000 ) ) ;
#187 = DIRECTION ( 'NONE',  ( 1.000000000000000000, 0.0000000000000000000, 0.0000000000000000000 ) ) ;
#188 = LINE ( 'NONE', #1155, #4295 ) ;
#189 = EDGE_CURVE ( 'NONE', #3243, #3063, #4791, .T. ) ;
#190 = EDGE_LOOP ( 'NONE', ( #2868, #3464, #5512, #249 ) ) ;
#191 = DIRECTION ( 'NONE',  ( -0.0000000000000000000, 1.000000000000000000, -0.0000000000000000000 ) ) ;
#192 = CARTESIAN_POINT ( 'NONE',  ( -1.375000000000000000, 3.750000000000000000, -2.024999999999999911 ) ) ;
#193 = CARTESIAN_POINT ( 'NONE',  ( 1.775000000000000133, 0.0000000000000000000, -1.525000000000000133 ) ) ;
#194 = VECTOR ( 'NONE', #755, 1000.000000000000000 ) ;
#195 = VECTOR ( 'NONE', #5218, 1000.000000000000000 ) ;
#196 = ADVANCED_FACE ( 'NONE', ( #2210 ), #3053, .F. ) ;
#197 = CARTESIAN_POINT ( 'NONE',  ( -0.7249999999999999778, 0.0000000000000000000, -1.525000000000000133 ) ) ;
#198 = SURFACE_STYLE_USAGE ( .BOTH. , #5481 ) ;
#199 = EDGE_CURVE ( 'NONE', #5618, #2158, #4639, .T. ) ;
#200 = CARTESIAN_POINT ( 'NONE',  ( 2.875000000000000000, 1.000000000000000000, -1.525000000000000133 ) ) ;
#201 = PLANE ( 'NONE',  #2892 ) ;
#202 = ORIENTED_EDGE ( 'NONE', *, *, #5729, .F. ) ;
#203 = FACE_OUTER_BOUND ( 'NONE', #4411, .T. ) ;
#204 = ORIENTED_EDGE ( 'NONE', *, *, #3021, .F. ) ;
#205 = ADVANCED_FACE ( 'NONE', ( #1406 ), #5014, .T. ) ;
#206 = ORIENTED_EDGE ( 'NONE', *, *, #2362, .T. ) ;
#207 = DIRECTION ( 'NONE',  ( 0.0000000000000000000, -1.000000000000000000, 0.0000000000000000000 ) ) ;
#208 = VECTOR ( 'NONE', #2482, 1000.000000000000000 ) ;
#209 = ORIENTED_EDGE ( 'NONE', *, *, #3968, .F. ) ;
#210 =( GEOMETRIC_REPRESENTATION_CONTEXT ( 3 ) GLOBAL_UNCERTAINTY_ASSIGNED_CONTEXT ( ( #4570 ) ) GLOBAL_UNIT_ASSIGNED_CONTEXT ( ( #4494, #5469, #3515 ) ) REPRESENTATION_CONTEXT ( 'NONE', 'WORKASPACE' ) );
#211 = CARTESIAN_POINT ( 'NONE',  ( 0.7250000000000000888, 0.05000000000000002359, -1.775000000000000133 ) ) ;
#212 = ORIENTED_EDGE ( 'NONE', *, *, #5152, .F. ) ;
#213 = FACE_OUTER_BOUND ( 'NONE', #2094, .T. ) ;
#214 = ORIENTED_EDGE ( 'NONE', *, *, #4083, .T. ) ;
#215 = DIRECTION ( 'NONE',  ( 1.000000000000000000, 0.0000000000000000000, 0.0000000000000000000 ) ) ;
#216 = DIRECTION ( 'NONE',  ( 0.0000000000000000000, 1.000000000000000000, 0.0000000000000000000 ) ) ;
#217 = CARTESIAN_POINT ( 'NONE',  ( 4.125000000000000000, 3.600000000000000977, -0.07499999999999998335 ) ) ;
#218 =( NAMED_UNIT ( * ) SI_UNIT ( $, .STERADIAN. ) SOLID_ANGLE_UNIT ( ) );
#219 = COLOUR_RGB ( '',1.000000000000000000, 1.000000000000000000, 1.000000000000000000 ) ;
#220 = ORIENTED_EDGE ( 'NONE', *, *, #2177, .F. ) ;
#221 = CARTESIAN_POINT ( 'NONE',  ( -2.274999999999999911, 2.250000000000000000, -2.024999999999999911 ) ) ;
#222 = FILL_AREA_STYLE_COLOUR ( '', #3106 ) ;
#223 = FACE_BOUND ( 'NONE', #6182, .T. ) ;
#224 = ORIENTED_EDGE ( 'NONE', *, *, #4671, .F. ) ;
#225 = EDGE_CURVE ( 'NONE', #5194, #3657, #855, .T. ) ;
#226 = CARTESIAN_POINT ( 'NONE',  ( 1.675000000000000044, 1.649999999999999911, -1.698606797699999893 ) ) ;
#227 =( NAMED_UNIT ( * ) SI_UNIT ( $, .STERADIAN. ) SOLID_ANGLE_UNIT ( ) );
#228 = LINE ( 'NONE', #5985, #5635 ) ;
#229 = ORIENTED_EDGE ( 'NONE', *, *, #3211, .F. ) ;
#230 = EDGE_CURVE ( 'NONE', #6148, #4784, #3281, .T. ) ;
#231 = EDGE_LOOP ( 'NONE', ( #6179, #6102, #5282, #202 ) ) ;
#232 = CARTESIAN_POINT ( 'NONE',  ( -2.475000000000000089, 1.999999999999998668, -1.425000000000000933 ) ) ;
#233 = PLANE ( 'NONE',  #3072 ) ;
#234 = ADVANCED_FACE ( 'NONE', ( #3205 ), #2654, .F. ) ;
#235 = ORIENTED_EDGE ( 'NONE', *, *, #5069, .F. ) ;
#236 = CARTESIAN_POINT ( 'NONE',  ( 1.975000000000000089, 0.0000000000000000000, -1.525000000000000133 ) ) ;
#237 = VECTOR ( 'NONE', #2424, 1000.000000000000000 ) ;
#238 = EDGE_LOOP ( 'NONE', ( #3541, #3077, #82, #2990 ) ) ;
#239 = DIRECTION ( 'NONE',  ( 0.0000000000000000000, 0.0000000000000000000, 1.000000000000000000 ) ) ;
#240 = LINE ( 'NONE', #856, #2681 ) ;
#241 = AXIS2_PLACEMENT_3D ( 'NONE', #2208, #3238, #4713 ) ;
#242 = CARTESIAN_POINT ( 'NONE',  ( 1.985000000000000320, 1.850000000000000089, -2.024999999999999911 ) ) ;
#243 = ORIENTED_EDGE ( 'NONE', *, *, #3385, .F. ) ;
#244 = CARTESIAN_POINT ( 'NONE',  ( 0.8249999999999999556, 1.649999999999999911, -1.474999999999999867 ) ) ;
#245 = CARTESIAN_POINT ( 'NONE',  ( -0.5250000000000000222, 0.3500000000000000333, -2.024999999999999911 ) ) ;
#246 = LINE ( 'NONE', #4107, #1663 ) ;
#247 = UNCERTAINTY_MEASURE_WITH_UNIT (LENGTH_MEASURE( 1.000000000000000082E-05 ), #1195, 'distance_accuracy_value', 'NONE');
#248 = EDGE_LOOP ( 'NONE', ( #70, #5761, #1219, #2662, #570, #1700, #2105, #787, #2716, #5575, #4429, #1903, #4241, #4585, #2922, #4003 ) ) ;
#249 = ORIENTED_EDGE ( 'NONE', *, *, #5945, .T. ) ;
#250 = CARTESIAN_POINT ( 'NONE',  ( 1.675000000000000044, 1.649999999999999911, -1.474999999999999867 ) ) ;
#251 = MECHANICAL_DESIGN_GEOMETRIC_PRESENTATION_REPRESENTATION (  '', ( #605 ), #5475 ) ;
#252 = ORIENTED_EDGE ( 'NONE', *, *, #2569, .F. ) ;
#253 = VERTEX_POINT ( 'NONE', #4565 ) ;
#254 = CARTESIAN_POINT ( 'NONE',  ( -1.875000000000000000, 0.5000000000000000000, 2.024999999999999911 ) ) ;
#255 = ORIENTED_EDGE ( 'NONE', *, *, #3203, .T. ) ;
#256 = PLANE ( 'NONE',  #1433 ) ;
#257 = ORIENTED_EDGE ( 'NONE', *, *, #6231, .F. ) ;
#258 = LINE ( 'NONE', #2633, #174 ) ;
#259 = DIRECTION ( 'NONE',  ( 0.0000000000000000000, 0.0000000000000000000, -1.000000000000000000 ) ) ;
#260 = ORIENTED_EDGE ( 'NONE', *, *, #4501, .F. ) ;
#261 = ORIENTED_EDGE ( 'NONE', *, *, #4261, .T. ) ;
#262 = ORIENTED_EDGE ( 'NONE', *, *, #4378, .T. ) ;
#263 = DIRECTION ( 'NONE',  ( 1.000000000000000000, 0.0000000000000000000, 0.0000000000000000000 ) ) ;
#264 = ORIENTED_EDGE ( 'NONE', *, *, #2870, .T. ) ;
#265 = LINE ( 'NONE', #5119, #1220 ) ;
#266 = DIRECTION ( 'NONE',  ( 1.000000000000000000, 0.0000000000000000000, 0.0000000000000000000 ) ) ;
#267 = ADVANCED_FACE ( 'NONE', ( #553 ), #2676, .T. ) ;
#268 = CARTESIAN_POINT ( 'NONE',  ( -2.274999999999999911, 3.600000000000000977, -1.425000000000000044 ) ) ;
#269 = VERTEX_POINT ( 'NONE', #6058 ) ;
#270 = VERTEX_POINT ( 'NONE', #6242 ) ;
#271 = FILL_AREA_STYLE ('',( #222 ) ) ;
#272 = DIRECTION ( 'NONE',  ( 0.0000000000000000000, 1.000000000000000000, 0.0000000000000000000 ) ) ;
#273 = ORIENTED_EDGE ( 'NONE', *, *, #2351, .T. ) ;
#274 = CARTESIAN_POINT ( 'NONE',  ( -1.175000000000000044, 2.550000000000000266, -1.474999999999999867 ) ) ;
#275 = EDGE_CURVE ( 'NONE', #575, #4133, #6081, .T. ) ;
#276 = LINE ( 'NONE', #6011, #3633 ) ;
#277 = CARTESIAN_POINT ( 'NONE',  ( 1.775000000000000133, 0.5000000000000000000, 0.0000000000000000000 ) ) ;
#278 =( GEOMETRIC_REPRESENTATION_CONTEXT ( 3 ) GLOBAL_UNCERTAINTY_ASSIGNED_CONTEXT ( ( #4653 ) ) GLOBAL_UNIT_ASSIGNED_CONTEXT ( ( #2014, #5491, #3539 ) ) REPRESENTATION_CONTEXT ( 'NONE', 'WORKASPACE' ) );
#279 = EDGE_CURVE ( 'NONE', #6301, #1057, #1399, .T. ) ;
#280 = CARTESIAN_POINT ( 'NONE',  ( -2.274999999999999911, 3.599999999999999201, -0.07500000000000128786 ) ) ;
#281 = VECTOR ( 'NONE', #5818, 1000.000000000000000 ) ;
#282 = FILL_AREA_STYLE ('',( #3278 ) ) ;
#283 = EDGE_CURVE ( 'NONE', #3243, #3898, #5259, .T. ) ;
#284 = CARTESIAN_POINT ( 'NONE',  ( -0.8750000000000000000, 2.250000000000000000, 1.505384757699999909 ) ) ;
#285 = ORIENTED_EDGE ( 'NONE', *, *, #3588, .F. ) ;
#286 = CARTESIAN_POINT ( 'NONE',  ( -2.475000000000000089, 1.999999999999998668, -1.425000000000000933 ) ) ;
#287 = LINE ( 'NONE', #513, #4927 ) ;
#288 = ORIENTED_EDGE ( 'NONE', *, *, #6270, .T. ) ;
#289 = FILL_AREA_STYLE ('',( #1385 ) ) ;
#290 = CARTESIAN_POINT ( 'NONE',  ( 0.07499999999999998335, 1.850000000000000089, -1.474999999999999867 ) ) ;
#291 = DIRECTION ( 'NONE',  ( -0.0000000000000000000, -1.339206523454102177E-15, -1.000000000000000000 ) ) ;
#292 = EDGE_CURVE ( 'NONE', #2319, #37, #1023, .T. ) ;
#293 =( LENGTH_UNIT ( ) NAMED_UNIT ( * ) SI_UNIT ( .MILLI., .METRE. ) );
#294 = ORIENTED_EDGE ( 'NONE', *, *, #6324, .F. ) ;
#295 = DIRECTION ( 'NONE',  ( 0.0000000000000000000, 0.0000000000000000000, 1.000000000000000000 ) ) ;
#296 = PRESENTATION_LAYER_ASSIGNMENT (  '', '', ( #3886 ) ) ;
#297 = FACE_OUTER_BOUND ( 'NONE', #2874, .T. ) ;
#298 = ORIENTED_EDGE ( 'NONE', *, *, #1621, .F. ) ;
#299 = CARTESIAN_POINT ( 'NONE',  ( 1.775000000000000133, 1.350000000000000089, 1.525000000000000133 ) ) ;
#300 = FACE_OUTER_BOUND ( 'NONE', #4195, .T. ) ;
#301 = EDGE_LOOP ( 'NONE', ( #260, #178, #4392, #5227 ) ) ;
#302 = FILL_AREA_STYLE_COLOUR ( '', #5847 ) ;
#303 = LINE ( 'NONE', #830, #5407 ) ;
#304 = ORIENTED_EDGE ( 'NONE', *, *, #622, .F. ) ;
#305 = STYLED_ITEM ( 'NONE', ( #3468 ), #6059 ) ;
#306 = VECTOR ( 'NONE', #1904, 1000.000000000000000 ) ;
#307 = DIRECTION ( 'NONE',  ( 0.0000000000000000000, -1.000000000000000000, 0.0000000000000000000 ) ) ;
#308 = PLANE ( 'NONE',  #3198 ) ;
#309 = ADVANCED_FACE ( 'NONE', ( #4787 ), #1273, .T. ) ;
#310 = VECTOR ( 'NONE', #207, 1000.000000000000000 ) ;
#311 = ORIENTED_EDGE ( 'NONE', *, *, #1857, .T. ) ;
#312 = EDGE_CURVE ( 'NONE', #5526, #5189, #2202, .T. ) ;
#313 = EDGE_LOOP ( 'NONE', ( #2529, #120, #5296, #5157 ) ) ;
#314 = ORIENTED_EDGE ( 'NONE', *, *, #4369, .T. ) ;
#315 = CARTESIAN_POINT ( 'NONE',  ( 3.525000000000000355, 3.600000000000000977, -0.07499999999999998335 ) ) ;
#316 = VERTEX_POINT ( 'NONE', #1736 ) ;
#317 = PLANE ( 'NONE',  #6085 ) ;
#318 = ORIENTED_EDGE ( 'NONE', *, *, #144, .F. ) ;
#319 = EDGE_CURVE ( 'NONE', #122, #846, #849, .T. ) ;
#320 = CARTESIAN_POINT ( 'NONE',  ( -2.500000000000000000, 4.240000000000000213, -0.07499999999999998335 ) ) ;
#321 = ORIENTED_EDGE ( 'NONE', *, *, #4223, .T. ) ;
#322 = ORIENTED_EDGE ( 'NONE', *, *, #2766, .F. ) ;
#323 = EDGE_CURVE ( 'NONE', #4630, #3467, #5628, .T. ) ;
#324 = ORIENTED_EDGE ( 'NONE', *, *, #1754, .F. ) ;
#325 = PLANE ( 'NONE',  #3849 ) ;
#326 =( NAMED_UNIT ( * ) PLANE_ANGLE_UNIT ( ) SI_UNIT ( $, .RADIAN. ) );
#327 = LINE ( 'NONE', #4417, #5719 ) ;
#328 = ORIENTED_EDGE ( 'NONE', *, *, #1093, .T. ) ;
#329 = CARTESIAN_POINT ( 'NONE',  ( 3.525000000000000355, 1.950000000000001732, 2.024999999999999911 ) ) ;
#330 = LINE ( 'NONE', #668, #1747 ) ;
#331 = CARTESIAN_POINT ( 'NONE',  ( -2.500000000000000000, 4.240000000000000213, 2.024999999999999911 ) ) ;
#332 = VERTEX_POINT ( 'NONE', #1773 ) ;
#333 = VERTEX_POINT ( 'NONE', #719 ) ;
#334 = EDGE_LOOP ( 'NONE', ( #2803, #3829, #745, #5787, #1971, #4924 ) ) ;
#335 = EDGE_CURVE ( 'NONE', #2996, #4877, #1881, .T. ) ;
#336 = DIRECTION ( 'NONE',  ( 0.0000000000000000000, -0.0000000000000000000, -1.000000000000000000 ) ) ;
#337 = ORIENTED_EDGE ( 'NONE', *, *, #4818, .F. ) ;
#338 =( NAMED_UNIT ( * ) PLANE_ANGLE_UNIT ( ) SI_UNIT ( $, .RADIAN. ) );
#339 = AXIS2_PLACEMENT_3D ( 'NONE', #3500, #1413, #2928 ) ;
#340 = CARTESIAN_POINT ( 'NONE',  ( 2.875000000000000000, 1.000000000000000000, -1.525000000000000133 ) ) ;
#341 = VECTOR ( 'NONE', #1543, 1000.000000000000000 ) ;
#342 = DIRECTION ( 'NONE',  ( 0.0000000000000000000, -1.000000000000000000, 0.0000000000000000000 ) ) ;
#343 = ORIENTED_EDGE ( 'NONE', *, *, #959, .T. ) ;
#344 = CARTESIAN_POINT ( 'NONE',  ( -0.5250000000000000222, 0.0000000000000000000, -1.525000000000000133 ) ) ;
#345 = LINE ( 'NONE', #3824, #660 ) ;
#346 = ADVANCED_FACE ( 'NONE', ( #5013 ), #233, .F. ) ;
#347 = VECTOR ( 'NONE', #1476, 1000.000000000000000 ) ;
#348 = PLANE ( 'NONE',  #6212 ) ;
#349 = STYLED_ITEM ( 'NONE', ( #5162 ), #4778 ) ;
#350 = VECTOR ( 'NONE', #60, 1000.000000000000000 ) ;
#351 = EDGE_LOOP ( 'NONE', ( #2325, #4866, #96, #1107, #3166, #6302, #209, #4048, #489, #6035, #4973, #3806, #5436, #5105, #3746, #4388 ) ) ;
#352 = VECTOR ( 'NONE', #695, 1000.000000000000000 ) ;
#353 = LINE ( 'NONE', #3785, #4758 ) ;
#354 = FILL_AREA_STYLE ('',( #1358 ) ) ;
#355 = ORIENTED_EDGE ( 'NONE', *, *, #5152, .T. ) ;
#356 = ORIENTED_EDGE ( 'NONE', *, *, #5486, .T. ) ;
#357 = COLOUR_RGB ( '',1.000000000000000000, 1.000000000000000000, 1.000000000000000000 ) ;
#358 = DIRECTION ( 'NONE',  ( -0.0000000000000000000, 1.000000000000000000, 0.0000000000000000000 ) ) ;
#359 = DIRECTION ( 'NONE',  ( -1.000000000000000000, 0.0000000000000000000, 0.0000000000000000000 ) ) ;
#360 = EDGE_CURVE ( 'NONE', #4775, #1261, #5937, .T. ) ;
#361 = DIRECTION ( 'NONE',  ( 0.0000000000000000000, 0.0000000000000000000, 1.000000000000000000 ) ) ;
#362 = VECTOR ( 'NONE', #6354, 1000.000000000000000 ) ;
#363 = VECTOR ( 'NONE', #4892, 1000.000000000000000 ) ;
#364 = CARTESIAN_POINT ( 'NONE',  ( 0.7249999999999999778, 0.5000000000000000000, 0.0000000000000000000 ) ) ;
#365 = CARTESIAN_POINT ( 'NONE',  ( -0.5250000000000000222, 0.3500000000000000333, -2.024999999999999911 ) ) ;
#366 = DIRECTION ( 'NONE',  ( -1.000000000000000000, -0.0000000000000000000, -0.0000000000000000000 ) ) ;
#367 = FACE_BOUND ( 'NONE', #2995, .T. ) ;
#368 = CARTESIAN_POINT ( 'NONE',  ( -1.375000000000000000, 3.149999999999999911, 2.024999999999999911 ) ) ;
#369 = EDGE_CURVE ( 'NONE', #2836, #3014, #3509, .T. ) ;
#370 = VECTOR ( 'NONE', #2642, 1000.000000000000000 ) ;
#371 = ORIENTED_EDGE ( 'NONE', *, *, #3559, .F. ) ;
#372 = VECTOR ( 'NONE', #1441, 1000.000000000000000 ) ;
#373 =( GEOMETRIC_REPRESENTATION_CONTEXT ( 3 ) GLOBAL_UNCERTAINTY_ASSIGNED_CONTEXT ( ( #1424 ) ) GLOBAL_UNIT_ASSIGNED_CONTEXT ( ( #5041, #1593, #5962 ) ) REPRESENTATION_CONTEXT ( 'NONE', 'WORKASPACE' ) );
#374 = PLANE ( 'NONE',  #679 ) ;
#375 = CARTESIAN_POINT ( 'NONE',  ( 3.725000000000000533, 4.249999999999992895, -0.07499999999999976130 ) ) ;
#376 = ADVANCED_FACE ( 'NONE', ( #4321 ), #3258, .T. ) ;
#377 =( LENGTH_UNIT ( ) NAMED_UNIT ( * ) SI_UNIT ( .MILLI., .METRE. ) );
#378 = LINE ( 'NONE', #6195, #466 ) ;
#379 = ORIENTED_EDGE ( 'NONE', *, *, #2587, .T. ) ;
#380 = PLANE ( 'NONE',  #2647 ) ;
#381 = VERTEX_POINT ( 'NONE', #6170 ) ;
#382 = LINE ( 'NONE', #3155, #4179 ) ;
#383 = DIRECTION ( 'NONE',  ( 0.0000000000000000000, 0.0000000000000000000, 1.000000000000000000 ) ) ;
#384 = DIRECTION ( 'NONE',  ( 0.0000000000000000000, 0.0000000000000000000, -1.000000000000000000 ) ) ;
#385 = CARTESIAN_POINT ( 'NONE',  ( 3.706138830084190428, 2.750000000000000000, -0.4749999999999999778 ) ) ;
#386 = PRESENTATION_STYLE_ASSIGNMENT (( #1293 ) ) ;
#387 = ORIENTED_EDGE ( 'NONE', *, *, #4864, .F. ) ;
#388 = SURFACE_STYLE_FILL_AREA ( #2763 ) ;
#389 = ORIENTED_EDGE ( 'NONE', *, *, #4934, .T. ) ;
#390 = SURFACE_STYLE_USAGE ( .BOTH. , #4898 ) ;
#391 = DIRECTION ( 'NONE',  ( 0.0000000000000000000, 1.000000000000000000, 0.0000000000000000000 ) ) ;
#392 = VECTOR ( 'NONE', #2497, 1000.000000000000000 ) ;
#393 = VERTEX_POINT ( 'NONE', #4832 ) ;
#394 = ORIENTED_EDGE ( 'NONE', *, *, #2067, .F. ) ;
#395 = FACE_OUTER_BOUND ( 'NONE', #5524, .T. ) ;
#396 = ORIENTED_EDGE ( 'NONE', *, *, #4291, .T. ) ;
#397 = AXIS2_PLACEMENT_3D ( 'NONE', #581, #4472, #3516 ) ;
#398 = ORIENTED_EDGE ( 'NONE', *, *, #3901, .F. ) ;
#399 = CARTESIAN_POINT ( 'NONE',  ( 1.765000000000000124, 1.000000000000000000, -1.474999999999999867 ) ) ;
#400 = DIRECTION ( 'NONE',  ( 1.000000000000000000, 0.0000000000000000000, 0.0000000000000000000 ) ) ;
#401 = PRODUCT_DEFINITION_CONTEXT ( 'detailed design', #5844, 'design' ) ;
#402 = DIRECTION ( 'NONE',  ( 0.0000000000000000000, 1.000000000000000000, 0.0000000000000000000 ) ) ;
#403 = DIRECTION ( 'NONE',  ( 1.000000000000000000, 0.0000000000000000000, 0.0000000000000000000 ) ) ;
#404 = VECTOR ( 'NONE', #5641, 1000.000000000000000 ) ;
#405 = EDGE_CURVE ( 'NONE', #2772, #270, #6147, .T. ) ;
#406 = VERTEX_POINT ( 'NONE', #1819 ) ;
#407 = DIRECTION ( 'NONE',  ( 0.0000000000000000000, -1.000000000000000000, 0.0000000000000000000 ) ) ;
#408 = ORIENTED_EDGE ( 'NONE', *, *, #2143, .T. ) ;
#409 = STYLED_ITEM ( 'NONE', ( #669 ), #1699 ) ;
#410 = DIRECTION ( 'NONE',  ( 0.0000000000000000000, -3.295974604355854593E-17, -1.000000000000000000 ) ) ;
#411 = EDGE_CURVE ( 'NONE', #4335, #6226, #2429, .T. ) ;
#412 = VECTOR ( 'NONE', #1787, 1000.000000000000000 ) ;
#413 = ADVANCED_FACE ( 'NONE', ( #3589 ), #4285, .T. ) ;
#414 = EDGE_CURVE ( 'NONE', #1490, #3243, #1489, .T. ) ;
#415 = CLOSED_SHELL ( 'NONE', ( #3712, #444, #4426, #3037, #71, #4619, #1932, #5931 ) ) ;
#416 = DIRECTION ( 'NONE',  ( 0.0000000000000000000, 1.000000000000000000, 0.0000000000000000000 ) ) ;
#417 = LINE ( 'NONE', #2110, #4887 ) ;
#418 = ORIENTED_EDGE ( 'NONE', *, *, #2569, .T. ) ;
#419 = ORIENTED_EDGE ( 'NONE', *, *, #3253, .T. ) ;
#420 = ORIENTED_EDGE ( 'NONE', *, *, #3451, .F. ) ;
#421 = LINE ( 'NONE', #4843, #4971 ) ;
#422 = VERTEX_POINT ( 'NONE', #6238 ) ;
#423 = CARTESIAN_POINT ( 'NONE',  ( 1.985000000000000320, 1.850000000000000089, -2.024999999999999911 ) ) ;
#424 = VECTOR ( 'NONE', #259, 1000.000000000000000 ) ;
#425 = DIRECTION ( 'NONE',  ( 0.0000000000000000000, 1.000000000000000000, 0.0000000000000000000 ) ) ;
#426 = FACE_OUTER_BOUND ( 'NONE', #2937, .T. ) ;
#427 = EDGE_CURVE ( 'NONE', #3132, #2376, #3814, .T. ) ;
#428 = DIRECTION ( 'NONE',  ( 0.0000000000000000000, 0.0000000000000000000, 1.000000000000000000 ) ) ;
#429 = EDGE_LOOP ( 'NONE', ( #600, #6241, #3061, #651, #4524, #6023, #5779, #2740, #2560, #1799, #5101, #6116, #1980, #6365, #2035, #708, #1791, #2250, #4938, #1981, #6135, #4430, #2371, #4478, #30, #4745, #979, #920, #5629, #1993, #396, #481 ) ) ;
#430 = CARTESIAN_POINT ( 'NONE',  ( 3.525000000000000355, 3.599999999999999201, -0.07500000000000128786 ) ) ;
#431 = DIRECTION ( 'NONE',  ( 0.0000000000000000000, 1.000000000000000000, 0.0000000000000000000 ) ) ;
#432 = ORIENTED_EDGE ( 'NONE', *, *, #4917, .F. ) ;
#433 = EDGE_LOOP ( 'NONE', ( #1286, #1280, #6155, #5926 ) ) ;
#434 = AXIS2_PLACEMENT_3D ( 'NONE', #3795, #1768, #6143 ) ;
#435 = CARTESIAN_POINT ( 'NONE',  ( -0.5250000000000000222, 1.350000000000000089, -1.525000000000000133 ) ) ;
#436 = CARTESIAN_POINT ( 'NONE',  ( -0.5250000000000000222, 1.350000000000000089, 1.525000000000000133 ) ) ;
#437 = LINE ( 'NONE', #4116, #5533 ) ;
#438 = VECTOR ( 'NONE', #4544, 1000.000000000000000 ) ;
#439 = VECTOR ( 'NONE', #6097, 1000.000000000000000 ) ;
#440 = EDGE_CURVE ( 'NONE', #3052, #1274, #5254, .T. ) ;
#441 = VECTOR ( 'NONE', #1826, 1000.000000000000000 ) ;
#442 = CARTESIAN_POINT ( 'NONE',  ( 3.625000000000000000, 3.750000000000000000, 0.02500000000000000139 ) ) ;
#443 = CARTESIAN_POINT ( 'NONE',  ( 0.7249999999999999778, 0.0000000000000000000, 2.024999999999999911 ) ) ;
#444 = ADVANCED_FACE ( 'NONE', ( #5925 ), #1313, .F. ) ;
#445 = PLANE ( 'NONE',  #2978 ) ;
#446 = DIRECTION ( 'NONE',  ( 0.0000000000000000000, 0.0000000000000000000, 1.000000000000000000 ) ) ;
#447 = EDGE_CURVE ( 'NONE', #2677, #1527, #3973, .T. ) ;
#448 = LINE ( 'NONE', #5602, #5989 ) ;
#449 = CARTESIAN_POINT ( 'NONE',  ( -0.7249999999999999778, 1.649999999999999911, 2.024999999999999911 ) ) ;
#450 = DIRECTION ( 'NONE',  ( 1.000000000000000000, 0.0000000000000000000, 0.0000000000000000000 ) ) ;
#451 = VECTOR ( 'NONE', #1309, 1000.000000000000000 ) ;
#452 = VERTEX_POINT ( 'NONE', #1352 ) ;
#453 = EDGE_CURVE ( 'NONE', #1600, #3455, #378, .T. ) ;
#454 = CARTESIAN_POINT ( 'NONE',  ( 1.975000000000000089, -0.004464445899999999919, 0.003975566199999999890 ) ) ;
#455 =( NAMED_UNIT ( * ) SI_UNIT ( $, .STERADIAN. ) SOLID_ANGLE_UNIT ( ) );
#456 = DIRECTION ( 'NONE',  ( -1.000000000000000000, 0.0000000000000000000, -0.0000000000000000000 ) ) ;
#457 = VERTEX_POINT ( 'NONE', #2832 ) ;
#458 = LINE ( 'NONE', #5966, #2504 ) ;
#459 = ORIENTED_EDGE ( 'NONE', *, *, #4017, .F. ) ;
#460 = DIRECTION ( 'NONE',  ( -1.000000000000000000, 0.0000000000000000000, 0.0000000000000000000 ) ) ;
#461 = PRESENTATION_STYLE_ASSIGNMENT (( #786 ) ) ;
#462 = DIRECTION ( 'NONE',  ( 0.0000000000000000000, 0.0000000000000000000, -1.000000000000000000 ) ) ;
#463 = MANIFOLD_SOLID_BREP ( 'Combine3', #6050 ) ;
#464 = FACE_OUTER_BOUND ( 'NONE', #4404, .T. ) ;
#465 = EDGE_LOOP ( 'NONE', ( #6007, #1177, #1288, #1138 ) ) ;
#466 = VECTOR ( 'NONE', #366, 1000.000000000000000 ) ;
#467 = ORIENTED_EDGE ( 'NONE', *, *, #6362, .T. ) ;
#468 = DIRECTION ( 'NONE',  ( 0.0000000000000000000, 1.000000000000000000, 0.0000000000000000000 ) ) ;
#469 = DIRECTION ( 'NONE',  ( 1.000000000000000000, 0.0000000000000000000, 0.0000000000000000000 ) ) ;
#470 = STYLED_ITEM ( 'NONE', ( #5507 ), #2639 ) ;
#471 = DIRECTION ( 'NONE',  ( 0.0000000000000000000, -1.000000000000000000, 0.0000000000000000000 ) ) ;
#472 = LINE ( 'NONE', #1250, #6079 ) ;
#473 = ORIENTED_EDGE ( 'NONE', *, *, #360, .F. ) ;
#474 = DIRECTION ( 'NONE',  ( 0.0000000000000000000, 0.6650335612228979176, -0.7468134723257140450 ) ) ;
#475 = ORIENTED_EDGE ( 'NONE', *, *, #2224, .F. ) ;
#476 = ORIENTED_EDGE ( 'NONE', *, *, #1874, .T. ) ;
#477 = VERTEX_POINT ( 'NONE', #5315 ) ;
#478 = DIRECTION ( 'NONE',  ( -1.000000000000000000, 0.0000000000000000000, 0.0000000000000000000 ) ) ;
#479 =( GEOMETRIC_REPRESENTATION_CONTEXT ( 3 ) GLOBAL_UNCERTAINTY_ASSIGNED_CONTEXT ( ( #1706 ) ) GLOBAL_UNIT_ASSIGNED_CONTEXT ( ( #1373, #4790, #4808 ) ) REPRESENTATION_CONTEXT ( 'NONE', 'WORKASPACE' ) );
#480 = DIRECTION ( 'NONE',  ( 1.000000000000000000, 0.0000000000000000000, 0.0000000000000000000 ) ) ;
#481 = ORIENTED_EDGE ( 'NONE', *, *, #1928, .T. ) ;
#482 = DIRECTION ( 'NONE',  ( 0.0000000000000000000, 0.0000000000000000000, -1.000000000000000000 ) ) ;
#483 = STYLED_ITEM ( 'NONE', ( #1554 ), #4749 ) ;
#484 = ORIENTED_EDGE ( 'NONE', *, *, #6351, .T. ) ;
#485 = ADVANCED_FACE ( 'NONE', ( #300 ), #4093, .F. ) ;
#486 = FILL_AREA_STYLE_COLOUR ( '', #5320 ) ;
#487 = VECTOR ( 'NONE', #5009, 1000.000000000000000 ) ;
#488 = ORIENTED_EDGE ( 'NONE', *, *, #2750, .T. ) ;
#489 = ORIENTED_EDGE ( 'NONE', *, *, #4590, .F. ) ;
#490 = CARTESIAN_POINT ( 'NONE',  ( 1.975000000000000089, -0.6500000000000000222, -2.075000000000000178 ) ) ;
#491 = ORIENTED_EDGE ( 'NONE', *, *, #283, .F. ) ;
#492 = CARTESIAN_POINT ( 'NONE',  ( 2.075000000000000622, 1.850000000000000089, 2.024999999999999911 ) ) ;
#493 = VERTEX_POINT ( 'NONE', #3339 ) ;
#494 = VECTOR ( 'NONE', #3223, 1000.000000000000000 ) ;
#495 = CARTESIAN_POINT ( 'NONE',  ( 0.7349999999999999867, 0.0000000000000000000, -1.474999999999999867 ) ) ;
#496 = DIRECTION ( 'NONE',  ( 0.0000000000000000000, 1.000000000000000000, 0.0000000000000000000 ) ) ;
#497 = DIRECTION ( 'NONE',  ( 0.0000000000000000000, -1.000000000000000000, 0.0000000000000000000 ) ) ;
#498 = ORIENTED_EDGE ( 'NONE', *, *, #4040, .F. ) ;
#499 = DIRECTION ( 'NONE',  ( 0.0000000000000000000, -1.000000000000000000, 0.0000000000000000000 ) ) ;
#500 = EDGE_CURVE ( 'NONE', #4616, #4133, #2050, .T. ) ;
#501 = LINE ( 'NONE', #4355, #4279 ) ;
#502 = MECHANICAL_DESIGN_GEOMETRIC_PRESENTATION_REPRESENTATION (  '', ( #5191 ), #1409 ) ;
#503 = CARTESIAN_POINT ( 'NONE',  ( 3.125000000000000000, 1.850000000000000089, -1.474999999999999867 ) ) ;
#504 = ORIENTED_EDGE ( 'NONE', *, *, #4839, .F. ) ;
#505 = VERTEX_POINT ( 'NONE', #5427 ) ;
#506 = DIRECTION ( 'NONE',  ( -1.000000000000000000, 0.0000000000000000000, 0.0000000000000000000 ) ) ;
#507 = CARTESIAN_POINT ( 'NONE',  ( 0.5250000000000000222, 1.000000000000000000, 0.0000000000000000000 ) ) ;
#508 = LINE ( 'NONE', #3982, #2760 ) ;
#509 = ORIENTED_EDGE ( 'NONE', *, *, #4421, .F. ) ;
#510 = CARTESIAN_POINT ( 'NONE',  ( 0.8249999999999999556, 1.850000000000000089, -1.474999999999999867 ) ) ;
#511 = EDGE_CURVE ( 'NONE', #6084, #2082, #2127, .T. ) ;
#512 = LINE ( 'NONE', #2064, #5124 ) ;
#513 = CARTESIAN_POINT ( 'NONE',  ( -1.175000000000000044, 1.850000000000000089, -1.474999999999999867 ) ) ;
#514 = ORIENTED_EDGE ( 'NONE', *, *, #3338, .T. ) ;
#515 = DIRECTION ( 'NONE',  ( 0.0000000000000000000, 1.000000000000000000, 0.0000000000000000000 ) ) ;
#516 = VECTOR ( 'NONE', #307, 1000.000000000000000 ) ;
#517 = DIRECTION ( 'NONE',  ( 0.0000000000000000000, 1.000000000000000000, 0.0000000000000000000 ) ) ;
#518 = FACE_OUTER_BOUND ( 'NONE', #3764, .T. ) ;
#519 = ORIENTED_EDGE ( 'NONE', *, *, #414, .T. ) ;
#520 = SURFACE_SIDE_STYLE ('',( #825 ) ) ;
#521 = DIRECTION ( 'NONE',  ( 0.0000000000000000000, 0.0000000000000000000, 1.000000000000000000 ) ) ;
#522 = ADVANCED_FACE ( 'NONE', ( #5478 ), #2939, .F. ) ;
#523 = CARTESIAN_POINT ( 'NONE',  ( 0.7250000000000000888, 1.649999999999999911, -1.698606797699999893 ) ) ;
#524 = ORIENTED_EDGE ( 'NONE', *, *, #1973, .T. ) ;
#525 = EDGE_CURVE ( 'NONE', #477, #6171, #129, .T. ) ;
#526 = AXIS2_PLACEMENT_3D ( 'NONE', #5606, #183, #1206 ) ;
#527 = FACE_OUTER_BOUND ( 'NONE', #2155, .T. ) ;
#528 = PLANE ( 'NONE',  #1617 ) ;
#529 = FILL_AREA_STYLE_COLOUR ( '', #1703 ) ;
#530 = CARTESIAN_POINT ( 'NONE',  ( 0.8249999999999999556, 1.850000000000000089, 2.024999999999999911 ) ) ;
#531 = DIRECTION ( 'NONE',  ( 1.000000000000000000, 0.0000000000000000000, 0.0000000000000000000 ) ) ;
#532 = CARTESIAN_POINT ( 'NONE',  ( -0.5250000000000000222, -0.6500000000000000222, -1.775000000000000133 ) ) ;
#533 = VECTOR ( 'NONE', #548, 1000.000000000000000 ) ;
#534 = LINE ( 'NONE', #955, #3873 ) ;
#535 = SURFACE_STYLE_USAGE ( .BOTH. , #3557 ) ;
#536 = EDGE_CURVE ( 'NONE', #5695, #5338, #549, .T. ) ;
#537 = LINE ( 'NONE', #1725, #2186 ) ;
#538 = ORIENTED_EDGE ( 'NONE', *, *, #6163, .F. ) ;
#539 = SURFACE_STYLE_USAGE ( .BOTH. , #1623 ) ;
#540 = MECHANICAL_DESIGN_GEOMETRIC_PRESENTATION_REPRESENTATION (  '', ( #409 ), #3092 ) ;
#541 = VECTOR ( 'NONE', #3204, 1000.000000000000000 ) ;
#542 = ORIENTED_EDGE ( 'NONE', *, *, #275, .F. ) ;
#543 = EDGE_CURVE ( 'NONE', #2795, #3897, #3192, .T. ) ;
#544 = LINE ( 'NONE', #1312, #4774 ) ;
#545 = ORIENTED_EDGE ( 'NONE', *, *, #2347, .F. ) ;
#546 = EDGE_CURVE ( 'NONE', #6084, #4046, #3811, .T. ) ;
#547 = PLANE ( 'NONE',  #4882 ) ;
#548 = DIRECTION ( 'NONE',  ( -1.000000000000000000, 0.0000000000000000000, 0.0000000000000000000 ) ) ;
#549 = LINE ( 'NONE', #5363, #4318 ) ;
#550 = ORIENTED_EDGE ( 'NONE', *, *, #3167, .T. ) ;
#551 = ADVANCED_FACE ( 'NONE', ( #3042 ), #1668, .T. ) ;
#552 = ORIENTED_EDGE ( 'NONE', *, *, #3963, .T. ) ;
#553 = FACE_OUTER_BOUND ( 'NONE', #1888, .T. ) ;
#554 = VERTEX_POINT ( 'NONE', #5907 ) ;
#555 =( NAMED_UNIT ( * ) SI_UNIT ( $, .STERADIAN. ) SOLID_ANGLE_UNIT ( ) );
#556 = ORIENTED_EDGE ( 'NONE', *, *, #6051, .T. ) ;
#557 = EDGE_CURVE ( 'NONE', #5829, #5640, #2946, .T. ) ;
#558 = DIRECTION ( 'NONE',  ( -0.0000000000000000000, 1.000000000000000000, 0.0000000000000000000 ) ) ;
#559 = VECTOR ( 'NONE', #5118, 1000.000000000000000 ) ;
#560 = ORIENTED_EDGE ( 'NONE', *, *, #4333, .F. ) ;
#561 = STYLED_ITEM ( 'NONE', ( #5782 ), #3730 ) ;
#562 = FILL_AREA_STYLE_COLOUR ( '', #3636 ) ;
#563 = CARTESIAN_POINT ( 'NONE',  ( 4.125000000000000000, 3.600000000000000977, -1.425000000000000044 ) ) ;
#564 =( NAMED_UNIT ( * ) PLANE_ANGLE_UNIT ( ) SI_UNIT ( $, .RADIAN. ) );
#565 = ORIENTED_EDGE ( 'NONE', *, *, #5281, .F. ) ;
#566 = VERTEX_POINT ( 'NONE', #368 ) ;
#567 = DIRECTION ( 'NONE',  ( 1.000000000000000000, 0.0000000000000000000, 0.0000000000000000000 ) ) ;
#568 = AXIS2_PLACEMENT_3D ( 'NONE', #5343, #873, #471 ) ;
#569 = EDGE_LOOP ( 'NONE', ( #1456, #3981, #896, #2271 ) ) ;
#570 = ORIENTED_EDGE ( 'NONE', *, *, #2477, .F. ) ;
#571 = DIRECTION ( 'NONE',  ( 0.0000000000000000000, -1.000000000000000000, 0.0000000000000000000 ) ) ;
#572 = VERTEX_POINT ( 'NONE', #5297 ) ;
#573 = CARTESIAN_POINT ( 'NONE',  ( 1.975000000000000089, 0.5000000000000000000, 2.024999999999999911 ) ) ;
#574 = VECTOR ( 'NONE', #3348, 1000.000000000000000 ) ;
#575 = VERTEX_POINT ( 'NONE', #3857 ) ;
#576 = FACE_OUTER_BOUND ( 'NONE', #6002, .T. ) ;
#577 = EDGE_CURVE ( 'NONE', #4263, #5425, #2726, .T. ) ;
#578 = CARTESIAN_POINT ( 'NONE',  ( 3.125000000000000000, 3.750000000000000000, -2.024999999999999911 ) ) ;
#579 = LINE ( 'NONE', #6129, #2903 ) ;
#580 = SURFACE_STYLE_USAGE ( .BOTH. , #520 ) ;
#581 = CARTESIAN_POINT ( 'NONE',  ( 0.07500000000000019151, 1.850000000000000089, -1.474999999999999867 ) ) ;
#582 = ADVANCED_FACE ( 'NONE', ( #5005 ), #5401, .T. ) ;
#583 =( NAMED_UNIT ( * ) SI_UNIT ( $, .STERADIAN. ) SOLID_ANGLE_UNIT ( ) );
#584 = CARTESIAN_POINT ( 'NONE',  ( 0.4249999999999999889, 1.649999999999999911, -1.474999999999999867 ) ) ;
#585 = EDGE_LOOP ( 'NONE', ( #5263, #4652, #68, #1852 ) ) ;
#586 = EDGE_CURVE ( 'NONE', #5106, #703, #1480, .T. ) ;
#587 = ORIENTED_EDGE ( 'NONE', *, *, #57, .F. ) ;
#588 = VECTOR ( 'NONE', #1327, 1000.000000000000000 ) ;
#589 = CARTESIAN_POINT ( 'NONE',  ( -1.375000000000000000, 3.750000000000000000, -2.024999999999999911 ) ) ;
#590 = VECTOR ( 'NONE', #4905, 1000.000000000000000 ) ;
#591 = CARTESIAN_POINT ( 'NONE',  ( 0.7249999999999999778, 0.0000000000000000000, 2.024999999999999911 ) ) ;
#592 = VECTOR ( 'NONE', #5366, 1000.000000000000000 ) ;
#593 = ORIENTED_EDGE ( 'NONE', *, *, #5382, .F. ) ;
#594 = CARTESIAN_POINT ( 'NONE',  ( 1.775000000000000133, 1.000000000000000000, 0.0000000000000000000 ) ) ;
#595 = VECTOR ( 'NONE', #6077, 1000.000000000000000 ) ;
#596 = DIRECTION ( 'NONE',  ( 0.0000000000000000000, -1.000000000000000000, -3.212450881438532635E-15 ) ) ;
#597 = AXIS2_PLACEMENT_3D ( 'NONE', #1029, #4957, #6296 ) ;
#598 = ORIENTED_EDGE ( 'NONE', *, *, #440, .T. ) ;
#599 = ORIENTED_EDGE ( 'NONE', *, *, #3105, .F. ) ;
#600 = ORIENTED_EDGE ( 'NONE', *, *, #5819, .F. ) ;
#601 = CARTESIAN_POINT ( 'NONE',  ( 2.125000000000000000, 3.750000000000000000, 2.024999999999999911 ) ) ;
#602 = ORIENTED_EDGE ( 'NONE', *, *, #2786, .F. ) ;
#603 = AXIS2_PLACEMENT_3D ( 'NONE', #4708, #5687, #697 ) ;
#604 = VECTOR ( 'NONE', #6039, 1000.000000000000000 ) ;
#605 = STYLED_ITEM ( 'NONE', ( #1876 ), #4358 ) ;
#606 = SURFACE_STYLE_USAGE ( .BOTH. , #3627 ) ;
#607 = FACE_OUTER_BOUND ( 'NONE', #5716, .T. ) ;
#608 = CARTESIAN_POINT ( 'NONE',  ( 0.7250000000000000888, 0.0000000000000000000, 0.0000000000000000000 ) ) ;
#609 = VECTOR ( 'NONE', #4124, 1000.000000000000000 ) ;
#610 = ORIENTED_EDGE ( 'NONE', *, *, #144, .T. ) ;
#611 = ADVANCED_FACE ( 'NONE', ( #2273 ), #5424, .T. ) ;
#612 = CARTESIAN_POINT ( 'NONE',  ( -2.875000000000000000, 1.949999999999999512, 2.025000000000007017 ) ) ;
#613 = LINE ( 'NONE', #1639, #2940 ) ;
#614 = ORIENTED_EDGE ( 'NONE', *, *, #4963, .T. ) ;
#615 = PRESENTATION_STYLE_ASSIGNMENT (( #535 ) ) ;
#616 = EDGE_CURVE ( 'NONE', #5608, #4563, #126, .T. ) ;
#617 = CARTESIAN_POINT ( 'NONE',  ( 0.7349999999999999867, 1.850000000000000089, -1.025000000000000133 ) ) ;
#618 = PLANE ( 'NONE',  #2102 ) ;
#619 = CARTESIAN_POINT ( 'NONE',  ( -1.250000000000000000, 0.0000000000000000000, -1.025000000000000133 ) ) ;
#620 = VECTOR ( 'NONE', #3303, 1000.000000000000000 ) ;
#621 = ORIENTED_EDGE ( 'NONE', *, *, #3105, .T. ) ;
#622 = EDGE_CURVE ( 'NONE', #3378, #2375, #3117, .T. ) ;
#623 = ORIENTED_EDGE ( 'NONE', *, *, #3379, .T. ) ;
#624 = PLANE ( 'NONE',  #2862 ) ;
#625 = VECTOR ( 'NONE', #1909, 1000.000000000000000 ) ;
#626 = EDGE_CURVE ( 'NONE', #3709, #779, #5247, .T. ) ;
#627 = ORIENTED_EDGE ( 'NONE', *, *, #1171, .T. ) ;
#628 = VERTEX_POINT ( 'NONE', #3919 ) ;
#629 = ORIENTED_EDGE ( 'NONE', *, *, #3295, .F. ) ;
#630 = VERTEX_POINT ( 'NONE', #490 ) ;
#631 = PLANE ( 'NONE',  #4976 ) ;
#632 = LINE ( 'NONE', #4538, #1889 ) ;
#633 = ORIENTED_EDGE ( 'NONE', *, *, #292, .T. ) ;
#634 = ORIENTED_EDGE ( 'NONE', *, *, #1643, .T. ) ;
#635 = EDGE_LOOP ( 'NONE', ( #4277, #5134, #1063, #2132 ) ) ;
#636 = EDGE_CURVE ( 'NONE', #1364, #4509, #1245, .T. ) ;
#637 = EDGE_LOOP ( 'NONE', ( #6089, #6290, #5994, #3991 ) ) ;
#638 = CARTESIAN_POINT ( 'NONE',  ( 4.125000000000000000, 0.0000000000000000000, -1.525000000000000133 ) ) ;
#639 = AXIS2_PLACEMENT_3D ( 'NONE', #2044, #4936, #5983 ) ;
#640 = ADVANCED_FACE ( 'NONE', ( #5999 ), #3487, .F. ) ;
#641 = DIRECTION ( 'NONE',  ( 0.0000000000000000000, -1.000000000000000000, 0.0000000000000000000 ) ) ;
#642 = ORIENTED_EDGE ( 'NONE', *, *, #65, .T. ) ;
#643 = DIRECTION ( 'NONE',  ( 0.0000000000000000000, -1.339206523454102177E-15, -1.000000000000000000 ) ) ;
#644 = LINE ( 'NONE', #3452, #712 ) ;
#645 = DIRECTION ( 'NONE',  ( 1.000000000000000000, 0.0000000000000000000, 0.0000000000000000000 ) ) ;
#646 = ORIENTED_EDGE ( 'NONE', *, *, #4913, .T. ) ;
#647 = VECTOR ( 'NONE', #131, 1000.000000000000114 ) ;
#648 = ORIENTED_EDGE ( 'NONE', *, *, #3420, .F. ) ;
#649 = CARTESIAN_POINT ( 'NONE',  ( -2.475000000000000089, 1.999999999999998668, -1.425000000000000933 ) ) ;
#650 = FILL_AREA_STYLE_COLOUR ( '', #5136 ) ;
#651 = ORIENTED_EDGE ( 'NONE', *, *, #3999, .T. ) ;
#652 = EDGE_CURVE ( 'NONE', #5089, #4773, #2578, .T. ) ;
#653 = ORIENTED_EDGE ( 'NONE', *, *, #5536, .T. ) ;
#654 = FACE_OUTER_BOUND ( 'NONE', #1265, .T. ) ;
#655 = LINE ( 'NONE', #1895, #3386 ) ;
#656 = ORIENTED_EDGE ( 'NONE', *, *, #3914, .F. ) ;
#657 = CARTESIAN_POINT ( 'NONE',  ( -1.175000000000000044, 2.550000000000000266, 2.024999999999999911 ) ) ;
#658 = EDGE_CURVE ( 'NONE', #5011, #6132, #3422, .T. ) ;
#659 = DIRECTION ( 'NONE',  ( 1.000000000000000000, 0.0000000000000000000, 0.0000000000000000000 ) ) ;
#660 = VECTOR ( 'NONE', #2345, 1000.000000000000000 ) ;
#661 = CARTESIAN_POINT ( 'NONE',  ( 0.7249999999999999778, 1.000000000000000000, 0.0000000000000000000 ) ) ;
#662 = EDGE_CURVE ( 'NONE', #5057, #4406, #2422, .T. ) ;
#663 = FACE_OUTER_BOUND ( 'NONE', #465, .T. ) ;
#664 = DIRECTION ( 'NONE',  ( 0.0000000000000000000, 1.000000000000000000, 0.0000000000000000000 ) ) ;
#665 = DIRECTION ( 'NONE',  ( 1.000000000000000000, 0.0000000000000000000, -0.0000000000000000000 ) ) ;
#666 = VECTOR ( 'NONE', #2855, 1000.000000000000000 ) ;
#667 = CARTESIAN_POINT ( 'NONE',  ( -2.024999999999999911, 4.240000000000000213, -1.925000000000000044 ) ) ;
#668 = CARTESIAN_POINT ( 'NONE',  ( 3.525000000000000355, 0.6000000000000024203, 1.375000000000002442 ) ) ;
#669 = PRESENTATION_STYLE_ASSIGNMENT (( #5668 ) ) ;
#670 = CARTESIAN_POINT ( 'NONE',  ( -0.7249999999999999778, 1.649999999999999911, -1.474999999999999867 ) ) ;
#671 = LINE ( 'NONE', #375, #4906 ) ;
#672 = ORIENTED_EDGE ( 'NONE', *, *, #652, .T. ) ;
#673 = EDGE_CURVE ( 'NONE', #3924, #5776, #4114, .T. ) ;
#674 = LINE ( 'NONE', #1186, #1074 ) ;
#675 = CARTESIAN_POINT ( 'NONE',  ( 3.125000000000000000, 1.850000000000000089, -1.474999999999999867 ) ) ;
#676 = ADVANCED_FACE ( 'NONE', ( #3729 ), #1601, .F. ) ;
#677 = LINE ( 'NONE', #3013, #910 ) ;
#678 = DIRECTION ( 'NONE',  ( 0.0000000000000000000, 1.000000000000000000, 3.558407130208835834E-15 ) ) ;
#679 = AXIS2_PLACEMENT_3D ( 'NONE', #3427, #2465, #5792 ) ;
#680 = AXIS2_PLACEMENT_3D ( 'NONE', #986, #2344, #1325 ) ;
#681 = CARTESIAN_POINT ( 'NONE',  ( -2.274999999999999911, 1.999999999999997780, -2.075000000000008615 ) ) ;
#682 = LINE ( 'NONE', #1178, #834 ) ;
#683 = VERTEX_POINT ( 'NONE', #1423 ) ;
#684 = DIRECTION ( 'NONE',  ( 0.0000000000000000000, 0.0000000000000000000, 1.000000000000000000 ) ) ;
#685 = LINE ( 'NONE', #5969, #2936 ) ;
#686 = ORIENTED_EDGE ( 'NONE', *, *, #4421, .T. ) ;
#687 = ORIENTED_EDGE ( 'NONE', *, *, #3580, .F. ) ;
#688 = VECTOR ( 'NONE', #5113, 1000.000000000000000 ) ;
#689 = CARTESIAN_POINT ( 'NONE',  ( 0.5249999999999999112, -0.6500000000000000222, -1.775000000000000133 ) ) ;
#690 = DIRECTION ( 'NONE',  ( 0.0000000000000000000, 1.000000000000000000, -3.295974604355814534E-17 ) ) ;
#691 = CARTESIAN_POINT ( 'NONE',  ( 1.975000000000000089, 1.315130797599999957, 1.171117220399999770 ) ) ;
#692 = VERTEX_POINT ( 'NONE', #4534 ) ;
#693 = EDGE_CURVE ( 'NONE', #867, #2663, #6142, .T. ) ;
#694 = CARTESIAN_POINT ( 'NONE',  ( 3.725000000000000533, 1.999999999999997780, -2.075000000000008615 ) ) ;
#695 = DIRECTION ( 'NONE',  ( 0.0000000000000000000, -1.000000000000000000, 0.0000000000000000000 ) ) ;
#696 = ORIENTED_EDGE ( 'NONE', *, *, #4297, .F. ) ;
#697 = DIRECTION ( 'NONE',  ( 0.0000000000000000000, -1.000000000000000000, 0.0000000000000000000 ) ) ;
#698 = CARTESIAN_POINT ( 'NONE',  ( -0.5150000000000000133, 1.850000000000000089, -1.025000000000000133 ) ) ;
#699 = ORIENTED_EDGE ( 'NONE', *, *, #1669, .F. ) ;
#700 = CARTESIAN_POINT ( 'NONE',  ( -0.5250000000000000222, 1.000000000000000000, 0.0000000000000000000 ) ) ;
#701 = VECTOR ( 'NONE', #123, 1000.000000000000000 ) ;
#702 = EDGE_CURVE ( 'NONE', #3286, #5169, #5839, .T. ) ;
#703 = VERTEX_POINT ( 'NONE', #3062 ) ;
#704 = PLANE ( 'NONE',  #3989 ) ;
#705 = ADVANCED_FACE ( 'NONE', ( #1953 ), #35, .F. ) ;
#706 = VECTOR ( 'NONE', #3646, 1000.000000000000000 ) ;
#707 = ORIENTED_EDGE ( 'NONE', *, *, #2431, .F. ) ;
#708 = ORIENTED_EDGE ( 'NONE', *, *, #1126, .T. ) ;
#709 =( NAMED_UNIT ( * ) PLANE_ANGLE_UNIT ( ) SI_UNIT ( $, .RADIAN. ) );
#710 = ORIENTED_EDGE ( 'NONE', *, *, #5494, .F. ) ;
#711 = DIRECTION ( 'NONE',  ( 0.0000000000000000000, 0.0000000000000000000, -1.000000000000000000 ) ) ;
#712 = VECTOR ( 'NONE', #980, 1000.000000000000000 ) ;
#713 = EDGE_LOOP ( 'NONE', ( #2221, #2518, #5851, #6361 ) ) ;
#714 = DIRECTION ( 'NONE',  ( -1.000000000000000000, 0.0000000000000000000, 0.0000000000000000000 ) ) ;
#715 = ORIENTED_EDGE ( 'NONE', *, *, #1217, .T. ) ;
#716 = PLANE ( 'NONE',  #718 ) ;
#717 = VECTOR ( 'NONE', #4799, 1000.000000000000000 ) ;
#718 = AXIS2_PLACEMENT_3D ( 'NONE', #6090, #2714, #3212 ) ;
#719 = CARTESIAN_POINT ( 'NONE',  ( -0.7249999999999999778, 1.850000000000000089, -2.024999999999999911 ) ) ;
#720 = DIRECTION ( 'NONE',  ( 0.0000000000000000000, 1.000000000000000000, 0.0000000000000000000 ) ) ;
#721 = VERTEX_POINT ( 'NONE', #4552 ) ;
#722 = FACE_OUTER_BOUND ( 'NONE', #2860, .T. ) ;
#723 = LINE ( 'NONE', #3436, #87 ) ;
#724 = COLOUR_RGB ( '',1.000000000000000000, 1.000000000000000000, 1.000000000000000000 ) ;
#725 = DIRECTION ( 'NONE',  ( -0.0000000000000000000, 1.000000000000000000, 0.0000000000000000000 ) ) ;
#726 = CARTESIAN_POINT ( 'NONE',  ( -0.5250000000000000222, 1.850000000000000089, -1.698606797699999893 ) ) ;
#727 = ORIENTED_EDGE ( 'NONE', *, *, #5209, .F. ) ;
#728 = VECTOR ( 'NONE', #359, 1000.000000000000000 ) ;
#729 = DIRECTION ( 'NONE',  ( 0.0000000000000000000, 0.0000000000000000000, -1.000000000000000000 ) ) ;
#730 = PLANE ( 'NONE',  #2814 ) ;
#731 = LINE ( 'NONE', #1917, #4087 ) ;
#732 = ORIENTED_EDGE ( 'NONE', *, *, #5833, .T. ) ;
#733 = CARTESIAN_POINT ( 'NONE',  ( 3.525000000000000355, 1.950000000000002176, 1.375000000000006883 ) ) ;
#734 = EDGE_CURVE ( 'NONE', #857, #2798, #2346, .T. ) ;
#735 = CARTESIAN_POINT ( 'NONE',  ( -1.875000000000000000, 3.149999999999999911, 2.025999999999999801 ) ) ;
#736 = DIRECTION ( 'NONE',  ( 0.0000000000000000000, -1.000000000000000000, -3.219646771412953967E-15 ) ) ;
#737 = PLANE ( 'NONE',  #1938 ) ;
#738 = LINE ( 'NONE', #2087, #4360 ) ;
#739 = UNCERTAINTY_MEASURE_WITH_UNIT (LENGTH_MEASURE( 1.000000000000000082E-05 ), #1042, 'distance_accuracy_value', 'NONE');
#740 = ADVANCED_FACE ( 'NONE', ( #916 ), #1576, .T. ) ;
#741 = EDGE_CURVE ( 'NONE', #1539, #5169, #685, .T. ) ;
#742 = VECTOR ( 'NONE', #4698, 1000.000000000000000 ) ;
#743 = CARTESIAN_POINT ( 'NONE',  ( -0.7349999999999999867, 1.000000000000000000, -1.474999999999999867 ) ) ;
#744 = EDGE_LOOP ( 'NONE', ( #337, #4591, #4362, #3681 ) ) ;
#745 = ORIENTED_EDGE ( 'NONE', *, *, #947, .T. ) ;
#746 = EDGE_CURVE ( 'NONE', #3842, #2589, #1868, .T. ) ;
#747 = ORIENTED_EDGE ( 'NONE', *, *, #860, .F. ) ;
#748 = CARTESIAN_POINT ( 'NONE',  ( -2.274999999999999911, 0.6000000000000024203, 1.375000000000002442 ) ) ;
#749 = FACE_OUTER_BOUND ( 'NONE', #2981, .T. ) ;
#750 =( NAMED_UNIT ( * ) PLANE_ANGLE_UNIT ( ) SI_UNIT ( $, .RADIAN. ) );
#751 = LINE ( 'NONE', #1050, #5674 ) ;
#752 = VECTOR ( 'NONE', #2839, 1000.000000000000000 ) ;
#753 = SURFACE_STYLE_USAGE ( .BOTH. , #5200 ) ;
#754 =( NAMED_UNIT ( * ) PLANE_ANGLE_UNIT ( ) SI_UNIT ( $, .RADIAN. ) );
#755 = DIRECTION ( 'NONE',  ( 0.0000000000000000000, 1.000000000000000000, 0.0000000000000000000 ) ) ;
#756 = CARTESIAN_POINT ( 'NONE',  ( -2.475000000000000089, 1.999999999999997780, -2.024999999999999911 ) ) ;
#757 = EDGE_CURVE ( 'NONE', #1514, #3629, #3039, .T. ) ;
#758 = DIRECTION ( 'NONE',  ( 0.0000000000000000000, 0.0000000000000000000, -1.000000000000000000 ) ) ;
#759 = DIRECTION ( 'NONE',  ( 1.000000000000000000, -0.0000000000000000000, 0.0000000000000000000 ) ) ;
#760 = VECTOR ( 'NONE', #4572, 1000.000000000000000 ) ;
#761 = FACE_OUTER_BOUND ( 'NONE', #2098, .T. ) ;
#762 = VERTEX_POINT ( 'NONE', #4049 ) ;
#763 =( LENGTH_UNIT ( ) NAMED_UNIT ( * ) SI_UNIT ( .MILLI., .METRE. ) );
#764 =( NAMED_UNIT ( * ) PLANE_ANGLE_UNIT ( ) SI_UNIT ( $, .RADIAN. ) );
#765 = CARTESIAN_POINT ( 'NONE',  ( 1.985000000000000320, 1.850000000000000089, -1.025000000000000133 ) ) ;
#766 =( GEOMETRIC_REPRESENTATION_CONTEXT ( 3 ) GLOBAL_UNCERTAINTY_ASSIGNED_CONTEXT ( ( #5597 ) ) GLOBAL_UNIT_ASSIGNED_CONTEXT ( ( #5249, #1329, #3769 ) ) REPRESENTATION_CONTEXT ( 'NONE', 'WORKASPACE' ) );
#767 = SURFACE_STYLE_FILL_AREA ( #5529 ) ;
#768 = LINE ( 'NONE', #802, #4391 ) ;
#769 = DIRECTION ( 'NONE',  ( 1.000000000000000000, 0.0000000000000000000, 0.0000000000000000000 ) ) ;
#770 = EDGE_CURVE ( 'NONE', #630, #4406, #5543, .T. ) ;
#771 = CARTESIAN_POINT ( 'NONE',  ( 0.0000000000000000000, 0.0000000000000000000, 0.0000000000000000000 ) ) ;
#772 = PLANE ( 'NONE',  #2554 ) ;
#773 = VERTEX_POINT ( 'NONE', #2606 ) ;
#774 = CARTESIAN_POINT ( 'NONE',  ( 0.5150000000000000133, 1.850000000000000089, -1.025000000000000133 ) ) ;
#775 = EDGE_CURVE ( 'NONE', #5708, #5322, #3185, .T. ) ;
#776 = CARTESIAN_POINT ( 'NONE',  ( -1.875000000000000000, 0.5000000000000000000, -1.474999999999999867 ) ) ;
#777 = VECTOR ( 'NONE', #3399, 1000.000000000000000 ) ;
#778 = FILL_AREA_STYLE_COLOUR ( '', #5652 ) ;
#779 = VERTEX_POINT ( 'NONE', #93 ) ;
#780 = FACE_OUTER_BOUND ( 'NONE', #970, .T. ) ;
#781 = EDGE_CURVE ( 'NONE', #2605, #5123, #1387, .T. ) ;
#782 = ORIENTED_EDGE ( 'NONE', *, *, #2561, .F. ) ;
#783 = CARTESIAN_POINT ( 'NONE',  ( -1.175000000000000044, 1.850000000000000089, -1.474999999999999867 ) ) ;
#784 = DIRECTION ( 'NONE',  ( 0.0000000000000000000, 0.0000000000000000000, 1.000000000000000000 ) ) ;
#785 = ORIENTED_EDGE ( 'NONE', *, *, #5158, .F. ) ;
#786 = SURFACE_STYLE_USAGE ( .BOTH. , #2182 ) ;
#787 = ORIENTED_EDGE ( 'NONE', *, *, #5327, .F. ) ;
#788 = VERTEX_POINT ( 'NONE', #4487 ) ;
#789 = CARTESIAN_POINT ( 'NONE',  ( 4.125000000000000000, 1.000000000000000000, -1.525000000000000133 ) ) ;
#790 = LINE ( 'NONE', #735, #412 ) ;
#791 = DIRECTION ( 'NONE',  ( 0.0000000000000000000, 4.336808689942024836E-15, -1.000000000000000000 ) ) ;
#792 = CARTESIAN_POINT ( 'NONE',  ( -0.5150000000000000133, 1.850000000000000089, -1.025000000000000133 ) ) ;
#793 = DIRECTION ( 'NONE',  ( 0.0000000000000000000, -1.000000000000000000, 0.0000000000000000000 ) ) ;
#794 = VERTEX_POINT ( 'NONE', #54 ) ;
#795 = PLANE ( 'NONE',  #169 ) ;
#796 = CARTESIAN_POINT ( 'NONE',  ( -2.274999999999999911, 2.000000000000000000, -2.024999999999999911 ) ) ;
#797 = VECTOR ( 'NONE', #2015, 1000.000000000000000 ) ;
#798 = ORIENTED_EDGE ( 'NONE', *, *, #741, .T. ) ;
#799 = ORIENTED_EDGE ( 'NONE', *, *, #5936, .T. ) ;
#800 = AXIS2_PLACEMENT_3D ( 'NONE', #2488, #2969, #2919 ) ;
#801 = ORIENTED_EDGE ( 'NONE', *, *, #4198, .F. ) ;
#802 = CARTESIAN_POINT ( 'NONE',  ( 1.975000000000000089, -0.6500000000000000222, -1.775000000000000133 ) ) ;
#803 = AXIS2_PLACEMENT_3D ( 'NONE', #5984, #4979, #3080 ) ;
#804 = LINE ( 'NONE', #3413, #1672 ) ;
#805 = DIRECTION ( 'NONE',  ( -1.000000000000000000, 0.0000000000000000000, 0.0000000000000000000 ) ) ;
#806 = ORIENTED_EDGE ( 'NONE', *, *, #4722, .F. ) ;
#807 = VECTOR ( 'NONE', #474, 1000.000000000000114 ) ;
#808 = EDGE_LOOP ( 'NONE', ( #5021, #3430, #3575, #3579 ) ) ;
#809 = VERTEX_POINT ( 'NONE', #4981 ) ;
#810 = CARTESIAN_POINT ( 'NONE',  ( -2.274999999999999911, 3.600000000000000089, -1.425000000000000933 ) ) ;
#811 = SURFACE_SIDE_STYLE ('',( #1930 ) ) ;
#812 = CARTESIAN_POINT ( 'NONE',  ( 3.525000000000000355, 2.000000000000000000, -1.425000000000000044 ) ) ;
#813 = DIRECTION ( 'NONE',  ( 0.0000000000000000000, 0.0000000000000000000, 1.000000000000000000 ) ) ;
#814 = ORIENTED_EDGE ( 'NONE', *, *, #2948, .F. ) ;
#815 = CARTESIAN_POINT ( 'NONE',  ( -0.4249999999999999889, 1.649999999999999911, -1.698606797699999893 ) ) ;
#816 = DIRECTION ( 'NONE',  ( 0.0000000000000000000, 0.0000000000000000000, -1.000000000000000000 ) ) ;
#817 = EDGE_CURVE ( 'NONE', #968, #4784, #2641, .T. ) ;
#818 = LINE ( 'NONE', #21, #2778 ) ;
#819 = DIRECTION ( 'NONE',  ( 0.0000000000000000000, -1.000000000000000000, 0.0000000000000000000 ) ) ;
#820 = CARTESIAN_POINT ( 'NONE',  ( -2.375000000000000000, 3.149999999999999911, 0.02500000000000000139 ) ) ;
#821 = ORIENTED_EDGE ( 'NONE', *, *, #4638, .F. ) ;
#822 = LINE ( 'NONE', #2231, #3020 ) ;
#823 = DIRECTION ( 'NONE',  ( 0.0000000000000000000, 1.000000000000000000, 0.0000000000000000000 ) ) ;
#824 = CARTESIAN_POINT ( 'NONE',  ( -0.8750000000000000000, 2.250000000000000000, 1.505384757699999909 ) ) ;
#825 = SURFACE_STYLE_FILL_AREA ( #1066 ) ;
#826 = EDGE_CURVE ( 'NONE', #3924, #1914, #4312, .T. ) ;
#827 = DIRECTION ( 'NONE',  ( 0.0000000000000000000, 0.0000000000000000000, 1.000000000000000000 ) ) ;
#828 = FACE_OUTER_BOUND ( 'NONE', #5903, .T. ) ;
#829 = VERTEX_POINT ( 'NONE', #6066 ) ;
#830 = CARTESIAN_POINT ( 'NONE',  ( 1.985000000000000320, 1.000000000000000000, -1.025000000000000133 ) ) ;
#831 = ADVANCED_FACE ( 'NONE', ( #761 ), #132, .F. ) ;
#832 = VECTOR ( 'NONE', #191, 1000.000000000000000 ) ;
#833 = ORIENTED_EDGE ( 'NONE', *, *, #2628, .F. ) ;
#834 = VECTOR ( 'NONE', #5527, 1000.000000000000000 ) ;
#835 = ORIENTED_EDGE ( 'NONE', *, *, #5074, .T. ) ;
#836 = CARTESIAN_POINT ( 'NONE',  ( 3.525000000000000355, 3.600000000000000977, -1.425000000000000044 ) ) ;
#837 = DIRECTION ( 'NONE',  ( 0.0000000000000000000, 0.6650335612228979176, -0.7468134723257140450 ) ) ;
#838 = COLOUR_RGB ( '',1.000000000000000000, 1.000000000000000000, 1.000000000000000000 ) ;
#839 = CARTESIAN_POINT ( 'NONE',  ( -0.5250000000000000222, 1.350000000000000089, 0.0000000000000000000 ) ) ;
#840 = VECTOR ( 'NONE', #2813, 1000.000000000000000 ) ;
#841 = ORIENTED_EDGE ( 'NONE', *, *, #189, .F. ) ;
#842 = CARTESIAN_POINT ( 'NONE',  ( 1.985000000000000320, 1.850000000000000089, -1.025000000000000133 ) ) ;
#843 = SURFACE_STYLE_FILL_AREA ( #3833 ) ;
#844 = ORIENTED_EDGE ( 'NONE', *, *, #5703, .F. ) ;
#845 = FACE_OUTER_BOUND ( 'NONE', #190, .T. ) ;
#846 = VERTEX_POINT ( 'NONE', #152 ) ;
#847 = CARTESIAN_POINT ( 'NONE',  ( -0.5250000000000000222, 1.850000000000000089, -1.025000000000000133 ) ) ;
#848 = STYLED_ITEM ( 'NONE', ( #1844 ), #5778 ) ;
#849 = LINE ( 'NONE', #3190, #2810 ) ;
#850 = ORIENTED_EDGE ( 'NONE', *, *, #4491, .F. ) ;
#851 =( LENGTH_UNIT ( ) NAMED_UNIT ( * ) SI_UNIT ( .MILLI., .METRE. ) );
#852 = VECTOR ( 'NONE', #468, 1000.000000000000000 ) ;
#853 = ORIENTED_EDGE ( 'NONE', *, *, #6320, .F. ) ;
#854 = EDGE_CURVE ( 'NONE', #1282, #1274, #1629, .T. ) ;
#855 = LINE ( 'NONE', #2601, #701 ) ;
#856 = CARTESIAN_POINT ( 'NONE',  ( -0.7349999999999999867, 0.0000000000000000000, -1.474999999999999867 ) ) ;
#857 = VERTEX_POINT ( 'NONE', #1728 ) ;
#858 = CARTESIAN_POINT ( 'NONE',  ( 0.7249999999999998668, 0.3500000000000000333, -2.024999999999999911 ) ) ;
#859 = VERTEX_POINT ( 'NONE', #1658 ) ;
#860 = EDGE_CURVE ( 'NONE', #788, #4314, #1088, .T. ) ;
#861 = DIRECTION ( 'NONE',  ( 0.0000000000000000000, 2.148487149506091871E-16, 1.000000000000000000 ) ) ;
#862 = ORIENTED_EDGE ( 'NONE', *, *, #5391, .F. ) ;
#863 = ADVANCED_FACE ( 'NONE', ( #5993 ), #4575, .T. ) ;
#864 = EDGE_CURVE ( 'NONE', #3388, #809, #4539, .T. ) ;
#865 = FILL_AREA_STYLE ('',( #486 ) ) ;
#866 = LINE ( 'NONE', #1925, #237 ) ;
#867 = VERTEX_POINT ( 'NONE', #4143 ) ;
#868 = VERTEX_POINT ( 'NONE', #5624 ) ;
#869 = ORIENTED_EDGE ( 'NONE', *, *, #135, .T. ) ;
#870 = DIRECTION ( 'NONE',  ( 1.000000000000000000, 0.0000000000000000000, 0.0000000000000000000 ) ) ;
#871 = LINE ( 'NONE', #3979, #3381 ) ;
#872 = CARTESIAN_POINT ( 'NONE',  ( 0.7249999999999999778, 0.5547525681000000652, 2.024999999999999911 ) ) ;
#873 = DIRECTION ( 'NONE',  ( 0.0000000000000000000, 0.0000000000000000000, -1.000000000000000000 ) ) ;
#874 =( NAMED_UNIT ( * ) PLANE_ANGLE_UNIT ( ) SI_UNIT ( $, .RADIAN. ) );
#875 =( NAMED_UNIT ( * ) PLANE_ANGLE_UNIT ( ) SI_UNIT ( $, .RADIAN. ) );
#876 = CARTESIAN_POINT ( 'NONE',  ( -0.7249999999999999778, 1.649999999999999911, 2.024999999999999911 ) ) ;
#877 = ORIENTED_EDGE ( 'NONE', *, *, #781, .T. ) ;
#878 = EDGE_CURVE ( 'NONE', #4945, #4286, #4466, .T. ) ;
#879 = PLANE ( 'NONE',  #1378 ) ;
#880 = CARTESIAN_POINT ( 'NONE',  ( -0.8750000000000000000, 2.250000000000000000, -2.024999999999999911 ) ) ;
#881 =( GEOMETRIC_REPRESENTATION_CONTEXT ( 3 ) GLOBAL_UNCERTAINTY_ASSIGNED_CONTEXT ( ( #4370 ) ) GLOBAL_UNIT_ASSIGNED_CONTEXT ( ( #4437, #5911, #583 ) ) REPRESENTATION_CONTEXT ( 'NONE', 'WORKASPACE' ) );
#882 = DIRECTION ( 'NONE',  ( 0.0000000000000000000, 0.0000000000000000000, 1.000000000000000000 ) ) ;
#883 = CARTESIAN_POINT ( 'NONE',  ( -0.5250000000000000222, 1.850000000000000089, 0.0000000000000000000 ) ) ;
#884 = DIRECTION ( 'NONE',  ( 1.000000000000000000, 0.0000000000000000000, 0.0000000000000000000 ) ) ;
#885 = VERTEX_POINT ( 'NONE', #3145 ) ;
#886 = CARTESIAN_POINT ( 'NONE',  ( 1.775000000000000133, 1.850000000000000089, 2.024999999999999911 ) ) ;
#887 = VECTOR ( 'NONE', #5287, 1000.000000000000000 ) ;
#888 = LINE ( 'NONE', #5858, #347 ) ;
#889 = ORIENTED_EDGE ( 'NONE', *, *, #1556, .F. ) ;
#890 = CARTESIAN_POINT ( 'NONE',  ( -2.475000000000000089, 1.999999999999997780, -2.024999999999999911 ) ) ;
#891 = AXIS2_PLACEMENT_3D ( 'NONE', #3102, #3161, #3122 ) ;
#892 = FACE_OUTER_BOUND ( 'NONE', #133, .T. ) ;
#893 = ORIENTED_EDGE ( 'NONE', *, *, #427, .F. ) ;
#894 = DIRECTION ( 'NONE',  ( 0.0000000000000000000, 0.6650335612228979176, -0.7468134723257140450 ) ) ;
#895 = ORIENTED_EDGE ( 'NONE', *, *, #5883, .T. ) ;
#896 = ORIENTED_EDGE ( 'NONE', *, *, #3664, .T. ) ;
#897 = VECTOR ( 'NONE', #5262, 1000.000000000000000 ) ;
#898 = DIRECTION ( 'NONE',  ( 0.0000000000000000000, -1.000000000000000000, 0.0000000000000000000 ) ) ;
#899 = DIRECTION ( 'NONE',  ( -1.000000000000000000, -0.0000000000000000000, -0.0000000000000000000 ) ) ;
#900 = ADVANCED_FACE ( 'NONE', ( #5318 ), #201, .T. ) ;
#901 = PLANE ( 'NONE',  #3023 ) ;
#902 = DIRECTION ( 'NONE',  ( 0.0000000000000000000, 0.0000000000000000000, 1.000000000000000000 ) ) ;
#903 = EDGE_CURVE ( 'NONE', #4081, #5313, #5617, .T. ) ;
#904 = LINE ( 'NONE', #5954, #5067 ) ;
#905 =( NAMED_UNIT ( * ) PLANE_ANGLE_UNIT ( ) SI_UNIT ( $, .RADIAN. ) );
#906 = CARTESIAN_POINT ( 'NONE',  ( -0.7249999999999999778, 1.850000000000000089, -1.025000000000000133 ) ) ;
#907 = EDGE_CURVE ( 'NONE', #6298, #762, #52, .T. ) ;
#908 = PLANE ( 'NONE',  #1908 ) ;
#909 = EDGE_LOOP ( 'NONE', ( #4128, #1103, #2295, #1866 ) ) ;
#910 = VECTOR ( 'NONE', #4004, 1000.000000000000000 ) ;
#911 = LINE ( 'NONE', #1697, #3716 ) ;
#912 = EDGE_LOOP ( 'NONE', ( #5000, #3881, #4678, #4214 ) ) ;
#913 = CARTESIAN_POINT ( 'NONE',  ( 3.125000000000000000, 3.149999999999999911, 0.02500000000000000139 ) ) ;
#914 = VECTOR ( 'NONE', #2625, 1000.000000000000000 ) ;
#915 = FILL_AREA_STYLE ('',( #4733 ) ) ;
#916 = FACE_OUTER_BOUND ( 'NONE', #713, .T. ) ;
#917 = ORIENTED_EDGE ( 'NONE', *, *, #1047, .T. ) ;
#918 =( NAMED_UNIT ( * ) SI_UNIT ( $, .STERADIAN. ) SOLID_ANGLE_UNIT ( ) );
#919 = CARTESIAN_POINT ( 'NONE',  ( 1.765000000000000124, 1.000000000000000000, -1.025000000000000133 ) ) ;
#920 = ORIENTED_EDGE ( 'NONE', *, *, #4339, .F. ) ;
#921 = AXIS2_PLACEMENT_3D ( 'NONE', #4649, #5671, #2229 ) ;
#922 = DIRECTION ( 'NONE',  ( 0.0000000000000000000, 0.0000000000000000000, 1.000000000000000000 ) ) ;
#923 = DIRECTION ( 'NONE',  ( 0.0000000000000000000, 0.0000000000000000000, 1.000000000000000000 ) ) ;
#924 = ORIENTED_EDGE ( 'NONE', *, *, #2351, .F. ) ;
#925 = LINE ( 'NONE', #890, #6145 ) ;
#926 = DIRECTION ( 'NONE',  ( 0.0000000000000000000, 0.0000000000000000000, -1.000000000000000000 ) ) ;
#927 = AXIS2_PLACEMENT_3D ( 'NONE', #1633, #2701, #5078 ) ;
#928 = DIRECTION ( 'NONE',  ( 0.0000000000000000000, 1.000000000000000000, 0.0000000000000000000 ) ) ;
#929 = CARTESIAN_POINT ( 'NONE',  ( -0.4249999999999999889, 1.850000000000000089, 2.024999999999999911 ) ) ;
#930 = PRESENTATION_STYLE_ASSIGNMENT (( #4666 ) ) ;
#931 = VERTEX_POINT ( 'NONE', #1266 ) ;
#932 =( GEOMETRIC_REPRESENTATION_CONTEXT ( 3 ) GLOBAL_UNCERTAINTY_ASSIGNED_CONTEXT ( ( #3453 ) ) GLOBAL_UNIT_ASSIGNED_CONTEXT ( ( #5568, #5071, #3150 ) ) REPRESENTATION_CONTEXT ( 'NONE', 'WORKASPACE' ) );
#933 = CARTESIAN_POINT ( 'NONE',  ( 0.5250000000000000222, 0.5000000000000000000, 0.0000000000000000000 ) ) ;
#934 = ADVANCED_FACE ( 'NONE', ( #5156 ), #1181, .T. ) ;
#935 = VECTOR ( 'NONE', #2409, 1000.000000000000000 ) ;
#936 = ORIENTED_EDGE ( 'NONE', *, *, #2902, .T. ) ;
#937 = FACE_OUTER_BOUND ( 'NONE', #1112, .T. ) ;
#938 = VERTEX_POINT ( 'NONE', #1287 ) ;
#939 = MANIFOLD_SOLID_BREP ( 'Combine1', #2924 ) ;
#940 = VECTOR ( 'NONE', #138, 1000.000000000000000 ) ;
#941 = SURFACE_STYLE_USAGE ( .BOTH. , #4365 ) ;
#942 = ORIENTED_EDGE ( 'NONE', *, *, #2866, .F. ) ;
#943 = ORIENTED_EDGE ( 'NONE', *, *, #2224, .T. ) ;
#944 = DIRECTION ( 'NONE',  ( -1.000000000000000000, 0.0000000000000000000, 0.0000000000000000000 ) ) ;
#945 = ORIENTED_EDGE ( 'NONE', *, *, #1884, .T. ) ;
#946 = LINE ( 'NONE', #2467, #1036 ) ;
#947 = EDGE_CURVE ( 'NONE', #1963, #4559, #5683, .T. ) ;
#948 = ORIENTED_EDGE ( 'NONE', *, *, #4602, .F. ) ;
#949 = DIRECTION ( 'NONE',  ( -1.000000000000000000, 0.0000000000000000000, 0.0000000000000000000 ) ) ;
#950 = ORIENTED_EDGE ( 'NONE', *, *, #5936, .F. ) ;
#951 = AXIS2_PLACEMENT_3D ( 'NONE', #5051, #98, #3686 ) ;
#952 = DIRECTION ( 'NONE',  ( 0.0000000000000000000, 0.0000000000000000000, 1.000000000000000000 ) ) ;
#953 = CARTESIAN_POINT ( 'NONE',  ( -0.5150000000000000133, 1.000000000000000000, -1.025000000000000133 ) ) ;
#954 = EDGE_CURVE ( 'NONE', #5526, #2361, #2864, .T. ) ;
#955 = CARTESIAN_POINT ( 'NONE',  ( 3.725000000000000533, 1.999999999999998668, -1.425000000000000933 ) ) ;
#956 = LINE ( 'NONE', #3613, #4881 ) ;
#957 = CARTESIAN_POINT ( 'NONE',  ( 0.5249999999999999112, -0.6500000000000000222, -1.775000000000000133 ) ) ;
#958 = CARTESIAN_POINT ( 'NONE',  ( 0.5150000000000000133, 0.0000000000000000000, -1.474999999999999867 ) ) ;
#959 = EDGE_CURVE ( 'NONE', #1326, #3892, #6134, .T. ) ;
#960 = ORIENTED_EDGE ( 'NONE', *, *, #1965, .F. ) ;
#961 = DIRECTION ( 'NONE',  ( 0.0000000000000000000, 0.0000000000000000000, -1.000000000000000000 ) ) ;
#962 = FACE_OUTER_BOUND ( 'NONE', #4845, .T. ) ;
#963 = CARTESIAN_POINT ( 'NONE',  ( -0.5250000000000000222, 0.3499999999999999778, -2.075000000000000178 ) ) ;
#964 = CARTESIAN_POINT ( 'NONE',  ( 1.975000000000000089, 0.3500000000000000333, -2.024999999999999911 ) ) ;
#965 = ORIENTED_EDGE ( 'NONE', *, *, #3135, .T. ) ;
#966 = ORIENTED_EDGE ( 'NONE', *, *, #5457, .F. ) ;
#967 = CARTESIAN_POINT ( 'NONE',  ( -1.175000000000000044, 2.550000000000000266, 2.024999999999999911 ) ) ;
#968 = VERTEX_POINT ( 'NONE', #3719 ) ;
#969 = DIRECTION ( 'NONE',  ( 0.0000000000000000000, -1.000000000000000000, 0.0000000000000000000 ) ) ;
#970 = EDGE_LOOP ( 'NONE', ( #262, #707, #3442, #3522 ) ) ;
#971 = DIRECTION ( 'NONE',  ( -1.000000000000000000, 0.0000000000000000000, 0.0000000000000000000 ) ) ;
#972 = LINE ( 'NONE', #953, #3313 ) ;
#973 = CARTESIAN_POINT ( 'NONE',  ( 2.625000000000000000, 3.149999999999999911, -2.024999999999999911 ) ) ;
#974 = CARTESIAN_POINT ( 'NONE',  ( 3.125000000000000000, 2.550000000000000266, -1.474999999999999867 ) ) ;
#975 = ADVANCED_FACE ( 'NONE', ( #4999 ), #4765, .T. ) ;
#976 = CARTESIAN_POINT ( 'NONE',  ( 3.275000000000000355, 4.240000000000000213, -1.925000000000000933 ) ) ;
#977 = LINE ( 'NONE', #5455, #4288 ) ;
#978 = EDGE_CURVE ( 'NONE', #5023, #4945, #1780, .T. ) ;
#979 = ORIENTED_EDGE ( 'NONE', *, *, #5574, .F. ) ;
#980 = DIRECTION ( 'NONE',  ( -0.0000000000000000000, 1.000000000000000000, -0.0000000000000000000 ) ) ;
#981 = LINE ( 'NONE', #2300, #3389 ) ;
#982 = VERTEX_POINT ( 'NONE', #245 ) ;
#983 = FILL_AREA_STYLE ('',( #5437 ) ) ;
#984 = PLANE ( 'NONE',  #339 ) ;
#985 = VECTOR ( 'NONE', #3660, 1000.000000000000000 ) ;
#986 = CARTESIAN_POINT ( 'NONE',  ( -2.274999999999999911, 3.600000000000000977, -1.425000000000000044 ) ) ;
#987 = VECTOR ( 'NONE', #1872, 1000.000000000000114 ) ;
#988 = VERTEX_POINT ( 'NONE', #2328 ) ;
#989 = DIRECTION ( 'NONE',  ( 0.0000000000000000000, -1.000000000000000000, 0.0000000000000000000 ) ) ;
#990 = AXIS2_PLACEMENT_3D ( 'NONE', #443, #1520, #3929 ) ;
#991 = PRESENTATION_STYLE_ASSIGNMENT (( #3581 ) ) ;
#992 = LINE ( 'NONE', #6174, #3170 ) ;
#993 = VERTEX_POINT ( 'NONE', #5680 ) ;
#994 = EDGE_CURVE ( 'NONE', #4441, #4046, #119, .T. ) ;
#995 = CARTESIAN_POINT ( 'NONE',  ( 0.5250000000000000222, 1.850000000000000089, 0.0000000000000000000 ) ) ;
#996 = FACE_OUTER_BOUND ( 'NONE', #1472, .T. ) ;
#997 = DIRECTION ( 'NONE',  ( 0.0000000000000000000, -1.000000000000000000, 0.0000000000000000000 ) ) ;
#998 = DIRECTION ( 'NONE',  ( -1.000000000000000000, 0.0000000000000000000, 0.0000000000000000000 ) ) ;
#999 = DIRECTION ( 'NONE',  ( 0.0000000000000000000, 0.0000000000000000000, 1.000000000000000000 ) ) ;
#1000 = FILL_AREA_STYLE ('',( #5511 ) ) ;
#1001 = SURFACE_STYLE_USAGE ( .BOTH. , #141 ) ;
#1002 = EDGE_CURVE ( 'NONE', #5953, #4353, #2574, .T. ) ;
#1003 = PRESENTATION_STYLE_ASSIGNMENT (( #4423 ) ) ;
#1004 = VECTOR ( 'NONE', #1367, 1000.000000000000000 ) ;
#1005 = ORIENTED_EDGE ( 'NONE', *, *, #5648, .F. ) ;
#1006 = EDGE_CURVE ( 'NONE', #6276, #2319, #1471, .T. ) ;
#1007 = SURFACE_SIDE_STYLE ('',( #1772 ) ) ;
#1008 = CARTESIAN_POINT ( 'NONE',  ( 3.725000000000000533, 3.600000000000000089, -1.425000000000000933 ) ) ;
#1009 = VECTOR ( 'NONE', #1056, 1000.000000000000000 ) ;
#1010 = ORIENTED_EDGE ( 'NONE', *, *, #577, .T. ) ;
#1011 = ADVANCED_FACE ( 'NONE', ( #5394 ), #2348, .F. ) ;
#1012 = DIRECTION ( 'NONE',  ( 0.0000000000000000000, 1.000000000000000000, 0.0000000000000000000 ) ) ;
#1013 = DIRECTION ( 'NONE',  ( 0.0000000000000000000, -1.000000000000000000, 0.0000000000000000000 ) ) ;
#1014 = LINE ( 'NONE', #3323, #5760 ) ;
#1015 = ORIENTED_EDGE ( 'NONE', *, *, #6010, .T. ) ;
#1016 = EDGE_CURVE ( 'NONE', #4289, #988, #2339, .T. ) ;
#1017 = ORIENTED_EDGE ( 'NONE', *, *, #1457, .T. ) ;
#1018 = DIRECTION ( 'NONE',  ( 0.0000000000000000000, 0.0000000000000000000, 1.000000000000000000 ) ) ;
#1019 = PLANE ( 'NONE',  #4104 ) ;
#1020 = COLOUR_RGB ( '',1.000000000000000000, 1.000000000000000000, 1.000000000000000000 ) ;
#1021 = ORIENTED_EDGE ( 'NONE', *, *, #543, .T. ) ;
#1022 = DIRECTION ( 'NONE',  ( -1.000000000000000000, -0.0000000000000000000, 0.0000000000000000000 ) ) ;
#1023 = LINE ( 'NONE', #254, #3661 ) ;
#1024 = DIRECTION ( 'NONE',  ( 0.0000000000000000000, 1.000000000000000000, 0.0000000000000000000 ) ) ;
#1025 = CARTESIAN_POINT ( 'NONE',  ( -2.475000000000000089, 4.249999999999992895, -0.07499999999999976130 ) ) ;
#1026 = LINE ( 'NONE', #2031, #3126 ) ;
#1027 = CARTESIAN_POINT ( 'NONE',  ( -0.8249999999999999556, 1.850000000000000089, 2.024999999999999911 ) ) ;
#1028 =( GEOMETRIC_REPRESENTATION_CONTEXT ( 3 ) GLOBAL_UNCERTAINTY_ASSIGNED_CONTEXT ( ( #1032 ) ) GLOBAL_UNIT_ASSIGNED_CONTEXT ( ( #1809, #4395, #3964 ) ) REPRESENTATION_CONTEXT ( 'NONE', 'WORKASPACE' ) );
#1029 = CARTESIAN_POINT ( 'NONE',  ( 1.975000000000000089, 1.350000000000000089, 0.0000000000000000000 ) ) ;
#1030 = CLOSED_SHELL ( 'NONE', ( #6349, #740, #5739, #4323, #5489, #5965, #3446, #6087, #5463, #2524, #3069, #2679, #640, #6253, #5334, #4482, #267, #4008 ) ) ;
#1031 = ORIENTED_EDGE ( 'NONE', *, *, #4991, .T. ) ;
#1032 = UNCERTAINTY_MEASURE_WITH_UNIT (LENGTH_MEASURE( 1.000000000000000082E-05 ), #1809, 'distance_accuracy_value', 'NONE');
#1033 = DIRECTION ( 'NONE',  ( 1.000000000000000000, 0.0000000000000000000, -0.0000000000000000000 ) ) ;
#1034 = CARTESIAN_POINT ( 'NONE',  ( -1.375000000000000000, 3.750000000000000000, 0.02500000000000000139 ) ) ;
#1035 = DIRECTION ( 'NONE',  ( -1.000000000000000000, 0.0000000000000000000, 0.0000000000000000000 ) ) ;
#1036 = VECTOR ( 'NONE', #5864, 1000.000000000000000 ) ;
#1037 = VERTEX_POINT ( 'NONE', #796 ) ;
#1038 = CARTESIAN_POINT ( 'NONE',  ( 2.625000000000000000, 3.149999999999999911, 2.024999999999999911 ) ) ;
#1039 = ORIENTED_EDGE ( 'NONE', *, *, #658, .F. ) ;
#1040 = FACE_OUTER_BOUND ( 'NONE', #5623, .T. ) ;
#1041 = ORIENTED_EDGE ( 'NONE', *, *, #3314, .T. ) ;
#1042 =( LENGTH_UNIT ( ) NAMED_UNIT ( * ) SI_UNIT ( .MILLI., .METRE. ) );
#1043 = DIRECTION ( 'NONE',  ( 0.0000000000000000000, -1.000000000000000000, 0.0000000000000000000 ) ) ;
#1044 = ADVANCED_FACE ( 'NONE', ( #1311 ), #6180, .F. ) ;
#1045 = PLANE ( 'NONE',  #4686 ) ;
#1046 = ORIENTED_EDGE ( 'NONE', *, *, #4617, .F. ) ;
#1047 = EDGE_CURVE ( 'NONE', #2481, #333, #2500, .T. ) ;
#1048 = VERTEX_POINT ( 'NONE', #2746 ) ;
#1049 = CARTESIAN_POINT ( 'NONE',  ( 0.8249999999999999556, 1.850000000000000089, -1.698606797699999893 ) ) ;
#1050 = CARTESIAN_POINT ( 'NONE',  ( 0.5250000000000000222, 0.0000000000000000000, 2.024999999999999911 ) ) ;
#1051 = ORIENTED_EDGE ( 'NONE', *, *, #4722, .T. ) ;
#1052 = VECTOR ( 'NONE', #2680, 1000.000000000000000 ) ;
#1053 = DIRECTION ( 'NONE',  ( 0.0000000000000000000, 1.000000000000000000, 0.0000000000000000000 ) ) ;
#1054 = EDGE_CURVE ( 'NONE', #4350, #2795, #6063, .T. ) ;
#1055 = VECTOR ( 'NONE', #2555, 1000.000000000000000 ) ;
#1056 = DIRECTION ( 'NONE',  ( 0.0000000000000000000, -3.854941057726236322E-15, 1.000000000000000000 ) ) ;
#1057 = VERTEX_POINT ( 'NONE', #929 ) ;
#1058 = LINE ( 'NONE', #1608, #4356 ) ;
#1059 = CARTESIAN_POINT ( 'NONE',  ( -1.175000000000000044, 1.850000000000000089, -1.474999999999999867 ) ) ;
#1060 = ORIENTED_EDGE ( 'NONE', *, *, #1365, .F. ) ;
#1061 = LINE ( 'NONE', #4015, #5799 ) ;
#1062 = PRESENTATION_LAYER_ASSIGNMENT (  '', '', ( #5658 ) ) ;
#1063 = ORIENTED_EDGE ( 'NONE', *, *, #4491, .T. ) ;
#1064 = LINE ( 'NONE', #2379, #4359 ) ;
#1065 = FACE_OUTER_BOUND ( 'NONE', #5216, .T. ) ;
#1066 = FILL_AREA_STYLE ('',( #562 ) ) ;
#1067 = DIRECTION ( 'NONE',  ( -1.000000000000000000, 0.0000000000000000000, 0.0000000000000000000 ) ) ;
#1068 = CARTESIAN_POINT ( 'NONE',  ( 2.125000000000000000, 1.949999999999999956, 2.024999999999999911 ) ) ;
#1069 = VECTOR ( 'NONE', #2262, 1000.000000000000000 ) ;
#1070 = AXIS2_PLACEMENT_3D ( 'NONE', #5919, #3504, #50 ) ;
#1071 = DIRECTION ( 'NONE',  ( 1.000000000000000000, 0.0000000000000000000, 0.0000000000000000000 ) ) ;
#1072 = DIRECTION ( 'NONE',  ( 0.0000000000000000000, 0.0000000000000000000, 1.000000000000000000 ) ) ;
#1073 = CARTESIAN_POINT ( 'NONE',  ( 0.0000000000000000000, 0.0000000000000000000, -1.025000000000000133 ) ) ;
#1074 = VECTOR ( 'NONE', #5115, 1000.000000000000000 ) ;
#1075 = ADVANCED_FACE ( 'NONE', ( #4769 ), #5759, .T. ) ;
#1076 = DIRECTION ( 'NONE',  ( -0.0000000000000000000, 1.000000000000000000, -0.0000000000000000000 ) ) ;
#1077 = DIRECTION ( 'NONE',  ( 1.000000000000000000, 0.0000000000000000000, 0.0000000000000000000 ) ) ;
#1078 = MECHANICAL_DESIGN_GEOMETRIC_PRESENTATION_REPRESENTATION (  '', ( #2544 ), #3780 ) ;
#1079 = ORIENTED_EDGE ( 'NONE', *, *, #6266, .T. ) ;
#1080 = DIRECTION ( 'NONE',  ( 0.0000000000000000000, 0.0000000000000000000, -1.000000000000000000 ) ) ;
#1081 = VERTEX_POINT ( 'NONE', #1859 ) ;
#1082 = EDGE_CURVE ( 'NONE', #5111, #1734, #2183, .T. ) ;
#1083 = PRESENTATION_STYLE_ASSIGNMENT (( #6161 ) ) ;
#1084 = CARTESIAN_POINT ( 'NONE',  ( 0.7250000000000000888, -0.6500000000000000222, -1.775000000000000133 ) ) ;
#1085 = ORIENTED_EDGE ( 'NONE', *, *, #6345, .T. ) ;
#1086 = DIRECTION ( 'NONE',  ( 0.0000000000000000000, 0.0000000000000000000, 1.000000000000000000 ) ) ;
#1087 =( GEOMETRIC_REPRESENTATION_CONTEXT ( 3 ) GLOBAL_UNCERTAINTY_ASSIGNED_CONTEXT ( ( #4264 ) ) GLOBAL_UNIT_ASSIGNED_CONTEXT ( ( #4742, #3740, #1243 ) ) REPRESENTATION_CONTEXT ( 'NONE', 'WORKASPACE' ) );
#1088 = LINE ( 'NONE', #1038, #4174 ) ;
#1089 = VERTEX_POINT ( 'NONE', #2888 ) ;
#1090 = EDGE_CURVE ( 'NONE', #1638, #1966, #5073, .T. ) ;
#1091 = ORIENTED_EDGE ( 'NONE', *, *, #414, .F. ) ;
#1092 = LINE ( 'NONE', #6358, #2342 ) ;
#1093 = EDGE_CURVE ( 'NONE', #4644, #4246, #6194, .T. ) ;
#1094 = DIRECTION ( 'NONE',  ( 0.0000000000000000000, -1.000000000000000000, -4.336808689942024836E-15 ) ) ;
#1095 = VECTOR ( 'NONE', #2435, 1000.000000000000000 ) ;
#1096 = VECTOR ( 'NONE', #5865, 1000.000000000000000 ) ;
#1097 = ORIENTED_EDGE ( 'NONE', *, *, #5281, .T. ) ;
#1098 = DIRECTION ( 'NONE',  ( -0.0000000000000000000, 0.7468134723257140450, 0.6650335612228979176 ) ) ;
#1099 = VECTOR ( 'NONE', #5815, 1000.000000000000000 ) ;
#1100 = ORIENTED_EDGE ( 'NONE', *, *, #626, .F. ) ;
#1101 = DIRECTION ( 'NONE',  ( -1.000000000000000000, 0.0000000000000000000, 0.0000000000000000000 ) ) ;
#1102 = FACE_OUTER_BOUND ( 'NONE', #351, .T. ) ;
#1103 = ORIENTED_EDGE ( 'NONE', *, *, #5941, .F. ) ;
#1104 = EDGE_CURVE ( 'NONE', #5050, #6298, #3406, .T. ) ;
#1105 = DIRECTION ( 'NONE',  ( 1.000000000000000000, 0.0000000000000000000, 0.0000000000000000000 ) ) ;
#1106 = ORIENTED_EDGE ( 'NONE', *, *, #4532, .F. ) ;
#1107 = ORIENTED_EDGE ( 'NONE', *, *, #3217, .F. ) ;
#1108 = CARTESIAN_POINT ( 'NONE',  ( 3.525000000000000355, 0.6000000000000076383, -0.2249999999999982014 ) ) ;
#1109 = ADVANCED_FACE ( 'NONE', ( #607 ), #908, .F. ) ;
#1110 = DIRECTION ( 'NONE',  ( -1.000000000000000000, 0.0000000000000000000, 0.0000000000000000000 ) ) ;
#1111 = VECTOR ( 'NONE', #5093, 1000.000000000000000 ) ;
#1112 = EDGE_LOOP ( 'NONE', ( #514, #5185, #1125, #6355, #6166, #3950, #1798 ) ) ;
#1113 = CARTESIAN_POINT ( 'NONE',  ( -2.274999999999999911, 2.000000000000000000, -1.425000000000000044 ) ) ;
#1114 = VERTEX_POINT ( 'NONE', #3871 ) ;
#1115 = PRESENTATION_LAYER_ASSIGNMENT (  '', '', ( #4972 ) ) ;
#1116 = FACE_OUTER_BOUND ( 'NONE', #3448, .T. ) ;
#1117 = EDGE_LOOP ( 'NONE', ( #1268, #4901, #2745, #2818 ) ) ;
#1118 = MECHANICAL_DESIGN_GEOMETRIC_PRESENTATION_REPRESENTATION (  '', ( #2130 ), #2741 ) ;
#1119 = CARTESIAN_POINT ( 'NONE',  ( -0.5250000000000000222, 1.000000000000000000, 0.0000000000000000000 ) ) ;
#1120 = ORIENTED_EDGE ( 'NONE', *, *, #1556, .T. ) ;
#1121 = CARTESIAN_POINT ( 'NONE',  ( -0.8750000000000000000, 1.949999999999999956, 2.024999999999999911 ) ) ;
#1122 = EDGE_CURVE ( 'NONE', #2793, #4467, #1232, .T. ) ;
#1123 = DIRECTION ( 'NONE',  ( 0.0000000000000000000, -1.000000000000000000, 0.0000000000000000000 ) ) ;
#1124 = VERTEX_POINT ( 'NONE', #6232 ) ;
#1125 = ORIENTED_EDGE ( 'NONE', *, *, #4920, .T. ) ;
#1126 = EDGE_CURVE ( 'NONE', #2136, #5275, #1936, .T. ) ;
#1127 = CARTESIAN_POINT ( 'NONE',  ( 1.625000000000000222, 2.250000000000000000, -0.4749999999999999778 ) ) ;
#1128 =( NAMED_UNIT ( * ) PLANE_ANGLE_UNIT ( ) SI_UNIT ( $, .RADIAN. ) );
#1129 = DIRECTION ( 'NONE',  ( 0.0000000000000000000, 0.0000000000000000000, -1.000000000000000000 ) ) ;
#1130 = VERTEX_POINT ( 'NONE', #4354 ) ;
#1131 = EDGE_CURVE ( 'NONE', #794, #1124, #4031, .T. ) ;
#1132 = ORIENTED_EDGE ( 'NONE', *, *, #4198, .T. ) ;
#1133 = CARTESIAN_POINT ( 'NONE',  ( 1.975000000000000089, 1.649999999999999911, -1.025000000000000133 ) ) ;
#1134 = ORIENTED_EDGE ( 'NONE', *, *, #2673, .F. ) ;
#1135 = PRESENTATION_STYLE_ASSIGNMENT (( #6136 ) ) ;
#1136 = VECTOR ( 'NONE', #4933, 1000.000000000000000 ) ;
#1137 = DIRECTION ( 'NONE',  ( 0.0000000000000000000, 1.000000000000000000, 0.0000000000000000000 ) ) ;
#1138 = ORIENTED_EDGE ( 'NONE', *, *, #6247, .T. ) ;
#1139 = LINE ( 'NONE', #5452, #3240 ) ;
#1140 = ADVANCED_FACE ( 'NONE', ( #1618 ), #2541, .T. ) ;
#1141 = EDGE_LOOP ( 'NONE', ( #1992, #4088, #321, #2875 ) ) ;
#1142 = ORIENTED_EDGE ( 'NONE', *, *, #3444, .F. ) ;
#1143 = CARTESIAN_POINT ( 'NONE',  ( -0.8750000000000000000, 3.750000000000000000, 2.024999999999999911 ) ) ;
#1144 = ORIENTED_EDGE ( 'NONE', *, *, #2218, .F. ) ;
#1145 = CARTESIAN_POINT ( 'NONE',  ( -0.7249999999999999778, 1.850000000000000089, -1.698606797699999893 ) ) ;
#1146 = STYLED_ITEM ( 'NONE', ( #27 ), #2706 ) ;
#1147 = VECTOR ( 'NONE', #4453, 1000.000000000000000 ) ;
#1148 = ORIENTED_EDGE ( 'NONE', *, *, #500, .T. ) ;
#1149 = LINE ( 'NONE', #2963, #3168 ) ;
#1150 = PLANE ( 'NONE',  #951 ) ;
#1151 = UNCERTAINTY_MEASURE_WITH_UNIT (LENGTH_MEASURE( 1.000000000000000082E-05 ), #4831, 'distance_accuracy_value', 'NONE');
#1152 = COLOUR_RGB ( '',0.6470588235294117974, 0.6196078431372549211, 0.5882352941176470784 ) ;
#1153 = MECHANICAL_DESIGN_GEOMETRIC_PRESENTATION_REPRESENTATION (  '', ( #5780 ), #3810 ) ;
#1154 = PLANE ( 'NONE',  #1542 ) ;
#1155 = CARTESIAN_POINT ( 'NONE',  ( 3.525000000000000355, 3.600000000000000089, -1.425000000000000933 ) ) ;
#1156 = CARTESIAN_POINT ( 'NONE',  ( 3.725000000000000533, 3.600000000000000089, -1.425000000000000933 ) ) ;
#1157 = VECTOR ( 'NONE', #1072, 1000.000000000000000 ) ;
#1158 = VECTOR ( 'NONE', #5192, 1000.000000000000000 ) ;
#1159 = PRODUCT_DEFINITION_FORMATION_WITH_SPECIFIED_SOURCE ( 'ANY', '', #5017, .NOT_KNOWN. ) ;
#1160 = VECTOR ( 'NONE', #4483, 1000.000000000000000 ) ;
#1161 = ORIENTED_EDGE ( 'NONE', *, *, #4186, .T. ) ;
#1162 = EDGE_CURVE ( 'NONE', #5480, #683, #3030, .T. ) ;
#1163 = DIRECTION ( 'NONE',  ( 0.0000000000000000000, 0.0000000000000000000, 1.000000000000000000 ) ) ;
#1164 = CARTESIAN_POINT ( 'NONE',  ( 1.765000000000000124, 1.649999999999999911, -1.474999999999999867 ) ) ;
#1165 = CARTESIAN_POINT ( 'NONE',  ( 0.5250000000000000222, 1.850000000000000089, -1.025000000000000133 ) ) ;
#1166 = VECTOR ( 'NONE', #4317, 1000.000000000000000 ) ;
#1167 = ORIENTED_EDGE ( 'NONE', *, *, #864, .T. ) ;
#1168 = COLOUR_RGB ( '',1.000000000000000000, 1.000000000000000000, 1.000000000000000000 ) ;
#1169 = CARTESIAN_POINT ( 'NONE',  ( 0.5250000000000000222, 1.850000000000000089, -2.024999999999999911 ) ) ;
#1170 = LINE ( 'NONE', #4684, #2727 ) ;
#1171 = EDGE_CURVE ( 'NONE', #3549, #2793, #534, .T. ) ;
#1172 = ORIENTED_EDGE ( 'NONE', *, *, #3379, .F. ) ;
#1173 = CARTESIAN_POINT ( 'NONE',  ( 2.125000000000000000, 2.250000000000000000, -2.024999999999999911 ) ) ;
#1174 = ADVANCED_FACE ( 'NONE', ( #2568 ), #5016, .F. ) ;
#1175 = CARTESIAN_POINT ( 'NONE',  ( -0.5150000000000000133, 1.649999999999999911, -1.025000000000000133 ) ) ;
#1176 = VECTOR ( 'NONE', #3305, 1000.000000000000000 ) ;
#1177 = ORIENTED_EDGE ( 'NONE', *, *, #954, .T. ) ;
#1178 = CARTESIAN_POINT ( 'NONE',  ( -2.274999999999999911, 1.949999999999999512, 2.025000000000007017 ) ) ;
#1179 = ORIENTED_EDGE ( 'NONE', *, *, #5758, .T. ) ;
#1180 = ORIENTED_EDGE ( 'NONE', *, *, #1680, .F. ) ;
#1181 = PLANE ( 'NONE',  #4768 ) ;
#1182 = ORIENTED_EDGE ( 'NONE', *, *, #5304, .T. ) ;
#1183 = EDGE_CURVE ( 'NONE', #3214, #2895, #911, .T. ) ;
#1184 = ORIENTED_EDGE ( 'NONE', *, *, #1766, .F. ) ;
#1185 = CARTESIAN_POINT ( 'NONE',  ( -0.7249999999999999778, -0.6500000000000000222, -2.075000000000000178 ) ) ;
#1186 = CARTESIAN_POINT ( 'NONE',  ( -1.375000000000000000, 3.750000000000000000, 2.024999999999999911 ) ) ;
#1187 = CARTESIAN_POINT ( 'NONE',  ( -2.475000000000000089, 4.249999999999998224, -2.075000000000001510 ) ) ;
#1188 = ORIENTED_EDGE ( 'NONE', *, *, #2016, .T. ) ;
#1189 = CARTESIAN_POINT ( 'NONE',  ( -0.5250000000000000222, 1.850000000000000089, -2.024999999999999911 ) ) ;
#1190 =( NAMED_UNIT ( * ) PLANE_ANGLE_UNIT ( ) SI_UNIT ( $, .RADIAN. ) );
#1191 = ORIENTED_EDGE ( 'NONE', *, *, #2341, .F. ) ;
#1192 = CARTESIAN_POINT ( 'NONE',  ( -2.500000000000000000, 4.250000000000000000, -0.07499999999999998335 ) ) ;
#1193 = AXIS2_PLACEMENT_3D ( 'NONE', #1779, #1237, #2275 ) ;
#1194 = CARTESIAN_POINT ( 'NONE',  ( -0.8249999999999999556, 1.649999999999999911, -1.698606797699999893 ) ) ;
#1195 =( LENGTH_UNIT ( ) NAMED_UNIT ( * ) SI_UNIT ( .MILLI., .METRE. ) );
#1196 = ORIENTED_EDGE ( 'NONE', *, *, #6362, .F. ) ;
#1197 = CARTESIAN_POINT ( 'NONE',  ( 4.125000000000000000, 1.949999999999999512, 2.025000000000007017 ) ) ;
#1198 = EDGE_CURVE ( 'NONE', #5848, #3286, #1377, .T. ) ;
#1199 = DIRECTION ( 'NONE',  ( 0.0000000000000000000, 0.6650335612228979176, -0.7468134723257140450 ) ) ;
#1200 = LINE ( 'NONE', #1025, #2619 ) ;
#1201 = CARTESIAN_POINT ( 'NONE',  ( 2.075000000000000622, 1.850000000000000089, -1.698606797699999893 ) ) ;
#1202 = AXIS2_PLACEMENT_3D ( 'NONE', #824, #2353, #5384 ) ;
#1203 = LINE ( 'NONE', #5167, #6240 ) ;
#1204 = VERTEX_POINT ( 'NONE', #1758 ) ;
#1205 = EDGE_CURVE ( 'NONE', #5776, #5425, #5148, .T. ) ;
#1206 = DIRECTION ( 'NONE',  ( 0.0000000000000000000, 1.000000000000000000, 0.0000000000000000000 ) ) ;
#1207 = DIRECTION ( 'NONE',  ( -1.000000000000000000, -0.0000000000000000000, -0.0000000000000000000 ) ) ;
#1208 = FACE_OUTER_BOUND ( 'NONE', #1737, .T. ) ;
#1209 = DIRECTION ( 'NONE',  ( 1.000000000000000000, 0.0000000000000000000, 0.0000000000000000000 ) ) ;
#1210 = CARTESIAN_POINT ( 'NONE',  ( 3.625000000000000000, 3.149999999999999911, 0.02500000000000000139 ) ) ;
#1211 = EDGE_CURVE ( 'NONE', #4094, #1419, #4834, .T. ) ;
#1212 = ORIENTED_EDGE ( 'NONE', *, *, #5327, .T. ) ;
#1213 = VECTOR ( 'NONE', #971, 1000.000000000000000 ) ;
#1214 = PLANE ( 'NONE',  #921 ) ;
#1215 = VECTOR ( 'NONE', #5930, 1000.000000000000000 ) ;
#1216 = ORIENTED_EDGE ( 'NONE', *, *, #4223, .F. ) ;
#1217 = EDGE_CURVE ( 'NONE', #6286, #1353, #4687, .T. ) ;
#1218 = DIRECTION ( 'NONE',  ( -0.0000000000000000000, 1.000000000000000000, -0.0000000000000000000 ) ) ;
#1219 = ORIENTED_EDGE ( 'NONE', *, *, #2711, .F. ) ;
#1220 = VECTOR ( 'NONE', #3172, 1000.000000000000000 ) ;
#1221 = DIRECTION ( 'NONE',  ( 0.0000000000000000000, 1.000000000000000000, 0.0000000000000000000 ) ) ;
#1222 = FACE_OUTER_BOUND ( 'NONE', #4175, .T. ) ;
#1223 = EDGE_LOOP ( 'NONE', ( #1403, #92, #895, #1322, #4091, #696 ) ) ;
#1224 = EDGE_LOOP ( 'NONE', ( #1501, #5501, #5485, #3344 ) ) ;
#1225 = CARTESIAN_POINT ( 'NONE',  ( 3.125000000000000000, 2.550000000000000266, -1.474999999999999867 ) ) ;
#1226 = EDGE_CURVE ( 'NONE', #1371, #2677, #5311, .T. ) ;
#1227 = VERTEX_POINT ( 'NONE', #5237 ) ;
#1228 = DIRECTION ( 'NONE',  ( 0.0000000000000000000, 1.000000000000000000, 0.0000000000000000000 ) ) ;
#1229 = LINE ( 'NONE', #1519, #2564 ) ;
#1230 = DIRECTION ( 'NONE',  ( -0.0000000000000000000, -3.295974604355854593E-17, -1.000000000000000000 ) ) ;
#1231 = LINE ( 'NONE', #4918, #3337 ) ;
#1232 = LINE ( 'NONE', #1415, #4168 ) ;
#1233 = DIRECTION ( 'NONE',  ( -1.000000000000000000, 0.0000000000000000000, 0.0000000000000000000 ) ) ;
#1234 = AXIS2_PLACEMENT_3D ( 'NONE', #1225, #3698, #3250 ) ;
#1235 = ORIENTED_EDGE ( 'NONE', *, *, #3254, .F. ) ;
#1236 = VECTOR ( 'NONE', #2216, 1000.000000000000000 ) ;
#1237 = DIRECTION ( 'NONE',  ( 0.0000000000000000000, -1.000000000000000000, 0.0000000000000000000 ) ) ;
#1238 = PLANE ( 'NONE',  #5307 ) ;
#1239 = ORIENTED_EDGE ( 'NONE', *, *, #1680, .T. ) ;
#1240 = FACE_OUTER_BOUND ( 'NONE', #4058, .T. ) ;
#1241 = CARTESIAN_POINT ( 'NONE',  ( 4.125000000000000000, 4.250000000000000000, -0.07499999999999998335 ) ) ;
#1242 = CARTESIAN_POINT ( 'NONE',  ( 3.525000000000000355, 1.999999999999998668, -1.425000000000000933 ) ) ;
#1243 =( NAMED_UNIT ( * ) SI_UNIT ( $, .STERADIAN. ) SOLID_ANGLE_UNIT ( ) );
#1244 =( NAMED_UNIT ( * ) SI_UNIT ( $, .STERADIAN. ) SOLID_ANGLE_UNIT ( ) );
#1245 = LINE ( 'NONE', #1469, #3343 ) ;
#1246 = EDGE_CURVE ( 'NONE', #4441, #867, #5539, .T. ) ;
#1247 = LINE ( 'NONE', #3216, #6277 ) ;
#1248 = VERTEX_POINT ( 'NONE', #5389 ) ;
#1249 = EDGE_CURVE ( 'NONE', #2375, #3437, #5987, .T. ) ;
#1250 = CARTESIAN_POINT ( 'NONE',  ( -0.5250000000000000222, 0.5000000000000000000, 2.024999999999999911 ) ) ;
#1251 = ORIENTED_EDGE ( 'NONE', *, *, #78, .F. ) ;
#1252 = CARTESIAN_POINT ( 'NONE',  ( 1.975000000000000089, 0.0000000000000000000, 2.024999999999999911 ) ) ;
#1253 = LINE ( 'NONE', #2076, #3511 ) ;
#1254 = EDGE_LOOP ( 'NONE', ( #4640, #1239, #6162, #1995 ) ) ;
#1255 = VECTOR ( 'NONE', #5329, 1000.000000000000000 ) ;
#1256 = EDGE_LOOP ( 'NONE', ( #5408, #1602, #862, #806 ) ) ;
#1257 = EDGE_LOOP ( 'NONE', ( #6184, #379, #84, #2660, #5655, #3673 ) ) ;
#1258 = CARTESIAN_POINT ( 'NONE',  ( -0.5250000000000000222, -0.6500000000000000222, -2.075000000000000178 ) ) ;
#1259 = CARTESIAN_POINT ( 'NONE',  ( 1.774999999999999911, -0.6500000000000000222, -1.775000000000000133 ) ) ;
#1260 = ORIENTED_EDGE ( 'NONE', *, *, #4541, .T. ) ;
#1261 = VERTEX_POINT ( 'NONE', #1939 ) ;
#1262 = CARTESIAN_POINT ( 'NONE',  ( 0.5250000000000000222, 1.350000000000000089, 1.525000000000000133 ) ) ;
#1263 = AXIS2_PLACEMENT_3D ( 'NONE', #236, #6074, #3728 ) ;
#1264 = VECTOR ( 'NONE', #3906, 1000.000000000000000 ) ;
#1265 = EDGE_LOOP ( 'NONE', ( #2916, #5745, #4985, #4427 ) ) ;
#1266 = CARTESIAN_POINT ( 'NONE',  ( 1.985000000000000320, 1.000000000000000000, -2.024999999999999911 ) ) ;
#1267 = DIRECTION ( 'NONE',  ( 0.0000000000000000000, 0.0000000000000000000, -1.000000000000000000 ) ) ;
#1268 = ORIENTED_EDGE ( 'NONE', *, *, #2790, .T. ) ;
#1269 = ADVANCED_FACE ( 'NONE', ( #3257 ), #374, .F. ) ;
#1270 = PRESENTATION_LAYER_ASSIGNMENT (  '', '', ( #5231 ) ) ;
#1271 = CARTESIAN_POINT ( 'NONE',  ( -2.274999999999999911, 3.600000000000000977, -1.425000000000000044 ) ) ;
#1272 = PRESENTATION_STYLE_ASSIGNMENT (( #3868 ) ) ;
#1273 = PLANE ( 'NONE',  #603 ) ;
#1274 = VERTEX_POINT ( 'NONE', #6263 ) ;
#1275 = LINE ( 'NONE', #5326, #3384 ) ;
#1276 = ORIENTED_EDGE ( 'NONE', *, *, #3914, .T. ) ;
#1277 = CARTESIAN_POINT ( 'NONE',  ( -1.875000000000000000, 2.550000000000000266, -1.474999999999999867 ) ) ;
#1278 = ORIENTED_EDGE ( 'NONE', *, *, #511, .T. ) ;
#1279 = ORIENTED_EDGE ( 'NONE', *, *, #1449, .F. ) ;
#1280 = ORIENTED_EDGE ( 'NONE', *, *, #5741, .F. ) ;
#1281 = CARTESIAN_POINT ( 'NONE',  ( 3.525000000000000355, 1.949999999999999512, 2.025000000000007017 ) ) ;
#1282 = VERTEX_POINT ( 'NONE', #2443 ) ;
#1283 = CARTESIAN_POINT ( 'NONE',  ( 3.625000000000000000, 3.750000000000000000, 0.02500000000000000139 ) ) ;
#1284 = DIRECTION ( 'NONE',  ( -1.000000000000000000, 0.0000000000000000000, 0.0000000000000000000 ) ) ;
#1285 = EDGE_CURVE ( 'NONE', #3554, #26, #2933, .T. ) ;
#1286 = ORIENTED_EDGE ( 'NONE', *, *, #5703, .T. ) ;
#1287 = CARTESIAN_POINT ( 'NONE',  ( 0.5249999999999999112, 0.3500000000000000333, -2.024999999999999911 ) ) ;
#1288 = ORIENTED_EDGE ( 'NONE', *, *, #1621, .T. ) ;
#1289 = PRESENTATION_LAYER_ASSIGNMENT (  '', '', ( #4821 ) ) ;
#1290 = EDGE_CURVE ( 'NONE', #3171, #3043, #2848, .T. ) ;
#1291 = SURFACE_STYLE_FILL_AREA ( #151 ) ;
#1292 = DIRECTION ( 'NONE',  ( -1.000000000000000000, 0.0000000000000000000, 0.0000000000000000000 ) ) ;
#1293 = SURFACE_STYLE_USAGE ( .BOTH. , #3775 ) ;
#1294 = ADVANCED_FACE ( 'NONE', ( #996 ), #6282, .T. ) ;
#1295 = ORIENTED_EDGE ( 'NONE', *, *, #1509, .T. ) ;
#1296 = EDGE_CURVE ( 'NONE', #32, #1227, #5387, .T. ) ;
#1297 = ORIENTED_EDGE ( 'NONE', *, *, #4535, .T. ) ;
#1298 = VECTOR ( 'NONE', #115, 1000.000000000000000 ) ;
#1299 = CARTESIAN_POINT ( 'NONE',  ( 1.975000000000000089, 1.850000000000000089, -1.698606797699999893 ) ) ;
#1300 = ADVANCED_FACE ( 'NONE', ( #5906 ), #1379, .T. ) ;
#1301 = VERTEX_POINT ( 'NONE', #399 ) ;
#1302 = CARTESIAN_POINT ( 'NONE',  ( -0.5250000000000000222, 0.5547525681000000652, 2.024999999999999911 ) ) ;
#1303 = FACE_OUTER_BOUND ( 'NONE', #4750, .T. ) ;
#1304 = CARTESIAN_POINT ( 'NONE',  ( 3.725000000000000533, 1.999999999999998668, -1.425000000000000933 ) ) ;
#1305 = CARTESIAN_POINT ( 'NONE',  ( -2.024999999999999911, 2.250000000000000000, -1.925000000000000044 ) ) ;
#1306 = CARTESIAN_POINT ( 'NONE',  ( 1.975000000000000089, 0.3499999999999999778, -2.075000000000000178 ) ) ;
#1307 = EDGE_CURVE ( 'NONE', #5544, #4958, #6057, .T. ) ;
#1308 = CARTESIAN_POINT ( 'NONE',  ( 0.7249999999999999778, -0.004464445899999999919, 0.003975566199999999890 ) ) ;
#1309 = DIRECTION ( 'NONE',  ( -1.000000000000000000, -0.0000000000000000000, -0.0000000000000000000 ) ) ;
#1310 = VECTOR ( 'NONE', #1974, 1000.000000000000000 ) ;
#1311 = FACE_OUTER_BOUND ( 'NONE', #6072, .T. ) ;
#1312 = CARTESIAN_POINT ( 'NONE',  ( -0.7249999999999999778, 0.0000000000000000000, 2.024999999999999911 ) ) ;
#1313 = PLANE ( 'NONE',  #4059 ) ;
#1314 = VERTEX_POINT ( 'NONE', #2942 ) ;
#1315 = VECTOR ( 'NONE', #3508, 1000.000000000000000 ) ;
#1316 = EDGE_LOOP ( 'NONE', ( #610, #3766, #2691, #3726, #2502, #2514 ) ) ;
#1317 = DIRECTION ( 'NONE',  ( 1.000000000000000000, 0.0000000000000000000, 0.0000000000000000000 ) ) ;
#1318 = LINE ( 'NONE', #3798, #4469 ) ;
#1319 = CARTESIAN_POINT ( 'NONE',  ( 0.5250000000000000222, -0.004464445899999999919, 0.003975566199999999890 ) ) ;
#1320 = CARTESIAN_POINT ( 'NONE',  ( -2.475000000000000089, 1.999999999999997780, -2.075000000000008615 ) ) ;
#1321 = CARTESIAN_POINT ( 'NONE',  ( -2.274999999999999911, 1.949999999999999512, 2.025000000000007017 ) ) ;
#1322 = ORIENTED_EDGE ( 'NONE', *, *, #5798, .F. ) ;
#1323 = EDGE_CURVE ( 'NONE', #6158, #2153, #1541, .T. ) ;
#1324 = DIRECTION ( 'NONE',  ( 0.0000000000000000000, -1.000000000000000000, 0.0000000000000000000 ) ) ;
#1325 = DIRECTION ( 'NONE',  ( 1.000000000000000000, 0.0000000000000000000, 0.0000000000000000000 ) ) ;
#1326 = VERTEX_POINT ( 'NONE', #5861 ) ;
#1327 = DIRECTION ( 'NONE',  ( -1.000000000000000000, 0.0000000000000000000, 0.0000000000000000000 ) ) ;
#1328 = EDGE_CURVE ( 'NONE', #5445, #122, #2334, .T. ) ;
#1329 =( NAMED_UNIT ( * ) PLANE_ANGLE_UNIT ( ) SI_UNIT ( $, .RADIAN. ) );
#1330 = ADVANCED_FACE ( 'NONE', ( #2712 ), #1019, .T. ) ;
#1331 = FACE_OUTER_BOUND ( 'NONE', #238, .T. ) ;
#1332 = EDGE_CURVE ( 'NONE', #3598, #3186, #2784, .T. ) ;
#1333 = DIRECTION ( 'NONE',  ( 1.000000000000000000, 0.0000000000000000000, 0.0000000000000000000 ) ) ;
#1334 = DIRECTION ( 'NONE',  ( -1.000000000000000000, 0.0000000000000000000, 0.0000000000000000000 ) ) ;
#1335 = ORIENTED_EDGE ( 'NONE', *, *, #1973, .F. ) ;
#1336 = VERTEX_POINT ( 'NONE', #59 ) ;
#1337 = ORIENTED_EDGE ( 'NONE', *, *, #2326, .T. ) ;
#1338 = COLOUR_RGB ( '',1.000000000000000000, 1.000000000000000000, 1.000000000000000000 ) ;
#1339 = ORIENTED_EDGE ( 'NONE', *, *, #702, .F. ) ;
#1340 = CARTESIAN_POINT ( 'NONE',  ( -0.7249999999999999778, 0.0000000000000000000, -1.525000000000000133 ) ) ;
#1341 = ORIENTED_EDGE ( 'NONE', *, *, #3167, .F. ) ;
#1342 = EDGE_CURVE ( 'NONE', #6269, #45, #4610, .T. ) ;
#1343 = FACE_OUTER_BOUND ( 'NONE', #1910, .T. ) ;
#1344 = CARTESIAN_POINT ( 'NONE',  ( 1.985000000000000320, 1.649999999999999911, -1.025000000000000133 ) ) ;
#1345 = AXIS2_PLACEMENT_3D ( 'NONE', #5797, #2363, #902 ) ;
#1346 = DIRECTION ( 'NONE',  ( 0.0000000000000000000, -1.000000000000000000, 0.0000000000000000000 ) ) ;
#1347 = VERTEX_POINT ( 'NONE', #2036 ) ;
#1348 = CARTESIAN_POINT ( 'NONE',  ( -0.7349999999999999867, 1.850000000000000089, -2.024999999999999911 ) ) ;
#1349 = SURFACE_STYLE_FILL_AREA ( #4330 ) ;
#1350 = ORIENTED_EDGE ( 'NONE', *, *, #2386, .T. ) ;
#1351 = PRESENTATION_STYLE_ASSIGNMENT (( #5377 ) ) ;
#1352 = CARTESIAN_POINT ( 'NONE',  ( -0.7249999999999999778, 0.5000000000000000000, 2.024999999999999911 ) ) ;
#1353 = VERTEX_POINT ( 'NONE', #3995 ) ;
#1354 = CARTESIAN_POINT ( 'NONE',  ( 0.7250000000000000888, 0.5547525681000000652, 2.024999999999999911 ) ) ;
#1355 = ORIENTED_EDGE ( 'NONE', *, *, #1630, .F. ) ;
#1356 = LINE ( 'NONE', #5724, #2389 ) ;
#1357 = LINE ( 'NONE', #3984, #5656 ) ;
#1358 = FILL_AREA_STYLE_COLOUR ( '', #1452 ) ;
#1359 = ADVANCED_FACE ( 'NONE', ( #6338 ), #4517, .F. ) ;
#1360 = STYLED_ITEM ( 'NONE', ( #1351 ), #4767 ) ;
#1361 = EDGE_CURVE ( 'NONE', #3132, #4284, #5144, .T. ) ;
#1362 = FILL_AREA_STYLE_COLOUR ( '', #1426 ) ;
#1363 = LINE ( 'NONE', #1454, #1683 ) ;
#1364 = VERTEX_POINT ( 'NONE', #3024 ) ;
#1365 = EDGE_CURVE ( 'NONE', #4350, #4571, #1696, .T. ) ;
#1366 = COLOUR_RGB ( '',0.6470588235294117974, 0.6196078431372549211, 0.5882352941176470784 ) ;
#1367 = DIRECTION ( 'NONE',  ( -1.000000000000000000, 0.0000000000000000000, 0.0000000000000000000 ) ) ;
#1368 = VECTOR ( 'NONE', #263, 1000.000000000000000 ) ;
#1369 = CARTESIAN_POINT ( 'NONE',  ( 0.0000000000000000000, 0.0000000000000000000, -1.474999999999999867 ) ) ;
#1370 = CARTESIAN_POINT ( 'NONE',  ( -0.8750000000000000000, 2.250000000000000000, -2.024999999999999911 ) ) ;
#1371 = VERTEX_POINT ( 'NONE', #22 ) ;
#1372 = VECTOR ( 'NONE', #2854, 1000.000000000000000 ) ;
#1373 =( LENGTH_UNIT ( ) NAMED_UNIT ( * ) SI_UNIT ( .MILLI., .METRE. ) );
#1374 = EDGE_CURVE ( 'NONE', #3892, #5023, #1229, .T. ) ;
#1375 = LINE ( 'NONE', #3550, #2406 ) ;
#1376 = VERTEX_POINT ( 'NONE', #2491 ) ;
#1377 = LINE ( 'NONE', #6156, #441 ) ;
#1378 = AXIS2_PLACEMENT_3D ( 'NONE', #4761, #4327, #1382 ) ;
#1379 = PLANE ( 'NONE',  #568 ) ;
#1380 = CARTESIAN_POINT ( 'NONE',  ( 0.5250000000000000222, 0.0000000000000000000, 0.0000000000000000000 ) ) ;
#1381 = CARTESIAN_POINT ( 'NONE',  ( 0.7250000000000000888, 1.350000000000000089, 1.525000000000000133 ) ) ;
#1382 = DIRECTION ( 'NONE',  ( 0.0000000000000000000, 1.000000000000000000, 0.0000000000000000000 ) ) ;
#1383 = EDGE_LOOP ( 'NONE', ( #294, #2967, #1806, #5171 ) ) ;
#1384 = VECTOR ( 'NONE', #4177, 1000.000000000000000 ) ;
#1385 = FILL_AREA_STYLE_COLOUR ( '', #3762 ) ;
#1386 =( GEOMETRIC_REPRESENTATION_CONTEXT ( 3 ) GLOBAL_UNCERTAINTY_ASSIGNED_CONTEXT ( ( #5250 ) ) GLOBAL_UNIT_ASSIGNED_CONTEXT ( ( #1494, #4835, #918 ) ) REPRESENTATION_CONTEXT ( 'NONE', 'WORKASPACE' ) );
#1387 = LINE ( 'NONE', #2080, #3111 ) ;
#1388 = ORIENTED_EDGE ( 'NONE', *, *, #6231, .T. ) ;
#1389 = SURFACE_STYLE_FILL_AREA ( #865 ) ;
#1390 = ORIENTED_EDGE ( 'NONE', *, *, #4457, .T. ) ;
#1391 = ADVANCED_FACE ( 'NONE', ( #4987 ), #5007, .T. ) ;
#1392 =( NAMED_UNIT ( * ) PLANE_ANGLE_UNIT ( ) SI_UNIT ( $, .RADIAN. ) );
#1393 = DIRECTION ( 'NONE',  ( 0.0000000000000000000, -2.997602166487923448E-15, 1.000000000000000000 ) ) ;
#1394 = VECTOR ( 'NONE', #5901, 1000.000000000000000 ) ;
#1395 = DIRECTION ( 'NONE',  ( -0.0000000000000000000, 0.0000000000000000000, -1.000000000000000000 ) ) ;
#1396 = FACE_OUTER_BOUND ( 'NONE', #4396, .T. ) ;
#1397 = VERTEX_POINT ( 'NONE', #2512 ) ;
#1398 = AXIS2_PLACEMENT_3D ( 'NONE', #5862, #4436, #4930 ) ;
#1399 = LINE ( 'NONE', #4408, #6210 ) ;
#1400 = FILL_AREA_STYLE ('',( #4777 ) ) ;
#1401 =( NAMED_UNIT ( * ) SI_UNIT ( $, .STERADIAN. ) SOLID_ANGLE_UNIT ( ) );
#1402 = VECTOR ( 'NONE', #3952, 1000.000000000000000 ) ;
#1403 = ORIENTED_EDGE ( 'NONE', *, *, #6270, .F. ) ;
#1404 = CARTESIAN_POINT ( 'NONE',  ( -0.5150000000000000133, 1.000000000000000000, -1.474999999999999867 ) ) ;
#1405 = EDGE_CURVE ( 'NONE', #6076, #2867, #2487, .T. ) ;
#1406 = FACE_OUTER_BOUND ( 'NONE', #160, .T. ) ;
#1407 = ORIENTED_EDGE ( 'NONE', *, *, #4178, .F. ) ;
#1408 = DIRECTION ( 'NONE',  ( 0.0000000000000000000, 0.0000000000000000000, -1.000000000000000000 ) ) ;
#1409 =( GEOMETRIC_REPRESENTATION_CONTEXT ( 3 ) GLOBAL_UNCERTAINTY_ASSIGNED_CONTEXT ( ( #739 ) ) GLOBAL_UNIT_ASSIGNED_CONTEXT ( ( #1042, #1581, #2084 ) ) REPRESENTATION_CONTEXT ( 'NONE', 'WORKASPACE' ) );
#1410 = VERTEX_POINT ( 'NONE', #1164 ) ;
#1411 = DIRECTION ( 'NONE',  ( -0.0000000000000000000, 1.000000000000000000, 0.0000000000000000000 ) ) ;
#1412 = ORIENTED_EDGE ( 'NONE', *, *, #3302, .F. ) ;
#1413 = DIRECTION ( 'NONE',  ( 0.0000000000000000000, -1.000000000000000000, -3.252606517456512513E-15 ) ) ;
#1414 = EDGE_CURVE ( 'NONE', #1516, #5445, #5234, .T. ) ;
#1415 = CARTESIAN_POINT ( 'NONE',  ( 3.725000000000000533, 3.600000000000000089, -1.425000000000000933 ) ) ;
#1416 = ORIENTED_EDGE ( 'NONE', *, *, #854, .F. ) ;
#1417 = DIRECTION ( 'NONE',  ( 0.0000000000000000000, 4.003208021484939327E-15, -1.000000000000000000 ) ) ;
#1418 = EDGE_CURVE ( 'NONE', #5904, #721, #674, .T. ) ;
#1419 = VERTEX_POINT ( 'NONE', #1664 ) ;
#1420 = PLANE ( 'NONE',  #3896 ) ;
#1421 = ORIENTED_EDGE ( 'NONE', *, *, #4856, .F. ) ;
#1422 = ORIENTED_EDGE ( 'NONE', *, *, #283, .T. ) ;
#1423 = CARTESIAN_POINT ( 'NONE',  ( -2.024999999999999911, 4.240000000000000213, -2.024999999999999911 ) ) ;
#1424 = UNCERTAINTY_MEASURE_WITH_UNIT (LENGTH_MEASURE( 1.000000000000000082E-05 ), #5041, 'distance_accuracy_value', 'NONE');
#1425 = ORIENTED_EDGE ( 'NONE', *, *, #3679, .T. ) ;
#1426 = COLOUR_RGB ( '',1.000000000000000000, 1.000000000000000000, 1.000000000000000000 ) ;
#1427 = DIRECTION ( 'NONE',  ( -1.000000000000000000, -0.0000000000000000000, -0.0000000000000000000 ) ) ;
#1428 = ADVANCED_FACE ( 'NONE', ( #4103 ), #2428, .F. ) ;
#1429 = ORIENTED_EDGE ( 'NONE', *, *, #1249, .T. ) ;
#1430 = CARTESIAN_POINT ( 'NONE',  ( 2.625000000000000000, 3.750000000000000000, -2.024999999999999911 ) ) ;
#1431 = EDGE_CURVE ( 'NONE', #6171, #4263, #4451, .T. ) ;
#1432 = VECTOR ( 'NONE', #3215, 1000.000000000000000 ) ;
#1433 = AXIS2_PLACEMENT_3D ( 'NONE', #765, #5164, #159 ) ;
#1434 = VERTEX_POINT ( 'NONE', #5973 ) ;
#1435 = VERTEX_POINT ( 'NONE', #5450 ) ;
#1436 = DIRECTION ( 'NONE',  ( -0.0000000000000000000, 1.000000000000000000, -0.0000000000000000000 ) ) ;
#1437 = LINE ( 'NONE', #3456, #6237 ) ;
#1438 = LINE ( 'NONE', #5873, #2834 ) ;
#1439 = PLANE ( 'NONE',  #1525 ) ;
#1440 = VECTOR ( 'NONE', #2838, 1000.000000000000000 ) ;
#1441 = DIRECTION ( 'NONE',  ( 0.0000000000000000000, 0.0000000000000000000, 1.000000000000000000 ) ) ;
#1442 = ORIENTED_EDGE ( 'NONE', *, *, #3006, .T. ) ;
#1443 = AXIS2_PLACEMENT_3D ( 'NONE', #1940, #5837, #4384 ) ;
#1444 = LINE ( 'NONE', #563, #5217 ) ;
#1445 = CARTESIAN_POINT ( 'NONE',  ( 3.525000000000000355, 1.999999999999997780, -2.024999999999999911 ) ) ;
#1446 = ORIENTED_EDGE ( 'NONE', *, *, #1290, .F. ) ;
#1447 =( NAMED_UNIT ( * ) PLANE_ANGLE_UNIT ( ) SI_UNIT ( $, .RADIAN. ) );
#1448 = PRESENTATION_STYLE_ASSIGNMENT (( #4681 ) ) ;
#1449 = EDGE_CURVE ( 'NONE', #5708, #6000, #904, .T. ) ;
#1450 = CARTESIAN_POINT ( 'NONE',  ( -0.5250000000000000222, 0.0000000000000000000, 2.024999999999999911 ) ) ;
#1451 = DIRECTION ( 'NONE',  ( 0.0000000000000000000, 0.0000000000000000000, -1.000000000000000000 ) ) ;
#1452 = COLOUR_RGB ( '',1.000000000000000000, 1.000000000000000000, 1.000000000000000000 ) ;
#1453 = ORIENTED_EDGE ( 'NONE', *, *, #3409, .F. ) ;
#1454 = CARTESIAN_POINT ( 'NONE',  ( -0.4249999999999999889, 1.649999999999999911, -1.474999999999999867 ) ) ;
#1455 = ORIENTED_EDGE ( 'NONE', *, *, #5205, .T. ) ;
#1456 = ORIENTED_EDGE ( 'NONE', *, *, #1782, .F. ) ;
#1457 = EDGE_CURVE ( 'NONE', #4268, #6199, #3332, .T. ) ;
#1458 = LINE ( 'NONE', #2609, #2926 ) ;
#1459 = CARTESIAN_POINT ( 'NONE',  ( -0.7249999999999999778, 1.000000000000000000, 0.0000000000000000000 ) ) ;
#1460 = LINE ( 'NONE', #1299, #2330 ) ;
#1461 = EDGE_CURVE ( 'NONE', #1492, #6269, #2634, .T. ) ;
#1462 = CARTESIAN_POINT ( 'NONE',  ( 0.8249999999999999556, 1.850000000000000089, -1.698606797699999893 ) ) ;
#1463 = VECTOR ( 'NONE', #4813, 1000.000000000000000 ) ;
#1464 = CARTESIAN_POINT ( 'NONE',  ( 0.7249999999999999778, 1.850000000000000089, 2.024999999999999911 ) ) ;
#1465 = ADVANCED_FACE ( 'NONE', ( #6189 ), #4053, .F. ) ;
#1466 = DIRECTION ( 'NONE',  ( 1.000000000000000000, 0.0000000000000000000, 0.0000000000000000000 ) ) ;
#1467 = ORIENTED_EDGE ( 'NONE', *, *, #6225, .F. ) ;
#1468 = VECTOR ( 'NONE', #3350, 1000.000000000000000 ) ;
#1469 = CARTESIAN_POINT ( 'NONE',  ( 0.7250000000000000888, 0.0000000000000000000, -1.525000000000000133 ) ) ;
#1470 = FILL_AREA_STYLE_COLOUR ( '', #1594 ) ;
#1471 = LINE ( 'NONE', #3297, #3962 ) ;
#1472 = EDGE_LOOP ( 'NONE', ( #2013, #2979, #3176, #3945 ) ) ;
#1473 = PLANE ( 'NONE',  #5138 ) ;
#1474 = ORIENTED_EDGE ( 'NONE', *, *, #702, .T. ) ;
#1475 = LINE ( 'NONE', #1534, #2415 ) ;
#1476 = DIRECTION ( 'NONE',  ( 1.000000000000000000, 0.0000000000000000000, -0.0000000000000000000 ) ) ;
#1477 = ORIENTED_EDGE ( 'NONE', *, *, #4387, .F. ) ;
#1478 = AXIS2_PLACEMENT_3D ( 'NONE', #6297, #3850, #1907 ) ;
#1479 = DIRECTION ( 'NONE',  ( 1.000000000000000000, 0.0000000000000000000, 0.0000000000000000000 ) ) ;
#1480 = LINE ( 'NONE', #2508, #4700 ) ;
#1481 = SURFACE_STYLE_USAGE ( .BOTH. , #3911 ) ;
#1482 = LINE ( 'NONE', #1687, #1955 ) ;
#1483 = ORIENTED_EDGE ( 'NONE', *, *, #1290, .T. ) ;
#1484 =( NAMED_UNIT ( * ) SI_UNIT ( $, .STERADIAN. ) SOLID_ANGLE_UNIT ( ) );
#1485 =( GEOMETRIC_REPRESENTATION_CONTEXT ( 3 ) GLOBAL_UNCERTAINTY_ASSIGNED_CONTEXT ( ( #1151 ) ) GLOBAL_UNIT_ASSIGNED_CONTEXT ( ( #4831, #3421, #2458 ) ) REPRESENTATION_CONTEXT ( 'NONE', 'WORKASPACE' ) );
#1486 = FILL_AREA_STYLE ('',( #778 ) ) ;
#1487 = LINE ( 'NONE', #657, #2355 ) ;
#1488 = ORIENTED_EDGE ( 'NONE', *, *, #1285, .T. ) ;
#1489 = LINE ( 'NONE', #6185, #6359 ) ;
#1490 = VERTEX_POINT ( 'NONE', #3534 ) ;
#1491 = LINE ( 'NONE', #3015, #4562 ) ;
#1492 = VERTEX_POINT ( 'NONE', #578 ) ;
#1493 = CARTESIAN_POINT ( 'NONE',  ( -2.375000000000000000, 3.750000000000000000, 0.02500000000000000139 ) ) ;
#1494 =( LENGTH_UNIT ( ) NAMED_UNIT ( * ) SI_UNIT ( .MILLI., .METRE. ) );
#1495 = DIRECTION ( 'NONE',  ( -0.0000000000000000000, 0.0000000000000000000, -1.000000000000000000 ) ) ;
#1496 = ORIENTED_EDGE ( 'NONE', *, *, #1198, .T. ) ;
#1497 = DIRECTION ( 'NONE',  ( 0.0000000000000000000, 1.084202172485501673E-15, 1.000000000000000000 ) ) ;
#1498 = ADVANCED_FACE ( 'NONE', ( #3560 ), #3087, .F. ) ;
#1499 = PLANE ( 'NONE',  #5252 ) ;
#1500 = EDGE_CURVE ( 'NONE', #4707, #3830, #6125, .T. ) ;
#1501 = ORIENTED_EDGE ( 'NONE', *, *, #1709, .F. ) ;
#1502 = CARTESIAN_POINT ( 'NONE',  ( -2.475000000000000089, 4.249999999999992895, -0.07499999999999976130 ) ) ;
#1503 = ORIENTED_EDGE ( 'NONE', *, *, #2645, .F. ) ;
#1504 = PRESENTATION_LAYER_ASSIGNMENT (  '', '', ( #5191 ) ) ;
#1505 = CARTESIAN_POINT ( 'NONE',  ( 1.975000000000000089, 1.000000000000000000, 0.0000000000000000000 ) ) ;
#1506 = DIRECTION ( 'NONE',  ( 0.0000000000000000000, 0.0000000000000000000, -1.000000000000000000 ) ) ;
#1507 = VECTOR ( 'NONE', #4549, 1000.000000000000000 ) ;
#1508 = DIRECTION ( 'NONE',  ( -1.000000000000000000, 0.0000000000000000000, 0.0000000000000000000 ) ) ;
#1509 = EDGE_CURVE ( 'NONE', #1347, #5316, #3799, .T. ) ;
#1510 = ORIENTED_EDGE ( 'NONE', *, *, #2516, .F. ) ;
#1511 = CARTESIAN_POINT ( 'NONE',  ( -2.274999999999999911, 0.0000000000000000000, 2.024999999999999911 ) ) ;
#1512 = FACE_OUTER_BOUND ( 'NONE', #6104, .T. ) ;
#1513 = CARTESIAN_POINT ( 'NONE',  ( 0.7250000000000000888, 1.850000000000000089, -1.698606797699999893 ) ) ;
#1514 = VERTEX_POINT ( 'NONE', #5468 ) ;
#1515 = ORIENTED_EDGE ( 'NONE', *, *, #4986, .T. ) ;
#1516 = VERTEX_POINT ( 'NONE', #2532 ) ;
#1517 = CARTESIAN_POINT ( 'NONE',  ( 3.625000000000000000, 3.750000000000000000, 2.024999999999999911 ) ) ;
#1518 = COLOUR_RGB ( '',1.000000000000000000, 1.000000000000000000, 1.000000000000000000 ) ;
#1519 = CARTESIAN_POINT ( 'NONE',  ( -1.875000000000000000, 1.850000000000000089, -1.474999999999999867 ) ) ;
#1520 = DIRECTION ( 'NONE',  ( 0.0000000000000000000, 0.0000000000000000000, -1.000000000000000000 ) ) ;
#1521 = FILL_AREA_STYLE ('',( #5471 ) ) ;
#1522 = COLOUR_RGB ( '',0.6470588235294117974, 0.6196078431372549211, 0.5882352941176470784 ) ;
#1523 = AXIS2_PLACEMENT_3D ( 'NONE', #5376, #6289, #4842 ) ;
#1524 = ORIENTED_EDGE ( 'NONE', *, *, #4986, .F. ) ;
#1525 = AXIS2_PLACEMENT_3D ( 'NONE', #364, #4875, #5849 ) ;
#1526 = LINE ( 'NONE', #3718, #3319 ) ;
#1527 = VERTEX_POINT ( 'NONE', #2571 ) ;
#1528 = VECTOR ( 'NONE', #4757, 1000.000000000000000 ) ;
#1529 = VECTOR ( 'NONE', #5346, 1000.000000000000000 ) ;
#1530 = DIRECTION ( 'NONE',  ( 1.000000000000000000, 0.0000000000000000000, 0.0000000000000000000 ) ) ;
#1531 = VECTOR ( 'NONE', #521, 1000.000000000000000 ) ;
#1532 = ADVANCED_FACE ( 'NONE', ( #4228 ), #4988, .T. ) ;
#1533 = ORIENTED_EDGE ( 'NONE', *, *, #2111, .F. ) ;
#1534 = CARTESIAN_POINT ( 'NONE',  ( 1.975000000000000089, 1.850000000000000089, 2.024999999999999911 ) ) ;
#1535 = LINE ( 'NONE', #3169, #5599 ) ;
#1536 = FILL_AREA_STYLE ('',( #2118 ) ) ;
#1537 = VECTOR ( 'NONE', #1759, 1000.000000000000000 ) ;
#1538 = PLANE ( 'NONE',  #6366 ) ;
#1539 = VERTEX_POINT ( 'NONE', #3022 ) ;
#1540 = EDGE_CURVE ( 'NONE', #393, #4400, #818, .T. ) ;
#1541 = LINE ( 'NONE', #1986, #5750 ) ;
#1542 = AXIS2_PLACEMENT_3D ( 'NONE', #2675, #2147, #3113 ) ;
#1543 = DIRECTION ( 'NONE',  ( 0.0000000000000000000, 1.000000000000000000, 0.0000000000000000000 ) ) ;
#1544 = EDGE_CURVE ( 'NONE', #4314, #4268, #2483, .T. ) ;
#1545 = VECTOR ( 'NONE', #5980, 1000.000000000000000 ) ;
#1546 = EDGE_LOOP ( 'NONE', ( #3821, #1455, #3782, #6217, #408, #5271, #3273, #3230, #3722, #4258 ) ) ;
#1547 = EDGE_CURVE ( 'NONE', #5893, #3604, #3479, .T. ) ;
#1548 = CARTESIAN_POINT ( 'NONE',  ( 0.5250000000000000222, 1.850000000000000089, 2.024999999999999911 ) ) ;
#1549 = VECTOR ( 'NONE', #1764, 1000.000000000000000 ) ;
#1550 = ORIENTED_EDGE ( 'NONE', *, *, #2902, .F. ) ;
#1551 = CARTESIAN_POINT ( 'NONE',  ( 3.750000000000000444, 4.240000000000000213, -2.024999999999999911 ) ) ;
#1552 = ORIENTED_EDGE ( 'NONE', *, *, #3619, .F. ) ;
#1553 = FILL_AREA_STYLE_COLOUR ( '', #838 ) ;
#1554 = PRESENTATION_STYLE_ASSIGNMENT (( #390 ) ) ;
#1555 = ORIENTED_EDGE ( 'NONE', *, *, #673, .F. ) ;
#1556 = EDGE_CURVE ( 'NONE', #4794, #1124, #2629, .T. ) ;
#1557 = PRESENTATION_STYLE_ASSIGNMENT (( #198 ) ) ;
#1558 = VERTEX_POINT ( 'NONE', #1662 ) ;
#1559 = DIRECTION ( 'NONE',  ( 0.0000000000000000000, -1.000000000000000000, 0.0000000000000000000 ) ) ;
#1560 = AXIS2_PLACEMENT_3D ( 'NONE', #2823, #3333, #5777 ) ;
#1561 = FILL_AREA_STYLE_COLOUR ( '', #2162 ) ;
#1562 = ADVANCED_FACE ( 'NONE', ( #5385 ), #2201, .T. ) ;
#1563 = CARTESIAN_POINT ( 'NONE',  ( -2.875000000000000000, 2.000000000000000000, -1.425000000000000044 ) ) ;
#1564 = VECTOR ( 'NONE', #3659, 1000.000000000000000 ) ;
#1565 = ORIENTED_EDGE ( 'NONE', *, *, #4086, .T. ) ;
#1566 = DIRECTION ( 'NONE',  ( 0.0000000000000000000, 1.000000000000000000, 0.0000000000000000000 ) ) ;
#1567 = VECTOR ( 'NONE', #2775, 1000.000000000000000 ) ;
#1568 = MECHANICAL_DESIGN_GEOMETRIC_PRESENTATION_REPRESENTATION (  '', ( #6150 ), #766 ) ;
#1569 = ORIENTED_EDGE ( 'NONE', *, *, #3788, .F. ) ;
#1570 = STYLED_ITEM ( 'NONE', ( #1003 ), #5161 ) ;
#1571 = VECTOR ( 'NONE', #6333, 1000.000000000000000 ) ;
#1572 = VERTEX_POINT ( 'NONE', #5030 ) ;
#1573 = CARTESIAN_POINT ( 'NONE',  ( 1.975000000000000089, 1.850000000000000089, 2.024999999999999911 ) ) ;
#1574 = LINE ( 'NONE', #3662, #2288 ) ;
#1575 = ORIENTED_EDGE ( 'NONE', *, *, #1246, .T. ) ;
#1576 = PLANE ( 'NONE',  #5095 ) ;
#1577 = VERTEX_POINT ( 'NONE', #638 ) ;
#1578 = LINE ( 'NONE', #4159, #494 ) ;
#1579 = ORIENTED_EDGE ( 'NONE', *, *, #4869, .T. ) ;
#1580 = EDGE_CURVE ( 'NONE', #3388, #3847, #437, .T. ) ;
#1581 =( NAMED_UNIT ( * ) PLANE_ANGLE_UNIT ( ) SI_UNIT ( $, .RADIAN. ) );
#1582 = ORIENTED_EDGE ( 'NONE', *, *, #1704, .F. ) ;
#1583 = DIRECTION ( 'NONE',  ( -1.000000000000000000, 0.0000000000000000000, 0.0000000000000000000 ) ) ;
#1584 = CARTESIAN_POINT ( 'NONE',  ( -0.5250000000000000222, 1.315130797599999957, 1.171117220399999770 ) ) ;
#1585 = DIRECTION ( 'NONE',  ( 0.0000000000000000000, 0.0000000000000000000, 1.000000000000000000 ) ) ;
#1586 = ORIENTED_EDGE ( 'NONE', *, *, #67, .T. ) ;
#1587 = DIRECTION ( 'NONE',  ( 0.0000000000000000000, -1.000000000000000000, 0.0000000000000000000 ) ) ;
#1588 = EDGE_CURVE ( 'NONE', #4292, #10, #2173, .T. ) ;
#1589 = DIRECTION ( 'NONE',  ( 0.0000000000000000000, -1.000000000000000000, 0.0000000000000000000 ) ) ;
#1590 = ORIENTED_EDGE ( 'NONE', *, *, #6324, .T. ) ;
#1591 = VERTEX_POINT ( 'NONE', #4556 ) ;
#1592 = DIRECTION ( 'NONE',  ( 0.0000000000000000000, -0.0000000000000000000, -1.000000000000000000 ) ) ;
#1593 =( NAMED_UNIT ( * ) PLANE_ANGLE_UNIT ( ) SI_UNIT ( $, .RADIAN. ) );
#1594 = COLOUR_RGB ( '',0.6470588235294117974, 0.6196078431372549211, 0.5882352941176470784 ) ;
#1595 = VECTOR ( 'NONE', #5433, 1000.000000000000000 ) ;
#1596 = ADVANCED_FACE ( 'NONE', ( #3018 ), #5534, .T. ) ;
#1597 = VERTEX_POINT ( 'NONE', #1185 ) ;
#1598 = DIRECTION ( 'NONE',  ( 0.0000000000000000000, 0.0000000000000000000, 1.000000000000000000 ) ) ;
#1599 = ORIENTED_EDGE ( 'NONE', *, *, #155, .T. ) ;
#1600 = VERTEX_POINT ( 'NONE', #1127 ) ;
#1601 = PLANE ( 'NONE',  #2616 ) ;
#1602 = ORIENTED_EDGE ( 'NONE', *, *, #1461, .T. ) ;
#1603 = LINE ( 'NONE', #6343, #5970 ) ;
#1604 = FACE_OUTER_BOUND ( 'NONE', #585, .T. ) ;
#1605 = ORIENTED_EDGE ( 'NONE', *, *, #1374, .F. ) ;
#1606 = ORIENTED_EDGE ( 'NONE', *, *, #864, .F. ) ;
#1607 = FACE_OUTER_BOUND ( 'NONE', #1316, .T. ) ;
#1608 = CARTESIAN_POINT ( 'NONE',  ( -2.875000000000000000, 4.250000000000000000, -1.525000000000000133 ) ) ;
#1609 = ORIENTED_EDGE ( 'NONE', *, *, #411, .T. ) ;
#1610 = DIRECTION ( 'NONE',  ( 1.000000000000000000, -0.0000000000000000000, 0.0000000000000000000 ) ) ;
#1611 = FACE_OUTER_BOUND ( 'NONE', #162, .T. ) ;
#1612 = AXIS2_PLACEMENT_3D ( 'NONE', #661, #5140, #186 ) ;
#1613 = FILL_AREA_STYLE_COLOUR ( '', #4302 ) ;
#1614 = CARTESIAN_POINT ( 'NONE',  ( 1.974999999999999867, 0.3500000000000000333, -2.024999999999999911 ) ) ;
#1615 = DIRECTION ( 'NONE',  ( 0.0000000000000000000, 0.0000000000000000000, 1.000000000000000000 ) ) ;
#1616 = VECTOR ( 'NONE', #4188, 1000.000000000000000 ) ;
#1617 = AXIS2_PLACEMENT_3D ( 'NONE', #6291, #3913, #5890 ) ;
#1618 = FACE_OUTER_BOUND ( 'NONE', #5947, .T. ) ;
#1619 = CARTESIAN_POINT ( 'NONE',  ( 3.750000000000000444, 4.240000000000000213, -2.024999999999999911 ) ) ;
#1620 =( LENGTH_UNIT ( ) NAMED_UNIT ( * ) SI_UNIT ( .MILLI., .METRE. ) );
#1621 = EDGE_CURVE ( 'NONE', #2361, #3280, #1458, .T. ) ;
#1622 = DIRECTION ( 'NONE',  ( -1.000000000000000000, 0.0000000000000000000, 0.0000000000000000000 ) ) ;
#1623 = SURFACE_SIDE_STYLE ('',( #5451 ) ) ;
#1624 = UNCERTAINTY_MEASURE_WITH_UNIT (LENGTH_MEASURE( 1.000000000000000082E-05 ), #1801, 'distance_accuracy_value', 'NONE');
#1625 = ADVANCED_FACE ( 'NONE', ( #6187 ), #4131, .F. ) ;
#1626 = DIRECTION ( 'NONE',  ( 0.0000000000000000000, -1.000000000000000000, 0.0000000000000000000 ) ) ;
#1627 = STYLED_ITEM ( 'NONE', ( #164 ), #2358 ) ;
#1628 = CARTESIAN_POINT ( 'NONE',  ( -0.7249999999999999778, 0.5547525681000000652, 2.024999999999999911 ) ) ;
#1629 = LINE ( 'NONE', #4162, #3414 ) ;
#1630 = EDGE_CURVE ( 'NONE', #5106, #134, #276, .T. ) ;
#1631 =( NAMED_UNIT ( * ) SI_UNIT ( $, .STERADIAN. ) SOLID_ANGLE_UNIT ( ) );
#1632 = ORIENTED_EDGE ( 'NONE', *, *, #5464, .T. ) ;
#1633 = CARTESIAN_POINT ( 'NONE',  ( -0.5250000000000000222, -0.004464445899999999919, 0.003975566199999999890 ) ) ;
#1634 = EDGE_CURVE ( 'NONE', #993, #5608, #4914, .T. ) ;
#1635 = CARTESIAN_POINT ( 'NONE',  ( 2.625000000000000000, 3.149999999999999911, 0.02500000000000000139 ) ) ;
#1636 = SURFACE_STYLE_FILL_AREA ( #5094 ) ;
#1637 = VECTOR ( 'NONE', #1333, 1000.000000000000000 ) ;
#1638 = VERTEX_POINT ( 'NONE', #4604 ) ;
#1639 = CARTESIAN_POINT ( 'NONE',  ( -2.274999999999999911, 3.600000000000000977, -0.07499999999999998335 ) ) ;
#1640 = CARTESIAN_POINT ( 'NONE',  ( -0.7249999999999999778, 1.350000000000000089, 0.0000000000000000000 ) ) ;
#1641 = FACE_OUTER_BOUND ( 'NONE', #6120, .T. ) ;
#1642 = ORIENTED_EDGE ( 'NONE', *, *, #1880, .F. ) ;
#1643 = EDGE_CURVE ( 'NONE', #692, #4, #1535, .T. ) ;
#1644 = VECTOR ( 'NONE', #952, 1000.000000000000000 ) ;
#1645 = AXIS2_PLACEMENT_3D ( 'NONE', #2192, #172, #5657 ) ;
#1646 = PRESENTATION_STYLE_ASSIGNMENT (( #1690 ) ) ;
#1647 = ORIENTED_EDGE ( 'NONE', *, *, #1896, .F. ) ;
#1648 = CARTESIAN_POINT ( 'NONE',  ( 0.7250000000000000888, 1.649999999999999911, -1.025000000000000133 ) ) ;
#1649 = ORIENTED_EDGE ( 'NONE', *, *, #1342, .T. ) ;
#1650 = CARTESIAN_POINT ( 'NONE',  ( 3.625000000000000000, 3.750000000000000000, 0.02500000000000000139 ) ) ;
#1651 = ORIENTED_EDGE ( 'NONE', *, *, #4182, .T. ) ;
#1652 = MECHANICAL_DESIGN_GEOMETRIC_PRESENTATION_REPRESENTATION (  '', ( #305 ), #4486 ) ;
#1653 = CARTESIAN_POINT ( 'NONE',  ( 0.7250000000000000888, 1.850000000000000089, 2.024999999999999911 ) ) ;
#1654 = ADVANCED_FACE ( 'NONE', ( #749 ), #1150, .T. ) ;
#1655 = ORIENTED_EDGE ( 'NONE', *, *, #3826, .F. ) ;
#1656 = VECTOR ( 'NONE', #4090, 1000.000000000000000 ) ;
#1657 = EDGE_CURVE ( 'NONE', #4885, #2723, #3948, .T. ) ;
#1658 = CARTESIAN_POINT ( 'NONE',  ( 1.975000000000000089, 1.850000000000000089, -1.025000000000000133 ) ) ;
#1659 = ORIENTED_EDGE ( 'NONE', *, *, #3086, .F. ) ;
#1660 = EDGE_CURVE ( 'NONE', #5480, #5195, #5900, .T. ) ;
#1661 = CARTESIAN_POINT ( 'NONE',  ( 1.774999999999999911, -0.6500000000000000222, -2.075000000000000178 ) ) ;
#1662 = CARTESIAN_POINT ( 'NONE',  ( 0.7349999999999999867, 1.000000000000000000, -1.525000000000000133 ) ) ;
#1663 = VECTOR ( 'NONE', #4528, 1000.000000000000000 ) ;
#1664 = CARTESIAN_POINT ( 'NONE',  ( -0.4249999999999999889, 1.850000000000000089, -1.474999999999999867 ) ) ;
#1665 = VERTEX_POINT ( 'NONE', #5114 ) ;
#1666 = CARTESIAN_POINT ( 'NONE',  ( -0.8249999999999999556, 1.850000000000000089, 2.024999999999999911 ) ) ;
#1667 = VERTEX_POINT ( 'NONE', #2646 ) ;
#1668 = PLANE ( 'NONE',  #5472 ) ;
#1669 = EDGE_CURVE ( 'NONE', #1081, #5445, #3794, .T. ) ;
#1670 = ORIENTED_EDGE ( 'NONE', *, *, #199, .F. ) ;
#1671 = DIRECTION ( 'NONE',  ( 0.0000000000000000000, -1.000000000000000000, -3.219646771412953967E-15 ) ) ;
#1672 = VECTOR ( 'NONE', #3961, 1000.000000000000000 ) ;
#1673 = VERTEX_POINT ( 'NONE', #5091 ) ;
#1674 = SURFACE_STYLE_FILL_AREA ( #4674 ) ;
#1675 = LINE ( 'NONE', #3494, #341 ) ;
#1676 = DIRECTION ( 'NONE',  ( 0.0000000000000000000, -1.000000000000000000, 0.0000000000000000000 ) ) ;
#1677 = ORIENTED_EDGE ( 'NONE', *, *, #5405, .T. ) ;
#1678 = PLANE ( 'NONE',  #5961 ) ;
#1679 = LINE ( 'NONE', #1430, #3085 ) ;
#1680 = EDGE_CURVE ( 'NONE', #493, #3388, #4529, .T. ) ;
#1681 = DIRECTION ( 'NONE',  ( 0.0000000000000000000, 0.0000000000000000000, -1.000000000000000000 ) ) ;
#1682 = AXIS2_PLACEMENT_3D ( 'NONE', #1837, #3820, #1587 ) ;
#1683 = VECTOR ( 'NONE', #3955, 1000.000000000000000 ) ;
#1684 = ORIENTED_EDGE ( 'NONE', *, *, #3098, .F. ) ;
#1685 = ORIENTED_EDGE ( 'NONE', *, *, #734, .F. ) ;
#1686 = VECTOR ( 'NONE', #2997, 1000.000000000000000 ) ;
#1687 = CARTESIAN_POINT ( 'NONE',  ( 3.125000000000000000, 1.850000000000000089, 2.024999999999999911 ) ) ;
#1688 = DIRECTION ( 'NONE',  ( -8.673617379884027583E-16, 0.0000000000000000000, 1.000000000000000000 ) ) ;
#1689 = DIRECTION ( 'NONE',  ( 1.000000000000000000, 0.0000000000000000000, 0.0000000000000000000 ) ) ;
#1690 = SURFACE_STYLE_USAGE ( .BOTH. , #2205 ) ;
#1691 = DIRECTION ( 'NONE',  ( 0.0000000000000000000, 0.0000000000000000000, 1.000000000000000000 ) ) ;
#1692 = LINE ( 'NONE', #2840, #5902 ) ;
#1693 = STYLED_ITEM ( 'NONE', ( #4233 ), #1140 ) ;
#1694 = AXIS2_PLACEMENT_3D ( 'NONE', #5082, #4069, #3652 ) ;
#1695 = CARTESIAN_POINT ( 'NONE',  ( 2.425000000000000266, 2.550000000000000266, -1.474999999999999867 ) ) ;
#1696 = LINE ( 'NONE', #3067, #3867 ) ;
#1697 = CARTESIAN_POINT ( 'NONE',  ( -0.5250000000000000222, 0.3499999999999999778, -2.075000000000000178 ) ) ;
#1698 = CARTESIAN_POINT ( 'NONE',  ( 3.125000000000000000, 3.750000000000000000, 2.025999999999999801 ) ) ;
#1699 = ADVANCED_FACE ( 'NONE', ( #2017 ), #5589, .F. ) ;
#1700 = ORIENTED_EDGE ( 'NONE', *, *, #4146, .F. ) ;
#1701 = LINE ( 'NONE', #5477, #1545 ) ;
#1702 = DIRECTION ( 'NONE',  ( 1.000000000000000000, 0.0000000000000000000, 0.0000000000000000000 ) ) ;
#1703 = COLOUR_RGB ( '',1.000000000000000000, 1.000000000000000000, 1.000000000000000000 ) ;
#1704 = EDGE_CURVE ( 'NONE', #1261, #3830, #1149, .T. ) ;
#1705 = FACE_BOUND ( 'NONE', #429, .T. ) ;
#1706 = UNCERTAINTY_MEASURE_WITH_UNIT (LENGTH_MEASURE( 1.000000000000000082E-05 ), #1373, 'distance_accuracy_value', 'NONE');
#1707 = VECTOR ( 'NONE', #5068, 1000.000000000000000 ) ;
#1708 = ORIENTED_EDGE ( 'NONE', *, *, #2146, .F. ) ;
#1709 = EDGE_CURVE ( 'NONE', #1248, #4583, #4092, .T. ) ;
#1710 = CARTESIAN_POINT ( 'NONE',  ( 1.775000000000000133, 1.850000000000000089, -1.698606797699999893 ) ) ;
#1711 = DIRECTION ( 'NONE',  ( 1.000000000000000000, 0.0000000000000000000, 0.0000000000000000000 ) ) ;
#1712 = CARTESIAN_POINT ( 'NONE',  ( -0.5250000000000000222, 0.05000000000000002359, -1.775000000000000133 ) ) ;
#1713 = VECTOR ( 'NONE', #5686, 1000.000000000000000 ) ;
#1714 = CARTESIAN_POINT ( 'NONE',  ( 1.975000000000000089, 0.0000000000000000000, -2.024999999999999911 ) ) ;
#1715 = DIRECTION ( 'NONE',  ( -1.000000000000000000, 0.0000000000000000000, 0.0000000000000000000 ) ) ;
#1716 = ORIENTED_EDGE ( 'NONE', *, *, #4328, .T. ) ;
#1717 = VECTOR ( 'NONE', #5691, 1000.000000000000000 ) ;
#1718 = EDGE_CURVE ( 'NONE', #4509, #140, #4523, .T. ) ;
#1719 = EDGE_LOOP ( 'NONE', ( #3596, #3005, #3366, #5220 ) ) ;
#1720 = CARTESIAN_POINT ( 'NONE',  ( -0.7349999999999999867, 1.850000000000000089, -2.024999999999999911 ) ) ;
#1721 = CARTESIAN_POINT ( 'NONE',  ( -2.274999999999999911, 0.6000000000000024203, 1.375000000000002442 ) ) ;
#1722 = CARTESIAN_POINT ( 'NONE',  ( 0.7250000000000000888, 0.3499999999999999778, -2.075000000000000178 ) ) ;
#1723 = VECTOR ( 'NONE', #784, 1000.000000000000000 ) ;
#1724 = DIRECTION ( 'NONE',  ( 0.0000000000000000000, 0.0000000000000000000, 1.000000000000000000 ) ) ;
#1725 = CARTESIAN_POINT ( 'NONE',  ( -1.875000000000000000, 0.5000000000000000000, -1.474999999999999867 ) ) ;
#1726 = ORIENTED_EDGE ( 'NONE', *, *, #5304, .F. ) ;
#1727 = FACE_BOUND ( 'NONE', #4439, .T. ) ;
#1728 = CARTESIAN_POINT ( 'NONE',  ( 1.985000000000000320, 1.850000000000000089, -1.025000000000000133 ) ) ;
#1729 = ORIENTED_EDGE ( 'NONE', *, *, #2019, .T. ) ;
#1730 = ORIENTED_EDGE ( 'NONE', *, *, #2462, .T. ) ;
#1731 = ORIENTED_EDGE ( 'NONE', *, *, #1500, .T. ) ;
#1732 = ADVANCED_FACE ( 'NONE', ( #3787 ), #6122, .F. ) ;
#1733 = AXIS2_PLACEMENT_3D ( 'NONE', #1450, #5834, #997 ) ;
#1734 = VERTEX_POINT ( 'NONE', #4980 ) ;
#1735 = CARTESIAN_POINT ( 'NONE',  ( 3.525000000000000355, 2.000000000000000000, -1.425000000000000044 ) ) ;
#1736 = CARTESIAN_POINT ( 'NONE',  ( -0.8750000000000000000, 2.250000000000000000, 1.505384757699999909 ) ) ;
#1737 = EDGE_LOOP ( 'NONE', ( #1503, #4651, #936, #801 ) ) ;
#1738 = CARTESIAN_POINT ( 'NONE',  ( 3.125000000000000000, 3.750000000000000000, 0.02500000000000000139 ) ) ;
#1739 = EDGE_LOOP ( 'NONE', ( #6160, #3601, #206, #3620 ) ) ;
#1740 = CARTESIAN_POINT ( 'NONE',  ( 1.975000000000000089, 0.5547525681000000652, 2.024999999999999911 ) ) ;
#1741 = VECTOR ( 'NONE', #3885, 1000.000000000000000 ) ;
#1742 = PLANE ( 'NONE',  #1234 ) ;
#1743 = ORIENTED_EDGE ( 'NONE', *, *, #854, .T. ) ;
#1744 = SURFACE_SIDE_STYLE ('',( #177 ) ) ;
#1745 = EDGE_CURVE ( 'NONE', #4773, #630, #6046, .T. ) ;
#1746 = SURFACE_STYLE_FILL_AREA ( #5004 ) ;
#1747 = VECTOR ( 'NONE', #4275, 1000.000000000000000 ) ;
#1748 = DIRECTION ( 'NONE',  ( 1.000000000000000000, 0.0000000000000000000, -0.0000000000000000000 ) ) ;
#1749 = ORIENTED_EDGE ( 'NONE', *, *, #2396, .T. ) ;
#1750 = ORIENTED_EDGE ( 'NONE', *, *, #3658, .T. ) ;
#1751 = EDGE_CURVE ( 'NONE', #1667, #3153, #5379, .T. ) ;
#1752 =( NAMED_UNIT ( * ) PLANE_ANGLE_UNIT ( ) SI_UNIT ( $, .RADIAN. ) );
#1753 = COLOUR_RGB ( '',0.6470588235294117974, 0.6196078431372549211, 0.5882352941176470784 ) ;
#1754 = EDGE_CURVE ( 'NONE', #683, #5562, #4903, .T. ) ;
#1755 = LINE ( 'NONE', #4689, #5443 ) ;
#1756 = DIRECTION ( 'NONE',  ( 0.0000000000000000000, 0.6650335612228979176, -0.7468134723257140450 ) ) ;
#1757 = VECTOR ( 'NONE', #2943, 1000.000000000000000 ) ;
#1758 = CARTESIAN_POINT ( 'NONE',  ( 2.075000000000000622, 1.850000000000000089, -1.474999999999999867 ) ) ;
#1759 = DIRECTION ( 'NONE',  ( 0.0000000000000000000, 0.0000000000000000000, -1.000000000000000000 ) ) ;
#1760 = ADVANCED_FACE ( 'NONE', ( #2478 ), #772, .T. ) ;
#1761 = PLANE ( 'NONE',  #6281 ) ;
#1762 = SURFACE_STYLE_USAGE ( .BOTH. , #3763 ) ;
#1763 = ORIENTED_EDGE ( 'NONE', *, *, #2744, .F. ) ;
#1764 = DIRECTION ( 'NONE',  ( 0.0000000000000000000, -1.084202172485501673E-15, -1.000000000000000000 ) ) ;
#1765 = DIRECTION ( 'NONE',  ( 0.0000000000000000000, 1.000000000000000000, -1.339206523454102177E-15 ) ) ;
#1766 = EDGE_CURVE ( 'NONE', #45, #788, #4752, .T. ) ;
#1767 = CARTESIAN_POINT ( 'NONE',  ( 1.775000000000000133, 1.649999999999999911, -1.025000000000000133 ) ) ;
#1768 = DIRECTION ( 'NONE',  ( 0.0000000000000000000, 0.0000000000000000000, 1.000000000000000000 ) ) ;
#1769 = STYLED_ITEM ( 'NONE', ( #6169 ), #3356 ) ;
#1770 = LINE ( 'NONE', #3175, #5458 ) ;
#1771 = DIRECTION ( 'NONE',  ( 0.0000000000000000000, 0.0000000000000000000, 1.000000000000000000 ) ) ;
#1772 = SURFACE_STYLE_FILL_AREA ( #6335 ) ;
#1773 = CARTESIAN_POINT ( 'NONE',  ( 1.975000000000000089, 1.000000000000000000, -1.525000000000000133 ) ) ;
#1774 = STYLED_ITEM ( 'NONE', ( #5604 ), #1359 ) ;
#1775 = MECHANICAL_DESIGN_GEOMETRIC_PRESENTATION_REPRESENTATION (  '', ( #848 ), #5061 ) ;
#1776 = LINE ( 'NONE', #3144, #3260 ) ;
#1777 = ORIENTED_EDGE ( 'NONE', *, *, #2307, .F. ) ;
#1778 = CARTESIAN_POINT ( 'NONE',  ( -0.5250000000000000222, 0.05000000000000002359, -1.524999999999999689 ) ) ;
#1779 = CARTESIAN_POINT ( 'NONE',  ( -2.274999999999999911, 2.000000000000000000, -1.425000000000000044 ) ) ;
#1780 = LINE ( 'NONE', #776, #4240 ) ;
#1781 = ORIENTED_EDGE ( 'NONE', *, *, #4954, .F. ) ;
#1782 = EDGE_CURVE ( 'NONE', #2153, #4696, #4824, .T. ) ;
#1783 = ORIENTED_EDGE ( 'NONE', *, *, #3866, .F. ) ;
#1784 = DIRECTION ( 'NONE',  ( 0.0000000000000000000, 0.0000000000000000000, 1.000000000000000000 ) ) ;
#1785 = CARTESIAN_POINT ( 'NONE',  ( -2.024999999999999911, 4.250000000000000000, -2.024999999999999911 ) ) ;
#1786 = DIRECTION ( 'NONE',  ( 0.0000000000000000000, 1.000000000000000000, 0.0000000000000000000 ) ) ;
#1787 = DIRECTION ( 'NONE',  ( 0.0000000000000000000, 0.0000000000000000000, -1.000000000000000000 ) ) ;
#1788 = EDGE_CURVE ( 'NONE', #3898, #2798, #2322, .T. ) ;
#1789 = DIRECTION ( 'NONE',  ( 1.000000000000000000, 0.0000000000000000000, 0.0000000000000000000 ) ) ;
#1790 = VECTOR ( 'NONE', #1163, 1000.000000000000000 ) ;
#1791 = ORIENTED_EDGE ( 'NONE', *, *, #5036, .F. ) ;
#1792 = EDGE_CURVE ( 'NONE', #4848, #1397, #5814, .T. ) ;
#1793 = DIRECTION ( 'NONE',  ( 0.0000000000000000000, 1.000000000000000000, 0.0000000000000000000 ) ) ;
#1794 = ORIENTED_EDGE ( 'NONE', *, *, #4602, .T. ) ;
#1795 =( NAMED_UNIT ( * ) PLANE_ANGLE_UNIT ( ) SI_UNIT ( $, .RADIAN. ) );
#1796 = FACE_OUTER_BOUND ( 'NONE', #3435, .T. ) ;
#1797 = ORIENTED_EDGE ( 'NONE', *, *, #4040, .T. ) ;
#1798 = ORIENTED_EDGE ( 'NONE', *, *, #6163, .T. ) ;
#1799 = ORIENTED_EDGE ( 'NONE', *, *, #3124, .T. ) ;
#1800 = PLANE ( 'NONE',  #4080 ) ;
#1801 =( LENGTH_UNIT ( ) NAMED_UNIT ( * ) SI_UNIT ( .MILLI., .METRE. ) );
#1802 = SURFACE_STYLE_FILL_AREA ( #4606 ) ;
#1803 = ORIENTED_EDGE ( 'NONE', *, *, #1104, .F. ) ;
#1804 = CARTESIAN_POINT ( 'NONE',  ( 3.525000000000000355, 0.6000000000000076383, -0.2249999999999982014 ) ) ;
#1805 = CARTESIAN_POINT ( 'NONE',  ( -0.5250000000000000222, 0.0000000000000000000, 0.0000000000000000000 ) ) ;
#1806 = ORIENTED_EDGE ( 'NONE', *, *, #2218, .T. ) ;
#1807 = VERTEX_POINT ( 'NONE', #681 ) ;
#1808 = DIRECTION ( 'NONE',  ( -1.000000000000000000, 0.0000000000000000000, 0.0000000000000000000 ) ) ;
#1809 =( LENGTH_UNIT ( ) NAMED_UNIT ( * ) SI_UNIT ( .MILLI., .METRE. ) );
#1810 = DIRECTION ( 'NONE',  ( -1.000000000000000000, 0.0000000000000000000, 0.0000000000000000000 ) ) ;
#1811 = SURFACE_STYLE_FILL_AREA ( #1000 ) ;
#1812 = ORIENTED_EDGE ( 'NONE', *, *, #4746, .T. ) ;
#1813 = VERTEX_POINT ( 'NONE', #3791 ) ;
#1814 = PRESENTATION_LAYER_ASSIGNMENT (  '', '', ( #5780 ) ) ;
#1815 = ORIENTED_EDGE ( 'NONE', *, *, #5952, .F. ) ;
#1816 = DIRECTION ( 'NONE',  ( 0.0000000000000000000, 0.0000000000000000000, 1.000000000000000000 ) ) ;
#1817 = LINE ( 'NONE', #6332, #3375 ) ;
#1818 = AXIS2_PLACEMENT_3D ( 'NONE', #3038, #3610, #2154 ) ;
#1819 = CARTESIAN_POINT ( 'NONE',  ( -1.875000000000000000, 3.149999999999999911, -2.024999999999999911 ) ) ;
#1820 = VERTEX_POINT ( 'NONE', #1283 ) ;
#1821 = ORIENTED_EDGE ( 'NONE', *, *, #1054, .T. ) ;
#1822 = LINE ( 'NONE', #4574, #647 ) ;
#1823 = CARTESIAN_POINT ( 'NONE',  ( 0.7249999999999999778, 1.350000000000000089, -1.525000000000000133 ) ) ;
#1824 = UNCERTAINTY_MEASURE_WITH_UNIT (LENGTH_MEASURE( 1.000000000000000082E-05 ), #5344, 'distance_accuracy_value', 'NONE');
#1825 = ORIENTED_EDGE ( 'NONE', *, *, #2859, .F. ) ;
#1826 = DIRECTION ( 'NONE',  ( 0.0000000000000000000, -1.000000000000000000, -3.212450881438532635E-15 ) ) ;
#1827 = SURFACE_STYLE_USAGE ( .BOTH. , #3837 ) ;
#1828 = EDGE_LOOP ( 'NONE', ( #318, #3839, #5482, #965 ) ) ;
#1829 = PLANE ( 'NONE',  #6144 ) ;
#1830 = DIRECTION ( 'NONE',  ( 0.0000000000000000000, -4.336808689942024836E-15, 1.000000000000000000 ) ) ;
#1831 = VECTOR ( 'NONE', #1923, 1000.000000000000000 ) ;
#1832 = DIRECTION ( 'NONE',  ( 0.0000000000000000000, -1.000000000000000000, 0.0000000000000000000 ) ) ;
#1833 = PLANE ( 'NONE',  #2051 ) ;
#1834 = PLANE ( 'NONE',  #4363 ) ;
#1835 = EDGE_CURVE ( 'NONE', #630, #2768, #3556, .T. ) ;
#1836 = ORIENTED_EDGE ( 'NONE', *, *, #3338, .F. ) ;
#1837 = CARTESIAN_POINT ( 'NONE',  ( 0.7249999999999999778, 0.0000000000000000000, -2.024999999999999911 ) ) ;
#1838 = FILL_AREA_STYLE_COLOUR ( '', #5240 ) ;
#1839 = DIRECTION ( 'NONE',  ( 0.0000000000000000000, 0.0000000000000000000, 1.000000000000000000 ) ) ;
#1840 = ORIENTED_EDGE ( 'NONE', *, *, #5049, .T. ) ;
#1841 = VECTOR ( 'NONE', #1937, 1000.000000000000000 ) ;
#1842 = CARTESIAN_POINT ( 'NONE',  ( 3.725000000000000533, 3.600000000000000089, -1.425000000000000933 ) ) ;
#1843 = CARTESIAN_POINT ( 'NONE',  ( -0.5250000000000000222, -0.004464445899999999919, 0.003975566199999999890 ) ) ;
#1844 = PRESENTATION_STYLE_ASSIGNMENT (( #1827 ) ) ;
#1845 = ORIENTED_EDGE ( 'NONE', *, *, #6331, .T. ) ;
#1846 = EDGE_CURVE ( 'NONE', #692, #6226, #265, .T. ) ;
#1847 = CARTESIAN_POINT ( 'NONE',  ( 0.0000000000000000000, 0.0000000000000000000, 0.02500000000000000139 ) ) ;
#1848 = COLOUR_RGB ( '',1.000000000000000000, 1.000000000000000000, 1.000000000000000000 ) ;
#1849 = DIRECTION ( 'NONE',  ( -0.0000000000000000000, 1.000000000000000000, 0.0000000000000000000 ) ) ;
#1850 = VECTOR ( 'NONE', #4692, 1000.000000000000114 ) ;
#1851 = CARTESIAN_POINT ( 'NONE',  ( 1.975000000000000089, 0.0000000000000000000, 2.024999999999999911 ) ) ;
#1852 = ORIENTED_EDGE ( 'NONE', *, *, #2029, .F. ) ;
#1853 = CARTESIAN_POINT ( 'NONE',  ( 2.075000000000000622, 1.649999999999999911, 2.024999999999999911 ) ) ;
#1854 = EDGE_LOOP ( 'NONE', ( #3634, #4073, #2737, #1412 ) ) ;
#1855 = PLANE ( 'NONE',  #2882 ) ;
#1856 = DIRECTION ( 'NONE',  ( 1.000000000000000000, 0.0000000000000000000, 0.0000000000000000000 ) ) ;
#1857 = EDGE_CURVE ( 'NONE', #4647, #1734, #3941, .T. ) ;
#1858 = CARTESIAN_POINT ( 'NONE',  ( -2.274999999999999911, 2.250000000000000000, -2.024999999999999911 ) ) ;
#1859 = CARTESIAN_POINT ( 'NONE',  ( 0.7349999999999999867, 1.850000000000000089, -1.025000000000000133 ) ) ;
#1860 = LINE ( 'NONE', #1462, #4685 ) ;
#1861 = ADVANCED_FACE ( 'NONE', ( #5298 ), #624, .F. ) ;
#1862 = ORIENTED_EDGE ( 'NONE', *, *, #225, .F. ) ;
#1863 = CARTESIAN_POINT ( 'NONE',  ( 3.525000000000000355, 2.000000000000000000, -2.024999999999999911 ) ) ;
#1864 =( NAMED_UNIT ( * ) SI_UNIT ( $, .STERADIAN. ) SOLID_ANGLE_UNIT ( ) );
#1865 = VECTOR ( 'NONE', #5177, 1000.000000000000000 ) ;
#1866 = ORIENTED_EDGE ( 'NONE', *, *, #3576, .T. ) ;
#1867 = DIRECTION ( 'NONE',  ( 0.0000000000000000000, 0.0000000000000000000, -1.000000000000000000 ) ) ;
#1868 = LINE ( 'NONE', #1619, #3574 ) ;
#1869 = ORIENTED_EDGE ( 'NONE', *, *, #4291, .F. ) ;
#1870 = PRESENTATION_LAYER_ASSIGNMENT (  '', '', ( #6117 ) ) ;
#1871 = FACE_OUTER_BOUND ( 'NONE', #2400, .T. ) ;
#1872 = DIRECTION ( 'NONE',  ( 0.0000000000000000000, -0.4999999999932618899, 0.8660254037883288181 ) ) ;
#1873 = VECTOR ( 'NONE', #2414, 1000.000000000000000 ) ;
#1874 = EDGE_CURVE ( 'NONE', #4775, #628, #3471, .T. ) ;
#1875 = SURFACE_STYLE_USAGE ( .BOTH. , #3844 ) ;
#1876 = PRESENTATION_STYLE_ASSIGNMENT (( #2260 ) ) ;
#1877 = ORIENTED_EDGE ( 'NONE', *, *, #5181, .T. ) ;
#1878 = AXIS2_PLACEMENT_3D ( 'NONE', #4084, #3096, #1671 ) ;
#1879 = CARTESIAN_POINT ( 'NONE',  ( -0.5250000000000000222, 0.0000000000000000000, -2.024999999999999911 ) ) ;
#1880 = EDGE_CURVE ( 'NONE', #1037, #993, #1929, .T. ) ;
#1881 = LINE ( 'NONE', #4169, #1567 ) ;
#1882 = ORIENTED_EDGE ( 'NONE', *, *, #4661, .T. ) ;
#1883 = VECTOR ( 'NONE', #571, 1000.000000000000000 ) ;
#1884 = EDGE_CURVE ( 'NONE', #2721, #1673, #2705, .T. ) ;
#1885 = DIRECTION ( 'NONE',  ( 0.0000000000000000000, -1.000000000000000000, 0.0000000000000000000 ) ) ;
#1886 = CARTESIAN_POINT ( 'NONE',  ( 0.5150000000000000133, 1.000000000000000000, -1.025000000000000133 ) ) ;
#1887 = ORIENTED_EDGE ( 'NONE', *, *, #1884, .F. ) ;
#1888 = EDGE_LOOP ( 'NONE', ( #3544, #5651, #1890, #3783 ) ) ;
#1889 = VECTOR ( 'NONE', #678, 1000.000000000000000 ) ;
#1890 = ORIENTED_EDGE ( 'NONE', *, *, #3331, .T. ) ;
#1891 = ORIENTED_EDGE ( 'NONE', *, *, #4265, .T. ) ;
#1892 = CARTESIAN_POINT ( 'NONE',  ( 1.775000000000000133, 1.350000000000000089, 0.0000000000000000000 ) ) ;
#1893 = ADVANCED_FACE ( 'NONE', ( #1611 ), #1154, .F. ) ;
#1894 = CARTESIAN_POINT ( 'NONE',  ( -0.5250000000000000222, -0.6500000000000000222, -1.775000000000000133 ) ) ;
#1895 = CARTESIAN_POINT ( 'NONE',  ( 0.7250000000000000888, 0.3499999999999999778, -2.075000000000000178 ) ) ;
#1896 = EDGE_CURVE ( 'NONE', #3847, #721, #4024, .T. ) ;
#1897 = CARTESIAN_POINT ( 'NONE',  ( -2.875000000000000000, 0.0000000000000000000, 2.024999999999999911 ) ) ;
#1898 = VECTOR ( 'NONE', #729, 1000.000000000000000 ) ;
#1899 = ORIENTED_EDGE ( 'NONE', *, *, #5807, .T. ) ;
#1900 = PLANE ( 'NONE',  #1901 ) ;
#1901 = AXIS2_PLACEMENT_3D ( 'NONE', #5801, #407, #1408 ) ;
#1902 = VERTEX_POINT ( 'NONE', #1133 ) ;
#1903 = ORIENTED_EDGE ( 'NONE', *, *, #4586, .F. ) ;
#1904 = DIRECTION ( 'NONE',  ( 0.0000000000000000000, 0.0000000000000000000, -1.000000000000000000 ) ) ;
#1905 = DIRECTION ( 'NONE',  ( -0.0000000000000000000, 1.000000000000000000, 0.0000000000000000000 ) ) ;
#1906 = VECTOR ( 'NONE', #813, 1000.000000000000000 ) ;
#1907 = DIRECTION ( 'NONE',  ( -1.000000000000000000, 0.0000000000000000000, 0.0000000000000000000 ) ) ;
#1908 = AXIS2_PLACEMENT_3D ( 'NONE', #385, #2929, #4825 ) ;
#1909 = DIRECTION ( 'NONE',  ( 0.0000000000000000000, 1.000000000000000000, 0.0000000000000000000 ) ) ;
#1910 = EDGE_LOOP ( 'NONE', ( #2140, #5690, #1605, #4202 ) ) ;
#1911 = AXIS2_PLACEMENT_3D ( 'NONE', #815, #1346, #4276 ) ;
#1912 = VECTOR ( 'NONE', #446, 1000.000000000000000 ) ;
#1913 = MANIFOLD_SOLID_BREP ( 'Body-Move/Copy4[2]', #4473 ) ;
#1914 = VERTEX_POINT ( 'NONE', #1648 ) ;
#1915 = ORIENTED_EDGE ( 'NONE', *, *, #4638, .T. ) ;
#1916 = VECTOR ( 'NONE', #5308, 1000.000000000000000 ) ;
#1917 = CARTESIAN_POINT ( 'NONE',  ( 1.765000000000000124, 0.0000000000000000000, -1.474999999999999867 ) ) ;
#1918 = LINE ( 'NONE', #2770, #5809 ) ;
#1919 = DIRECTION ( 'NONE',  ( 1.000000000000000000, 0.0000000000000000000, 0.0000000000000000000 ) ) ;
#1920 = ORIENTED_EDGE ( 'NONE', *, *, #2058, .F. ) ;
#1921 = CARTESIAN_POINT ( 'NONE',  ( -0.5250000000000000222, 1.649999999999999911, -1.698606797699999893 ) ) ;
#1922 = LINE ( 'NONE', #1340, #3854 ) ;
#1923 = DIRECTION ( 'NONE',  ( -1.000000000000000000, 0.0000000000000000000, 0.0000000000000000000 ) ) ;
#1924 = EDGE_CURVE ( 'NONE', #2605, #2772, #95, .T. ) ;
#1925 = CARTESIAN_POINT ( 'NONE',  ( 3.525000000000000355, 3.600000000000000977, -0.07499999999999998335 ) ) ;
#1926 = LINE ( 'NONE', #5910, #592 ) ;
#1927 = VERTEX_POINT ( 'NONE', #1169 ) ;
#1928 = EDGE_CURVE ( 'NONE', #4, #457, #258, .T. ) ;
#1929 = LINE ( 'NONE', #1113, #5892 ) ;
#1930 = SURFACE_STYLE_FILL_AREA ( #1400 ) ;
#1931 = ORIENTED_EDGE ( 'NONE', *, *, #3217, .T. ) ;
#1932 = ADVANCED_FACE ( 'NONE', ( #4364 ), #2170, .T. ) ;
#1933 = PLANE ( 'NONE',  #2579 ) ;
#1934 = CARTESIAN_POINT ( 'NONE',  ( 1.774999999999999911, 0.3499999999999999778, -2.075000000000000178 ) ) ;
#1935 = LINE ( 'NONE', #4526, #439 ) ;
#1936 = LINE ( 'NONE', #886, #4766 ) ;
#1937 = DIRECTION ( 'NONE',  ( 0.0000000000000000000, -1.000000000000000000, 0.0000000000000000000 ) ) ;
#1938 = AXIS2_PLACEMENT_3D ( 'NONE', #3747, #5229, #1748 ) ;
#1939 = CARTESIAN_POINT ( 'NONE',  ( 1.975000000000000089, 1.795247431900000024, 2.024999999999999911 ) ) ;
#1940 = CARTESIAN_POINT ( 'NONE',  ( 3.525000000000000355, 2.224999999999998757, -2.025000000000007905 ) ) ;
#1941 = CARTESIAN_POINT ( 'NONE',  ( 4.125000000000000000, 1.000000000000000000, -2.024999999999999911 ) ) ;
#1942 = LINE ( 'NONE', #649, #609 ) ;
#1943 = DIRECTION ( 'NONE',  ( 1.000000000000000000, 0.0000000000000000000, 0.0000000000000000000 ) ) ;
#1944 = CARTESIAN_POINT ( 'NONE',  ( -0.7349999999999999867, 1.850000000000000089, -1.025000000000000133 ) ) ;
#1945 =( GEOMETRIC_REPRESENTATION_CONTEXT ( 3 ) GLOBAL_UNCERTAINTY_ASSIGNED_CONTEXT ( ( #6342 ) ) GLOBAL_UNIT_ASSIGNED_CONTEXT ( ( #5584, #2194, #4857 ) ) REPRESENTATION_CONTEXT ( 'NONE', 'WORKASPACE' ) );
#1946 =( LENGTH_UNIT ( ) NAMED_UNIT ( * ) SI_UNIT ( .MILLI., .METRE. ) );
#1947 = SURFACE_STYLE_FILL_AREA ( #2302 ) ;
#1948 = ORIENTED_EDGE ( 'NONE', *, *, #500, .F. ) ;
#1949 = VECTOR ( 'NONE', #17, 1000.000000000000000 ) ;
#1950 = ORIENTED_EDGE ( 'NONE', *, *, #4751, .T. ) ;
#1951 = CARTESIAN_POINT ( 'NONE',  ( 1.675000000000000044, 1.649999999999999911, 2.024999999999999911 ) ) ;
#1952 = CARTESIAN_POINT ( 'NONE',  ( 4.125000000000000000, 4.250000000000000000, 2.024999999999999911 ) ) ;
#1953 = FACE_OUTER_BOUND ( 'NONE', #4942, .T. ) ;
#1954 = ORIENTED_EDGE ( 'NONE', *, *, #3346, .T. ) ;
#1955 = VECTOR ( 'NONE', #5649, 1000.000000000000000 ) ;
#1956 =( NAMED_UNIT ( * ) SI_UNIT ( $, .STERADIAN. ) SOLID_ANGLE_UNIT ( ) );
#1957 = COLOUR_RGB ( '',1.000000000000000000, 1.000000000000000000, 1.000000000000000000 ) ;
#1958 = ORIENTED_EDGE ( 'NONE', *, *, #2077, .T. ) ;
#1959 = DIRECTION ( 'NONE',  ( 0.0000000000000000000, 0.0000000000000000000, -1.000000000000000000 ) ) ;
#1960 = ADVANCED_FACE ( 'NONE', ( #6112 ), #3137, .F. ) ;
#1961 = CARTESIAN_POINT ( 'NONE',  ( 3.275000000000000355, 2.250000000000000000, -1.925000000000000933 ) ) ;
#1962 = FACE_OUTER_BOUND ( 'NONE', #5573, .T. ) ;
#1963 = VERTEX_POINT ( 'NONE', #121 ) ;
#1964 = DIRECTION ( 'NONE',  ( 0.0000000000000000000, 0.0000000000000000000, 1.000000000000000000 ) ) ;
#1965 = EDGE_CURVE ( 'NONE', #1048, #683, #3395, .T. ) ;
#1966 = VERTEX_POINT ( 'NONE', #5076 ) ;
#1967 = ORIENTED_EDGE ( 'NONE', *, *, #5038, .F. ) ;
#1968 = AXIS2_PLACEMENT_3D ( 'NONE', #4968, #3478, #664 ) ;
#1969 = DIRECTION ( 'NONE',  ( 0.0000000000000000000, 0.0000000000000000000, 1.000000000000000000 ) ) ;
#1970 = VECTOR ( 'NONE', #4646, 1000.000000000000000 ) ;
#1971 = ORIENTED_EDGE ( 'NONE', *, *, #1540, .T. ) ;
#1972 = DIRECTION ( 'NONE',  ( 0.0000000000000000000, 0.0000000000000000000, -1.000000000000000000 ) ) ;
#1973 = EDGE_CURVE ( 'NONE', #2585, #79, #5519, .T. ) ;
#1974 = DIRECTION ( 'NONE',  ( -1.000000000000000000, 0.0000000000000000000, 0.0000000000000000000 ) ) ;
#1975 = ORIENTED_EDGE ( 'NONE', *, *, #770, .F. ) ;
#1976 = DIRECTION ( 'NONE',  ( 0.0000000000000000000, 1.000000000000000000, 0.0000000000000000000 ) ) ;
#1977 = EDGE_CURVE ( 'NONE', #1353, #4727, #1922, .T. ) ;
#1978 = CARTESIAN_POINT ( 'NONE',  ( -0.8750000000000000000, 3.750000000000000000, -2.024999999999999911 ) ) ;
#1979 = LINE ( 'NONE', #5131, #3600 ) ;
#1980 = ORIENTED_EDGE ( 'NONE', *, *, #511, .F. ) ;
#1981 = ORIENTED_EDGE ( 'NONE', *, *, #2628, .T. ) ;
#1982 = CARTESIAN_POINT ( 'NONE',  ( 0.07499999999999998335, 1.850000000000000089, -1.474999999999999867 ) ) ;
#1983 = ORIENTED_EDGE ( 'NONE', *, *, #3431, .T. ) ;
#1984 = SURFACE_STYLE_FILL_AREA ( #5349 ) ;
#1985 = CARTESIAN_POINT ( 'NONE',  ( -1.375000000000000000, 3.149999999999999911, -2.024999999999999911 ) ) ;
#1986 = CARTESIAN_POINT ( 'NONE',  ( 1.985000000000000320, 1.000000000000000000, -1.025000000000000133 ) ) ;
#1987 = CARTESIAN_POINT ( 'NONE',  ( 1.775000000000000133, 1.649999999999999911, -1.698606797699999893 ) ) ;
#1988 = CARTESIAN_POINT ( 'NONE',  ( 1.765000000000000124, 1.850000000000000089, -2.024999999999999911 ) ) ;
#1989 = ORIENTED_EDGE ( 'NONE', *, *, #6353, .F. ) ;
#1990 = EDGE_CURVE ( 'NONE', #26, #185, #3322, .T. ) ;
#1991 = VECTOR ( 'NONE', #2380, 1000.000000000000000 ) ;
#1992 = ORIENTED_EDGE ( 'NONE', *, *, #2632, .F. ) ;
#1993 = ORIENTED_EDGE ( 'NONE', *, *, #3884, .T. ) ;
#1994 = APPLICATION_PROTOCOL_DEFINITION ( 'draft international standard', 'automotive_design', 1998, #5844 ) ;
#1995 = ORIENTED_EDGE ( 'NONE', *, *, #4213, .T. ) ;
#1996 = SURFACE_STYLE_USAGE ( .BOTH. , #1007 ) ;
#1997 = SURFACE_SIDE_STYLE ('',( #2901 ) ) ;
#1998 = VECTOR ( 'NONE', #769, 1000.000000000000000 ) ;
#1999 = ADVANCED_FACE ( 'NONE', ( #4817 ), #2797, .F. ) ;
#2000 = CARTESIAN_POINT ( 'NONE',  ( 3.750000000000000444, 4.250000000000000000, -0.07499999999999998335 ) ) ;
#2001 = LINE ( 'NONE', #3154, #3845 ) ;
#2002 = ORIENTED_EDGE ( 'NONE', *, *, #3910, .T. ) ;
#2003 = AXIS2_PLACEMENT_3D ( 'NONE', #2725, #4254, #2263 ) ;
#2004 = LINE ( 'NONE', #5622, #170 ) ;
#2005 = DIRECTION ( 'NONE',  ( 0.0000000000000000000, -0.0000000000000000000, 1.000000000000000000 ) ) ;
#2006 = ORIENTED_EDGE ( 'NONE', *, *, #2381, .T. ) ;
#2007 = LINE ( 'NONE', #5611, #5740 ) ;
#2008 = EDGE_CURVE ( 'NONE', #885, #4313, #2007, .T. ) ;
#2009 = DIRECTION ( 'NONE',  ( 0.0000000000000000000, 0.0000000000000000000, 1.000000000000000000 ) ) ;
#2010 = DIRECTION ( 'NONE',  ( 0.0000000000000000000, -1.000000000000000000, 0.0000000000000000000 ) ) ;
#2011 = DIRECTION ( 'NONE',  ( 0.0000000000000000000, 0.0000000000000000000, 1.000000000000000000 ) ) ;
#2012 = CARTESIAN_POINT ( 'NONE',  ( 1.775000000000000133, 0.5547525681000000652, 2.024999999999999911 ) ) ;
#2013 = ORIENTED_EDGE ( 'NONE', *, *, #2526, .F. ) ;
#2014 =( LENGTH_UNIT ( ) NAMED_UNIT ( * ) SI_UNIT ( .MILLI., .METRE. ) );
#2015 = DIRECTION ( 'NONE',  ( -1.000000000000000000, 0.0000000000000000000, 0.0000000000000000000 ) ) ;
#2016 = EDGE_CURVE ( 'NONE', #3694, #161, #5132, .T. ) ;
#2017 = FACE_OUTER_BOUND ( 'NONE', #4136, .T. ) ;
#2018 = DIRECTION ( 'NONE',  ( -0.0000000000000000000, 1.000000000000000000, 0.0000000000000000000 ) ) ;
#2019 = EDGE_CURVE ( 'NONE', #4190, #4555, #5214, .T. ) ;
#2020 = CARTESIAN_POINT ( 'NONE',  ( 0.4249999999999999889, 1.850000000000000089, 2.024999999999999911 ) ) ;
#2021 = DIRECTION ( 'NONE',  ( 0.0000000000000000000, 1.000000000000000000, -3.295974604355814534E-17 ) ) ;
#2022 = PLANE ( 'NONE',  #5634 ) ;
#2023 = VECTOR ( 'NONE', #38, 1000.000000000000000 ) ;
#2024 = PLANE ( 'NONE',  #1070 ) ;
#2025 = FILL_AREA_STYLE ('',( #5827 ) ) ;
#2026 = LINE ( 'NONE', #507, #4458 ) ;
#2027 = PRESENTATION_STYLE_ASSIGNMENT (( #3631 ) ) ;
#2028 = DIRECTION ( 'NONE',  ( 0.0000000000000000000, 0.0000000000000000000, 1.000000000000000000 ) ) ;
#2029 = EDGE_CURVE ( 'NONE', #333, #1514, #4668, .T. ) ;
#2030 = CARTESIAN_POINT ( 'NONE',  ( 1.765000000000000124, 1.850000000000000089, -1.025000000000000133 ) ) ;
#2031 = CARTESIAN_POINT ( 'NONE',  ( -0.5250000000000000222, 0.5000000000000000000, 0.0000000000000000000 ) ) ;
#2032 = VERTEX_POINT ( 'NONE', #4795 ) ;
#2033 = FACE_OUTER_BOUND ( 'NONE', #4180, .T. ) ;
#2034 = DIRECTION ( 'NONE',  ( 1.000000000000000000, 0.0000000000000000000, 0.0000000000000000000 ) ) ;
#2035 = ORIENTED_EDGE ( 'NONE', *, *, #5798, .T. ) ;
#2036 = CARTESIAN_POINT ( 'NONE',  ( 0.7250000000000000888, -0.6500000000000000222, -1.775000000000000133 ) ) ;
#2037 = CARTESIAN_POINT ( 'NONE',  ( -0.5250000000000000222, 0.3499999999999999778, -2.075000000000000178 ) ) ;
#2038 = ADVANCED_FACE ( 'NONE', ( #2095 ), #1800, .T. ) ;
#2039 = DIRECTION ( 'NONE',  ( -1.000000000000000000, 0.0000000000000000000, 0.0000000000000000000 ) ) ;
#2040 = DIRECTION ( 'NONE',  ( 0.0000000000000000000, 0.0000000000000000000, -1.000000000000000000 ) ) ;
#2041 = SURFACE_STYLE_USAGE ( .BOTH. , #4438 ) ;
#2042 = VECTOR ( 'NONE', #1681, 1000.000000000000000 ) ;
#2043 = ORIENTED_EDGE ( 'NONE', *, *, #6331, .F. ) ;
#2044 = CARTESIAN_POINT ( 'NONE',  ( 1.974999999999999867, -0.6500000000000000222, -2.075000000000000178 ) ) ;
#2045 = LINE ( 'NONE', #3466, #208 ) ;
#2046 = VERTEX_POINT ( 'NONE', #2700 ) ;
#2047 = CARTESIAN_POINT ( 'NONE',  ( 3.275000000000000355, 2.250000000000000000, -2.024999999999999911 ) ) ;
#2048 = DIRECTION ( 'NONE',  ( -1.000000000000000000, 0.0000000000000000000, 0.0000000000000000000 ) ) ;
#2049 = CARTESIAN_POINT ( 'NONE',  ( -2.875000000000000000, 1.000000000000000000, -1.525000000000000133 ) ) ;
#2050 = LINE ( 'NONE', #6306, #6075 ) ;
#2051 = AXIS2_PLACEMENT_3D ( 'NONE', #4782, #5894, #1856 ) ;
#2052 = LINE ( 'NONE', #6363, #5170 ) ;
#2053 = VERTEX_POINT ( 'NONE', #3326 ) ;
#2054 = CARTESIAN_POINT ( 'NONE',  ( 0.7249999999999999778, 1.000000000000000000, 1.525000000000000133 ) ) ;
#2055 = COLOUR_RGB ( '',1.000000000000000000, 1.000000000000000000, 1.000000000000000000 ) ;
#2056 = DIRECTION ( 'NONE',  ( -0.0000000000000000000, 1.000000000000000000, 0.0000000000000000000 ) ) ;
#2057 = LINE ( 'NONE', #6346, #4185 ) ;
#2058 = EDGE_CURVE ( 'NONE', #3604, #3514, #5811, .T. ) ;
#2059 = LINE ( 'NONE', #430, #3745 ) ;
#2060 = ORIENTED_EDGE ( 'NONE', *, *, #3993, .T. ) ;
#2061 = DIRECTION ( 'NONE',  ( 0.0000000000000000000, 0.0000000000000000000, 1.000000000000000000 ) ) ;
#2062 = FILL_AREA_STYLE ('',( #5008 ) ) ;
#2063 = CARTESIAN_POINT ( 'NONE',  ( -2.875000000000000000, 0.6000000000000076383, -0.2249999999999982014 ) ) ;
#2064 = CARTESIAN_POINT ( 'NONE',  ( 0.5250000000000000222, 1.315130797599999957, 1.171117220399999770 ) ) ;
#2065 = ORIENTED_EDGE ( 'NONE', *, *, #770, .T. ) ;
#2066 = LINE ( 'NONE', #2232, #5712 ) ;
#2067 = EDGE_CURVE ( 'NONE', #1665, #5189, #4443, .T. ) ;
#2068 = ORIENTED_EDGE ( 'NONE', *, *, #319, .F. ) ;
#2069 = ORIENTED_EDGE ( 'NONE', *, *, #1657, .F. ) ;
#2070 = DIRECTION ( 'NONE',  ( 0.0000000000000000000, -0.6650335612228979176, -0.7468134723257140450 ) ) ;
#2071 = CARTESIAN_POINT ( 'NONE',  ( -0.5150000000000000133, 1.000000000000000000, -1.025000000000000133 ) ) ;
#2072 = CARTESIAN_POINT ( 'NONE',  ( 1.765000000000000124, 1.000000000000000000, -1.025000000000000133 ) ) ;
#2073 = ORIENTED_EDGE ( 'NONE', *, *, #4622, .F. ) ;
#2074 = EDGE_LOOP ( 'NONE', ( #1582, #473, #5203, #1731 ) ) ;
#2075 = ADVANCED_FACE ( 'NONE', ( #426 ), #4433, .T. ) ;
#2076 = CARTESIAN_POINT ( 'NONE',  ( -0.4249999999999999889, 1.850000000000000089, 2.024999999999999911 ) ) ;
#2077 = EDGE_CURVE ( 'NONE', #4467, #1089, #5370, .T. ) ;
#2078 = ORIENTED_EDGE ( 'NONE', *, *, #4658, .T. ) ;
#2079 = VECTOR ( 'NONE', #5885, 1000.000000000000000 ) ;
#2080 = CARTESIAN_POINT ( 'NONE',  ( 2.425000000000000266, 2.550000000000000266, -1.474999999999999867 ) ) ;
#2081 = AXIS2_PLACEMENT_3D ( 'NONE', #6202, #3330, #336 ) ;
#2082 = VERTEX_POINT ( 'NONE', #4410 ) ;
#2083 = LINE ( 'NONE', #1464, #3235 ) ;
#2084 =( NAMED_UNIT ( * ) SI_UNIT ( $, .STERADIAN. ) SOLID_ANGLE_UNIT ( ) );
#2085 = FACE_OUTER_BOUND ( 'NONE', #3382, .T. ) ;
#2086 = CARTESIAN_POINT ( 'NONE',  ( 1.765000000000000124, 1.850000000000000089, -1.025000000000000133 ) ) ;
#2087 = CARTESIAN_POINT ( 'NONE',  ( 1.250000000000000222, 1.000000000000000000, -1.474999999999999867 ) ) ;
#2088 = CARTESIAN_POINT ( 'NONE',  ( -2.475000000000000089, 2.224999999999998757, -2.025000000000007905 ) ) ;
#2089 = FACE_OUTER_BOUND ( 'NONE', #171, .T. ) ;
#2090 = MECHANICAL_DESIGN_GEOMETRIC_PRESENTATION_REPRESENTATION (  '', ( #5231 ), #1945 ) ;
#2091 = VERTEX_POINT ( 'NONE', #5388 ) ;
#2092 = STYLED_ITEM ( 'NONE', ( #3202 ), #4038 ) ;
#2093 = LINE ( 'NONE', #1767, #2545 ) ;
#2094 = EDGE_LOOP ( 'NONE', ( #3255, #4201, #5856, #5569, #214, #2207, #6308, #587, #2898, #6235, #6300, #1575, #4338, #1388, #3567, #1407, #5303, #498, #4415, #3773, #6348, #1425, #799, #1341, #5693, #1836, #2833, #467, #4830, #1350, #343, #5474 ) ) ;
#2095 = FACE_OUTER_BOUND ( 'NONE', #6040, .T. ) ;
#2096 = DIRECTION ( 'NONE',  ( 0.0000000000000000000, 0.0000000000000000000, 1.000000000000000000 ) ) ;
#2097 = LINE ( 'NONE', #1108, #5812 ) ;
#2098 = EDGE_LOOP ( 'NONE', ( #355, #1184, #2475, #1677 ) ) ;
#2099 = PLANE ( 'NONE',  #4937 ) ;
#2100 = EDGE_LOOP ( 'NONE', ( #3454, #5850, #432, #1260 ) ) ;
#2101 = CARTESIAN_POINT ( 'NONE',  ( 1.675000000000000044, 1.850000000000000089, -1.698606797699999893 ) ) ;
#2102 = AXIS2_PLACEMENT_3D ( 'NONE', #1584, #4099, #6014 ) ;
#2103 = SURFACE_STYLE_FILL_AREA ( #3667 ) ;
#2104 = COLOUR_RGB ( '',1.000000000000000000, 1.000000000000000000, 1.000000000000000000 ) ;
#2105 = ORIENTED_EDGE ( 'NONE', *, *, #67, .F. ) ;
#2106 = EDGE_CURVE ( 'NONE', #1410, #1301, #731, .T. ) ;
#2107 = DIRECTION ( 'NONE',  ( -1.000000000000000000, -0.0000000000000000000, -0.0000000000000000000 ) ) ;
#2108 = ADVANCED_FACE ( 'NONE', ( #663 ), #5816, .F. ) ;
#2109 = CARTESIAN_POINT ( 'NONE',  ( 4.125000000000000000, 1.000000000000000000, -1.525000000000000133 ) ) ;
#2110 = CARTESIAN_POINT ( 'NONE',  ( 1.975000000000000089, 1.000000000000000000, 0.0000000000000000000 ) ) ;
#2111 = EDGE_CURVE ( 'NONE', #3163, #1820, #2841, .T. ) ;
#2112 = LINE ( 'NONE', #1173, #4375 ) ;
#2113 = DIRECTION ( 'NONE',  ( 0.0000000000000000000, 0.0000000000000000000, 1.000000000000000000 ) ) ;
#2114 = EDGE_CURVE ( 'NONE', #2798, #931, #3164, .T. ) ;
#2115 = CARTESIAN_POINT ( 'NONE',  ( -0.5250000000000000222, 0.05000000000000002359, -1.775000000000000133 ) ) ;
#2116 = FACE_OUTER_BOUND ( 'NONE', #4862, .T. ) ;
#2117 = ORIENTED_EDGE ( 'NONE', *, *, #5605, .F. ) ;
#2118 = FILL_AREA_STYLE_COLOUR ( '', #1168 ) ;
#2119 = DIRECTION ( 'NONE',  ( -1.000000000000000000, 0.0000000000000000000, 0.0000000000000000000 ) ) ;
#2120 = LINE ( 'NONE', #2054, #1160 ) ;
#2121 = EDGE_CURVE ( 'NONE', #2375, #4555, #888, .T. ) ;
#2122 = VECTOR ( 'NONE', #1080, 1000.000000000000000 ) ;
#2123 = ORIENTED_EDGE ( 'NONE', *, *, #5410, .T. ) ;
#2124 = STYLED_ITEM ( 'NONE', ( #4200 ), #3392 ) ;
#2125 = CARTESIAN_POINT ( 'NONE',  ( -0.7349999999999999867, 1.000000000000000000, -2.024999999999999911 ) ) ;
#2126 = UNCERTAINTY_MEASURE_WITH_UNIT (LENGTH_MEASURE( 1.000000000000000082E-05 ), #2343, 'distance_accuracy_value', 'NONE');
#2127 = LINE ( 'NONE', #2511, #3276 ) ;
#2128 = ORIENTED_EDGE ( 'NONE', *, *, #4590, .T. ) ;
#2129 = VECTOR ( 'NONE', #1076, 1000.000000000000000 ) ;
#2130 = STYLED_ITEM ( 'NONE', ( #2249 ), #5794 ) ;
#2131 = EDGE_LOOP ( 'NONE', ( #5553, #314, #6256, #394 ) ) ;
#2132 = ORIENTED_EDGE ( 'NONE', *, *, #1126, .F. ) ;
#2133 = ADVANCED_FACE ( 'NONE', ( #1604 ), #6262, .T. ) ;
#2134 = DIRECTION ( 'NONE',  ( -1.000000000000000000, 0.0000000000000000000, 0.0000000000000000000 ) ) ;
#2135 = LINE ( 'NONE', #1165, #3434 ) ;
#2136 = VERTEX_POINT ( 'NONE', #4836 ) ;
#2137 = EDGE_CURVE ( 'NONE', #3920, #3171, #3237, .T. ) ;
#2138 = CARTESIAN_POINT ( 'NONE',  ( 1.765000000000000124, 1.850000000000000089, -1.025000000000000133 ) ) ;
#2139 = DIRECTION ( 'NONE',  ( 0.0000000000000000000, 0.0000000000000000000, 1.000000000000000000 ) ) ;
#2140 = ORIENTED_EDGE ( 'NONE', *, *, #1006, .T. ) ;
#2141 = FACE_OUTER_BOUND ( 'NONE', #5859, .T. ) ;
#2142 = ORIENTED_EDGE ( 'NONE', *, *, #2227, .F. ) ;
#2143 = EDGE_CURVE ( 'NONE', #3558, #2153, #5448, .T. ) ;
#2144 = CARTESIAN_POINT ( 'NONE',  ( -1.875000000000000000, 2.550000000000000266, -1.474999999999999867 ) ) ;
#2145 = EDGE_LOOP ( 'NONE', ( #727, #6223, #5085, #6012, #844, #2195 ) ) ;
#2146 = EDGE_CURVE ( 'NONE', #2412, #572, #2548, .T. ) ;
#2147 = DIRECTION ( 'NONE',  ( -0.0000000000000000000, 1.000000000000000000, 0.0000000000000000000 ) ) ;
#2148 = ORIENTED_EDGE ( 'NONE', *, *, #5426, .F. ) ;
#2149 = DIRECTION ( 'NONE',  ( 0.0000000000000000000, 1.000000000000000000, 2.552445434498790050E-15 ) ) ;
#2150 = CARTESIAN_POINT ( 'NONE',  ( -2.875000000000000000, 3.600000000000000977, -0.07499999999999998335 ) ) ;
#2151 = VECTOR ( 'NONE', #5838, 1000.000000000000114 ) ;
#2152 = ORIENTED_EDGE ( 'NONE', *, *, #5643, .F. ) ;
#2153 = VERTEX_POINT ( 'NONE', #2970 ) ;
#2154 = DIRECTION ( 'NONE',  ( 0.0000000000000000000, -1.000000000000000000, 0.0000000000000000000 ) ) ;
#2155 = EDGE_LOOP ( 'NONE', ( #3054, #3736, #55, #3592 ) ) ;
#2156 = ORIENTED_EDGE ( 'NONE', *, *, #4577, .F. ) ;
#2157 = CARTESIAN_POINT ( 'NONE',  ( 4.125000000000000000, 2.000000000000000000, -1.425000000000000044 ) ) ;
#2158 = VERTEX_POINT ( 'NONE', #1985 ) ;
#2159 = EDGE_LOOP ( 'NONE', ( #5563, #2198, #2608, #311, #6106, #1777, #3520, #4728, #2671, #4504, #5417, #5362 ) ) ;
#2160 = EDGE_LOOP ( 'NONE', ( #5572, #1039, #1716, #5350, #1235, #2060 ) ) ;
#2161 = CARTESIAN_POINT ( 'NONE',  ( -2.024999999999999911, 4.250000000000000000, -1.925000000000000044 ) ) ;
#2162 = COLOUR_RGB ( '',0.6470588235294117974, 0.6196078431372549211, 0.5882352941176470784 ) ;
#2163 = EDGE_LOOP ( 'NONE', ( #1196, #3147, #5395, #4252 ) ) ;
#2164 = PLANE ( 'NONE',  #2203 ) ;
#2165 = AXIS2_PLACEMENT_3D ( 'NONE', #4993, #2113, #5435 ) ;
#2166 = ORIENTED_EDGE ( 'NONE', *, *, #4786, .F. ) ;
#2167 = ORIENTED_EDGE ( 'NONE', *, *, #3866, .T. ) ;
#2168 = VECTOR ( 'NONE', #4542, 1000.000000000000000 ) ;
#2169 = AXIS2_PLACEMENT_3D ( 'NONE', #290, #358, #6204 ) ;
#2170 = PLANE ( 'NONE',  #1878 ) ;
#2171 = VERTEX_POINT ( 'NONE', #5791 ) ;
#2172 = CARTESIAN_POINT ( 'NONE',  ( 1.775000000000000133, 1.850000000000000089, -2.024999999999999911 ) ) ;
#2173 = LINE ( 'NONE', #4624, #2327 ) ;
#2174 = VECTOR ( 'NONE', #2149, 1000.000000000000000 ) ;
#2175 = PLANE ( 'NONE',  #891 ) ;
#2176 = VECTOR ( 'NONE', #2972, 1000.000000000000000 ) ;
#2177 = EDGE_CURVE ( 'NONE', #1301, #3558, #2697, .T. ) ;
#2178 = DIRECTION ( 'NONE',  ( 0.0000000000000000000, -3.219646771412953967E-15, 1.000000000000000000 ) ) ;
#2179 = LINE ( 'NONE', #4253, #4614 ) ;
#2180 = DIRECTION ( 'NONE',  ( 0.0000000000000000000, 1.000000000000000000, 0.0000000000000000000 ) ) ;
#2181 = VECTOR ( 'NONE', #6321, 1000.000000000000000 ) ;
#2182 = SURFACE_SIDE_STYLE ('',( #1636 ) ) ;
#2183 = LINE ( 'NONE', #6271, #3803 ) ;
#2184 = DIRECTION ( 'NONE',  ( 0.0000000000000000000, -0.0000000000000000000, -1.000000000000000000 ) ) ;
#2185 = CARTESIAN_POINT ( 'NONE',  ( 1.975000000000000089, 1.850000000000000089, 0.0000000000000000000 ) ) ;
#2186 = VECTOR ( 'NONE', #1784, 1000.000000000000000 ) ;
#2187 = EDGE_CURVE ( 'NONE', #4978, #1347, #4512, .T. ) ;
#2188 = CARTESIAN_POINT ( 'NONE',  ( -0.7249999999999999778, 0.3499999999999999778, -2.075000000000000178 ) ) ;
#2189 = DIRECTION ( 'NONE',  ( -1.000000000000000000, 0.0000000000000000000, 0.0000000000000000000 ) ) ;
#2190 = VECTOR ( 'NONE', #1816, 1000.000000000000000 ) ;
#2191 = ORIENTED_EDGE ( 'NONE', *, *, #5268, .T. ) ;
#2192 = CARTESIAN_POINT ( 'NONE',  ( 2.125000000000000000, 3.750000000000000000, -2.024999999999999911 ) ) ;
#2193 = CARTESIAN_POINT ( 'NONE',  ( 0.7249999999999999778, 1.315130797599999957, 1.171117220399999770 ) ) ;
#2194 =( NAMED_UNIT ( * ) PLANE_ANGLE_UNIT ( ) SI_UNIT ( $, .RADIAN. ) );
#2195 = ORIENTED_EDGE ( 'NONE', *, *, #4378, .F. ) ;
#2196 = UNCERTAINTY_MEASURE_WITH_UNIT (LENGTH_MEASURE( 1.000000000000000082E-05 ), #4158, 'distance_accuracy_value', 'NONE');
#2197 = COLOUR_RGB ( '',0.6470588235294117974, 0.6196078431372549211, 0.5882352941176470784 ) ;
#2198 = ORIENTED_EDGE ( 'NONE', *, *, #746, .T. ) ;
#2199 = CARTESIAN_POINT ( 'NONE',  ( 3.525000000000000355, 0.0000000000000000000, 0.0000000000000000000 ) ) ;
#2200 = PRESENTATION_LAYER_ASSIGNMENT (  '', '', ( #4351 ) ) ;
#2201 = PLANE ( 'NONE',  #3538 ) ;
#2202 = LINE ( 'NONE', #4205, #1723 ) ;
#2203 = AXIS2_PLACEMENT_3D ( 'NONE', #1187, #102, #1610 ) ;
#2204 = FILL_AREA_STYLE_COLOUR ( '', #219 ) ;
#2205 = SURFACE_SIDE_STYLE ('',( #1802 ) ) ;
#2206 = FACE_OUTER_BOUND ( 'NONE', #1719, .T. ) ;
#2207 = ORIENTED_EDGE ( 'NONE', *, *, #5506, .T. ) ;
#2208 = CARTESIAN_POINT ( 'NONE',  ( 0.5150000000000000133, 1.850000000000000089, -1.025000000000000133 ) ) ;
#2209 = DIRECTION ( 'NONE',  ( 0.0000000000000000000, -1.000000000000000000, 0.0000000000000000000 ) ) ;
#2210 = FACE_OUTER_BOUND ( 'NONE', #569, .T. ) ;
#2211 = DIRECTION ( 'NONE',  ( 0.0000000000000000000, -1.000000000000000000, 0.0000000000000000000 ) ) ;
#2212 = ORIENTED_EDGE ( 'NONE', *, *, #5248, .F. ) ;
#2213 = AXIS2_PLACEMENT_3D ( 'NONE', #1614, #3116, #5060 ) ;
#2214 = ORIENTED_EDGE ( 'NONE', *, *, #2137, .F. ) ;
#2215 = PLANE ( 'NONE',  #5625 ) ;
#2216 = DIRECTION ( 'NONE',  ( 0.0000000000000000000, -1.000000000000000000, 0.0000000000000000000 ) ) ;
#2217 = VECTOR ( 'NONE', #4675, 1000.000000000000000 ) ;
#2218 = EDGE_CURVE ( 'NONE', #5089, #5788, #2392, .T. ) ;
#2219 = DIRECTION ( 'NONE',  ( 1.000000000000000000, 0.0000000000000000000, 0.0000000000000000000 ) ) ;
#2220 = ORIENTED_EDGE ( 'NONE', *, *, #6095, .T. ) ;
#2221 = ORIENTED_EDGE ( 'NONE', *, *, #3331, .F. ) ;
#2222 = AXIS2_PLACEMENT_3D ( 'NONE', #3903, #3954, #3426 ) ;
#2223 = CARTESIAN_POINT ( 'NONE',  ( 2.075000000000000622, 1.649999999999999911, -1.698606797699999893 ) ) ;
#2224 = EDGE_CURVE ( 'NONE', #4654, #2091, #4974, .T. ) ;
#2225 = CARTESIAN_POINT ( 'NONE',  ( 3.525000000000000355, 4.250000000000000000, -0.07499999999999998335 ) ) ;
#2226 = LINE ( 'NONE', #4888, #2079 ) ;
#2227 = EDGE_CURVE ( 'NONE', #45, #1434, #1679, .T. ) ;
#2228 = ORIENTED_EDGE ( 'NONE', *, *, #3457, .T. ) ;
#2229 = DIRECTION ( 'NONE',  ( 0.0000000000000000000, 0.0000000000000000000, 1.000000000000000000 ) ) ;
#2230 = VECTOR ( 'NONE', #2821, 1000.000000000000000 ) ;
#2231 = CARTESIAN_POINT ( 'NONE',  ( -2.274999999999999911, 1.999999999999997780, -2.075000000000008615 ) ) ;
#2232 = CARTESIAN_POINT ( 'NONE',  ( 1.775000000000000133, 1.850000000000000089, 0.0000000000000000000 ) ) ;
#2233 = EDGE_LOOP ( 'NONE', ( #5588, #36, #1743, #5755 ) ) ;
#2234 = DIRECTION ( 'NONE',  ( 1.000000000000000000, 0.0000000000000000000, 0.0000000000000000000 ) ) ;
#2235 = LINE ( 'NONE', #4699, #5886 ) ;
#2236 = LINE ( 'NONE', #2272, #424 ) ;
#2237 = DIRECTION ( 'NONE',  ( 0.0000000000000000000, -1.000000000000000000, 0.0000000000000000000 ) ) ;
#2238 = CARTESIAN_POINT ( 'NONE',  ( 0.5249999999999999112, 0.3500000000000000333, -2.024999999999999911 ) ) ;
#2239 = VECTOR ( 'NONE', #2011, 1000.000000000000000 ) ;
#2240 = EDGE_CURVE ( 'NONE', #2282, #575, #4151, .T. ) ;
#2241 =( GEOMETRIC_REPRESENTATION_CONTEXT ( 3 ) GLOBAL_UNCERTAINTY_ASSIGNED_CONTEXT ( ( #247 ) ) GLOBAL_UNIT_ASSIGNED_CONTEXT ( ( #1195, #754, #4217 ) ) REPRESENTATION_CONTEXT ( 'NONE', 'WORKASPACE' ) );
#2242 = VECTOR ( 'NONE', #922, 1000.000000000000000 ) ;
#2243 = ORIENTED_EDGE ( 'NONE', *, *, #230, .T. ) ;
#2244 = EDGE_LOOP ( 'NONE', ( #4891, #2448, #642, #2807, #5026, #5258, #2457, #2006, #1794, #2890, #6027, #2736, #4899, #6272, #2069, #5613 ) ) ;
#2245 = VECTOR ( 'NONE', #2298, 1000.000000000000000 ) ;
#2246 = CARTESIAN_POINT ( 'NONE',  ( -0.5250000000000000222, -0.6500000000000000222, -2.075000000000000178 ) ) ;
#2247 = FILL_AREA_STYLE ('',( #2204 ) ) ;
#2248 = CARTESIAN_POINT ( 'NONE',  ( -0.4249999999999999889, 1.649999999999999911, 2.024999999999999911 ) ) ;
#2249 = PRESENTATION_STYLE_ASSIGNMENT (( #2398 ) ) ;
#2250 = ORIENTED_EDGE ( 'NONE', *, *, #4792, .T. ) ;
#2251 = ORIENTED_EDGE ( 'NONE', *, *, #5069, .T. ) ;
#2252 = PLANE ( 'NONE',  #4235 ) ;
#2253 = MECHANICAL_DESIGN_GEOMETRIC_PRESENTATION_REPRESENTATION (  '', ( #1570 ), #1028 ) ;
#2254 = VECTOR ( 'NONE', #1559, 1000.000000000000000 ) ;
#2255 = CARTESIAN_POINT ( 'NONE',  ( 1.975000000000000089, 0.5000000000000000000, -1.525000000000000133 ) ) ;
#2256 = ORIENTED_EDGE ( 'NONE', *, *, #2879, .F. ) ;
#2257 = VECTOR ( 'NONE', #6191, 1000.000000000000000 ) ;
#2258 = ORIENTED_EDGE ( 'NONE', *, *, #3743, .F. ) ;
#2259 = LINE ( 'NONE', #4171, #4376 ) ;
#2260 = SURFACE_STYLE_USAGE ( .BOTH. , #2683 ) ;
#2261 = DIRECTION ( 'NONE',  ( 0.0000000000000000000, -1.000000000000000000, 0.0000000000000000000 ) ) ;
#2262 = DIRECTION ( 'NONE',  ( -1.000000000000000000, 0.0000000000000000000, 0.0000000000000000000 ) ) ;
#2263 = DIRECTION ( 'NONE',  ( 1.000000000000000000, 0.0000000000000000000, -0.0000000000000000000 ) ) ;
#2264 = EDGE_CURVE ( 'NONE', #26, #1600, #1064, .T. ) ;
#2265 = ORIENTED_EDGE ( 'NONE', *, *, #6020, .T. ) ;
#2266 = VECTOR ( 'NONE', #5086, 1000.000000000000000 ) ;
#2267 = ORIENTED_EDGE ( 'NONE', *, *, #4946, .F. ) ;
#2268 = EDGE_CURVE ( 'NONE', #988, #5829, #5971, .T. ) ;
#2269 = CARTESIAN_POINT ( 'NONE',  ( 0.7250000000000000888, 0.0000000000000000000, 2.024999999999999911 ) ) ;
#2270 = VECTOR ( 'NONE', #4011, 1000.000000000000000 ) ;
#2271 = ORIENTED_EDGE ( 'NONE', *, *, #5610, .F. ) ;
#2272 = CARTESIAN_POINT ( 'NONE',  ( 0.7349999999999999867, 1.000000000000000000, -1.025000000000000133 ) ) ;
#2273 = FACE_OUTER_BOUND ( 'NONE', #4127, .T. ) ;
#2274 = LINE ( 'NONE', #2290, #3971 ) ;
#2275 = DIRECTION ( 'NONE',  ( 0.0000000000000000000, -0.0000000000000000000, -1.000000000000000000 ) ) ;
#2276 = SURFACE_SIDE_STYLE ('',( #1674 ) ) ;
#2277 = VECTOR ( 'NONE', #3855, 1000.000000000000000 ) ;
#2278 = ORIENTED_EDGE ( 'NONE', *, *, #4294, .F. ) ;
#2279 = PLANE ( 'NONE',  #2329 ) ;
#2280 = CARTESIAN_POINT ( 'NONE',  ( 4.125000000000000000, 1.000000000000000000, -1.525000000000000133 ) ) ;
#2281 = LINE ( 'NONE', #958, #4861 ) ;
#2282 = VERTEX_POINT ( 'NONE', #3864 ) ;
#2283 = CARTESIAN_POINT ( 'NONE',  ( -0.5250000000000000222, 0.5000000000000000000, -1.525000000000000133 ) ) ;
#2284 = DIRECTION ( 'NONE',  ( -1.000000000000000000, 0.0000000000000000000, -0.0000000000000000000 ) ) ;
#2285 = FACE_OUTER_BOUND ( 'NONE', #5592, .T. ) ;
#2286 = ORIENTED_EDGE ( 'NONE', *, *, #1198, .F. ) ;
#2287 = AXIS2_PLACEMENT_3D ( 'NONE', #6360, #3469, #5830 ) ;
#2288 = VECTOR ( 'NONE', #4150, 1000.000000000000000 ) ;
#2289 = VERTEX_POINT ( 'NONE', #2857 ) ;
#2290 = CARTESIAN_POINT ( 'NONE',  ( -0.3750000000000000000, 2.250000000000000000, 1.025000000000000133 ) ) ;
#2291 = MECHANICAL_DESIGN_GEOMETRIC_PRESENTATION_REPRESENTATION (  '', ( #2092 ), #2932 ) ;
#2292 = DIRECTION ( 'NONE',  ( 0.0000000000000000000, -1.000000000000000000, 0.0000000000000000000 ) ) ;
#2293 = ORIENTED_EDGE ( 'NONE', *, *, #1205, .T. ) ;
#2294 = VECTOR ( 'NONE', #4173, 1000.000000000000000 ) ;
#2295 = ORIENTED_EDGE ( 'NONE', *, *, #878, .F. ) ;
#2296 = ORIENTED_EDGE ( 'NONE', *, *, #3626, .T. ) ;
#2297 = CARTESIAN_POINT ( 'NONE',  ( -2.475000000000000089, 1.999999999999997780, -2.075000000000008615 ) ) ;
#2298 = DIRECTION ( 'NONE',  ( 1.000000000000000000, 0.0000000000000000000, 0.0000000000000000000 ) ) ;
#2299 = EDGE_LOOP ( 'NONE', ( #1749, #4756, #3827, #4111 ) ) ;
#2300 = CARTESIAN_POINT ( 'NONE',  ( 0.5250000000000000222, 1.350000000000000089, 0.0000000000000000000 ) ) ;
#2301 = EDGE_CURVE ( 'NONE', #2836, #1572, #4743, .T. ) ;
#2302 = FILL_AREA_STYLE ('',( #1838 ) ) ;
#2303 = VECTOR ( 'NONE', #3828, 1000.000000000000000 ) ;
#2304 = MECHANICAL_DESIGN_GEOMETRIC_PRESENTATION_REPRESENTATION (  '', ( #1627 ), #2630 ) ;
#2305 = ORIENTED_EDGE ( 'NONE', *, *, #4307, .F. ) ;
#2306 = ORIENTED_EDGE ( 'NONE', *, *, #3306, .T. ) ;
#2307 = EDGE_CURVE ( 'NONE', #1048, #2728, #6038, .T. ) ;
#2308 = FACE_OUTER_BOUND ( 'NONE', #313, .T. ) ;
#2309 = DIRECTION ( 'NONE',  ( 0.0000000000000000000, 0.0000000000000000000, -1.000000000000000000 ) ) ;
#2310 = VERTEX_POINT ( 'NONE', #4816 ) ;
#2311 = LINE ( 'NONE', #5774, #1831 ) ;
#2312 = EDGE_CURVE ( 'NONE', #1813, #1227, #2468, .T. ) ;
#2313 = ORIENTED_EDGE ( 'NONE', *, *, #4074, .F. ) ;
#2314 = LINE ( 'NONE', #2536, #5882 ) ;
#2315 = CARTESIAN_POINT ( 'NONE',  ( 0.5250000000000000222, 1.649999999999999911, -1.025000000000000133 ) ) ;
#2316 = ORIENTED_EDGE ( 'NONE', *, *, #3542, .F. ) ;
#2317 = COLOUR_RGB ( '',1.000000000000000000, 1.000000000000000000, 1.000000000000000000 ) ;
#2318 = UNCERTAINTY_MEASURE_WITH_UNIT (LENGTH_MEASURE( 1.000000000000000082E-05 ), #763, 'distance_accuracy_value', 'NONE');
#2319 = VERTEX_POINT ( 'NONE', #4023 ) ;
#2320 = DIRECTION ( 'NONE',  ( 0.0000000000000000000, 1.000000000000000000, 3.219646771412953967E-15 ) ) ;
#2321 = ORIENTED_EDGE ( 'NONE', *, *, #4956, .T. ) ;
#2322 = LINE ( 'NONE', #242, #3401 ) ;
#2323 = CARTESIAN_POINT ( 'NONE',  ( 0.5250000000000000222, 0.0000000000000000000, -1.525000000000000133 ) ) ;
#2324 = VECTOR ( 'NONE', #2899, 1000.000000000000000 ) ;
#2325 = ORIENTED_EDGE ( 'NONE', *, *, #6017, .T. ) ;
#2326 = EDGE_CURVE ( 'NONE', #3615, #134, #2314, .T. ) ;
#2327 = VECTOR ( 'NONE', #1711, 1000.000000000000000 ) ;
#2328 = CARTESIAN_POINT ( 'NONE',  ( 1.775000000000000133, 0.5000000000000000000, 2.024999999999999911 ) ) ;
#2329 = AXIS2_PLACEMENT_3D ( 'NONE', #3738, #4697, #1724 ) ;
#2330 = VECTOR ( 'NONE', #6114, 1000.000000000000000 ) ;
#2331 = ADVANCED_FACE ( 'NONE', ( #2089 ), #3977, .F. ) ;
#2332 = ORIENTED_EDGE ( 'NONE', *, *, #907, .F. ) ;
#2333 = VERTEX_POINT ( 'NONE', #1381 ) ;
#2334 = LINE ( 'NONE', #4907, #5462 ) ;
#2335 = PRESENTATION_LAYER_ASSIGNMENT (  '', '', ( #305 ) ) ;
#2336 = FACE_OUTER_BOUND ( 'NONE', #4588, .T. ) ;
#2337 = DIRECTION ( 'NONE',  ( 0.0000000000000000000, -0.6650335612228979176, -0.7468134723257140450 ) ) ;
#2338 = DIRECTION ( 'NONE',  ( 0.0000000000000000000, 2.997602166487923448E-15, -1.000000000000000000 ) ) ;
#2339 = LINE ( 'NONE', #277, #3643 ) ;
#2340 = CARTESIAN_POINT ( 'NONE',  ( 1.250000000000000222, 0.0000000000000000000, -1.025000000000000133 ) ) ;
#2341 = EDGE_CURVE ( 'NONE', #1591, #2830, #4897, .T. ) ;
#2342 = VECTOR ( 'NONE', #51, 1000.000000000000000 ) ;
#2343 =( LENGTH_UNIT ( ) NAMED_UNIT ( * ) SI_UNIT ( .MILLI., .METRE. ) );
#2344 = DIRECTION ( 'NONE',  ( -0.0000000000000000000, 0.0000000000000000000, 1.000000000000000000 ) ) ;
#2345 = DIRECTION ( 'NONE',  ( -1.000000000000000000, 0.0000000000000000000, 0.0000000000000000000 ) ) ;
#2346 = LINE ( 'NONE', #3083, #2122 ) ;
#2347 = EDGE_CURVE ( 'NONE', #2158, #566, #2001, .T. ) ;
#2348 = PLANE ( 'NONE',  #4315 ) ;
#2349 = VECTOR ( 'NONE', #6339, 1000.000000000000000 ) ;
#2350 = ORIENTED_EDGE ( 'NONE', *, *, #5976, .F. ) ;
#2351 = EDGE_CURVE ( 'NONE', #2830, #4978, #655, .T. ) ;
#2352 = CARTESIAN_POINT ( 'NONE',  ( 3.525000000000000355, 4.249999999999998224, -2.075000000000001510 ) ) ;
#2353 = DIRECTION ( 'NONE',  ( 0.0000000000000000000, -0.8660254037883289291, -0.4999999999932619454 ) ) ;
#2354 = ORIENTED_EDGE ( 'NONE', *, *, #4628, .T. ) ;
#2355 = VECTOR ( 'NONE', #1024, 1000.000000000000000 ) ;
#2356 = EDGE_LOOP ( 'NONE', ( #6013, #3474, #5632, #3933, #509, #5713, #3940, #5665, #4244, #4326, #924, #1191, #4089, #2604, #2742, #1599 ) ) ;
#2357 = SURFACE_SIDE_STYLE ('',( #3324 ) ) ;
#2358 = ADVANCED_FACE ( 'NONE', ( #5733 ), #1499, .T. ) ;
#2359 = VERTEX_POINT ( 'NONE', #1068 ) ;
#2360 = LINE ( 'NONE', #4828, #625 ) ;
#2361 = VERTEX_POINT ( 'NONE', #4499 ) ;
#2362 = EDGE_CURVE ( 'NONE', #3930, #4877, #977, .T. ) ;
#2363 = DIRECTION ( 'NONE',  ( -1.000000000000000000, 0.0000000000000000000, 0.0000000000000000000 ) ) ;
#2364 = ORIENTED_EDGE ( 'NONE', *, *, #5621, .T. ) ;
#2365 = CARTESIAN_POINT ( 'NONE',  ( 1.975000000000000089, 1.000000000000000000, 1.525000000000000133 ) ) ;
#2366 = PRESENTATION_LAYER_ASSIGNMENT (  '', '', ( #561 ) ) ;
#2367 = DIRECTION ( 'NONE',  ( 1.000000000000000000, 0.0000000000000000000, 0.0000000000000000000 ) ) ;
#2368 = EDGE_LOOP ( 'NONE', ( #4270, #4036, #5583, #179 ) ) ;
#2369 = EDGE_LOOP ( 'NONE', ( #550, #2373, #1862, #1161, #3937, #322, #1815 ) ) ;
#2370 = DIRECTION ( 'NONE',  ( -1.000000000000000000, 0.0000000000000000000, -0.0000000000000000000 ) ) ;
#2371 = ORIENTED_EDGE ( 'NONE', *, *, #2960, .F. ) ;
#2372 = ORIENTED_EDGE ( 'NONE', *, *, #1171, .F. ) ;
#2373 = ORIENTED_EDGE ( 'NONE', *, *, #3767, .T. ) ;
#2374 = CARTESIAN_POINT ( 'NONE',  ( 2.425000000000000266, 1.850000000000000089, -1.474999999999999867 ) ) ;
#2375 = VERTEX_POINT ( 'NONE', #5409 ) ;
#2376 = VERTEX_POINT ( 'NONE', #3003 ) ;
#2377 = DIRECTION ( 'NONE',  ( 0.0000000000000000000, -1.000000000000000000, 0.0000000000000000000 ) ) ;
#2378 = ORIENTED_EDGE ( 'NONE', *, *, #4823, .T. ) ;
#2379 = CARTESIAN_POINT ( 'NONE',  ( 1.625000000000000222, 2.250000000000000000, 1.025000000000000133 ) ) ;
#2380 = DIRECTION ( 'NONE',  ( -0.0000000000000000000, -0.0000000000000000000, 1.000000000000000000 ) ) ;
#2381 = EDGE_CURVE ( 'NONE', #4727, #452, #3618, .T. ) ;
#2382 = VECTOR ( 'NONE', #2048, 1000.000000000000000 ) ;
#2383 = SURFACE_SIDE_STYLE ('',( #5037 ) ) ;
#2384 = VECTOR ( 'NONE', #41, 1000.000000000000000 ) ;
#2385 = CARTESIAN_POINT ( 'NONE',  ( 4.125000000000000000, 2.000000000000000000, -2.024999999999999911 ) ) ;
#2386 = EDGE_CURVE ( 'NONE', #4571, #1326, #6105, .T. ) ;
#2387 = ORIENTED_EDGE ( 'NONE', *, *, #2386, .F. ) ;
#2388 = CARTESIAN_POINT ( 'NONE',  ( -0.8249999999999999556, 1.850000000000000089, -1.698606797699999893 ) ) ;
#2389 = VECTOR ( 'NONE', #816, 1000.000000000000000 ) ;
#2390 = ORIENTED_EDGE ( 'NONE', *, *, #3226, .F. ) ;
#2391 = ADVANCED_FACE ( 'NONE', ( #4969 ), #2494, .T. ) ;
#2392 = LINE ( 'NONE', #6329, #3012 ) ;
#2393 = DIRECTION ( 'NONE',  ( 0.0000000000000000000, 0.0000000000000000000, 1.000000000000000000 ) ) ;
#2394 = VECTOR ( 'NONE', #23, 1000.000000000000000 ) ;
#2395 = ORIENTED_EDGE ( 'NONE', *, *, #2016, .F. ) ;
#2396 = EDGE_CURVE ( 'NONE', #566, #5904, #1675, .T. ) ;
#2397 = DIRECTION ( 'NONE',  ( -1.000000000000000000, 0.0000000000000000000, 0.0000000000000000000 ) ) ;
#2398 = SURFACE_STYLE_USAGE ( .BOTH. , #2357 ) ;
#2399 = CARTESIAN_POINT ( 'NONE',  ( -2.274999999999999911, 4.240000000000000213, 0.0000000000000000000 ) ) ;
#2400 = EDGE_LOOP ( 'NONE', ( #4113, #593, #2543, #1958 ) ) ;
#2401 = CARTESIAN_POINT ( 'NONE',  ( 1.774999999999999911, 0.05000000000000002359, -1.775000000000000133 ) ) ;
#2402 = AXIS2_PLACEMENT_3D ( 'NONE', #3412, #5872, #383 ) ;
#2403 = PLANE ( 'NONE',  #6004 ) ;
#2404 = ORIENTED_EDGE ( 'NONE', *, *, #6088, .F. ) ;
#2405 = ORIENTED_EDGE ( 'NONE', *, *, #5605, .T. ) ;
#2406 = VECTOR ( 'NONE', #3501, 1000.000000000000000 ) ;
#2407 = AXIS2_PLACEMENT_3D ( 'NONE', #2199, #180, #5586 ) ;
#2408 = VECTOR ( 'NONE', #5696, 1000.000000000000000 ) ;
#2409 = DIRECTION ( 'NONE',  ( -1.000000000000000000, 0.0000000000000000000, 0.0000000000000000000 ) ) ;
#2410 = CARTESIAN_POINT ( 'NONE',  ( 1.975000000000000089, 0.3499999999999999778, -2.075000000000000178 ) ) ;
#2411 = VECTOR ( 'NONE', #3125, 1000.000000000000000 ) ;
#2412 = VERTEX_POINT ( 'NONE', #5633 ) ;
#2413 = AXIS2_PLACEMENT_3D ( 'NONE', #1698, #3632, #1137 ) ;
#2414 = DIRECTION ( 'NONE',  ( 0.0000000000000000000, 1.000000000000000000, 0.0000000000000000000 ) ) ;
#2415 = VECTOR ( 'NONE', #989, 1000.000000000000000 ) ;
#2416 = DIRECTION ( 'NONE',  ( 0.0000000000000000000, -1.000000000000000000, -0.0000000000000000000 ) ) ;
#2417 = CARTESIAN_POINT ( 'NONE',  ( -2.475000000000000089, 3.599999999999999201, -0.07500000000000128786 ) ) ;
#2418 = DIRECTION ( 'NONE',  ( 0.0000000000000000000, -1.000000000000000000, 0.0000000000000000000 ) ) ;
#2419 = ADVANCED_FACE ( 'NONE', ( #5585 ), #5958, .F. ) ;
#2420 = SURFACE_STYLE_USAGE ( .BOTH. , #3393 ) ;
#2421 = DIRECTION ( 'NONE',  ( 0.0000000000000000000, 0.0000000000000000000, -1.000000000000000000 ) ) ;
#2422 = LINE ( 'NONE', #1934, #1095 ) ;
#2423 = EDGE_CURVE ( 'NONE', #4284, #3920, #4145, .T. ) ;
#2424 = DIRECTION ( 'NONE',  ( 1.000000000000000000, 0.0000000000000000000, 0.0000000000000000000 ) ) ;
#2425 = LINE ( 'NONE', #3178, #3193 ) ;
#2426 = CARTESIAN_POINT ( 'NONE',  ( 0.5250000000000000222, 0.5000000000000000000, 2.024999999999999911 ) ) ;
#2427 = EDGE_CURVE ( 'NONE', #79, #1376, #512, .T. ) ;
#2428 = PLANE ( 'NONE',  #4525 ) ;
#2429 = LINE ( 'NONE', #3362, #2277 ) ;
#2430 = LINE ( 'NONE', #495, #852 ) ;
#2431 = EDGE_CURVE ( 'NONE', #5953, #2053, #1203, .T. ) ;
#2432 = CARTESIAN_POINT ( 'NONE',  ( 1.775000000000000133, 1.850000000000000089, -1.025000000000000133 ) ) ;
#2433 = LINE ( 'NONE', #4915, #1644 ) ;
#2434 = ORIENTED_EDGE ( 'NONE', *, *, #6234, .T. ) ;
#2435 = DIRECTION ( 'NONE',  ( 0.0000000000000000000, -1.000000000000000000, 0.0000000000000000000 ) ) ;
#2436 = UNCERTAINTY_MEASURE_WITH_UNIT (LENGTH_MEASURE( 1.000000000000000082E-05 ), #3482, 'distance_accuracy_value', 'NONE');
#2437 = ORIENTED_EDGE ( 'NONE', *, *, #5528, .T. ) ;
#2438 = LINE ( 'NONE', #6052, #940 ) ;
#2439 = ORIENTED_EDGE ( 'NONE', *, *, #1296, .F. ) ;
#2440 = DIRECTION ( 'NONE',  ( -1.000000000000000000, 0.0000000000000000000, 0.0000000000000000000 ) ) ;
#2441 = CARTESIAN_POINT ( 'NONE',  ( -0.5250000000000000222, 0.0000000000000000000, -2.024999999999999911 ) ) ;
#2442 = ORIENTED_EDGE ( 'NONE', *, *, #860, .T. ) ;
#2443 = CARTESIAN_POINT ( 'NONE',  ( -0.5150000000000000133, 1.000000000000000000, -2.024999999999999911 ) ) ;
#2444 = CARTESIAN_POINT ( 'NONE',  ( 1.774999999999999911, 0.05000000000000002359, -1.775000000000000133 ) ) ;
#2445 = EDGE_CURVE ( 'NONE', #5316, #1364, #3693, .T. ) ;
#2446 = LINE ( 'NONE', #3447, #6216 ) ;
#2447 = ORIENTED_EDGE ( 'NONE', *, *, #3793, .T. ) ;
#2448 = ORIENTED_EDGE ( 'NONE', *, *, #757, .T. ) ;
#2449 = CARTESIAN_POINT ( 'NONE',  ( 1.775000000000000133, 1.649999999999999911, -1.025000000000000133 ) ) ;
#2450 =( NAMED_UNIT ( * ) PLANE_ANGLE_UNIT ( ) SI_UNIT ( $, .RADIAN. ) );
#2451 = CARTESIAN_POINT ( 'NONE',  ( 1.975000000000000089, -0.6500000000000000222, -1.775000000000000133 ) ) ;
#2452 = DIRECTION ( 'NONE',  ( 1.000000000000000000, 0.0000000000000000000, 0.0000000000000000000 ) ) ;
#2453 = VECTOR ( 'NONE', #6203, 1000.000000000000000 ) ;
#2454 = ADVANCED_FACE ( 'NONE', ( #3735 ), #2252, .T. ) ;
#2455 = MECHANICAL_DESIGN_GEOMETRIC_PRESENTATION_REPRESENTATION (  '', ( #1693 ), #5058 ) ;
#2456 = CARTESIAN_POINT ( 'NONE',  ( -0.3750000000000000000, 2.750000000000000000, -0.4749999999999999778 ) ) ;
#2457 = ORIENTED_EDGE ( 'NONE', *, *, #1977, .T. ) ;
#2458 =( NAMED_UNIT ( * ) SI_UNIT ( $, .STERADIAN. ) SOLID_ANGLE_UNIT ( ) );
#2459 = LINE ( 'NONE', #5571, #5727 ) ;
#2460 = ORIENTED_EDGE ( 'NONE', *, *, #525, .F. ) ;
#2461 = ORIENTED_EDGE ( 'NONE', *, *, #1431, .F. ) ;
#2462 = EDGE_CURVE ( 'NONE', #161, #1048, #2788, .T. ) ;
#2463 = DIRECTION ( 'NONE',  ( -1.000000000000000000, 0.0000000000000000000, 0.0000000000000000000 ) ) ;
#2464 = VECTOR ( 'NONE', #3011, 1000.000000000000000 ) ;
#2465 = DIRECTION ( 'NONE',  ( -1.000000000000000000, 0.0000000000000000000, 0.0000000000000000000 ) ) ;
#2466 = CARTESIAN_POINT ( 'NONE',  ( 0.5250000000000000222, 1.850000000000000089, 2.024999999999999911 ) ) ;
#2467 = CARTESIAN_POINT ( 'NONE',  ( 0.7249999999999999778, 1.000000000000000000, -1.525000000000000133 ) ) ;
#2468 = LINE ( 'NONE', #6245, #5286 ) ;
#2469 = ORIENTED_EDGE ( 'NONE', *, *, #3415, .F. ) ;
#2470 = EDGE_CURVE ( 'NONE', #2768, #3615, #2259, .T. ) ;
#2471 = CARTESIAN_POINT ( 'NONE',  ( 0.5250000000000000222, 1.649999999999999911, -1.698606797699999893 ) ) ;
#2472 = FACE_OUTER_BOUND ( 'NONE', #2652, .T. ) ;
#2473 = ORIENTED_EDGE ( 'NONE', *, *, #5614, .T. ) ;
#2474 = CARTESIAN_POINT ( 'NONE',  ( 3.125000000000000000, 3.750000000000000000, 2.025999999999999801 ) ) ;
#2475 = ORIENTED_EDGE ( 'NONE', *, *, #2227, .T. ) ;
#2476 = EDGE_LOOP ( 'NONE', ( #3684, #3512, #3904, #3748 ) ) ;
#2477 = EDGE_CURVE ( 'NONE', #6292, #2836, #5062, .T. ) ;
#2478 = FACE_OUTER_BOUND ( 'NONE', #5128, .T. ) ;
#2479 = CARTESIAN_POINT ( 'NONE',  ( 3.525000000000000355, 8.673617379884035472E-15, -0.2250000000000008105 ) ) ;
#2480 = PLANE ( 'NONE',  #2920 ) ;
#2481 = VERTEX_POINT ( 'NONE', #1189 ) ;
#2482 = DIRECTION ( 'NONE',  ( 0.0000000000000000000, 0.0000000000000000000, 1.000000000000000000 ) ) ;
#2483 = LINE ( 'NONE', #1517, #109 ) ;
#2484 = CARTESIAN_POINT ( 'NONE',  ( 3.525000000000000355, 2.000000000000000000, -1.425000000000000044 ) ) ;
#2485 = LINE ( 'NONE', #4672, #1368 ) ;
#2486 = CARTESIAN_POINT ( 'NONE',  ( 3.525000000000000355, 4.240000000000000213, -0.07499999999999998335 ) ) ;
#2487 = LINE ( 'NONE', #3475, #4161 ) ;
#2488 = CARTESIAN_POINT ( 'NONE',  ( -0.8750000000000000000, 3.750000000000000000, -2.024999999999999911 ) ) ;
#2489 = DIRECTION ( 'NONE',  ( 0.0000000000000000000, 1.000000000000000000, 0.0000000000000000000 ) ) ;
#2490 = MECHANICAL_DESIGN_GEOMETRIC_PRESENTATION_REPRESENTATION (  '', ( #5658 ), #5223 ) ;
#2491 = CARTESIAN_POINT ( 'NONE',  ( 0.5250000000000000222, 1.000000000000000000, 1.525000000000000133 ) ) ;
#2492 = ADVANCED_FACE ( 'NONE', ( #3104 ), #1214, .T. ) ;
#2493 = PLANE ( 'NONE',  #4310 ) ;
#2494 = PLANE ( 'NONE',  #2804 ) ;
#2495 = FACE_OUTER_BOUND ( 'NONE', #6275, .T. ) ;
#2496 =( LENGTH_UNIT ( ) NAMED_UNIT ( * ) SI_UNIT ( .MILLI., .METRE. ) );
#2497 = DIRECTION ( 'NONE',  ( 0.0000000000000000000, 0.0000000000000000000, -1.000000000000000000 ) ) ;
#2498 = PRESENTATION_LAYER_ASSIGNMENT (  '', '', ( #3846 ) ) ;
#2499 = APPLICATION_CONTEXT ( 'automotive_design' ) ;
#2500 = LINE ( 'NONE', #4846, #1004 ) ;
#2501 = CARTESIAN_POINT ( 'NONE',  ( 0.7250000000000000888, 1.315130797599999957, 1.171117220399999770 ) ) ;
#2502 = ORIENTED_EDGE ( 'NONE', *, *, #5038, .T. ) ;
#2503 = PRESENTATION_LAYER_ASSIGNMENT (  '', '', ( #4027 ) ) ;
#2504 = VECTOR ( 'NONE', #4943, 1000.000000000000000 ) ;
#2505 = EDGE_LOOP ( 'NONE', ( #2655, #653, #833, #3638 ) ) ;
#2506 = CARTESIAN_POINT ( 'NONE',  ( -2.024999999999999911, 4.250000000000000000, -1.925000000000000044 ) ) ;
#2507 = DIRECTION ( 'NONE',  ( 0.0000000000000000000, -0.0000000000000000000, 1.000000000000000000 ) ) ;
#2508 = CARTESIAN_POINT ( 'NONE',  ( 1.975000000000000089, 0.05000000000000002359, -1.775000000000000133 ) ) ;
#2509 = LINE ( 'NONE', #2246, #1790 ) ;
#2510 = DIRECTION ( 'NONE',  ( 1.000000000000000000, 0.0000000000000000000, 0.0000000000000000000 ) ) ;
#2511 = CARTESIAN_POINT ( 'NONE',  ( 0.07499999999999998335, 1.850000000000000089, 2.024999999999999911 ) ) ;
#2512 = CARTESIAN_POINT ( 'NONE',  ( 1.975000000000000089, 0.5547525681000000652, 2.024999999999999911 ) ) ;
#2513 = LINE ( 'NONE', #1735, #1564 ) ;
#2514 = ORIENTED_EDGE ( 'NONE', *, *, #5603, .T. ) ;
#2515 = FILL_AREA_STYLE_COLOUR ( '', #1522 ) ;
#2516 = EDGE_CURVE ( 'NONE', #5924, #493, #6005, .T. ) ;
#2517 = VECTOR ( 'NONE', #3800, 1000.000000000000000 ) ;
#2518 = ORIENTED_EDGE ( 'NONE', *, *, #2975, .T. ) ;
#2519 = CARTESIAN_POINT ( 'NONE',  ( 0.8249999999999999556, 1.649999999999999911, -1.698606797699999893 ) ) ;
#2520 = DIRECTION ( 'NONE',  ( -1.000000000000000000, 0.0000000000000000000, 0.0000000000000000000 ) ) ;
#2521 = ORIENTED_EDGE ( 'NONE', *, *, #31, .F. ) ;
#2522 = DIRECTION ( 'NONE',  ( 0.0000000000000000000, 0.0000000000000000000, -1.000000000000000000 ) ) ;
#2523 = VERTEX_POINT ( 'NONE', #1738 ) ;
#2524 = ADVANCED_FACE ( 'NONE', ( #5084 ), #2733, .T. ) ;
#2525 = CARTESIAN_POINT ( 'NONE',  ( 2.075000000000000622, 1.649999999999999911, -1.025000000000000133 ) ) ;
#2526 = EDGE_CURVE ( 'NONE', #6196, #4727, #3496, .T. ) ;
#2527 = CARTESIAN_POINT ( 'NONE',  ( -2.274999999999999911, 0.6000000000000024203, 1.375000000000002442 ) ) ;
#2528 = VECTOR ( 'NONE', #4860, 1000.000000000000000 ) ;
#2529 = ORIENTED_EDGE ( 'NONE', *, *, #3346, .F. ) ;
#2530 = ORIENTED_EDGE ( 'NONE', *, *, #4786, .T. ) ;
#2531 = FACE_OUTER_BOUND ( 'NONE', #5967, .T. ) ;
#2532 = CARTESIAN_POINT ( 'NONE',  ( 0.5150000000000000133, 1.850000000000000089, -2.024999999999999911 ) ) ;
#2533 = PLANE ( 'NONE',  #990 ) ;
#2534 = DIRECTION ( 'NONE',  ( -1.000000000000000000, 0.0000000000000000000, 0.0000000000000000000 ) ) ;
#2535 = ORIENTED_EDGE ( 'NONE', *, *, #6088, .T. ) ;
#2536 = CARTESIAN_POINT ( 'NONE',  ( 1.774999999999999911, -0.6500000000000000222, -1.775000000000000133 ) ) ;
#2537 =( GEOMETRIC_REPRESENTATION_CONTEXT ( 3 ) GLOBAL_UNCERTAINTY_ASSIGNED_CONTEXT ( ( #5121 ) ) GLOBAL_UNIT_ASSIGNED_CONTEXT ( ( #6092, #1795, #5609 ) ) REPRESENTATION_CONTEXT ( 'NONE', 'WORKASPACE' ) );
#2538 = FACE_OUTER_BOUND ( 'NONE', #4212, .T. ) ;
#2539 = PLANE ( 'NONE',  #2846 ) ;
#2540 = ORIENTED_EDGE ( 'NONE', *, *, #369, .T. ) ;
#2541 = PLANE ( 'NONE',  #2576 ) ;
#2542 = CARTESIAN_POINT ( 'NONE',  ( 0.7250000000000000888, 0.05000000000000002359, -1.775000000000000133 ) ) ;
#2543 = ORIENTED_EDGE ( 'NONE', *, *, #1122, .T. ) ;
#2544 = STYLED_ITEM ( 'NONE', ( #6188 ), #5646 ) ;
#2545 = VECTOR ( 'NONE', #5151, 1000.000000000000000 ) ;
#2546 = DIRECTION ( 'NONE',  ( 0.0000000000000000000, 0.0000000000000000000, 1.000000000000000000 ) ) ;
#2547 = PRESENTATION_STYLE_ASSIGNMENT (( #6303 ) ) ;
#2548 = LINE ( 'NONE', #5364, #3548 ) ;
#2549 = EDGE_CURVE ( 'NONE', #3014, #5596, #1755, .T. ) ;
#2550 = DIRECTION ( 'NONE',  ( 1.000000000000000000, 0.0000000000000000000, 0.0000000000000000000 ) ) ;
#2551 = ORIENTED_EDGE ( 'NONE', *, *, #746, .F. ) ;
#2552 = ADVANCED_FACE ( 'NONE', ( #1303 ), #6152, .T. ) ;
#2553 = ORIENTED_EDGE ( 'NONE', *, *, #5289, .T. ) ;
#2554 = AXIS2_PLACEMENT_3D ( 'NONE', #5202, #5660, #272 ) ;
#2555 = DIRECTION ( 'NONE',  ( 0.0000000000000000000, 0.0000000000000000000, 1.000000000000000000 ) ) ;
#2556 = EDGE_CURVE ( 'NONE', #1558, #122, #2236, .T. ) ;
#2557 = CARTESIAN_POINT ( 'NONE',  ( -0.3750000000000000000, 2.250000000000000000, 1.025000000000000133 ) ) ;
#2558 = FACE_OUTER_BOUND ( 'NONE', #1256, .T. ) ;
#2559 = ORIENTED_EDGE ( 'NONE', *, *, #1544, .T. ) ;
#2560 = ORIENTED_EDGE ( 'NONE', *, *, #1205, .F. ) ;
#2561 = EDGE_CURVE ( 'NONE', #3441, #4595, #4812, .T. ) ;
#2562 = CARTESIAN_POINT ( 'NONE',  ( -1.375000000000000000, 3.149999999999999911, -2.024999999999999911 ) ) ;
#2563 = ORIENTED_EDGE ( 'NONE', *, *, #3420, .T. ) ;
#2564 = VECTOR ( 'NONE', #4056, 1000.000000000000000 ) ;
#2565 = DIRECTION ( 'NONE',  ( -1.000000000000000000, 0.0000000000000000000, 0.0000000000000000000 ) ) ;
#2566 = ORIENTED_EDGE ( 'NONE', *, *, #5199, .T. ) ;
#2567 = FACE_OUTER_BOUND ( 'NONE', #2100, .T. ) ;
#2568 = FACE_OUTER_BOUND ( 'NONE', #3115, .T. ) ;
#2569 = EDGE_CURVE ( 'NONE', #316, #1336, #5358, .T. ) ;
#2570 = LINE ( 'NONE', #5150, #1236 ) ;
#2571 = CARTESIAN_POINT ( 'NONE',  ( -0.5250000000000000222, 1.350000000000000089, 1.525000000000000133 ) ) ;
#2572 = AXIS2_PLACEMENT_3D ( 'NONE', #1281, #6100, #4720 ) ;
#2573 = CARTESIAN_POINT ( 'NONE',  ( 3.725000000000000533, 1.999999999999997780, -2.075000000000008615 ) ) ;
#2574 = LINE ( 'NONE', #5726, #4110 ) ;
#2575 = DIRECTION ( 'NONE',  ( 0.0000000000000000000, 1.000000000000000000, 0.0000000000000000000 ) ) ;
#2576 = AXIS2_PLACEMENT_3D ( 'NONE', #1049, #4975, #4394 ) ;
#2577 = DIRECTION ( 'NONE',  ( 0.0000000000000000000, 1.000000000000000000, 0.0000000000000000000 ) ) ;
#2578 = LINE ( 'NONE', #964, #3647 ) ;
#2579 = AXIS2_PLACEMENT_3D ( 'NONE', #2101, #2565, #5444 ) ;
#2580 = ADVANCED_FACE ( 'NONE', ( #2913 ), #4247, .T. ) ;
#2581 = DIRECTION ( 'NONE',  ( 0.0000000000000000000, 1.000000000000000000, 0.0000000000000000000 ) ) ;
#2582 = FACE_OUTER_BOUND ( 'NONE', #4551, .T. ) ;
#2583 = ORIENTED_EDGE ( 'NONE', *, *, #405, .F. ) ;
#2584 = CARTESIAN_POINT ( 'NONE',  ( 0.4249999999999999889, 1.850000000000000089, -1.474999999999999867 ) ) ;
#2585 = VERTEX_POINT ( 'NONE', #1354 ) ;
#2586 = VECTOR ( 'NONE', #5944, 1000.000000000000000 ) ;
#2587 = EDGE_CURVE ( 'NONE', #477, #253, #3696, .T. ) ;
#2588 = DIRECTION ( 'NONE',  ( 1.000000000000000000, 0.0000000000000000000, 0.0000000000000000000 ) ) ;
#2589 = VERTEX_POINT ( 'NONE', #3836 ) ;
#2590 = ORIENTED_EDGE ( 'NONE', *, *, #3711, .T. ) ;
#2591 = ORIENTED_EDGE ( 'NONE', *, *, #2121, .F. ) ;
#2592 = CARTESIAN_POINT ( 'NONE',  ( -1.875000000000000000, 3.750000000000000000, -2.024999999999999911 ) ) ;
#2593 = UNCERTAINTY_MEASURE_WITH_UNIT (LENGTH_MEASURE( 1.000000000000000082E-05 ), #5190, 'distance_accuracy_value', 'NONE');
#2594 = DIRECTION ( 'NONE',  ( 1.000000000000000000, 0.0000000000000000000, 0.0000000000000000000 ) ) ;
#2595 = EDGE_LOOP ( 'NONE', ( #710, #2941, #2372, #163, #4142, #6233 ) ) ;
#2596 = FACE_OUTER_BOUND ( 'NONE', #5045, .T. ) ;
#2597 = EDGE_CURVE ( 'NONE', #140, #90, #3852, .T. ) ;
#2598 = ORIENTED_EDGE ( 'NONE', *, *, #4255, .F. ) ;
#2599 = CARTESIAN_POINT ( 'NONE',  ( -2.274999999999999911, 0.0000000000000000000, 0.0000000000000000000 ) ) ;
#2600 = VERTEX_POINT ( 'NONE', #847 ) ;
#2601 = CARTESIAN_POINT ( 'NONE',  ( -0.5150000000000000133, 1.850000000000000089, -1.025000000000000133 ) ) ;
#2602 = PLANE ( 'NONE',  #3035 ) ;
#2603 = LINE ( 'NONE', #221, #3440 ) ;
#2604 = ORIENTED_EDGE ( 'NONE', *, *, #2008, .F. ) ;
#2605 = VERTEX_POINT ( 'NONE', #5734 ) ;
#2606 = CARTESIAN_POINT ( 'NONE',  ( 0.5249999999999999112, -0.6500000000000000222, -2.075000000000000178 ) ) ;
#2607 = PRESENTATION_LAYER_ASSIGNMENT (  '', '', ( #1146 ) ) ;
#2608 = ORIENTED_EDGE ( 'NONE', *, *, #4182, .F. ) ;
#2609 = CARTESIAN_POINT ( 'NONE',  ( -2.875000000000000000, 4.250000000000000000, -0.02500000000000000139 ) ) ;
#2610 = VECTOR ( 'NONE', #187, 1000.000000000000000 ) ;
#2611 = DIRECTION ( 'NONE',  ( 0.0000000000000000000, 0.0000000000000000000, -1.000000000000000000 ) ) ;
#2612 = CARTESIAN_POINT ( 'NONE',  ( 1.975000000000000089, 1.350000000000000089, 0.0000000000000000000 ) ) ;
#2613 = ADVANCED_FACE ( 'NONE', ( #4357 ), #4772, .F. ) ;
#2614 = CARTESIAN_POINT ( 'NONE',  ( -0.5250000000000000222, 0.0000000000000000000, 2.024999999999999911 ) ) ;
#2615 = VERTEX_POINT ( 'NONE', #329 ) ;
#2616 = AXIS2_PLACEMENT_3D ( 'NONE', #1059, #4032, #5545 ) ;
#2617 = VERTEX_POINT ( 'NONE', #967 ) ;
#2618 =( LENGTH_UNIT ( ) NAMED_UNIT ( * ) SI_UNIT ( .MILLI., .METRE. ) );
#2619 = VECTOR ( 'NONE', #5414, 1000.000000000000000 ) ;
#2620 = LINE ( 'NONE', #670, #2998 ) ;
#2621 = DIRECTION ( 'NONE',  ( 0.0000000000000000000, 1.000000000000000000, 0.0000000000000000000 ) ) ;
#2622 = ORIENTED_EDGE ( 'NONE', *, *, #3580, .T. ) ;
#2623 = LINE ( 'NONE', #4884, #3781 ) ;
#2624 = CARTESIAN_POINT ( 'NONE',  ( 0.5249999999999999112, 0.05000000000000002359, -1.524999999999999689 ) ) ;
#2625 = DIRECTION ( 'NONE',  ( 0.0000000000000000000, 4.003208021484939327E-15, -1.000000000000000000 ) ) ;
#2626 = VECTOR ( 'NONE', #5538, 1000.000000000000000 ) ;
#2627 = EDGE_LOOP ( 'NONE', ( #5566, #2214, #4632, #4569 ) ) ;
#2628 = EDGE_CURVE ( 'NONE', #2867, #4983, #3076, .T. ) ;
#2629 = LINE ( 'NONE', #3994, #4683 ) ;
#2630 =( GEOMETRIC_REPRESENTATION_CONTEXT ( 3 ) GLOBAL_UNCERTAINTY_ASSIGNED_CONTEXT ( ( #4123 ) ) GLOBAL_UNIT_ASSIGNED_CONTEXT ( ( #6056, #564, #4474 ) ) REPRESENTATION_CONTEXT ( 'NONE', 'WORKASPACE' ) );
#2631 = LINE ( 'NONE', #1740, #6334 ) ;
#2632 = EDGE_CURVE ( 'NONE', #2677, #2723, #1603, .T. ) ;
#2633 = CARTESIAN_POINT ( 'NONE',  ( -0.7249999999999999778, 1.850000000000000089, 2.024999999999999911 ) ) ;
#2634 = LINE ( 'NONE', #5990, #3710 ) ;
#2635 = EDGE_CURVE ( 'NONE', #3153, #4630, #4014, .T. ) ;
#2636 =( LENGTH_UNIT ( ) NAMED_UNIT ( * ) SI_UNIT ( .MILLI., .METRE. ) );
#2637 = CARTESIAN_POINT ( 'NONE',  ( 3.525000000000000355, 3.600000000000000977, -0.07499999999999998335 ) ) ;
#2638 = LINE ( 'NONE', #2501, #4165 ) ;
#2639 = ADVANCED_FACE ( 'NONE', ( #2695 ), #1538, .F. ) ;
#2640 = DIRECTION ( 'NONE',  ( 0.0000000000000000000, -1.000000000000000000, 0.0000000000000000000 ) ) ;
#2641 = LINE ( 'NONE', #4511, #3879 ) ;
#2642 = DIRECTION ( 'NONE',  ( -0.0000000000000000000, -0.0000000000000000000, 1.000000000000000000 ) ) ;
#2643 = LINE ( 'NONE', #1034, #1949 ) ;
#2644 = SURFACE_SIDE_STYLE ('',( #1746 ) ) ;
#2645 = EDGE_CURVE ( 'NONE', #885, #5893, #2083, .T. ) ;
#2646 = CARTESIAN_POINT ( 'NONE',  ( 0.5150000000000000133, 1.649999999999999911, -1.474999999999999867 ) ) ;
#2647 = AXIS2_PLACEMENT_3D ( 'NONE', #315, #6227, #3822 ) ;
#2648 = CARTESIAN_POINT ( 'NONE',  ( 1.765000000000000124, 1.850000000000000089, -2.024999999999999911 ) ) ;
#2649 = LINE ( 'NONE', #1952, #3584 ) ;
#2650 = ORIENTED_EDGE ( 'NONE', *, *, #6047, .T. ) ;
#2651 = VECTOR ( 'NONE', #5751, 1000.000000000000114 ) ;
#2652 = EDGE_LOOP ( 'NONE', ( #2776, #560, #4085, #2622 ) ) ;
#2653 = DIRECTION ( 'NONE',  ( 1.000000000000000000, 0.0000000000000000000, 0.0000000000000000000 ) ) ;
#2654 = PLANE ( 'NONE',  #927 ) ;
#2655 = ORIENTED_EDGE ( 'NONE', *, *, #5506, .F. ) ;
#2656 = CARTESIAN_POINT ( 'NONE',  ( 0.4249999999999999889, 1.850000000000000089, -1.698606797699999893 ) ) ;
#2657 =( GEOMETRIC_REPRESENTATION_CONTEXT ( 3 ) GLOBAL_UNCERTAINTY_ASSIGNED_CONTEXT ( ( #4500 ) ) GLOBAL_UNIT_ASSIGNED_CONTEXT ( ( #3046, #1128, #5956 ) ) REPRESENTATION_CONTEXT ( 'NONE', 'WORKASPACE' ) );
#2658 = CARTESIAN_POINT ( 'NONE',  ( -2.875000000000000000, 4.250000000000000000, 2.024999999999999911 ) ) ;
#2659 = CARTESIAN_POINT ( 'NONE',  ( 2.075000000000000622, 1.649999999999999911, -1.474999999999999867 ) ) ;
#2660 = ORIENTED_EDGE ( 'NONE', *, *, #323, .F. ) ;
#2661 = EDGE_CURVE ( 'NONE', #1665, #3842, #1357, .T. ) ;
#2662 = ORIENTED_EDGE ( 'NONE', *, *, #2301, .F. ) ;
#2663 = VERTEX_POINT ( 'NONE', #510 ) ;
#2664 = UNCERTAINTY_MEASURE_WITH_UNIT (LENGTH_MEASURE( 1.000000000000000082E-05 ), #5139, 'distance_accuracy_value', 'NONE');
#2665 = VECTOR ( 'NONE', #4496, 1000.000000000000000 ) ;
#2666 = ORIENTED_EDGE ( 'NONE', *, *, #31, .T. ) ;
#2667 = EDGE_CURVE ( 'NONE', #3467, #5425, #1061, .T. ) ;
#2668 = FILL_AREA_STYLE ('',( #4623 ) ) ;
#2669 = DIRECTION ( 'NONE',  ( -1.000000000000000000, 0.0000000000000000000, 0.0000000000000000000 ) ) ;
#2670 = ADVANCED_FACE ( 'NONE', ( #722 ), #737, .T. ) ;
#2671 = ORIENTED_EDGE ( 'NONE', *, *, #4294, .T. ) ;
#2672 = ORIENTED_EDGE ( 'NONE', *, *, #6345, .F. ) ;
#2673 = EDGE_CURVE ( 'NONE', #4885, #333, #1918, .T. ) ;
#2674 = VECTOR ( 'NONE', #6118, 1000.000000000000000 ) ;
#2675 = CARTESIAN_POINT ( 'NONE',  ( -1.175000000000000044, 1.850000000000000089, -1.474999999999999867 ) ) ;
#2676 = PLANE ( 'NONE',  #6183 ) ;
#2677 = VERTEX_POINT ( 'NONE', #4599 ) ;
#2678 = CARTESIAN_POINT ( 'NONE',  ( -0.3750000000000000000, 2.750000000000000000, -0.4749999999999999778 ) ) ;
#2679 = ADVANCED_FACE ( 'NONE', ( #576 ), #5333, .F. ) ;
#2680 = DIRECTION ( 'NONE',  ( -0.0000000000000000000, -0.0000000000000000000, 1.000000000000000000 ) ) ;
#2681 = VECTOR ( 'NONE', #1324, 1000.000000000000000 ) ;
#2682 = DIRECTION ( 'NONE',  ( -1.000000000000000000, 0.0000000000000000000, 0.0000000000000000000 ) ) ;
#2683 = SURFACE_SIDE_STYLE ('',( #2806 ) ) ;
#2684 = DIRECTION ( 'NONE',  ( 0.0000000000000000000, -1.000000000000000000, 0.0000000000000000000 ) ) ;
#2685 = EDGE_LOOP ( 'NONE', ( #2434, #3296, #1882, #5020 ) ) ;
#2686 = EDGE_CURVE ( 'NONE', #1558, #3558, #4347, .T. ) ;
#2687 = SHAPE_DEFINITION_REPRESENTATION ( #4050, #4767 ) ;
#2688 = VECTOR ( 'NONE', #3939, 1000.000000000000000 ) ;
#2689 = AXIS2_PLACEMENT_3D ( 'NONE', #880, #1832, #5284 ) ;
#2690 =( NAMED_UNIT ( * ) SI_UNIT ( $, .STERADIAN. ) SOLID_ANGLE_UNIT ( ) );
#2691 = ORIENTED_EDGE ( 'NONE', *, *, #3058, .T. ) ;
#2692 = FACE_OUTER_BOUND ( 'NONE', #3248, .T. ) ;
#2693 =( NAMED_UNIT ( * ) SI_UNIT ( $, .STERADIAN. ) SOLID_ANGLE_UNIT ( ) );
#2694 = CARTESIAN_POINT ( 'NONE',  ( -2.375000000000000000, 3.750000000000000000, 0.02500000000000000139 ) ) ;
#2695 = FACE_OUTER_BOUND ( 'NONE', #3131, .T. ) ;
#2696 =( GEOMETRIC_REPRESENTATION_CONTEXT ( 3 ) GLOBAL_UNCERTAINTY_ASSIGNED_CONTEXT ( ( #124 ) ) GLOBAL_UNIT_ASSIGNED_CONTEXT ( ( #4072, #4961, #555 ) ) REPRESENTATION_CONTEXT ( 'NONE', 'WORKASPACE' ) );
#2697 = LINE ( 'NONE', #919, #5594 ) ;
#2698 = ORIENTED_EDGE ( 'NONE', *, *, #230, .F. ) ;
#2699 = CARTESIAN_POINT ( 'NONE',  ( -0.5250000000000000222, 0.0000000000000000000, 2.024999999999999911 ) ) ;
#2700 = CARTESIAN_POINT ( 'NONE',  ( 3.525000000000000355, 3.600000000000000977, -0.07499999999999998335 ) ) ;
#2701 = DIRECTION ( 'NONE',  ( 0.0000000000000000000, 0.7468134723257140450, -0.6650335612228979176 ) ) ;
#2702 = LINE ( 'NONE', #1987, #1531 ) ;
#2703 = ORIENTED_EDGE ( 'NONE', *, *, #2783, .T. ) ;
#2704 = DIRECTION ( 'NONE',  ( -1.000000000000000000, 0.0000000000000000000, 0.0000000000000000000 ) ) ;
#2705 = LINE ( 'NONE', #3591, #5666 ) ;
#2706 = ADVANCED_FACE ( 'NONE', ( #4506 ), #2480, .T. ) ;
#2707 = LINE ( 'NONE', #5557, #3859 ) ;
#2708 = PLANE ( 'NONE',  #3691 ) ;
#2709 = CARTESIAN_POINT ( 'NONE',  ( 4.125000000000000000, 4.250000000000000000, 2.024999999999999911 ) ) ;
#2710 = ORIENTED_EDGE ( 'NONE', *, *, #557, .T. ) ;
#2711 = EDGE_CURVE ( 'NONE', #1572, #1314, #4287, .T. ) ;
#2712 = FACE_OUTER_BOUND ( 'NONE', #4463, .T. ) ;
#2713 = EDGE_CURVE ( 'NONE', #4563, #4400, #2764, .T. ) ;
#2714 = DIRECTION ( 'NONE',  ( 0.0000000000000000000, -1.000000000000000000, 0.0000000000000000000 ) ) ;
#2715 = VECTOR ( 'NONE', #2367, 1000.000000000000000 ) ;
#2716 = ORIENTED_EDGE ( 'NONE', *, *, #5720, .F. ) ;
#2717 = DIRECTION ( 'NONE',  ( -0.0000000000000000000, -1.000000000000000000, -0.0000000000000000000 ) ) ;
#2718 = EDGE_CURVE ( 'NONE', #6239, #3016, #4809, .T. ) ;
#2719 = DIRECTION ( 'NONE',  ( 0.0000000000000000000, -3.219646771412953967E-15, 1.000000000000000000 ) ) ;
#2720 = ORIENTED_EDGE ( 'NONE', *, *, #5122, .F. ) ;
#2721 = VERTEX_POINT ( 'NONE', #286 ) ;
#2722 = DIRECTION ( 'NONE',  ( 0.0000000000000000000, 0.0000000000000000000, -1.000000000000000000 ) ) ;
#2723 = VERTEX_POINT ( 'NONE', #5280 ) ;
#2724 = PRESENTATION_LAYER_ASSIGNMENT (  '', '', ( #3928 ) ) ;
#2725 = CARTESIAN_POINT ( 'NONE',  ( 1.974999999999999867, -0.6500000000000000222, -1.775000000000000133 ) ) ;
#2726 = LINE ( 'NONE', #5317, #5399 ) ;
#2727 = VECTOR ( 'NONE', #4183, 1000.000000000000000 ) ;
#2728 = VERTEX_POINT ( 'NONE', #4718 ) ;
#2729 = PLANE ( 'NONE',  #526 ) ;
#2730 = ORIENTED_EDGE ( 'NONE', *, *, #5331, .F. ) ;
#2731 = PRESENTATION_LAYER_ASSIGNMENT (  '', '', ( #605 ) ) ;
#2732 = VECTOR ( 'NONE', #1417, 1000.000000000000000 ) ;
#2733 = PLANE ( 'NONE',  #1263 ) ;
#2734 = LINE ( 'NONE', #883, #4257 ) ;
#2735 = ORIENTED_EDGE ( 'NONE', *, *, #1307, .F. ) ;
#2736 = ORIENTED_EDGE ( 'NONE', *, *, #5158, .T. ) ;
#2737 = ORIENTED_EDGE ( 'NONE', *, *, #3542, .T. ) ;
#2738 = ADVANCED_FACE ( 'NONE', ( #6037 ), #6098, .T. ) ;
#2739 = LINE ( 'NONE', #4170, #5855 ) ;
#2740 = ORIENTED_EDGE ( 'NONE', *, *, #2667, .T. ) ;
#2741 =( GEOMETRIC_REPRESENTATION_CONTEXT ( 3 ) GLOBAL_UNCERTAINTY_ASSIGNED_CONTEXT ( ( #3742 ) ) GLOBAL_UNIT_ASSIGNED_CONTEXT ( ( #3372, #874, #4322 ) ) REPRESENTATION_CONTEXT ( 'NONE', 'WORKASPACE' ) );
#2742 = ORIENTED_EDGE ( 'NONE', *, *, #5112, .T. ) ;
#2743 = CARTESIAN_POINT ( 'NONE',  ( 2.625000000000000000, 3.149999999999999911, 0.02500000000000000139 ) ) ;
#2744 = EDGE_CURVE ( 'NONE', #1261, #3441, #4589, .T. ) ;
#2745 = ORIENTED_EDGE ( 'NONE', *, *, #4083, .F. ) ;
#2746 = CARTESIAN_POINT ( 'NONE',  ( 3.275000000000000355, 4.240000000000000213, -2.024999999999999911 ) ) ;
#2747 = ORIENTED_EDGE ( 'NONE', *, *, #6051, .F. ) ;
#2748 = ORIENTED_EDGE ( 'NONE', *, *, #2667, .F. ) ;
#2749 = STYLED_ITEM ( 'NONE', ( #5804 ), #2331 ) ;
#2750 = EDGE_CURVE ( 'NONE', #6226, #457, #5283, .T. ) ;
#2751 = SURFACE_SIDE_STYLE ('',( #4631 ) ) ;
#2752 = DIRECTION ( 'NONE',  ( 1.000000000000000000, 0.0000000000000000000, 0.0000000000000000000 ) ) ;
#2753 = ORIENTED_EDGE ( 'NONE', *, *, #3245, .F. ) ;
#2754 = EDGE_CURVE ( 'NONE', #6301, #4630, #4895, .T. ) ;
#2755 = EDGE_LOOP ( 'NONE', ( #3715, #2128, #6032, #4561 ) ) ;
#2756 = CARTESIAN_POINT ( 'NONE',  ( -0.5250000000000000222, 0.05000000000000002359, -1.775000000000000133 ) ) ;
#2757 = LINE ( 'NONE', #2248, #2610 ) ;
#2758 = ORIENTED_EDGE ( 'NONE', *, *, #4416, .F. ) ;
#2759 = ORIENTED_EDGE ( 'NONE', *, *, #2268, .F. ) ;
#2760 = VECTOR ( 'NONE', #431, 1000.000000000000000 ) ;
#2761 = ORIENTED_EDGE ( 'NONE', *, *, #5692, .F. ) ;
#2762 = ADVANCED_FACE ( 'NONE', ( #5213 ), #984, .T. ) ;
#2763 = FILL_AREA_STYLE ('',( #3675 ) ) ;
#2764 = LINE ( 'NONE', #2150, #1052 ) ;
#2765 = CARTESIAN_POINT ( 'NONE',  ( 3.525000000000000355, 1.949999999999999512, 2.025000000000007017 ) ) ;
#2766 = EDGE_CURVE ( 'NONE', #4306, #1282, #972, .T. ) ;
#2767 = CARTESIAN_POINT ( 'NONE',  ( 1.675000000000000044, 1.850000000000000089, 2.024999999999999911 ) ) ;
#2768 = VERTEX_POINT ( 'NONE', #2451 ) ;
#2769 = STYLED_ITEM ( 'NONE', ( #1272 ), #3301 ) ;
#2770 = CARTESIAN_POINT ( 'NONE',  ( -0.7249999999999999778, 1.850000000000000089, 0.0000000000000000000 ) ) ;
#2771 = VECTOR ( 'NONE', #999, 1000.000000000000000 ) ;
#2772 = VERTEX_POINT ( 'NONE', #4373 ) ;
#2773 = DIRECTION ( 'NONE',  ( 0.0000000000000000000, 1.000000000000000000, 0.0000000000000000000 ) ) ;
#2774 = ORIENTED_EDGE ( 'NONE', *, *, #4746, .F. ) ;
#2775 = DIRECTION ( 'NONE',  ( 0.0000000000000000000, 1.000000000000000000, 0.0000000000000000000 ) ) ;
#2776 = ORIENTED_EDGE ( 'NONE', *, *, #6225, .T. ) ;
#2777 = AXIS2_PLACEMENT_3D ( 'NONE', #3025, #5488, #1067 ) ;
#2778 = VECTOR ( 'NONE', #2107, 1000.000000000000000 ) ;
#2779 = UNCERTAINTY_MEASURE_WITH_UNIT (LENGTH_MEASURE( 1.000000000000000082E-05 ), #4219, 'distance_accuracy_value', 'NONE');
#2780 = VECTOR ( 'NONE', #3242, 1000.000000000000000 ) ;
#2781 = CARTESIAN_POINT ( 'NONE',  ( -0.5250000000000000222, 0.0000000000000000000, 2.024999999999999911 ) ) ;
#2782 = ORIENTED_EDGE ( 'NONE', *, *, #3006, .F. ) ;
#2783 = EDGE_CURVE ( 'NONE', #3458, #1577, #1438, .T. ) ;
#2784 = LINE ( 'NONE', #5975, #2176 ) ;
#2785 = DIRECTION ( 'NONE',  ( 1.000000000000000000, 0.0000000000000000000, 0.0000000000000000000 ) ) ;
#2786 = EDGE_CURVE ( 'NONE', #1572, #5596, #4965, .T. ) ;
#2787 = ORIENTED_EDGE ( 'NONE', *, *, #1328, .F. ) ;
#2788 = LINE ( 'NONE', #4227, #832 ) ;
#2789 = ORIENTED_EDGE ( 'NONE', *, *, #2114, .T. ) ;
#2790 = EDGE_CURVE ( 'NONE', #270, #4983, #3463, .T. ) ;
#2791 = CARTESIAN_POINT ( 'NONE',  ( -2.274999999999999911, 1.950000000000002176, 1.375000000000006883 ) ) ;
#2792 = ADVANCED_FACE ( 'NONE', ( #654 ), #4613, .T. ) ;
#2793 = VERTEX_POINT ( 'NONE', #1156 ) ;
#2794 = COLOUR_RGB ( '',1.000000000000000000, 1.000000000000000000, 1.000000000000000000 ) ;
#2795 = VERTEX_POINT ( 'NONE', #1027 ) ;
#2796 = VECTOR ( 'NONE', #2934, 1000.000000000000000 ) ;
#2797 = PLANE ( 'NONE',  #5682 ) ;
#2798 = VERTEX_POINT ( 'NONE', #5577 ) ;
#2799 =( NAMED_UNIT ( * ) SI_UNIT ( $, .STERADIAN. ) SOLID_ANGLE_UNIT ( ) );
#2800 = ADVANCED_FACE ( 'NONE', ( #5964 ), #547, .F. ) ;
#2801 = DIRECTION ( 'NONE',  ( 0.0000000000000000000, 1.000000000000000000, 0.0000000000000000000 ) ) ;
#2802 = VECTOR ( 'NONE', #2309, 1000.000000000000000 ) ;
#2803 = ORIENTED_EDGE ( 'NONE', *, *, #954, .F. ) ;
#2804 = AXIS2_PLACEMENT_3D ( 'NONE', #5934, #3027, #3519 ) ;
#2805 = CARTESIAN_POINT ( 'NONE',  ( 1.775000000000000133, 1.850000000000000089, 2.024999999999999911 ) ) ;
#2806 = SURFACE_STYLE_FILL_AREA ( #4932 ) ;
#2807 = ORIENTED_EDGE ( 'NONE', *, *, #4617, .T. ) ;
#2808 = CARTESIAN_POINT ( 'NONE',  ( 0.8249999999999999556, 1.850000000000000089, -1.474999999999999867 ) ) ;
#2809 = SURFACE_STYLE_USAGE ( .BOTH. , #4278 ) ;
#2810 = VECTOR ( 'NONE', #5669, 1000.000000000000000 ) ;
#2811 = ORIENTED_EDGE ( 'NONE', *, *, #3376, .F. ) ;
#2812 = ORIENTED_EDGE ( 'NONE', *, *, #5257, .T. ) ;
#2813 = DIRECTION ( 'NONE',  ( 1.000000000000000000, 0.0000000000000000000, 0.0000000000000000000 ) ) ;
#2814 = AXIS2_PLACEMENT_3D ( 'NONE', #4680, #6177, #5226 ) ;
#2815 = DIRECTION ( 'NONE',  ( -0.0000000000000000000, -1.000000000000000000, -3.219646771412953967E-15 ) ) ;
#2816 = ORIENTED_EDGE ( 'NONE', *, *, #3050, .F. ) ;
#2817 = FACE_OUTER_BOUND ( 'NONE', #5728, .T. ) ;
#2818 = ORIENTED_EDGE ( 'NONE', *, *, #405, .T. ) ;
#2819 = ORIENTED_EDGE ( 'NONE', *, *, #2645, .T. ) ;
#2820 = CARTESIAN_POINT ( 'NONE',  ( 0.7349999999999999867, 1.000000000000000000, -1.025000000000000133 ) ) ;
#2821 = DIRECTION ( 'NONE',  ( 1.000000000000000000, 0.0000000000000000000, 0.0000000000000000000 ) ) ;
#2822 = LINE ( 'NONE', #4068, #1656 ) ;
#2823 = CARTESIAN_POINT ( 'NONE',  ( -2.274999999999999911, 2.224999999999998757, -2.025000000000007905 ) ) ;
#2824 = FILL_AREA_STYLE_COLOUR ( '', #5986 ) ;
#2825 = ORIENTED_EDGE ( 'NONE', *, *, #5565, .T. ) ;
#2826 = DIRECTION ( 'NONE',  ( 1.000000000000000000, 0.0000000000000000000, 0.0000000000000000000 ) ) ;
#2827 = EDGE_CURVE ( 'NONE', #3225, #6239, #2620, .T. ) ;
#2828 = LINE ( 'NONE', #933, #3078 ) ;
#2829 = ADVANCED_FACE ( 'NONE', ( #4740 ), #1761, .T. ) ;
#2830 = VERTEX_POINT ( 'NONE', #1722 ) ;
#2831 = CARTESIAN_POINT ( 'NONE',  ( 0.5250000000000000222, 1.000000000000000000, -1.525000000000000133 ) ) ;
#2832 = CARTESIAN_POINT ( 'NONE',  ( -0.7249999999999999778, 1.850000000000000089, 2.024999999999999911 ) ) ;
#2833 = ORIENTED_EDGE ( 'NONE', *, *, #2827, .T. ) ;
#2834 = VECTOR ( 'NONE', #482, 1000.000000000000000 ) ;
#2835 = EDGE_CURVE ( 'NONE', #3160, #692, #3927, .T. ) ;
#2836 = VERTEX_POINT ( 'NONE', #1302 ) ;
#2837 = VECTOR ( 'NONE', #3890, 1000.000000000000000 ) ;
#2838 = DIRECTION ( 'NONE',  ( -1.000000000000000000, 0.0000000000000000000, 0.0000000000000000000 ) ) ;
#2839 = DIRECTION ( 'NONE',  ( 0.0000000000000000000, -1.000000000000000000, 0.0000000000000000000 ) ) ;
#2840 = CARTESIAN_POINT ( 'NONE',  ( -0.5250000000000000222, -0.6500000000000000222, -1.775000000000000133 ) ) ;
#2841 = LINE ( 'NONE', #442, #6246 ) ;
#2842 = PLANE ( 'NONE',  #1560 ) ;
#2843 = PRESENTATION_STYLE_ASSIGNMENT (( #539 ) ) ;
#2844 = ORIENTED_EDGE ( 'NONE', *, *, #6028, .T. ) ;
#2845 = CARTESIAN_POINT ( 'NONE',  ( 0.0000000000000000000, 1.000000000000000000, -1.474999999999999867 ) ) ;
#2846 = AXIS2_PLACEMENT_3D ( 'NONE', #503, #5939, #4459 ) ;
#2847 = CARTESIAN_POINT ( 'NONE',  ( 4.125000000000000000, 1.000000000000000000, -1.525000000000000133 ) ) ;
#2848 = LINE ( 'NONE', #5323, #281 ) ;
#2849 = DIRECTION ( 'NONE',  ( 0.0000000000000000000, 0.0000000000000000000, 1.000000000000000000 ) ) ;
#2850 = UNCERTAINTY_MEASURE_WITH_UNIT (LENGTH_MEASURE( 1.000000000000000082E-05 ), #2636, 'distance_accuracy_value', 'NONE');
#2851 = MECHANICAL_DESIGN_GEOMETRIC_PRESENTATION_REPRESENTATION (  '', ( #6117 ), #4106 ) ;
#2852 = FACE_OUTER_BOUND ( 'NONE', #1117, .T. ) ;
#2853 = DIRECTION ( 'NONE',  ( 0.0000000000000000000, 1.000000000000000000, 0.0000000000000000000 ) ) ;
#2854 = DIRECTION ( 'NONE',  ( 0.0000000000000000000, -0.3162277660168379412, 0.9486832980505138790 ) ) ;
#2855 = DIRECTION ( 'NONE',  ( 1.000000000000000000, 0.0000000000000000000, -0.0000000000000000000 ) ) ;
#2856 = ADVANCED_FACE ( 'NONE', ( #4434 ), #4737, .T. ) ;
#2857 = CARTESIAN_POINT ( 'NONE',  ( -2.274999999999999911, 4.249999999999992895, -0.07499999999999976130 ) ) ;
#2858 = CARTESIAN_POINT ( 'NONE',  ( -0.7349999999999999867, 1.000000000000000000, -1.025000000000000133 ) ) ;
#2859 = EDGE_CURVE ( 'NONE', #3425, #566, #4007, .T. ) ;
#2860 = EDGE_LOOP ( 'NONE', ( #3220, #1295, #2553, #371 ) ) ;
#2861 =( NAMED_UNIT ( * ) SI_UNIT ( $, .STERADIAN. ) SOLID_ANGLE_UNIT ( ) );
#2862 = AXIS2_PLACEMENT_3D ( 'NONE', #2599, #2653, #5055 ) ;
#2863 = CARTESIAN_POINT ( 'NONE',  ( 1.975000000000000089, 1.850000000000000089, -2.024999999999999911 ) ) ;
#2864 = LINE ( 'NONE', #4256, #451 ) ;
#2865 = ORIENTED_EDGE ( 'NONE', *, *, #1846, .T. ) ;
#2866 = EDGE_CURVE ( 'NONE', #1527, #3590, #3777, .T. ) ;
#2867 = VERTEX_POINT ( 'NONE', #1853 ) ;
#2868 = ORIENTED_EDGE ( 'NONE', *, *, #3058, .F. ) ;
#2869 = DIRECTION ( 'NONE',  ( 1.000000000000000000, 0.0000000000000000000, 0.0000000000000000000 ) ) ;
#2870 = EDGE_CURVE ( 'NONE', #1114, #3043, #5732, .T. ) ;
#2871 = CARTESIAN_POINT ( 'NONE',  ( -0.5250000000000000222, 0.3499999999999999778, -2.075000000000000178 ) ) ;
#2872 = DIRECTION ( 'NONE',  ( 0.0000000000000000000, 0.0000000000000000000, 1.000000000000000000 ) ) ;
#2873 = LINE ( 'NONE', #5312, #5479 ) ;
#2874 = EDGE_LOOP ( 'NONE', ( #4147, #2321, #3048, #4334, #4281, #5730 ) ) ;
#2875 = ORIENTED_EDGE ( 'NONE', *, *, #1657, .T. ) ;
#2876 = DIRECTION ( 'NONE',  ( 0.0000000000000000000, 0.0000000000000000000, -1.000000000000000000 ) ) ;
#2877 =( NAMED_UNIT ( * ) SI_UNIT ( $, .STERADIAN. ) SOLID_ANGLE_UNIT ( ) );
#2878 = LINE ( 'NONE', #995, #5336 ) ;
#2879 = EDGE_CURVE ( 'NONE', #4848, #988, #2311, .T. ) ;
#2880 = DIRECTION ( 'NONE',  ( 0.0000000000000000000, 0.0000000000000000000, 1.000000000000000000 ) ) ;
#2881 = ORIENTED_EDGE ( 'NONE', *, *, #1285, .F. ) ;
#2882 = AXIS2_PLACEMENT_3D ( 'NONE', #5306, #791, #4781 ) ;
#2883 = CARTESIAN_POINT ( 'NONE',  ( 3.125000000000000000, 0.5000000000000000000, 2.024999999999999911 ) ) ;
#2884 = ORIENTED_EDGE ( 'NONE', *, *, #1788, .F. ) ;
#2885 = DIRECTION ( 'NONE',  ( 1.000000000000000000, 0.0000000000000000000, 0.0000000000000000000 ) ) ;
#2886 = FACE_OUTER_BOUND ( 'NONE', #5210, .T. ) ;
#2887 = VERTEX_POINT ( 'NONE', #3396 ) ;
#2888 = CARTESIAN_POINT ( 'NONE',  ( 3.525000000000000355, 3.599999999999999201, -0.07500000000000128786 ) ) ;
#2889 = ORIENTED_EDGE ( 'NONE', *, *, #6065, .F. ) ;
#2890 = ORIENTED_EDGE ( 'NONE', *, *, #2549, .T. ) ;
#2891 = ADVANCED_FACE ( 'NONE', ( #5800 ), #5347, .T. ) ;
#2892 = AXIS2_PLACEMENT_3D ( 'NONE', #6126, #5153, #3227 ) ;
#2893 = FACE_OUTER_BOUND ( 'NONE', #4206, .T. ) ;
#2894 = ORIENTED_EDGE ( 'NONE', *, *, #2240, .T. ) ;
#2895 = VERTEX_POINT ( 'NONE', #4346 ) ;
#2896 = LINE ( 'NONE', #5721, #1906 ) ;
#2897 = CARTESIAN_POINT ( 'NONE',  ( 1.675000000000000044, 1.850000000000000089, 2.024999999999999911 ) ) ;
#2898 = ORIENTED_EDGE ( 'NONE', *, *, #5972, .F. ) ;
#2899 = DIRECTION ( 'NONE',  ( -1.000000000000000000, 0.0000000000000000000, 0.0000000000000000000 ) ) ;
#2900 = VERTEX_POINT ( 'NONE', #5754 ) ;
#2901 = SURFACE_STYLE_FILL_AREA ( #1486 ) ;
#2902 = EDGE_CURVE ( 'NONE', #4313, #1927, #1275, .T. ) ;
#2903 = VECTOR ( 'NONE', #5593, 1000.000000000000000 ) ;
#2904 = CARTESIAN_POINT ( 'NONE',  ( 3.725000000000000533, 1.999999999999998668, -1.425000000000000933 ) ) ;
#2905 = ORIENTED_EDGE ( 'NONE', *, *, #2556, .F. ) ;
#2906 =( NAMED_UNIT ( * ) PLANE_ANGLE_UNIT ( ) SI_UNIT ( $, .RADIAN. ) );
#2907 = EDGE_CURVE ( 'NONE', #3183, #6006, #5653, .T. ) ;
#2908 = ORIENTED_EDGE ( 'NONE', *, *, #5036, .T. ) ;
#2909 = DIRECTION ( 'NONE',  ( 0.0000000000000000000, 1.000000000000000000, 0.0000000000000000000 ) ) ;
#2910 = LINE ( 'NONE', #4352, #887 ) ;
#2911 = ORIENTED_EDGE ( 'NONE', *, *, #4213, .F. ) ;
#2912 = ORIENTED_EDGE ( 'NONE', *, *, #5758, .F. ) ;
#2913 = FACE_OUTER_BOUND ( 'NONE', #1254, .T. ) ;
#2914 = DIRECTION ( 'NONE',  ( 0.0000000000000000000, 0.0000000000000000000, -1.000000000000000000 ) ) ;
#2915 = VECTOR ( 'NONE', #2337, 1000.000000000000114 ) ;
#2916 = ORIENTED_EDGE ( 'NONE', *, *, #4712, .F. ) ;
#2917 = LINE ( 'NONE', #3428, #4819 ) ;
#2918 = ORIENTED_EDGE ( 'NONE', *, *, #5166, .T. ) ;
#2919 = DIRECTION ( 'NONE',  ( 1.000000000000000000, 0.0000000000000000000, 0.0000000000000000000 ) ) ;
#2920 = AXIS2_PLACEMENT_3D ( 'NONE', #1073, #3056, #5521 ) ;
#2921 = LINE ( 'NONE', #3327, #6119 ) ;
#2922 = ORIENTED_EDGE ( 'NONE', *, *, #1226, .T. ) ;
#2923 = ADVANCED_FACE ( 'NONE', ( #5509 ), #879, .F. ) ;
#2924 = CLOSED_SHELL ( 'NONE', ( #2075, #522, #234, #1044, #2552, #4803, #5707, #1960, #1075, #5992, #2454, #3809, #975, #1294, #413, #2133, #2792, #2856 ) ) ;
#2925 = CARTESIAN_POINT ( 'NONE',  ( -0.4249999999999999889, 1.850000000000000089, -1.474999999999999867 ) ) ;
#2926 = VECTOR ( 'NONE', #3621, 1000.000000000000000 ) ;
#2927 = AXIS2_PLACEMENT_3D ( 'NONE', #3019, #462, #1013 ) ;
#2928 = DIRECTION ( 'NONE',  ( 0.0000000000000000000, 3.252606517456512513E-15, -1.000000000000000000 ) ) ;
#2929 = DIRECTION ( 'NONE',  ( 0.0000000000000000000, -0.9486832980505138790, -0.3162277660168379412 ) ) ;
#2930 = ORIENTED_EDGE ( 'NONE', *, *, #5405, .F. ) ;
#2931 = VECTOR ( 'NONE', #2577, 1000.000000000000000 ) ;
#2932 =( GEOMETRIC_REPRESENTATION_CONTEXT ( 3 ) GLOBAL_UNCERTAINTY_ASSIGNED_CONTEXT ( ( #2196 ) ) GLOBAL_UNIT_ASSIGNED_CONTEXT ( ( #4158, #1392, #4398 ) ) REPRESENTATION_CONTEXT ( 'NONE', 'WORKASPACE' ) );
#2933 = LINE ( 'NONE', #5365, #1372 ) ;
#2934 = DIRECTION ( 'NONE',  ( -0.0000000000000000000, -1.000000000000000000, -0.0000000000000000000 ) ) ;
#2935 = VECTOR ( 'NONE', #2785, 1000.000000000000000 ) ;
#2936 = VECTOR ( 'NONE', #596, 1000.000000000000000 ) ;
#2937 = EDGE_LOOP ( 'NONE', ( #1216, #5988, #917, #1134 ) ) ;
#2938 = DIRECTION ( 'NONE',  ( -0.0000000000000000000, 1.000000000000000000, 0.0000000000000000000 ) ) ;
#2939 = PLANE ( 'NONE',  #1733 ) ;
#2940 = VECTOR ( 'NONE', #89, 1000.000000000000000 ) ;
#2941 = ORIENTED_EDGE ( 'NONE', *, *, #1122, .F. ) ;
#2942 = CARTESIAN_POINT ( 'NONE',  ( -0.5250000000000000222, 1.000000000000000000, -1.525000000000000133 ) ) ;
#2943 = DIRECTION ( 'NONE',  ( -1.000000000000000000, 0.0000000000000000000, 0.0000000000000000000 ) ) ;
#2944 = CARTESIAN_POINT ( 'NONE',  ( -2.274999999999999911, 1.949999999999999512, 2.025000000000007017 ) ) ;
#2945 = CARTESIAN_POINT ( 'NONE',  ( 1.775000000000000133, 0.0000000000000000000, 2.024999999999999911 ) ) ;
#2946 = LINE ( 'NONE', #5765, #4620 ) ;
#2947 = ORIENTED_EDGE ( 'NONE', *, *, #5083, .T. ) ;
#2948 = EDGE_CURVE ( 'NONE', #5050, #4670, #4660, .T. ) ;
#2949 = PLANE ( 'NONE',  #80 ) ;
#2950 = LINE ( 'NONE', #2432, #6200 ) ;
#2951 = ORIENTED_EDGE ( 'NONE', *, *, #5565, .F. ) ;
#2952 = AXIS2_PLACEMENT_3D ( 'NONE', #5508, #4537, #2588 ) ;
#2953 = CARTESIAN_POINT ( 'NONE',  ( -2.875000000000000000, 0.6000000000000024203, 1.375000000000002442 ) ) ;
#2954 = EDGE_CURVE ( 'NONE', #572, #4559, #6172, .T. ) ;
#2955 = CARTESIAN_POINT ( 'NONE',  ( -2.274999999999999911, 1.999999999999998668, -1.425000000000000933 ) ) ;
#2956 = VECTOR ( 'NONE', #3902, 1000.000000000000000 ) ;
#2957 = EDGE_LOOP ( 'NONE', ( #3916, #3206, #2251, #3208 ) ) ;
#2958 = ADVANCED_FACE ( 'NONE', ( #1512 ), #5742, .T. ) ;
#2959 = PLANE ( 'NONE',  #44 ) ;
#2960 = EDGE_CURVE ( 'NONE', #829, #5123, #4138, .T. ) ;
#2961 = ORIENTED_EDGE ( 'NONE', *, *, #6140, .T. ) ;
#2962 = CARTESIAN_POINT ( 'NONE',  ( 4.125000000000000000, 1.000000000000000000, -1.525000000000000133 ) ) ;
#2963 = CARTESIAN_POINT ( 'NONE',  ( 1.975000000000000089, 1.795247431900000024, 2.024999999999999911 ) ) ;
#2964 = FACE_OUTER_BOUND ( 'NONE', #3461, .T. ) ;
#2965 = DIRECTION ( 'NONE',  ( 0.0000000000000000000, 1.000000000000000000, 0.0000000000000000000 ) ) ;
#2966 = LINE ( 'NONE', #4997, #5415 ) ;
#2967 = ORIENTED_EDGE ( 'NONE', *, *, #3174, .T. ) ;
#2968 = CARTESIAN_POINT ( 'NONE',  ( 0.5250000000000000222, 1.350000000000000089, -1.525000000000000133 ) ) ;
#2969 = DIRECTION ( 'NONE',  ( -0.0000000000000000000, 1.000000000000000000, 0.0000000000000000000 ) ) ;
#2970 = CARTESIAN_POINT ( 'NONE',  ( 1.985000000000000320, 1.000000000000000000, -1.525000000000000133 ) ) ;
#2971 = VERTEX_POINT ( 'NONE', #1404 ) ;
#2972 = DIRECTION ( 'NONE',  ( 1.000000000000000000, 0.0000000000000000000, 0.0000000000000000000 ) ) ;
#2973 = DIRECTION ( 'NONE',  ( 0.0000000000000000000, 0.0000000000000000000, -1.000000000000000000 ) ) ;
#2974 = CARTESIAN_POINT ( 'NONE',  ( -1.875000000000000000, 3.750000000000000000, 2.025999999999999801 ) ) ;
#2975 = EDGE_CURVE ( 'NONE', #5664, #4848, #2989, .T. ) ;
#2976 = PRESENTATION_STYLE_ASSIGNMENT (( #5490 ) ) ;
#2977 = ORIENTED_EDGE ( 'NONE', *, *, #5941, .T. ) ;
#2978 = AXIS2_PLACEMENT_3D ( 'NONE', #1380, #1479, #5368 ) ;
#2979 = ORIENTED_EDGE ( 'NONE', *, *, #4146, .T. ) ;
#2980 = UNCERTAINTY_MEASURE_WITH_UNIT (LENGTH_MEASURE( 1.000000000000000082E-05 ), #2618, 'distance_accuracy_value', 'NONE');
#2981 = EDGE_LOOP ( 'NONE', ( #4340, #273, #3967, #4902 ) ) ;
#2982 = ORIENTED_EDGE ( 'NONE', *, *, #1990, .F. ) ;
#2983 = CARTESIAN_POINT ( 'NONE',  ( 3.750000000000000444, 4.250000000000000000, -2.024999999999999911 ) ) ;
#2984 = DIRECTION ( 'NONE',  ( 0.0000000000000000000, 0.0000000000000000000, 1.000000000000000000 ) ) ;
#2985 = DIRECTION ( 'NONE',  ( 0.0000000000000000000, -1.000000000000000000, -3.212450881438532635E-15 ) ) ;
#2986 = LINE ( 'NONE', #3268, #6224 ) ;
#2987 = ORIENTED_EDGE ( 'NONE', *, *, #1766, .T. ) ;
#2988 = PLANE ( 'NONE',  #3484 ) ;
#2989 = LINE ( 'NONE', #3004, #3228 ) ;
#2990 = ORIENTED_EDGE ( 'NONE', *, *, #1660, .F. ) ;
#2991 = ORIENTED_EDGE ( 'NONE', *, *, #2750, .F. ) ;
#2992 = EDGE_CURVE ( 'NONE', #1807, #1673, #4209, .T. ) ;
#2993 = SURFACE_STYLE_FILL_AREA ( #983 ) ;
#2994 = CARTESIAN_POINT ( 'NONE',  ( 1.985000000000000320, 1.649999999999999911, -1.698606797699999893 ) ) ;
#2995 = EDGE_LOOP ( 'NONE', ( #2735, #2350, #6175, #5473 ) ) ;
#2996 = VERTEX_POINT ( 'NONE', #3450 ) ;
#2997 = DIRECTION ( 'NONE',  ( 0.0000000000000000000, -1.000000000000000000, 0.0000000000000000000 ) ) ;
#2998 = VECTOR ( 'NONE', #2189, 1000.000000000000000 ) ;
#2999 = DIRECTION ( 'NONE',  ( 0.0000000000000000000, -1.000000000000000000, 0.0000000000000000000 ) ) ;
#3000 = ADVANCED_FACE ( 'NONE', ( #2085 ), #3495, .T. ) ;
#3001 = CARTESIAN_POINT ( 'NONE',  ( 1.975000000000000089, 1.000000000000000000, 1.525000000000000133 ) ) ;
#3002 = ORIENTED_EDGE ( 'NONE', *, *, #2137, .T. ) ;
#3003 = CARTESIAN_POINT ( 'NONE',  ( -2.875000000000000000, 1.950000000000002176, 1.375000000000006883 ) ) ;
#3004 = CARTESIAN_POINT ( 'NONE',  ( 1.975000000000000089, 0.5000000000000000000, 0.0000000000000000000 ) ) ;
#3005 = ORIENTED_EDGE ( 'NONE', *, *, #4920, .F. ) ;
#3006 = EDGE_CURVE ( 'NONE', #3830, #4595, #5578, .T. ) ;
#3007 = LINE ( 'NONE', #3701, #6109 ) ;
#3008 = DIRECTION ( 'NONE',  ( 0.0000000000000000000, 0.0000000000000000000, 1.000000000000000000 ) ) ;
#3009 = CARTESIAN_POINT ( 'NONE',  ( -0.8249999999999999556, 1.850000000000000089, -1.474999999999999867 ) ) ;
#3010 = EDGE_CURVE ( 'NONE', #3755, #332, #417, .T. ) ;
#3011 = DIRECTION ( 'NONE',  ( 0.0000000000000000000, -1.000000000000000000, 0.0000000000000000000 ) ) ;
#3012 = VECTOR ( 'NONE', #2397, 1000.000000000000000 ) ;
#3013 = CARTESIAN_POINT ( 'NONE',  ( 4.125000000000000000, 0.6000000000000024203, 1.375000000000002442 ) ) ;
#3014 = VERTEX_POINT ( 'NONE', #1628 ) ;
#3015 = CARTESIAN_POINT ( 'NONE',  ( 0.7249999999999998668, 0.05000000000000002359, -1.524999999999999689 ) ) ;
#3016 = VERTEX_POINT ( 'NONE', #3587 ) ;
#3017 = CARTESIAN_POINT ( 'NONE',  ( -0.5150000000000000133, 1.850000000000000089, -1.025000000000000133 ) ) ;
#3018 = FACE_OUTER_BOUND ( 'NONE', #1854, .T. ) ;
#3019 = CARTESIAN_POINT ( 'NONE',  ( 1.975000000000000089, 0.0000000000000000000, 2.024999999999999911 ) ) ;
#3020 = VECTOR ( 'NONE', #6133, 1000.000000000000000 ) ;
#3021 = EDGE_CURVE ( 'NONE', #1326, #2617, #5042, .T. ) ;
#3022 = CARTESIAN_POINT ( 'NONE',  ( 4.125000000000000000, 1.950000000000002176, 1.375000000000006883 ) ) ;
#3023 = AXIS2_PLACEMENT_3D ( 'NONE', #4814, #3956, #4911 ) ;
#3024 = CARTESIAN_POINT ( 'NONE',  ( 0.7250000000000000888, 0.05000000000000002359, -1.524999999999999689 ) ) ;
#3025 = CARTESIAN_POINT ( 'NONE',  ( 1.974999999999999867, 0.3499999999999999778, -2.075000000000000178 ) ) ;
#3026 = DIRECTION ( 'NONE',  ( 0.0000000000000000000, 0.0000000000000000000, 1.000000000000000000 ) ) ;
#3027 = DIRECTION ( 'NONE',  ( 0.0000000000000000000, 0.0000000000000000000, -1.000000000000000000 ) ) ;
#3028 = CARTESIAN_POINT ( 'NONE',  ( 3.125000000000000000, 2.550000000000000266, 2.024999999999999911 ) ) ;
#3029 = PLANE ( 'NONE',  #639 ) ;
#3030 = LINE ( 'NONE', #5476, #363 ) ;
#3031 = PRESENTATION_LAYER_ASSIGNMENT (  '', '', ( #6150 ) ) ;
#3032 = DIRECTION ( 'NONE',  ( 0.0000000000000000000, 1.084202172485501673E-15, 1.000000000000000000 ) ) ;
#3033 = DIRECTION ( 'NONE',  ( 0.0000000000000000000, -0.6650335612228979176, -0.7468134723257140450 ) ) ;
#3034 = ORIENTED_EDGE ( 'NONE', *, *, #5840, .F. ) ;
#3035 = AXIS2_PLACEMENT_3D ( 'NONE', #4043, #4505, #3525 ) ;
#3036 = LINE ( 'NONE', #4236, #48 ) ;
#3037 = ADVANCED_FACE ( 'NONE', ( #4348 ), #118, .F. ) ;
#3038 = CARTESIAN_POINT ( 'NONE',  ( 0.0000000000000000000, 0.0000000000000000000, -1.925000000000000044 ) ) ;
#3039 = LINE ( 'NONE', #6026, #2411 ) ;
#3040 = ORIENTED_EDGE ( 'NONE', *, *, #577, .F. ) ;
#3041 = ORIENTED_EDGE ( 'NONE', *, *, #1328, .T. ) ;
#3042 = FACE_OUTER_BOUND ( 'NONE', #1223, .T. ) ;
#3043 = VERTEX_POINT ( 'NONE', #4826 ) ;
#3044 = EDGE_CURVE ( 'NONE', #6151, #3570, #5359, .T. ) ;
#3045 = CARTESIAN_POINT ( 'NONE',  ( 0.5250000000000000222, 0.0000000000000000000, 2.024999999999999911 ) ) ;
#3046 =( LENGTH_UNIT ( ) NAMED_UNIT ( * ) SI_UNIT ( .MILLI., .METRE. ) );
#3047 = VECTOR ( 'NONE', #403, 1000.000000000000000 ) ;
#3048 = ORIENTED_EDGE ( 'NONE', *, *, #1361, .T. ) ;
#3049 = CARTESIAN_POINT ( 'NONE',  ( 0.7250000000000000888, 0.3500000000000000333, -2.024999999999999911 ) ) ;
#3050 = EDGE_CURVE ( 'NONE', #5924, #3425, #3607, .T. ) ;
#3051 = SURFACE_STYLE_FILL_AREA ( #282 ) ;
#3052 = VERTEX_POINT ( 'NONE', #5310 ) ;
#3053 = PLANE ( 'NONE',  #5135 ) ;
#3054 = ORIENTED_EDGE ( 'NONE', *, *, #5574, .T. ) ;
#3055 = CARTESIAN_POINT ( 'NONE',  ( -2.274999999999999911, 3.600000000000000977, -0.07499999999999998335 ) ) ;
#3056 = DIRECTION ( 'NONE',  ( 0.0000000000000000000, 0.0000000000000000000, -1.000000000000000000 ) ) ;
#3057 = VECTOR ( 'NONE', #3008, 1000.000000000000000 ) ;
#3058 = EDGE_CURVE ( 'NONE', #4583, #3709, #501, .T. ) ;
#3059 =( LENGTH_UNIT ( ) NAMED_UNIT ( * ) SI_UNIT ( .MILLI., .METRE. ) );
#3060 = VECTOR ( 'NONE', #3986, 1000.000000000000000 ) ;
#3061 = ORIENTED_EDGE ( 'NONE', *, *, #3211, .T. ) ;
#3062 = CARTESIAN_POINT ( 'NONE',  ( 1.975000000000000089, 0.05000000000000002359, -1.524999999999999689 ) ) ;
#3063 = VERTEX_POINT ( 'NONE', #5419 ) ;
#3064 = ORIENTED_EDGE ( 'NONE', *, *, #97, .F. ) ;
#3065 = ORIENTED_EDGE ( 'NONE', *, *, #1660, .T. ) ;
#3066 = CARTESIAN_POINT ( 'NONE',  ( 2.625000000000000000, 3.750000000000000000, 2.024999999999999911 ) ) ;
#3067 = CARTESIAN_POINT ( 'NONE',  ( -1.175000000000000044, 1.850000000000000089, -1.474999999999999867 ) ) ;
#3068 = DIRECTION ( 'NONE',  ( 0.0000000000000000000, 1.000000000000000000, 0.0000000000000000000 ) ) ;
#3069 = ADVANCED_FACE ( 'NONE', ( #962 ), #4005, .F. ) ;
#3070 = VERTEX_POINT ( 'NONE', #957 ) ;
#3071 = DIRECTION ( 'NONE',  ( -1.000000000000000000, 0.0000000000000000000, 0.0000000000000000000 ) ) ;
#3072 = AXIS2_PLACEMENT_3D ( 'NONE', #3213, #5160, #5650 ) ;
#3073 = LINE ( 'NONE', #3958, #1741 ) ;
#3074 = STYLED_ITEM ( 'NONE', ( #3351 ), #4455 ) ;
#3075 = VERTEX_POINT ( 'NONE', #3416 ) ;
#3076 = LINE ( 'NONE', #492, #5291 ) ;
#3077 = ORIENTED_EDGE ( 'NONE', *, *, #1754, .T. ) ;
#3078 = VECTOR ( 'NONE', #1615, 1000.000000000000000 ) ;
#3079 = EDGE_LOOP ( 'NONE', ( #2469, #4662, #1010, #2748 ) ) ;
#3080 = DIRECTION ( 'NONE',  ( 0.0000000000000000000, 0.0000000000000000000, -1.000000000000000000 ) ) ;
#3081 = ORIENTED_EDGE ( 'NONE', *, *, #5766, .F. ) ;
#3082 = LINE ( 'NONE', #2808, #3851 ) ;
#3083 = CARTESIAN_POINT ( 'NONE',  ( 1.985000000000000320, 1.850000000000000089, -1.025000000000000133 ) ) ;
#3084 = VECTOR ( 'NONE', #870, 1000.000000000000000 ) ;
#3085 = VECTOR ( 'NONE', #425, 1000.000000000000000 ) ;
#3086 = EDGE_CURVE ( 'NONE', #269, #90, #2828, .T. ) ;
#3087 = PLANE ( 'NONE',  #5825 ) ;
#3088 = VECTOR ( 'NONE', #100, 1000.000000000000000 ) ;
#3089 = CARTESIAN_POINT ( 'NONE',  ( 0.5249999999999999112, 0.05000000000000002359, -1.775000000000000133 ) ) ;
#3090 = CARTESIAN_POINT ( 'NONE',  ( 0.7249999999999998668, -0.6500000000000000222, -1.775000000000000133 ) ) ;
#3091 = PLANE ( 'NONE',  #3640 ) ;
#3092 =( GEOMETRIC_REPRESENTATION_CONTEXT ( 3 ) GLOBAL_UNCERTAINTY_ASSIGNED_CONTEXT ( ( #2318 ) ) GLOBAL_UNIT_ASSIGNED_CONTEXT ( ( #763, #326, #1864 ) ) REPRESENTATION_CONTEXT ( 'NONE', 'WORKASPACE' ) );
#3093 = EDGE_CURVE ( 'NONE', #4696, #1577, #246, .T. ) ;
#3094 = PRESENTATION_STYLE_ASSIGNMENT (( #606 ) ) ;
#3095 = ORIENTED_EDGE ( 'NONE', *, *, #1342, .F. ) ;
#3096 = DIRECTION ( 'NONE',  ( 1.000000000000000000, 0.0000000000000000000, 0.0000000000000000000 ) ) ;
#3097 = ORIENTED_EDGE ( 'NONE', *, *, #5049, .F. ) ;
#3098 = EDGE_CURVE ( 'NONE', #2589, #3985, #723, .T. ) ;
#3099 = VERTEX_POINT ( 'NONE', #217 ) ;
#3100 = ADVANCED_FACE ( 'NONE', ( #4428 ), #5175, .F. ) ;
#3101 = LINE ( 'NONE', #125, #2174 ) ;
#3102 = CARTESIAN_POINT ( 'NONE',  ( -1.175000000000000044, 1.850000000000000089, -1.474999999999999867 ) ) ;
#3103 = FACE_OUTER_BOUND ( 'NONE', #4057, .T. ) ;
#3104 = FACE_OUTER_BOUND ( 'NONE', #912, .T. ) ;
#3105 = EDGE_CURVE ( 'NONE', #3286, #4644, #330, .T. ) ;
#3106 = COLOUR_RGB ( '',1.000000000000000000, 1.000000000000000000, 1.000000000000000000 ) ;
#3107 = CARTESIAN_POINT ( 'NONE',  ( 3.525000000000000355, 1.980741759643274369, -1.925000000000000711 ) ) ;
#3108 = MECHANICAL_DESIGN_GEOMETRIC_PRESENTATION_REPRESENTATION (  '', ( #1769 ), #4726 ) ;
#3109 = CARTESIAN_POINT ( 'NONE',  ( -0.7349999999999999867, 1.000000000000000000, -1.525000000000000133 ) ) ;
#3110 = CARTESIAN_POINT ( 'NONE',  ( -0.7349999999999999867, 1.649999999999999911, -1.025000000000000133 ) ) ;
#3111 = VECTOR ( 'NONE', #2546, 1000.000000000000000 ) ;
#3112 = ORIENTED_EDGE ( 'NONE', *, *, #907, .T. ) ;
#3113 = DIRECTION ( 'NONE',  ( 1.000000000000000000, 0.0000000000000000000, 0.0000000000000000000 ) ) ;
#3114 = SURFACE_STYLE_FILL_AREA ( #2025 ) ;
#3115 = EDGE_LOOP ( 'NONE', ( #633, #5795, #5109, #835 ) ) ;
#3116 = DIRECTION ( 'NONE',  ( 0.0000000000000000000, 1.000000000000000000, -1.084202172485501673E-15 ) ) ;
#3117 = LINE ( 'NONE', #5446, #1394 ) ;
#3118 = EDGE_LOOP ( 'NONE', ( #5081, #2894, #5348, #1948 ) ) ;
#3119 = AXIS2_PLACEMENT_3D ( 'NONE', #608, #5126, #2621 ) ;
#3120 = VECTOR ( 'NONE', #5253, 1000.000000000000000 ) ;
#3121 = ORIENTED_EDGE ( 'NONE', *, *, #1418, .F. ) ;
#3122 = DIRECTION ( 'NONE',  ( 1.000000000000000000, 0.0000000000000000000, 0.0000000000000000000 ) ) ;
#3123 = PRESENTATION_STYLE_ASSIGNMENT (( #4319 ) ) ;
#3124 = EDGE_CURVE ( 'NONE', #5776, #968, #5277, .T. ) ;
#3125 = DIRECTION ( 'NONE',  ( 0.0000000000000000000, -1.084202172485501673E-15, -1.000000000000000000 ) ) ;
#3126 = VECTOR ( 'NONE', #2009, 1000.000000000000000 ) ;
#3127 = EDGE_LOOP ( 'NONE', ( #5723, #19, #6318, #3151, #2789, #2598, #6288 ) ) ;
#3128 = EDGE_CURVE ( 'NONE', #3676, #5996, #3918, .T. ) ;
#3129 = DIRECTION ( 'NONE',  ( 0.0000000000000000000, 0.0000000000000000000, 1.000000000000000000 ) ) ;
#3130 = ORIENTED_EDGE ( 'NONE', *, *, #2954, .F. ) ;
#3131 = EDGE_LOOP ( 'NONE', ( #4489, #1552, #4870, #5710 ) ) ;
#3132 = VERTEX_POINT ( 'NONE', #3819 ) ;
#3133 = ADVANCED_FACE ( 'NONE', ( #3149 ), #1829, .T. ) ;
#3134 = LINE ( 'NONE', #3624, #5559 ) ;
#3135 = EDGE_CURVE ( 'NONE', #2887, #1248, #2459, .T. ) ;
#3136 = EDGE_LOOP ( 'NONE', ( #6206, #4748, #5735, #356 ) ) ;
#3137 = PLANE ( 'NONE',  #4498 ) ;
#3138 = EDGE_LOOP ( 'NONE', ( #3130, #1708, #1467, #1276, #5670, #6319, #4935, #4635 ) ) ;
#3139 = PLANE ( 'NONE',  #3572 ) ;
#3140 = FACE_OUTER_BOUND ( 'NONE', #4815, .T. ) ;
#3141 = ORIENTED_EDGE ( 'NONE', *, *, #5927, .T. ) ;
#3142 = ORIENTED_EDGE ( 'NONE', *, *, #1857, .F. ) ;
#3143 = ORIENTED_EDGE ( 'NONE', *, *, #5845, .F. ) ;
#3144 = CARTESIAN_POINT ( 'NONE',  ( 1.985000000000000320, 1.850000000000000089, -1.025000000000000133 ) ) ;
#3145 = CARTESIAN_POINT ( 'NONE',  ( 0.7250000000000000888, 1.850000000000000089, 2.024999999999999911 ) ) ;
#3146 =( NAMED_UNIT ( * ) PLANE_ANGLE_UNIT ( ) SI_UNIT ( $, .RADIAN. ) );
#3147 = ORIENTED_EDGE ( 'NONE', *, *, #2718, .T. ) ;
#3148 = CARTESIAN_POINT ( 'NONE',  ( 3.525000000000000355, 4.249999999999998224, -2.075000000000001510 ) ) ;
#3149 = FACE_OUTER_BOUND ( 'NONE', #4770, .T. ) ;
#3150 =( NAMED_UNIT ( * ) SI_UNIT ( $, .STERADIAN. ) SOLID_ANGLE_UNIT ( ) );
#3151 = ORIENTED_EDGE ( 'NONE', *, *, #734, .T. ) ;
#3152 = STYLED_ITEM ( 'NONE', ( #615 ), #705 ) ;
#3153 = VERTEX_POINT ( 'NONE', #584 ) ;
#3154 = CARTESIAN_POINT ( 'NONE',  ( -1.375000000000000000, 3.149999999999999911, 0.02500000000000000139 ) ) ;
#3155 = CARTESIAN_POINT ( 'NONE',  ( 1.775000000000000133, 1.649999999999999911, -1.474999999999999867 ) ) ;
#3156 = VECTOR ( 'NONE', #928, 1000.000000000000000 ) ;
#3157 = VECTOR ( 'NONE', #4308, 1000.000000000000000 ) ;
#3158 = EDGE_LOOP ( 'NONE', ( #459, #3760, #5702, #1279, #1085, #3532, #656, #687, #324, #960, #5272, #2961, #5054, #3347, #5627, #4012, #4224, #2884, #2258, #2068, #2787, #4418, #5404, #1416 ) ) ;
#3159 = LINE ( 'NONE', #733, #4215 ) ;
#3160 = VERTEX_POINT ( 'NONE', #3110 ) ;
#3161 = DIRECTION ( 'NONE',  ( -0.0000000000000000000, 1.000000000000000000, 0.0000000000000000000 ) ) ;
#3162 = DIRECTION ( 'NONE',  ( 0.0000000000000000000, 0.0000000000000000000, 1.000000000000000000 ) ) ;
#3163 = VERTEX_POINT ( 'NONE', #1210 ) ;
#3164 = LINE ( 'NONE', #423, #1841 ) ;
#3165 = LINE ( 'NONE', #6221, #987 ) ;
#3166 = ORIENTED_EDGE ( 'NONE', *, *, #1792, .F. ) ;
#3167 = EDGE_CURVE ( 'NONE', #2971, #2900, #579, .T. ) ;
#3168 = VECTOR ( 'NONE', #4070, 1000.000000000000000 ) ;
#3169 = CARTESIAN_POINT ( 'NONE',  ( -0.7249999999999999778, 1.649999999999999911, -1.698606797699999893 ) ) ;
#3170 = VECTOR ( 'NONE', #239, 1000.000000000000000 ) ;
#3171 = VERTEX_POINT ( 'NONE', #2063 ) ;
#3172 = DIRECTION ( 'NONE',  ( 0.0000000000000000000, 1.000000000000000000, 0.0000000000000000000 ) ) ;
#3173 = VECTOR ( 'NONE', #3513, 1000.000000000000000 ) ;
#3174 = EDGE_CURVE ( 'NONE', #628, #5089, #4076, .T. ) ;
#3175 = CARTESIAN_POINT ( 'NONE',  ( 0.5250000000000000222, 0.0000000000000000000, -2.024999999999999911 ) ) ;
#3176 = ORIENTED_EDGE ( 'NONE', *, *, #4387, .T. ) ;
#3177 = LINE ( 'NONE', #1008, #533 ) ;
#3178 = CARTESIAN_POINT ( 'NONE',  ( -1.375000000000000000, 3.750000000000000000, -2.024999999999999911 ) ) ;
#3179 = DIRECTION ( 'NONE',  ( -1.000000000000000000, 0.0000000000000000000, 0.0000000000000000000 ) ) ;
#3180 = CARTESIAN_POINT ( 'NONE',  ( 0.7250000000000000888, -0.6500000000000000222, -2.075000000000000178 ) ) ;
#3181 = CARTESIAN_POINT ( 'NONE',  ( -0.7349999999999999867, 1.649999999999999911, -1.474999999999999867 ) ) ;
#3182 = FACE_OUTER_BOUND ( 'NONE', #334, .T. ) ;
#3183 = VERTEX_POINT ( 'NONE', #743 ) ;
#3184 = PRESENTATION_LAYER_ASSIGNMENT (  '', '', ( #4163 ) ) ;
#3185 = LINE ( 'NONE', #5950, #3721 ) ;
#3186 = VERTEX_POINT ( 'NONE', #3756 ) ;
#3187 = PLANE ( 'NONE',  #5590 ) ;
#3188 = CARTESIAN_POINT ( 'NONE',  ( -2.274999999999999911, 2.000000000000000000, -1.425000000000000044 ) ) ;
#3189 = AXIS2_PLACEMENT_3D ( 'NONE', #4226, #1771, #6168 ) ;
#3190 = CARTESIAN_POINT ( 'NONE',  ( 4.125000000000000000, 1.000000000000000000, -2.024999999999999911 ) ) ;
#3191 = DIRECTION ( 'NONE',  ( 0.0000000000000000000, 3.252606517456512119E-15, -1.000000000000000000 ) ) ;
#3192 = LINE ( 'NONE', #4926, #2956 ) ;
#3193 = VECTOR ( 'NONE', #1702, 1000.000000000000000 ) ;
#3194 = ORIENTED_EDGE ( 'NONE', *, *, #4115, .F. ) ;
#3195 = CARTESIAN_POINT ( 'NONE',  ( 1.775000000000000133, 1.000000000000000000, 1.525000000000000133 ) ) ;
#3196 = ADVANCED_FACE ( 'NONE', ( #5207 ), #256, .F. ) ;
#3197 = CARTESIAN_POINT ( 'NONE',  ( -1.624999999999999778, 4.250000000000000000, 2.024999999999999911 ) ) ;
#3198 = AXIS2_PLACEMENT_3D ( 'NONE', #2820, #2418, #3311 ) ;
#3199 = ORIENTED_EDGE ( 'NONE', *, *, #994, .T. ) ;
#3200 = DIRECTION ( 'NONE',  ( -0.0000000000000000000, 1.000000000000000000, -0.0000000000000000000 ) ) ;
#3201 = CARTESIAN_POINT ( 'NONE',  ( 0.07500000000000019151, 1.850000000000000089, 2.024999999999999911 ) ) ;
#3202 = PRESENTATION_STYLE_ASSIGNMENT (( #753 ) ) ;
#3203 = EDGE_CURVE ( 'NONE', #1419, #1057, #6029, .T. ) ;
#3204 = DIRECTION ( 'NONE',  ( 0.0000000000000000000, 1.000000000000000000, 0.0000000000000000000 ) ) ;
#3205 = FACE_OUTER_BOUND ( 'NONE', #2476, .T. ) ;
#3206 = ORIENTED_EDGE ( 'NONE', *, *, #155, .F. ) ;
#3207 =( GEOMETRIC_REPRESENTATION_CONTEXT ( 3 ) GLOBAL_UNCERTAINTY_ASSIGNED_CONTEXT ( ( #2980 ) ) GLOBAL_UNIT_ASSIGNED_CONTEXT ( ( #2618, #1190, #1631 ) ) REPRESENTATION_CONTEXT ( 'NONE', 'WORKASPACE' ) );
#3208 = ORIENTED_EDGE ( 'NONE', *, *, #2058, .T. ) ;
#3209 = LINE ( 'NONE', #3713, #4414 ) ;
#3210 = EDGE_LOOP ( 'NONE', ( #4540, #5645, #420, #2977 ) ) ;
#3211 = EDGE_CURVE ( 'NONE', #2091, #4910, #2757, .T. ) ;
#3212 = DIRECTION ( 'NONE',  ( 0.0000000000000000000, 0.0000000000000000000, -1.000000000000000000 ) ) ;
#3213 = CARTESIAN_POINT ( 'NONE',  ( 1.250000000000000222, 4.250000000000000000, 0.0000000000000000000 ) ) ;
#3214 = VERTEX_POINT ( 'NONE', #963 ) ;
#3215 = DIRECTION ( 'NONE',  ( 0.0000000000000000000, -1.000000000000000000, 0.0000000000000000000 ) ) ;
#3216 = CARTESIAN_POINT ( 'NONE',  ( 0.7249999999999998668, 0.3499999999999999778, -2.075000000000000178 ) ) ;
#3217 = EDGE_CURVE ( 'NONE', #1397, #3755, #4579, .T. ) ;
#3218 = DIRECTION ( 'NONE',  ( 0.0000000000000000000, 0.6650335612228979176, -0.7468134723257140450 ) ) ;
#3219 = PRESENTATION_STYLE_ASSIGNMENT (( #1762 ) ) ;
#3220 = ORIENTED_EDGE ( 'NONE', *, *, #3797, .F. ) ;
#3221 = FILL_AREA_STYLE_COLOUR ( '', #1152 ) ;
#3222 = VECTOR ( 'NONE', #3290, 1000.000000000000000 ) ;
#3223 = DIRECTION ( 'NONE',  ( -1.000000000000000000, 0.0000000000000000000, 0.0000000000000000000 ) ) ;
#3224 = CARTESIAN_POINT ( 'NONE',  ( -2.875000000000000000, 4.250000000000000000, 2.024999999999999911 ) ) ;
#3225 = VERTEX_POINT ( 'NONE', #3181 ) ;
#3226 = EDGE_CURVE ( 'NONE', #4949, #316, #1822, .T. ) ;
#3227 = DIRECTION ( 'NONE',  ( 0.0000000000000000000, 0.0000000000000000000, -1.000000000000000000 ) ) ;
#3228 = VECTOR ( 'NONE', #923, 1000.000000000000000 ) ;
#3229 = ORIENTED_EDGE ( 'NONE', *, *, #4513, .T. ) ;
#3230 = ORIENTED_EDGE ( 'NONE', *, *, #6320, .T. ) ;
#3231 = EDGE_LOOP ( 'NONE', ( #1555, #5757, #2447, #3609 ) ) ;
#3232 = VECTOR ( 'NONE', #3768, 1000.000000000000000 ) ;
#3233 = SURFACE_SIDE_STYLE ('',( #4855 ) ) ;
#3234 = ORIENTED_EDGE ( 'NONE', *, *, #2301, .T. ) ;
#3235 = VECTOR ( 'NONE', #4425, 1000.000000000000000 ) ;
#3236 = AXIS2_PLACEMENT_3D ( 'NONE', #839, #3354, #5309 ) ;
#3237 = LINE ( 'NONE', #6347, #590 ) ;
#3238 = DIRECTION ( 'NONE',  ( -1.000000000000000000, 0.0000000000000000000, 0.0000000000000000000 ) ) ;
#3239 = PRESENTATION_LAYER_ASSIGNMENT (  '', '', ( #349 ) ) ;
#3240 = VECTOR ( 'NONE', #1427, 1000.000000000000000 ) ;
#3241 = ORIENTED_EDGE ( 'NONE', *, *, #616, .F. ) ;
#3242 = DIRECTION ( 'NONE',  ( 0.0000000000000000000, 0.0000000000000000000, 1.000000000000000000 ) ) ;
#3243 = VERTEX_POINT ( 'NONE', #2138 ) ;
#3244 = VECTOR ( 'NONE', #3251, 1000.000000000000000 ) ;
#3245 = EDGE_CURVE ( 'NONE', #3694, #2728, #956, .T. ) ;
#3246 = FILL_AREA_STYLE ('',( #6137 ) ) ;
#3247 = LINE ( 'NONE', #1320, #666 ) ;
#3248 = EDGE_LOOP ( 'NONE', ( #1655, #476, #1590, #3682 ) ) ;
#3249 = ORIENTED_EDGE ( 'NONE', *, *, #91, .F. ) ;
#3250 = DIRECTION ( 'NONE',  ( 1.000000000000000000, 0.0000000000000000000, 0.0000000000000000000 ) ) ;
#3251 = DIRECTION ( 'NONE',  ( 0.0000000000000000000, 1.000000000000000000, 0.0000000000000000000 ) ) ;
#3252 = DIRECTION ( 'NONE',  ( 0.0000000000000000000, 0.7468134723257140450, -0.6650335612228979176 ) ) ;
#3253 = EDGE_CURVE ( 'NONE', #493, #406, #790, .T. ) ;
#3254 = EDGE_CURVE ( 'NONE', #1902, #6076, #6305, .T. ) ;
#3255 = ORIENTED_EDGE ( 'NONE', *, *, #978, .T. ) ;
#3256 = LINE ( 'NONE', #2656, #604 ) ;
#3257 = FACE_OUTER_BOUND ( 'NONE', #2131, .T. ) ;
#3258 = PLANE ( 'NONE',  #3400 ) ;
#3259 = CARTESIAN_POINT ( 'NONE',  ( -1.375000000000000000, 3.149999999999999911, 0.02500000000000000139 ) ) ;
#3260 = VECTOR ( 'NONE', #5065, 1000.000000000000000 ) ;
#3261 = ORIENTED_EDGE ( 'NONE', *, *, #662, .T. ) ;
#3262 = DIRECTION ( 'NONE',  ( 0.0000000000000000000, 0.0000000000000000000, 1.000000000000000000 ) ) ;
#3263 = UNCERTAINTY_MEASURE_WITH_UNIT (LENGTH_MEASURE( 1.000000000000000082E-05 ), #4309, 'distance_accuracy_value', 'NONE');
#3264 = PLANE ( 'NONE',  #5789 ) ;
#3265 = ADVANCED_FACE ( 'NONE', ( #2538 ), #3317, .T. ) ;
#3266 = VECTOR ( 'NONE', #1101, 1000.000000000000000 ) ;
#3267 = VECTOR ( 'NONE', #1466, 1000.000000000000000 ) ;
#3268 = CARTESIAN_POINT ( 'NONE',  ( 4.125000000000000000, 4.250000000000000000, -0.07499999999999998335 ) ) ;
#3269 = AXIS2_PLACEMENT_3D ( 'NONE', #1804, #1830, #3329 ) ;
#3270 = DIRECTION ( 'NONE',  ( 0.0000000000000000000, 0.0000000000000000000, 1.000000000000000000 ) ) ;
#3271 =( NAMED_UNIT ( * ) PLANE_ANGLE_UNIT ( ) SI_UNIT ( $, .RADIAN. ) );
#3272 = LINE ( 'NONE', #4753, #3120 ) ;
#3273 = ORIENTED_EDGE ( 'NONE', *, *, #3093, .T. ) ;
#3274 = AXIS2_PLACEMENT_3D ( 'NONE', #2484, #5922, #2005 ) ;
#3275 = CARTESIAN_POINT ( 'NONE',  ( -0.5250000000000000222, 1.850000000000000089, -1.698606797699999893 ) ) ;
#3276 = VECTOR ( 'NONE', #2440, 1000.000000000000000 ) ;
#3277 = EDGE_LOOP ( 'NONE', ( #1429, #484, #3320, #1915, #3299, #4656 ) ) ;
#3278 = FILL_AREA_STYLE_COLOUR ( '', #2055 ) ;
#3279 = LINE ( 'NONE', #5398, #2732 ) ;
#3280 = VERTEX_POINT ( 'NONE', #2658 ) ;
#3281 = LINE ( 'NONE', #2519, #3057 ) ;
#3282 =( LENGTH_UNIT ( ) NAMED_UNIT ( * ) SI_UNIT ( .MILLI., .METRE. ) );
#3283 = DIRECTION ( 'NONE',  ( 0.0000000000000000000, 0.0000000000000000000, -1.000000000000000000 ) ) ;
#3284 = PLANE ( 'NONE',  #1193 ) ;
#3285 = FACE_OUTER_BOUND ( 'NONE', #2369, .T. ) ;
#3286 = VERTEX_POINT ( 'NONE', #3789 ) ;
#3287 = PRODUCT_DEFINITION ( 'UNKNOWN', '', #1159, #401 ) ;
#3288 = ADVANCED_FACE ( 'NONE', ( #4502 ), #1855, .F. ) ;
#3289 = ORIENTED_EDGE ( 'NONE', *, *, #5621, .F. ) ;
#3290 = DIRECTION ( 'NONE',  ( -1.000000000000000000, 0.0000000000000000000, 0.0000000000000000000 ) ) ;
#3291 = CARTESIAN_POINT ( 'NONE',  ( 0.7250000000000000888, 0.0000000000000000000, 2.024999999999999911 ) ) ;
#3292 = CARTESIAN_POINT ( 'NONE',  ( 1.975000000000000089, 0.0000000000000000000, 2.024999999999999911 ) ) ;
#3293 = DIRECTION ( 'NONE',  ( 1.000000000000000000, 0.0000000000000000000, 0.0000000000000000000 ) ) ;
#3294 = LINE ( 'NONE', #1563, #487 ) ;
#3295 = EDGE_CURVE ( 'NONE', #4670, #3598, #6025, .T. ) ;
#3296 = ORIENTED_EDGE ( 'NONE', *, *, #5122, .T. ) ;
#3297 = CARTESIAN_POINT ( 'NONE',  ( -1.875000000000000000, 1.850000000000000089, 2.024999999999999911 ) ) ;
#3298 = ORIENTED_EDGE ( 'NONE', *, *, #2948, .T. ) ;
#3299 = ORIENTED_EDGE ( 'NONE', *, *, #5028, .T. ) ;
#3300 = AXIS2_PLACEMENT_3D ( 'NONE', #756, #1765, #291 ) ;
#3301 = ADVANCED_FACE ( 'NONE', ( #4071 ), #2842, .F. ) ;
#3302 = EDGE_CURVE ( 'NONE', #3606, #269, #5198, .T. ) ;
#3303 = DIRECTION ( 'NONE',  ( 0.0000000000000000000, -1.084202172485501673E-15, -1.000000000000000000 ) ) ;
#3304 = SURFACE_STYLE_FILL_AREA ( #3246 ) ;
#3305 = DIRECTION ( 'NONE',  ( -1.000000000000000000, -0.0000000000000000000, -0.0000000000000000000 ) ) ;
#3306 = EDGE_CURVE ( 'NONE', #3549, #779, #4204, .T. ) ;
#3307 = ORIENTED_EDGE ( 'NONE', *, *, #4954, .T. ) ;
#3308 = VECTOR ( 'NONE', #1199, 1000.000000000000114 ) ;
#3309 = DIRECTION ( 'NONE',  ( 1.000000000000000000, 0.0000000000000000000, 0.0000000000000000000 ) ) ;
#3310 = ORIENTED_EDGE ( 'NONE', *, *, #6266, .F. ) ;
#3311 = DIRECTION ( 'NONE',  ( 0.0000000000000000000, 0.0000000000000000000, -1.000000000000000000 ) ) ;
#3312 = ORIENTED_EDGE ( 'NONE', *, *, #3044, .F. ) ;
#3313 = VECTOR ( 'NONE', #1972, 1000.000000000000000 ) ;
#3314 = EDGE_CURVE ( 'NONE', #4773, #5057, #4960, .T. ) ;
#3315 = PLANE ( 'NONE',  #6304 ) ;
#3316 = ORIENTED_EDGE ( 'NONE', *, *, #775, .T. ) ;
#3317 = PLANE ( 'NONE',  #1682 ) ;
#3318 = PLANE ( 'NONE',  #4280 ) ;
#3319 = VECTOR ( 'NONE', #5642, 1000.000000000000000 ) ;
#3320 = ORIENTED_EDGE ( 'NONE', *, *, #1002, .T. ) ;
#3321 = VERTEX_POINT ( 'NONE', #6190 ) ;
#3322 = LINE ( 'NONE', #5261, #4220 ) ;
#3323 = CARTESIAN_POINT ( 'NONE',  ( 2.625000000000000000, 3.750000000000000000, 0.02500000000000000139 ) ) ;
#3324 = SURFACE_STYLE_FILL_AREA ( #5771 ) ;
#3325 = ORIENTED_EDGE ( 'NONE', *, *, #4225, .T. ) ;
#3326 = CARTESIAN_POINT ( 'NONE',  ( -2.274999999999999911, 4.249999999999998224, -2.075000000000001510 ) ) ;
#3327 = CARTESIAN_POINT ( 'NONE',  ( 3.706138830084190428, 2.750000000000000000, -0.4749999999999999778 ) ) ;
#3328 = ADVANCED_FACE ( 'NONE', ( #4000 ), #380, .T. ) ;
#3329 = DIRECTION ( 'NONE',  ( 0.0000000000000000000, -1.000000000000000000, -4.336808689942024836E-15 ) ) ;
#3330 = DIRECTION ( 'NONE',  ( 0.0000000000000000000, -1.000000000000000000, 0.0000000000000000000 ) ) ;
#3331 = EDGE_CURVE ( 'NONE', #5664, #4289, #4729, .T. ) ;
#3332 = LINE ( 'NONE', #3066, #2023 ) ;
#3333 = DIRECTION ( 'NONE',  ( -1.000000000000000000, -0.0000000000000000000, 0.0000000000000000000 ) ) ;
#3334 = DIRECTION ( 'NONE',  ( -1.000000000000000000, 0.0000000000000000000, 0.0000000000000000000 ) ) ;
#3335 = CARTESIAN_POINT ( 'NONE',  ( -1.875000000000000000, 2.550000000000000266, 2.024999999999999911 ) ) ;
#3336 = EDGE_CURVE ( 'NONE', #4877, #1353, #2896, .T. ) ;
#3337 = VECTOR ( 'NONE', #2985, 1000.000000000000000 ) ;
#3338 = EDGE_CURVE ( 'NONE', #3225, #3183, #240, .T. ) ;
#3339 = CARTESIAN_POINT ( 'NONE',  ( -1.875000000000000000, 3.149999999999999911, 0.02500000000000000139 ) ) ;
#3340 = ORIENTED_EDGE ( 'NONE', *, *, #5741, .T. ) ;
#3341 = LINE ( 'NONE', #6003, #760 ) ;
#3342 = UNCERTAINTY_MEASURE_WITH_UNIT (LENGTH_MEASURE( 1.000000000000000082E-05 ), #2496, 'distance_accuracy_value', 'NONE');
#3343 = VECTOR ( 'NONE', #515, 1000.000000000000000 ) ;
#3344 = ORIENTED_EDGE ( 'NONE', *, *, #4374, .T. ) ;
#3345 = FACE_OUTER_BOUND ( 'NONE', #3988, .T. ) ;
#3346 = EDGE_CURVE ( 'NONE', #3755, #5640, #3530, .T. ) ;
#3347 = ORIENTED_EDGE ( 'NONE', *, *, #1104, .T. ) ;
#3348 = DIRECTION ( 'NONE',  ( -1.000000000000000000, 0.0000000000000000000, 0.0000000000000000000 ) ) ;
#3349 =( GEOMETRIC_REPRESENTATION_CONTEXT ( 3 ) GLOBAL_UNCERTAINTY_ASSIGNED_CONTEXT ( ( #5522 ) ) GLOBAL_UNIT_ASSIGNED_CONTEXT ( ( #377, #875, #1401 ) ) REPRESENTATION_CONTEXT ( 'NONE', 'WORKASPACE' ) );
#3350 = DIRECTION ( 'NONE',  ( 1.000000000000000000, 0.0000000000000000000, 0.0000000000000000000 ) ) ;
#3351 = PRESENTATION_STYLE_ASSIGNMENT (( #4663 ) ) ;
#3352 = ORIENTED_EDGE ( 'NONE', *, *, #5248, .T. ) ;
#3353 = CARTESIAN_POINT ( 'NONE',  ( -0.5250000000000000222, 0.05000000000000002359, -1.524999999999999689 ) ) ;
#3354 = DIRECTION ( 'NONE',  ( -0.0000000000000000000, 1.000000000000000000, 0.0000000000000000000 ) ) ;
#3355 = VECTOR ( 'NONE', #2292, 1000.000000000000000 ) ;
#3356 = ADVANCED_FACE ( 'NONE', ( #4573, #5790 ), #4762, .F. ) ;
#3357 = CARTESIAN_POINT ( 'NONE',  ( -0.7249999999999999778, 1.350000000000000089, 1.525000000000000133 ) ) ;
#3358 = VECTOR ( 'NONE', #5881, 1000.000000000000000 ) ;
#3359 = ORIENTED_EDGE ( 'NONE', *, *, #2341, .T. ) ;
#3360 = DIRECTION ( 'NONE',  ( 1.000000000000000000, 0.0000000000000000000, 0.0000000000000000000 ) ) ;
#3361 = AXIS2_PLACEMENT_3D ( 'NONE', #3055, #4444, #1592 ) ;
#3362 = CARTESIAN_POINT ( 'NONE',  ( -0.5150000000000000133, 1.850000000000000089, -1.025000000000000133 ) ) ;
#3363 = VECTOR ( 'NONE', #1589, 1000.000000000000000 ) ;
#3364 = EDGE_LOOP ( 'NONE', ( #3779, #3199, #5402, #1251 ) ) ;
#3365 = VERTEX_POINT ( 'NONE', #1344 ) ;
#3366 = ORIENTED_EDGE ( 'NONE', *, *, #6127, .F. ) ;
#3367 = FACE_OUTER_BOUND ( 'NONE', #1828, .T. ) ;
#3368 = EDGE_LOOP ( 'NONE', ( #2442, #504, #2951, #3499, #1649, #2987 ) ) ;
#3369 = DIRECTION ( 'NONE',  ( 0.0000000000000000000, 0.0000000000000000000, -1.000000000000000000 ) ) ;
#3370 = CARTESIAN_POINT ( 'NONE',  ( -1.375000000000000000, 3.750000000000000000, 0.02500000000000000139 ) ) ;
#3371 = ORIENTED_EDGE ( 'NONE', *, *, #1307, .T. ) ;
#3372 =( LENGTH_UNIT ( ) NAMED_UNIT ( * ) SI_UNIT ( .MILLI., .METRE. ) );
#3373 = FILL_AREA_STYLE ('',( #5345 ) ) ;
#3374 = MECHANICAL_DESIGN_GEOMETRIC_PRESENTATION_REPRESENTATION (  '', ( #1360 ), #4779 ) ;
#3375 = VECTOR ( 'NONE', #4001, 1000.000000000000000 ) ;
#3376 = EDGE_CURVE ( 'NONE', #2895, #1597, #871, .T. ) ;
#3377 = DIRECTION ( 'NONE',  ( -1.000000000000000000, 0.0000000000000000000, 0.0000000000000000000 ) ) ;
#3378 = VERTEX_POINT ( 'NONE', #5245 ) ;
#3379 = EDGE_CURVE ( 'NONE', #2600, #4654, #2226, .T. ) ;
#3380 = DIRECTION ( 'NONE',  ( -0.0000000000000000000, -1.000000000000000000, -3.219646771412953967E-15 ) ) ;
#3381 = VECTOR ( 'NONE', #949, 1000.000000000000000 ) ;
#3382 = EDGE_LOOP ( 'NONE', ( #5453, #2404, #1496, #1474 ) ) ;
#3383 = ORIENTED_EDGE ( 'NONE', *, *, #1461, .F. ) ;
#3384 = VECTOR ( 'NONE', #4798, 1000.000000000000000 ) ;
#3385 = EDGE_CURVE ( 'NONE', #2359, #4949, #3073, .T. ) ;
#3386 = VECTOR ( 'NONE', #499, 1000.000000000000000 ) ;
#3387 =( LENGTH_UNIT ( ) NAMED_UNIT ( * ) SI_UNIT ( .MILLI., .METRE. ) );
#3388 = VERTEX_POINT ( 'NONE', #4389 ) ;
#3389 = VECTOR ( 'NONE', #758, 1000.000000000000000 ) ;
#3390 = CARTESIAN_POINT ( 'NONE',  ( 3.725000000000000533, 3.599999999999999201, -0.07500000000000128786 ) ) ;
#3391 = AXIS2_PLACEMENT_3D ( 'NONE', #4952, #5456, #5935 ) ;
#3392 = ADVANCED_FACE ( 'NONE', ( #2893 ), #1900, .T. ) ;
#3393 = SURFACE_SIDE_STYLE ('',( #5027 ) ) ;
#3394 = DIRECTION ( 'NONE',  ( 0.0000000000000000000, 1.000000000000000000, 0.0000000000000000000 ) ) ;
#3395 = LINE ( 'NONE', #5995, #3700 ) ;
#3396 = CARTESIAN_POINT ( 'NONE',  ( 3.725000000000000533, 4.249999999999992895, -0.07499999999999976130 ) ) ;
#3397 = LINE ( 'NONE', #4078, #350 ) ;
#3398 = ORIENTED_EDGE ( 'NONE', *, *, #5166, .F. ) ;
#3399 = DIRECTION ( 'NONE',  ( 0.0000000000000000000, -1.000000000000000000, 0.0000000000000000000 ) ) ;
#3400 = AXIS2_PLACEMENT_3D ( 'NONE', #3877, #5764, #2849 ) ;
#3401 = VECTOR ( 'NONE', #6139, 1000.000000000000000 ) ;
#3402 = PRESENTATION_LAYER_ASSIGNMENT (  '', '', ( #3074 ) ) ;
#3403 = CARTESIAN_POINT ( 'NONE',  ( -2.274999999999999911, 0.0000000000000000000, 0.0000000000000000000 ) ) ;
#3404 = LINE ( 'NONE', #4064, #4232 ) ;
#3405 = ORIENTED_EDGE ( 'NONE', *, *, #4705, .T. ) ;
#3406 = LINE ( 'NONE', #3891, #4615 ) ;
#3407 = DIRECTION ( 'NONE',  ( 0.0000000000000000000, -1.000000000000000000, 0.0000000000000000000 ) ) ;
#3408 = DIRECTION ( 'NONE',  ( -1.000000000000000000, 0.0000000000000000000, -8.673617379884027583E-16 ) ) ;
#3409 = EDGE_CURVE ( 'NONE', #2046, #3099, #866, .T. ) ;
#3410 = FACE_BOUND ( 'NONE', #4811, .T. ) ;
#3411 = CARTESIAN_POINT ( 'NONE',  ( 2.625000000000000000, 3.750000000000000000, 0.02500000000000000139 ) ) ;
#3412 = CARTESIAN_POINT ( 'NONE',  ( 4.125000000000000000, 4.250000000000000000, 2.024999999999999911 ) ) ;
#3413 = CARTESIAN_POINT ( 'NONE',  ( -0.8750000000000000000, 2.250000000000000000, -2.024999999999999911 ) ) ;
#3414 = VECTOR ( 'NONE', #4659, 1000.000000000000000 ) ;
#3415 = EDGE_CURVE ( 'NONE', #253, #3467, #4337, .T. ) ;
#3416 = CARTESIAN_POINT ( 'NONE',  ( -2.274999999999999911, 2.250000000000000000, -2.024999999999999911 ) ) ;
#3417 = FACE_OUTER_BOUND ( 'NONE', #4272, .T. ) ;
#3418 = ADVANCED_FACE ( 'NONE', ( #2531 ), #2949, .F. ) ;
#3419 = CARTESIAN_POINT ( 'NONE',  ( 0.5249999999999999112, 0.05000000000000002359, -1.775000000000000133 ) ) ;
#3420 = EDGE_CURVE ( 'NONE', #2046, #4647, #644, .T. ) ;
#3421 =( NAMED_UNIT ( * ) PLANE_ANGLE_UNIT ( ) SI_UNIT ( $, .RADIAN. ) );
#3422 = LINE ( 'NONE', #4852, #3969 ) ;
#3423 = LINE ( 'NONE', #1271, #1713 ) ;
#3424 = ORIENTED_EDGE ( 'NONE', *, *, #4407, .T. ) ;
#3425 = VERTEX_POINT ( 'NONE', #5374 ) ;
#3426 = DIRECTION ( 'NONE',  ( 1.000000000000000000, 0.0000000000000000000, 0.0000000000000000000 ) ) ;
#3427 = CARTESIAN_POINT ( 'NONE',  ( -2.500000000000000000, 4.240000000000000213, -2.024999999999999911 ) ) ;
#3428 = CARTESIAN_POINT ( 'NONE',  ( -0.5250000000000000222, 1.000000000000000000, -1.525000000000000133 ) ) ;
#3429 = VECTOR ( 'NONE', #3853, 1000.000000000000000 ) ;
#3430 = ORIENTED_EDGE ( 'NONE', *, *, #1332, .F. ) ;
#3431 = EDGE_CURVE ( 'NONE', #3280, #5996, #327, .T. ) ;
#3432 = FACE_OUTER_BOUND ( 'NONE', #5960, .T. ) ;
#3433 = PLANE ( 'NONE',  #4560 ) ;
#3434 = VECTOR ( 'NONE', #158, 1000.000000000000000 ) ;
#3435 = EDGE_LOOP ( 'NONE', ( #5705, #1488, #4667 ) ) ;
#3436 = CARTESIAN_POINT ( 'NONE',  ( 3.750000000000000444, 4.009511388567677415, -0.07499999999999998335 ) ) ;
#3437 = VERTEX_POINT ( 'NONE', #1502 ) ;
#3438 = PRESENTATION_LAYER_ASSIGNMENT (  '', '', ( #1693 ) ) ;
#3439 = PLANE ( 'NONE',  #5554 ) ;
#3440 = VECTOR ( 'NONE', #3179, 1000.000000000000000 ) ;
#3441 = VERTEX_POINT ( 'NONE', #5412 ) ;
#3442 = ORIENTED_EDGE ( 'NONE', *, *, #6351, .F. ) ;
#3443 = DIRECTION ( 'NONE',  ( -0.0000000000000000000, -2.148487149506095815E-16, -1.000000000000000000 ) ) ;
#3444 = EDGE_CURVE ( 'NONE', #3321, #2091, #1817, .T. ) ;
#3445 = DIRECTION ( 'NONE',  ( 0.0000000000000000000, 0.0000000000000000000, -1.000000000000000000 ) ) ;
#3446 = ADVANCED_FACE ( 'NONE', ( #3908 ), #3029, .T. ) ;
#3447 = CARTESIAN_POINT ( 'NONE',  ( 3.525000000000000355, 2.250000000000000000, -1.925000000000000711 ) ) ;
#3448 = EDGE_LOOP ( 'NONE', ( #6, #623, #943, #1142 ) ) ;
#3449 = DIRECTION ( 'NONE',  ( 0.0000000000000000000, 0.0000000000000000000, -1.000000000000000000 ) ) ;
#3450 = CARTESIAN_POINT ( 'NONE',  ( -0.7249999999999999778, -0.6500000000000000222, -1.775000000000000133 ) ) ;
#3451 = EDGE_CURVE ( 'NONE', #4286, #2605, #2822, .T. ) ;
#3452 = CARTESIAN_POINT ( 'NONE',  ( 3.525000000000000355, 4.250000000000000000, -0.07499999999999998335 ) ) ;
#3453 = UNCERTAINTY_MEASURE_WITH_UNIT (LENGTH_MEASURE( 1.000000000000000082E-05 ), #5568, 'distance_accuracy_value', 'NONE');
#3454 = ORIENTED_EDGE ( 'NONE', *, *, #2713, .T. ) ;
#3455 = VERTEX_POINT ( 'NONE', #5541 ) ;
#3456 = CARTESIAN_POINT ( 'NONE',  ( 3.525000000000000355, 2.250000000000000000, -2.024999999999999911 ) ) ;
#3457 = EDGE_CURVE ( 'NONE', #5640, #1813, #4490, .T. ) ;
#3458 = VERTEX_POINT ( 'NONE', #6024 ) ;
#3459 = FILL_AREA_STYLE ('',( #2824 ) ) ;
#3460 = DIRECTION ( 'NONE',  ( -0.0000000000000000000, 1.000000000000000000, -0.0000000000000000000 ) ) ;
#3461 = EDGE_LOOP ( 'NONE', ( #1097, #5767, #5047, #5505 ) ) ;
#3462 = EDGE_LOOP ( 'NONE', ( #75, #5547, #4717, #4485 ) ) ;
#3463 = LINE ( 'NONE', #6293, #3535 ) ;
#3464 = ORIENTED_EDGE ( 'NONE', *, *, #4374, .F. ) ;
#3465 = VECTOR ( 'NONE', #4912, 1000.000000000000000 ) ;
#3466 = CARTESIAN_POINT ( 'NONE',  ( -2.500000000000000000, 4.240000000000000213, -2.024999999999999911 ) ) ;
#3467 = VERTEX_POINT ( 'NONE', #5580 ) ;
#3468 = PRESENTATION_STYLE_ASSIGNMENT (( #4199 ) ) ;
#3469 = DIRECTION ( 'NONE',  ( 0.0000000000000000000, -1.000000000000000000, 0.0000000000000000000 ) ) ;
#3470 = ORIENTED_EDGE ( 'NONE', *, *, #2597, .F. ) ;
#3471 = LINE ( 'NONE', #2185, #595 ) ;
#3472 = CARTESIAN_POINT ( 'NONE',  ( -2.875000000000000000, 4.250000000000000000, -0.02500000000000000139 ) ) ;
#3473 = AXIS2_PLACEMENT_3D ( 'NONE', #5854, #6327, #3443 ) ;
#3474 = ORIENTED_EDGE ( 'NONE', *, *, #2240, .F. ) ;
#3475 = CARTESIAN_POINT ( 'NONE',  ( 2.075000000000000622, 1.649999999999999911, 2.024999999999999911 ) ) ;
#3476 = PLANE ( 'NONE',  #1443 ) ;
#3477 = DIRECTION ( 'NONE',  ( 0.0000000000000000000, 0.0000000000000000000, 1.000000000000000000 ) ) ;
#3478 = DIRECTION ( 'NONE',  ( 1.000000000000000000, 0.0000000000000000000, 0.0000000000000000000 ) ) ;
#3479 = LINE ( 'NONE', #3045, #1686 ) ;
#3480 = ORIENTED_EDGE ( 'NONE', *, *, #2718, .F. ) ;
#3481 = MECHANICAL_DESIGN_GEOMETRIC_PRESENTATION_REPRESENTATION (  '', ( #3152 ), #2696 ) ;
#3482 =( LENGTH_UNIT ( ) NAMED_UNIT ( * ) SI_UNIT ( .MILLI., .METRE. ) );
#3483 = DIRECTION ( 'NONE',  ( -1.000000000000000000, 0.0000000000000000000, 0.0000000000000000000 ) ) ;
#3484 = AXIS2_PLACEMENT_3D ( 'NONE', #532, #2507, #4998 ) ;
#3485 = DIRECTION ( 'NONE',  ( -0.0000000000000000000, -1.000000000000000000, -3.219646771412953967E-15 ) ) ;
#3486 = ADVANCED_FACE ( 'NONE', ( #1343 ), #2279, .F. ) ;
#3487 = PLANE ( 'NONE',  #2927 ) ;
#3488 = VECTOR ( 'NONE', #5785, 1000.000000000000000 ) ;
#3489 = ORIENTED_EDGE ( 'NONE', *, *, #5028, .F. ) ;
#3490 = LINE ( 'NONE', #6121, #1384 ) ;
#3491 = CARTESIAN_POINT ( 'NONE',  ( 1.775000000000000133, 0.0000000000000000000, 2.024999999999999911 ) ) ;
#3492 = CARTESIAN_POINT ( 'NONE',  ( -0.3750000000000000000, 0.0000000000000000000, 0.0000000000000000000 ) ) ;
#3493 = CARTESIAN_POINT ( 'NONE',  ( -1.375000000000000000, 3.750000000000000000, 2.024999999999999911 ) ) ;
#3494 = CARTESIAN_POINT ( 'NONE',  ( -1.375000000000000000, 3.750000000000000000, 2.024999999999999911 ) ) ;
#3495 = PLANE ( 'NONE',  #3391 ) ;
#3496 = LINE ( 'NONE', #5142, #1158 ) ;
#3497 = EDGE_CURVE ( 'NONE', #4292, #3052, #4065, .T. ) ;
#3498 = LINE ( 'NONE', #1710, #4117 ) ;
#3499 = ORIENTED_EDGE ( 'NONE', *, *, #5391, .T. ) ;
#3500 = CARTESIAN_POINT ( 'NONE',  ( 3.525000000000000355, 0.6000000000000024203, 1.375000000000002442 ) ) ;
#3501 = DIRECTION ( 'NONE',  ( 0.0000000000000000000, 0.0000000000000000000, 1.000000000000000000 ) ) ;
#3502 = ORIENTED_EDGE ( 'NONE', *, *, #3431, .F. ) ;
#3503 = SURFACE_STYLE_USAGE ( .BOTH. , #1997 ) ;
#3504 = DIRECTION ( 'NONE',  ( 1.000000000000000000, 0.0000000000000000000, 0.0000000000000000000 ) ) ;
#3505 = LINE ( 'NONE', #5688, #6356 ) ;
#3506 = EDGE_CURVE ( 'NONE', #3160, #4335, #3992, .T. ) ;
#3507 = ORIENTED_EDGE ( 'NONE', *, *, #3901, .T. ) ;
#3508 = DIRECTION ( 'NONE',  ( -1.000000000000000000, 0.0000000000000000000, 0.0000000000000000000 ) ) ;
#3509 = LINE ( 'NONE', #6149, #137 ) ;
#3510 = ORIENTED_EDGE ( 'NONE', *, *, #1924, .F. ) ;
#3511 = VECTOR ( 'NONE', #1012, 1000.000000000000000 ) ;
#3512 = ORIENTED_EDGE ( 'NONE', *, *, #447, .F. ) ;
#3513 = DIRECTION ( 'NONE',  ( 1.000000000000000000, 0.0000000000000000000, 0.0000000000000000000 ) ) ;
#3514 = VERTEX_POINT ( 'NONE', #1262 ) ;
#3515 =( NAMED_UNIT ( * ) SI_UNIT ( $, .STERADIAN. ) SOLID_ANGLE_UNIT ( ) );
#3516 = DIRECTION ( 'NONE',  ( 1.000000000000000000, 0.0000000000000000000, 0.0000000000000000000 ) ) ;
#3517 = ADVANCED_FACE ( 'NONE', ( #4650 ), #2215, .T. ) ;
#3518 = SURFACE_SIDE_STYLE ('',( #1811 ) ) ;
#3519 = DIRECTION ( 'NONE',  ( 0.0000000000000000000, -1.000000000000000000, 0.0000000000000000000 ) ) ;
#3520 = ORIENTED_EDGE ( 'NONE', *, *, #1965, .T. ) ;
#3521 = VECTOR ( 'NONE', #3931, 1000.000000000000000 ) ;
#3522 = ORIENTED_EDGE ( 'NONE', *, *, #3619, .T. ) ;
#3523 = CARTESIAN_POINT ( 'NONE',  ( 1.774999999999999911, 0.05000000000000002359, -1.524999999999999689 ) ) ;
#3524 =( NAMED_UNIT ( * ) PLANE_ANGLE_UNIT ( ) SI_UNIT ( $, .RADIAN. ) );
#3525 = DIRECTION ( 'NONE',  ( 0.0000000000000000000, -1.000000000000000000, 0.0000000000000000000 ) ) ;
#3526 = EDGE_LOOP ( 'NONE', ( #5, #6173, #4584, #4119, #491, #1091, #288 ) ) ;
#3527 = ORIENTED_EDGE ( 'NONE', *, *, #5382, .T. ) ;
#3528 = CARTESIAN_POINT ( 'NONE',  ( -0.7249999999999999778, 1.850000000000000089, 2.024999999999999911 ) ) ;
#3529 = PRESENTATION_LAYER_ASSIGNMENT (  '', '', ( #2130 ) ) ;
#3530 = LINE ( 'NONE', #2365, #83 ) ;
#3531 = DIRECTION ( 'NONE',  ( 1.000000000000000000, 0.0000000000000000000, 0.0000000000000000000 ) ) ;
#3532 = ORIENTED_EDGE ( 'NONE', *, *, #5927, .F. ) ;
#3533 = EDGE_CURVE ( 'NONE', #10, #1558, #3832, .T. ) ;
#3534 = CARTESIAN_POINT ( 'NONE',  ( 1.765000000000000124, 1.649999999999999911, -1.025000000000000133 ) ) ;
#3535 = VECTOR ( 'NONE', #506, 1000.000000000000000 ) ;
#3536 = CARTESIAN_POINT ( 'NONE',  ( 3.725000000000000533, 1.999999999999997780, -2.024999999999999911 ) ) ;
#3537 = UNCERTAINTY_MEASURE_WITH_UNIT (LENGTH_MEASURE( 1.000000000000000082E-05 ), #4655, 'distance_accuracy_value', 'NONE');
#3538 = AXIS2_PLACEMENT_3D ( 'NONE', #4578, #5548, #6091 ) ;
#3539 =( NAMED_UNIT ( * ) SI_UNIT ( $, .STERADIAN. ) SOLID_ANGLE_UNIT ( ) );
#3540 = VECTOR ( 'NONE', #3394, 1000.000000000000000 ) ;
#3541 = ORIENTED_EDGE ( 'NONE', *, *, #1162, .T. ) ;
#3542 = EDGE_CURVE ( 'NONE', #4509, #269, #1578, .T. ) ;
#3543 = LINE ( 'NONE', #5704, #3232 ) ;
#3544 = ORIENTED_EDGE ( 'NONE', *, *, #6124, .F. ) ;
#3545 = VECTOR ( 'NONE', #5768, 1000.000000000000000 ) ;
#3546 = CARTESIAN_POINT ( 'NONE',  ( 4.125000000000000000, 1.000000000000000000, -1.525000000000000133 ) ) ;
#3547 = EDGE_CURVE ( 'NONE', #3099, #3570, #2986, .T. ) ;
#3548 = VECTOR ( 'NONE', #2489, 1000.000000000000000 ) ;
#3549 = VERTEX_POINT ( 'NONE', #4633 ) ;
#3550 = CARTESIAN_POINT ( 'NONE',  ( 2.625000000000000000, 3.750000000000000000, 0.02500000000000000139 ) ) ;
#3551 = FACE_OUTER_BOUND ( 'NONE', #3894, .T. ) ;
#3552 = ORIENTED_EDGE ( 'NONE', *, *, #5066, .F. ) ;
#3553 = ADVANCED_FACE ( 'NONE', ( #1040 ), #4234, .T. ) ;
#3554 = VERTEX_POINT ( 'NONE', #3697 ) ;
#3555 = CARTESIAN_POINT ( 'NONE',  ( -0.5150000000000000133, 1.850000000000000089, -2.024999999999999911 ) ) ;
#3556 = LINE ( 'NONE', #5555, #5977 ) ;
#3557 = SURFACE_SIDE_STYLE ('',( #767 ) ) ;
#3558 = VERTEX_POINT ( 'NONE', #3677 ) ;
#3559 = EDGE_CURVE ( 'NONE', #3070, #4061, #3680, .T. ) ;
#3560 = FACE_OUTER_BOUND ( 'NONE', #2233, .T. ) ;
#3561 = DIRECTION ( 'NONE',  ( 0.0000000000000000000, -1.000000000000000000, 0.0000000000000000000 ) ) ;
#3562 = PRESENTATION_LAYER_ASSIGNMENT (  '', '', ( #1769 ) ) ;
#3563 = DIRECTION ( 'NONE',  ( -1.000000000000000000, 0.0000000000000000000, 0.0000000000000000000 ) ) ;
#3564 = CARTESIAN_POINT ( 'NONE',  ( 0.7349999999999999867, 1.649999999999999911, -1.474999999999999867 ) ) ;
#3565 = CARTESIAN_POINT ( 'NONE',  ( -0.5150000000000000133, 1.649999999999999911, -1.698606797699999893 ) ) ;
#3566 = DIRECTION ( 'NONE',  ( 0.0000000000000000000, 0.0000000000000000000, -1.000000000000000000 ) ) ;
#3567 = ORIENTED_EDGE ( 'NONE', *, *, #3788, .T. ) ;
#3568 = LINE ( 'NONE', #197, #194 ) ;
#3569 = CARTESIAN_POINT ( 'NONE',  ( 1.984999999999999876, 1.850000000000000089, -1.025000000000000133 ) ) ;
#3570 = VERTEX_POINT ( 'NONE', #1241 ) ;
#3571 = AXIS2_PLACEMENT_3D ( 'NONE', #5836, #898, #3860 ) ;
#3572 = AXIS2_PLACEMENT_3D ( 'NONE', #1650, #5079, #166 ) ;
#3573 = FACE_BOUND ( 'NONE', #5260, .T. ) ;
#3574 = VECTOR ( 'NONE', #76, 1000.000000000000000 ) ;
#3575 = ORIENTED_EDGE ( 'NONE', *, *, #5532, .T. ) ;
#3576 = EDGE_CURVE ( 'NONE', #4945, #37, #1979, .T. ) ;
#3577 = CARTESIAN_POINT ( 'NONE',  ( 1.974999999999999867, -0.6500000000000000222, -2.075000000000000178 ) ) ;
#3578 = FACE_OUTER_BOUND ( 'NONE', #3368, .T. ) ;
#3579 = ORIENTED_EDGE ( 'NONE', *, *, #3409, .T. ) ;
#3580 = EDGE_CURVE ( 'NONE', #5562, #3075, #2603, .T. ) ;
#3581 = SURFACE_STYLE_USAGE ( .BOTH. , #5908 ) ;
#3582 = ADVANCED_FACE ( 'NONE', ( #2141 ), #5107, .F. ) ;
#3583 = DIRECTION ( 'NONE',  ( 1.000000000000000000, 0.0000000000000000000, 0.0000000000000000000 ) ) ;
#3584 = VECTOR ( 'NONE', #5877, 1000.000000000000000 ) ;
#3585 = ORIENTED_EDGE ( 'NONE', *, *, #4503, .F. ) ;
#3586 = UNCERTAINTY_MEASURE_WITH_UNIT (LENGTH_MEASURE( 1.000000000000000082E-05 ), #1946, 'distance_accuracy_value', 'NONE');
#3587 = CARTESIAN_POINT ( 'NONE',  ( -0.8249999999999999556, 1.649999999999999911, 2.024999999999999911 ) ) ;
#3588 = EDGE_CURVE ( 'NONE', #993, #381, #5270, .T. ) ;
#3589 = FACE_OUTER_BOUND ( 'NONE', #4637, .T. ) ;
#3590 = VERTEX_POINT ( 'NONE', #4176 ) ;
#3591 = CARTESIAN_POINT ( 'NONE',  ( -2.475000000000000089, 1.999999999999998668, -1.425000000000000933 ) ) ;
#3592 = ORIENTED_EDGE ( 'NONE', *, *, #3021, .T. ) ;
#3593 = PLANE ( 'NONE',  #2213 ) ;
#3594 = LINE ( 'NONE', #5496, #6287 ) ;
#3595 = ORIENTED_EDGE ( 'NONE', *, *, #2835, .F. ) ;
#3596 = ORIENTED_EDGE ( 'NONE', *, *, #1449, .T. ) ;
#3597 = DIRECTION ( 'NONE',  ( 0.0000000000000000000, 0.0000000000000000000, -1.000000000000000000 ) ) ;
#3598 = VERTEX_POINT ( 'NONE', #5600 ) ;
#3599 = AXIS2_PLACEMENT_3D ( 'NONE', #5942, #4479, #3032 ) ;
#3600 = VECTOR ( 'NONE', #5176, 1000.000000000000000 ) ;
#3601 = ORIENTED_EDGE ( 'NONE', *, *, #5720, .T. ) ;
#3602 = CARTESIAN_POINT ( 'NONE',  ( -0.7249999999999999778, 1.000000000000000000, -1.525000000000000133 ) ) ;
#3603 = DIRECTION ( 'NONE',  ( -1.000000000000000000, -0.0000000000000000000, -0.0000000000000000000 ) ) ;
#3604 = VERTEX_POINT ( 'NONE', #5619 ) ;
#3605 = AXIS2_PLACEMENT_3D ( 'NONE', #5355, #5335, #4896 ) ;
#3606 = VERTEX_POINT ( 'NONE', #2624 ) ;
#3607 = LINE ( 'NONE', #820, #157 ) ;
#3608 = ADVANCED_FACE ( 'NONE', ( #1116 ), #1238, .T. ) ;
#3609 = ORIENTED_EDGE ( 'NONE', *, *, #3124, .F. ) ;
#3610 = DIRECTION ( 'NONE',  ( 0.0000000000000000000, 0.0000000000000000000, -1.000000000000000000 ) ) ;
#3611 = ORIENTED_EDGE ( 'NONE', *, *, #5528, .F. ) ;
#3612 = AXIS2_PLACEMENT_3D ( 'NONE', #1505, #5822, #480 ) ;
#3613 = CARTESIAN_POINT ( 'NONE',  ( 3.275000000000000355, 1.980741759643274369, -1.925000000000000933 ) ) ;
#3614 = DIRECTION ( 'NONE',  ( -0.0000000000000000000, 0.7468134723257140450, 0.6650335612228979176 ) ) ;
#3615 = VERTEX_POINT ( 'NONE', #1259 ) ;
#3616 = VECTOR ( 'NONE', #2722, 1000.000000000000000 ) ;
#3617 = UNCERTAINTY_MEASURE_WITH_UNIT (LENGTH_MEASURE( 1.000000000000000082E-05 ), #851, 'distance_accuracy_value', 'NONE');
#3618 = LINE ( 'NONE', #4608, #1055 ) ;
#3619 = EDGE_CURVE ( 'NONE', #3437, #2289, #5948, .T. ) ;
#3620 = ORIENTED_EDGE ( 'NONE', *, *, #335, .F. ) ;
#3621 = DIRECTION ( 'NONE',  ( 0.0000000000000000000, 0.0000000000000000000, 1.000000000000000000 ) ) ;
#3622 = LINE ( 'NONE', #2037, #1757 ) ;
#3623 = ORIENTED_EDGE ( 'NONE', *, *, #3506, .T. ) ;
#3624 = CARTESIAN_POINT ( 'NONE',  ( -2.274999999999999911, 8.673617379884035472E-15, -0.2250000000000008105 ) ) ;
#3625 = AXIS2_PLACEMENT_3D ( 'NONE', #5070, #3639, #659 ) ;
#3626 = EDGE_CURVE ( 'NONE', #4707, #5459, #2066, .T. ) ;
#3627 = SURFACE_SIDE_STYLE ('',( #2103 ) ) ;
#3628 = FACE_OUTER_BOUND ( 'NONE', #5783, .T. ) ;
#3629 = VERTEX_POINT ( 'NONE', #2188 ) ;
#3630 = EDGE_CURVE ( 'NONE', #4958, #4949, #3825, .T. ) ;
#3631 = SURFACE_STYLE_USAGE ( .BOTH. , #4994 ) ;
#3632 = DIRECTION ( 'NONE',  ( 1.000000000000000000, 0.0000000000000000000, 0.0000000000000000000 ) ) ;
#3633 = VECTOR ( 'NONE', #1622, 1000.000000000000000 ) ;
#3634 = ORIENTED_EDGE ( 'NONE', *, *, #3978, .F. ) ;
#3635 = CARTESIAN_POINT ( 'NONE',  ( -1.875000000000000000, 0.5000000000000000000, -1.474999999999999867 ) ) ;
#3636 = COLOUR_RGB ( '',1.000000000000000000, 1.000000000000000000, 1.000000000000000000 ) ;
#3637 = EDGE_CURVE ( 'NONE', #505, #6151, #4129, .T. ) ;
#3638 = ORIENTED_EDGE ( 'NONE', *, *, #4328, .F. ) ;
#3639 = DIRECTION ( 'NONE',  ( 0.0000000000000000000, 0.0000000000000000000, 1.000000000000000000 ) ) ;
#3640 = AXIS2_PLACEMENT_3D ( 'NONE', #4386, #2040, #456 ) ;
#3641 = PLANE ( 'NONE',  #1612 ) ;
#3642 = CARTESIAN_POINT ( 'NONE',  ( 4.125000000000000000, 4.250000000000000000, 2.024999999999999911 ) ) ;
#3643 = VECTOR ( 'NONE', #295, 1000.000000000000000 ) ;
#3644 = VECTOR ( 'NONE', #4029, 1000.000000000000000 ) ;
#3645 = PLANE ( 'NONE',  #4527 ) ;
#3646 = DIRECTION ( 'NONE',  ( 0.0000000000000000000, -1.000000000000000000, 0.0000000000000000000 ) ) ;
#3647 = VECTOR ( 'NONE', #4447, 1000.000000000000000 ) ;
#3648 = DIRECTION ( 'NONE',  ( 0.0000000000000000000, -1.000000000000000000, 0.0000000000000000000 ) ) ;
#3649 = DIRECTION ( 'NONE',  ( 1.000000000000000000, 0.0000000000000000000, -0.0000000000000000000 ) ) ;
#3650 = LINE ( 'NONE', #5314, #2349 ) ;
#3651 = ORIENTED_EDGE ( 'NONE', *, *, #1792, .T. ) ;
#3652 = DIRECTION ( 'NONE',  ( 1.000000000000000000, 0.0000000000000000000, 0.0000000000000000000 ) ) ;
#3653 = ORIENTED_EDGE ( 'NONE', *, *, #3128, .F. ) ;
#3654 = EDGE_CURVE ( 'NONE', #168, #4289, #4643, .T. ) ;
#3655 = DIRECTION ( 'NONE',  ( 0.0000000000000000000, 1.000000000000000000, 0.0000000000000000000 ) ) ;
#3656 = LINE ( 'NONE', #5090, #4320 ) ;
#3657 = VERTEX_POINT ( 'NONE', #1175 ) ;
#3658 = EDGE_CURVE ( 'NONE', #4041, #2282, #3209, .T. ) ;
#3659 = DIRECTION ( 'NONE',  ( 1.000000000000000000, 0.0000000000000000000, 0.0000000000000000000 ) ) ;
#3660 = DIRECTION ( 'NONE',  ( -0.0000000000000000000, 2.997602166487923448E-15, -1.000000000000000000 ) ) ;
#3661 = VECTOR ( 'NONE', #4688, 1000.000000000000000 ) ;
#3662 = CARTESIAN_POINT ( 'NONE',  ( 1.975000000000000089, 1.850000000000000089, 2.024999999999999911 ) ) ;
#3663 = CARTESIAN_POINT ( 'NONE',  ( -0.4249999999999999889, 1.850000000000000089, -1.698606797699999893 ) ) ;
#3664 = EDGE_CURVE ( 'NONE', #931, #2171, #3987, .T. ) ;
#3665 = ORIENTED_EDGE ( 'NONE', *, *, #6234, .F. ) ;
#3666 = DIRECTION ( 'NONE',  ( 0.0000000000000000000, -1.000000000000000000, 0.0000000000000000000 ) ) ;
#3667 = FILL_AREA_STYLE ('',( #4135 ) ) ;
#3668 = VERTEX_POINT ( 'NONE', #1894 ) ;
#3669 = DIRECTION ( 'NONE',  ( 0.0000000000000000000, -1.000000000000000000, 0.0000000000000000000 ) ) ;
#3670 = DIRECTION ( 'NONE',  ( 0.0000000000000000000, 0.0000000000000000000, 1.000000000000000000 ) ) ;
#3671 = CARTESIAN_POINT ( 'NONE',  ( -2.475000000000000089, 4.249999999999992895, -0.07499999999999976130 ) ) ;
#3672 = LINE ( 'NONE', #3565, #4267 ) ;
#3673 = ORIENTED_EDGE ( 'NONE', *, *, #1751, .F. ) ;
#3674 = CARTESIAN_POINT ( 'NONE',  ( -0.5250000000000000222, 1.000000000000000000, 1.525000000000000133 ) ) ;
#3675 = FILL_AREA_STYLE_COLOUR ( '', #6285 ) ;
#3676 = VERTEX_POINT ( 'NONE', #2944 ) ;
#3677 = CARTESIAN_POINT ( 'NONE',  ( 1.765000000000000124, 1.000000000000000000, -1.525000000000000133 ) ) ;
#3678 = DIRECTION ( 'NONE',  ( 0.0000000000000000000, -1.000000000000000000, 0.0000000000000000000 ) ) ;
#3679 = EDGE_CURVE ( 'NONE', #1419, #5997, #3759, .T. ) ;
#3680 = LINE ( 'NONE', #689, #2217 ) ;
#3681 = ORIENTED_EDGE ( 'NONE', *, *, #5486, .F. ) ;
#3682 = ORIENTED_EDGE ( 'NONE', *, *, #3626, .F. ) ;
#3683 = SURFACE_STYLE_USAGE ( .BOTH. , #2644 ) ;
#3684 = ORIENTED_EDGE ( 'NONE', *, *, #4751, .F. ) ;
#3685 = CARTESIAN_POINT ( 'NONE',  ( -2.875000000000000000, 3.600000000000000977, -0.07499999999999998335 ) ) ;
#3686 = DIRECTION ( 'NONE',  ( -1.000000000000000000, 0.0000000000000000000, 0.0000000000000000000 ) ) ;
#3687 = CARTESIAN_POINT ( 'NONE',  ( 1.775000000000000133, 0.0000000000000000000, -2.024999999999999911 ) ) ;
#3688 = MECHANICAL_DESIGN_GEOMETRIC_PRESENTATION_REPRESENTATION (  '', ( #4972 ), #3778 ) ;
#3689 = CARTESIAN_POINT ( 'NONE',  ( 3.625000000000000000, 3.750000000000000000, 2.024999999999999911 ) ) ;
#3690 = ORIENTED_EDGE ( 'NONE', *, *, #5497, .F. ) ;
#3691 = AXIS2_PLACEMENT_3D ( 'NONE', #3224, #4721, #2261 ) ;
#3692 = FACE_OUTER_BOUND ( 'NONE', #4558, .T. ) ;
#3693 = LINE ( 'NONE', #211, #559 ) ;
#3694 = VERTEX_POINT ( 'NONE', #1961 ) ;
#3695 = FACE_OUTER_BOUND ( 'NONE', #2368, .T. ) ;
#3696 = LINE ( 'NONE', #2315, #3084 ) ;
#3697 = CARTESIAN_POINT ( 'NONE',  ( 1.625000000000000222, 2.750000000000000000, -0.4749999999999999778 ) ) ;
#3698 = DIRECTION ( 'NONE',  ( -0.0000000000000000000, 1.000000000000000000, 0.0000000000000000000 ) ) ;
#3699 = PRESENTATION_LAYER_ASSIGNMENT (  '', '', ( #1360 ) ) ;
#3700 = VECTOR ( 'NONE', #5236, 1000.000000000000000 ) ;
#3701 = CARTESIAN_POINT ( 'NONE',  ( 1.974999999999999867, 0.05000000000000002359, -1.524999999999999689 ) ) ;
#3702 = EDGE_CURVE ( 'NONE', #332, #32, #4484, .T. ) ;
#3703 = VECTOR ( 'NONE', #81, 1000.000000000000000 ) ;
#3704 = EDGE_CURVE ( 'NONE', #5111, #3694, #2446, .T. ) ;
#3705 = CARTESIAN_POINT ( 'NONE',  ( -2.875000000000000000, 2.000000000000000000, -2.024999999999999911 ) ) ;
#3706 = CARTESIAN_POINT ( 'NONE',  ( 0.5250000000000000222, 1.649999999999999911, 2.024999999999999911 ) ) ;
#3707 = ADVANCED_FACE ( 'NONE', ( #2817 ), #445, .F. ) ;
#3708 = SURFACE_STYLE_FILL_AREA ( #5172 ) ;
#3709 = VERTEX_POINT ( 'NONE', #5406 ) ;
#3710 = VECTOR ( 'NONE', #3561, 1000.000000000000000 ) ;
#3711 = EDGE_CURVE ( 'NONE', #2282, #4616, #946, .T. ) ;
#3712 = ADVANCED_FACE ( 'NONE', ( #3367 ), #901, .F. ) ;
#3713 = CARTESIAN_POINT ( 'NONE',  ( 0.7250000000000000888, 1.000000000000000000, 0.0000000000000000000 ) ) ;
#3714 = LINE ( 'NONE', #2479, #2257 ) ;
#3715 = ORIENTED_EDGE ( 'NONE', *, *, #2470, .F. ) ;
#3716 = VECTOR ( 'NONE', #5125, 1000.000000000000000 ) ;
#3717 = DIRECTION ( 'NONE',  ( -0.0000000000000000000, 1.000000000000000000, -0.0000000000000000000 ) ) ;
#3718 = CARTESIAN_POINT ( 'NONE',  ( -0.3750000000000000000, 2.250000000000000000, -0.4749999999999999778 ) ) ;
#3719 = CARTESIAN_POINT ( 'NONE',  ( 0.7250000000000000888, 1.649999999999999911, 2.024999999999999911 ) ) ;
#3720 = MECHANICAL_DESIGN_GEOMETRIC_PRESENTATION_REPRESENTATION (  '', ( #4351 ), #479 ) ;
#3721 = VECTOR ( 'NONE', #4468, 1000.000000000000000 ) ;
#3722 = ORIENTED_EDGE ( 'NONE', *, *, #6065, .T. ) ;
#3723 = DIRECTION ( 'NONE',  ( 0.0000000000000000000, 0.0000000000000000000, -1.000000000000000000 ) ) ;
#3724 = STYLED_ITEM ( 'NONE', ( #1646 ), #3838 ) ;
#3725 = FACE_OUTER_BOUND ( 'NONE', #1739, .T. ) ;
#3726 = ORIENTED_EDGE ( 'NONE', *, *, #626, .T. ) ;
#3727 = CARTESIAN_POINT ( 'NONE',  ( -2.274999999999999911, 0.6000000000000024203, 1.375000000000002442 ) ) ;
#3728 = DIRECTION ( 'NONE',  ( 1.000000000000000000, 0.0000000000000000000, 0.0000000000000000000 ) ) ;
#3729 = FACE_OUTER_BOUND ( 'NONE', #3923, .T. ) ;
#3730 = MANIFOLD_SOLID_BREP ( 'Combine5', #1030 ) ;
#3731 = VECTOR ( 'NONE', #5647, 1000.000000000000000 ) ;
#3732 = ORIENTED_EDGE ( 'NONE', *, *, #3559, .T. ) ;
#3733 =( NAMED_UNIT ( * ) PLANE_ANGLE_UNIT ( ) SI_UNIT ( $, .RADIAN. ) );
#3734 = PLANE ( 'NONE',  #5276 ) ;
#3735 = FACE_OUTER_BOUND ( 'NONE', #5373, .T. ) ;
#3736 = ORIENTED_EDGE ( 'NONE', *, *, #4118, .F. ) ;
#3737 = ORIENTED_EDGE ( 'NONE', *, *, #189, .T. ) ;
#3738 = CARTESIAN_POINT ( 'NONE',  ( -1.875000000000000000, 1.850000000000000089, -1.474999999999999867 ) ) ;
#3739 = CARTESIAN_POINT ( 'NONE',  ( 1.975000000000000089, 0.05000000000000002359, -1.775000000000000133 ) ) ;
#3740 =( NAMED_UNIT ( * ) PLANE_ANGLE_UNIT ( ) SI_UNIT ( $, .RADIAN. ) );
#3741 = FACE_BOUND ( 'NONE', #2685, .T. ) ;
#3742 = UNCERTAINTY_MEASURE_WITH_UNIT (LENGTH_MEASURE( 1.000000000000000082E-05 ), #3372, 'distance_accuracy_value', 'NONE');
#3743 = EDGE_CURVE ( 'NONE', #846, #3898, #4724, .T. ) ;
#3744 = DIRECTION ( 'NONE',  ( 0.0000000000000000000, 0.0000000000000000000, 1.000000000000000000 ) ) ;
#3745 = VECTOR ( 'NONE', #5803, 1000.000000000000000 ) ;
#3746 = ORIENTED_EDGE ( 'NONE', *, *, #360, .T. ) ;
#3747 = CARTESIAN_POINT ( 'NONE',  ( 0.7249999999999998668, -0.6500000000000000222, -1.775000000000000133 ) ) ;
#3748 = ORIENTED_EDGE ( 'NONE', *, *, #5292, .T. ) ;
#3749 = ORIENTED_EDGE ( 'NONE', *, *, #65, .F. ) ;
#3750 = ADVANCED_FACE ( 'NONE', ( #3140 ), #2493, .F. ) ;
#3751 = VECTOR ( 'NONE', #1626, 1000.000000000000000 ) ;
#3752 = ORIENTED_EDGE ( 'NONE', *, *, #1418, .T. ) ;
#3753 = EDGE_CURVE ( 'NONE', #3668, #2996, #5867, .T. ) ;
#3754 = CARTESIAN_POINT ( 'NONE',  ( 3.725000000000000533, 3.599999999999999201, -0.07500000000000128786 ) ) ;
#3755 = VERTEX_POINT ( 'NONE', #3001 ) ;
#3756 = CARTESIAN_POINT ( 'NONE',  ( 4.125000000000000000, 3.600000000000000977, -1.425000000000000044 ) ) ;
#3757 = EDGE_CURVE ( 'NONE', #4446, #5608, #3294, .T. ) ;
#3758 = CARTESIAN_POINT ( 'NONE',  ( 1.975000000000000089, 1.350000000000000089, 1.525000000000000133 ) ) ;
#3759 = LINE ( 'NONE', #2925, #3521 ) ;
#3760 = ORIENTED_EDGE ( 'NONE', *, *, #536, .F. ) ;
#3761 = SURFACE_STYLE_USAGE ( .BOTH. , #4192 ) ;
#3762 = COLOUR_RGB ( '',0.6470588235294117974, 0.6196078431372549211, 0.5882352941176470784 ) ;
#3763 = SURFACE_SIDE_STYLE ('',( #3304 ) ) ;
#3764 = EDGE_LOOP ( 'NONE', ( #2156, #4694, #4082, #3909 ) ) ;
#3765 = CARTESIAN_POINT ( 'NONE',  ( -0.7349999999999999867, 1.850000000000000089, -1.025000000000000133 ) ) ;
#3766 = ORIENTED_EDGE ( 'NONE', *, *, #1709, .T. ) ;
#3767 = EDGE_CURVE ( 'NONE', #2900, #3657, #3672, .T. ) ;
#3768 = DIRECTION ( 'NONE',  ( 0.0000000000000000000, 3.252606517456512119E-15, -1.000000000000000000 ) ) ;
#3769 =( NAMED_UNIT ( * ) SI_UNIT ( $, .STERADIAN. ) SOLID_ANGLE_UNIT ( ) );
#3770 = VECTOR ( 'NONE', #1691, 1000.000000000000000 ) ;
#3771 = MECHANICAL_DESIGN_GEOMETRIC_PRESENTATION_REPRESENTATION (  '', ( #2124 ), #6030 ) ;
#3772 = ORIENTED_EDGE ( 'NONE', *, *, #5532, .F. ) ;
#3773 = ORIENTED_EDGE ( 'NONE', *, *, #4818, .T. ) ;
#3774 = CARTESIAN_POINT ( 'NONE',  ( -2.274999999999999911, 4.240000000000000213, -0.07499999999999998335 ) ) ;
#3775 = SURFACE_SIDE_STYLE ('',( #3051 ) ) ;
#3776 = ADVANCED_FACE ( 'NONE', ( #4793 ), #61, .F. ) ;
#3777 = LINE ( 'NONE', #5639, #3616 ) ;
#3778 =( GEOMETRIC_REPRESENTATION_CONTEXT ( 3 ) GLOBAL_UNCERTAINTY_ASSIGNED_CONTEXT ( ( #2850 ) ) GLOBAL_UNIT_ASSIGNED_CONTEXT ( ( #2636, #3733, #5102 ) ) REPRESENTATION_CONTEXT ( 'NONE', 'WORKASPACE' ) );
#3779 = ORIENTED_EDGE ( 'NONE', *, *, #1246, .F. ) ;
#3780 =( GEOMETRIC_REPRESENTATION_CONTEXT ( 3 ) GLOBAL_UNCERTAINTY_ASSIGNED_CONTEXT ( ( #1624 ) ) GLOBAL_UNIT_ASSIGNED_CONTEXT ( ( #1801, #5238, #2799 ) ) REPRESENTATION_CONTEXT ( 'NONE', 'WORKASPACE' ) );
#3781 = VECTOR ( 'NONE', #3407, 1000.000000000000000 ) ;
#3782 = ORIENTED_EDGE ( 'NONE', *, *, #4577, .T. ) ;
#3783 = ORIENTED_EDGE ( 'NONE', *, *, #3654, .F. ) ;
#3784 = DIRECTION ( 'NONE',  ( -1.000000000000000000, 0.0000000000000000000, 0.0000000000000000000 ) ) ;
#3785 = CARTESIAN_POINT ( 'NONE',  ( -2.875000000000000000, 4.250000000000000000, -0.07499999999999998335 ) ) ;
#3786 = ADVANCED_FACE ( 'NONE', ( #2596 ), #4456, .F. ) ;
#3787 = FACE_OUTER_BOUND ( 'NONE', #5842, .T. ) ;
#3788 = EDGE_CURVE ( 'NONE', #6148, #6044, #4405, .T. ) ;
#3789 = CARTESIAN_POINT ( 'NONE',  ( 3.525000000000000355, 0.6000000000000024203, 1.375000000000002442 ) ) ;
#3790 = ORIENTED_EDGE ( 'NONE', *, *, #3870, .F. ) ;
#3791 = CARTESIAN_POINT ( 'NONE',  ( 1.775000000000000133, 1.000000000000000000, -1.525000000000000133 ) ) ;
#3792 = DIRECTION ( 'NONE',  ( 1.000000000000000000, 0.0000000000000000000, 0.0000000000000000000 ) ) ;
#3793 = EDGE_CURVE ( 'NONE', #1914, #968, #5097, .T. ) ;
#3794 = LINE ( 'NONE', #617, #4603 ) ;
#3795 = CARTESIAN_POINT ( 'NONE',  ( -0.5250000000000000222, 0.0000000000000000000, -1.525000000000000133 ) ) ;
#3796 = LINE ( 'NONE', #2678, #1850 ) ;
#3797 = EDGE_CURVE ( 'NONE', #1347, #3070, #4193, .T. ) ;
#3798 = CARTESIAN_POINT ( 'NONE',  ( 3.750000000000000444, 4.240000000000000213, 2.024999999999999911 ) ) ;
#3799 = LINE ( 'NONE', #1084, #4919 ) ;
#3800 = DIRECTION ( 'NONE',  ( 0.0000000000000000000, 0.0000000000000000000, 1.000000000000000000 ) ) ;
#3801 = VECTOR ( 'NONE', #3823, 1000.000000000000000 ) ;
#3802 = FILL_AREA_STYLE_COLOUR ( '', #4827 ) ;
#3803 = VECTOR ( 'NONE', #1436, 1000.000000000000000 ) ;
#3804 = ORIENTED_EDGE ( 'NONE', *, *, #616, .T. ) ;
#3805 = LINE ( 'NONE', #2584, #3644 ) ;
#3806 = ORIENTED_EDGE ( 'NONE', *, *, #652, .F. ) ;
#3807 = CARTESIAN_POINT ( 'NONE',  ( 3.125000000000000000, 3.149999999999999911, -2.024999999999999911 ) ) ;
#3808 = LINE ( 'NONE', #4379, #1166 ) ;
#3809 = ADVANCED_FACE ( 'NONE', ( #2886 ), #1045, .T. ) ;
#3810 =( GEOMETRIC_REPRESENTATION_CONTEXT ( 3 ) GLOBAL_UNCERTAINTY_ASSIGNED_CONTEXT ( ( #2664 ) ) GLOBAL_UNIT_ASSIGNED_CONTEXT ( ( #5139, #764, #2693 ) ) REPRESENTATION_CONTEXT ( 'NONE', 'WORKASPACE' ) );
#3811 = LINE ( 'NONE', #2897, #56 ) ;
#3812 = VECTOR ( 'NONE', #5187, 1000.000000000000000 ) ;
#3813 = ORIENTED_EDGE ( 'NONE', *, *, #6055, .T. ) ;
#3814 = LINE ( 'NONE', #2791, #1176 ) ;
#3815 = DIRECTION ( 'NONE',  ( 0.0000000000000000000, 1.000000000000000000, 0.0000000000000000000 ) ) ;
#3816 = PLANE ( 'NONE',  #6218 ) ;
#3817 = FACE_OUTER_BOUND ( 'NONE', #5186, .T. ) ;
#3818 = ORIENTED_EDGE ( 'NONE', *, *, #2661, .F. ) ;
#3819 = CARTESIAN_POINT ( 'NONE',  ( -2.274999999999999911, 1.950000000000002176, 1.375000000000006883 ) ) ;
#3820 = DIRECTION ( 'NONE',  ( 0.0000000000000000000, 0.0000000000000000000, -1.000000000000000000 ) ) ;
#3821 = ORIENTED_EDGE ( 'NONE', *, *, #6197, .T. ) ;
#3822 = DIRECTION ( 'NONE',  ( 0.0000000000000000000, -0.0000000000000000000, 1.000000000000000000 ) ) ;
#3823 = DIRECTION ( 'NONE',  ( 0.0000000000000000000, 1.000000000000000000, 2.552445434498790050E-15 ) ) ;
#3824 = CARTESIAN_POINT ( 'NONE',  ( 0.7249999999999998668, -0.6500000000000000222, -2.075000000000000178 ) ) ;
#3825 = LINE ( 'NONE', #5174, #706 ) ;
#3826 = EDGE_CURVE ( 'NONE', #4775, #4707, #1574, .T. ) ;
#3827 = ORIENTED_EDGE ( 'NONE', *, *, #199, .T. ) ;
#3828 = DIRECTION ( 'NONE',  ( 0.0000000000000000000, 0.0000000000000000000, -1.000000000000000000 ) ) ;
#3829 = ORIENTED_EDGE ( 'NONE', *, *, #4369, .F. ) ;
#3830 = VERTEX_POINT ( 'NONE', #4101 ) ;
#3831 = PLANE ( 'NONE',  #3189 ) ;
#3832 = LINE ( 'NONE', #6082, #404 ) ;
#3833 = FILL_AREA_STYLE ('',( #302 ) ) ;
#3834 = EDGE_CURVE ( 'NONE', #253, #4263, #2135, .T. ) ;
#3835 = ORIENTED_EDGE ( 'NONE', *, *, #2835, .T. ) ;
#3836 = CARTESIAN_POINT ( 'NONE',  ( 3.750000000000000444, 4.240000000000000213, -0.07499999999999998335 ) ) ;
#3837 = SURFACE_SIDE_STYLE ('',( #3944 ) ) ;
#3838 = ADVANCED_FACE ( 'NONE', ( #780 ), #2164, .F. ) ;
#3839 = ORIENTED_EDGE ( 'NONE', *, *, #2077, .F. ) ;
#3840 = CARTESIAN_POINT ( 'NONE',  ( -1.375000000000000000, 3.149999999999999911, 2.024999999999999911 ) ) ;
#3841 = VECTOR ( 'NONE', #2520, 1000.000000000000000 ) ;
#3842 = VERTEX_POINT ( 'NONE', #5116 ) ;
#3843 = VECTOR ( 'NONE', #5718, 1000.000000000000000 ) ;
#3844 = SURFACE_SIDE_STYLE ('',( #1349 ) ) ;
#3845 = VECTOR ( 'NONE', #3998, 1000.000000000000000 ) ;
#3846 = STYLED_ITEM ( 'NONE', ( #386 ), #376 ) ;
#3847 = VERTEX_POINT ( 'NONE', #2694 ) ;
#3848 = DIRECTION ( 'NONE',  ( 1.000000000000000000, 0.0000000000000000000, 0.0000000000000000000 ) ) ;
#3849 = AXIS2_PLACEMENT_3D ( 'NONE', #4242, #3360, #1793 ) ;
#3850 = DIRECTION ( 'NONE',  ( 0.0000000000000000000, 0.7468134723257140450, -0.6650335612228979176 ) ) ;
#3851 = VECTOR ( 'NONE', #342, 1000.000000000000000 ) ;
#3852 = LINE ( 'NONE', #4266, #3545 ) ;
#3853 = DIRECTION ( 'NONE',  ( -1.000000000000000000, 0.0000000000000000000, 0.0000000000000000000 ) ) ;
#3854 = VECTOR ( 'NONE', #2853, 1000.000000000000000 ) ;
#3855 = DIRECTION ( 'NONE',  ( 1.000000000000000000, 0.0000000000000000000, 0.0000000000000000000 ) ) ;
#3856 = EDGE_LOOP ( 'NONE', ( #6093, #1586, #3880, #5951 ) ) ;
#3857 = CARTESIAN_POINT ( 'NONE',  ( 0.7250000000000000888, 1.350000000000000089, -1.525000000000000133 ) ) ;
#3858 = PRESENTATION_LAYER_ASSIGNMENT (  '', '', ( #5714 ) ) ;
#3859 = VECTOR ( 'NONE', #108, 1000.000000000000000 ) ;
#3860 = DIRECTION ( 'NONE',  ( 0.0000000000000000000, 0.0000000000000000000, -1.000000000000000000 ) ) ;
#3861 = CARTESIAN_POINT ( 'NONE',  ( 1.774999999999999911, 0.3500000000000000333, -2.024999999999999911 ) ) ;
#3862 = ORIENTED_EDGE ( 'NONE', *, *, #4535, .F. ) ;
#3863 = DIRECTION ( 'NONE',  ( 0.0000000000000000000, -1.000000000000000000, 0.0000000000000000000 ) ) ;
#3864 = CARTESIAN_POINT ( 'NONE',  ( 0.7250000000000000888, 1.000000000000000000, -1.525000000000000133 ) ) ;
#3865 = EDGE_LOOP ( 'NONE', ( #3310, #3359, #261, #3552 ) ) ;
#3866 = EDGE_CURVE ( 'NONE', #554, #3043, #3134, .T. ) ;
#3867 = VECTOR ( 'NONE', #1583, 1000.000000000000000 ) ;
#3868 = SURFACE_STYLE_USAGE ( .BOTH. , #2383 ) ;
#3869 = CARTESIAN_POINT ( 'NONE',  ( 0.7349999999999999867, 1.000000000000000000, -2.024999999999999911 ) ) ;
#3870 = EDGE_CURVE ( 'NONE', #332, #1813, #4060, .T. ) ;
#3871 = CARTESIAN_POINT ( 'NONE',  ( -2.875000000000000000, 0.0000000000000000000, -1.525000000000000133 ) ) ;
#3872 = FACE_OUTER_BOUND ( 'NONE', #1383, .T. ) ;
#3873 = VECTOR ( 'NONE', #2021, 1000.000000000000000 ) ;
#3874 = ADVANCED_FACE ( 'NONE', ( #395 ), #5033, .T. ) ;
#3875 = EDGE_CURVE ( 'NONE', #4794, #3676, #632, .T. ) ;
#3876 = CARTESIAN_POINT ( 'NONE',  ( 0.4249999999999999889, 1.649999999999999911, 2.024999999999999911 ) ) ;
#3877 = CARTESIAN_POINT ( 'NONE',  ( 0.7250000000000000888, 1.850000000000000089, -1.698606797699999893 ) ) ;
#3878 = VECTOR ( 'NONE', #3678, 1000.000000000000000 ) ;
#3879 = VECTOR ( 'NONE', #5561, 1000.000000000000000 ) ;
#3880 = ORIENTED_EDGE ( 'NONE', *, *, #2526, .T. ) ;
#3881 = ORIENTED_EDGE ( 'NONE', *, *, #4112, .T. ) ;
#3882 = CARTESIAN_POINT ( 'NONE',  ( 4.125000000000000000, 1.000000000000000000, -1.525000000000000133 ) ) ;
#3883 = DIRECTION ( 'NONE',  ( 0.0000000000000000000, -0.0000000000000000000, -1.000000000000000000 ) ) ;
#3884 = EDGE_CURVE ( 'NONE', #2795, #3016, #5492, .T. ) ;
#3885 = DIRECTION ( 'NONE',  ( -1.000000000000000000, 0.0000000000000000000, 0.0000000000000000000 ) ) ;
#3886 = STYLED_ITEM ( 'NONE', ( #3219 ), #3517 ) ;
#3887 = LINE ( 'NONE', #876, #3047 ) ;
#3888 = ORIENTED_EDGE ( 'NONE', *, *, #4333, .T. ) ;
#3889 = CARTESIAN_POINT ( 'NONE',  ( 1.985000000000000320, 0.0000000000000000000, -1.474999999999999867 ) ) ;
#3890 = DIRECTION ( 'NONE',  ( 0.0000000000000000000, 0.0000000000000000000, 1.000000000000000000 ) ) ;
#3891 = CARTESIAN_POINT ( 'NONE',  ( 3.525000000000000355, 2.000000000000000000, -2.024999999999999911 ) ) ;
#3892 = VERTEX_POINT ( 'NONE', #2144 ) ;
#3893 = VECTOR ( 'NONE', #2463, 1000.000000000000000 ) ;
#3894 = EDGE_LOOP ( 'NONE', ( #4125, #3234, #5493, #4780 ) ) ;
#3895 = CARTESIAN_POINT ( 'NONE',  ( 4.125000000000000000, 4.250000000000000000, -2.024999999999999911 ) ) ;
#3896 = AXIS2_PLACEMENT_3D ( 'NONE', #4876, #961, #4850 ) ;
#3897 = VERTEX_POINT ( 'NONE', #6031 ) ;
#3898 = VERTEX_POINT ( 'NONE', #2648 ) ;
#3899 = EDGE_LOOP ( 'NONE', ( #298, #2761, #5163, #3241, #5517, #2672, #3316, #2889, #264, #1446, #5290, #565, #1524, #3502 ) ) ;
#3900 = ORIENTED_EDGE ( 'NONE', *, *, #2561, .T. ) ;
#3901 = EDGE_CURVE ( 'NONE', #868, #4958, #2438, .T. ) ;
#3902 = DIRECTION ( 'NONE',  ( -1.000000000000000000, 0.0000000000000000000, 0.0000000000000000000 ) ) ;
#3903 = CARTESIAN_POINT ( 'NONE',  ( -0.5250000000000000222, 1.850000000000000089, 0.0000000000000000000 ) ) ;
#3904 = ORIENTED_EDGE ( 'NONE', *, *, #2632, .T. ) ;
#3905 = ADVANCED_FACE ( 'NONE', ( #3817 ), #3641, .T. ) ;
#3906 = DIRECTION ( 'NONE',  ( 1.000000000000000000, 0.0000000000000000000, 0.0000000000000000000 ) ) ;
#3907 = CARTESIAN_POINT ( 'NONE',  ( 0.5150000000000000133, 1.000000000000000000, -1.474999999999999867 ) ) ;
#3908 = FACE_OUTER_BOUND ( 'NONE', #107, .T. ) ;
#3909 = ORIENTED_EDGE ( 'NONE', *, *, #3533, .T. ) ;
#3910 = EDGE_CURVE ( 'NONE', #5459, #5788, #5637, .T. ) ;
#3911 = SURFACE_SIDE_STYLE ('',( #1984 ) ) ;
#3912 = ORIENTED_EDGE ( 'NONE', *, *, #5378, .F. ) ;
#3913 = DIRECTION ( 'NONE',  ( -1.000000000000000000, 0.0000000000000000000, 0.0000000000000000000 ) ) ;
#3914 = EDGE_CURVE ( 'NONE', #3075, #1037, #2739, .T. ) ;
#3915 = DIRECTION ( 'NONE',  ( 0.0000000000000000000, -1.000000000000000000, 0.0000000000000000000 ) ) ;
#3916 = ORIENTED_EDGE ( 'NONE', *, *, #5181, .F. ) ;
#3917 = CARTESIAN_POINT ( 'NONE',  ( -0.5250000000000000222, 1.649999999999999911, -1.025000000000000133 ) ) ;
#3918 = LINE ( 'NONE', #1321, #5434 ) ;
#3919 = CARTESIAN_POINT ( 'NONE',  ( 1.975000000000000089, 1.850000000000000089, -2.024999999999999911 ) ) ;
#3920 = VERTEX_POINT ( 'NONE', #4184 ) ;
#3921 = EDGE_LOOP ( 'NONE', ( #1729, #2591, #304, #552 ) ) ;
#3922 = COLOUR_RGB ( '',1.000000000000000000, 0.8039215686274510109, 0.4980392156862745168 ) ;
#3923 = EDGE_LOOP ( 'NONE', ( #6357, #4962, #5441, #3229, #4260, #2991, #4492, #2947 ) ) ;
#3924 = VERTEX_POINT ( 'NONE', #5630 ) ;
#3925 = FILL_AREA_STYLE ('',( #4432 ) ) ;
#3926 = DIRECTION ( 'NONE',  ( 0.0000000000000000000, 1.000000000000000000, 0.0000000000000000000 ) ) ;
#3927 = LINE ( 'NONE', #4231, #1998 ) ;
#3928 = STYLED_ITEM ( 'NONE', ( #1135 ), #2829 ) ;
#3929 = DIRECTION ( 'NONE',  ( 0.0000000000000000000, -1.000000000000000000, 0.0000000000000000000 ) ) ;
#3930 = VERTEX_POINT ( 'NONE', #1712 ) ;
#3931 = DIRECTION ( 'NONE',  ( 0.0000000000000000000, -1.000000000000000000, 0.0000000000000000000 ) ) ;
#3932 = SURFACE_STYLE_FILL_AREA ( #5432 ) ;
#3933 = ORIENTED_EDGE ( 'NONE', *, *, #5268, .F. ) ;
#3934 = ORIENTED_EDGE ( 'NONE', *, *, #1634, .T. ) ;
#3935 = LINE ( 'NONE', #3089, #3703 ) ;
#3936 = UNCERTAINTY_MEASURE_WITH_UNIT (LENGTH_MEASURE( 1.000000000000000082E-05 ), #3059, 'distance_accuracy_value', 'NONE');
#3937 = ORIENTED_EDGE ( 'NONE', *, *, #4017, .T. ) ;
#3938 = CARTESIAN_POINT ( 'NONE',  ( 2.625000000000000000, 3.149999999999999911, -2.024999999999999911 ) ) ;
#3939 = DIRECTION ( 'NONE',  ( 0.0000000000000000000, 0.0000000000000000000, 1.000000000000000000 ) ) ;
#3940 = ORIENTED_EDGE ( 'NONE', *, *, #636, .F. ) ;
#3941 = LINE ( 'NONE', #5178, #2168 ) ;
#3942 = CARTESIAN_POINT ( 'NONE',  ( 4.125000000000000000, 0.6000000000000024203, 1.375000000000002442 ) ) ;
#3943 = AXIS2_PLACEMENT_3D ( 'NONE', #619, #1129, #641 ) ;
#3944 = SURFACE_STYLE_FILL_AREA ( #354 ) ;
#3945 = ORIENTED_EDGE ( 'NONE', *, *, #2381, .F. ) ;
#3946 = ADVANCED_FACE ( 'NONE', ( #3285 ), #4581, .F. ) ;
#3947 = ORIENTED_EDGE ( 'NONE', *, *, #2556, .T. ) ;
#3948 = LINE ( 'NONE', #4097, #1298 ) ;
#3949 = DIRECTION ( 'NONE',  ( 0.0000000000000000000, 1.339206523454101388E-15, 1.000000000000000000 ) ) ;
#3950 = ORIENTED_EDGE ( 'NONE', *, *, #3506, .F. ) ;
#3951 = VECTOR ( 'NONE', #2704, 1000.000000000000000 ) ;
#3952 = DIRECTION ( 'NONE',  ( 0.0000000000000000000, -1.000000000000000000, 0.0000000000000000000 ) ) ;
#3953 = SURFACE_STYLE_FILL_AREA ( #5929 ) ;
#3954 = DIRECTION ( 'NONE',  ( -0.0000000000000000000, 1.000000000000000000, 0.0000000000000000000 ) ) ;
#3955 = DIRECTION ( 'NONE',  ( -1.000000000000000000, 0.0000000000000000000, 0.0000000000000000000 ) ) ;
#3956 = DIRECTION ( 'NONE',  ( 0.0000000000000000000, 2.552445434498790050E-15, -1.000000000000000000 ) ) ;
#3957 = EDGE_CURVE ( 'NONE', #868, #4725, #139, .T. ) ;
#3958 = CARTESIAN_POINT ( 'NONE',  ( -2.875000000000000000, 1.949999999999999956, 2.024999999999999911 ) ) ;
#3959 = PRESENTATION_LAYER_ASSIGNMENT (  '', '', ( #1627 ) ) ;
#3960 = CARTESIAN_POINT ( 'NONE',  ( -0.5250000000000000222, 0.0000000000000000000, -1.525000000000000133 ) ) ;
#3961 = DIRECTION ( 'NONE',  ( 0.0000000000000000000, 0.0000000000000000000, 1.000000000000000000 ) ) ;
#3962 = VECTOR ( 'NONE', #819, 1000.000000000000000 ) ;
#3963 = EDGE_CURVE ( 'NONE', #3378, #4190, #74, .T. ) ;
#3964 =( NAMED_UNIT ( * ) SI_UNIT ( $, .STERADIAN. ) SOLID_ANGLE_UNIT ( ) );
#3965 = CARTESIAN_POINT ( 'NONE',  ( -2.475000000000000089, 1.999999999999997780, -2.075000000000008615 ) ) ;
#3966 = COLOUR_RGB ( '',1.000000000000000000, 1.000000000000000000, 1.000000000000000000 ) ;
#3967 = ORIENTED_EDGE ( 'NONE', *, *, #6192, .T. ) ;
#3968 = EDGE_CURVE ( 'NONE', #703, #5664, #2966, .T. ) ;
#3969 = VECTOR ( 'NONE', #3990, 1000.000000000000000 ) ;
#3970 = CARTESIAN_POINT ( 'NONE',  ( -2.875000000000000000, 3.600000000000000977, -1.425000000000000044 ) ) ;
#3971 = VECTOR ( 'NONE', #5274, 1000.000000000000000 ) ;
#3972 = CARTESIAN_POINT ( 'NONE',  ( 0.4249999999999999889, 1.649999999999999911, -1.698606797699999893 ) ) ;
#3973 = LINE ( 'NONE', #1843, #2651 ) ;
#3974 = PLANE ( 'NONE',  #6041 ) ;
#3975 = ADVANCED_FACE ( 'NONE', ( #1331 ), #2099, .F. ) ;
#3976 = ORIENTED_EDGE ( 'NONE', *, *, #2470, .T. ) ;
#3977 = PLANE ( 'NONE',  #1968 ) ;
#3978 = EDGE_CURVE ( 'NONE', #1364, #3606, #1491, .T. ) ;
#3979 = CARTESIAN_POINT ( 'NONE',  ( -0.5250000000000000222, -0.6500000000000000222, -2.075000000000000178 ) ) ;
#3980 = AXIS2_PLACEMENT_3D ( 'NONE', #698, #1209, #720 ) ;
#3981 = ORIENTED_EDGE ( 'NONE', *, *, #4255, .T. ) ;
#3982 = CARTESIAN_POINT ( 'NONE',  ( -2.875000000000000000, 4.250000000000000000, -2.024999999999999911 ) ) ;
#3983 = ORIENTED_EDGE ( 'NONE', *, *, #2827, .F. ) ;
#3984 = CARTESIAN_POINT ( 'NONE',  ( -2.500000000000000000, 4.240000000000000213, 2.024999999999999911 ) ) ;
#3985 = VERTEX_POINT ( 'NONE', #2000 ) ;
#3986 = DIRECTION ( 'NONE',  ( 1.000000000000000000, 0.0000000000000000000, 0.0000000000000000000 ) ) ;
#3987 = LINE ( 'NONE', #1941, #1264 ) ;
#3988 = EDGE_LOOP ( 'NONE', ( #2002, #6154, #3261, #3405, #1337, #6201, #5806, #5340, #5356, #2710, #2228, #4222, #4345, #2782, #49, #2296 ) ) ;
#3989 = AXIS2_PLACEMENT_3D ( 'NONE', #2297, #2719, #2320 ) ;
#3990 = DIRECTION ( 'NONE',  ( -1.000000000000000000, 0.0000000000000000000, 0.0000000000000000000 ) ) ;
#3991 = ORIENTED_EDGE ( 'NONE', *, *, #453, .F. ) ;
#3992 = LINE ( 'NONE', #5525, #2674 ) ;
#3993 = EDGE_CURVE ( 'NONE', #1902, #3365, #4332, .T. ) ;
#3994 = CARTESIAN_POINT ( 'NONE',  ( -2.875000000000000000, 0.0000000000000000000, 2.024999999999999911 ) ) ;
#3995 = CARTESIAN_POINT ( 'NONE',  ( -0.7249999999999999778, 0.05000000000000002359, -1.524999999999999689 ) ) ;
#3996 = PLANE ( 'NONE',  #1398 ) ;
#3997 = ORIENTED_EDGE ( 'NONE', *, *, #4956, .F. ) ;
#3998 = DIRECTION ( 'NONE',  ( 0.0000000000000000000, 0.0000000000000000000, 1.000000000000000000 ) ) ;
#3999 = EDGE_CURVE ( 'NONE', #4910, #1057, #1253, .T. ) ;
#4000 = FACE_OUTER_BOUND ( 'NONE', #808, .T. ) ;
#4001 = DIRECTION ( 'NONE',  ( 0.0000000000000000000, -1.000000000000000000, 0.0000000000000000000 ) ) ;
#4002 = EDGE_CURVE ( 'NONE', #5195, #5562, #4554, .T. ) ;
#4003 = ORIENTED_EDGE ( 'NONE', *, *, #447, .T. ) ;
#4004 = DIRECTION ( 'NONE',  ( 0.0000000000000000000, 3.252606517456512119E-15, -1.000000000000000000 ) ) ;
#4005 = PLANE ( 'NONE',  #597 ) ;
#4006 = ORIENTED_EDGE ( 'NONE', *, *, #5643, .T. ) ;
#4007 = LINE ( 'NONE', #3840, #2230 ) ;
#4008 = ADVANCED_FACE ( 'NONE', ( #1102 ), #2024, .T. ) ;
#4009 = ORIENTED_EDGE ( 'NONE', *, *, #6010, .F. ) ;
#4010 = VECTOR ( 'NONE', #3191, 1000.000000000000000 ) ;
#4011 = DIRECTION ( 'NONE',  ( -1.000000000000000000, -0.0000000000000000000, -0.0000000000000000000 ) ) ;
#4012 = ORIENTED_EDGE ( 'NONE', *, *, #3664, .F. ) ;
#4013 = LINE ( 'NONE', #5269, #6243 ) ;
#4014 = LINE ( 'NONE', #3972, #4075 ) ;
#4015 = CARTESIAN_POINT ( 'NONE',  ( 0.5250000000000000222, 1.850000000000000089, 2.024999999999999911 ) ) ;
#4016 = VECTOR ( 'NONE', #3283, 1000.000000000000000 ) ;
#4017 = EDGE_CURVE ( 'NONE', #5338, #1282, #5772, .T. ) ;
#4018 = CARTESIAN_POINT ( 'NONE',  ( -2.875000000000000000, 0.0000000000000000000, 0.0000000000000000000 ) ) ;
#4019 = VECTOR ( 'NONE', #4518, 1000.000000000000000 ) ;
#4020 = ORIENTED_EDGE ( 'NONE', *, *, #2067, .T. ) ;
#4021 = PLANE ( 'NONE',  #397 ) ;
#4022 = ORIENTED_EDGE ( 'NONE', *, *, #1580, .F. ) ;
#4023 = CARTESIAN_POINT ( 'NONE',  ( -1.875000000000000000, 0.5000000000000000000, 2.024999999999999911 ) ) ;
#4024 = LINE ( 'NONE', #142, #2626 ) ;
#4025 = LINE ( 'NONE', #2637, #438 ) ;
#4026 = ORIENTED_EDGE ( 'NONE', *, *, #4503, .T. ) ;
#4027 = STYLED_ITEM ( 'NONE', ( #1083 ), #5063 ) ;
#4028 = VECTOR ( 'NONE', #5428, 1000.000000000000000 ) ;
#4029 = DIRECTION ( 'NONE',  ( 0.0000000000000000000, 1.000000000000000000, 0.0000000000000000000 ) ) ;
#4030 = FACE_OUTER_BOUND ( 'NONE', #149, .T. ) ;
#4031 = LINE ( 'NONE', #6294, #2181 ) ;
#4032 = DIRECTION ( 'NONE',  ( -0.0000000000000000000, 1.000000000000000000, 0.0000000000000000000 ) ) ;
#4033 = DIRECTION ( 'NONE',  ( -1.000000000000000000, 0.0000000000000000000, 0.0000000000000000000 ) ) ;
#4034 = EDGE_CURVE ( 'NONE', #393, #4559, #6213, .T. ) ;
#4035 = LINE ( 'NONE', #4530, #5540 ) ;
#4036 = ORIENTED_EDGE ( 'NONE', *, *, #4407, .F. ) ;
#4037 = DIRECTION ( 'NONE',  ( -0.0000000000000000000, 1.000000000000000000, -0.0000000000000000000 ) ) ;
#4038 = ADVANCED_FACE ( 'NONE', ( #3741, #223, #4051, #1727 ), #4377, .F. ) ;
#4039 = ORIENTED_EDGE ( 'NONE', *, *, #1296, .T. ) ;
#4040 = EDGE_CURVE ( 'NONE', #1667, #4292, #2281, .T. ) ;
#4041 = VERTEX_POINT ( 'NONE', #6099 ) ;
#4042 = EDGE_LOOP ( 'NONE', ( #5225, #2043, #5025, #3507, #5813 ) ) ;
#4043 = CARTESIAN_POINT ( 'NONE',  ( 1.975000000000000089, 0.0000000000000000000, -2.024999999999999911 ) ) ;
#4044 = ORIENTED_EDGE ( 'NONE', *, *, #4501, .T. ) ;
#4045 = EDGE_CURVE ( 'NONE', #1600, #3554, #2360, .T. ) ;
#4046 = VERTEX_POINT ( 'NONE', #1951 ) ;
#4047 = SURFACE_STYLE_USAGE ( .BOTH. , #73 ) ;
#4048 = ORIENTED_EDGE ( 'NONE', *, *, #586, .F. ) ;
#4049 = CARTESIAN_POINT ( 'NONE',  ( 4.125000000000000000, 2.000000000000000000, -1.425000000000000044 ) ) ;
#4050 = PRODUCT_DEFINITION_SHAPE ( 'NONE', 'NONE',  #3287 ) ;
#4051 = FACE_OUTER_BOUND ( 'NONE', #3158, .T. ) ;
#4052 = VERTEX_POINT ( 'NONE', #2456 ) ;
#4053 = PLANE ( 'NONE',  #4849 ) ;
#4054 = ORIENTED_EDGE ( 'NONE', *, *, #3993, .F. ) ;
#4055 = ORIENTED_EDGE ( 'NONE', *, *, #1835, .T. ) ;
#4056 = DIRECTION ( 'NONE',  ( 0.0000000000000000000, -1.000000000000000000, 0.0000000000000000000 ) ) ;
#4057 = EDGE_LOOP ( 'NONE', ( #2559, #5360, #1533, #4403 ) ) ;
#4058 = EDGE_LOOP ( 'NONE', ( #5440, #519, #3737, #5117 ) ) ;
#4059 = AXIS2_PLACEMENT_3D ( 'NONE', #4754, #2815, #1334 ) ;
#4060 = LINE ( 'NONE', #116, #5022 ) ;
#4061 = VERTEX_POINT ( 'NONE', #3419 ) ;
#4062 = ORIENTED_EDGE ( 'NONE', *, *, #5289, .F. ) ;
#4063 = DIRECTION ( 'NONE',  ( 0.0000000000000000000, -1.000000000000000000, 0.0000000000000000000 ) ) ;
#4064 = CARTESIAN_POINT ( 'NONE',  ( 4.125000000000000000, 0.6000000000000076383, -0.2249999999999982014 ) ) ;
#4065 = LINE ( 'NONE', #5149, #1898 ) ;
#4066 = ADVANCED_FACE ( 'NONE', ( #1796 ), #2959, .T. ) ;
#4067 = ORIENTED_EDGE ( 'NONE', *, *, #2143, .F. ) ;
#4068 = CARTESIAN_POINT ( 'NONE',  ( 3.125000000000000000, 2.550000000000000266, -1.474999999999999867 ) ) ;
#4069 = DIRECTION ( 'NONE',  ( -0.0000000000000000000, 0.0000000000000000000, 1.000000000000000000 ) ) ;
#4070 = DIRECTION ( 'NONE',  ( -1.000000000000000000, 0.0000000000000000000, 0.0000000000000000000 ) ) ;
#4071 = FACE_OUTER_BOUND ( 'NONE', #2145, .T. ) ;
#4072 =( LENGTH_UNIT ( ) NAMED_UNIT ( * ) SI_UNIT ( .MILLI., .METRE. ) );
#4073 = ORIENTED_EDGE ( 'NONE', *, *, #636, .T. ) ;
#4074 = EDGE_CURVE ( 'NONE', #2615, #5848, #3279, .T. ) ;
#4075 = VECTOR ( 'NONE', #4944, 1000.000000000000000 ) ;
#4076 = LINE ( 'NONE', #1714, #1432 ) ;
#4077 = CARTESIAN_POINT ( 'NONE',  ( 0.7349999999999999867, 1.850000000000000089, -2.024999999999999911 ) ) ;
#4078 = CARTESIAN_POINT ( 'NONE',  ( 2.125000000000000000, 3.750000000000000000, -2.024999999999999911 ) ) ;
#4079 = FILL_AREA_STYLE_COLOUR ( '', #6157 ) ;
#4080 = AXIS2_PLACEMENT_3D ( 'NONE', #4271, #1849, #5715 ) ;
#4081 = VERTEX_POINT ( 'NONE', #3357 ) ;
#4082 = ORIENTED_EDGE ( 'NONE', *, *, #1588, .T. ) ;
#4083 = EDGE_CURVE ( 'NONE', #2772, #1204, #4711, .T. ) ;
#4084 = CARTESIAN_POINT ( 'NONE',  ( 3.725000000000000533, 2.224999999999998757, -2.025000000000007905 ) ) ;
#4085 = ORIENTED_EDGE ( 'NONE', *, *, #4002, .T. ) ;
#4086 = EDGE_CURVE ( 'NONE', #3590, #5313, #5015, .T. ) ;
#4087 = VECTOR ( 'NONE', #4342, 1000.000000000000000 ) ;
#4088 = ORIENTED_EDGE ( 'NONE', *, *, #1226, .F. ) ;
#4089 = ORIENTED_EDGE ( 'NONE', *, *, #175, .F. ) ;
#4090 = DIRECTION ( 'NONE',  ( -1.000000000000000000, 0.0000000000000000000, 0.0000000000000000000 ) ) ;
#4091 = ORIENTED_EDGE ( 'NONE', *, *, #994, .F. ) ;
#4092 = LINE ( 'NONE', #3148, #985 ) ;
#4093 = PLANE ( 'NONE',  #800 ) ;
#4094 = VERTEX_POINT ( 'NONE', #4804 ) ;
#4095 = CARTESIAN_POINT ( 'NONE',  ( -2.475000000000000089, 3.599999999999999201, -0.07500000000000128786 ) ) ;
#4096 = SURFACE_STYLE_FILL_AREA ( #156 ) ;
#4097 = CARTESIAN_POINT ( 'NONE',  ( -0.7249999999999999778, 0.0000000000000000000, 2.024999999999999911 ) ) ;
#4098 = AXIS2_PLACEMENT_3D ( 'NONE', #1721, #6042, #5598 ) ;
#4099 = DIRECTION ( 'NONE',  ( -0.0000000000000000000, 0.7468134723257140450, 0.6650335612228979176 ) ) ;
#4100 = ADVANCED_FACE ( 'NONE', ( #1962 ), #1439, .T. ) ;
#4101 = CARTESIAN_POINT ( 'NONE',  ( 1.775000000000000133, 1.795247431900000024, 2.024999999999999911 ) ) ;
#4102 = DIRECTION ( 'NONE',  ( 0.0000000000000000000, 1.000000000000000000, 0.0000000000000000000 ) ) ;
#4103 = FACE_OUTER_BOUND ( 'NONE', #5351, .T. ) ;
#4104 = AXIS2_PLACEMENT_3D ( 'NONE', #3492, #4452, #2061 ) ;
#4105 = DIRECTION ( 'NONE',  ( 0.0000000000000000000, -1.000000000000000000, 0.0000000000000000000 ) ) ;
#4106 =( GEOMETRIC_REPRESENTATION_CONTEXT ( 3 ) GLOBAL_UNCERTAINTY_ASSIGNED_CONTEXT ( ( #1824 ) ) GLOBAL_UNIT_ASSIGNED_CONTEXT ( ( #5344, #4273, #2877 ) ) REPRESENTATION_CONTEXT ( 'NONE', 'WORKASPACE' ) );
#4107 = CARTESIAN_POINT ( 'NONE',  ( 4.125000000000000000, 1.000000000000000000, -1.525000000000000133 ) ) ;
#4108 = LINE ( 'NONE', #2845, #1468 ) ;
#4109 = CARTESIAN_POINT ( 'NONE',  ( 0.7250000000000000888, 0.5000000000000000000, 0.0000000000000000000 ) ) ;
#4110 = VECTOR ( 'NONE', #736, 1000.000000000000000 ) ;
#4111 = ORIENTED_EDGE ( 'NONE', *, *, #2347, .T. ) ;
#4112 = EDGE_CURVE ( 'NONE', #859, #1902, #4399, .T. ) ;
#4113 = ORIENTED_EDGE ( 'NONE', *, *, #5603, .F. ) ;
#4114 = LINE ( 'NONE', #1513, #6067 ) ;
#4115 = EDGE_CURVE ( 'NONE', #2333, #575, #5484, .T. ) ;
#4116 = CARTESIAN_POINT ( 'NONE',  ( -1.375000000000000000, 3.750000000000000000, 0.02500000000000000139 ) ) ;
#4117 = VECTOR ( 'NONE', #5137, 1000.000000000000000 ) ;
#4118 = EDGE_CURVE ( 'NONE', #3892, #6276, #5701, .T. ) ;
#4119 = ORIENTED_EDGE ( 'NONE', *, *, #3743, .T. ) ;
#4120 = FACE_OUTER_BOUND ( 'NONE', #6322, .T. ) ;
#4121 = ORIENTED_EDGE ( 'NONE', *, *, #3679, .F. ) ;
#4122 = CARTESIAN_POINT ( 'NONE',  ( 0.7349999999999999867, 1.850000000000000089, -2.024999999999999911 ) ) ;
#4123 = UNCERTAINTY_MEASURE_WITH_UNIT (LENGTH_MEASURE( 1.000000000000000082E-05 ), #6056, 'distance_accuracy_value', 'NONE');
#4124 = DIRECTION ( 'NONE',  ( 0.0000000000000000000, 1.000000000000000000, -3.295974604355814534E-17 ) ) ;
#4125 = ORIENTED_EDGE ( 'NONE', *, *, #369, .F. ) ;
#4126 = VECTOR ( 'NONE', #4132, 1000.000000000000000 ) ;
#4127 = EDGE_LOOP ( 'NONE', ( #2332, #1803, #3298, #3424 ) ) ;
#4128 = ORIENTED_EDGE ( 'NONE', *, *, #4464, .T. ) ;
#4129 = LINE ( 'NONE', #3197, #2294 ) ;
#4130 = VERTEX_POINT ( 'NONE', #4925 ) ;
#4131 = PLANE ( 'NONE',  #6015 ) ;
#4132 = DIRECTION ( 'NONE',  ( -1.000000000000000000, 0.0000000000000000000, 0.0000000000000000000 ) ) ;
#4133 = VERTEX_POINT ( 'NONE', #2968 ) ;
#4134 = AXIS2_PLACEMENT_3D ( 'NONE', #1551, #1077, #5946 ) ;
#4135 = FILL_AREA_STYLE_COLOUR ( '', #1366 ) ;
#4136 = EDGE_LOOP ( 'NONE', ( #243, #2912, #252, #2390 ) ) ;
#4137 = CARTESIAN_POINT ( 'NONE',  ( -2.024999999999999911, 2.250000000000000000, -2.024999999999999911 ) ) ;
#4138 = LINE ( 'NONE', #3028, #797 ) ;
#4139 = DIRECTION ( 'NONE',  ( 0.0000000000000000000, 0.0000000000000000000, -1.000000000000000000 ) ) ;
#4140 = SURFACE_SIDE_STYLE ('',( #1291 ) ) ;
#4141 = ORIENTED_EDGE ( 'NONE', *, *, #586, .T. ) ;
#4142 = ORIENTED_EDGE ( 'NONE', *, *, #1090, .F. ) ;
#4143 = CARTESIAN_POINT ( 'NONE',  ( 1.675000000000000044, 1.850000000000000089, -1.474999999999999867 ) ) ;
#4144 = ORIENTED_EDGE ( 'NONE', *, *, #1544, .F. ) ;
#4145 = LINE ( 'NONE', #748, #4010 ) ;
#4146 = EDGE_CURVE ( 'NONE', #6196, #6292, #1026, .T. ) ;
#4147 = ORIENTED_EDGE ( 'NONE', *, *, #3875, .T. ) ;
#4148 = DIRECTION ( 'NONE',  ( 0.0000000000000000000, 1.000000000000000000, 0.0000000000000000000 ) ) ;
#4149 = FACE_OUTER_BOUND ( 'NONE', #4488, .T. ) ;
#4150 = DIRECTION ( 'NONE',  ( -1.000000000000000000, 0.0000000000000000000, 0.0000000000000000000 ) ) ;
#4151 = LINE ( 'NONE', #5796, #1529 ) ;
#4152 = DIRECTION ( 'NONE',  ( 1.000000000000000000, 0.0000000000000000000, -0.0000000000000000000 ) ) ;
#4153 = EDGE_LOOP ( 'NONE', ( #4568, #2865, #488, #4187 ) ) ;
#4154 = EDGE_CURVE ( 'NONE', #6132, #3365, #4636, .T. ) ;
#4155 = CARTESIAN_POINT ( 'NONE',  ( 2.125000000000000000, 3.750000000000000000, 2.024999999999999911 ) ) ;
#4156 = ADVANCED_FACE ( 'NONE', ( #2206 ), #1473, .F. ) ;
#4157 = DIRECTION ( 'NONE',  ( 1.000000000000000000, 0.0000000000000000000, -0.0000000000000000000 ) ) ;
#4158 =( LENGTH_UNIT ( ) NAMED_UNIT ( * ) SI_UNIT ( .MILLI., .METRE. ) );
#4159 = CARTESIAN_POINT ( 'NONE',  ( 0.7249999999999999778, 0.5000000000000000000, -1.525000000000000133 ) ) ;
#4160 = VECTOR ( 'NONE', #3670, 1000.000000000000000 ) ;
#4161 = VECTOR ( 'NONE', #4929, 1000.000000000000000 ) ;
#4162 = CARTESIAN_POINT ( 'NONE',  ( 2.875000000000000000, 1.000000000000000000, -2.024999999999999911 ) ) ;
#4163 = STYLED_ITEM ( 'NONE', ( #4251 ), #522 ) ;
#4164 = DIRECTION ( 'NONE',  ( 0.0000000000000000000, 1.000000000000000000, 3.219646771412953967E-15 ) ) ;
#4165 = VECTOR ( 'NONE', #837, 1000.000000000000114 ) ;
#4166 = DIRECTION ( 'NONE',  ( 1.000000000000000000, 0.0000000000000000000, 8.673617379884027583E-16 ) ) ;
#4167 = AXIS2_PLACEMENT_3D ( 'NONE', #4950, #2039, #5454 ) ;
#4168 = VECTOR ( 'NONE', #861, 1000.000000000000000 ) ;
#4169 = CARTESIAN_POINT ( 'NONE',  ( -0.7249999999999999778, -0.6500000000000000222, -1.775000000000000133 ) ) ;
#4170 = CARTESIAN_POINT ( 'NONE',  ( -2.274999999999999911, 2.000000000000000000, -2.024999999999999911 ) ) ;
#4171 = CARTESIAN_POINT ( 'NONE',  ( 1.974999999999999867, -0.6500000000000000222, -1.775000000000000133 ) ) ;
#4172 = SURFACE_STYLE_FILL_AREA ( #271 ) ;
#4173 = DIRECTION ( 'NONE',  ( 1.000000000000000000, 0.0000000000000000000, 0.0000000000000000000 ) ) ;
#4174 = VECTOR ( 'NONE', #3531, 1000.000000000000000 ) ;
#4175 = EDGE_LOOP ( 'NONE', ( #4216, #5279, #1642, #3141 ) ) ;
#4176 = CARTESIAN_POINT ( 'NONE',  ( -0.5250000000000000222, 1.350000000000000089, -1.525000000000000133 ) ) ;
#4177 = DIRECTION ( 'NONE',  ( -1.000000000000000000, 0.0000000000000000000, 0.0000000000000000000 ) ) ;
#4178 = EDGE_CURVE ( 'NONE', #10, #6044, #2430, .T. ) ;
#4179 = VECTOR ( 'NONE', #1035, 1000.000000000000000 ) ;
#4180 = EDGE_LOOP ( 'NONE', ( #1335, #2191, #4719, #143 ) ) ;
#4181 = STYLED_ITEM ( 'NONE', ( #3094 ), #1913 ) ;
#4182 = EDGE_CURVE ( 'NONE', #4647, #2589, #5940, .T. ) ;
#4183 = DIRECTION ( 'NONE',  ( 0.0000000000000000000, 2.997602166487923448E-15, -1.000000000000000000 ) ) ;
#4184 = CARTESIAN_POINT ( 'NONE',  ( -2.274999999999999911, 0.6000000000000076383, -0.2249999999999982014 ) ) ;
#4185 = VECTOR ( 'NONE', #3445, 1000.000000000000000 ) ;
#4186 = EDGE_CURVE ( 'NONE', #5194, #5338, #2057, .T. ) ;
#4187 = ORIENTED_EDGE ( 'NONE', *, *, #1928, .F. ) ;
#4188 = DIRECTION ( 'NONE',  ( 0.0000000000000000000, 1.000000000000000000, 0.0000000000000000000 ) ) ;
#4189 = LINE ( 'NONE', #7, #4481 ) ;
#4190 = VERTEX_POINT ( 'NONE', #5449 ) ;
#4191 = ORIENTED_EDGE ( 'NONE', *, *, #3306, .F. ) ;
#4192 = SURFACE_SIDE_STYLE ('',( #3708 ) ) ;
#4193 = LINE ( 'NONE', #3090, #1111 ) ;
#4194 = ORIENTED_EDGE ( 'NONE', *, *, #5840, .T. ) ;
#4195 = EDGE_LOOP ( 'NONE', ( #5884, #2265, #3371, #398 ) ) ;
#4196 = DIRECTION ( 'NONE',  ( 0.0000000000000000000, 0.0000000000000000000, -1.000000000000000000 ) ) ;
#4197 = CARTESIAN_POINT ( 'NONE',  ( 2.425000000000000266, 2.550000000000000266, 2.024999999999999911 ) ) ;
#4198 = EDGE_CURVE ( 'NONE', #5893, #1927, #2878, .T. ) ;
#4199 = SURFACE_STYLE_USAGE ( .BOTH. , #1744 ) ;
#4200 = PRESENTATION_STYLE_ASSIGNMENT (( #1481 ) ) ;
#4201 = ORIENTED_EDGE ( 'NONE', *, *, #878, .T. ) ;
#4202 = ORIENTED_EDGE ( 'NONE', *, *, #4118, .T. ) ;
#4203 = DIRECTION ( 'NONE',  ( -1.000000000000000000, 0.0000000000000000000, 0.0000000000000000000 ) ) ;
#4204 = LINE ( 'NONE', #1304, #3222 ) ;
#4205 = CARTESIAN_POINT ( 'NONE',  ( -2.500000000000000000, 4.250000000000000000, -2.024999999999999911 ) ) ;
#4206 = EDGE_LOOP ( 'NONE', ( #1005, #1569, #2243, #5098, #6096, #2364 ) ) ;
#4207 = VECTOR ( 'NONE', #5461, 1000.000000000000000 ) ;
#4208 = EDGE_LOOP ( 'NONE', ( #418, #6352, #3665, #1845 ) ) ;
#4209 = LINE ( 'NONE', #5866, #1595 ) ;
#4210 = ORIENTED_EDGE ( 'NONE', *, *, #2445, .T. ) ;
#4211 = DIRECTION ( 'NONE',  ( 0.0000000000000000000, 0.0000000000000000000, 1.000000000000000000 ) ) ;
#4212 = EDGE_LOOP ( 'NONE', ( #1550, #5264, #1079, #3611 ) ) ;
#4213 = EDGE_CURVE ( 'NONE', #3847, #5924, #4788, .T. ) ;
#4214 = ORIENTED_EDGE ( 'NONE', *, *, #4792, .F. ) ;
#4215 = VECTOR ( 'NONE', #3293, 1000.000000000000000 ) ;
#4216 = ORIENTED_EDGE ( 'NONE', *, *, #3757, .T. ) ;
#4217 =( NAMED_UNIT ( * ) SI_UNIT ( $, .STERADIAN. ) SOLID_ANGLE_UNIT ( ) );
#4218 = ORIENTED_EDGE ( 'NONE', *, *, #2111, .T. ) ;
#4219 =( LENGTH_UNIT ( ) NAMED_UNIT ( * ) SI_UNIT ( .MILLI., .METRE. ) );
#4220 = VECTOR ( 'NONE', #6219, 1000.000000000000000 ) ;
#4221 = CARTESIAN_POINT ( 'NONE',  ( 1.985000000000000320, 1.649999999999999911, -1.474999999999999867 ) ) ;
#4222 = ORIENTED_EDGE ( 'NONE', *, *, #2312, .T. ) ;
#4223 = EDGE_CURVE ( 'NONE', #1371, #4885, #5179, .T. ) ;
#4224 = ORIENTED_EDGE ( 'NONE', *, *, #2114, .F. ) ;
#4225 = EDGE_CURVE ( 'NONE', #5123, #270, #2052, .T. ) ;
#4226 = CARTESIAN_POINT ( 'NONE',  ( 0.7249999999999999778, 0.0000000000000000000, -1.525000000000000133 ) ) ;
#4227 = CARTESIAN_POINT ( 'NONE',  ( 3.275000000000000355, 1.980741759643274369, -2.024999999999999911 ) ) ;
#4228 = FACE_OUTER_BOUND ( 'NONE', #2159, .T. ) ;
#4229 = LINE ( 'NONE', #789, #1537 ) ;
#4230 = CARTESIAN_POINT ( 'NONE',  ( -2.875000000000000000, 2.000000000000000000, -1.425000000000000044 ) ) ;
#4231 = CARTESIAN_POINT ( 'NONE',  ( -0.7249999999999999778, 1.649999999999999911, -1.025000000000000133 ) ) ;
#4232 = VECTOR ( 'NONE', #1094, 1000.000000000000000 ) ;
#4233 = PRESENTATION_STYLE_ASSIGNMENT (( #1996 ) ) ;
#4234 = PLANE ( 'NONE',  #2572 ) ;
#4235 = AXIS2_PLACEMENT_3D ( 'NONE', #700, #6113, #4629 ) ;
#4236 = CARTESIAN_POINT ( 'NONE',  ( 2.125000000000000000, 3.750000000000000000, -2.024999999999999911 ) ) ;
#4237 = FILL_AREA_STYLE ('',( #1561 ) ) ;
#4238 = VECTOR ( 'NONE', #5620, 1000.000000000000000 ) ;
#4239 = PRESENTATION_LAYER_ASSIGNMENT (  '', '', ( #3152 ) ) ;
#4240 = VECTOR ( 'NONE', #1789, 1000.000000000000000 ) ;
#4241 = ORIENTED_EDGE ( 'NONE', *, *, #6313, .F. ) ;
#4242 = CARTESIAN_POINT ( 'NONE',  ( 0.5250000000000000222, 1.850000000000000089, -1.698606797699999893 ) ) ;
#4243 = MECHANICAL_DESIGN_GEOMETRIC_PRESENTATION_REPRESENTATION (  '', ( #3724 ), #932 ) ;
#4244 = ORIENTED_EDGE ( 'NONE', *, *, #1509, .F. ) ;
#4245 = VECTOR ( 'NONE', #4593, 1000.000000000000000 ) ;
#4246 = VERTEX_POINT ( 'NONE', #4269 ) ;
#4247 = PLANE ( 'NONE',  #5087 ) ;
#4248 = LINE ( 'NONE', #1978, #6071 ) ;
#4249 = ORIENTED_EDGE ( 'NONE', *, *, #4628, .F. ) ;
#4250 = CARTESIAN_POINT ( 'NONE',  ( 0.7349999999999999867, 1.649999999999999911, -1.698606797699999893 ) ) ;
#4251 = PRESENTATION_STYLE_ASSIGNMENT (( #941 ) ) ;
#4252 = ORIENTED_EDGE ( 'NONE', *, *, #1054, .F. ) ;
#4253 = CARTESIAN_POINT ( 'NONE',  ( 0.7249999999999999778, 1.350000000000000089, 1.525000000000000133 ) ) ;
#4254 = DIRECTION ( 'NONE',  ( 0.0000000000000000000, -0.0000000000000000000, 1.000000000000000000 ) ) ;
#4255 = EDGE_CURVE ( 'NONE', #2153, #931, #303, .T. ) ;
#4256 = CARTESIAN_POINT ( 'NONE',  ( -2.274999999999999911, 4.250000000000000000, -0.07499999999999998335 ) ) ;
#4257 = VECTOR ( 'NONE', #926, 1000.000000000000000 ) ;
#4258 = ORIENTED_EDGE ( 'NONE', *, *, #6127, .T. ) ;
#4259 = VECTOR ( 'NONE', #1033, 1000.000000000000000 ) ;
#4260 = ORIENTED_EDGE ( 'NONE', *, *, #5819, .T. ) ;
#4261 = EDGE_CURVE ( 'NONE', #2830, #1130, #1247, .T. ) ;
#4262 = DIRECTION ( 'NONE',  ( 0.0000000000000000000, 1.000000000000000000, 0.0000000000000000000 ) ) ;
#4263 = VERTEX_POINT ( 'NONE', #6054 ) ;
#4264 = UNCERTAINTY_MEASURE_WITH_UNIT (LENGTH_MEASURE( 1.000000000000000082E-05 ), #4742, 'distance_accuracy_value', 'NONE');
#4265 = EDGE_CURVE ( 'NONE', #1434, #1492, #4941, .T. ) ;
#4266 = CARTESIAN_POINT ( 'NONE',  ( 0.7249999999999999778, 0.5000000000000000000, 2.024999999999999911 ) ) ;
#4267 = VECTOR ( 'NONE', #1585, 1000.000000000000000 ) ;
#4268 = VERTEX_POINT ( 'NONE', #3689 ) ;
#4269 = CARTESIAN_POINT ( 'NONE',  ( 4.125000000000000000, 0.6000000000000076383, -0.2249999999999982014 ) ) ;
#4270 = ORIENTED_EDGE ( 'NONE', *, *, #6028, .F. ) ;
#4271 = CARTESIAN_POINT ( 'NONE',  ( 3.525000000000000355, 2.250000000000000000, -2.024999999999999911 ) ) ;
#4272 = EDGE_LOOP ( 'NONE', ( #3065, #3888, #5420, #2278 ) ) ;
#4273 =( NAMED_UNIT ( * ) PLANE_ANGLE_UNIT ( ) SI_UNIT ( $, .RADIAN. ) );
#4274 = ADVANCED_FACE ( 'NONE', ( #4120 ), #5711, .F. ) ;
#4275 = DIRECTION ( 'NONE',  ( 0.0000000000000000000, 3.252606517456512119E-15, -1.000000000000000000 ) ) ;
#4276 = DIRECTION ( 'NONE',  ( 0.0000000000000000000, 0.0000000000000000000, -1.000000000000000000 ) ) ;
#4277 = ORIENTED_EDGE ( 'NONE', *, *, #5883, .F. ) ;
#4278 = SURFACE_SIDE_STYLE ('',( #1947 ) ) ;
#4279 = VECTOR ( 'NONE', #3485, 1000.000000000000000 ) ;
#4280 = AXIS2_PLACEMENT_3D ( 'NONE', #4730, #3614, #18 ) ;
#4281 = ORIENTED_EDGE ( 'NONE', *, *, #5457, .T. ) ;
#4282 = ORIENTED_EDGE ( 'NONE', *, *, #4339, .T. ) ;
#4283 = DIRECTION ( 'NONE',  ( 0.0000000000000000000, 1.000000000000000000, 0.0000000000000000000 ) ) ;
#4284 = VERTEX_POINT ( 'NONE', #3727 ) ;
#4285 = PLANE ( 'NONE',  #117 ) ;
#4286 = VERTEX_POINT ( 'NONE', #4642 ) ;
#4287 = LINE ( 'NONE', #1119, #5120 ) ;
#4288 = VECTOR ( 'NONE', #5912, 1000.000000000000000 ) ;
#4289 = VERTEX_POINT ( 'NONE', #5369 ) ;
#4290 = VECTOR ( 'NONE', #1964, 1000.000000000000000 ) ;
#4291 = EDGE_CURVE ( 'NONE', #3016, #4, #3887, .T. ) ;
#4292 = VERTEX_POINT ( 'NONE', #3907 ) ;
#4293 = CARTESIAN_POINT ( 'NONE',  ( 3.525000000000000355, 3.600000000000000977, -1.425000000000000044 ) ) ;
#4294 = EDGE_CURVE ( 'NONE', #5480, #572, #5010, .T. ) ;
#4295 = VECTOR ( 'NONE', #5673, 1000.000000000000000 ) ;
#4296 = ADVANCED_FACE ( 'NONE', ( #2582 ), #3091, .T. ) ;
#4297 = EDGE_CURVE ( 'NONE', #1410, #4441, #382, .T. ) ;
#4298 = VECTOR ( 'NONE', #944, 1000.000000000000000 ) ;
#4299 = SURFACE_SIDE_STYLE ('',( #843 ) ) ;
#4300 = DIRECTION ( 'NONE',  ( 0.0000000000000000000, -1.000000000000000000, 0.0000000000000000000 ) ) ;
#4301 = VECTOR ( 'NONE', #3483, 1000.000000000000000 ) ;
#4302 = COLOUR_RGB ( '',1.000000000000000000, 1.000000000000000000, 1.000000000000000000 ) ;
#4303 = DIRECTION ( 'NONE',  ( -0.0000000000000000000, 1.000000000000000000, 0.0000000000000000000 ) ) ;
#4304 = CARTESIAN_POINT ( 'NONE',  ( 1.675000000000000044, 1.850000000000000089, -1.474999999999999867 ) ) ;
#4305 = SURFACE_STYLE_USAGE ( .BOTH. , #811 ) ;
#4306 = VERTEX_POINT ( 'NONE', #4947 ) ;
#4307 = EDGE_CURVE ( 'NONE', #809, #5618, #2425, .T. ) ;
#4308 = DIRECTION ( 'NONE',  ( 0.0000000000000000000, 0.0000000000000000000, 1.000000000000000000 ) ) ;
#4309 =( LENGTH_UNIT ( ) NAMED_UNIT ( * ) SI_UNIT ( .MILLI., .METRE. ) );
#4310 = AXIS2_PLACEMENT_3D ( 'NONE', #2974, #2534, #3477 ) ;
#4311 = CARTESIAN_POINT ( 'NONE',  ( -0.5250000000000000222, 0.5000000000000000000, 2.024999999999999911 ) ) ;
#4312 = LINE ( 'NONE', #5644, #2266 ) ;
#4313 = VERTEX_POINT ( 'NONE', #6111 ) ;
#4314 = VERTEX_POINT ( 'NONE', #6265 ) ;
#4315 = AXIS2_PLACEMENT_3D ( 'NONE', #5183, #2284, #5662 ) ;
#4316 = CARTESIAN_POINT ( 'NONE',  ( 1.975000000000000089, 1.850000000000000089, -1.025000000000000133 ) ) ;
#4317 = DIRECTION ( 'NONE',  ( -1.000000000000000000, 0.0000000000000000000, 0.0000000000000000000 ) ) ;
#4318 = VECTOR ( 'NONE', #469, 1000.000000000000000 ) ;
#4319 = SURFACE_STYLE_USAGE ( .BOTH. , #4299 ) ;
#4320 = VECTOR ( 'NONE', #3723, 1000.000000000000000 ) ;
#4321 = FACE_OUTER_BOUND ( 'NONE', #3231, .T. ) ;
#4322 =( NAMED_UNIT ( * ) SI_UNIT ( $, .STERADIAN. ) SOLID_ANGLE_UNIT ( ) );
#4323 = ADVANCED_FACE ( 'NONE', ( #1641 ), #3318, .T. ) ;
#4324 = CARTESIAN_POINT ( 'NONE',  ( 1.975000000000000089, 0.0000000000000000000, -1.525000000000000133 ) ) ;
#4325 = VECTOR ( 'NONE', #5857, 1000.000000000000000 ) ;
#4326 = ORIENTED_EDGE ( 'NONE', *, *, #2187, .F. ) ;
#4327 = DIRECTION ( 'NONE',  ( 1.000000000000000000, 0.0000000000000000000, 0.0000000000000000000 ) ) ;
#4328 = EDGE_CURVE ( 'NONE', #5011, #2867, #62, .T. ) ;
#4329 = LINE ( 'NONE', #1197, #5558 ) ;
#4330 = FILL_AREA_STYLE ('',( #1362 ) ) ;
#4331 = CARTESIAN_POINT ( 'NONE',  ( -0.8249999999999999556, 1.649999999999999911, -1.474999999999999867 ) ) ;
#4332 = LINE ( 'NONE', #2525, #3060 ) ;
#4333 = EDGE_CURVE ( 'NONE', #5195, #2412, #2873, .T. ) ;
#4334 = ORIENTED_EDGE ( 'NONE', *, *, #2423, .T. ) ;
#4335 = VERTEX_POINT ( 'NONE', #5820 ) ;
#4336 = DIRECTION ( 'NONE',  ( -1.000000000000000000, 0.0000000000000000000, 0.0000000000000000000 ) ) ;
#4337 = LINE ( 'NONE', #2471, #5193 ) ;
#4338 = ORIENTED_EDGE ( 'NONE', *, *, #693, .T. ) ;
#4339 = EDGE_CURVE ( 'NONE', #3897, #2617, #1487, .T. ) ;
#4340 = ORIENTED_EDGE ( 'NONE', *, *, #4261, .F. ) ;
#4341 = VECTOR ( 'NONE', #3377, 1000.000000000000000 ) ;
#4342 = DIRECTION ( 'NONE',  ( 0.0000000000000000000, -1.000000000000000000, 0.0000000000000000000 ) ) ;
#4343 = DIRECTION ( 'NONE',  ( 0.0000000000000000000, 0.0000000000000000000, -1.000000000000000000 ) ) ;
#4344 = DIRECTION ( 'NONE',  ( 0.0000000000000000000, 1.000000000000000000, 0.0000000000000000000 ) ) ;
#4345 = ORIENTED_EDGE ( 'NONE', *, *, #5807, .F. ) ;
#4346 = CARTESIAN_POINT ( 'NONE',  ( -0.5250000000000000222, -0.6500000000000000222, -2.075000000000000178 ) ) ;
#4347 = LINE ( 'NONE', #4461, #4207 ) ;
#4348 = FACE_OUTER_BOUND ( 'NONE', #5208, .T. ) ;
#4349 = DIRECTION ( 'NONE',  ( 0.0000000000000000000, -1.000000000000000000, 3.295974604355854593E-17 ) ) ;
#4350 = VERTEX_POINT ( 'NONE', #5784 ) ;
#4351 = STYLED_ITEM ( 'NONE', ( #3123 ), #463 ) ;
#4352 = CARTESIAN_POINT ( 'NONE',  ( -0.8750000000000000000, 2.250000000000000000, -2.024999999999999911 ) ) ;
#4353 = VERTEX_POINT ( 'NONE', #3965 ) ;
#4354 = CARTESIAN_POINT ( 'NONE',  ( 0.5249999999999999112, 0.3499999999999999778, -2.075000000000000178 ) ) ;
#4355 = CARTESIAN_POINT ( 'NONE',  ( 3.525000000000000355, 1.999999999999997780, -2.075000000000008615 ) ) ;
#4356 = VECTOR ( 'NONE', #1228, 1000.000000000000000 ) ;
#4357 = FACE_OUTER_BOUND ( 'NONE', #3921, .T. ) ;
#4358 = ADVANCED_FACE ( 'NONE', ( #213 ), #4594, .T. ) ;
#4359 = VECTOR ( 'NONE', #3449, 1000.000000000000000 ) ;
#4360 = VECTOR ( 'NONE', #5470, 1000.000000000000000 ) ;
#4361 = DIRECTION ( 'NONE',  ( -0.0000000000000000000, 1.000000000000000000, -0.0000000000000000000 ) ) ;
#4362 = ORIENTED_EDGE ( 'NONE', *, *, #2754, .F. ) ;
#4363 = AXIS2_PLACEMENT_3D ( 'NONE', #4293, #384, #2370 ) ;
#4364 = FACE_OUTER_BOUND ( 'NONE', #2595, .T. ) ;
#4365 = SURFACE_SIDE_STYLE ('',( #5699 ) ) ;
#4366 = ORIENTED_EDGE ( 'NONE', *, *, #557, .F. ) ;
#4367 = ORIENTED_EDGE ( 'NONE', *, *, #1745, .T. ) ;
#4368 = CARTESIAN_POINT ( 'NONE',  ( 1.775000000000000133, -0.004464445899999999919, 0.003975566199999999890 ) ) ;
#4369 = EDGE_CURVE ( 'NONE', #1963, #5526, #3505, .T. ) ;
#4370 = UNCERTAINTY_MEASURE_WITH_UNIT (LENGTH_MEASURE( 1.000000000000000082E-05 ), #4437, 'distance_accuracy_value', 'NONE');
#4371 = CARTESIAN_POINT ( 'NONE',  ( 1.625000000000000222, 2.250000000000000000, 1.025000000000000133 ) ) ;
#4372 = PRODUCT_CONTEXT ( 'NONE', #2499, 'mechanical' ) ;
#4373 = CARTESIAN_POINT ( 'NONE',  ( 2.425000000000000266, 1.850000000000000089, -1.474999999999999867 ) ) ;
#4374 = EDGE_CURVE ( 'NONE', #1638, #4583, #5088, .T. ) ;
#4375 = VECTOR ( 'NONE', #684, 1000.000000000000000 ) ;
#4376 = VECTOR ( 'NONE', #1715, 1000.000000000000000 ) ;
#4377 = PLANE ( 'NONE',  #3605 ) ;
#4378 = EDGE_CURVE ( 'NONE', #2289, #2053, #1170, .T. ) ;
#4379 = CARTESIAN_POINT ( 'NONE',  ( -0.5250000000000000222, 0.3500000000000000333, -2.024999999999999911 ) ) ;
#4380 = LINE ( 'NONE', #1242, #5917 ) ;
#4381 = VECTOR ( 'NONE', #759, 1000.000000000000000 ) ;
#4382 = ORIENTED_EDGE ( 'NONE', *, *, #5372, .F. ) ;
#4383 = LINE ( 'NONE', #5383, #3267 ) ;
#4384 = DIRECTION ( 'NONE',  ( 0.0000000000000000000, -1.000000000000000000, -3.219646771412953967E-15 ) ) ;
#4385 = ADVANCED_FACE ( 'NONE', ( #1396 ), #716, .F. ) ;
#4386 = CARTESIAN_POINT ( 'NONE',  ( 3.525000000000000355, 4.250000000000000000, -0.07499999999999998335 ) ) ;
#4387 = EDGE_CURVE ( 'NONE', #6292, #452, #472, .T. ) ;
#4388 = ORIENTED_EDGE ( 'NONE', *, *, #2744, .T. ) ;
#4389 = CARTESIAN_POINT ( 'NONE',  ( -1.875000000000000000, 3.750000000000000000, 0.02500000000000000139 ) ) ;
#4390 =( GEOMETRIC_REPRESENTATION_CONTEXT ( 3 ) GLOBAL_UNCERTAINTY_ASSIGNED_CONTEXT ( ( #3263 ) ) GLOBAL_UNIT_ASSIGNED_CONTEXT ( ( #4309, #338, #2861 ) ) REPRESENTATION_CONTEXT ( 'NONE', 'WORKASPACE' ) );
#4391 = VECTOR ( 'NONE', #4262, 1000.000000000000000 ) ;
#4392 = ORIENTED_EDGE ( 'NONE', *, *, #3637, .T. ) ;
#4393 = CARTESIAN_POINT ( 'NONE',  ( 0.5250000000000000222, 0.5547525681000000652, 2.024999999999999911 ) ) ;
#4394 = DIRECTION ( 'NONE',  ( 0.0000000000000000000, 1.000000000000000000, 0.0000000000000000000 ) ) ;
#4395 =( NAMED_UNIT ( * ) PLANE_ANGLE_UNIT ( ) SI_UNIT ( $, .RADIAN. ) );
#4396 = EDGE_LOOP ( 'NONE', ( #4445, #545, #5423, #5500, #1510, #4736 ) ) ;
#4397 = PRESENTATION_LAYER_ASSIGNMENT (  '', '', ( #1774 ) ) ;
#4398 =( NAMED_UNIT ( * ) SI_UNIT ( $, .STERADIAN. ) SOLID_ANGLE_UNIT ( ) );
#4399 = LINE ( 'NONE', #4316, #6083 ) ;
#4400 = VERTEX_POINT ( 'NONE', #3685 ) ;
#4401 = PRESENTATION_LAYER_ASSIGNMENT (  '', '', ( #2544 ) ) ;
#4402 = EDGE_LOOP ( 'NONE', ( #1726, #1339, #621, #328 ) ) ;
#4403 = ORIENTED_EDGE ( 'NONE', *, *, #4839, .T. ) ;
#4404 = EDGE_LOOP ( 'NONE', ( #542, #3194, #1877, #2220 ) ) ;
#4405 = LINE ( 'NONE', #6070, #4126 ) ;
#4406 = VERTEX_POINT ( 'NONE', #1661 ) ;
#4407 = EDGE_CURVE ( 'NONE', #4670, #762, #2513, .T. ) ;
#4408 = CARTESIAN_POINT ( 'NONE',  ( -1.175000000000000044, 1.850000000000000089, 2.024999999999999911 ) ) ;
#4409 = CARTESIAN_POINT ( 'NONE',  ( -1.875000000000000000, 2.550000000000000266, -1.474999999999999867 ) ) ;
#4410 = CARTESIAN_POINT ( 'NONE',  ( 0.8249999999999999556, 1.850000000000000089, 2.024999999999999911 ) ) ;
#4411 = EDGE_LOOP ( 'NONE', ( #1515, #893, #3997, #5957 ) ) ;
#4412 = CARTESIAN_POINT ( 'NONE',  ( 1.975000000000000089, 1.350000000000000089, -1.525000000000000133 ) ) ;
#4413 = CARTESIAN_POINT ( 'NONE',  ( -1.175000000000000044, 1.850000000000000089, 2.024999999999999911 ) ) ;
#4414 = VECTOR ( 'NONE', #5325, 1000.000000000000000 ) ;
#4415 = ORIENTED_EDGE ( 'NONE', *, *, #1751, .T. ) ;
#4416 = EDGE_CURVE ( 'NONE', #6171, #1516, #3656, .T. ) ;
#4417 = CARTESIAN_POINT ( 'NONE',  ( -2.875000000000000000, 4.250000000000000000, 2.024999999999999911 ) ) ;
#4418 = ORIENTED_EDGE ( 'NONE', *, *, #1414, .F. ) ;
#4419 = DIRECTION ( 'NONE',  ( 0.0000000000000000000, 1.000000000000000000, 0.0000000000000000000 ) ) ;
#4420 = CARTESIAN_POINT ( 'NONE',  ( -0.0000000000000000000, -0.001524999999999999880, 0.002075000000000000022 ) ) ;
#4421 = EDGE_CURVE ( 'NONE', #140, #2585, #6205, .T. ) ;
#4422 =( LENGTH_UNIT ( ) NAMED_UNIT ( * ) SI_UNIT ( .MILLI., .METRE. ) );
#4423 = SURFACE_STYLE_USAGE ( .BOTH. , #5266 ) ;
#4424 = COLOUR_RGB ( '',1.000000000000000000, 1.000000000000000000, 1.000000000000000000 ) ;
#4425 = DIRECTION ( 'NONE',  ( -1.000000000000000000, 0.0000000000000000000, 0.0000000000000000000 ) ) ;
#4426 = ADVANCED_FACE ( 'NONE', ( #845 ), #5667, .F. ) ;
#4427 = ORIENTED_EDGE ( 'NONE', *, *, #757, .F. ) ;
#4428 = FACE_OUTER_BOUND ( 'NONE', #2627, .T. ) ;
#4429 = ORIENTED_EDGE ( 'NONE', *, *, #1183, .F. ) ;
#4430 = ORIENTED_EDGE ( 'NONE', *, *, #4225, .F. ) ;
#4431 = DIRECTION ( 'NONE',  ( 0.0000000000000000000, 0.0000000000000000000, -1.000000000000000000 ) ) ;
#4432 = FILL_AREA_STYLE_COLOUR ( '', #1957 ) ;
#4433 = PLANE ( 'NONE',  #2222 ) ;
#4434 = FACE_OUTER_BOUND ( 'NONE', #248, .T. ) ;
#4435 = DIRECTION ( 'NONE',  ( 0.0000000000000000000, 1.000000000000000000, -1.084202172485501673E-15 ) ) ;
#4436 = DIRECTION ( 'NONE',  ( 0.0000000000000000000, -1.000000000000000000, 0.0000000000000000000 ) ) ;
#4437 =( LENGTH_UNIT ( ) NAMED_UNIT ( * ) SI_UNIT ( .MILLI., .METRE. ) );
#4438 = SURFACE_SIDE_STYLE ('',( #3932 ) ) ;
#4439 = EDGE_LOOP ( 'NONE', ( #3383, #4800, #2142, #3095 ) ) ;
#4440 = LINE ( 'NONE', #1858, #2837 ) ;
#4441 = VERTEX_POINT ( 'NONE', #250 ) ;
#4442 = AXIS2_PLACEMENT_3D ( 'NONE', #1201, #2219, #3655 ) ;
#4443 = LINE ( 'NONE', #331, #4596 ) ;
#4444 = DIRECTION ( 'NONE',  ( 0.0000000000000000000, -1.000000000000000000, 0.0000000000000000000 ) ) ;
#4445 = ORIENTED_EDGE ( 'NONE', *, *, #2859, .T. ) ;
#4446 = VERTEX_POINT ( 'NONE', #3705 ) ;
#4447 = DIRECTION ( 'NONE',  ( 0.0000000000000000000, -1.084202172485501673E-15, -1.000000000000000000 ) ) ;
#4448 = FACE_OUTER_BOUND ( 'NONE', #2356, .T. ) ;
#4449 =( GEOMETRIC_REPRESENTATION_CONTEXT ( 3 ) GLOBAL_UNCERTAINTY_ASSIGNED_CONTEXT ( ( #3586 ) ) GLOBAL_UNIT_ASSIGNED_CONTEXT ( ( #1946, #2906, #9 ) ) REPRESENTATION_CONTEXT ( 'NONE', 'WORKASPACE' ) );
#4450 = ORIENTED_EDGE ( 'NONE', *, *, #2312, .F. ) ;
#4451 = LINE ( 'NONE', #4948, #3173 ) ;
#4452 = DIRECTION ( 'NONE',  ( -1.000000000000000000, 0.0000000000000000000, 0.0000000000000000000 ) ) ;
#4453 = DIRECTION ( 'NONE',  ( 1.000000000000000000, -0.0000000000000000000, 8.673617379884027583E-16 ) ) ;
#4454 = UNCERTAINTY_MEASURE_WITH_UNIT (LENGTH_MEASURE( 1.000000000000000082E-05 ), #4422, 'distance_accuracy_value', 'NONE');
#4455 = ADVANCED_FACE ( 'NONE', ( #5932 ), #3187, .F. ) ;
#4456 = PLANE ( 'NONE',  #4167 ) ;
#4457 = EDGE_CURVE ( 'NONE', #2895, #3668, #2509, .T. ) ;
#4458 = VECTOR ( 'NONE', #1506, 1000.000000000000000 ) ;
#4459 = DIRECTION ( 'NONE',  ( 0.0000000000000000000, 1.000000000000000000, 0.0000000000000000000 ) ) ;
#4460 = PLANE ( 'NONE',  #13 ) ;
#4461 = CARTESIAN_POINT ( 'NONE',  ( 4.125000000000000000, 1.000000000000000000, -1.525000000000000133 ) ) ;
#4462 = LINE ( 'NONE', #3765, #1865 ) ;
#4463 = EDGE_LOOP ( 'NONE', ( #2117, #5039, #1106 ) ) ;
#4464 = EDGE_CURVE ( 'NONE', #37, #829, #1482, .T. ) ;
#4465 = PLANE ( 'NONE',  #4134 ) ;
#4466 = LINE ( 'NONE', #675, #541 ) ;
#4467 = VERTEX_POINT ( 'NONE', #3754 ) ;
#4468 = DIRECTION ( 'NONE',  ( 0.0000000000000000000, 0.0000000000000000000, 1.000000000000000000 ) ) ;
#4469 = VECTOR ( 'NONE', #823, 1000.000000000000000 ) ;
#4470 = ORIENTED_EDGE ( 'NONE', *, *, #6192, .F. ) ;
#4471 = DIRECTION ( 'NONE',  ( -1.000000000000000000, 0.0000000000000000000, 0.0000000000000000000 ) ) ;
#4472 = DIRECTION ( 'NONE',  ( -0.0000000000000000000, 1.000000000000000000, 0.0000000000000000000 ) ) ;
#4473 = CLOSED_SHELL ( 'NONE', ( #2639, #3838, #5646, #1732, #4455, #2613, #2358, #3301 ) ) ;
#4474 =( NAMED_UNIT ( * ) SI_UNIT ( $, .STERADIAN. ) SOLID_ANGLE_UNIT ( ) );
#4475 = CARTESIAN_POINT ( 'NONE',  ( 3.725000000000000533, 1.999999999999997780, -2.024999999999999911 ) ) ;
#4476 = VECTOR ( 'NONE', #2752, 1000.000000000000000 ) ;
#4477 = ORIENTED_EDGE ( 'NONE', *, *, #6247, .F. ) ;
#4478 = ORIENTED_EDGE ( 'NONE', *, *, #4464, .F. ) ;
#4479 = DIRECTION ( 'NONE',  ( 0.0000000000000000000, 1.000000000000000000, -1.084202172485501673E-15 ) ) ;
#4480 = DIRECTION ( 'NONE',  ( 0.0000000000000000000, 1.000000000000000000, 0.0000000000000000000 ) ) ;
#4481 = VECTOR ( 'NONE', #2070, 1000.000000000000114 ) ;
#4482 = ADVANCED_FACE ( 'NONE', ( #3345 ), #2729, .F. ) ;
#4483 = DIRECTION ( 'NONE',  ( -1.000000000000000000, 0.0000000000000000000, 0.0000000000000000000 ) ) ;
#4484 = LINE ( 'NONE', #4324, #2528 ) ;
#4485 = ORIENTED_EDGE ( 'NONE', *, *, #3834, .F. ) ;
#4486 =( GEOMETRIC_REPRESENTATION_CONTEXT ( 3 ) GLOBAL_UNCERTAINTY_ASSIGNED_CONTEXT ( ( #4691 ) ) GLOBAL_UNIT_ASSIGNED_CONTEXT ( ( #293, #3271, #1244 ) ) REPRESENTATION_CONTEXT ( 'NONE', 'WORKASPACE' ) );
#4487 = CARTESIAN_POINT ( 'NONE',  ( 2.625000000000000000, 3.149999999999999911, 2.024999999999999911 ) ) ;
#4488 = EDGE_LOOP ( 'NONE', ( #648, #3772, #629, #814, #2073, #4710, #4955, #3142 ) ) ;
#4489 = ORIENTED_EDGE ( 'NONE', *, *, #5209, .T. ) ;
#4490 = LINE ( 'NONE', #594, #1507 ) ;
#4491 = EDGE_CURVE ( 'NONE', #3063, #5275, #3498, .T. ) ;
#4492 = ORIENTED_EDGE ( 'NONE', *, *, #411, .F. ) ;
#4493 = DIRECTION ( 'NONE',  ( 1.000000000000000000, 0.0000000000000000000, -0.0000000000000000000 ) ) ;
#4494 =( LENGTH_UNIT ( ) NAMED_UNIT ( * ) SI_UNIT ( .MILLI., .METRE. ) );
#4495 = CARTESIAN_POINT ( 'NONE',  ( -2.475000000000000089, 4.249999999999998224, -2.075000000000001510 ) ) ;
#4496 = DIRECTION ( 'NONE',  ( -1.000000000000000000, 0.0000000000000000000, 0.0000000000000000000 ) ) ;
#4497 = ORIENTED_EDGE ( 'NONE', *, *, #693, .F. ) ;
#4498 = AXIS2_PLACEMENT_3D ( 'NONE', #106, #645, #4102 ) ;
#4499 = CARTESIAN_POINT ( 'NONE',  ( -2.875000000000000000, 4.250000000000000000, -0.07499999999999998335 ) ) ;
#4500 = UNCERTAINTY_MEASURE_WITH_UNIT (LENGTH_MEASURE( 1.000000000000000082E-05 ), #3046, 'distance_accuracy_value', 'NONE');
#4501 = EDGE_CURVE ( 'NONE', #3985, #3570, #4853, .T. ) ;
#4502 = FACE_OUTER_BOUND ( 'NONE', #6215, .T. ) ;
#4503 = EDGE_CURVE ( 'NONE', #3842, #505, #1318, .T. ) ;
#4504 = ORIENTED_EDGE ( 'NONE', *, *, #2954, .T. ) ;
#4505 = DIRECTION ( 'NONE',  ( 0.0000000000000000000, 0.0000000000000000000, -1.000000000000000000 ) ) ;
#4506 = FACE_OUTER_BOUND ( 'NONE', #5267, .T. ) ;
#4507 = VECTOR ( 'NONE', #2421, 1000.000000000000000 ) ;
#4508 =( NAMED_UNIT ( * ) PLANE_ANGLE_UNIT ( ) SI_UNIT ( $, .RADIAN. ) );
#4509 = VERTEX_POINT ( 'NONE', #5232 ) ;
#4510 = VECTOR ( 'NONE', #6230, 1000.000000000000000 ) ;
#4511 = CARTESIAN_POINT ( 'NONE',  ( 0.8249999999999999556, 1.649999999999999911, 2.024999999999999911 ) ) ;
#4512 = LINE ( 'NONE', #6307, #2239 ) ;
#4513 = EDGE_CURVE ( 'NONE', #2600, #3321, #4703, .T. ) ;
#4514 = CARTESIAN_POINT ( 'NONE',  ( 2.875000000000000000, 1.000000000000000000, -1.525000000000000133 ) ) ;
#4515 = MECHANICAL_DESIGN_GEOMETRIC_PRESENTATION_REPRESENTATION (  '', ( #561 ), #3349 ) ;
#4516 = LINE ( 'NONE', #2444, #2242 ) ;
#4517 = PLANE ( 'NONE',  #6073 ) ;
#4518 = DIRECTION ( 'NONE',  ( 0.0000000000000000000, -2.997602166487923448E-15, 1.000000000000000000 ) ) ;
#4519 = ADVANCED_FACE ( 'NONE', ( #464 ), #348, .F. ) ;
#4520 = ORIENTED_EDGE ( 'NONE', *, *, #5945, .F. ) ;
#4521 = CARTESIAN_POINT ( 'NONE',  ( -0.5250000000000000222, -0.6500000000000000222, -1.775000000000000133 ) ) ;
#4522 = FILL_AREA_STYLE_COLOUR ( '', #1020 ) ;
#4523 = LINE ( 'NONE', #4109, #34 ) ;
#4524 = ORIENTED_EDGE ( 'NONE', *, *, #279, .F. ) ;
#4525 = AXIS2_PLACEMENT_3D ( 'NONE', #2071, #4063, #2611 ) ;
#4526 = CARTESIAN_POINT ( 'NONE',  ( -2.274999999999999911, 0.6000000000000076383, -0.2249999999999982014 ) ) ;
#4527 = AXIS2_PLACEMENT_3D ( 'NONE', #5040, #2211, #5576 ) ;
#4528 = DIRECTION ( 'NONE',  ( 0.0000000000000000000, -1.000000000000000000, 0.0000000000000000000 ) ) ;
#4529 = LINE ( 'NONE', #136, #5981 ) ;
#4530 = CARTESIAN_POINT ( 'NONE',  ( 0.5249999999999999112, 0.3499999999999999778, -2.075000000000000178 ) ) ;
#4531 = LINE ( 'NONE', #530, #2931 ) ;
#4532 = EDGE_CURVE ( 'NONE', #185, #3455, #2274, .T. ) ;
#4533 = VECTOR ( 'NONE', #4858, 1000.000000000000000 ) ;
#4534 = CARTESIAN_POINT ( 'NONE',  ( -0.7249999999999999778, 1.649999999999999911, -1.025000000000000133 ) ) ;
#4535 = EDGE_CURVE ( 'NONE', #1820, #2523, #1014, .T. ) ;
#4536 = LINE ( 'NONE', #612, #914 ) ;
#4537 = DIRECTION ( 'NONE',  ( -0.0000000000000000000, 1.000000000000000000, 0.0000000000000000000 ) ) ;
#4538 = CARTESIAN_POINT ( 'NONE',  ( -2.274999999999999911, 0.0000000000000000000, 2.024999999999999911 ) ) ;
#4539 = LINE ( 'NONE', #6048, #2042 ) ;
#4540 = ORIENTED_EDGE ( 'NONE', *, *, #2960, .T. ) ;
#4541 = EDGE_CURVE ( 'NONE', #381, #4563, #3423, .T. ) ;
#4542 = DIRECTION ( 'NONE',  ( 0.0000000000000000000, 0.0000000000000000000, -1.000000000000000000 ) ) ;
#4543 = LINE ( 'NONE', #173, #5828 ) ;
#4544 = DIRECTION ( 'NONE',  ( -0.0000000000000000000, -0.0000000000000000000, 1.000000000000000000 ) ) ;
#4545 = VECTOR ( 'NONE', #5024, 1000.000000000000000 ) ;
#4546 = ADVANCED_FACE ( 'NONE', ( #5694 ), #3831, .T. ) ;
#4547 = LINE ( 'NONE', #842, #1637 ) ;
#4548 = EDGE_LOOP ( 'NONE', ( #1355, #4141, #5499, #3143 ) ) ;
#4549 = DIRECTION ( 'NONE',  ( 0.0000000000000000000, 0.0000000000000000000, -1.000000000000000000 ) ) ;
#4550 = DIRECTION ( 'NONE',  ( 1.000000000000000000, 0.0000000000000000000, 0.0000000000000000000 ) ) ;
#4551 = EDGE_LOOP ( 'NONE', ( #4657, #4044, #4564, #1453, #2563, #1651 ) ) ;
#4552 = CARTESIAN_POINT ( 'NONE',  ( -2.375000000000000000, 3.750000000000000000, 2.024999999999999911 ) ) ;
#4553 = AXIS2_PLACEMENT_3D ( 'NONE', #1805, #2234, #1221 ) ;
#4554 = LINE ( 'NONE', #5442, #2586 ) ;
#4555 = VERTEX_POINT ( 'NONE', #280 ) ;
#4556 = CARTESIAN_POINT ( 'NONE',  ( 0.7250000000000000888, 0.3500000000000000333, -2.024999999999999911 ) ) ;
#4557 = LINE ( 'NONE', #2983, #306 ) ;
#4558 = EDGE_LOOP ( 'NONE', ( #3307, #2816, #2911, #5255 ) ) ;
#4559 = VERTEX_POINT ( 'NONE', #3774 ) ;
#4560 = AXIS2_PLACEMENT_3D ( 'NONE', #2904, #410, #4349 ) ;
#4561 = ORIENTED_EDGE ( 'NONE', *, *, #2326, .F. ) ;
#4562 = VECTOR ( 'NONE', #1508, 1000.000000000000000 ) ;
#4563 = VERTEX_POINT ( 'NONE', #5294 ) ;
#4564 = ORIENTED_EDGE ( 'NONE', *, *, #3547, .F. ) ;
#4565 = CARTESIAN_POINT ( 'NONE',  ( 0.5250000000000000222, 1.649999999999999911, -1.025000000000000133 ) ) ;
#4566 = CARTESIAN_POINT ( 'NONE',  ( -1.875000000000000000, 2.550000000000000266, 2.024999999999999911 ) ) ;
#4567 = VECTOR ( 'NONE', #216, 1000.000000000000000 ) ;
#4568 = ORIENTED_EDGE ( 'NONE', *, *, #1643, .F. ) ;
#4569 = ORIENTED_EDGE ( 'NONE', *, *, #4829, .T. ) ;
#4570 = UNCERTAINTY_MEASURE_WITH_UNIT (LENGTH_MEASURE( 1.000000000000000082E-05 ), #4494, 'distance_accuracy_value', 'NONE');
#4571 = VERTEX_POINT ( 'NONE', #783 ) ;
#4572 = DIRECTION ( 'NONE',  ( 0.0000000000000000000, -1.084202172485501673E-15, -1.000000000000000000 ) ) ;
#4573 = FACE_OUTER_BOUND ( 'NONE', #4208, .T. ) ;
#4574 = CARTESIAN_POINT ( 'NONE',  ( -0.8750000000000000000, 4.153701442700000079, -1.791922863399999954 ) ) ;
#4575 = PLANE ( 'NONE',  #4442 ) ;
#4576 = ORIENTED_EDGE ( 'NONE', *, *, #25, .T. ) ;
#4577 = EDGE_CURVE ( 'NONE', #3052, #1558, #5923, .T. ) ;
#4578 = CARTESIAN_POINT ( 'NONE',  ( -0.8249999999999999556, 1.850000000000000089, -1.698606797699999893 ) ) ;
#4579 = LINE ( 'NONE', #691, #3308 ) ;
#4580 = ADVANCED_FACE ( 'NONE', ( #4626 ), #325, .T. ) ;
#4581 = PLANE ( 'NONE',  #3980 ) ;
#4582 = MECHANICAL_DESIGN_GEOMETRIC_PRESENTATION_REPRESENTATION (  '', ( #4821 ), #1087 ) ;
#4583 = VERTEX_POINT ( 'NONE', #2352 ) ;
#4584 = ORIENTED_EDGE ( 'NONE', *, *, #5331, .T. ) ;
#4585 = ORIENTED_EDGE ( 'NONE', *, *, #103, .F. ) ;
#4586 = EDGE_CURVE ( 'NONE', #982, #3214, #5550, .T. ) ;
#4587 = DIRECTION ( 'NONE',  ( 0.0000000000000000000, 0.0000000000000000000, 1.000000000000000000 ) ) ;
#4588 = EDGE_LOOP ( 'NONE', ( #5763, #950, #5212, #229, #475, #2378 ) ) ;
#4589 = LINE ( 'NONE', #454, #94 ) ;
#4590 = EDGE_CURVE ( 'NONE', #2768, #5106, #768, .T. ) ;
#4591 = ORIENTED_EDGE ( 'NONE', *, *, #2635, .T. ) ;
#4592 = VECTOR ( 'NONE', #3792, 1000.000000000000000 ) ;
#4593 = DIRECTION ( 'NONE',  ( 1.000000000000000000, 0.0000000000000000000, 0.0000000000000000000 ) ) ;
#4594 = PLANE ( 'NONE',  #5233 ) ;
#4595 = VERTEX_POINT ( 'NONE', #299 ) ;
#4596 = VECTOR ( 'NONE', #3815, 1000.000000000000000 ) ;
#4597 = DIRECTION ( 'NONE',  ( -0.0000000000000000000, 1.000000000000000000, -0.0000000000000000000 ) ) ;
#4598 = DIRECTION ( 'NONE',  ( 0.0000000000000000000, 0.0000000000000000000, 1.000000000000000000 ) ) ;
#4599 = CARTESIAN_POINT ( 'NONE',  ( -0.5250000000000000222, 1.795247431900000024, 2.024999999999999911 ) ) ;
#4600 = LINE ( 'NONE', #1892, #5895 ) ;
#4601 = ORIENTED_EDGE ( 'NONE', *, *, #3978, .T. ) ;
#4602 = EDGE_CURVE ( 'NONE', #452, #3014, #544, .T. ) ;
#4603 = VECTOR ( 'NONE', #184, 1000.000000000000000 ) ;
#4604 = CARTESIAN_POINT ( 'NONE',  ( 3.725000000000000533, 4.249999999999998224, -2.075000000000001510 ) ) ;
#4605 = MECHANICAL_DESIGN_GEOMETRIC_PRESENTATION_REPRESENTATION (  '', ( #3074 ), #6295 ) ;
#4606 = FILL_AREA_STYLE ('',( #4079 ) ) ;
#4607 = VECTOR ( 'NONE', #4105, 1000.000000000000000 ) ;
#4608 = CARTESIAN_POINT ( 'NONE',  ( -0.7249999999999999778, 0.5000000000000000000, 0.0000000000000000000 ) ) ;
#4609 = DIRECTION ( 'NONE',  ( -0.0000000000000000000, -0.0000000000000000000, 1.000000000000000000 ) ) ;
#4610 = LINE ( 'NONE', #973, #112 ) ;
#4611 = DIRECTION ( 'NONE',  ( 1.000000000000000000, 0.0000000000000000000, 0.0000000000000000000 ) ) ;
#4612 = AXIS2_PLACEMENT_3D ( 'NONE', #1851, #5738, #1919 ) ;
#4613 = PLANE ( 'NONE',  #3599 ) ;
#4614 = VECTOR ( 'NONE', #3334, 1000.000000000000000 ) ;
#4615 = VECTOR ( 'NONE', #2452, 1000.000000000000000 ) ;
#4616 = VERTEX_POINT ( 'NONE', #2831 ) ;
#4617 = EDGE_CURVE ( 'NONE', #1597, #2996, #3272, .T. ) ;
#4618 = LINE ( 'NONE', #2765, #2935 ) ;
#4619 = ADVANCED_FACE ( 'NONE', ( #1871 ), #6236, .F. ) ;
#4620 = VECTOR ( 'NONE', #894, 1000.000000000000114 ) ;
#4621 = EDGE_LOOP ( 'NONE', ( #853, #4820, #2212, #5654, #889, #387, #2167, #5188 ) ) ;
#4622 = EDGE_CURVE ( 'NONE', #2310, #5050, #5841, .T. ) ;
#4623 = FILL_AREA_STYLE_COLOUR ( '', #2197 ) ;
#4624 = CARTESIAN_POINT ( 'NONE',  ( 1.250000000000000000, 1.000000000000000000, -1.474999999999999867 ) ) ;
#4625 = DIRECTION ( 'NONE',  ( 0.0000000000000000000, 0.0000000000000000000, 1.000000000000000000 ) ) ;
#4626 = FACE_OUTER_BOUND ( 'NONE', #3079, .T. ) ;
#4627 = ORIENTED_EDGE ( 'NONE', *, *, #1082, .F. ) ;
#4628 = EDGE_CURVE ( 'NONE', #859, #857, #4547, .T. ) ;
#4629 = DIRECTION ( 'NONE',  ( 1.000000000000000000, 0.0000000000000000000, 0.0000000000000000000 ) ) ;
#4630 = VERTEX_POINT ( 'NONE', #3876 ) ;
#4631 = SURFACE_STYLE_FILL_AREA ( #2668 ) ;
#4632 = ORIENTED_EDGE ( 'NONE', *, *, #2423, .F. ) ;
#4633 = CARTESIAN_POINT ( 'NONE',  ( 3.725000000000000533, 1.999999999999998668, -1.425000000000000933 ) ) ;
#4634 =( NAMED_UNIT ( * ) SI_UNIT ( $, .STERADIAN. ) SOLID_ANGLE_UNIT ( ) );
#4635 = ORIENTED_EDGE ( 'NONE', *, *, #4034, .T. ) ;
#4636 = LINE ( 'NONE', #2994, #6008 ) ;
#4637 = EDGE_LOOP ( 'NONE', ( #127, #5709, #4704, #3749 ) ) ;
#4638 = EDGE_CURVE ( 'NONE', #4353, #2721, #925, .T. ) ;
#4639 = LINE ( 'NONE', #589, #3363 ) ;
#4640 = ORIENTED_EDGE ( 'NONE', *, *, #2516, .T. ) ;
#4641 = STYLED_ITEM ( 'NONE', ( #2976 ), #3776 ) ;
#4642 = CARTESIAN_POINT ( 'NONE',  ( 3.125000000000000000, 2.550000000000000266, -1.474999999999999867 ) ) ;
#4643 = LINE ( 'NONE', #193, #4567 ) ;
#4644 = VERTEX_POINT ( 'NONE', #4789 ) ;
#4645 = DIRECTION ( 'NONE',  ( 0.0000000000000000000, -1.000000000000000000, 3.295974604355854593E-17 ) ) ;
#4646 = DIRECTION ( 'NONE',  ( 0.0000000000000000000, -1.000000000000000000, 0.0000000000000000000 ) ) ;
#4647 = VERTEX_POINT ( 'NONE', #5852 ) ;
#4648 = AXIS2_PLACEMENT_3D ( 'NONE', #165, #3669, #5145 ) ;
#4649 = CARTESIAN_POINT ( 'NONE',  ( 1.975000000000000089, 1.850000000000000089, -1.698606797699999893 ) ) ;
#4650 = FACE_OUTER_BOUND ( 'NONE', #4621, .T. ) ;
#4651 = ORIENTED_EDGE ( 'NONE', *, *, #2008, .T. ) ;
#4652 = ORIENTED_EDGE ( 'NONE', *, *, #6313, .T. ) ;
#4653 = UNCERTAINTY_MEASURE_WITH_UNIT (LENGTH_MEASURE( 1.000000000000000082E-05 ), #2014, 'distance_accuracy_value', 'NONE');
#4654 = VERTEX_POINT ( 'NONE', #3917 ) ;
#4655 =( LENGTH_UNIT ( ) NAMED_UNIT ( * ) SI_UNIT ( .MILLI., .METRE. ) );
#4656 = ORIENTED_EDGE ( 'NONE', *, *, #622, .T. ) ;
#4657 = ORIENTED_EDGE ( 'NONE', *, *, #3098, .T. ) ;
#4658 = EDGE_CURVE ( 'NONE', #6151, #4130, #2649, .T. ) ;
#4659 = DIRECTION ( 'NONE',  ( 1.000000000000000000, 0.0000000000000000000, 0.0000000000000000000 ) ) ;
#4660 = LINE ( 'NONE', #812, #1991 ) ;
#4661 = EDGE_CURVE ( 'NONE', #5530, #868, #4248, .T. ) ;
#4662 = ORIENTED_EDGE ( 'NONE', *, *, #3834, .T. ) ;
#4663 = SURFACE_STYLE_USAGE ( .BOTH. , #2751 ) ;
#4664 = SURFACE_SIDE_STYLE ('',( #4096 ) ) ;
#4665 = FACE_OUTER_BOUND ( 'NONE', #2957, .T. ) ;
#4666 = SURFACE_STYLE_USAGE ( .BOTH. , #3233 ) ;
#4667 = ORIENTED_EDGE ( 'NONE', *, *, #2264, .T. ) ;
#4668 = LINE ( 'NONE', #5299, #516 ) ;
#4669 = LINE ( 'NONE', #2573, #1215 ) ;
#4670 = VERTEX_POINT ( 'NONE', #6257 ) ;
#4671 = EDGE_CURVE ( 'NONE', #6298, #2171, #128, .T. ) ;
#4672 = CARTESIAN_POINT ( 'NONE',  ( 0.8249999999999999556, 1.649999999999999911, -1.025000000000000133 ) ) ;
#4673 = DIRECTION ( 'NONE',  ( 0.0000000000000000000, 0.0000000000000000000, -1.000000000000000000 ) ) ;
#4674 = FILL_AREA_STYLE ('',( #5698 ) ) ;
#4675 = DIRECTION ( 'NONE',  ( 0.0000000000000000000, 1.000000000000000000, 0.0000000000000000000 ) ) ;
#4676 =( GEOMETRIC_REPRESENTATION_CONTEXT ( 3 ) GLOBAL_UNCERTAINTY_ASSIGNED_CONTEXT ( ( #5982 ) ) GLOBAL_UNIT_ASSIGNED_CONTEXT ( ( #1620, #3146, #2690 ) ) REPRESENTATION_CONTEXT ( 'NONE', 'WORKASPACE' ) );
#4677 = FACE_OUTER_BOUND ( 'NONE', #4878, .T. ) ;
#4678 = ORIENTED_EDGE ( 'NONE', *, *, #3254, .T. ) ;
#4679 = EDGE_LOOP ( 'NONE', ( #2566, #147, #3489, #945 ) ) ;
#4680 = CARTESIAN_POINT ( 'NONE',  ( -2.274999999999999911, 1.949999999999999512, 2.025000000000007017 ) ) ;
#4681 = SURFACE_STYLE_USAGE ( .BOTH. , #4140 ) ;
#4682 = CARTESIAN_POINT ( 'NONE',  ( 1.975000000000000089, 1.649999999999999911, -1.698606797699999893 ) ) ;
#4683 = VECTOR ( 'NONE', #2550, 1000.000000000000000 ) ;
#4684 = CARTESIAN_POINT ( 'NONE',  ( -2.274999999999999911, 4.249999999999998224, -2.075000000000001510 ) ) ;
#4685 = VECTOR ( 'NONE', #5418, 1000.000000000000000 ) ;
#4686 = AXIS2_PLACEMENT_3D ( 'NONE', #2614, #4625, #3583 ) ;
#4687 = LINE ( 'NONE', #1778, #195 ) ;
#4688 = DIRECTION ( 'NONE',  ( 1.000000000000000000, 0.0000000000000000000, 0.0000000000000000000 ) ) ;
#4689 = CARTESIAN_POINT ( 'NONE',  ( -0.7249999999999999778, 1.315130797599999957, 1.171117220399999770 ) ) ;
#4690 = LINE ( 'NONE', #3201, #4238 ) ;
#4691 = UNCERTAINTY_MEASURE_WITH_UNIT (LENGTH_MEASURE( 1.000000000000000082E-05 ), #293, 'distance_accuracy_value', 'NONE');
#4692 = DIRECTION ( 'NONE',  ( 0.0000000000000000000, -0.3162277660168379412, 0.9486832980505138790 ) ) ;
#4693 = DIRECTION ( 'NONE',  ( 0.0000000000000000000, 0.0000000000000000000, -1.000000000000000000 ) ) ;
#4694 = ORIENTED_EDGE ( 'NONE', *, *, #3497, .F. ) ;
#4695 = PRODUCT_RELATED_PRODUCT_CATEGORY ( 'part', '', ( #5017 ) ) ;
#4696 = VERTEX_POINT ( 'NONE', #2962 ) ;
#4697 = DIRECTION ( 'NONE',  ( -1.000000000000000000, 0.0000000000000000000, 0.0000000000000000000 ) ) ;
#4698 = DIRECTION ( 'NONE',  ( 0.0000000000000000000, -1.000000000000000000, 0.0000000000000000000 ) ) ;
#4699 = CARTESIAN_POINT ( 'NONE',  ( -0.7349999999999999867, 1.649999999999999911, -1.698606797699999893 ) ) ;
#4700 = VECTOR ( 'NONE', #2028, 1000.000000000000000 ) ;
#4701 = EDGE_CURVE ( 'NONE', #47, #3063, #2950, .T. ) ;
#4702 = DIRECTION ( 'NONE',  ( 0.0000000000000000000, 1.000000000000000000, 0.0000000000000000000 ) ) ;
#4703 = LINE ( 'NONE', #3275, #2190 ) ;
#4704 = ORIENTED_EDGE ( 'NONE', *, *, #3376, .T. ) ;
#4705 = EDGE_CURVE ( 'NONE', #4406, #3615, #6001, .T. ) ;
#4706 = CARTESIAN_POINT ( 'NONE',  ( 0.7249999999999999778, 1.350000000000000089, 0.0000000000000000000 ) ) ;
#4707 = VERTEX_POINT ( 'NONE', #6274 ) ;
#4708 = CARTESIAN_POINT ( 'NONE',  ( 0.0000000000000000000, 0.0000000000000000000, -1.525000000000000133 ) ) ;
#4709 =( NAMED_UNIT ( * ) PLANE_ANGLE_UNIT ( ) SI_UNIT ( $, .RADIAN. ) );
#4710 = ORIENTED_EDGE ( 'NONE', *, *, #6353, .T. ) ;
#4711 = LINE ( 'NONE', #5875, #3429 ) ;
#4712 = EDGE_CURVE ( 'NONE', #982, #1514, #3808, .T. ) ;
#4713 = DIRECTION ( 'NONE',  ( 0.0000000000000000000, 0.0000000000000000000, 1.000000000000000000 ) ) ;
#4714 = LINE ( 'NONE', #3889, #1571 ) ;
#4715 = ADVANCED_FACE ( 'NONE', ( #297 ), #3439, .T. ) ;
#4716 = VECTOR ( 'NONE', #3026, 1000.000000000000000 ) ;
#4717 = ORIENTED_EDGE ( 'NONE', *, *, #1431, .T. ) ;
#4718 = CARTESIAN_POINT ( 'NONE',  ( 3.275000000000000355, 4.240000000000000213, -1.925000000000000933 ) ) ;
#4719 = ORIENTED_EDGE ( 'NONE', *, *, #4856, .T. ) ;
#4720 = DIRECTION ( 'NONE',  ( 0.0000000000000000000, 4.003208021484939327E-15, -1.000000000000000000 ) ) ;
#4721 = DIRECTION ( 'NONE',  ( 0.0000000000000000000, 0.0000000000000000000, -1.000000000000000000 ) ) ;
#4722 = EDGE_CURVE ( 'NONE', #2523, #4732, #3650, .T. ) ;
#4723 = DIRECTION ( 'NONE',  ( 1.000000000000000000, 0.0000000000000000000, 0.0000000000000000000 ) ) ;
#4724 = LINE ( 'NONE', #1988, #146 ) ;
#4725 = VERTEX_POINT ( 'NONE', #1370 ) ;
#4726 =( GEOMETRIC_REPRESENTATION_CONTEXT ( 3 ) GLOBAL_UNCERTAINTY_ASSIGNED_CONTEXT ( ( #2126 ) ) GLOBAL_UNIT_ASSIGNED_CONTEXT ( ( #2343, #5222, #5743 ) ) REPRESENTATION_CONTEXT ( 'NONE', 'WORKASPACE' ) );
#4727 = VERTEX_POINT ( 'NONE', #4806 ) ;
#4728 = ORIENTED_EDGE ( 'NONE', *, *, #1162, .F. ) ;
#4729 = LINE ( 'NONE', #4741, #574 ) ;
#4730 = CARTESIAN_POINT ( 'NONE',  ( 1.975000000000000089, 1.315130797599999957, 1.171117220399999770 ) ) ;
#4731 = MECHANICAL_DESIGN_GEOMETRIC_PRESENTATION_REPRESENTATION (  '', ( #1774 ), #210 ) ;
#4732 = VERTEX_POINT ( 'NONE', #913 ) ;
#4733 = FILL_AREA_STYLE_COLOUR ( '', #1753 ) ;
#4734 = DIRECTION ( 'NONE',  ( 0.0000000000000000000, 0.0000000000000000000, -1.000000000000000000 ) ) ;
#4735 = ORIENTED_EDGE ( 'NONE', *, *, #5685, .T. ) ;
#4736 = ORIENTED_EDGE ( 'NONE', *, *, #3050, .T. ) ;
#4737 = PLANE ( 'NONE',  #4553 ) ;
#4738 = EDGE_CURVE ( 'NONE', #1963, #1665, #2045, .T. ) ;
#4739 = CLOSED_SHELL ( 'NONE', ( #40, #3100, #2580, #5367, #5173, #3874, #934, #5103, #2108, #6323, #3288, #4715, #3517, #3486, #5616, #6115, #1893, #1562, #582, #3356, #5863, #5579, #1465, #4156, #14, #676, #3750, #1999, #2923, #4385, #4940, #1269, #4967, #1861, #4909, #3975, #4038, #5063, #1532, #485, #1699, #1428, #1174, #4358, #309, #6022, #5794, #101, #346, #2492, #196, #5273, #4874, #205, #3582, #5430, #4838, #831, #3418, #5549, #2038, #3786, #5133, #167, #863, #900, #3133, #3196, #1625, #1011, #3553, #3000, #2762, #2738, #4274, #4296, #611, #6284, #3328, #6222, #2706, #376, #705, #4749, #2829, #2331, #3392, #1140, #5161, #4778, #551, #3776, #5762, #1359, #1109, #2800, #1330, #4066, #1300, #3608, #2391, #4580, #3946, #5239, #1760, #4996, #2891, #5824, #1498, #2419 ) ) ;
#4740 = FACE_OUTER_BOUND ( 'NONE', #635, .T. ) ;
#4741 = CARTESIAN_POINT ( 'NONE',  ( 1.975000000000000089, 0.5000000000000000000, -1.525000000000000133 ) ) ;
#4742 =( LENGTH_UNIT ( ) NAMED_UNIT ( * ) SI_UNIT ( .MILLI., .METRE. ) );
#4743 = LINE ( 'NONE', #6312, #807 ) ;
#4744 = DIRECTION ( 'NONE',  ( 1.000000000000000000, 0.0000000000000000000, 0.0000000000000000000 ) ) ;
#4745 = ORIENTED_EDGE ( 'NONE', *, *, #1006, .F. ) ;
#4746 = EDGE_CURVE ( 'NONE', #3924, #1081, #4383, .T. ) ;
#4747 = DIRECTION ( 'NONE',  ( -1.000000000000000000, 0.0000000000000000000, 0.0000000000000000000 ) ) ;
#4748 = ORIENTED_EDGE ( 'NONE', *, *, #3203, .F. ) ;
#4749 = ADVANCED_FACE ( 'NONE', ( #1240 ), #1420, .T. ) ;
#4750 = EDGE_LOOP ( 'NONE', ( #16, #1212, #715, #5337 ) ) ;
#4751 = EDGE_CURVE ( 'NONE', #1527, #4081, #5077, .T. ) ;
#4752 = LINE ( 'NONE', #2743, #5221 ) ;
#4753 = CARTESIAN_POINT ( 'NONE',  ( -0.7249999999999999778, -0.6500000000000000222, -2.075000000000000178 ) ) ;
#4754 = CARTESIAN_POINT ( 'NONE',  ( 3.725000000000000533, 4.249999999999998224, -2.075000000000001510 ) ) ;
#4755 = LINE ( 'NONE', #4413, #2324 ) ;
#4756 = ORIENTED_EDGE ( 'NONE', *, *, #4869, .F. ) ;
#4757 = DIRECTION ( 'NONE',  ( 1.000000000000000000, 0.0000000000000000000, 0.0000000000000000000 ) ) ;
#4758 = VECTOR ( 'NONE', #1218, 1000.000000000000000 ) ;
#4759 = CARTESIAN_POINT ( 'NONE',  ( 3.525000000000000355, 0.0000000000000000000, 2.024999999999999911 ) ) ;
#4760 = DIRECTION ( 'NONE',  ( -1.000000000000000000, -0.0000000000000000000, -0.0000000000000000000 ) ) ;
#4761 = CARTESIAN_POINT ( 'NONE',  ( -1.375000000000000000, 3.750000000000000000, 0.02500000000000000139 ) ) ;
#4762 = PLANE ( 'NONE',  #2689 ) ;
#4763 =( GEOMETRIC_REPRESENTATION_CONTEXT ( 3 ) GLOBAL_UNCERTAINTY_ASSIGNED_CONTEXT ( ( #3537 ) ) GLOBAL_UNIT_ASSIGNED_CONTEXT ( ( #4655, #750, #218 ) ) REPRESENTATION_CONTEXT ( 'NONE', 'WORKASPACE' ) );
#4764 = PLANE ( 'NONE',  #2169 ) ;
#4765 = PLANE ( 'NONE',  #434 ) ;
#4766 = VECTOR ( 'NONE', #2909, 1000.000000000000000 ) ;
#4767 = ADVANCED_BREP_SHAPE_REPRESENTATION ( 'B03MB-GHS-TBT', ( #939, #5778, #463, #6059, #1913, #3730, #5447 ), #4449 ) ;
#4768 = AXIS2_PLACEMENT_3D ( 'NONE', #1145, #6164, #4702 ) ;
#4769 = FACE_OUTER_BOUND ( 'NONE', #66, .T. ) ;
#4770 = EDGE_LOOP ( 'NONE', ( #5626, #2354, #614, #4054 ) ) ;
#4771 = MECHANICAL_DESIGN_GEOMETRIC_PRESENTATION_REPRESENTATION (  '', ( #349 ), #6153 ) ;
#4772 = PLANE ( 'NONE',  #3473 ) ;
#4773 = VERTEX_POINT ( 'NONE', #2410 ) ;
#4774 = VECTOR ( 'NONE', #4283, 1000.000000000000000 ) ;
#4775 = VERTEX_POINT ( 'NONE', #1573 ) ;
#4776 = CARTESIAN_POINT ( 'NONE',  ( 0.07499999999999998335, 1.850000000000000089, 2.024999999999999911 ) ) ;
#4777 = FILL_AREA_STYLE_COLOUR ( '', #2104 ) ;
#4778 = ADVANCED_FACE ( 'NONE', ( #5689 ), #1933, .T. ) ;
#4779 =( GEOMETRIC_REPRESENTATION_CONTEXT ( 3 ) GLOBAL_UNCERTAINTY_ASSIGNED_CONTEXT ( ( #2436 ) ) GLOBAL_UNIT_ASSIGNED_CONTEXT ( ( #3482, #2450, #1484 ) ) REPRESENTATION_CONTEXT ( 'NONE', 'WORKASPACE' ) );
#4780 = ORIENTED_EDGE ( 'NONE', *, *, #2549, .F. ) ;
#4781 = DIRECTION ( 'NONE',  ( 0.0000000000000000000, 1.000000000000000000, 4.336808689942024836E-15 ) ) ;
#4782 = CARTESIAN_POINT ( 'NONE',  ( 0.07500000000000019151, 1.850000000000000089, -1.474999999999999867 ) ) ;
#4783 = VECTOR ( 'NONE', #4148, 1000.000000000000000 ) ;
#4784 = VERTEX_POINT ( 'NONE', #5465 ) ;
#4785 = CARTESIAN_POINT ( 'NONE',  ( 3.525000000000000355, 0.0000000000000000000, 0.0000000000000000000 ) ) ;
#4786 = EDGE_CURVE ( 'NONE', #4571, #3897, #287, .T. ) ;
#4787 = FACE_OUTER_BOUND ( 'NONE', #1546, .T. ) ;
#4788 = LINE ( 'NONE', #1493, #1402 ) ;
#4789 = CARTESIAN_POINT ( 'NONE',  ( 3.525000000000000355, 0.6000000000000076383, -0.2249999999999982014 ) ) ;
#4790 =( NAMED_UNIT ( * ) PLANE_ANGLE_UNIT ( ) SI_UNIT ( $, .RADIAN. ) );
#4791 = LINE ( 'NONE', #3569, #5943 ) ;
#4792 = EDGE_CURVE ( 'NONE', #2032, #6076, #1475, .T. ) ;
#4793 = FACE_OUTER_BOUND ( 'NONE', #5870, .T. ) ;
#4794 = VERTEX_POINT ( 'NONE', #1511 ) ;
#4795 = CARTESIAN_POINT ( 'NONE',  ( 1.975000000000000089, 1.850000000000000089, 2.024999999999999911 ) ) ;
#4796 = ORIENTED_EDGE ( 'NONE', *, *, #5952, .T. ) ;
#4797 =( NAMED_UNIT ( * ) SI_UNIT ( $, .STERADIAN. ) SOLID_ANGLE_UNIT ( ) );
#4798 = DIRECTION ( 'NONE',  ( -1.000000000000000000, 0.0000000000000000000, 0.0000000000000000000 ) ) ;
#4799 = DIRECTION ( 'NONE',  ( 0.0000000000000000000, 1.000000000000000000, 0.0000000000000000000 ) ) ;
#4800 = ORIENTED_EDGE ( 'NONE', *, *, #4265, .F. ) ;
#4801 = MECHANICAL_DESIGN_GEOMETRIC_PRESENTATION_REPRESENTATION (  '', ( #5552 ), #5352 ) ;
#4802 = PRESENTATION_LAYER_ASSIGNMENT (  '', '', ( #3724 ) ) ;
#4803 = ADVANCED_FACE ( 'NONE', ( #3725 ), #2988, .T. ) ;
#4804 = CARTESIAN_POINT ( 'NONE',  ( 0.4249999999999999889, 1.850000000000000089, -1.474999999999999867 ) ) ;
#4805 = ORIENTED_EDGE ( 'NONE', *, *, #2711, .T. ) ;
#4806 = CARTESIAN_POINT ( 'NONE',  ( -0.7249999999999999778, 0.5000000000000000000, -1.525000000000000133 ) ) ;
#4807 = LINE ( 'NONE', #3009, #3156 ) ;
#4808 =( NAMED_UNIT ( * ) SI_UNIT ( $, .STERADIAN. ) SOLID_ANGLE_UNIT ( ) );
#4809 = LINE ( 'NONE', #1194, #3843 ) ;
#4810 = SURFACE_STYLE_FILL_AREA ( #1521 ) ;
#4811 = EDGE_LOOP ( 'NONE', ( #4970, #4144, #747, #212 ) ) ;
#4812 = LINE ( 'NONE', #3758, #5963 ) ;
#4813 = DIRECTION ( 'NONE',  ( -1.000000000000000000, 0.0000000000000000000, 0.0000000000000000000 ) ) ;
#4814 = CARTESIAN_POINT ( 'NONE',  ( 3.725000000000000533, 3.599999999999999201, -0.07500000000000128786 ) ) ;
#4815 = EDGE_LOOP ( 'NONE', ( #419, #1015, #1606, #1180 ) ) ;
#4816 = CARTESIAN_POINT ( 'NONE',  ( 3.525000000000000355, 2.250000000000000000, -2.024999999999999911 ) ) ;
#4817 = FACE_OUTER_BOUND ( 'NONE', #5328, .T. ) ;
#4818 = EDGE_CURVE ( 'NONE', #3153, #4094, #3805, .T. ) ;
#4819 = VECTOR ( 'NONE', #2, 1000.000000000000000 ) ;
#4820 = ORIENTED_EDGE ( 'NONE', *, *, #2783, .F. ) ;
#4821 = STYLED_ITEM ( 'NONE', ( #1448 ), #1732 ) ;
#4822 = CARTESIAN_POINT ( 'NONE',  ( 0.7250000000000000888, 1.795247431900000024, 2.024999999999999911 ) ) ;
#4823 = EDGE_CURVE ( 'NONE', #4654, #3657, #1092, .T. ) ;
#4824 = LINE ( 'NONE', #2280, #2245 ) ;
#4825 = DIRECTION ( 'NONE',  ( 0.0000000000000000000, 0.3162277660168379412, -0.9486832980505138790 ) ) ;
#4826 = CARTESIAN_POINT ( 'NONE',  ( -2.875000000000000000, 8.673617379884035472E-15, -0.2250000000000008105 ) ) ;
#4827 = COLOUR_RGB ( '',1.000000000000000000, 1.000000000000000000, 1.000000000000000000 ) ;
#4828 = CARTESIAN_POINT ( 'NONE',  ( 1.625000000000000222, 2.250000000000000000, -0.4749999999999999778 ) ) ;
#4829 = EDGE_CURVE ( 'NONE', #4284, #130, #4847, .T. ) ;
#4830 = ORIENTED_EDGE ( 'NONE', *, *, #1365, .T. ) ;
#4831 =( LENGTH_UNIT ( ) NAMED_UNIT ( * ) SI_UNIT ( .MILLI., .METRE. ) );
#4832 = CARTESIAN_POINT ( 'NONE',  ( -2.274999999999999911, 3.600000000000000977, -0.07499999999999998335 ) ) ;
#4833 = LINE ( 'NONE', #340, #2715 ) ;
#4834 = LINE ( 'NONE', #5672, #5675 ) ;
#4835 =( NAMED_UNIT ( * ) PLANE_ANGLE_UNIT ( ) SI_UNIT ( $, .RADIAN. ) );
#4836 = CARTESIAN_POINT ( 'NONE',  ( 1.775000000000000133, 1.649999999999999911, 2.024999999999999911 ) ) ;
#4837 = PLANE ( 'NONE',  #4612 ) ;
#4838 = ADVANCED_FACE ( 'NONE', ( #3578 ), #4921, .F. ) ;
#4839 = EDGE_CURVE ( 'NONE', #3163, #4314, #458, .T. ) ;
#4840 = FACE_OUTER_BOUND ( 'NONE', #3136, .T. ) ;
#4841 = PRESENTATION_LAYER_ASSIGNMENT (  '', '', ( #4641 ) ) ;
#4842 = DIRECTION ( 'NONE',  ( 0.0000000000000000000, 1.000000000000000000, 3.212450881438532635E-15 ) ) ;
#4843 = CARTESIAN_POINT ( 'NONE',  ( -2.875000000000000000, 4.250000000000000000, 2.024999999999999911 ) ) ;
#4844 = VECTOR ( 'NONE', #4747, 1000.000000000000000 ) ;
#4845 = EDGE_LOOP ( 'NONE', ( #2439, #5918, #3900, #1899 ) ) ;
#4846 = CARTESIAN_POINT ( 'NONE',  ( -0.5250000000000000222, 1.850000000000000089, -2.024999999999999911 ) ) ;
#4847 = LINE ( 'NONE', #2527, #2270 ) ;
#4848 = VERTEX_POINT ( 'NONE', #573 ) ;
#4849 = AXIS2_PLACEMENT_3D ( 'NONE', #4018, #4493, #5006 ) ;
#4850 = DIRECTION ( 'NONE',  ( 0.0000000000000000000, -1.000000000000000000, 0.0000000000000000000 ) ) ;
#4851 = VECTOR ( 'NONE', #4361, 1000.000000000000000 ) ;
#4852 = CARTESIAN_POINT ( 'NONE',  ( 2.075000000000000622, 1.649999999999999911, -1.474999999999999867 ) ) ;
#4853 = LINE ( 'NONE', #2225, #688 ) ;
#4854 = SURFACE_SIDE_STYLE ('',( #5130 ) ) ;
#4855 = SURFACE_STYLE_FILL_AREA ( #2247 ) ;
#4856 = EDGE_CURVE ( 'NONE', #4041, #1376, #2120, .T. ) ;
#4857 =( NAMED_UNIT ( * ) SI_UNIT ( $, .STERADIAN. ) SOLID_ANGLE_UNIT ( ) );
#4858 = DIRECTION ( 'NONE',  ( 0.0000000000000000000, 1.000000000000000000, 2.552445434498790050E-15 ) ) ;
#4859 = CARTESIAN_POINT ( 'NONE',  ( -0.5150000000000000133, 1.000000000000000000, -1.025000000000000133 ) ) ;
#4860 = DIRECTION ( 'NONE',  ( 0.0000000000000000000, 1.000000000000000000, 0.0000000000000000000 ) ) ;
#4861 = VECTOR ( 'NONE', #3915, 1000.000000000000000 ) ;
#4862 = EDGE_LOOP ( 'NONE', ( #1120, #5773, #1840, #5516, #58, #3585, #3818, #4020, #4477, #1983, #3653, #5460 ) ) ;
#4863 = CARTESIAN_POINT ( 'NONE',  ( -1.175000000000000044, 2.550000000000000266, -1.474999999999999867 ) ) ;
#4864 = EDGE_CURVE ( 'NONE', #554, #4794, #5835, .T. ) ;
#4865 = LINE ( 'NONE', #5843, #777 ) ;
#4866 = ORIENTED_EDGE ( 'NONE', *, *, #3702, .F. ) ;
#4867 = DIRECTION ( 'NONE',  ( -0.0000000000000000000, 1.000000000000000000, 0.0000000000000000000 ) ) ;
#4868 = ORIENTED_EDGE ( 'NONE', *, *, #319, .T. ) ;
#4869 = EDGE_CURVE ( 'NONE', #5618, #5904, #2643, .T. ) ;
#4870 = ORIENTED_EDGE ( 'NONE', *, *, #1249, .F. ) ;
#4871 = DIRECTION ( 'NONE',  ( 0.0000000000000000000, 0.0000000000000000000, 1.000000000000000000 ) ) ;
#4872 = DIRECTION ( 'NONE',  ( 1.000000000000000000, 0.0000000000000000000, 0.0000000000000000000 ) ) ;
#4873 = ORIENTED_EDGE ( 'NONE', *, *, #5648, .T. ) ;
#4874 = ADVANCED_FACE ( 'NONE', ( #5243 ), #4465, .F. ) ;
#4875 = DIRECTION ( 'NONE',  ( 0.0000000000000000000, -1.000000000000000000, 0.0000000000000000000 ) ) ;
#4876 = CARTESIAN_POINT ( 'NONE',  ( 1.250000000000000000, 0.0000000000000000000, -1.025000000000000133 ) ) ;
#4877 = VERTEX_POINT ( 'NONE', #4959 ) ;
#4878 = EDGE_LOOP ( 'NONE', ( #2256, #3651, #4006, #2759 ) ) ;
#4879 = ORIENTED_EDGE ( 'NONE', *, *, #6197, .F. ) ;
#4880 = EDGE_LOOP ( 'NONE', ( #869, #1684, #2551, #4026 ) ) ;
#4881 = VECTOR ( 'NONE', #4597, 1000.000000000000000 ) ;
#4882 = AXIS2_PLACEMENT_3D ( 'NONE', #6061, #148, #3649 ) ;
#4883 = ORIENTED_EDGE ( 'NONE', *, *, #3314, .F. ) ;
#4884 = CARTESIAN_POINT ( 'NONE',  ( 0.7349999999999999867, 1.850000000000000089, -1.025000000000000133 ) ) ;
#4885 = VERTEX_POINT ( 'NONE', #3528 ) ;
#4886 = DIRECTION ( 'NONE',  ( 0.0000000000000000000, 0.0000000000000000000, -1.000000000000000000 ) ) ;
#4887 = VECTOR ( 'NONE', #3566, 1000.000000000000000 ) ;
#4888 = CARTESIAN_POINT ( 'NONE',  ( -0.5250000000000000222, 1.850000000000000089, -1.025000000000000133 ) ) ;
#4889 = ORIENTED_EDGE ( 'NONE', *, *, #1323, .T. ) ;
#4890 = MECHANICAL_DESIGN_GEOMETRIC_PRESENTATION_REPRESENTATION (  '', ( #3846 ), #2537 ) ;
#4891 = ORIENTED_EDGE ( 'NONE', *, *, #2029, .T. ) ;
#4892 = DIRECTION ( 'NONE',  ( 0.0000000000000000000, 0.0000000000000000000, -1.000000000000000000 ) ) ;
#4893 = CARTESIAN_POINT ( 'NONE',  ( 0.7249999999999998668, 0.05000000000000002359, -1.775000000000000133 ) ) ;
#4894 = PRESENTATION_LAYER_ASSIGNMENT (  '', '', ( #2092 ) ) ;
#4895 = LINE ( 'NONE', #2020, #2464 ) ;
#4896 = DIRECTION ( 'NONE',  ( -1.000000000000000000, 0.0000000000000000000, 0.0000000000000000000 ) ) ;
#4897 = LINE ( 'NONE', #3049, #2384 ) ;
#4898 = SURFACE_SIDE_STYLE ('',( #1389 ) ) ;
#4899 = ORIENTED_EDGE ( 'NONE', *, *, #903, .F. ) ;
#4900 = FACE_OUTER_BOUND ( 'NONE', #1257, .T. ) ;
#4901 = ORIENTED_EDGE ( 'NONE', *, *, #5536, .F. ) ;
#4902 = ORIENTED_EDGE ( 'NONE', *, *, #4991, .F. ) ;
#4903 = LINE ( 'NONE', #1785, #742 ) ;
#4904 = CARTESIAN_POINT ( 'NONE',  ( 2.875000000000000000, 1.000000000000000000, -1.525000000000000133 ) ) ;
#4905 = DIRECTION ( 'NONE',  ( -1.000000000000000000, -0.0000000000000000000, -0.0000000000000000000 ) ) ;
#4906 = VECTOR ( 'NONE', #2338, 1000.000000000000000 ) ;
#4907 = CARTESIAN_POINT ( 'NONE',  ( 0.7349999999999999867, 1.850000000000000089, -2.024999999999999911 ) ) ;
#4908 = CARTESIAN_POINT ( 'NONE',  ( 3.525000000000000355, 1.950000000000002176, 1.375000000000006883 ) ) ;
#4909 = ADVANCED_FACE ( 'NONE', ( #3417 ), #5502, .T. ) ;
#4910 = VERTEX_POINT ( 'NONE', #33 ) ;
#4911 = DIRECTION ( 'NONE',  ( 0.0000000000000000000, -1.000000000000000000, -2.552445434498790050E-15 ) ) ;
#4912 = DIRECTION ( 'NONE',  ( -0.0000000000000000000, -0.0000000000000000000, 1.000000000000000000 ) ) ;
#4913 = EDGE_CURVE ( 'NONE', #2600, #5194, #5546, .T. ) ;
#4914 = LINE ( 'NONE', #3188, #182 ) ;
#4915 = CARTESIAN_POINT ( 'NONE',  ( 1.675000000000000044, 1.850000000000000089, -1.698606797699999893 ) ) ;
#4916 = APPLICATION_PROTOCOL_DEFINITION ( 'draft international standard', 'automotive_design', 1998, #2499 ) ;
#4917 = EDGE_CURVE ( 'NONE', #381, #393, #613, .T. ) ;
#4918 = CARTESIAN_POINT ( 'NONE',  ( -2.875000000000000000, 1.950000000000002176, 1.375000000000006883 ) ) ;
#4919 = VECTOR ( 'NONE', #6364, 1000.000000000000000 ) ;
#4920 = EDGE_CURVE ( 'NONE', #6006, #6000, #4543, .T. ) ;
#4921 = PLANE ( 'NONE',  #803 ) ;
#4922 = SURFACE_STYLE_FILL_AREA ( #3459 ) ;
#4923 = VECTOR ( 'NONE', #3848, 1000.000000000000000 ) ;
#4924 = ORIENTED_EDGE ( 'NONE', *, *, #5692, .T. ) ;
#4925 = CARTESIAN_POINT ( 'NONE',  ( 4.125000000000000000, 1.949999999999999512, 2.025000000000007017 ) ) ;
#4926 = CARTESIAN_POINT ( 'NONE',  ( -1.175000000000000044, 1.850000000000000089, 2.024999999999999911 ) ) ;
#4927 = VECTOR ( 'NONE', #5899, 1000.000000000000000 ) ;
#4928 = DIRECTION ( 'NONE',  ( 1.000000000000000000, 0.0000000000000000000, 0.0000000000000000000 ) ) ;
#4929 = DIRECTION ( 'NONE',  ( 1.000000000000000000, 0.0000000000000000000, 0.0000000000000000000 ) ) ;
#4930 = DIRECTION ( 'NONE',  ( 0.0000000000000000000, 0.0000000000000000000, -1.000000000000000000 ) ) ;
#4931 = UNCERTAINTY_MEASURE_WITH_UNIT (LENGTH_MEASURE( 1.000000000000000082E-05 ), #3387, 'distance_accuracy_value', 'NONE');
#4932 = FILL_AREA_STYLE ('',( #4522 ) ) ;
#4933 = DIRECTION ( 'NONE',  ( 0.0000000000000000000, 1.000000000000000000, 0.0000000000000000000 ) ) ;
#4934 = EDGE_CURVE ( 'NONE', #3186, #3099, #4995, .T. ) ;
#4935 = ORIENTED_EDGE ( 'NONE', *, *, #4917, .T. ) ;
#4936 = DIRECTION ( 'NONE',  ( 0.0000000000000000000, -1.000000000000000000, 0.0000000000000000000 ) ) ;
#4937 = AXIS2_PLACEMENT_3D ( 'NONE', #2506, #531, #1053 ) ;
#4938 = ORIENTED_EDGE ( 'NONE', *, *, #1405, .T. ) ;
#4939 = CARTESIAN_POINT ( 'NONE',  ( 0.5150000000000000133, 1.850000000000000089, -2.024999999999999911 ) ) ;
#4940 = ADVANCED_FACE ( 'NONE', ( #5467 ), #631, .F. ) ;
#4941 = LINE ( 'NONE', #5165, #1717 ) ;
#4942 = EDGE_LOOP ( 'NONE', ( #2293, #3040, #2461, #5889, #6325, #699, #2774, #5241 ) ) ;
#4943 = DIRECTION ( 'NONE',  ( 0.0000000000000000000, 0.0000000000000000000, 1.000000000000000000 ) ) ;
#4944 = DIRECTION ( 'NONE',  ( 0.0000000000000000000, 0.0000000000000000000, 1.000000000000000000 ) ) ;
#4945 = VERTEX_POINT ( 'NONE', #5542 ) ;
#4946 = EDGE_CURVE ( 'NONE', #5788, #5057, #3341, .T. ) ;
#4947 = CARTESIAN_POINT ( 'NONE',  ( -0.5150000000000000133, 1.000000000000000000, -1.525000000000000133 ) ) ;
#4948 = CARTESIAN_POINT ( 'NONE',  ( 0.7349999999999999867, 1.850000000000000089, -1.025000000000000133 ) ) ;
#4949 = VERTEX_POINT ( 'NONE', #1121 ) ;
#4950 = CARTESIAN_POINT ( 'NONE',  ( 2.425000000000000266, 2.550000000000000266, -1.474999999999999867 ) ) ;
#4951 = ORIENTED_EDGE ( 'NONE', *, *, #4823, .F. ) ;
#4952 = CARTESIAN_POINT ( 'NONE',  ( 3.525000000000000355, 1.950000000000002176, 1.375000000000006883 ) ) ;
#4953 = ORIENTED_EDGE ( 'NONE', *, *, #6020, .F. ) ;
#4954 = EDGE_CURVE ( 'NONE', #721, #3425, #448, .T. ) ;
#4955 = ORIENTED_EDGE ( 'NONE', *, *, #1082, .T. ) ;
#4956 = EDGE_CURVE ( 'NONE', #3676, #3132, #682, .T. ) ;
#4957 = DIRECTION ( 'NONE',  ( -0.0000000000000000000, 1.000000000000000000, 0.0000000000000000000 ) ) ;
#4958 = VERTEX_POINT ( 'NONE', #1143 ) ;
#4959 = CARTESIAN_POINT ( 'NONE',  ( -0.7249999999999999778, 0.05000000000000002359, -1.775000000000000133 ) ) ;
#4960 = LINE ( 'NONE', #6248, #4341 ) ;
#4961 =( NAMED_UNIT ( * ) PLANE_ANGLE_UNIT ( ) SI_UNIT ( $, .RADIAN. ) );
#4962 = ORIENTED_EDGE ( 'NONE', *, *, #4186, .F. ) ;
#4963 = EDGE_CURVE ( 'NONE', #857, #3365, #1776, .T. ) ;
#4964 = FILL_AREA_STYLE_COLOUR ( '', #357 ) ;
#4965 = LINE ( 'NONE', #3674, #2382 ) ;
#4966 = MECHANICAL_DESIGN_GEOMETRIC_PRESENTATION_REPRESENTATION (  '', ( #4641 ), #881 ) ;
#4967 = ADVANCED_FACE ( 'NONE', ( #3182 ), #110, .F. ) ;
#4968 = CARTESIAN_POINT ( 'NONE',  ( 0.7349999999999999867, 1.850000000000000089, -1.025000000000000133 ) ) ;
#4969 = FACE_OUTER_BOUND ( 'NONE', #3462, .T. ) ;
#4970 = ORIENTED_EDGE ( 'NONE', *, *, #1457, .F. ) ;
#4971 = VECTOR ( 'NONE', #6209, 1000.000000000000000 ) ;
#4972 = STYLED_ITEM ( 'NONE', ( #2027 ), #1174 ) ;
#4973 = ORIENTED_EDGE ( 'NONE', *, *, #1745, .F. ) ;
#4974 = LINE ( 'NONE', #1921, #4290 ) ;
#4975 = DIRECTION ( 'NONE',  ( 1.000000000000000000, 0.0000000000000000000, 0.0000000000000000000 ) ) ;
#4976 = AXIS2_PLACEMENT_3D ( 'NONE', #6045, #2134, #1598 ) ;
#4977 = LINE ( 'NONE', #601, #6249 ) ;
#4978 = VERTEX_POINT ( 'NONE', #3180 ) ;
#4979 = DIRECTION ( 'NONE',  ( 0.0000000000000000000, -1.000000000000000000, 0.0000000000000000000 ) ) ;
#4980 = CARTESIAN_POINT ( 'NONE',  ( 3.525000000000000355, 4.239999999999999325, -1.925000000000000711 ) ) ;
#4981 = CARTESIAN_POINT ( 'NONE',  ( -1.875000000000000000, 3.750000000000000000, -2.024999999999999911 ) ) ;
#4982 = FACE_OUTER_BOUND ( 'NONE', #53, .T. ) ;
#4983 = VERTEX_POINT ( 'NONE', #150 ) ;
#4984 = ORIENTED_EDGE ( 'NONE', *, *, #3497, .T. ) ;
#4985 = ORIENTED_EDGE ( 'NONE', *, *, #5913, .T. ) ;
#4986 = EDGE_CURVE ( 'NONE', #5996, #2376, #4536, .T. ) ;
#4987 = FACE_OUTER_BOUND ( 'NONE', #3865, .T. ) ;
#4988 = PLANE ( 'NONE',  #2952 ) ;
#4989 = PLANE ( 'NONE',  #2777 ) ;
#4990 = DIRECTION ( 'NONE',  ( -0.0000000000000000000, 1.000000000000000000, 0.0000000000000000000 ) ) ;
#4991 = EDGE_CURVE ( 'NONE', #1130, #773, #4035, .T. ) ;
#4992 = LINE ( 'NONE', #2562, #4301 ) ;
#4993 = CARTESIAN_POINT ( 'NONE',  ( 1.250000000000000222, 0.0000000000000000000, 0.02500000000000000139 ) ) ;
#4994 = SURFACE_SIDE_STYLE ('',( #6261 ) ) ;
#4995 = LINE ( 'NONE', #5582, #5681 ) ;
#4996 = ADVANCED_FACE ( 'NONE', ( #4840 ), #2175, .F. ) ;
#4997 = CARTESIAN_POINT ( 'NONE',  ( 1.975000000000000089, 0.0000000000000000000, -1.525000000000000133 ) ) ;
#4998 = DIRECTION ( 'NONE',  ( 1.000000000000000000, 0.0000000000000000000, -0.0000000000000000000 ) ) ;
#4999 = FACE_OUTER_BOUND ( 'NONE', #3856, .T. ) ;
#5000 = ORIENTED_EDGE ( 'NONE', *, *, #5614, .F. ) ;
#5001 = CARTESIAN_POINT ( 'NONE',  ( 1.975000000000000089, 0.5000000000000000000, 0.0000000000000000000 ) ) ;
#5002 = ORIENTED_EDGE ( 'NONE', *, *, #2992, .T. ) ;
#5003 = AXIS2_PLACEMENT_3D ( 'NONE', #4475, #5072, #643 ) ;
#5004 = FILL_AREA_STYLE ('',( #1470 ) ) ;
#5005 = FACE_OUTER_BOUND ( 'NONE', #5332, .T. ) ;
#5006 = DIRECTION ( 'NONE',  ( 0.0000000000000000000, 0.0000000000000000000, 1.000000000000000000 ) ) ;
#5007 = PLANE ( 'NONE',  #8 ) ;
#5008 = FILL_AREA_STYLE_COLOUR ( '', #2317 ) ;
#5009 = DIRECTION ( 'NONE',  ( -0.0000000000000000000, -0.0000000000000000000, 1.000000000000000000 ) ) ;
#5010 = LINE ( 'NONE', #6310, #1096 ) ;
#5011 = VERTEX_POINT ( 'NONE', #2659 ) ;
#5012 = PRESENTATION_LAYER_ASSIGNMENT (  '', '', ( #5552 ) ) ;
#5013 = FACE_OUTER_BOUND ( 'NONE', #301, .T. ) ;
#5014 = PLANE ( 'NONE',  #2165 ) ;
#5015 = LINE ( 'NONE', #435, #935 ) ;
#5016 = PLANE ( 'NONE',  #4648 ) ;
#5017 = PRODUCT ( 'B03MB-GHS-TBT', 'B03MB-GHS-TBT', '', ( #4372 ) ) ;
#5018 = LINE ( 'NONE', #4939, #5411 ) ;
#5019 = ORIENTED_EDGE ( 'NONE', *, *, #4086, .F. ) ;
#5020 = ORIENTED_EDGE ( 'NONE', *, *, #3957, .T. ) ;
#5021 = ORIENTED_EDGE ( 'NONE', *, *, #4934, .F. ) ;
#5022 = VECTOR ( 'NONE', #1110, 1000.000000000000000 ) ;
#5023 = VERTEX_POINT ( 'NONE', #3635 ) ;
#5024 = DIRECTION ( 'NONE',  ( 1.000000000000000000, 0.0000000000000000000, 0.0000000000000000000 ) ) ;
#5025 = ORIENTED_EDGE ( 'NONE', *, *, #3957, .F. ) ;
#5026 = ORIENTED_EDGE ( 'NONE', *, *, #335, .T. ) ;
#5027 = SURFACE_STYLE_FILL_AREA ( #3373 ) ;
#5028 = EDGE_CURVE ( 'NONE', #2721, #3378, #1942, .T. ) ;
#5029 = ORIENTED_EDGE ( 'NONE', *, *, #3547, .T. ) ;
#5030 = CARTESIAN_POINT ( 'NONE',  ( -0.5250000000000000222, 1.000000000000000000, 1.525000000000000133 ) ) ;
#5031 = CARTESIAN_POINT ( 'NONE',  ( -0.4249999999999999889, 1.649999999999999911, -1.474999999999999867 ) ) ;
#5032 = ADVANCED_FACE ( 'NONE', ( #2033 ), #1678, .T. ) ;
#5033 = PLANE ( 'NONE',  #3943 ) ;
#5034 = ORIENTED_EDGE ( 'NONE', *, *, #1846, .F. ) ;
#5035 = PRESENTATION_LAYER_ASSIGNMENT (  '', '', ( #2749 ) ) ;
#5036 = EDGE_CURVE ( 'NONE', #2032, #5275, #4690, .T. ) ;
#5037 = SURFACE_STYLE_FILL_AREA ( #289 ) ;
#5038 = EDGE_CURVE ( 'NONE', #779, #422, #4380, .T. ) ;
#5039 = ORIENTED_EDGE ( 'NONE', *, *, #6130, .F. ) ;
#5040 = CARTESIAN_POINT ( 'NONE',  ( 1.974999999999999867, 0.05000000000000002359, -1.775000000000000133 ) ) ;
#5041 =( LENGTH_UNIT ( ) NAMED_UNIT ( * ) SI_UNIT ( .MILLI., .METRE. ) );
#5042 = LINE ( 'NONE', #4863, #1912 ) ;
#5043 = UNCERTAINTY_MEASURE_WITH_UNIT (LENGTH_MEASURE( 1.000000000000000082E-05 ), #6068, 'distance_accuracy_value', 'NONE');
#5044 = ORIENTED_EDGE ( 'NONE', *, *, #3302, .T. ) ;
#5045 = EDGE_LOOP ( 'NONE', ( #3325, #2583, #3510, #877 ) ) ;
#5046 = DIRECTION ( 'NONE',  ( -0.0000000000000000000, -0.0000000000000000000, 1.000000000000000000 ) ) ;
#5047 = ORIENTED_EDGE ( 'NONE', *, *, #1361, .F. ) ;
#5048 = DIRECTION ( 'NONE',  ( 0.0000000000000000000, -1.000000000000000000, -2.552445434498790050E-15 ) ) ;
#5049 = EDGE_CURVE ( 'NONE', #2615, #4130, #4618, .T. ) ;
#5050 = VERTEX_POINT ( 'NONE', #6138 ) ;
#5051 = CARTESIAN_POINT ( 'NONE',  ( 0.7249999999999998668, 0.3499999999999999778, -2.075000000000000178 ) ) ;
#5052 = MECHANICAL_DESIGN_GEOMETRIC_PRESENTATION_REPRESENTATION (  '', ( #3886 ), #2241 ) ;
#5053 = FACE_OUTER_BOUND ( 'NONE', #105, .T. ) ;
#5054 = ORIENTED_EDGE ( 'NONE', *, *, #4622, .T. ) ;
#5055 = DIRECTION ( 'NONE',  ( 0.0000000000000000000, 0.0000000000000000000, -1.000000000000000000 ) ) ;
#5056 = LINE ( 'NONE', #5390, #1147 ) ;
#5057 = VERTEX_POINT ( 'NONE', #5201 ) ;
#5058 =( GEOMETRIC_REPRESENTATION_CONTEXT ( 3 ) GLOBAL_UNCERTAINTY_ASSIGNED_CONTEXT ( ( #4454 ) ) GLOBAL_UNIT_ASSIGNED_CONTEXT ( ( #4422, #3524, #455 ) ) REPRESENTATION_CONTEXT ( 'NONE', 'WORKASPACE' ) );
#5059 = FILL_AREA_STYLE ('',( #1613 ) ) ;
#5060 = DIRECTION ( 'NONE',  ( 0.0000000000000000000, 1.084202172485501673E-15, 1.000000000000000000 ) ) ;
#5061 =( GEOMETRIC_REPRESENTATION_CONTEXT ( 3 ) GLOBAL_UNCERTAINTY_ASSIGNED_CONTEXT ( ( #3617 ) ) GLOBAL_UNIT_ASSIGNED_CONTEXT ( ( #851, #6264, #4797 ) ) REPRESENTATION_CONTEXT ( 'NONE', 'WORKASPACE' ) );
#5062 = LINE ( 'NONE', #2699, #1616 ) ;
#5063 = ADVANCED_FACE ( 'NONE', ( #2116, #1705, #3573, #367, #3410 ), #2708, .F. ) ;
#5064 = LINE ( 'NONE', #1635, #6252 ) ;
#5065 = DIRECTION ( 'NONE',  ( 0.0000000000000000000, -1.000000000000000000, 0.0000000000000000000 ) ) ;
#5066 = EDGE_CURVE ( 'NONE', #938, #1130, #5612, .T. ) ;
#5067 = VECTOR ( 'NONE', #2034, 1000.000000000000000 ) ;
#5068 = DIRECTION ( 'NONE',  ( 0.0000000000000000000, 0.0000000000000000000, -1.000000000000000000 ) ) ;
#5069 = EDGE_CURVE ( 'NONE', #6279, #3604, #3490, .T. ) ;
#5070 = CARTESIAN_POINT ( 'NONE',  ( 0.7249999999999999778, 0.0000000000000000000, -1.525000000000000133 ) ) ;
#5071 =( NAMED_UNIT ( * ) PLANE_ANGLE_UNIT ( ) SI_UNIT ( $, .RADIAN. ) );
#5072 = DIRECTION ( 'NONE',  ( 0.0000000000000000000, 1.000000000000000000, -1.339206523454102177E-15 ) ) ;
#5073 = LINE ( 'NONE', #5380, #6344 ) ;
#5074 = EDGE_CURVE ( 'NONE', #5023, #2319, #537, .T. ) ;
#5075 = ORIENTED_EDGE ( 'NONE', *, *, #225, .T. ) ;
#5076 = CARTESIAN_POINT ( 'NONE',  ( 3.725000000000000533, 1.999999999999997780, -2.075000000000008615 ) ) ;
#5077 = LINE ( 'NONE', #436, #1315 ) ;
#5078 = DIRECTION ( 'NONE',  ( -1.000000000000000000, 0.0000000000000000000, 0.0000000000000000000 ) ) ;
#5079 = DIRECTION ( 'NONE',  ( 1.000000000000000000, 0.0000000000000000000, 0.0000000000000000000 ) ) ;
#5080 = VECTOR ( 'NONE', #1885, 1000.000000000000000 ) ;
#5081 = ORIENTED_EDGE ( 'NONE', *, *, #3711, .F. ) ;
#5082 = CARTESIAN_POINT ( 'NONE',  ( -2.274999999999999911, 4.250000000000000000, -0.07499999999999998335 ) ) ;
#5083 = EDGE_CURVE ( 'NONE', #4335, #5695, #4462, .T. ) ;
#5084 = FACE_OUTER_BOUND ( 'NONE', #5438, .T. ) ;
#5085 = ORIENTED_EDGE ( 'NONE', *, *, #5199, .F. ) ;
#5086 = DIRECTION ( 'NONE',  ( 0.0000000000000000000, -1.000000000000000000, 0.0000000000000000000 ) ) ;
#5087 = AXIS2_PLACEMENT_3D ( 'NONE', #1847, #827, #5215 ) ;
#5088 = LINE ( 'NONE', #6107, #3812 ) ;
#5089 = VERTEX_POINT ( 'NONE', #5676 ) ;
#5090 = CARTESIAN_POINT ( 'NONE',  ( 0.5150000000000000133, 1.850000000000000089, -1.025000000000000133 ) ) ;
#5091 = CARTESIAN_POINT ( 'NONE',  ( -2.274999999999999911, 1.999999999999998668, -1.425000000000000933 ) ) ;
#5092 = VECTOR ( 'NONE', #6131, 1000.000000000000000 ) ;
#5093 = DIRECTION ( 'NONE',  ( -1.000000000000000000, 0.0000000000000000000, 0.0000000000000000000 ) ) ;
#5094 = FILL_AREA_STYLE ('',( #6280 ) ) ;
#5095 = AXIS2_PLACEMENT_3D ( 'NONE', #5001, #1123, #3597 ) ;
#5096 = ORIENTED_EDGE ( 'NONE', *, *, #5679, .T. ) ;
#5097 = LINE ( 'NONE', #523, #4716 ) ;
#5098 = ORIENTED_EDGE ( 'NONE', *, *, #817, .F. ) ;
#5099 = CARTESIAN_POINT ( 'NONE',  ( -1.175000000000000044, 2.550000000000000266, -1.474999999999999867 ) ) ;
#5100 =( GEOMETRIC_REPRESENTATION_CONTEXT ( 3 ) GLOBAL_UNCERTAINTY_ASSIGNED_CONTEXT ( ( #2779 ) ) GLOBAL_UNIT_ASSIGNED_CONTEXT ( ( #4219, #709, #4634 ) ) REPRESENTATION_CONTEXT ( 'NONE', 'WORKASPACE' ) );
#5101 = ORIENTED_EDGE ( 'NONE', *, *, #817, .T. ) ;
#5102 =( NAMED_UNIT ( * ) SI_UNIT ( $, .STERADIAN. ) SOLID_ANGLE_UNIT ( ) );
#5103 = ADVANCED_FACE ( 'NONE', ( #203 ), #730, .F. ) ;
#5104 = VECTOR ( 'NONE', #4157, 1000.000000000000000 ) ;
#5105 = ORIENTED_EDGE ( 'NONE', *, *, #1874, .F. ) ;
#5106 = VERTEX_POINT ( 'NONE', #3739 ) ;
#5107 = PLANE ( 'NONE',  #1645 ) ;
#5108 = DIRECTION ( 'NONE',  ( 0.0000000000000000000, 0.0000000000000000000, -1.000000000000000000 ) ) ;
#5109 = ORIENTED_EDGE ( 'NONE', *, *, #978, .F. ) ;
#5110 = ORIENTED_EDGE ( 'NONE', *, *, #181, .T. ) ;
#5111 = VERTEX_POINT ( 'NONE', #5700 ) ;
#5112 = EDGE_CURVE ( 'NONE', #885, #6279, #5154, .T. ) ;
#5113 = DIRECTION ( 'NONE',  ( 1.000000000000000000, 0.0000000000000000000, 0.0000000000000000000 ) ) ;
#5114 = CARTESIAN_POINT ( 'NONE',  ( -2.500000000000000000, 4.240000000000000213, 2.024999999999999911 ) ) ;
#5115 = DIRECTION ( 'NONE',  ( -1.000000000000000000, 0.0000000000000000000, 0.0000000000000000000 ) ) ;
#5116 = CARTESIAN_POINT ( 'NONE',  ( 3.750000000000000444, 4.240000000000000213, 2.024999999999999911 ) ) ;
#5117 = ORIENTED_EDGE ( 'NONE', *, *, #4701, .F. ) ;
#5118 = DIRECTION ( 'NONE',  ( 0.0000000000000000000, 0.0000000000000000000, 1.000000000000000000 ) ) ;
#5119 = CARTESIAN_POINT ( 'NONE',  ( -0.7249999999999999778, 1.850000000000000089, -1.025000000000000133 ) ) ;
#5120 = VECTOR ( 'NONE', #4673, 1000.000000000000000 ) ;
#5121 = UNCERTAINTY_MEASURE_WITH_UNIT (LENGTH_MEASURE( 1.000000000000000082E-05 ), #6092, 'distance_accuracy_value', 'NONE');
#5122 = EDGE_CURVE ( 'NONE', #6080, #5530, #3036, .T. ) ;
#5123 = VERTEX_POINT ( 'NONE', #4197 ) ;
#5124 = VECTOR ( 'NONE', #3218, 1000.000000000000114 ) ;
#5125 = DIRECTION ( 'NONE',  ( 0.0000000000000000000, -1.000000000000000000, 0.0000000000000000000 ) ) ;
#5126 = DIRECTION ( 'NONE',  ( 1.000000000000000000, 0.0000000000000000000, 0.0000000000000000000 ) ) ;
#5127 = DIRECTION ( 'NONE',  ( -1.000000000000000000, 0.0000000000000000000, 0.0000000000000000000 ) ) ;
#5128 = EDGE_LOOP ( 'NONE', ( #4121, #255, #6016, #3690 ) ) ;
#5129 = LINE ( 'NONE', #858, #588 ) ;
#5130 = SURFACE_STYLE_FILL_AREA ( #915 ) ;
#5131 = CARTESIAN_POINT ( 'NONE',  ( 3.125000000000000000, 0.5000000000000000000, -1.474999999999999867 ) ) ;
#5132 = LINE ( 'NONE', #6094, #4016 ) ;
#5133 = ADVANCED_FACE ( 'NONE', ( #6267 ), #1742, .F. ) ;
#5134 = ORIENTED_EDGE ( 'NONE', *, *, #4701, .T. ) ;
#5135 = AXIS2_PLACEMENT_3D ( 'NONE', #3546, #2018, #567 ) ;
#5136 = COLOUR_RGB ( '',0.6470588235294117974, 0.6196078431372549211, 0.5882352941176470784 ) ;
#5137 = DIRECTION ( 'NONE',  ( 0.0000000000000000000, 0.0000000000000000000, 1.000000000000000000 ) ) ;
#5138 = AXIS2_PLACEMENT_3D ( 'NONE', #4904, #2938, #2510 ) ;
#5139 =( LENGTH_UNIT ( ) NAMED_UNIT ( * ) SI_UNIT ( .MILLI., .METRE. ) );
#5140 = DIRECTION ( 'NONE',  ( -0.0000000000000000000, 1.000000000000000000, 0.0000000000000000000 ) ) ;
#5141 = LINE ( 'NONE', #5615, #4607 ) ;
#5142 = CARTESIAN_POINT ( 'NONE',  ( -0.5250000000000000222, 0.5000000000000000000, -1.525000000000000133 ) ) ;
#5143 = ORIENTED_EDGE ( 'NONE', *, *, #6095, .F. ) ;
#5144 = LINE ( 'NONE', #5909, #4028 ) ;
#5145 = DIRECTION ( 'NONE',  ( 0.0000000000000000000, 0.0000000000000000000, -1.000000000000000000 ) ) ;
#5146 = AXIS2_PLACEMENT_3D ( 'NONE', #1308, #3252, #1810 ) ;
#5147 = LINE ( 'NONE', #6228, #3801 ) ;
#5148 = LINE ( 'NONE', #4776, #2408 ) ;
#5149 = CARTESIAN_POINT ( 'NONE',  ( 0.5150000000000000133, 1.000000000000000000, -1.025000000000000133 ) ) ;
#5150 = CARTESIAN_POINT ( 'NONE',  ( 2.625000000000000000, 3.750000000000000000, 2.024999999999999911 ) ) ;
#5151 = DIRECTION ( 'NONE',  ( 1.000000000000000000, 0.0000000000000000000, 0.0000000000000000000 ) ) ;
#5152 = EDGE_CURVE ( 'NONE', #6199, #788, #2570, .T. ) ;
#5153 = DIRECTION ( 'NONE',  ( 0.0000000000000000000, -1.000000000000000000, 0.0000000000000000000 ) ) ;
#5154 = LINE ( 'NONE', #3291, #3878 ) ;
#5155 = PRESENTATION_LAYER_ASSIGNMENT (  '', '', ( #409 ) ) ;
#5156 = FACE_OUTER_BOUND ( 'NONE', #4153, .T. ) ;
#5157 = ORIENTED_EDGE ( 'NONE', *, *, #3457, .F. ) ;
#5158 = EDGE_CURVE ( 'NONE', #6064, #5313, #3568, .T. ) ;
#5159 =( NAMED_UNIT ( * ) SI_UNIT ( $, .STERADIAN. ) SOLID_ANGLE_UNIT ( ) );
#5160 = DIRECTION ( 'NONE',  ( 0.0000000000000000000, -1.000000000000000000, 0.0000000000000000000 ) ) ;
#5161 = ADVANCED_FACE ( 'NONE', ( #2495 ), #4764, .F. ) ;
#5162 = PRESENTATION_STYLE_ASSIGNMENT (( #4047 ) ) ;
#5163 = ORIENTED_EDGE ( 'NONE', *, *, #2713, .F. ) ;
#5164 = DIRECTION ( 'NONE',  ( 1.000000000000000000, 0.0000000000000000000, 0.0000000000000000000 ) ) ;
#5165 = CARTESIAN_POINT ( 'NONE',  ( 2.625000000000000000, 3.750000000000000000, -2.024999999999999911 ) ) ;
#5166 = EDGE_CURVE ( 'NONE', #2663, #2082, #1860, .T. ) ;
#5167 = CARTESIAN_POINT ( 'NONE',  ( -2.475000000000000089, 4.249999999999998224, -2.075000000000001510 ) ) ;
#5168 = VECTOR ( 'NONE', #3949, 1000.000000000000000 ) ;
#5169 = VERTEX_POINT ( 'NONE', #3942 ) ;
#5170 = VECTOR ( 'NONE', #969, 1000.000000000000000 ) ;
#5171 = ORIENTED_EDGE ( 'NONE', *, *, #3910, .F. ) ;
#5172 = FILL_AREA_STYLE ('',( #3221 ) ) ;
#5173 = ADVANCED_FACE ( 'NONE', ( #6128 ), #5722, .F. ) ;
#5174 = CARTESIAN_POINT ( 'NONE',  ( -0.8750000000000000000, 3.750000000000000000, 2.024999999999999911 ) ) ;
#5175 = PLANE ( 'NONE',  #4098 ) ;
#5176 = DIRECTION ( 'NONE',  ( 0.0000000000000000000, 0.0000000000000000000, 1.000000000000000000 ) ) ;
#5177 = DIRECTION ( 'NONE',  ( 0.0000000000000000000, 0.0000000000000000000, -1.000000000000000000 ) ) ;
#5178 = CARTESIAN_POINT ( 'NONE',  ( 3.525000000000000355, 4.240000000000000213, 0.0000000000000000000 ) ) ;
#5179 = LINE ( 'NONE', #5928, #3893 ) ;
#5180 = ORIENTED_EDGE ( 'NONE', *, *, #1718, .T. ) ;
#5181 = EDGE_CURVE ( 'NONE', #2333, #3514, #2179, .T. ) ;
#5182 = CARTESIAN_POINT ( 'NONE',  ( 1.975000000000000089, 1.649999999999999911, 2.024999999999999911 ) ) ;
#5183 = CARTESIAN_POINT ( 'NONE',  ( 3.275000000000000355, 1.980741759643274369, -1.925000000000000933 ) ) ;
#5184 = VECTOR ( 'NONE', #4419, 1000.000000000000000 ) ;
#5185 = ORIENTED_EDGE ( 'NONE', *, *, #2907, .T. ) ;
#5186 = EDGE_LOOP ( 'NONE', ( #1421, #1750, #2590, #4382 ) ) ;
#5187 = DIRECTION ( 'NONE',  ( -1.000000000000000000, 0.0000000000000000000, 0.0000000000000000000 ) ) ;
#5188 = ORIENTED_EDGE ( 'NONE', *, *, #2870, .F. ) ;
#5189 = VERTEX_POINT ( 'NONE', #5285 ) ;
#5190 =( LENGTH_UNIT ( ) NAMED_UNIT ( * ) SI_UNIT ( .MILLI., .METRE. ) );
#5191 = STYLED_ITEM ( 'NONE', ( #991 ), #1532 ) ;
#5192 = DIRECTION ( 'NONE',  ( -1.000000000000000000, 0.0000000000000000000, 0.0000000000000000000 ) ) ;
#5193 = VECTOR ( 'NONE', #428, 1000.000000000000000 ) ;
#5194 = VERTEX_POINT ( 'NONE', #792 ) ;
#5195 = VERTEX_POINT ( 'NONE', #1305 ) ;
#5196 = CARTESIAN_POINT ( 'NONE',  ( -0.7249999999999999778, 1.000000000000000000, 1.525000000000000133 ) ) ;
#5197 = CARTESIAN_POINT ( 'NONE',  ( -0.8750000000000000000, 3.750000000000000000, -2.024999999999999911 ) ) ;
#5198 = LINE ( 'NONE', #2323, #717 ) ;
#5199 = EDGE_CURVE ( 'NONE', #1673, #4190, #5466, .T. ) ;
#5200 = SURFACE_SIDE_STYLE ('',( #388 ) ) ;
#5201 = CARTESIAN_POINT ( 'NONE',  ( 1.774999999999999911, 0.3499999999999999778, -2.075000000000000178 ) ) ;
#5202 = CARTESIAN_POINT ( 'NONE',  ( -0.4249999999999999889, 1.850000000000000089, -1.698606797699999893 ) ) ;
#5203 = ORIENTED_EDGE ( 'NONE', *, *, #3826, .T. ) ;
#5204 = DIRECTION ( 'NONE',  ( 0.0000000000000000000, -1.000000000000000000, -4.336808689942024836E-15 ) ) ;
#5205 = EDGE_CURVE ( 'NONE', #4306, #3052, #4833, .T. ) ;
#5206 = CARTESIAN_POINT ( 'NONE',  ( -1.875000000000000000, 2.550000000000000266, -1.474999999999999867 ) ) ;
#5207 = FACE_OUTER_BOUND ( 'NONE', #3127, .T. ) ;
#5208 = EDGE_LOOP ( 'NONE', ( #1100, #4520, #2650, #2306 ) ) ;
#5209 = EDGE_CURVE ( 'NONE', #4555, #2289, #5147, .T. ) ;
#5210 = EDGE_LOOP ( 'NONE', ( #1477, #5556, #2540, #948 ) ) ;
#5211 = DIRECTION ( 'NONE',  ( 1.000000000000000000, 0.0000000000000000000, 0.0000000000000000000 ) ) ;
#5212 = ORIENTED_EDGE ( 'NONE', *, *, #5497, .T. ) ;
#5213 = FACE_OUTER_BOUND ( 'NONE', #4402, .T. ) ;
#5214 = LINE ( 'NONE', #810, #5293 ) ;
#5215 = DIRECTION ( 'NONE',  ( 1.000000000000000000, 0.0000000000000000000, 0.0000000000000000000 ) ) ;
#5216 = EDGE_LOOP ( 'NONE', ( #4883, #4367, #2065, #5513 ) ) ;
#5217 = VECTOR ( 'NONE', #4037, 1000.000000000000000 ) ;
#5218 = DIRECTION ( 'NONE',  ( -1.000000000000000000, 0.0000000000000000000, 0.0000000000000000000 ) ) ;
#5219 = DIRECTION ( 'NONE',  ( -1.000000000000000000, 0.0000000000000000000, 0.0000000000000000000 ) ) ;
#5220 = ORIENTED_EDGE ( 'NONE', *, *, #775, .F. ) ;
#5221 = VECTOR ( 'NONE', #3270, 1000.000000000000000 ) ;
#5222 =( NAMED_UNIT ( * ) PLANE_ANGLE_UNIT ( ) SI_UNIT ( $, .RADIAN. ) );
#5223 =( GEOMETRIC_REPRESENTATION_CONTEXT ( 3 ) GLOBAL_UNCERTAINTY_ASSIGNED_CONTEXT ( ( #4931 ) ) GLOBAL_UNIT_ASSIGNED_CONTEXT ( ( #3387, #1447, #1956 ) ) REPRESENTATION_CONTEXT ( 'NONE', 'WORKASPACE' ) );
#5224 = ORIENTED_EDGE ( 'NONE', *, *, #2427, .T. ) ;
#5225 = ORIENTED_EDGE ( 'NONE', *, *, #3226, .T. ) ;
#5226 = DIRECTION ( 'NONE',  ( 0.0000000000000000000, -4.003208021484939327E-15, 1.000000000000000000 ) ) ;
#5227 = ORIENTED_EDGE ( 'NONE', *, *, #3044, .T. ) ;
#5228 = CARTESIAN_POINT ( 'NONE',  ( 2.125000000000000000, 2.250000000000000000, -2.024999999999999911 ) ) ;
#5229 = DIRECTION ( 'NONE',  ( 0.0000000000000000000, -0.0000000000000000000, 1.000000000000000000 ) ) ;
#5230 = VECTOR ( 'NONE', #5717, 1000.000000000000000 ) ;
#5231 = STYLED_ITEM ( 'NONE', ( #1557 ), #485 ) ;
#5232 = CARTESIAN_POINT ( 'NONE',  ( 0.7250000000000000888, 0.5000000000000000000, -1.525000000000000133 ) ) ;
#5233 = AXIS2_PLACEMENT_3D ( 'NONE', #1369, #882, #24 ) ;
#5234 = LINE ( 'NONE', #4077, #6259 ) ;
#5235 =( NAMED_UNIT ( * ) SI_UNIT ( $, .STERADIAN. ) SOLID_ANGLE_UNIT ( ) );
#5236 = DIRECTION ( 'NONE',  ( -1.000000000000000000, 0.0000000000000000000, 0.0000000000000000000 ) ) ;
#5237 = CARTESIAN_POINT ( 'NONE',  ( 1.775000000000000133, 1.350000000000000089, -1.525000000000000133 ) ) ;
#5238 =( NAMED_UNIT ( * ) PLANE_ANGLE_UNIT ( ) SI_UNIT ( $, .RADIAN. ) );
#5239 = ADVANCED_FACE ( 'NONE', ( #2336 ), #6336, .T. ) ;
#5240 = COLOUR_RGB ( '',0.6470588235294117974, 0.6196078431372549211, 0.5882352941176470784 ) ;
#5241 = ORIENTED_EDGE ( 'NONE', *, *, #673, .T. ) ;
#5242 = CARTESIAN_POINT ( 'NONE',  ( 1.775000000000000133, 1.850000000000000089, -1.698606797699999893 ) ) ;
#5243 = FACE_OUTER_BOUND ( 'NONE', #4880, .T. ) ;
#5244 = EDGE_LOOP ( 'NONE', ( #1188, #1730, #5288, #2753 ) ) ;
#5245 = CARTESIAN_POINT ( 'NONE',  ( -2.475000000000000089, 3.600000000000000089, -1.425000000000000933 ) ) ;
#5246 = CARTESIAN_POINT ( 'NONE',  ( 1.985000000000000320, 1.000000000000000000, -1.474999999999999867 ) ) ;
#5247 = LINE ( 'NONE', #1445, #5168 ) ;
#5248 = EDGE_CURVE ( 'NONE', #794, #3458, #3714, .T. ) ;
#5249 =( LENGTH_UNIT ( ) NAMED_UNIT ( * ) SI_UNIT ( .MILLI., .METRE. ) );
#5250 = UNCERTAINTY_MEASURE_WITH_UNIT (LENGTH_MEASURE( 1.000000000000000082E-05 ), #1494, 'distance_accuracy_value', 'NONE');
#5251 = ORIENTED_EDGE ( 'NONE', *, *, #5426, .T. ) ;
#5252 = AXIS2_PLACEMENT_3D ( 'NONE', #2088, #1022, #3 ) ;
#5253 = DIRECTION ( 'NONE',  ( 0.0000000000000000000, 0.0000000000000000000, 1.000000000000000000 ) ) ;
#5254 = LINE ( 'NONE', #1886, #2802 ) ;
#5255 = ORIENTED_EDGE ( 'NONE', *, *, #1896, .T. ) ;
#5256 = CARTESIAN_POINT ( 'NONE',  ( 1.775000000000000133, 1.649999999999999911, -1.698606797699999893 ) ) ;
#5257 = EDGE_CURVE ( 'NONE', #3183, #2971, #4108, .T. ) ;
#5258 = ORIENTED_EDGE ( 'NONE', *, *, #3336, .T. ) ;
#5259 = LINE ( 'NONE', #2030, #5769 ) ;
#5260 = EDGE_LOOP ( 'NONE', ( #5339, #1825, #1781, #3121 ) ) ;
#5261 = CARTESIAN_POINT ( 'NONE',  ( 3.706138830084190428, 2.250000000000000000, 1.025000000000000133 ) ) ;
#5262 = DIRECTION ( 'NONE',  ( 0.0000000000000000000, 1.000000000000000000, 3.558407130208835834E-15 ) ) ;
#5263 = ORIENTED_EDGE ( 'NONE', *, *, #1047, .F. ) ;
#5264 = ORIENTED_EDGE ( 'NONE', *, *, #175, .T. ) ;
#5265 = EDGE_LOOP ( 'NONE', ( #3804, #5581, #285, #3934 ) ) ;
#5266 = SURFACE_SIDE_STYLE ('',( #4922 ) ) ;
#5267 = EDGE_LOOP ( 'NONE', ( #6034, #1812, #5431, #3289 ) ) ;
#5268 = EDGE_CURVE ( 'NONE', #2585, #4041, #2638, .T. ) ;
#5269 = CARTESIAN_POINT ( 'NONE',  ( 2.875000000000000000, 1.000000000000000000, -1.525000000000000133 ) ) ;
#5270 = LINE ( 'NONE', #268, #5564 ) ;
#5271 = ORIENTED_EDGE ( 'NONE', *, *, #1782, .T. ) ;
#5272 = ORIENTED_EDGE ( 'NONE', *, *, #2462, .F. ) ;
#5273 = ADVANCED_FACE ( 'NONE', ( #2852 ), #1833, .F. ) ;
#5274 = DIRECTION ( 'NONE',  ( 0.0000000000000000000, 0.0000000000000000000, -1.000000000000000000 ) ) ;
#5275 = VERTEX_POINT ( 'NONE', #2805 ) ;
#5276 = AXIS2_PLACEMENT_3D ( 'NONE', #1258, #5753, #3883 ) ;
#5277 = LINE ( 'NONE', #1653, #5878 ) ;
#5278 = CARTESIAN_POINT ( 'NONE',  ( 0.7250000000000000888, 1.850000000000000089, 2.024999999999999911 ) ) ;
#5279 = ORIENTED_EDGE ( 'NONE', *, *, #1634, .F. ) ;
#5280 = CARTESIAN_POINT ( 'NONE',  ( -0.7249999999999999778, 1.795247431900000024, 2.024999999999999911 ) ) ;
#5281 = EDGE_CURVE ( 'NONE', #2376, #130, #1231, .T. ) ;
#5282 = ORIENTED_EDGE ( 'NONE', *, *, #6130, .T. ) ;
#5283 = LINE ( 'NONE', #5439, #2688 ) ;
#5284 = DIRECTION ( 'NONE',  ( 0.0000000000000000000, 0.0000000000000000000, -1.000000000000000000 ) ) ;
#5285 = CARTESIAN_POINT ( 'NONE',  ( -2.500000000000000000, 4.250000000000000000, 2.024999999999999911 ) ) ;
#5286 = VECTOR ( 'NONE', #1566, 1000.000000000000000 ) ;
#5287 = DIRECTION ( 'NONE',  ( 1.000000000000000000, 0.0000000000000000000, 0.0000000000000000000 ) ) ;
#5288 = ORIENTED_EDGE ( 'NONE', *, *, #2307, .T. ) ;
#5289 = EDGE_CURVE ( 'NONE', #5316, #4061, #5607, .T. ) ;
#5290 = ORIENTED_EDGE ( 'NONE', *, *, #6159, .F. ) ;
#5291 = VECTOR ( 'NONE', #2965, 1000.000000000000000 ) ;
#5292 = EDGE_CURVE ( 'NONE', #2723, #4081, #43, .T. ) ;
#5293 = VECTOR ( 'NONE', #5321, 1000.000000000000000 ) ;
#5294 = CARTESIAN_POINT ( 'NONE',  ( -2.875000000000000000, 3.600000000000000977, -1.425000000000000044 ) ) ;
#5295 = LINE ( 'NONE', #3536, #4019 ) ;
#5296 = ORIENTED_EDGE ( 'NONE', *, *, #3870, .T. ) ;
#5297 = CARTESIAN_POINT ( 'NONE',  ( -2.274999999999999911, 4.240000000000000213, -1.925000000000000044 ) ) ;
#5298 = FACE_OUTER_BOUND ( 'NONE', #3138, .T. ) ;
#5299 = CARTESIAN_POINT ( 'NONE',  ( -0.7249999999999999778, 0.0000000000000000000, -2.024999999999999911 ) ) ;
#5300 = LINE ( 'NONE', #4250, #5230 ) ;
#5301 = CARTESIAN_POINT ( 'NONE',  ( 1.775000000000000133, 1.649999999999999911, 2.024999999999999911 ) ) ;
#5302 = ADVANCED_FACE ( 'NONE', ( #4030 ), #4460, .T. ) ;
#5303 = ORIENTED_EDGE ( 'NONE', *, *, #1588, .F. ) ;
#5304 = EDGE_CURVE ( 'NONE', #5169, #4246, #677, .T. ) ;
#5305 = EDGE_LOOP ( 'NONE', ( #1797, #4984, #598, #5110, #2758, #2460, #4576 ) ) ;
#5306 = CARTESIAN_POINT ( 'NONE',  ( -2.274999999999999911, 0.6000000000000076383, -0.2249999999999982014 ) ) ;
#5307 = AXIS2_PLACEMENT_3D ( 'NONE', #726, #5127, #4211 ) ;
#5308 = DIRECTION ( 'NONE',  ( 0.0000000000000000000, 1.000000000000000000, 0.0000000000000000000 ) ) ;
#5309 = DIRECTION ( 'NONE',  ( 1.000000000000000000, 0.0000000000000000000, 0.0000000000000000000 ) ) ;
#5310 = CARTESIAN_POINT ( 'NONE',  ( 0.5150000000000000133, 1.000000000000000000, -1.525000000000000133 ) ) ;
#5311 = LINE ( 'NONE', #2781, #752 ) ;
#5312 = CARTESIAN_POINT ( 'NONE',  ( -2.024999999999999911, 2.250000000000000000, -1.925000000000000044 ) ) ;
#5313 = VERTEX_POINT ( 'NONE', #29 ) ;
#5314 = CARTESIAN_POINT ( 'NONE',  ( 3.125000000000000000, 3.750000000000000000, 0.02500000000000000139 ) ) ;
#5315 = CARTESIAN_POINT ( 'NONE',  ( 0.5150000000000000133, 1.649999999999999911, -1.025000000000000133 ) ) ;
#5316 = VERTEX_POINT ( 'NONE', #2542 ) ;
#5317 = CARTESIAN_POINT ( 'NONE',  ( 0.5250000000000000222, 1.850000000000000089, -1.698606797699999893 ) ) ;
#5318 = FACE_OUTER_BOUND ( 'NONE', #2160, .T. ) ;
#5319 = ORIENTED_EDGE ( 'NONE', *, *, #3704, .T. ) ;
#5320 = COLOUR_RGB ( '',1.000000000000000000, 1.000000000000000000, 1.000000000000000000 ) ;
#5321 = DIRECTION ( 'NONE',  ( 0.0000000000000000000, 2.148487149506091871E-16, 1.000000000000000000 ) ) ;
#5322 = VERTEX_POINT ( 'NONE', #2049 ) ;
#5323 = CARTESIAN_POINT ( 'NONE',  ( -2.875000000000000000, 0.6000000000000076383, -0.2249999999999982014 ) ) ;
#5324 = CARTESIAN_POINT ( 'NONE',  ( 1.985000000000000320, 1.000000000000000000, -1.025000000000000133 ) ) ;
#5325 = DIRECTION ( 'NONE',  ( 0.0000000000000000000, 0.0000000000000000000, -1.000000000000000000 ) ) ;
#5326 = CARTESIAN_POINT ( 'NONE',  ( 0.7249999999999999778, 1.850000000000000089, -2.024999999999999911 ) ) ;
#5327 = EDGE_CURVE ( 'NONE', #3930, #6286, #6341, .T. ) ;
#5328 = EDGE_LOOP ( 'NONE', ( #3752, #1647, #4022, #1167, #5949, #1579 ) ) ;
#5329 = DIRECTION ( 'NONE',  ( 0.0000000000000000000, 0.0000000000000000000, -1.000000000000000000 ) ) ;
#5330 = CARTESIAN_POINT ( 'NONE',  ( 0.4249999999999999889, 1.850000000000000089, 2.024999999999999911 ) ) ;
#5331 = EDGE_CURVE ( 'NONE', #3558, #846, #5752, .T. ) ;
#5332 = EDGE_LOOP ( 'NONE', ( #538, #3835, #634, #1869, #3480, #3983 ) ) ;
#5333 = PLANE ( 'NONE',  #1478 ) ;
#5334 = ADVANCED_FACE ( 'NONE', ( #3872 ), #2602, .T. ) ;
#5335 = DIRECTION ( 'NONE',  ( 0.0000000000000000000, 0.0000000000000000000, 1.000000000000000000 ) ) ;
#5336 = VECTOR ( 'NONE', #4431, 1000.000000000000000 ) ;
#5337 = ORIENTED_EDGE ( 'NONE', *, *, #3336, .F. ) ;
#5338 = VERTEX_POINT ( 'NONE', #5498 ) ;
#5339 = ORIENTED_EDGE ( 'NONE', *, *, #2396, .F. ) ;
#5340 = ORIENTED_EDGE ( 'NONE', *, *, #1016, .T. ) ;
#5341 = ORIENTED_EDGE ( 'NONE', *, *, #5972, .T. ) ;
#5342 = PRESENTATION_LAYER_ASSIGNMENT (  '', '', ( #470 ) ) ;
#5343 = CARTESIAN_POINT ( 'NONE',  ( -1.250000000000000000, 0.0000000000000000000, -1.025000000000000133 ) ) ;
#5344 =( LENGTH_UNIT ( ) NAMED_UNIT ( * ) SI_UNIT ( .MILLI., .METRE. ) );
#5345 = FILL_AREA_STYLE_COLOUR ( '', #6299 ) ;
#5346 = DIRECTION ( 'NONE',  ( 0.0000000000000000000, 1.000000000000000000, 0.0000000000000000000 ) ) ;
#5347 = PLANE ( 'NONE',  #1345 ) ;
#5348 = ORIENTED_EDGE ( 'NONE', *, *, #275, .T. ) ;
#5349 = FILL_AREA_STYLE ('',( #5869 ) ) ;
#5350 = ORIENTED_EDGE ( 'NONE', *, *, #1405, .F. ) ;
#5351 = EDGE_LOOP ( 'NONE', ( #2812, #4796, #4879, #20 ) ) ;
#5352 =( GEOMETRIC_REPRESENTATION_CONTEXT ( 3 ) GLOBAL_UNCERTAINTY_ASSIGNED_CONTEXT ( ( #2593 ) ) GLOBAL_UNIT_ASSIGNED_CONTEXT ( ( #5190, #4709, #5235 ) ) REPRESENTATION_CONTEXT ( 'NONE', 'WORKASPACE' ) );
#5353 = SURFACE_SIDE_STYLE ('',( #2993 ) ) ;
#5354 = DIRECTION ( 'NONE',  ( -0.0000000000000000000, 1.000000000000000000, -0.0000000000000000000 ) ) ;
#5355 = CARTESIAN_POINT ( 'NONE',  ( -2.875000000000000000, 4.250000000000000000, -2.024999999999999911 ) ) ;
#5356 = ORIENTED_EDGE ( 'NONE', *, *, #2268, .T. ) ;
#5357 = CARTESIAN_POINT ( 'NONE',  ( 1.774999999999999911, -0.6500000000000000222, -2.075000000000000178 ) ) ;
#5358 = LINE ( 'NONE', #284, #1528 ) ;
#5359 = LINE ( 'NONE', #3642, #2303 ) ;
#5360 = ORIENTED_EDGE ( 'NONE', *, *, #5685, .F. ) ;
#5361 = ORIENTED_EDGE ( 'NONE', *, *, #1669, .T. ) ;
#5362 = ORIENTED_EDGE ( 'NONE', *, *, #4738, .T. ) ;
#5363 = CARTESIAN_POINT ( 'NONE',  ( -0.5150000000000000133, 1.850000000000000089, -2.024999999999999911 ) ) ;
#5364 = CARTESIAN_POINT ( 'NONE',  ( -2.274999999999999911, 4.250000000000000000, -1.925000000000000044 ) ) ;
#5365 = CARTESIAN_POINT ( 'NONE',  ( 1.625000000000000222, 2.750000000000000000, -0.4749999999999999778 ) ) ;
#5366 = DIRECTION ( 'NONE',  ( 0.0000000000000000000, 1.000000000000000000, 0.0000000000000000000 ) ) ;
#5367 = ADVANCED_FACE ( 'NONE', ( #2567 ), #5916, .F. ) ;
#5368 = DIRECTION ( 'NONE',  ( 0.0000000000000000000, 1.000000000000000000, 0.0000000000000000000 ) ) ;
#5369 = CARTESIAN_POINT ( 'NONE',  ( 1.775000000000000133, 0.5000000000000000000, -1.525000000000000133 ) ) ;
#5370 = LINE ( 'NONE', #3390, #1213 ) ;
#5371 = ORIENTED_EDGE ( 'NONE', *, *, #3753, .T. ) ;
#5372 = EDGE_CURVE ( 'NONE', #1376, #4616, #2026, .T. ) ;
#5373 = EDGE_LOOP ( 'NONE', ( #602, #4805, #4194, #3249 ) ) ;
#5374 = CARTESIAN_POINT ( 'NONE',  ( -2.375000000000000000, 3.149999999999999911, 2.024999999999999911 ) ) ;
#5375 = MECHANICAL_DESIGN_GEOMETRIC_PRESENTATION_REPRESENTATION (  '', ( #2749 ), #278 ) ;
#5376 = CARTESIAN_POINT ( 'NONE',  ( -2.274999999999999911, 1.950000000000002176, 1.375000000000006883 ) ) ;
#5377 = SURFACE_STYLE_USAGE ( .BOTH. , #5353 ) ;
#5378 = EDGE_CURVE ( 'NONE', #2158, #406, #4992, .T. ) ;
#5379 = LINE ( 'NONE', #5677, #1069 ) ;
#5380 = CARTESIAN_POINT ( 'NONE',  ( 3.725000000000000533, 1.999999999999997780, -2.075000000000008615 ) ) ;
#5381 = ORIENTED_EDGE ( 'NONE', *, *, #3702, .T. ) ;
#5382 = EDGE_CURVE ( 'NONE', #2793, #422, #3177, .T. ) ;
#5383 = CARTESIAN_POINT ( 'NONE',  ( 0.7349999999999999867, 1.850000000000000089, -1.025000000000000133 ) ) ;
#5384 = DIRECTION ( 'NONE',  ( 0.0000000000000000000, 0.4999999999932618899, -0.8660254037883288181 ) ) ;
#5385 = FACE_OUTER_BOUND ( 'NONE', #2163, .T. ) ;
#5386 = LINE ( 'NONE', #4566, #3951 ) ;
#5387 = LINE ( 'NONE', #4412, #1463 ) ;
#5388 = CARTESIAN_POINT ( 'NONE',  ( -0.5250000000000000222, 1.649999999999999911, 2.024999999999999911 ) ) ;
#5389 = CARTESIAN_POINT ( 'NONE',  ( 3.525000000000000355, 4.249999999999992895, -0.07499999999999976130 ) ) ;
#5390 = CARTESIAN_POINT ( 'NONE',  ( 3.525000000000000355, 4.240000000000000213, -1.925000000000000711 ) ) ;
#5391 = EDGE_CURVE ( 'NONE', #4732, #6269, #1701, .T. ) ;
#5392 = PRESENTATION_LAYER_ASSIGNMENT (  '', '', ( #2769 ) ) ;
#5393 = PLANE ( 'NONE',  #2402 ) ;
#5394 = FACE_OUTER_BOUND ( 'NONE', #5244, .T. ) ;
#5395 = ORIENTED_EDGE ( 'NONE', *, *, #3884, .F. ) ;
#5396 = CARTESIAN_POINT ( 'NONE',  ( -0.7249999999999999778, -0.004464445899999999919, 0.003975566199999999890 ) ) ;
#5397 = ADVANCED_FACE ( 'NONE', ( #828 ), #2022, .T. ) ;
#5398 = CARTESIAN_POINT ( 'NONE',  ( 3.525000000000000355, 1.949999999999999512, 2.025000000000007017 ) ) ;
#5399 = VECTOR ( 'NONE', #2872, 1000.000000000000000 ) ;
#5400 = ORIENTED_EDGE ( 'NONE', *, *, #5066, .T. ) ;
#5401 = PLANE ( 'NONE',  #2287 ) ;
#5402 = ORIENTED_EDGE ( 'NONE', *, *, #546, .F. ) ;
#5403 = SURFACE_STYLE_FILL_AREA ( #1536 ) ;
#5404 = ORIENTED_EDGE ( 'NONE', *, *, #181, .F. ) ;
#5405 = EDGE_CURVE ( 'NONE', #1434, #6199, #1375, .T. ) ;
#5406 = CARTESIAN_POINT ( 'NONE',  ( 3.525000000000000355, 1.999999999999997780, -2.075000000000008615 ) ) ;
#5407 = VECTOR ( 'NONE', #3369, 1000.000000000000000 ) ;
#5408 = ORIENTED_EDGE ( 'NONE', *, *, #97, .T. ) ;
#5409 = CARTESIAN_POINT ( 'NONE',  ( -2.475000000000000089, 3.599999999999999201, -0.07500000000000128786 ) ) ;
#5410 = EDGE_CURVE ( 'NONE', #90, #79, #751, .T. ) ;
#5411 = VECTOR ( 'NONE', #2575, 1000.000000000000000 ) ;
#5412 = CARTESIAN_POINT ( 'NONE',  ( 1.975000000000000089, 1.350000000000000089, 1.525000000000000133 ) ) ;
#5413 = PLANE ( 'NONE',  #1523 ) ;
#5414 = DIRECTION ( 'NONE',  ( 0.0000000000000000000, 2.997602166487923448E-15, -1.000000000000000000 ) ) ;
#5415 = VECTOR ( 'NONE', #2581, 1000.000000000000000 ) ;
#5416 = EDGE_CURVE ( 'NONE', #4784, #2082, #4531, .T. ) ;
#5417 = ORIENTED_EDGE ( 'NONE', *, *, #947, .F. ) ;
#5418 = DIRECTION ( 'NONE',  ( 0.0000000000000000000, 0.0000000000000000000, 1.000000000000000000 ) ) ;
#5419 = CARTESIAN_POINT ( 'NONE',  ( 1.775000000000000133, 1.850000000000000089, -1.025000000000000133 ) ) ;
#5420 = ORIENTED_EDGE ( 'NONE', *, *, #2146, .T. ) ;
#5421 =( NAMED_UNIT ( * ) SI_UNIT ( $, .STERADIAN. ) SOLID_ANGLE_UNIT ( ) );
#5422 = EDGE_LOOP ( 'NONE', ( #2811, #1390, #5371, #1046 ) ) ;
#5423 = ORIENTED_EDGE ( 'NONE', *, *, #5378, .T. ) ;
#5424 = PLANE ( 'NONE',  #3274 ) ;
#5425 = VERTEX_POINT ( 'NONE', #1548 ) ;
#5426 = EDGE_CURVE ( 'NONE', #4246, #3458, #3404, .T. ) ;
#5427 = CARTESIAN_POINT ( 'NONE',  ( 3.750000000000000444, 4.250000000000000000, 2.024999999999999911 ) ) ;
#5428 = DIRECTION ( 'NONE',  ( 0.0000000000000000000, -1.000000000000000000, -3.212450881438532635E-15 ) ) ;
#5429 = CARTESIAN_POINT ( 'NONE',  ( -2.375000000000000000, 3.149999999999999911, 0.02500000000000000139 ) ) ;
#5430 = ADVANCED_FACE ( 'NONE', ( #3103 ), #3139, .F. ) ;
#5431 = ORIENTED_EDGE ( 'NONE', *, *, #5898, .T. ) ;
#5432 = FILL_AREA_STYLE ('',( #2515 ) ) ;
#5433 = DIRECTION ( 'NONE',  ( 0.0000000000000000000, 1.339206523454101388E-15, 1.000000000000000000 ) ) ;
#5434 = VECTOR ( 'NONE', #4760, 1000.000000000000000 ) ;
#5435 = DIRECTION ( 'NONE',  ( 1.000000000000000000, 0.0000000000000000000, 0.0000000000000000000 ) ) ;
#5436 = ORIENTED_EDGE ( 'NONE', *, *, #3174, .F. ) ;
#5437 = FILL_AREA_STYLE_COLOUR ( '', #3922 ) ;
#5438 = EDGE_LOOP ( 'NONE', ( #3790, #5381, #4039, #4450 ) ) ;
#5439 = CARTESIAN_POINT ( 'NONE',  ( -0.7249999999999999778, 1.850000000000000089, -1.698606797699999893 ) ) ;
#5440 = ORIENTED_EDGE ( 'NONE', *, *, #6167, .F. ) ;
#5441 = ORIENTED_EDGE ( 'NONE', *, *, #4913, .F. ) ;
#5442 = CARTESIAN_POINT ( 'NONE',  ( -2.024999999999999911, 2.250000000000000000, -1.925000000000000044 ) ) ;
#5443 = VECTOR ( 'NONE', #1756, 1000.000000000000114 ) ;
#5444 = DIRECTION ( 'NONE',  ( 0.0000000000000000000, 0.0000000000000000000, 1.000000000000000000 ) ) ;
#5445 = VERTEX_POINT ( 'NONE', #4122 ) ;
#5446 = CARTESIAN_POINT ( 'NONE',  ( -2.475000000000000089, 3.600000000000000089, -1.425000000000000933 ) ) ;
#5447 = AXIS2_PLACEMENT_3D ( 'NONE', #4420, #1969, #450 ) ;
#5448 = LINE ( 'NONE', #3882, #5661 ) ;
#5449 = CARTESIAN_POINT ( 'NONE',  ( -2.274999999999999911, 3.600000000000000089, -1.425000000000000933 ) ) ;
#5450 = CARTESIAN_POINT ( 'NONE',  ( 0.7349999999999999867, 1.649999999999999911, -1.025000000000000133 ) ) ;
#5451 = SURFACE_STYLE_FILL_AREA ( #2062 ) ;
#5452 = CARTESIAN_POINT ( 'NONE',  ( -2.274999999999999911, 2.000000000000000000, -2.024999999999999911 ) ) ;
#5453 = ORIENTED_EDGE ( 'NONE', *, *, #741, .F. ) ;
#5454 = DIRECTION ( 'NONE',  ( 0.0000000000000000000, 0.0000000000000000000, 1.000000000000000000 ) ) ;
#5455 = CARTESIAN_POINT ( 'NONE',  ( -0.5250000000000000222, 0.05000000000000002359, -1.775000000000000133 ) ) ;
#5456 = DIRECTION ( 'NONE',  ( 0.0000000000000000000, -3.212450881438532635E-15, 1.000000000000000000 ) ) ;
#5457 = EDGE_CURVE ( 'NONE', #3920, #554, #1935, .T. ) ;
#5458 = VECTOR ( 'NONE', #1676, 1000.000000000000000 ) ;
#5459 = VERTEX_POINT ( 'NONE', #2172 ) ;
#5460 = ORIENTED_EDGE ( 'NONE', *, *, #3875, .F. ) ;
#5461 = DIRECTION ( 'NONE',  ( 1.000000000000000000, 0.0000000000000000000, 0.0000000000000000000 ) ) ;
#5462 = VECTOR ( 'NONE', #1043, 1000.000000000000000 ) ;
#5463 = ADVANCED_FACE ( 'NONE', ( #5537 ), #3645, .T. ) ;
#5464 = EDGE_CURVE ( 'NONE', #6080, #1336, #2112, .T. ) ;
#5465 = CARTESIAN_POINT ( 'NONE',  ( 0.8249999999999999556, 1.649999999999999911, 2.024999999999999911 ) ) ;
#5466 = LINE ( 'NONE', #2955, #362 ) ;
#5467 = FACE_OUTER_BOUND ( 'NONE', #4042, .T. ) ;
#5468 = CARTESIAN_POINT ( 'NONE',  ( -0.7249999999999999778, 0.3500000000000000333, -2.024999999999999911 ) ) ;
#5469 =( NAMED_UNIT ( * ) PLANE_ANGLE_UNIT ( ) SI_UNIT ( $, .RADIAN. ) );
#5470 = DIRECTION ( 'NONE',  ( 1.000000000000000000, 0.0000000000000000000, 0.0000000000000000000 ) ) ;
#5471 = FILL_AREA_STYLE_COLOUR ( '', #724 ) ;
#5472 = AXIS2_PLACEMENT_3D ( 'NONE', #5256, #4300, #1867 ) ;
#5473 = ORIENTED_EDGE ( 'NONE', *, *, #3630, .F. ) ;
#5474 = ORIENTED_EDGE ( 'NONE', *, *, #1374, .T. ) ;
#5475 =( GEOMETRIC_REPRESENTATION_CONTEXT ( 3 ) GLOBAL_UNCERTAINTY_ASSIGNED_CONTEXT ( ( #6165 ) ) GLOBAL_UNIT_ASSIGNED_CONTEXT ( ( #3282, #5905, #227 ) ) REPRESENTATION_CONTEXT ( 'NONE', 'WORKASPACE' ) );
#5476 = CARTESIAN_POINT ( 'NONE',  ( -2.024999999999999911, 4.240000000000000213, 0.0000000000000000000 ) ) ;
#5477 = CARTESIAN_POINT ( 'NONE',  ( 3.125000000000000000, 3.149999999999999911, 2.025999999999999801 ) ) ;
#5478 = FACE_OUTER_BOUND ( 'NONE', #1141, .T. ) ;
#5479 = VECTOR ( 'NONE', #2682, 1000.000000000000000 ) ;
#5480 = VERTEX_POINT ( 'NONE', #667 ) ;
#5481 = SURFACE_SIDE_STYLE ('',( #5403 ) ) ;
#5482 = ORIENTED_EDGE ( 'NONE', *, *, #5494, .T. ) ;
#5483 = CARTESIAN_POINT ( 'NONE',  ( 3.525000000000000355, 0.6000000000000024203, 1.375000000000002442 ) ) ;
#5484 = LINE ( 'NONE', #6273, #5631 ) ;
#5485 = ORIENTED_EDGE ( 'NONE', *, *, #5725, .T. ) ;
#5486 = EDGE_CURVE ( 'NONE', #4094, #6301, #3256, .T. ) ;
#5487 = LINE ( 'NONE', #1459, #1255 ) ;
#5488 = DIRECTION ( 'NONE',  ( -0.0000000000000000000, 0.0000000000000000000, -1.000000000000000000 ) ) ;
#5489 = ADVANCED_FACE ( 'NONE', ( #4982 ), #3593, .T. ) ;
#5490 = SURFACE_STYLE_USAGE ( .BOTH. , #3518 ) ;
#5491 =( NAMED_UNIT ( * ) PLANE_ANGLE_UNIT ( ) SI_UNIT ( $, .RADIAN. ) );
#5492 = LINE ( 'NONE', #1666, #3751 ) ;
#5493 = ORIENTED_EDGE ( 'NONE', *, *, #2786, .T. ) ;
#5494 = EDGE_CURVE ( 'NONE', #4467, #2887, #3101, .T. ) ;
#5495 = ORIENTED_EDGE ( 'NONE', *, *, #3093, .F. ) ;
#5496 = CARTESIAN_POINT ( 'NONE',  ( 0.7250000000000000888, 0.0000000000000000000, -2.024999999999999911 ) ) ;
#5497 = EDGE_CURVE ( 'NONE', #5997, #4910, #5747, .T. ) ;
#5498 = CARTESIAN_POINT ( 'NONE',  ( -0.5150000000000000133, 1.850000000000000089, -2.024999999999999911 ) ) ;
#5499 = ORIENTED_EDGE ( 'NONE', *, *, #6124, .T. ) ;
#5500 = ORIENTED_EDGE ( 'NONE', *, *, #3253, .F. ) ;
#5501 = ORIENTED_EDGE ( 'NONE', *, *, #3135, .F. ) ;
#5502 = PLANE ( 'NONE',  #1818 ) ;
#5503 = VECTOR ( 'NONE', #361, 1000.000000000000000 ) ;
#5504 = CARTESIAN_POINT ( 'NONE',  ( 0.07499999999999998335, 1.850000000000000089, -1.474999999999999867 ) ) ;
#5505 = ORIENTED_EDGE ( 'NONE', *, *, #427, .T. ) ;
#5506 = EDGE_CURVE ( 'NONE', #1204, #5011, #5141, .T. ) ;
#5507 = PRESENTATION_STYLE_ASSIGNMENT (( #3683 ) ) ;
#5508 = CARTESIAN_POINT ( 'NONE',  ( 0.0000000000000000000, 4.240000000000000213, 0.0000000000000000000 ) ) ;
#5509 = FACE_OUTER_BOUND ( 'NONE', #2299, .T. ) ;
#5510 = AXIS2_PLACEMENT_3D ( 'NONE', #2109, #4990, #2594 ) ;
#5511 = FILL_AREA_STYLE_COLOUR ( '', #1338 ) ;
#5512 = ORIENTED_EDGE ( 'NONE', *, *, #1090, .T. ) ;
#5513 = ORIENTED_EDGE ( 'NONE', *, *, #662, .F. ) ;
#5514 = FACE_OUTER_BOUND ( 'NONE', #2755, .T. ) ;
#5515 = ORIENTED_EDGE ( 'NONE', *, *, #2597, .T. ) ;
#5516 = ORIENTED_EDGE ( 'NONE', *, *, #4658, .F. ) ;
#5517 = ORIENTED_EDGE ( 'NONE', *, *, #3757, .F. ) ;
#5518 = AXIS2_PLACEMENT_3D ( 'NONE', #176, #714, #4598 ) ;
#5519 = LINE ( 'NONE', #872, #1440 ) ;
#5520 = PRESENTATION_LAYER_ASSIGNMENT (  '', '', ( #483 ) ) ;
#5521 = DIRECTION ( 'NONE',  ( 0.0000000000000000000, -1.000000000000000000, 0.0000000000000000000 ) ) ;
#5522 = UNCERTAINTY_MEASURE_WITH_UNIT (LENGTH_MEASURE( 1.000000000000000082E-05 ), #377, 'distance_accuracy_value', 'NONE');
#5523 = ADVANCED_FACE ( 'NONE', ( #4448 ), #6060, .T. ) ;
#5524 = EDGE_LOOP ( 'NONE', ( #3595, #3623, #1609, #5034 ) ) ;
#5525 = CARTESIAN_POINT ( 'NONE',  ( -0.7349999999999999867, 1.850000000000000089, -1.025000000000000133 ) ) ;
#5526 = VERTEX_POINT ( 'NONE', #1192 ) ;
#5527 = DIRECTION ( 'NONE',  ( 0.0000000000000000000, 4.003208021484939327E-15, -1.000000000000000000 ) ) ;
#5528 = EDGE_CURVE ( 'NONE', #1927, #938, #1770, .T. ) ;
#5529 = FILL_AREA_STYLE ('',( #1553 ) ) ;
#5530 = VERTEX_POINT ( 'NONE', #6021 ) ;
#5531 = ORIENTED_EDGE ( 'NONE', *, *, #6140, .F. ) ;
#5532 = EDGE_CURVE ( 'NONE', #3598, #2046, #4025, .T. ) ;
#5533 = VECTOR ( 'NONE', #2669, 1000.000000000000000 ) ;
#5534 = PLANE ( 'NONE',  #3625 ) ;
#5535 = FACE_OUTER_BOUND ( 'NONE', #433, .T. ) ;
#5536 = EDGE_CURVE ( 'NONE', #1204, #4983, #2707, .T. ) ;
#5537 = FACE_OUTER_BOUND ( 'NONE', #4548, .T. ) ;
#5538 = DIRECTION ( 'NONE',  ( 0.0000000000000000000, 0.0000000000000000000, 1.000000000000000000 ) ) ;
#5539 = LINE ( 'NONE', #4304, #5823 ) ;
#5540 = VECTOR ( 'NONE', #2640, 1000.000000000000000 ) ;
#5541 = CARTESIAN_POINT ( 'NONE',  ( -0.3750000000000000000, 2.250000000000000000, -0.4749999999999999778 ) ) ;
#5542 = CARTESIAN_POINT ( 'NONE',  ( 3.125000000000000000, 0.5000000000000000000, -1.474999999999999867 ) ) ;
#5543 = LINE ( 'NONE', #3577, #3266 ) ;
#5544 = VERTEX_POINT ( 'NONE', #4155 ) ;
#5545 = DIRECTION ( 'NONE',  ( 1.000000000000000000, 0.0000000000000000000, 0.0000000000000000000 ) ) ;
#5546 = LINE ( 'NONE', #3017, #4245 ) ;
#5547 = ORIENTED_EDGE ( 'NONE', *, *, #525, .T. ) ;
#5548 = DIRECTION ( 'NONE',  ( -1.000000000000000000, 0.0000000000000000000, 0.0000000000000000000 ) ) ;
#5549 = ADVANCED_FACE ( 'NONE', ( #2558 ), #145, .F. ) ;
#5550 = LINE ( 'NONE', #365, #620 ) ;
#5551 = ORIENTED_EDGE ( 'NONE', *, *, #5898, .F. ) ;
#5552 = STYLED_ITEM ( 'NONE', ( #461 ), #551 ) ;
#5553 = ORIENTED_EDGE ( 'NONE', *, *, #4738, .F. ) ;
#5554 = AXIS2_PLACEMENT_3D ( 'NONE', #3403, #4336, #2393 ) ;
#5555 = CARTESIAN_POINT ( 'NONE',  ( 1.975000000000000089, -0.6500000000000000222, -2.075000000000000178 ) ) ;
#5556 = ORIENTED_EDGE ( 'NONE', *, *, #2477, .T. ) ;
#5557 = CARTESIAN_POINT ( 'NONE',  ( 2.075000000000000622, 1.850000000000000089, -1.698606797699999893 ) ) ;
#5558 = VECTOR ( 'NONE', #6317, 1000.000000000000000 ) ;
#5559 = VECTOR ( 'NONE', #3603, 1000.000000000000000 ) ;
#5560 = ORIENTED_EDGE ( 'NONE', *, *, #1547, .T. ) ;
#5561 = DIRECTION ( 'NONE',  ( 1.000000000000000000, 0.0000000000000000000, 0.0000000000000000000 ) ) ;
#5562 = VERTEX_POINT ( 'NONE', #4137 ) ;
#5563 = ORIENTED_EDGE ( 'NONE', *, *, #2661, .T. ) ;
#5564 = VECTOR ( 'NONE', #3200, 1000.000000000000000 ) ;
#5565 = EDGE_CURVE ( 'NONE', #4732, #3163, #5064, .T. ) ;
#5566 = ORIENTED_EDGE ( 'NONE', *, *, #6159, .T. ) ;
#5567 = DIRECTION ( 'NONE',  ( 0.0000000000000000000, 0.0000000000000000000, -1.000000000000000000 ) ) ;
#5568 =( LENGTH_UNIT ( ) NAMED_UNIT ( * ) SI_UNIT ( .MILLI., .METRE. ) );
#5569 = ORIENTED_EDGE ( 'NONE', *, *, #1924, .T. ) ;
#5570 = MECHANICAL_DESIGN_GEOMETRIC_PRESENTATION_REPRESENTATION (  '', ( #4181 ), #3207 ) ;
#5571 = CARTESIAN_POINT ( 'NONE',  ( 3.725000000000000533, 4.249999999999992895, -0.07499999999999976130 ) ) ;
#5572 = ORIENTED_EDGE ( 'NONE', *, *, #4154, .F. ) ;
#5573 = EDGE_LOOP ( 'NONE', ( #2316, #5180, #5515, #1659 ) ) ;
#5574 = EDGE_CURVE ( 'NONE', #2617, #6276, #5386, .T. ) ;
#5575 = ORIENTED_EDGE ( 'NONE', *, *, #4457, .F. ) ;
#5576 = DIRECTION ( 'NONE',  ( 0.0000000000000000000, -0.0000000000000000000, -1.000000000000000000 ) ) ;
#5577 = CARTESIAN_POINT ( 'NONE',  ( 1.985000000000000320, 1.850000000000000089, -2.024999999999999911 ) ) ;
#5578 = LINE ( 'NONE', #4368, #2151 ) ;
#5579 = ADVANCED_FACE ( 'NONE', ( #1222 ), #3284, .F. ) ;
#5580 = CARTESIAN_POINT ( 'NONE',  ( 0.5250000000000000222, 1.649999999999999911, 2.024999999999999911 ) ) ;
#5581 = ORIENTED_EDGE ( 'NONE', *, *, #4541, .F. ) ;
#5582 = CARTESIAN_POINT ( 'NONE',  ( 4.125000000000000000, 3.600000000000000977, -0.07499999999999998335 ) ) ;
#5583 = ORIENTED_EDGE ( 'NONE', *, *, #3295, .T. ) ;
#5584 =( LENGTH_UNIT ( ) NAMED_UNIT ( * ) SI_UNIT ( .MILLI., .METRE. ) );
#5585 = FACE_OUTER_BOUND ( 'NONE', #5305, .T. ) ;
#5586 = DIRECTION ( 'NONE',  ( 0.0000000000000000000, 0.0000000000000000000, 1.000000000000000000 ) ) ;
#5587 = AXIS2_PLACEMENT_3D ( 'NONE', #1944, #478, #5821 ) ;
#5588 = ORIENTED_EDGE ( 'NONE', *, *, #5205, .F. ) ;
#5589 = PLANE ( 'NONE',  #1202 ) ;
#5590 = AXIS2_PLACEMENT_3D ( 'NONE', #232, #1230, #4645 ) ;
#5591 = LINE ( 'NONE', #200, #4592 ) ;
#5592 = EDGE_LOOP ( 'NONE', ( #5029, #3312, #2078, #2666, #798, #1182, #5251, #2703, #5495, #6311, #224, #3112, #2844, #389 ) ) ;
#5593 = DIRECTION ( 'NONE',  ( 0.0000000000000000000, 1.000000000000000000, 0.0000000000000000000 ) ) ;
#5594 = VECTOR ( 'NONE', #1451, 1000.000000000000000 ) ;
#5595 = DIRECTION ( 'NONE',  ( -1.000000000000000000, 0.0000000000000000000, 0.0000000000000000000 ) ) ;
#5596 = VERTEX_POINT ( 'NONE', #5196 ) ;
#5597 = UNCERTAINTY_MEASURE_WITH_UNIT (LENGTH_MEASURE( 1.000000000000000082E-05 ), #5249, 'distance_accuracy_value', 'NONE');
#5598 = DIRECTION ( 'NONE',  ( 0.0000000000000000000, -3.252606517456512513E-15, 1.000000000000000000 ) ) ;
#5599 = VECTOR ( 'NONE', #3129, 1000.000000000000000 ) ;
#5600 = CARTESIAN_POINT ( 'NONE',  ( 3.525000000000000355, 3.600000000000000977, -1.425000000000000044 ) ) ;
#5601 = LINE ( 'NONE', #5697, #2780 ) ;
#5602 = CARTESIAN_POINT ( 'NONE',  ( -2.375000000000000000, 3.750000000000000000, 2.024999999999999911 ) ) ;
#5603 = EDGE_CURVE ( 'NONE', #422, #1089, #188, .T. ) ;
#5604 = PRESENTATION_STYLE_ASSIGNMENT (( #580 ) ) ;
#5605 = EDGE_CURVE ( 'NONE', #4052, #185, #3796, .T. ) ;
#5606 = CARTESIAN_POINT ( 'NONE',  ( 1.775000000000000133, 0.0000000000000000000, 0.0000000000000000000 ) ) ;
#5607 = LINE ( 'NONE', #4893, #1310 ) ;
#5608 = VERTEX_POINT ( 'NONE', #4230 ) ;
#5609 =( NAMED_UNIT ( * ) SI_UNIT ( $, .STERADIAN. ) SOLID_ANGLE_UNIT ( ) );
#5610 = EDGE_CURVE ( 'NONE', #4696, #2171, #4229, .T. ) ;
#5611 = CARTESIAN_POINT ( 'NONE',  ( 0.7250000000000000888, 1.850000000000000089, 0.0000000000000000000 ) ) ;
#5612 = LINE ( 'NONE', #2238, #1549 ) ;
#5613 = ORIENTED_EDGE ( 'NONE', *, *, #2673, .T. ) ;
#5614 = EDGE_CURVE ( 'NONE', #859, #2032, #1460, .T. ) ;
#5615 = CARTESIAN_POINT ( 'NONE',  ( 2.075000000000000622, 1.850000000000000089, -1.474999999999999867 ) ) ;
#5616 = ADVANCED_FACE ( 'NONE', ( #527 ), #3264, .F. ) ;
#5617 = LINE ( 'NONE', #1640, #1707 ) ;
#5618 = VERTEX_POINT ( 'NONE', #192 ) ;
#5619 = CARTESIAN_POINT ( 'NONE',  ( 0.5250000000000000222, 1.795247431900000024, 2.024999999999999911 ) ) ;
#5620 = DIRECTION ( 'NONE',  ( -1.000000000000000000, 0.0000000000000000000, 0.0000000000000000000 ) ) ;
#5621 = EDGE_CURVE ( 'NONE', #1914, #1435, #2485, .T. ) ;
#5622 = CARTESIAN_POINT ( 'NONE',  ( 3.525000000000000355, 2.250000000000000000, -2.024999999999999911 ) ) ;
#5623 = EDGE_LOOP ( 'NONE', ( #2521, #3097, #5979, #2535 ) ) ;
#5624 = CARTESIAN_POINT ( 'NONE',  ( -0.8750000000000000000, 3.750000000000000000, -2.024999999999999911 ) ) ;
#5625 = AXIS2_PLACEMENT_3D ( 'NONE', #771, #2237, #4196 ) ;
#5626 = ORIENTED_EDGE ( 'NONE', *, *, #4112, .F. ) ;
#5627 = ORIENTED_EDGE ( 'NONE', *, *, #4671, .T. ) ;
#5628 = LINE ( 'NONE', #3706, #4476 ) ;
#5629 = ORIENTED_EDGE ( 'NONE', *, *, #543, .F. ) ;
#5630 = CARTESIAN_POINT ( 'NONE',  ( 0.7250000000000000888, 1.850000000000000089, -1.025000000000000133 ) ) ;
#5631 = VECTOR ( 'NONE', #2914, 1000.000000000000000 ) ;
#5632 = ORIENTED_EDGE ( 'NONE', *, *, #3658, .F. ) ;
#5633 = CARTESIAN_POINT ( 'NONE',  ( -2.274999999999999911, 2.250000000000000000, -1.925000000000000044 ) ) ;
#5634 = AXIS2_PLACEMENT_3D ( 'NONE', #46, #11, #5998 ) ;
#5635 = VECTOR ( 'NONE', #5108, 1000.000000000000000 ) ;
#5636 = CARTESIAN_POINT ( 'NONE',  ( -2.875000000000000000, 1.000000000000000000, -2.024999999999999911 ) ) ;
#5637 = LINE ( 'NONE', #3687, #310 ) ;
#5638 = ORIENTED_EDGE ( 'NONE', *, *, #1093, .F. ) ;
#5639 = CARTESIAN_POINT ( 'NONE',  ( -0.5250000000000000222, 1.350000000000000089, 0.0000000000000000000 ) ) ;
#5640 = VERTEX_POINT ( 'NONE', #3195 ) ;
#5641 = DIRECTION ( 'NONE',  ( 0.0000000000000000000, 0.0000000000000000000, -1.000000000000000000 ) ) ;
#5642 = DIRECTION ( 'NONE',  ( 0.0000000000000000000, 1.000000000000000000, 0.0000000000000000000 ) ) ;
#5643 = EDGE_CURVE ( 'NONE', #1397, #5829, #2631, .T. ) ;
#5644 = CARTESIAN_POINT ( 'NONE',  ( 0.7250000000000000888, 1.850000000000000089, -1.025000000000000133 ) ) ;
#5645 = ORIENTED_EDGE ( 'NONE', *, *, #781, .F. ) ;
#5646 = ADVANCED_FACE ( 'NONE', ( #5535 ), #704, .F. ) ;
#5647 = DIRECTION ( 'NONE',  ( 0.0000000000000000000, 0.0000000000000000000, 1.000000000000000000 ) ) ;
#5648 = EDGE_CURVE ( 'NONE', #6044, #1435, #5300, .T. ) ;
#5649 = DIRECTION ( 'NONE',  ( 0.0000000000000000000, 1.000000000000000000, 0.0000000000000000000 ) ) ;
#5650 = DIRECTION ( 'NONE',  ( 0.0000000000000000000, 0.0000000000000000000, -1.000000000000000000 ) ) ;
#5651 = ORIENTED_EDGE ( 'NONE', *, *, #3968, .T. ) ;
#5652 = COLOUR_RGB ( '',1.000000000000000000, 1.000000000000000000, 1.000000000000000000 ) ;
#5653 = LINE ( 'NONE', #2858, #4507 ) ;
#5654 = ORIENTED_EDGE ( 'NONE', *, *, #1131, .T. ) ;
#5655 = ORIENTED_EDGE ( 'NONE', *, *, #2635, .F. ) ;
#5656 = VECTOR ( 'NONE', #4872, 1000.000000000000000 ) ;
#5657 = DIRECTION ( 'NONE',  ( 0.0000000000000000000, 1.000000000000000000, 0.0000000000000000000 ) ) ;
#5658 = STYLED_ITEM ( 'NONE', ( #2547 ), #2613 ) ;
#5659 = SURFACE_SIDE_STYLE ('',( #4172 ) ) ;
#5660 = DIRECTION ( 'NONE',  ( 1.000000000000000000, 0.0000000000000000000, 0.0000000000000000000 ) ) ;
#5661 = VECTOR ( 'NONE', #4928, 1000.000000000000000 ) ;
#5662 = DIRECTION ( 'NONE',  ( -0.0000000000000000000, 0.0000000000000000000, 1.000000000000000000 ) ) ;
#5663 = LINE ( 'NONE', #4859, #6326 ) ;
#5664 = VERTEX_POINT ( 'NONE', #2255 ) ;
#5665 = ORIENTED_EDGE ( 'NONE', *, *, #2445, .F. ) ;
#5666 = VECTOR ( 'NONE', #665, 1000.000000000000000 ) ;
#5667 = PLANE ( 'NONE',  #5786 ) ;
#5668 = SURFACE_STYLE_USAGE ( .BOTH. , #4664 ) ;
#5669 = DIRECTION ( 'NONE',  ( 1.000000000000000000, 0.0000000000000000000, 0.0000000000000000000 ) ) ;
#5670 = ORIENTED_EDGE ( 'NONE', *, *, #1880, .T. ) ;
#5671 = DIRECTION ( 'NONE',  ( -1.000000000000000000, 0.0000000000000000000, 0.0000000000000000000 ) ) ;
#5672 = CARTESIAN_POINT ( 'NONE',  ( -1.175000000000000044, 1.850000000000000089, -1.474999999999999867 ) ) ;
#5673 = DIRECTION ( 'NONE',  ( 0.0000000000000000000, 2.148487149506091871E-16, 1.000000000000000000 ) ) ;
#5674 = VECTOR ( 'NONE', #4480, 1000.000000000000000 ) ;
#5675 = VECTOR ( 'NONE', #3784, 1000.000000000000000 ) ;
#5676 = CARTESIAN_POINT ( 'NONE',  ( 1.975000000000000089, 0.3500000000000000333, -2.024999999999999911 ) ) ;
#5677 = CARTESIAN_POINT ( 'NONE',  ( 0.5250000000000000222, 1.649999999999999911, -1.474999999999999867 ) ) ;
#5678 = CARTESIAN_POINT ( 'NONE',  ( 2.625000000000000000, 3.750000000000000000, 2.024999999999999911 ) ) ;
#5679 = EDGE_CURVE ( 'NONE', #773, #3070, #992, .T. ) ;
#5680 = CARTESIAN_POINT ( 'NONE',  ( -2.274999999999999911, 2.000000000000000000, -1.425000000000000044 ) ) ;
#5681 = VECTOR ( 'NONE', #5046, 1000.000000000000000 ) ;
#5682 = AXIS2_PLACEMENT_3D ( 'NONE', #3370, #4303, #3309 ) ;
#5683 = LINE ( 'NONE', #320, #4381 ) ;
#5684 = ORIENTED_EDGE ( 'NONE', *, *, #3704, .F. ) ;
#5685 = EDGE_CURVE ( 'NONE', #1820, #4268, #5601, .T. ) ;
#5686 = DIRECTION ( 'NONE',  ( -1.000000000000000000, -0.0000000000000000000, -0.0000000000000000000 ) ) ;
#5687 = DIRECTION ( 'NONE',  ( 0.0000000000000000000, 0.0000000000000000000, -1.000000000000000000 ) ) ;
#5688 = CARTESIAN_POINT ( 'NONE',  ( -2.500000000000000000, 4.009511388567677415, -0.07499999999999998335 ) ) ;
#5689 = FACE_OUTER_BOUND ( 'NONE', #3364, .T. ) ;
#5690 = ORIENTED_EDGE ( 'NONE', *, *, #5074, .F. ) ;
#5691 = DIRECTION ( 'NONE',  ( 1.000000000000000000, 0.0000000000000000000, 0.0000000000000000000 ) ) ;
#5692 = EDGE_CURVE ( 'NONE', #4400, #2361, #353, .T. ) ;
#5693 = ORIENTED_EDGE ( 'NONE', *, *, #5257, .F. ) ;
#5694 = FACE_OUTER_BOUND ( 'NONE', #3118, .T. ) ;
#5695 = VERTEX_POINT ( 'NONE', #1720 ) ;
#5696 = DIRECTION ( 'NONE',  ( -1.000000000000000000, 0.0000000000000000000, 0.0000000000000000000 ) ) ;
#5697 = CARTESIAN_POINT ( 'NONE',  ( 3.625000000000000000, 3.750000000000000000, 0.02500000000000000139 ) ) ;
#5698 = FILL_AREA_STYLE_COLOUR ( '', #1518 ) ;
#5699 = SURFACE_STYLE_FILL_AREA ( #3925 ) ;
#5700 = CARTESIAN_POINT ( 'NONE',  ( 3.525000000000000355, 2.250000000000000000, -1.925000000000000711 ) ) ;
#5701 = LINE ( 'NONE', #4409, #4325 ) ;
#5702 = ORIENTED_EDGE ( 'NONE', *, *, #6208, .F. ) ;
#5703 = EDGE_CURVE ( 'NONE', #2053, #1807, #822, .T. ) ;
#5704 = CARTESIAN_POINT ( 'NONE',  ( -2.875000000000000000, 0.6000000000000024203, 1.375000000000002442 ) ) ;
#5705 = ORIENTED_EDGE ( 'NONE', *, *, #4045, .T. ) ;
#5706 = PRESENTATION_LAYER_ASSIGNMENT (  '', '', ( #2124 ) ) ;
#5707 = ADVANCED_FACE ( 'NONE', ( #6053 ), #3734, .T. ) ;
#5708 = VERTEX_POINT ( 'NONE', #5636 ) ;
#5709 = ORIENTED_EDGE ( 'NONE', *, *, #1183, .T. ) ;
#5710 = ORIENTED_EDGE ( 'NONE', *, *, #2121, .T. ) ;
#5711 = PLANE ( 'NONE',  #2407 ) ;
#5712 = VECTOR ( 'NONE', #4693, 1000.000000000000000 ) ;
#5713 = ORIENTED_EDGE ( 'NONE', *, *, #1718, .F. ) ;
#5714 = STYLED_ITEM ( 'NONE', ( #2843 ), #6022 ) ;
#5715 = DIRECTION ( 'NONE',  ( 1.000000000000000000, 0.0000000000000000000, 0.0000000000000000000 ) ) ;
#5716 = EDGE_LOOP ( 'NONE', ( #2881, #5933, #2405, #2982 ) ) ;
#5717 = DIRECTION ( 'NONE',  ( 0.0000000000000000000, 0.0000000000000000000, 1.000000000000000000 ) ) ;
#5718 = DIRECTION ( 'NONE',  ( 0.0000000000000000000, 0.0000000000000000000, 1.000000000000000000 ) ) ;
#5719 = VECTOR ( 'NONE', #5938, 1000.000000000000000 ) ;
#5720 = EDGE_CURVE ( 'NONE', #3668, #3930, #1692, .T. ) ;
#5721 = CARTESIAN_POINT ( 'NONE',  ( -0.7249999999999999778, 0.05000000000000002359, -1.775000000000000133 ) ) ;
#5722 = PLANE ( 'NONE',  #680 ) ;
#5723 = ORIENTED_EDGE ( 'NONE', *, *, #57, .T. ) ;
#5724 = CARTESIAN_POINT ( 'NONE',  ( 1.765000000000000124, 1.649999999999999911, -1.698606797699999893 ) ) ;
#5725 = EDGE_CURVE ( 'NONE', #2887, #1638, #671, .T. ) ;
#5726 = CARTESIAN_POINT ( 'NONE',  ( -2.475000000000000089, 1.999999999999997780, -2.075000000000008615 ) ) ;
#5727 = VECTOR ( 'NONE', #3071, 1000.000000000000000 ) ;
#5728 = EDGE_LOOP ( 'NONE', ( #2437, #5400, #1031, #5096, #3732, #556, #5044, #6337, #2123, #5224, #5832, #1148, #5143, #1920, #6258, #1132 ) ) ;
#5729 = EDGE_CURVE ( 'NONE', #3554, #4052, #2921, .T. ) ;
#5730 = ORIENTED_EDGE ( 'NONE', *, *, #4864, .T. ) ;
#5731 = DIRECTION ( 'NONE',  ( -0.0000000000000000000, 1.000000000000000000, 0.0000000000000000000 ) ) ;
#5732 = LINE ( 'NONE', #1897, #3157 ) ;
#5733 = FACE_OUTER_BOUND ( 'NONE', #3277, .T. ) ;
#5734 = CARTESIAN_POINT ( 'NONE',  ( 2.425000000000000266, 2.550000000000000266, -1.474999999999999867 ) ) ;
#5735 = ORIENTED_EDGE ( 'NONE', *, *, #1211, .F. ) ;
#5736 = LINE ( 'NONE', #1348, #1916 ) ;
#5737 = ORIENTED_EDGE ( 'NONE', *, *, #2686, .F. ) ;
#5738 = DIRECTION ( 'NONE',  ( 0.0000000000000000000, 0.0000000000000000000, 1.000000000000000000 ) ) ;
#5739 = ADVANCED_FACE ( 'NONE', ( #4677 ), #4837, .T. ) ;
#5740 = VECTOR ( 'NONE', #4734, 1000.000000000000000 ) ;
#5741 = EDGE_CURVE ( 'NONE', #4353, #1807, #3247, .T. ) ;
#5742 = PLANE ( 'NONE',  #2081 ) ;
#5743 =( NAMED_UNIT ( * ) SI_UNIT ( $, .STERADIAN. ) SOLID_ANGLE_UNIT ( ) );
#5744 = MECHANICAL_DESIGN_GEOMETRIC_PRESENTATION_REPRESENTATION (  '', ( #3928 ), #4763 ) ;
#5745 = ORIENTED_EDGE ( 'NONE', *, *, #4586, .T. ) ;
#5746 = DIRECTION ( 'NONE',  ( 1.000000000000000000, 0.0000000000000000000, 0.0000000000000000000 ) ) ;
#5747 = LINE ( 'NONE', #85, #4160 ) ;
#5748 = DIRECTION ( 'NONE',  ( 0.0000000000000000000, 1.000000000000000000, -2.148487149506095815E-16 ) ) ;
#5749 = PRESENTATION_LAYER_ASSIGNMENT (  '', '', ( #1570 ) ) ;
#5750 = VECTOR ( 'NONE', #4343, 1000.000000000000000 ) ;
#5751 = DIRECTION ( 'NONE',  ( 0.0000000000000000000, -0.6650335612228979176, -0.7468134723257140450 ) ) ;
#5752 = LINE ( 'NONE', #2072, #6260 ) ;
#5753 = DIRECTION ( 'NONE',  ( 0.0000000000000000000, -1.000000000000000000, 0.0000000000000000000 ) ) ;
#5754 = CARTESIAN_POINT ( 'NONE',  ( -0.5150000000000000133, 1.649999999999999911, -1.474999999999999867 ) ) ;
#5755 = ORIENTED_EDGE ( 'NONE', *, *, #440, .F. ) ;
#5756 = VECTOR ( 'NONE', #3744, 1000.000000000000000 ) ;
#5757 = ORIENTED_EDGE ( 'NONE', *, *, #826, .T. ) ;
#5758 = EDGE_CURVE ( 'NONE', #1336, #2359, #3165, .T. ) ;
#5759 = PLANE ( 'NONE',  #5959 ) ;
#5760 = VECTOR ( 'NONE', #1292, 1000.000000000000000 ) ;
#5761 = ORIENTED_EDGE ( 'NONE', *, *, #5833, .F. ) ;
#5762 = ADVANCED_FACE ( 'NONE', ( #518 ), #308, .F. ) ;
#5763 = ORIENTED_EDGE ( 'NONE', *, *, #3767, .F. ) ;
#5764 = DIRECTION ( 'NONE',  ( -1.000000000000000000, 0.0000000000000000000, 0.0000000000000000000 ) ) ;
#5765 = CARTESIAN_POINT ( 'NONE',  ( 1.775000000000000133, 1.315130797599999957, 1.171117220399999770 ) ) ;
#5766 = EDGE_CURVE ( 'NONE', #1124, #2615, #6049, .T. ) ;
#5767 = ORIENTED_EDGE ( 'NONE', *, *, #4829, .F. ) ;
#5768 = DIRECTION ( 'NONE',  ( -1.000000000000000000, 0.0000000000000000000, 0.0000000000000000000 ) ) ;
#5769 = VECTOR ( 'NONE', #5567, 1000.000000000000000 ) ;
#5770 = DIRECTION ( 'NONE',  ( 0.0000000000000000000, 1.000000000000000000, 0.0000000000000000000 ) ) ;
#5771 = FILL_AREA_STYLE ('',( #3802 ) ) ;
#5772 = LINE ( 'NONE', #3555, #1883 ) ;
#5773 = ORIENTED_EDGE ( 'NONE', *, *, #5766, .T. ) ;
#5774 = CARTESIAN_POINT ( 'NONE',  ( 1.975000000000000089, 0.5000000000000000000, 2.024999999999999911 ) ) ;
#5775 = LINE ( 'NONE', #3960, #5184 ) ;
#5776 = VERTEX_POINT ( 'NONE', #5278 ) ;
#5777 = DIRECTION ( 'NONE',  ( 0.0000000000000000000, -1.000000000000000000, -3.219646771412953967E-15 ) ) ;
#5778 = MANIFOLD_SOLID_BREP ( 'Combine2', #4739 ) ;
#5779 = ORIENTED_EDGE ( 'NONE', *, *, #323, .T. ) ;
#5780 = STYLED_ITEM ( 'NONE', ( #930 ), #309 ) ;
#5781 = CARTESIAN_POINT ( 'NONE',  ( 2.875000000000000000, 0.0000000000000000000, -1.525000000000000133 ) ) ;
#5782 = PRESENTATION_STYLE_ASSIGNMENT (( #2420 ) ) ;
#5783 = EDGE_LOOP ( 'NONE', ( #4067, #220, #5341, #4889 ) ) ;
#5784 = CARTESIAN_POINT ( 'NONE',  ( -0.8249999999999999556, 1.850000000000000089, -1.474999999999999867 ) ) ;
#5785 = DIRECTION ( 'NONE',  ( 0.0000000000000000000, 0.0000000000000000000, 1.000000000000000000 ) ) ;
#5786 = AXIS2_PLACEMENT_3D ( 'NONE', #694, #2178, #4164 ) ;
#5787 = ORIENTED_EDGE ( 'NONE', *, *, #4034, .F. ) ;
#5788 = VERTEX_POINT ( 'NONE', #3861 ) ;
#5789 = AXIS2_PLACEMENT_3D ( 'NONE', #1277, #725, #215 ) ;
#5790 = FACE_BOUND ( 'NONE', #637, .T. ) ;
#5791 = CARTESIAN_POINT ( 'NONE',  ( 4.125000000000000000, 1.000000000000000000, -2.024999999999999911 ) ) ;
#5792 = DIRECTION ( 'NONE',  ( 0.0000000000000000000, 0.0000000000000000000, 1.000000000000000000 ) ) ;
#5793 = DIRECTION ( 'NONE',  ( 0.0000000000000000000, 0.0000000000000000000, -1.000000000000000000 ) ) ;
#5794 = ADVANCED_FACE ( 'NONE', ( #3628 ), #3816, .F. ) ;
#5795 = ORIENTED_EDGE ( 'NONE', *, *, #3576, .F. ) ;
#5796 = CARTESIAN_POINT ( 'NONE',  ( 0.7250000000000000888, 0.0000000000000000000, -1.525000000000000133 ) ) ;
#5797 = CARTESIAN_POINT ( 'NONE',  ( 0.4249999999999999889, 1.850000000000000089, -1.698606797699999893 ) ) ;
#5798 = EDGE_CURVE ( 'NONE', #4046, #2136, #6330, .T. ) ;
#5799 = VECTOR ( 'NONE', #2773, 1000.000000000000000 ) ;
#5800 = FACE_OUTER_BOUND ( 'NONE', #744, .T. ) ;
#5801 = CARTESIAN_POINT ( 'NONE',  ( 0.8249999999999999556, 1.649999999999999911, -1.698606797699999893 ) ) ;
#5802 = ORIENTED_EDGE ( 'NONE', *, *, #1788, .T. ) ;
#5803 = DIRECTION ( 'NONE',  ( 0.0000000000000000000, 1.000000000000000000, 2.552445434498790050E-15 ) ) ;
#5804 = PRESENTATION_STYLE_ASSIGNMENT (( #1001 ) ) ;
#5805 = CARTESIAN_POINT ( 'NONE',  ( 0.7249999999999999778, 1.850000000000000089, 0.0000000000000000000 ) ) ;
#5806 = ORIENTED_EDGE ( 'NONE', *, *, #3654, .T. ) ;
#5807 = EDGE_CURVE ( 'NONE', #4595, #1227, #4600, .T. ) ;
#5808 = LINE ( 'NONE', #1879, #4510 ) ;
#5809 = VECTOR ( 'NONE', #1267, 1000.000000000000000 ) ;
#5810 = EDGE_CURVE ( 'NONE', #2728, #1734, #5056, .T. ) ;
#5811 = LINE ( 'NONE', #1319, #2915 ) ;
#5812 = VECTOR ( 'NONE', #5204, 1000.000000000000000 ) ;
#5813 = ORIENTED_EDGE ( 'NONE', *, *, #3630, .T. ) ;
#5814 = LINE ( 'NONE', #3292, #3244 ) ;
#5815 = DIRECTION ( 'NONE',  ( -1.000000000000000000, 0.0000000000000000000, 0.0000000000000000000 ) ) ;
#5816 = PLANE ( 'NONE',  #6316 ) ;
#5817 = ORIENTED_EDGE ( 'NONE', *, *, #3245, .T. ) ;
#5818 = DIRECTION ( 'NONE',  ( 0.0000000000000000000, -1.000000000000000000, -4.336808689942024836E-15 ) ) ;
#5819 = EDGE_CURVE ( 'NONE', #3321, #457, #4755, .T. ) ;
#5820 = CARTESIAN_POINT ( 'NONE',  ( -0.7349999999999999867, 1.850000000000000089, -1.025000000000000133 ) ) ;
#5821 = DIRECTION ( 'NONE',  ( 0.0000000000000000000, 0.0000000000000000000, 1.000000000000000000 ) ) ;
#5822 = DIRECTION ( 'NONE',  ( -0.0000000000000000000, 1.000000000000000000, 0.0000000000000000000 ) ) ;
#5823 = VECTOR ( 'NONE', #5770, 1000.000000000000000 ) ;
#5824 = ADVANCED_FACE ( 'NONE', ( #4900 ), #3996, .T. ) ;
#5825 = AXIS2_PLACEMENT_3D ( 'NONE', #4514, #558, #1105 ) ;
#5826 = CARTESIAN_POINT ( 'NONE',  ( 1.625000000000000222, 3.750000000000000000, -2.024999999999999911 ) ) ;
#5827 = FILL_AREA_STYLE_COLOUR ( '', #3966 ) ;
#5828 = VECTOR ( 'NONE', #4139, 1000.000000000000000 ) ;
#5829 = VERTEX_POINT ( 'NONE', #2012 ) ;
#5830 = DIRECTION ( 'NONE',  ( 0.0000000000000000000, 0.0000000000000000000, -1.000000000000000000 ) ) ;
#5831 = PRESENTATION_STYLE_ASSIGNMENT (( #2809 ) ) ;
#5832 = ORIENTED_EDGE ( 'NONE', *, *, #5372, .T. ) ;
#5833 = EDGE_CURVE ( 'NONE', #1314, #3590, #1926, .T. ) ;
#5834 = DIRECTION ( 'NONE',  ( 0.0000000000000000000, 0.0000000000000000000, -1.000000000000000000 ) ) ;
#5835 = LINE ( 'NONE', #5920, #1009 ) ;
#5836 = CARTESIAN_POINT ( 'NONE',  ( -0.5250000000000000222, 0.5000000000000000000, 0.0000000000000000000 ) ) ;
#5837 = DIRECTION ( 'NONE',  ( 1.000000000000000000, 0.0000000000000000000, 0.0000000000000000000 ) ) ;
#5838 = DIRECTION ( 'NONE',  ( 0.0000000000000000000, -0.6650335612228979176, -0.7468134723257140450 ) ) ;
#5839 = LINE ( 'NONE', #5483, #4545 ) ;
#5840 = EDGE_CURVE ( 'NONE', #1314, #6064, #2917, .T. ) ;
#5841 = LINE ( 'NONE', #1863, #2796 ) ;
#5842 = EDGE_LOOP ( 'NONE', ( #5002, #1887, #821, #3340 ) ) ;
#5843 = CARTESIAN_POINT ( 'NONE',  ( -0.7249999999999999778, 0.3499999999999999778, -2.075000000000000178 ) ) ;
#5844 = APPLICATION_CONTEXT ( 'automotive_design' ) ;
#5845 = EDGE_CURVE ( 'NONE', #134, #168, #4516, .T. ) ;
#5846 = CARTESIAN_POINT ( 'NONE',  ( 3.525000000000000355, 0.6000000000000076383, -0.2249999999999982014 ) ) ;
#5847 = COLOUR_RGB ( '',0.6470588235294117974, 0.6196078431372549211, 0.5882352941176470784 ) ;
#5848 = VERTEX_POINT ( 'NONE', #4908 ) ;
#5849 = DIRECTION ( 'NONE',  ( 0.0000000000000000000, 0.0000000000000000000, -1.000000000000000000 ) ) ;
#5850 = ORIENTED_EDGE ( 'NONE', *, *, #1540, .F. ) ;
#5851 = ORIENTED_EDGE ( 'NONE', *, *, #2879, .T. ) ;
#5852 = CARTESIAN_POINT ( 'NONE',  ( 3.525000000000000355, 4.240000000000000213, -0.07499999999999998335 ) ) ;
#5853 = LINE ( 'NONE', #2474, #392 ) ;
#5854 = CARTESIAN_POINT ( 'NONE',  ( -2.475000000000000089, 3.600000000000000089, -1.425000000000000933 ) ) ;
#5855 = VECTOR ( 'NONE', #2717, 1000.000000000000000 ) ;
#5856 = ORIENTED_EDGE ( 'NONE', *, *, #3451, .T. ) ;
#5857 = DIRECTION ( 'NONE',  ( 0.0000000000000000000, 0.0000000000000000000, 1.000000000000000000 ) ) ;
#5858 = CARTESIAN_POINT ( 'NONE',  ( -2.475000000000000089, 3.599999999999999201, -0.07500000000000128786 ) ) ;
#5859 = EDGE_LOOP ( 'NONE', ( #1632, #1179, #6220, #4953, #2720 ) ) ;
#5860 = MECHANICAL_DESIGN_GEOMETRIC_PRESENTATION_REPRESENTATION (  '', ( #1146 ), #373 ) ;
#5861 = CARTESIAN_POINT ( 'NONE',  ( -1.175000000000000044, 2.550000000000000266, -1.474999999999999867 ) ) ;
#5862 = CARTESIAN_POINT ( 'NONE',  ( 0.5250000000000000222, 1.649999999999999911, -1.698606797699999893 ) ) ;
#5863 = ADVANCED_FACE ( 'NONE', ( #2472 ), #3974, .F. ) ;
#5864 = DIRECTION ( 'NONE',  ( -1.000000000000000000, 0.0000000000000000000, 0.0000000000000000000 ) ) ;
#5865 = DIRECTION ( 'NONE',  ( -1.000000000000000000, 0.0000000000000000000, 0.0000000000000000000 ) ) ;
#5866 = CARTESIAN_POINT ( 'NONE',  ( -2.274999999999999911, 1.999999999999997780, -2.024999999999999911 ) ) ;
#5867 = LINE ( 'NONE', #4521, #2665 ) ;
#5868 = ORIENTED_EDGE ( 'NONE', *, *, #5416, .F. ) ;
#5869 = FILL_AREA_STYLE_COLOUR ( '', #4424 ) ;
#5870 = EDGE_LOOP ( 'NONE', ( #5737, #3947, #4868, #2730 ) ) ;
#5871 = ORIENTED_EDGE ( 'NONE', *, *, #5112, .F. ) ;
#5872 = DIRECTION ( 'NONE',  ( -1.000000000000000000, 0.0000000000000000000, 0.0000000000000000000 ) ) ;
#5873 = CARTESIAN_POINT ( 'NONE',  ( 4.125000000000000000, 0.0000000000000000000, 2.024999999999999911 ) ) ;
#5874 = MECHANICAL_DESIGN_GEOMETRIC_PRESENTATION_REPRESENTATION (  '', ( #4027 ), #5100 ) ;
#5875 = CARTESIAN_POINT ( 'NONE',  ( 0.07500000000000019151, 1.850000000000000089, -1.474999999999999867 ) ) ;
#5876 = EDGE_LOOP ( 'NONE', ( #2148, #5638, #3813, #3352 ) ) ;
#5877 = DIRECTION ( 'NONE',  ( 0.0000000000000000000, -1.000000000000000000, 0.0000000000000000000 ) ) ;
#5878 = VECTOR ( 'NONE', #3648, 1000.000000000000000 ) ;
#5879 = ORIENTED_EDGE ( 'NONE', *, *, #5810, .T. ) ;
#5880 = ORIENTED_EDGE ( 'NONE', *, *, #1704, .T. ) ;
#5881 = DIRECTION ( 'NONE',  ( 1.000000000000000000, -0.0000000000000000000, 0.0000000000000000000 ) ) ;
#5882 = VECTOR ( 'NONE', #6350, 1000.000000000000000 ) ;
#5883 = EDGE_CURVE ( 'NONE', #47, #2136, #2702, .T. ) ;
#5884 = ORIENTED_EDGE ( 'NONE', *, *, #4661, .F. ) ;
#5885 = DIRECTION ( 'NONE',  ( 0.0000000000000000000, -1.000000000000000000, 0.0000000000000000000 ) ) ;
#5886 = VECTOR ( 'NONE', #711, 1000.000000000000000 ) ;
#5887 = PRESENTATION_LAYER_ASSIGNMENT (  '', '', ( #4181 ) ) ;
#5888 = CARTESIAN_POINT ( 'NONE',  ( 0.7250000000000000888, 0.5000000000000000000, 2.024999999999999911 ) ) ;
#5889 = ORIENTED_EDGE ( 'NONE', *, *, #4416, .T. ) ;
#5890 = DIRECTION ( 'NONE',  ( 0.0000000000000000000, 0.0000000000000000000, 1.000000000000000000 ) ) ;
#5891 = DIRECTION ( 'NONE',  ( 0.0000000000000000000, -0.6650335612228979176, -0.7468134723257140450 ) ) ;
#5892 = VECTOR ( 'NONE', #4609, 1000.000000000000000 ) ;
#5893 = VERTEX_POINT ( 'NONE', #2466 ) ;
#5894 = DIRECTION ( 'NONE',  ( -0.0000000000000000000, 1.000000000000000000, 0.0000000000000000000 ) ) ;
#5895 = VECTOR ( 'NONE', #6309, 1000.000000000000000 ) ;
#5896 = ADVANCED_FACE ( 'NONE', ( #892 ), #2533, .F. ) ;
#5897 = CARTESIAN_POINT ( 'NONE',  ( -2.475000000000000089, 3.600000000000000089, -1.425000000000000933 ) ) ;
#5898 = EDGE_CURVE ( 'NONE', #1081, #1435, #2623, .T. ) ;
#5899 = DIRECTION ( 'NONE',  ( 0.0000000000000000000, 0.0000000000000000000, 1.000000000000000000 ) ) ;
#5900 = LINE ( 'NONE', #2161, #352 ) ;
#5901 = DIRECTION ( 'NONE',  ( 0.0000000000000000000, 2.148487149506091871E-16, 1.000000000000000000 ) ) ;
#5902 = VECTOR ( 'NONE', #4344, 1000.000000000000000 ) ;
#5903 = EDGE_LOOP ( 'NONE', ( #4062, #4210, #4601, #2747 ) ) ;
#5904 = VERTEX_POINT ( 'NONE', #3493 ) ;
#5905 =( NAMED_UNIT ( * ) PLANE_ANGLE_UNIT ( ) SI_UNIT ( $, .RADIAN. ) );
#5906 = FACE_OUTER_BOUND ( 'NONE', #63, .T. ) ;
#5907 = CARTESIAN_POINT ( 'NONE',  ( -2.274999999999999911, 8.673617379884035472E-15, -0.2250000000000008105 ) ) ;
#5908 = SURFACE_SIDE_STYLE ('',( #3953 ) ) ;
#5909 = CARTESIAN_POINT ( 'NONE',  ( -2.274999999999999911, 1.950000000000002176, 1.375000000000006883 ) ) ;
#5910 = CARTESIAN_POINT ( 'NONE',  ( -0.5250000000000000222, 0.0000000000000000000, -1.525000000000000133 ) ) ;
#5911 =( NAMED_UNIT ( * ) PLANE_ANGLE_UNIT ( ) SI_UNIT ( $, .RADIAN. ) );
#5912 = DIRECTION ( 'NONE',  ( -1.000000000000000000, 0.0000000000000000000, 0.0000000000000000000 ) ) ;
#5913 = EDGE_CURVE ( 'NONE', #3214, #3629, #3622, .T. ) ;
#5914 = DIRECTION ( 'NONE',  ( 0.0000000000000000000, -1.000000000000000000, 0.0000000000000000000 ) ) ;
#5915 = PLANE ( 'NONE',  #3612 ) ;
#5916 = PLANE ( 'NONE',  #3361 ) ;
#5917 = VECTOR ( 'NONE', #690, 1000.000000000000000 ) ;
#5918 = ORIENTED_EDGE ( 'NONE', *, *, #6017, .F. ) ;
#5919 = CARTESIAN_POINT ( 'NONE',  ( 1.975000000000000089, 0.0000000000000000000, 0.0000000000000000000 ) ) ;
#5920 = CARTESIAN_POINT ( 'NONE',  ( -2.274999999999999911, 8.673617379884035472E-15, -0.2250000000000008105 ) ) ;
#5921 = PRESENTATION_LAYER_ASSIGNMENT (  '', '', ( #848 ) ) ;
#5922 = DIRECTION ( 'NONE',  ( -0.0000000000000000000, 1.000000000000000000, 0.0000000000000000000 ) ) ;
#5923 = LINE ( 'NONE', #2847, #840 ) ;
#5924 = VERTEX_POINT ( 'NONE', #5429 ) ;
#5925 = FACE_OUTER_BOUND ( 'NONE', #1224, .T. ) ;
#5926 = ORIENTED_EDGE ( 'NONE', *, *, #2431, .T. ) ;
#5927 = EDGE_CURVE ( 'NONE', #1037, #4446, #1139, .T. ) ;
#5928 = CARTESIAN_POINT ( 'NONE',  ( -0.5250000000000000222, 1.850000000000000089, 2.024999999999999911 ) ) ;
#5929 = FILL_AREA_STYLE ('',( #4964 ) ) ;
#5930 = DIRECTION ( 'NONE',  ( -1.000000000000000000, 0.0000000000000000000, 0.0000000000000000000 ) ) ;
#5931 = ADVANCED_FACE ( 'NONE', ( #1607 ), #3476, .F. ) ;
#5932 = FACE_OUTER_BOUND ( 'NONE', #4679, .T. ) ;
#5933 = ORIENTED_EDGE ( 'NONE', *, *, #5729, .T. ) ;
#5934 = CARTESIAN_POINT ( 'NONE',  ( 0.0000000000000000000, 0.0000000000000000000, -1.025000000000000133 ) ) ;
#5935 = DIRECTION ( 'NONE',  ( 0.0000000000000000000, -1.000000000000000000, -3.212450881438532635E-15 ) ) ;
#5936 = EDGE_CURVE ( 'NONE', #5997, #2900, #1363, .T. ) ;
#5937 = LINE ( 'NONE', #1252, #3355 ) ;
#5938 = DIRECTION ( 'NONE',  ( 0.0000000000000000000, -1.000000000000000000, 0.0000000000000000000 ) ) ;
#5939 = DIRECTION ( 'NONE',  ( 1.000000000000000000, 0.0000000000000000000, 0.0000000000000000000 ) ) ;
#5940 = LINE ( 'NONE', #2486, #3358 ) ;
#5941 = EDGE_CURVE ( 'NONE', #4286, #829, #99, .T. ) ;
#5942 = CARTESIAN_POINT ( 'NONE',  ( -0.5250000000000000222, 0.3500000000000000333, -2.024999999999999911 ) ) ;
#5943 = VECTOR ( 'NONE', #1071, 1000.000000000000000 ) ;
#5944 = DIRECTION ( 'NONE',  ( 0.0000000000000000000, 0.0000000000000000000, -1.000000000000000000 ) ) ;
#5945 = EDGE_CURVE ( 'NONE', #1966, #3709, #4669, .T. ) ;
#5946 = DIRECTION ( 'NONE',  ( 0.0000000000000000000, 1.000000000000000000, 0.0000000000000000000 ) ) ;
#5947 = EDGE_LOOP ( 'NONE', ( #257, #2918, #5868, #2698 ) ) ;
#5948 = LINE ( 'NONE', #3671, #5104 ) ;
#5949 = ORIENTED_EDGE ( 'NONE', *, *, #4307, .T. ) ;
#5950 = CARTESIAN_POINT ( 'NONE',  ( -2.875000000000000000, 1.000000000000000000, 2.024999999999999911 ) ) ;
#5951 = ORIENTED_EDGE ( 'NONE', *, *, #1977, .F. ) ;
#5952 = EDGE_CURVE ( 'NONE', #2971, #4306, #5663, .T. ) ;
#5953 = VERTEX_POINT ( 'NONE', #4495 ) ;
#5954 = CARTESIAN_POINT ( 'NONE',  ( 2.875000000000000000, 1.000000000000000000, -2.024999999999999911 ) ) ;
#5955 = MECHANICAL_DESIGN_GEOMETRIC_PRESENTATION_REPRESENTATION (  '', ( #2769 ), #4390 ) ;
#5956 =( NAMED_UNIT ( * ) SI_UNIT ( $, .STERADIAN. ) SOLID_ANGLE_UNIT ( ) );
#5957 = ORIENTED_EDGE ( 'NONE', *, *, #3128, .T. ) ;
#5958 = PLANE ( 'NONE',  #241 ) ;
#5959 = AXIS2_PLACEMENT_3D ( 'NONE', #344, #4871, #6251 ) ;
#5960 = EDGE_LOOP ( 'NONE', ( #1967, #4191, #627, #3527 ) ) ;
#5961 = AXIS2_PLACEMENT_3D ( 'NONE', #2193, #1098, #4550 ) ;
#5962 =( NAMED_UNIT ( * ) SI_UNIT ( $, .STERADIAN. ) SOLID_ANGLE_UNIT ( ) );
#5963 = VECTOR ( 'NONE', #5595, 1000.000000000000000 ) ;
#5964 = FACE_OUTER_BOUND ( 'NONE', #231, .T. ) ;
#5965 = ADVANCED_FACE ( 'NONE', ( #1065 ), #4989, .T. ) ;
#5966 = CARTESIAN_POINT ( 'NONE',  ( 3.625000000000000000, 3.149999999999999911, 0.02500000000000000139 ) ) ;
#5967 = EDGE_LOOP ( 'NONE', ( #1017, #2930, #1891, #3064, #3862, #4735 ) ) ;
#5968 = LINE ( 'NONE', #5781, #728 ) ;
#5969 = CARTESIAN_POINT ( 'NONE',  ( 4.125000000000000000, 1.950000000000002176, 1.375000000000006883 ) ) ;
#5970 = VECTOR ( 'NONE', #4033, 1000.000000000000000 ) ;
#5971 = LINE ( 'NONE', #2945, #3540 ) ;
#5972 = EDGE_CURVE ( 'NONE', #1301, #6158, #738, .T. ) ;
#5973 = CARTESIAN_POINT ( 'NONE',  ( 2.625000000000000000, 3.750000000000000000, -2.024999999999999911 ) ) ;
#5974 = LINE ( 'NONE', #2612, #3088 ) ;
#5975 = CARTESIAN_POINT ( 'NONE',  ( 3.525000000000000355, 3.600000000000000977, -1.425000000000000044 ) ) ;
#5976 = EDGE_CURVE ( 'NONE', #2359, #5544, #4977, .T. ) ;
#5977 = VECTOR ( 'NONE', #4587, 1000.000000000000000 ) ;
#5978 = PRESENTATION_STYLE_ASSIGNMENT (( #4305 ) ) ;
#5979 = ORIENTED_EDGE ( 'NONE', *, *, #4074, .T. ) ;
#5980 = DIRECTION ( 'NONE',  ( 0.0000000000000000000, 0.0000000000000000000, -1.000000000000000000 ) ) ;
#5981 = VECTOR ( 'NONE', #2180, 1000.000000000000000 ) ;
#5982 = UNCERTAINTY_MEASURE_WITH_UNIT (LENGTH_MEASURE( 1.000000000000000082E-05 ), #1620, 'distance_accuracy_value', 'NONE');
#5983 = DIRECTION ( 'NONE',  ( 0.0000000000000000000, -0.0000000000000000000, -1.000000000000000000 ) ) ;
#5984 = CARTESIAN_POINT ( 'NONE',  ( 2.625000000000000000, 3.149999999999999911, 0.02500000000000000139 ) ) ;
#5985 = CARTESIAN_POINT ( 'NONE',  ( 0.5150000000000000133, 1.649999999999999911, -1.698606797699999893 ) ) ;
#5986 = COLOUR_RGB ( '',1.000000000000000000, 1.000000000000000000, 1.000000000000000000 ) ;
#5987 = LINE ( 'NONE', #2417, #4533 ) ;
#5988 = ORIENTED_EDGE ( 'NONE', *, *, #103, .T. ) ;
#5989 = VECTOR ( 'NONE', #2684, 1000.000000000000000 ) ;
#5990 = CARTESIAN_POINT ( 'NONE',  ( 3.125000000000000000, 3.750000000000000000, -2.024999999999999911 ) ) ;
#5991 = EDGE_LOOP ( 'NONE', ( #5319, #5817, #5879, #4627 ) ) ;
#5992 = ADVANCED_FACE ( 'NONE', ( #3551 ), #618, .T. ) ;
#5993 = FACE_OUTER_BOUND ( 'NONE', #2505, .T. ) ;
#5994 = ORIENTED_EDGE ( 'NONE', *, *, #4532, .T. ) ;
#5995 = CARTESIAN_POINT ( 'NONE',  ( -2.500000000000000000, 4.240000000000000213, -2.024999999999999911 ) ) ;
#5996 = VERTEX_POINT ( 'NONE', #39 ) ;
#5997 = VERTEX_POINT ( 'NONE', #5031 ) ;
#5998 = DIRECTION ( 'NONE',  ( 0.0000000000000000000, -0.0000000000000000000, -1.000000000000000000 ) ) ;
#5999 = FACE_OUTER_BOUND ( 'NONE', #2074, .T. ) ;
#6000 = VERTEX_POINT ( 'NONE', #2125 ) ;
#6001 = LINE ( 'NONE', #5357, #372 ) ;
#6002 = EDGE_LOOP ( 'NONE', ( #782, #1763, #5880, #1442 ) ) ;
#6003 = CARTESIAN_POINT ( 'NONE',  ( 1.774999999999999911, 0.3500000000000000333, -2.024999999999999911 ) ) ;
#6004 = AXIS2_PLACEMENT_3D ( 'NONE', #4785, #5746, #6268 ) ;
#6005 = LINE ( 'NONE', #3259, #5092 ) ;
#6006 = VERTEX_POINT ( 'NONE', #3109 ) ;
#6007 = ORIENTED_EDGE ( 'NONE', *, *, #312, .F. ) ;
#6008 = VECTOR ( 'NONE', #1018, 1000.000000000000000 ) ;
#6009 = ORIENTED_EDGE ( 'NONE', *, *, #78, .T. ) ;
#6010 = EDGE_CURVE ( 'NONE', #406, #809, #6181, .T. ) ;
#6011 = CARTESIAN_POINT ( 'NONE',  ( 1.974999999999999867, 0.05000000000000002359, -1.775000000000000133 ) ) ;
#6012 = ORIENTED_EDGE ( 'NONE', *, *, #2992, .F. ) ;
#6013 = ORIENTED_EDGE ( 'NONE', *, *, #4115, .T. ) ;
#6014 = DIRECTION ( 'NONE',  ( 1.000000000000000000, 0.0000000000000000000, 0.0000000000000000000 ) ) ;
#6015 = AXIS2_PLACEMENT_3D ( 'NONE', #3107, #1688, #4166 ) ;
#6016 = ORIENTED_EDGE ( 'NONE', *, *, #3999, .F. ) ;
#6017 = EDGE_CURVE ( 'NONE', #3441, #32, #5974, .T. ) ;
#6018 = DIRECTION ( 'NONE',  ( 0.0000000000000000000, 1.000000000000000000, 0.0000000000000000000 ) ) ;
#6019 = ORIENTED_EDGE ( 'NONE', *, *, #1131, .F. ) ;
#6020 = EDGE_CURVE ( 'NONE', #5530, #5544, #3397, .T. ) ;
#6021 = CARTESIAN_POINT ( 'NONE',  ( 2.125000000000000000, 3.750000000000000000, -2.024999999999999911 ) ) ;
#6022 = ADVANCED_FACE ( 'NONE', ( #5053 ), #4021, .F. ) ;
#6023 = ORIENTED_EDGE ( 'NONE', *, *, #2754, .T. ) ;
#6024 = CARTESIAN_POINT ( 'NONE',  ( 4.125000000000000000, 8.673617379884035472E-15, -0.2250000000000008105 ) ) ;
#6025 = LINE ( 'NONE', #836, #2453 ) ;
#6026 = CARTESIAN_POINT ( 'NONE',  ( -0.7249999999999999778, 0.3500000000000000333, -2.024999999999999911 ) ) ;
#6027 = ORIENTED_EDGE ( 'NONE', *, *, #91, .T. ) ;
#6028 = EDGE_CURVE ( 'NONE', #762, #3186, #1444, .T. ) ;
#6029 = LINE ( 'NONE', #3663, #3770 ) ;
#6030 =( GEOMETRIC_REPRESENTATION_CONTEXT ( 3 ) GLOBAL_UNCERTAINTY_ASSIGNED_CONTEXT ( ( #3342 ) ) GLOBAL_UNIT_ASSIGNED_CONTEXT ( ( #2496, #905, #6315 ) ) REPRESENTATION_CONTEXT ( 'NONE', 'WORKASPACE' ) );
#6031 = CARTESIAN_POINT ( 'NONE',  ( -1.175000000000000044, 1.850000000000000089, 2.024999999999999911 ) ) ;
#6032 = ORIENTED_EDGE ( 'NONE', *, *, #1630, .T. ) ;
#6033 = EDGE_LOOP ( 'NONE', ( #4282, #204, #2387, #2530 ) ) ;
#6034 = ORIENTED_EDGE ( 'NONE', *, *, #826, .F. ) ;
#6035 = ORIENTED_EDGE ( 'NONE', *, *, #1835, .F. ) ;
#6036 = ORIENTED_EDGE ( 'NONE', *, *, #4705, .F. ) ;
#6037 = FACE_OUTER_BOUND ( 'NONE', #5876, .T. ) ;
#6038 = LINE ( 'NONE', #976, #3465 ) ;
#6039 = DIRECTION ( 'NONE',  ( 0.0000000000000000000, 0.0000000000000000000, 1.000000000000000000 ) ) ;
#6040 = EDGE_LOOP ( 'NONE', ( #1989, #5531, #2395, #5684 ) ) ;
#6041 = AXIS2_PLACEMENT_3D ( 'NONE', #6283, #2999, #2973 ) ;
#6042 = DIRECTION ( 'NONE',  ( -0.0000000000000000000, 1.000000000000000000, 3.252606517456512513E-15 ) ) ;
#6043 = FACE_OUTER_BOUND ( 'NONE', #6033, .T. ) ;
#6044 = VERTEX_POINT ( 'NONE', #3564 ) ;
#6045 = CARTESIAN_POINT ( 'NONE',  ( -0.8750000000000000000, 3.750000000000000000, -2.024999999999999911 ) ) ;
#6046 = LINE ( 'NONE', #1306, #104 ) ;
#6047 = EDGE_CURVE ( 'NONE', #1966, #3549, #5295, .T. ) ;
#6048 = CARTESIAN_POINT ( 'NONE',  ( -1.875000000000000000, 3.750000000000000000, 2.025999999999999801 ) ) ;
#6049 = LINE ( 'NONE', #4759, #897 ) ;
#6050 = CLOSED_SHELL ( 'NONE', ( #3905, #4100, #5302, #5032, #1391, #1654, #2958, #2670, #5397, #4546, #4519, #6146, #5896, #6193, #3265, #3707, #1596, #5523 ) ) ;
#6051 = EDGE_CURVE ( 'NONE', #4061, #3606, #3935, .T. ) ;
#6052 = CARTESIAN_POINT ( 'NONE',  ( -0.8750000000000000000, 3.750000000000000000, -2.024999999999999911 ) ) ;
#6053 = FACE_OUTER_BOUND ( 'NONE', #5422, .T. ) ;
#6054 = CARTESIAN_POINT ( 'NONE',  ( 0.5250000000000000222, 1.850000000000000089, -1.025000000000000133 ) ) ;
#6055 = EDGE_CURVE ( 'NONE', #4644, #794, #2097, .T. ) ;
#6056 =( LENGTH_UNIT ( ) NAMED_UNIT ( * ) SI_UNIT ( .MILLI., .METRE. ) );
#6057 = LINE ( 'NONE', #6244, #4298 ) ;
#6058 = CARTESIAN_POINT ( 'NONE',  ( 0.5250000000000000222, 0.5000000000000000000, -1.525000000000000133 ) ) ;
#6059 = MANIFOLD_SOLID_BREP ( 'Body-Move/Copy2[3]', #415 ) ;
#6060 = PLANE ( 'NONE',  #3119 ) ;
#6061 = CARTESIAN_POINT ( 'NONE',  ( 3.706138830084190428, 2.250000000000000000, -0.4749999999999999778 ) ) ;
#6062 = VECTOR ( 'NONE', #3033, 1000.000000000000114 ) ;
#6063 = LINE ( 'NONE', #2388, #3488 ) ;
#6064 = VERTEX_POINT ( 'NONE', #3602 ) ;
#6065 = EDGE_CURVE ( 'NONE', #1114, #5322, #1058, .T. ) ;
#6066 = CARTESIAN_POINT ( 'NONE',  ( 3.125000000000000000, 2.550000000000000266, 2.024999999999999911 ) ) ;
#6067 = VECTOR ( 'NONE', #2139, 1000.000000000000000 ) ;
#6068 =( LENGTH_UNIT ( ) NAMED_UNIT ( * ) SI_UNIT ( .MILLI., .METRE. ) );
#6069 = FILL_AREA_STYLE_COLOUR ( '', #1848 ) ;
#6070 = CARTESIAN_POINT ( 'NONE',  ( 0.8249999999999999556, 1.649999999999999911, -1.474999999999999867 ) ) ;
#6071 = VECTOR ( 'NONE', #460, 1000.000000000000000 ) ;
#6072 = EDGE_LOOP ( 'NONE', ( #5019, #942, #1950, #6278 ) ) ;
#6073 = AXIS2_PLACEMENT_3D ( 'NONE', #2086, #998, #1086 ) ;
#6074 = DIRECTION ( 'NONE',  ( 0.0000000000000000000, 0.0000000000000000000, 1.000000000000000000 ) ) ;
#6075 = VECTOR ( 'NONE', #496, 1000.000000000000000 ) ;
#6076 = VERTEX_POINT ( 'NONE', #5182 ) ;
#6077 = DIRECTION ( 'NONE',  ( 0.0000000000000000000, 0.0000000000000000000, -1.000000000000000000 ) ) ;
#6078 = CARTESIAN_POINT ( 'NONE',  ( 1.975000000000000089, 0.0000000000000000000, -1.525000000000000133 ) ) ;
#6079 = VECTOR ( 'NONE', #4203, 1000.000000000000000 ) ;
#6080 = VERTEX_POINT ( 'NONE', #5228 ) ;
#6081 = LINE ( 'NONE', #1823, #1099 ) ;
#6082 = CARTESIAN_POINT ( 'NONE',  ( 0.7349999999999999867, 1.000000000000000000, -1.025000000000000133 ) ) ;
#6083 = VECTOR ( 'NONE', #6255, 1000.000000000000000 ) ;
#6084 = VERTEX_POINT ( 'NONE', #2767 ) ;
#6085 = AXIS2_PLACEMENT_3D ( 'NONE', #5805, #1411, #2885 ) ;
#6086 = ORIENTED_EDGE ( 'NONE', *, *, #5679, .F. ) ;
#6087 = ADVANCED_FACE ( 'NONE', ( #5514 ), #6123, .T. ) ;
#6088 = EDGE_CURVE ( 'NONE', #5848, #1539, #3159, .T. ) ;
#6089 = ORIENTED_EDGE ( 'NONE', *, *, #2264, .F. ) ;
#6090 = CARTESIAN_POINT ( 'NONE',  ( -1.375000000000000000, 3.149999999999999911, 0.02500000000000000139 ) ) ;
#6091 = DIRECTION ( 'NONE',  ( 0.0000000000000000000, 0.0000000000000000000, 1.000000000000000000 ) ) ;
#6092 =( LENGTH_UNIT ( ) NAMED_UNIT ( * ) SI_UNIT ( .MILLI., .METRE. ) );
#6093 = ORIENTED_EDGE ( 'NONE', *, *, #1217, .F. ) ;
#6094 = CARTESIAN_POINT ( 'NONE',  ( 3.275000000000000355, 2.250000000000000000, -1.925000000000000933 ) ) ;
#6095 = EDGE_CURVE ( 'NONE', #3514, #4133, #981, .T. ) ;
#6096 = ORIENTED_EDGE ( 'NONE', *, *, #3793, .F. ) ;
#6097 = DIRECTION ( 'NONE',  ( 0.0000000000000000000, -1.000000000000000000, -4.336808689942024836E-15 ) ) ;
#6098 = PLANE ( 'NONE',  #3269 ) ;
#6099 = CARTESIAN_POINT ( 'NONE',  ( 0.7250000000000000888, 1.000000000000000000, 1.525000000000000133 ) ) ;
#6100 = DIRECTION ( 'NONE',  ( 0.0000000000000000000, -1.000000000000000000, -4.003208021484939327E-15 ) ) ;
#6101 = MECHANICAL_DESIGN_GEOMETRIC_PRESENTATION_REPRESENTATION (  '', ( #470 ), #4676 ) ;
#6102 = ORIENTED_EDGE ( 'NONE', *, *, #453, .T. ) ;
#6103 = DIRECTION ( 'NONE',  ( 0.0000000000000000000, 1.000000000000000000, 0.0000000000000000000 ) ) ;
#6104 = EDGE_LOOP ( 'NONE', ( #4470, #154, #6211, #6086 ) ) ;
#6105 = LINE ( 'NONE', #5099, #1136 ) ;
#6106 = ORIENTED_EDGE ( 'NONE', *, *, #5810, .F. ) ;
#6107 = CARTESIAN_POINT ( 'NONE',  ( 3.725000000000000533, 4.249999999999998224, -2.075000000000001510 ) ) ;
#6108 = AXIS2_PLACEMENT_3D ( 'NONE', #1842, #5748, #6214 ) ;
#6109 = VECTOR ( 'NONE', #1284, 1000.000000000000000 ) ;
#6110 = DIRECTION ( 'NONE',  ( -1.000000000000000000, 0.0000000000000000000, 0.0000000000000000000 ) ) ;
#6111 = CARTESIAN_POINT ( 'NONE',  ( 0.7250000000000000888, 1.850000000000000089, -2.024999999999999911 ) ) ;
#6112 = FACE_OUTER_BOUND ( 'NONE', #2244, .T. ) ;
#6113 = DIRECTION ( 'NONE',  ( -0.0000000000000000000, 1.000000000000000000, 0.0000000000000000000 ) ) ;
#6114 = DIRECTION ( 'NONE',  ( 0.0000000000000000000, 0.0000000000000000000, 1.000000000000000000 ) ) ;
#6115 = ADVANCED_FACE ( 'NONE', ( #6043 ), #795, .F. ) ;
#6116 = ORIENTED_EDGE ( 'NONE', *, *, #5416, .T. ) ;
#6117 = STYLED_ITEM ( 'NONE', ( #5978 ), #5762 ) ;
#6118 = DIRECTION ( 'NONE',  ( 0.0000000000000000000, 1.000000000000000000, 0.0000000000000000000 ) ) ;
#6119 = VECTOR ( 'NONE', #899, 1000.000000000000000 ) ;
#6120 = EDGE_LOOP ( 'NONE', ( #2152, #1931, #1954, #4366 ) ) ;
#6121 = CARTESIAN_POINT ( 'NONE',  ( 0.7249999999999999778, 1.795247431900000024, 2.024999999999999911 ) ) ;
#6122 = PLANE ( 'NONE',  #3300 ) ;
#6123 = PLANE ( 'NONE',  #2003 ) ;
#6124 = EDGE_CURVE ( 'NONE', #703, #168, #3007, .T. ) ;
#6125 = LINE ( 'NONE', #3491, #2254 ) ;
#6126 = CARTESIAN_POINT ( 'NONE',  ( 2.075000000000000622, 1.649999999999999911, -1.698606797699999893 ) ) ;
#6127 = EDGE_CURVE ( 'NONE', #5322, #6006, #5591, .T. ) ;
#6128 = FACE_OUTER_BOUND ( 'NONE', #5265, .T. ) ;
#6129 = CARTESIAN_POINT ( 'NONE',  ( -0.5150000000000000133, 0.0000000000000000000, -1.474999999999999867 ) ) ;
#6130 = EDGE_CURVE ( 'NONE', #3455, #4052, #1526, .T. ) ;
#6131 = DIRECTION ( 'NONE',  ( 1.000000000000000000, 0.0000000000000000000, 0.0000000000000000000 ) ) ;
#6132 = VERTEX_POINT ( 'NONE', #4221 ) ;
#6133 = DIRECTION ( 'NONE',  ( 0.0000000000000000000, -1.000000000000000000, -3.219646771412953967E-15 ) ) ;
#6134 = LINE ( 'NONE', #5206, #4844 ) ;
#6135 = ORIENTED_EDGE ( 'NONE', *, *, #2790, .F. ) ;
#6136 = SURFACE_STYLE_USAGE ( .BOTH. , #2276 ) ;
#6137 = FILL_AREA_STYLE_COLOUR ( '', #12 ) ;
#6138 = CARTESIAN_POINT ( 'NONE',  ( 3.525000000000000355, 2.000000000000000000, -2.024999999999999911 ) ) ;
#6139 = DIRECTION ( 'NONE',  ( 1.000000000000000000, 0.0000000000000000000, 0.0000000000000000000 ) ) ;
#6140 = EDGE_CURVE ( 'NONE', #161, #2310, #2004, .T. ) ;
#6141 = PLANE ( 'NONE',  #5146 ) ;
#6142 = LINE ( 'NONE', #1982, #6198 ) ;
#6143 = DIRECTION ( 'NONE',  ( 1.000000000000000000, 0.0000000000000000000, 0.0000000000000000000 ) ) ;
#6144 = AXIS2_PLACEMENT_3D ( 'NONE', #2340, #4886, #3863 ) ;
#6145 = VECTOR ( 'NONE', #1393, 1000.000000000000000 ) ;
#6146 = ADVANCED_FACE ( 'NONE', ( #4665 ), #6141, .F. ) ;
#6147 = LINE ( 'NONE', #2374, #2517 ) ;
#6148 = VERTEX_POINT ( 'NONE', #244 ) ;
#6149 = CARTESIAN_POINT ( 'NONE',  ( -0.5250000000000000222, 0.5547525681000000652, 2.024999999999999911 ) ) ;
#6150 = STYLED_ITEM ( 'NONE', ( #5831 ), #939 ) ;
#6151 = VERTEX_POINT ( 'NONE', #2709 ) ;
#6152 = PLANE ( 'NONE',  #114 ) ;
#6153 =( GEOMETRIC_REPRESENTATION_CONTEXT ( 3 ) GLOBAL_UNCERTAINTY_ASSIGNED_CONTEXT ( ( #3936 ) ) GLOBAL_UNIT_ASSIGNED_CONTEXT ( ( #3059, #4508, #5421 ) ) REPRESENTATION_CONTEXT ( 'NONE', 'WORKASPACE' ) );
#6154 = ORIENTED_EDGE ( 'NONE', *, *, #4946, .T. ) ;
#6155 = ORIENTED_EDGE ( 'NONE', *, *, #1002, .F. ) ;
#6156 = CARTESIAN_POINT ( 'NONE',  ( 3.525000000000000355, 1.950000000000002176, 1.375000000000006883 ) ) ;
#6157 = COLOUR_RGB ( '',0.6470588235294117974, 0.6196078431372549211, 0.5882352941176470784 ) ;
#6158 = VERTEX_POINT ( 'NONE', #5246 ) ;
#6159 = EDGE_CURVE ( 'NONE', #130, #3171, #3543, .T. ) ;
#6160 = ORIENTED_EDGE ( 'NONE', *, *, #3753, .F. ) ;
#6161 = SURFACE_STYLE_USAGE ( .BOTH. , #5659 ) ;
#6162 = ORIENTED_EDGE ( 'NONE', *, *, #1580, .T. ) ;
#6163 = EDGE_CURVE ( 'NONE', #3160, #3225, #2235, .T. ) ;
#6164 = DIRECTION ( 'NONE',  ( 1.000000000000000000, 0.0000000000000000000, 0.0000000000000000000 ) ) ;
#6165 = UNCERTAINTY_MEASURE_WITH_UNIT (LENGTH_MEASURE( 1.000000000000000082E-05 ), #3282, 'distance_accuracy_value', 'NONE');
#6166 = ORIENTED_EDGE ( 'NONE', *, *, #5083, .F. ) ;
#6167 = EDGE_CURVE ( 'NONE', #1490, #47, #2093, .T. ) ;
#6168 = DIRECTION ( 'NONE',  ( 1.000000000000000000, 0.0000000000000000000, 0.0000000000000000000 ) ) ;
#6169 = PRESENTATION_STYLE_ASSIGNMENT (( #1875 ) ) ;
#6170 = CARTESIAN_POINT ( 'NONE',  ( -2.274999999999999911, 3.600000000000000977, -1.425000000000000044 ) ) ;
#6171 = VERTEX_POINT ( 'NONE', #774 ) ;
#6172 = LINE ( 'NONE', #2399, #6314 ) ;
#6173 = ORIENTED_EDGE ( 'NONE', *, *, #2177, .T. ) ;
#6174 = CARTESIAN_POINT ( 'NONE',  ( 0.5249999999999999112, -0.6500000000000000222, -2.075000000000000178 ) ) ;
#6175 = ORIENTED_EDGE ( 'NONE', *, *, #3385, .T. ) ;
#6176 = LINE ( 'NONE', #2863, #3841 ) ;
#6177 = DIRECTION ( 'NONE',  ( -0.0000000000000000000, 1.000000000000000000, 4.003208021484939327E-15 ) ) ;
#6178 = PLANE ( 'NONE',  #5587 ) ;
#6179 = ORIENTED_EDGE ( 'NONE', *, *, #4045, .F. ) ;
#6180 = PLANE ( 'NONE',  #3236 ) ;
#6181 = LINE ( 'NONE', #2592, #2394 ) ;
#6182 = EDGE_LOOP ( 'NONE', ( #3912, #1670, #2305, #4009 ) ) ;
#6183 = AXIS2_PLACEMENT_3D ( 'NONE', #6078, #3262, #1317 ) ;
#6184 = ORIENTED_EDGE ( 'NONE', *, *, #25, .F. ) ;
#6185 = CARTESIAN_POINT ( 'NONE',  ( 1.765000000000000124, 1.850000000000000089, -1.025000000000000133 ) ) ;
#6186 = VECTOR ( 'NONE', #400, 1000.000000000000000 ) ;
#6187 = FACE_OUTER_BOUND ( 'NONE', #5991, .T. ) ;
#6188 = PRESENTATION_STYLE_ASSIGNMENT (( #3761 ) ) ;
#6189 = FACE_OUTER_BOUND ( 'NONE', #3899, .T. ) ;
#6190 = CARTESIAN_POINT ( 'NONE',  ( -0.5250000000000000222, 1.850000000000000089, 2.024999999999999911 ) ) ;
#6191 = DIRECTION ( 'NONE',  ( 1.000000000000000000, 0.0000000000000000000, 0.0000000000000000000 ) ) ;
#6192 = EDGE_CURVE ( 'NONE', #4978, #773, #345, .T. ) ;
#6193 = ADVANCED_FACE ( 'NONE', ( #1208 ), #317, .T. ) ;
#6194 = LINE ( 'NONE', #5846, #4923 ) ;
#6195 = CARTESIAN_POINT ( 'NONE',  ( 3.706138830084190428, 2.250000000000000000, -0.4749999999999999778 ) ) ;
#6196 = VERTEX_POINT ( 'NONE', #2283 ) ;
#6197 = EDGE_CURVE ( 'NONE', #6006, #4306, #4013, .T. ) ;
#6198 = VECTOR ( 'NONE', #2119, 1000.000000000000000 ) ;
#6199 = VERTEX_POINT ( 'NONE', #5678 ) ;
#6200 = VECTOR ( 'NONE', #416, 1000.000000000000000 ) ;
#6201 = ORIENTED_EDGE ( 'NONE', *, *, #5845, .T. ) ;
#6202 = CARTESIAN_POINT ( 'NONE',  ( 0.7249999999999998668, -0.6500000000000000222, -2.075000000000000178 ) ) ;
#6203 = DIRECTION ( 'NONE',  ( -0.0000000000000000000, 1.000000000000000000, -0.0000000000000000000 ) ) ;
#6204 = DIRECTION ( 'NONE',  ( 1.000000000000000000, 0.0000000000000000000, 0.0000000000000000000 ) ) ;
#6205 = LINE ( 'NONE', #2269, #4783 ) ;
#6206 = ORIENTED_EDGE ( 'NONE', *, *, #279, .T. ) ;
#6207 = CARTESIAN_POINT ( 'NONE',  ( 1.975000000000000089, 1.350000000000000089, -1.525000000000000133 ) ) ;
#6208 = EDGE_CURVE ( 'NONE', #6000, #5695, #5736, .T. ) ;
#6209 = DIRECTION ( 'NONE',  ( 1.000000000000000000, 0.0000000000000000000, 0.0000000000000000000 ) ) ;
#6210 = VECTOR ( 'NONE', #4471, 1000.000000000000000 ) ;
#6211 = ORIENTED_EDGE ( 'NONE', *, *, #3797, .T. ) ;
#6212 = AXIS2_PLACEMENT_3D ( 'NONE', #4706, #5731, #5211 ) ;
#6213 = LINE ( 'NONE', #15, #2129 ) ;
#6214 = DIRECTION ( 'NONE',  ( 0.0000000000000000000, -2.148487149506095815E-16, -1.000000000000000000 ) ) ;
#6215 = EDGE_LOOP ( 'NONE', ( #1483, #1783, #966, #3002 ) ) ;
#6216 = VECTOR ( 'NONE', #3408, 1000.000000000000000 ) ;
#6217 = ORIENTED_EDGE ( 'NONE', *, *, #2686, .T. ) ;
#6218 = AXIS2_PLACEMENT_3D ( 'NONE', #5324, #2377, #5793 ) ;
#6219 = DIRECTION ( 'NONE',  ( -1.000000000000000000, -0.0000000000000000000, -0.0000000000000000000 ) ) ;
#6220 = ORIENTED_EDGE ( 'NONE', *, *, #5976, .T. ) ;
#6221 = CARTESIAN_POINT ( 'NONE',  ( 2.125000000000000000, 4.153701442700000079, -1.791922863399999954 ) ) ;
#6222 = ADVANCED_FACE ( 'NONE', ( #4149 ), #2403, .T. ) ;
#6223 = ORIENTED_EDGE ( 'NONE', *, *, #2019, .F. ) ;
#6224 = VECTOR ( 'NONE', #3717, 1000.000000000000000 ) ;
#6225 = EDGE_CURVE ( 'NONE', #3075, #2412, #4440, .T. ) ;
#6226 = VERTEX_POINT ( 'NONE', #906 ) ;
#6227 = DIRECTION ( 'NONE',  ( -0.0000000000000000000, 1.000000000000000000, 0.0000000000000000000 ) ) ;
#6228 = CARTESIAN_POINT ( 'NONE',  ( -2.274999999999999911, 3.599999999999999201, -0.07500000000000128786 ) ) ;
#6229 = ORIENTED_EDGE ( 'NONE', *, *, #4178, .T. ) ;
#6230 = DIRECTION ( 'NONE',  ( 0.0000000000000000000, -1.000000000000000000, 0.0000000000000000000 ) ) ;
#6231 = EDGE_CURVE ( 'NONE', #2663, #6148, #3082, .T. ) ;
#6232 = CARTESIAN_POINT ( 'NONE',  ( 3.525000000000000355, 0.0000000000000000000, 2.024999999999999911 ) ) ;
#6233 = ORIENTED_EDGE ( 'NONE', *, *, #5725, .F. ) ;
#6234 = EDGE_CURVE ( 'NONE', #4725, #6080, #2910, .T. ) ;
#6235 = ORIENTED_EDGE ( 'NONE', *, *, #2106, .F. ) ;
#6236 = PLANE ( 'NONE',  #6108 ) ;
#6237 = VECTOR ( 'NONE', #2984, 1000.000000000000000 ) ;
#6238 = CARTESIAN_POINT ( 'NONE',  ( 3.525000000000000355, 3.600000000000000089, -1.425000000000000933 ) ) ;
#6239 = VERTEX_POINT ( 'NONE', #4331 ) ;
#6240 = VECTOR ( 'NONE', #4152, 1000.000000000000000 ) ;
#6241 = ORIENTED_EDGE ( 'NONE', *, *, #3444, .T. ) ;
#6242 = CARTESIAN_POINT ( 'NONE',  ( 2.425000000000000266, 1.850000000000000089, 2.024999999999999911 ) ) ;
#6243 = VECTOR ( 'NONE', #884, 1000.000000000000000 ) ;
#6244 = CARTESIAN_POINT ( 'NONE',  ( -0.8750000000000000000, 3.750000000000000000, 2.024999999999999911 ) ) ;
#6245 = CARTESIAN_POINT ( 'NONE',  ( 1.775000000000000133, 0.0000000000000000000, -1.525000000000000133 ) ) ;
#6246 = VECTOR ( 'NONE', #3926, 1000.000000000000000 ) ;
#6247 = EDGE_CURVE ( 'NONE', #3280, #5189, #421, .T. ) ;
#6248 = CARTESIAN_POINT ( 'NONE',  ( 1.974999999999999867, 0.3499999999999999778, -2.075000000000000178 ) ) ;
#6249 = VECTOR ( 'NONE', #3068, 1000.000000000000000 ) ;
#6250 = CARTESIAN_POINT ( 'NONE',  ( 1.975000000000000089, 1.850000000000000089, 0.0000000000000000000 ) ) ;
#6251 = DIRECTION ( 'NONE',  ( 1.000000000000000000, 0.0000000000000000000, 0.0000000000000000000 ) ) ;
#6252 = VECTOR ( 'NONE', #4611, 1000.000000000000000 ) ;
#6253 = ADVANCED_FACE ( 'NONE', ( #2692 ), #3315, .T. ) ;
#6254 = AXIS2_PLACEMENT_3D ( 'NONE', #5504, #2056, #113 ) ;
#6255 = DIRECTION ( 'NONE',  ( 0.0000000000000000000, -1.000000000000000000, 0.0000000000000000000 ) ) ;
#6256 = ORIENTED_EDGE ( 'NONE', *, *, #312, .T. ) ;
#6257 = CARTESIAN_POINT ( 'NONE',  ( 3.525000000000000355, 2.000000000000000000, -1.425000000000000044 ) ) ;
#6258 = ORIENTED_EDGE ( 'NONE', *, *, #1547, .F. ) ;
#6259 = VECTOR ( 'NONE', #1689, 1000.000000000000000 ) ;
#6260 = VECTOR ( 'NONE', #2522, 1000.000000000000000 ) ;
#6261 = SURFACE_STYLE_FILL_AREA ( #5059 ) ;
#6262 = PLANE ( 'NONE',  #64 ) ;
#6263 = CARTESIAN_POINT ( 'NONE',  ( 0.5150000000000000133, 1.000000000000000000, -2.024999999999999911 ) ) ;
#6264 =( NAMED_UNIT ( * ) PLANE_ANGLE_UNIT ( ) SI_UNIT ( $, .RADIAN. ) );
#6265 = CARTESIAN_POINT ( 'NONE',  ( 3.625000000000000000, 3.149999999999999911, 2.024999999999999911 ) ) ;
#6266 = EDGE_CURVE ( 'NONE', #1591, #938, #5129, .T. ) ;
#6267 = FACE_OUTER_BOUND ( 'NONE', #3210, .T. ) ;
#6268 = DIRECTION ( 'NONE',  ( 0.0000000000000000000, 0.0000000000000000000, -1.000000000000000000 ) ) ;
#6269 = VERTEX_POINT ( 'NONE', #3807 ) ;
#6270 = EDGE_CURVE ( 'NONE', #1490, #1410, #1356, .T. ) ;
#6271 = CARTESIAN_POINT ( 'NONE',  ( 3.525000000000000355, 1.980741759643274369, -1.925000000000000711 ) ) ;
#6272 = ORIENTED_EDGE ( 'NONE', *, *, #5292, .F. ) ;
#6273 = CARTESIAN_POINT ( 'NONE',  ( 0.7250000000000000888, 1.350000000000000089, 0.0000000000000000000 ) ) ;
#6274 = CARTESIAN_POINT ( 'NONE',  ( 1.775000000000000133, 1.850000000000000089, 2.024999999999999911 ) ) ;
#6275 = EDGE_LOOP ( 'NONE', ( #1278, #3398, #4497, #6009 ) ) ;
#6276 = VERTEX_POINT ( 'NONE', #3335 ) ;
#6277 = VECTOR ( 'NONE', #1233, 1000.000000000000000 ) ;
#6278 = ORIENTED_EDGE ( 'NONE', *, *, #903, .T. ) ;
#6279 = VERTEX_POINT ( 'NONE', #4822 ) ;
#6280 = FILL_AREA_STYLE_COLOUR ( '', #2794 ) ;
#6281 = AXIS2_PLACEMENT_3D ( 'NONE', #5242, #266, #2801 ) ;
#6282 = PLANE ( 'NONE',  #3571 ) ;
#6283 = CARTESIAN_POINT ( 'NONE',  ( -2.274999999999999911, 2.250000000000000000, -2.024999999999999911 ) ) ;
#6284 = ADVANCED_FACE ( 'NONE', ( #3695 ), #1834, .T. ) ;
#6285 = COLOUR_RGB ( '',1.000000000000000000, 1.000000000000000000, 1.000000000000000000 ) ;
#6286 = VERTEX_POINT ( 'NONE', #3353 ) ;
#6287 = VECTOR ( 'NONE', #5914, 1000.000000000000000 ) ;
#6288 = ORIENTED_EDGE ( 'NONE', *, *, #1323, .F. ) ;
#6289 = DIRECTION ( 'NONE',  ( 0.0000000000000000000, 3.212450881438532635E-15, -1.000000000000000000 ) ) ;
#6290 = ORIENTED_EDGE ( 'NONE', *, *, #1990, .T. ) ;
#6291 = CARTESIAN_POINT ( 'NONE',  ( -2.375000000000000000, 3.750000000000000000, 0.02500000000000000139 ) ) ;
#6292 = VERTEX_POINT ( 'NONE', #4311 ) ;
#6293 = CARTESIAN_POINT ( 'NONE',  ( 0.07500000000000019151, 1.850000000000000089, 2.024999999999999911 ) ) ;
#6294 = CARTESIAN_POINT ( 'NONE',  ( 3.525000000000000355, 8.673617379884035472E-15, -0.2250000000000008105 ) ) ;
#6295 =( GEOMETRIC_REPRESENTATION_CONTEXT ( 3 ) GLOBAL_UNCERTAINTY_ASSIGNED_CONTEXT ( ( #5043 ) ) GLOBAL_UNIT_ASSIGNED_CONTEXT ( ( #6068, #1752, #5159 ) ) REPRESENTATION_CONTEXT ( 'NONE', 'WORKASPACE' ) );
#6296 = DIRECTION ( 'NONE',  ( 1.000000000000000000, 0.0000000000000000000, 0.0000000000000000000 ) ) ;
#6297 = CARTESIAN_POINT ( 'NONE',  ( 1.975000000000000089, -0.004464445899999999919, 0.003975566199999999890 ) ) ;
#6298 = VERTEX_POINT ( 'NONE', #2385 ) ;
#6299 = COLOUR_RGB ( '',0.6470588235294117974, 0.6196078431372549211, 0.5882352941176470784 ) ;
#6300 = ORIENTED_EDGE ( 'NONE', *, *, #4297, .T. ) ;
#6301 = VERTEX_POINT ( 'NONE', #5330 ) ;
#6302 = ORIENTED_EDGE ( 'NONE', *, *, #2975, .F. ) ;
#6303 = SURFACE_STYLE_USAGE ( .BOTH. , #4854 ) ;
#6304 = AXIS2_PLACEMENT_3D ( 'NONE', #6250, #1905, #2826 ) ;
#6305 = LINE ( 'NONE', #4682, #5503 ) ;
#6306 = CARTESIAN_POINT ( 'NONE',  ( 0.5250000000000000222, 0.0000000000000000000, -1.525000000000000133 ) ) ;
#6307 = CARTESIAN_POINT ( 'NONE',  ( 0.7250000000000000888, -0.6500000000000000222, -2.075000000000000178 ) ) ;
#6308 = ORIENTED_EDGE ( 'NONE', *, *, #658, .T. ) ;
#6309 = DIRECTION ( 'NONE',  ( 0.0000000000000000000, 0.0000000000000000000, -1.000000000000000000 ) ) ;
#6310 = CARTESIAN_POINT ( 'NONE',  ( 0.0000000000000000000, 4.240000000000000213, -1.925000000000000044 ) ) ;
#6311 = ORIENTED_EDGE ( 'NONE', *, *, #5610, .T. ) ;
#6312 = CARTESIAN_POINT ( 'NONE',  ( -0.5250000000000000222, 1.315130797599999957, 1.171117220399999770 ) ) ;
#6313 = EDGE_CURVE ( 'NONE', #2481, #982, #5808, .T. ) ;
#6314 = VECTOR ( 'NONE', #2880, 1000.000000000000000 ) ;
#6315 =( NAMED_UNIT ( * ) SI_UNIT ( $, .STERADIAN. ) SOLID_ANGLE_UNIT ( ) );
#6316 = AXIS2_PLACEMENT_3D ( 'NONE', #3472, #2416, #1495 ) ;
#6317 = DIRECTION ( 'NONE',  ( 0.0000000000000000000, 4.003208021484939327E-15, -1.000000000000000000 ) ) ;
#6318 = ORIENTED_EDGE ( 'NONE', *, *, #4963, .F. ) ;
#6319 = ORIENTED_EDGE ( 'NONE', *, *, #3588, .T. ) ;
#6320 = EDGE_CURVE ( 'NONE', #1577, #1114, #5968, .T. ) ;
#6321 = DIRECTION ( 'NONE',  ( 0.0000000000000000000, -3.854941057726236322E-15, 1.000000000000000000 ) ) ;
#6322 = EDGE_LOOP ( 'NONE', ( #3081, #6019, #72, #599, #2286, #2313 ) ) ;
#6323 = ADVANCED_FACE ( 'NONE', ( #3692 ), #528, .F. ) ;
#6324 = EDGE_CURVE ( 'NONE', #628, #5459, #6176, .T. ) ;
#6325 = ORIENTED_EDGE ( 'NONE', *, *, #1414, .T. ) ;
#6326 = VECTOR ( 'NONE', #1959, 1000.000000000000000 ) ;
#6327 = DIRECTION ( 'NONE',  ( 0.0000000000000000000, 1.000000000000000000, -2.148487149506095815E-16 ) ) ;
#6328 = CARTESIAN_POINT ( 'NONE',  ( 0.5150000000000000133, 1.850000000000000089, -1.025000000000000133 ) ) ;
#6329 = CARTESIAN_POINT ( 'NONE',  ( 1.974999999999999867, 0.3500000000000000333, -2.024999999999999911 ) ) ;
#6330 = LINE ( 'NONE', #5301, #6186 ) ;
#6331 = EDGE_CURVE ( 'NONE', #4725, #316, #804, .T. ) ;
#6332 = CARTESIAN_POINT ( 'NONE',  ( -0.5250000000000000222, 1.850000000000000089, 2.024999999999999911 ) ) ;
#6333 = DIRECTION ( 'NONE',  ( 0.0000000000000000000, 1.000000000000000000, 0.0000000000000000000 ) ) ;
#6334 = VECTOR ( 'NONE', #5219, 1000.000000000000000 ) ;
#6335 = FILL_AREA_STYLE ('',( #529 ) ) ;
#6336 = PLANE ( 'NONE',  #1911 ) ;
#6337 = ORIENTED_EDGE ( 'NONE', *, *, #3086, .T. ) ;
#6338 = FACE_OUTER_BOUND ( 'NONE', #3526, .T. ) ;
#6339 = DIRECTION ( 'NONE',  ( 0.0000000000000000000, -1.000000000000000000, 0.0000000000000000000 ) ) ;
#6340 = MECHANICAL_DESIGN_GEOMETRIC_PRESENTATION_REPRESENTATION (  '', ( #5714 ), #2657 ) ;
#6341 = LINE ( 'NONE', #2115, #1157 ) ;
#6342 = UNCERTAINTY_MEASURE_WITH_UNIT (LENGTH_MEASURE( 1.000000000000000082E-05 ), #5584, 'distance_accuracy_value', 'NONE');
#6343 = CARTESIAN_POINT ( 'NONE',  ( -0.5250000000000000222, 1.795247431900000024, 2.024999999999999911 ) ) ;
#6344 = VECTOR ( 'NONE', #3380, 1000.000000000000000 ) ;
#6345 = EDGE_CURVE ( 'NONE', #5708, #4446, #508, .T. ) ;
#6346 = CARTESIAN_POINT ( 'NONE',  ( -0.5150000000000000133, 1.850000000000000089, -1.025000000000000133 ) ) ;
#6347 = CARTESIAN_POINT ( 'NONE',  ( -2.274999999999999911, 0.6000000000000076383, -0.2249999999999982014 ) ) ;
#6348 = ORIENTED_EDGE ( 'NONE', *, *, #1211, .T. ) ;
#6349 = ADVANCED_FACE ( 'NONE', ( #2308 ), #5915, .T. ) ;
#6350 = DIRECTION ( 'NONE',  ( 0.0000000000000000000, 1.000000000000000000, 0.0000000000000000000 ) ) ;
#6351 = EDGE_CURVE ( 'NONE', #3437, #5953, #1200, .T. ) ;
#6352 = ORIENTED_EDGE ( 'NONE', *, *, #5464, .F. ) ;
#6353 = EDGE_CURVE ( 'NONE', #2310, #5111, #1437, .T. ) ;
#6354 = DIRECTION ( 'NONE',  ( 0.0000000000000000000, 1.000000000000000000, -3.295974604355814534E-17 ) ) ;
#6355 = ORIENTED_EDGE ( 'NONE', *, *, #6208, .T. ) ;
#6356 = VECTOR ( 'NONE', #5354, 1000.000000000000000 ) ;
#6357 = ORIENTED_EDGE ( 'NONE', *, *, #536, .T. ) ;
#6358 = CARTESIAN_POINT ( 'NONE',  ( -0.4249999999999999889, 1.649999999999999911, -1.025000000000000133 ) ) ;
#6359 = VECTOR ( 'NONE', #391, 1000.000000000000000 ) ;
#6360 = CARTESIAN_POINT ( 'NONE',  ( -0.7249999999999999778, 1.649999999999999911, -1.698606797699999893 ) ) ;
#6361 = ORIENTED_EDGE ( 'NONE', *, *, #1016, .F. ) ;
#6362 = EDGE_CURVE ( 'NONE', #6239, #4350, #4807, .T. ) ;
#6363 = CARTESIAN_POINT ( 'NONE',  ( 2.425000000000000266, 2.550000000000000266, 2.024999999999999911 ) ) ;
#6364 = DIRECTION ( 'NONE',  ( 0.0000000000000000000, 1.000000000000000000, 0.0000000000000000000 ) ) ;
#6365 = ORIENTED_EDGE ( 'NONE', *, *, #546, .T. ) ;
#6366 = AXIS2_PLACEMENT_3D ( 'NONE', #4095, #153, #5048 ) ;
ENDSEC;
END-ISO-10303-21;
