ISO-10303-21;
HEADER;
FILE_DESCRIPTION (( 'STEP AP214' ),
    '1' );
FILE_NAME ('B04MB-GHS-TBT.STEP',
    '2019-04-07T09:12:57',
    ( '' ),
    ( '' ),
    'SwSTEP 2.0',
    'SolidWorks 2018',
    '' );
FILE_SCHEMA (( 'AUTOMOTIVE_DESIGN' ));
ENDSEC;

DATA;
#1 =( NAMED_UNIT ( * ) PLANE_ANGLE_UNIT ( ) SI_UNIT ( $, .RADIAN. ) );
#2 = SURFACE_STYLE_USAGE ( .BOTH. , #1755 ) ;
#3 = LINE ( 'NONE', #48, #4956 ) ;
#4 = VERTEX_POINT ( 'NONE', #6844 ) ;
#5 = EDGE_LOOP ( 'NONE', ( #7339, #1607, #6158, #6382 ) ) ;
#6 = VERTEX_POINT ( 'NONE', #2359 ) ;
#7 = LINE ( 'NONE', #2427, #5943 ) ;
#8 = CARTESIAN_POINT ( 'NONE',  ( 3.235000000000000320, 1.000000000000000000, -1.025000000000000133 ) ) ;
#9 = VECTOR ( 'NONE', #654, 1000.000000000000000 ) ;
#10 = EDGE_LOOP ( 'NONE', ( #6726, #2710, #7206, #754 ) ) ;
#11 = EDGE_CURVE ( 'NONE', #1551, #5362, #1807, .T. ) ;
#12 = CARTESIAN_POINT ( 'NONE',  ( 0.07499999999999998335, 1.850000000000000089, 2.024999999999999911 ) ) ;
#13 = ADVANCED_FACE ( 'NONE', ( #1898 ), #5786, .T. ) ;
#14 = EDGE_CURVE ( 'NONE', #7046, #5120, #7417, .T. ) ;
#15 = PLANE ( 'NONE',  #4137 ) ;
#16 = LINE ( 'NONE', #2293, #5580 ) ;
#17 = ORIENTED_EDGE ( 'NONE', *, *, #6143, .F. ) ;
#18 = DIRECTION ( 'NONE',  ( -1.000000000000000000, -0.0000000000000000000, -0.0000000000000000000 ) ) ;
#19 = CARTESIAN_POINT ( 'NONE',  ( 0.5250000000000000222, 1.850000000000000089, -2.024999999999999911 ) ) ;
#20 = ADVANCED_FACE ( 'NONE', ( #3323 ), #24, .F. ) ;
#21 = ORIENTED_EDGE ( 'NONE', *, *, #6173, .T. ) ;
#22 = VERTEX_POINT ( 'NONE', #2337 ) ;
#23 = CARTESIAN_POINT ( 'NONE',  ( -1.875000000000000000, 2.550000000000000266, 2.024999999999999911 ) ) ;
#24 = PLANE ( 'NONE',  #6202 ) ;
#25 = CARTESIAN_POINT ( 'NONE',  ( -0.5150000000000000133, 1.000000000000000000, -1.025000000000000133 ) ) ;
#26 = CARTESIAN_POINT ( 'NONE',  ( 1.774999999999999911, 0.05000000000000002359, -1.775000000000000133 ) ) ;
#27 = VECTOR ( 'NONE', #798, 1000.000000000000000 ) ;
#28 = AXIS2_PLACEMENT_3D ( 'NONE', #1633, #2788, #3351 ) ;
#29 = LINE ( 'NONE', #3128, #1118 ) ;
#30 = EDGE_CURVE ( 'NONE', #7112, #1522, #1343, .T. ) ;
#31 = VERTEX_POINT ( 'NONE', #3203 ) ;
#32 = CARTESIAN_POINT ( 'NONE',  ( 0.5250000000000000222, 1.649999999999999911, -1.025000000000000133 ) ) ;
#33 = PLANE ( 'NONE',  #5534 ) ;
#34 = ORIENTED_EDGE ( 'NONE', *, *, #2613, .F. ) ;
#35 = ORIENTED_EDGE ( 'NONE', *, *, #3468, .T. ) ;
#36 = LINE ( 'NONE', #6557, #5519 ) ;
#37 = ORIENTED_EDGE ( 'NONE', *, *, #5269, .T. ) ;
#38 = CARTESIAN_POINT ( 'NONE',  ( 3.375000000000000444, 3.750000000000000000, -2.024999999999999911 ) ) ;
#39 = LINE ( 'NONE', #398, #5246 ) ;
#40 = EDGE_CURVE ( 'NONE', #4164, #6728, #990, .T. ) ;
#41 = ORIENTED_EDGE ( 'NONE', *, *, #7299, .F. ) ;
#42 = ORIENTED_EDGE ( 'NONE', *, *, #259, .T. ) ;
#43 = VECTOR ( 'NONE', #3379, 1000.000000000000000 ) ;
#44 = ORIENTED_EDGE ( 'NONE', *, *, #7406, .F. ) ;
#45 = AXIS2_PLACEMENT_3D ( 'NONE', #6483, #673, #6397 ) ;
#46 = DIRECTION ( 'NONE',  ( -1.000000000000000000, 0.0000000000000000000, 0.0000000000000000000 ) ) ;
#47 = CARTESIAN_POINT ( 'NONE',  ( -0.4249999999999999889, 1.649999999999999911, -1.474999999999999867 ) ) ;
#48 = CARTESIAN_POINT ( 'NONE',  ( 5.375000000000000000, 1.000000000000000000, -1.525000000000000133 ) ) ;
#49 = CARTESIAN_POINT ( 'NONE',  ( -0.5250000000000000222, 1.000000000000000000, -1.525000000000000133 ) ) ;
#50 = ADVANCED_FACE ( 'NONE', ( #3062 ), #2019, .F. ) ;
#51 = CARTESIAN_POINT ( 'NONE',  ( 3.225000000000000533, 0.3499999999999999778, -2.075000000000000178 ) ) ;
#52 = ORIENTED_EDGE ( 'NONE', *, *, #2347, .F. ) ;
#53 = LINE ( 'NONE', #4555, #3922 ) ;
#54 = VERTEX_POINT ( 'NONE', #7130 ) ;
#55 = EDGE_CURVE ( 'NONE', #459, #3637, #4221, .T. ) ;
#56 = VERTEX_POINT ( 'NONE', #5978 ) ;
#57 = AXIS2_PLACEMENT_3D ( 'NONE', #4090, #4702, #5856 ) ;
#58 = ADVANCED_FACE ( 'NONE', ( #7239 ), #3685, .T. ) ;
#59 = VERTEX_POINT ( 'NONE', #6001 ) ;
#60 = ORIENTED_EDGE ( 'NONE', *, *, #6045, .T. ) ;
#61 = DIRECTION ( 'NONE',  ( 0.0000000000000000000, -1.000000000000000000, 0.0000000000000000000 ) ) ;
#62 = ORIENTED_EDGE ( 'NONE', *, *, #6887, .F. ) ;
#63 = LINE ( 'NONE', #5367, #1795 ) ;
#64 = ORIENTED_EDGE ( 'NONE', *, *, #7388, .F. ) ;
#65 = EDGE_CURVE ( 'NONE', #3526, #7312, #2439, .T. ) ;
#66 = CARTESIAN_POINT ( 'NONE',  ( 3.675000000000000266, 2.550000000000000266, -1.474999999999999867 ) ) ;
#67 = PLANE ( 'NONE',  #57 ) ;
#68 = CARTESIAN_POINT ( 'NONE',  ( -2.475000000000000089, 4.249999999999992895, -0.07499999999999976130 ) ) ;
#69 = ORIENTED_EDGE ( 'NONE', *, *, #4973, .F. ) ;
#70 = CARTESIAN_POINT ( 'NONE',  ( 1.765000000000000124, 1.649999999999999911, -1.698606797699999893 ) ) ;
#71 = DIRECTION ( 'NONE',  ( 0.0000000000000000000, 0.0000000000000000000, 1.000000000000000000 ) ) ;
#72 = CARTESIAN_POINT ( 'NONE',  ( 0.7249999999999998668, 0.05000000000000002359, -1.775000000000000133 ) ) ;
#73 = EDGE_CURVE ( 'NONE', #4036, #7126, #3945, .T. ) ;
#74 = SURFACE_STYLE_USAGE ( .BOTH. , #6399 ) ;
#75 = ORIENTED_EDGE ( 'NONE', *, *, #5375, .F. ) ;
#76 = AXIS2_PLACEMENT_3D ( 'NONE', #736, #3027, #7005 ) ;
#77 = LINE ( 'NONE', #4174, #3321 ) ;
#78 = ORIENTED_EDGE ( 'NONE', *, *, #3337, .T. ) ;
#79 = CARTESIAN_POINT ( 'NONE',  ( 3.325000000000000622, 1.850000000000000089, 2.024999999999999911 ) ) ;
#80 = VERTEX_POINT ( 'NONE', #2623 ) ;
#81 = FACE_OUTER_BOUND ( 'NONE', #6475, .T. ) ;
#82 = ORIENTED_EDGE ( 'NONE', *, *, #2064, .T. ) ;
#83 = DIRECTION ( 'NONE',  ( 0.0000000000000000000, 0.0000000000000000000, -1.000000000000000000 ) ) ;
#84 = AXIS2_PLACEMENT_3D ( 'NONE', #5227, #660, #6364 ) ;
#85 = VECTOR ( 'NONE', #2998, 1000.000000000000000 ) ;
#86 = VECTOR ( 'NONE', #6322, 1000.000000000000000 ) ;
#87 = VERTEX_POINT ( 'NONE', #5435 ) ;
#88 = ORIENTED_EDGE ( 'NONE', *, *, #5118, .F. ) ;
#89 = CARTESIAN_POINT ( 'NONE',  ( 3.234999999999999876, 1.850000000000000089, -1.025000000000000133 ) ) ;
#90 = DIRECTION ( 'NONE',  ( 0.0000000000000000000, -1.000000000000000000, 0.0000000000000000000 ) ) ;
#91 = EDGE_CURVE ( 'NONE', #5380, #1678, #6298, .T. ) ;
#92 = SURFACE_STYLE_USAGE ( .BOTH. , #5858 ) ;
#93 = PLANE ( 'NONE',  #4201 ) ;
#94 = DIRECTION ( 'NONE',  ( 0.0000000000000000000, 0.0000000000000000000, -1.000000000000000000 ) ) ;
#95 = VECTOR ( 'NONE', #3300, 1000.000000000000000 ) ;
#96 = LINE ( 'NONE', #1628, #4697 ) ;
#97 = ORIENTED_EDGE ( 'NONE', *, *, #3895, .T. ) ;
#98 = CARTESIAN_POINT ( 'NONE',  ( -2.274999999999999911, 0.6000000000000024203, 1.375000000000002442 ) ) ;
#99 = DIRECTION ( 'NONE',  ( 0.0000000000000000000, 0.0000000000000000000, 1.000000000000000000 ) ) ;
#100 = LINE ( 'NONE', #344, #6044 ) ;
#101 = EDGE_CURVE ( 'NONE', #2751, #2843, #6897, .T. ) ;
#102 = LINE ( 'NONE', #861, #5869 ) ;
#103 = ORIENTED_EDGE ( 'NONE', *, *, #4825, .T. ) ;
#104 = EDGE_CURVE ( 'NONE', #5188, #6980, #6715, .T. ) ;
#105 = LINE ( 'NONE', #964, #3088 ) ;
#106 = CARTESIAN_POINT ( 'NONE',  ( 1.775000000000000133, 1.850000000000000089, -1.025000000000000133 ) ) ;
#107 = ORIENTED_EDGE ( 'NONE', *, *, #1044, .T. ) ;
#108 = ORIENTED_EDGE ( 'NONE', *, *, #7255, .T. ) ;
#109 = EDGE_CURVE ( 'NONE', #4844, #5854, #980, .T. ) ;
#110 = LINE ( 'NONE', #6342, #3533 ) ;
#111 = VECTOR ( 'NONE', #4710, 1000.000000000000000 ) ;
#112 = CARTESIAN_POINT ( 'NONE',  ( 3.675000000000000266, 1.850000000000000089, -1.474999999999999867 ) ) ;
#113 = PLANE ( 'NONE',  #4491 ) ;
#114 = CARTESIAN_POINT ( 'NONE',  ( 3.225000000000000533, 0.5000000000000000000, 2.024999999999999911 ) ) ;
#115 = VERTEX_POINT ( 'NONE', #3712 ) ;
#116 = ORIENTED_EDGE ( 'NONE', *, *, #6464, .F. ) ;
#117 = CARTESIAN_POINT ( 'NONE',  ( 1.984999999999999876, 1.850000000000000089, -1.025000000000000133 ) ) ;
#118 = STYLED_ITEM ( 'NONE', ( #211 ), #6016 ) ;
#119 = CARTESIAN_POINT ( 'NONE',  ( -2.274999999999999911, 0.0000000000000000000, 2.024999999999999911 ) ) ;
#120 = LINE ( 'NONE', #5531, #1049 ) ;
#121 = STYLED_ITEM ( 'NONE', ( #5201 ), #58 ) ;
#122 = VECTOR ( 'NONE', #975, 1000.000000000000000 ) ;
#123 = VERTEX_POINT ( 'NONE', #299 ) ;
#124 = PRESENTATION_STYLE_ASSIGNMENT (( #74 ) ) ;
#125 = CARTESIAN_POINT ( 'NONE',  ( -2.875000000000000000, 4.250000000000000000, 2.024999999999999911 ) ) ;
#126 = DIRECTION ( 'NONE',  ( 1.000000000000000000, 0.0000000000000000000, 0.0000000000000000000 ) ) ;
#127 = ORIENTED_EDGE ( 'NONE', *, *, #2088, .F. ) ;
#128 = CARTESIAN_POINT ( 'NONE',  ( 0.0000000000000000000, 4.240000000000000213, -1.925000000000000044 ) ) ;
#129 = VECTOR ( 'NONE', #4465, 1000.000000000000000 ) ;
#130 = ADVANCED_FACE ( 'NONE', ( #161 ), #4474, .T. ) ;
#131 = VECTOR ( 'NONE', #5688, 1000.000000000000000 ) ;
#132 = AXIS2_PLACEMENT_3D ( 'NONE', #1008, #4422, #3252 ) ;
#133 = ORIENTED_EDGE ( 'NONE', *, *, #5160, .T. ) ;
#134 = ORIENTED_EDGE ( 'NONE', *, *, #5165, .T. ) ;
#135 = VECTOR ( 'NONE', #4181, 1000.000000000000000 ) ;
#136 = EDGE_CURVE ( 'NONE', #4048, #522, #4029, .T. ) ;
#137 = ORIENTED_EDGE ( 'NONE', *, *, #6417, .F. ) ;
#138 = CARTESIAN_POINT ( 'NONE',  ( 4.875000000000000888, 3.750000000000000000, 0.02500000000000000139 ) ) ;
#139 =( LENGTH_UNIT ( ) NAMED_UNIT ( * ) SI_UNIT ( .MILLI., .METRE. ) );
#140 = LINE ( 'NONE', #1695, #1321 ) ;
#141 = VERTEX_POINT ( 'NONE', #4444 ) ;
#142 = DIRECTION ( 'NONE',  ( 1.000000000000000000, 0.0000000000000000000, 0.0000000000000000000 ) ) ;
#143 = EDGE_LOOP ( 'NONE', ( #812, #5564, #944, #5310 ) ) ;
#144 = SURFACE_SIDE_STYLE ('',( #7103 ) ) ;
#145 = UNCERTAINTY_MEASURE_WITH_UNIT (LENGTH_MEASURE( 1.000000000000000082E-05 ), #3303, 'distance_accuracy_value', 'NONE');
#146 = CARTESIAN_POINT ( 'NONE',  ( 1.325000000000000400, 1.850000000000000089, -1.474999999999999867 ) ) ;
#147 = VERTEX_POINT ( 'NONE', #2152 ) ;
#148 = EDGE_CURVE ( 'NONE', #5710, #5818, #4213, .T. ) ;
#149 = CARTESIAN_POINT ( 'NONE',  ( -0.5150000000000000133, 1.850000000000000089, -1.025000000000000133 ) ) ;
#150 = VECTOR ( 'NONE', #6845, 1000.000000000000000 ) ;
#151 = ORIENTED_EDGE ( 'NONE', *, *, #7153, .T. ) ;
#152 = DIRECTION ( 'NONE',  ( 0.0000000000000000000, 1.000000000000000000, 3.219646771412953967E-15 ) ) ;
#153 = DIRECTION ( 'NONE',  ( 0.0000000000000000000, 3.252606517456512119E-15, -1.000000000000000000 ) ) ;
#154 = EDGE_LOOP ( 'NONE', ( #5919, #2579, #822, #961, #1146, #4026, #4612, #4425 ) ) ;
#155 = DIRECTION ( 'NONE',  ( 1.000000000000000000, 0.0000000000000000000, 0.0000000000000000000 ) ) ;
#156 = LINE ( 'NONE', #2295, #3137 ) ;
#157 = COLOUR_RGB ( '',1.000000000000000000, 1.000000000000000000, 1.000000000000000000 ) ;
#158 = ORIENTED_EDGE ( 'NONE', *, *, #5582, .T. ) ;
#159 = CARTESIAN_POINT ( 'NONE',  ( 4.525000000000000355, 4.240000000000000213, -1.925000000000000933 ) ) ;
#160 = VECTOR ( 'NONE', #6163, 1000.000000000000000 ) ;
#161 = FACE_OUTER_BOUND ( 'NONE', #4335, .T. ) ;
#162 = EDGE_LOOP ( 'NONE', ( #2490, #408, #4053, #7007 ) ) ;
#163 = DIRECTION ( 'NONE',  ( 1.000000000000000000, 0.0000000000000000000, 0.0000000000000000000 ) ) ;
#164 = DIRECTION ( 'NONE',  ( 1.000000000000000000, 0.0000000000000000000, 0.0000000000000000000 ) ) ;
#165 = ADVANCED_FACE ( 'NONE', ( #5751 ), #1519, .T. ) ;
#166 = DIRECTION ( 'NONE',  ( -1.000000000000000000, 0.0000000000000000000, 0.0000000000000000000 ) ) ;
#167 = CARTESIAN_POINT ( 'NONE',  ( -0.4249999999999999889, 1.649999999999999911, -1.474999999999999867 ) ) ;
#168 = DIRECTION ( 'NONE',  ( 0.0000000000000000000, 0.0000000000000000000, 1.000000000000000000 ) ) ;
#169 = LINE ( 'NONE', #3154, #5033 ) ;
#170 = ORIENTED_EDGE ( 'NONE', *, *, #2103, .T. ) ;
#171 = ORIENTED_EDGE ( 'NONE', *, *, #3194, .F. ) ;
#172 = DIRECTION ( 'NONE',  ( -1.000000000000000000, 0.0000000000000000000, 0.0000000000000000000 ) ) ;
#174 = DIRECTION ( 'NONE',  ( 0.0000000000000000000, 0.0000000000000000000, 1.000000000000000000 ) ) ;
#173 = AXIS2_PLACEMENT_3D ( 'NONE', #2584, #5389, #4278 ) ;
#175 = CARTESIAN_POINT ( 'NONE',  ( 0.0000000000000000000, 0.0000000000000000000, -1.025000000000000133 ) ) ;
#176 = VECTOR ( 'NONE', #4163, 1000.000000000000000 ) ;
#177 = CARTESIAN_POINT ( 'NONE',  ( -0.8249999999999999556, 1.850000000000000089, 2.024999999999999911 ) ) ;
#178 = ORIENTED_EDGE ( 'NONE', *, *, #6393, .T. ) ;
#179 = ORIENTED_EDGE ( 'NONE', *, *, #6373, .T. ) ;
#180 = CARTESIAN_POINT ( 'NONE',  ( -2.475000000000000089, 3.600000000000000089, -1.425000000000000933 ) ) ;
#181 = PRESENTATION_STYLE_ASSIGNMENT (( #6236 ) ) ;
#182 = CARTESIAN_POINT ( 'NONE',  ( -0.5150000000000000133, 1.850000000000000089, -1.025000000000000133 ) ) ;
#183 = LINE ( 'NONE', #1653, #1738 ) ;
#184 = EDGE_LOOP ( 'NONE', ( #4156, #5687, #347, #4482 ) ) ;
#185 = LINE ( 'NONE', #1578, #3171 ) ;
#186 = DIRECTION ( 'NONE',  ( 0.0000000000000000000, 1.000000000000000000, 0.0000000000000000000 ) ) ;
#187 = CARTESIAN_POINT ( 'NONE',  ( 1.325000000000000400, 1.850000000000000089, -1.474999999999999867 ) ) ;
#188 = VECTOR ( 'NONE', #4584, 1000.000000000000000 ) ;
#189 = ORIENTED_EDGE ( 'NONE', *, *, #5990, .F. ) ;
#190 = EDGE_CURVE ( 'NONE', #1090, #3961, #5195, .T. ) ;
#191 = DIRECTION ( 'NONE',  ( -0.0000000000000000000, 1.000000000000000000, 0.0000000000000000000 ) ) ;
#192 = PLANE ( 'NONE',  #4615 ) ;
#193 = CARTESIAN_POINT ( 'NONE',  ( -2.274999999999999911, 0.0000000000000000000, 2.024999999999999911 ) ) ;
#194 = ORIENTED_EDGE ( 'NONE', *, *, #627, .T. ) ;
#195 = VECTOR ( 'NONE', #4607, 1000.000000000000000 ) ;
#196 = AXIS2_PLACEMENT_3D ( 'NONE', #2799, #1108, #5099 ) ;
#197 =( NAMED_UNIT ( * ) PLANE_ANGLE_UNIT ( ) SI_UNIT ( $, .RADIAN. ) );
#198 = ORIENTED_EDGE ( 'NONE', *, *, #6719, .F. ) ;
#199 = ORIENTED_EDGE ( 'NONE', *, *, #449, .F. ) ;
#200 = CARTESIAN_POINT ( 'NONE',  ( -0.8750000000000000000, 3.750000000000000000, -2.024999999999999911 ) ) ;
#201 = CARTESIAN_POINT ( 'NONE',  ( 3.225000000000000533, 1.000000000000000000, -1.525000000000000133 ) ) ;
#202 = VECTOR ( 'NONE', #6368, 1000.000000000000000 ) ;
#203 = FACE_OUTER_BOUND ( 'NONE', #1940, .T. ) ;
#204 = EDGE_CURVE ( 'NONE', #1176, #1702, #644, .T. ) ;
#205 = ADVANCED_FACE ( 'NONE', ( #4944 ), #7218, .T. ) ;
#206 = ORIENTED_EDGE ( 'NONE', *, *, #101, .F. ) ;
#207 = VERTEX_POINT ( 'NONE', #361 ) ;
#208 = CARTESIAN_POINT ( 'NONE',  ( 1.975000000000000089, 1.350000000000000089, 1.525000000000000133 ) ) ;
#209 = EDGE_CURVE ( 'NONE', #6828, #2531, #1892, .T. ) ;
#210 = VECTOR ( 'NONE', #2058, 1000.000000000000000 ) ;
#211 = PRESENTATION_STYLE_ASSIGNMENT (( #3636 ) ) ;
#212 = VERTEX_POINT ( 'NONE', #6086 ) ;
#213 = ORIENTED_EDGE ( 'NONE', *, *, #3808, .T. ) ;
#214 = EDGE_CURVE ( 'NONE', #1702, #2712, #722, .T. ) ;
#215 = ORIENTED_EDGE ( 'NONE', *, *, #2841, .T. ) ;
#216 = VECTOR ( 'NONE', #4539, 1000.000000000000000 ) ;
#217 = DIRECTION ( 'NONE',  ( 0.0000000000000000000, -1.000000000000000000, 0.0000000000000000000 ) ) ;
#218 = VECTOR ( 'NONE', #5295, 1000.000000000000000 ) ;
#219 = CARTESIAN_POINT ( 'NONE',  ( -2.274999999999999911, 0.0000000000000000000, 0.0000000000000000000 ) ) ;
#220 = DIRECTION ( 'NONE',  ( 0.0000000000000000000, 0.0000000000000000000, -1.000000000000000000 ) ) ;
#221 = ORIENTED_EDGE ( 'NONE', *, *, #5998, .F. ) ;
#222 = CARTESIAN_POINT ( 'NONE',  ( 4.775000000000000355, 4.239999999999999325, -1.925000000000000711 ) ) ;
#223 = DIRECTION ( 'NONE',  ( 0.0000000000000000000, -1.000000000000000000, 0.0000000000000000000 ) ) ;
#224 = ORIENTED_EDGE ( 'NONE', *, *, #5278, .T. ) ;
#225 = VECTOR ( 'NONE', #2840, 1000.000000000000000 ) ;
#226 = ORIENTED_EDGE ( 'NONE', *, *, #6215, .T. ) ;
#227 = CARTESIAN_POINT ( 'NONE',  ( -0.8249999999999999556, 1.850000000000000089, -1.474999999999999867 ) ) ;
#228 = DIRECTION ( 'NONE',  ( 0.0000000000000000000, 0.0000000000000000000, -1.000000000000000000 ) ) ;
#229 = CARTESIAN_POINT ( 'NONE',  ( 0.8249999999999999556, 1.649999999999999911, 2.024999999999999911 ) ) ;
#230 = CARTESIAN_POINT ( 'NONE',  ( 5.375000000000000000, 1.949999999999999512, 2.025000000000007017 ) ) ;
#231 = DIRECTION ( 'NONE',  ( -1.000000000000000000, -0.0000000000000000000, -0.0000000000000000000 ) ) ;
#232 = ORIENTED_EDGE ( 'NONE', *, *, #7183, .F. ) ;
#233 = CARTESIAN_POINT ( 'NONE',  ( -0.7249999999999999778, 0.3500000000000000333, -2.024999999999999911 ) ) ;
#234 = VECTOR ( 'NONE', #2677, 1000.000000000000000 ) ;
#235 = ORIENTED_EDGE ( 'NONE', *, *, #5783, .F. ) ;
#236 = CARTESIAN_POINT ( 'NONE',  ( 3.235000000000000320, 1.649999999999999911, -1.025000000000000133 ) ) ;
#237 = DIRECTION ( 'NONE',  ( 0.0000000000000000000, 1.000000000000000000, 0.0000000000000000000 ) ) ;
#238 = LINE ( 'NONE', #3829, #5182 ) ;
#239 = ORIENTED_EDGE ( 'NONE', *, *, #6987, .F. ) ;
#240 = EDGE_CURVE ( 'NONE', #379, #56, #7152, .T. ) ;
#241 = ORIENTED_EDGE ( 'NONE', *, *, #30, .T. ) ;
#242 = VERTEX_POINT ( 'NONE', #416 ) ;
#243 = ORIENTED_EDGE ( 'NONE', *, *, #1757, .F. ) ;
#244 = ADVANCED_FACE ( 'NONE', ( #364 ), #6183, .F. ) ;
#245 = AXIS2_PLACEMENT_3D ( 'NONE', #5057, #2162, #4486 ) ;
#246 = FILL_AREA_STYLE_COLOUR ( '', #4258 ) ;
#247 = SURFACE_SIDE_STYLE ('',( #5759 ) ) ;
#248 = FACE_OUTER_BOUND ( 'NONE', #1820, .T. ) ;
#249 = ORIENTED_EDGE ( 'NONE', *, *, #3208, .F. ) ;
#250 =( NAMED_UNIT ( * ) PLANE_ANGLE_UNIT ( ) SI_UNIT ( $, .RADIAN. ) );
#251 = DIRECTION ( 'NONE',  ( 0.0000000000000000000, 4.003208021484939327E-15, -1.000000000000000000 ) ) ;
#252 = EDGE_CURVE ( 'NONE', #3388, #6168, #5113, .T. ) ;
#253 = CARTESIAN_POINT ( 'NONE',  ( -1.875000000000000000, 2.550000000000000266, -1.474999999999999867 ) ) ;
#254 = ORIENTED_EDGE ( 'NONE', *, *, #2706, .T. ) ;
#255 = CARTESIAN_POINT ( 'NONE',  ( 5.375000000000000000, 4.250000000000000000, 2.024999999999999911 ) ) ;
#256 = LINE ( 'NONE', #2868, #1156 ) ;
#257 = LINE ( 'NONE', #1977, #547 ) ;
#258 = CARTESIAN_POINT ( 'NONE',  ( -0.5250000000000000222, 1.795247431900000024, 2.024999999999999911 ) ) ;
#259 = EDGE_CURVE ( 'NONE', #6676, #1796, #5922, .T. ) ;
#260 =( NAMED_UNIT ( * ) SI_UNIT ( $, .STERADIAN. ) SOLID_ANGLE_UNIT ( ) );
#261 = CARTESIAN_POINT ( 'NONE',  ( -0.5250000000000000222, 1.850000000000000089, -1.025000000000000133 ) ) ;
#262 = CARTESIAN_POINT ( 'NONE',  ( 3.235000000000000320, 1.850000000000000089, -2.024999999999999911 ) ) ;
#263 = CARTESIAN_POINT ( 'NONE',  ( 3.325000000000000622, 1.649999999999999911, -1.698606797699999893 ) ) ;
#264 = ORIENTED_EDGE ( 'NONE', *, *, #2729, .F. ) ;
#265 = LINE ( 'NONE', #1261, #6394 ) ;
#266 = VECTOR ( 'NONE', #2549, 1000.000000000000000 ) ;
#267 = EDGE_CURVE ( 'NONE', #7326, #22, #458, .T. ) ;
#268 = ORIENTED_EDGE ( 'NONE', *, *, #7165, .F. ) ;
#269 = AXIS2_PLACEMENT_3D ( 'NONE', #2268, #6283, #4515 ) ;
#270 = LINE ( 'NONE', #4767, #1627 ) ;
#271 = VERTEX_POINT ( 'NONE', #236 ) ;
#272 = DIRECTION ( 'NONE',  ( -0.0000000000000000000, -0.0000000000000000000, 1.000000000000000000 ) ) ;
#273 = SURFACE_STYLE_USAGE ( .BOTH. , #7056 ) ;
#274 = CARTESIAN_POINT ( 'NONE',  ( -1.875000000000000000, 0.5000000000000000000, -1.474999999999999867 ) ) ;
#275 = LINE ( 'NONE', #2976, #6031 ) ;
#276 = EDGE_LOOP ( 'NONE', ( #6533, #7386, #5709, #1440 ) ) ;
#277 = CARTESIAN_POINT ( 'NONE',  ( 4.375000000000000000, 3.750000000000000000, -2.024999999999999911 ) ) ;
#278 = DIRECTION ( 'NONE',  ( 0.0000000000000000000, -0.0000000000000000000, -1.000000000000000000 ) ) ;
#279 =( NAMED_UNIT ( * ) SI_UNIT ( $, .STERADIAN. ) SOLID_ANGLE_UNIT ( ) );
#280 = LINE ( 'NONE', #3259, #4331 ) ;
#281 = PLANE ( 'NONE',  #509 ) ;
#282 = CARTESIAN_POINT ( 'NONE',  ( -2.500000000000000000, 4.240000000000000213, 2.024999999999999911 ) ) ;
#283 = ADVANCED_FACE ( 'NONE', ( #5552 ), #2420, .F. ) ;
#284 = LINE ( 'NONE', #7207, #3342 ) ;
#285 = ORIENTED_EDGE ( 'NONE', *, *, #2298, .F. ) ;
#286 = EDGE_CURVE ( 'NONE', #473, #921, #6982, .T. ) ;
#287 =( LENGTH_UNIT ( ) NAMED_UNIT ( * ) SI_UNIT ( .MILLI., .METRE. ) );
#288 = LINE ( 'NONE', #6609, #4884 ) ;
#289 = CARTESIAN_POINT ( 'NONE',  ( 0.5250000000000000222, 1.795247431900000024, 2.024999999999999911 ) ) ;
#290 = DIRECTION ( 'NONE',  ( 0.0000000000000000000, -1.000000000000000000, 0.0000000000000000000 ) ) ;
#291 = MECHANICAL_DESIGN_GEOMETRIC_PRESENTATION_REPRESENTATION (  '', ( #1169 ), #2341 ) ;
#292 = LINE ( 'NONE', #3898, #3181 ) ;
#293 = ORIENTED_EDGE ( 'NONE', *, *, #1718, .F. ) ;
#294 = DIRECTION ( 'NONE',  ( 0.0000000000000000000, 2.148487149506091871E-16, 1.000000000000000000 ) ) ;
#295 = FACE_OUTER_BOUND ( 'NONE', #7070, .T. ) ;
#296 = EDGE_CURVE ( 'NONE', #3531, #5308, #554, .T. ) ;
#297 = CARTESIAN_POINT ( 'NONE',  ( 0.07499999999999998335, 1.850000000000000089, -1.474999999999999867 ) ) ;
#298 = ORIENTED_EDGE ( 'NONE', *, *, #2688, .T. ) ;
#299 = CARTESIAN_POINT ( 'NONE',  ( -2.875000000000000000, 1.000000000000000000, -2.024999999999999911 ) ) ;
#300 = EDGE_LOOP ( 'NONE', ( #1303, #2543, #6042, #5812, #4369, #4958 ) ) ;
#301 = ORIENTED_EDGE ( 'NONE', *, *, #5197, .T. ) ;
#302 = CARTESIAN_POINT ( 'NONE',  ( 1.774999999999999911, 0.05000000000000002359, -1.524999999999999689 ) ) ;
#303 = FACE_OUTER_BOUND ( 'NONE', #5143, .T. ) ;
#304 = CARTESIAN_POINT ( 'NONE',  ( 1.774999999999999911, 0.3499999999999999778, -2.075000000000000178 ) ) ;
#305 = ORIENTED_EDGE ( 'NONE', *, *, #4092, .T. ) ;
#307 = VECTOR ( 'NONE', #7291, 1000.000000000000000 ) ;
#306 = MECHANICAL_DESIGN_GEOMETRIC_PRESENTATION_REPRESENTATION (  '', ( #7333 ), #4296 ) ;
#308 = VECTOR ( 'NONE', #763, 1000.000000000000000 ) ;
#309 = PLANE ( 'NONE',  #310 ) ;
#310 = AXIS2_PLACEMENT_3D ( 'NONE', #882, #3078, #7061 ) ;
#311 = CARTESIAN_POINT ( 'NONE',  ( 4.775000000000000355, 4.240000000000000213, -1.925000000000000711 ) ) ;
#312 = VERTEX_POINT ( 'NONE', #5627 ) ;
#313 = VERTEX_POINT ( 'NONE', #5651 ) ;
#314 = EDGE_LOOP ( 'NONE', ( #3602, #6562, #376, #2397 ) ) ;
#315 = CARTESIAN_POINT ( 'NONE',  ( 0.5250000000000000222, 1.649999999999999911, 2.024999999999999911 ) ) ;
#316 = FACE_OUTER_BOUND ( 'NONE', #1669, .T. ) ;
#317 = CARTESIAN_POINT ( 'NONE',  ( 3.225000000000000533, 0.05000000000000002359, -1.524999999999999689 ) ) ;
#318 = ORIENTED_EDGE ( 'NONE', *, *, #3486, .T. ) ;
#319 = COLOUR_RGB ( '',0.6470588235294117974, 0.6196078431372549211, 0.5882352941176470784 ) ;
#320 = DIRECTION ( 'NONE',  ( 0.0000000000000000000, 3.252606517456512119E-15, -1.000000000000000000 ) ) ;
#321 = PLANE ( 'NONE',  #3630 ) ;
#322 = ORIENTED_EDGE ( 'NONE', *, *, #30, .F. ) ;
#323 = ORIENTED_EDGE ( 'NONE', *, *, #3066, .T. ) ;
#324 =( GEOMETRIC_REPRESENTATION_CONTEXT ( 3 ) GLOBAL_UNCERTAINTY_ASSIGNED_CONTEXT ( ( #7248 ) ) GLOBAL_UNIT_ASSIGNED_CONTEXT ( ( #2108, #2138, #4458 ) ) REPRESENTATION_CONTEXT ( 'NONE', 'WORKASPACE' ) );
#325 = LINE ( 'NONE', #1638, #4550 ) ;
#326 = ORIENTED_EDGE ( 'NONE', *, *, #3540, .T. ) ;
#327 = DIRECTION ( 'NONE',  ( 0.0000000000000000000, 1.000000000000000000, 0.0000000000000000000 ) ) ;
#328 = LINE ( 'NONE', #5255, #218 ) ;
#329 = FACE_OUTER_BOUND ( 'NONE', #4386, .T. ) ;
#330 = EDGE_CURVE ( 'NONE', #1009, #7174, #7233, .T. ) ;
#331 = ORIENTED_EDGE ( 'NONE', *, *, #6194, .F. ) ;
#332 = ORIENTED_EDGE ( 'NONE', *, *, #3578, .T. ) ;
#333 = ADVANCED_FACE ( 'NONE', ( #1076 ), #5737, .F. ) ;
#334 = DIRECTION ( 'NONE',  ( -0.0000000000000000000, 1.000000000000000000, 0.0000000000000000000 ) ) ;
#335 = CARTESIAN_POINT ( 'NONE',  ( 0.7250000000000000888, 1.000000000000000000, 0.0000000000000000000 ) ) ;
#336 = EDGE_LOOP ( 'NONE', ( #4934, #4875, #3438, #2589 ) ) ;
#337 = DIRECTION ( 'NONE',  ( -0.0000000000000000000, 0.0000000000000000000, 1.000000000000000000 ) ) ;
#338 = CARTESIAN_POINT ( 'NONE',  ( -1.175000000000000044, 2.550000000000000266, 2.024999999999999911 ) ) ;
#339 = ORIENTED_EDGE ( 'NONE', *, *, #5278, .F. ) ;
#340 = CARTESIAN_POINT ( 'NONE',  ( 3.235000000000000320, 1.649999999999999911, -1.698606797699999893 ) ) ;
#341 = LINE ( 'NONE', #277, #2865 ) ;
#342 = ORIENTED_EDGE ( 'NONE', *, *, #3765, .T. ) ;
#343 = CARTESIAN_POINT ( 'NONE',  ( 0.7250000000000000888, 0.3500000000000000333, -2.024999999999999911 ) ) ;
#344 = CARTESIAN_POINT ( 'NONE',  ( 2.875000000000000444, 2.750000000000000000, -0.4749999999999999778 ) ) ;
#345 =( NAMED_UNIT ( * ) PLANE_ANGLE_UNIT ( ) SI_UNIT ( $, .RADIAN. ) );
#346 = CARTESIAN_POINT ( 'NONE',  ( 5.000000000000000888, 4.250000000000000000, -0.07499999999999998335 ) ) ;
#347 = ORIENTED_EDGE ( 'NONE', *, *, #3422, .F. ) ;
#348 = AXIS2_PLACEMENT_3D ( 'NONE', #5579, #5638, #6660 ) ;
#349 = VECTOR ( 'NONE', #6246, 1000.000000000000000 ) ;
#350 = ORIENTED_EDGE ( 'NONE', *, *, #2052, .T. ) ;
#351 = DIRECTION ( 'NONE',  ( 0.0000000000000000000, 0.0000000000000000000, -1.000000000000000000 ) ) ;
#352 = CARTESIAN_POINT ( 'NONE',  ( -2.875000000000000000, 4.250000000000000000, 2.024999999999999911 ) ) ;
#353 = DIRECTION ( 'NONE',  ( -0.0000000000000000000, -0.0000000000000000000, 1.000000000000000000 ) ) ;
#354 = ORIENTED_EDGE ( 'NONE', *, *, #5801, .T. ) ;
#355 = EDGE_CURVE ( 'NONE', #1383, #379, #2076, .T. ) ;
#356 = VECTOR ( 'NONE', #1208, 1000.000000000000000 ) ;
#357 = FACE_OUTER_BOUND ( 'NONE', #300, .T. ) ;
#358 = DIRECTION ( 'NONE',  ( 1.000000000000000000, 0.0000000000000000000, 0.0000000000000000000 ) ) ;
#359 = DIRECTION ( 'NONE',  ( 0.0000000000000000000, -4.003208021484939327E-15, 1.000000000000000000 ) ) ;
#360 = ORIENTED_EDGE ( 'NONE', *, *, #5538, .T. ) ;
#361 = CARTESIAN_POINT ( 'NONE',  ( 4.375000000000000000, 2.550000000000000266, -1.474999999999999867 ) ) ;
#362 = VECTOR ( 'NONE', #6213, 1000.000000000000000 ) ;
#363 = FILL_AREA_STYLE ('',( #7101 ) ) ;
#364 = FACE_OUTER_BOUND ( 'NONE', #656, .T. ) ;
#365 = ORIENTED_EDGE ( 'NONE', *, *, #2783, .T. ) ;
#366 = EDGE_CURVE ( 'NONE', #3722, #2871, #1716, .T. ) ;
#367 = CARTESIAN_POINT ( 'NONE',  ( 1.975000000000000089, 0.5000000000000000000, 0.0000000000000000000 ) ) ;
#368 =( NAMED_UNIT ( * ) SI_UNIT ( $, .STERADIAN. ) SOLID_ANGLE_UNIT ( ) );
#369 = EDGE_CURVE ( 'NONE', #6112, #6810, #4770, .T. ) ;
#370 = LINE ( 'NONE', #6992, #4590 ) ;
#371 = ORIENTED_EDGE ( 'NONE', *, *, #1910, .F. ) ;
#372 = ADVANCED_FACE ( 'NONE', ( #4401 ), #2309, .T. ) ;
#373 = LINE ( 'NONE', #2621, #5934 ) ;
#374 = ORIENTED_EDGE ( 'NONE', *, *, #3215, .T. ) ;
#375 = LINE ( 'NONE', #5954, #4507 ) ;
#376 = ORIENTED_EDGE ( 'NONE', *, *, #5346, .T. ) ;
#377 = CARTESIAN_POINT ( 'NONE',  ( 0.7249999999999999778, 0.0000000000000000000, 2.024999999999999911 ) ) ;
#378 = ORIENTED_EDGE ( 'NONE', *, *, #1858, .F. ) ;
#379 = VERTEX_POINT ( 'NONE', #3965 ) ;
#380 = AXIS2_PLACEMENT_3D ( 'NONE', #2370, #2903, #5175 ) ;
#381 = LINE ( 'NONE', #1253, #2541 ) ;
#382 = ORIENTED_EDGE ( 'NONE', *, *, #6138, .F. ) ;
#383 = DIRECTION ( 'NONE',  ( 0.0000000000000000000, 0.0000000000000000000, 1.000000000000000000 ) ) ;
#384 = DIRECTION ( 'NONE',  ( 0.0000000000000000000, 0.0000000000000000000, 1.000000000000000000 ) ) ;
#385 = CARTESIAN_POINT ( 'NONE',  ( 0.5250000000000000222, 1.850000000000000089, 0.0000000000000000000 ) ) ;
#386 = VECTOR ( 'NONE', #810, 1000.000000000000000 ) ;
#387 = CARTESIAN_POINT ( 'NONE',  ( 1.975000000000000089, 1.795247431900000024, 2.024999999999999911 ) ) ;
#388 = FACE_OUTER_BOUND ( 'NONE', #5198, .T. ) ;
#389 = ORIENTED_EDGE ( 'NONE', *, *, #1433, .T. ) ;
#390 = CARTESIAN_POINT ( 'NONE',  ( 0.7250000000000000888, 1.350000000000000089, 1.525000000000000133 ) ) ;
#391 = AXIS2_PLACEMENT_3D ( 'NONE', #3837, #6693, #3272 ) ;
#392 = CARTESIAN_POINT ( 'NONE',  ( 3.225000000000000533, -0.6500000000000000222, -1.775000000000000133 ) ) ;
#393 = UNCERTAINTY_MEASURE_WITH_UNIT (LENGTH_MEASURE( 1.000000000000000082E-05 ), #2320, 'distance_accuracy_value', 'NONE');
#394 = CARTESIAN_POINT ( 'NONE',  ( -0.3750000000000000000, 2.750000000000000000, -0.4749999999999999778 ) ) ;
#395 = ORIENTED_EDGE ( 'NONE', *, *, #2409, .F. ) ;
#396 = SURFACE_STYLE_USAGE ( .BOTH. , #5571 ) ;
#397 = LINE ( 'NONE', #6694, #1470 ) ;
#398 = CARTESIAN_POINT ( 'NONE',  ( -0.5250000000000000222, 1.850000000000000089, -1.025000000000000133 ) ) ;
#399 = VERTEX_POINT ( 'NONE', #3346 ) ;
#400 = ORIENTED_EDGE ( 'NONE', *, *, #6887, .T. ) ;
#401 = EDGE_CURVE ( 'NONE', #816, #1678, #2790, .T. ) ;
#402 = DIRECTION ( 'NONE',  ( 0.0000000000000000000, 1.000000000000000000, 0.0000000000000000000 ) ) ;
#403 = LINE ( 'NONE', #3815, #122 ) ;
#404 = LINE ( 'NONE', #1839, #27 ) ;
#405 = LINE ( 'NONE', #5964, #5789 ) ;
#406 = DIRECTION ( 'NONE',  ( 0.0000000000000000000, -1.000000000000000000, 0.0000000000000000000 ) ) ;
#407 = ORIENTED_EDGE ( 'NONE', *, *, #793, .F. ) ;
#408 = ORIENTED_EDGE ( 'NONE', *, *, #7153, .F. ) ;
#409 = SURFACE_STYLE_FILL_AREA ( #2609 ) ;
#410 = ADVANCED_FACE ( 'NONE', ( #5839 ), #6795, .F. ) ;
#411 = LINE ( 'NONE', #1410, #1931 ) ;
#412 = SURFACE_STYLE_USAGE ( .BOTH. , #4516 ) ;
#413 = LINE ( 'NONE', #2980, #3717 ) ;
#414 = EDGE_CURVE ( 'NONE', #921, #2118, #6387, .T. ) ;
#415 = DIRECTION ( 'NONE',  ( 0.0000000000000000000, 0.0000000000000000000, -1.000000000000000000 ) ) ;
#416 = CARTESIAN_POINT ( 'NONE',  ( 1.775000000000000133, 1.850000000000000089, 2.024999999999999911 ) ) ;
#417 = SURFACE_SIDE_STYLE ('',( #3744 ) ) ;
#418 = ORIENTED_EDGE ( 'NONE', *, *, #4973, .T. ) ;
#419 = EDGE_CURVE ( 'NONE', #4, #3817, #6463, .T. ) ;
#420 = LINE ( 'NONE', #831, #4820 ) ;
#421 = VERTEX_POINT ( 'NONE', #5863 ) ;
#422 = LINE ( 'NONE', #3519, #4733 ) ;
#423 = DIRECTION ( 'NONE',  ( 0.0000000000000000000, 0.0000000000000000000, -1.000000000000000000 ) ) ;
#424 = CARTESIAN_POINT ( 'NONE',  ( -2.475000000000000089, 2.224999999999998757, -2.025000000000007905 ) ) ;
#425 = ORIENTED_EDGE ( 'NONE', *, *, #1574, .F. ) ;
#426 = ORIENTED_EDGE ( 'NONE', *, *, #3102, .T. ) ;
#427 = LINE ( 'NONE', #5091, #6075 ) ;
#428 = ORIENTED_EDGE ( 'NONE', *, *, #1461, .T. ) ;
#429 = CARTESIAN_POINT ( 'NONE',  ( 3.875000000000000444, 3.750000000000000000, 2.024999999999999911 ) ) ;
#430 = AXIS2_PLACEMENT_3D ( 'NONE', #4871, #3163, #1396 ) ;
#431 = ORIENTED_EDGE ( 'NONE', *, *, #7171, .T. ) ;
#432 = CARTESIAN_POINT ( 'NONE',  ( -0.8750000000000000000, 3.750000000000000000, 2.024999999999999911 ) ) ;
#433 = EDGE_CURVE ( 'NONE', #1081, #5251, #2965, .T. ) ;
#434 = VECTOR ( 'NONE', #1068, 1000.000000000000000 ) ;
#435 = VERTEX_POINT ( 'NONE', #119 ) ;
#436 = CARTESIAN_POINT ( 'NONE',  ( 0.7250000000000000888, 1.850000000000000089, 2.024999999999999911 ) ) ;
#437 = DIRECTION ( 'NONE',  ( 0.0000000000000000000, -1.000000000000000000, 0.0000000000000000000 ) ) ;
#438 = CARTESIAN_POINT ( 'NONE',  ( 3.375000000000000444, 4.153701442700000079, -1.791922863399999954 ) ) ;
#439 = LINE ( 'NONE', #4643, #6884 ) ;
#440 = ORIENTED_EDGE ( 'NONE', *, *, #3674, .T. ) ;
#441 = CARTESIAN_POINT ( 'NONE',  ( 1.975000000000000089, 1.850000000000000089, -1.698606797699999893 ) ) ;
#442 = CARTESIAN_POINT ( 'NONE',  ( 0.7250000000000000888, 1.649999999999999911, 2.024999999999999911 ) ) ;
#443 = ORIENTED_EDGE ( 'NONE', *, *, #2729, .T. ) ;
#444 = DIRECTION ( 'NONE',  ( 1.000000000000000000, 0.0000000000000000000, 0.0000000000000000000 ) ) ;
#445 = DIRECTION ( 'NONE',  ( 1.000000000000000000, 0.0000000000000000000, 0.0000000000000000000 ) ) ;
#446 = DIRECTION ( 'NONE',  ( 1.000000000000000000, 0.0000000000000000000, 0.0000000000000000000 ) ) ;
#447 = SURFACE_STYLE_FILL_AREA ( #6903 ) ;
#448 = ORIENTED_EDGE ( 'NONE', *, *, #7054, .T. ) ;
#449 = EDGE_CURVE ( 'NONE', #3289, #2006, #2069, .T. ) ;
#450 = DIRECTION ( 'NONE',  ( -0.0000000000000000000, 1.000000000000000000, 0.0000000000000000000 ) ) ;
#451 = CARTESIAN_POINT ( 'NONE',  ( -2.274999999999999911, 3.600000000000000977, -1.425000000000000044 ) ) ;
#452 = ADVANCED_FACE ( 'NONE', ( #5918 ), #3567, .T. ) ;
#453 = DIRECTION ( 'NONE',  ( 0.0000000000000000000, -1.000000000000000000, 0.0000000000000000000 ) ) ;
#454 = ORIENTED_EDGE ( 'NONE', *, *, #4259, .T. ) ;
#455 = AXIS2_PLACEMENT_3D ( 'NONE', #4302, #3237, #1556 ) ;
#456 = CARTESIAN_POINT ( 'NONE',  ( 0.5249999999999999112, -0.6500000000000000222, -1.775000000000000133 ) ) ;
#457 = PRESENTATION_STYLE_ASSIGNMENT (( #4680 ) ) ;
#458 = LINE ( 'NONE', #2718, #1166 ) ;
#459 = VERTEX_POINT ( 'NONE', #2507 ) ;
#460 = DIRECTION ( 'NONE',  ( 0.0000000000000000000, -2.997602166487923448E-15, 1.000000000000000000 ) ) ;
#461 = CARTESIAN_POINT ( 'NONE',  ( 0.7249999999999998668, -0.6500000000000000222, -1.775000000000000133 ) ) ;
#462 = EDGE_CURVE ( 'NONE', #522, #7119, #1528, .T. ) ;
#463 = ORIENTED_EDGE ( 'NONE', *, *, #7087, .T. ) ;
#464 = VECTOR ( 'NONE', #1271, 1000.000000000000000 ) ;
#465 = ORIENTED_EDGE ( 'NONE', *, *, #1427, .T. ) ;
#466 = CARTESIAN_POINT ( 'NONE',  ( -2.875000000000000000, 1.950000000000002176, 1.375000000000006883 ) ) ;
#467 = SURFACE_STYLE_FILL_AREA ( #4319 ) ;
#468 =( GEOMETRIC_REPRESENTATION_CONTEXT ( 3 ) GLOBAL_UNCERTAINTY_ASSIGNED_CONTEXT ( ( #5171 ) ) GLOBAL_UNIT_ASSIGNED_CONTEXT ( ( #4614, #5184, #2344 ) ) REPRESENTATION_CONTEXT ( 'NONE', 'WORKASPACE' ) );
#469 = ORIENTED_EDGE ( 'NONE', *, *, #5796, .T. ) ;
#470 = CARTESIAN_POINT ( 'NONE',  ( -1.175000000000000044, 1.850000000000000089, -1.474999999999999867 ) ) ;
#471 = VECTOR ( 'NONE', #5472, 1000.000000000000000 ) ;
#472 = ORIENTED_EDGE ( 'NONE', *, *, #4876, .T. ) ;
#473 = VERTEX_POINT ( 'NONE', #7198 ) ;
#474 = SURFACE_STYLE_FILL_AREA ( #5761 ) ;
#475 = EDGE_CURVE ( 'NONE', #2531, #3526, #7147, .T. ) ;
#476 = CARTESIAN_POINT ( 'NONE',  ( -2.274999999999999911, 8.673617379884035472E-15, -0.2250000000000008105 ) ) ;
#477 = CARTESIAN_POINT ( 'NONE',  ( -0.8750000000000000000, 3.750000000000000000, -2.024999999999999911 ) ) ;
#478 = DIRECTION ( 'NONE',  ( 0.0000000000000000000, 0.0000000000000000000, -1.000000000000000000 ) ) ;
#479 = FACE_OUTER_BOUND ( 'NONE', #4420, .T. ) ;
#480 = ORIENTED_EDGE ( 'NONE', *, *, #4008, .F. ) ;
#481 = DIRECTION ( 'NONE',  ( 0.0000000000000000000, 0.0000000000000000000, -1.000000000000000000 ) ) ;
#482 = EDGE_LOOP ( 'NONE', ( #7125, #264, #4772, #318 ) ) ;
#483 = PLANE ( 'NONE',  #2638 ) ;
#484 = EDGE_CURVE ( 'NONE', #1514, #6055, #257, .T. ) ;
#485 = CARTESIAN_POINT ( 'NONE',  ( 4.975000000000000533, 3.599999999999999201, -0.07500000000000128786 ) ) ;
#486 = VERTEX_POINT ( 'NONE', #3769 ) ;
#487 = PRESENTATION_LAYER_ASSIGNMENT (  '', '', ( #6258 ) ) ;
#488 = FACE_OUTER_BOUND ( 'NONE', #5736, .T. ) ;
#489 = ADVANCED_FACE ( 'NONE', ( #357 ), #3233, .T. ) ;
#490 = CARTESIAN_POINT ( 'NONE',  ( 0.7349999999999999867, 1.000000000000000000, -1.025000000000000133 ) ) ;
#491 = VERTEX_POINT ( 'NONE', #304 ) ;
#492 = ORIENTED_EDGE ( 'NONE', *, *, #1161, .T. ) ;
#493 = LINE ( 'NONE', #867, #1106 ) ;
#494 = DIRECTION ( 'NONE',  ( -0.0000000000000000000, 1.000000000000000000, 0.0000000000000000000 ) ) ;
#495 = PLANE ( 'NONE',  #4470 ) ;
#496 = ORIENTED_EDGE ( 'NONE', *, *, #3481, .T. ) ;
#497 = CARTESIAN_POINT ( 'NONE',  ( -1.175000000000000044, 1.850000000000000089, -1.474999999999999867 ) ) ;
#498 = FACE_OUTER_BOUND ( 'NONE', #7390, .T. ) ;
#499 = VECTOR ( 'NONE', #2245, 1000.000000000000000 ) ;
#500 =( LENGTH_UNIT ( ) NAMED_UNIT ( * ) SI_UNIT ( .MILLI., .METRE. ) );
#501 = PRESENTATION_STYLE_ASSIGNMENT (( #4813 ) ) ;
#502 = EDGE_CURVE ( 'NONE', #1521, #2771, #7314, .T. ) ;
#503 = ORIENTED_EDGE ( 'NONE', *, *, #6834, .T. ) ;
#504 = ORIENTED_EDGE ( 'NONE', *, *, #5643, .F. ) ;
#505 = DIRECTION ( 'NONE',  ( 0.0000000000000000000, 1.000000000000000000, 0.0000000000000000000 ) ) ;
#506 = LINE ( 'NONE', #4637, #1672 ) ;
#507 = DIRECTION ( 'NONE',  ( 0.0000000000000000000, -1.084202172485501673E-15, -1.000000000000000000 ) ) ;
#508 = VECTOR ( 'NONE', #6171, 1000.000000000000000 ) ;
#509 = AXIS2_PLACEMENT_3D ( 'NONE', #989, #4043, #5056 ) ;
#510 = VECTOR ( 'NONE', #1045, 1000.000000000000000 ) ;
#511 = VERTEX_POINT ( 'NONE', #4324 ) ;
#512 = VERTEX_POINT ( 'NONE', #6578 ) ;
#513 = CARTESIAN_POINT ( 'NONE',  ( -0.5250000000000000222, 0.0000000000000000000, 2.024999999999999911 ) ) ;
#514 = LINE ( 'NONE', #4994, #5425 ) ;
#515 = EDGE_CURVE ( 'NONE', #5924, #4381, #1246, .T. ) ;
#516 = VECTOR ( 'NONE', #6015, 1000.000000000000000 ) ;
#517 = FACE_OUTER_BOUND ( 'NONE', #559, .T. ) ;
#518 = VERTEX_POINT ( 'NONE', #338 ) ;
#519 = EDGE_CURVE ( 'NONE', #147, #59, #4579, .T. ) ;
#520 = ORIENTED_EDGE ( 'NONE', *, *, #2875, .T. ) ;
#521 = VECTOR ( 'NONE', #3897, 1000.000000000000000 ) ;
#522 = VERTEX_POINT ( 'NONE', #5485 ) ;
#523 = DIRECTION ( 'NONE',  ( 1.000000000000000000, 0.0000000000000000000, 0.0000000000000000000 ) ) ;
#524 = CARTESIAN_POINT ( 'NONE',  ( 0.5250000000000000222, -0.004464445899999999919, 0.003975566199999999890 ) ) ;
#525 = DIRECTION ( 'NONE',  ( 0.0000000000000000000, -1.000000000000000000, 0.0000000000000000000 ) ) ;
#526 = CARTESIAN_POINT ( 'NONE',  ( -1.375000000000000000, 3.750000000000000000, 2.024999999999999911 ) ) ;
#527 = ADVANCED_FACE ( 'NONE', ( #6289 ), #2625, .T. ) ;
#528 = DIRECTION ( 'NONE',  ( 0.0000000000000000000, -0.0000000000000000000, 1.000000000000000000 ) ) ;
#529 = CLOSED_SHELL ( 'NONE', ( #1192, #6130, #4239, #3855, #1582, #5797, #5760, #3239, #3670, #130, #2633, #3525, #966, #3708, #13, #1046, #2973, #5725 ) ) ;
#530 = DIRECTION ( 'NONE',  ( 0.0000000000000000000, 1.084202172485501673E-15, 1.000000000000000000 ) ) ;
#531 = FACE_OUTER_BOUND ( 'NONE', #3367, .T. ) ;
#532 = ORIENTED_EDGE ( 'NONE', *, *, #3847, .T. ) ;
#533 = CARTESIAN_POINT ( 'NONE',  ( -1.875000000000000000, 2.550000000000000266, -1.474999999999999867 ) ) ;
#534 = AXIS2_PLACEMENT_3D ( 'NONE', #4231, #4826, #7088 ) ;
#535 = CARTESIAN_POINT ( 'NONE',  ( 4.525000000000000355, 4.240000000000000213, -1.925000000000000933 ) ) ;
#536 =( GEOMETRIC_REPRESENTATION_CONTEXT ( 3 ) GLOBAL_UNCERTAINTY_ASSIGNED_CONTEXT ( ( #3059 ) ) GLOBAL_UNIT_ASSIGNED_CONTEXT ( ( #3127, #4270, #825 ) ) REPRESENTATION_CONTEXT ( 'NONE', 'WORKASPACE' ) );
#537 = EDGE_LOOP ( 'NONE', ( #4492, #82, #5999, #52, #5958, #667 ) ) ;
#538 = DIRECTION ( 'NONE',  ( 1.000000000000000000, 0.0000000000000000000, 0.0000000000000000000 ) ) ;
#539 = CARTESIAN_POINT ( 'NONE',  ( 1.984999999999999876, 1.850000000000000089, -1.025000000000000133 ) ) ;
#540 = LINE ( 'NONE', #5199, #2422 ) ;
#541 = ORIENTED_EDGE ( 'NONE', *, *, #1350, .T. ) ;
#542 = ORIENTED_EDGE ( 'NONE', *, *, #5894, .T. ) ;
#543 = UNCERTAINTY_MEASURE_WITH_UNIT (LENGTH_MEASURE( 1.000000000000000082E-05 ), #1211, 'distance_accuracy_value', 'NONE');
#544 = PRESENTATION_LAYER_ASSIGNMENT (  '', '', ( #4382 ) ) ;
#545 = VECTOR ( 'NONE', #6753, 1000.000000000000000 ) ;
#546 = CARTESIAN_POINT ( 'NONE',  ( 1.765000000000000124, 1.000000000000000000, -1.025000000000000133 ) ) ;
#547 = VECTOR ( 'NONE', #3149, 1000.000000000000000 ) ;
#548 = CARTESIAN_POINT ( 'NONE',  ( 0.7349999999999999867, 1.649999999999999911, -1.474999999999999867 ) ) ;
#549 =( LENGTH_UNIT ( ) NAMED_UNIT ( * ) SI_UNIT ( .MILLI., .METRE. ) );
#550 = EDGE_CURVE ( 'NONE', #4558, #56, #3049, .T. ) ;
#551 = DIRECTION ( 'NONE',  ( -0.0000000000000000000, 1.000000000000000000, 0.0000000000000000000 ) ) ;
#552 = FACE_OUTER_BOUND ( 'NONE', #4985, .T. ) ;
#553 = DIRECTION ( 'NONE',  ( 1.000000000000000000, 0.0000000000000000000, 0.0000000000000000000 ) ) ;
#554 = LINE ( 'NONE', #6391, #6468 ) ;
#555 = COLOUR_RGB ( '',1.000000000000000000, 0.8039215686274510109, 0.4980392156862745168 ) ;
#556 = FILL_AREA_STYLE ('',( #3928 ) ) ;
#557 = AXIS2_PLACEMENT_3D ( 'NONE', #5048, #2223, #2819 ) ;
#558 = ORIENTED_EDGE ( 'NONE', *, *, #4890, .T. ) ;
#559 = EDGE_LOOP ( 'NONE', ( #5798, #6376, #6408, #1051 ) ) ;
#560 = CARTESIAN_POINT ( 'NONE',  ( 1.975000000000000089, 0.0000000000000000000, 2.024999999999999911 ) ) ;
#561 = FACE_BOUND ( 'NONE', #2587, .T. ) ;
#562 = ORIENTED_EDGE ( 'NONE', *, *, #6525, .T. ) ;
#563 = CARTESIAN_POINT ( 'NONE',  ( 0.7250000000000000888, 0.05000000000000002359, -1.775000000000000133 ) ) ;
#564 = ORIENTED_EDGE ( 'NONE', *, *, #2232, .T. ) ;
#565 = DIRECTION ( 'NONE',  ( 1.000000000000000000, 0.0000000000000000000, 0.0000000000000000000 ) ) ;
#566 = EDGE_CURVE ( 'NONE', #6477, #6810, #3937, .T. ) ;
#567 = FACE_OUTER_BOUND ( 'NONE', #3229, .T. ) ;
#568 = CARTESIAN_POINT ( 'NONE',  ( -0.5150000000000000133, 1.850000000000000089, -1.025000000000000133 ) ) ;
#569 = ADVANCED_FACE ( 'NONE', ( #2431 ), #3889, .F. ) ;
#570 = AXIS2_PLACEMENT_3D ( 'NONE', #3035, #2509, #6517 ) ;
#571 = EDGE_LOOP ( 'NONE', ( #3753, #2460, #4519, #4000 ) ) ;
#572 = DIRECTION ( 'NONE',  ( -0.0000000000000000000, 1.000000000000000000, 0.0000000000000000000 ) ) ;
#573 = ORIENTED_EDGE ( 'NONE', *, *, #1879, .F. ) ;
#574 = VERTEX_POINT ( 'NONE', #957 ) ;
#575 = VECTOR ( 'NONE', #7344, 1000.000000000000000 ) ;
#576 = CARTESIAN_POINT ( 'NONE',  ( -0.7249999999999999778, 0.0000000000000000000, 2.024999999999999911 ) ) ;
#577 = LINE ( 'NONE', #2858, #5298 ) ;
#578 = EDGE_LOOP ( 'NONE', ( #2425, #5622, #2944, #1701 ) ) ;
#579 = DIRECTION ( 'NONE',  ( -0.0000000000000000000, 1.000000000000000000, -0.0000000000000000000 ) ) ;
#580 = CARTESIAN_POINT ( 'NONE',  ( 3.375000000000000444, 2.250000000000000000, -2.024999999999999911 ) ) ;
#581 = FILL_AREA_STYLE ('',( #2881 ) ) ;
#582 = DIRECTION ( 'NONE',  ( -0.0000000000000000000, 0.7468134723257140450, 0.6650335612228979176 ) ) ;
#583 = SURFACE_SIDE_STYLE ('',( #1831 ) ) ;
#584 = VECTOR ( 'NONE', #6999, 1000.000000000000000 ) ;
#585 = PLANE ( 'NONE',  #4510 ) ;
#586 = DIRECTION ( 'NONE',  ( 0.0000000000000000000, 0.0000000000000000000, 1.000000000000000000 ) ) ;
#587 = ORIENTED_EDGE ( 'NONE', *, *, #6798, .F. ) ;
#588 = SURFACE_SIDE_STYLE ('',( #5361 ) ) ;
#589 = LINE ( 'NONE', #2854, #1367 ) ;
#590 = CARTESIAN_POINT ( 'NONE',  ( 4.775000000000000355, 1.980741759643274369, -1.925000000000000711 ) ) ;
#591 = ORIENTED_EDGE ( 'NONE', *, *, #757, .F. ) ;
#592 = VERTEX_POINT ( 'NONE', #3253 ) ;
#593 = PLANE ( 'NONE',  #6473 ) ;
#594 = AXIS2_PLACEMENT_3D ( 'NONE', #1954, #6466, #3036 ) ;
#595 = LINE ( 'NONE', #7262, #1673 ) ;
#596 = VECTOR ( 'NONE', #2747, 1000.000000000000000 ) ;
#597 = VECTOR ( 'NONE', #4271, 1000.000000000000000 ) ;
#598 = DIRECTION ( 'NONE',  ( -0.0000000000000000000, 1.000000000000000000, 0.0000000000000000000 ) ) ;
#599 = VERTEX_POINT ( 'NONE', #6187 ) ;
#600 = VECTOR ( 'NONE', #7399, 1000.000000000000000 ) ;
#601 = LINE ( 'NONE', #4119, #3902 ) ;
#602 = STYLED_ITEM ( 'NONE', ( #5410 ), #1916 ) ;
#603 = DIRECTION ( 'NONE',  ( 1.000000000000000000, 0.0000000000000000000, -0.0000000000000000000 ) ) ;
#604 = DIRECTION ( 'NONE',  ( -1.000000000000000000, 0.0000000000000000000, 0.0000000000000000000 ) ) ;
#605 = CARTESIAN_POINT ( 'NONE',  ( 4.775000000000000355, 8.673617379884035472E-15, -0.2250000000000008105 ) ) ;
#606 = ORIENTED_EDGE ( 'NONE', *, *, #3194, .T. ) ;
#607 = SURFACE_STYLE_USAGE ( .BOTH. , #583 ) ;
#608 = VERTEX_POINT ( 'NONE', #3919 ) ;
#609 = ADVANCED_FACE ( 'NONE', ( #1430 ), #2674, .F. ) ;
#610 = CARTESIAN_POINT ( 'NONE',  ( -0.5250000000000000222, 0.3499999999999999778, -2.075000000000000178 ) ) ;
#611 = VECTOR ( 'NONE', #1903, 1000.000000000000000 ) ;
#612 = ORIENTED_EDGE ( 'NONE', *, *, #7401, .T. ) ;
#613 = VECTOR ( 'NONE', #2809, 1000.000000000000000 ) ;
#614 = EDGE_CURVE ( 'NONE', #2798, #4497, #885, .T. ) ;
#615 = CARTESIAN_POINT ( 'NONE',  ( 3.675000000000000266, 2.550000000000000266, -1.474999999999999867 ) ) ;
#616 = FILL_AREA_STYLE ('',( #3947 ) ) ;
#617 = ORIENTED_EDGE ( 'NONE', *, *, #2098, .T. ) ;
#618 = CARTESIAN_POINT ( 'NONE',  ( 5.375000000000000000, 3.600000000000000977, -0.07499999999999998335 ) ) ;
#619 = LINE ( 'NONE', #7144, #6439 ) ;
#620 = ADVANCED_FACE ( 'NONE', ( #2608 ), #979, .T. ) ;
#621 = CARTESIAN_POINT ( 'NONE',  ( 3.235000000000000320, 1.000000000000000000, -1.025000000000000133 ) ) ;
#622 = ORIENTED_EDGE ( 'NONE', *, *, #2409, .T. ) ;
#623 = EDGE_CURVE ( 'NONE', #1043, #6367, #5276, .T. ) ;
#624 = CARTESIAN_POINT ( 'NONE',  ( 4.956138830084189095, 2.750000000000000000, -0.4749999999999999778 ) ) ;
#625 = LINE ( 'NONE', #5702, #6090 ) ;
#626 = ORIENTED_EDGE ( 'NONE', *, *, #1538, .T. ) ;
#627 = EDGE_CURVE ( 'NONE', #5214, #1370, #1332, .T. ) ;
#628 = CARTESIAN_POINT ( 'NONE',  ( -0.5250000000000000222, 0.5547525681000000652, 2.024999999999999911 ) ) ;
#629 = CARTESIAN_POINT ( 'NONE',  ( 3.024999999999999911, 1.350000000000000089, 1.525000000000000133 ) ) ;
#630 = FACE_OUTER_BOUND ( 'NONE', #3284, .T. ) ;
#631 = ORIENTED_EDGE ( 'NONE', *, *, #3930, .T. ) ;
#632 = DIRECTION ( 'NONE',  ( 0.0000000000000000000, -3.854941057726236322E-15, 1.000000000000000000 ) ) ;
#633 = CARTESIAN_POINT ( 'NONE',  ( 3.024999999999999911, 1.649999999999999911, 2.024999999999999911 ) ) ;
#634 = EDGE_CURVE ( 'NONE', #4412, #4009, #4559, .T. ) ;
#635 = EDGE_LOOP ( 'NONE', ( #6282, #6411, #622, #1974, #2322, #1793, #5444 ) ) ;
#636 = COLOUR_RGB ( '',0.6470588235294117974, 0.6196078431372549211, 0.5882352941176470784 ) ;
#637 = ORIENTED_EDGE ( 'NONE', *, *, #2822, .F. ) ;
#638 = UNCERTAINTY_MEASURE_WITH_UNIT (LENGTH_MEASURE( 1.000000000000000082E-05 ), #1353, 'distance_accuracy_value', 'NONE');
#639 = AXIS2_PLACEMENT_3D ( 'NONE', #6512, #788, #4741 ) ;
#640 = CARTESIAN_POINT ( 'NONE',  ( -0.7249999999999999778, 1.649999999999999911, -1.698606797699999893 ) ) ;
#641 = CARTESIAN_POINT ( 'NONE',  ( 0.4249999999999999889, 1.850000000000000089, -1.474999999999999867 ) ) ;
#642 = ORIENTED_EDGE ( 'NONE', *, *, #992, .F. ) ;
#643 = LINE ( 'NONE', #1011, #892 ) ;
#644 = LINE ( 'NONE', #5619, #6808 ) ;
#645 = ADVANCED_FACE ( 'NONE', ( #1408 ), #4954, .F. ) ;
#646 = EDGE_LOOP ( 'NONE', ( #3247, #1476, #4343, #3307 ) ) ;
#647 = AXIS2_PLACEMENT_3D ( 'NONE', #5457, #4882, #2049 ) ;
#648 = VECTOR ( 'NONE', #5463, 1000.000000000000000 ) ;
#649 = ADVANCED_FACE ( 'NONE', ( #6266 ), #1523, .F. ) ;
#650 = CARTESIAN_POINT ( 'NONE',  ( -2.875000000000000000, 1.000000000000000000, 2.024999999999999911 ) ) ;
#651 = EDGE_CURVE ( 'NONE', #2943, #1376, #6448, .T. ) ;
#652 = CARTESIAN_POINT ( 'NONE',  ( -0.5250000000000000222, -0.6500000000000000222, -2.075000000000000178 ) ) ;
#653 = CARTESIAN_POINT ( 'NONE',  ( 0.7249999999999999778, 0.0000000000000000000, -2.024999999999999911 ) ) ;
#654 = DIRECTION ( 'NONE',  ( 0.0000000000000000000, -1.000000000000000000, 0.0000000000000000000 ) ) ;
#655 = VECTOR ( 'NONE', #5309, 1000.000000000000000 ) ;
#656 = EDGE_LOOP ( 'NONE', ( #293, #6101, #1819, #425 ) ) ;
#657 = ORIENTED_EDGE ( 'NONE', *, *, #1524, .F. ) ;
#658 = STYLED_ITEM ( 'NONE', ( #6740 ), #2785 ) ;
#659 = CARTESIAN_POINT ( 'NONE',  ( -0.5250000000000000222, 1.850000000000000089, 2.024999999999999911 ) ) ;
#660 = DIRECTION ( 'NONE',  ( -1.000000000000000000, 0.0000000000000000000, 0.0000000000000000000 ) ) ;
#661 = LINE ( 'NONE', #2429, #7334 ) ;
#662 = VERTEX_POINT ( 'NONE', #2154 ) ;
#663 = EDGE_CURVE ( 'NONE', #4535, #4155, #4744, .T. ) ;
#664 = EDGE_CURVE ( 'NONE', #7219, #774, #2946, .T. ) ;
#665 = CARTESIAN_POINT ( 'NONE',  ( 1.984999999999999876, 1.000000000000000000, -1.025000000000000133 ) ) ;
#666 = VECTOR ( 'NONE', #7273, 1000.000000000000000 ) ;
#667 = ORIENTED_EDGE ( 'NONE', *, *, #4885, .T. ) ;
#668 = LINE ( 'NONE', #4093, #2375 ) ;
#669 = SURFACE_SIDE_STYLE ('',( #6977 ) ) ;
#670 = DIRECTION ( 'NONE',  ( 0.0000000000000000000, 0.0000000000000000000, 1.000000000000000000 ) ) ;
#671 = LINE ( 'NONE', #1319, #7093 ) ;
#672 = ORIENTED_EDGE ( 'NONE', *, *, #6706, .T. ) ;
#673 = DIRECTION ( 'NONE',  ( 1.000000000000000000, 0.0000000000000000000, 0.0000000000000000000 ) ) ;
#674 = DIRECTION ( 'NONE',  ( 0.0000000000000000000, 1.000000000000000000, 0.0000000000000000000 ) ) ;
#675 = DIRECTION ( 'NONE',  ( 0.0000000000000000000, 0.0000000000000000000, 1.000000000000000000 ) ) ;
#676 = DIRECTION ( 'NONE',  ( -0.0000000000000000000, 1.000000000000000000, 0.0000000000000000000 ) ) ;
#677 = ADVANCED_FACE ( 'NONE', ( #5820 ), #2821, .T. ) ;
#678 = STYLED_ITEM ( 'NONE', ( #930 ), #6207 ) ;
#679 = FACE_OUTER_BOUND ( 'NONE', #1313, .T. ) ;
#680 = EDGE_CURVE ( 'NONE', #7182, #2294, #4189, .T. ) ;
#681 = ORIENTED_EDGE ( 'NONE', *, *, #814, .T. ) ;
#682 = CARTESIAN_POINT ( 'NONE',  ( -0.5250000000000000222, 0.5000000000000000000, -1.525000000000000133 ) ) ;
#683 = DIRECTION ( 'NONE',  ( 0.0000000000000000000, -1.084202172485501673E-15, -1.000000000000000000 ) ) ;
#684 = LINE ( 'NONE', #7413, #6590 ) ;
#685 = ADVANCED_FACE ( 'NONE', ( #2413 ), #2898, .F. ) ;
#686 = ORIENTED_EDGE ( 'NONE', *, *, #550, .F. ) ;
#687 = ORIENTED_EDGE ( 'NONE', *, *, #6987, .T. ) ;
#688 = CARTESIAN_POINT ( 'NONE',  ( 4.975000000000000533, 1.999999999999998668, -1.425000000000000933 ) ) ;
#689 = VECTOR ( 'NONE', #2160, 1000.000000000000114 ) ;
#690 = LINE ( 'NONE', #2163, #4904 ) ;
#691 = LINE ( 'NONE', #6271, #510 ) ;
#692 = EDGE_CURVE ( 'NONE', #4317, #1732, #2588, .T. ) ;
#693 = ORIENTED_EDGE ( 'NONE', *, *, #5530, .T. ) ;
#694 = ORIENTED_EDGE ( 'NONE', *, *, #5909, .F. ) ;
#695 = FACE_OUTER_BOUND ( 'NONE', #5, .T. ) ;
#696 = EDGE_LOOP ( 'NONE', ( #976, #1876, #1812, #4359 ) ) ;
#697 = LINE ( 'NONE', #262, #516 ) ;
#698 = CARTESIAN_POINT ( 'NONE',  ( 1.975000000000000089, -0.004464445899999999919, 0.003975566199999999890 ) ) ;
#699 = LINE ( 'NONE', #2237, #2848 ) ;
#700 = DIRECTION ( 'NONE',  ( 0.0000000000000000000, -2.997602166487923448E-15, 1.000000000000000000 ) ) ;
#701 = CARTESIAN_POINT ( 'NONE',  ( -0.7249999999999999778, -0.6500000000000000222, -1.775000000000000133 ) ) ;
#702 = EDGE_LOOP ( 'NONE', ( #1304, #4920, #5962, #5971 ) ) ;
#703 = VERTEX_POINT ( 'NONE', #4520 ) ;
#704 = VERTEX_POINT ( 'NONE', #2226 ) ;
#705 = EDGE_CURVE ( 'NONE', #6148, #7001, #53, .T. ) ;
#706 = DIRECTION ( 'NONE',  ( 0.0000000000000000000, -1.000000000000000000, 0.0000000000000000000 ) ) ;
#707 = DIRECTION ( 'NONE',  ( -1.000000000000000000, 0.0000000000000000000, 0.0000000000000000000 ) ) ;
#708 = CARTESIAN_POINT ( 'NONE',  ( -1.375000000000000000, 3.750000000000000000, 2.024999999999999911 ) ) ;
#709 = ORIENTED_EDGE ( 'NONE', *, *, #4462, .T. ) ;
#710 = ORIENTED_EDGE ( 'NONE', *, *, #4061, .T. ) ;
#711 = STYLED_ITEM ( 'NONE', ( #1324 ), #4548 ) ;
#712 = LINE ( 'NONE', #659, #1240 ) ;
#713 = ORIENTED_EDGE ( 'NONE', *, *, #2302, .T. ) ;
#714 = AXIS2_PLACEMENT_3D ( 'NONE', #6485, #676, #6514 ) ;
#715 = CARTESIAN_POINT ( 'NONE',  ( 1.975000000000000089, -0.6500000000000000222, -2.075000000000000178 ) ) ;
#716 = ADVANCED_FACE ( 'NONE', ( #7127 ), #2273, .T. ) ;
#717 = DIRECTION ( 'NONE',  ( 0.0000000000000000000, 4.003208021484939327E-15, -1.000000000000000000 ) ) ;
#718 = DIRECTION ( 'NONE',  ( 1.000000000000000000, 0.0000000000000000000, 0.0000000000000000000 ) ) ;
#719 = EDGE_CURVE ( 'NONE', #2780, #7356, #3123, .T. ) ;
#721 = CARTESIAN_POINT ( 'NONE',  ( 0.8249999999999999556, 1.850000000000000089, -1.698606797699999893 ) ) ;
#720 = MECHANICAL_DESIGN_GEOMETRIC_PRESENTATION_REPRESENTATION (  '', ( #6109 ), #5312 ) ;
#722 = LINE ( 'NONE', #6645, #2695 ) ;
#723 = CARTESIAN_POINT ( 'NONE',  ( 4.775000000000000355, 0.0000000000000000000, 0.0000000000000000000 ) ) ;
#724 = VERTEX_POINT ( 'NONE', #3462 ) ;
#725 = ORIENTED_EDGE ( 'NONE', *, *, #6051, .F. ) ;
#726 = ORIENTED_EDGE ( 'NONE', *, *, #1131, .F. ) ;
#727 = CARTESIAN_POINT ( 'NONE',  ( 1.974999999999999867, -0.6500000000000000222, -2.075000000000000178 ) ) ;
#728 = ORIENTED_EDGE ( 'NONE', *, *, #4856, .F. ) ;
#729 = CARTESIAN_POINT ( 'NONE',  ( -2.024999999999999911, 4.240000000000000213, 0.0000000000000000000 ) ) ;
#730 = MECHANICAL_DESIGN_GEOMETRIC_PRESENTATION_REPRESENTATION (  '', ( #3186 ), #1248 ) ;
#731 = VECTOR ( 'NONE', #3230, 1000.000000000000000 ) ;
#732 = ORIENTED_EDGE ( 'NONE', *, *, #5757, .F. ) ;
#733 = VECTOR ( 'NONE', #804, 1000.000000000000000 ) ;
#734 = ORIENTED_EDGE ( 'NONE', *, *, #1054, .F. ) ;
#735 = ORIENTED_EDGE ( 'NONE', *, *, #5538, .F. ) ;
#736 = CARTESIAN_POINT ( 'NONE',  ( -0.4249999999999999889, 1.850000000000000089, -1.698606797699999893 ) ) ;
#737 = EDGE_CURVE ( 'NONE', #3330, #4348, #3218, .T. ) ;
#738 = VECTOR ( 'NONE', #2231, 1000.000000000000000 ) ;
#739 = FILL_AREA_STYLE_COLOUR ( '', #4262 ) ;
#740 = CARTESIAN_POINT ( 'NONE',  ( 1.675000000000000044, 1.850000000000000089, -1.474999999999999867 ) ) ;
#741 = AXIS2_PLACEMENT_3D ( 'NONE', #6508, #191, #5306 ) ;
#742 = VECTOR ( 'NONE', #3453, 1000.000000000000000 ) ;
#743 = ORIENTED_EDGE ( 'NONE', *, *, #2568, .F. ) ;
#744 = DIRECTION ( 'NONE',  ( 0.0000000000000000000, -1.000000000000000000, 0.0000000000000000000 ) ) ;
#745 = CARTESIAN_POINT ( 'NONE',  ( 3.024999999999999911, 1.649999999999999911, 2.024999999999999911 ) ) ;
#746 = DIRECTION ( 'NONE',  ( 0.0000000000000000000, 0.0000000000000000000, 1.000000000000000000 ) ) ;
#747 = EDGE_CURVE ( 'NONE', #724, #1883, #5431, .T. ) ;
#748 = ADVANCED_FACE ( 'NONE', ( #2852 ), #7123, .F. ) ;
#749 = LINE ( 'NONE', #6820, #188 ) ;
#750 = ORIENTED_EDGE ( 'NONE', *, *, #5208, .T. ) ;
#751 = EDGE_CURVE ( 'NONE', #1723, #3993, #2047, .T. ) ;
#752 = LINE ( 'NONE', #3457, #1925 ) ;
#753 = DIRECTION ( 'NONE',  ( 0.0000000000000000000, 1.000000000000000000, 0.0000000000000000000 ) ) ;
#754 = ORIENTED_EDGE ( 'NONE', *, *, #2613, .T. ) ;
#755 = EDGE_LOOP ( 'NONE', ( #1691, #710, #3732, #224, #2000, #6305, #828 ) ) ;
#756 = VECTOR ( 'NONE', #4320, 1000.000000000000000 ) ;
#757 = EDGE_CURVE ( 'NONE', #6640, #2035, #4378, .T. ) ;
#758 = VECTOR ( 'NONE', #83, 1000.000000000000000 ) ;
#759 = DIRECTION ( 'NONE',  ( -1.000000000000000000, 0.0000000000000000000, 0.0000000000000000000 ) ) ;
#760 = CARTESIAN_POINT ( 'NONE',  ( 3.225000000000000533, 0.0000000000000000000, 2.024999999999999911 ) ) ;
#761 = CARTESIAN_POINT ( 'NONE',  ( 0.7250000000000000888, 0.5000000000000000000, 0.0000000000000000000 ) ) ;
#762 = ORIENTED_EDGE ( 'NONE', *, *, #1251, .F. ) ;
#763 = DIRECTION ( 'NONE',  ( 0.0000000000000000000, 0.0000000000000000000, 1.000000000000000000 ) ) ;
#764 = AXIS2_PLACEMENT_3D ( 'NONE', #2331, #4582, #6893 ) ;
#765 = VECTOR ( 'NONE', #886, 1000.000000000000000 ) ;
#766 = FACE_OUTER_BOUND ( 'NONE', #3561, .T. ) ;
#767 = FACE_OUTER_BOUND ( 'NONE', #6079, .T. ) ;
#768 = PLANE ( 'NONE',  #2045 ) ;
#769 = ORIENTED_EDGE ( 'NONE', *, *, #1366, .T. ) ;
#770 = LINE ( 'NONE', #6537, #6688 ) ;
#771 = DIRECTION ( 'NONE',  ( 1.000000000000000000, 0.0000000000000000000, 0.0000000000000000000 ) ) ;
#772 = FACE_OUTER_BOUND ( 'NONE', #1254, .T. ) ;
#773 = AXIS2_PLACEMENT_3D ( 'NONE', #4727, #2518, #2251 ) ;
#774 = VERTEX_POINT ( 'NONE', #1026 ) ;
#775 = ORIENTED_EDGE ( 'NONE', *, *, #14, .F. ) ;
#776 = LINE ( 'NONE', #6729, #5001 ) ;
#777 = VERTEX_POINT ( 'NONE', #3038 ) ;
#778 = EDGE_CURVE ( 'NONE', #1370, #4514, #5623, .T. ) ;
#779 = ORIENTED_EDGE ( 'NONE', *, *, #1251, .T. ) ;
#780 = DIRECTION ( 'NONE',  ( 0.0000000000000000000, -1.000000000000000000, -4.336808689942024836E-15 ) ) ;
#781 = ADVANCED_FACE ( 'NONE', ( #1686 ), #4485, .F. ) ;
#782 = MECHANICAL_DESIGN_GEOMETRIC_PRESENTATION_REPRESENTATION (  '', ( #4681 ), #7322 ) ;
#783 = CARTESIAN_POINT ( 'NONE',  ( 1.984999999999999876, 1.000000000000000000, -2.024999999999999911 ) ) ;
#784 = VECTOR ( 'NONE', #959, 1000.000000000000000 ) ;
#785 = ORIENTED_EDGE ( 'NONE', *, *, #2737, .T. ) ;
#786 = CARTESIAN_POINT ( 'NONE',  ( -0.8249999999999999556, 1.850000000000000089, -1.474999999999999867 ) ) ;
#787 = CARTESIAN_POINT ( 'NONE',  ( 3.225000000000000533, -0.6500000000000000222, -1.775000000000000133 ) ) ;
#788 = DIRECTION ( 'NONE',  ( 0.0000000000000000000, 0.7468134723257140450, -0.6650335612228979176 ) ) ;
#789 = EDGE_CURVE ( 'NONE', #1347, #3409, #4099, .T. ) ;
#790 = PLANE ( 'NONE',  #6135 ) ;
#791 = EDGE_LOOP ( 'NONE', ( #298, #5807, #5882, #3214 ) ) ;
#792 = DIRECTION ( 'NONE',  ( -0.0000000000000000000, -1.000000000000000000, -0.0000000000000000000 ) ) ;
#793 = EDGE_CURVE ( 'NONE', #6728, #1702, #6958, .T. ) ;
#794 = CARTESIAN_POINT ( 'NONE',  ( -0.4249999999999999889, 1.649999999999999911, -1.025000000000000133 ) ) ;
#795 = ORIENTED_EDGE ( 'NONE', *, *, #3250, .F. ) ;
#796 = ORIENTED_EDGE ( 'NONE', *, *, #1515, .T. ) ;
#797 = DIRECTION ( 'NONE',  ( 1.000000000000000000, 0.0000000000000000000, 0.0000000000000000000 ) ) ;
#798 = DIRECTION ( 'NONE',  ( 0.0000000000000000000, 0.0000000000000000000, -1.000000000000000000 ) ) ;
#799 = LINE ( 'NONE', #1602, #6296 ) ;
#800 = EDGE_LOOP ( 'NONE', ( #5692, #3393, #6615, #4803 ) ) ;
#801 = AXIS2_PLACEMENT_3D ( 'NONE', #6565, #7116, #797 ) ;
#802 = EDGE_CURVE ( 'NONE', #4698, #312, #3381, .T. ) ;
#803 = CARTESIAN_POINT ( 'NONE',  ( 0.7250000000000000888, 1.850000000000000089, 0.0000000000000000000 ) ) ;
#804 = DIRECTION ( 'NONE',  ( 0.0000000000000000000, 0.0000000000000000000, 1.000000000000000000 ) ) ;
#805 = ORIENTED_EDGE ( 'NONE', *, *, #286, .T. ) ;
#806 = DIRECTION ( 'NONE',  ( 0.0000000000000000000, 0.0000000000000000000, 1.000000000000000000 ) ) ;
#807 = LINE ( 'NONE', #7154, #2970 ) ;
#808 = EDGE_LOOP ( 'NONE', ( #2258, #171, #1790, #3316, #5111, #6344, #811, #6286, #3750, #1837, #3921, #4153, #6185, #5264, #5334, #7324 ) ) ;
#809 = PLANE ( 'NONE',  #2247 ) ;
#810 = DIRECTION ( 'NONE',  ( 0.0000000000000000000, 1.000000000000000000, 3.558407130208835834E-15 ) ) ;
#811 = ORIENTED_EDGE ( 'NONE', *, *, #5682, .F. ) ;
#812 = ORIENTED_EDGE ( 'NONE', *, *, #4890, .F. ) ;
#813 = ADVANCED_FACE ( 'NONE', ( #863 ), #3168, .T. ) ;
#814 = EDGE_CURVE ( 'NONE', #2572, #2645, #5259, .T. ) ;
#815 = PLANE ( 'NONE',  #6459 ) ;
#816 = VERTEX_POINT ( 'NONE', #4926 ) ;
#817 = FACE_OUTER_BOUND ( 'NONE', #2436, .T. ) ;
#818 = ORIENTED_EDGE ( 'NONE', *, *, #2596, .F. ) ;
#819 = AXIS2_PLACEMENT_3D ( 'NONE', #6225, #7405, #7382 ) ;
#820 = DIRECTION ( 'NONE',  ( 0.0000000000000000000, -1.000000000000000000, 0.0000000000000000000 ) ) ;
#821 = LINE ( 'NONE', #2700, #6661 ) ;
#822 = ORIENTED_EDGE ( 'NONE', *, *, #3354, .F. ) ;
#823 = EDGE_CURVE ( 'NONE', #5901, #3986, #7383, .T. ) ;
#824 = DIRECTION ( 'NONE',  ( 0.0000000000000000000, 0.0000000000000000000, -1.000000000000000000 ) ) ;
#825 =( NAMED_UNIT ( * ) SI_UNIT ( $, .STERADIAN. ) SOLID_ANGLE_UNIT ( ) );
#826 = VECTOR ( 'NONE', #3643, 1000.000000000000000 ) ;
#827 = VECTOR ( 'NONE', #832, 1000.000000000000000 ) ;
#828 = ORIENTED_EDGE ( 'NONE', *, *, #2364, .F. ) ;
#829 =( GEOMETRIC_REPRESENTATION_CONTEXT ( 3 ) GLOBAL_UNCERTAINTY_ASSIGNED_CONTEXT ( ( #4721 ) ) GLOBAL_UNIT_ASSIGNED_CONTEXT ( ( #3719, #197, #4912 ) ) REPRESENTATION_CONTEXT ( 'NONE', 'WORKASPACE' ) );
#830 = DIRECTION ( 'NONE',  ( -1.000000000000000000, -0.0000000000000000000, -0.0000000000000000000 ) ) ;
#831 = CARTESIAN_POINT ( 'NONE',  ( -1.175000000000000044, 2.550000000000000266, -1.474999999999999867 ) ) ;
#832 = DIRECTION ( 'NONE',  ( 0.0000000000000000000, 0.0000000000000000000, 1.000000000000000000 ) ) ;
#833 = VECTOR ( 'NONE', #1717, 1000.000000000000000 ) ;
#834 = SURFACE_SIDE_STYLE ('',( #2815 ) ) ;
#835 = ORIENTED_EDGE ( 'NONE', *, *, #5115, .T. ) ;
#836 = CARTESIAN_POINT ( 'NONE',  ( 1.765000000000000124, 1.850000000000000089, -2.024999999999999911 ) ) ;
#837 = EDGE_CURVE ( 'NONE', #3018, #2570, #3034, .T. ) ;
#838 = COLOUR_RGB ( '',1.000000000000000000, 1.000000000000000000, 1.000000000000000000 ) ;
#839 = VECTOR ( 'NONE', #5696, 1000.000000000000000 ) ;
#840 = ORIENTED_EDGE ( 'NONE', *, *, #3862, .T. ) ;
#841 = CARTESIAN_POINT ( 'NONE',  ( 2.875000000000000000, 1.000000000000000000, -2.024999999999999911 ) ) ;
#842 = ORIENTED_EDGE ( 'NONE', *, *, #3031, .F. ) ;
#843 = EDGE_CURVE ( 'NONE', #5214, #7278, #7040, .T. ) ;
#844 = VECTOR ( 'NONE', #3549, 1000.000000000000000 ) ;
#845 = ADVANCED_FACE ( 'NONE', ( #5722 ), #5450, .T. ) ;
#846 = DIRECTION ( 'NONE',  ( 1.000000000000000000, 0.0000000000000000000, 0.0000000000000000000 ) ) ;
#847 = VECTOR ( 'NONE', #868, 1000.000000000000000 ) ;
#848 = FILL_AREA_STYLE_COLOUR ( '', #1938 ) ;
#849 = AXIS2_PLACEMENT_3D ( 'NONE', #219, #6531, #4759 ) ;
#850 = VERTEX_POINT ( 'NONE', #4853 ) ;
#851 = ORIENTED_EDGE ( 'NONE', *, *, #5897, .T. ) ;
#852 = EDGE_LOOP ( 'NONE', ( #198, #5574, #6536, #378 ) ) ;
#853 = LINE ( 'NONE', #1588, #4648 ) ;
#854 = ORIENTED_EDGE ( 'NONE', *, *, #4709, .T. ) ;
#855 = LINE ( 'NONE', #3178, #4911 ) ;
#856 = FILL_AREA_STYLE_COLOUR ( '', #5015 ) ;
#857 = LINE ( 'NONE', #942, #6263 ) ;
#858 = DIRECTION ( 'NONE',  ( 1.000000000000000000, 0.0000000000000000000, 0.0000000000000000000 ) ) ;
#859 = PLANE ( 'NONE',  #1491 ) ;
#860 = ORIENTED_EDGE ( 'NONE', *, *, #3825, .F. ) ;
#861 = CARTESIAN_POINT ( 'NONE',  ( -1.875000000000000000, 3.149999999999999911, 2.025999999999999801 ) ) ;
#862 = ORIENTED_EDGE ( 'NONE', *, *, #6744, .F. ) ;
#863 = FACE_OUTER_BOUND ( 'NONE', #1150, .T. ) ;
#864 = PLANE ( 'NONE',  #5553 ) ;
#865 = ORIENTED_EDGE ( 'NONE', *, *, #3145, .T. ) ;
#866 = AXIS2_PLACEMENT_3D ( 'NONE', #1982, #1317, #5987 ) ;
#867 = CARTESIAN_POINT ( 'NONE',  ( 3.875000000000000444, 3.149999999999999911, 2.024999999999999911 ) ) ;
#868 = DIRECTION ( 'NONE',  ( 0.0000000000000000000, -1.000000000000000000, -3.212450881438532635E-15 ) ) ;
#869 = ORIENTED_EDGE ( 'NONE', *, *, #923, .F. ) ;
#870 = VECTOR ( 'NONE', #4938, 1000.000000000000000 ) ;
#871 = ORIENTED_EDGE ( 'NONE', *, *, #5419, .T. ) ;
#872 = EDGE_CURVE ( 'NONE', #4, #6667, #1863, .T. ) ;
#873 = CARTESIAN_POINT ( 'NONE',  ( -2.274999999999999911, 8.673617379884035472E-15, -0.2250000000000008105 ) ) ;
#874 = VERTEX_POINT ( 'NONE', #6620 ) ;
#875 = DIRECTION ( 'NONE',  ( 0.0000000000000000000, 3.252606517456512119E-15, -1.000000000000000000 ) ) ;
#876 = CARTESIAN_POINT ( 'NONE',  ( 4.975000000000000533, 1.999999999999998668, -1.425000000000000933 ) ) ;
#877 = FILL_AREA_STYLE ('',( #3658 ) ) ;
#878 = VERTEX_POINT ( 'NONE', #2093 ) ;
#879 = DIRECTION ( 'NONE',  ( 0.0000000000000000000, 1.000000000000000000, 3.558407130208835834E-15 ) ) ;
#880 = DIRECTION ( 'NONE',  ( 0.0000000000000000000, 0.0000000000000000000, -1.000000000000000000 ) ) ;
#881 = EDGE_CURVE ( 'NONE', #5992, #2834, #619, .T. ) ;
#882 = CARTESIAN_POINT ( 'NONE',  ( -0.5250000000000000222, 0.0000000000000000000, -1.525000000000000133 ) ) ;
#883 = CARTESIAN_POINT ( 'NONE',  ( 0.07499999999999998335, 1.850000000000000089, -1.474999999999999867 ) ) ;
#884 = SURFACE_STYLE_USAGE ( .BOTH. , #7178 ) ;
#885 = LINE ( 'NONE', #1571, #6801 ) ;
#886 = DIRECTION ( 'NONE',  ( 1.000000000000000000, 0.0000000000000000000, 0.0000000000000000000 ) ) ;
#887 = EDGE_CURVE ( 'NONE', #921, #3150, #3639, .T. ) ;
#888 = CARTESIAN_POINT ( 'NONE',  ( 3.225000000000000533, -0.6500000000000000222, -1.775000000000000133 ) ) ;
#889 = ADVANCED_FACE ( 'NONE', ( #5982 ), #5475, .T. ) ;
#890 = CARTESIAN_POINT ( 'NONE',  ( -2.274999999999999911, 0.6000000000000076383, -0.2249999999999982014 ) ) ;
#891 = CARTESIAN_POINT ( 'NONE',  ( 0.7250000000000000888, 0.0000000000000000000, -1.525000000000000133 ) ) ;
#892 = VECTOR ( 'NONE', #4426, 1000.000000000000000 ) ;
#893 = VECTOR ( 'NONE', #7175, 1000.000000000000000 ) ;
#894 = EDGE_CURVE ( 'NONE', #3992, #1063, #2038, .T. ) ;
#895 = DIRECTION ( 'NONE',  ( 0.0000000000000000000, 1.000000000000000000, 0.0000000000000000000 ) ) ;
#896 = DIRECTION ( 'NONE',  ( 0.0000000000000000000, 0.0000000000000000000, 1.000000000000000000 ) ) ;
#897 = CARTESIAN_POINT ( 'NONE',  ( 2.075000000000000178, 1.850000000000000089, 2.024999999999999911 ) ) ;
#898 =( GEOMETRIC_REPRESENTATION_CONTEXT ( 3 ) GLOBAL_UNCERTAINTY_ASSIGNED_CONTEXT ( ( #5384 ) ) GLOBAL_UNIT_ASSIGNED_CONTEXT ( ( #2772, #3334, #6229 ) ) REPRESENTATION_CONTEXT ( 'NONE', 'WORKASPACE' ) );
#899 = LINE ( 'NONE', #1336, #2982 ) ;
#900 = ORIENTED_EDGE ( 'NONE', *, *, #2458, .T. ) ;
#901 = EDGE_CURVE ( 'NONE', #4652, #5021, #2324, .T. ) ;
#902 = CARTESIAN_POINT ( 'NONE',  ( 1.984999999999999876, 1.000000000000000000, -1.025000000000000133 ) ) ;
#903 = CARTESIAN_POINT ( 'NONE',  ( -1.375000000000000000, 3.149999999999999911, 2.024999999999999911 ) ) ;
#904 = VECTOR ( 'NONE', #1917, 1000.000000000000000 ) ;
#905 = DIRECTION ( 'NONE',  ( -0.0000000000000000000, 1.000000000000000000, 0.0000000000000000000 ) ) ;
#906 = ORIENTED_EDGE ( 'NONE', *, *, #2537, .F. ) ;
#907 = ORIENTED_EDGE ( 'NONE', *, *, #6739, .F. ) ;
#908 = PRESENTATION_LAYER_ASSIGNMENT (  '', '', ( #5674 ) ) ;
#909 =( LENGTH_UNIT ( ) NAMED_UNIT ( * ) SI_UNIT ( .MILLI., .METRE. ) );
#910 = VECTOR ( 'NONE', #2824, 1000.000000000000000 ) ;
#911 = CARTESIAN_POINT ( 'NONE',  ( -2.274999999999999911, 4.240000000000000213, -1.925000000000000044 ) ) ;
#912 = VECTOR ( 'NONE', #7345, 1000.000000000000000 ) ;
#913 = EDGE_LOOP ( 'NONE', ( #1105, #3509, #4380, #3256 ) ) ;
#914 = EDGE_CURVE ( 'NONE', #4009, #2871, #6260, .T. ) ;
#915 = DIRECTION ( 'NONE',  ( 0.0000000000000000000, 0.0000000000000000000, -1.000000000000000000 ) ) ;
#916 =( NAMED_UNIT ( * ) PLANE_ANGLE_UNIT ( ) SI_UNIT ( $, .RADIAN. ) );
#917 = CARTESIAN_POINT ( 'NONE',  ( 1.975000000000000089, 0.5000000000000000000, 2.024999999999999911 ) ) ;
#918 = AXIS2_PLACEMENT_3D ( 'NONE', #3216, #1505, #4333 ) ;
#919 = LINE ( 'NONE', #6097, #2732 ) ;
#920 = EDGE_LOOP ( 'NONE', ( #4006, #1840, #492, #6186, #5047, #5828, #6867, #3343, #6189, #4002, #1960, #4293, #1928, #1403, #1961, #7245 ) ) ;
#921 = VERTEX_POINT ( 'NONE', #2617 ) ;
#922 = ADVANCED_FACE ( 'NONE', ( #6528 ), #6637, .T. ) ;
#923 = EDGE_CURVE ( 'NONE', #662, #4012, #1774, .T. ) ;
#924 = CARTESIAN_POINT ( 'NONE',  ( 4.875000000000000888, 3.750000000000000000, 2.024999999999999911 ) ) ;
#925 = ORIENTED_EDGE ( 'NONE', *, *, #4666, .F. ) ;
#926 = VERTEX_POINT ( 'NONE', #5043 ) ;
#927 = VECTOR ( 'NONE', #700, 1000.000000000000000 ) ;
#928 = DIRECTION ( 'NONE',  ( 0.0000000000000000000, 0.0000000000000000000, 1.000000000000000000 ) ) ;
#929 =( GEOMETRIC_REPRESENTATION_CONTEXT ( 3 ) GLOBAL_UNCERTAINTY_ASSIGNED_CONTEXT ( ( #2516 ) ) GLOBAL_UNIT_ASSIGNED_CONTEXT ( ( #2329, #5649, #1159 ) ) REPRESENTATION_CONTEXT ( 'NONE', 'WORKASPACE' ) );
#930 = PRESENTATION_STYLE_ASSIGNMENT (( #5669 ) ) ;
#931 = DIRECTION ( 'NONE',  ( -1.000000000000000000, 0.0000000000000000000, 0.0000000000000000000 ) ) ;
#932 = DIRECTION ( 'NONE',  ( 0.0000000000000000000, 0.0000000000000000000, 1.000000000000000000 ) ) ;
#933 = DIRECTION ( 'NONE',  ( 0.0000000000000000000, -1.000000000000000000, -3.219646771412953967E-15 ) ) ;
#934 = ORIENTED_EDGE ( 'NONE', *, *, #3120, .T. ) ;
#935 = ORIENTED_EDGE ( 'NONE', *, *, #747, .T. ) ;
#936 = DIRECTION ( 'NONE',  ( 0.0000000000000000000, 1.000000000000000000, -1.084202172485501673E-15 ) ) ;
#937 = SURFACE_STYLE_USAGE ( .BOTH. , #5570 ) ;
#938 = PRESENTATION_STYLE_ASSIGNMENT (( #2655 ) ) ;
#939 = CARTESIAN_POINT ( 'NONE',  ( 3.875000000000000444, 3.750000000000000000, 0.02500000000000000139 ) ) ;
#940 = VECTOR ( 'NONE', #7079, 1000.000000000000000 ) ;
#941 = DIRECTION ( 'NONE',  ( 0.0000000000000000000, -1.000000000000000000, 0.0000000000000000000 ) ) ;
#942 = CARTESIAN_POINT ( 'NONE',  ( -0.5150000000000000133, 1.850000000000000089, -2.024999999999999911 ) ) ;
#943 = ORIENTED_EDGE ( 'NONE', *, *, #6719, .T. ) ;
#944 = ORIENTED_EDGE ( 'NONE', *, *, #789, .T. ) ;
#945 = PRESENTATION_LAYER_ASSIGNMENT (  '', '', ( #7211 ) ) ;
#946 = VECTOR ( 'NONE', #507, 1000.000000000000000 ) ;
#947 = CARTESIAN_POINT ( 'NONE',  ( -1.375000000000000000, 3.750000000000000000, 0.02500000000000000139 ) ) ;
#948 = LINE ( 'NONE', #1095, #3821 ) ;
#949 = LINE ( 'NONE', #4613, #4184 ) ;
#950 = DIRECTION ( 'NONE',  ( 0.0000000000000000000, 1.000000000000000000, 0.0000000000000000000 ) ) ;
#951 = VERTEX_POINT ( 'NONE', #3224 ) ;
#952 = VERTEX_POINT ( 'NONE', #972 ) ;
#953 = VERTEX_POINT ( 'NONE', #3267 ) ;
#954 = PLANE ( 'NONE',  #2267 ) ;
#955 = CARTESIAN_POINT ( 'NONE',  ( 1.324999999999999956, 1.850000000000000089, 2.024999999999999911 ) ) ;
#956 = MECHANICAL_DESIGN_GEOMETRIC_PRESENTATION_REPRESENTATION (  '', ( #2511 ), #5726 ) ;
#957 = CARTESIAN_POINT ( 'NONE',  ( 1.975000000000000089, 0.05000000000000002359, -1.524999999999999689 ) ) ;
#958 = EDGE_LOOP ( 'NONE', ( #5233, #3456, #2314, #3782 ) ) ;
#959 = DIRECTION ( 'NONE',  ( 0.0000000000000000000, 0.0000000000000000000, -1.000000000000000000 ) ) ;
#960 = VECTOR ( 'NONE', #163, 1000.000000000000000 ) ;
#961 = ORIENTED_EDGE ( 'NONE', *, *, #1451, .T. ) ;
#962 = CARTESIAN_POINT ( 'NONE',  ( 3.225000000000000533, 0.05000000000000002359, -1.775000000000000133 ) ) ;
#963 = DIRECTION ( 'NONE',  ( 0.0000000000000000000, 0.0000000000000000000, 1.000000000000000000 ) ) ;
#964 = CARTESIAN_POINT ( 'NONE',  ( 2.075000000000000178, 1.649999999999999911, 2.024999999999999911 ) ) ;
#965 = CARTESIAN_POINT ( 'NONE',  ( 3.024999999999999911, 0.5000000000000000000, 0.0000000000000000000 ) ) ;
#966 = ADVANCED_FACE ( 'NONE', ( #6605 ), #1481, .F. ) ;
#967 = EDGE_LOOP ( 'NONE', ( #2807, #3161, #2814, #6769 ) ) ;
#968 = AXIS2_PLACEMENT_3D ( 'NONE', #723, #2941, #6926 ) ;
#969 = LINE ( 'NONE', #4071, #150 ) ;
#970 = ORIENTED_EDGE ( 'NONE', *, *, #4197, .F. ) ;
#971 = CARTESIAN_POINT ( 'NONE',  ( 4.775000000000000355, 3.600000000000000977, -0.07499999999999998335 ) ) ;
#972 = CARTESIAN_POINT ( 'NONE',  ( 2.875000000000000444, 2.250000000000000000, 1.024999999999999911 ) ) ;
#973 = EDGE_CURVE ( 'NONE', #5256, #6370, #853, .T. ) ;
#974 = ORIENTED_EDGE ( 'NONE', *, *, #4498, .T. ) ;
#975 = DIRECTION ( 'NONE',  ( 0.0000000000000000000, -1.000000000000000000, 0.0000000000000000000 ) ) ;
#976 = ORIENTED_EDGE ( 'NONE', *, *, #1538, .F. ) ;
#977 = STYLED_ITEM ( 'NONE', ( #4292 ), #4394 ) ;
#978 = VECTOR ( 'NONE', #3299, 1000.000000000000000 ) ;
#979 = PLANE ( 'NONE',  #1553 ) ;
#980 = LINE ( 'NONE', #6577, #2349 ) ;
#981 = EDGE_CURVE ( 'NONE', #6667, #3978, #325, .T. ) ;
#982 = PLANE ( 'NONE',  #3294 ) ;
#983 = ORIENTED_EDGE ( 'NONE', *, *, #1315, .T. ) ;
#984 = PLANE ( 'NONE',  #5981 ) ;
#985 = CARTESIAN_POINT ( 'NONE',  ( -0.7249999999999999778, -0.6500000000000000222, -2.075000000000000178 ) ) ;
#986 = CARTESIAN_POINT ( 'NONE',  ( 1.975000000000000089, 1.315130797599999957, 1.171117220399999770 ) ) ;
#987 = EDGE_CURVE ( 'NONE', #4283, #1136, #5252, .T. ) ;
#988 = LINE ( 'NONE', #1900, #3148 ) ;
#989 = CARTESIAN_POINT ( 'NONE',  ( 0.7249999999999999778, 0.0000000000000000000, -1.525000000000000133 ) ) ;
#990 = LINE ( 'NONE', #274, #6906 ) ;
#991 = CARTESIAN_POINT ( 'NONE',  ( 3.235000000000000320, 1.000000000000000000, -1.474999999999999867 ) ) ;
#992 = EDGE_CURVE ( 'NONE', #7098, #3993, #514, .T. ) ;
#993 = ORIENTED_EDGE ( 'NONE', *, *, #3110, .T. ) ;
#994 = ORIENTED_EDGE ( 'NONE', *, *, #4428, .F. ) ;
#995 = COLOUR_RGB ( '',1.000000000000000000, 1.000000000000000000, 1.000000000000000000 ) ;
#996 = ORIENTED_EDGE ( 'NONE', *, *, #2488, .T. ) ;
#997 = DIRECTION ( 'NONE',  ( -1.000000000000000000, 0.0000000000000000000, 0.0000000000000000000 ) ) ;
#998 = ORIENTED_EDGE ( 'NONE', *, *, #3668, .T. ) ;
#999 = PLANE ( 'NONE',  #1620 ) ;
#1000 = PLANE ( 'NONE',  #6839 ) ;
#1001 = VECTOR ( 'NONE', #2923, 1000.000000000000000 ) ;
#1002 =( GEOMETRIC_REPRESENTATION_CONTEXT ( 3 ) GLOBAL_UNCERTAINTY_ASSIGNED_CONTEXT ( ( #638 ) ) GLOBAL_UNIT_ASSIGNED_CONTEXT ( ( #1353, #250, #5383 ) ) REPRESENTATION_CONTEXT ( 'NONE', 'WORKASPACE' ) );
#1003 = ADVANCED_FACE ( 'NONE', ( #4910 ), #6176, .F. ) ;
#1004 =( NAMED_UNIT ( * ) PLANE_ANGLE_UNIT ( ) SI_UNIT ( $, .RADIAN. ) );
#1005 = FACE_OUTER_BOUND ( 'NONE', #1204, .T. ) ;
#1006 = ORIENTED_EDGE ( 'NONE', *, *, #7171, .F. ) ;
#1007 = DIRECTION ( 'NONE',  ( -0.0000000000000000000, 1.000000000000000000, 0.0000000000000000000 ) ) ;
#1008 = CARTESIAN_POINT ( 'NONE',  ( 0.7249999999999999778, 0.0000000000000000000, -1.525000000000000133 ) ) ;
#1009 = VERTEX_POINT ( 'NONE', #2663 ) ;
#1010 = ORIENTED_EDGE ( 'NONE', *, *, #330, .F. ) ;
#1011 = CARTESIAN_POINT ( 'NONE',  ( 3.024999999999999911, 0.0000000000000000000, -1.525000000000000133 ) ) ;
#1012 = DIRECTION ( 'NONE',  ( -1.000000000000000000, 0.0000000000000000000, 0.0000000000000000000 ) ) ;
#1013 = CARTESIAN_POINT ( 'NONE',  ( -2.875000000000000000, 4.250000000000000000, -2.024999999999999911 ) ) ;
#1014 = CARTESIAN_POINT ( 'NONE',  ( 1.675000000000000044, 1.850000000000000089, -1.698606797699999893 ) ) ;
#1015 = VECTOR ( 'NONE', #153, 1000.000000000000000 ) ;
#1016 = CARTESIAN_POINT ( 'NONE',  ( -0.7249999999999999778, 0.5000000000000000000, -1.525000000000000133 ) ) ;
#1017 = DIRECTION ( 'NONE',  ( 0.0000000000000000000, -1.000000000000000000, 0.0000000000000000000 ) ) ;
#1018 = CARTESIAN_POINT ( 'NONE',  ( 5.375000000000000000, 4.250000000000000000, -2.024999999999999911 ) ) ;
#1019 =( LENGTH_UNIT ( ) NAMED_UNIT ( * ) SI_UNIT ( .MILLI., .METRE. ) );
#1020 = ORIENTED_EDGE ( 'NONE', *, *, #614, .T. ) ;
#1021 = EDGE_CURVE ( 'NONE', #6430, #6792, #776, .T. ) ;
#1022 = CARTESIAN_POINT ( 'NONE',  ( 5.375000000000000000, 0.0000000000000000000, 2.024999999999999911 ) ) ;
#1023 = VECTOR ( 'NONE', #6014, 1000.000000000000000 ) ;
#1024 = DIRECTION ( 'NONE',  ( -1.000000000000000000, 0.0000000000000000000, 0.0000000000000000000 ) ) ;
#1025 = MECHANICAL_DESIGN_GEOMETRIC_PRESENTATION_REPRESENTATION (  '', ( #658 ), #3569 ) ;
#1026 = CARTESIAN_POINT ( 'NONE',  ( 1.765000000000000124, 1.000000000000000000, -2.024999999999999911 ) ) ;
#1027 = ORIENTED_EDGE ( 'NONE', *, *, #6320, .T. ) ;
#1028 = ORIENTED_EDGE ( 'NONE', *, *, #4737, .T. ) ;
#1029 = FACE_OUTER_BOUND ( 'NONE', #3217, .T. ) ;
#1030 = EDGE_CURVE ( 'NONE', #1200, #7098, #2761, .T. ) ;
#1031 = DIRECTION ( 'NONE',  ( -1.000000000000000000, 0.0000000000000000000, 0.0000000000000000000 ) ) ;
#1032 = VERTEX_POINT ( 'NONE', #432 ) ;
#1033 = CARTESIAN_POINT ( 'NONE',  ( 1.765000000000000124, 1.850000000000000089, -1.025000000000000133 ) ) ;
#1034 = ORIENTED_EDGE ( 'NONE', *, *, #5998, .T. ) ;
#1035 = EDGE_CURVE ( 'NONE', #1551, #2227, #1221, .T. ) ;
#1036 = VECTOR ( 'NONE', #4128, 1000.000000000000000 ) ;
#1037 = ORIENTED_EDGE ( 'NONE', *, *, #5635, .F. ) ;
#1038 = LINE ( 'NONE', #5656, #5248 ) ;
#1039 = CARTESIAN_POINT ( 'NONE',  ( 0.5250000000000000222, 1.649999999999999911, 2.024999999999999911 ) ) ;
#1040 = CARTESIAN_POINT ( 'NONE',  ( 3.225000000000000533, 0.0000000000000000000, -1.525000000000000133 ) ) ;
#1041 = CARTESIAN_POINT ( 'NONE',  ( 5.000000000000000888, 4.240000000000000213, 2.024999999999999911 ) ) ;
#1042 = FILL_AREA_STYLE ('',( #6679 ) ) ;
#1043 = VERTEX_POINT ( 'NONE', #7213 ) ;
#1044 = EDGE_CURVE ( 'NONE', #3150, #5413, #4732, .T. ) ;
#1045 = DIRECTION ( 'NONE',  ( 1.000000000000000000, 0.0000000000000000000, 0.0000000000000000000 ) ) ;
#1046 = ADVANCED_FACE ( 'NONE', ( #7121 ), #7280, .F. ) ;
#1047 = VECTOR ( 'NONE', #4947, 1000.000000000000000 ) ;
#1048 = CARTESIAN_POINT ( 'NONE',  ( 4.375000000000000000, 3.149999999999999911, 0.02500000000000000139 ) ) ;
#1049 = VECTOR ( 'NONE', #3283, 1000.000000000000000 ) ;
#1050 =( LENGTH_UNIT ( ) NAMED_UNIT ( * ) SI_UNIT ( .MILLI., .METRE. ) );
#1051 = ORIENTED_EDGE ( 'NONE', *, *, #148, .F. ) ;
#1052 = EDGE_LOOP ( 'NONE', ( #5326, #3169, #6159, #4102, #6736, #6675 ) ) ;
#1053 = PLANE ( 'NONE',  #348 ) ;
#1054 = EDGE_CURVE ( 'NONE', #6126, #4414, #6772, .T. ) ;
#1055 = VECTOR ( 'NONE', #5562, 1000.000000000000000 ) ;
#1056 = ORIENTED_EDGE ( 'NONE', *, *, #5107, .T. ) ;
#1057 = VERTEX_POINT ( 'NONE', #1610 ) ;
#1058 = DIRECTION ( 'NONE',  ( 0.0000000000000000000, 0.0000000000000000000, 1.000000000000000000 ) ) ;
#1059 = ORIENTED_EDGE ( 'NONE', *, *, #5160, .F. ) ;
#1060 = DIRECTION ( 'NONE',  ( -1.000000000000000000, 0.0000000000000000000, 0.0000000000000000000 ) ) ;
#1061 = DIRECTION ( 'NONE',  ( 0.0000000000000000000, 0.0000000000000000000, 1.000000000000000000 ) ) ;
#1062 = DIRECTION ( 'NONE',  ( -1.000000000000000000, 0.0000000000000000000, 0.0000000000000000000 ) ) ;
#1063 = VERTEX_POINT ( 'NONE', #5609 ) ;
#1064 = EDGE_CURVE ( 'NONE', #3153, #3223, #7288, .T. ) ;
#1065 = DIRECTION ( 'NONE',  ( 1.000000000000000000, 0.0000000000000000000, 0.0000000000000000000 ) ) ;
#1066 = CARTESIAN_POINT ( 'NONE',  ( 1.975000000000000089, 1.850000000000000089, 2.024999999999999911 ) ) ;
#1067 = CARTESIAN_POINT ( 'NONE',  ( 0.8249999999999999556, 1.850000000000000089, -1.698606797699999893 ) ) ;
#1068 = DIRECTION ( 'NONE',  ( -1.000000000000000000, 0.0000000000000000000, 0.0000000000000000000 ) ) ;
#1069 = VERTEX_POINT ( 'NONE', #6201 ) ;
#1070 = VECTOR ( 'NONE', #6830, 1000.000000000000000 ) ;
#1071 = EDGE_CURVE ( 'NONE', #2769, #1032, #4829, .T. ) ;
#1072 = ORIENTED_EDGE ( 'NONE', *, *, #4453, .F. ) ;
#1073 = DIRECTION ( 'NONE',  ( 0.0000000000000000000, 0.0000000000000000000, -1.000000000000000000 ) ) ;
#1074 = UNCERTAINTY_MEASURE_WITH_UNIT (LENGTH_MEASURE( 1.000000000000000082E-05 ), #1698, 'distance_accuracy_value', 'NONE');
#1075 = VECTOR ( 'NONE', #2922, 1000.000000000000000 ) ;
#1076 = FACE_OUTER_BOUND ( 'NONE', #2825, .T. ) ;
#1077 = CARTESIAN_POINT ( 'NONE',  ( 3.024999999999999911, 1.000000000000000000, 1.525000000000000133 ) ) ;
#1078 = STYLED_ITEM ( 'NONE', ( #4481 ), #4318 ) ;
#1079 = CARTESIAN_POINT ( 'NONE',  ( -1.875000000000000000, 3.149999999999999911, -2.024999999999999911 ) ) ;
#1080 = ORIENTED_EDGE ( 'NONE', *, *, #462, .F. ) ;
#1081 = VERTEX_POINT ( 'NONE', #5019 ) ;
#1082 = ADVANCED_FACE ( 'NONE', ( #3915 ), #1053, .F. ) ;
#1083 = DIRECTION ( 'NONE',  ( -1.000000000000000000, 0.0000000000000000000, 0.0000000000000000000 ) ) ;
#1084 = DIRECTION ( 'NONE',  ( 0.0000000000000000000, 3.252606517456512119E-15, -1.000000000000000000 ) ) ;
#1085 = PLANE ( 'NONE',  #2957 ) ;
#1086 = VERTEX_POINT ( 'NONE', #2143 ) ;
#1087 =( GEOMETRIC_REPRESENTATION_CONTEXT ( 3 ) GLOBAL_UNCERTAINTY_ASSIGNED_CONTEXT ( ( #4861 ) ) GLOBAL_UNIT_ASSIGNED_CONTEXT ( ( #1019, #3325, #2685 ) ) REPRESENTATION_CONTEXT ( 'NONE', 'WORKASPACE' ) );
#1088 = VECTOR ( 'NONE', #220, 1000.000000000000000 ) ;
#1089 = ORIENTED_EDGE ( 'NONE', *, *, #2855, .F. ) ;
#1090 = VERTEX_POINT ( 'NONE', #5664 ) ;
#1091 = LINE ( 'NONE', #2330, #738 ) ;
#1092 = EDGE_CURVE ( 'NONE', #3727, #4079, #427, .T. ) ;
#1093 = CARTESIAN_POINT ( 'NONE',  ( 4.975000000000000533, 1.999999999999997780, -2.075000000000008615 ) ) ;
#1094 = CARTESIAN_POINT ( 'NONE',  ( 3.024999999999999911, 0.3499999999999999778, -2.075000000000000178 ) ) ;
#1095 = CARTESIAN_POINT ( 'NONE',  ( -0.5150000000000000133, 1.850000000000000089, -1.025000000000000133 ) ) ;
#1096 = LINE ( 'NONE', #3415, #7342 ) ;
#1097 = VERTEX_POINT ( 'NONE', #5159 ) ;
#1098 = DIRECTION ( 'NONE',  ( 1.000000000000000000, 0.0000000000000000000, 0.0000000000000000000 ) ) ;
#1099 = VECTOR ( 'NONE', #3775, 1000.000000000000000 ) ;
#1100 = CARTESIAN_POINT ( 'NONE',  ( 0.5250000000000000222, 1.350000000000000089, 0.0000000000000000000 ) ) ;
#1101 = CARTESIAN_POINT ( 'NONE',  ( 2.075000000000000178, 1.850000000000000089, -1.474999999999999867 ) ) ;
#1102 = ORIENTED_EDGE ( 'NONE', *, *, #2586, .F. ) ;
#1103 = DIRECTION ( 'NONE',  ( 0.0000000000000000000, -1.000000000000000000, 0.0000000000000000000 ) ) ;
#1104 = DIRECTION ( 'NONE',  ( 1.000000000000000000, 0.0000000000000000000, 0.0000000000000000000 ) ) ;
#1105 = ORIENTED_EDGE ( 'NONE', *, *, #6173, .F. ) ;
#1106 = VECTOR ( 'NONE', #3188, 1000.000000000000000 ) ;
#1107 = CARTESIAN_POINT ( 'NONE',  ( -2.024999999999999911, 2.250000000000000000, -1.925000000000000044 ) ) ;
#1108 = DIRECTION ( 'NONE',  ( -0.0000000000000000000, 1.000000000000000000, 0.0000000000000000000 ) ) ;
#1109 = AXIS2_PLACEMENT_3D ( 'NONE', #1210, #3047, #1850 ) ;
#1110 = PLANE ( 'NONE',  #4862 ) ;
#1111 = CARTESIAN_POINT ( 'NONE',  ( 0.4249999999999999889, 1.850000000000000089, 2.024999999999999911 ) ) ;
#1112 = ORIENTED_EDGE ( 'NONE', *, *, #719, .F. ) ;
#1113 = VERTEX_POINT ( 'NONE', #6780 ) ;
#1114 = CARTESIAN_POINT ( 'NONE',  ( 1.974999999999999867, 0.3500000000000000333, -2.024999999999999911 ) ) ;
#1115 = FACE_OUTER_BOUND ( 'NONE', #5434, .T. ) ;
#1116 = DIRECTION ( 'NONE',  ( -1.000000000000000000, 0.0000000000000000000, 0.0000000000000000000 ) ) ;
#1117 = PRESENTATION_STYLE_ASSIGNMENT (( #6935 ) ) ;
#1118 = VECTOR ( 'NONE', #2742, 1000.000000000000000 ) ;
#1119 = EDGE_CURVE ( 'NONE', #3347, #2959, #2139, .T. ) ;
#1120 = FILL_AREA_STYLE ('',( #3689 ) ) ;
#1121 = EDGE_LOOP ( 'NONE', ( #3860, #213, #3196, #2201 ) ) ;
#1122 = ORIENTED_EDGE ( 'NONE', *, *, #6038, .T. ) ;
#1123 = PRESENTATION_STYLE_ASSIGNMENT (( #4962 ) ) ;
#1124 = VECTOR ( 'NONE', #6852, 1000.000000000000000 ) ;
#1125 = AXIS2_PLACEMENT_3D ( 'NONE', #1851, #6351, #2955 ) ;
#1126 = LINE ( 'NONE', #3417, #7027 ) ;
#1127 = ADVANCED_FACE ( 'NONE', ( #3830 ), #2238, .F. ) ;
#1128 = ORIENTED_EDGE ( 'NONE', *, *, #7289, .F. ) ;
#1129 = VERTEX_POINT ( 'NONE', #535 ) ;
#1130 = VECTOR ( 'NONE', #2366, 1000.000000000000000 ) ;
#1131 = EDGE_CURVE ( 'NONE', #6741, #3153, #6691, .T. ) ;
#1132 = VECTOR ( 'NONE', #6470, 1000.000000000000000 ) ;
#1133 = ORIENTED_EDGE ( 'NONE', *, *, #881, .F. ) ;
#1134 = EDGE_CURVE ( 'NONE', #878, #4009, #4459, .T. ) ;
#1135 = ORIENTED_EDGE ( 'NONE', *, *, #4636, .F. ) ;
#1136 = VERTEX_POINT ( 'NONE', #5690 ) ;
#1137 = VECTOR ( 'NONE', #353, 1000.000000000000000 ) ;
#1138 = CARTESIAN_POINT ( 'NONE',  ( 0.7249999999999998668, 0.3499999999999999778, -2.075000000000000178 ) ) ;
#1139 = CARTESIAN_POINT ( 'NONE',  ( 0.7250000000000000888, 0.0000000000000000000, 2.024999999999999911 ) ) ;
#1140 = DIRECTION ( 'NONE',  ( -1.000000000000000000, 0.0000000000000000000, 0.0000000000000000000 ) ) ;
#1141 = EDGE_CURVE ( 'NONE', #3085, #3436, #5085, .T. ) ;
#1142 = CARTESIAN_POINT ( 'NONE',  ( 3.675000000000000266, 2.550000000000000266, 2.024999999999999911 ) ) ;
#1143 = CARTESIAN_POINT ( 'NONE',  ( 1.774999999999999911, -0.6500000000000000222, -2.075000000000000178 ) ) ;
#1144 = ORIENTED_EDGE ( 'NONE', *, *, #2302, .F. ) ;
#1145 = FACE_OUTER_BOUND ( 'NONE', #2866, .T. ) ;
#1146 = ORIENTED_EDGE ( 'NONE', *, *, #6194, .T. ) ;
#1147 = FILL_AREA_STYLE ('',( #6150 ) ) ;
#1148 = AXIS2_PLACEMENT_3D ( 'NONE', #4245, #4839, #1377 ) ;
#1149 = DIRECTION ( 'NONE',  ( 1.000000000000000000, 0.0000000000000000000, 0.0000000000000000000 ) ) ;
#1150 = EDGE_LOOP ( 'NONE', ( #7306, #2312, #4134, #2036 ) ) ;
#1151 = FACE_OUTER_BOUND ( 'NONE', #7285, .T. ) ;
#1152 = ORIENTED_EDGE ( 'NONE', *, *, #2088, .T. ) ;
#1153 = DIRECTION ( 'NONE',  ( 0.0000000000000000000, -1.000000000000000000, 0.0000000000000000000 ) ) ;
#1154 = DIRECTION ( 'NONE',  ( 0.0000000000000000000, 1.000000000000000000, 0.0000000000000000000 ) ) ;
#1155 =( GEOMETRIC_REPRESENTATION_CONTEXT ( 3 ) GLOBAL_UNCERTAINTY_ASSIGNED_CONTEXT ( ( #2190 ) ) GLOBAL_UNIT_ASSIGNED_CONTEXT ( ( #2551, #4350, #6087 ) ) REPRESENTATION_CONTEXT ( 'NONE', 'WORKASPACE' ) );
#1156 = VECTOR ( 'NONE', #6302, 1000.000000000000000 ) ;
#1157 = DIRECTION ( 'NONE',  ( 1.000000000000000000, 0.0000000000000000000, 0.0000000000000000000 ) ) ;
#1158 = ORIENTED_EDGE ( 'NONE', *, *, #3620, .F. ) ;
#1159 =( NAMED_UNIT ( * ) SI_UNIT ( $, .STERADIAN. ) SOLID_ANGLE_UNIT ( ) );
#1160 =( NAMED_UNIT ( * ) PLANE_ANGLE_UNIT ( ) SI_UNIT ( $, .RADIAN. ) );
#1161 = EDGE_CURVE ( 'NONE', #1834, #2118, #1594, .T. ) ;
#1162 = DIRECTION ( 'NONE',  ( 0.0000000000000000000, 1.000000000000000000, 0.0000000000000000000 ) ) ;
#1163 = DIRECTION ( 'NONE',  ( 0.0000000000000000000, 1.000000000000000000, 0.0000000000000000000 ) ) ;
#1164 = VECTOR ( 'NONE', #932, 1000.000000000000000 ) ;
#1165 = DIRECTION ( 'NONE',  ( -1.000000000000000000, 0.0000000000000000000, 0.0000000000000000000 ) ) ;
#1166 = VECTOR ( 'NONE', #2171, 1000.000000000000000 ) ;
#1167 = ORIENTED_EDGE ( 'NONE', *, *, #1842, .F. ) ;
#1168 = CARTESIAN_POINT ( 'NONE',  ( -0.7249999999999999778, 1.649999999999999911, -1.474999999999999867 ) ) ;
#1169 = STYLED_ITEM ( 'NONE', ( #1117 ), #2376 ) ;
#1170 = VECTOR ( 'NONE', #4384, 1000.000000000000000 ) ;
#1171 = VECTOR ( 'NONE', #4933, 1000.000000000000000 ) ;
#1172 = CARTESIAN_POINT ( 'NONE',  ( 3.024999999999999911, 1.649999999999999911, -1.474999999999999867 ) ) ;
#1173 = CARTESIAN_POINT ( 'NONE',  ( 0.0000000000000000000, 1.000000000000000000, -1.474999999999999867 ) ) ;
#1174 = EDGE_CURVE ( 'NONE', #4155, #4439, #6170, .T. ) ;
#1175 = VECTOR ( 'NONE', #1893, 1000.000000000000000 ) ;
#1176 = VERTEX_POINT ( 'NONE', #2323 ) ;
#1177 = EDGE_CURVE ( 'NONE', #2227, #7363, #4089, .T. ) ;
#1178 = VECTOR ( 'NONE', #6617, 1000.000000000000000 ) ;
#1179 = EDGE_LOOP ( 'NONE', ( #4211, #4236, #3760, #642, #6423, #996 ) ) ;
#1180 = DIRECTION ( 'NONE',  ( 0.0000000000000000000, -0.9486832980505138790, -0.3162277660168379412 ) ) ;
#1181 = DIRECTION ( 'NONE',  ( -0.0000000000000000000, 1.000000000000000000, -0.0000000000000000000 ) ) ;
#1182 = VERTEX_POINT ( 'NONE', #563 ) ;
#1183 = LINE ( 'NONE', #3940, #1998 ) ;
#1184 = FACE_OUTER_BOUND ( 'NONE', #1052, .T. ) ;
#1185 = VERTEX_POINT ( 'NONE', #6278 ) ;
#1186 = ORIENTED_EDGE ( 'NONE', *, *, #5530, .F. ) ;
#1187 = DIRECTION ( 'NONE',  ( -0.0000000000000000000, 1.000000000000000000, 0.0000000000000000000 ) ) ;
#1188 = DIRECTION ( 'NONE',  ( 0.0000000000000000000, 1.000000000000000000, 0.0000000000000000000 ) ) ;
#1189 = CARTESIAN_POINT ( 'NONE',  ( -0.7349999999999999867, 1.850000000000000089, -1.025000000000000133 ) ) ;
#1190 = CARTESIAN_POINT ( 'NONE',  ( 3.235000000000000320, 1.850000000000000089, -1.025000000000000133 ) ) ;
#1191 = PLANE ( 'NONE',  #2321 ) ;
#1192 = ADVANCED_FACE ( 'NONE', ( #695 ), #3950, .T. ) ;
#1193 =( LENGTH_UNIT ( ) NAMED_UNIT ( * ) SI_UNIT ( .MILLI., .METRE. ) );
#1194 = EDGE_CURVE ( 'NONE', #3697, #3274, #3735, .T. ) ;
#1195 = VECTOR ( 'NONE', #1581, 1000.000000000000000 ) ;
#1196 = ORIENTED_EDGE ( 'NONE', *, *, #1161, .F. ) ;
#1197 = VECTOR ( 'NONE', #6451, 1000.000000000000000 ) ;
#1198 = CARTESIAN_POINT ( 'NONE',  ( -0.5250000000000000222, 0.0000000000000000000, 2.024999999999999911 ) ) ;
#1199 = VECTOR ( 'NONE', #2962, 1000.000000000000000 ) ;
#1200 = VERTEX_POINT ( 'NONE', #6804 ) ;
#1201 = COLOUR_RGB ( '',1.000000000000000000, 1.000000000000000000, 1.000000000000000000 ) ;
#1202 = DIRECTION ( 'NONE',  ( 1.000000000000000000, 0.0000000000000000000, -0.0000000000000000000 ) ) ;
#1203 = VERTEX_POINT ( 'NONE', #2869 ) ;
#1204 = EDGE_LOOP ( 'NONE', ( #1112, #2692, #2236, #6416 ) ) ;
#1205 = EDGE_CURVE ( 'NONE', #953, #491, #5608, .T. ) ;
#1206 = ORIENTED_EDGE ( 'NONE', *, *, #5025, .F. ) ;
#1207 = VECTOR ( 'NONE', #3565, 1000.000000000000000 ) ;
#1208 = DIRECTION ( 'NONE',  ( 0.0000000000000000000, -1.000000000000000000, 0.0000000000000000000 ) ) ;
#1209 = CARTESIAN_POINT ( 'NONE',  ( -2.274999999999999911, 1.949999999999999512, 2.025000000000007017 ) ) ;
#1210 = CARTESIAN_POINT ( 'NONE',  ( -2.274999999999999911, 0.6000000000000024203, 1.375000000000002442 ) ) ;
#1211 =( LENGTH_UNIT ( ) NAMED_UNIT ( * ) SI_UNIT ( .MILLI., .METRE. ) );
#1212 = DIRECTION ( 'NONE',  ( 0.0000000000000000000, 0.0000000000000000000, -1.000000000000000000 ) ) ;
#1213 = ORIENTED_EDGE ( 'NONE', *, *, #433, .T. ) ;
#1214 = LINE ( 'NONE', #5273, #2571 ) ;
#1215 = VECTOR ( 'NONE', #7019, 1000.000000000000000 ) ;
#1216 = LINE ( 'NONE', #5398, #2487 ) ;
#1217 = EDGE_CURVE ( 'NONE', #5261, #2136, #6763, .T. ) ;
#1218 = DIRECTION ( 'NONE',  ( 0.0000000000000000000, 1.000000000000000000, 0.0000000000000000000 ) ) ;
#1219 = EDGE_LOOP ( 'NONE', ( #4729, #6762, #5080, #1416 ) ) ;
#1220 = AXIS2_PLACEMENT_3D ( 'NONE', #7105, #3693, #858 ) ;
#1221 = LINE ( 'NONE', #5533, #5173 ) ;
#1222 = DIRECTION ( 'NONE',  ( 0.0000000000000000000, -0.6650335612228979176, -0.7468134723257140450 ) ) ;
#1223 = CARTESIAN_POINT ( 'NONE',  ( -1.875000000000000000, 3.750000000000000000, 2.025999999999999801 ) ) ;
#1224 = ORIENTED_EDGE ( 'NONE', *, *, #5757, .T. ) ;
#1225 = ORIENTED_EDGE ( 'NONE', *, *, #4987, .F. ) ;
#1226 = DIRECTION ( 'NONE',  ( 0.0000000000000000000, 0.0000000000000000000, 1.000000000000000000 ) ) ;
#1227 = VECTOR ( 'NONE', #1647, 1000.000000000000000 ) ;
#1228 = ORIENTED_EDGE ( 'NONE', *, *, #414, .T. ) ;
#1229 = EDGE_CURVE ( 'NONE', #3043, #3767, #6160, .T. ) ;
#1230 = ORIENTED_EDGE ( 'NONE', *, *, #4847, .F. ) ;
#1231 = CARTESIAN_POINT ( 'NONE',  ( 4.775000000000000355, 1.949999999999999512, 2.025000000000007017 ) ) ;
#1232 = ADVANCED_FACE ( 'NONE', ( #6358 ), #5773, .T. ) ;
#1233 = DIRECTION ( 'NONE',  ( 0.0000000000000000000, 0.0000000000000000000, -1.000000000000000000 ) ) ;
#1234 = VERTEX_POINT ( 'NONE', #3450 ) ;
#1235 = FILL_AREA_STYLE ('',( #6940 ) ) ;
#1236 = CARTESIAN_POINT ( 'NONE',  ( 4.775000000000000355, 1.999999999999998668, -1.425000000000000933 ) ) ;
#1237 = CARTESIAN_POINT ( 'NONE',  ( 0.5249999999999999112, 0.3500000000000000333, -2.024999999999999911 ) ) ;
#1238 = EDGE_CURVE ( 'NONE', #5854, #6991, #3111, .T. ) ;
#1239 = ORIENTED_EDGE ( 'NONE', *, *, #6775, .F. ) ;
#1240 = VECTOR ( 'NONE', #2889, 1000.000000000000000 ) ;
#1241 = ORIENTED_EDGE ( 'NONE', *, *, #1914, .T. ) ;
#1242 = EDGE_LOOP ( 'NONE', ( #4001, #3557, #3201, #3628 ) ) ;
#1243 = PRESENTATION_LAYER_ASSIGNMENT (  '', '', ( #7132 ) ) ;
#1244 = DIRECTION ( 'NONE',  ( 0.0000000000000000000, 1.000000000000000000, -1.339206523454102177E-15 ) ) ;
#1245 = VECTOR ( 'NONE', #780, 1000.000000000000000 ) ;
#1246 = LINE ( 'NONE', #2603, #5746 ) ;
#1247 = ORIENTED_EDGE ( 'NONE', *, *, #4108, .F. ) ;
#1248 =( GEOMETRIC_REPRESENTATION_CONTEXT ( 3 ) GLOBAL_UNCERTAINTY_ASSIGNED_CONTEXT ( ( #5478 ) ) GLOBAL_UNIT_ASSIGNED_CONTEXT ( ( #1529, #5523, #6677 ) ) REPRESENTATION_CONTEXT ( 'NONE', 'WORKASPACE' ) );
#1249 = ORIENTED_EDGE ( 'NONE', *, *, #4070, .F. ) ;
#1250 = CARTESIAN_POINT ( 'NONE',  ( 1.984999999999999876, 1.649999999999999911, -1.474999999999999867 ) ) ;
#1251 = EDGE_CURVE ( 'NONE', #7112, #3727, #5327, .T. ) ;
#1252 = CARTESIAN_POINT ( 'NONE',  ( 3.024999999999999911, 1.850000000000000089, -1.698606797699999893 ) ) ;
#1253 = CARTESIAN_POINT ( 'NONE',  ( 2.875000000000000444, 2.250000000000000000, 1.025000000000000133 ) ) ;
#1254 = EDGE_LOOP ( 'NONE', ( #448, #1549, #88, #3623, #762, #5271, #6806, #5532, #5007, #3795, #6457, #734, #6172, #4196, #5606, #6825 ) ) ;
#1255 = DIRECTION ( 'NONE',  ( 0.0000000000000000000, 0.0000000000000000000, -1.000000000000000000 ) ) ;
#1256 = CARTESIAN_POINT ( 'NONE',  ( -2.475000000000000089, 3.599999999999999201, -0.07500000000000128786 ) ) ;
#1257 = UNCERTAINTY_MEASURE_WITH_UNIT (LENGTH_MEASURE( 1.000000000000000082E-05 ), #5832, 'distance_accuracy_value', 'NONE');
#1258 = ORIENTED_EDGE ( 'NONE', *, *, #789, .F. ) ;
#1259 = EDGE_LOOP ( 'NONE', ( #5883, #2013, #4730, #5083, #2474, #3293 ) ) ;
#1260 = AXIS2_PLACEMENT_3D ( 'NONE', #4309, #1428, #6074 ) ;
#1261 = CARTESIAN_POINT ( 'NONE',  ( 0.5250000000000000222, 1.315130797599999957, 1.171117220399999770 ) ) ;
#1262 = VECTOR ( 'NONE', #3633, 1000.000000000000000 ) ;
#1263 = PLANE ( 'NONE',  #6995 ) ;
#1264 = CARTESIAN_POINT ( 'NONE',  ( 0.7250000000000000888, 1.795247431900000024, 2.024999999999999911 ) ) ;
#1265 = VECTOR ( 'NONE', #1946, 1000.000000000000000 ) ;
#1266 = DIRECTION ( 'NONE',  ( 1.000000000000000000, 0.0000000000000000000, 0.0000000000000000000 ) ) ;
#1267 = ORIENTED_EDGE ( 'NONE', *, *, #1968, .F. ) ;
#1268 = EDGE_CURVE ( 'NONE', #5403, #6916, #3819, .T. ) ;
#1269 = ORIENTED_EDGE ( 'NONE', *, *, #7378, .T. ) ;
#1270 = ADVANCED_FACE ( 'NONE', ( #1942 ), #4671, .F. ) ;
#1271 = DIRECTION ( 'NONE',  ( -1.000000000000000000, -0.0000000000000000000, -0.0000000000000000000 ) ) ;
#1272 = VECTOR ( 'NONE', #5492, 1000.000000000000000 ) ;
#1273 = EDGE_CURVE ( 'NONE', #6181, #5710, #6858, .T. ) ;
#1274 = FACE_OUTER_BOUND ( 'NONE', #4925, .T. ) ;
#1275 = ORIENTED_EDGE ( 'NONE', *, *, #5500, .F. ) ;
#1276 = ORIENTED_EDGE ( 'NONE', *, *, #4034, .T. ) ;
#1277 = EDGE_CURVE ( 'NONE', #6530, #399, #2316, .T. ) ;
#1278 = CARTESIAN_POINT ( 'NONE',  ( 1.775000000000000133, 0.5547525681000000652, 2.024999999999999911 ) ) ;
#1279 = CARTESIAN_POINT ( 'NONE',  ( 4.975000000000000533, 4.249999999999998224, -2.075000000000001510 ) ) ;
#1280 = VECTOR ( 'NONE', #1266, 1000.000000000000000 ) ;
#1281 = EDGE_LOOP ( 'NONE', ( #4897, #2195, #3245, #7107 ) ) ;
#1282 = DIRECTION ( 'NONE',  ( 1.000000000000000000, 0.0000000000000000000, 0.0000000000000000000 ) ) ;
#1283 = CARTESIAN_POINT ( 'NONE',  ( 3.225000000000000533, 1.850000000000000089, -1.698606797699999893 ) ) ;
#1284 =( NAMED_UNIT ( * ) PLANE_ANGLE_UNIT ( ) SI_UNIT ( $, .RADIAN. ) );
#1285 = LINE ( 'NONE', #6603, #5495 ) ;
#1286 = EDGE_CURVE ( 'NONE', #5308, #2673, #5245, .T. ) ;
#1287 =( NAMED_UNIT ( * ) PLANE_ANGLE_UNIT ( ) SI_UNIT ( $, .RADIAN. ) );
#1288 = ORIENTED_EDGE ( 'NONE', *, *, #4835, .T. ) ;
#1289 = EDGE_LOOP ( 'NONE', ( #3455, #5673, #1632, #3419 ) ) ;
#1290 = DIRECTION ( 'NONE',  ( -0.0000000000000000000, 1.000000000000000000, 0.0000000000000000000 ) ) ;
#1291 = VECTOR ( 'NONE', #824, 1000.000000000000000 ) ;
#1292 = VECTOR ( 'NONE', #5644, 1000.000000000000000 ) ;
#1293 = AXIS2_PLACEMENT_3D ( 'NONE', #2849, #2878, #4578 ) ;
#1294 = AXIS2_PLACEMENT_3D ( 'NONE', #5480, #4346, #1544 ) ;
#1295 = ORIENTED_EDGE ( 'NONE', *, *, #5593, .F. ) ;
#1296 = ORIENTED_EDGE ( 'NONE', *, *, #3925, .F. ) ;
#1297 = ORIENTED_EDGE ( 'NONE', *, *, #4896, .T. ) ;
#1298 = ORIENTED_EDGE ( 'NONE', *, *, #6938, .T. ) ;
#1299 = LINE ( 'NONE', #7050, #1215 ) ;
#1300 = FACE_OUTER_BOUND ( 'NONE', #3568, .T. ) ;
#1301 = FACE_OUTER_BOUND ( 'NONE', #5557, .T. ) ;
#1302 = EDGE_CURVE ( 'NONE', #3502, #5188, #1214, .T. ) ;
#1303 = ORIENTED_EDGE ( 'NONE', *, *, #1782, .F. ) ;
#1304 = ORIENTED_EDGE ( 'NONE', *, *, #7066, .F. ) ;
#1305 = VECTOR ( 'NONE', #5392, 1000.000000000000000 ) ;
#1306 = VECTOR ( 'NONE', #4642, 1000.000000000000000 ) ;
#1307 = ADVANCED_FACE ( 'NONE', ( #7201 ), #4150, .F. ) ;
#1308 = VECTOR ( 'NONE', #3477, 1000.000000000000000 ) ;
#1309 = CARTESIAN_POINT ( 'NONE',  ( 0.5249999999999999112, 0.3499999999999999778, -2.075000000000000178 ) ) ;
#1310 = CARTESIAN_POINT ( 'NONE',  ( -2.274999999999999911, 2.250000000000000000, -2.024999999999999911 ) ) ;
#1311 = ORIENTED_EDGE ( 'NONE', *, *, #4210, .F. ) ;
#1312 = CARTESIAN_POINT ( 'NONE',  ( 3.024999999999999911, -0.6500000000000000222, -1.775000000000000133 ) ) ;
#1313 = EDGE_LOOP ( 'NONE', ( #1596, #2806, #1572, #5809 ) ) ;
#1314 = VECTOR ( 'NONE', #6235, 1000.000000000000000 ) ;
#1315 = EDGE_CURVE ( 'NONE', #6047, #6477, #4644, .T. ) ;
#1316 =( LENGTH_UNIT ( ) NAMED_UNIT ( * ) SI_UNIT ( .MILLI., .METRE. ) );
#1317 = DIRECTION ( 'NONE',  ( -1.000000000000000000, 0.0000000000000000000, 0.0000000000000000000 ) ) ;
#1318 = AXIS2_PLACEMENT_3D ( 'NONE', #2680, #5008, #1577 ) ;
#1319 = CARTESIAN_POINT ( 'NONE',  ( -2.274999999999999911, 4.250000000000000000, -1.925000000000000044 ) ) ;
#1320 = ORIENTED_EDGE ( 'NONE', *, *, #4344, .F. ) ;
#1321 = VECTOR ( 'NONE', #3410, 1000.000000000000000 ) ;
#1322 = ORIENTED_EDGE ( 'NONE', *, *, #5990, .T. ) ;
#1323 = CARTESIAN_POINT ( 'NONE',  ( -0.7249999999999999778, 1.850000000000000089, 2.024999999999999911 ) ) ;
#1324 = PRESENTATION_STYLE_ASSIGNMENT (( #2553 ) ) ;
#1325 = VERTEX_POINT ( 'NONE', #2389 ) ;
#1326 = MECHANICAL_DESIGN_GEOMETRIC_PRESENTATION_REPRESENTATION (  '', ( #7211 ), #4023 ) ;
#1327 = CARTESIAN_POINT ( 'NONE',  ( 1.250000000000000000, 0.0000000000000000000, -1.025000000000000133 ) ) ;
#1328 = DIRECTION ( 'NONE',  ( -1.000000000000000000, 0.0000000000000000000, -0.0000000000000000000 ) ) ;
#1329 = CARTESIAN_POINT ( 'NONE',  ( 2.925000000000000266, 1.649999999999999911, -1.474999999999999867 ) ) ;
#1330 = CARTESIAN_POINT ( 'NONE',  ( -0.5250000000000000222, -0.004464445899999999919, 0.003975566199999999890 ) ) ;
#1331 = LINE ( 'NONE', #5089, #1973 ) ;
#1332 = LINE ( 'NONE', #1622, #4678 ) ;
#1333 = FILL_AREA_STYLE_COLOUR ( '', #5235 ) ;
#1334 = CARTESIAN_POINT ( 'NONE',  ( 1.975000000000000089, 0.0000000000000000000, 2.024999999999999911 ) ) ;
#1335 = DIRECTION ( 'NONE',  ( 1.000000000000000000, 0.0000000000000000000, 0.0000000000000000000 ) ) ;
#1336 = CARTESIAN_POINT ( 'NONE',  ( 1.975000000000000089, 0.05000000000000002359, -1.775000000000000133 ) ) ;
#1337 = VECTOR ( 'NONE', #3867, 1000.000000000000000 ) ;
#1338 = PRESENTATION_STYLE_ASSIGNMENT (( #4020 ) ) ;
#1339 = DIRECTION ( 'NONE',  ( 0.0000000000000000000, -0.0000000000000000000, -1.000000000000000000 ) ) ;
#1340 = ORIENTED_EDGE ( 'NONE', *, *, #5355, .F. ) ;
#1341 = ADVANCED_FACE ( 'NONE', ( #1390 ), #3479, .F. ) ;
#1342 = ORIENTED_EDGE ( 'NONE', *, *, #4931, .T. ) ;
#1343 = LINE ( 'NONE', #1352, #266 ) ;
#1344 = ORIENTED_EDGE ( 'NONE', *, *, #3958, .F. ) ;
#1345 = LINE ( 'NONE', #5430, #6646 ) ;
#1346 = FACE_OUTER_BOUND ( 'NONE', #5790, .T. ) ;
#1347 = VERTEX_POINT ( 'NONE', #1264 ) ;
#1348 = ORIENTED_EDGE ( 'NONE', *, *, #2060, .T. ) ;
#1349 = CARTESIAN_POINT ( 'NONE',  ( 4.775000000000000355, 0.6000000000000076383, -0.2249999999999982014 ) ) ;
#1350 = EDGE_CURVE ( 'NONE', #3951, #4155, #2752, .T. ) ;
#1351 = CARTESIAN_POINT ( 'NONE',  ( -1.175000000000000044, 1.850000000000000089, 2.024999999999999911 ) ) ;
#1352 = CARTESIAN_POINT ( 'NONE',  ( -0.5250000000000000222, 0.5000000000000000000, 2.024999999999999911 ) ) ;
#1353 =( LENGTH_UNIT ( ) NAMED_UNIT ( * ) SI_UNIT ( .MILLI., .METRE. ) );
#1354 = AXIS2_PLACEMENT_3D ( 'NONE', #3892, #4478, #4959 ) ;
#1355 = LINE ( 'NONE', #2956, #4966 ) ;
#1356 = ORIENTED_EDGE ( 'NONE', *, *, #4376, .T. ) ;
#1357 = DIRECTION ( 'NONE',  ( 0.0000000000000000000, -1.000000000000000000, 0.0000000000000000000 ) ) ;
#1358 = CARTESIAN_POINT ( 'NONE',  ( -0.8750000000000000000, 3.750000000000000000, -2.024999999999999911 ) ) ;
#1359 = AXIS2_PLACEMENT_3D ( 'NONE', #3891, #6814, #1061 ) ;
#1360 = CARTESIAN_POINT ( 'NONE',  ( 1.975000000000000089, 1.850000000000000089, 2.024999999999999911 ) ) ;
#1361 = DIRECTION ( 'NONE',  ( 0.0000000000000000000, 0.0000000000000000000, -1.000000000000000000 ) ) ;
#1362 = EDGE_CURVE ( 'NONE', #2910, #6891, #7031, .T. ) ;
#1363 = PLANE ( 'NONE',  #6092 ) ;
#1364 = LINE ( 'NONE', #5012, #7257 ) ;
#1365 = ORIENTED_EDGE ( 'NONE', *, *, #2240, .F. ) ;
#1366 = EDGE_CURVE ( 'NONE', #5891, #115, #3025, .T. ) ;
#1367 = VECTOR ( 'NONE', #6870, 1000.000000000000000 ) ;
#1368 = CARTESIAN_POINT ( 'NONE',  ( 4.775000000000000355, 1.950000000000001732, 2.024999999999999911 ) ) ;
#1369 = PLANE ( 'NONE',  #5404 ) ;
#1370 = VERTEX_POINT ( 'NONE', #3011 ) ;
#1371 = EDGE_CURVE ( 'NONE', #4305, #7112, #4448, .T. ) ;
#1372 = VECTOR ( 'NONE', #1975, 1000.000000000000000 ) ;
#1373 = ADVANCED_FACE ( 'NONE', ( #6520 ), #3524, .T. ) ;
#1374 = CARTESIAN_POINT ( 'NONE',  ( 1.975000000000000089, 0.0000000000000000000, 2.024999999999999911 ) ) ;
#1375 = DIRECTION ( 'NONE',  ( 0.0000000000000000000, -0.0000000000000000000, 1.000000000000000000 ) ) ;
#1376 = VERTEX_POINT ( 'NONE', #79 ) ;
#1377 = DIRECTION ( 'NONE',  ( 0.0000000000000000000, 0.0000000000000000000, -1.000000000000000000 ) ) ;
#1378 = CARTESIAN_POINT ( 'NONE',  ( -0.5250000000000000222, 1.000000000000000000, 0.0000000000000000000 ) ) ;
#1379 = PRESENTATION_LAYER_ASSIGNMENT (  '', '', ( #118 ) ) ;
#1380 = LINE ( 'NONE', #1252, #6756 ) ;
#1381 = DIRECTION ( 'NONE',  ( 0.0000000000000000000, -1.000000000000000000, 0.0000000000000000000 ) ) ;
#1382 = LINE ( 'NONE', #2548, #6067 ) ;
#1383 = VERTEX_POINT ( 'NONE', #5314 ) ;
#1384 = VECTOR ( 'NONE', #7035, 1000.000000000000000 ) ;
#1385 = CARTESIAN_POINT ( 'NONE',  ( 4.875000000000000888, 3.750000000000000000, 0.02500000000000000139 ) ) ;
#1386 = FILL_AREA_STYLE_COLOUR ( '', #2995 ) ;
#1387 = ORIENTED_EDGE ( 'NONE', *, *, #40, .T. ) ;
#1388 = ORIENTED_EDGE ( 'NONE', *, *, #5493, .F. ) ;
#1389 = CARTESIAN_POINT ( 'NONE',  ( 1.765000000000000124, 1.850000000000000089, -1.025000000000000133 ) ) ;
#1390 = FACE_OUTER_BOUND ( 'NONE', #913, .T. ) ;
#1391 = DIRECTION ( 'NONE',  ( 0.0000000000000000000, 0.0000000000000000000, -1.000000000000000000 ) ) ;
#1392 = VERTEX_POINT ( 'NONE', #32 ) ;
#1393 = VECTOR ( 'NONE', #320, 1000.000000000000000 ) ;
#1394 = CARTESIAN_POINT ( 'NONE',  ( -0.5250000000000000222, 0.3500000000000000333, -2.024999999999999911 ) ) ;
#1395 = VECTOR ( 'NONE', #6589, 1000.000000000000000 ) ;
#1396 = DIRECTION ( 'NONE',  ( 0.0000000000000000000, 0.0000000000000000000, 1.000000000000000000 ) ) ;
#1397 = ORIENTED_EDGE ( 'NONE', *, *, #2473, .T. ) ;
#1398 = EDGE_LOOP ( 'NONE', ( #1991, #1034, #4948, #3129 ) ) ;
#1399 = ORIENTED_EDGE ( 'NONE', *, *, #2929, .F. ) ;
#1400 = VECTOR ( 'NONE', #6254, 1000.000000000000000 ) ;
#1401 = ORIENTED_EDGE ( 'NONE', *, *, #7299, .T. ) ;
#1402 = DIRECTION ( 'NONE',  ( 0.0000000000000000000, -0.0000000000000000000, -1.000000000000000000 ) ) ;
#1403 = ORIENTED_EDGE ( 'NONE', *, *, #6959, .F. ) ;
#1404 = EDGE_CURVE ( 'NONE', #2777, #7356, #4180, .T. ) ;
#1405 = ORIENTED_EDGE ( 'NONE', *, *, #3145, .F. ) ;
#1406 = AXIS2_PLACEMENT_3D ( 'NONE', #5081, #6297, #6896 ) ;
#1407 = SURFACE_SIDE_STYLE ('',( #4041 ) ) ;
#1408 = FACE_OUTER_BOUND ( 'NONE', #5698, .T. ) ;
#1409 = CLOSED_SHELL ( 'NONE', ( #6747, #2862, #4129, #3083, #3045, #2255, #5395, #2817, #2496, #1507, #4751, #7180, #649, #5788, #5140, #1803, #1740, #4160 ) ) ;
#1410 = CARTESIAN_POINT ( 'NONE',  ( 1.975000000000000089, 1.000000000000000000, 1.525000000000000133 ) ) ;
#1411 = PLANE ( 'NONE',  #1148 ) ;
#1412 = DIRECTION ( 'NONE',  ( -1.000000000000000000, 0.0000000000000000000, 0.0000000000000000000 ) ) ;
#1413 = SURFACE_STYLE_USAGE ( .BOTH. , #4248 ) ;
#1414 = EDGE_CURVE ( 'NONE', #1514, #2168, #3286, .T. ) ;
#1415 = DIRECTION ( 'NONE',  ( 0.0000000000000000000, -1.000000000000000000, 0.0000000000000000000 ) ) ;
#1416 = ORIENTED_EDGE ( 'NONE', *, *, #4758, .F. ) ;
#1417 = VERTEX_POINT ( 'NONE', #4279 ) ;
#1418 = DIRECTION ( 'NONE',  ( 0.0000000000000000000, 0.0000000000000000000, 1.000000000000000000 ) ) ;
#1419 = DIRECTION ( 'NONE',  ( 0.0000000000000000000, 0.0000000000000000000, 1.000000000000000000 ) ) ;
#1420 = EDGE_CURVE ( 'NONE', #4348, #4605, #3631, .T. ) ;
#1421 = DIRECTION ( 'NONE',  ( -1.000000000000000000, 0.0000000000000000000, 0.0000000000000000000 ) ) ;
#1422 = ORIENTED_EDGE ( 'NONE', *, *, #4749, .F. ) ;
#1423 = ADVANCED_FACE ( 'NONE', ( #7109 ), #4819, .T. ) ;
#1424 = VECTOR ( 'NONE', #5712, 1000.000000000000000 ) ;
#1425 = ORIENTED_EDGE ( 'NONE', *, *, #6918, .T. ) ;
#1426 = SURFACE_STYLE_USAGE ( .BOTH. , #4827 ) ;
#1427 = EDGE_CURVE ( 'NONE', #5456, #4012, #4993, .T. ) ;
#1428 = DIRECTION ( 'NONE',  ( 1.000000000000000000, 0.0000000000000000000, 0.0000000000000000000 ) ) ;
#1429 = FACE_OUTER_BOUND ( 'NONE', #2055, .T. ) ;
#1430 = FACE_OUTER_BOUND ( 'NONE', #1611, .T. ) ;
#1431 = ORIENTED_EDGE ( 'NONE', *, *, #7293, .T. ) ;
#1432 = PRESENTATION_LAYER_ASSIGNMENT (  '', '', ( #6904 ) ) ;
#1433 = EDGE_CURVE ( 'NONE', #7302, #5296, #3996, .T. ) ;
#1434 = CARTESIAN_POINT ( 'NONE',  ( 3.024999999999999911, -0.6500000000000000222, -1.775000000000000133 ) ) ;
#1435 = CARTESIAN_POINT ( 'NONE',  ( 5.375000000000000000, 0.6000000000000024203, 1.375000000000002442 ) ) ;
#1436 = ORIENTED_EDGE ( 'NONE', *, *, #3431, .F. ) ;
#1437 = DIRECTION ( 'NONE',  ( 1.000000000000000000, 0.0000000000000000000, 0.0000000000000000000 ) ) ;
#1438 = FACE_OUTER_BOUND ( 'NONE', #1121, .T. ) ;
#1439 = CARTESIAN_POINT ( 'NONE',  ( 1.775000000000000133, 1.649999999999999911, -1.698606797699999893 ) ) ;
#1440 = ORIENTED_EDGE ( 'NONE', *, *, #3761, .T. ) ;
#1441 = CARTESIAN_POINT ( 'NONE',  ( -1.875000000000000000, 0.5000000000000000000, -1.474999999999999867 ) ) ;
#1442 = CARTESIAN_POINT ( 'NONE',  ( 3.024999999999999911, 1.850000000000000089, -1.698606797699999893 ) ) ;
#1443 = STYLED_ITEM ( 'NONE', ( #3859 ), #7408 ) ;
#1444 = EDGE_LOOP ( 'NONE', ( #5162, #97, #6353, #4817 ) ) ;
#1445 = FILL_AREA_STYLE_COLOUR ( '', #3449 ) ;
#1446 = CARTESIAN_POINT ( 'NONE',  ( -0.7249999999999999778, 1.000000000000000000, 1.525000000000000133 ) ) ;
#1447 = ORIENTED_EDGE ( 'NONE', *, *, #6545, .T. ) ;
#1448 = CARTESIAN_POINT ( 'NONE',  ( -2.274999999999999911, 1.950000000000002176, 1.375000000000006883 ) ) ;
#1449 = ORIENTED_EDGE ( 'NONE', *, *, #1951, .T. ) ;
#1450 = VECTOR ( 'NONE', #7055, 1000.000000000000000 ) ;
#1451 = EDGE_CURVE ( 'NONE', #951, #87, #36, .T. ) ;
#1452 = CARTESIAN_POINT ( 'NONE',  ( 1.975000000000000089, 0.3500000000000000333, -2.024999999999999911 ) ) ;
#1453 = LINE ( 'NONE', #6966, #1643 ) ;
#1454 = VERTEX_POINT ( 'NONE', #4203 ) ;
#1455 = CARTESIAN_POINT ( 'NONE',  ( 1.984999999999999876, 1.000000000000000000, -1.025000000000000133 ) ) ;
#1456 = VECTOR ( 'NONE', #3319, 1000.000000000000114 ) ;
#1457 = ADVANCED_FACE ( 'NONE', ( #6944 ), #3109, .F. ) ;
#1458 = CARTESIAN_POINT ( 'NONE',  ( -2.875000000000000000, 3.600000000000000977, -0.07499999999999998335 ) ) ;
#1459 = VECTOR ( 'NONE', #6819, 1000.000000000000000 ) ;
#1460 = ORIENTED_EDGE ( 'NONE', *, *, #6188, .F. ) ;
#1461 = EDGE_CURVE ( 'NONE', #3220, #2594, #2128, .T. ) ;
#1462 = CARTESIAN_POINT ( 'NONE',  ( 1.775000000000000133, 1.000000000000000000, -1.525000000000000133 ) ) ;
#1463 = VECTOR ( 'NONE', #1860, 1000.000000000000000 ) ;
#1464 =( GEOMETRIC_REPRESENTATION_CONTEXT ( 3 ) GLOBAL_UNCERTAINTY_ASSIGNED_CONTEXT ( ( #1963 ) ) GLOBAL_UNIT_ASSIGNED_CONTEXT ( ( #5011, #3301, #3104 ) ) REPRESENTATION_CONTEXT ( 'NONE', 'WORKASPACE' ) );
#1465 = VERTEX_POINT ( 'NONE', #7016 ) ;
#1466 = STYLED_ITEM ( 'NONE', ( #6273 ), #4593 ) ;
#1467 = CARTESIAN_POINT ( 'NONE',  ( 5.375000000000000000, 3.600000000000000977, -0.07499999999999998335 ) ) ;
#1468 = DIRECTION ( 'NONE',  ( 0.0000000000000000000, -0.3162277660168379412, 0.9486832980505138790 ) ) ;
#1469 = PLANE ( 'NONE',  #2278 ) ;
#1470 = VECTOR ( 'NONE', #217, 1000.000000000000000 ) ;
#1471 = PLANE ( 'NONE',  #3024 ) ;
#1472 = VERTEX_POINT ( 'NONE', #4225 ) ;
#1473 = VERTEX_POINT ( 'NONE', #2491 ) ;
#1474 = VERTEX_POINT ( 'NONE', #5892 ) ;
#1475 = LINE ( 'NONE', #3684, #5598 ) ;
#1476 = ORIENTED_EDGE ( 'NONE', *, *, #4924, .F. ) ;
#1477 = CARTESIAN_POINT ( 'NONE',  ( -0.5250000000000000222, 1.000000000000000000, 0.0000000000000000000 ) ) ;
#1478 = CARTESIAN_POINT ( 'NONE',  ( 1.775000000000000133, 1.850000000000000089, 2.024999999999999911 ) ) ;
#1479 = VECTOR ( 'NONE', #1058, 1000.000000000000000 ) ;
#1480 = LINE ( 'NONE', #5363, #3281 ) ;
#1481 = PLANE ( 'NONE',  #6268 ) ;
#1482 = ORIENTED_EDGE ( 'NONE', *, *, #1703, .F. ) ;
#1483 = EDGE_CURVE ( 'NONE', #54, #2863, #3907, .T. ) ;
#1484 = ORIENTED_EDGE ( 'NONE', *, *, #1809, .F. ) ;
#1485 = LINE ( 'NONE', #652, #2119 ) ;
#1486 = VECTOR ( 'NONE', #5202, 1000.000000000000000 ) ;
#1487 = VECTOR ( 'NONE', #875, 1000.000000000000000 ) ;
#1488 = LINE ( 'NONE', #891, #2574 ) ;
#1489 = CARTESIAN_POINT ( 'NONE',  ( 0.7249999999999999778, 0.5000000000000000000, -1.525000000000000133 ) ) ;
#1490 = DIRECTION ( 'NONE',  ( 1.000000000000000000, 0.0000000000000000000, 0.0000000000000000000 ) ) ;
#1491 = AXIS2_PLACEMENT_3D ( 'NONE', #6652, #5464, #7083 ) ;
#1492 = DIRECTION ( 'NONE',  ( 0.0000000000000000000, -0.0000000000000000000, 1.000000000000000000 ) ) ;
#1493 = VERTEX_POINT ( 'NONE', #3132 ) ;
#1494 = EDGE_LOOP ( 'NONE', ( #6407, #7168, #4460, #2051 ) ) ;
#1495 = VECTOR ( 'NONE', #746, 1000.000000000000000 ) ;
#1496 = ORIENTED_EDGE ( 'NONE', *, *, #4599, .F. ) ;
#1497 = VECTOR ( 'NONE', #5322, 1000.000000000000000 ) ;
#1498 = CARTESIAN_POINT ( 'NONE',  ( 4.975000000000000533, 1.999999999999997780, -2.075000000000008615 ) ) ;
#1499 = VECTOR ( 'NONE', #7379, 1000.000000000000000 ) ;
#1500 = DIRECTION ( 'NONE',  ( 0.0000000000000000000, 1.000000000000000000, 0.0000000000000000000 ) ) ;
#1501 = DIRECTION ( 'NONE',  ( 0.0000000000000000000, 0.0000000000000000000, 1.000000000000000000 ) ) ;
#1502 = PLANE ( 'NONE',  #3282 ) ;
#1503 = ORIENTED_EDGE ( 'NONE', *, *, #5808, .T. ) ;
#1504 = UNCERTAINTY_MEASURE_WITH_UNIT (LENGTH_MEASURE( 1.000000000000000082E-05 ), #5332, 'distance_accuracy_value', 'NONE');
#1505 = DIRECTION ( 'NONE',  ( 0.0000000000000000000, 1.000000000000000000, -1.339206523454102177E-15 ) ) ;
#1506 = ORIENTED_EDGE ( 'NONE', *, *, #6427, .T. ) ;
#1507 = ADVANCED_FACE ( 'NONE', ( #7375 ), #3594, .T. ) ;
#1508 = CLOSED_SHELL ( 'NONE', ( #205, #6207, #7114, #2147, #3121, #4395, #4586, #4822, #3270, #813, #2417, #716, #4634, #2071, #5470, #677, #5186, #5585 ) ) ;
#1509 = DIRECTION ( 'NONE',  ( 0.0000000000000000000, 0.0000000000000000000, -1.000000000000000000 ) ) ;
#1510 = DIRECTION ( 'NONE',  ( -0.0000000000000000000, 0.0000000000000000000, -1.000000000000000000 ) ) ;
#1511 = VERTEX_POINT ( 'NONE', #3057 ) ;
#1512 = CARTESIAN_POINT ( 'NONE',  ( 1.984999999999999876, 0.0000000000000000000, -1.474999999999999867 ) ) ;
#1513 = VECTOR ( 'NONE', #5488, 1000.000000000000000 ) ;
#1514 = VERTEX_POINT ( 'NONE', #4795 ) ;
#1515 = EDGE_CURVE ( 'NONE', #3681, #816, #770, .T. ) ;
#1516 = AXIS2_PLACEMENT_3D ( 'NONE', #3408, #572, #3530 ) ;
#1517 = PLANE ( 'NONE',  #2749 ) ;
#1518 = CARTESIAN_POINT ( 'NONE',  ( 3.225000000000000533, 0.5547525681000000652, 2.024999999999999911 ) ) ;
#1519 = PLANE ( 'NONE',  #391 ) ;
#1520 = VECTOR ( 'NONE', #1335, 1000.000000000000000 ) ;
#1521 = VERTEX_POINT ( 'NONE', #230 ) ;
#1522 = VERTEX_POINT ( 'NONE', #5914 ) ;
#1523 = PLANE ( 'NONE',  #7414 ) ;
#1524 = EDGE_CURVE ( 'NONE', #5242, #518, #420, .T. ) ;
#1525 = ORIENTED_EDGE ( 'NONE', *, *, #259, .F. ) ;
#1526 = CARTESIAN_POINT ( 'NONE',  ( 4.775000000000000355, 2.000000000000000000, -2.024999999999999911 ) ) ;
#1527 = VECTOR ( 'NONE', #5109, 1000.000000000000000 ) ;
#1528 = LINE ( 'NONE', #4936, #5452 ) ;
#1529 =( LENGTH_UNIT ( ) NAMED_UNIT ( * ) SI_UNIT ( .MILLI., .METRE. ) );
#1530 = CARTESIAN_POINT ( 'NONE',  ( -1.175000000000000044, 2.550000000000000266, -1.474999999999999867 ) ) ;
#1531 = EDGE_CURVE ( 'NONE', #3992, #3310, #2934, .T. ) ;
#1532 = DIRECTION ( 'NONE',  ( -1.000000000000000000, 0.0000000000000000000, 0.0000000000000000000 ) ) ;
#1533 = FILL_AREA_STYLE_COLOUR ( '', #3112 ) ;
#1534 = VERTEX_POINT ( 'NONE', #3037 ) ;
#1535 = CARTESIAN_POINT ( 'NONE',  ( -2.024999999999999911, 2.250000000000000000, -1.925000000000000044 ) ) ;
#1536 = FACE_OUTER_BOUND ( 'NONE', #3841, .T. ) ;
#1537 = VECTOR ( 'NONE', #384, 1000.000000000000000 ) ;
#1538 = EDGE_CURVE ( 'NONE', #7046, #7278, #3458, .T. ) ;
#1539 = ORIENTED_EDGE ( 'NONE', *, *, #3401, .F. ) ;
#1540 = DIRECTION ( 'NONE',  ( 1.000000000000000000, 0.0000000000000000000, 0.0000000000000000000 ) ) ;
#1541 = AXIS2_PLACEMENT_3D ( 'NONE', #3696, #5940, #4281 ) ;
#1542 = ORIENTED_EDGE ( 'NONE', *, *, #4368, .T. ) ;
#1543 = ADVANCED_FACE ( 'NONE', ( #2215 ), #6654, .T. ) ;
#1544 = DIRECTION ( 'NONE',  ( 0.0000000000000000000, 0.0000000000000000000, 1.000000000000000000 ) ) ;
#1545 = CARTESIAN_POINT ( 'NONE',  ( -2.274999999999999911, 1.949999999999999512, 2.025000000000007017 ) ) ;
#1546 = DIRECTION ( 'NONE',  ( 0.0000000000000000000, 1.000000000000000000, 0.0000000000000000000 ) ) ;
#1547 = LINE ( 'NONE', #187, #4502 ) ;
#1548 = ORIENTED_EDGE ( 'NONE', *, *, #3575, .F. ) ;
#1549 = ORIENTED_EDGE ( 'NONE', *, *, #4699, .F. ) ;
#1550 = VERTEX_POINT ( 'NONE', #2028 ) ;
#1551 = VERTEX_POINT ( 'NONE', #3756 ) ;
#1552 = DIRECTION ( 'NONE',  ( 0.0000000000000000000, 1.000000000000000000, 0.0000000000000000000 ) ) ;
#1553 = AXIS2_PLACEMENT_3D ( 'NONE', #441, #7266, #5591 ) ;
#1554 = CARTESIAN_POINT ( 'NONE',  ( 0.7250000000000000888, -0.004464445899999999919, 0.003975566199999999890 ) ) ;
#1555 = FACE_OUTER_BOUND ( 'NONE', #7062, .T. ) ;
#1556 = DIRECTION ( 'NONE',  ( 0.0000000000000000000, 1.000000000000000000, 0.0000000000000000000 ) ) ;
#1557 = DIRECTION ( 'NONE',  ( 0.0000000000000000000, 0.0000000000000000000, 1.000000000000000000 ) ) ;
#1558 = CARTESIAN_POINT ( 'NONE',  ( 0.7249999999999999778, 1.350000000000000089, 0.0000000000000000000 ) ) ;
#1559 = VECTOR ( 'NONE', #1878, 1000.000000000000000 ) ;
#1560 = ORIENTED_EDGE ( 'NONE', *, *, #6695, .T. ) ;
#1561 = EDGE_CURVE ( 'NONE', #4123, #6842, #1937, .T. ) ;
#1562 = DIRECTION ( 'NONE',  ( 0.0000000000000000000, -1.000000000000000000, 0.0000000000000000000 ) ) ;
#1563 = AXIS2_PLACEMENT_3D ( 'NONE', #6157, #3202, #6054 ) ;
#1564 = ORIENTED_EDGE ( 'NONE', *, *, #519, .T. ) ;
#1565 = SURFACE_STYLE_FILL_AREA ( #7039 ) ;
#1566 = APPLICATION_PROTOCOL_DEFINITION ( 'draft international standard', 'automotive_design', 1998, #5558 ) ;
#1567 = EDGE_CURVE ( 'NONE', #704, #3834, #4360, .T. ) ;
#1568 = CARTESIAN_POINT ( 'NONE',  ( 5.375000000000000000, 1.000000000000000000, -1.525000000000000133 ) ) ;
#1569 = DIRECTION ( 'NONE',  ( 1.000000000000000000, 0.0000000000000000000, 0.0000000000000000000 ) ) ;
#1570 = EDGE_LOOP ( 'NONE', ( #5905, #6226, #2451, #6449, #6751, #6997, #6547, #6948, #6912, #5180, #2797, #4863, #6154, #62, #1399, #5293 ) ) ;
#1571 = CARTESIAN_POINT ( 'NONE',  ( -0.5150000000000000133, 1.000000000000000000, -1.025000000000000133 ) ) ;
#1572 = ORIENTED_EDGE ( 'NONE', *, *, #3297, .F. ) ;
#1574 = EDGE_CURVE ( 'NONE', #4036, #2270, #7023, .T. ) ;
#1573 = VECTOR ( 'NONE', #3850, 1000.000000000000000 ) ;
#1575 = VECTOR ( 'NONE', #4891, 1000.000000000000000 ) ;
#1576 = CARTESIAN_POINT ( 'NONE',  ( -0.7249999999999999778, 0.0000000000000000000, -1.525000000000000133 ) ) ;
#1577 = DIRECTION ( 'NONE',  ( 1.000000000000000000, 0.0000000000000000000, 0.0000000000000000000 ) ) ;
#1578 = CARTESIAN_POINT ( 'NONE',  ( 2.925000000000000266, 1.649999999999999911, -1.698606797699999893 ) ) ;
#1579 = ORIENTED_EDGE ( 'NONE', *, *, #401, .T. ) ;
#1580 = FILL_AREA_STYLE ('',( #6096 ) ) ;
#1581 = DIRECTION ( 'NONE',  ( 0.0000000000000000000, 0.0000000000000000000, 1.000000000000000000 ) ) ;
#1582 = ADVANCED_FACE ( 'NONE', ( #6346 ), #1469, .T. ) ;
#1583 = LINE ( 'NONE', #6711, #6336 ) ;
#1584 = ORIENTED_EDGE ( 'NONE', *, *, #1030, .F. ) ;
#1585 = AXIS2_PLACEMENT_3D ( 'NONE', #5038, #1510, #2636 ) ;
#1586 = VECTOR ( 'NONE', #1787, 1000.000000000000000 ) ;
#1587 = ORIENTED_EDGE ( 'NONE', *, *, #330, .T. ) ;
#1588 = CARTESIAN_POINT ( 'NONE',  ( 0.4249999999999999889, 1.850000000000000089, -1.698606797699999893 ) ) ;
#1589 = VECTOR ( 'NONE', #4304, 1000.000000000000000 ) ;
#1590 = EDGE_CURVE ( 'NONE', #1472, #4850, #2029, .T. ) ;
#1591 = VECTOR ( 'NONE', #4366, 1000.000000000000000 ) ;
#1592 = ORIENTED_EDGE ( 'NONE', *, *, #3066, .F. ) ;
#1593 = PLANE ( 'NONE',  #269 ) ;
#1594 = LINE ( 'NONE', #7354, #2942 ) ;
#1595 = CARTESIAN_POINT ( 'NONE',  ( 3.225000000000000533, 0.5547525681000000652, 2.024999999999999911 ) ) ;
#1596 = ORIENTED_EDGE ( 'NONE', *, *, #2545, .T. ) ;
#1597 = DIRECTION ( 'NONE',  ( 0.0000000000000000000, 0.0000000000000000000, 1.000000000000000000 ) ) ;
#1598 = CARTESIAN_POINT ( 'NONE',  ( -2.274999999999999911, 4.240000000000000213, 0.0000000000000000000 ) ) ;
#1599 = ORIENTED_EDGE ( 'NONE', *, *, #4235, .T. ) ;
#1600 = VECTOR ( 'NONE', #2567, 1000.000000000000000 ) ;
#1601 = ORIENTED_EDGE ( 'NONE', *, *, #4649, .T. ) ;
#1602 = CARTESIAN_POINT ( 'NONE',  ( -0.7349999999999999867, 1.850000000000000089, -1.025000000000000133 ) ) ;
#1603 = EDGE_CURVE ( 'NONE', #2126, #3637, #5700, .T. ) ;
#1604 = DIRECTION ( 'NONE',  ( -1.000000000000000000, 0.0000000000000000000, 0.0000000000000000000 ) ) ;
#1605 = CARTESIAN_POINT ( 'NONE',  ( 4.775000000000000355, 3.600000000000000977, -1.425000000000000044 ) ) ;
#1606 = CARTESIAN_POINT ( 'NONE',  ( 1.975000000000000089, 1.350000000000000089, 0.0000000000000000000 ) ) ;
#1607 = ORIENTED_EDGE ( 'NONE', *, *, #1996, .T. ) ;
#1608 = VERTEX_POINT ( 'NONE', #4405 ) ;
#1609 = PLANE ( 'NONE',  #6247 ) ;
#1610 = CARTESIAN_POINT ( 'NONE',  ( 1.775000000000000133, 0.5000000000000000000, -1.525000000000000133 ) ) ;
#1611 = EDGE_LOOP ( 'NONE', ( #5258, #323, #7086, #2635 ) ) ;
#1612 = EDGE_CURVE ( 'NONE', #6422, #5261, #1855, .T. ) ;
#1613 = VECTOR ( 'NONE', #5249, 1000.000000000000000 ) ;
#1614 = ORIENTED_EDGE ( 'NONE', *, *, #502, .T. ) ;
#1615 = CARTESIAN_POINT ( 'NONE',  ( -2.274999999999999911, 4.249999999999998224, -2.075000000000001510 ) ) ;
#1616 = ADVANCED_FACE ( 'NONE', ( #316 ), #1502, .F. ) ;
#1617 = AXIS2_PLACEMENT_3D ( 'NONE', #4463, #1711, #505 ) ;
#1618 = PLANE ( 'NONE',  #4533 ) ;
#1619 = DIRECTION ( 'NONE',  ( 0.0000000000000000000, 0.0000000000000000000, 1.000000000000000000 ) ) ;
#1620 = AXIS2_PLACEMENT_3D ( 'NONE', #6179, #5067, #1098 ) ;
#1621 = LINE ( 'NONE', #2476, #1710 ) ;
#1622 = CARTESIAN_POINT ( 'NONE',  ( -0.7249999999999999778, 1.850000000000000089, 0.0000000000000000000 ) ) ;
#1623 =( LENGTH_UNIT ( ) NAMED_UNIT ( * ) SI_UNIT ( .MILLI., .METRE. ) );
#1624 = CARTESIAN_POINT ( 'NONE',  ( 3.325000000000000622, 1.649999999999999911, 2.024999999999999911 ) ) ;
#1625 = EDGE_CURVE ( 'NONE', #3817, #5131, #2920, .T. ) ;
#1626 = CARTESIAN_POINT ( 'NONE',  ( 3.015000000000000124, 1.850000000000000089, -1.025000000000000133 ) ) ;
#1627 = VECTOR ( 'NONE', #4794, 1000.000000000000000 ) ;
#1628 = CARTESIAN_POINT ( 'NONE',  ( 3.024999999999999911, 1.315130797599999957, 1.171117220399999770 ) ) ;
#1629 = EDGE_LOOP ( 'NONE', ( #6167, #2363, #6108, #1342 ) ) ;
#1630 = DIRECTION ( 'NONE',  ( 1.000000000000000000, 0.0000000000000000000, 0.0000000000000000000 ) ) ;
#1631 = DIRECTION ( 'NONE',  ( 0.0000000000000000000, -1.000000000000000000, 0.0000000000000000000 ) ) ;
#1632 = ORIENTED_EDGE ( 'NONE', *, *, #1483, .F. ) ;
#1633 = CARTESIAN_POINT ( 'NONE',  ( -0.5250000000000000222, 0.0000000000000000000, 0.0000000000000000000 ) ) ;
#1634 = EDGE_CURVE ( 'NONE', #6175, #3992, #6253, .T. ) ;
#1635 = DIRECTION ( 'NONE',  ( 0.0000000000000000000, 0.0000000000000000000, 1.000000000000000000 ) ) ;
#1636 = PRESENTATION_STYLE_ASSIGNMENT (( #6970 ) ) ;
#1637 = EDGE_LOOP ( 'NONE', ( #4496, #862, #4977, #3600 ) ) ;
#1638 = CARTESIAN_POINT ( 'NONE',  ( 1.775000000000000133, 0.0000000000000000000, 2.024999999999999911 ) ) ;
#1639 = PLANE ( 'NONE',  #6200 ) ;
#1640 = LINE ( 'NONE', #4952, #5667 ) ;
#1641 = MECHANICAL_DESIGN_GEOMETRIC_PRESENTATION_REPRESENTATION (  '', ( #7132 ), #2021 ) ;
#1642 = CARTESIAN_POINT ( 'NONE',  ( 3.225000000000000533, 1.000000000000000000, 1.525000000000000133 ) ) ;
#1643 = VECTOR ( 'NONE', #1163, 1000.000000000000000 ) ;
#1644 = ORIENTED_EDGE ( 'NONE', *, *, #2716, .F. ) ;
#1645 = ORIENTED_EDGE ( 'NONE', *, *, #401, .F. ) ;
#1646 = VERTEX_POINT ( 'NONE', #6919 ) ;
#1647 = DIRECTION ( 'NONE',  ( -0.0000000000000000000, 1.000000000000000000, -0.0000000000000000000 ) ) ;
#1648 = VECTOR ( 'NONE', #5031, 1000.000000000000000 ) ;
#1649 = VECTOR ( 'NONE', #5631, 1000.000000000000000 ) ;
#1650 = EDGE_LOOP ( 'NONE', ( #6749, #3331, #6723, #2926 ) ) ;
#1651 = AXIS2_PLACEMENT_3D ( 'NONE', #947, #1540, #4971 ) ;
#1652 = CARTESIAN_POINT ( 'NONE',  ( -2.475000000000000089, 1.999999999999997780, -2.075000000000008615 ) ) ;
#1653 = CARTESIAN_POINT ( 'NONE',  ( 3.225000000000000533, 1.315130797599999957, 1.171117220399999770 ) ) ;
#1654 = ADVANCED_FACE ( 'NONE', ( #6849 ), #5628, .F. ) ;
#1655 = PLANE ( 'NONE',  #5847 ) ;
#1656 = FACE_OUTER_BOUND ( 'NONE', #4927, .T. ) ;
#1657 = ORIENTED_EDGE ( 'NONE', *, *, #3575, .T. ) ;
#1658 = EDGE_CURVE ( 'NONE', #3328, #6990, #6594, .T. ) ;
#1659 = CARTESIAN_POINT ( 'NONE',  ( 3.024999999999999911, 0.3499999999999999778, -2.075000000000000178 ) ) ;
#1660 = LINE ( 'NONE', #2880, #3528 ) ;
#1661 = STYLED_ITEM ( 'NONE', ( #1636 ), #3508 ) ;
#1662 = ORIENTED_EDGE ( 'NONE', *, *, #4609, .T. ) ;
#1663 = FACE_OUTER_BOUND ( 'NONE', #1637, .T. ) ;
#1664 = CARTESIAN_POINT ( 'NONE',  ( -2.274999999999999911, 2.000000000000000000, -1.425000000000000044 ) ) ;
#1665 = FACE_OUTER_BOUND ( 'NONE', #5767, .T. ) ;
#1666 =( LENGTH_UNIT ( ) NAMED_UNIT ( * ) SI_UNIT ( .MILLI., .METRE. ) );
#1667 = LINE ( 'NONE', #3099, #1207 ) ;
#1668 = EDGE_CURVE ( 'NONE', #4601, #2515, #506, .T. ) ;
#1669 = EDGE_LOOP ( 'NONE', ( #637, #1295, #5211, #44, #4077, #1784 ) ) ;
#1670 = EDGE_LOOP ( 'NONE', ( #4547, #6492, #6518, #6955 ) ) ;
#1671 = EDGE_CURVE ( 'NONE', #2564, #3263, #3625, .T. ) ;
#1672 = VECTOR ( 'NONE', #2924, 1000.000000000000000 ) ;
#1673 = VECTOR ( 'NONE', #4953, 1000.000000000000000 ) ;
#1674 = VECTOR ( 'NONE', #5765, 1000.000000000000000 ) ;
#1675 = CARTESIAN_POINT ( 'NONE',  ( 4.975000000000000533, 3.599999999999999201, -0.07500000000000128786 ) ) ;
#1676 = ORIENTED_EDGE ( 'NONE', *, *, #914, .F. ) ;
#1677 = ORIENTED_EDGE ( 'NONE', *, *, #1174, .F. ) ;
#1678 = VERTEX_POINT ( 'NONE', #2904 ) ;
#1679 = VECTOR ( 'NONE', #4371, 1000.000000000000000 ) ;
#1680 = ORIENTED_EDGE ( 'NONE', *, *, #4105, .F. ) ;
#1681 = VECTOR ( 'NONE', #3420, 1000.000000000000000 ) ;
#1682 = EDGE_LOOP ( 'NONE', ( #2145, #354, #4955, #2466 ) ) ;
#1683 = ORIENTED_EDGE ( 'NONE', *, *, #2146, .T. ) ;
#1684 = CARTESIAN_POINT ( 'NONE',  ( -1.875000000000000000, 3.750000000000000000, 0.02500000000000000139 ) ) ;
#1685 = EDGE_CURVE ( 'NONE', #2149, #6864, #1485, .T. ) ;
#1686 = FACE_OUTER_BOUND ( 'NONE', #635, .T. ) ;
#1687 = DIRECTION ( 'NONE',  ( 0.0000000000000000000, 0.0000000000000000000, 1.000000000000000000 ) ) ;
#1688 = ORIENTED_EDGE ( 'NONE', *, *, #2641, .T. ) ;
#1689 = DIRECTION ( 'NONE',  ( -0.0000000000000000000, 0.0000000000000000000, -1.000000000000000000 ) ) ;
#1690 = VECTOR ( 'NONE', #5122, 1000.000000000000000 ) ;
#1691 = ORIENTED_EDGE ( 'NONE', *, *, #2716, .T. ) ;
#1692 = ORIENTED_EDGE ( 'NONE', *, *, #3228, .T. ) ;
#1693 = ORIENTED_EDGE ( 'NONE', *, *, #2676, .F. ) ;
#1694 = CARTESIAN_POINT ( 'NONE',  ( 3.875000000000000444, 3.750000000000000000, -2.024999999999999911 ) ) ;
#1695 = CARTESIAN_POINT ( 'NONE',  ( -0.5250000000000000222, 0.0000000000000000000, -1.525000000000000133 ) ) ;
#1696 = DIRECTION ( 'NONE',  ( 0.0000000000000000000, 0.0000000000000000000, 1.000000000000000000 ) ) ;
#1697 = ADVANCED_FACE ( 'NONE', ( #2303 ), #6818, .T. ) ;
#1698 =( LENGTH_UNIT ( ) NAMED_UNIT ( * ) SI_UNIT ( .MILLI., .METRE. ) );
#1699 = CARTESIAN_POINT ( 'NONE',  ( -0.5250000000000000222, -0.6500000000000000222, -1.775000000000000133 ) ) ;
#1700 = LINE ( 'NONE', #1168, #7301 ) ;
#1701 = ORIENTED_EDGE ( 'NONE', *, *, #1268, .F. ) ;
#1702 = VERTEX_POINT ( 'NONE', #1779 ) ;
#1703 = EDGE_CURVE ( 'NONE', #4433, #3961, #5884, .T. ) ;
#1704 = DIRECTION ( 'NONE',  ( -1.000000000000000000, 0.0000000000000000000, 0.0000000000000000000 ) ) ;
#1705 = CARTESIAN_POINT ( 'NONE',  ( 1.975000000000000089, 0.0000000000000000000, -1.525000000000000133 ) ) ;
#1706 = DIRECTION ( 'NONE',  ( 1.000000000000000000, 0.0000000000000000000, 0.0000000000000000000 ) ) ;
#1707 = CARTESIAN_POINT ( 'NONE',  ( 5.375000000000000000, 1.950000000000002176, 1.375000000000006883 ) ) ;
#1708 = PLANE ( 'NONE',  #1967 ) ;
#1709 = AXIS2_PLACEMENT_3D ( 'NONE', #3096, #4291, #4859 ) ;
#1710 = VECTOR ( 'NONE', #759, 1000.000000000000000 ) ;
#1711 = DIRECTION ( 'NONE',  ( 1.000000000000000000, 0.0000000000000000000, 0.0000000000000000000 ) ) ;
#1712 = DIRECTION ( 'NONE',  ( 0.0000000000000000000, -1.000000000000000000, 0.0000000000000000000 ) ) ;
#1713 = EDGE_CURVE ( 'NONE', #2056, #4036, #7364, .T. ) ;
#1714 = CARTESIAN_POINT ( 'NONE',  ( -0.7249999999999999778, -0.6500000000000000222, -1.775000000000000133 ) ) ;
#1715 = VECTOR ( 'NONE', #4404, 1000.000000000000000 ) ;
#1716 = LINE ( 'NONE', #1726, #4585 ) ;
#1717 = DIRECTION ( 'NONE',  ( -1.000000000000000000, 0.0000000000000000000, 0.0000000000000000000 ) ) ;
#1718 = EDGE_CURVE ( 'NONE', #4497, #4036, #3357, .T. ) ;
#1719 = CARTESIAN_POINT ( 'NONE',  ( 3.875000000000000444, 3.750000000000000000, 0.02500000000000000139 ) ) ;
#1720 = ORIENTED_EDGE ( 'NONE', *, *, #515, .T. ) ;
#1721 = VECTOR ( 'NONE', #1557, 1000.000000000000000 ) ;
#1722 = ORIENTED_EDGE ( 'NONE', *, *, #6890, .T. ) ;
#1723 = VERTEX_POINT ( 'NONE', #47 ) ;
#1724 = CARTESIAN_POINT ( 'NONE',  ( 1.975000000000000089, 1.000000000000000000, -1.525000000000000133 ) ) ;
#1725 = VECTOR ( 'NONE', #3710, 1000.000000000000000 ) ;
#1726 = CARTESIAN_POINT ( 'NONE',  ( 0.7249999999999998668, 0.3500000000000000333, -2.024999999999999911 ) ) ;
#1727 = CARTESIAN_POINT ( 'NONE',  ( -0.5150000000000000133, 0.0000000000000000000, -1.474999999999999867 ) ) ;
#1728 = PLANE ( 'NONE',  #5748 ) ;
#1729 = CARTESIAN_POINT ( 'NONE',  ( -0.5150000000000000133, 1.000000000000000000, -1.474999999999999867 ) ) ;
#1730 = AXIS2_PLACEMENT_3D ( 'NONE', #1983, #771, #4409 ) ;
#1731 = VECTOR ( 'NONE', #3635, 1000.000000000000000 ) ;
#1732 = VERTEX_POINT ( 'NONE', #4661 ) ;
#1733 = ORIENTED_EDGE ( 'NONE', *, *, #7330, .T. ) ;
#1734 = LINE ( 'NONE', #2378, #5045 ) ;
#1735 = UNCERTAINTY_MEASURE_WITH_UNIT (LENGTH_MEASURE( 1.000000000000000082E-05 ), #4361, 'distance_accuracy_value', 'NONE');
#1736 = DIRECTION ( 'NONE',  ( 0.0000000000000000000, -1.000000000000000000, 3.295974604355854593E-17 ) ) ;
#1737 = CARTESIAN_POINT ( 'NONE',  ( 0.7249999999999999778, 1.850000000000000089, -2.024999999999999911 ) ) ;
#1738 = VECTOR ( 'NONE', #2860, 1000.000000000000114 ) ;
#1739 = ORIENTED_EDGE ( 'NONE', *, *, #2386, .T. ) ;
#1740 = ADVANCED_FACE ( 'NONE', ( #7015 ), #5784, .T. ) ;
#1741 = LINE ( 'NONE', #2652, #4237 ) ;
#1742 = CARTESIAN_POINT ( 'NONE',  ( 1.325000000000000400, 1.850000000000000089, 2.024999999999999911 ) ) ;
#1743 = CARTESIAN_POINT ( 'NONE',  ( 4.956138830084189095, 2.250000000000000000, -0.4749999999999999778 ) ) ;
#1744 = VECTOR ( 'NONE', #3279, 1000.000000000000000 ) ;
#1745 = EDGE_LOOP ( 'NONE', ( #617, #631, #4967, #7208 ) ) ;
#1746 = DIRECTION ( 'NONE',  ( -1.000000000000000000, 0.0000000000000000000, 0.0000000000000000000 ) ) ;
#1747 = COLOUR_RGB ( '',1.000000000000000000, 1.000000000000000000, 1.000000000000000000 ) ;
#1748 = AXIS2_PLACEMENT_3D ( 'NONE', #3402, #2891, #1149 ) ;
#1749 = SURFACE_SIDE_STYLE ('',( #474 ) ) ;
#1750 = ORIENTED_EDGE ( 'NONE', *, *, #5208, .F. ) ;
#1751 = EDGE_LOOP ( 'NONE', ( #3459, #2626, #5439, #5090 ) ) ;
#1752 = DIRECTION ( 'NONE',  ( 0.0000000000000000000, -1.000000000000000000, 0.0000000000000000000 ) ) ;
#1753 = CARTESIAN_POINT ( 'NONE',  ( 2.925000000000000266, 1.850000000000000089, -1.698606797699999893 ) ) ;
#1754 = VECTOR ( 'NONE', #4617, 1000.000000000000000 ) ;
#1755 = SURFACE_SIDE_STYLE ('',( #5353 ) ) ;
#1756 = VECTOR ( 'NONE', #2874, 1000.000000000000000 ) ;
#1757 = EDGE_CURVE ( 'NONE', #2798, #1069, #2565, .T. ) ;
#1758 = ORIENTED_EDGE ( 'NONE', *, *, #973, .T. ) ;
#1759 = ORIENTED_EDGE ( 'NONE', *, *, #7244, .T. ) ;
#1760 = VECTOR ( 'NONE', #2107, 1000.000000000000000 ) ;
#1761 = LINE ( 'NONE', #1312, #1384 ) ;
#1762 = AXIS2_PLACEMENT_3D ( 'NONE', #4886, #6008, #4250 ) ;
#1763 = ORIENTED_EDGE ( 'NONE', *, *, #2364, .T. ) ;
#1764 = ORIENTED_EDGE ( 'NONE', *, *, #6383, .T. ) ;
#1765 = ADVANCED_FACE ( 'NONE', ( #1663 ), #6377, .F. ) ;
#1766 = VECTOR ( 'NONE', #7108, 1000.000000000000000 ) ;
#1767 = EDGE_CURVE ( 'NONE', #4283, #3388, #2112, .T. ) ;
#1768 = DIRECTION ( 'NONE',  ( 0.0000000000000000000, -1.000000000000000000, 0.0000000000000000000 ) ) ;
#1769 = LINE ( 'NONE', #1378, #6860 ) ;
#1770 = LINE ( 'NONE', #5108, #613 ) ;
#1771 = EDGE_CURVE ( 'NONE', #1786, #5423, #2741, .T. ) ;
#1772 = CLOSED_SHELL ( 'NONE', ( #6016, #2525, #4318, #2561, #4282, #5902, #6931, #1616 ) ) ;
#1773 = CARTESIAN_POINT ( 'NONE',  ( 3.225000000000000533, -0.6500000000000000222, -2.075000000000000178 ) ) ;
#1774 = LINE ( 'NONE', #3783, #4274 ) ;
#1775 = ORIENTED_EDGE ( 'NONE', *, *, #1603, .T. ) ;
#1776 = CARTESIAN_POINT ( 'NONE',  ( 0.5150000000000000133, 1.000000000000000000, -1.525000000000000133 ) ) ;
#1777 = ADVANCED_FACE ( 'NONE', ( #498 ), #3563, .T. ) ;
#1778 = CARTESIAN_POINT ( 'NONE',  ( 3.024999999999999911, 1.649999999999999911, -1.698606797699999893 ) ) ;
#1779 = CARTESIAN_POINT ( 'NONE',  ( 4.375000000000000000, 0.5000000000000000000, 2.024999999999999911 ) ) ;
#1780 = DIRECTION ( 'NONE',  ( 0.0000000000000000000, -1.000000000000000000, 0.0000000000000000000 ) ) ;
#1781 = CARTESIAN_POINT ( 'NONE',  ( 0.8249999999999999556, 1.850000000000000089, -1.474999999999999867 ) ) ;
#1782 = EDGE_CURVE ( 'NONE', #3330, #6659, #2022, .T. ) ;
#1783 = DIRECTION ( 'NONE',  ( 1.000000000000000000, 0.0000000000000000000, 0.0000000000000000000 ) ) ;
#1784 = ORIENTED_EDGE ( 'NONE', *, *, #6588, .F. ) ;
#1785 = VECTOR ( 'NONE', #2053, 1000.000000000000000 ) ;
#1786 = VERTEX_POINT ( 'NONE', #5238 ) ;
#1787 = DIRECTION ( 'NONE',  ( -1.000000000000000000, 0.0000000000000000000, 0.0000000000000000000 ) ) ;
#1788 = ORIENTED_EDGE ( 'NONE', *, *, #5829, .F. ) ;
#1789 = LINE ( 'NONE', #3052, #7396 ) ;
#1790 = ORIENTED_EDGE ( 'NONE', *, *, #1996, .F. ) ;
#1791 = PLANE ( 'NONE',  #4903 ) ;
#1792 = DIRECTION ( 'NONE',  ( 0.0000000000000000000, 0.0000000000000000000, -1.000000000000000000 ) ) ;
#1793 = ORIENTED_EDGE ( 'NONE', *, *, #6938, .F. ) ;
#1794 = AXIS2_PLACEMENT_3D ( 'NONE', #4525, #551, #3005 ) ;
#1795 = VECTOR ( 'NONE', #5935, 1000.000000000000000 ) ;
#1796 = VERTEX_POINT ( 'NONE', #1822 ) ;
#1797 = ORIENTED_EDGE ( 'NONE', *, *, #5237, .F. ) ;
#1798 = CARTESIAN_POINT ( 'NONE',  ( 4.775000000000000355, 3.600000000000000977, -1.425000000000000044 ) ) ;
#1799 = EDGE_CURVE ( 'NONE', #1723, #1069, #5874, .T. ) ;
#1800 = CARTESIAN_POINT ( 'NONE',  ( -0.7249999999999999778, 1.350000000000000089, 1.525000000000000133 ) ) ;
#1801 = VECTOR ( 'NONE', #5301, 1000.000000000000000 ) ;
#1802 = CARTESIAN_POINT ( 'NONE',  ( 4.775000000000000355, 0.6000000000000024203, 1.375000000000002442 ) ) ;
#1803 = ADVANCED_FACE ( 'NONE', ( #2388 ), #4738, .F. ) ;
#1804 = DIRECTION ( 'NONE',  ( 0.0000000000000000000, -1.084202172485501673E-15, -1.000000000000000000 ) ) ;
#1805 = AXIS2_PLACEMENT_3D ( 'NONE', #1283, #4708, #6445 ) ;
#1806 = COLOUR_RGB ( '',1.000000000000000000, 1.000000000000000000, 1.000000000000000000 ) ;
#1807 = LINE ( 'NONE', #1753, #4408 ) ;
#1808 = CARTESIAN_POINT ( 'NONE',  ( 4.975000000000000533, 1.999999999999997780, -2.024999999999999911 ) ) ;
#1809 = EDGE_CURVE ( 'NONE', #5325, #2270, #1843, .T. ) ;
#1810 = ADVANCED_FACE ( 'NONE', ( #303 ), #3029, .T. ) ;
#1811 = EDGE_CURVE ( 'NONE', #518, #3143, #6242, .T. ) ;
#1812 = ORIENTED_EDGE ( 'NONE', *, *, #4306, .T. ) ;
#1813 = VECTOR ( 'NONE', #2066, 1000.000000000000000 ) ;
#1814 = EDGE_LOOP ( 'NONE', ( #134, #5482, #6979, #4199 ) ) ;
#1815 = ORIENTED_EDGE ( 'NONE', *, *, #4603, .T. ) ;
#1816 = PRESENTATION_STYLE_ASSIGNMENT (( #4267 ) ) ;
#1817 = EDGE_CURVE ( 'NONE', #5885, #3489, #6668, .T. ) ;
#1818 = VECTOR ( 'NONE', #632, 1000.000000000000000 ) ;
#1819 = ORIENTED_EDGE ( 'NONE', *, *, #1809, .T. ) ;
#1820 = EDGE_LOOP ( 'NONE', ( #5824, #4545, #1206, #2127 ) ) ;
#1821 = CARTESIAN_POINT ( 'NONE',  ( 0.7249999999999999778, 1.850000000000000089, 2.024999999999999911 ) ) ;
#1822 = CARTESIAN_POINT ( 'NONE',  ( -2.875000000000000000, 0.6000000000000024203, 1.375000000000002442 ) ) ;
#1823 = EDGE_LOOP ( 'NONE', ( #3135, #657, #6854, #133 ) ) ;
#1824 = DIRECTION ( 'NONE',  ( -1.000000000000000000, 0.0000000000000000000, 0.0000000000000000000 ) ) ;
#1825 = DIRECTION ( 'NONE',  ( 0.0000000000000000000, -1.000000000000000000, 0.0000000000000000000 ) ) ;
#1826 = LINE ( 'NONE', #2133, #5860 ) ;
#1827 = DIRECTION ( 'NONE',  ( 0.0000000000000000000, 1.000000000000000000, 0.0000000000000000000 ) ) ;
#1828 = MECHANICAL_DESIGN_GEOMETRIC_PRESENTATION_REPRESENTATION (  '', ( #6904 ), #6049 ) ;
#1829 = DIRECTION ( 'NONE',  ( 1.000000000000000000, 0.0000000000000000000, 0.0000000000000000000 ) ) ;
#1830 = EDGE_CURVE ( 'NONE', #6575, #4166, #1380, .T. ) ;
#1831 = SURFACE_STYLE_FILL_AREA ( #7373 ) ;
#1832 = ORIENTED_EDGE ( 'NONE', *, *, #778, .T. ) ;
#1833 = SURFACE_STYLE_USAGE ( .BOTH. , #588 ) ;
#1834 = VERTEX_POINT ( 'NONE', #1309 ) ;
#1835 = FACE_OUTER_BOUND ( 'NONE', #2214, .T. ) ;
#1836 = VECTOR ( 'NONE', #231, 1000.000000000000000 ) ;
#1837 = ORIENTED_EDGE ( 'NONE', *, *, #887, .F. ) ;
#1838 = PRESENTATION_LAYER_ASSIGNMENT (  '', '', ( #4816 ) ) ;
#1839 = CARTESIAN_POINT ( 'NONE',  ( 3.015000000000000124, 1.000000000000000000, -1.025000000000000133 ) ) ;
#1840 = ORIENTED_EDGE ( 'NONE', *, *, #3031, .T. ) ;
#1841 = ORIENTED_EDGE ( 'NONE', *, *, #5044, .T. ) ;
#1842 = EDGE_CURVE ( 'NONE', #3309, #6575, #3803, .T. ) ;
#1843 = LINE ( 'NONE', #5906, #5693 ) ;
#1844 = VECTOR ( 'NONE', #1031, 1000.000000000000000 ) ;
#1845 = ORIENTED_EDGE ( 'NONE', *, *, #6389, .T. ) ;
#1846 = PLANE ( 'NONE',  #6732 ) ;
#1847 = ADVANCED_FACE ( 'NONE', ( #3981 ), #2477, .T. ) ;
#1848 = PRESENTATION_LAYER_ASSIGNMENT (  '', '', ( #3852 ) ) ;
#1849 = DIRECTION ( 'NONE',  ( -1.000000000000000000, 0.0000000000000000000, -0.0000000000000000000 ) ) ;
#1850 = DIRECTION ( 'NONE',  ( 0.0000000000000000000, -3.252606517456512513E-15, 1.000000000000000000 ) ) ;
#1851 = CARTESIAN_POINT ( 'NONE',  ( -0.8750000000000000000, 2.250000000000000000, 1.505384757699999909 ) ) ;
#1852 = CARTESIAN_POINT ( 'NONE',  ( 0.4249999999999999889, 1.850000000000000089, 2.024999999999999911 ) ) ;
#1853 = ORIENTED_EDGE ( 'NONE', *, *, #5938, .F. ) ;
#1854 = DIRECTION ( 'NONE',  ( 0.0000000000000000000, -1.000000000000000000, 0.0000000000000000000 ) ) ;
#1855 = LINE ( 'NONE', #5441, #4168 ) ;
#1856 = FACE_OUTER_BOUND ( 'NONE', #4112, .T. ) ;
#1857 = VECTOR ( 'NONE', #6542, 1000.000000000000000 ) ;
#1858 = EDGE_CURVE ( 'NONE', #952, #6838, #3715, .T. ) ;
#1859 = CARTESIAN_POINT ( 'NONE',  ( 3.015000000000000124, 1.000000000000000000, -1.525000000000000133 ) ) ;
#1860 = DIRECTION ( 'NONE',  ( 0.0000000000000000000, 2.997602166487923448E-15, -1.000000000000000000 ) ) ;
#1861 = ORIENTED_EDGE ( 'NONE', *, *, #4290, .T. ) ;
#1862 = AXIS2_PLACEMENT_3D ( 'NONE', #1442, #5491, #1500 ) ;
#1863 = LINE ( 'NONE', #917, #3207 ) ;
#1864 = FACE_OUTER_BOUND ( 'NONE', #5299, .T. ) ;
#1865 = DIRECTION ( 'NONE',  ( -0.0000000000000000000, 0.0000000000000000000, 1.000000000000000000 ) ) ;
#1866 = VECTOR ( 'NONE', #3802, 1000.000000000000000 ) ;
#1867 = EDGE_LOOP ( 'NONE', ( #3832, #5474, #2668 ) ) ;
#1868 = ORIENTED_EDGE ( 'NONE', *, *, #5744, .T. ) ;
#1869 = UNCERTAINTY_MEASURE_WITH_UNIT (LENGTH_MEASURE( 1.000000000000000082E-05 ), #5803, 'distance_accuracy_value', 'NONE');
#1870 = DIRECTION ( 'NONE',  ( 0.0000000000000000000, 0.6650335612228979176, -0.7468134723257140450 ) ) ;
#1871 =( GEOMETRIC_REPRESENTATION_CONTEXT ( 3 ) GLOBAL_UNCERTAINTY_ASSIGNED_CONTEXT ( ( #5956 ) ) GLOBAL_UNIT_ASSIGNED_CONTEXT ( ( #1050, #4589, #5063 ) ) REPRESENTATION_CONTEXT ( 'NONE', 'WORKASPACE' ) );
#1872 = ORIENTED_EDGE ( 'NONE', *, *, #5288, .F. ) ;
#1873 = DIRECTION ( 'NONE',  ( 1.000000000000000000, 0.0000000000000000000, 0.0000000000000000000 ) ) ;
#1874 = CARTESIAN_POINT ( 'NONE',  ( 1.774999999999999911, -0.6500000000000000222, -1.775000000000000133 ) ) ;
#1875 = FACE_OUTER_BOUND ( 'NONE', #2350, .T. ) ;
#1876 = ORIENTED_EDGE ( 'NONE', *, *, #3872, .F. ) ;
#1877 = CARTESIAN_POINT ( 'NONE',  ( -1.875000000000000000, 3.750000000000000000, 2.025999999999999801 ) ) ;
#1878 = DIRECTION ( 'NONE',  ( 1.000000000000000000, 0.0000000000000000000, 0.0000000000000000000 ) ) ;
#1879 = EDGE_CURVE ( 'NONE', #816, #2276, #6937, .T. ) ;
#1880 = DIRECTION ( 'NONE',  ( 0.0000000000000000000, 4.003208021484939327E-15, -1.000000000000000000 ) ) ;
#1881 = CARTESIAN_POINT ( 'NONE',  ( -0.8750000000000000000, 1.949999999999999956, 2.024999999999999911 ) ) ;
#1882 = PRESENTATION_STYLE_ASSIGNMENT (( #1833 ) ) ;
#1883 = VERTEX_POINT ( 'NONE', #112 ) ;
#1884 = DIRECTION ( 'NONE',  ( 0.0000000000000000000, -3.219646771412953967E-15, 1.000000000000000000 ) ) ;
#1885 = CARTESIAN_POINT ( 'NONE',  ( -2.475000000000000089, 3.599999999999999201, -0.07500000000000128786 ) ) ;
#1886 = DIRECTION ( 'NONE',  ( 0.0000000000000000000, -1.000000000000000000, 0.0000000000000000000 ) ) ;
#1887 = ADVANCED_FACE ( 'NONE', ( #5791 ), #2018, .T. ) ;
#1888 = LINE ( 'NONE', #7187, #6800 ) ;
#1889 = AXIS2_PLACEMENT_3D ( 'NONE', #1705, #2357, #5149 ) ;
#1890 = DIRECTION ( 'NONE',  ( -1.000000000000000000, 0.0000000000000000000, 0.0000000000000000000 ) ) ;
#1891 = LINE ( 'NONE', #7204, #3943 ) ;
#1892 = LINE ( 'NONE', #438, #6111 ) ;
#1893 = DIRECTION ( 'NONE',  ( -1.000000000000000000, 0.0000000000000000000, 0.0000000000000000000 ) ) ;
#1894 = EDGE_CURVE ( 'NONE', #3053, #2246, #2829, .T. ) ;
#1895 = CARTESIAN_POINT ( 'NONE',  ( 3.225000000000000533, 1.315130797599999957, 1.171117220399999770 ) ) ;
#1896 = DIRECTION ( 'NONE',  ( -1.000000000000000000, 0.0000000000000000000, 0.0000000000000000000 ) ) ;
#1897 = LINE ( 'NONE', #3238, #3246 ) ;
#1898 = FACE_OUTER_BOUND ( 'NONE', #7150, .T. ) ;
#1899 = PRESENTATION_LAYER_ASSIGNMENT (  '', '', ( #7149 ) ) ;
#1900 = CARTESIAN_POINT ( 'NONE',  ( -1.875000000000000000, 1.850000000000000089, 2.024999999999999911 ) ) ;
#1901 = VECTOR ( 'NONE', #5537, 1000.000000000000000 ) ;
#1902 = CARTESIAN_POINT ( 'NONE',  ( -1.175000000000000044, 1.850000000000000089, 2.024999999999999911 ) ) ;
#1903 = DIRECTION ( 'NONE',  ( 0.0000000000000000000, 0.0000000000000000000, -1.000000000000000000 ) ) ;
#1904 = VECTOR ( 'NONE', #3564, 1000.000000000000000 ) ;
#1905 = CARTESIAN_POINT ( 'NONE',  ( 1.974999999999999867, 0.05000000000000002359, -1.775000000000000133 ) ) ;
#1906 = ORIENTED_EDGE ( 'NONE', *, *, #3297, .T. ) ;
#1907 = EDGE_CURVE ( 'NONE', #5680, #6149, #4075, .T. ) ;
#1908 = PLANE ( 'NONE',  #1730 ) ;
#1909 = FACE_OUTER_BOUND ( 'NONE', #2820, .T. ) ;
#1910 = EDGE_CURVE ( 'NONE', #4688, #7076, #5499, .T. ) ;
#1911 = LINE ( 'NONE', #2283, #5573 ) ;
#1912 = ORIENTED_EDGE ( 'NONE', *, *, #4495, .T. ) ;
#1913 = SURFACE_STYLE_FILL_AREA ( #4480 ) ;
#1914 = EDGE_CURVE ( 'NONE', #3195, #777, #1475, .T. ) ;
#1915 = CARTESIAN_POINT ( 'NONE',  ( -1.175000000000000044, 1.850000000000000089, -1.474999999999999867 ) ) ;
#1916 = ADVANCED_FACE ( 'NONE', ( #1115 ), #1945, .F. ) ;
#1917 = DIRECTION ( 'NONE',  ( 0.0000000000000000000, 0.0000000000000000000, 1.000000000000000000 ) ) ;
#1918 = ORIENTED_EDGE ( 'NONE', *, *, #73, .F. ) ;
#1919 = DIRECTION ( 'NONE',  ( 1.000000000000000000, 0.0000000000000000000, -0.0000000000000000000 ) ) ;
#1920 = CARTESIAN_POINT ( 'NONE',  ( -0.7349999999999999867, 1.000000000000000000, -1.025000000000000133 ) ) ;
#1921 = ORIENTED_EDGE ( 'NONE', *, *, #5994, .F. ) ;
#1922 = DIRECTION ( 'NONE',  ( 0.0000000000000000000, 0.0000000000000000000, 1.000000000000000000 ) ) ;
#1923 = MECHANICAL_DESIGN_GEOMETRIC_PRESENTATION_REPRESENTATION (  '', ( #4764 ), #5908 ) ;
#1924 = CARTESIAN_POINT ( 'NONE',  ( 5.375000000000000000, 2.000000000000000000, -1.425000000000000044 ) ) ;
#1925 = VECTOR ( 'NONE', #5230, 1000.000000000000000 ) ;
#1926 = PLANE ( 'NONE',  #4554 ) ;
#1927 = DIRECTION ( 'NONE',  ( -1.000000000000000000, 0.0000000000000000000, 0.0000000000000000000 ) ) ;
#1928 = ORIENTED_EDGE ( 'NONE', *, *, #6151, .F. ) ;
#1929 = ORIENTED_EDGE ( 'NONE', *, *, #1955, .T. ) ;
#1930 = CARTESIAN_POINT ( 'NONE',  ( -2.875000000000000000, 0.0000000000000000000, 0.0000000000000000000 ) ) ;
#1931 = VECTOR ( 'NONE', #4216, 1000.000000000000000 ) ;
#1932 = CARTESIAN_POINT ( 'NONE',  ( 5.375000000000000000, 1.000000000000000000, -2.024999999999999911 ) ) ;
#1933 = VECTOR ( 'NONE', #2708, 1000.000000000000000 ) ;
#1934 = VECTOR ( 'NONE', #1153, 1000.000000000000000 ) ;
#1935 = DIRECTION ( 'NONE',  ( 0.0000000000000000000, 1.000000000000000000, 0.0000000000000000000 ) ) ;
#1936 = ORIENTED_EDGE ( 'NONE', *, *, #3441, .F. ) ;
#1937 = LINE ( 'NONE', #3798, #1760 ) ;
#1938 = COLOUR_RGB ( '',1.000000000000000000, 1.000000000000000000, 1.000000000000000000 ) ;
#1939 = EDGE_CURVE ( 'NONE', #4381, #1465, #4172, .T. ) ;
#1940 = EDGE_LOOP ( 'NONE', ( #5117, #75, #2291, #3973 ) ) ;
#1941 = ORIENTED_EDGE ( 'NONE', *, *, #1044, .F. ) ;
#1942 = FACE_OUTER_BOUND ( 'NONE', #4873, .T. ) ;
#1943 = ORIENTED_EDGE ( 'NONE', *, *, #4651, .T. ) ;
#1944 = CARTESIAN_POINT ( 'NONE',  ( 0.5250000000000000222, 1.850000000000000089, -1.025000000000000133 ) ) ;
#1945 = PLANE ( 'NONE',  #5834 ) ;
#1946 = DIRECTION ( 'NONE',  ( 0.0000000000000000000, 1.000000000000000000, 0.0000000000000000000 ) ) ;
#1947 = CARTESIAN_POINT ( 'NONE',  ( 3.225000000000000533, 1.850000000000000089, -1.025000000000000133 ) ) ;
#1948 = CARTESIAN_POINT ( 'NONE',  ( -2.274999999999999911, 3.600000000000000977, -0.07499999999999998335 ) ) ;
#1949 = ORIENTED_EDGE ( 'NONE', *, *, #5717, .F. ) ;
#1950 = VECTOR ( 'NONE', #997, 1000.000000000000000 ) ;
#1951 = EDGE_CURVE ( 'NONE', #878, #3722, #1382, .T. ) ;
#1952 = CARTESIAN_POINT ( 'NONE',  ( -0.8750000000000000000, 2.250000000000000000, -2.024999999999999911 ) ) ;
#1953 = CARTESIAN_POINT ( 'NONE',  ( -2.024999999999999911, 4.250000000000000000, -1.925000000000000044 ) ) ;
#1954 = CARTESIAN_POINT ( 'NONE',  ( -2.274999999999999911, 0.6000000000000076383, -0.2249999999999982014 ) ) ;
#1955 = EDGE_CURVE ( 'NONE', #926, #4601, #2485, .T. ) ;
#1956 = CARTESIAN_POINT ( 'NONE',  ( -0.7249999999999999778, 0.0000000000000000000, -2.024999999999999911 ) ) ;
#1957 = ORIENTED_EDGE ( 'NONE', *, *, #1277, .T. ) ;
#1958 = ADVANCED_FACE ( 'NONE', ( #1856 ), #3146, .T. ) ;
#1959 = FACE_OUTER_BOUND ( 'NONE', #3713, .T. ) ;
#1960 = ORIENTED_EDGE ( 'NONE', *, *, #2984, .T. ) ;
#1961 = ORIENTED_EDGE ( 'NONE', *, *, #4876, .F. ) ;
#1962 =( LENGTH_UNIT ( ) NAMED_UNIT ( * ) SI_UNIT ( .MILLI., .METRE. ) );
#1963 = UNCERTAINTY_MEASURE_WITH_UNIT (LENGTH_MEASURE( 1.000000000000000082E-05 ), #5011, 'distance_accuracy_value', 'NONE');
#1964 = DIRECTION ( 'NONE',  ( 0.0000000000000000000, 0.0000000000000000000, 1.000000000000000000 ) ) ;
#1965 = PRODUCT_DEFINITION_CONTEXT ( 'detailed design', #2148, 'design' ) ;
#1966 = ORIENTED_EDGE ( 'NONE', *, *, #2919, .T. ) ;
#1967 = AXIS2_PLACEMENT_3D ( 'NONE', #6217, #3927, #6243 ) ;
#1968 = EDGE_CURVE ( 'NONE', #4957, #6916, #7365, .T. ) ;
#1969 = EDGE_LOOP ( 'NONE', ( #4047, #6943, #3273, #4783 ) ) ;
#1970 = DIRECTION ( 'NONE',  ( 0.0000000000000000000, -1.000000000000000000, 0.0000000000000000000 ) ) ;
#1971 =( NAMED_UNIT ( * ) PLANE_ANGLE_UNIT ( ) SI_UNIT ( $, .RADIAN. ) );
#1972 = CARTESIAN_POINT ( 'NONE',  ( 4.956138830084189095, 2.750000000000000000, -0.4749999999999999778 ) ) ;
#1973 = VECTOR ( 'NONE', #460, 1000.000000000000000 ) ;
#1974 = ORIENTED_EDGE ( 'NONE', *, *, #4197, .T. ) ;
#1975 = DIRECTION ( 'NONE',  ( 1.000000000000000000, 0.0000000000000000000, -0.0000000000000000000 ) ) ;
#1976 = CARTESIAN_POINT ( 'NONE',  ( 1.975000000000000089, 1.000000000000000000, 1.525000000000000133 ) ) ;
#1977 = CARTESIAN_POINT ( 'NONE',  ( 4.775000000000000355, 1.980741759643274369, -1.925000000000000711 ) ) ;
#1978 = FILL_AREA_STYLE ('',( #2025 ) ) ;
#1979 = ORIENTED_EDGE ( 'NONE', *, *, #484, .T. ) ;
#1980 = FACE_OUTER_BOUND ( 'NONE', #4251, .T. ) ;
#1981 = VECTOR ( 'NONE', #1546, 1000.000000000000000 ) ;
#1982 = CARTESIAN_POINT ( 'NONE',  ( -1.875000000000000000, 1.850000000000000089, -1.474999999999999867 ) ) ;
#1983 = CARTESIAN_POINT ( 'NONE',  ( 2.875000000000000444, 3.750000000000000000, -2.024999999999999911 ) ) ;
#1984 = CARTESIAN_POINT ( 'NONE',  ( 5.375000000000000000, 1.000000000000000000, -2.024999999999999911 ) ) ;
#1985 = EDGE_CURVE ( 'NONE', #5131, #511, #411, .T. ) ;
#1986 = FILL_AREA_STYLE_COLOUR ( '', #7115 ) ;
#1987 = LINE ( 'NONE', #3615, #7416 ) ;
#1988 = EDGE_LOOP ( 'NONE', ( #7362, #4740, #3375, #1288, #4130, #5287, #360, #1680, #983, #6885, #3429, #21 ) ) ;
#1989 = ORIENTED_EDGE ( 'NONE', *, *, #1767, .T. ) ;
#1990 = SHAPE_DEFINITION_REPRESENTATION ( #6040, #4385 ) ;
#1991 = ORIENTED_EDGE ( 'NONE', *, *, #6458, .F. ) ;
#1992 = VECTOR ( 'NONE', #895, 1000.000000000000000 ) ;
#1993 = ORIENTED_EDGE ( 'NONE', *, *, #5087, .F. ) ;
#1994 = ADVANCED_FACE ( 'NONE', ( #6500 ), #3125, .T. ) ;
#1995 = DIRECTION ( 'NONE',  ( -0.0000000000000000000, 1.000000000000000000, -0.0000000000000000000 ) ) ;
#1996 = EDGE_CURVE ( 'NONE', #4748, #599, #3440, .T. ) ;
#1997 = CARTESIAN_POINT ( 'NONE',  ( -0.8750000000000000000, 4.153701442700000079, -1.791922863399999954 ) ) ;
#1998 = VECTOR ( 'NONE', #1062, 1000.000000000000000 ) ;
#1999 = VECTOR ( 'NONE', #7010, 1000.000000000000000 ) ;
#2000 = ORIENTED_EDGE ( 'NONE', *, *, #7111, .T. ) ;
#2001 = DIRECTION ( 'NONE',  ( 0.0000000000000000000, -0.0000000000000000000, -1.000000000000000000 ) ) ;
#2002 = CARTESIAN_POINT ( 'NONE',  ( 0.7349999999999999867, 1.000000000000000000, -1.474999999999999867 ) ) ;
#2003 = PLANE ( 'NONE',  #173 ) ;
#2004 = LINE ( 'NONE', #4383, #1648 ) ;
#2005 = CARTESIAN_POINT ( 'NONE',  ( -0.5250000000000000222, 1.850000000000000089, 0.0000000000000000000 ) ) ;
#2006 = VERTEX_POINT ( 'NONE', #7217 ) ;
#2007 = CARTESIAN_POINT ( 'NONE',  ( -0.5250000000000000222, 1.000000000000000000, -1.525000000000000133 ) ) ;
#2008 = EDGE_CURVE ( 'NONE', #1097, #5321, #5320, .T. ) ;
#2009 = VECTOR ( 'NONE', #4125, 1000.000000000000000 ) ;
#2010 = DIRECTION ( 'NONE',  ( 0.0000000000000000000, -1.000000000000000000, 0.0000000000000000000 ) ) ;
#2011 = DIRECTION ( 'NONE',  ( -1.000000000000000000, 0.0000000000000000000, 0.0000000000000000000 ) ) ;
#2012 = FACE_OUTER_BOUND ( 'NONE', #4530, .T. ) ;
#2013 = ORIENTED_EDGE ( 'NONE', *, *, #2155, .F. ) ;
#2014 = DIRECTION ( 'NONE',  ( 0.0000000000000000000, 0.0000000000000000000, -1.000000000000000000 ) ) ;
#2015 = EDGE_CURVE ( 'NONE', #2531, #2769, #6256, .T. ) ;
#2016 = LINE ( 'NONE', #6570, #2823 ) ;
#2017 = DIRECTION ( 'NONE',  ( 0.0000000000000000000, -1.000000000000000000, 0.0000000000000000000 ) ) ;
#2018 = PLANE ( 'NONE',  #4039 ) ;
#2019 = PLANE ( 'NONE',  #4122 ) ;
#2020 = ORIENTED_EDGE ( 'NONE', *, *, #4905, .F. ) ;
#2021 =( GEOMETRIC_REPRESENTATION_CONTEXT ( 3 ) GLOBAL_UNCERTAINTY_ASSIGNED_CONTEXT ( ( #2646 ) ) GLOBAL_UNIT_ASSIGNED_CONTEXT ( ( #139, #5903, #6505 ) ) REPRESENTATION_CONTEXT ( 'NONE', 'WORKASPACE' ) );
#2022 = LINE ( 'NONE', #70, #6424 ) ;
#2023 = LINE ( 'NONE', #5756, #2649 ) ;
#2024 = LINE ( 'NONE', #6355, #6515 ) ;
#2025 = FILL_AREA_STYLE_COLOUR ( '', #6621 ) ;
#2026 = DIRECTION ( 'NONE',  ( -1.000000000000000000, 0.0000000000000000000, 0.0000000000000000000 ) ) ;
#2027 = ORIENTED_EDGE ( 'NONE', *, *, #1811, .T. ) ;
#2028 = CARTESIAN_POINT ( 'NONE',  ( 1.975000000000000089, 1.649999999999999911, 2.024999999999999911 ) ) ;
#2029 = LINE ( 'NONE', #4357, #210 ) ;
#2030 = SURFACE_SIDE_STYLE ('',( #3089 ) ) ;
#2031 = LINE ( 'NONE', #3240, #6764 ) ;
#2032 = ADVANCED_FACE ( 'NONE', ( #3200 ), #4398, .T. ) ;
#2033 = SURFACE_STYLE_FILL_AREA ( #2931 ) ;
#2034 = DIRECTION ( 'NONE',  ( 0.0000000000000000000, -1.000000000000000000, 0.0000000000000000000 ) ) ;
#2035 = VERTEX_POINT ( 'NONE', #4932 ) ;
#2036 = ORIENTED_EDGE ( 'NONE', *, *, #1461, .F. ) ;
#2037 = CARTESIAN_POINT ( 'NONE',  ( -2.274999999999999911, 1.999999999999998668, -1.425000000000000933 ) ) ;
#2038 = LINE ( 'NONE', #6021, #1047 ) ;
#2039 = DIRECTION ( 'NONE',  ( -1.000000000000000000, 0.0000000000000000000, 0.0000000000000000000 ) ) ;
#2040 = VECTOR ( 'NONE', #3977, 1000.000000000000000 ) ;
#2041 = LINE ( 'NONE', #4461, #6861 ) ;
#2042 = EDGE_CURVE ( 'NONE', #3068, #4094, #3452, .T. ) ;
#2043 = VERTEX_POINT ( 'NONE', #1462 ) ;
#2044 = ORIENTED_EDGE ( 'NONE', *, *, #4656, .F. ) ;
#2045 = AXIS2_PLACEMENT_3D ( 'NONE', #1953, #5366, #5957 ) ;
#2046 =( NAMED_UNIT ( * ) SI_UNIT ( $, .STERADIAN. ) SOLID_ANGLE_UNIT ( ) );
#2047 = LINE ( 'NONE', #4467, #135 ) ;
#2048 = DIRECTION ( 'NONE',  ( 0.0000000000000000000, 0.0000000000000000000, -1.000000000000000000 ) ) ;
#2049 = DIRECTION ( 'NONE',  ( 0.0000000000000000000, 0.0000000000000000000, -1.000000000000000000 ) ) ;
#2050 = DIRECTION ( 'NONE',  ( 0.0000000000000000000, 0.0000000000000000000, -1.000000000000000000 ) ) ;
#2051 = ORIENTED_EDGE ( 'NONE', *, *, #3215, .F. ) ;
#2052 = EDGE_CURVE ( 'NONE', #3884, #3511, #5703, .T. ) ;
#2053 = DIRECTION ( 'NONE',  ( -1.000000000000000000, 0.0000000000000000000, 0.0000000000000000000 ) ) ;
#2054 = LINE ( 'NONE', #4297, #1785 ) ;
#2055 = EDGE_LOOP ( 'NONE', ( #4214, #5865, #993, #6581 ) ) ;
#2056 = VERTEX_POINT ( 'NONE', #4908 ) ;
#2057 = DIRECTION ( 'NONE',  ( 1.000000000000000000, 0.0000000000000000000, 0.0000000000000000000 ) ) ;
#2058 = DIRECTION ( 'NONE',  ( 0.0000000000000000000, 1.000000000000000000, 2.552445434498790050E-15 ) ) ;
#2059 = UNCERTAINTY_MEASURE_WITH_UNIT (LENGTH_MEASURE( 1.000000000000000082E-05 ), #287, 'distance_accuracy_value', 'NONE');
#2060 = EDGE_CURVE ( 'NONE', #3539, #2999, #403, .T. ) ;
#2061 = FILL_AREA_STYLE ('',( #6013 ) ) ;
#2062 = ORIENTED_EDGE ( 'NONE', *, *, #1021, .F. ) ;
#2063 = EDGE_LOOP ( 'NONE', ( #5678, #5408, #3866, #5161 ) ) ;
#2064 = EDGE_CURVE ( 'NONE', #2542, #850, #6156, .T. ) ;
#2065 = CARTESIAN_POINT ( 'NONE',  ( 0.7250000000000000888, 1.850000000000000089, 2.024999999999999911 ) ) ;
#2066 = DIRECTION ( 'NONE',  ( -0.0000000000000000000, -1.000000000000000000, -3.219646771412953967E-15 ) ) ;
#2067 = DIRECTION ( 'NONE',  ( 0.0000000000000000000, 0.0000000000000000000, 1.000000000000000000 ) ) ;
#2068 = VECTOR ( 'NONE', #4261, 1000.000000000000000 ) ;
#2069 = LINE ( 'NONE', #4143, #3577 ) ;
#2070 = EDGE_CURVE ( 'NONE', #6991, #2580, #5968, .T. ) ;
#2071 = ADVANCED_FACE ( 'NONE', ( #1300 ), #3857, .T. ) ;
#2072 = CARTESIAN_POINT ( 'NONE',  ( 2.500000000000000444, 0.0000000000000000000, 0.02500000000000000139 ) ) ;
#2073 = EDGE_LOOP ( 'NONE', ( #1759, #1239, #1056, #1614, #1425, #6153, #6089, #2897, #4935, #2392, #5479, #1213, #6953, #2724 ) ) ;
#2074 = CARTESIAN_POINT ( 'NONE',  ( -0.8750000000000000000, 2.250000000000000000, -2.024999999999999911 ) ) ;
#2075 = CARTESIAN_POINT ( 'NONE',  ( 5.375000000000000000, 1.949999999999999512, 2.025000000000007017 ) ) ;
#2076 = LINE ( 'NONE', #5148, #7410 ) ;
#2077 = VERTEX_POINT ( 'NONE', #5483 ) ;
#2078 = PLANE ( 'NONE',  #7200 ) ;
#2079 = AXIS2_PLACEMENT_3D ( 'NONE', #6888, #4013, #1157 ) ;
#2080 = PLANE ( 'NONE',  #4175 ) ;
#2081 = DIRECTION ( 'NONE',  ( 0.0000000000000000000, 1.084202172485501673E-15, 1.000000000000000000 ) ) ;
#2082 = DIRECTION ( 'NONE',  ( 0.0000000000000000000, 0.0000000000000000000, 1.000000000000000000 ) ) ;
#2083 = DIRECTION ( 'NONE',  ( 1.000000000000000000, 0.0000000000000000000, -0.0000000000000000000 ) ) ;
#2084 = ORIENTED_EDGE ( 'NONE', *, *, #1858, .T. ) ;
#2085 = DIRECTION ( 'NONE',  ( -1.000000000000000000, 0.0000000000000000000, 0.0000000000000000000 ) ) ;
#2086 = CARTESIAN_POINT ( 'NONE',  ( 3.015000000000000124, 1.000000000000000000, -2.024999999999999911 ) ) ;
#2087 = FACE_OUTER_BOUND ( 'NONE', #154, .T. ) ;
#2088 = EDGE_CURVE ( 'NONE', #5621, #6640, #1583, .T. ) ;
#2089 = ORIENTED_EDGE ( 'NONE', *, *, #1286, .F. ) ;
#2090 = DIRECTION ( 'NONE',  ( 0.0000000000000000000, -1.000000000000000000, 0.0000000000000000000 ) ) ;
#2091 = LINE ( 'NONE', #1877, #1088 ) ;
#2092 = ORIENTED_EDGE ( 'NONE', *, *, #7022, .T. ) ;
#2093 = CARTESIAN_POINT ( 'NONE',  ( 0.7250000000000000888, 1.850000000000000089, -2.024999999999999911 ) ) ;
#2094 = VECTOR ( 'NONE', #3536, 1000.000000000000000 ) ;
#2095 = EDGE_LOOP ( 'NONE', ( #1296, #1503, #6712, #116, #1102, #1072 ) ) ;
#2096 = VECTOR ( 'NONE', #6920, 1000.000000000000000 ) ;
#2097 = ORIENTED_EDGE ( 'NONE', *, *, #1634, .T. ) ;
#2098 = EDGE_CURVE ( 'NONE', #2948, #7174, #595, .T. ) ;
#2099 = CARTESIAN_POINT ( 'NONE',  ( 0.5249999999999999112, -0.6500000000000000222, -2.075000000000000178 ) ) ;
#2100 = DIRECTION ( 'NONE',  ( 0.0000000000000000000, 1.000000000000000000, -3.295974604355814534E-17 ) ) ;
#2101 = ORIENTED_EDGE ( 'NONE', *, *, #366, .T. ) ;
#2102 = LINE ( 'NONE', #200, #5058 ) ;
#2103 = EDGE_CURVE ( 'NONE', #6838, #2126, #4442, .T. ) ;
#2104 = ORIENTED_EDGE ( 'NONE', *, *, #1194, .T. ) ;
#2105 = DIRECTION ( 'NONE',  ( 0.0000000000000000000, -1.000000000000000000, 0.0000000000000000000 ) ) ;
#2106 = CARTESIAN_POINT ( 'NONE',  ( 3.225000000000000533, 1.795247431900000024, 2.024999999999999911 ) ) ;
#2107 = DIRECTION ( 'NONE',  ( 0.0000000000000000000, 4.003208021484939327E-15, -1.000000000000000000 ) ) ;
#2108 =( LENGTH_UNIT ( ) NAMED_UNIT ( * ) SI_UNIT ( .MILLI., .METRE. ) );
#2109 = ADVANCED_FACE ( 'NONE', ( #6853 ), #6644, .F. ) ;
#2110 = SURFACE_SIDE_STYLE ('',( #2935 ) ) ;
#2111 = ORIENTED_EDGE ( 'NONE', *, *, #3820, .F. ) ;
#2112 = LINE ( 'NONE', #4198, #927 ) ;
#2113 = LINE ( 'NONE', #2876, #6670 ) ;
#2114 = LINE ( 'NONE', #621, #6341 ) ;
#2115 = CARTESIAN_POINT ( 'NONE',  ( -0.8750000000000000000, 2.250000000000000000, -2.024999999999999911 ) ) ;
#2116 = CARTESIAN_POINT ( 'NONE',  ( -0.4249999999999999889, 1.850000000000000089, -1.474999999999999867 ) ) ;
#2117 = ORIENTED_EDGE ( 'NONE', *, *, #3058, .F. ) ;
#2118 = VERTEX_POINT ( 'NONE', #2099 ) ;
#2119 = VECTOR ( 'NONE', #2335, 1000.000000000000000 ) ;
#2120 = CARTESIAN_POINT ( 'NONE',  ( 1.975000000000000089, 1.000000000000000000, -1.525000000000000133 ) ) ;
#2121 = LINE ( 'NONE', #6875, #6348 ) ;
#2122 = DIRECTION ( 'NONE',  ( 0.0000000000000000000, 1.000000000000000000, 0.0000000000000000000 ) ) ;
#2123 = CARTESIAN_POINT ( 'NONE',  ( 2.875000000000000000, 1.000000000000000000, -1.525000000000000133 ) ) ;
#2124 = AXIS2_PLACEMENT_3D ( 'NONE', #2546, #6146, #6776 ) ;
#2125 = FILL_AREA_STYLE ('',( #6760 ) ) ;
#2126 = VERTEX_POINT ( 'NONE', #6107 ) ;
#2127 = ORIENTED_EDGE ( 'NONE', *, *, #1414, .F. ) ;
#2128 = LINE ( 'NONE', #2513, #5415 ) ;
#2129 = LINE ( 'NONE', #3952, #2040 ) ;
#2130 = DIRECTION ( 'NONE',  ( 0.0000000000000000000, 1.000000000000000000, 0.0000000000000000000 ) ) ;
#2131 = PRESENTATION_STYLE_ASSIGNMENT (( #2212 ) ) ;
#2132 = DIRECTION ( 'NONE',  ( 0.0000000000000000000, 0.0000000000000000000, -1.000000000000000000 ) ) ;
#2133 = CARTESIAN_POINT ( 'NONE',  ( 1.775000000000000133, -0.004464445899999999919, 0.003975566199999999890 ) ) ;
#2134 = CARTESIAN_POINT ( 'NONE',  ( 1.775000000000000133, 0.0000000000000000000, -1.525000000000000133 ) ) ;
#2135 = CARTESIAN_POINT ( 'NONE',  ( -2.475000000000000089, 1.999999999999998668, -1.425000000000000933 ) ) ;
#2136 = VERTEX_POINT ( 'NONE', #5002 ) ;
#2137 = ORIENTED_EDGE ( 'NONE', *, *, #7117, .T. ) ;
#2138 =( NAMED_UNIT ( * ) PLANE_ANGLE_UNIT ( ) SI_UNIT ( $, .RADIAN. ) );
#2139 = LINE ( 'NONE', #4511, #225 ) ;
#2140 = ORIENTED_EDGE ( 'NONE', *, *, #4204, .T. ) ;
#2141 = MECHANICAL_DESIGN_GEOMETRIC_PRESENTATION_REPRESENTATION (  '', ( #4831 ), #7002 ) ;
#2142 = ORIENTED_EDGE ( 'NONE', *, *, #4651, .F. ) ;
#2143 = CARTESIAN_POINT ( 'NONE',  ( 4.375000000000000000, 3.750000000000000000, 0.02500000000000000139 ) ) ;
#2144 = LINE ( 'NONE', #4238, #3040 ) ;
#2145 = ORIENTED_EDGE ( 'NONE', *, *, #5894, .F. ) ;
#2146 = EDGE_CURVE ( 'NONE', #2159, #6990, #3988, .T. ) ;
#2147 = ADVANCED_FACE ( 'NONE', ( #766 ), #1618, .F. ) ;
#2148 = APPLICATION_CONTEXT ( 'automotive_design' ) ;
#2149 = VERTEX_POINT ( 'NONE', #6084 ) ;
#2150 = CARTESIAN_POINT ( 'NONE',  ( 4.775000000000000355, 4.250000000000000000, -0.07499999999999998335 ) ) ;
#2151 = DIRECTION ( 'NONE',  ( -1.000000000000000000, 0.0000000000000000000, 0.0000000000000000000 ) ) ;
#2152 = CARTESIAN_POINT ( 'NONE',  ( 1.775000000000000133, 1.350000000000000089, 1.525000000000000133 ) ) ;
#2153 = ORIENTED_EDGE ( 'NONE', *, *, #4495, .F. ) ;
#2154 = CARTESIAN_POINT ( 'NONE',  ( 3.225000000000000533, 1.649999999999999911, -1.025000000000000133 ) ) ;
#2155 = EDGE_CURVE ( 'NONE', #6112, #5428, #6681, .T. ) ;
#2156 = ORIENTED_EDGE ( 'NONE', *, *, #3058, .T. ) ;
#2157 =( LENGTH_UNIT ( ) NAMED_UNIT ( * ) SI_UNIT ( .MILLI., .METRE. ) );
#2158 = COLOUR_RGB ( '',0.6470588235294117974, 0.6196078431372549211, 0.5882352941176470784 ) ;
#2159 = VERTEX_POINT ( 'NONE', #1595 ) ;
#2160 = DIRECTION ( 'NONE',  ( 0.0000000000000000000, 0.6650335612228979176, -0.7468134723257140450 ) ) ;
#2161 = EDGE_CURVE ( 'NONE', #5131, #7326, #3804, .T. ) ;
#2162 = DIRECTION ( 'NONE',  ( 0.0000000000000000000, -1.000000000000000000, 0.0000000000000000000 ) ) ;
#2163 = CARTESIAN_POINT ( 'NONE',  ( -2.274999999999999911, 4.250000000000000000, -0.07499999999999998335 ) ) ;
#2164 = CARTESIAN_POINT ( 'NONE',  ( 1.975000000000000089, 1.649999999999999911, -1.025000000000000133 ) ) ;
#2165 = LINE ( 'NONE', #4136, #3400 ) ;
#2166 = EDGE_CURVE ( 'NONE', #3784, #592, #4158, .T. ) ;
#2167 = DIRECTION ( 'NONE',  ( 0.0000000000000000000, 0.0000000000000000000, 1.000000000000000000 ) ) ;
#2168 = VERTEX_POINT ( 'NONE', #5116 ) ;
#2169 = LINE ( 'NONE', #2134, #6018 ) ;
#2170 = DIRECTION ( 'NONE',  ( 0.0000000000000000000, 1.000000000000000000, 0.0000000000000000000 ) ) ;
#2171 = DIRECTION ( 'NONE',  ( 0.0000000000000000000, 1.000000000000000000, 0.0000000000000000000 ) ) ;
#2172 = ORIENTED_EDGE ( 'NONE', *, *, #981, .F. ) ;
#2173 = DIRECTION ( 'NONE',  ( 0.0000000000000000000, 0.0000000000000000000, -1.000000000000000000 ) ) ;
#2174 = ORIENTED_EDGE ( 'NONE', *, *, #5931, .F. ) ;
#2175 = AXIS2_PLACEMENT_3D ( 'NONE', #5050, #2173, #3339 ) ;
#2176 = LINE ( 'NONE', #1821, #1001 ) ;
#2177 = ADVANCED_FACE ( 'NONE', ( #1665 ), #4473, .F. ) ;
#2178 = DIRECTION ( 'NONE',  ( 1.000000000000000000, 0.0000000000000000000, 0.0000000000000000000 ) ) ;
#2179 = VECTOR ( 'NONE', #674, 1000.000000000000000 ) ;
#2180 = ORIENTED_EDGE ( 'NONE', *, *, #4487, .F. ) ;
#2181 = CARTESIAN_POINT ( 'NONE',  ( 0.0000000000000000000, 0.0000000000000000000, -1.925000000000000044 ) ) ;
#2182 = EDGE_CURVE ( 'NONE', #4079, #2594, #2297, .T. ) ;
#2183 = PLANE ( 'NONE',  #4159 ) ;
#2184 = ORIENTED_EDGE ( 'NONE', *, *, #240, .T. ) ;
#2185 = DIRECTION ( 'NONE',  ( 0.0000000000000000000, 1.000000000000000000, 0.0000000000000000000 ) ) ;
#2186 = AXIS2_PLACEMENT_3D ( 'NONE', #1067, #553, #2284 ) ;
#2187 = VECTOR ( 'NONE', #1421, 1000.000000000000000 ) ;
#2188 = ORIENTED_EDGE ( 'NONE', *, *, #5118, .T. ) ;
#2189 = CARTESIAN_POINT ( 'NONE',  ( -0.7249999999999999778, 0.0000000000000000000, 0.0000000000000000000 ) ) ;
#2190 = UNCERTAINTY_MEASURE_WITH_UNIT (LENGTH_MEASURE( 1.000000000000000082E-05 ), #2551, 'distance_accuracy_value', 'NONE');
#2191 = LINE ( 'NONE', #7089, #5400 ) ;
#2192 = DIRECTION ( 'NONE',  ( 0.0000000000000000000, 0.0000000000000000000, 1.000000000000000000 ) ) ;
#2193 = EDGE_CURVE ( 'NONE', #5340, #1383, #6426, .T. ) ;
#2194 = CARTESIAN_POINT ( 'NONE',  ( 0.5150000000000000133, 1.649999999999999911, -1.698606797699999893 ) ) ;
#2195 = ORIENTED_EDGE ( 'NONE', *, *, #2015, .F. ) ;
#2196 = DIRECTION ( 'NONE',  ( 1.000000000000000000, 0.0000000000000000000, 0.0000000000000000000 ) ) ;
#2197 = EDGE_CURVE ( 'NONE', #6702, #518, #5503, .T. ) ;
#2198 = LINE ( 'NONE', #3913, #7095 ) ;
#2199 = CARTESIAN_POINT ( 'NONE',  ( 4.125000000000000000, 1.000000000000000000, -2.024999999999999911 ) ) ;
#2200 = DIRECTION ( 'NONE',  ( 1.000000000000000000, 0.0000000000000000000, 0.0000000000000000000 ) ) ;
#2201 = ORIENTED_EDGE ( 'NONE', *, *, #1404, .F. ) ;
#2202 = CARTESIAN_POINT ( 'NONE',  ( -2.500000000000000000, 4.240000000000000213, -0.07499999999999998335 ) ) ;
#2203 = DIRECTION ( 'NONE',  ( 0.0000000000000000000, 0.0000000000000000000, 1.000000000000000000 ) ) ;
#2204 = DIRECTION ( 'NONE',  ( 1.000000000000000000, 0.0000000000000000000, 0.0000000000000000000 ) ) ;
#2205 = ORIENTED_EDGE ( 'NONE', *, *, #1830, .F. ) ;
#2206 = EDGE_CURVE ( 'NONE', #7126, #5516, #2391, .T. ) ;
#2207 = CARTESIAN_POINT ( 'NONE',  ( -1.875000000000000000, 3.149999999999999911, 0.02500000000000000139 ) ) ;
#2208 = FACE_OUTER_BOUND ( 'NONE', #852, .T. ) ;
#2209 = CARTESIAN_POINT ( 'NONE',  ( 4.975000000000000533, 3.600000000000000089, -1.425000000000000933 ) ) ;
#2210 = FACE_OUTER_BOUND ( 'NONE', #4088, .T. ) ;
#2211 = DIRECTION ( 'NONE',  ( 0.0000000000000000000, 0.0000000000000000000, -1.000000000000000000 ) ) ;
#2212 = SURFACE_STYLE_USAGE ( .BOTH. , #6249 ) ;
#2213 = ORIENTED_EDGE ( 'NONE', *, *, #419, .T. ) ;
#2214 = EDGE_LOOP ( 'NONE', ( #382, #1949, #3553, #3671, #5319, #2174, #463, #5121, #6789, #1482, #5035, #1525, #2696, #3706 ) ) ;
#2215 = FACE_OUTER_BOUND ( 'NONE', #5350, .T. ) ;
#2216 = DIRECTION ( 'NONE',  ( -0.0000000000000000000, -0.0000000000000000000, 1.000000000000000000 ) ) ;
#2217 = VECTOR ( 'NONE', #3264, 1000.000000000000000 ) ;
#2218 = EDGE_CURVE ( 'NONE', #1086, #1732, #7186, .T. ) ;
#2219 = ORIENTED_EDGE ( 'NONE', *, *, #5331, .F. ) ;
#2220 = ORIENTED_EDGE ( 'NONE', *, *, #3490, .F. ) ;
#2221 = ADVANCED_FACE ( 'NONE', ( #6939 ), #4551, .T. ) ;
#2222 = VECTOR ( 'NONE', #3353, 1000.000000000000000 ) ;
#2223 = DIRECTION ( 'NONE',  ( 0.0000000000000000000, 0.0000000000000000000, -1.000000000000000000 ) ) ;
#2224 = PRESENTATION_STYLE_ASSIGNMENT (( #5527 ) ) ;
#2225 = LINE ( 'NONE', #4435, #4736 ) ;
#2226 = CARTESIAN_POINT ( 'NONE',  ( 0.4249999999999999889, 1.649999999999999911, 2.024999999999999911 ) ) ;
#2227 = VERTEX_POINT ( 'NONE', #1101 ) ;
#2228 = ORIENTED_EDGE ( 'NONE', *, *, #4792, .F. ) ;
#2229 = VECTOR ( 'NONE', #1746, 1000.000000000000000 ) ;
#2230 = CARTESIAN_POINT ( 'NONE',  ( 5.375000000000000000, 3.600000000000000977, -1.425000000000000044 ) ) ;
#2231 = DIRECTION ( 'NONE',  ( 0.0000000000000000000, 0.0000000000000000000, -1.000000000000000000 ) ) ;
#2232 = EDGE_CURVE ( 'NONE', #5605, #4818, #7274, .T. ) ;
#2233 = DIRECTION ( 'NONE',  ( 0.0000000000000000000, 0.0000000000000000000, -1.000000000000000000 ) ) ;
#2234 = ORIENTED_EDGE ( 'NONE', *, *, #5307, .T. ) ;
#2235 = LINE ( 'NONE', #340, #234 ) ;
#2236 = ORIENTED_EDGE ( 'NONE', *, *, #2042, .T. ) ;
#2237 = CARTESIAN_POINT ( 'NONE',  ( 3.015000000000000124, 1.000000000000000000, -1.025000000000000133 ) ) ;
#2238 = PLANE ( 'NONE',  #6869 ) ;
#2239 = EDGE_LOOP ( 'NONE', ( #3296, #1267, #2940, #6495 ) ) ;
#2240 = EDGE_CURVE ( 'NONE', #4317, #5403, #3013, .T. ) ;
#2241 = CARTESIAN_POINT ( 'NONE',  ( -2.375000000000000000, 3.750000000000000000, 2.024999999999999911 ) ) ;
#2242 = EDGE_LOOP ( 'NONE', ( #2628, #6699, #906, #3138 ) ) ;
#2243 = CARTESIAN_POINT ( 'NONE',  ( 1.984999999999999876, 1.850000000000000089, -2.024999999999999911 ) ) ;
#2244 = AXIS2_PLACEMENT_3D ( 'NONE', #5842, #5747, #1736 ) ;
#2245 = DIRECTION ( 'NONE',  ( 0.0000000000000000000, 1.000000000000000000, 0.0000000000000000000 ) ) ;
#2246 = VERTEX_POINT ( 'NONE', #3361 ) ;
#2247 = AXIS2_PLACEMENT_3D ( 'NONE', #253, #3103, #4327 ) ;
#2248 = VECTOR ( 'NONE', #6482, 1000.000000000000000 ) ;
#2249 = CARTESIAN_POINT ( 'NONE',  ( 3.024999999999999911, 0.3500000000000000333, -2.024999999999999911 ) ) ;
#2250 = DIRECTION ( 'NONE',  ( 0.0000000000000000000, 0.0000000000000000000, 1.000000000000000000 ) ) ;
#2251 = DIRECTION ( 'NONE',  ( 1.000000000000000000, 0.0000000000000000000, 0.0000000000000000000 ) ) ;
#2252 = PRESENTATION_STYLE_ASSIGNMENT (( #4606 ) ) ;
#2253 = CARTESIAN_POINT ( 'NONE',  ( -0.4249999999999999889, 1.850000000000000089, 2.024999999999999911 ) ) ;
#2254 = VECTOR ( 'NONE', #2803, 1000.000000000000000 ) ;
#2255 = ADVANCED_FACE ( 'NONE', ( #5695 ), #2795, .T. ) ;
#2256 = CARTESIAN_POINT ( 'NONE',  ( 1.774999999999999911, -0.6500000000000000222, -2.075000000000000178 ) ) ;
#2257 = CARTESIAN_POINT ( 'NONE',  ( -0.7349999999999999867, 1.649999999999999911, -1.474999999999999867 ) ) ;
#2258 = ORIENTED_EDGE ( 'NONE', *, *, #5755, .T. ) ;
#2259 = EDGE_CURVE ( 'NONE', #6519, #6063, #5234, .T. ) ;
#2260 = DIRECTION ( 'NONE',  ( 1.000000000000000000, 0.0000000000000000000, 0.0000000000000000000 ) ) ;
#2261 = LINE ( 'NONE', #6325, #3055 ) ;
#2262 = ORIENTED_EDGE ( 'NONE', *, *, #5288, .T. ) ;
#2263 = CARTESIAN_POINT ( 'NONE',  ( -0.5250000000000000222, 0.05000000000000002359, -1.775000000000000133 ) ) ;
#2264 = ORIENTED_EDGE ( 'NONE', *, *, #1767, .F. ) ;
#2265 = CARTESIAN_POINT ( 'NONE',  ( 3.225000000000000533, 0.0000000000000000000, 2.024999999999999911 ) ) ;
#2266 = VECTOR ( 'NONE', #5302, 1000.000000000000000 ) ;
#2267 = AXIS2_PLACEMENT_3D ( 'NONE', #2599, #3173, #6053 ) ;
#2268 = CARTESIAN_POINT ( 'NONE',  ( -0.8750000000000000000, 3.750000000000000000, -2.024999999999999911 ) ) ;
#2269 = VECTOR ( 'NONE', #383, 1000.000000000000000 ) ;
#2270 = VERTEX_POINT ( 'NONE', #6285 ) ;
#2271 = ORIENTED_EDGE ( 'NONE', *, *, #3603, .F. ) ;
#2272 = ORIENTED_EDGE ( 'NONE', *, *, #6227, .T. ) ;
#2273 = PLANE ( 'NONE',  #2079 ) ;
#2274 = LINE ( 'NONE', #5124, #3870 ) ;
#2275 = VECTOR ( 'NONE', #6986, 1000.000000000000000 ) ;
#2276 = VERTEX_POINT ( 'NONE', #1079 ) ;
#2277 = UNCERTAINTY_MEASURE_WITH_UNIT (LENGTH_MEASURE( 1.000000000000000082E-05 ), #7172, 'distance_accuracy_value', 'NONE');
#2278 = AXIS2_PLACEMENT_3D ( 'NONE', #3213, #936, #2081 ) ;
#2279 = DIRECTION ( 'NONE',  ( 0.0000000000000000000, 0.0000000000000000000, 1.000000000000000000 ) ) ;
#2280 = DIRECTION ( 'NONE',  ( 1.000000000000000000, 0.0000000000000000000, 0.0000000000000000000 ) ) ;
#2281 = CARTESIAN_POINT ( 'NONE',  ( 0.7250000000000000888, 0.3499999999999999778, -2.075000000000000178 ) ) ;
#2282 = CARTESIAN_POINT ( 'NONE',  ( 3.024999999999999911, 0.0000000000000000000, 2.024999999999999911 ) ) ;
#2283 = CARTESIAN_POINT ( 'NONE',  ( 1.984999999999999876, 1.850000000000000089, -1.025000000000000133 ) ) ;
#2284 = DIRECTION ( 'NONE',  ( 0.0000000000000000000, 1.000000000000000000, 0.0000000000000000000 ) ) ;
#2285 = LINE ( 'NONE', #6648, #1099 ) ;
#2286 = CARTESIAN_POINT ( 'NONE',  ( -2.500000000000000000, 4.250000000000000000, -2.024999999999999911 ) ) ;
#2287 = LINE ( 'NONE', #3322, #6494 ) ;
#2288 = ORIENTED_EDGE ( 'NONE', *, *, #5212, .F. ) ;
#2289 = EDGE_CURVE ( 'NONE', #3834, #1474, #5875, .T. ) ;
#2290 = CARTESIAN_POINT ( 'NONE',  ( 3.375000000000000444, 3.750000000000000000, -2.024999999999999911 ) ) ;
#2291 = ORIENTED_EDGE ( 'NONE', *, *, #7401, .F. ) ;
#2292 = PLANE ( 'NONE',  #4665 ) ;
#2293 = CARTESIAN_POINT ( 'NONE',  ( -0.7249999999999999778, -0.004464445899999999919, 0.003975566199999999890 ) ) ;
#2294 = VERTEX_POINT ( 'NONE', #6261 ) ;
#2295 = CARTESIAN_POINT ( 'NONE',  ( 3.225000000000000533, -0.6500000000000000222, -2.075000000000000178 ) ) ;
#2296 = ADVANCED_FACE ( 'NONE', ( #5411 ), #2967, .F. ) ;
#2297 = LINE ( 'NONE', #3984, #1844 ) ;
#2298 = EDGE_CURVE ( 'NONE', #1325, #777, #2023, .T. ) ;
#2299 = DIRECTION ( 'NONE',  ( 1.000000000000000000, 0.0000000000000000000, 0.0000000000000000000 ) ) ;
#2300 = ORIENTED_EDGE ( 'NONE', *, *, #104, .T. ) ;
#2301 = ORIENTED_EDGE ( 'NONE', *, *, #1914, .F. ) ;
#2302 = EDGE_CURVE ( 'NONE', #5965, #4724, #6757, .T. ) ;
#2303 = FACE_OUTER_BOUND ( 'NONE', #3383, .T. ) ;
#2304 = LINE ( 'NONE', #4027, #202 ) ;
#2305 = FACE_OUTER_BOUND ( 'NONE', #1867, .T. ) ;
#2306 = ADVANCED_FACE ( 'NONE', ( #2831 ), #4576, .F. ) ;
#2307 = CARTESIAN_POINT ( 'NONE',  ( -0.5250000000000000222, 0.5000000000000000000, -1.525000000000000133 ) ) ;
#2308 = DIRECTION ( 'NONE',  ( 0.0000000000000000000, 0.0000000000000000000, -1.000000000000000000 ) ) ;
#2309 = PLANE ( 'NONE',  #7270 ) ;
#2310 = CARTESIAN_POINT ( 'NONE',  ( 2.875000000000000000, 1.000000000000000000, -1.525000000000000133 ) ) ;
#2311 = DIRECTION ( 'NONE',  ( 0.0000000000000000000, 0.0000000000000000000, 1.000000000000000000 ) ) ;
#2312 = ORIENTED_EDGE ( 'NONE', *, *, #1092, .T. ) ;
#2313 = EDGE_CURVE ( 'NONE', #4558, #1086, #3619, .T. ) ;
#2314 = ORIENTED_EDGE ( 'NONE', *, *, #1217, .T. ) ;
#2315 = CARTESIAN_POINT ( 'NONE',  ( 3.225000000000000533, 0.3500000000000000333, -2.024999999999999911 ) ) ;
#2316 = LINE ( 'NONE', #2345, #844 ) ;
#2317 = DIRECTION ( 'NONE',  ( 0.0000000000000000000, 1.000000000000000000, 0.0000000000000000000 ) ) ;
#2318 = LINE ( 'NONE', #6522, #1306 ) ;
#2319 = LINE ( 'NONE', #2707, #6162 ) ;
#2320 =( LENGTH_UNIT ( ) NAMED_UNIT ( * ) SI_UNIT ( .MILLI., .METRE. ) );
#2321 = AXIS2_PLACEMENT_3D ( 'NONE', #4095, #1896, #1922 ) ;
#2322 = ORIENTED_EDGE ( 'NONE', *, *, #7392, .F. ) ;
#2323 = CARTESIAN_POINT ( 'NONE',  ( 4.375000000000000000, 0.5000000000000000000, -1.474999999999999867 ) ) ;
#2324 = LINE ( 'NONE', #4310, #6950 ) ;
#2325 = ORIENTED_EDGE ( 'NONE', *, *, #7018, .T. ) ;
#2326 = CARTESIAN_POINT ( 'NONE',  ( 0.7349999999999999867, 1.000000000000000000, -1.025000000000000133 ) ) ;
#2327 = FACE_OUTER_BOUND ( 'NONE', #3778, .T. ) ;
#2328 = ORIENTED_EDGE ( 'NONE', *, *, #6182, .T. ) ;
#2329 =( LENGTH_UNIT ( ) NAMED_UNIT ( * ) SI_UNIT ( .MILLI., .METRE. ) );
#2330 = CARTESIAN_POINT ( 'NONE',  ( 3.024999999999999911, 1.000000000000000000, 0.0000000000000000000 ) ) ;
#2331 = CARTESIAN_POINT ( 'NONE',  ( 0.0000000000000000000, 4.240000000000000213, 0.0000000000000000000 ) ) ;
#2332 = EDGE_LOOP ( 'NONE', ( #5602, #5042, #4894, #6354, #7128, #4640, #5634, #6071 ) ) ;
#2333 = EDGE_CURVE ( 'NONE', #6126, #4514, #2113, .T. ) ;
#2334 = ORIENTED_EDGE ( 'NONE', *, *, #7289, .T. ) ;
#2335 = DIRECTION ( 'NONE',  ( -1.000000000000000000, 0.0000000000000000000, 0.0000000000000000000 ) ) ;
#2336 =( NAMED_UNIT ( * ) PLANE_ANGLE_UNIT ( ) SI_UNIT ( $, .RADIAN. ) );
#2337 = CARTESIAN_POINT ( 'NONE',  ( 1.975000000000000089, 1.350000000000000089, -1.525000000000000133 ) ) ;
#2338 = ADVANCED_FACE ( 'NONE', ( #3359 ), #6859, .T. ) ;
#2339 = PLANE ( 'NONE',  #4693 ) ;
#2340 = EDGE_LOOP ( 'NONE', ( #5826, #541, #5223, #1841, #6601, #4195, #2479, #443, #3226, #785, #6452, #3039, #2538, #1010, #1592, #4508 ) ) ;
#2341 =( GEOMETRIC_REPRESENTATION_CONTEXT ( 3 ) GLOBAL_UNCERTAINTY_ASSIGNED_CONTEXT ( ( #1869 ) ) GLOBAL_UNIT_ASSIGNED_CONTEXT ( ( #5803, #2372, #6390 ) ) REPRESENTATION_CONTEXT ( 'NONE', 'WORKASPACE' ) );
#2342 = CARTESIAN_POINT ( 'NONE',  ( 3.015000000000000124, 1.649999999999999911, -1.698606797699999893 ) ) ;
#2343 = ORIENTED_EDGE ( 'NONE', *, *, #3742, .T. ) ;
#2344 =( NAMED_UNIT ( * ) SI_UNIT ( $, .STERADIAN. ) SOLID_ANGLE_UNIT ( ) );
#2345 = CARTESIAN_POINT ( 'NONE',  ( -2.024999999999999911, 4.250000000000000000, -2.024999999999999911 ) ) ;
#2346 = CARTESIAN_POINT ( 'NONE',  ( 5.375000000000000000, 2.000000000000000000, -1.425000000000000044 ) ) ;
#2347 = EDGE_CURVE ( 'NONE', #5542, #3767, #7017, .T. ) ;
#2348 = LINE ( 'NONE', #4329, #2521 ) ;
#2349 = VECTOR ( 'NONE', #1437, 1000.000000000000000 ) ;
#2350 = EDGE_LOOP ( 'NONE', ( #5771, #3077, #5731, #6203 ) ) ;
#2351 = EDGE_CURVE ( 'NONE', #1383, #4558, #684, .T. ) ;
#2352 = CARTESIAN_POINT ( 'NONE',  ( 1.984999999999999876, 1.850000000000000089, -2.024999999999999911 ) ) ;
#2353 = LINE ( 'NONE', #4940, #648 ) ;
#2354 = VECTOR ( 'NONE', #3002, 1000.000000000000114 ) ;
#2355 = EDGE_CURVE ( 'NONE', #4605, #4724, #4717, .T. ) ;
#2356 = DIRECTION ( 'NONE',  ( -0.0000000000000000000, 1.000000000000000000, 0.0000000000000000000 ) ) ;
#2357 = DIRECTION ( 'NONE',  ( 0.0000000000000000000, 0.0000000000000000000, 1.000000000000000000 ) ) ;
#2358 = ORIENTED_EDGE ( 'NONE', *, *, #1483, .T. ) ;
#2359 = CARTESIAN_POINT ( 'NONE',  ( 1.675000000000000044, 1.649999999999999911, -1.474999999999999867 ) ) ;
#2360 = DIRECTION ( 'NONE',  ( 0.0000000000000000000, 0.0000000000000000000, -1.000000000000000000 ) ) ;
#2361 = DIRECTION ( 'NONE',  ( 0.0000000000000000000, -1.000000000000000000, 0.0000000000000000000 ) ) ;
#2362 = ORIENTED_EDGE ( 'NONE', *, *, #5253, .F. ) ;
#2363 = ORIENTED_EDGE ( 'NONE', *, *, #4165, .F. ) ;
#2364 = EDGE_CURVE ( 'NONE', #3721, #7126, #5153, .T. ) ;
#2365 = DIRECTION ( 'NONE',  ( -1.000000000000000000, 0.0000000000000000000, 0.0000000000000000000 ) ) ;
#2366 = DIRECTION ( 'NONE',  ( 0.0000000000000000000, 0.0000000000000000000, 1.000000000000000000 ) ) ;
#2367 = VECTOR ( 'NONE', #1165, 1000.000000000000000 ) ;
#2368 = ORIENTED_EDGE ( 'NONE', *, *, #3139, .T. ) ;
#2369 = ORIENTED_EDGE ( 'NONE', *, *, #4571, .T. ) ;
#2370 = CARTESIAN_POINT ( 'NONE',  ( 2.075000000000000178, 1.850000000000000089, -1.698606797699999893 ) ) ;
#2371 = ADVANCED_FACE ( 'NONE', ( #2208 ), #15, .F. ) ;
#2372 =( NAMED_UNIT ( * ) PLANE_ANGLE_UNIT ( ) SI_UNIT ( $, .RADIAN. ) );
#2373 = ORIENTED_EDGE ( 'NONE', *, *, #6791, .T. ) ;
#2374 = EDGE_CURVE ( 'NONE', #3053, #3347, #110, .T. ) ;
#2375 = VECTOR ( 'NONE', #5426, 1000.000000000000000 ) ;
#2376 = ADVANCED_FACE ( 'NONE', ( #2744 ), #3460, .F. ) ;
#2377 = MECHANICAL_DESIGN_GEOMETRIC_PRESENTATION_REPRESENTATION (  '', ( #3373 ), #7189 ) ;
#2378 = CARTESIAN_POINT ( 'NONE',  ( 0.7349999999999999867, 1.850000000000000089, -2.024999999999999911 ) ) ;
#2379 = VECTOR ( 'NONE', #5394, 1000.000000000000000 ) ;
#2380 = ORIENTED_EDGE ( 'NONE', *, *, #5355, .T. ) ;
#2381 = DIRECTION ( 'NONE',  ( 1.000000000000000000, 0.0000000000000000000, 0.0000000000000000000 ) ) ;
#2382 = PLANE ( 'NONE',  #1125 ) ;
#2383 = DIRECTION ( 'NONE',  ( -1.000000000000000000, 0.0000000000000000000, 0.0000000000000000000 ) ) ;
#2384 = CARTESIAN_POINT ( 'NONE',  ( 4.775000000000000355, 1.999999999999997780, -2.024999999999999911 ) ) ;
#2385 = VECTOR ( 'NONE', #3484, 1000.000000000000000 ) ;
#2386 = EDGE_CURVE ( 'NONE', #1069, #2999, #4981, .T. ) ;
#2387 = ORIENTED_EDGE ( 'NONE', *, *, #2582, .F. ) ;
#2388 = FACE_OUTER_BOUND ( 'NONE', #1570, .T. ) ;
#2389 = CARTESIAN_POINT ( 'NONE',  ( -0.7349999999999999867, 1.000000000000000000, -2.024999999999999911 ) ) ;
#2391 = LINE ( 'NONE', #490, #4351 ) ;
#2390 = AXIS2_PLACEMENT_3D ( 'NONE', #3377, #1635, #7353 ) ;
#2392 = ORIENTED_EDGE ( 'NONE', *, *, #2008, .T. ) ;
#2393 = LINE ( 'NONE', #4200, #597 ) ;
#2394 = DIRECTION ( 'NONE',  ( -1.000000000000000000, 0.0000000000000000000, 0.0000000000000000000 ) ) ;
#2395 = AXIS2_PLACEMENT_3D ( 'NONE', #5846, #1865, #4750 ) ;
#2396 = ORIENTED_EDGE ( 'NONE', *, *, #4544, .T. ) ;
#2397 = ORIENTED_EDGE ( 'NONE', *, *, #6128, .F. ) ;
#2398 = VECTOR ( 'NONE', #4771, 1000.000000000000000 ) ;
#2399 = EDGE_LOOP ( 'NONE', ( #5870, #3119, #6317, #1943 ) ) ;
#2400 = DIRECTION ( 'NONE',  ( 1.000000000000000000, 0.0000000000000000000, 0.0000000000000000000 ) ) ;
#2401 = VECTOR ( 'NONE', #2704, 1000.000000000000000 ) ;
#2402 = EDGE_CURVE ( 'NONE', #5156, #4957, #4623, .T. ) ;
#2403 = ORIENTED_EDGE ( 'NONE', *, *, #209, .T. ) ;
#2404 = VERTEX_POINT ( 'NONE', #6527 ) ;
#2405 = VECTOR ( 'NONE', #3427, 1000.000000000000000 ) ;
#2406 = FACE_OUTER_BOUND ( 'NONE', #1259, .T. ) ;
#2407 = PLANE ( 'NONE',  #5225 ) ;
#2408 = VECTOR ( 'NONE', #2787, 1000.000000000000000 ) ;
#2409 = EDGE_CURVE ( 'NONE', #3489, #5296, #404, .T. ) ;
#2410 = VERTEX_POINT ( 'NONE', #2065 ) ;
#2411 = DIRECTION ( 'NONE',  ( 0.0000000000000000000, 0.6650335612228979176, -0.7468134723257140450 ) ) ;
#2412 = ORIENTED_EDGE ( 'NONE', *, *, #2008, .F. ) ;
#2413 = FACE_OUTER_BOUND ( 'NONE', #6553, .T. ) ;
#2414 = CARTESIAN_POINT ( 'NONE',  ( -0.7249999999999999778, 1.850000000000000089, -1.025000000000000133 ) ) ;
#2415 = DIRECTION ( 'NONE',  ( 0.0000000000000000000, -1.000000000000000000, 0.0000000000000000000 ) ) ;
#2416 = ORIENTED_EDGE ( 'NONE', *, *, #3588, .F. ) ;
#2417 = ADVANCED_FACE ( 'NONE', ( #6338 ), #815, .T. ) ;
#2418 = VECTOR ( 'NONE', #931, 1000.000000000000000 ) ;
#2419 = ORIENTED_EDGE ( 'NONE', *, *, #2540, .T. ) ;
#2420 = PLANE ( 'NONE',  #773 ) ;
#2421 = AXIS2_PLACEMENT_3D ( 'NONE', #4104, #2415, #1339 ) ;
#2422 = VECTOR ( 'NONE', #2365, 1000.000000000000000 ) ;
#2423 = EDGE_LOOP ( 'NONE', ( #3225, #2890, #6098, #7038 ) ) ;
#2424 = UNCERTAINTY_MEASURE_WITH_UNIT (LENGTH_MEASURE( 1.000000000000000082E-05 ), #2157, 'distance_accuracy_value', 'NONE');
#2425 = ORIENTED_EDGE ( 'NONE', *, *, #7158, .F. ) ;
#2426 = DIRECTION ( 'NONE',  ( 0.0000000000000000000, -1.000000000000000000, -4.003208021484939327E-15 ) ) ;
#2427 = CARTESIAN_POINT ( 'NONE',  ( 1.775000000000000133, 1.000000000000000000, 0.0000000000000000000 ) ) ;
#2428 = EDGE_CURVE ( 'NONE', #2712, #5910, #3443, .T. ) ;
#2429 = CARTESIAN_POINT ( 'NONE',  ( 1.775000000000000133, 0.0000000000000000000, -2.024999999999999911 ) ) ;
#2430 = CARTESIAN_POINT ( 'NONE',  ( 3.225000000000000533, 1.850000000000000089, -1.025000000000000133 ) ) ;
#2431 = FACE_OUTER_BOUND ( 'NONE', #2977, .T. ) ;
#2432 = DIRECTION ( 'NONE',  ( 0.0000000000000000000, 0.0000000000000000000, -1.000000000000000000 ) ) ;
#2433 = CARTESIAN_POINT ( 'NONE',  ( 0.7249999999999998668, -0.6500000000000000222, -2.075000000000000178 ) ) ;
#2434 = DIRECTION ( 'NONE',  ( 0.0000000000000000000, -1.000000000000000000, 0.0000000000000000000 ) ) ;
#2435 = MECHANICAL_DESIGN_GEOMETRIC_PRESENTATION_REPRESENTATION (  '', ( #3998 ), #6548 ) ;
#2436 = EDGE_LOOP ( 'NONE', ( #3644, #2510, #2368, #1388 ) ) ;
#2437 = CARTESIAN_POINT ( 'NONE',  ( 1.974999999999999867, 0.05000000000000002359, -1.524999999999999689 ) ) ;
#2438 = LINE ( 'NONE', #2755, #4028 ) ;
#2439 = LINE ( 'NONE', #1997, #5460 ) ;
#2440 = DIRECTION ( 'NONE',  ( 0.0000000000000000000, 1.000000000000000000, 0.0000000000000000000 ) ) ;
#2441 = FILL_AREA_STYLE_COLOUR ( '', #7176 ) ;
#2442 = EDGE_CURVE ( 'NONE', #1203, #6126, #3092, .T. ) ;
#2443 = ORIENTED_EDGE ( 'NONE', *, *, #3705, .T. ) ;
#2444 = EDGE_CURVE ( 'NONE', #491, #4455, #4806, .T. ) ;
#2445 = VECTOR ( 'NONE', #3079, 1000.000000000000000 ) ;
#2446 = ORIENTED_EDGE ( 'NONE', *, *, #5307, .F. ) ;
#2447 = ORIENTED_EDGE ( 'NONE', *, *, #6969, .F. ) ;
#2448 = FACE_OUTER_BOUND ( 'NONE', #1682, .T. ) ;
#2449 = EDGE_CURVE ( 'NONE', #5163, #6233, #6152, .T. ) ;
#2450 = FACE_OUTER_BOUND ( 'NONE', #6610, .T. ) ;
#2451 = ORIENTED_EDGE ( 'NONE', *, *, #2444, .T. ) ;
#2452 = ORIENTED_EDGE ( 'NONE', *, *, #1362, .F. ) ;
#2453 = DIRECTION ( 'NONE',  ( -0.0000000000000000000, 1.000000000000000000, -0.0000000000000000000 ) ) ;
#2454 = ADVANCED_FACE ( 'NONE', ( #5402 ), #33, .F. ) ;
#2455 = DIRECTION ( 'NONE',  ( 1.000000000000000000, 0.0000000000000000000, 0.0000000000000000000 ) ) ;
#2456 = CARTESIAN_POINT ( 'NONE',  ( 3.225000000000000533, 0.0000000000000000000, 2.024999999999999911 ) ) ;
#2457 = VECTOR ( 'NONE', #7418, 1000.000000000000000 ) ;
#2458 = EDGE_CURVE ( 'NONE', #522, #7156, #5589, .T. ) ;
#2459 = FACE_OUTER_BOUND ( 'NONE', #1629, .T. ) ;
#2460 = ORIENTED_EDGE ( 'NONE', *, *, #6033, .F. ) ;
#2461 = SURFACE_SIDE_STYLE ('',( #3158 ) ) ;
#2462 = PLANE ( 'NONE',  #594 ) ;
#2463 = VECTOR ( 'NONE', #99, 1000.000000000000000 ) ;
#2464 = DIRECTION ( 'NONE',  ( -1.000000000000000000, 0.0000000000000000000, 0.0000000000000000000 ) ) ;
#2465 = LINE ( 'NONE', #888, #4152 ) ;
#2466 = ORIENTED_EDGE ( 'NONE', *, *, #6571, .F. ) ;
#2467 = AXIS2_PLACEMENT_3D ( 'NONE', #6862, #598, #3985 ) ;
#2468 = ORIENTED_EDGE ( 'NONE', *, *, #4266, .F. ) ;
#2469 = FACE_OUTER_BOUND ( 'NONE', #5524, .T. ) ;
#2470 = ORIENTED_EDGE ( 'NONE', *, *, #204, .T. ) ;
#2471 = ORIENTED_EDGE ( 'NONE', *, *, #4609, .F. ) ;
#2472 = ORIENTED_EDGE ( 'NONE', *, *, #2591, .T. ) ;
#2473 = EDGE_CURVE ( 'NONE', #435, #4477, #4342, .T. ) ;
#2474 = ORIENTED_EDGE ( 'NONE', *, *, #5135, .T. ) ;
#2475 = LINE ( 'NONE', #3933, #1934 ) ;
#2476 = CARTESIAN_POINT ( 'NONE',  ( 4.975000000000000533, 3.600000000000000089, -1.425000000000000933 ) ) ;
#2477 = PLANE ( 'NONE',  #3650 ) ;
#2478 = CARTESIAN_POINT ( 'NONE',  ( 0.5250000000000000222, 1.000000000000000000, -1.525000000000000133 ) ) ;
#2479 = ORIENTED_EDGE ( 'NONE', *, *, #3434, .T. ) ;
#2480 = VERTEX_POINT ( 'NONE', #3014 ) ;
#2481 = DIRECTION ( 'NONE',  ( 0.0000000000000000000, 1.000000000000000000, 0.0000000000000000000 ) ) ;
#2482 = VECTOR ( 'NONE', #6037, 1000.000000000000000 ) ;
#2483 = ORIENTED_EDGE ( 'NONE', *, *, #4253, .F. ) ;
#2484 = VECTOR ( 'NONE', #481, 1000.000000000000000 ) ;
#2485 = LINE ( 'NONE', #786, #6347 ) ;
#2486 = ORIENTED_EDGE ( 'NONE', *, *, #5135, .F. ) ;
#2487 = VECTOR ( 'NONE', #7143, 1000.000000000000000 ) ;
#2488 = EDGE_CURVE ( 'NONE', #4447, #2999, #4619, .T. ) ;
#2489 = ORIENTED_EDGE ( 'NONE', *, *, #4438, .T. ) ;
#2490 = ORIENTED_EDGE ( 'NONE', *, *, #2822, .T. ) ;
#2491 = CARTESIAN_POINT ( 'NONE',  ( -2.875000000000000000, 1.000000000000000000, -1.525000000000000133 ) ) ;
#2492 = EDGE_CURVE ( 'NONE', #312, #6477, #671, .T. ) ;
#2493 = VECTOR ( 'NONE', #2014, 1000.000000000000000 ) ;
#2494 = PLANE ( 'NONE',  #4391 ) ;
#2495 = VECTOR ( 'NONE', #879, 1000.000000000000000 ) ;
#2496 = ADVANCED_FACE ( 'NONE', ( #1656 ), #4182, .T. ) ;
#2497 = VECTOR ( 'NONE', #5636, 1000.000000000000000 ) ;
#2498 = ORIENTED_EDGE ( 'NONE', *, *, #4636, .T. ) ;
#2499 = ORIENTED_EDGE ( 'NONE', *, *, #4314, .T. ) ;
#2500 = AXIS2_PLACEMENT_3D ( 'NONE', #5993, #2034, #6043 ) ;
#2501 = ORIENTED_EDGE ( 'NONE', *, *, #6045, .F. ) ;
#2502 = LINE ( 'NONE', #2508, #3645 ) ;
#2503 = ORIENTED_EDGE ( 'NONE', *, *, #2182, .F. ) ;
#2504 = PLANE ( 'NONE',  #741 ) ;
#2505 = ORIENTED_EDGE ( 'NONE', *, *, #5237, .T. ) ;
#2506 = CARTESIAN_POINT ( 'NONE',  ( 3.024999999999999911, 1.850000000000000089, 2.024999999999999911 ) ) ;
#2507 = CARTESIAN_POINT ( 'NONE',  ( 2.875000000000000444, 2.750000000000000000, -0.4749999999999999778 ) ) ;
#2508 = CARTESIAN_POINT ( 'NONE',  ( 0.5249999999999999112, -0.6500000000000000222, -1.775000000000000133 ) ) ;
#2509 = DIRECTION ( 'NONE',  ( 0.0000000000000000000, 0.7468134723257140450, -0.6650335612228979176 ) ) ;
#2510 = ORIENTED_EDGE ( 'NONE', *, *, #462, .T. ) ;
#2512 = CARTESIAN_POINT ( 'NONE',  ( 4.775000000000000355, 2.000000000000000000, -2.024999999999999911 ) ) ;
#2511 = STYLED_ITEM ( 'NONE', ( #6569 ), #6720 ) ;
#2513 = CARTESIAN_POINT ( 'NONE',  ( -0.7249999999999999778, 1.315130797599999957, 1.171117220399999770 ) ) ;
#2514 = DIRECTION ( 'NONE',  ( 0.0000000000000000000, 1.000000000000000000, 0.0000000000000000000 ) ) ;
#2515 = VERTEX_POINT ( 'NONE', #177 ) ;
#2516 = UNCERTAINTY_MEASURE_WITH_UNIT (LENGTH_MEASURE( 1.000000000000000082E-05 ), #2329, 'distance_accuracy_value', 'NONE');
#2517 = CARTESIAN_POINT ( 'NONE',  ( 0.7250000000000000888, 0.0000000000000000000, 0.0000000000000000000 ) ) ;
#2518 = DIRECTION ( 'NONE',  ( -0.0000000000000000000, 1.000000000000000000, 0.0000000000000000000 ) ) ;
#2519 = ORIENTED_EDGE ( 'NONE', *, *, #3366, .T. ) ;
#2520 =( GEOMETRIC_REPRESENTATION_CONTEXT ( 3 ) GLOBAL_UNCERTAINTY_ASSIGNED_CONTEXT ( ( #6513 ) ) GLOBAL_UNIT_ASSIGNED_CONTEXT ( ( #4115, #4760, #5265 ) ) REPRESENTATION_CONTEXT ( 'NONE', 'WORKASPACE' ) );
#2521 = VECTOR ( 'NONE', #6062, 1000.000000000000000 ) ;
#2522 = VECTOR ( 'NONE', #2781, 1000.000000000000000 ) ;
#2523 = VERTEX_POINT ( 'NONE', #3776 ) ;
#2524 = FILL_AREA_STYLE_COLOUR ( '', #1747 ) ;
#2525 = ADVANCED_FACE ( 'NONE', ( #3972 ), #2494, .F. ) ;
#2526 = EDGE_CURVE ( 'NONE', #6924, #7346, #2465, .T. ) ;
#2527 = DIRECTION ( 'NONE',  ( 0.0000000000000000000, 1.000000000000000000, 0.0000000000000000000 ) ) ;
#2528 = CARTESIAN_POINT ( 'NONE',  ( 3.225000000000000533, 0.5000000000000000000, -1.525000000000000133 ) ) ;
#2529 = DIRECTION ( 'NONE',  ( -1.000000000000000000, 0.0000000000000000000, 0.0000000000000000000 ) ) ;
#2530 = VECTOR ( 'NONE', #4276, 1000.000000000000000 ) ;
#2531 = VERTEX_POINT ( 'NONE', #7110 ) ;
#2532 = AXIS2_PLACEMENT_3D ( 'NONE', #1231, #2426, #6441 ) ;
#2533 = CARTESIAN_POINT ( 'NONE',  ( 3.225000000000000533, 0.5000000000000000000, 0.0000000000000000000 ) ) ;
#2534 = LINE ( 'NONE', #3070, #1262 ) ;
#2535 = DIRECTION ( 'NONE',  ( 0.0000000000000000000, 0.6650335612228979176, -0.7468134723257140450 ) ) ;
#2536 = EDGE_LOOP ( 'NONE', ( #4667, #4832, #5617, #5101 ) ) ;
#2537 = EDGE_CURVE ( 'NONE', #6964, #3951, #919, .T. ) ;
#2538 = ORIENTED_EDGE ( 'NONE', *, *, #3930, .F. ) ;
#2539 = VECTOR ( 'NONE', #2250, 1000.000000000000000 ) ;
#2540 = EDGE_CURVE ( 'NONE', #7034, #1493, #5686, .T. ) ;
#2541 = VECTOR ( 'NONE', #6941, 1000.000000000000000 ) ;
#2542 = VERTEX_POINT ( 'NONE', #346 ) ;
#2543 = ORIENTED_EDGE ( 'NONE', *, *, #6143, .T. ) ;
#2544 = LINE ( 'NONE', #3694, #5391 ) ;
#2545 = EDGE_CURVE ( 'NONE', #5854, #2276, #102, .T. ) ;
#2546 = CARTESIAN_POINT ( 'NONE',  ( 0.7349999999999999867, 1.000000000000000000, -1.025000000000000133 ) ) ;
#2547 = VERTEX_POINT ( 'NONE', #6611 ) ;
#2548 = CARTESIAN_POINT ( 'NONE',  ( 0.7250000000000000888, 0.0000000000000000000, -2.024999999999999911 ) ) ;
#2549 = DIRECTION ( 'NONE',  ( -1.000000000000000000, 0.0000000000000000000, 0.0000000000000000000 ) ) ;
#2550 = PRESENTATION_LAYER_ASSIGNMENT (  '', '', ( #6109 ) ) ;
#2551 =( LENGTH_UNIT ( ) NAMED_UNIT ( * ) SI_UNIT ( .MILLI., .METRE. ) );
#2552 = VECTOR ( 'NONE', #2631, 1000.000000000000000 ) ;
#2553 = SURFACE_STYLE_USAGE ( .BOTH. , #5462 ) ;
#2554 = ORIENTED_EDGE ( 'NONE', *, *, #3110, .F. ) ;
#2555 = FACE_OUTER_BOUND ( 'NONE', #6735, .T. ) ;
#2556 = EDGE_LOOP ( 'NONE', ( #2597, #1957, #1186, #6709 ) ) ;
#2557 = CARTESIAN_POINT ( 'NONE',  ( 3.015000000000000124, 1.649999999999999911, -1.474999999999999867 ) ) ;
#2558 = DIRECTION ( 'NONE',  ( 0.0000000000000000000, -0.3162277660168379412, 0.9486832980505137680 ) ) ;
#2559 =( LENGTH_UNIT ( ) NAMED_UNIT ( * ) SI_UNIT ( .MILLI., .METRE. ) );
#2560 = CARTESIAN_POINT ( 'NONE',  ( -2.875000000000000000, 4.250000000000000000, -0.02500000000000000139 ) ) ;
#2561 = ADVANCED_FACE ( 'NONE', ( #2555 ), #4919, .F. ) ;
#2562 = CARTESIAN_POINT ( 'NONE',  ( 3.225000000000000533, 0.05000000000000002359, -1.524999999999999689 ) ) ;
#2563 = STYLED_ITEM ( 'NONE', ( #4654 ), #645 ) ;
#2564 = VERTEX_POINT ( 'NONE', #317 ) ;
#2565 = LINE ( 'NONE', #1727, #3190 ) ;
#2566 = VECTOR ( 'NONE', #2481, 1000.000000000000000 ) ;
#2567 = DIRECTION ( 'NONE',  ( 0.0000000000000000000, 0.0000000000000000000, -1.000000000000000000 ) ) ;
#2568 = EDGE_CURVE ( 'NONE', #4059, #2126, #3887, .T. ) ;
#2569 = ORIENTED_EDGE ( 'NONE', *, *, #2374, .F. ) ;
#2570 = VERTEX_POINT ( 'NONE', #5442 ) ;
#2571 = VECTOR ( 'NONE', #3573, 1000.000000000000000 ) ;
#2572 = VERTEX_POINT ( 'NONE', #282 ) ;
#2573 = VECTOR ( 'NONE', #3136, 1000.000000000000000 ) ;
#2574 = VECTOR ( 'NONE', #3189, 1000.000000000000000 ) ;
#2575 = DIRECTION ( 'NONE',  ( 0.0000000000000000000, -1.000000000000000000, 0.0000000000000000000 ) ) ;
#2576 = DIRECTION ( 'NONE',  ( 0.0000000000000000000, 0.4999999999932618899, -0.8660254037883288181 ) ) ;
#2577 = CARTESIAN_POINT ( 'NONE',  ( 1.974999999999999867, -0.6500000000000000222, -2.075000000000000178 ) ) ;
#2578 = ORIENTED_EDGE ( 'NONE', *, *, #7250, .F. ) ;
#2579 = ORIENTED_EDGE ( 'NONE', *, *, #2492, .F. ) ;
#2580 = VERTEX_POINT ( 'NONE', #7137 ) ;
#2581 = VECTOR ( 'NONE', #294, 1000.000000000000000 ) ;
#2582 = EDGE_CURVE ( 'NONE', #4094, #5992, #6147, .T. ) ;
#2583 = PLANE ( 'NONE',  #3389 ) ;
#2584 = CARTESIAN_POINT ( 'NONE',  ( 3.235000000000000320, 1.850000000000000089, -1.025000000000000133 ) ) ;
#2585 = EDGE_LOOP ( 'NONE', ( #1135, #3398, #1122, #6429, #869, #672 ) ) ;
#2586 = EDGE_CURVE ( 'NONE', #926, #1185, #7006, .T. ) ;
#2587 = EDGE_LOOP ( 'NONE', ( #2300, #2140, #542, #5980 ) ) ;
#2588 = LINE ( 'NONE', #1694, #3555 ) ;
#2589 = ORIENTED_EDGE ( 'NONE', *, *, #5582, .F. ) ;
#2590 = EDGE_LOOP ( 'NONE', ( #1832, #4339, #374, #3827, #6402, #35, #4100, #750, #5399, #428, #871, #4379, #41, #1230, #3350, #194 ) ) ;
#2591 = EDGE_CURVE ( 'NONE', #31, #1203, #6415, .T. ) ;
#2592 = CARTESIAN_POINT ( 'NONE',  ( -0.5250000000000000222, 0.0000000000000000000, -2.024999999999999911 ) ) ;
#2593 = DIRECTION ( 'NONE',  ( 0.0000000000000000000, 0.0000000000000000000, -1.000000000000000000 ) ) ;
#2594 = VERTEX_POINT ( 'NONE', #1446 ) ;
#2595 = STYLED_ITEM ( 'NONE', ( #6050 ), #6442 ) ;
#2596 = EDGE_CURVE ( 'NONE', #5910, #703, #6232, .T. ) ;
#2597 = ORIENTED_EDGE ( 'NONE', *, *, #4105, .T. ) ;
#2598 = ADVANCED_FACE ( 'NONE', ( #2012 ), #5525, .F. ) ;
#2599 = CARTESIAN_POINT ( 'NONE',  ( 4.775000000000000355, 0.0000000000000000000, 0.0000000000000000000 ) ) ;
#2600 = SURFACE_SIDE_STYLE ('',( #3280 ) ) ;
#2601 = LINE ( 'NONE', #2730, #3759 ) ;
#2602 = ORIENTED_EDGE ( 'NONE', *, *, #4852, .F. ) ;
#2603 = CARTESIAN_POINT ( 'NONE',  ( 4.775000000000000355, 0.6000000000000024203, 1.375000000000002442 ) ) ;
#2604 = CARTESIAN_POINT ( 'NONE',  ( -0.5250000000000000222, -0.6500000000000000222, -2.075000000000000178 ) ) ;
#2605 = CARTESIAN_POINT ( 'NONE',  ( 4.775000000000000355, 2.250000000000000000, -2.024999999999999911 ) ) ;
#2606 = PRODUCT_DEFINITION ( 'UNKNOWN', '', #5522, #1965 ) ;
#2607 = VECTOR ( 'NONE', #3042, 1000.000000000000000 ) ;
#2608 = FACE_OUTER_BOUND ( 'NONE', #3447, .T. ) ;
#2609 = FILL_AREA_STYLE ('',( #1445 ) ) ;
#2610 = UNCERTAINTY_MEASURE_WITH_UNIT (LENGTH_MEASURE( 1.000000000000000082E-05 ), #6020, 'distance_accuracy_value', 'NONE');
#2611 =( NAMED_UNIT ( * ) PLANE_ANGLE_UNIT ( ) SI_UNIT ( $, .RADIAN. ) );
#2612 = CARTESIAN_POINT ( 'NONE',  ( 0.07499999999999998335, 1.850000000000000089, 2.024999999999999911 ) ) ;
#2613 = EDGE_CURVE ( 'NONE', #3660, #2645, #292, .T. ) ;
#2614 = DIRECTION ( 'NONE',  ( 0.0000000000000000000, -1.084202172485501673E-15, -1.000000000000000000 ) ) ;
#2615 = VECTOR ( 'NONE', #2100, 1000.000000000000000 ) ;
#2616 = CARTESIAN_POINT ( 'NONE',  ( -0.7249999999999999778, 0.05000000000000002359, -1.775000000000000133 ) ) ;
#2617 = CARTESIAN_POINT ( 'NONE',  ( 0.7250000000000000888, -0.6500000000000000222, -2.075000000000000178 ) ) ;
#2618 = MECHANICAL_DESIGN_GEOMETRIC_PRESENTATION_REPRESENTATION (  '', ( #3852 ), #2997 ) ;
#2619 = ORIENTED_EDGE ( 'NONE', *, *, #3911, .F. ) ;
#2620 = ORIENTED_EDGE ( 'NONE', *, *, #2218, .T. ) ;
#2621 = CARTESIAN_POINT ( 'NONE',  ( -2.274999999999999911, 1.999999999999997780, -2.024999999999999911 ) ) ;
#2622 = EDGE_CURVE ( 'NONE', #6659, #6, #4058, .T. ) ;
#2623 = CARTESIAN_POINT ( 'NONE',  ( -2.875000000000000000, 1.949999999999999512, 2.025000000000007017 ) ) ;
#2624 = FACE_OUTER_BOUND ( 'NONE', #3646, .T. ) ;
#2625 = PLANE ( 'NONE',  #6412 ) ;
#2626 = ORIENTED_EDGE ( 'NONE', *, *, #515, .F. ) ;
#2627 = LINE ( 'NONE', #4140, #733 ) ;
#2628 = ORIENTED_EDGE ( 'NONE', *, *, #663, .T. ) ;
#2629 = ORIENTED_EDGE ( 'NONE', *, *, #1035, .F. ) ;
#2630 = MECHANICAL_DESIGN_GEOMETRIC_PRESENTATION_REPRESENTATION (  '', ( #711 ), #829 ) ;
#2631 = DIRECTION ( 'NONE',  ( 0.0000000000000000000, 0.0000000000000000000, 1.000000000000000000 ) ) ;
#2632 =( NAMED_UNIT ( * ) SI_UNIT ( $, .STERADIAN. ) SOLID_ANGLE_UNIT ( ) );
#2633 = ADVANCED_FACE ( 'NONE', ( #6574 ), #6166, .F. ) ;
#2634 = LINE ( 'NONE', #49, #3960 ) ;
#2635 = ORIENTED_EDGE ( 'NONE', *, *, #3302, .F. ) ;
#2636 = DIRECTION ( 'NONE',  ( -1.000000000000000000, 0.0000000000000000000, 0.0000000000000000000 ) ) ;
#2637 = CARTESIAN_POINT ( 'NONE',  ( 1.325000000000000400, 1.850000000000000089, 2.024999999999999911 ) ) ;
#2638 = AXIS2_PLACEMENT_3D ( 'NONE', #6827, #5132, #6902 ) ;
#2639 = CARTESIAN_POINT ( 'NONE',  ( 3.225000000000000533, 0.05000000000000002359, -1.775000000000000133 ) ) ;
#2640 = ORIENTED_EDGE ( 'NONE', *, *, #6038, .F. ) ;
#2641 = EDGE_CURVE ( 'NONE', #1203, #1370, #5051, .T. ) ;
#2642 = LINE ( 'NONE', #1139, #6840 ) ;
#2643 = SURFACE_STYLE_USAGE ( .BOTH. , #6106 ) ;
#2644 = EDGE_LOOP ( 'NONE', ( #4316, #1144, #2661, #6587, #6863, #1921, #3444, #6541 ) ) ;
#2645 = VERTEX_POINT ( 'NONE', #6118 ) ;
#2646 = UNCERTAINTY_MEASURE_WITH_UNIT (LENGTH_MEASURE( 1.000000000000000082E-05 ), #139, 'distance_accuracy_value', 'NONE');
#2647 =( GEOMETRIC_REPRESENTATION_CONTEXT ( 3 ) GLOBAL_UNCERTAINTY_ASSIGNED_CONTEXT ( ( #2969 ) ) GLOBAL_UNIT_ASSIGNED_CONTEXT ( ( #1962, #5342, #3626 ) ) REPRESENTATION_CONTEXT ( 'NONE', 'WORKASPACE' ) );
#2648 = VECTOR ( 'NONE', #1919, 1000.000000000000000 ) ;
#2649 = VECTOR ( 'NONE', #5167, 1000.000000000000000 ) ;
#2650 = ORIENTED_EDGE ( 'NONE', *, *, #6521, .T. ) ;
#2651 = DIRECTION ( 'NONE',  ( 0.0000000000000000000, -3.219646771412953967E-15, 1.000000000000000000 ) ) ;
#2652 = CARTESIAN_POINT ( 'NONE',  ( 1.765000000000000124, 0.0000000000000000000, -1.474999999999999867 ) ) ;
#2653 = ORIENTED_EDGE ( 'NONE', *, *, #2722, .T. ) ;
#2654 = EDGE_LOOP ( 'NONE', ( #5753, #1037, #5469, #687 ) ) ;
#2655 = SURFACE_STYLE_USAGE ( .BOTH. , #7157 ) ;
#2656 = SURFACE_STYLE_FILL_AREA ( #5465 ) ;
#2657 = CARTESIAN_POINT ( 'NONE',  ( 1.775000000000000133, 1.649999999999999911, -1.474999999999999867 ) ) ;
#2658 = ORIENTED_EDGE ( 'NONE', *, *, #6554, .T. ) ;
#2659 = VECTOR ( 'NONE', #2614, 1000.000000000000000 ) ;
#2660 = ORIENTED_EDGE ( 'NONE', *, *, #5593, .T. ) ;
#2661 = ORIENTED_EDGE ( 'NONE', *, *, #4825, .F. ) ;
#2662 = VECTOR ( 'NONE', #7045, 1000.000000000000000 ) ;
#2663 = CARTESIAN_POINT ( 'NONE',  ( 3.024999999999999911, 1.795247431900000024, 2.024999999999999911 ) ) ;
#2664 = VECTOR ( 'NONE', #2090, 1000.000000000000000 ) ;
#2665 = EDGE_CURVE ( 'NONE', #5428, #5422, #4424, .T. ) ;
#2666 = ORIENTED_EDGE ( 'NONE', *, *, #1119, .F. ) ;
#2667 = ORIENTED_EDGE ( 'NONE', *, *, #3724, .T. ) ;
#2668 = ORIENTED_EDGE ( 'NONE', *, *, #2103, .F. ) ;
#2669 = ADVANCED_FACE ( 'NONE', ( #3268 ), #4454, .T. ) ;
#2670 = AXIS2_PLACEMENT_3D ( 'NONE', #1014, #1604, #2683 ) ;
#2671 = FILL_AREA_STYLE_COLOUR ( '', #555 ) ;
#2672 = LINE ( 'NONE', #3084, #5714 ) ;
#2673 = VERTEX_POINT ( 'NONE', #476 ) ;
#2674 = PLANE ( 'NONE',  #2175 ) ;
#2675 = ORIENTED_EDGE ( 'NONE', *, *, #2232, .F. ) ;
#2676 = EDGE_CURVE ( 'NONE', #1392, #3834, #5303, .T. ) ;
#2677 = DIRECTION ( 'NONE',  ( 0.0000000000000000000, 0.0000000000000000000, 1.000000000000000000 ) ) ;
#2678 = LINE ( 'NONE', #576, #4011 ) ;
#2679 = ORIENTED_EDGE ( 'NONE', *, *, #2070, .F. ) ;
#2680 = CARTESIAN_POINT ( 'NONE',  ( 0.7249999999999999778, 1.315130797599999957, 1.171117220399999770 ) ) ;
#2681 = CARTESIAN_POINT ( 'NONE',  ( 4.775000000000000355, 1.950000000000002176, 1.375000000000006883 ) ) ;
#2682 = EDGE_CURVE ( 'NONE', #7094, #5855, #1364, .T. ) ;
#2683 = DIRECTION ( 'NONE',  ( 0.0000000000000000000, 0.0000000000000000000, 1.000000000000000000 ) ) ;
#2684 = SURFACE_SIDE_STYLE ('',( #6606 ) ) ;
#2685 =( NAMED_UNIT ( * ) SI_UNIT ( $, .STERADIAN. ) SOLID_ANGLE_UNIT ( ) );
#2686 = VECTOR ( 'NONE', #6900, 1000.000000000000000 ) ;
#2687 = ORIENTED_EDGE ( 'NONE', *, *, #1811, .F. ) ;
#2688 = EDGE_CURVE ( 'NONE', #6149, #1493, #4879, .T. ) ;
#2689 = LINE ( 'NONE', #729, #2607 ) ;
#2690 =( NAMED_UNIT ( * ) PLANE_ANGLE_UNIT ( ) SI_UNIT ( $, .RADIAN. ) );
#2691 = CARTESIAN_POINT ( 'NONE',  ( -0.3750000000000000000, 2.250000000000000000, 1.025000000000000133 ) ) ;
#2692 = ORIENTED_EDGE ( 'NONE', *, *, #5682, .T. ) ;
#2693 = VECTOR ( 'NONE', #2725, 1000.000000000000000 ) ;
#2694 = DIRECTION ( 'NONE',  ( 0.0000000000000000000, 0.0000000000000000000, -1.000000000000000000 ) ) ;
#2695 = VECTOR ( 'NONE', #6713, 1000.000000000000000 ) ;
#2696 = ORIENTED_EDGE ( 'NONE', *, *, #5976, .F. ) ;
#2697 = DIRECTION ( 'NONE',  ( 0.0000000000000000000, 1.000000000000000000, 3.219646771412953967E-15 ) ) ;
#2698 = CARTESIAN_POINT ( 'NONE',  ( 3.024999999999999911, 1.350000000000000089, 0.0000000000000000000 ) ) ;
#2699 =( GEOMETRIC_REPRESENTATION_CONTEXT ( 3 ) GLOBAL_UNCERTAINTY_ASSIGNED_CONTEXT ( ( #3204 ) ) GLOBAL_UNIT_ASSIGNED_CONTEXT ( ( #6714, #4400, #7220 ) ) REPRESENTATION_CONTEXT ( 'NONE', 'WORKASPACE' ) );
#2700 = CARTESIAN_POINT ( 'NONE',  ( 0.7349999999999999867, 0.0000000000000000000, -1.474999999999999867 ) ) ;
#2701 = VERTEX_POINT ( 'NONE', #2759 ) ;
#2702 = FILL_AREA_STYLE ('',( #1533 ) ) ;
#2703 = ADVANCED_FACE ( 'NONE', ( #388 ), #3799, .F. ) ;
#2704 = DIRECTION ( 'NONE',  ( 0.0000000000000000000, 0.0000000000000000000, 1.000000000000000000 ) ) ;
#2705 = LINE ( 'NONE', #4241, #1450 ) ;
#2706 = EDGE_CURVE ( 'NONE', #5016, #1723, #284, .T. ) ;
#2707 = CARTESIAN_POINT ( 'NONE',  ( 3.235000000000000320, 0.0000000000000000000, -1.474999999999999867 ) ) ;
#2708 = DIRECTION ( 'NONE',  ( -1.000000000000000000, 0.0000000000000000000, 0.0000000000000000000 ) ) ;
#2709 = LINE ( 'NONE', #5424, #1992 ) ;
#2710 = ORIENTED_EDGE ( 'NONE', *, *, #2665, .T. ) ;
#2711 = VERTEX_POINT ( 'NONE', #2135 ) ;
#2712 = VERTEX_POINT ( 'NONE', #6144 ) ;
#2713 = LINE ( 'NONE', #3514, #4410 ) ;
#2714 = VECTOR ( 'NONE', #2360, 1000.000000000000000 ) ;
#2715 = ORIENTED_EDGE ( 'NONE', *, *, #6706, .F. ) ;
#2716 = EDGE_CURVE ( 'NONE', #3721, #7001, #821, .T. ) ;
#2717 = DIRECTION ( 'NONE',  ( 1.000000000000000000, 0.0000000000000000000, 0.0000000000000000000 ) ) ;
#2718 = CARTESIAN_POINT ( 'NONE',  ( 1.975000000000000089, 0.0000000000000000000, -1.525000000000000133 ) ) ;
#2719 = ORIENTED_EDGE ( 'NONE', *, *, #4599, .T. ) ;
#2720 = DIRECTION ( 'NONE',  ( 1.000000000000000000, 0.0000000000000000000, 0.0000000000000000000 ) ) ;
#2721 = LINE ( 'NONE', #6214, #4142 ) ;
#2722 = EDGE_CURVE ( 'NONE', #1678, #5891, #2287, .T. ) ;
#2723 = LINE ( 'NONE', #965, #1195 ) ;
#2724 = ORIENTED_EDGE ( 'NONE', *, *, #1229, .T. ) ;
#2725 = DIRECTION ( 'NONE',  ( 0.0000000000000000000, 0.0000000000000000000, 1.000000000000000000 ) ) ;
#2726 =( NAMED_UNIT ( * ) PLANE_ANGLE_UNIT ( ) SI_UNIT ( $, .RADIAN. ) );
#2727 = DIRECTION ( 'NONE',  ( -0.0000000000000000000, 1.000000000000000000, 0.0000000000000000000 ) ) ;
#2728 = LINE ( 'NONE', #4714, #2009 ) ;
#2729 = EDGE_CURVE ( 'NONE', #6647, #3328, #2723, .T. ) ;
#2730 = CARTESIAN_POINT ( 'NONE',  ( 0.5249999999999999112, -0.6500000000000000222, -2.075000000000000178 ) ) ;
#2731 = CARTESIAN_POINT ( 'NONE',  ( -2.375000000000000000, 3.149999999999999911, 0.02500000000000000139 ) ) ;
#2732 = VECTOR ( 'NONE', #3726, 1000.000000000000000 ) ;
#2733 = ORIENTED_EDGE ( 'NONE', *, *, #6786, .F. ) ;
#2734 = CARTESIAN_POINT ( 'NONE',  ( -2.500000000000000000, 4.250000000000000000, -0.07499999999999998335 ) ) ;
#2735 = LINE ( 'NONE', #1664, #3805 ) ;
#2736 = DIRECTION ( 'NONE',  ( 1.000000000000000000, 0.0000000000000000000, 0.0000000000000000000 ) ) ;
#2737 = EDGE_CURVE ( 'NONE', #6990, #6209, #96, .T. ) ;
#2738 = DIRECTION ( 'NONE',  ( 1.000000000000000000, 0.0000000000000000000, 0.0000000000000000000 ) ) ;
#2739 = ORIENTED_EDGE ( 'NONE', *, *, #6128, .T. ) ;
#2740 = ORIENTED_EDGE ( 'NONE', *, *, #7096, .F. ) ;
#2741 = LINE ( 'NONE', #5217, #6058 ) ;
#2742 = DIRECTION ( 'NONE',  ( 1.000000000000000000, 0.0000000000000000000, 0.0000000000000000000 ) ) ;
#2743 = ADVANCED_FACE ( 'NONE', ( #3174 ), #2906, .F. ) ;
#2744 = FACE_OUTER_BOUND ( 'NONE', #3676, .T. ) ;
#2745 = EDGE_LOOP ( 'NONE', ( #5146, #5241, #900, #5663 ) ) ;
#2746 = LINE ( 'NONE', #5152, #6060 ) ;
#2747 = DIRECTION ( 'NONE',  ( 0.0000000000000000000, 0.0000000000000000000, -1.000000000000000000 ) ) ;
#2748 = CARTESIAN_POINT ( 'NONE',  ( 4.975000000000000533, 1.999999999999998668, -1.425000000000000933 ) ) ;
#2749 = AXIS2_PLACEMENT_3D ( 'NONE', #3789, #334, #358 ) ;
#2750 = ORIENTED_EDGE ( 'NONE', *, *, #5500, .T. ) ;
#2751 = VERTEX_POINT ( 'NONE', #2883 ) ;
#2752 = LINE ( 'NONE', #5822, #2845 ) ;
#2753 = FACE_OUTER_BOUND ( 'NONE', #7020, .T. ) ;
#2754 = LINE ( 'NONE', #836, #3910 ) ;
#2755 = CARTESIAN_POINT ( 'NONE',  ( 0.5150000000000000133, 1.850000000000000089, -1.025000000000000133 ) ) ;
#2756 = PLANE ( 'NONE',  #6005 ) ;
#2757 = EDGE_CURVE ( 'NONE', #3993, #7142, #6041, .T. ) ;
#2758 = DIRECTION ( 'NONE',  ( -0.0000000000000000000, -1.000000000000000000, -3.219646771412953967E-15 ) ) ;
#2759 = CARTESIAN_POINT ( 'NONE',  ( 0.5250000000000000222, 1.350000000000000089, 1.525000000000000133 ) ) ;
#2760 = ORIENTED_EDGE ( 'NONE', *, *, #3401, .T. ) ;
#2761 = LINE ( 'NONE', #3851, #6365 ) ;
#2762 = PRESENTATION_LAYER_ASSIGNMENT (  '', '', ( #4681 ) ) ;
#2763 = ORIENTED_EDGE ( 'NONE', *, *, #5755, .F. ) ;
#2764 = CARTESIAN_POINT ( 'NONE',  ( 3.225000000000000533, 1.350000000000000089, 0.0000000000000000000 ) ) ;
#2765 = ORIENTED_EDGE ( 'NONE', *, *, #7236, .F. ) ;
#2766 = DIRECTION ( 'NONE',  ( 1.000000000000000000, 0.0000000000000000000, 0.0000000000000000000 ) ) ;
#2767 = VECTOR ( 'NONE', #7415, 1000.000000000000000 ) ;
#2768 = ORIENTED_EDGE ( 'NONE', *, *, #6432, .F. ) ;
#2769 = VERTEX_POINT ( 'NONE', #6270 ) ;
#2770 = EDGE_CURVE ( 'NONE', #421, #5163, #749, .T. ) ;
#2771 = VERTEX_POINT ( 'NONE', #1707 ) ;
#2772 =( LENGTH_UNIT ( ) NAMED_UNIT ( * ) SI_UNIT ( .MILLI., .METRE. ) );
#2773 =( GEOMETRIC_REPRESENTATION_CONTEXT ( 3 ) GLOBAL_UNCERTAINTY_ASSIGNED_CONTEXT ( ( #4294 ) ) GLOBAL_UNIT_ASSIGNED_CONTEXT ( ( #1316, #1287, #3591 ) ) REPRESENTATION_CONTEXT ( 'NONE', 'WORKASPACE' ) );
#2774 = ORIENTED_EDGE ( 'NONE', *, *, #6744, .T. ) ;
#2775 = PRESENTATION_LAYER_ASSIGNMENT (  '', '', ( #1078 ) ) ;
#2776 = CARTESIAN_POINT ( 'NONE',  ( 1.975000000000000089, 0.0000000000000000000, 2.024999999999999911 ) ) ;
#2777 = VERTEX_POINT ( 'NONE', #3926 ) ;
#2778 = DIRECTION ( 'NONE',  ( 0.0000000000000000000, -0.6650335612228979176, -0.7468134723257140450 ) ) ;
#2779 = VECTOR ( 'NONE', #6404, 1000.000000000000000 ) ;
#2780 = VERTEX_POINT ( 'NONE', #3944 ) ;
#2781 = DIRECTION ( 'NONE',  ( 1.000000000000000000, -0.0000000000000000000, 0.0000000000000000000 ) ) ;
#2782 = DIRECTION ( 'NONE',  ( 1.000000000000000000, 0.0000000000000000000, 0.0000000000000000000 ) ) ;
#2783 = EDGE_CURVE ( 'NONE', #5776, #313, #6923, .T. ) ;
#2784 = CARTESIAN_POINT ( 'NONE',  ( 1.984999999999999876, 1.000000000000000000, -1.525000000000000133 ) ) ;
#2785 = ADVANCED_FACE ( 'NONE', ( #6139 ), #4505, .T. ) ;
#2786 = SURFACE_SIDE_STYLE ('',( #7141 ) ) ;
#2787 = DIRECTION ( 'NONE',  ( 1.000000000000000000, 0.0000000000000000000, 0.0000000000000000000 ) ) ;
#2788 = DIRECTION ( 'NONE',  ( 1.000000000000000000, 0.0000000000000000000, 0.0000000000000000000 ) ) ;
#2789 = FACE_OUTER_BOUND ( 'NONE', #3576, .T. ) ;
#2790 = LINE ( 'NONE', #5078, #4393 ) ;
#2791 = EDGE_CURVE ( 'NONE', #2159, #6175, #183, .T. ) ;
#2792 = DIRECTION ( 'NONE',  ( -0.0000000000000000000, 1.000000000000000000, -0.0000000000000000000 ) ) ;
#2793 = VECTOR ( 'NONE', #3278, 1000.000000000000000 ) ;
#2794 = EDGE_LOOP ( 'NONE', ( #221, #3107, #1912, #2715 ) ) ;
#2795 = PLANE ( 'NONE',  #3244 ) ;
#2796 = ORIENTED_EDGE ( 'NONE', *, *, #484, .F. ) ;
#2797 = ORIENTED_EDGE ( 'NONE', *, *, #7145, .T. ) ;
#2798 = VERTEX_POINT ( 'NONE', #1729 ) ;
#2799 = CARTESIAN_POINT ( 'NONE',  ( 4.775000000000000355, 2.000000000000000000, -1.425000000000000044 ) ) ;
#2800 = AXIS2_PLACEMENT_3D ( 'NONE', #3618, #3082, #7065 ) ;
#2801 =( NAMED_UNIT ( * ) SI_UNIT ( $, .STERADIAN. ) SOLID_ANGLE_UNIT ( ) );
#2802 = VECTOR ( 'NONE', #3743, 1000.000000000000000 ) ;
#2803 = DIRECTION ( 'NONE',  ( 0.0000000000000000000, -1.000000000000000000, 0.0000000000000000000 ) ) ;
#2804 = DIRECTION ( 'NONE',  ( -1.000000000000000000, 0.0000000000000000000, 0.0000000000000000000 ) ) ;
#2805 = SURFACE_STYLE_FILL_AREA ( #6894 ) ;
#2806 = ORIENTED_EDGE ( 'NONE', *, *, #5253, .T. ) ;
#2807 = ORIENTED_EDGE ( 'NONE', *, *, #2064, .F. ) ;
#2808 = EDGE_CURVE ( 'NONE', #421, #4402, #4334, .T. ) ;
#2809 = DIRECTION ( 'NONE',  ( 0.0000000000000000000, 2.148487149506091871E-16, 1.000000000000000000 ) ) ;
#2810 = CARTESIAN_POINT ( 'NONE',  ( 3.015000000000000124, 1.649999999999999911, -1.025000000000000133 ) ) ;
#2811 = DIRECTION ( 'NONE',  ( 0.0000000000000000000, -1.000000000000000000, 0.0000000000000000000 ) ) ;
#2812 = DIRECTION ( 'NONE',  ( 0.0000000000000000000, 1.000000000000000000, -1.084202172485501673E-15 ) ) ;
#2813 = LINE ( 'NONE', #114, #5775 ) ;
#2814 = ORIENTED_EDGE ( 'NONE', *, *, #1119, .T. ) ;
#2815 = SURFACE_STYLE_FILL_AREA ( #1120 ) ;
#2816 = CARTESIAN_POINT ( 'NONE',  ( 3.024999999999999911, 1.850000000000000089, -2.024999999999999911 ) ) ;
#2817 = ADVANCED_FACE ( 'NONE', ( #817 ), #6874, .T. ) ;
#2818 = EDGE_CURVE ( 'NONE', #3840, #3170, #6132, .T. ) ;
#2819 = DIRECTION ( 'NONE',  ( 0.0000000000000000000, -1.000000000000000000, 0.0000000000000000000 ) ) ;
#2820 = EDGE_LOOP ( 'NONE', ( #7013, #7090, #4131, #2325 ) ) ;
#2821 = PLANE ( 'NONE',  #1293 ) ;
#2822 = EDGE_CURVE ( 'NONE', #5718, #1417, #2992, .T. ) ;
#2823 = VECTOR ( 'NONE', #6503, 1000.000000000000000 ) ;
#2824 = DIRECTION ( 'NONE',  ( 0.0000000000000000000, 1.000000000000000000, 0.0000000000000000000 ) ) ;
#2825 = EDGE_LOOP ( 'NONE', ( #4990, #1739, #4557, #2760, #4887, #6425, #7412 ) ) ;
#2826 = DIRECTION ( 'NONE',  ( 1.000000000000000000, 0.0000000000000000000, 0.0000000000000000000 ) ) ;
#2827 = DIRECTION ( 'NONE',  ( -0.0000000000000000000, 1.000000000000000000, 0.0000000000000000000 ) ) ;
#2828 = DIRECTION ( 'NONE',  ( 0.0000000000000000000, 1.000000000000000000, -1.084202172485501673E-15 ) ) ;
#2829 = LINE ( 'NONE', #5433, #1291 ) ;
#2830 = CARTESIAN_POINT ( 'NONE',  ( -0.7249999999999999778, 1.850000000000000089, 2.024999999999999911 ) ) ;
#2831 = FACE_OUTER_BOUND ( 'NONE', #3979, .T. ) ;
#2832 = CARTESIAN_POINT ( 'NONE',  ( 3.024999999999999911, 1.850000000000000089, 2.024999999999999911 ) ) ;
#2833 = ORIENTED_EDGE ( 'NONE', *, *, #3968, .T. ) ;
#2834 = VERTEX_POINT ( 'NONE', #5219 ) ;
#2835 = UNCERTAINTY_MEASURE_WITH_UNIT (LENGTH_MEASURE( 1.000000000000000082E-05 ), #3656, 'distance_accuracy_value', 'NONE');
#2836 = MECHANICAL_DESIGN_GEOMETRIC_PRESENTATION_REPRESENTATION (  '', ( #2595 ), #3227 ) ;
#2837 = EDGE_LOOP ( 'NONE', ( #1089, #6877, #851, #249 ) ) ;
#2838 = VECTOR ( 'NONE', #5193, 1000.000000000000000 ) ;
#2839 = ORIENTED_EDGE ( 'NONE', *, *, #2682, .T. ) ;
#2840 = DIRECTION ( 'NONE',  ( 1.000000000000000000, 0.0000000000000000000, 0.0000000000000000000 ) ) ;
#2841 = EDGE_CURVE ( 'NONE', #6370, #704, #6658, .T. ) ;
#2842 = VECTOR ( 'NONE', #5559, 1000.000000000000000 ) ;
#2843 = VERTEX_POINT ( 'NONE', #4662 ) ;
#2844 = VERTEX_POINT ( 'NONE', #1781 ) ;
#2845 = VECTOR ( 'NONE', #683, 1000.000000000000000 ) ;
#2846 = DIRECTION ( 'NONE',  ( 0.0000000000000000000, 1.000000000000000000, 0.0000000000000000000 ) ) ;
#2847 = VECTOR ( 'NONE', #6308, 1000.000000000000000 ) ;
#2848 = VECTOR ( 'NONE', #4534, 1000.000000000000000 ) ;
#2849 = CARTESIAN_POINT ( 'NONE',  ( -0.5250000000000000222, 0.0000000000000000000, -2.024999999999999911 ) ) ;
#2850 = ORIENTED_EDGE ( 'NONE', *, *, #4982, .F. ) ;
#2851 = ORIENTED_EDGE ( 'NONE', *, *, #3882, .F. ) ;
#2852 = FACE_OUTER_BOUND ( 'NONE', #10, .T. ) ;
#2853 = CARTESIAN_POINT ( 'NONE',  ( 3.235000000000000320, 1.649999999999999911, -1.474999999999999867 ) ) ;
#2854 = CARTESIAN_POINT ( 'NONE',  ( 3.024999999999999911, 1.649999999999999911, -1.025000000000000133 ) ) ;
#2855 = EDGE_CURVE ( 'NONE', #5727, #2480, #2634, .T. ) ;
#2856 = CARTESIAN_POINT ( 'NONE',  ( -0.5150000000000000133, 1.850000000000000089, -1.025000000000000133 ) ) ;
#2857 = CARTESIAN_POINT ( 'NONE',  ( -2.875000000000000000, 0.6000000000000076383, -0.2249999999999982014 ) ) ;
#2858 = CARTESIAN_POINT ( 'NONE',  ( 3.325000000000000622, 1.850000000000000089, -1.698606797699999893 ) ) ;
#2859 = CARTESIAN_POINT ( 'NONE',  ( -2.274999999999999911, 2.000000000000000000, -1.425000000000000044 ) ) ;
#2860 = DIRECTION ( 'NONE',  ( 0.0000000000000000000, 0.6650335612228979176, -0.7468134723257140450 ) ) ;
#2861 = CARTESIAN_POINT ( 'NONE',  ( 4.775000000000000355, 3.599999999999999201, -0.07500000000000128786 ) ) ;
#2862 = ADVANCED_FACE ( 'NONE', ( #4604 ), #4141, .T. ) ;
#2863 = VERTEX_POINT ( 'NONE', #2979 ) ;
#2864 = AXIS2_PLACEMENT_3D ( 'NONE', #1743, #5141, #1202 ) ;
#2865 = VECTOR ( 'NONE', #3692, 1000.000000000000000 ) ;
#2866 = EDGE_LOOP ( 'NONE', ( #5345, #3167, #3733, #1564 ) ) ;
#2867 = CARTESIAN_POINT ( 'NONE',  ( 0.8249999999999999556, 1.649999999999999911, -1.698606797699999893 ) ) ;
#2868 = CARTESIAN_POINT ( 'NONE',  ( -2.274999999999999911, 1.950000000000002176, 1.375000000000006883 ) ) ;
#2869 = CARTESIAN_POINT ( 'NONE',  ( -0.5250000000000000222, 1.850000000000000089, -2.024999999999999911 ) ) ;
#2870 = EDGE_CURVE ( 'NONE', #1097, #608, #4513, .T. ) ;
#2871 = VERTEX_POINT ( 'NONE', #1237 ) ;
#2872 = VECTOR ( 'NONE', #3663, 1000.000000000000000 ) ;
#2873 = ORIENTED_EDGE ( 'NONE', *, *, #3507, .T. ) ;
#2874 = DIRECTION ( 'NONE',  ( 1.000000000000000000, 0.0000000000000000000, 0.0000000000000000000 ) ) ;
#2875 = EDGE_CURVE ( 'NONE', #2547, #6696, #6734, .T. ) ;
#2876 = CARTESIAN_POINT ( 'NONE',  ( -0.5250000000000000222, 0.3500000000000000333, -2.024999999999999911 ) ) ;
#2877 = VECTOR ( 'NONE', #3906, 1000.000000000000000 ) ;
#2878 = DIRECTION ( 'NONE',  ( 0.0000000000000000000, 0.0000000000000000000, -1.000000000000000000 ) ) ;
#2879 = VECTOR ( 'NONE', #7037, 1000.000000000000000 ) ;
#2880 = CARTESIAN_POINT ( 'NONE',  ( 1.975000000000000089, 1.850000000000000089, -2.024999999999999911 ) ) ;
#2881 = FILL_AREA_STYLE_COLOUR ( '', #3056 ) ;
#2882 = LINE ( 'NONE', #2199, #1337 ) ;
#2883 = CARTESIAN_POINT ( 'NONE',  ( 0.7250000000000000888, 1.850000000000000089, -1.025000000000000133 ) ) ;
#2884 = SURFACE_STYLE_FILL_AREA ( #581 ) ;
#2885 = EDGE_LOOP ( 'NONE', ( #4870, #6024, #4676, #5896 ) ) ;
#2886 = DIRECTION ( 'NONE',  ( 0.0000000000000000000, 0.0000000000000000000, 1.000000000000000000 ) ) ;
#2887 = AXIS2_PLACEMENT_3D ( 'NONE', #6102, #3831, #402 ) ;
#2888 = VERTEX_POINT ( 'NONE', #2430 ) ;
#2889 = DIRECTION ( 'NONE',  ( -1.000000000000000000, 0.0000000000000000000, 0.0000000000000000000 ) ) ;
#2890 = ORIENTED_EDGE ( 'NONE', *, *, #7352, .T. ) ;
#2891 = DIRECTION ( 'NONE',  ( -0.0000000000000000000, 1.000000000000000000, 0.0000000000000000000 ) ) ;
#2892 = FACE_OUTER_BOUND ( 'NONE', #4273, .T. ) ;
#2893 = AXIS2_PLACEMENT_3D ( 'NONE', #1930, #5936, #3080 ) ;
#2894 = CARTESIAN_POINT ( 'NONE',  ( 4.375000000000000000, 2.550000000000000266, -1.474999999999999867 ) ) ;
#2895 = ADVANCED_FACE ( 'NONE', ( #7000 ), #5816, .T. ) ;
#2896 = LINE ( 'NONE', #6428, #464 ) ;
#2897 = ORIENTED_EDGE ( 'NONE', *, *, #5453, .T. ) ;
#2898 = PLANE ( 'NONE',  #2467 ) ;
#2899 = VECTOR ( 'NONE', #1825, 1000.000000000000000 ) ;
#2900 = ORIENTED_EDGE ( 'NONE', *, *, #4061, .F. ) ;
#2901 = AXIS2_PLACEMENT_3D ( 'NONE', #1808, #1244, #3503 ) ;
#2902 = DIRECTION ( 'NONE',  ( 0.0000000000000000000, 0.7468134723257140450, -0.6650335612228979176 ) ) ;
#2903 = DIRECTION ( 'NONE',  ( 1.000000000000000000, 0.0000000000000000000, 0.0000000000000000000 ) ) ;
#2904 = CARTESIAN_POINT ( 'NONE',  ( -1.375000000000000000, 3.149999999999999911, 2.024999999999999911 ) ) ;
#2905 = CARTESIAN_POINT ( 'NONE',  ( -0.7249999999999999778, 0.0000000000000000000, -1.525000000000000133 ) ) ;
#2906 = PLANE ( 'NONE',  #5337 ) ;
#2907 = LINE ( 'NONE', #3155, #3517 ) ;
#2908 = DIRECTION ( 'NONE',  ( -1.000000000000000000, 0.0000000000000000000, 0.0000000000000000000 ) ) ;
#2909 = CARTESIAN_POINT ( 'NONE',  ( -0.5250000000000000222, 1.350000000000000089, -1.525000000000000133 ) ) ;
#2910 = VERTEX_POINT ( 'NONE', #1190 ) ;
#2911 = EDGE_CURVE ( 'NONE', #1182, #2777, #6487, .T. ) ;
#2912 =( NAMED_UNIT ( * ) SI_UNIT ( $, .STERADIAN. ) SOLID_ANGLE_UNIT ( ) );
#2913 = DIRECTION ( 'NONE',  ( 0.0000000000000000000, -1.000000000000000000, -4.336808689942024836E-15 ) ) ;
#2914 = CARTESIAN_POINT ( 'NONE',  ( -0.5150000000000000133, 1.000000000000000000, -1.025000000000000133 ) ) ;
#2915 = EDGE_LOOP ( 'NONE', ( #2928, #7328, #332, #1059 ) ) ;
#2916 = AXIS2_PLACEMENT_3D ( 'NONE', #3445, #6799, #530 ) ;
#2917 = EDGE_CURVE ( 'NONE', #4497, #5325, #5945, .T. ) ;
#2918 = ORIENTED_EDGE ( 'NONE', *, *, #1177, .T. ) ;
#2919 = EDGE_CURVE ( 'NONE', #3653, #5901, #1355, .T. ) ;
#2920 = LINE ( 'NONE', #986, #689 ) ;
#2921 = LINE ( 'NONE', #7011, #6682 ) ;
#2922 = DIRECTION ( 'NONE',  ( -0.0000000000000000000, 1.000000000000000000, -0.0000000000000000000 ) ) ;
#2923 = DIRECTION ( 'NONE',  ( -1.000000000000000000, 0.0000000000000000000, 0.0000000000000000000 ) ) ;
#2924 = DIRECTION ( 'NONE',  ( 0.0000000000000000000, 0.0000000000000000000, 1.000000000000000000 ) ) ;
#2925 = CARTESIAN_POINT ( 'NONE',  ( -0.5250000000000000222, 1.350000000000000089, 1.525000000000000133 ) ) ;
#2926 = ORIENTED_EDGE ( 'NONE', *, *, #5861, .T. ) ;
#2927 = CARTESIAN_POINT ( 'NONE',  ( -2.274999999999999911, 3.599999999999999201, -0.07500000000000128786 ) ) ;
#2928 = ORIENTED_EDGE ( 'NONE', *, *, #3102, .F. ) ;
#2929 = EDGE_CURVE ( 'NONE', #242, #5021, #3076, .T. ) ;
#2930 = ORIENTED_EDGE ( 'NONE', *, *, #5351, .T. ) ;
#2931 = FILL_AREA_STYLE ('',( #3442 ) ) ;
#2932 = ADVANCED_FACE ( 'NONE', ( #1184 ), #6967, .T. ) ;
#2933 = DIRECTION ( 'NONE',  ( 0.0000000000000000000, 0.0000000000000000000, 1.000000000000000000 ) ) ;
#2934 = LINE ( 'NONE', #201, #5893 ) ;
#2935 = SURFACE_STYLE_FILL_AREA ( #5529 ) ;
#2936 = VECTOR ( 'NONE', #1964, 1000.000000000000000 ) ;
#2937 =( NAMED_UNIT ( * ) PLANE_ANGLE_UNIT ( ) SI_UNIT ( $, .RADIAN. ) );
#2938 = ORIENTED_EDGE ( 'NONE', *, *, #3562, .T. ) ;
#2939 = EDGE_LOOP ( 'NONE', ( #6567, #5157, #934, #4655, #5509, #5930 ) ) ;
#2940 = ORIENTED_EDGE ( 'NONE', *, *, #6651, .T. ) ;
#2941 = DIRECTION ( 'NONE',  ( -1.000000000000000000, 0.0000000000000000000, 0.0000000000000000000 ) ) ;
#2942 = VECTOR ( 'NONE', #2811, 1000.000000000000000 ) ;
#2943 = VERTEX_POINT ( 'NONE', #3470 ) ;
#2944 = ORIENTED_EDGE ( 'NONE', *, *, #6331, .F. ) ;
#2945 = DIRECTION ( 'NONE',  ( 0.0000000000000000000, 1.000000000000000000, 0.0000000000000000000 ) ) ;
#2946 = LINE ( 'NONE', #546, #5338 ) ;
#2947 = ORIENTED_EDGE ( 'NONE', *, *, #4905, .T. ) ;
#2948 = VERTEX_POINT ( 'NONE', #5267 ) ;
#2949 = MECHANICAL_DESIGN_GEOMETRIC_PRESENTATION_REPRESENTATION (  '', ( #2563 ), #2699 ) ;
#2950 = CARTESIAN_POINT ( 'NONE',  ( 3.225000000000000533, 1.000000000000000000, -1.525000000000000133 ) ) ;
#2951 = CARTESIAN_POINT ( 'NONE',  ( 4.775000000000000355, 2.000000000000000000, -2.024999999999999911 ) ) ;
#2952 = VECTOR ( 'NONE', #4611, 1000.000000000000114 ) ;
#2953 = ORIENTED_EDGE ( 'NONE', *, *, #4689, .F. ) ;
#2954 = EDGE_CURVE ( 'NONE', #4828, #2136, #5136, .T. ) ;
#2955 = DIRECTION ( 'NONE',  ( 0.0000000000000000000, 0.4999999999932618899, -0.8660254037883288181 ) ) ;
#2956 = CARTESIAN_POINT ( 'NONE',  ( 1.250000000000000000, 1.000000000000000000, -1.474999999999999867 ) ) ;
#2957 = AXIS2_PLACEMENT_3D ( 'NONE', #1114, #2828, #4504 ) ;
#2958 = LINE ( 'NONE', #7043, #3659 ) ;
#2959 = VERTEX_POINT ( 'NONE', #6942 ) ;
#2960 = PLANE ( 'NONE',  #3152 ) ;
#2961 = CARTESIAN_POINT ( 'NONE',  ( 3.235000000000000320, 1.850000000000000089, -1.025000000000000133 ) ) ;
#2962 = DIRECTION ( 'NONE',  ( -1.000000000000000000, 0.0000000000000000000, 0.0000000000000000000 ) ) ;
#2963 = EDGE_CURVE ( 'NONE', #7407, #3328, #2813, .T. ) ;
#2964 = LINE ( 'NONE', #533, #1527 ) ;
#2965 = LINE ( 'NONE', #1924, #4208 ) ;
#2966 = EDGE_CURVE ( 'NONE', #6178, #878, #3428, .T. ) ;
#2967 = PLANE ( 'NONE',  #6222 ) ;
#2968 = ORIENTED_EDGE ( 'NONE', *, *, #2791, .F. ) ;
#2969 = UNCERTAINTY_MEASURE_WITH_UNIT (LENGTH_MEASURE( 1.000000000000000082E-05 ), #1962, 'distance_accuracy_value', 'NONE');
#2970 = VECTOR ( 'NONE', #6582, 1000.000000000000000 ) ;
#2971 = ORIENTED_EDGE ( 'NONE', *, *, #802, .T. ) ;
#2972 = CARTESIAN_POINT ( 'NONE',  ( 3.225000000000000533, 1.649999999999999911, 2.024999999999999911 ) ) ;
#2973 = ADVANCED_FACE ( 'NONE', ( #1005 ), #281, .T. ) ;
#2974 = CARTESIAN_POINT ( 'NONE',  ( 0.4249999999999999889, 1.649999999999999911, -1.698606797699999893 ) ) ;
#2975 = DIRECTION ( 'NONE',  ( 0.0000000000000000000, -1.000000000000000000, 0.0000000000000000000 ) ) ;
#2976 = CARTESIAN_POINT ( 'NONE',  ( -0.7249999999999999778, 0.3499999999999999778, -2.075000000000000178 ) ) ;
#2977 = EDGE_LOOP ( 'NONE', ( #4556, #1539, #6630, #6850, #78, #3363, #6848, #1241 ) ) ;
#2978 = ORIENTED_EDGE ( 'NONE', *, *, #793, .T. ) ;
#2979 = CARTESIAN_POINT ( 'NONE',  ( 1.675000000000000044, 1.649999999999999911, 2.024999999999999911 ) ) ;
#2980 = CARTESIAN_POINT ( 'NONE',  ( 0.5250000000000000222, 1.850000000000000089, -1.698606797699999893 ) ) ;
#2981 = PRESENTATION_LAYER_ASSIGNMENT (  '', '', ( #2595 ) ) ;
#2982 = VECTOR ( 'NONE', #4147, 1000.000000000000000 ) ;
#2983 = ORIENTED_EDGE ( 'NONE', *, *, #992, .T. ) ;
#2984 = EDGE_CURVE ( 'NONE', #4101, #3285, #3601, .T. ) ;
#2985 = ORIENTED_EDGE ( 'NONE', *, *, #1238, .T. ) ;
#2986 = FILL_AREA_STYLE_COLOUR ( '', #6211 ) ;
#2987 = LINE ( 'NONE', #3467, #6123 ) ;
#2988 = DIRECTION ( 'NONE',  ( 0.0000000000000000000, 1.000000000000000000, 0.0000000000000000000 ) ) ;
#2989 = VECTOR ( 'NONE', #3469, 1000.000000000000000 ) ;
#2990 = ORIENTED_EDGE ( 'NONE', *, *, #5419, .F. ) ;
#2991 = ORIENTED_EDGE ( 'NONE', *, *, #3581, .T. ) ;
#2992 = LINE ( 'NONE', #2927, #2275 ) ;
#2993 = ORIENTED_EDGE ( 'NONE', *, *, #7075, .T. ) ;
#2994 = EDGE_CURVE ( 'NONE', #7094, #1376, #577, .T. ) ;
#2995 = COLOUR_RGB ( '',0.6470588235294117974, 0.6196078431372549211, 0.5882352941176470784 ) ;
#2996 = CARTESIAN_POINT ( 'NONE',  ( 2.875000000000000444, 2.250000000000000000, -0.4749999999999999778 ) ) ;
#2997 =( GEOMETRIC_REPRESENTATION_CONTEXT ( 3 ) GLOBAL_UNCERTAINTY_ASSIGNED_CONTEXT ( ( #5629 ) ) GLOBAL_UNIT_ASSIGNED_CONTEXT ( ( #2559, #2611, #2632 ) ) REPRESENTATION_CONTEXT ( 'NONE', 'WORKASPACE' ) );
#2998 = DIRECTION ( 'NONE',  ( 0.0000000000000000000, 1.000000000000000000, 0.0000000000000000000 ) ) ;
#2999 = VERTEX_POINT ( 'NONE', #5150 ) ;
#3000 = CARTESIAN_POINT ( 'NONE',  ( 4.956138830084189095, 2.250000000000000000, 1.025000000000000133 ) ) ;
#3001 = CARTESIAN_POINT ( 'NONE',  ( -2.274999999999999911, 3.600000000000000977, -0.07499999999999998335 ) ) ;
#3002 = DIRECTION ( 'NONE',  ( 0.0000000000000000000, -0.6650335612228979176, -0.7468134723257140450 ) ) ;
#3003 = DIRECTION ( 'NONE',  ( 0.0000000000000000000, 1.000000000000000000, 0.0000000000000000000 ) ) ;
#3004 =( LENGTH_UNIT ( ) NAMED_UNIT ( * ) SI_UNIT ( .MILLI., .METRE. ) );
#3005 = DIRECTION ( 'NONE',  ( 1.000000000000000000, 0.0000000000000000000, 0.0000000000000000000 ) ) ;
#3006 = FACE_OUTER_BOUND ( 'NONE', #4620, .T. ) ;
#3007 = EDGE_CURVE ( 'NONE', #2149, #6422, #4052, .T. ) ;
#3008 = CARTESIAN_POINT ( 'NONE',  ( 2.500000000000000000, 0.0000000000000000000, -1.025000000000000133 ) ) ;
#3009 = ORIENTED_EDGE ( 'NONE', *, *, #2568, .T. ) ;
#3010 = CARTESIAN_POINT ( 'NONE',  ( 3.235000000000000320, 1.000000000000000000, -2.024999999999999911 ) ) ;
#3011 = CARTESIAN_POINT ( 'NONE',  ( -0.7249999999999999778, 1.850000000000000089, -2.024999999999999911 ) ) ;
#3013 = LINE ( 'NONE', #6759, #1479 ) ;
#3012 = AXIS2_PLACEMENT_3D ( 'NONE', #4984, #2132, #2105 ) ;
#3014 = CARTESIAN_POINT ( 'NONE',  ( -0.7249999999999999778, 1.000000000000000000, -1.525000000000000133 ) ) ;
#3015 = VECTOR ( 'NONE', #1854, 1000.000000000000000 ) ;
#3016 = ADVANCED_FACE ( 'NONE', ( #2459 ), #1728, .F. ) ;
#3017 = EDGE_LOOP ( 'NONE', ( #1496, #2763, #558, #4234 ) ) ;
#3018 = VERTEX_POINT ( 'NONE', #6796 ) ;
#3019 = CARTESIAN_POINT ( 'NONE',  ( -2.475000000000000089, 4.249999999999998224, -2.075000000000001510 ) ) ;
#3020 = LINE ( 'NONE', #2562, #2573 ) ;
#3021 = VECTOR ( 'NONE', #3766, 1000.000000000000000 ) ;
#3022 = ORIENTED_EDGE ( 'NONE', *, *, #1799, .T. ) ;
#3023 = ORIENTED_EDGE ( 'NONE', *, *, #3946, .T. ) ;
#3024 = AXIS2_PLACEMENT_3D ( 'NONE', #263, #6563, #1509 ) ;
#3025 = LINE ( 'NONE', #708, #5970 ) ;
#3026 = LINE ( 'NONE', #6486, #5328 ) ;
#3027 = DIRECTION ( 'NONE',  ( 1.000000000000000000, 0.0000000000000000000, 0.0000000000000000000 ) ) ;
#3028 = LINE ( 'NONE', #3399, #1499 ) ;
#3029 = PLANE ( 'NONE',  #7230 ) ;
#3030 = CARTESIAN_POINT ( 'NONE',  ( 3.024999999999999911, 0.5000000000000000000, 2.024999999999999911 ) ) ;
#3031 = EDGE_CURVE ( 'NONE', #2871, #1834, #1096, .T. ) ;
#3032 = ORIENTED_EDGE ( 'NONE', *, *, #2289, .T. ) ;
#3033 = ORIENTED_EDGE ( 'NONE', *, *, #5115, .F. ) ;
#3034 = LINE ( 'NONE', #5504, #1137 ) ;
#3035 = CARTESIAN_POINT ( 'NONE',  ( 0.7249999999999999778, -0.004464445899999999919, 0.003975566199999999890 ) ) ;
#3036 = DIRECTION ( 'NONE',  ( 0.0000000000000000000, 1.000000000000000000, 4.336808689942024836E-15 ) ) ;
#3037 = CARTESIAN_POINT ( 'NONE',  ( 1.975000000000000089, 1.850000000000000089, -1.025000000000000133 ) ) ;
#3038 = CARTESIAN_POINT ( 'NONE',  ( -0.7349999999999999867, 1.850000000000000089, -2.024999999999999911 ) ) ;
#3039 = ORIENTED_EDGE ( 'NONE', *, *, #3825, .T. ) ;
#3040 = VECTOR ( 'NONE', #1870, 1000.000000000000114 ) ;
#3041 = ORIENTED_EDGE ( 'NONE', *, *, #1567, .F. ) ;
#3042 = DIRECTION ( 'NONE',  ( 0.0000000000000000000, 0.0000000000000000000, -1.000000000000000000 ) ) ;
#3043 = VERTEX_POINT ( 'NONE', #4484 ) ;
#3044 = PLANE ( 'NONE',  #7338 ) ;
#3045 = ADVANCED_FACE ( 'NONE', ( #1274 ), #1085, .T. ) ;
#3046 = EDGE_CURVE ( 'NONE', #4308, #5818, #7173, .T. ) ;
#3047 = DIRECTION ( 'NONE',  ( -0.0000000000000000000, 1.000000000000000000, 3.252606517456512513E-15 ) ) ;
#3048 = DIRECTION ( 'NONE',  ( 1.000000000000000000, 0.0000000000000000000, 0.0000000000000000000 ) ) ;
#3049 = LINE ( 'NONE', #5459, #6978 ) ;
#3050 = CARTESIAN_POINT ( 'NONE',  ( -0.5150000000000000133, 1.850000000000000089, -2.024999999999999911 ) ) ;
#3051 =( GEOMETRIC_REPRESENTATION_CONTEXT ( 3 ) GLOBAL_UNCERTAINTY_ASSIGNED_CONTEXT ( ( #2610 ) ) GLOBAL_UNIT_ASSIGNED_CONTEXT ( ( #6020, #916, #3191 ) ) REPRESENTATION_CONTEXT ( 'NONE', 'WORKASPACE' ) );
#3052 = CARTESIAN_POINT ( 'NONE',  ( -2.024999999999999911, 4.250000000000000000, -1.925000000000000044 ) ) ;
#3053 = VERTEX_POINT ( 'NONE', #1041 ) ;
#3054 = PLANE ( 'NONE',  #2893 ) ;
#3055 = VECTOR ( 'NONE', #5658, 1000.000000000000000 ) ;
#3056 = COLOUR_RGB ( '',1.000000000000000000, 1.000000000000000000, 1.000000000000000000 ) ;
#3057 = CARTESIAN_POINT ( 'NONE',  ( 1.775000000000000133, 1.649999999999999911, -1.025000000000000133 ) ) ;
#3058 = EDGE_CURVE ( 'NONE', #2843, #3511, #4144, .T. ) ;
#3059 = UNCERTAINTY_MEASURE_WITH_UNIT (LENGTH_MEASURE( 1.000000000000000082E-05 ), #3127, 'distance_accuracy_value', 'NONE');
#3060 = EDGE_CURVE ( 'NONE', #4348, #6526, #1911, .T. ) ;
#3061 = LINE ( 'NONE', #5032, #2793 ) ;
#3062 = FACE_OUTER_BOUND ( 'NONE', #2885, .T. ) ;
#3063 = CARTESIAN_POINT ( 'NONE',  ( 3.875000000000000444, 3.149999999999999911, -2.024999999999999911 ) ) ;
#3064 = VECTOR ( 'NONE', #1995, 1000.000000000000000 ) ;
#3065 = ORIENTED_EDGE ( 'NONE', *, *, #366, .F. ) ;
#3066 = EDGE_CURVE ( 'NONE', #4402, #1009, #3874, .T. ) ;
#3067 = COLOUR_RGB ( '',1.000000000000000000, 1.000000000000000000, 1.000000000000000000 ) ;
#3068 = VERTEX_POINT ( 'NONE', #5707 ) ;
#3069 = ORIENTED_EDGE ( 'NONE', *, *, #7124, .T. ) ;
#3070 = CARTESIAN_POINT ( 'NONE',  ( 0.7250000000000000888, 1.850000000000000089, -1.698606797699999893 ) ) ;
#3071 =( NAMED_UNIT ( * ) SI_UNIT ( $, .STERADIAN. ) SOLID_ANGLE_UNIT ( ) );
#3072 = DIRECTION ( 'NONE',  ( 1.000000000000000000, 0.0000000000000000000, -0.0000000000000000000 ) ) ;
#3073 = DIRECTION ( 'NONE',  ( 0.0000000000000000000, -0.0000000000000000000, -1.000000000000000000 ) ) ;
#3074 = VECTOR ( 'NONE', #5650, 1000.000000000000114 ) ;
#3075 = ORIENTED_EDGE ( 'NONE', *, *, #6786, .T. ) ;
#3076 = LINE ( 'NONE', #6420, #2899 ) ;
#3077 = ORIENTED_EDGE ( 'NONE', *, *, #7018, .F. ) ;
#3078 = DIRECTION ( 'NONE',  ( 0.0000000000000000000, 0.0000000000000000000, 1.000000000000000000 ) ) ;
#3079 = DIRECTION ( 'NONE',  ( 1.000000000000000000, 0.0000000000000000000, 0.0000000000000000000 ) ) ;
#3080 = DIRECTION ( 'NONE',  ( 0.0000000000000000000, 0.0000000000000000000, 1.000000000000000000 ) ) ;
#3081 = PRESENTATION_STYLE_ASSIGNMENT (( #5567 ) ) ;
#3082 = DIRECTION ( 'NONE',  ( 0.0000000000000000000, 0.0000000000000000000, 1.000000000000000000 ) ) ;
#3083 = ADVANCED_FACE ( 'NONE', ( #5679 ), #7400, .T. ) ;
#3084 = CARTESIAN_POINT ( 'NONE',  ( 4.775000000000000355, 4.240000000000000213, -0.07499999999999998335 ) ) ;
#3085 = VERTEX_POINT ( 'NONE', #1066 ) ;
#3086 = PLANE ( 'NONE',  #2124 ) ;
#3087 =( NAMED_UNIT ( * ) SI_UNIT ( $, .STERADIAN. ) SOLID_ANGLE_UNIT ( ) );
#3088 = VECTOR ( 'NONE', #446, 1000.000000000000000 ) ;
#3089 = SURFACE_STYLE_FILL_AREA ( #6064 ) ;
#3090 = ORIENTED_EDGE ( 'NONE', *, *, #6393, .F. ) ;
#3091 = EDGE_CURVE ( 'NONE', #4012, #2943, #4233, .T. ) ;
#3092 = LINE ( 'NONE', #2592, #1573 ) ;
#3093 = SURFACE_STYLE_FILL_AREA ( #6809 ) ;
#3094 = PLANE ( 'NONE',  #3290 ) ;
#3095 = AXIS2_PLACEMENT_3D ( 'NONE', #6409, #4032, #2299 ) ;
#3096 = CARTESIAN_POINT ( 'NONE',  ( 0.0000000000000000000, 0.0000000000000000000, -1.525000000000000133 ) ) ;
#3097 = DIRECTION ( 'NONE',  ( 0.0000000000000000000, -1.000000000000000000, 0.0000000000000000000 ) ) ;
#3098 = ORIENTED_EDGE ( 'NONE', *, *, #3241, .F. ) ;
#3099 = CARTESIAN_POINT ( 'NONE',  ( -2.274999999999999911, 2.250000000000000000, -2.024999999999999911 ) ) ;
#3100 = VERTEX_POINT ( 'NONE', #5102 ) ;
#3101 = LINE ( 'NONE', #5268, #111 ) ;
#3102 = EDGE_CURVE ( 'NONE', #4601, #4107, #6316, .T. ) ;
#3103 = DIRECTION ( 'NONE',  ( -0.0000000000000000000, 1.000000000000000000, 0.0000000000000000000 ) ) ;
#3104 =( NAMED_UNIT ( * ) SI_UNIT ( $, .STERADIAN. ) SOLID_ANGLE_UNIT ( ) );
#3105 = CARTESIAN_POINT ( 'NONE',  ( 1.765000000000000124, 1.850000000000000089, -1.025000000000000133 ) ) ;
#3106 = CARTESIAN_POINT ( 'NONE',  ( -2.274999999999999911, 4.249999999999998224, -2.075000000000001510 ) ) ;
#3107 = ORIENTED_EDGE ( 'NONE', *, *, #5221, .T. ) ;
#3108 = ORIENTED_EDGE ( 'NONE', *, *, #6339, .T. ) ;
#3109 = PLANE ( 'NONE',  #866 ) ;
#3110 = EDGE_CURVE ( 'NONE', #5776, #4688, #6915, .T. ) ;
#3111 = LINE ( 'NONE', #1684, #4370 ) ;
#3112 = COLOUR_RGB ( '',0.6470588235294117974, 0.6196078431372549211, 0.5882352941176470784 ) ;
#3113 = LINE ( 'NONE', #3877, #6443 ) ;
#3114 = PLANE ( 'NONE',  #6478 ) ;
#3115 = ORIENTED_EDGE ( 'NONE', *, *, #2818, .T. ) ;
#3116 = EDGE_CURVE ( 'NONE', #952, #4059, #381, .T. ) ;
#3117 = VECTOR ( 'NONE', #2216, 1000.000000000000000 ) ;
#3118 = VERTEX_POINT ( 'NONE', #1236 ) ;
#3119 = ORIENTED_EDGE ( 'NONE', *, *, #5351, .F. ) ;
#3120 = EDGE_CURVE ( 'NONE', #6063, #1136, #3418, .T. ) ;
#3121 = ADVANCED_FACE ( 'NONE', ( #3790 ), #6378, .T. ) ;
#3122 = DIRECTION ( 'NONE',  ( 0.0000000000000000000, 0.0000000000000000000, 1.000000000000000000 ) ) ;
#3123 = LINE ( 'NONE', #4033, #2229 ) ;
#3124 = ORIENTED_EDGE ( 'NONE', *, *, #1894, .F. ) ;
#3125 = PLANE ( 'NONE',  #6961 ) ;
#3126 = EDGE_LOOP ( 'NONE', ( #7234, #3905, #7135, #5414 ) ) ;
#3127 =( LENGTH_UNIT ( ) NAMED_UNIT ( * ) SI_UNIT ( .MILLI., .METRE. ) );
#3128 = CARTESIAN_POINT ( 'NONE',  ( 1.775000000000000133, 1.649999999999999911, -1.025000000000000133 ) ) ;
#3129 = ORIENTED_EDGE ( 'NONE', *, *, #1427, .F. ) ;
#3130 = PLANE ( 'NONE',  #1220 ) ;
#3131 =( GEOMETRIC_REPRESENTATION_CONTEXT ( 3 ) GLOBAL_UNCERTAINTY_ASSIGNED_CONTEXT ( ( #6498 ) ) GLOBAL_UNIT_ASSIGNED_CONTEXT ( ( #1666, #1004, #5000 ) ) REPRESENTATION_CONTEXT ( 'NONE', 'WORKASPACE' ) );
#3132 = CARTESIAN_POINT ( 'NONE',  ( -2.274999999999999911, 1.999999999999997780, -2.075000000000008615 ) ) ;
#3133 = SURFACE_STYLE_USAGE ( .BOTH. , #2030 ) ;
#3134 = ORIENTED_EDGE ( 'NONE', *, *, #3060, .T. ) ;
#3135 = ORIENTED_EDGE ( 'NONE', *, *, #2197, .T. ) ;
#3136 = DIRECTION ( 'NONE',  ( -1.000000000000000000, 0.0000000000000000000, 0.0000000000000000000 ) ) ;
#3137 = VECTOR ( 'NONE', #3197, 1000.000000000000000 ) ;
#3138 = ORIENTED_EDGE ( 'NONE', *, *, #4487, .T. ) ;
#3139 = EDGE_CURVE ( 'NONE', #7119, #5953, #6219, .T. ) ;
#3140 = DIRECTION ( 'NONE',  ( 0.0000000000000000000, -1.000000000000000000, 0.0000000000000000000 ) ) ;
#3141 = CARTESIAN_POINT ( 'NONE',  ( 0.5250000000000000222, 1.649999999999999911, -1.698606797699999893 ) ) ;
#3142 = AXIS2_PLACEMENT_3D ( 'NONE', #939, #450, #2204 ) ;
#3143 = VERTEX_POINT ( 'NONE', #23 ) ;
#3144 = CARTESIAN_POINT ( 'NONE',  ( 3.225000000000000533, 0.5000000000000000000, 2.024999999999999911 ) ) ;
#3145 = EDGE_CURVE ( 'NONE', #5120, #3182, #3166, .T. ) ;
#3146 = PLANE ( 'NONE',  #1709 ) ;
#3147 = ORIENTED_EDGE ( 'NONE', *, *, #2098, .F. ) ;
#3148 = VECTOR ( 'NONE', #706, 1000.000000000000000 ) ;
#3149 = DIRECTION ( 'NONE',  ( -0.0000000000000000000, 1.000000000000000000, -0.0000000000000000000 ) ) ;
#3150 = VERTEX_POINT ( 'NONE', #5266 ) ;
#3151 = STYLED_ITEM ( 'NONE', ( #1882 ), #4282 ) ;
#3152 = AXIS2_PLACEMENT_3D ( 'NONE', #5290, #1884, #152 ) ;
#3153 = VERTEX_POINT ( 'NONE', #4068 ) ;
#3154 = CARTESIAN_POINT ( 'NONE',  ( 5.000000000000000888, 4.250000000000000000, -2.024999999999999911 ) ) ;
#3155 = CARTESIAN_POINT ( 'NONE',  ( -0.3750000000000000000, 2.750000000000000000, -0.4749999999999999778 ) ) ;
#3156 = ORIENTED_EDGE ( 'NONE', *, *, #1064, .F. ) ;
#3157 = DIRECTION ( 'NONE',  ( 0.0000000000000000000, -1.000000000000000000, -3.219646771412953967E-15 ) ) ;
#3158 = SURFACE_STYLE_FILL_AREA ( #4815 ) ;
#3159 = CARTESIAN_POINT ( 'NONE',  ( 3.675000000000000266, 2.550000000000000266, 2.024999999999999911 ) ) ;
#3160 = ORIENTED_EDGE ( 'NONE', *, *, #267, .F. ) ;
#3161 = ORIENTED_EDGE ( 'NONE', *, *, #3674, .F. ) ;
#3162 = ADVANCED_FACE ( 'NONE', ( #5671 ), #5859, .T. ) ;
#3163 = DIRECTION ( 'NONE',  ( -1.000000000000000000, 0.0000000000000000000, 0.0000000000000000000 ) ) ;
#3164 = EDGE_CURVE ( 'NONE', #3489, #6447, #3, .T. ) ;
#3165 = CARTESIAN_POINT ( 'NONE',  ( -0.8249999999999999556, 1.850000000000000089, 2.024999999999999911 ) ) ;
#3166 = LINE ( 'NONE', #2925, #86 ) ;
#3167 = ORIENTED_EDGE ( 'NONE', *, *, #5393, .F. ) ;
#3168 = PLANE ( 'NONE',  #5009 ) ;
#3169 = ORIENTED_EDGE ( 'NONE', *, *, #5405, .F. ) ;
#3170 = VERTEX_POINT ( 'NONE', #5785 ) ;
#3171 = VECTOR ( 'NONE', #963, 1000.000000000000000 ) ;
#3172 = EDGE_CURVE ( 'NONE', #2523, #4477, #6479, .T. ) ;
#3173 = DIRECTION ( 'NONE',  ( 1.000000000000000000, 0.0000000000000000000, 0.0000000000000000000 ) ) ;
#3174 = FACE_OUTER_BOUND ( 'NONE', #2239, .T. ) ;
#3175 = ORIENTED_EDGE ( 'NONE', *, *, #5920, .T. ) ;
#3176 = SURFACE_STYLE_USAGE ( .BOTH. , #2600 ) ;
#3177 = CARTESIAN_POINT ( 'NONE',  ( 4.125000000000000000, 1.000000000000000000, -1.525000000000000133 ) ) ;
#3178 = CARTESIAN_POINT ( 'NONE',  ( -2.274999999999999911, 3.600000000000000977, -0.07499999999999998335 ) ) ;
#3179 = ORIENTED_EDGE ( 'NONE', *, *, #2488, .F. ) ;
#3180 = SURFACE_STYLE_FILL_AREA ( #4330 ) ;
#3181 = VECTOR ( 'NONE', #6722, 1000.000000000000000 ) ;
#3182 = VERTEX_POINT ( 'NONE', #1800 ) ;
#3183 = CARTESIAN_POINT ( 'NONE',  ( -1.175000000000000044, 1.850000000000000089, 2.024999999999999911 ) ) ;
#3184 = DIRECTION ( 'NONE',  ( -1.000000000000000000, 0.0000000000000000000, 0.0000000000000000000 ) ) ;
#3185 = SURFACE_STYLE_USAGE ( .BOTH. , #3695 ) ;
#3186 = STYLED_ITEM ( 'NONE', ( #1123 ), #1616 ) ;
#3187 = VERTEX_POINT ( 'NONE', #4021 ) ;
#3188 = DIRECTION ( 'NONE',  ( 1.000000000000000000, 0.0000000000000000000, 0.0000000000000000000 ) ) ;
#3189 = DIRECTION ( 'NONE',  ( 0.0000000000000000000, 1.000000000000000000, 0.0000000000000000000 ) ) ;
#3190 = VECTOR ( 'NONE', #1162, 1000.000000000000000 ) ;
#3191 =( NAMED_UNIT ( * ) SI_UNIT ( $, .STERADIAN. ) SOLID_ANGLE_UNIT ( ) );
#3192 = VECTOR ( 'NONE', #4600, 1000.000000000000000 ) ;
#3193 = FACE_OUTER_BOUND ( 'NONE', #162, .T. ) ;
#3194 = EDGE_CURVE ( 'NONE', #599, #1113, #1453, .T. ) ;
#3195 = VERTEX_POINT ( 'NONE', #1189 ) ;
#3196 = ORIENTED_EDGE ( 'NONE', *, *, #719, .T. ) ;
#3197 = DIRECTION ( 'NONE',  ( -1.000000000000000000, 0.0000000000000000000, 0.0000000000000000000 ) ) ;
#3198 = FACE_OUTER_BOUND ( 'NONE', #2745, .T. ) ;
#3199 = ADVANCED_FACE ( 'NONE', ( #479 ), #2382, .F. ) ;
#3200 = FACE_OUTER_BOUND ( 'NONE', #1751, .T. ) ;
#3201 = ORIENTED_EDGE ( 'NONE', *, *, #872, .T. ) ;
#3202 = DIRECTION ( 'NONE',  ( 0.0000000000000000000, -1.000000000000000000, -3.252606517456512513E-15 ) ) ;
#3203 = CARTESIAN_POINT ( 'NONE',  ( -0.5250000000000000222, 1.850000000000000089, 2.024999999999999911 ) ) ;
#3204 = UNCERTAINTY_MEASURE_WITH_UNIT (LENGTH_MEASURE( 1.000000000000000082E-05 ), #6714, 'distance_accuracy_value', 'NONE');
#3205 = DIRECTION ( 'NONE',  ( 0.0000000000000000000, 1.000000000000000000, 0.0000000000000000000 ) ) ;
#3206 = ORIENTED_EDGE ( 'NONE', *, *, #5405, .T. ) ;
#3207 = VECTOR ( 'NONE', #6543, 1000.000000000000000 ) ;
#3208 = EDGE_CURVE ( 'NONE', #2480, #5549, #4597, .T. ) ;
#3209 = VECTOR ( 'NONE', #950, 1000.000000000000000 ) ;
#3210 = COLOUR_RGB ( '',1.000000000000000000, 1.000000000000000000, 1.000000000000000000 ) ;
#3211 = CARTESIAN_POINT ( 'NONE',  ( 0.5150000000000000133, 1.649999999999999911, -1.025000000000000133 ) ) ;
#3212 = CARTESIAN_POINT ( 'NONE',  ( 1.975000000000000089, 1.649999999999999911, -1.698606797699999893 ) ) ;
#3213 = CARTESIAN_POINT ( 'NONE',  ( 0.7249999999999998668, 0.3500000000000000333, -2.024999999999999911 ) ) ;
#3214 = ORIENTED_EDGE ( 'NONE', *, *, #1907, .T. ) ;
#3215 = EDGE_CURVE ( 'NONE', #5704, #6864, #275, .T. ) ;
#3216 = CARTESIAN_POINT ( 'NONE',  ( -2.475000000000000089, 1.999999999999997780, -2.024999999999999911 ) ) ;
#3217 = EDGE_LOOP ( 'NONE', ( #562, #6624, #5545, #2443, #6388, #2111, #5844 ) ) ;
#3218 = LINE ( 'NONE', #5170, #4466 ) ;
#3219 = ORIENTED_EDGE ( 'NONE', *, *, #7236, .T. ) ;
#3220 = VERTEX_POINT ( 'NONE', #4116 ) ;
#3221 = DIRECTION ( 'NONE',  ( 0.0000000000000000000, -0.0000000000000000000, -1.000000000000000000 ) ) ;
#3222 = DIRECTION ( 'NONE',  ( -1.000000000000000000, 0.0000000000000000000, 0.0000000000000000000 ) ) ;
#3223 = VERTEX_POINT ( 'NONE', #3001 ) ;
#3224 = CARTESIAN_POINT ( 'NONE',  ( -2.274999999999999911, 2.250000000000000000, -2.024999999999999911 ) ) ;
#3225 = ORIENTED_EDGE ( 'NONE', *, *, #2706, .F. ) ;
#3226 = ORIENTED_EDGE ( 'NONE', *, *, #1658, .T. ) ;
#3227 =( GEOMETRIC_REPRESENTATION_CONTEXT ( 3 ) GLOBAL_UNCERTAINTY_ASSIGNED_CONTEXT ( ( #4060 ) ) GLOBAL_UNIT_ASSIGNED_CONTEXT ( ( #4841, #4295, #6007 ) ) REPRESENTATION_CONTEXT ( 'NONE', 'WORKASPACE' ) );
#3228 = EDGE_CURVE ( 'NONE', #3986, #7161, #2627, .T. ) ;
#3229 = EDGE_LOOP ( 'NONE', ( #17, #6310, #3134, #3476 ) ) ;
#3230 = DIRECTION ( 'NONE',  ( 0.0000000000000000000, -1.000000000000000000, 0.0000000000000000000 ) ) ;
#3231 = DIRECTION ( 'NONE',  ( 1.000000000000000000, 0.0000000000000000000, 0.0000000000000000000 ) ) ;
#3232 = ORIENTED_EDGE ( 'NONE', *, *, #2537, .T. ) ;
#3233 = PLANE ( 'NONE',  #5274 ) ;
#3234 = ORIENTED_EDGE ( 'NONE', *, *, #2963, .F. ) ;
#3235 = DIRECTION ( 'NONE',  ( 1.000000000000000000, 0.0000000000000000000, 0.0000000000000000000 ) ) ;
#3236 = LINE ( 'NONE', #5781, #1245 ) ;
#3237 = DIRECTION ( 'NONE',  ( 1.000000000000000000, 0.0000000000000000000, 0.0000000000000000000 ) ) ;
#3238 = CARTESIAN_POINT ( 'NONE',  ( 1.775000000000000133, 1.850000000000000089, 0.0000000000000000000 ) ) ;
#3239 = ADVANCED_FACE ( 'NONE', ( #4413 ), #93, .T. ) ;
#3240 = CARTESIAN_POINT ( 'NONE',  ( 4.375000000000000000, 1.850000000000000089, -1.474999999999999867 ) ) ;
#3241 = EDGE_CURVE ( 'NONE', #6924, #3777, #3255, .T. ) ;
#3242 = CARTESIAN_POINT ( 'NONE',  ( 3.235000000000000320, 1.850000000000000089, -2.024999999999999911 ) ) ;
#3243 = VECTOR ( 'NONE', #7398, 1000.000000000000114 ) ;
#3244 = AXIS2_PLACEMENT_3D ( 'NONE', #7336, #1689, #3935 ) ;
#3245 = ORIENTED_EDGE ( 'NONE', *, *, #475, .T. ) ;
#3246 = VECTOR ( 'NONE', #3260, 1000.000000000000000 ) ;
#3247 = ORIENTED_EDGE ( 'NONE', *, *, #502, .F. ) ;
#3248 = EDGE_LOOP ( 'NONE', ( #1152, #6362, #6650, #5097, #2301, #6279, #4705 ) ) ;
#3249 = CARTESIAN_POINT ( 'NONE',  ( -0.0000000000000000000, -0.001524999999999999880, 0.002075000000000000022 ) ) ;
#3250 = EDGE_CURVE ( 'NONE', #3938, #953, #661, .T. ) ;
#3251 = DIRECTION ( 'NONE',  ( 0.0000000000000000000, 0.0000000000000000000, -1.000000000000000000 ) ) ;
#3252 = DIRECTION ( 'NONE',  ( 1.000000000000000000, 0.0000000000000000000, 0.0000000000000000000 ) ) ;
#3253 = CARTESIAN_POINT ( 'NONE',  ( 0.5150000000000000133, 1.649999999999999911, -1.474999999999999867 ) ) ;
#3254 = EDGE_CURVE ( 'NONE', #2035, #1325, #5130, .T. ) ;
#3255 = LINE ( 'NONE', #787, #1265 ) ;
#3256 = ORIENTED_EDGE ( 'NONE', *, *, #814, .F. ) ;
#3257 = ORIENTED_EDGE ( 'NONE', *, *, #6554, .F. ) ;
#3258 = CARTESIAN_POINT ( 'NONE',  ( 4.775000000000000355, 1.950000000000002176, 1.375000000000006883 ) ) ;
#3259 = CARTESIAN_POINT ( 'NONE',  ( 0.5250000000000000222, 1.649999999999999911, -1.025000000000000133 ) ) ;
#3260 = DIRECTION ( 'NONE',  ( 0.0000000000000000000, 0.0000000000000000000, -1.000000000000000000 ) ) ;
#3261 =( NAMED_UNIT ( * ) PLANE_ANGLE_UNIT ( ) SI_UNIT ( $, .RADIAN. ) );
#3262 = VECTOR ( 'NONE', #4528, 1000.000000000000000 ) ;
#3263 = VERTEX_POINT ( 'NONE', #2528 ) ;
#3264 = DIRECTION ( 'NONE',  ( 0.0000000000000000000, 0.0000000000000000000, 1.000000000000000000 ) ) ;
#3265 = CARTESIAN_POINT ( 'NONE',  ( 3.225000000000000533, 1.850000000000000089, 2.024999999999999911 ) ) ;
#3266 = VECTOR ( 'NONE', #6583, 1000.000000000000000 ) ;
#3267 = CARTESIAN_POINT ( 'NONE',  ( 1.774999999999999911, 0.3500000000000000333, -2.024999999999999911 ) ) ;
#3268 = FACE_OUTER_BOUND ( 'NONE', #1289, .T. ) ;
#3269 = VERTEX_POINT ( 'NONE', #4787 ) ;
#3270 = ADVANCED_FACE ( 'NONE', ( #6996 ), #4837, .T. ) ;
#3271 = DIRECTION ( 'NONE',  ( 0.0000000000000000000, 0.0000000000000000000, -1.000000000000000000 ) ) ;
#3272 = DIRECTION ( 'NONE',  ( 1.000000000000000000, 0.0000000000000000000, -0.0000000000000000000 ) ) ;
#3273 = ORIENTED_EDGE ( 'NONE', *, *, #6932, .T. ) ;
#3274 = VERTEX_POINT ( 'NONE', #1329 ) ;
#3275 = AXIS2_PLACEMENT_3D ( 'NONE', #1040, #7246, #2200 ) ;
#3276 = VECTOR ( 'NONE', #5851, 1000.000000000000000 ) ;
#3277 = ORIENTED_EDGE ( 'NONE', *, *, #6227, .F. ) ;
#3278 = DIRECTION ( 'NONE',  ( 0.0000000000000000000, -1.000000000000000000, 0.0000000000000000000 ) ) ;
#3279 = DIRECTION ( 'NONE',  ( 0.0000000000000000000, 0.0000000000000000000, 1.000000000000000000 ) ) ;
#3280 = SURFACE_STYLE_FILL_AREA ( #6507 ) ;
#3281 = VECTOR ( 'NONE', #2432, 1000.000000000000000 ) ;
#3282 = AXIS2_PLACEMENT_3D ( 'NONE', #6012, #6584, #3157 ) ;
#3283 = DIRECTION ( 'NONE',  ( -1.000000000000000000, 0.0000000000000000000, 0.0000000000000000000 ) ) ;
#3284 = EDGE_LOOP ( 'NONE', ( #4560, #3311, #6238, #5427 ) ) ;
#3285 = VERTEX_POINT ( 'NONE', #2478 ) ;
#3286 = LINE ( 'NONE', #5937, #2662 ) ;
#3287 = FACE_OUTER_BOUND ( 'NONE', #5207, .T. ) ;
#3288 = EDGE_CURVE ( 'NONE', #2168, #1129, #3595, .T. ) ;
#3289 = VERTEX_POINT ( 'NONE', #5381 ) ;
#3290 = AXIS2_PLACEMENT_3D ( 'NONE', #138, #164, #4192 ) ;
#3291 = VECTOR ( 'NONE', #2792, 1000.000000000000000 ) ;
#3292 = DIRECTION ( 'NONE',  ( 0.0000000000000000000, 0.0000000000000000000, -1.000000000000000000 ) ) ;
#3293 = ORIENTED_EDGE ( 'NONE', *, *, #5717, .T. ) ;
#3294 = AXIS2_PLACEMENT_3D ( 'NONE', #1498, #2651, #2697 ) ;
#3295 = CARTESIAN_POINT ( 'NONE',  ( 3.325000000000000622, 1.850000000000000089, 2.024999999999999911 ) ) ;
#3296 = ORIENTED_EDGE ( 'NONE', *, *, #1268, .T. ) ;
#3297 = EDGE_CURVE ( 'NONE', #6991, #3483, #2091, .T. ) ;
#3298 = ORIENTED_EDGE ( 'NONE', *, *, #4108, .T. ) ;
#3299 = DIRECTION ( 'NONE',  ( 0.0000000000000000000, 0.0000000000000000000, -1.000000000000000000 ) ) ;
#3300 = DIRECTION ( 'NONE',  ( 0.0000000000000000000, 1.000000000000000000, 0.0000000000000000000 ) ) ;
#3301 =( NAMED_UNIT ( * ) PLANE_ANGLE_UNIT ( ) SI_UNIT ( $, .RADIAN. ) );
#3302 = EDGE_CURVE ( 'NONE', #421, #4670, #4691, .T. ) ;
#3303 =( LENGTH_UNIT ( ) NAMED_UNIT ( * ) SI_UNIT ( .MILLI., .METRE. ) );
#3304 = ADVANCED_FACE ( 'NONE', ( #6566 ), #2504, .F. ) ;
#3305 = DIRECTION ( 'NONE',  ( -0.0000000000000000000, 1.000000000000000000, 0.0000000000000000000 ) ) ;
#3306 = CARTESIAN_POINT ( 'NONE',  ( -2.375000000000000000, 3.149999999999999911, 2.024999999999999911 ) ) ;
#3307 = ORIENTED_EDGE ( 'NONE', *, *, #5938, .T. ) ;
#3308 = EDGE_CURVE ( 'NONE', #3068, #141, #3510, .T. ) ;
#3309 = VERTEX_POINT ( 'NONE', #4761 ) ;
#3310 = VERTEX_POINT ( 'NONE', #5880 ) ;
#3311 = ORIENTED_EDGE ( 'NONE', *, *, #7183, .T. ) ;
#3312 = SURFACE_SIDE_STYLE ('',( #3093 ) ) ;
#3313 = CARTESIAN_POINT ( 'NONE',  ( 2.075000000000000178, 1.850000000000000089, 2.024999999999999911 ) ) ;
#3314 = CARTESIAN_POINT ( 'NONE',  ( -0.5250000000000000222, 1.850000000000000089, 0.0000000000000000000 ) ) ;
#3315 = LINE ( 'NONE', #6917, #356 ) ;
#3316 = ORIENTED_EDGE ( 'NONE', *, *, #5920, .F. ) ;
#3317 = DIRECTION ( 'NONE',  ( 0.0000000000000000000, -1.000000000000000000, 0.0000000000000000000 ) ) ;
#3318 = AXIS2_PLACEMENT_3D ( 'NONE', #1033, #4980, #928 ) ;
#3319 = DIRECTION ( 'NONE',  ( 0.0000000000000000000, -0.6650335612228979176, -0.7468134723257140450 ) ) ;
#3320 = CARTESIAN_POINT ( 'NONE',  ( -0.7249999999999999778, 1.850000000000000089, -1.698606797699999893 ) ) ;
#3321 = VECTOR ( 'NONE', #4124, 1000.000000000000000 ) ;
#3322 = CARTESIAN_POINT ( 'NONE',  ( -1.375000000000000000, 3.750000000000000000, 2.024999999999999911 ) ) ;
#3323 = FACE_OUTER_BOUND ( 'NONE', #3839, .T. ) ;
#3324 =( NAMED_UNIT ( * ) SI_UNIT ( $, .STERADIAN. ) SOLID_ANGLE_UNIT ( ) );
#3325 =( NAMED_UNIT ( * ) PLANE_ANGLE_UNIT ( ) SI_UNIT ( $, .RADIAN. ) );
#3326 = EDGE_CURVE ( 'NONE', #1454, #2834, #375, .T. ) ;
#3327 = CARTESIAN_POINT ( 'NONE',  ( 3.015000000000000124, 1.850000000000000089, -2.024999999999999911 ) ) ;
#3328 = VERTEX_POINT ( 'NONE', #3030 ) ;
#3329 = VECTOR ( 'NONE', #1927, 1000.000000000000000 ) ;
#3330 = VERTEX_POINT ( 'NONE', #4739 ) ;
#3331 = ORIENTED_EDGE ( 'NONE', *, *, #5044, .F. ) ;
#3332 = PRESENTATION_LAYER_ASSIGNMENT (  '', '', ( #5110 ) ) ;
#3333 = ORIENTED_EDGE ( 'NONE', *, *, #2313, .F. ) ;
#3334 =( NAMED_UNIT ( * ) PLANE_ANGLE_UNIT ( ) SI_UNIT ( $, .RADIAN. ) );
#3335 = ADVANCED_FACE ( 'NONE', ( #2450 ), #113, .T. ) ;
#3336 = ORIENTED_EDGE ( 'NONE', *, *, #1718, .T. ) ;
#3337 = EDGE_CURVE ( 'NONE', #1200, #5818, #5046, .T. ) ;
#3338 = ORIENTED_EDGE ( 'NONE', *, *, #664, .F. ) ;
#3339 = DIRECTION ( 'NONE',  ( 0.0000000000000000000, -1.000000000000000000, 0.0000000000000000000 ) ) ;
#3340 = LINE ( 'NONE', #1554, #1456 ) ;
#3341 = EDGE_CURVE ( 'NONE', #5261, #3289, #3781, .T. ) ;
#3342 = VECTOR ( 'NONE', #7251, 1000.000000000000000 ) ;
#3343 = ORIENTED_EDGE ( 'NONE', *, *, #2582, .T. ) ;
#3344 = CARTESIAN_POINT ( 'NONE',  ( 0.07499999999999998335, 1.850000000000000089, -1.474999999999999867 ) ) ;
#3345 = CARTESIAN_POINT ( 'NONE',  ( 4.375000000000000000, 2.550000000000000266, -1.474999999999999867 ) ) ;
#3346 = CARTESIAN_POINT ( 'NONE',  ( -2.024999999999999911, 2.250000000000000000, -2.024999999999999911 ) ) ;
#3347 = VERTEX_POINT ( 'NONE', #5360 ) ;
#3348 = LINE ( 'NONE', #3212, #6925 ) ;
#3349 = VECTOR ( 'NONE', #6585, 1000.000000000000000 ) ;
#3350 = ORIENTED_EDGE ( 'NONE', *, *, #843, .F. ) ;
#3351 = DIRECTION ( 'NONE',  ( 0.0000000000000000000, 1.000000000000000000, 0.0000000000000000000 ) ) ;
#3352 = AXIS2_PLACEMENT_3D ( 'NONE', #4960, #3773, #3869 ) ;
#3353 = DIRECTION ( 'NONE',  ( -1.000000000000000000, 0.0000000000000000000, 0.0000000000000000000 ) ) ;
#3354 = EDGE_CURVE ( 'NONE', #951, #312, #5292, .T. ) ;
#3355 = EDGE_LOOP ( 'NONE', ( #326, #3499, #1872, #5365 ) ) ;
#3356 = ORIENTED_EDGE ( 'NONE', *, *, #4368, .F. ) ;
#3357 = LINE ( 'NONE', #2310, #3896 ) ;
#3358 = DIRECTION ( 'NONE',  ( 0.0000000000000000000, 0.0000000000000000000, -1.000000000000000000 ) ) ;
#3359 = FACE_OUTER_BOUND ( 'NONE', #3355, .T. ) ;
#3360 = DIRECTION ( 'NONE',  ( 0.0000000000000000000, 0.0000000000000000000, 1.000000000000000000 ) ) ;
#3361 = CARTESIAN_POINT ( 'NONE',  ( 5.000000000000000888, 4.240000000000000213, -0.07499999999999998335 ) ) ;
#3362 = ORIENTED_EDGE ( 'NONE', *, *, #2015, .T. ) ;
#3363 = ORIENTED_EDGE ( 'NONE', *, *, #3046, .F. ) ;
#3364 = VECTOR ( 'NONE', #155, 1000.000000000000000 ) ;
#3365 = VECTOR ( 'NONE', #2908, 1000.000000000000000 ) ;
#3366 = EDGE_CURVE ( 'NONE', #5362, #4818, #6649, .T. ) ;
#3367 = EDGE_LOOP ( 'NONE', ( #6223, #5421, #1601, #7337 ) ) ;
#3368 = ORIENTED_EDGE ( 'NONE', *, *, #109, .T. ) ;
#3369 = PLANE ( 'NONE',  #7170 ) ;
#3370 = ADVANCED_FACE ( 'NONE', ( #5853 ), #6262, .F. ) ;
#3371 = LINE ( 'NONE', #5324, #2581 ) ;
#3372 = LINE ( 'NONE', #159, #1497 ) ;
#3373 = STYLED_ITEM ( 'NONE', ( #3703 ), #2561 ) ;
#3374 = VECTOR ( 'NONE', #6301, 1000.000000000000000 ) ;
#3375 = ORIENTED_EDGE ( 'NONE', *, *, #4885, .F. ) ;
#3376 = UNCERTAINTY_MEASURE_WITH_UNIT (LENGTH_MEASURE( 1.000000000000000082E-05 ), #3751, 'distance_accuracy_value', 'NONE');
#3377 = CARTESIAN_POINT ( 'NONE',  ( 0.7249999999999999778, 0.0000000000000000000, 2.024999999999999911 ) ) ;
#3378 = EDGE_LOOP ( 'NONE', ( #7292, #2205, #3608, #4669, #5881, #2452, #7290, #4880 ) ) ;
#3379 = DIRECTION ( 'NONE',  ( -1.000000000000000000, 0.0000000000000000000, 0.0000000000000000000 ) ) ;
#3380 = DIRECTION ( 'NONE',  ( 0.0000000000000000000, 1.084202172485501673E-15, 1.000000000000000000 ) ) ;
#3381 = LINE ( 'NONE', #6077, #6082 ) ;
#3382 = EDGE_CURVE ( 'NONE', #4048, #4455, #5377, .T. ) ;
#3383 = EDGE_LOOP ( 'NONE', ( #5590, #1853, #6434, #1720 ) ) ;
#3384 = ADVANCED_FACE ( 'NONE', ( #81 ), #5805, .T. ) ;
#3385 = ORIENTED_EDGE ( 'NONE', *, *, #1515, .F. ) ;
#3386 = CARTESIAN_POINT ( 'NONE',  ( 5.000000000000000888, 4.240000000000000213, -2.024999999999999911 ) ) ;
#3387 = SURFACE_STYLE_FILL_AREA ( #1978 ) ;
#3388 = VERTEX_POINT ( 'NONE', #876 ) ;
#3389 = AXIS2_PLACEMENT_3D ( 'NONE', #2604, #1415, #2001 ) ;
#3390 = ORIENTED_EDGE ( 'NONE', *, *, #4284, .T. ) ;
#3391 = DIRECTION ( 'NONE',  ( 0.0000000000000000000, -1.000000000000000000, 0.0000000000000000000 ) ) ;
#3392 =( NAMED_UNIT ( * ) PLANE_ANGLE_UNIT ( ) SI_UNIT ( $, .RADIAN. ) );
#3393 = ORIENTED_EDGE ( 'NONE', *, *, #6069, .F. ) ;
#3394 =( NAMED_UNIT ( * ) SI_UNIT ( $, .STERADIAN. ) SOLID_ANGLE_UNIT ( ) );
#3395 = CARTESIAN_POINT ( 'NONE',  ( 4.975000000000000533, 3.599999999999999201, -0.07500000000000128786 ) ) ;
#3396 = CARTESIAN_POINT ( 'NONE',  ( -0.5250000000000000222, -0.6500000000000000222, -1.775000000000000133 ) ) ;
#3397 = MECHANICAL_DESIGN_GEOMETRIC_PRESENTATION_REPRESENTATION (  '', ( #4946 ), #1087 ) ;
#3398 = ORIENTED_EDGE ( 'NONE', *, *, #6945, .F. ) ;
#3399 = CARTESIAN_POINT ( 'NONE',  ( -2.274999999999999911, 8.673617379884035472E-15, -0.2250000000000008105 ) ) ;
#3400 = VECTOR ( 'NONE', #2453, 1000.000000000000000 ) ;
#3401 = EDGE_CURVE ( 'NONE', #3539, #6009, #3863, .T. ) ;
#3402 = CARTESIAN_POINT ( 'NONE',  ( 0.7249999999999999778, 1.000000000000000000, 0.0000000000000000000 ) ) ;
#3403 = AXIS2_PLACEMENT_3D ( 'NONE', #5960, #126, #5368 ) ;
#3404 = LINE ( 'NONE', #5030, #1715 ) ;
#3405 = CARTESIAN_POINT ( 'NONE',  ( 4.975000000000000533, 3.600000000000000089, -1.425000000000000933 ) ) ;
#3406 = PRESENTATION_STYLE_ASSIGNMENT (( #412 ) ) ;
#3407 = ADVANCED_FACE ( 'NONE', ( #1346, #5041, #7242, #5768, #6401 ), #4801, .F. ) ;
#3408 = CARTESIAN_POINT ( 'NONE',  ( -1.175000000000000044, 1.850000000000000089, -1.474999999999999867 ) ) ;
#3409 = VERTEX_POINT ( 'NONE', #289 ) ;
#3410 = DIRECTION ( 'NONE',  ( 0.0000000000000000000, 1.000000000000000000, 0.0000000000000000000 ) ) ;
#3411 = PRESENTATION_LAYER_ASSIGNMENT (  '', '', ( #3186 ) ) ;
#3412 = CARTESIAN_POINT ( 'NONE',  ( -0.5250000000000000222, 1.350000000000000089, 0.0000000000000000000 ) ) ;
#3413 = DIRECTION ( 'NONE',  ( 0.0000000000000000000, 1.000000000000000000, 0.0000000000000000000 ) ) ;
#3414 = LINE ( 'NONE', #5454, #7162 ) ;
#3415 = CARTESIAN_POINT ( 'NONE',  ( 0.5249999999999999112, 0.3500000000000000333, -2.024999999999999911 ) ) ;
#3416 = CARTESIAN_POINT ( 'NONE',  ( 3.225000000000000533, 1.850000000000000089, 2.024999999999999911 ) ) ;
#3417 = CARTESIAN_POINT ( 'NONE',  ( 3.225000000000000533, -0.6500000000000000222, -2.075000000000000178 ) ) ;
#3418 = LINE ( 'NONE', #7421, #2989 ) ;
#3419 = ORIENTED_EDGE ( 'NONE', *, *, #4249, .F. ) ;
#3420 = DIRECTION ( 'NONE',  ( 0.0000000000000000000, 1.000000000000000000, -3.295974604355814534E-17 ) ) ;
#3421 = ORIENTED_EDGE ( 'NONE', *, *, #449, .T. ) ;
#3422 = EDGE_CURVE ( 'NONE', #2515, #1185, #3680, .T. ) ;
#3423 = ORIENTED_EDGE ( 'NONE', *, *, #1567, .T. ) ;
#3424 = LINE ( 'NONE', #3345, #575 ) ;
#3425 = ORIENTED_EDGE ( 'NONE', *, *, #6188, .T. ) ;
#3426 = DIRECTION ( 'NONE',  ( 0.0000000000000000000, 0.0000000000000000000, 1.000000000000000000 ) ) ;
#3427 = DIRECTION ( 'NONE',  ( 0.0000000000000000000, -1.000000000000000000, 0.0000000000000000000 ) ) ;
#3428 = LINE ( 'NONE', #803, #742 ) ;
#3429 = ORIENTED_EDGE ( 'NONE', *, *, #369, .F. ) ;
#3430 = FACE_OUTER_BOUND ( 'NONE', #7355, .T. ) ;
#3431 = EDGE_CURVE ( 'NONE', #5456, #4166, #7073, .T. ) ;
#3432 = DIRECTION ( 'NONE',  ( -1.000000000000000000, 0.0000000000000000000, 0.0000000000000000000 ) ) ;
#3433 = ORIENTED_EDGE ( 'NONE', *, *, #5432, .F. ) ;
#3434 = EDGE_CURVE ( 'NONE', #7237, #6647, #2709, .T. ) ;
#3435 = LINE ( 'NONE', #5735, #195 ) ;
#3436 = VERTEX_POINT ( 'NONE', #1478 ) ;
#3437 = VERTEX_POINT ( 'NONE', #2037 ) ;
#3438 = ORIENTED_EDGE ( 'NONE', *, *, #5029, .F. ) ;
#3439 = DIRECTION ( 'NONE',  ( 1.000000000000000000, 0.0000000000000000000, 0.0000000000000000000 ) ) ;
#3440 = LINE ( 'NONE', #335, #7025 ) ;
#3441 = EDGE_CURVE ( 'NONE', #7076, #4283, #6559, .T. ) ;
#3442 = FILL_AREA_STYLE_COLOUR ( '', #319 ) ;
#3443 = LINE ( 'NONE', #6687, #1933 ) ;
#3444 = ORIENTED_EDGE ( 'NONE', *, *, #3060, .F. ) ;
#3445 = CARTESIAN_POINT ( 'NONE',  ( 3.225000000000000533, 0.3500000000000000333, -2.024999999999999911 ) ) ;
#3446 = ORIENTED_EDGE ( 'NONE', *, *, #7054, .F. ) ;
#3447 = EDGE_LOOP ( 'NONE', ( #4256, #4918, #1560, #6392 ) ) ;
#3448 = SURFACE_STYLE_USAGE ( .BOTH. , #5224 ) ;
#3449 = COLOUR_RGB ( '',1.000000000000000000, 1.000000000000000000, 1.000000000000000000 ) ;
#3450 = CARTESIAN_POINT ( 'NONE',  ( 1.975000000000000089, 0.3500000000000000333, -2.024999999999999911 ) ) ;
#3451 = DIRECTION ( 'NONE',  ( 0.0000000000000000000, 1.000000000000000000, 0.0000000000000000000 ) ) ;
#3452 = LINE ( 'NONE', #1489, #3021 ) ;
#3453 = DIRECTION ( 'NONE',  ( 0.0000000000000000000, 0.0000000000000000000, -1.000000000000000000 ) ) ;
#3454 = ADVANCED_FACE ( 'NONE', ( #6023 ), #4945, .F. ) ;
#3455 = ORIENTED_EDGE ( 'NONE', *, *, #4992, .F. ) ;
#3456 = ORIENTED_EDGE ( 'NONE', *, *, #1612, .T. ) ;
#3457 = CARTESIAN_POINT ( 'NONE',  ( 0.7349999999999999867, 1.850000000000000089, -1.025000000000000133 ) ) ;
#3458 = LINE ( 'NONE', #258, #4988 ) ;
#3459 = ORIENTED_EDGE ( 'NONE', *, *, #1939, .F. ) ;
#3460 = PLANE ( 'NONE',  #4240 ) ;
#3461 = FACE_OUTER_BOUND ( 'NONE', #5174, .T. ) ;
#3462 = CARTESIAN_POINT ( 'NONE',  ( 3.675000000000000266, 2.550000000000000266, -1.474999999999999867 ) ) ;
#3463 = ORIENTED_EDGE ( 'NONE', *, *, #3441, .T. ) ;
#3464 = VECTOR ( 'NONE', #4437, 1000.000000000000000 ) ;
#3465 = EDGE_LOOP ( 'NONE', ( #5769, #2213, #4078, #2172 ) ) ;
#3466 = CARTESIAN_POINT ( 'NONE',  ( 0.7349999999999999867, 1.649999999999999911, -1.698606797699999893 ) ) ;
#3467 = CARTESIAN_POINT ( 'NONE',  ( -1.875000000000000000, 2.550000000000000266, -1.474999999999999867 ) ) ;
#3468 = EDGE_CURVE ( 'NONE', #2136, #2006, #6639, .T. ) ;
#3469 = DIRECTION ( 'NONE',  ( -0.0000000000000000000, -1.000000000000000000, -3.219646771412953967E-15 ) ) ;
#3470 = CARTESIAN_POINT ( 'NONE',  ( 3.325000000000000622, 1.649999999999999911, 2.024999999999999911 ) ) ;
#3471 = DIRECTION ( 'NONE',  ( 0.0000000000000000000, 1.000000000000000000, -2.148487149506095815E-16 ) ) ;
#3472 = CARTESIAN_POINT ( 'NONE',  ( 1.975000000000000089, -0.004464445899999999919, 0.003975566199999999890 ) ) ;
#3473 = ORIENTED_EDGE ( 'NONE', *, *, #5796, .F. ) ;
#3474 = VECTOR ( 'NONE', #1687, 1000.000000000000000 ) ;
#3475 = EDGE_LOOP ( 'NONE', ( #4591, #5311, #1599, #5023 ) ) ;
#3476 = ORIENTED_EDGE ( 'NONE', *, *, #6898, .F. ) ;
#3477 = DIRECTION ( 'NONE',  ( 0.0000000000000000000, 0.0000000000000000000, 1.000000000000000000 ) ) ;
#3478 = CARTESIAN_POINT ( 'NONE',  ( -1.375000000000000000, 3.750000000000000000, 0.02500000000000000139 ) ) ;
#3479 = PLANE ( 'NONE',  #84 ) ;
#3480 = CARTESIAN_POINT ( 'NONE',  ( -1.175000000000000044, 2.550000000000000266, -1.474999999999999867 ) ) ;
#3481 = EDGE_CURVE ( 'NONE', #6447, #1097, #7159, .T. ) ;
#3482 = ORIENTED_EDGE ( 'NONE', *, *, #3120, .F. ) ;
#3483 = VERTEX_POINT ( 'NONE', #4745 ) ;
#3484 = DIRECTION ( 'NONE',  ( -1.000000000000000000, 0.0000000000000000000, 0.0000000000000000000 ) ) ;
#3485 = ADVANCED_FACE ( 'NONE', ( #3948 ), #768, .F. ) ;
#3486 = EDGE_CURVE ( 'NONE', #3263, #7407, #7325, .T. ) ;
#3487 = ORIENTED_EDGE ( 'NONE', *, *, #4949, .T. ) ;
#3488 = FACE_OUTER_BOUND ( 'NONE', #791, .T. ) ;
#3489 = VERTEX_POINT ( 'NONE', #1859 ) ;
#3490 = EDGE_CURVE ( 'NONE', #2227, #4818, #4499, .T. ) ;
#3491 = ORIENTED_EDGE ( 'NONE', *, *, #73, .T. ) ;
#3492 = CARTESIAN_POINT ( 'NONE',  ( -0.4249999999999999889, 1.649999999999999911, 2.024999999999999911 ) ) ;
#3493 = DIRECTION ( 'NONE',  ( 1.000000000000000000, 0.0000000000000000000, -0.0000000000000000000 ) ) ;
#3494 = SURFACE_SIDE_STYLE ('',( #2805 ) ) ;
#3495 = VECTOR ( 'NONE', #1619, 1000.000000000000000 ) ;
#3496 = CARTESIAN_POINT ( 'NONE',  ( -0.5150000000000000133, 1.000000000000000000, -1.525000000000000133 ) ) ;
#3497 = AXIS2_PLACEMENT_3D ( 'NONE', #5575, #941, #6196 ) ;
#3498 = EDGE_CURVE ( 'NONE', #7119, #574, #899, .T. ) ;
#3499 = ORIENTED_EDGE ( 'NONE', *, *, #3434, .F. ) ;
#3500 = PLANE ( 'NONE',  #2244 ) ;
#3501 = VECTOR ( 'NONE', #7136, 1000.000000000000000 ) ;
#3502 = VERTEX_POINT ( 'NONE', #1358 ) ;
#3503 = DIRECTION ( 'NONE',  ( 0.0000000000000000000, -1.339206523454102177E-15, -1.000000000000000000 ) ) ;
#3504 = FACE_OUTER_BOUND ( 'NONE', #143, .T. ) ;
#3505 = ORIENTED_EDGE ( 'NONE', *, *, #5331, .T. ) ;
#3506 = VECTOR ( 'NONE', #670, 1000.000000000000000 ) ;
#3507 = EDGE_CURVE ( 'NONE', #574, #5137, #4868, .T. ) ;
#3508 = MANIFOLD_SOLID_BREP ( 'Combine3', #529 ) ;
#3509 = ORIENTED_EDGE ( 'NONE', *, *, #2155, .T. ) ;
#3510 = LINE ( 'NONE', #761, #176 ) ;
#3511 = VERTEX_POINT ( 'NONE', #3545 ) ;
#3512 = DIRECTION ( 'NONE',  ( -1.000000000000000000, 0.0000000000000000000, 0.0000000000000000000 ) ) ;
#3513 = AXIS2_PLACEMENT_3D ( 'NONE', #1905, #5915, #5370 ) ;
#3514 = CARTESIAN_POINT ( 'NONE',  ( 3.875000000000000444, 3.750000000000000000, 2.024999999999999911 ) ) ;
#3515 = DIRECTION ( 'NONE',  ( -1.000000000000000000, 0.0000000000000000000, 0.0000000000000000000 ) ) ;
#3516 = CARTESIAN_POINT ( 'NONE',  ( 1.975000000000000089, 0.5000000000000000000, 0.0000000000000000000 ) ) ;
#3517 = VECTOR ( 'NONE', #1468, 1000.000000000000114 ) ;
#3518 = PLANE ( 'NONE',  #714 ) ;
#3519 = CARTESIAN_POINT ( 'NONE',  ( 1.975000000000000089, 0.3499999999999999778, -2.075000000000000178 ) ) ;
#3520 = VECTOR ( 'NONE', #1532, 1000.000000000000000 ) ;
#3521 = ORIENTED_EDGE ( 'NONE', *, *, #3116, .T. ) ;
#3522 = EDGE_CURVE ( 'NONE', #7209, #2523, #270, .T. ) ;
#3523 = VECTOR ( 'NONE', #7044, 1000.000000000000000 ) ;
#3524 = PLANE ( 'NONE',  #2421 ) ;
#3525 = ADVANCED_FACE ( 'NONE', ( #3504 ), #5933, .F. ) ;
#3526 = VERTEX_POINT ( 'NONE', #1881 ) ;
#3527 = PRESENTATION_LAYER_ASSIGNMENT (  '', '', ( #977 ) ) ;
#3528 = VECTOR ( 'NONE', #604, 1000.000000000000000 ) ;
#3529 = DIRECTION ( 'NONE',  ( 0.0000000000000000000, 1.000000000000000000, 0.0000000000000000000 ) ) ;
#3530 = DIRECTION ( 'NONE',  ( 1.000000000000000000, 0.0000000000000000000, 0.0000000000000000000 ) ) ;
#3531 = VERTEX_POINT ( 'NONE', #98 ) ;
#3532 = EDGE_CURVE ( 'NONE', #3143, #6728, #988, .T. ) ;
#3533 = VECTOR ( 'NONE', #2945, 1000.000000000000000 ) ;
#3534 = SURFACE_STYLE_FILL_AREA ( #7059 ) ;
#3535 = DIRECTION ( 'NONE',  ( 1.000000000000000000, 0.0000000000000000000, 0.0000000000000000000 ) ) ;
#3536 = DIRECTION ( 'NONE',  ( 0.0000000000000000000, 0.0000000000000000000, 1.000000000000000000 ) ) ;
#3537 = DIRECTION ( 'NONE',  ( 1.000000000000000000, 0.0000000000000000000, 0.0000000000000000000 ) ) ;
#3538 = DIRECTION ( 'NONE',  ( -1.000000000000000000, 0.0000000000000000000, 0.0000000000000000000 ) ) ;
#3539 = VERTEX_POINT ( 'NONE', #149 ) ;
#3540 = EDGE_CURVE ( 'NONE', #3263, #6647, #77, .T. ) ;
#3541 = CARTESIAN_POINT ( 'NONE',  ( -1.875000000000000000, 0.5000000000000000000, -1.474999999999999867 ) ) ;
#3542 = VECTOR ( 'NONE', #7139, 1000.000000000000000 ) ;
#3543 = ORIENTED_EDGE ( 'NONE', *, *, #7117, .F. ) ;
#3544 = VECTOR ( 'NONE', #3873, 1000.000000000000000 ) ;
#3545 = CARTESIAN_POINT ( 'NONE',  ( 0.7349999999999999867, 1.649999999999999911, -1.025000000000000133 ) ) ;
#3547 = PLANE ( 'NONE',  #3403 ) ;
#3546 = AXIS2_PLACEMENT_3D ( 'NONE', #1327, #5329, #1970 ) ;
#3548 = ORIENTED_EDGE ( 'NONE', *, *, #3787, .T. ) ;
#3549 = DIRECTION ( 'NONE',  ( 0.0000000000000000000, -1.000000000000000000, 0.0000000000000000000 ) ) ;
#3550 = VECTOR ( 'NONE', #3806, 1000.000000000000000 ) ;
#3551 = ORIENTED_EDGE ( 'NONE', *, *, #5994, .T. ) ;
#3552 = LINE ( 'NONE', #5947, #7032 ) ;
#3553 = ORIENTED_EDGE ( 'NONE', *, *, #5257, .F. ) ;
#3554 = ORIENTED_EDGE ( 'NONE', *, *, #296, .T. ) ;
#3555 = VECTOR ( 'NONE', #1104, 1000.000000000000000 ) ;
#3556 = CARTESIAN_POINT ( 'NONE',  ( 1.975000000000000089, 0.0000000000000000000, -2.024999999999999911 ) ) ;
#3557 = ORIENTED_EDGE ( 'NONE', *, *, #3882, .T. ) ;
#3558 = ADVANCED_FACE ( 'NONE', ( #5556 ), #6450, .T. ) ;
#3559 = CARTESIAN_POINT ( 'NONE',  ( 1.984999999999999876, 1.649999999999999911, -1.025000000000000133 ) ) ;
#3560 = FACE_OUTER_BOUND ( 'NONE', #2399, .T. ) ;
#3561 = EDGE_LOOP ( 'NONE', ( #6456, #3446, #865, #1401 ) ) ;
#3562 = EDGE_CURVE ( 'NONE', #3660, #80, #5200, .T. ) ;
#3563 = PLANE ( 'NONE',  #4968 ) ;
#3564 = DIRECTION ( 'NONE',  ( -0.0000000000000000000, 1.000000000000000000, -0.0000000000000000000 ) ) ;
#3565 = DIRECTION ( 'NONE',  ( -1.000000000000000000, 0.0000000000000000000, 0.0000000000000000000 ) ) ;
#3566 = CARTESIAN_POINT ( 'NONE',  ( -0.5250000000000000222, 1.350000000000000089, 1.525000000000000133 ) ) ;
#3567 = PLANE ( 'NONE',  #6767 ) ;
#3568 = EDGE_LOOP ( 'NONE', ( #5581, #4979, #241, #1750 ) ) ;
#3569 =( GEOMETRIC_REPRESENTATION_CONTEXT ( 3 ) GLOBAL_UNCERTAINTY_ASSIGNED_CONTEXT ( ( #7163 ) ) GLOBAL_UNIT_ASSIGNED_CONTEXT ( ( #5127, #5708, #7319 ) ) REPRESENTATION_CONTEXT ( 'NONE', 'WORKASPACE' ) );
#3570 = DIRECTION ( 'NONE',  ( 0.0000000000000000000, 0.6650335612228979176, -0.7468134723257140450 ) ) ;
#3571 = ORIENTED_EDGE ( 'NONE', *, *, #4353, .T. ) ;
#3572 = CARTESIAN_POINT ( 'NONE',  ( 0.7249999999999999778, 1.000000000000000000, -1.525000000000000133 ) ) ;
#3573 = DIRECTION ( 'NONE',  ( 0.0000000000000000000, -1.000000000000000000, 0.0000000000000000000 ) ) ;
#3574 = DIRECTION ( 'NONE',  ( 1.000000000000000000, 0.0000000000000000000, 0.0000000000000000000 ) ) ;
#3575 = EDGE_CURVE ( 'NONE', #3777, #2564, #370, .T. ) ;
#3576 = EDGE_LOOP ( 'NONE', ( #5782, #179, #4685, #1133 ) ) ;
#3577 = VECTOR ( 'NONE', #4169, 1000.000000000000000 ) ;
#3578 = EDGE_CURVE ( 'NONE', #2515, #6702, #1987, .T. ) ;
#3579 = LINE ( 'NONE', #6984, #6981 ) ;
#3580 = VECTOR ( 'NONE', #5588, 1000.000000000000000 ) ;
#3581 = EDGE_CURVE ( 'NONE', #3752, #1514, #3675, .T. ) ;
#3582 = FILL_AREA_STYLE ('',( #4161 ) ) ;
#3583 = DIRECTION ( 'NONE',  ( 0.0000000000000000000, -1.000000000000000000, -3.219646771412953967E-15 ) ) ;
#3584 = ORIENTED_EDGE ( 'NONE', *, *, #2449, .T. ) ;
#3585 = EDGE_LOOP ( 'NONE', ( #2519, #2220, #2629, #4621 ) ) ;
#3586 = PRESENTATION_STYLE_ASSIGNMENT (( #3780 ) ) ;
#3587 = ORIENTED_EDGE ( 'NONE', *, *, #3765, .F. ) ;
#3588 = EDGE_CURVE ( 'NONE', #2834, #4101, #265, .T. ) ;
#3589 = ORIENTED_EDGE ( 'NONE', *, *, #651, .F. ) ;
#3590 = UNCERTAINTY_MEASURE_WITH_UNIT (LENGTH_MEASURE( 1.000000000000000082E-05 ), #7195, 'distance_accuracy_value', 'NONE');
#3591 =( NAMED_UNIT ( * ) SI_UNIT ( $, .STERADIAN. ) SOLID_ANGLE_UNIT ( ) );
#3592 = FACE_OUTER_BOUND ( 'NONE', #7190, .T. ) ;
#3593 = DIRECTION ( 'NONE',  ( -1.000000000000000000, 0.0000000000000000000, 0.0000000000000000000 ) ) ;
#3594 = PLANE ( 'NONE',  #2800 ) ;
#3595 = LINE ( 'NONE', #7033, #1904 ) ;
#3596 = EDGE_LOOP ( 'NONE', ( #6345, #2447, #1340, #2097 ) ) ;
#3597 = ORIENTED_EDGE ( 'NONE', *, *, #1217, .F. ) ;
#3598 = ADVANCED_FACE ( 'NONE', ( #561, #4220, #6474, #4950 ), #6165, .F. ) ;
#3599 = MECHANICAL_DESIGN_GEOMETRIC_PRESENTATION_REPRESENTATION (  '', ( #5674 ), #1155 ) ;
#3600 = ORIENTED_EDGE ( 'NONE', *, *, #3620, .T. ) ;
#3601 = LINE ( 'NONE', #5653, #1459 ) ;
#3602 = ORIENTED_EDGE ( 'NONE', *, *, #6834, .F. ) ;
#3603 = EDGE_CURVE ( 'NONE', #2043, #59, #2169, .T. ) ;
#3604 = PRESENTATION_STYLE_ASSIGNMENT (( #5501 ) ) ;
#3605 = CARTESIAN_POINT ( 'NONE',  ( 5.375000000000000000, 1.000000000000000000, -2.024999999999999911 ) ) ;
#3606 = PRESENTATION_LAYER_ASSIGNMENT (  '', '', ( #1169 ) ) ;
#3607 = CARTESIAN_POINT ( 'NONE',  ( -1.375000000000000000, 3.750000000000000000, -2.024999999999999911 ) ) ;
#3608 = ORIENTED_EDGE ( 'NONE', *, *, #3976, .F. ) ;
#3609 = DIRECTION ( 'NONE',  ( -0.0000000000000000000, 0.7468134723257140450, 0.6650335612228979176 ) ) ;
#3610 = CARTESIAN_POINT ( 'NONE',  ( -0.5250000000000000222, 0.05000000000000002359, -1.775000000000000133 ) ) ;
#3611 = CARTESIAN_POINT ( 'NONE',  ( 0.5250000000000000222, 0.5000000000000000000, 2.024999999999999911 ) ) ;
#3612 = LINE ( 'NONE', #5762, #6497 ) ;
#3613 = EDGE_CURVE ( 'NONE', #242, #3938, #1897, .T. ) ;
#3614 = CARTESIAN_POINT ( 'NONE',  ( -0.7249999999999999778, 0.3500000000000000333, -2.024999999999999911 ) ) ;
#3615 = CARTESIAN_POINT ( 'NONE',  ( -1.175000000000000044, 1.850000000000000089, 2.024999999999999911 ) ) ;
#3616 = ORIENTED_EDGE ( 'NONE', *, *, #109, .F. ) ;
#3617 = VECTOR ( 'NONE', #4139, 1000.000000000000000 ) ;
#3618 = CARTESIAN_POINT ( 'NONE',  ( 1.975000000000000089, 0.0000000000000000000, -1.525000000000000133 ) ) ;
#3620 = EDGE_CURVE ( 'NONE', #3531, #1796, #5758, .T. ) ;
#3619 = LINE ( 'NONE', #1719, #3716 ) ;
#3621 = VERTEX_POINT ( 'NONE', #6193 ) ;
#3622 = FACE_OUTER_BOUND ( 'NONE', #696, .T. ) ;
#3623 = ORIENTED_EDGE ( 'NONE', *, *, #1092, .F. ) ;
#3624 = ORIENTED_EDGE ( 'NONE', *, *, #6665, .F. ) ;
#3625 = LINE ( 'NONE', #5652, #4723 ) ;
#3626 =( NAMED_UNIT ( * ) SI_UNIT ( $, .STERADIAN. ) SOLID_ANGLE_UNIT ( ) );
#3627 = ORIENTED_EDGE ( 'NONE', *, *, #5931, .T. ) ;
#3628 = ORIENTED_EDGE ( 'NONE', *, *, #6529, .F. ) ;
#3629 = ORIENTED_EDGE ( 'NONE', *, *, #3498, .F. ) ;
#3630 = AXIS2_PLACEMENT_3D ( 'NONE', #6524, #3140, #7068 ) ;
#3631 = LINE ( 'NONE', #1389, #611 ) ;
#3632 = ADVANCED_FACE ( 'NONE', ( #7238 ), #4963, .F. ) ;
#3633 = DIRECTION ( 'NONE',  ( 0.0000000000000000000, 0.0000000000000000000, 1.000000000000000000 ) ) ;
#3634 = LINE ( 'NONE', #6703, #5330 ) ;
#3635 = DIRECTION ( 'NONE',  ( 0.0000000000000000000, -1.000000000000000000, 0.0000000000000000000 ) ) ;
#3636 = SURFACE_STYLE_USAGE ( .BOTH. , #144 ) ;
#3637 = VERTEX_POINT ( 'NONE', #394 ) ;
#3638 = ORIENTED_EDGE ( 'NONE', *, *, #2855, .T. ) ;
#3639 = LINE ( 'NONE', #7092, #1679 ) ;
#3640 = CARTESIAN_POINT ( 'NONE',  ( 1.975000000000000089, 1.850000000000000089, 2.024999999999999911 ) ) ;
#3641 = ORIENTED_EDGE ( 'NONE', *, *, #4835, .F. ) ;
#3642 = CARTESIAN_POINT ( 'NONE',  ( 2.075000000000000178, 1.850000000000000089, -1.698606797699999893 ) ) ;
#3643 = DIRECTION ( 'NONE',  ( -0.0000000000000000000, -1.000000000000000000, -0.0000000000000000000 ) ) ;
#3644 = ORIENTED_EDGE ( 'NONE', *, *, #2458, .F. ) ;
#3645 = VECTOR ( 'NONE', #6516, 1000.000000000000000 ) ;
#3646 = EDGE_LOOP ( 'NONE', ( #3844, #64, #3356, #5020, #3865, #2991, #1979, #3641 ) ) ;
#3647 = ORIENTED_EDGE ( 'NONE', *, *, #5181, .T. ) ;
#3648 = EDGE_CURVE ( 'NONE', #1086, #5340, #3061, .T. ) ;
#3649 = CARTESIAN_POINT ( 'NONE',  ( 4.375000000000000000, 3.149999999999999911, -2.024999999999999911 ) ) ;
#3650 = AXIS2_PLACEMENT_3D ( 'NONE', #6444, #5835, #2975 ) ;
#3651 = ORIENTED_EDGE ( 'NONE', *, *, #1561, .F. ) ;
#3652 = DIRECTION ( 'NONE',  ( -0.0000000000000000000, 1.000000000000000000, 0.0000000000000000000 ) ) ;
#3653 = VERTEX_POINT ( 'NONE', #4406 ) ;
#3654 = PLANE ( 'NONE',  #849 ) ;
#3655 = EDGE_CURVE ( 'NONE', #2246, #2542, #7069, .T. ) ;
#3656 =( LENGTH_UNIT ( ) NAMED_UNIT ( * ) SI_UNIT ( .MILLI., .METRE. ) );
#3657 = CARTESIAN_POINT ( 'NONE',  ( -0.5250000000000000222, 0.0000000000000000000, -1.525000000000000133 ) ) ;
#3658 = FILL_AREA_STYLE_COLOUR ( '', #3854 ) ;
#3659 = VECTOR ( 'NONE', #7063, 1000.000000000000000 ) ;
#3660 = VERTEX_POINT ( 'NONE', #7298 ) ;
#3661 = ORIENTED_EDGE ( 'NONE', *, *, #4070, .T. ) ;
#3662 = PRESENTATION_LAYER_ASSIGNMENT (  '', '', ( #5070 ) ) ;
#3663 = DIRECTION ( 'NONE',  ( -1.000000000000000000, 0.0000000000000000000, 0.0000000000000000000 ) ) ;
#3664 = CARTESIAN_POINT ( 'NONE',  ( 4.775000000000000355, 0.0000000000000000000, 2.024999999999999911 ) ) ;
#3665 = VECTOR ( 'NONE', #579, 1000.000000000000000 ) ;
#3666 = DIRECTION ( 'NONE',  ( 0.0000000000000000000, -1.000000000000000000, 0.0000000000000000000 ) ) ;
#3667 = CARTESIAN_POINT ( 'NONE',  ( 0.5250000000000000222, 0.5000000000000000000, 0.0000000000000000000 ) ) ;
#3668 = EDGE_CURVE ( 'NONE', #7166, #5256, #4035, .T. ) ;
#3669 = PLANE ( 'NONE',  #7036 ) ;
#3670 = ADVANCED_FACE ( 'NONE', ( #1438 ), #2078, .T. ) ;
#3671 = ORIENTED_EDGE ( 'NONE', *, *, #4005, .F. ) ;
#3672 = PLANE ( 'NONE',  #3352 ) ;
#3673 = CARTESIAN_POINT ( 'NONE',  ( 4.975000000000000533, 3.599999999999999201, -0.07500000000000128786 ) ) ;
#3674 = EDGE_CURVE ( 'NONE', #3347, #2542, #169, .T. ) ;
#3675 = LINE ( 'NONE', #3871, #1721 ) ;
#3676 = EDGE_LOOP ( 'NONE', ( #1966, #4752, #6265, #1788 ) ) ;
#3677 = DIRECTION ( 'NONE',  ( 0.0000000000000000000, -1.000000000000000000, 0.0000000000000000000 ) ) ;
#3678 = ORIENTED_EDGE ( 'NONE', *, *, #1524, .T. ) ;
#3679 = EDGE_CURVE ( 'NONE', #6367, #5898, #807, .T. ) ;
#3680 = LINE ( 'NONE', #3165, #1178 ) ;
#3681 = VERTEX_POINT ( 'NONE', #5985 ) ;
#3682 = ORIENTED_EDGE ( 'NONE', *, *, #1634, .F. ) ;
#3683 = CARTESIAN_POINT ( 'NONE',  ( -0.5150000000000000133, 1.850000000000000089, -2.024999999999999911 ) ) ;
#3684 = CARTESIAN_POINT ( 'NONE',  ( -0.7349999999999999867, 1.850000000000000089, -1.025000000000000133 ) ) ;
#3685 = PLANE ( 'NONE',  #647 ) ;
#3686 = LINE ( 'NONE', #6841, #5477 ) ;
#3687 = DIRECTION ( 'NONE',  ( 0.0000000000000000000, -1.000000000000000000, 0.0000000000000000000 ) ) ;
#3688 = SURFACE_SIDE_STYLE ('',( #7226 ) ) ;
#3689 = FILL_AREA_STYLE_COLOUR ( '', #3700 ) ;
#3690 = PRESENTATION_STYLE_ASSIGNMENT (( #4638 ) ) ;
#3691 = ORIENTED_EDGE ( 'NONE', *, *, #4057, .F. ) ;
#3692 = DIRECTION ( 'NONE',  ( 0.0000000000000000000, -1.000000000000000000, 0.0000000000000000000 ) ) ;
#3693 = DIRECTION ( 'NONE',  ( -0.0000000000000000000, 1.000000000000000000, 0.0000000000000000000 ) ) ;
#3694 = CARTESIAN_POINT ( 'NONE',  ( 1.675000000000000044, 1.649999999999999911, -1.698606797699999893 ) ) ;
#3695 = SURFACE_SIDE_STYLE ('',( #5228 ) ) ;
#3696 = CARTESIAN_POINT ( 'NONE',  ( 0.7249999999999999778, 0.5000000000000000000, 0.0000000000000000000 ) ) ;
#3697 = VERTEX_POINT ( 'NONE', #2557 ) ;
#3698 = AXIS2_PLACEMENT_3D ( 'NONE', #3141, #7188, #7122 ) ;
#3699 = CARTESIAN_POINT ( 'NONE',  ( 3.024999999999999911, 0.05000000000000002359, -1.775000000000000133 ) ) ;
#3700 = COLOUR_RGB ( '',1.000000000000000000, 1.000000000000000000, 1.000000000000000000 ) ;
#3701 = CARTESIAN_POINT ( 'NONE',  ( -0.7249999999999999778, 0.0000000000000000000, 2.024999999999999911 ) ) ;
#3702 = CARTESIAN_POINT ( 'NONE',  ( -2.875000000000000000, 4.250000000000000000, -0.02500000000000000139 ) ) ;
#3703 = PRESENTATION_STYLE_ASSIGNMENT (( #3185 ) ) ;
#3704 = ORIENTED_EDGE ( 'NONE', *, *, #5544, .F. ) ;
#3705 = EDGE_CURVE ( 'NONE', #2270, #6367, #6304, .T. ) ;
#3706 = ORIENTED_EDGE ( 'NONE', *, *, #3562, .F. ) ;
#3707 = LINE ( 'NONE', #12, #5877 ) ;
#3708 = ADVANCED_FACE ( 'NONE', ( #3853 ), #3130, .T. ) ;
#3709 = AXIS2_PLACEMENT_3D ( 'NONE', #5126, #582, #1706 ) ;
#3710 = DIRECTION ( 'NONE',  ( 0.0000000000000000000, -1.000000000000000000, -3.219646771412953967E-15 ) ) ;
#3711 = CARTESIAN_POINT ( 'NONE',  ( 4.975000000000000533, 4.249999999999992895, -0.07499999999999976130 ) ) ;
#3712 = CARTESIAN_POINT ( 'NONE',  ( -2.375000000000000000, 3.750000000000000000, 2.024999999999999911 ) ) ;
#3713 = EDGE_LOOP ( 'NONE', ( #1693, #2739, #5354, #5659 ) ) ;
#3714 = ORIENTED_EDGE ( 'NONE', *, *, #252, .F. ) ;
#3715 = LINE ( 'NONE', #3000, #3617 ) ;
#3716 = VECTOR ( 'NONE', #4626, 1000.000000000000000 ) ;
#3717 = VECTOR ( 'NONE', #675, 1000.000000000000000 ) ;
#3718 = EDGE_CURVE ( 'NONE', #3722, #473, #2353, .T. ) ;
#3719 =( LENGTH_UNIT ( ) NAMED_UNIT ( * ) SI_UNIT ( .MILLI., .METRE. ) );
#3720 = CARTESIAN_POINT ( 'NONE',  ( 3.235000000000000320, 1.000000000000000000, -1.025000000000000133 ) ) ;
#3721 = VERTEX_POINT ( 'NONE', #2002 ) ;
#3722 = VERTEX_POINT ( 'NONE', #343 ) ;
#3723 = DIRECTION ( 'NONE',  ( 0.0000000000000000000, 1.000000000000000000, 0.0000000000000000000 ) ) ;
#3724 = EDGE_CURVE ( 'NONE', #1129, #6055, #4307, .T. ) ;
#3725 = VECTOR ( 'NONE', #4076, 1000.000000000000000 ) ;
#3726 = DIRECTION ( 'NONE',  ( -1.000000000000000000, 0.0000000000000000000, 0.0000000000000000000 ) ) ;
#3727 = VERTEX_POINT ( 'NONE', #6093 ) ;
#3728 = FACE_OUTER_BOUND ( 'NONE', #6911, .T. ) ;
#3729 = VECTOR ( 'NONE', #4565, 1000.000000000000000 ) ;
#3730 = FILL_AREA_STYLE ('',( #1986 ) ) ;
#3731 = ORIENTED_EDGE ( 'NONE', *, *, #3655, .F. ) ;
#3732 = ORIENTED_EDGE ( 'NONE', *, *, #2052, .F. ) ;
#3733 = ORIENTED_EDGE ( 'NONE', *, *, #5764, .T. ) ;
#3734 = CARTESIAN_POINT ( 'NONE',  ( 4.975000000000000533, 1.999999999999997780, -2.075000000000008615 ) ) ;
#3735 = LINE ( 'NONE', #1172, #2222 ) ;
#3736 = CARTESIAN_POINT ( 'NONE',  ( -2.500000000000000000, 4.240000000000000213, 2.024999999999999911 ) ) ;
#3737 = FACE_OUTER_BOUND ( 'NONE', #5941, .T. ) ;
#3738 = LINE ( 'NONE', #2867, #131 ) ;
#3739 = EDGE_LOOP ( 'NONE', ( #1815, #37, #4628, #935, #1431, #2839, #6205, #1275, #5005, #4464, #2104, #5939, #6602, #2918, #3206, #5461, #4315, #2733, #4928, #6395, #2343, #2833, #4024, #1644, #480, #7391, #6340, #998, #7042, #254, #3022, #243, #1797, #127, #5724, #1929, #426, #301, #431, #2328 ) ) ;
#3740 = AXIS2_PLACEMENT_3D ( 'NONE', #5103, #5741, #5449 ) ;
#3741 = ORIENTED_EDGE ( 'NONE', *, *, #204, .F. ) ;
#3742 = EDGE_CURVE ( 'NONE', #6933, #2844, #7318, .T. ) ;
#3743 = DIRECTION ( 'NONE',  ( 0.0000000000000000000, 0.0000000000000000000, -1.000000000000000000 ) ) ;
#3744 = SURFACE_STYLE_FILL_AREA ( #2125 ) ;
#3745 = ORIENTED_EDGE ( 'NONE', *, *, #3507, .F. ) ;
#3746 = DIRECTION ( 'NONE',  ( 0.0000000000000000000, 0.0000000000000000000, -1.000000000000000000 ) ) ;
#3747 = DIRECTION ( 'NONE',  ( 1.000000000000000000, 0.0000000000000000000, 0.0000000000000000000 ) ) ;
#3748 = UNCERTAINTY_MEASURE_WITH_UNIT (LENGTH_MEASURE( 1.000000000000000082E-05 ), #909, 'distance_accuracy_value', 'NONE');
#3749 = CARTESIAN_POINT ( 'NONE',  ( 1.775000000000000133, 1.350000000000000089, 0.0000000000000000000 ) ) ;
#3750 = ORIENTED_EDGE ( 'NONE', *, *, #4314, .F. ) ;
#3751 =( LENGTH_UNIT ( ) NAMED_UNIT ( * ) SI_UNIT ( .MILLI., .METRE. ) );
#3752 = VERTEX_POINT ( 'NONE', #2605 ) ;
#3753 = ORIENTED_EDGE ( 'NONE', *, *, #3856, .T. ) ;
#3754 = CARTESIAN_POINT ( 'NONE',  ( 4.125000000000000000, 1.000000000000000000, -1.525000000000000133 ) ) ;
#3755 = CARTESIAN_POINT ( 'NONE',  ( 3.325000000000000622, 1.649999999999999911, -1.025000000000000133 ) ) ;
#3756 = CARTESIAN_POINT ( 'NONE',  ( 2.925000000000000266, 1.850000000000000089, -1.474999999999999867 ) ) ;
#3757 = CARTESIAN_POINT ( 'NONE',  ( 4.956138830084189095, 2.250000000000000000, -0.4749999999999999778 ) ) ;
#3758 = ADVANCED_FACE ( 'NONE', ( #6551 ), #3771, .T. ) ;
#3759 = VECTOR ( 'NONE', #6724, 1000.000000000000000 ) ;
#3760 = ORIENTED_EDGE ( 'NONE', *, *, #751, .T. ) ;
#3761 = EDGE_CURVE ( 'NONE', #5423, #6447, #5551, .T. ) ;
#3762 = CARTESIAN_POINT ( 'NONE',  ( 0.7250000000000000888, 1.350000000000000089, 0.0000000000000000000 ) ) ;
#3763 = DIRECTION ( 'NONE',  ( -0.0000000000000000000, 0.7468134723257140450, 0.6650335612228979176 ) ) ;
#3764 = VECTOR ( 'NONE', #5719, 1000.000000000000000 ) ;
#3765 = EDGE_CURVE ( 'NONE', #2035, #4497, #2348, .T. ) ;
#3766 = DIRECTION ( 'NONE',  ( -1.000000000000000000, 0.0000000000000000000, 0.0000000000000000000 ) ) ;
#3767 = VERTEX_POINT ( 'NONE', #1467 ) ;
#3768 = FACE_OUTER_BOUND ( 'NONE', #2644, .T. ) ;
#3769 = CARTESIAN_POINT ( 'NONE',  ( 0.8249999999999999556, 1.850000000000000089, 2.024999999999999911 ) ) ;
#3770 = VECTOR ( 'NONE', #6056, 1000.000000000000000 ) ;
#3771 = PLANE ( 'NONE',  #1862 ) ;
#3772 = CARTESIAN_POINT ( 'NONE',  ( 1.984999999999999876, 1.850000000000000089, -1.025000000000000133 ) ) ;
#3773 = DIRECTION ( 'NONE',  ( 1.000000000000000000, 0.0000000000000000000, 0.0000000000000000000 ) ) ;
#3774 = CARTESIAN_POINT ( 'NONE',  ( -2.274999999999999911, 0.6000000000000024203, 1.375000000000002442 ) ) ;
#3775 = DIRECTION ( 'NONE',  ( 0.0000000000000000000, -1.000000000000000000, 0.0000000000000000000 ) ) ;
#3776 = CARTESIAN_POINT ( 'NONE',  ( 4.775000000000000355, 8.673617379884035472E-15, -0.2250000000000008105 ) ) ;
#3777 = VERTEX_POINT ( 'NONE', #4299 ) ;
#3778 = EDGE_LOOP ( 'NONE', ( #2027, #3824, #1006, #3678 ) ) ;
#3779 = LINE ( 'NONE', #2974, #4779 ) ;
#3780 = SURFACE_STYLE_USAGE ( .BOTH. , #7185 ) ;
#3781 = LINE ( 'NONE', #3610, #4872 ) ;
#3782 = ORIENTED_EDGE ( 'NONE', *, *, #2954, .F. ) ;
#3783 = CARTESIAN_POINT ( 'NONE',  ( 3.225000000000000533, 1.649999999999999911, -1.698606797699999893 ) ) ;
#3784 = VERTEX_POINT ( 'NONE', #3211 ) ;
#3785 = ORIENTED_EDGE ( 'NONE', *, *, #2402, .F. ) ;
#3786 = LINE ( 'NONE', #5681, #2539 ) ;
#3787 = EDGE_CURVE ( 'NONE', #7219, #5885, #6905, .T. ) ;
#3788 = ADVANCED_FACE ( 'NONE', ( #5369 ), #984, .T. ) ;
#3789 = CARTESIAN_POINT ( 'NONE',  ( -0.8750000000000000000, 3.750000000000000000, -2.024999999999999911 ) ) ;
#3790 = FACE_OUTER_BOUND ( 'NONE', #5876, .T. ) ;
#3791 = ORIENTED_EDGE ( 'NONE', *, *, #1362, .T. ) ;
#3792 = DIRECTION ( 'NONE',  ( -0.0000000000000000000, 1.000000000000000000, 4.003208021484939327E-15 ) ) ;
#3793 = VECTOR ( 'NONE', #707, 1000.000000000000000 ) ;
#3794 = VECTOR ( 'NONE', #5740, 1000.000000000000000 ) ;
#3795 = ORIENTED_EDGE ( 'NONE', *, *, #3007, .F. ) ;
#3796 = DIRECTION ( 'NONE',  ( 0.0000000000000000000, -1.000000000000000000, 0.0000000000000000000 ) ) ;
#3797 = PLANE ( 'NONE',  #3275 ) ;
#3798 = CARTESIAN_POINT ( 'NONE',  ( 4.775000000000000355, 1.949999999999999512, 2.025000000000007017 ) ) ;
#3799 = PLANE ( 'NONE',  #245 ) ;
#3800 = FACE_OUTER_BOUND ( 'NONE', #6121, .T. ) ;
#3801 = ORIENTED_EDGE ( 'NONE', *, *, #1286, .T. ) ;
#3802 = DIRECTION ( 'NONE',  ( 0.0000000000000000000, 1.000000000000000000, 0.0000000000000000000 ) ) ;
#3803 = LINE ( 'NONE', #5282, #4157 ) ;
#3804 = LINE ( 'NONE', #7389, #596 ) ;
#3805 = VECTOR ( 'NONE', #6180, 1000.000000000000000 ) ;
#3806 = DIRECTION ( 'NONE',  ( -1.000000000000000000, 0.0000000000000000000, 0.0000000000000000000 ) ) ;
#3807 = PLANE ( 'NONE',  #3880 ) ;
#3808 = EDGE_CURVE ( 'NONE', #1182, #2780, #7151, .T. ) ;
#3809 = ORIENTED_EDGE ( 'NONE', *, *, #2737, .F. ) ;
#3810 = ORIENTED_EDGE ( 'NONE', *, *, #5976, .T. ) ;
#3812 = VECTOR ( 'NONE', #6666, 1000.000000000000000 ) ;
#3811 = AXIS2_PLACEMENT_3D ( 'NONE', #6873, #3439, #5836 ) ;
#3813 = DIRECTION ( 'NONE',  ( 0.0000000000000000000, 0.0000000000000000000, 1.000000000000000000 ) ) ;
#3814 = ORIENTED_EDGE ( 'NONE', *, *, #3341, .T. ) ;
#3815 = CARTESIAN_POINT ( 'NONE',  ( -0.5150000000000000133, 1.850000000000000089, -1.025000000000000133 ) ) ;
#3816 = DIRECTION ( 'NONE',  ( -0.0000000000000000000, 1.000000000000000000, 0.0000000000000000000 ) ) ;
#3817 = VERTEX_POINT ( 'NONE', #6190 ) ;
#3818 = VERTEX_POINT ( 'NONE', #390 ) ;
#3819 = LINE ( 'NONE', #5792, #4083 ) ;
#3820 = EDGE_CURVE ( 'NONE', #3784, #1043, #2438, .T. ) ;
#3821 = VECTOR ( 'NONE', #538, 1000.000000000000000 ) ;
#3822 = LINE ( 'NONE', #7210, #1866 ) ;
#3823 = CARTESIAN_POINT ( 'NONE',  ( 1.775000000000000133, 1.850000000000000089, -2.024999999999999911 ) ) ;
#3824 = ORIENTED_EDGE ( 'NONE', *, *, #4146, .F. ) ;
#3825 = EDGE_CURVE ( 'NONE', #3310, #4096, #643, .T. ) ;
#3826 = DIRECTION ( 'NONE',  ( 0.0000000000000000000, -1.000000000000000000, 0.0000000000000000000 ) ) ;
#3827 = ORIENTED_EDGE ( 'NONE', *, *, #4524, .T. ) ;
#3828 = ADVANCED_FACE ( 'NONE', ( #6807 ), #7296, .F. ) ;
#3829 = CARTESIAN_POINT ( 'NONE',  ( 0.5250000000000000222, 0.0000000000000000000, 2.024999999999999911 ) ) ;
#3830 = FACE_OUTER_BOUND ( 'NONE', #276, .T. ) ;
#3831 = DIRECTION ( 'NONE',  ( 1.000000000000000000, 0.0000000000000000000, 0.0000000000000000000 ) ) ;
#3832 = ORIENTED_EDGE ( 'NONE', *, *, #6730, .F. ) ;
#3833 = VECTOR ( 'NONE', #5437, 1000.000000000000000 ) ;
#3834 = VERTEX_POINT ( 'NONE', #1039 ) ;
#3835 = UNCERTAINTY_MEASURE_WITH_UNIT (LENGTH_MEASURE( 1.000000000000000082E-05 ), #500, 'distance_accuracy_value', 'NONE');
#3836 = AXIS2_PLACEMENT_3D ( 'NONE', #3541, #1017, #478 ) ;
#3837 = CARTESIAN_POINT ( 'NONE',  ( 3.225000000000000533, -0.6500000000000000222, -1.775000000000000133 ) ) ;
#3838 = LINE ( 'NONE', #2384, #7052 ) ;
#3839 = EDGE_LOOP ( 'NONE', ( #5539, #728, #331, #2658 ) ) ;
#3840 = VERTEX_POINT ( 'NONE', #1526 ) ;
#3841 = EDGE_LOOP ( 'NONE', ( #3691, #2483, #6511, #6313 ) ) ;
#3842 = CARTESIAN_POINT ( 'NONE',  ( -1.250000000000000000, 0.0000000000000000000, -1.025000000000000133 ) ) ;
#3843 = CARTESIAN_POINT ( 'NONE',  ( 3.875000000000000444, 3.149999999999999911, 2.024999999999999911 ) ) ;
#3844 = ORIENTED_EDGE ( 'NONE', *, *, #3955, .F. ) ;
#3845 = CARTESIAN_POINT ( 'NONE',  ( -2.274999999999999911, 4.250000000000000000, -0.07499999999999998335 ) ) ;
#3846 = ORIENTED_EDGE ( 'NONE', *, *, #4259, .F. ) ;
#3847 = EDGE_CURVE ( 'NONE', #1473, #2035, #3404, .T. ) ;
#3848 = SURFACE_STYLE_FILL_AREA ( #5732 ) ;
#3849 = VECTOR ( 'NONE', #3747, 1000.000000000000000 ) ;
#3850 = DIRECTION ( 'NONE',  ( 0.0000000000000000000, -1.000000000000000000, 0.0000000000000000000 ) ) ;
#3851 = CARTESIAN_POINT ( 'NONE',  ( -0.5250000000000000222, 1.850000000000000089, 2.024999999999999911 ) ) ;
#3852 = STYLED_ITEM ( 'NONE', ( #4065 ), #2525 ) ;
#3853 = FACE_OUTER_BOUND ( 'NONE', #702, .T. ) ;
#3854 = COLOUR_RGB ( '',1.000000000000000000, 1.000000000000000000, 1.000000000000000000 ) ;
#3855 = ADVANCED_FACE ( 'NONE', ( #1980 ), #5625, .T. ) ;
#3856 = EDGE_CURVE ( 'NONE', #3777, #6446, #4399, .T. ) ;
#3857 = PLANE ( 'NONE',  #3903 ) ;
#3858 = CARTESIAN_POINT ( 'NONE',  ( -2.875000000000000000, 0.0000000000000000000, 2.024999999999999911 ) ) ;
#3859 = PRESENTATION_STYLE_ASSIGNMENT (( #2643 ) ) ;
#3860 = ORIENTED_EDGE ( 'NONE', *, *, #2911, .F. ) ;
#3861 = DIRECTION ( 'NONE',  ( 0.0000000000000000000, 0.0000000000000000000, 1.000000000000000000 ) ) ;
#3862 = EDGE_CURVE ( 'NONE', #5516, #774, #2882, .T. ) ;
#3863 = LINE ( 'NONE', #182, #4046 ) ;
#3864 = EDGE_LOOP ( 'NONE', ( #3810, #1311, #4145, #7343 ) ) ;
#3865 = ORIENTED_EDGE ( 'NONE', *, *, #6545, .F. ) ;
#3866 = ORIENTED_EDGE ( 'NONE', *, *, #2333, .T. ) ;
#3867 = DIRECTION ( 'NONE',  ( 1.000000000000000000, 0.0000000000000000000, 0.0000000000000000000 ) ) ;
#3868 = CARTESIAN_POINT ( 'NONE',  ( 3.375000000000000444, 2.250000000000000000, 1.505384757699999909 ) ) ;
#3869 = DIRECTION ( 'NONE',  ( 0.0000000000000000000, 1.000000000000000000, 0.0000000000000000000 ) ) ;
#3870 = VECTOR ( 'NONE', #5734, 1000.000000000000000 ) ;
#3871 = CARTESIAN_POINT ( 'NONE',  ( 4.775000000000000355, 2.250000000000000000, -2.024999999999999911 ) ) ;
#3872 = EDGE_CURVE ( 'NONE', #31, #7046, #1891, .T. ) ;
#3873 = DIRECTION ( 'NONE',  ( 0.0000000000000000000, 0.0000000000000000000, 1.000000000000000000 ) ) ;
#3874 = LINE ( 'NONE', #5630, #6832 ) ;
#3875 = ORIENTED_EDGE ( 'NONE', *, *, #7406, .T. ) ;
#3876 = CARTESIAN_POINT ( 'NONE',  ( -0.5150000000000000133, 1.000000000000000000, -2.024999999999999911 ) ) ;
#3877 = CARTESIAN_POINT ( 'NONE',  ( -0.7249999999999999778, 1.000000000000000000, 0.0000000000000000000 ) ) ;
#3878 = LINE ( 'NONE', #2106, #6224 ) ;
#3879 = CARTESIAN_POINT ( 'NONE',  ( 1.675000000000000044, 1.850000000000000089, -1.698606797699999893 ) ) ;
#3880 = AXIS2_PLACEMENT_3D ( 'NONE', #590, #7329, #5092 ) ;
#3881 = CARTESIAN_POINT ( 'NONE',  ( 0.5250000000000000222, 0.0000000000000000000, 0.0000000000000000000 ) ) ;
#3882 = EDGE_CURVE ( 'NONE', #4672, #4, #7232, .T. ) ;
#3883 = LINE ( 'NONE', #6846, #1681 ) ;
#3884 = VERTEX_POINT ( 'NONE', #5566 ) ;
#3885 = VECTOR ( 'NONE', #3593, 1000.000000000000000 ) ;
#3886 = CARTESIAN_POINT ( 'NONE',  ( 4.775000000000000355, 4.249999999999998224, -2.075000000000001510 ) ) ;
#3887 = LINE ( 'NONE', #3757, #1836 ) ;
#3888 = ORIENTED_EDGE ( 'NONE', *, *, #5950, .T. ) ;
#3889 = PLANE ( 'NONE',  #6811 ) ;
#3890 = LINE ( 'NONE', #1742, #2385 ) ;
#3891 = CARTESIAN_POINT ( 'NONE',  ( -2.274999999999999911, 0.0000000000000000000, 0.0000000000000000000 ) ) ;
#3892 = CARTESIAN_POINT ( 'NONE',  ( -0.7349999999999999867, 1.850000000000000089, -1.025000000000000133 ) ) ;
#3893 = DIRECTION ( 'NONE',  ( 0.0000000000000000000, 1.000000000000000000, 0.0000000000000000000 ) ) ;
#3894 = ORIENTED_EDGE ( 'NONE', *, *, #6506, .F. ) ;
#3895 = EDGE_CURVE ( 'NONE', #1646, #3195, #799, .T. ) ;
#3896 = VECTOR ( 'NONE', #3991, 1000.000000000000000 ) ;
#3897 = DIRECTION ( 'NONE',  ( 0.0000000000000000000, -1.000000000000000000, 0.0000000000000000000 ) ) ;
#3898 = CARTESIAN_POINT ( 'NONE',  ( -2.875000000000000000, 4.250000000000000000, 2.024999999999999911 ) ) ;
#3899 = DIRECTION ( 'NONE',  ( 0.0000000000000000000, 0.0000000000000000000, 1.000000000000000000 ) ) ;
#3900 = ADVANCED_FACE ( 'NONE', ( #5750 ), #6672, .T. ) ;
#3901 = VECTOR ( 'NONE', #5072, 1000.000000000000000 ) ;
#3902 = VECTOR ( 'NONE', #1880, 1000.000000000000000 ) ;
#3903 = AXIS2_PLACEMENT_3D ( 'NONE', #6134, #437, #3292 ) ;
#3904 = ORIENTED_EDGE ( 'NONE', *, *, #6623, .F. ) ;
#3905 = ORIENTED_EDGE ( 'NONE', *, *, #91, .F. ) ;
#3906 = DIRECTION ( 'NONE',  ( 1.000000000000000000, 0.0000000000000000000, 0.0000000000000000000 ) ) ;
#3907 = LINE ( 'NONE', #6493, #1766 ) ;
#3908 = CARTESIAN_POINT ( 'NONE',  ( -0.8750000000000000000, 3.750000000000000000, 2.024999999999999911 ) ) ;
#3909 = LINE ( 'NONE', #5059, #2408 ) ;
#3910 = VECTOR ( 'NONE', #5471, 1000.000000000000000 ) ;
#3911 = EDGE_CURVE ( 'NONE', #6842, #5924, #5654, .T. ) ;
#3912 = VERTEX_POINT ( 'NONE', #7223 ) ;
#3913 = CARTESIAN_POINT ( 'NONE',  ( -2.500000000000000000, 4.240000000000000213, -2.024999999999999911 ) ) ;
#3914 = PRESENTATION_LAYER_ASSIGNMENT (  '', '', ( #3151 ) ) ;
#3915 = FACE_OUTER_BOUND ( 'NONE', #3920, .T. ) ;
#3916 = CARTESIAN_POINT ( 'NONE',  ( -0.5250000000000000222, 1.350000000000000089, 0.0000000000000000000 ) ) ;
#3917 = VECTOR ( 'NONE', #5445, 1000.000000000000000 ) ;
#3918 = MECHANICAL_DESIGN_GEOMETRIC_PRESENTATION_REPRESENTATION (  '', ( #977 ), #6886 ) ;
#3919 = CARTESIAN_POINT ( 'NONE',  ( 5.375000000000000000, 0.0000000000000000000, -1.525000000000000133 ) ) ;
#3920 = EDGE_LOOP ( 'NONE', ( #769, #6968, #2679, #1906, #3219, #1861 ) ) ;
#3921 = ORIENTED_EDGE ( 'NONE', *, *, #286, .F. ) ;
#3922 = VECTOR ( 'NONE', #1060, 1000.000000000000000 ) ;
#3923 = CARTESIAN_POINT ( 'NONE',  ( -2.274999999999999911, 1.950000000000002176, 1.375000000000006883 ) ) ;
#3924 = CARTESIAN_POINT ( 'NONE',  ( 3.225000000000000533, 1.000000000000000000, 0.0000000000000000000 ) ) ;
#3925 = EDGE_CURVE ( 'NONE', #1646, #5621, #4212, .T. ) ;
#3926 = CARTESIAN_POINT ( 'NONE',  ( 0.5249999999999999112, 0.05000000000000002359, -1.775000000000000133 ) ) ;
#3927 = DIRECTION ( 'NONE',  ( -0.0000000000000000000, 0.0000000000000000000, -1.000000000000000000 ) ) ;
#3928 = FILL_AREA_STYLE_COLOUR ( '', #5446 ) ;
#3929 = ORIENTED_EDGE ( 'NONE', *, *, #3679, .T. ) ;
#3930 = EDGE_CURVE ( 'NONE', #7174, #4096, #7064, .T. ) ;
#3931 = DIRECTION ( 'NONE',  ( 0.0000000000000000000, 0.0000000000000000000, -1.000000000000000000 ) ) ;
#3932 = ORIENTED_EDGE ( 'NONE', *, *, #4049, .T. ) ;
#3933 = CARTESIAN_POINT ( 'NONE',  ( 3.225000000000000533, 0.0000000000000000000, -2.024999999999999911 ) ) ;
#3934 = ADVANCED_FACE ( 'NONE', ( #3768 ), #6293, .F. ) ;
#3935 = DIRECTION ( 'NONE',  ( -1.000000000000000000, 0.0000000000000000000, 0.0000000000000000000 ) ) ;
#3936 = VECTOR ( 'NONE', #3512, 1000.000000000000000 ) ;
#3937 = LINE ( 'NONE', #1598, #5647 ) ;
#3938 = VERTEX_POINT ( 'NONE', #3823 ) ;
#3939 = ADVANCED_FACE ( 'NONE', ( #552 ), #6766, .T. ) ;
#3940 = CARTESIAN_POINT ( 'NONE',  ( 3.325000000000000622, 1.649999999999999911, -1.474999999999999867 ) ) ;
#3941 = DIRECTION ( 'NONE',  ( 0.0000000000000000000, 0.0000000000000000000, 1.000000000000000000 ) ) ;
#3942 = DIRECTION ( 'NONE',  ( 0.0000000000000000000, 0.0000000000000000000, 1.000000000000000000 ) ) ;
#3943 = VECTOR ( 'NONE', #3796, 1000.000000000000000 ) ;
#3944 = CARTESIAN_POINT ( 'NONE',  ( 0.7250000000000000888, 0.05000000000000002359, -1.524999999999999689 ) ) ;
#3945 = LINE ( 'NONE', #3177, #3849 ) ;
#3946 = EDGE_CURVE ( 'NONE', #4447, #7098, #4583, .T. ) ;
#3947 = FILL_AREA_STYLE_COLOUR ( '', #2158 ) ;
#3948 = FACE_OUTER_BOUND ( 'NONE', #2556, .T. ) ;
#3949 = ORIENTED_EDGE ( 'NONE', *, *, #3326, .F. ) ;
#3950 = PLANE ( 'NONE',  #1748 ) ;
#3951 = VERTEX_POINT ( 'NONE', #2249 ) ;
#3952 = CARTESIAN_POINT ( 'NONE',  ( 0.8249999999999999556, 1.850000000000000089, 2.024999999999999911 ) ) ;
#3953 = LINE ( 'NONE', #4396, #1725 ) ;
#3954 = EDGE_LOOP ( 'NONE', ( #6544, #1249, #4434, #4569 ) ) ;
#3955 = EDGE_CURVE ( 'NONE', #5542, #3912, #4769, .T. ) ;
#3956 = CARTESIAN_POINT ( 'NONE',  ( 3.875000000000000444, 3.149999999999999911, 0.02500000000000000139 ) ) ;
#3957 = FACE_OUTER_BOUND ( 'NONE', #7254, .T. ) ;
#3958 = EDGE_CURVE ( 'NONE', #5251, #3043, #4126, .T. ) ;
#3959 = CARTESIAN_POINT ( 'NONE',  ( 4.975000000000000533, 4.249999999999992895, -0.07499999999999976130 ) ) ;
#3960 = VECTOR ( 'NONE', #3538, 1000.000000000000000 ) ;
#3961 = VERTEX_POINT ( 'NONE', #6267 ) ;
#3962 = CARTESIAN_POINT ( 'NONE',  ( 4.775000000000000355, 4.250000000000000000, -0.07499999999999998335 ) ) ;
#3963 = DIRECTION ( 'NONE',  ( 0.0000000000000000000, 3.212450881438532635E-15, -1.000000000000000000 ) ) ;
#3964 = SURFACE_STYLE_USAGE ( .BOTH. , #7395 ) ;
#3965 = CARTESIAN_POINT ( 'NONE',  ( 4.875000000000000888, 3.149999999999999911, 2.024999999999999911 ) ) ;
#3966 = DIRECTION ( 'NONE',  ( 0.0000000000000000000, 0.0000000000000000000, 1.000000000000000000 ) ) ;
#3967 = LINE ( 'NONE', #3572, #3793 ) ;
#3968 = EDGE_CURVE ( 'NONE', #2844, #6148, #3579, .T. ) ;
#3969 = DIRECTION ( 'NONE',  ( 0.0000000000000000000, 1.000000000000000000, 2.552445434498790050E-15 ) ) ;
#3970 = ADVANCED_FACE ( 'NONE', ( #4943 ), #1846, .T. ) ;
#3971 = CARTESIAN_POINT ( 'NONE',  ( 0.5250000000000000222, 1.850000000000000089, -1.698606797699999893 ) ) ;
#3972 = FACE_OUTER_BOUND ( 'NONE', #4849, .T. ) ;
#3973 = ORIENTED_EDGE ( 'NONE', *, *, #7197, .T. ) ;
#3974 = ORIENTED_EDGE ( 'NONE', *, *, #1433, .F. ) ;
#3975 = LINE ( 'NONE', #4506, #5872 ) ;
#3976 = EDGE_CURVE ( 'NONE', #874, #6575, #5921, .T. ) ;
#3977 = DIRECTION ( 'NONE',  ( 0.0000000000000000000, 1.000000000000000000, 0.0000000000000000000 ) ) ;
#3978 = VERTEX_POINT ( 'NONE', #1278 ) ;
#3979 = EDGE_LOOP ( 'NONE', ( #2020, #3009, #1775, #7260 ) ) ;
#3980 = ORIENTED_EDGE ( 'NONE', *, *, #623, .T. ) ;
#3981 = FACE_OUTER_BOUND ( 'NONE', #6140, .T. ) ;
#3982 = ORIENTED_EDGE ( 'NONE', *, *, #4133, .T. ) ;
#3983 = LINE ( 'NONE', #5614, #4352 ) ;
#3984 = CARTESIAN_POINT ( 'NONE',  ( -0.5250000000000000222, 1.000000000000000000, 1.525000000000000133 ) ) ;
#3985 = DIRECTION ( 'NONE',  ( 1.000000000000000000, 0.0000000000000000000, 0.0000000000000000000 ) ) ;
#3986 = VERTEX_POINT ( 'NONE', #1250 ) ;
#3987 = EDGE_LOOP ( 'NONE', ( #6080, #7021, #4951, #1758 ) ) ;
#3988 = LINE ( 'NONE', #1518, #3812 ) ;
#3989 = DIRECTION ( 'NONE',  ( 0.0000000000000000000, 0.0000000000000000000, -1.000000000000000000 ) ) ;
#3990 = EDGE_CURVE ( 'NONE', #2863, #1608, #7409, .T. ) ;
#3991 = DIRECTION ( 'NONE',  ( 1.000000000000000000, 0.0000000000000000000, 0.0000000000000000000 ) ) ;
#3992 = VERTEX_POINT ( 'NONE', #2950 ) ;
#3993 = VERTEX_POINT ( 'NONE', #3492 ) ;
#3994 = CARTESIAN_POINT ( 'NONE',  ( -0.5250000000000000222, 1.350000000000000089, -1.525000000000000133 ) ) ;
#3995 = DIRECTION ( 'NONE',  ( -0.0000000000000000000, 1.000000000000000000, 0.0000000000000000000 ) ) ;
#3996 = LINE ( 'NONE', #1932, #2398 ) ;
#3997 = VECTOR ( 'NONE', #2766, 1000.000000000000000 ) ;
#3998 = STYLED_ITEM ( 'NONE', ( #6410 ), #2669 ) ;
#3999 = VECTOR ( 'NONE', #7277, 1000.000000000000000 ) ;
#4000 = ORIENTED_EDGE ( 'NONE', *, *, #3241, .T. ) ;
#4001 = ORIENTED_EDGE ( 'NONE', *, *, #7276, .F. ) ;
#4002 = ORIENTED_EDGE ( 'NONE', *, *, #3588, .T. ) ;
#4003 = DIRECTION ( 'NONE',  ( 0.0000000000000000000, -1.000000000000000000, 0.0000000000000000000 ) ) ;
#4004 = COLOUR_RGB ( '',1.000000000000000000, 1.000000000000000000, 1.000000000000000000 ) ;
#4005 = EDGE_CURVE ( 'NONE', #2570, #4494, #2165, .T. ) ;
#4006 = ORIENTED_EDGE ( 'NONE', *, *, #914, .T. ) ;
#4007 = CARTESIAN_POINT ( 'NONE',  ( 4.525000000000000355, 2.250000000000000000, -1.925000000000000933 ) ) ;
#4008 = EDGE_CURVE ( 'NONE', #2056, #3721, #5917, .T. ) ;
#4009 = VERTEX_POINT ( 'NONE', #19 ) ;
#4010 = CARTESIAN_POINT ( 'NONE',  ( 4.775000000000000355, 3.600000000000000977, -0.07499999999999998335 ) ) ;
#4011 = VECTOR ( 'NONE', #4580, 1000.000000000000000 ) ;
#4012 = VERTEX_POINT ( 'NONE', #2972 ) ;
#4013 = DIRECTION ( 'NONE',  ( 0.0000000000000000000, 0.0000000000000000000, 1.000000000000000000 ) ) ;
#4014 = EDGE_LOOP ( 'NONE', ( #6120, #503, #4191, #3041, #232, #4536 ) ) ;
#4015 = SURFACE_SIDE_STYLE ('',( #3848 ) ) ;
#4016 = ADVANCED_FACE ( 'NONE', ( #6632 ), #4063, .T. ) ;
#4017 =( NAMED_UNIT ( * ) SI_UNIT ( $, .STERADIAN. ) SOLID_ANGLE_UNIT ( ) );
#4018 = VECTOR ( 'NONE', #1804, 1000.000000000000000 ) ;
#4019 = ORIENTED_EDGE ( 'NONE', *, *, #3990, .T. ) ;
#4020 = SURFACE_STYLE_USAGE ( .BOTH. , #6871 ) ;
#4021 = CARTESIAN_POINT ( 'NONE',  ( 1.975000000000000089, 0.3499999999999999778, -2.075000000000000178 ) ) ;
#4022 = CARTESIAN_POINT ( 'NONE',  ( -0.8750000000000000000, 2.250000000000000000, 1.505384757699999909 ) ) ;
#4023 =( GEOMETRIC_REPRESENTATION_CONTEXT ( 3 ) GLOBAL_UNCERTAINTY_ASSIGNED_CONTEXT ( ( #2059 ) ) GLOBAL_UNIT_ASSIGNED_CONTEXT ( ( #287, #5944, #3087 ) ) REPRESENTATION_CONTEXT ( 'NONE', 'WORKASPACE' ) );
#4024 = ORIENTED_EDGE ( 'NONE', *, *, #705, .T. ) ;
#4025 = CARTESIAN_POINT ( 'NONE',  ( 1.774999999999999911, 0.3500000000000000333, -2.024999999999999911 ) ) ;
#4026 = ORIENTED_EDGE ( 'NONE', *, *, #1131, .T. ) ;
#4027 = CARTESIAN_POINT ( 'NONE',  ( 4.775000000000000355, 4.240000000000000213, 0.0000000000000000000 ) ) ;
#4028 = VECTOR ( 'NONE', #1552, 1000.000000000000000 ) ;
#4029 = LINE ( 'NONE', #5026, #1537 ) ;
#4030 = DIRECTION ( 'NONE',  ( 0.0000000000000000000, 0.0000000000000000000, -1.000000000000000000 ) ) ;
#4031 = EDGE_LOOP ( 'NONE', ( #3745, #3571, #5871, #3433 ) ) ;
#4032 = DIRECTION ( 'NONE',  ( 0.0000000000000000000, 0.0000000000000000000, 1.000000000000000000 ) ) ;
#4033 = CARTESIAN_POINT ( 'NONE',  ( 0.7249999999999998668, 0.05000000000000002359, -1.524999999999999689 ) ) ;
#4034 = EDGE_CURVE ( 'NONE', #2410, #6430, #3315, .T. ) ;
#4035 = LINE ( 'NONE', #4914, #2530 ) ;
#4036 = VERTEX_POINT ( 'NONE', #1776 ) ;
#4037 = CLOSED_SHELL ( 'NONE', ( #6613, #609, #5973, #5104, #889, #165, #1373, #3384, #1777, #6868, #3970, #2338, #1810, #1994, #1232, #6784, #4929, #6899 ) ) ;
#4038 =( NAMED_UNIT ( * ) SI_UNIT ( $, .STERADIAN. ) SOLID_ANGLE_UNIT ( ) );
#4039 = AXIS2_PLACEMENT_3D ( 'NONE', #6576, #5977, #1328 ) ;
#4040 = DIRECTION ( 'NONE',  ( 1.000000000000000000, 0.0000000000000000000, 0.0000000000000000000 ) ) ;
#4041 = SURFACE_STYLE_FILL_AREA ( #3582 ) ;
#4042 = DIRECTION ( 'NONE',  ( 1.000000000000000000, 0.0000000000000000000, 0.0000000000000000000 ) ) ;
#4043 = DIRECTION ( 'NONE',  ( 0.0000000000000000000, 0.0000000000000000000, 1.000000000000000000 ) ) ;
#4044 = CARTESIAN_POINT ( 'NONE',  ( -2.875000000000000000, 4.250000000000000000, -2.024999999999999911 ) ) ;
#4045 = CARTESIAN_POINT ( 'NONE',  ( 0.4249999999999999889, 1.850000000000000089, -1.698606797699999893 ) ) ;
#4046 = VECTOR ( 'NONE', #6046, 1000.000000000000000 ) ;
#4047 = ORIENTED_EDGE ( 'NONE', *, *, #1985, .F. ) ;
#4048 = VERTEX_POINT ( 'NONE', #715 ) ;
#4049 = EDGE_CURVE ( 'NONE', #4748, #4101, #4854, .T. ) ;
#4050 = FACE_OUTER_BOUND ( 'NONE', #4567, .T. ) ;
#4051 = CARTESIAN_POINT ( 'NONE',  ( 3.875000000000000444, 3.750000000000000000, -2.024999999999999911 ) ) ;
#4052 = LINE ( 'NONE', #6843, #4790 ) ;
#4053 = ORIENTED_EDGE ( 'NONE', *, *, #1590, .F. ) ;
#4054 = ADVANCED_FACE ( 'NONE', ( #4674 ), #67, .F. ) ;
#4055 = PRESENTATION_LAYER_ASSIGNMENT (  '', '', ( #6234 ) ) ;
#4056 = LINE ( 'NONE', #7106, #6921 ) ;
#4057 = EDGE_CURVE ( 'NONE', #1465, #3100, #3236, .T. ) ;
#4058 = LINE ( 'NONE', #2657, #2187 ) ;
#4059 = VERTEX_POINT ( 'NONE', #2996 ) ;
#4060 = UNCERTAINTY_MEASURE_WITH_UNIT (LENGTH_MEASURE( 1.000000000000000082E-05 ), #4841, 'distance_accuracy_value', 'NONE');
#4061 = EDGE_CURVE ( 'NONE', #7001, #3511, #6386, .T. ) ;
#4062 = VECTOR ( 'NONE', #4746, 1000.000000000000000 ) ;
#4063 = PLANE ( 'NONE',  #2532 ) ;
#4064 = PLANE ( 'NONE',  #4323 ) ;
#4065 = PRESENTATION_STYLE_ASSIGNMENT (( #3133 ) ) ;
#4066 = EDGE_LOOP ( 'NONE', ( #3482, #5270, #3463, #4170 ) ) ;
#4067 = DIRECTION ( 'NONE',  ( 1.000000000000000000, 0.0000000000000000000, 0.0000000000000000000 ) ) ;
#4068 = CARTESIAN_POINT ( 'NONE',  ( -2.274999999999999911, 3.600000000000000977, -1.425000000000000044 ) ) ;
#4069 = DIRECTION ( 'NONE',  ( 0.0000000000000000000, -1.000000000000000000, 0.0000000000000000000 ) ) ;
#4070 = EDGE_CURVE ( 'NONE', #2077, #3043, #7146, .T. ) ;
#4071 = CARTESIAN_POINT ( 'NONE',  ( 1.975000000000000089, 1.350000000000000089, -1.525000000000000133 ) ) ;
#4072 = VERTEX_POINT ( 'NONE', #1944 ) ;
#4073 = ORIENTED_EDGE ( 'NONE', *, *, #3578, .F. ) ;
#4074 = AXIS2_PLACEMENT_3D ( 'NONE', #3923, #3963, #5077 ) ;
#4075 = LINE ( 'NONE', #4836, #2648 ) ;
#4076 = DIRECTION ( 'NONE',  ( 0.0000000000000000000, 0.0000000000000000000, 1.000000000000000000 ) ) ;
#4077 = ORIENTED_EDGE ( 'NONE', *, *, #2688, .F. ) ;
#4078 = ORIENTED_EDGE ( 'NONE', *, *, #6284, .T. ) ;
#4079 = VERTEX_POINT ( 'NONE', #5925 ) ;
#4080 = ORIENTED_EDGE ( 'NONE', *, *, #2218, .F. ) ;
#4081 = DIRECTION ( 'NONE',  ( -1.000000000000000000, 0.0000000000000000000, 0.0000000000000000000 ) ) ;
#4082 = ADVANCED_FACE ( 'NONE', ( #6010 ), #3094, .F. ) ;
#4083 = VECTOR ( 'NONE', #1886, 1000.000000000000000 ) ;
#4084 = DIRECTION ( 'NONE',  ( 0.0000000000000000000, 0.0000000000000000000, -1.000000000000000000 ) ) ;
#4085 = LINE ( 'NONE', #5349, #5701 ) ;
#4086 = FACE_OUTER_BOUND ( 'NONE', #5743, .T. ) ;
#4087 = ORIENTED_EDGE ( 'NONE', *, *, #901, .T. ) ;
#4088 = EDGE_LOOP ( 'NONE', ( #1722, #1587, #3147, #2850 ) ) ;
#4089 = LINE ( 'NONE', #6851, #2405 ) ;
#4090 = CARTESIAN_POINT ( 'NONE',  ( 0.07499999999999998335, 1.850000000000000089, -1.474999999999999867 ) ) ;
#4091 = DIRECTION ( 'NONE',  ( -1.000000000000000000, 0.0000000000000000000, 0.0000000000000000000 ) ) ;
#4092 = EDGE_CURVE ( 'NONE', #6168, #5848, #1621, .T. ) ;
#4093 = CARTESIAN_POINT ( 'NONE',  ( 1.775000000000000133, 0.5000000000000000000, 0.0000000000000000000 ) ) ;
#4094 = VERTEX_POINT ( 'NONE', #5951 ) ;
#4095 = CARTESIAN_POINT ( 'NONE',  ( 0.5150000000000000133, 1.850000000000000089, -1.025000000000000133 ) ) ;
#4096 = VERTEX_POINT ( 'NONE', #6957 ) ;
#4097 = CARTESIAN_POINT ( 'NONE',  ( 3.225000000000000533, -0.004464445899999999919, 0.003975566199999999890 ) ) ;
#4098 = AXIS2_PLACEMENT_3D ( 'NONE', #5176, #1752, #5239 ) ;
#4099 = LINE ( 'NONE', #7263, #1055 ) ;
#4100 = ORIENTED_EDGE ( 'NONE', *, *, #4666, .T. ) ;
#4101 = VERTEX_POINT ( 'NONE', #7026 ) ;
#4102 = ORIENTED_EDGE ( 'NONE', *, *, #6427, .F. ) ;
#4103 = ORIENTED_EDGE ( 'NONE', *, *, #1658, .F. ) ;
#4104 = CARTESIAN_POINT ( 'NONE',  ( 3.225000000000000533, -0.6500000000000000222, -2.075000000000000178 ) ) ;
#4105 = EDGE_CURVE ( 'NONE', #6047, #6530, #2689, .T. ) ;
#4106 = COLOUR_RGB ( '',1.000000000000000000, 1.000000000000000000, 1.000000000000000000 ) ;
#4107 = VERTEX_POINT ( 'NONE', #1915 ) ;
#4108 = EDGE_CURVE ( 'NONE', #4850, #5680, #7403, .T. ) ;
#4109 = ORIENTED_EDGE ( 'NONE', *, *, #1817, .T. ) ;
#4110 = EDGE_LOOP ( 'NONE', ( #3232, #3704, #5596, #226 ) ) ;
#4111 = EDGE_CURVE ( 'NONE', #2523, #3100, #1888, .T. ) ;
#4112 = EDGE_LOOP ( 'NONE', ( #342, #3336, #3491, #5229, #3548, #4109, #5348, #496, #7309, #3390, #1845, #532 ) ) ;
#4113 = CARTESIAN_POINT ( 'NONE',  ( 1.250000000000000000, 1.000000000000000000, -1.474999999999999867 ) ) ;
#4114 = CARTESIAN_POINT ( 'NONE',  ( 0.5250000000000000222, 0.0000000000000000000, -1.525000000000000133 ) ) ;
#4115 =( LENGTH_UNIT ( ) NAMED_UNIT ( * ) SI_UNIT ( .MILLI., .METRE. ) );
#4116 = CARTESIAN_POINT ( 'NONE',  ( -0.7249999999999999778, 0.5547525681000000652, 2.024999999999999911 ) ) ;
#4117 = LINE ( 'NONE', #3879, #5451 ) ;
#4118 = CARTESIAN_POINT ( 'NONE',  ( 5.375000000000000000, 1.000000000000000000, -1.525000000000000133 ) ) ;
#4119 = CARTESIAN_POINT ( 'NONE',  ( -2.875000000000000000, 1.949999999999999512, 2.025000000000007017 ) ) ;
#4120 = STYLED_ITEM ( 'NONE', ( #3604 ), #6539 ) ;
#4121 = DIRECTION ( 'NONE',  ( 0.0000000000000000000, -0.6650335612228979176, -0.7468134723257140450 ) ) ;
#4122 = AXIS2_PLACEMENT_3D ( 'NONE', #6599, #6626, #337 ) ;
#4123 = VERTEX_POINT ( 'NONE', #1368 ) ;
#4124 = DIRECTION ( 'NONE',  ( -1.000000000000000000, 0.0000000000000000000, 0.0000000000000000000 ) ) ;
#4125 = DIRECTION ( 'NONE',  ( 0.0000000000000000000, 1.000000000000000000, -3.295974604355814534E-17 ) ) ;
#4126 = LINE ( 'NONE', #2230, #1075 ) ;
#4127 = VECTOR ( 'NONE', #1490, 1000.000000000000000 ) ;
#4128 = DIRECTION ( 'NONE',  ( 0.0000000000000000000, 0.0000000000000000000, -1.000000000000000000 ) ) ;
#4129 = ADVANCED_FACE ( 'NONE', ( #4489 ), #5637, .T. ) ;
#4130 = ORIENTED_EDGE ( 'NONE', *, *, #3724, .F. ) ;
#4131 = ORIENTED_EDGE ( 'NONE', *, *, #7293, .F. ) ;
#4132 = FACE_OUTER_BOUND ( 'NONE', #2423, .T. ) ;
#4133 = EDGE_CURVE ( 'NONE', #2948, #1063, #7313, .T. ) ;
#4134 = ORIENTED_EDGE ( 'NONE', *, *, #2182, .T. ) ;
#4135 = ORIENTED_EDGE ( 'NONE', *, *, #1625, .F. ) ;
#4136 = CARTESIAN_POINT ( 'NONE',  ( -2.875000000000000000, 3.600000000000000977, -1.425000000000000044 ) ) ;
#4137 = AXIS2_PLACEMENT_3D ( 'NONE', #624, #1180, #5778 ) ;
#4138 = CARTESIAN_POINT ( 'NONE',  ( 1.325000000000000400, 1.850000000000000089, -1.474999999999999867 ) ) ;
#4139 = DIRECTION ( 'NONE',  ( -1.000000000000000000, -0.0000000000000000000, -0.0000000000000000000 ) ) ;
#4140 = CARTESIAN_POINT ( 'NONE',  ( 1.984999999999999876, 1.649999999999999911, -1.698606797699999893 ) ) ;
#4141 = PLANE ( 'NONE',  #6131 ) ;
#4142 = VECTOR ( 'NONE', #6141, 1000.000000000000000 ) ;
#4143 = CARTESIAN_POINT ( 'NONE',  ( -0.5250000000000000222, 0.05000000000000002359, -1.524999999999999689 ) ) ;
#4144 = LINE ( 'NONE', #6768, #912 ) ;
#4145 = ORIENTED_EDGE ( 'NONE', *, *, #7124, .F. ) ;
#4146 = EDGE_CURVE ( 'NONE', #6119, #3143, #2964, .T. ) ;
#4147 = DIRECTION ( 'NONE',  ( 0.0000000000000000000, 0.0000000000000000000, 1.000000000000000000 ) ) ;
#4148 = CARTESIAN_POINT ( 'NONE',  ( -2.274999999999999911, 2.000000000000000000, -2.024999999999999911 ) ) ;
#4149 = FACE_OUTER_BOUND ( 'NONE', #2939, .T. ) ;
#4150 = PLANE ( 'NONE',  #968 ) ;
#4151 = PLANE ( 'NONE',  #2395 ) ;
#4152 = VECTOR ( 'NONE', #5494, 1000.000000000000000 ) ;
#4153 = ORIENTED_EDGE ( 'NONE', *, *, #3718, .F. ) ;
#4154 = DIRECTION ( 'NONE',  ( 0.0000000000000000000, 0.0000000000000000000, -1.000000000000000000 ) ) ;
#4155 = VERTEX_POINT ( 'NONE', #1659 ) ;
#4156 = ORIENTED_EDGE ( 'NONE', *, *, #1955, .F. ) ;
#4157 = VECTOR ( 'NONE', #4706, 1000.000000000000000 ) ;
#4158 = LINE ( 'NONE', #2194, #307 ) ;
#4159 = AXIS2_PLACEMENT_3D ( 'NONE', #6847, #6276, #4488 ) ;
#4160 = ADVANCED_FACE ( 'NONE', ( #5275 ), #4572, .T. ) ;
#4161 = FILL_AREA_STYLE_COLOUR ( '', #4223 ) ;
#4162 = DIRECTION ( 'NONE',  ( 0.0000000000000000000, 0.0000000000000000000, 1.000000000000000000 ) ) ;
#4163 = DIRECTION ( 'NONE',  ( 0.0000000000000000000, 0.0000000000000000000, 1.000000000000000000 ) ) ;
#4164 = VERTEX_POINT ( 'NONE', #6802 ) ;
#4165 = EDGE_CURVE ( 'NONE', #4688, #6519, #6462, .T. ) ;
#4166 = VERTEX_POINT ( 'NONE', #6252 ) ;
#4167 = PLANE ( 'NONE',  #639 ) ;
#4168 = VECTOR ( 'NONE', #3723, 1000.000000000000000 ) ;
#4169 = DIRECTION ( 'NONE',  ( -1.000000000000000000, 0.0000000000000000000, 0.0000000000000000000 ) ) ;
#4170 = ORIENTED_EDGE ( 'NONE', *, *, #987, .T. ) ;
#4171 = LINE ( 'NONE', #6496, #1393 ) ;
#4172 = LINE ( 'NONE', #1435, #1487 ) ;
#4173 = LINE ( 'NONE', #2286, #3544 ) ;
#4174 = CARTESIAN_POINT ( 'NONE',  ( 3.225000000000000533, 0.5000000000000000000, -1.525000000000000133 ) ) ;
#4176 = CARTESIAN_POINT ( 'NONE',  ( 1.765000000000000124, 1.649999999999999911, -1.474999999999999867 ) ) ;
#4175 = AXIS2_PLACEMENT_3D ( 'NONE', #4916, #4866, #6631 ) ;
#4177 = ORIENTED_EDGE ( 'NONE', *, *, #6684, .F. ) ;
#4178 = ORIENTED_EDGE ( 'NONE', *, *, #4982, .T. ) ;
#4179 = CARTESIAN_POINT ( 'NONE',  ( 3.225000000000000533, 1.850000000000000089, 2.024999999999999911 ) ) ;
#4180 = LINE ( 'NONE', #5344, #1495 ) ;
#4181 = DIRECTION ( 'NONE',  ( 0.0000000000000000000, 0.0000000000000000000, 1.000000000000000000 ) ) ;
#4182 = PLANE ( 'NONE',  #3513 ) ;
#4183 = LINE ( 'NONE', #2241, #1132 ) ;
#4184 = VECTOR ( 'NONE', #5745, 1000.000000000000000 ) ;
#4185 = ORIENTED_EDGE ( 'NONE', *, *, #3761, .F. ) ;
#4186 = ORIENTED_EDGE ( 'NONE', *, *, #3522, .F. ) ;
#4187 = VERTEX_POINT ( 'NONE', #2810 ) ;
#4188 = CARTESIAN_POINT ( 'NONE',  ( -2.475000000000000089, 4.249999999999992895, -0.07499999999999976130 ) ) ;
#4189 = LINE ( 'NONE', #6314, #1227 ) ;
#4190 = ORIENTED_EDGE ( 'NONE', *, *, #6638, .F. ) ;
#4191 = ORIENTED_EDGE ( 'NONE', *, *, #2676, .T. ) ;
#4192 = DIRECTION ( 'NONE',  ( 0.0000000000000000000, 1.000000000000000000, 0.0000000000000000000 ) ) ;
#4193 = PLANE ( 'NONE',  #3546 ) ;
#4194 = LINE ( 'NONE', #5521, #784 ) ;
#4195 = ORIENTED_EDGE ( 'NONE', *, *, #5783, .T. ) ;
#4196 = ORIENTED_EDGE ( 'NONE', *, *, #2591, .F. ) ;
#4197 = EDGE_CURVE ( 'NONE', #5296, #2404, #6287, .T. ) ;
#4198 = CARTESIAN_POINT ( 'NONE',  ( 4.975000000000000533, 1.999999999999997780, -2.024999999999999911 ) ) ;
#4199 = ORIENTED_EDGE ( 'NONE', *, *, #7087, .F. ) ;
#4200 = CARTESIAN_POINT ( 'NONE',  ( 2.075000000000000178, 1.649999999999999911, -1.025000000000000133 ) ) ;
#4201 = AXIS2_PLACEMENT_3D ( 'NONE', #5333, #1375, #3072 ) ;
#4202 = ORIENTED_EDGE ( 'NONE', *, *, #5257, .T. ) ;
#4203 = CARTESIAN_POINT ( 'NONE',  ( 0.7250000000000000888, 0.5547525681000000652, 2.024999999999999911 ) ) ;
#4204 = EDGE_CURVE ( 'NONE', #6980, #512, #5645, .T. ) ;
#4205 = DIRECTION ( 'NONE',  ( 0.0000000000000000000, 0.0000000000000000000, 1.000000000000000000 ) ) ;
#4206 = ADVANCED_FACE ( 'NONE', ( #1429 ), #5134, .F. ) ;
#4207 = DIRECTION ( 'NONE',  ( 0.0000000000000000000, -4.336808689942024836E-15, 1.000000000000000000 ) ) ;
#4208 = VECTOR ( 'NONE', #6989, 1000.000000000000000 ) ;
#4209 = PLANE ( 'NONE',  #534 ) ;
#4210 = EDGE_CURVE ( 'NONE', #6091, #6676, #256, .T. ) ;
#4211 = ORIENTED_EDGE ( 'NONE', *, *, #2386, .F. ) ;
#4212 = LINE ( 'NONE', #6717, #978 ) ;
#4213 = LINE ( 'NONE', #5049, #1981 ) ;
#4214 = ORIENTED_EDGE ( 'NONE', *, *, #5841, .F. ) ;
#4215 = CARTESIAN_POINT ( 'NONE',  ( -0.8750000000000000000, 2.250000000000000000, 1.505384757699999909 ) ) ;
#4216 = DIRECTION ( 'NONE',  ( -1.000000000000000000, 0.0000000000000000000, 0.0000000000000000000 ) ) ;
#4217 = SURFACE_SIDE_STYLE ('',( #3534 ) ) ;
#4218 = DIRECTION ( 'NONE',  ( 0.0000000000000000000, 0.0000000000000000000, -1.000000000000000000 ) ) ;
#4219 = PRESENTATION_LAYER_ASSIGNMENT (  '', '', ( #4120 ) ) ;
#4220 = FACE_BOUND ( 'NONE', #6292, .T. ) ;
#4221 = LINE ( 'NONE', #1972, #1171 ) ;
#4222 = SURFACE_SIDE_STYLE ('',( #3387 ) ) ;
#4223 = COLOUR_RGB ( '',1.000000000000000000, 1.000000000000000000, 1.000000000000000000 ) ;
#4224 = CARTESIAN_POINT ( 'NONE',  ( -0.7349999999999999867, 1.000000000000000000, -1.474999999999999867 ) ) ;
#4225 = CARTESIAN_POINT ( 'NONE',  ( -2.475000000000000089, 3.599999999999999201, -0.07500000000000128786 ) ) ;
#4226 = CARTESIAN_POINT ( 'NONE',  ( 1.974999999999999867, -0.6500000000000000222, -1.775000000000000133 ) ) ;
#4227 = ORIENTED_EDGE ( 'NONE', *, *, #5269, .F. ) ;
#4228 = DIRECTION ( 'NONE',  ( 0.0000000000000000000, 2.148487149506091871E-16, 1.000000000000000000 ) ) ;
#4229 = AXIS2_PLACEMENT_3D ( 'NONE', #3702, #5505, #6104 ) ;
#4230 = VECTOR ( 'NONE', #3493, 1000.000000000000000 ) ;
#4231 = CARTESIAN_POINT ( 'NONE',  ( 0.0000000000000000000, 0.0000000000000000000, 0.02500000000000000139 ) ) ;
#4232 = CARTESIAN_POINT ( 'NONE',  ( 1.975000000000000089, 1.850000000000000089, -1.025000000000000133 ) ) ;
#4233 = LINE ( 'NONE', #1624, #7081 ) ;
#4234 = ORIENTED_EDGE ( 'NONE', *, *, #6151, .T. ) ;
#4235 = EDGE_CURVE ( 'NONE', #6550, #242, #6105, .T. ) ;
#4236 = ORIENTED_EDGE ( 'NONE', *, *, #1799, .F. ) ;
#4237 = VECTOR ( 'NONE', #4252, 1000.000000000000000 ) ;
#4238 = CARTESIAN_POINT ( 'NONE',  ( 1.775000000000000133, 1.315130797599999957, 1.171117220399999770 ) ) ;
#4239 = ADVANCED_FACE ( 'NONE', ( #2789 ), #5662, .T. ) ;
#4240 = AXIS2_PLACEMENT_3D ( 'NONE', #665, #1768, #4084 ) ;
#4241 = CARTESIAN_POINT ( 'NONE',  ( -2.274999999999999911, 1.949999999999999512, 2.025000000000007017 ) ) ;
#4242 = SURFACE_STYLE_FILL_AREA ( #1042 ) ;
#4243 = ORIENTED_EDGE ( 'NONE', *, *, #3742, .F. ) ;
#4244 = DIRECTION ( 'NONE',  ( -1.000000000000000000, 0.0000000000000000000, 0.0000000000000000000 ) ) ;
#4245 = CARTESIAN_POINT ( 'NONE',  ( -0.4249999999999999889, 1.649999999999999911, -1.698606797699999893 ) ) ;
#4246 = DIRECTION ( 'NONE',  ( 0.0000000000000000000, 1.000000000000000000, 0.0000000000000000000 ) ) ;
#4247 = LINE ( 'NONE', #4595, #584 ) ;
#4248 = SURFACE_SIDE_STYLE ('',( #1565 ) ) ;
#4249 = EDGE_CURVE ( 'NONE', #6933, #54, #4117, .T. ) ;
#4250 = DIRECTION ( 'NONE',  ( 0.0000000000000000000, 1.000000000000000000, 0.0000000000000000000 ) ) ;
#4251 = EDGE_LOOP ( 'NONE', ( #3949, #3175, #3932, #2416 ) ) ;
#4252 = DIRECTION ( 'NONE',  ( 0.0000000000000000000, -1.000000000000000000, 0.0000000000000000000 ) ) ;
#4253 = EDGE_CURVE ( 'NONE', #7209, #1465, #4392, .T. ) ;
#4254 = VECTOR ( 'NONE', #3358, 1000.000000000000000 ) ;
#4255 = PLANE ( 'NONE',  #1541 ) ;
#4256 = ORIENTED_EDGE ( 'NONE', *, *, #7420, .F. ) ;
#4257 = CARTESIAN_POINT ( 'NONE',  ( -0.7249999999999999778, 1.649999999999999911, 2.024999999999999911 ) ) ;
#4258 = COLOUR_RGB ( '',1.000000000000000000, 1.000000000000000000, 1.000000000000000000 ) ;
#4259 = EDGE_CURVE ( 'NONE', #7034, #2711, #1331, .T. ) ;
#4260 = VECTOR ( 'NONE', #1792, 1000.000000000000000 ) ;
#4261 = DIRECTION ( 'NONE',  ( 0.0000000000000000000, 2.997602166487923448E-15, -1.000000000000000000 ) ) ;
#4262 = COLOUR_RGB ( '',0.6470588235294117974, 0.6196078431372549211, 0.5882352941176470784 ) ;
#4263 = EDGE_LOOP ( 'NONE', ( #3090, #1298, #4355, #1167 ) ) ;
#4264 = VECTOR ( 'NONE', #2913, 1000.000000000000000 ) ;
#4265 = LINE ( 'NONE', #1606, #2484 ) ;
#4266 = EDGE_CURVE ( 'NONE', #3274, #1551, #6971, .T. ) ;
#4267 = SURFACE_STYLE_USAGE ( .BOTH. , #1407 ) ;
#4268 = LINE ( 'NONE', #7300, #3729 ) ;
#4269 = CARTESIAN_POINT ( 'NONE',  ( 3.225000000000000533, 0.5000000000000000000, 0.0000000000000000000 ) ) ;
#4270 =( NAMED_UNIT ( * ) PLANE_ANGLE_UNIT ( ) SI_UNIT ( $, .RADIAN. ) );
#4271 = DIRECTION ( 'NONE',  ( 1.000000000000000000, 0.0000000000000000000, 0.0000000000000000000 ) ) ;
#4272 = ORIENTED_EDGE ( 'NONE', *, *, #7075, .F. ) ;
#4273 = EDGE_LOOP ( 'NONE', ( #2468, #5984, #4834, #5536 ) ) ;
#4274 = VECTOR ( 'NONE', #6705, 1000.000000000000000 ) ;
#4275 = CARTESIAN_POINT ( 'NONE',  ( -0.5250000000000000222, 1.850000000000000089, -1.698606797699999893 ) ) ;
#4276 = DIRECTION ( 'NONE',  ( 0.0000000000000000000, 1.000000000000000000, 0.0000000000000000000 ) ) ;
#4278 = DIRECTION ( 'NONE',  ( 0.0000000000000000000, 1.000000000000000000, 0.0000000000000000000 ) ) ;
#4277 = MECHANICAL_DESIGN_GEOMETRIC_PRESENTATION_REPRESENTATION (  '', ( #4816 ), #3131 ) ;
#4279 = CARTESIAN_POINT ( 'NONE',  ( -2.274999999999999911, 4.249999999999992895, -0.07499999999999976130 ) ) ;
#4280 = EDGE_LOOP ( 'NONE', ( #5661, #860, #5969, #5518 ) ) ;
#4281 = DIRECTION ( 'NONE',  ( 0.0000000000000000000, 0.0000000000000000000, -1.000000000000000000 ) ) ;
#4282 = ADVANCED_FACE ( 'NONE', ( #4301 ), #3500, .F. ) ;
#4283 = VERTEX_POINT ( 'NONE', #1093 ) ;
#4284 = EDGE_CURVE ( 'NONE', #608, #1090, #540, .T. ) ;
#4285 = AXIS2_PLACEMENT_3D ( 'NONE', #1545, #3792, #359 ) ;
#4286 = LINE ( 'NONE', #6400, #6375 ) ;
#4287 = ORIENTED_EDGE ( 'NONE', *, *, #7096, .T. ) ;
#4288 = ORIENTED_EDGE ( 'NONE', *, *, #1590, .T. ) ;
#4289 = DIRECTION ( 'NONE',  ( 0.0000000000000000000, 1.339206523454101388E-15, 1.000000000000000000 ) ) ;
#4290 = EDGE_CURVE ( 'NONE', #3681, #5891, #6540, .T. ) ;
#4291 = DIRECTION ( 'NONE',  ( 0.0000000000000000000, 0.0000000000000000000, -1.000000000000000000 ) ) ;
#4292 = PRESENTATION_STYLE_ASSIGNMENT (( #5105 ) ) ;
#4293 = ORIENTED_EDGE ( 'NONE', *, *, #7165, .T. ) ;
#4294 = UNCERTAINTY_MEASURE_WITH_UNIT (LENGTH_MEASURE( 1.000000000000000082E-05 ), #1316, 'distance_accuracy_value', 'NONE');
#4295 =( NAMED_UNIT ( * ) PLANE_ANGLE_UNIT ( ) SI_UNIT ( $, .RADIAN. ) );
#4296 =( GEOMETRIC_REPRESENTATION_CONTEXT ( 3 ) GLOBAL_UNCERTAINTY_ASSIGNED_CONTEXT ( ( #1257 ) ) GLOBAL_UNIT_ASSIGNED_CONTEXT ( ( #5832, #6960, #4038 ) ) REPRESENTATION_CONTEXT ( 'NONE', 'WORKASPACE' ) );
#4297 = CARTESIAN_POINT ( 'NONE',  ( 0.7249999999999999778, 1.350000000000000089, -1.525000000000000133 ) ) ;
#4298 =( GEOMETRIC_REPRESENTATION_CONTEXT ( 3 ) GLOBAL_UNCERTAINTY_ASSIGNED_CONTEXT ( ( #7340 ) ) GLOBAL_UNIT_ASSIGNED_CONTEXT ( ( #1193, #5742, #7402 ) ) REPRESENTATION_CONTEXT ( 'NONE', 'WORKASPACE' ) );
#4299 = CARTESIAN_POINT ( 'NONE',  ( 3.225000000000000533, 0.05000000000000002359, -1.775000000000000133 ) ) ;
#4300 = CARTESIAN_POINT ( 'NONE',  ( -2.274999999999999911, 2.000000000000000000, -1.425000000000000044 ) ) ;
#4301 = FACE_OUTER_BOUND ( 'NONE', #800, .T. ) ;
#4302 = CARTESIAN_POINT ( 'NONE',  ( 1.775000000000000133, 1.850000000000000089, -1.698606797699999893 ) ) ;
#4303 = DIRECTION ( 'NONE',  ( 0.0000000000000000000, -1.000000000000000000, 0.0000000000000000000 ) ) ;
#4304 = DIRECTION ( 'NONE',  ( -0.0000000000000000000, -0.0000000000000000000, 1.000000000000000000 ) ) ;
#4305 = VERTEX_POINT ( 'NONE', #682 ) ;
#4306 = EDGE_CURVE ( 'NONE', #31, #5214, #712, .T. ) ;
#4307 = LINE ( 'NONE', #311, #3501 ) ;
#4308 = VERTEX_POINT ( 'NONE', #2414 ) ;
#4309 = CARTESIAN_POINT ( 'NONE',  ( 4.375000000000000000, 1.850000000000000089, -1.474999999999999867 ) ) ;
#4310 = CARTESIAN_POINT ( 'NONE',  ( 1.975000000000000089, 1.795247431900000024, 2.024999999999999911 ) ) ;
#4311 = ORIENTED_EDGE ( 'NONE', *, *, #2374, .T. ) ;
#4312 = CARTESIAN_POINT ( 'NONE',  ( 1.974999999999999867, 0.3500000000000000333, -2.024999999999999911 ) ) ;
#4313 = ORIENTED_EDGE ( 'NONE', *, *, #5393, .T. ) ;
#4314 = EDGE_CURVE ( 'NONE', #3150, #1182, #5022, .T. ) ;
#4315 = ORIENTED_EDGE ( 'NONE', *, *, #2919, .F. ) ;
#4316 = ORIENTED_EDGE ( 'NONE', *, *, #2355, .T. ) ;
#4317 = VERTEX_POINT ( 'NONE', #4051 ) ;
#4318 = ADVANCED_FACE ( 'NONE', ( #3488 ), #2960, .F. ) ;
#4319 = FILL_AREA_STYLE ('',( #6597 ) ) ;
#4320 = DIRECTION ( 'NONE',  ( 0.0000000000000000000, 2.997602166487923448E-15, -1.000000000000000000 ) ) ;
#4321 = LINE ( 'NONE', #4858, #904 ) ;
#4322 = PLANE ( 'NONE',  #6704 ) ;
#4323 = AXIS2_PLACEMENT_3D ( 'NONE', #5814, #2902, #4658 ) ;
#4324 = CARTESIAN_POINT ( 'NONE',  ( 1.775000000000000133, 1.000000000000000000, 1.525000000000000133 ) ) ;
#4325 = VECTOR ( 'NONE', #2394, 1000.000000000000000 ) ;
#4326 = ORIENTED_EDGE ( 'NONE', *, *, #627, .F. ) ;
#4327 = DIRECTION ( 'NONE',  ( 1.000000000000000000, 0.0000000000000000000, 0.0000000000000000000 ) ) ;
#4328 = VERTEX_POINT ( 'NONE', #6489 ) ;
#4329 = CARTESIAN_POINT ( 'NONE',  ( 2.875000000000000000, 1.000000000000000000, -1.525000000000000133 ) ) ;
#4330 = FILL_AREA_STYLE ('',( #1386 ) ) ;
#4331 = VECTOR ( 'NONE', #445, 1000.000000000000000 ) ;
#4332 =( LENGTH_UNIT ( ) NAMED_UNIT ( * ) SI_UNIT ( .MILLI., .METRE. ) );
#4333 = DIRECTION ( 'NONE',  ( -0.0000000000000000000, -1.339206523454102177E-15, -1.000000000000000000 ) ) ;
#4334 = LINE ( 'NONE', #3416, #2367 ) ;
#4335 = EDGE_LOOP ( 'NONE', ( #7053, #606, #2719, #268 ) ) ;
#4336 = PLANE ( 'NONE',  #3497 ) ;
#4337 = AXIS2_PLACEMENT_3D ( 'NONE', #6872, #2827, #4067 ) ;
#4338 = CARTESIAN_POINT ( 'NONE',  ( -2.274999999999999911, 1.950000000000002176, 1.375000000000006883 ) ) ;
#4339 = ORIENTED_EDGE ( 'NONE', *, *, #6083, .T. ) ;
#4340 = LINE ( 'NONE', #3106, #1463 ) ;
#4341 = CARTESIAN_POINT ( 'NONE',  ( -0.8249999999999999556, 1.850000000000000089, -1.698606797699999893 ) ) ;
#4342 = LINE ( 'NONE', #6538, #1280 ) ;
#4343 = ORIENTED_EDGE ( 'NONE', *, *, #1561, .T. ) ;
#4344 = EDGE_CURVE ( 'NONE', #1511, #1608, #63, .T. ) ;
#4345 = PRESENTATION_LAYER_ASSIGNMENT (  '', '', ( #658 ) ) ;
#4346 = DIRECTION ( 'NONE',  ( -1.000000000000000000, 0.0000000000000000000, 0.0000000000000000000 ) ) ;
#4347 = CARTESIAN_POINT ( 'NONE',  ( 0.7349999999999999867, 1.850000000000000089, -1.025000000000000133 ) ) ;
#4348 = VERTEX_POINT ( 'NONE', #3105 ) ;
#4349 = VECTOR ( 'NONE', #2381, 1000.000000000000000 ) ;
#4350 =( NAMED_UNIT ( * ) PLANE_ANGLE_UNIT ( ) SI_UNIT ( $, .RADIAN. ) );
#4351 = VECTOR ( 'NONE', #6208, 1000.000000000000000 ) ;
#4352 = VECTOR ( 'NONE', #5584, 1000.000000000000000 ) ;
#4353 = EDGE_CURVE ( 'NONE', #574, #4672, #2958, .T. ) ;
#4354 = CARTESIAN_POINT ( 'NONE',  ( 1.975000000000000089, 1.350000000000000089, 1.525000000000000133 ) ) ;
#4355 = ORIENTED_EDGE ( 'NONE', *, *, #3976, .T. ) ;
#4356 = ORIENTED_EDGE ( 'NONE', *, *, #4358, .F. ) ;
#4357 = CARTESIAN_POINT ( 'NONE',  ( -2.475000000000000089, 3.599999999999999201, -0.07500000000000128786 ) ) ;
#4358 = EDGE_CURVE ( 'NONE', #2118, #5413, #2601, .T. ) ;
#4359 = ORIENTED_EDGE ( 'NONE', *, *, #843, .T. ) ;
#4360 = LINE ( 'NONE', #315, #765 ) ;
#4361 =( LENGTH_UNIT ( ) NAMED_UNIT ( * ) SI_UNIT ( .MILLI., .METRE. ) );
#4362 = LINE ( 'NONE', #180, #6066 ) ;
#4363 = ADVANCED_FACE ( 'NONE', ( #248 ), #5129, .T. ) ;
#4364 = VECTOR ( 'NONE', #4421, 1000.000000000000000 ) ;
#4365 = FACE_OUTER_BOUND ( 'NONE', #808, .T. ) ;
#4366 = DIRECTION ( 'NONE',  ( 0.0000000000000000000, 0.0000000000000000000, -1.000000000000000000 ) ) ;
#4367 = ORIENTED_EDGE ( 'NONE', *, *, #6215, .F. ) ;
#4368 = EDGE_CURVE ( 'NONE', #3170, #2077, #4668, .T. ) ;
#4369 = ORIENTED_EDGE ( 'NONE', *, *, #6752, .F. ) ;
#4370 = VECTOR ( 'NONE', #2988, 1000.000000000000000 ) ;
#4371 = DIRECTION ( 'NONE',  ( 0.0000000000000000000, 0.0000000000000000000, 1.000000000000000000 ) ) ;
#4372 = SURFACE_STYLE_FILL_AREA ( #1147 ) ;
#4373 = ORIENTED_EDGE ( 'NONE', *, *, #2197, .F. ) ;
#4374 = MECHANICAL_DESIGN_GEOMETRIC_PRESENTATION_REPRESENTATION (  '', ( #118 ), #7304 ) ;
#4375 = ORIENTED_EDGE ( 'NONE', *, *, #2402, .T. ) ;
#4376 = EDGE_CURVE ( 'NONE', #1081, #5321, #6002, .T. ) ;
#4377 = DIRECTION ( 'NONE',  ( 0.0000000000000000000, 0.0000000000000000000, 1.000000000000000000 ) ) ;
#4378 = LINE ( 'NONE', #6288, #1600 ) ;
#4379 = ORIENTED_EDGE ( 'NONE', *, *, #3208, .T. ) ;
#4380 = ORIENTED_EDGE ( 'NONE', *, *, #5879, .T. ) ;
#4381 = VERTEX_POINT ( 'NONE', #7275 ) ;
#4382 = STYLED_ITEM ( 'NONE', ( #1338 ), #372 ) ;
#4383 = CARTESIAN_POINT ( 'NONE',  ( 5.375000000000000000, 1.950000000000002176, 1.375000000000006883 ) ) ;
#4384 = DIRECTION ( 'NONE',  ( -1.000000000000000000, -0.0000000000000000000, -0.0000000000000000000 ) ) ;
#4385 = ADVANCED_BREP_SHAPE_REPRESENTATION ( 'B04MB-GHS-TBT', ( #6048, #5730, #3508, #5079, #6720, #4394, #6947, #4775 ), #5675 ) ;
#4386 = EDGE_LOOP ( 'NONE', ( #5572, #6065, #693, #3888 ) ) ;
#4387 = ORIENTED_EDGE ( 'NONE', *, *, #3382, .T. ) ;
#4388 = EDGE_CURVE ( 'NONE', #6168, #5776, #7307, .T. ) ;
#4389 = CARTESIAN_POINT ( 'NONE',  ( -2.274999999999999911, 2.250000000000000000, -2.024999999999999911 ) ) ;
#4390 = DIRECTION ( 'NONE',  ( 0.0000000000000000000, 1.000000000000000000, 0.0000000000000000000 ) ) ;
#4391 = AXIS2_PLACEMENT_3D ( 'NONE', #5988, #4846, #6560 ) ;
#4392 = LINE ( 'NONE', #5689, #2877 ) ;
#4393 = VECTOR ( 'NONE', #3941, 1000.000000000000000 ) ;
#4394 = MANIFOLD_SOLID_BREP ( 'Combine5', #1409 ) ;
#4395 = ADVANCED_FACE ( 'NONE', ( #5823 ), #1655, .T. ) ;
#4396 = CARTESIAN_POINT ( 'NONE',  ( -2.475000000000000089, 1.999999999999997780, -2.075000000000008615 ) ) ;
#4397 = EDGE_CURVE ( 'NONE', #3187, #491, #5912, .T. ) ;
#4398 = PLANE ( 'NONE',  #1563 ) ;
#4399 = LINE ( 'NONE', #962, #362 ) ;
#4400 =( NAMED_UNIT ( * ) PLANE_ANGLE_UNIT ( ) SI_UNIT ( $, .RADIAN. ) );
#4401 = FACE_OUTER_BOUND ( 'NONE', #3739, .T. ) ;
#4402 = VERTEX_POINT ( 'NONE', #2832 ) ;
#4403 = EDGE_CURVE ( 'NONE', #4455, #7156, #5633, .T. ) ;
#4404 = DIRECTION ( 'NONE',  ( 1.000000000000000000, 0.0000000000000000000, 0.0000000000000000000 ) ) ;
#4405 = CARTESIAN_POINT ( 'NONE',  ( 1.775000000000000133, 1.649999999999999911, 2.024999999999999911 ) ) ;
#4406 = CARTESIAN_POINT ( 'NONE',  ( 1.765000000000000124, 1.000000000000000000, -1.474999999999999867 ) ) ;
#4407 = CARTESIAN_POINT ( 'NONE',  ( 0.5250000000000000222, 1.649999999999999911, -1.698606797699999893 ) ) ;
#4408 = VECTOR ( 'NONE', #71, 1000.000000000000000 ) ;
#4409 = DIRECTION ( 'NONE',  ( 0.0000000000000000000, 1.000000000000000000, 0.0000000000000000000 ) ) ;
#4410 = VECTOR ( 'NONE', #46, 1000.000000000000000 ) ;
#4411 = CARTESIAN_POINT ( 'NONE',  ( 0.5250000000000000222, 1.649999999999999911, -1.474999999999999867 ) ) ;
#4412 = VERTEX_POINT ( 'NONE', #6356 ) ;
#4413 = FACE_OUTER_BOUND ( 'NONE', #5497, .T. ) ;
#4414 = VERTEX_POINT ( 'NONE', #610 ) ;
#4415 = DIRECTION ( 'NONE',  ( 0.0000000000000000000, 0.0000000000000000000, -1.000000000000000000 ) ) ;
#4416 = VERTEX_POINT ( 'NONE', #2909 ) ;
#4417 = CARTESIAN_POINT ( 'NONE',  ( -0.5250000000000000222, 0.3499999999999999778, -2.075000000000000178 ) ) ;
#4418 = VECTOR ( 'NONE', #1083, 1000.000000000000000 ) ;
#4419 = VECTOR ( 'NONE', #6379, 1000.000000000000000 ) ;
#4420 = EDGE_LOOP ( 'NONE', ( #6488, #5088, #994, #5378 ) ) ;
#4421 = DIRECTION ( 'NONE',  ( 0.0000000000000000000, -1.000000000000000000, 0.0000000000000000000 ) ) ;
#4422 = DIRECTION ( 'NONE',  ( 0.0000000000000000000, 0.0000000000000000000, 1.000000000000000000 ) ) ;
#4423 = CARTESIAN_POINT ( 'NONE',  ( -0.8750000000000000000, 2.250000000000000000, -2.024999999999999911 ) ) ;
#4424 = LINE ( 'NONE', #3845, #666 ) ;
#4425 = ORIENTED_EDGE ( 'NONE', *, *, #5387, .T. ) ;
#4426 = DIRECTION ( 'NONE',  ( 0.0000000000000000000, 1.000000000000000000, 0.0000000000000000000 ) ) ;
#4427 = CARTESIAN_POINT ( 'NONE',  ( 1.775000000000000133, 1.850000000000000089, 2.024999999999999911 ) ) ;
#4428 = EDGE_CURVE ( 'NONE', #7312, #6828, #5996, .T. ) ;
#4429 = FACE_OUTER_BOUND ( 'NONE', #1988, .T. ) ;
#4430 = ADVANCED_FACE ( 'NONE', ( #1151 ), #1926, .F. ) ;
#4431 = SURFACE_STYLE_USAGE ( .BOTH. , #2110 ) ;
#4432 = AXIS2_PLACEMENT_3D ( 'NONE', #175, #1361, #3666 ) ;
#4433 = VERTEX_POINT ( 'NONE', #5932 ) ;
#4434 = ORIENTED_EDGE ( 'NONE', *, *, #7388, .T. ) ;
#4435 = CARTESIAN_POINT ( 'NONE',  ( -2.500000000000000000, 4.240000000000000213, -2.024999999999999911 ) ) ;
#4436 = LINE ( 'NONE', #1100, #4254 ) ;
#4437 = DIRECTION ( 'NONE',  ( -1.000000000000000000, 0.0000000000000000000, 0.0000000000000000000 ) ) ;
#4438 = EDGE_CURVE ( 'NONE', #4652, #6779, #4756, .T. ) ;
#4439 = VERTEX_POINT ( 'NONE', #5766 ) ;
#4440 = VECTOR ( 'NONE', #4526, 1000.000000000000000 ) ;
#4442 = LINE ( 'NONE', #2691, #5512 ) ;
#4441 = AXIS2_PLACEMENT_3D ( 'NONE', #3008, #6465, #5888 ) ;
#4443 = DIRECTION ( 'NONE',  ( 0.0000000000000000000, -1.000000000000000000, 0.0000000000000000000 ) ) ;
#4444 = CARTESIAN_POINT ( 'NONE',  ( 0.7250000000000000888, 0.5000000000000000000, 2.024999999999999911 ) ) ;
#4445 = PRESENTATION_LAYER_ASSIGNMENT (  '', '', ( #711 ) ) ;
#4446 = ORIENTED_EDGE ( 'NONE', *, *, #355, .F. ) ;
#4447 = VERTEX_POINT ( 'NONE', #5179 ) ;
#4448 = LINE ( 'NONE', #4716, #3725 ) ;
#4449 = EDGE_CURVE ( 'NONE', #1136, #3118, #3838, .T. ) ;
#4450 = LINE ( 'NONE', #6221, #508 ) ;
#4451 = FACE_OUTER_BOUND ( 'NONE', #5286, .T. ) ;
#4452 = SURFACE_SIDE_STYLE ('',( #1913 ) ) ;
#4453 = EDGE_CURVE ( 'NONE', #5621, #926, #1700, .T. ) ;
#4454 = PLANE ( 'NONE',  #2670 ) ;
#4455 = VERTEX_POINT ( 'NONE', #1143 ) ;
#4456 = ORIENTED_EDGE ( 'NONE', *, *, #664, .T. ) ;
#4457 = DIRECTION ( 'NONE',  ( -0.0000000000000000000, 0.0000000000000000000, 1.000000000000000000 ) ) ;
#4458 =( NAMED_UNIT ( * ) SI_UNIT ( $, .STERADIAN. ) SOLID_ANGLE_UNIT ( ) );
#4459 = LINE ( 'NONE', #1737, #1400 ) ;
#4460 = ORIENTED_EDGE ( 'NONE', *, *, #1685, .T. ) ;
#4461 = CARTESIAN_POINT ( 'NONE',  ( 1.775000000000000133, 0.0000000000000000000, -1.525000000000000133 ) ) ;
#4462 = EDGE_CURVE ( 'NONE', #22, #59, #969, .T. ) ;
#4463 = CARTESIAN_POINT ( 'NONE',  ( 1.975000000000000089, 0.0000000000000000000, 0.0000000000000000000 ) ) ;
#4464 = ORIENTED_EDGE ( 'NONE', *, *, #5555, .F. ) ;
#4465 = DIRECTION ( 'NONE',  ( 0.0000000000000000000, -1.084202172485501673E-15, -1.000000000000000000 ) ) ;
#4466 = VECTOR ( 'NONE', #6343, 1000.000000000000000 ) ;
#4467 = CARTESIAN_POINT ( 'NONE',  ( -0.4249999999999999889, 1.649999999999999911, -1.698606797699999893 ) ) ;
#4468 = ORIENTED_EDGE ( 'NONE', *, *, #355, .T. ) ;
#4469 = ORIENTED_EDGE ( 'NONE', *, *, #4449, .F. ) ;
#4470 = AXIS2_PLACEMENT_3D ( 'NONE', #6793, #3391, #6815 ) ;
#4471 = ADVANCED_FACE ( 'NONE', ( #630 ), #2339, .T. ) ;
#4472 = APPLICATION_PROTOCOL_DEFINITION ( 'draft international standard', 'automotive_design', 1998, #2148 ) ;
#4473 = PLANE ( 'NONE',  #5155 ) ;
#4474 = PLANE ( 'NONE',  #132 ) ;
#4475 = LINE ( 'NONE', #7041, #2872 ) ;
#4476 = ORIENTED_EDGE ( 'NONE', *, *, #1703, .T. ) ;
#4477 = VERTEX_POINT ( 'NONE', #5222 ) ;
#4478 = DIRECTION ( 'NONE',  ( -1.000000000000000000, 0.0000000000000000000, 0.0000000000000000000 ) ) ;
#4479 = AXIS2_PLACEMENT_3D ( 'NONE', #2639, #3677, #1402 ) ;
#4480 = FILL_AREA_STYLE ('',( #5010 ) ) ;
#4481 = PRESENTATION_STYLE_ASSIGNMENT (( #3448 ) ) ;
#4482 = ORIENTED_EDGE ( 'NONE', *, *, #1668, .F. ) ;
#4483 = ORIENTED_EDGE ( 'NONE', *, *, #5346, .F. ) ;
#4484 = CARTESIAN_POINT ( 'NONE',  ( 5.375000000000000000, 3.600000000000000977, -1.425000000000000044 ) ) ;
#4485 = PLANE ( 'NONE',  #4627 ) ;
#4486 = DIRECTION ( 'NONE',  ( 0.0000000000000000000, 0.0000000000000000000, -1.000000000000000000 ) ) ;
#4487 = EDGE_CURVE ( 'NONE', #6964, #4535, #5541, .T. ) ;
#4488 = DIRECTION ( 'NONE',  ( 0.0000000000000000000, 0.0000000000000000000, 1.000000000000000000 ) ) ;
#4489 = FACE_OUTER_BOUND ( 'NONE', #3465, .T. ) ;
#4490 = DIRECTION ( 'NONE',  ( 1.000000000000000000, 0.0000000000000000000, 0.0000000000000000000 ) ) ;
#4491 = AXIS2_PLACEMENT_3D ( 'NONE', #6461, #3048, #3583 ) ;
#4492 = ORIENTED_EDGE ( 'NONE', *, *, #3655, .T. ) ;
#4493 = VECTOR ( 'NONE', #1181, 1000.000000000000000 ) ;
#4494 = VERTEX_POINT ( 'NONE', #6380 ) ;
#4495 = EDGE_CURVE ( 'NONE', #2910, #271, #439, .T. ) ;
#4496 = ORIENTED_EDGE ( 'NONE', *, *, #5260, .T. ) ;
#4497 = VERTEX_POINT ( 'NONE', #3496 ) ;
#4498 = EDGE_CURVE ( 'NONE', #6047, #4698, #1789, .T. ) ;
#4499 = LINE ( 'NONE', #3642, #655 ) ;
#4500 = ORIENTED_EDGE ( 'NONE', *, *, #1451, .F. ) ;
#4501 = CARTESIAN_POINT ( 'NONE',  ( 3.024999999999999911, 0.5547525681000000652, 2.024999999999999911 ) ) ;
#4502 = VECTOR ( 'NONE', #166, 1000.000000000000000 ) ;
#4503 = DIRECTION ( 'NONE',  ( 0.0000000000000000000, 0.0000000000000000000, 1.000000000000000000 ) ) ;
#4504 = DIRECTION ( 'NONE',  ( 0.0000000000000000000, 1.084202172485501673E-15, 1.000000000000000000 ) ) ;
#4505 = PLANE ( 'NONE',  #2186 ) ;
#4506 = CARTESIAN_POINT ( 'NONE',  ( 3.225000000000000533, 1.850000000000000089, -1.698606797699999893 ) ) ;
#4507 = VECTOR ( 'NONE', #4244, 1000.000000000000000 ) ;
#4508 = ORIENTED_EDGE ( 'NONE', *, *, #4689, .T. ) ;
#4509 = VECTOR ( 'NONE', #5053, 1000.000000000000000 ) ;
#4510 = AXIS2_PLACEMENT_3D ( 'NONE', #5840, #3471, #5177 ) ;
#4511 = CARTESIAN_POINT ( 'NONE',  ( -0.3749999999999994449, 4.250000000000000000, 2.024999999999999911 ) ) ;
#4512 = MECHANICAL_DESIGN_GEOMETRIC_PRESENTATION_REPRESENTATION (  '', ( #121 ), #536 ) ;
#4513 = LINE ( 'NONE', #4118, #9 ) ;
#4514 = VERTEX_POINT ( 'NONE', #3614 ) ;
#4515 = DIRECTION ( 'NONE',  ( 0.0000000000000000000, 0.0000000000000000000, 1.000000000000000000 ) ) ;
#4516 = SURFACE_SIDE_STYLE ('',( #5923 ) ) ;
#4517 = CARTESIAN_POINT ( 'NONE',  ( 0.5250000000000000222, 1.850000000000000089, 2.024999999999999911 ) ) ;
#4518 = FACE_OUTER_BOUND ( 'NONE', #2242, .T. ) ;
#4519 = ORIENTED_EDGE ( 'NONE', *, *, #2526, .F. ) ;
#4520 = CARTESIAN_POINT ( 'NONE',  ( 3.675000000000000266, 1.850000000000000089, 2.024999999999999911 ) ) ;
#4521 = CARTESIAN_POINT ( 'NONE',  ( -0.5250000000000000222, 1.795247431900000024, 2.024999999999999911 ) ) ;
#4522 = ORIENTED_EDGE ( 'NONE', *, *, #1021, .T. ) ;
#4523 = ORIENTED_EDGE ( 'NONE', *, *, #1315, .F. ) ;
#4524 = EDGE_CURVE ( 'NONE', #6864, #4828, #4286, .T. ) ;
#4525 = CARTESIAN_POINT ( 'NONE',  ( 5.375000000000000000, 1.000000000000000000, -1.525000000000000133 ) ) ;
#4526 = DIRECTION ( 'NONE',  ( 0.0000000000000000000, 0.0000000000000000000, -1.000000000000000000 ) ) ;
#4527 = UNCERTAINTY_MEASURE_WITH_UNIT (LENGTH_MEASURE( 1.000000000000000082E-05 ), #1623, 'distance_accuracy_value', 'NONE');
#4528 = DIRECTION ( 'NONE',  ( -1.000000000000000000, 0.0000000000000000000, 0.0000000000000000000 ) ) ;
#4529 = VECTOR ( 'NONE', #6460, 1000.000000000000000 ) ;
#4530 = EDGE_LOOP ( 'NONE', ( #5641, #1365, #5526, #4080, #3333, #6972 ) ) ;
#4531 = VECTOR ( 'NONE', #2846, 1000.000000000000000 ) ;
#4532 = EDGE_LOOP ( 'NONE', ( #2503, #2188, #3638, #2990 ) ) ;
#4533 = AXIS2_PLACEMENT_3D ( 'NONE', #3916, #1007, #5618 ) ;
#4534 = DIRECTION ( 'NONE',  ( 0.0000000000000000000, 0.0000000000000000000, -1.000000000000000000 ) ) ;
#4535 = VERTEX_POINT ( 'NONE', #51 ) ;
#4536 = ORIENTED_EDGE ( 'NONE', *, *, #5569, .F. ) ;
#4537 = CARTESIAN_POINT ( 'NONE',  ( 4.975000000000000533, 4.249999999999992895, -0.07499999999999976130 ) ) ;
#4538 = LINE ( 'NONE', #6878, #6929 ) ;
#4539 = DIRECTION ( 'NONE',  ( -0.0000000000000000000, -0.0000000000000000000, 1.000000000000000000 ) ) ;
#4540 = COLOUR_RGB ( '',1.000000000000000000, 1.000000000000000000, 1.000000000000000000 ) ;
#4541 = PRESENTATION_STYLE_ASSIGNMENT (( #3176 ) ) ;
#4542 = ORIENTED_EDGE ( 'NONE', *, *, #1134, .F. ) ;
#4543 = PRESENTATION_STYLE_ASSIGNMENT (( #1426 ) ) ;
#4544 = EDGE_CURVE ( 'NONE', #141, #5992, #4475, .T. ) ;
#4545 = ORIENTED_EDGE ( 'NONE', *, *, #6383, .F. ) ;
#4546 = EDGE_LOOP ( 'NONE', ( #2234, #3904, #4243, #5565 ) ) ;
#4547 = ORIENTED_EDGE ( 'NONE', *, *, #3532, .T. ) ;
#4548 = ADVANCED_FACE ( 'NONE', ( #4843 ), #4864, .F. ) ;
#4549 = STYLED_ITEM ( 'NONE', ( #6117 ), #3598 ) ;
#4550 = VECTOR ( 'NONE', #4390, 1000.000000000000000 ) ;
#4551 = PLANE ( 'NONE',  #557 ) ;
#4552 = LINE ( 'NONE', #4417, #2847 ) ;
#4553 = FACE_OUTER_BOUND ( 'NONE', #2095, .T. ) ;
#4554 = AXIS2_PLACEMENT_3D ( 'NONE', #6300, #3995, #5339 ) ;
#4555 = CARTESIAN_POINT ( 'NONE',  ( 0.8249999999999999556, 1.649999999999999911, -1.474999999999999867 ) ) ;
#4556 = ORIENTED_EDGE ( 'NONE', *, *, #5510, .T. ) ;
#4557 = ORIENTED_EDGE ( 'NONE', *, *, #2060, .F. ) ;
#4558 = VERTEX_POINT ( 'NONE', #1385 ) ;
#4559 = LINE ( 'NONE', #385, #6614 ) ;
#4560 = ORIENTED_EDGE ( 'NONE', *, *, #3668, .F. ) ;
#4561 = PLANE ( 'NONE',  #764 ) ;
#4562 = CARTESIAN_POINT ( 'NONE',  ( 0.5150000000000000133, 1.000000000000000000, -1.025000000000000133 ) ) ;
#4563 = DIRECTION ( 'NONE',  ( 1.000000000000000000, 0.0000000000000000000, 0.0000000000000000000 ) ) ;
#4564 = FILL_AREA_STYLE_COLOUR ( '', #5142 ) ;
#4565 = DIRECTION ( 'NONE',  ( 0.0000000000000000000, 0.0000000000000000000, 1.000000000000000000 ) ) ;
#4566 = CARTESIAN_POINT ( 'NONE',  ( 1.974999999999999867, 0.3499999999999999778, -2.075000000000000178 ) ) ;
#4567 = EDGE_LOOP ( 'NONE', ( #1405, #775, #626, #4972 ) ) ;
#4568 = FACE_OUTER_BOUND ( 'NONE', #7243, .T. ) ;
#4569 = ORIENTED_EDGE ( 'NONE', *, *, #2347, .T. ) ;
#4570 = CARTESIAN_POINT ( 'NONE',  ( 3.015000000000000124, 0.0000000000000000000, -1.474999999999999867 ) ) ;
#4571 = EDGE_CURVE ( 'NONE', #3085, #1550, #6184, .T. ) ;
#4572 = PLANE ( 'NONE',  #1617 ) ;
#4573 = DIRECTION ( 'NONE',  ( 1.000000000000000000, 0.0000000000000000000, 0.0000000000000000000 ) ) ;
#4574 = ORIENTED_EDGE ( 'NONE', *, *, #3718, .T. ) ;
#4575 = AXIS2_PLACEMENT_3D ( 'NONE', #5626, #3235, #3893 ) ;
#4576 = PLANE ( 'NONE',  #2864 ) ;
#4577 = VECTOR ( 'NONE', #4657, 1000.000000000000000 ) ;
#4578 = DIRECTION ( 'NONE',  ( 0.0000000000000000000, -1.000000000000000000, 0.0000000000000000000 ) ) ;
#4579 = LINE ( 'NONE', #3749, #6198 ) ;
#4580 = DIRECTION ( 'NONE',  ( 0.0000000000000000000, 1.000000000000000000, 0.0000000000000000000 ) ) ;
#4581 = CARTESIAN_POINT ( 'NONE',  ( -0.5250000000000000222, 1.850000000000000089, -1.698606797699999893 ) ) ;
#4582 = DIRECTION ( 'NONE',  ( -0.0000000000000000000, 1.000000000000000000, 0.0000000000000000000 ) ) ;
#4583 = LINE ( 'NONE', #5123, #6467 ) ;
#4584 = DIRECTION ( 'NONE',  ( 0.0000000000000000000, 0.0000000000000000000, -1.000000000000000000 ) ) ;
#4585 = VECTOR ( 'NONE', #1704, 1000.000000000000000 ) ;
#4586 = ADVANCED_FACE ( 'NONE', ( #531 ), #2583, .T. ) ;
#4587 = DIRECTION ( 'NONE',  ( 0.0000000000000000000, 1.339206523454101388E-15, 1.000000000000000000 ) ) ;
#4588 = EDGE_CURVE ( 'NONE', #5413, #2777, #2502, .T. ) ;
#4589 =( NAMED_UNIT ( * ) PLANE_ANGLE_UNIT ( ) SI_UNIT ( $, .RADIAN. ) );
#4590 = VECTOR ( 'NONE', #5911, 1000.000000000000000 ) ;
#4591 = ORIENTED_EDGE ( 'NONE', *, *, #901, .F. ) ;
#4592 = EDGE_LOOP ( 'NONE', ( #2505, #1020, #3587, #591 ) ) ;
#4593 = ADVANCED_FACE ( 'NONE', ( #3560, #6697 ), #790, .F. ) ;
#4594 = LINE ( 'NONE', #3607, #2266 ) ;
#4595 = CARTESIAN_POINT ( 'NONE',  ( -2.500000000000000000, 4.240000000000000213, 2.024999999999999911 ) ) ;
#4596 = CARTESIAN_POINT ( 'NONE',  ( 2.500000000000000444, 4.250000000000000000, 0.0000000000000000000 ) ) ;
#4597 = LINE ( 'NONE', #2905, #2179 ) ;
#4598 = ORIENTED_EDGE ( 'NONE', *, *, #2193, .F. ) ;
#4599 = EDGE_CURVE ( 'NONE', #1113, #212, #2054, .T. ) ;
#4600 = DIRECTION ( 'NONE',  ( 1.000000000000000000, 0.0000000000000000000, 0.0000000000000000000 ) ) ;
#4601 = VERTEX_POINT ( 'NONE', #227 ) ;
#4602 = VECTOR ( 'NONE', #717, 1000.000000000000000 ) ;
#4603 = EDGE_CURVE ( 'NONE', #4164, #1176, #6177, .T. ) ;
#4604 = FACE_OUTER_BOUND ( 'NONE', #1242, .T. ) ;
#4605 = VERTEX_POINT ( 'NONE', #7104 ) ;
#4606 = SURFACE_STYLE_USAGE ( .BOTH. , #4015 ) ;
#4607 = DIRECTION ( 'NONE',  ( 0.0000000000000000000, 1.000000000000000000, 0.0000000000000000000 ) ) ;
#4608 = COLOUR_RGB ( '',0.6470588235294117974, 0.6196078431372549211, 0.5882352941176470784 ) ;
#4609 = EDGE_CURVE ( 'NONE', #1732, #5156, #341, .T. ) ;
#4610 = DIRECTION ( 'NONE',  ( 1.000000000000000000, 0.0000000000000000000, 0.0000000000000000000 ) ) ;
#4611 = DIRECTION ( 'NONE',  ( 0.0000000000000000000, -0.6650335612228979176, -0.7468134723257140450 ) ) ;
#4612 = ORIENTED_EDGE ( 'NONE', *, *, #1064, .T. ) ;
#4613 = CARTESIAN_POINT ( 'NONE',  ( 3.225000000000000533, 0.3499999999999999778, -2.075000000000000178 ) ) ;
#4614 =( LENGTH_UNIT ( ) NAMED_UNIT ( * ) SI_UNIT ( .MILLI., .METRE. ) );
#4615 = AXIS2_PLACEMENT_3D ( 'NONE', #1256, #5928, #4789 ) ;
#4616 = SURFACE_STYLE_FILL_AREA ( #7369 ) ;
#4617 = DIRECTION ( 'NONE',  ( 0.0000000000000000000, -1.000000000000000000, 0.0000000000000000000 ) ) ;
#4618 = CARTESIAN_POINT ( 'NONE',  ( 1.775000000000000133, 1.795247431900000024, 2.024999999999999911 ) ) ;
#4619 = LINE ( 'NONE', #794, #7264 ) ;
#4620 = EDGE_LOOP ( 'NONE', ( #6032, #5672, #2675, #4177 ) ) ;
#4621 = ORIENTED_EDGE ( 'NONE', *, *, #11, .T. ) ;
#4622 = ADVANCED_FACE ( 'NONE', ( #2327 ), #809, .F. ) ;
#4623 = LINE ( 'NONE', #3063, #3276 ) ;
#4624 = ORIENTED_EDGE ( 'NONE', *, *, #3337, .F. ) ;
#4625 = FACE_OUTER_BOUND ( 'NONE', #6076, .T. ) ;
#4626 = DIRECTION ( 'NONE',  ( -1.000000000000000000, 0.0000000000000000000, 0.0000000000000000000 ) ) ;
#4627 = AXIS2_PLACEMENT_3D ( 'NONE', #1626, #1824, #7080 ) ;
#4628 = ORIENTED_EDGE ( 'NONE', *, *, #6291, .T. ) ;
#4629 = UNCERTAINTY_MEASURE_WITH_UNIT (LENGTH_MEASURE( 1.000000000000000082E-05 ), #3004, 'distance_accuracy_value', 'NONE');
#4630 = CARTESIAN_POINT ( 'NONE',  ( 1.984999999999999876, 1.850000000000000089, -2.024999999999999911 ) ) ;
#4631 = VECTOR ( 'NONE', #2717, 1000.000000000000000 ) ;
#4632 = VECTOR ( 'NONE', #1827, 1000.000000000000000 ) ;
#4633 = DIRECTION ( 'NONE',  ( 0.0000000000000000000, -1.000000000000000000, 0.0000000000000000000 ) ) ;
#4634 = ADVANCED_FACE ( 'NONE', ( #7214 ), #309, .T. ) ;
#4635 = CARTESIAN_POINT ( 'NONE',  ( 3.325000000000000622, 1.850000000000000089, -1.474999999999999867 ) ) ;
#4636 = EDGE_CURVE ( 'NONE', #7049, #271, #2235, .T. ) ;
#4637 = CARTESIAN_POINT ( 'NONE',  ( -0.8249999999999999556, 1.850000000000000089, -1.698606797699999893 ) ) ;
#4638 = SURFACE_STYLE_USAGE ( .BOTH. , #3494 ) ;
#4639 = ORIENTED_EDGE ( 'NONE', *, *, #6739, .T. ) ;
#4640 = ORIENTED_EDGE ( 'NONE', *, *, #5607, .F. ) ;
#4641 = ORIENTED_EDGE ( 'NONE', *, *, #5801, .F. ) ;
#4642 = DIRECTION ( 'NONE',  ( 1.000000000000000000, 0.0000000000000000000, 0.0000000000000000000 ) ) ;
#4643 = CARTESIAN_POINT ( 'NONE',  ( 3.235000000000000320, 1.850000000000000089, -1.025000000000000133 ) ) ;
#4644 = LINE ( 'NONE', #128, #1586 ) ;
#4645 = VECTOR ( 'NONE', #1073, 1000.000000000000000 ) ;
#4646 = AXIS2_PLACEMENT_3D ( 'NONE', #3657, #7057, #718 ) ;
#4647 = ORIENTED_EDGE ( 'NONE', *, *, #6417, .T. ) ;
#4648 = VECTOR ( 'NONE', #2167, 1000.000000000000000 ) ;
#4649 = EDGE_CURVE ( 'NONE', #6422, #4828, #5438, .T. ) ;
#4650 = EDGE_LOOP ( 'NONE', ( #6025, #418, #4387, #5676 ) ) ;
#4651 = EDGE_CURVE ( 'NONE', #5188, #7312, #6788, .T. ) ;
#4652 = VERTEX_POINT ( 'NONE', #387 ) ;
#4653 = SURFACE_SIDE_STYLE ('',( #6059 ) ) ;
#4654 = PRESENTATION_STYLE_ASSIGNMENT (( #6136 ) ) ;
#4655 = ORIENTED_EDGE ( 'NONE', *, *, #4449, .T. ) ;
#4656 = EDGE_CURVE ( 'NONE', #6113, #1200, #5263, .T. ) ;
#4657 = DIRECTION ( 'NONE',  ( 1.000000000000000000, 0.0000000000000000000, 0.0000000000000000000 ) ) ;
#4658 = DIRECTION ( 'NONE',  ( -1.000000000000000000, 0.0000000000000000000, 0.0000000000000000000 ) ) ;
#4659 = VECTOR ( 'NONE', #1357, 1000.000000000000000 ) ;
#4660 = ORIENTED_EDGE ( 'NONE', *, *, #4092, .F. ) ;
#4661 = CARTESIAN_POINT ( 'NONE',  ( 4.375000000000000000, 3.750000000000000000, -2.024999999999999911 ) ) ;
#4662 = CARTESIAN_POINT ( 'NONE',  ( 0.7250000000000000888, 1.649999999999999911, -1.025000000000000133 ) ) ;
#4663 =( LENGTH_UNIT ( ) NAMED_UNIT ( * ) SI_UNIT ( .MILLI., .METRE. ) );
#4664 = ADVANCED_FACE ( 'NONE', ( #6453 ), #982, .F. ) ;
#4665 = AXIS2_PLACEMENT_3D ( 'NONE', #6330, #2812, #3380 ) ;
#4666 = EDGE_CURVE ( 'NONE', #2006, #5890, #6532, .T. ) ;
#4667 = ORIENTED_EDGE ( 'NONE', *, *, #2333, .F. ) ;
#4668 = LINE ( 'NONE', #1605, #349 ) ;
#4669 = ORIENTED_EDGE ( 'NONE', *, *, #7392, .T. ) ;
#4670 = VERTEX_POINT ( 'NONE', #4983 ) ;
#4671 = PLANE ( 'NONE',  #2901 ) ;
#4672 = VERTEX_POINT ( 'NONE', #6716 ) ;
#4673 = ADVANCED_FACE ( 'NONE', ( #4568 ), #7221, .T. ) ;
#4674 = FACE_OUTER_BOUND ( 'NONE', #4546, .T. ) ;
#4675 = CARTESIAN_POINT ( 'NONE',  ( -0.5150000000000000133, 1.649999999999999911, -1.698606797699999893 ) ) ;
#4676 = ORIENTED_EDGE ( 'NONE', *, *, #5147, .T. ) ;
#4677 = EDGE_CURVE ( 'NONE', #7356, #4094, #5096, .T. ) ;
#4678 = VECTOR ( 'NONE', #6669, 1000.000000000000000 ) ;
#4679 = CARTESIAN_POINT ( 'NONE',  ( 0.7250000000000000888, 1.000000000000000000, 1.525000000000000133 ) ) ;
#4680 = SURFACE_STYLE_USAGE ( .BOTH. , #669 ) ;
#4681 = STYLED_ITEM ( 'NONE', ( #4541 ), #1958 ) ;
#4682 = CARTESIAN_POINT ( 'NONE',  ( 0.4249999999999999889, 1.649999999999999911, -1.474999999999999867 ) ) ;
#4683 = CARTESIAN_POINT ( 'NONE',  ( -1.875000000000000000, 2.550000000000000266, 2.024999999999999911 ) ) ;
#4684 = CARTESIAN_POINT ( 'NONE',  ( 1.974999999999999867, 0.05000000000000002359, -1.775000000000000133 ) ) ;
#4685 = ORIENTED_EDGE ( 'NONE', *, *, #3326, .T. ) ;
#4686 = ORIENTED_EDGE ( 'NONE', *, *, #3486, .F. ) ;
#4687 = DIRECTION ( 'NONE',  ( 1.000000000000000000, 0.0000000000000000000, 0.0000000000000000000 ) ) ;
#4688 = VERTEX_POINT ( 'NONE', #3959 ) ;
#4689 = EDGE_CURVE ( 'NONE', #4402, #6233, #4194, .T. ) ;
#4690 = MECHANICAL_DESIGN_GEOMETRIC_PRESENTATION_REPRESENTATION (  '', ( #3151 ), #6604 ) ;
#4691 = LINE ( 'NONE', #2456, #1731 ) ;
#4692 = EDGE_LOOP ( 'NONE', ( #322, #779, #1028, #1422 ) ) ;
#4693 = AXIS2_PLACEMENT_3D ( 'NONE', #4045, #6324, #2886 ) ;
#4694 = FACE_OUTER_BOUND ( 'NONE', #1969, .T. ) ;
#4695 = DIRECTION ( 'NONE',  ( 0.0000000000000000000, -1.000000000000000000, 3.295974604355854593E-17 ) ) ;
#4696 = CARTESIAN_POINT ( 'NONE',  ( 3.225000000000000533, 0.0000000000000000000, 0.0000000000000000000 ) ) ;
#4697 = VECTOR ( 'NONE', #6352, 1000.000000000000114 ) ;
#4698 = VERTEX_POINT ( 'NONE', #1107 ) ;
#4699 = EDGE_CURVE ( 'NONE', #5727, #4416, #140, .T. ) ;
#4700 = VECTOR ( 'NONE', #2057, 1000.000000000000000 ) ;
#4701 = STYLED_ITEM ( 'NONE', ( #2224 ), #5079 ) ;
#4702 = DIRECTION ( 'NONE',  ( -0.0000000000000000000, 1.000000000000000000, 0.0000000000000000000 ) ) ;
#4703 = DIRECTION ( 'NONE',  ( 1.000000000000000000, 0.0000000000000000000, 0.0000000000000000000 ) ) ;
#4704 = VECTOR ( 'NONE', #4303, 1000.000000000000000 ) ;
#4705 = ORIENTED_EDGE ( 'NONE', *, *, #3925, .T. ) ;
#4706 = DIRECTION ( 'NONE',  ( 0.0000000000000000000, 1.000000000000000000, 0.0000000000000000000 ) ) ;
#4707 = FILL_AREA_STYLE_COLOUR ( '', #3067 ) ;
#4708 = DIRECTION ( 'NONE',  ( -1.000000000000000000, 0.0000000000000000000, 0.0000000000000000000 ) ) ;
#4709 = EDGE_CURVE ( 'NONE', #1032, #3526, #625, .T. ) ;
#4710 = DIRECTION ( 'NONE',  ( 0.0000000000000000000, 0.0000000000000000000, 1.000000000000000000 ) ) ;
#4711 = COLOUR_RGB ( '',1.000000000000000000, 1.000000000000000000, 1.000000000000000000 ) ;
#4712 = ORIENTED_EDGE ( 'NONE', *, *, #2351, .T. ) ;
#4714 = CARTESIAN_POINT ( 'NONE',  ( -2.274999999999999911, 1.999999999999998668, -1.425000000000000933 ) ) ;
#4713 = MECHANICAL_DESIGN_GEOMETRIC_PRESENTATION_REPRESENTATION (  '', ( #6258 ), #6490 ) ;
#4715 = VECTOR ( 'NONE', #5305, 1000.000000000000000 ) ;
#4716 = CARTESIAN_POINT ( 'NONE',  ( -0.5250000000000000222, 0.5000000000000000000, 0.0000000000000000000 ) ) ;
#4717 = LINE ( 'NONE', #2352, #3192 ) ;
#4718 = LINE ( 'NONE', #1947, #3015 ) ;
#4719 = ORIENTED_EDGE ( 'NONE', *, *, #4438, .F. ) ;
#4720 = ORIENTED_EDGE ( 'NONE', *, *, #2070, .T. ) ;
#4721 = UNCERTAINTY_MEASURE_WITH_UNIT (LENGTH_MEASURE( 1.000000000000000082E-05 ), #3719, 'distance_accuracy_value', 'NONE');
#4722 = DIRECTION ( 'NONE',  ( 0.0000000000000000000, 0.0000000000000000000, 1.000000000000000000 ) ) ;
#4723 = VECTOR ( 'NONE', #6240, 1000.000000000000000 ) ;
#4724 = VERTEX_POINT ( 'NONE', #4630 ) ;
#4725 = LINE ( 'NONE', #5014, #2217 ) ;
#4726 = LINE ( 'NONE', #5417, #6501 ) ;
#4727 = CARTESIAN_POINT ( 'NONE',  ( -1.175000000000000044, 1.850000000000000089, -1.474999999999999867 ) ) ;
#4728 = LINE ( 'NONE', #4232, #1395 ) ;
#4729 = ORIENTED_EDGE ( 'NONE', *, *, #6284, .F. ) ;
#4730 = ORIENTED_EDGE ( 'NONE', *, *, #369, .T. ) ;
#4731 = DIRECTION ( 'NONE',  ( 1.000000000000000000, 0.0000000000000000000, 0.0000000000000000000 ) ) ;
#4732 = LINE ( 'NONE', #461, #3464 ) ;
#4733 = VECTOR ( 'NONE', #2434, 1000.000000000000000 ) ;
#4734 = CARTESIAN_POINT ( 'NONE',  ( 0.7249999999999999778, 1.000000000000000000, 1.525000000000000133 ) ) ;
#4735 = CARTESIAN_POINT ( 'NONE',  ( 1.975000000000000089, 0.05000000000000002359, -1.775000000000000133 ) ) ;
#4736 = VECTOR ( 'NONE', #5550, 1000.000000000000000 ) ;
#4737 = EDGE_CURVE ( 'NONE', #3727, #3220, #5904, .T. ) ;
#4738 = PLANE ( 'NONE',  #45 ) ;
#4739 = CARTESIAN_POINT ( 'NONE',  ( 1.765000000000000124, 1.649999999999999911, -1.025000000000000133 ) ) ;
#4740 = ORIENTED_EDGE ( 'NONE', *, *, #1894, .T. ) ;
#4741 = DIRECTION ( 'NONE',  ( -1.000000000000000000, 0.0000000000000000000, 0.0000000000000000000 ) ) ;
#4742 = VERTEX_POINT ( 'NONE', #1773 ) ;
#4743 = CARTESIAN_POINT ( 'NONE',  ( 3.875000000000000444, 3.149999999999999911, -2.024999999999999911 ) ) ;
#4744 = LINE ( 'NONE', #5620, #2767 ) ;
#4745 = CARTESIAN_POINT ( 'NONE',  ( -1.875000000000000000, 3.750000000000000000, -2.024999999999999911 ) ) ;
#4746 = DIRECTION ( 'NONE',  ( 0.0000000000000000000, 1.000000000000000000, 0.0000000000000000000 ) ) ;
#4747 = CARTESIAN_POINT ( 'NONE',  ( -2.274999999999999911, 0.6000000000000076383, -0.2249999999999982014 ) ) ;
#4748 = VERTEX_POINT ( 'NONE', #4679 ) ;
#4749 = EDGE_CURVE ( 'NONE', #1522, #3220, #2678, .T. ) ;
#4750 = DIRECTION ( 'NONE',  ( 1.000000000000000000, 0.0000000000000000000, 0.0000000000000000000 ) ) ;
#4751 = ADVANCED_FACE ( 'NONE', ( #1145 ), #3044, .F. ) ;
#4752 = ORIENTED_EDGE ( 'NONE', *, *, #4796, .T. ) ;
#4753 = ORIENTED_EDGE ( 'NONE', *, *, #6881, .F. ) ;
#4754 = EDGE_CURVE ( 'NONE', #6622, #5321, #5535, .T. ) ;
#4755 = DIRECTION ( 'NONE',  ( -1.000000000000000000, 0.0000000000000000000, 0.0000000000000000000 ) ) ;
#4756 = LINE ( 'NONE', #3472, #2952 ) ;
#4757 = ORIENTED_EDGE ( 'NONE', *, *, #3116, .F. ) ;
#4758 = EDGE_CURVE ( 'NONE', #3978, #511, #2144, .T. ) ;
#4759 = DIRECTION ( 'NONE',  ( 0.0000000000000000000, 0.0000000000000000000, -1.000000000000000000 ) ) ;
#4760 =( NAMED_UNIT ( * ) PLANE_ANGLE_UNIT ( ) SI_UNIT ( $, .RADIAN. ) );
#4761 = CARTESIAN_POINT ( 'NONE',  ( 3.024999999999999911, 1.649999999999999911, -1.025000000000000133 ) ) ;
#4762 = VECTOR ( 'NONE', #251, 1000.000000000000000 ) ;
#4763 = CARTESIAN_POINT ( 'NONE',  ( 3.325000000000000622, 1.649999999999999911, -1.698606797699999893 ) ) ;
#4764 = STYLED_ITEM ( 'NONE', ( #124 ), #5902 ) ;
#4765 = CARTESIAN_POINT ( 'NONE',  ( -1.250000000000000000, 0.0000000000000000000, -1.025000000000000133 ) ) ;
#4766 = EDGE_CURVE ( 'NONE', #2673, #3961, #5006, .T. ) ;
#4767 = CARTESIAN_POINT ( 'NONE',  ( 4.775000000000000355, 0.6000000000000076383, -0.2249999999999982014 ) ) ;
#4768 = CARTESIAN_POINT ( 'NONE',  ( 1.775000000000000133, 0.5000000000000000000, 2.024999999999999911 ) ) ;
#4769 = LINE ( 'NONE', #3962, #3665 ) ;
#4770 = LINE ( 'NONE', #2202, #2522 ) ;
#4771 = DIRECTION ( 'NONE',  ( 1.000000000000000000, 0.0000000000000000000, 0.0000000000000000000 ) ) ;
#4772 = ORIENTED_EDGE ( 'NONE', *, *, #3540, .F. ) ;
#4773 = DIRECTION ( 'NONE',  ( 0.0000000000000000000, -1.000000000000000000, 0.0000000000000000000 ) ) ;
#4774 = PRESENTATION_LAYER_ASSIGNMENT (  '', '', ( #2563 ) ) ;
#4775 = AXIS2_PLACEMENT_3D ( 'NONE', #3249, #3360, #6758 ) ;
#4776 = ORIENTED_EDGE ( 'NONE', *, *, #148, .T. ) ;
#4777 = ORIENTED_EDGE ( 'NONE', *, *, #6464, .T. ) ;
#4778 = ORIENTED_EDGE ( 'NONE', *, *, #2161, .F. ) ;
#4779 = VECTOR ( 'NONE', #3122, 1000.000000000000000 ) ;
#4780 = EDGE_CURVE ( 'NONE', #2843, #6430, #6879, .T. ) ;
#4781 = VECTOR ( 'NONE', #3515, 1000.000000000000000 ) ;
#4782 = ORIENTED_EDGE ( 'NONE', *, *, #4780, .T. ) ;
#4783 = ORIENTED_EDGE ( 'NONE', *, *, #7145, .F. ) ;
#4784 = ADVANCED_FACE ( 'NONE', ( #1875 ), #593, .F. ) ;
#4785 = AXIS2_PLACEMENT_3D ( 'NONE', #1558, #2727, #5034 ) ;
#4786 = CARTESIAN_POINT ( 'NONE',  ( 1.765000000000000124, 1.000000000000000000, -1.525000000000000133 ) ) ;
#4787 = CARTESIAN_POINT ( 'NONE',  ( -2.274999999999999911, 3.600000000000000089, -1.425000000000000933 ) ) ;
#4788 = LINE ( 'NONE', #650, #3506 ) ;
#4789 = DIRECTION ( 'NONE',  ( 0.0000000000000000000, -1.000000000000000000, -2.552445434498790050E-15 ) ) ;
#4790 = VECTOR ( 'NONE', #2203, 1000.000000000000000 ) ;
#4791 = ORIENTED_EDGE ( 'NONE', *, *, #6656, .F. ) ;
#4792 = EDGE_CURVE ( 'NONE', #5848, #313, #3371, .T. ) ;
#4793 = FILL_AREA_STYLE_COLOUR ( '', #4106 ) ;
#4794 = DIRECTION ( 'NONE',  ( 0.0000000000000000000, -1.000000000000000000, -4.336808689942024836E-15 ) ) ;
#4795 = CARTESIAN_POINT ( 'NONE',  ( 4.775000000000000355, 2.250000000000000000, -1.925000000000000711 ) ) ;
#4796 = EDGE_CURVE ( 'NONE', #5901, #5885, #7279, .T. ) ;
#4797 = CARTESIAN_POINT ( 'NONE',  ( -1.875000000000000000, 2.550000000000000266, -1.474999999999999867 ) ) ;
#4798 = DIRECTION ( 'NONE',  ( 0.0000000000000000000, -1.000000000000000000, -4.336808689942024836E-15 ) ) ;
#4799 = ORIENTED_EDGE ( 'NONE', *, *, #3498, .T. ) ;
#4800 = VECTOR ( 'NONE', #6319, 1000.000000000000000 ) ;
#4801 = PLANE ( 'NONE',  #6421 ) ;
#4802 = EDGE_LOOP ( 'NONE', ( #2653, #4830, #796, #1579 ) ) ;
#4803 = ORIENTED_EDGE ( 'NONE', *, *, #7008, .T. ) ;
#4804 = ORIENTED_EDGE ( 'NONE', *, *, #2875, .F. ) ;
#4805 = VECTOR ( 'NONE', #415, 1000.000000000000000 ) ;
#4806 = LINE ( 'NONE', #5723, #1754 ) ;
#4807 = LINE ( 'NONE', #568, #1756 ) ;
#4808 = DIRECTION ( 'NONE',  ( 0.0000000000000000000, 0.7468134723257140450, -0.6650335612228979176 ) ) ;
#4809 =( NAMED_UNIT ( * ) SI_UNIT ( $, .STERADIAN. ) SOLID_ANGLE_UNIT ( ) );
#4810 = DIRECTION ( 'NONE',  ( 0.0000000000000000000, 0.0000000000000000000, -1.000000000000000000 ) ) ;
#4811 = EDGE_LOOP ( 'NONE', ( #2900, #6662, #158, #2062, #5613, #2156 ) ) ;
#4812 = EDGE_LOOP ( 'NONE', ( #5172, #5850, #726, #5780 ) ) ;
#4813 = SURFACE_STYLE_USAGE ( .BOTH. , #4217 ) ;
#4814 = LINE ( 'NONE', #539, #5315 ) ;
#4815 = FILL_AREA_STYLE ('',( #2986 ) ) ;
#4816 = STYLED_ITEM ( 'NONE', ( #3406 ), #4385 ) ;
#4817 = ORIENTED_EDGE ( 'NONE', *, *, #6398, .F. ) ;
#4818 = VERTEX_POINT ( 'NONE', #897 ) ;
#4819 = PLANE ( 'NONE',  #4432 ) ;
#4820 = VECTOR ( 'NONE', #1419, 1000.000000000000000 ) ;
#4821 = LINE ( 'NONE', #193, #2495 ) ;
#4822 = ADVANCED_FACE ( 'NONE', ( #5075 ), #1000, .F. ) ;
#4823 = DIRECTION ( 'NONE',  ( 1.000000000000000000, -0.0000000000000000000, 0.0000000000000000000 ) ) ;
#4824 = LINE ( 'NONE', #1022, #1591 ) ;
#4825 = EDGE_CURVE ( 'NONE', #1534, #5965, #4814, .T. ) ;
#4826 = DIRECTION ( 'NONE',  ( 0.0000000000000000000, 0.0000000000000000000, 1.000000000000000000 ) ) ;
#4827 = SURFACE_SIDE_STYLE ('',( #6855 ) ) ;
#4828 = VERTEX_POINT ( 'NONE', #1714 ) ;
#4829 = LINE ( 'NONE', #3908, #1950 ) ;
#4830 = ORIENTED_EDGE ( 'NONE', *, *, #4290, .F. ) ;
#4831 = STYLED_ITEM ( 'NONE', ( #938 ), #1543 ) ;
#4832 = ORIENTED_EDGE ( 'NONE', *, *, #1054, .T. ) ;
#4833 = DIRECTION ( 'NONE',  ( -1.000000000000000000, 0.0000000000000000000, 0.0000000000000000000 ) ) ;
#4834 = ORIENTED_EDGE ( 'NONE', *, *, #5487, .F. ) ;
#4835 = EDGE_CURVE ( 'NONE', #3912, #6055, #2304, .T. ) ;
#4836 = CARTESIAN_POINT ( 'NONE',  ( -2.475000000000000089, 4.249999999999998224, -2.075000000000001510 ) ) ;
#4837 = PLANE ( 'NONE',  #4646 ) ;
#4838 = SURFACE_STYLE_USAGE ( .BOTH. , #247 ) ;
#4839 = DIRECTION ( 'NONE',  ( 0.0000000000000000000, -1.000000000000000000, 0.0000000000000000000 ) ) ;
#4840 = CARTESIAN_POINT ( 'NONE',  ( -2.875000000000000000, 1.949999999999999956, 2.024999999999999911 ) ) ;
#4841 =( LENGTH_UNIT ( ) NAMED_UNIT ( * ) SI_UNIT ( .MILLI., .METRE. ) );
#4842 = AXIS2_PLACEMENT_3D ( 'NONE', #560, #3426, #2260 ) ;
#4843 = FACE_OUTER_BOUND ( 'NONE', #755, .T. ) ;
#4844 = VERTEX_POINT ( 'NONE', #7331 ) ;
#4845 = MECHANICAL_DESIGN_GEOMETRIC_PRESENTATION_REPRESENTATION (  '', ( #1078 ), #468 ) ;
#4846 = DIRECTION ( 'NONE',  ( 0.0000000000000000000, -1.000000000000000000, -3.219646771412953967E-15 ) ) ;
#4847 = EDGE_CURVE ( 'NONE', #7278, #3182, #16, .T. ) ;
#4848 = DIRECTION ( 'NONE',  ( -1.000000000000000000, 0.0000000000000000000, 0.0000000000000000000 ) ) ;
#4849 = EDGE_LOOP ( 'NONE', ( #6777, #5386, #1247, #151 ) ) ;
#4850 = VERTEX_POINT ( 'NONE', #6928 ) ;
#4851 = PLANE ( 'NONE',  #801 ) ;
#4852 = EDGE_CURVE ( 'NONE', #1234, #953, #7253, .T. ) ;
#4853 = CARTESIAN_POINT ( 'NONE',  ( 5.375000000000000000, 4.250000000000000000, -0.07499999999999998335 ) ) ;
#4854 = LINE ( 'NONE', #4734, #3936 ) ;
#4855 = PRESENTATION_STYLE_ASSIGNMENT (( #4883 ) ) ;
#4856 = EDGE_CURVE ( 'NONE', #6741, #2570, #2896, .T. ) ;
#4857 = ADVANCED_FACE ( 'NONE', ( #1536 ), #1363, .T. ) ;
#4858 = CARTESIAN_POINT ( 'NONE',  ( -2.375000000000000000, 3.750000000000000000, 0.02500000000000000139 ) ) ;
#4859 = DIRECTION ( 'NONE',  ( 0.0000000000000000000, -1.000000000000000000, 0.0000000000000000000 ) ) ;
#4860 = CARTESIAN_POINT ( 'NONE',  ( -2.475000000000000089, 3.600000000000000089, -1.425000000000000933 ) ) ;
#4861 = UNCERTAINTY_MEASURE_WITH_UNIT (LENGTH_MEASURE( 1.000000000000000082E-05 ), #1019, 'distance_accuracy_value', 'NONE');
#4862 = AXIS2_PLACEMENT_3D ( 'NONE', #4581, #5706, #2279 ) ;
#4863 = ORIENTED_EDGE ( 'NONE', *, *, #3603, .T. ) ;
#4864 = PLANE ( 'NONE',  #1762 ) ;
#4865 = ORIENTED_EDGE ( 'NONE', *, *, #2355, .F. ) ;
#4866 = DIRECTION ( 'NONE',  ( -0.0000000000000000000, 1.000000000000000000, 0.0000000000000000000 ) ) ;
#4867 = DIRECTION ( 'NONE',  ( 0.0000000000000000000, -1.000000000000000000, 0.0000000000000000000 ) ) ;
#4868 = LINE ( 'NONE', #2437, #3329 ) ;
#4869 = ORIENTED_EDGE ( 'NONE', *, *, #2193, .T. ) ;
#4870 = ORIENTED_EDGE ( 'NONE', *, *, #5025, .T. ) ;
#4871 = CARTESIAN_POINT ( 'NONE',  ( -0.3750000000000000000, 0.0000000000000000000, 0.0000000000000000000 ) ) ;
#4872 = VECTOR ( 'NONE', #168, 1000.000000000000000 ) ;
#4873 = EDGE_LOOP ( 'NONE', ( #4469, #5506, #1989, #6889 ) ) ;
#4874 = DIRECTION ( 'NONE',  ( 0.0000000000000000000, 1.000000000000000000, 0.0000000000000000000 ) ) ;
#4875 = ORIENTED_EDGE ( 'NONE', *, *, #6623, .T. ) ;
#4876 = EDGE_CURVE ( 'NONE', #4412, #3409, #238, .T. ) ;
#4877 = LINE ( 'NONE', #255, #3266 ) ;
#4878 = CARTESIAN_POINT ( 'NONE',  ( 0.5249999999999999112, 0.05000000000000002359, -1.524999999999999689 ) ) ;
#4879 = LINE ( 'NONE', #5599, #1649 ) ;
#4880 = ORIENTED_EDGE ( 'NONE', *, *, #6458, .T. ) ;
#4881 = DIRECTION ( 'NONE',  ( 1.000000000000000000, 0.0000000000000000000, 0.0000000000000000000 ) ) ;
#4882 = DIRECTION ( 'NONE',  ( 0.0000000000000000000, -1.000000000000000000, 0.0000000000000000000 ) ) ;
#4883 = SURFACE_STYLE_USAGE ( .BOTH. , #3688 ) ;
#4884 = VECTOR ( 'NONE', #7155, 1000.000000000000000 ) ;
#4885 = EDGE_CURVE ( 'NONE', #3912, #2246, #2672, .T. ) ;
#4886 = CARTESIAN_POINT ( 'NONE',  ( 0.7349999999999999867, 1.850000000000000089, -1.025000000000000133 ) ) ;
#4887 = ORIENTED_EDGE ( 'NONE', *, *, #7317, .T. ) ;
#4888 = DIRECTION ( 'NONE',  ( 0.0000000000000000000, -1.000000000000000000, 0.0000000000000000000 ) ) ;
#4889 = CARTESIAN_POINT ( 'NONE',  ( 2.075000000000000178, 1.649999999999999911, -1.698606797699999893 ) ) ;
#4890 = EDGE_CURVE ( 'NONE', #3818, #2701, #4726, .T. ) ;
#4891 = DIRECTION ( 'NONE',  ( 0.0000000000000000000, -1.084202172485501673E-15, -1.000000000000000000 ) ) ;
#4892 = ADVANCED_FACE ( 'NONE', ( #1959 ), #6657, .T. ) ;
#4893 = ORIENTED_EDGE ( 'NONE', *, *, #3532, .F. ) ;
#4894 = ORIENTED_EDGE ( 'NONE', *, *, #4111, .F. ) ;
#4895 = SURFACE_STYLE_FILL_AREA ( #1235 ) ;
#4896 = EDGE_CURVE ( 'NONE', #4742, #4439, #156, .T. ) ;
#4897 = ORIENTED_EDGE ( 'NONE', *, *, #1071, .F. ) ;
#4898 = FILL_AREA_STYLE ('',( #6636 ) ) ;
#4899 = VECTOR ( 'NONE', #6231, 1000.000000000000000 ) ;
#4900 = DIRECTION ( 'NONE',  ( -1.000000000000000000, 0.0000000000000000000, 0.0000000000000000000 ) ) ;
#4901 = ORIENTED_EDGE ( 'NONE', *, *, #7066, .T. ) ;
#4902 = ORIENTED_EDGE ( 'NONE', *, *, #5190, .F. ) ;
#4903 = AXIS2_PLACEMENT_3D ( 'NONE', #4596, #61, #5825 ) ;
#4904 = VECTOR ( 'NONE', #6725, 1000.000000000000000 ) ;
#4905 = EDGE_CURVE ( 'NONE', #4059, #459, #4538, .T. ) ;
#4906 =( NAMED_UNIT ( * ) PLANE_ANGLE_UNIT ( ) SI_UNIT ( $, .RADIAN. ) );
#4907 = LINE ( 'NONE', #477, #3365 ) ;
#4908 = CARTESIAN_POINT ( 'NONE',  ( 0.5150000000000000133, 1.000000000000000000, -1.474999999999999867 ) ) ;
#4909 = ORIENTED_EDGE ( 'NONE', *, *, #214, .F. ) ;
#4910 = FACE_OUTER_BOUND ( 'NONE', #4802, .T. ) ;
#4911 = VECTOR ( 'NONE', #18, 1000.000000000000000 ) ;
#4912 =( NAMED_UNIT ( * ) SI_UNIT ( $, .STERADIAN. ) SOLID_ANGLE_UNIT ( ) );
#4913 = LINE ( 'NONE', #5018, #3999 ) ;
#4914 = CARTESIAN_POINT ( 'NONE',  ( 0.4249999999999999889, 1.850000000000000089, -1.474999999999999867 ) ) ;
#4916 = CARTESIAN_POINT ( 'NONE',  ( 1.975000000000000089, 1.000000000000000000, 0.0000000000000000000 ) ) ;
#4915 = MECHANICAL_DESIGN_GEOMETRIC_PRESENTATION_REPRESENTATION (  '', ( #1443 ), #6952 ) ;
#4917 = CARTESIAN_POINT ( 'NONE',  ( 0.5150000000000000133, 1.000000000000000000, -1.025000000000000133 ) ) ;
#4918 = ORIENTED_EDGE ( 'NONE', *, *, #5691, .T. ) ;
#4919 = PLANE ( 'NONE',  #918 ) ;
#4920 = ORIENTED_EDGE ( 'NONE', *, *, #2966, .T. ) ;
#4921 = DIRECTION ( 'NONE',  ( 0.0000000000000000000, -1.000000000000000000, 0.0000000000000000000 ) ) ;
#4922 = FILL_AREA_STYLE_COLOUR ( '', #4540 ) ;
#4923 = ORIENTED_EDGE ( 'NONE', *, *, #433, .F. ) ;
#4924 = EDGE_CURVE ( 'NONE', #4123, #1521, #2261, .T. ) ;
#4925 = EDGE_LOOP ( 'NONE', ( #2602, #1224, #5390, #4961 ) ) ;
#4926 = CARTESIAN_POINT ( 'NONE',  ( -1.375000000000000000, 3.149999999999999911, -2.024999999999999911 ) ) ;
#4927 = EDGE_LOOP ( 'NONE', ( #7030, #4799, #2873, #7267 ) ) ;
#4928 = ORIENTED_EDGE ( 'NONE', *, *, #2622, .T. ) ;
#4929 = ADVANCED_FACE ( 'NONE', ( #4518 ), #5770, .T. ) ;
#4930 = PLANE ( 'NONE',  #6628 ) ;
#4931 = EDGE_CURVE ( 'NONE', #7076, #6063, #5827, .T. ) ;
#4932 = CARTESIAN_POINT ( 'NONE',  ( -0.7349999999999999867, 1.000000000000000000, -1.525000000000000133 ) ) ;
#4933 = DIRECTION ( 'NONE',  ( -1.000000000000000000, -0.0000000000000000000, -0.0000000000000000000 ) ) ;
#4934 = ORIENTED_EDGE ( 'NONE', *, *, #3968, .F. ) ;
#4935 = ORIENTED_EDGE ( 'NONE', *, *, #2870, .F. ) ;
#4936 = CARTESIAN_POINT ( 'NONE',  ( 1.975000000000000089, -0.6500000000000000222, -1.775000000000000133 ) ) ;
#4937 = MECHANICAL_DESIGN_GEOMETRIC_PRESENTATION_REPRESENTATION (  '', ( #1661 ), #2773 ) ;
#4938 = DIRECTION ( 'NONE',  ( 0.0000000000000000000, 0.0000000000000000000, 1.000000000000000000 ) ) ;
#4939 = AXIS2_PLACEMENT_3D ( 'NONE', #5603, #3305, #2178 ) ;
#4940 = CARTESIAN_POINT ( 'NONE',  ( 0.7250000000000000888, 0.3500000000000000333, -2.024999999999999911 ) ) ;
#4941 = VECTOR ( 'NONE', #3535, 1000.000000000000000 ) ;
#4942 =( NAMED_UNIT ( * ) PLANE_ANGLE_UNIT ( ) SI_UNIT ( $, .RADIAN. ) );
#4943 = FACE_OUTER_BOUND ( 'NONE', #3596, .T. ) ;
#4944 = FACE_OUTER_BOUND ( 'NONE', #6085, .T. ) ;
#4945 = PLANE ( 'NONE',  #1260 ) ;
#4946 = STYLED_ITEM ( 'NONE', ( #6255 ), #5318 ) ;
#4947 = DIRECTION ( 'NONE',  ( 0.0000000000000000000, 1.000000000000000000, 0.0000000000000000000 ) ) ;
#4948 = ORIENTED_EDGE ( 'NONE', *, *, #923, .T. ) ;
#4949 = EDGE_CURVE ( 'NONE', #2711, #4328, #3883, .T. ) ;
#4950 = FACE_BOUND ( 'NONE', #5490, .T. ) ;
#4951 = ORIENTED_EDGE ( 'NONE', *, *, #6692, .F. ) ;
#4952 = CARTESIAN_POINT ( 'NONE',  ( 4.775000000000000355, 3.600000000000000977, -0.07499999999999998335 ) ) ;
#4953 = DIRECTION ( 'NONE',  ( -1.000000000000000000, 0.0000000000000000000, 0.0000000000000000000 ) ) ;
#4954 = PLANE ( 'NONE',  #3318 ) ;
#4955 = ORIENTED_EDGE ( 'NONE', *, *, #1071, .T. ) ;
#4956 = VECTOR ( 'NONE', #4042, 1000.000000000000000 ) ;
#4957 = VERTEX_POINT ( 'NONE', #4743 ) ;
#4958 = ORIENTED_EDGE ( 'NONE', *, *, #2622, .F. ) ;
#4959 = DIRECTION ( 'NONE',  ( 0.0000000000000000000, 0.0000000000000000000, 1.000000000000000000 ) ) ;
#4960 = CARTESIAN_POINT ( 'NONE',  ( 1.984999999999999876, 1.850000000000000089, -1.025000000000000133 ) ) ;
#4961 = ORIENTED_EDGE ( 'NONE', *, *, #1205, .F. ) ;
#4962 = SURFACE_STYLE_USAGE ( .BOTH. , #6095 ) ;
#4963 = PLANE ( 'NONE',  #6469 ) ;
#4964 = CARTESIAN_POINT ( 'NONE',  ( -0.5250000000000000222, 1.850000000000000089, -2.024999999999999911 ) ) ;
#4965 = ADVANCED_FACE ( 'NONE', ( #4995 ), #6901, .F. ) ;
#4966 = VECTOR ( 'NONE', #4687, 1000.000000000000000 ) ;
#4967 = ORIENTED_EDGE ( 'NONE', *, *, #6817, .F. ) ;
#4968 = AXIS2_PLACEMENT_3D ( 'NONE', #1895, #3609, #142 ) ;
#4969 = DIRECTION ( 'NONE',  ( 0.0000000000000000000, -1.000000000000000000, 0.0000000000000000000 ) ) ;
#4970 = LINE ( 'NONE', #1885, #1197 ) ;
#4971 = DIRECTION ( 'NONE',  ( 0.0000000000000000000, 1.000000000000000000, 0.0000000000000000000 ) ) ;
#4972 = ORIENTED_EDGE ( 'NONE', *, *, #4847, .T. ) ;
#4973 = EDGE_CURVE ( 'NONE', #3187, #4048, #422, .T. ) ;
#4974 = FACE_OUTER_BOUND ( 'NONE', #6595, .T. ) ;
#4975 = PRESENTATION_LAYER_ASSIGNMENT (  '', '', ( #3998 ) ) ;
#4976 = CARTESIAN_POINT ( 'NONE',  ( 3.015000000000000124, 1.850000000000000089, -1.025000000000000133 ) ) ;
#4977 = ORIENTED_EDGE ( 'NONE', *, *, #296, .F. ) ;
#4978 = ORIENTED_EDGE ( 'NONE', *, *, #6331, .T. ) ;
#4979 = ORIENTED_EDGE ( 'NONE', *, *, #1371, .T. ) ;
#4980 = DIRECTION ( 'NONE',  ( -1.000000000000000000, 0.0000000000000000000, 0.0000000000000000000 ) ) ;
#4981 = LINE ( 'NONE', #4675, #5961 ) ;
#4982 = EDGE_CURVE ( 'NONE', #4670, #2948, #6689, .T. ) ;
#4983 = CARTESIAN_POINT ( 'NONE',  ( 3.225000000000000533, 1.795247431900000024, 2.024999999999999911 ) ) ;
#4984 = CARTESIAN_POINT ( 'NONE',  ( 1.250000000000000000, 0.0000000000000000000, -1.025000000000000133 ) ) ;
#4985 = EDGE_LOOP ( 'NONE', ( #4923, #2740, #3115, #2092 ) ) ;
#4986 = FILL_AREA_STYLE_COLOUR ( '', #6678 ) ;
#4987 = EDGE_CURVE ( 'NONE', #6178, #1347, #3026, .T. ) ;
#4988 = VECTOR ( 'NONE', #3184, 1000.000000000000000 ) ;
#4989 = DIRECTION ( 'NONE',  ( 0.0000000000000000000, 0.0000000000000000000, -1.000000000000000000 ) ) ;
#4990 = ORIENTED_EDGE ( 'NONE', *, *, #1757, .T. ) ;
#4991 = ORIENTED_EDGE ( 'NONE', *, *, #3468, .F. ) ;
#4992 = EDGE_CURVE ( 'NONE', #6, #6933, #5168, .T. ) ;
#4993 = LINE ( 'NONE', #4179, #1305 ) ;
#4994 = CARTESIAN_POINT ( 'NONE',  ( -0.4249999999999999889, 1.649999999999999911, 2.024999999999999911 ) ) ;
#4995 = FACE_OUTER_BOUND ( 'NONE', #3378, .T. ) ;
#4996 = LINE ( 'NONE', #6954, #6361 ) ;
#4997 = AXIS2_PLACEMENT_3D ( 'NONE', #5128, #7347, #6195 ) ;
#4998 = ORIENTED_EDGE ( 'NONE', *, *, #2428, .F. ) ;
#4999 = ADVANCED_FACE ( 'NONE', ( #6773 ), #999, .F. ) ;
#5000 =( NAMED_UNIT ( * ) SI_UNIT ( $, .STERADIAN. ) SOLID_ANGLE_UNIT ( ) );
#5001 = VECTOR ( 'NONE', #5065, 1000.000000000000000 ) ;
#5002 = CARTESIAN_POINT ( 'NONE',  ( -0.7249999999999999778, 0.05000000000000002359, -1.775000000000000133 ) ) ;
#5003 = DIRECTION ( 'NONE',  ( -0.0000000000000000000, 1.000000000000000000, 0.0000000000000000000 ) ) ;
#5004 = DIRECTION ( 'NONE',  ( 0.0000000000000000000, 0.0000000000000000000, -1.000000000000000000 ) ) ;
#5005 = ORIENTED_EDGE ( 'NONE', *, *, #1771, .F. ) ;
#5006 = LINE ( 'NONE', #873, #5347 ) ;
#5007 = ORIENTED_EDGE ( 'NONE', *, *, #1612, .F. ) ;
#5008 = DIRECTION ( 'NONE',  ( -0.0000000000000000000, 0.7468134723257140450, 0.6650335612228979176 ) ) ;
#5009 = AXIS2_PLACEMENT_3D ( 'NONE', #6568, #3763, #7167 ) ;
#5010 = FILL_AREA_STYLE_COLOUR ( '', #4608 ) ;
#5011 =( LENGTH_UNIT ( ) NAMED_UNIT ( * ) SI_UNIT ( .MILLI., .METRE. ) );
#5012 = CARTESIAN_POINT ( 'NONE',  ( 3.325000000000000622, 1.850000000000000089, -1.474999999999999867 ) ) ;
#5013 = ORIENTED_EDGE ( 'NONE', *, *, #252, .T. ) ;
#5014 = CARTESIAN_POINT ( 'NONE',  ( 3.375000000000000444, 2.250000000000000000, -2.024999999999999911 ) ) ;
#5015 = COLOUR_RGB ( '',1.000000000000000000, 1.000000000000000000, 1.000000000000000000 ) ;
#5016 = VERTEX_POINT ( 'NONE', #2116 ) ;
#5017 = EDGE_CURVE ( 'NONE', #4414, #2149, #4552, .T. ) ;
#5018 = CARTESIAN_POINT ( 'NONE',  ( 3.024999999999999911, 0.0000000000000000000, -2.024999999999999911 ) ) ;
#5019 = CARTESIAN_POINT ( 'NONE',  ( 5.375000000000000000, 2.000000000000000000, -2.024999999999999911 ) ) ;
#5020 = ORIENTED_EDGE ( 'NONE', *, *, #2818, .F. ) ;
#5021 = VERTEX_POINT ( 'NONE', #4618 ) ;
#5022 = LINE ( 'NONE', #6328, #6708 ) ;
#5023 = ORIENTED_EDGE ( 'NONE', *, *, #2929, .T. ) ;
#5024 = CARTESIAN_POINT ( 'NONE',  ( -0.7249999999999999778, 1.649999999999999911, -1.025000000000000133 ) ) ;
#5025 = EDGE_CURVE ( 'NONE', #2168, #7182, #6359, .T. ) ;
#5026 = CARTESIAN_POINT ( 'NONE',  ( 1.975000000000000089, -0.6500000000000000222, -2.075000000000000178 ) ) ;
#5027 = VECTOR ( 'NONE', #6035, 1000.000000000000000 ) ;
#5028 = DIRECTION ( 'NONE',  ( 0.0000000000000000000, 1.000000000000000000, 0.0000000000000000000 ) ) ;
#5029 = EDGE_CURVE ( 'NONE', #6792, #486, #2129, .T. ) ;
#5030 = CARTESIAN_POINT ( 'NONE',  ( 2.875000000000000000, 1.000000000000000000, -1.525000000000000133 ) ) ;
#5031 = DIRECTION ( 'NONE',  ( 0.0000000000000000000, -1.000000000000000000, -3.212450881438532635E-15 ) ) ;
#5032 = CARTESIAN_POINT ( 'NONE',  ( 4.375000000000000000, 3.750000000000000000, 0.02500000000000000139 ) ) ;
#5033 = VECTOR ( 'NONE', #228, 1000.000000000000000 ) ;
#5034 = DIRECTION ( 'NONE',  ( 1.000000000000000000, 0.0000000000000000000, 0.0000000000000000000 ) ) ;
#5035 = ORIENTED_EDGE ( 'NONE', *, *, #5260, .F. ) ;
#5036 = VECTOR ( 'NONE', #4377, 1000.000000000000000 ) ;
#5037 = ADVANCED_FACE ( 'NONE', ( #2406 ), #4151, .F. ) ;
#5038 = CARTESIAN_POINT ( 'NONE',  ( -0.5250000000000000222, 0.3499999999999999778, -2.075000000000000178 ) ) ;
#5039 = DIRECTION ( 'NONE',  ( 0.0000000000000000000, 2.552445434498790050E-15, -1.000000000000000000 ) ) ;
#5040 = MECHANICAL_DESIGN_GEOMETRIC_PRESENTATION_REPRESENTATION (  '', ( #4701 ), #324 ) ;
#5041 = FACE_BOUND ( 'NONE', #6641, .T. ) ;
#5042 = ORIENTED_EDGE ( 'NONE', *, *, #5453, .F. ) ;
#5043 = CARTESIAN_POINT ( 'NONE',  ( -0.8249999999999999556, 1.649999999999999911, -1.474999999999999867 ) ) ;
#5044 = EDGE_CURVE ( 'NONE', #4439, #7346, #328, .T. ) ;
#5045 = VECTOR ( 'NONE', #90, 1000.000000000000000 ) ;
#5046 = LINE ( 'NONE', #1351, #1999 ) ;
#5047 = ORIENTED_EDGE ( 'NONE', *, *, #4588, .T. ) ;
#5048 = CARTESIAN_POINT ( 'NONE',  ( 2.500000000000000444, 0.0000000000000000000, -1.025000000000000133 ) ) ;
#5049 = CARTESIAN_POINT ( 'NONE',  ( -0.7249999999999999778, 1.850000000000000089, 2.024999999999999911 ) ) ;
#5050 = CARTESIAN_POINT ( 'NONE',  ( 3.225000000000000533, 0.0000000000000000000, 2.024999999999999911 ) ) ;
#5051 = LINE ( 'NONE', #4964, #3520 ) ;
#5052 = ORIENTED_EDGE ( 'NONE', *, *, #4210, .T. ) ;
#5053 = DIRECTION ( 'NONE',  ( 0.0000000000000000000, 1.000000000000000000, 0.0000000000000000000 ) ) ;
#5054 = EDGE_CURVE ( 'NONE', #115, #5380, #4183, .T. ) ;
#5055 = DIRECTION ( 'NONE',  ( 0.0000000000000000000, 1.000000000000000000, 0.0000000000000000000 ) ) ;
#5056 = DIRECTION ( 'NONE',  ( 1.000000000000000000, 0.0000000000000000000, 0.0000000000000000000 ) ) ;
#5057 = CARTESIAN_POINT ( 'NONE',  ( -1.375000000000000000, 3.149999999999999911, 0.02500000000000000139 ) ) ;
#5058 = VECTOR ( 'NONE', #174, 1000.000000000000000 ) ;
#5059 = CARTESIAN_POINT ( 'NONE',  ( 0.7349999999999999867, 1.850000000000000089, -1.025000000000000133 ) ) ;
#5060 =( GEOMETRIC_REPRESENTATION_CONTEXT ( 3 ) GLOBAL_UNCERTAINTY_ASSIGNED_CONTEXT ( ( #2835 ) ) GLOBAL_UNIT_ASSIGNED_CONTEXT ( ( #3656, #1971, #4809 ) ) REPRESENTATION_CONTEXT ( 'NONE', 'WORKASPACE' ) );
#5061 = COLOUR_RGB ( '',0.6470588235294117974, 0.6196078431372549211, 0.5882352941176470784 ) ;
#5062 = ORIENTED_EDGE ( 'NONE', *, *, #6432, .T. ) ;
#5063 =( NAMED_UNIT ( * ) SI_UNIT ( $, .STERADIAN. ) SOLID_ANGLE_UNIT ( ) );
#5064 = CARTESIAN_POINT ( 'NONE',  ( 1.975000000000000089, 1.850000000000000089, 2.024999999999999911 ) ) ;
#5065 = DIRECTION ( 'NONE',  ( 1.000000000000000000, 0.0000000000000000000, 0.0000000000000000000 ) ) ;
#5066 = EDGE_CURVE ( 'NONE', #2404, #6891, #697, .T. ) ;
#5067 = DIRECTION ( 'NONE',  ( -0.0000000000000000000, 1.000000000000000000, 0.0000000000000000000 ) ) ;
#5068 = ORIENTED_EDGE ( 'NONE', *, *, #7008, .F. ) ;
#5069 = ADVANCED_FACE ( 'NONE', ( #3737 ), #1908, .T. ) ;
#5070 = STYLED_ITEM ( 'NONE', ( #2252 ), #3934 ) ;
#5071 = LINE ( 'NONE', #4763, #308 ) ;
#5072 = DIRECTION ( 'NONE',  ( -0.0000000000000000000, 2.997602166487923448E-15, -1.000000000000000000 ) ) ;
#5073 = ORIENTED_EDGE ( 'NONE', *, *, #680, .F. ) ;
#5074 = ORIENTED_EDGE ( 'NONE', *, *, #3091, .T. ) ;
#5075 = FACE_OUTER_BOUND ( 'NONE', #2590, .T. ) ;
#5076 = FACE_OUTER_BOUND ( 'NONE', #7335, .T. ) ;
#5077 = DIRECTION ( 'NONE',  ( 0.0000000000000000000, 1.000000000000000000, 3.212450881438532635E-15 ) ) ;
#5078 = CARTESIAN_POINT ( 'NONE',  ( -1.375000000000000000, 3.149999999999999911, 0.02500000000000000139 ) ) ;
#5079 = MANIFOLD_SOLID_BREP ( 'Body-Move/Copy2[3]', #7350 ) ;
#5080 = ORIENTED_EDGE ( 'NONE', *, *, #1985, .T. ) ;
#5081 = CARTESIAN_POINT ( 'NONE',  ( 1.974999999999999867, -0.6500000000000000222, -1.775000000000000133 ) ) ;
#5082 = EDGE_LOOP ( 'NONE', ( #1258, #1225, #4901, #472 ) ) ;
#5083 = ORIENTED_EDGE ( 'NONE', *, *, #5387, .F. ) ;
#5084 = PRESENTATION_LAYER_ASSIGNMENT (  '', '', ( #4946 ) ) ;
#5085 = LINE ( 'NONE', #7327, #43 ) ;
#5086 = FACE_OUTER_BOUND ( 'NONE', #5913, .T. ) ;
#5087 = EDGE_CURVE ( 'NONE', #7126, #7219, #2318, .T. ) ;
#5088 = ORIENTED_EDGE ( 'NONE', *, *, #209, .F. ) ;
#5089 = CARTESIAN_POINT ( 'NONE',  ( -2.475000000000000089, 1.999999999999997780, -2.024999999999999911 ) ) ;
#5090 = ORIENTED_EDGE ( 'NONE', *, *, #4253, .T. ) ;
#5091 = CARTESIAN_POINT ( 'NONE',  ( -0.5250000000000000222, 1.315130797599999957, 1.171117220399999770 ) ) ;
#5092 = DIRECTION ( 'NONE',  ( 1.000000000000000000, 0.0000000000000000000, 8.673617379884027583E-16 ) ) ;
#5093 = AXIS2_PLACEMENT_3D ( 'NONE', #1798, #1233, #1849 ) ;
#5094 = DIRECTION ( 'NONE',  ( 0.0000000000000000000, -1.000000000000000000, 0.0000000000000000000 ) ) ;
#5095 = ORIENTED_EDGE ( 'NONE', *, *, #5066, .F. ) ;
#5096 = LINE ( 'NONE', #7341, #1690 ) ;
#5097 = ORIENTED_EDGE ( 'NONE', *, *, #2298, .T. ) ;
#5098 = ORIENTED_EDGE ( 'NONE', *, *, #3613, .F. ) ;
#5099 = DIRECTION ( 'NONE',  ( 0.0000000000000000000, -0.0000000000000000000, 1.000000000000000000 ) ) ;
#5100 = AXIS2_PLACEMENT_3D ( 'NONE', #7371, #6295, #5738 ) ;
#5101 = ORIENTED_EDGE ( 'NONE', *, *, #6083, .F. ) ;
#5102 = CARTESIAN_POINT ( 'NONE',  ( 5.375000000000000000, 8.673617379884035472E-15, -0.2250000000000008105 ) ) ;
#5103 = CARTESIAN_POINT ( 'NONE',  ( 4.975000000000000533, 3.600000000000000089, -1.425000000000000933 ) ) ;
#5104 = ADVANCED_FACE ( 'NONE', ( #6440 ), #3518, .F. ) ;
#5105 = SURFACE_STYLE_USAGE ( .BOTH. , #2786 ) ;
#5106 = ORIENTED_EDGE ( 'NONE', *, *, #1141, .F. ) ;
#5107 = EDGE_CURVE ( 'NONE', #2959, #1521, #5254, .T. ) ;
#5108 = CARTESIAN_POINT ( 'NONE',  ( -2.274999999999999911, 3.600000000000000089, -1.425000000000000933 ) ) ;
#5109 = DIRECTION ( 'NONE',  ( 0.0000000000000000000, 0.0000000000000000000, 1.000000000000000000 ) ) ;
#5110 = STYLED_ITEM ( 'NONE', ( #3690 ), #3199 ) ;
#5111 = ORIENTED_EDGE ( 'NONE', *, *, #6373, .F. ) ;
#5112 = ADVANCED_FACE ( 'NONE', ( #3287 ), #4322, .F. ) ;
#5113 = LINE ( 'NONE', #2748, #2615 ) ;
#5114 = CARTESIAN_POINT ( 'NONE',  ( 0.8249999999999999556, 1.649999999999999911, -1.474999999999999867 ) ) ;
#5115 = EDGE_CURVE ( 'NONE', #435, #3621, #4821, .T. ) ;
#5116 = CARTESIAN_POINT ( 'NONE',  ( 4.525000000000000355, 2.250000000000000000, -1.925000000000000933 ) ) ;
#5117 = ORIENTED_EDGE ( 'NONE', *, *, #5054, .T. ) ;
#5118 = EDGE_CURVE ( 'NONE', #4079, #5727, #1769, .T. ) ;
#5119 = VECTOR ( 'NONE', #5289, 1000.000000000000000 ) ;
#5120 = VERTEX_POINT ( 'NONE', #3566 ) ;
#5121 = ORIENTED_EDGE ( 'NONE', *, *, #6389, .F. ) ;
#5122 = DIRECTION ( 'NONE',  ( 0.0000000000000000000, 1.000000000000000000, 0.0000000000000000000 ) ) ;
#5123 = CARTESIAN_POINT ( 'NONE',  ( -0.5250000000000000222, 1.649999999999999911, -1.698606797699999893 ) ) ;
#5124 = CARTESIAN_POINT ( 'NONE',  ( 4.775000000000000355, 2.000000000000000000, -1.425000000000000044 ) ) ;
#5125 = CARTESIAN_POINT ( 'NONE',  ( -2.875000000000000000, 4.250000000000000000, -1.525000000000000133 ) ) ;
#5126 = CARTESIAN_POINT ( 'NONE',  ( 1.975000000000000089, 1.315130797599999957, 1.171117220399999770 ) ) ;
#5127 =( LENGTH_UNIT ( ) NAMED_UNIT ( * ) SI_UNIT ( .MILLI., .METRE. ) );
#5128 = CARTESIAN_POINT ( 'NONE',  ( 5.375000000000000000, 4.250000000000000000, 2.024999999999999911 ) ) ;
#5129 = PLANE ( 'NONE',  #4939 ) ;
#5130 = LINE ( 'NONE', #1920, #5473 ) ;
#5131 = VERTEX_POINT ( 'NONE', #1976 ) ;
#5132 = DIRECTION ( 'NONE',  ( 0.0000000000000000000, -1.000000000000000000, 0.0000000000000000000 ) ) ;
#5133 = LINE ( 'NONE', #1138, #6829 ) ;
#5134 = PLANE ( 'NONE',  #6230 ) ;
#5135 = EDGE_CURVE ( 'NONE', #3223, #7380, #855, .T. ) ;
#5136 = LINE ( 'NONE', #701, #5864 ) ;
#5137 = VERTEX_POINT ( 'NONE', #302 ) ;
#5138 = DIRECTION ( 'NONE',  ( -1.000000000000000000, -0.0000000000000000000, -0.0000000000000000000 ) ) ;
#5139 = LINE ( 'NONE', #1902, #3885 ) ;
#5140 = ADVANCED_FACE ( 'NONE', ( #1864 ), #1369, .T. ) ;
#5141 = DIRECTION ( 'NONE',  ( 0.0000000000000000000, 0.0000000000000000000, 1.000000000000000000 ) ) ;
#5142 = COLOUR_RGB ( '',1.000000000000000000, 1.000000000000000000, 1.000000000000000000 ) ;
#5143 = EDGE_LOOP ( 'NONE', ( #1683, #4103, #3234, #6909 ) ) ;
#5144 = LINE ( 'NONE', #5125, #4800 ) ;
#5145 = CARTESIAN_POINT ( 'NONE',  ( 0.5150000000000000133, 1.850000000000000089, -2.024999999999999911 ) ) ;
#5146 = ORIENTED_EDGE ( 'NONE', *, *, #3382, .F. ) ;
#5147 = EDGE_CURVE ( 'NONE', #2294, #1129, #3372, .T. ) ;
#5148 = CARTESIAN_POINT ( 'NONE',  ( 4.875000000000000888, 3.149999999999999911, 0.02500000000000000139 ) ) ;
#5149 = DIRECTION ( 'NONE',  ( 1.000000000000000000, 0.0000000000000000000, 0.0000000000000000000 ) ) ;
#5150 = CARTESIAN_POINT ( 'NONE',  ( -0.5150000000000000133, 1.649999999999999911, -1.025000000000000133 ) ) ;
#5151 = PRESENTATION_STYLE_ASSIGNMENT (( #92 ) ) ;
#5152 = CARTESIAN_POINT ( 'NONE',  ( 0.7250000000000000888, 1.315130797599999957, 1.171117220399999770 ) ) ;
#5153 = LINE ( 'NONE', #2326, #4260 ) ;
#5154 = DIRECTION ( 'NONE',  ( 0.0000000000000000000, -1.000000000000000000, 0.0000000000000000000 ) ) ;
#5155 = AXIS2_PLACEMENT_3D ( 'NONE', #3386, #6787, #7361 ) ;
#5156 = VERTEX_POINT ( 'NONE', #3649 ) ;
#5157 = ORIENTED_EDGE ( 'NONE', *, *, #2259, .T. ) ;
#5158 = VECTOR ( 'NONE', #1188, 1000.000000000000000 ) ;
#5159 = CARTESIAN_POINT ( 'NONE',  ( 5.375000000000000000, 1.000000000000000000, -1.525000000000000133 ) ) ;
#5160 = EDGE_CURVE ( 'NONE', #4107, #6702, #3552, .T. ) ;
#5161 = ORIENTED_EDGE ( 'NONE', *, *, #778, .F. ) ;
#5162 = ORIENTED_EDGE ( 'NONE', *, *, #5808, .F. ) ;
#5163 = VERTEX_POINT ( 'NONE', #7282 ) ;
#5164 = DIRECTION ( 'NONE',  ( -1.000000000000000000, 0.0000000000000000000, 0.0000000000000000000 ) ) ;
#5165 = EDGE_CURVE ( 'NONE', #123, #1325, #5520, .T. ) ;
#5166 = VECTOR ( 'NONE', #6883, 1000.000000000000000 ) ;
#5167 = DIRECTION ( 'NONE',  ( 0.0000000000000000000, 1.000000000000000000, 0.0000000000000000000 ) ) ;
#5168 = LINE ( 'NONE', #740, #3209 ) ;
#5169 = FACE_OUTER_BOUND ( 'NONE', #1494, .T. ) ;
#5170 = CARTESIAN_POINT ( 'NONE',  ( 1.765000000000000124, 1.850000000000000089, -1.025000000000000133 ) ) ;
#5171 = UNCERTAINTY_MEASURE_WITH_UNIT (LENGTH_MEASURE( 1.000000000000000082E-05 ), #4614, 'distance_accuracy_value', 'NONE');
#5172 = ORIENTED_EDGE ( 'NONE', *, *, #4005, .T. ) ;
#5173 = VECTOR ( 'NONE', #1024, 1000.000000000000000 ) ;
#5174 = EDGE_LOOP ( 'NONE', ( #1128, #6627, #4782, #7294 ) ) ;
#5175 = DIRECTION ( 'NONE',  ( 0.0000000000000000000, 1.000000000000000000, 0.0000000000000000000 ) ) ;
#5176 = CARTESIAN_POINT ( 'NONE',  ( -0.5250000000000000222, 0.05000000000000002359, -1.775000000000000133 ) ) ;
#5177 = DIRECTION ( 'NONE',  ( -0.0000000000000000000, -2.148487149506095815E-16, -1.000000000000000000 ) ) ;
#5178 = ADVANCED_FACE ( 'NONE', ( #5086 ), #3807, .F. ) ;
#5179 = CARTESIAN_POINT ( 'NONE',  ( -0.5250000000000000222, 1.649999999999999911, -1.025000000000000133 ) ) ;
#5180 = ORIENTED_EDGE ( 'NONE', *, *, #4758, .T. ) ;
#5181 = EDGE_CURVE ( 'NONE', #6113, #3539, #948, .T. ) ;
#5182 = VECTOR ( 'NONE', #4921, 1000.000000000000000 ) ;
#5183 = ORIENTED_EDGE ( 'NONE', *, *, #1194, .F. ) ;
#5184 =( NAMED_UNIT ( * ) PLANE_ANGLE_UNIT ( ) SI_UNIT ( $, .RADIAN. ) );
#5185 = DIRECTION ( 'NONE',  ( 0.0000000000000000000, 0.0000000000000000000, -1.000000000000000000 ) ) ;
#5186 = ADVANCED_FACE ( 'NONE', ( #5715 ), #2292, .T. ) ;
#5187 = EDGE_LOOP ( 'NONE', ( #2930, #2403, #3362, #4641, #6619 ) ) ;
#5188 = VERTEX_POINT ( 'NONE', #2115 ) ;
#5189 = EDGE_LOOP ( 'NONE', ( #4288, #3298, #1269, #454, #3487, #6220 ) ) ;
#5190 = EDGE_CURVE ( 'NONE', #7407, #2159, #7113, .T. ) ;
#5191 = CARTESIAN_POINT ( 'NONE',  ( 3.225000000000000533, 1.000000000000000000, 0.0000000000000000000 ) ) ;
#5192 = CARTESIAN_POINT ( 'NONE',  ( -0.5250000000000000222, 0.5000000000000000000, 2.024999999999999911 ) ) ;
#5193 = DIRECTION ( 'NONE',  ( 0.0000000000000000000, 0.0000000000000000000, -1.000000000000000000 ) ) ;
#5194 =( NAMED_UNIT ( * ) SI_UNIT ( $, .STERADIAN. ) SOLID_ANGLE_UNIT ( ) );
#5195 = LINE ( 'NONE', #3858, #3495 ) ;
#5196 = DIRECTION ( 'NONE',  ( -0.0000000000000000000, 1.000000000000000000, 0.0000000000000000000 ) ) ;
#5197 = EDGE_CURVE ( 'NONE', #4107, #5242, #7024, .T. ) ;
#5198 = EDGE_LOOP ( 'NONE', ( #6406, #1645, #6698, #6237, #3616, #6480 ) ) ;
#5199 = CARTESIAN_POINT ( 'NONE',  ( 2.875000000000000000, 0.0000000000000000000, -1.525000000000000133 ) ) ;
#5200 = LINE ( 'NONE', #125, #6721 ) ;
#5201 = PRESENTATION_STYLE_ASSIGNMENT (( #4838 ) ) ;
#5202 = DIRECTION ( 'NONE',  ( 1.000000000000000000, 0.0000000000000000000, 0.0000000000000000000 ) ) ;
#5203 = PRESENTATION_LAYER_ASSIGNMENT (  '', '', ( #7333 ) ) ;
#5204 = COLOUR_RGB ( '',1.000000000000000000, 1.000000000000000000, 1.000000000000000000 ) ;
#5205 = PRESENTATION_LAYER_ASSIGNMENT (  '', '', ( #1466 ) ) ;
#5206 = ADVANCED_FACE ( 'NONE', ( #2753 ), #1639, .F. ) ;
#5207 = EDGE_LOOP ( 'NONE', ( #4202, #2486, #3156, #5285 ) ) ;
#5208 = EDGE_CURVE ( 'NONE', #5890, #1522, #1299, .T. ) ;
#5209 = ORIENTED_EDGE ( 'NONE', *, *, #1968, .T. ) ;
#5210 = FACE_OUTER_BOUND ( 'NONE', #6499, .T. ) ;
#5211 = ORIENTED_EDGE ( 'NONE', *, *, #6598, .F. ) ;
#5212 = EDGE_CURVE ( 'NONE', #4328, #1472, #4362, .T. ) ;
#5213 = VECTOR ( 'NONE', #3942, 1000.000000000000000 ) ;
#5214 = VERTEX_POINT ( 'NONE', #1323 ) ;
#5215 = DIRECTION ( 'NONE',  ( 1.000000000000000000, 0.0000000000000000000, 0.0000000000000000000 ) ) ;
#5216 = DIRECTION ( 'NONE',  ( 0.0000000000000000000, 0.0000000000000000000, -1.000000000000000000 ) ) ;
#5217 = CARTESIAN_POINT ( 'NONE',  ( 2.500000000000000444, 1.000000000000000000, -1.474999999999999867 ) ) ;
#5218 = DIRECTION ( 'NONE',  ( 0.0000000000000000000, -1.000000000000000000, 0.0000000000000000000 ) ) ;
#5219 = CARTESIAN_POINT ( 'NONE',  ( 0.5250000000000000222, 0.5547525681000000652, 2.024999999999999911 ) ) ;
#5220 = LINE ( 'NONE', #7224, #95 ) ;
#5221 = EDGE_CURVE ( 'NONE', #2888, #2910, #5610, .T. ) ;
#5222 = CARTESIAN_POINT ( 'NONE',  ( 4.775000000000000355, 0.0000000000000000000, 2.024999999999999911 ) ) ;
#5223 = ORIENTED_EDGE ( 'NONE', *, *, #1174, .T. ) ;
#5224 = SURFACE_SIDE_STYLE ('',( #447 ) ) ;
#5225 = AXIS2_PLACEMENT_3D ( 'NONE', #4138, #1187, #4040 ) ;
#5226 = LINE ( 'NONE', #721, #2463 ) ;
#5227 = CARTESIAN_POINT ( 'NONE',  ( -2.500000000000000000, 4.240000000000000213, -2.024999999999999911 ) ) ;
#5228 = SURFACE_STYLE_FILL_AREA ( #2061 ) ;
#5229 = ORIENTED_EDGE ( 'NONE', *, *, #5087, .T. ) ;
#5230 = DIRECTION ( 'NONE',  ( 1.000000000000000000, 0.0000000000000000000, 0.0000000000000000000 ) ) ;
#5231 = LINE ( 'NONE', #4860, #1372 ) ;
#5232 = AXIS2_PLACEMENT_3D ( 'NONE', #4341, #4900, #896 ) ;
#5233 = ORIENTED_EDGE ( 'NONE', *, *, #4649, .F. ) ;
#5234 = LINE ( 'NONE', #3886, #3901 ) ;
#5235 = COLOUR_RGB ( '',0.6470588235294117974, 0.6196078431372549211, 0.5882352941176470784 ) ;
#5236 = PLANE ( 'NONE',  #5093 ) ;
#5237 = EDGE_CURVE ( 'NONE', #6640, #2798, #5886, .T. ) ;
#5238 = CARTESIAN_POINT ( 'NONE',  ( 3.015000000000000124, 1.000000000000000000, -1.474999999999999867 ) ) ;
#5239 = DIRECTION ( 'NONE',  ( 0.0000000000000000000, -0.0000000000000000000, -1.000000000000000000 ) ) ;
#5240 = DIRECTION ( 'NONE',  ( 0.0000000000000000000, -1.000000000000000000, 0.0000000000000000000 ) ) ;
#5241 = ORIENTED_EDGE ( 'NONE', *, *, #136, .T. ) ;
#5242 = VERTEX_POINT ( 'NONE', #3480 ) ;
#5243 =( NAMED_UNIT ( * ) SI_UNIT ( $, .STERADIAN. ) SOLID_ANGLE_UNIT ( ) );
#5244 = PLANE ( 'NONE',  #3836 ) ;
#5245 = LINE ( 'NONE', #4747, #4264 ) ;
#5246 = VECTOR ( 'NONE', #1631, 1000.000000000000000 ) ;
#5247 = MECHANICAL_DESIGN_GEOMETRIC_PRESENTATION_REPRESENTATION (  '', ( #7149 ), #3051 ) ;
#5248 = VECTOR ( 'NONE', #2233, 1000.000000000000000 ) ;
#5249 = DIRECTION ( 'NONE',  ( 0.0000000000000000000, 1.000000000000000000, 0.0000000000000000000 ) ) ;
#5250 = ORIENTED_EDGE ( 'NONE', *, *, #1782, .T. ) ;
#5251 = VERTEX_POINT ( 'NONE', #2346 ) ;
#5252 = LINE ( 'NONE', #7256, #3550 ) ;
#5253 = EDGE_CURVE ( 'NONE', #2276, #3483, #4085, .T. ) ;
#5254 = LINE ( 'NONE', #7131, #7202 ) ;
#5255 = CARTESIAN_POINT ( 'NONE',  ( 3.024999999999999911, -0.6500000000000000222, -2.075000000000000178 ) ) ;
#5256 = VERTEX_POINT ( 'NONE', #641 ) ;
#5257 = EDGE_CURVE ( 'NONE', #4494, #7380, #7193, .T. ) ;
#5258 = ORIENTED_EDGE ( 'NONE', *, *, #2808, .T. ) ;
#5259 = LINE ( 'NONE', #3736, #5991 ) ;
#5260 = EDGE_CURVE ( 'NONE', #1796, #4433, #4171, .T. ) ;
#5261 = VERTEX_POINT ( 'NONE', #5418 ) ;
#5262 = CARTESIAN_POINT ( 'NONE',  ( -0.4249999999999999889, 1.850000000000000089, 2.024999999999999911 ) ) ;
#5263 = LINE ( 'NONE', #4275, #1513 ) ;
#5264 = ORIENTED_EDGE ( 'NONE', *, *, #2966, .F. ) ;
#5265 =( NAMED_UNIT ( * ) SI_UNIT ( $, .STERADIAN. ) SOLID_ANGLE_UNIT ( ) );
#5266 = CARTESIAN_POINT ( 'NONE',  ( 0.7250000000000000888, -0.6500000000000000222, -1.775000000000000133 ) ) ;
#5267 = CARTESIAN_POINT ( 'NONE',  ( 3.225000000000000533, 1.350000000000000089, 1.525000000000000133 ) ) ;
#5268 = CARTESIAN_POINT ( 'NONE',  ( 1.775000000000000133, 1.850000000000000089, -1.698606797699999893 ) ) ;
#5269 = EDGE_CURVE ( 'NONE', #1176, #207, #2031, .T. ) ;
#5270 = ORIENTED_EDGE ( 'NONE', *, *, #4931, .F. ) ;
#5271 = ORIENTED_EDGE ( 'NONE', *, *, #1371, .F. ) ;
#5272 = CARTESIAN_POINT ( 'NONE',  ( 3.024999999999999911, 1.850000000000000089, -1.025000000000000133 ) ) ;
#5273 = CARTESIAN_POINT ( 'NONE',  ( -0.8750000000000000000, 3.750000000000000000, -2.024999999999999911 ) ) ;
#5274 = AXIS2_PLACEMENT_3D ( 'NONE', #1439, #6006, #2050 ) ;
#5275 = FACE_OUTER_BOUND ( 'NONE', #6707, .T. ) ;
#5276 = LINE ( 'NONE', #5543, #7058 ) ;
#5277 = PLANE ( 'NONE',  #5713 ) ;
#5278 = EDGE_CURVE ( 'NONE', #3884, #5898, #7281, .T. ) ;
#5279 = VECTOR ( 'NONE', #7269, 1000.000000000000000 ) ;
#5280 = FILL_AREA_STYLE_COLOUR ( '', #7225 ) ;
#5281 = ADVANCED_FACE ( 'NONE', ( #6951 ), #1471, .T. ) ;
#5282 = CARTESIAN_POINT ( 'NONE',  ( 3.024999999999999911, 1.850000000000000089, -1.025000000000000133 ) ) ;
#5283 = ORIENTED_EDGE ( 'NONE', *, *, #3705, .F. ) ;
#5284 = ORIENTED_EDGE ( 'NONE', *, *, #2994, .T. ) ;
#5285 = ORIENTED_EDGE ( 'NONE', *, *, #6437, .T. ) ;
#5286 = EDGE_LOOP ( 'NONE', ( #5821, #6073, #107, #4356 ) ) ;
#5287 = ORIENTED_EDGE ( 'NONE', *, *, #5147, .F. ) ;
#5288 = EDGE_CURVE ( 'NONE', #2564, #7237, #3020, .T. ) ;
#5289 = DIRECTION ( 'NONE',  ( 0.0000000000000000000, 0.0000000000000000000, 1.000000000000000000 ) ) ;
#5290 = CARTESIAN_POINT ( 'NONE',  ( -2.475000000000000089, 1.999999999999997780, -2.075000000000008615 ) ) ;
#5291 = PRESENTATION_LAYER_ASSIGNMENT (  '', '', ( #4549 ) ) ;
#5292 = LINE ( 'NONE', #1310, #2269 ) ;
#5293 = ORIENTED_EDGE ( 'NONE', *, *, #3613, .T. ) ;
#5294 = ORIENTED_EDGE ( 'NONE', *, *, #4754, .T. ) ;
#5295 = DIRECTION ( 'NONE',  ( 0.0000000000000000000, 0.0000000000000000000, 1.000000000000000000 ) ) ;
#5296 = VERTEX_POINT ( 'NONE', #2086 ) ;
#5297 = LINE ( 'NONE', #6674, #910 ) ;
#5298 = VECTOR ( 'NONE', #2311, 1000.000000000000000 ) ;
#5299 = EDGE_LOOP ( 'NONE', ( #137, #5062, #6372, #795 ) ) ;
#5300 = DIRECTION ( 'NONE',  ( 0.0000000000000000000, -1.000000000000000000, 0.0000000000000000000 ) ) ;
#5301 = DIRECTION ( 'NONE',  ( 0.0000000000000000000, 0.0000000000000000000, 1.000000000000000000 ) ) ;
#5302 = DIRECTION ( 'NONE',  ( 1.000000000000000000, 0.0000000000000000000, 0.0000000000000000000 ) ) ;
#5303 = LINE ( 'NONE', #4407, #1744 ) ;
#5304 = VERTEX_POINT ( 'NONE', #6100 ) ;
#5305 = DIRECTION ( 'NONE',  ( -1.000000000000000000, 0.0000000000000000000, 0.0000000000000000000 ) ) ;
#5306 = DIRECTION ( 'NONE',  ( 1.000000000000000000, 0.0000000000000000000, 0.0000000000000000000 ) ) ;
#5307 = EDGE_CURVE ( 'NONE', #54, #486, #6596, .T. ) ;
#5308 = VERTEX_POINT ( 'NONE', #890 ) ;
#5309 = DIRECTION ( 'NONE',  ( 0.0000000000000000000, 0.0000000000000000000, 1.000000000000000000 ) ) ;
#5310 = ORIENTED_EDGE ( 'NONE', *, *, #6959, .T. ) ;
#5311 = ORIENTED_EDGE ( 'NONE', *, *, #7255, .F. ) ;
#5313 = CARTESIAN_POINT ( 'NONE',  ( -2.875000000000000000, 1.950000000000002176, 1.375000000000006883 ) ) ;
#5312 =( GEOMETRIC_REPRESENTATION_CONTEXT ( 3 ) GLOBAL_UNCERTAINTY_ASSIGNED_CONTEXT ( ( #2424 ) ) GLOBAL_UNIT_ASSIGNED_CONTEXT ( ( #2157, #2726, #7271 ) ) REPRESENTATION_CONTEXT ( 'NONE', 'WORKASPACE' ) );
#5314 = CARTESIAN_POINT ( 'NONE',  ( 4.875000000000000888, 3.149999999999999911, 0.02500000000000000139 ) ) ;
#5315 = VECTOR ( 'NONE', #4573, 1000.000000000000000 ) ;
#5316 = DIRECTION ( 'NONE',  ( 0.0000000000000000000, 1.000000000000000000, 0.0000000000000000000 ) ) ;
#5317 = LINE ( 'NONE', #233, #1575 ) ;
#5318 = ADVANCED_FACE ( 'NONE', ( #5972 ), #4336, .T. ) ;
#5319 = ORIENTED_EDGE ( 'NONE', *, *, #837, .F. ) ;
#5320 = LINE ( 'NONE', #1568, #4805 ) ;
#5321 = VERTEX_POINT ( 'NONE', #1984 ) ;
#5322 = DIRECTION ( 'NONE',  ( -0.0000000000000000000, -0.0000000000000000000, 1.000000000000000000 ) ) ;
#5323 = STYLED_ITEM ( 'NONE', ( #5151 ), #1847 ) ;
#5324 = CARTESIAN_POINT ( 'NONE',  ( 4.775000000000000355, 3.600000000000000089, -1.425000000000000933 ) ) ;
#5325 = VERTEX_POINT ( 'NONE', #3876 ) ;
#5326 = ORIENTED_EDGE ( 'NONE', *, *, #3228, .F. ) ;
#5327 = LINE ( 'NONE', #1198, #5802 ) ;
#5328 = VECTOR ( 'NONE', #5612, 1000.000000000000000 ) ;
#5329 = DIRECTION ( 'NONE',  ( 0.0000000000000000000, 0.0000000000000000000, -1.000000000000000000 ) ) ;
#5330 = VECTOR ( 'NONE', #5498, 1000.000000000000000 ) ;
#5331 = EDGE_CURVE ( 'NONE', #6113, #4447, #39, .T. ) ;
#5332 =( LENGTH_UNIT ( ) NAMED_UNIT ( * ) SI_UNIT ( .MILLI., .METRE. ) );
#5333 = CARTESIAN_POINT ( 'NONE',  ( 0.7249999999999998668, -0.6500000000000000222, -1.775000000000000133 ) ) ;
#5334 = ORIENTED_EDGE ( 'NONE', *, *, #4987, .T. ) ;
#5335 = CARTESIAN_POINT ( 'NONE',  ( -2.024999999999999911, 4.240000000000000213, -1.925000000000000044 ) ) ;
#5336 = ORIENTED_EDGE ( 'NONE', *, *, #5029, .T. ) ;
#5337 = AXIS2_PLACEMENT_3D ( 'NONE', #6797, #1116, #3966 ) ;
#5338 = VECTOR ( 'NONE', #6790, 1000.000000000000000 ) ;
#5339 = DIRECTION ( 'NONE',  ( 1.000000000000000000, 0.0000000000000000000, 0.0000000000000000000 ) ) ;
#5340 = VERTEX_POINT ( 'NONE', #1048 ) ;
#5341 = DIRECTION ( 'NONE',  ( -1.000000000000000000, 0.0000000000000000000, 0.0000000000000000000 ) ) ;
#5342 =( NAMED_UNIT ( * ) PLANE_ANGLE_UNIT ( ) SI_UNIT ( $, .RADIAN. ) );
#5343 = CARTESIAN_POINT ( 'NONE',  ( 3.024999999999999911, 0.5000000000000000000, -1.525000000000000133 ) ) ;
#5344 = CARTESIAN_POINT ( 'NONE',  ( 0.5249999999999999112, 0.05000000000000002359, -1.775000000000000133 ) ) ;
#5345 = ORIENTED_EDGE ( 'NONE', *, *, #4462, .F. ) ;
#5346 = EDGE_CURVE ( 'NONE', #1043, #4072, #3909, .T. ) ;
#5347 = VECTOR ( 'NONE', #5138, 1000.000000000000000 ) ;
#5348 = ORIENTED_EDGE ( 'NONE', *, *, #3164, .T. ) ;
#5349 = CARTESIAN_POINT ( 'NONE',  ( -1.875000000000000000, 3.750000000000000000, -2.024999999999999911 ) ) ;
#5350 = EDGE_LOOP ( 'NONE', ( #1320, #7212, #3551, #6363 ) ) ;
#5351 = EDGE_CURVE ( 'NONE', #6980, #6828, #4725, .T. ) ;
#5352 = ORIENTED_EDGE ( 'NONE', *, *, #4603, .F. ) ;
#5353 = SURFACE_STYLE_FILL_AREA ( #6876 ) ;
#5354 = ORIENTED_EDGE ( 'NONE', *, *, #5909, .T. ) ;
#5355 = EDGE_CURVE ( 'NONE', #6175, #6209, #4450, .T. ) ;
#5356 = ORIENTED_EDGE ( 'NONE', *, *, #1817, .F. ) ;
#5357 = ADVANCED_FACE ( 'NONE', ( #3728 ), #6683, .T. ) ;
#5358 = DIRECTION ( 'NONE',  ( 0.0000000000000000000, 0.0000000000000000000, -1.000000000000000000 ) ) ;
#5359 =( NAMED_UNIT ( * ) PLANE_ANGLE_UNIT ( ) SI_UNIT ( $, .RADIAN. ) );
#5360 = CARTESIAN_POINT ( 'NONE',  ( 5.000000000000000888, 4.250000000000000000, 2.024999999999999911 ) ) ;
#5361 = SURFACE_STYLE_FILL_AREA ( #616 ) ;
#5362 = VERTEX_POINT ( 'NONE', #7229 ) ;
#5363 = CARTESIAN_POINT ( 'NONE',  ( 1.975000000000000089, 1.850000000000000089, 0.0000000000000000000 ) ) ;
#5364 = PRESENTATION_LAYER_ASSIGNMENT (  '', '', ( #678 ) ) ;
#5365 = ORIENTED_EDGE ( 'NONE', *, *, #1671, .T. ) ;
#5366 = DIRECTION ( 'NONE',  ( 1.000000000000000000, 0.0000000000000000000, 0.0000000000000000000 ) ) ;
#5367 = CARTESIAN_POINT ( 'NONE',  ( 1.775000000000000133, 1.649999999999999911, -1.698606797699999893 ) ) ;
#5368 = DIRECTION ( 'NONE',  ( 0.0000000000000000000, -1.000000000000000000, -3.219646771412953967E-15 ) ) ;
#5369 = FACE_OUTER_BOUND ( 'NONE', #6785, .T. ) ;
#5370 = DIRECTION ( 'NONE',  ( 0.0000000000000000000, -0.0000000000000000000, -1.000000000000000000 ) ) ;
#5371 = CARTESIAN_POINT ( 'NONE',  ( -2.274999999999999911, 3.599999999999999201, -0.07500000000000128786 ) ) ;
#5372 = VECTOR ( 'NONE', #5412, 1000.000000000000000 ) ;
#5373 = EDGE_LOOP ( 'NONE', ( #6690, #7074, #4186, #3624, #2619, #3651 ) ) ;
#5374 = DIRECTION ( 'NONE',  ( -0.0000000000000000000, 1.000000000000000000, 0.0000000000000000000 ) ) ;
#5375 = EDGE_CURVE ( 'NONE', #4844, #5380, #6435, .T. ) ;
#5376 = ORIENTED_EDGE ( 'NONE', *, *, #6651, .F. ) ;
#5377 = LINE ( 'NONE', #727, #5563 ) ;
#5378 = ORIENTED_EDGE ( 'NONE', *, *, #65, .F. ) ;
#5379 = DIRECTION ( 'NONE',  ( 1.000000000000000000, 0.0000000000000000000, 0.0000000000000000000 ) ) ;
#5380 = VERTEX_POINT ( 'NONE', #3306 ) ;
#5381 = CARTESIAN_POINT ( 'NONE',  ( -0.5250000000000000222, 0.05000000000000002359, -1.524999999999999689 ) ) ;
#5382 = LINE ( 'NONE', #524, #3074 ) ;
#5383 =( NAMED_UNIT ( * ) SI_UNIT ( $, .STERADIAN. ) SOLID_ANGLE_UNIT ( ) );
#5384 = UNCERTAINTY_MEASURE_WITH_UNIT (LENGTH_MEASURE( 1.000000000000000082E-05 ), #2772, 'distance_accuracy_value', 'NONE');
#5385 = VECTOR ( 'NONE', #6419, 1000.000000000000000 ) ;
#5386 = ORIENTED_EDGE ( 'NONE', *, *, #1907, .F. ) ;
#5387 = EDGE_CURVE ( 'NONE', #3223, #6810, #690, .T. ) ;
#5388 = FILL_AREA_STYLE ('',( #856 ) ) ;
#5389 = DIRECTION ( 'NONE',  ( 1.000000000000000000, 0.0000000000000000000, 0.0000000000000000000 ) ) ;
#5390 = ORIENTED_EDGE ( 'NONE', *, *, #4397, .T. ) ;
#5391 = VECTOR ( 'NONE', #1418, 1000.000000000000000 ) ;
#5392 = DIRECTION ( 'NONE',  ( 0.0000000000000000000, -1.000000000000000000, 0.0000000000000000000 ) ) ;
#5393 = EDGE_CURVE ( 'NONE', #6779, #22, #4265, .T. ) ;
#5394 = DIRECTION ( 'NONE',  ( 0.0000000000000000000, 0.0000000000000000000, 1.000000000000000000 ) ) ;
#5395 = ADVANCED_FACE ( 'NONE', ( #3198 ), #864, .T. ) ;
#5396 = EDGE_LOOP ( 'NONE', ( #199, #2650, #6880, #925 ) ) ;
#5397 = CARTESIAN_POINT ( 'NONE',  ( 0.7349999999999999867, 1.850000000000000089, -1.025000000000000133 ) ) ;
#5398 = CARTESIAN_POINT ( 'NONE',  ( -2.875000000000000000, 4.250000000000000000, -0.07499999999999998335 ) ) ;
#5399 = ORIENTED_EDGE ( 'NONE', *, *, #4749, .T. ) ;
#5400 = VECTOR ( 'NONE', #237, 1000.000000000000000 ) ;
#5401 = DIRECTION ( 'NONE',  ( 0.0000000000000000000, -1.000000000000000000, 0.0000000000000000000 ) ) ;
#5402 = FACE_OUTER_BOUND ( 'NONE', #4592, .T. ) ;
#5403 = VERTEX_POINT ( 'NONE', #429 ) ;
#5404 = AXIS2_PLACEMENT_3D ( 'NONE', #3556, #4154, #5300 ) ;
#5405 = EDGE_CURVE ( 'NONE', #7363, #3986, #120, .T. ) ;
#5406 = CARTESIAN_POINT ( 'NONE',  ( 1.975000000000000089, 0.5000000000000000000, -1.525000000000000133 ) ) ;
#5407 = DIRECTION ( 'NONE',  ( -0.0000000000000000000, 1.000000000000000000, 0.0000000000000000000 ) ) ;
#5408 = ORIENTED_EDGE ( 'NONE', *, *, #2442, .T. ) ;
#5409 = ORIENTED_EDGE ( 'NONE', *, *, #2791, .T. ) ;
#5410 = PRESENTATION_STYLE_ASSIGNMENT (( #273 ) ) ;
#5411 = FACE_OUTER_BOUND ( 'NONE', #5187, .T. ) ;
#5412 = DIRECTION ( 'NONE',  ( 0.0000000000000000000, 1.000000000000000000, 0.0000000000000000000 ) ) ;
#5413 = VERTEX_POINT ( 'NONE', #456 ) ;
#5414 = ORIENTED_EDGE ( 'NONE', *, *, #1366, .F. ) ;
#5415 = VECTOR ( 'NONE', #2535, 1000.000000000000114 ) ;
#5416 = CARTESIAN_POINT ( 'NONE',  ( -0.8249999999999999556, 1.649999999999999911, -1.698606797699999893 ) ) ;
#5417 = CARTESIAN_POINT ( 'NONE',  ( 0.7249999999999999778, 1.350000000000000089, 1.525000000000000133 ) ) ;
#5418 = CARTESIAN_POINT ( 'NONE',  ( -0.5250000000000000222, 0.05000000000000002359, -1.775000000000000133 ) ) ;
#5419 = EDGE_CURVE ( 'NONE', #2594, #2480, #3113, .T. ) ;
#5420 = PLANE ( 'NONE',  #430 ) ;
#5421 = ORIENTED_EDGE ( 'NONE', *, *, #3007, .T. ) ;
#5422 = VERTEX_POINT ( 'NONE', #6635 ) ;
#5423 = VERTEX_POINT ( 'NONE', #991 ) ;
#5424 = CARTESIAN_POINT ( 'NONE',  ( 3.024999999999999911, 0.0000000000000000000, -1.525000000000000133 ) ) ;
#5425 = VECTOR ( 'NONE', #4490, 1000.000000000000000 ) ;
#5426 = DIRECTION ( 'NONE',  ( 0.0000000000000000000, 0.0000000000000000000, 1.000000000000000000 ) ) ;
#5427 = ORIENTED_EDGE ( 'NONE', *, *, #973, .F. ) ;
#5428 = VERTEX_POINT ( 'NONE', #2734 ) ;
#5429 = ADVANCED_FACE ( 'NONE', ( #329 ), #1609, .F. ) ;
#5430 = CARTESIAN_POINT ( 'NONE',  ( -2.375000000000000000, 3.750000000000000000, 0.02500000000000000139 ) ) ;
#5431 = LINE ( 'NONE', #5646, #1314 ) ;
#5432 = EDGE_CURVE ( 'NONE', #5137, #1057, #2041, .T. ) ;
#5433 = CARTESIAN_POINT ( 'NONE',  ( 5.000000000000000888, 4.240000000000000213, -2.024999999999999911 ) ) ;
#5434 = EDGE_LOOP ( 'NONE', ( #6510, #694, #4483, #3980, #3929, #339, #5900, #2334 ) ) ;
#5435 = CARTESIAN_POINT ( 'NONE',  ( -2.274999999999999911, 2.000000000000000000, -2.024999999999999911 ) ) ;
#5436 = AXIS2_PLACEMENT_3D ( 'NONE', #1013, #2082, #6655 ) ;
#5437 = DIRECTION ( 'NONE',  ( 1.000000000000000000, 0.0000000000000000000, 0.0000000000000000000 ) ) ;
#5438 = LINE ( 'NONE', #6061, #2418 ) ;
#5439 = ORIENTED_EDGE ( 'NONE', *, *, #6665, .T. ) ;
#5440 = CARTESIAN_POINT ( 'NONE',  ( 0.5150000000000000133, 1.850000000000000089, -2.024999999999999911 ) ) ;
#5441 = CARTESIAN_POINT ( 'NONE',  ( -0.5250000000000000222, -0.6500000000000000222, -1.775000000000000133 ) ) ;
#5442 = CARTESIAN_POINT ( 'NONE',  ( -2.875000000000000000, 2.000000000000000000, -1.425000000000000044 ) ) ;
#5443 = CARTESIAN_POINT ( 'NONE',  ( -2.375000000000000000, 3.750000000000000000, 0.02500000000000000139 ) ) ;
#5444 = ORIENTED_EDGE ( 'NONE', *, *, #5648, .T. ) ;
#5445 = DIRECTION ( 'NONE',  ( 0.0000000000000000000, 0.0000000000000000000, -1.000000000000000000 ) ) ;
#5446 = COLOUR_RGB ( '',0.6470588235294117974, 0.6196078431372549211, 0.5882352941176470784 ) ;
#5447 = ORIENTED_EDGE ( 'NONE', *, *, #5107, .F. ) ;
#5448 = PLANE ( 'NONE',  #2500 ) ;
#5449 = DIRECTION ( 'NONE',  ( 0.0000000000000000000, -2.148487149506095815E-16, -1.000000000000000000 ) ) ;
#5450 = PLANE ( 'NONE',  #3698 ) ;
#5451 = VECTOR ( 'NONE', #6199, 1000.000000000000000 ) ;
#5452 = VECTOR ( 'NONE', #3205, 1000.000000000000000 ) ;
#5453 = EDGE_CURVE ( 'NONE', #3100, #608, #4824, .T. ) ;
#5454 = CARTESIAN_POINT ( 'NONE',  ( -0.4249999999999999889, 1.850000000000000089, -1.698606797699999893 ) ) ;
#5455 = CARTESIAN_POINT ( 'NONE',  ( -1.375000000000000000, 3.750000000000000000, 0.02500000000000000139 ) ) ;
#5456 = VERTEX_POINT ( 'NONE', #3265 ) ;
#5457 = CARTESIAN_POINT ( 'NONE',  ( 0.8249999999999999556, 1.649999999999999911, -1.698606797699999893 ) ) ;
#5458 = VECTOR ( 'NONE', #1873, 1000.000000000000000 ) ;
#5459 = CARTESIAN_POINT ( 'NONE',  ( 4.875000000000000888, 3.750000000000000000, 0.02500000000000000139 ) ) ;
#5460 = VECTOR ( 'NONE', #2576, 1000.000000000000114 ) ;
#5461 = ORIENTED_EDGE ( 'NONE', *, *, #823, .F. ) ;
#5462 = SURFACE_SIDE_STYLE ('',( #7134 ) ) ;
#5463 = DIRECTION ( 'NONE',  ( 0.0000000000000000000, -1.084202172485501673E-15, -1.000000000000000000 ) ) ;
#5464 = DIRECTION ( 'NONE',  ( -0.0000000000000000000, 0.0000000000000000000, -1.000000000000000000 ) ) ;
#5465 = FILL_AREA_STYLE ('',( #4986 ) ) ;
#5466 = VECTOR ( 'NONE', #3222, 1000.000000000000000 ) ;
#5467 = CARTESIAN_POINT ( 'NONE',  ( -2.475000000000000089, 1.999999999999997780, -2.075000000000008615 ) ) ;
#5468 = VERTEX_POINT ( 'NONE', #2164 ) ;
#5469 = ORIENTED_EDGE ( 'NONE', *, *, #6291, .F. ) ;
#5470 = ADVANCED_FACE ( 'NONE', ( #5169 ), #6070, .T. ) ;
#5471 = DIRECTION ( 'NONE',  ( 0.0000000000000000000, 1.000000000000000000, 0.0000000000000000000 ) ) ;
#5472 = DIRECTION ( 'NONE',  ( 0.0000000000000000000, 0.0000000000000000000, 1.000000000000000000 ) ) ;
#5473 = VECTOR ( 'NONE', #4810, 1000.000000000000000 ) ;
#5474 = ORIENTED_EDGE ( 'NONE', *, *, #1603, .F. ) ;
#5475 = PLANE ( 'NONE',  #4479 ) ;
#5476 = EDGE_CURVE ( 'NONE', #6891, #6622, #5895, .T. ) ;
#5477 = VECTOR ( 'NONE', #603, 1000.000000000000000 ) ;
#5478 = UNCERTAINTY_MEASURE_WITH_UNIT (LENGTH_MEASURE( 1.000000000000000082E-05 ), #1529, 'distance_accuracy_value', 'NONE');
#5479 = ORIENTED_EDGE ( 'NONE', *, *, #4376, .F. ) ;
#5480 = CARTESIAN_POINT ( 'NONE',  ( 2.925000000000000266, 1.850000000000000089, -1.698606797699999893 ) ) ;
#5481 = VECTOR ( 'NONE', #2383, 1000.000000000000000 ) ;
#5482 = ORIENTED_EDGE ( 'NONE', *, *, #3254, .F. ) ;
#5483 = CARTESIAN_POINT ( 'NONE',  ( 4.775000000000000355, 3.600000000000000977, -1.425000000000000044 ) ) ;
#5484 = CARTESIAN_POINT ( 'NONE',  ( 0.7250000000000000888, 1.850000000000000089, -1.025000000000000133 ) ) ;
#5485 = CARTESIAN_POINT ( 'NONE',  ( 1.975000000000000089, -0.6500000000000000222, -1.775000000000000133 ) ) ;
#5486 = FACE_OUTER_BOUND ( 'NONE', #5666, .T. ) ;
#5487 = EDGE_CURVE ( 'NONE', #5362, #2547, #3634, .T. ) ;
#5488 = DIRECTION ( 'NONE',  ( 0.0000000000000000000, 0.0000000000000000000, 1.000000000000000000 ) ) ;
#5489 = VECTOR ( 'NONE', #5867, 1000.000000000000000 ) ;
#5490 = EDGE_LOOP ( 'NONE', ( #2471, #6307, #5376, #3785 ) ) ;
#5491 = DIRECTION ( 'NONE',  ( 1.000000000000000000, 0.0000000000000000000, 0.0000000000000000000 ) ) ;
#5492 = DIRECTION ( 'NONE',  ( 0.0000000000000000000, -1.000000000000000000, 0.0000000000000000000 ) ) ;
#5493 = EDGE_CURVE ( 'NONE', #7156, #5953, #3822, .T. ) ;
#5494 = DIRECTION ( 'NONE',  ( -1.000000000000000000, 0.0000000000000000000, 0.0000000000000000000 ) ) ;
#5495 = VECTOR ( 'NONE', #5379, 1000.000000000000000 ) ;
#5496 = ORIENTED_EDGE ( 'NONE', *, *, #3481, .F. ) ;
#5497 = EDGE_LOOP ( 'NONE', ( #1941, #2499, #6561, #7381 ) ) ;
#5498 = DIRECTION ( 'NONE',  ( 0.0000000000000000000, -1.000000000000000000, 0.0000000000000000000 ) ) ;
#5499 = LINE ( 'NONE', #3711, #756 ) ;
#5500 = EDGE_CURVE ( 'NONE', #5423, #7049, #2319, .T. ) ;
#5501 = SURFACE_STYLE_USAGE ( .BOTH. , #834 ) ;
#5502 = CARTESIAN_POINT ( 'NONE',  ( 5.375000000000000000, 1.000000000000000000, -1.525000000000000133 ) ) ;
#5503 = LINE ( 'NONE', #7310, #4531 ) ;
#5504 = CARTESIAN_POINT ( 'NONE',  ( -2.875000000000000000, 2.000000000000000000, -1.425000000000000044 ) ) ;
#5505 = DIRECTION ( 'NONE',  ( 0.0000000000000000000, -1.000000000000000000, -0.0000000000000000000 ) ) ;
#5506 = ORIENTED_EDGE ( 'NONE', *, *, #987, .F. ) ;
#5507 = ORIENTED_EDGE ( 'NONE', *, *, #4388, .T. ) ;
#5508 = MECHANICAL_DESIGN_GEOMETRIC_PRESENTATION_REPRESENTATION (  '', ( #4120 ), #2647 ) ;
#5509 = ORIENTED_EDGE ( 'NONE', *, *, #6881, .T. ) ;
#5510 = EDGE_CURVE ( 'NONE', #777, #6009, #857, .T. ) ;
#5511 = ADVANCED_FACE ( 'NONE', ( #517 ), #5577, .T. ) ;
#5512 = VECTOR ( 'NONE', #2048, 1000.000000000000000 ) ;
#5513 = FACE_OUTER_BOUND ( 'NONE', #4812, .T. ) ;
#5514 = CARTESIAN_POINT ( 'NONE',  ( 3.375000000000000444, 3.750000000000000000, 2.024999999999999911 ) ) ;
#5515 = DIRECTION ( 'NONE',  ( 0.0000000000000000000, 1.000000000000000000, 0.0000000000000000000 ) ) ;
#5516 = VERTEX_POINT ( 'NONE', #6727 ) ;
#5517 = DIRECTION ( 'NONE',  ( 0.0000000000000000000, 0.0000000000000000000, -1.000000000000000000 ) ) ;
#5518 = ORIENTED_EDGE ( 'NONE', *, *, #894, .T. ) ;
#5519 = VECTOR ( 'NONE', #792, 1000.000000000000000 ) ;
#5520 = LINE ( 'NONE', #841, #3997 ) ;
#5521 = CARTESIAN_POINT ( 'NONE',  ( 3.024999999999999911, 1.850000000000000089, 0.0000000000000000000 ) ) ;
#5522 = PRODUCT_DEFINITION_FORMATION_WITH_SPECIFIED_SOURCE ( 'ANY', '', #6030, .NOT_KNOWN. ) ;
#5523 =( NAMED_UNIT ( * ) PLANE_ANGLE_UNIT ( ) SI_UNIT ( $, .RADIAN. ) );
#5524 = EDGE_LOOP ( 'NONE', ( #3368, #2985, #4720, #612 ) ) ;
#5525 = PLANE ( 'NONE',  #3142 ) ;
#5526 = ORIENTED_EDGE ( 'NONE', *, *, #692, .T. ) ;
#5527 = SURFACE_STYLE_USAGE ( .BOTH. , #2684 ) ;
#5528 = VECTOR ( 'NONE', #5401, 1000.000000000000000 ) ;
#5529 = FILL_AREA_STYLE ('',( #4922 ) ) ;
#5530 = EDGE_CURVE ( 'NONE', #4698, #399, #6523, .T. ) ;
#5531 = CARTESIAN_POINT ( 'NONE',  ( 2.075000000000000178, 1.649999999999999911, -1.474999999999999867 ) ) ;
#5532 = ORIENTED_EDGE ( 'NONE', *, *, #3341, .F. ) ;
#5533 = CARTESIAN_POINT ( 'NONE',  ( 1.324999999999999956, 1.850000000000000089, -1.474999999999999867 ) ) ;
#5534 = AXIS2_PLACEMENT_3D ( 'NONE', #2914, #4773, #7067 ) ;
#5535 = LINE ( 'NONE', #3605, #960 ) ;
#5536 = ORIENTED_EDGE ( 'NONE', *, *, #11, .F. ) ;
#5537 = DIRECTION ( 'NONE',  ( 0.0000000000000000000, 0.0000000000000000000, -1.000000000000000000 ) ) ;
#5538 = EDGE_CURVE ( 'NONE', #2294, #6530, #2225, .T. ) ;
#5539 = ORIENTED_EDGE ( 'NONE', *, *, #837, .T. ) ;
#5540 = DIRECTION ( 'NONE',  ( 0.0000000000000000000, -0.4999999999932618899, 0.8660254037883288181 ) ) ;
#5541 = LINE ( 'NONE', #2315, #4018 ) ;
#5542 = VERTEX_POINT ( 'NONE', #971 ) ;
#5543 = CARTESIAN_POINT ( 'NONE',  ( 0.5150000000000000133, 1.850000000000000089, -1.025000000000000133 ) ) ;
#5544 = EDGE_CURVE ( 'NONE', #6233, #3951, #4913, .T. ) ;
#5545 = ORIENTED_EDGE ( 'NONE', *, *, #1574, .T. ) ;
#5546 = DIRECTION ( 'NONE',  ( -1.000000000000000000, 0.0000000000000000000, 0.0000000000000000000 ) ) ;
#5547 = ORIENTED_EDGE ( 'NONE', *, *, #5165, .F. ) ;
#5548 = ADVANCED_FACE ( 'NONE', ( #3461 ), #2183, .T. ) ;
#5549 = VERTEX_POINT ( 'NONE', #6174 ) ;
#5550 = DIRECTION ( 'NONE',  ( -1.000000000000000000, 0.0000000000000000000, 0.0000000000000000000 ) ) ;
#5551 = LINE ( 'NONE', #3720, #5027 ) ;
#5552 = FACE_OUTER_BOUND ( 'NONE', #2915, .T. ) ;
#5553 = AXIS2_PLACEMENT_3D ( 'NONE', #2577, #1103, #3221 ) ;
#5554 = DIRECTION ( 'NONE',  ( 0.0000000000000000000, 1.000000000000000000, 0.0000000000000000000 ) ) ;
#5555 = EDGE_CURVE ( 'NONE', #3697, #1786, #6078, .T. ) ;
#5556 = FACE_OUTER_BOUND ( 'NONE', #4263, .T. ) ;
#5557 = EDGE_LOOP ( 'NONE', ( #4272, #805, #1228, #1196 ) ) ;
#5558 = APPLICATION_CONTEXT ( 'automotive_design' ) ;
#5559 = DIRECTION ( 'NONE',  ( -1.000000000000000000, 0.0000000000000000000, 0.0000000000000000000 ) ) ;
#5560 = LINE ( 'NONE', #4114, #85 ) ;
#5561 = PRESENTATION_LAYER_ASSIGNMENT (  '', '', ( #1443 ) ) ;
#5562 = DIRECTION ( 'NONE',  ( -1.000000000000000000, 0.0000000000000000000, 0.0000000000000000000 ) ) ;
#5563 = VECTOR ( 'NONE', #4755, 1000.000000000000000 ) ;
#5564 = ORIENTED_EDGE ( 'NONE', *, *, #6805, .F. ) ;
#5565 = ORIENTED_EDGE ( 'NONE', *, *, #4249, .T. ) ;
#5566 = CARTESIAN_POINT ( 'NONE',  ( 0.7349999999999999867, 1.850000000000000089, -1.025000000000000133 ) ) ;
#5567 = SURFACE_STYLE_USAGE ( .BOTH. , #4452 ) ;
#5568 = VECTOR ( 'NONE', #3989, 1000.000000000000000 ) ;
#5569 = EDGE_CURVE ( 'NONE', #592, #7166, #6607, .T. ) ;
#5570 = SURFACE_SIDE_STYLE ('',( #5929 ) ) ;
#5571 = SURFACE_SIDE_STYLE ('',( #4242 ) ) ;
#5572 = ORIENTED_EDGE ( 'NONE', *, *, #3354, .T. ) ;
#5573 = VECTOR ( 'NONE', #4563, 1000.000000000000000 ) ;
#5574 = ORIENTED_EDGE ( 'NONE', *, *, #55, .T. ) ;
#5575 = CARTESIAN_POINT ( 'NONE',  ( 0.0000000000000000000, 0.0000000000000000000, 0.0000000000000000000 ) ) ;
#5576 = AXIS2_PLACEMENT_3D ( 'NONE', #3881, #2736, #5554 ) ;
#5577 = PLANE ( 'NONE',  #2887 ) ;
#5578 = LINE ( 'NONE', #3664, #386 ) ;
#5579 = CARTESIAN_POINT ( 'NONE',  ( -1.375000000000000000, 3.750000000000000000, 0.02500000000000000139 ) ) ;
#5580 = VECTOR ( 'NONE', #1222, 1000.000000000000114 ) ;
#5581 = ORIENTED_EDGE ( 'NONE', *, *, #7060, .F. ) ;
#5582 = EDGE_CURVE ( 'NONE', #6148, #6792, #3738, .T. ) ;
#5583 = LINE ( 'NONE', #4889, #2552 ) ;
#5584 = DIRECTION ( 'NONE',  ( 0.0000000000000000000, -1.000000000000000000, 0.0000000000000000000 ) ) ;
#5585 = ADVANCED_FACE ( 'NONE', ( #772 ), #6750, .T. ) ;
#5586 = MECHANICAL_DESIGN_GEOMETRIC_PRESENTATION_REPRESENTATION (  '', ( #4549 ), #1464 ) ;
#5587 = CARTESIAN_POINT ( 'NONE',  ( 4.375000000000000000, 3.750000000000000000, 2.025999999999999801 ) ) ;
#5588 = DIRECTION ( 'NONE',  ( 0.0000000000000000000, -1.000000000000000000, -3.212450881438532635E-15 ) ) ;
#5589 = LINE ( 'NONE', #4226, #5489 ) ;
#5590 = ORIENTED_EDGE ( 'NONE', *, *, #6918, .F. ) ;
#5591 = DIRECTION ( 'NONE',  ( 0.0000000000000000000, 0.0000000000000000000, 1.000000000000000000 ) ) ;
#5592 = VECTOR ( 'NONE', #6835, 1000.000000000000000 ) ;
#5593 = EDGE_CURVE ( 'NONE', #3269, #5718, #1770, .T. ) ;
#5594 = CARTESIAN_POINT ( 'NONE',  ( 0.7250000000000000888, 0.05000000000000002359, -1.775000000000000133 ) ) ;
#5595 = CARTESIAN_POINT ( 'NONE',  ( -2.274999999999999911, 4.240000000000000213, -0.07499999999999998335 ) ) ;
#5596 = ORIENTED_EDGE ( 'NONE', *, *, #2449, .F. ) ;
#5597 = EDGE_CURVE ( 'NONE', #1786, #3489, #699, .T. ) ;
#5598 = VECTOR ( 'NONE', #3746, 1000.000000000000000 ) ;
#5599 = CARTESIAN_POINT ( 'NONE',  ( -2.274999999999999911, 1.999999999999997780, -2.075000000000008615 ) ) ;
#5600 = CARTESIAN_POINT ( 'NONE',  ( 3.325000000000000622, 1.649999999999999911, -1.474999999999999867 ) ) ;
#5601 = COLOUR_RGB ( '',1.000000000000000000, 1.000000000000000000, 1.000000000000000000 ) ;
#5602 = ORIENTED_EDGE ( 'NONE', *, *, #4284, .F. ) ;
#5603 = CARTESIAN_POINT ( 'NONE',  ( 4.775000000000000355, 2.250000000000000000, -2.024999999999999911 ) ) ;
#5604 = LINE ( 'NONE', #2506, #2566 ) ;
#5605 = VERTEX_POINT ( 'NONE', #7351 ) ;
#5606 = ORIENTED_EDGE ( 'NONE', *, *, #3872, .T. ) ;
#5607 = EDGE_CURVE ( 'NONE', #2673, #435, #3028, .T. ) ;
#5608 = LINE ( 'NONE', #4025, #946 ) ;
#5609 = CARTESIAN_POINT ( 'NONE',  ( 3.225000000000000533, 1.350000000000000089, -1.525000000000000133 ) ) ;
#5610 = LINE ( 'NONE', #5774, #1486 ) ;
#5611 = VECTOR ( 'NONE', #3969, 1000.000000000000000 ) ;
#5612 = DIRECTION ( 'NONE',  ( 0.0000000000000000000, -1.000000000000000000, 0.0000000000000000000 ) ) ;
#5613 = ORIENTED_EDGE ( 'NONE', *, *, #4780, .F. ) ;
#5614 = CARTESIAN_POINT ( 'NONE',  ( -1.875000000000000000, 1.850000000000000089, -1.474999999999999867 ) ) ;
#5615 =( NAMED_UNIT ( * ) SI_UNIT ( $, .STERADIAN. ) SOLID_ANGLE_UNIT ( ) );
#5616 = VECTOR ( 'NONE', #4003, 1000.000000000000000 ) ;
#5617 = ORIENTED_EDGE ( 'NONE', *, *, #5966, .T. ) ;
#5618 = DIRECTION ( 'NONE',  ( 1.000000000000000000, 0.0000000000000000000, 0.0000000000000000000 ) ) ;
#5619 = CARTESIAN_POINT ( 'NONE',  ( 4.375000000000000000, 0.5000000000000000000, -1.474999999999999867 ) ) ;
#5620 = CARTESIAN_POINT ( 'NONE',  ( 3.225000000000000533, 0.3499999999999999778, -2.075000000000000178 ) ) ;
#5621 = VERTEX_POINT ( 'NONE', #2257 ) ;
#5622 = ORIENTED_EDGE ( 'NONE', *, *, #240, .F. ) ;
#5623 = LINE ( 'NONE', #1956, #521 ) ;
#5624 = ORIENTED_EDGE ( 'NONE', *, *, #3862, .F. ) ;
#5625 = PLANE ( 'NONE',  #1318 ) ;
#5626 = CARTESIAN_POINT ( 'NONE',  ( 3.024999999999999911, 0.0000000000000000000, 0.0000000000000000000 ) ) ;
#5627 = CARTESIAN_POINT ( 'NONE',  ( -2.274999999999999911, 2.250000000000000000, -1.925000000000000044 ) ) ;
#5628 = PLANE ( 'NONE',  #4337 ) ;
#5629 = UNCERTAINTY_MEASURE_WITH_UNIT (LENGTH_MEASURE( 1.000000000000000082E-05 ), #2559, 'distance_accuracy_value', 'NONE');
#5630 = CARTESIAN_POINT ( 'NONE',  ( 3.024999999999999911, 0.0000000000000000000, 2.024999999999999911 ) ) ;
#5631 = DIRECTION ( 'NONE',  ( 0.0000000000000000000, -1.000000000000000000, -3.219646771412953967E-15 ) ) ;
#5632 = ADVANCED_FACE ( 'NONE', ( #4553 ), #483, .T. ) ;
#5633 = LINE ( 'NONE', #2256, #6963 ) ;
#5634 = ORIENTED_EDGE ( 'NONE', *, *, #4766, .T. ) ;
#5635 = EDGE_CURVE ( 'NONE', #724, #5910, #7377, .T. ) ;
#5636 = DIRECTION ( 'NONE',  ( -1.000000000000000000, 0.0000000000000000000, 0.0000000000000000000 ) ) ;
#5637 = PLANE ( 'NONE',  #4842 ) ;
#5638 = DIRECTION ( 'NONE',  ( -0.0000000000000000000, 1.000000000000000000, 0.0000000000000000000 ) ) ;
#5639 = CARTESIAN_POINT ( 'NONE',  ( 4.375000000000000000, 3.750000000000000000, 2.025999999999999801 ) ) ;
#5640 = VECTOR ( 'NONE', #6218, 1000.000000000000000 ) ;
#5641 = ORIENTED_EDGE ( 'NONE', *, *, #7158, .T. ) ;
#5642 = FILL_AREA_STYLE ('',( #2671 ) ) ;
#5643 = EDGE_CURVE ( 'NONE', #4535, #4742, #949, .T. ) ;
#5644 = DIRECTION ( 'NONE',  ( 1.000000000000000000, 0.0000000000000000000, 0.0000000000000000000 ) ) ;
#5645 = LINE ( 'NONE', #2290, #5837 ) ;
#5646 = CARTESIAN_POINT ( 'NONE',  ( 3.675000000000000266, 2.550000000000000266, -1.474999999999999867 ) ) ;
#5647 = VECTOR ( 'NONE', #3861, 1000.000000000000000 ) ;
#5648 = EDGE_CURVE ( 'NONE', #4187, #3697, #7203, .T. ) ;
#5649 =( NAMED_UNIT ( * ) PLANE_ANGLE_UNIT ( ) SI_UNIT ( $, .RADIAN. ) );
#5650 = DIRECTION ( 'NONE',  ( 0.0000000000000000000, -0.6650335612228979176, -0.7468134723257140450 ) ) ;
#5651 = CARTESIAN_POINT ( 'NONE',  ( 4.775000000000000355, 3.599999999999999201, -0.07500000000000128786 ) ) ;
#5652 = CARTESIAN_POINT ( 'NONE',  ( 3.225000000000000533, 0.0000000000000000000, -1.525000000000000133 ) ) ;
#5653 = CARTESIAN_POINT ( 'NONE',  ( 0.5250000000000000222, 1.000000000000000000, 0.0000000000000000000 ) ) ;
#5654 = LINE ( 'NONE', #3258, #160 ) ;
#5655 = VECTOR ( 'NONE', #5515, 1000.000000000000000 ) ;
#5656 = CARTESIAN_POINT ( 'NONE',  ( 1.765000000000000124, 1.000000000000000000, -1.025000000000000133 ) ) ;
#5657 = CARTESIAN_POINT ( 'NONE',  ( 3.235000000000000320, 1.000000000000000000, -1.525000000000000133 ) ) ;
#5658 = DIRECTION ( 'NONE',  ( 1.000000000000000000, 0.0000000000000000000, 0.0000000000000000000 ) ) ;
#5659 = ORIENTED_EDGE ( 'NONE', *, *, #2289, .F. ) ;
#5660 = CARTESIAN_POINT ( 'NONE',  ( 4.775000000000000355, 4.249999999999992895, -0.07499999999999976130 ) ) ;
#5661 = ORIENTED_EDGE ( 'NONE', *, *, #6817, .T. ) ;
#5662 = PLANE ( 'NONE',  #2390 ) ;
#5663 = ORIENTED_EDGE ( 'NONE', *, *, #4403, .F. ) ;
#5664 = CARTESIAN_POINT ( 'NONE',  ( -2.875000000000000000, 0.0000000000000000000, -1.525000000000000133 ) ) ;
#5665 = EDGE_CURVE ( 'NONE', #5953, #5137, #4996, .T. ) ;
#5666 = EDGE_LOOP ( 'NONE', ( #4476, #7118, #2089, #2774 ) ) ;
#5667 = VECTOR ( 'NONE', #272, 1000.000000000000000 ) ;
#5668 = CARTESIAN_POINT ( 'NONE',  ( 0.7250000000000000888, 1.649999999999999911, -1.698606797699999893 ) ) ;
#5669 = SURFACE_STYLE_USAGE ( .BOTH. , #3312 ) ;
#5670 = ADVANCED_FACE ( 'NONE', ( #5076 ), #5277, .F. ) ;
#5671 = FACE_OUTER_BOUND ( 'NONE', #6212, .T. ) ;
#5672 = ORIENTED_EDGE ( 'NONE', *, *, #3490, .T. ) ;
#5673 = ORIENTED_EDGE ( 'NONE', *, *, #6752, .T. ) ;
#5674 = STYLED_ITEM ( 'NONE', ( #4855 ), #489 ) ;
#5675 =( GEOMETRIC_REPRESENTATION_CONTEXT ( 3 ) GLOBAL_UNCERTAINTY_ASSIGNED_CONTEXT ( ( #2277 ) ) GLOBAL_UNIT_ASSIGNED_CONTEXT ( ( #7172, #2690, #5615 ) ) REPRESENTATION_CONTEXT ( 'NONE', 'WORKASPACE' ) );
#5676 = ORIENTED_EDGE ( 'NONE', *, *, #2444, .F. ) ;
#5677 = FACE_OUTER_BOUND ( 'NONE', #5189, .T. ) ;
#5678 = ORIENTED_EDGE ( 'NONE', *, *, #2641, .F. ) ;
#5679 = FACE_OUTER_BOUND ( 'NONE', #1219, .T. ) ;
#5680 = VERTEX_POINT ( 'NONE', #3019 ) ;
#5681 = CARTESIAN_POINT ( 'NONE',  ( 3.675000000000000266, 1.850000000000000089, -1.474999999999999867 ) ) ;
#5682 = EDGE_CURVE ( 'NONE', #2780, #3068, #1488, .T. ) ;
#5683 = ORIENTED_EDGE ( 'NONE', *, *, #2313, .T. ) ;
#5684 = FACE_OUTER_BOUND ( 'NONE', #7387, .T. ) ;
#5685 = DIRECTION ( 'NONE',  ( 1.000000000000000000, 0.0000000000000000000, -0.0000000000000000000 ) ) ;
#5686 = LINE ( 'NONE', #5467, #6837 ) ;
#5687 = ORIENTED_EDGE ( 'NONE', *, *, #2586, .T. ) ;
#5688 = DIRECTION ( 'NONE',  ( 0.0000000000000000000, 0.0000000000000000000, 1.000000000000000000 ) ) ;
#5689 = CARTESIAN_POINT ( 'NONE',  ( 4.775000000000000355, 0.6000000000000076383, -0.2249999999999982014 ) ) ;
#5690 = CARTESIAN_POINT ( 'NONE',  ( 4.775000000000000355, 1.999999999999997780, -2.075000000000008615 ) ) ;
#5691 = EDGE_CURVE ( 'NONE', #1534, #5468, #4728, .T. ) ;
#5692 = ORIENTED_EDGE ( 'NONE', *, *, #6598, .T. ) ;
#5693 = VECTOR ( 'NONE', #2455, 1000.000000000000000 ) ;
#5694 = PLANE ( 'NONE',  #380 ) ;
#5695 = FACE_OUTER_BOUND ( 'NONE', #4650, .T. ) ;
#5696 = DIRECTION ( 'NONE',  ( 0.0000000000000000000, 0.0000000000000000000, -1.000000000000000000 ) ) ;
#5697 = MECHANICAL_DESIGN_GEOMETRIC_PRESENTATION_REPRESENTATION (  '', ( #1466 ), #6976 ) ;
#5698 = EDGE_LOOP ( 'NONE', ( #3075, #6003, #4456, #469, #5794, #6755, #5250 ) ) ;
#5699 = ORIENTED_EDGE ( 'NONE', *, *, #5476, .T. ) ;
#5700 = LINE ( 'NONE', #7179, #2482 ) ;
#5701 = VECTOR ( 'NONE', #2514, 1000.000000000000000 ) ;
#5702 = CARTESIAN_POINT ( 'NONE',  ( -0.8750000000000000000, 3.750000000000000000, 2.024999999999999911 ) ) ;
#5703 = LINE ( 'NONE', #4347, #4364 ) ;
#5704 = VERTEX_POINT ( 'NONE', #7164 ) ;
#5705 = FACE_OUTER_BOUND ( 'NONE', #2073, .T. ) ;
#5706 = DIRECTION ( 'NONE',  ( -1.000000000000000000, 0.0000000000000000000, 0.0000000000000000000 ) ) ;
#5707 = CARTESIAN_POINT ( 'NONE',  ( 0.7250000000000000888, 0.5000000000000000000, -1.525000000000000133 ) ) ;
#5708 =( NAMED_UNIT ( * ) PLANE_ANGLE_UNIT ( ) SI_UNIT ( $, .RADIAN. ) );
#5709 = ORIENTED_EDGE ( 'NONE', *, *, #1771, .T. ) ;
#5710 = VERTEX_POINT ( 'NONE', #4257 ) ;
#5711 = ADVANCED_FACE ( 'NONE', ( #2305 ), #5420, .T. ) ;
#5712 = DIRECTION ( 'NONE',  ( 0.0000000000000000000, -1.000000000000000000, 0.0000000000000000000 ) ) ;
#5713 = AXIS2_PLACEMENT_3D ( 'NONE', #688, #6455, #4695 ) ;
#5714 = VECTOR ( 'NONE', #4823, 1000.000000000000000 ) ;
#5715 = FACE_OUTER_BOUND ( 'NONE', #2536, .T. ) ;
#5716 = VECTOR ( 'NONE', #6431, 1000.000000000000000 ) ;
#5717 = EDGE_CURVE ( 'NONE', #7380, #5422, #1216, .T. ) ;
#5718 = VERTEX_POINT ( 'NONE', #5371 ) ;
#5719 = DIRECTION ( 'NONE',  ( 0.0000000000000000000, 1.000000000000000000, 0.0000000000000000000 ) ) ;
#5720 = ORIENTED_EDGE ( 'NONE', *, *, #1713, .F. ) ;
#5721 = DIRECTION ( 'NONE',  ( 0.0000000000000000000, 0.6650335612228979176, -0.7468134723257140450 ) ) ;
#5722 = FACE_OUTER_BOUND ( 'NONE', #4014, .T. ) ;
#5723 = CARTESIAN_POINT ( 'NONE',  ( 1.774999999999999911, 0.3499999999999999778, -2.075000000000000178 ) ) ;
#5724 = ORIENTED_EDGE ( 'NONE', *, *, #4453, .T. ) ;
#5725 = ADVANCED_FACE ( 'NONE', ( #4365 ), #3114, .T. ) ;
#5726 =( GEOMETRIC_REPRESENTATION_CONTEXT ( 3 ) GLOBAL_UNCERTAINTY_ASSIGNED_CONTEXT ( ( #3748 ) ) GLOBAL_UNIT_ASSIGNED_CONTEXT ( ( #909, #6094, #279 ) ) REPRESENTATION_CONTEXT ( 'NONE', 'WORKASPACE' ) );
#5727 = VERTEX_POINT ( 'NONE', #2007 ) ;
#5728 = VECTOR ( 'NONE', #5831, 1000.000000000000000 ) ;
#5729 = ORIENTED_EDGE ( 'NONE', *, *, #7022, .F. ) ;
#5730 = MANIFOLD_SOLID_BREP ( 'Combine2', #6250 ) ;
#5731 = ORIENTED_EDGE ( 'NONE', *, *, #747, .F. ) ;
#5732 = FILL_AREA_STYLE ('',( #6700 ) ) ;
#5733 = PRESENTATION_LAYER_ASSIGNMENT (  '', '', ( #5323 ) ) ;
#5734 = DIRECTION ( 'NONE',  ( 1.000000000000000000, 0.0000000000000000000, 0.0000000000000000000 ) ) ;
#5735 = CARTESIAN_POINT ( 'NONE',  ( -0.7249999999999999778, 1.850000000000000089, -1.025000000000000133 ) ) ;
#5736 = EDGE_LOOP ( 'NONE', ( #2750, #2498, #2153, #3791, #5699, #3277, #4185 ) ) ;
#5737 = PLANE ( 'NONE',  #6673 ) ;
#5738 = DIRECTION ( 'NONE',  ( 0.0000000000000000000, -1.000000000000000000, -3.212450881438532635E-15 ) ) ;
#5739 = CARTESIAN_POINT ( 'NONE',  ( 4.975000000000000533, 4.249999999999998224, -2.075000000000001510 ) ) ;
#5740 = DIRECTION ( 'NONE',  ( 0.0000000000000000000, 1.000000000000000000, 0.0000000000000000000 ) ) ;
#5741 = DIRECTION ( 'NONE',  ( 0.0000000000000000000, 1.000000000000000000, -2.148487149506095815E-16 ) ) ;
#5742 =( NAMED_UNIT ( * ) PLANE_ANGLE_UNIT ( ) SI_UNIT ( $, .RADIAN. ) );
#5743 = EDGE_LOOP ( 'NONE', ( #2660, #4190, #2288, #6949 ) ) ;
#5744 = EDGE_CURVE ( 'NONE', #6091, #3531, #7284, .T. ) ;
#5745 = DIRECTION ( 'NONE',  ( 0.0000000000000000000, -1.000000000000000000, 0.0000000000000000000 ) ) ;
#5746 = VECTOR ( 'NONE', #6600, 1000.000000000000000 ) ;
#5747 = DIRECTION ( 'NONE',  ( -0.0000000000000000000, -3.295974604355854593E-17, -1.000000000000000000 ) ) ;
#5748 = AXIS2_PLACEMENT_3D ( 'NONE', #5739, #2758, #6743 ) ;
#5749 = AXIS2_PLACEMENT_3D ( 'NONE', #146, #5196, #1829 ) ;
#5750 = FACE_OUTER_BOUND ( 'NONE', #7160, .T. ) ;
#5751 = FACE_OUTER_BOUND ( 'NONE', #571, .T. ) ;
#5752 = DIRECTION ( 'NONE',  ( -1.000000000000000000, 0.0000000000000000000, 0.0000000000000000000 ) ) ;
#5753 = ORIENTED_EDGE ( 'NONE', *, *, #2428, .T. ) ;
#5754 = ADVANCED_FACE ( 'NONE', ( #767 ), #5448, .T. ) ;
#5755 = EDGE_CURVE ( 'NONE', #3818, #1113, #5806, .T. ) ;
#5756 = CARTESIAN_POINT ( 'NONE',  ( -0.7349999999999999867, 1.850000000000000089, -2.024999999999999911 ) ) ;
#5757 = EDGE_CURVE ( 'NONE', #1234, #3187, #6765, .T. ) ;
#5758 = LINE ( 'NONE', #3774, #1170 ) ;
#5759 = SURFACE_STYLE_FILL_AREA ( #877 ) ;
#5760 = ADVANCED_FACE ( 'NONE', ( #4451 ), #321, .T. ) ;
#5761 = FILL_AREA_STYLE ('',( #7394 ) ) ;
#5762 = CARTESIAN_POINT ( 'NONE',  ( 4.375000000000000000, 3.149999999999999911, 2.025999999999999801 ) ) ;
#5763 = VECTOR ( 'NONE', #820, 1000.000000000000000 ) ;
#5764 = EDGE_CURVE ( 'NONE', #6779, #147, #6068, .T. ) ;
#5765 = DIRECTION ( 'NONE',  ( -1.000000000000000000, 0.0000000000000000000, 0.0000000000000000000 ) ) ;
#5766 = CARTESIAN_POINT ( 'NONE',  ( 3.024999999999999911, -0.6500000000000000222, -2.075000000000000178 ) ) ;
#5767 = EDGE_LOOP ( 'NONE', ( #440, #3731, #3124, #4311 ) ) ;
#5768 = FACE_BOUND ( 'NONE', #1281, .T. ) ;
#5769 = ORIENTED_EDGE ( 'NONE', *, *, #872, .F. ) ;
#5770 = PLANE ( 'NONE',  #2916 ) ;
#5771 = ORIENTED_EDGE ( 'NONE', *, *, #2596, .T. ) ;
#5772 = VECTOR ( 'NONE', #4703, 1000.000000000000000 ) ;
#5773 = PLANE ( 'NONE',  #819 ) ;
#5774 = CARTESIAN_POINT ( 'NONE',  ( 3.235000000000000320, 1.850000000000000089, -1.025000000000000133 ) ) ;
#5775 = VECTOR ( 'NONE', #1140, 1000.000000000000000 ) ;
#5776 = VERTEX_POINT ( 'NONE', #3673 ) ;
#5777 = LINE ( 'NONE', #3772, #1272 ) ;
#5778 = DIRECTION ( 'NONE',  ( 0.0000000000000000000, 0.3162277660168379412, -0.9486832980505138790 ) ) ;
#5779 = VECTOR ( 'NONE', #2804, 1000.000000000000000 ) ;
#5780 = ORIENTED_EDGE ( 'NONE', *, *, #4856, .T. ) ;
#5781 = CARTESIAN_POINT ( 'NONE',  ( 5.375000000000000000, 0.6000000000000076383, -0.2249999999999982014 ) ) ;
#5782 = ORIENTED_EDGE ( 'NONE', *, *, #4544, .F. ) ;
#5783 = EDGE_CURVE ( 'NONE', #6446, #7237, #5975, .T. ) ;
#5784 = PLANE ( 'NONE',  #1889 ) ;
#5785 = CARTESIAN_POINT ( 'NONE',  ( 4.775000000000000355, 2.000000000000000000, -1.425000000000000044 ) ) ;
#5786 = PLANE ( 'NONE',  #6360 ) ;
#5787 = CARTESIAN_POINT ( 'NONE',  ( 2.075000000000000178, 1.649999999999999911, -1.698606797699999893 ) ) ;
#5788 = ADVANCED_FACE ( 'NONE', ( #5887 ), #4851, .T. ) ;
#5789 = VECTOR ( 'NONE', #1935, 1000.000000000000000 ) ;
#5790 = EDGE_LOOP ( 'NONE', ( #1397, #2373, #6029, #5447, #2666, #2569, #3894, #681, #34, #2938, #2578, #3033 ) ) ;
#5791 = FACE_OUTER_BOUND ( 'NONE', #537, .T. ) ;
#5792 = CARTESIAN_POINT ( 'NONE',  ( 3.875000000000000444, 3.750000000000000000, 2.024999999999999911 ) ) ;
#5793 = VECTOR ( 'NONE', #2170, 1000.000000000000000 ) ;
#5794 = ORIENTED_EDGE ( 'NONE', *, *, #1420, .F. ) ;
#5795 = FACE_OUTER_BOUND ( 'NONE', #1179, .T. ) ;
#5796 = EDGE_CURVE ( 'NONE', #774, #4605, #2754, .T. ) ;
#5797 = ADVANCED_FACE ( 'NONE', ( #1301 ), #1708, .T. ) ;
#5798 = ORIENTED_EDGE ( 'NONE', *, *, #1273, .F. ) ;
#5799 = ORIENTED_EDGE ( 'NONE', *, *, #7111, .F. ) ;
#5800 = PLANE ( 'NONE',  #6535 ) ;
#5801 = EDGE_CURVE ( 'NONE', #512, #2769, #4268, .T. ) ;
#5802 = VECTOR ( 'NONE', #2440, 1000.000000000000000 ) ;
#5803 =( LENGTH_UNIT ( ) NAMED_UNIT ( * ) SI_UNIT ( .MILLI., .METRE. ) );
#5804 = VECTOR ( 'NONE', #3451, 1000.000000000000000 ) ;
#5805 = PLANE ( 'NONE',  #6781 ) ;
#5806 = LINE ( 'NONE', #3762, #1857 ) ;
#5807 = ORIENTED_EDGE ( 'NONE', *, *, #2540, .F. ) ;
#5808 = EDGE_CURVE ( 'NONE', #1646, #6181, #691, .T. ) ;
#5809 = ORIENTED_EDGE ( 'NONE', *, *, #1238, .F. ) ;
#5810 = VECTOR ( 'NONE', #290, 1000.000000000000000 ) ;
#5811 = ORIENTED_EDGE ( 'NONE', *, *, #5764, .F. ) ;
#5812 = ORIENTED_EDGE ( 'NONE', *, *, #3990, .F. ) ;
#5813 = FILL_AREA_STYLE ('',( #5280 ) ) ;
#5814 = CARTESIAN_POINT ( 'NONE',  ( -0.5250000000000000222, -0.004464445899999999919, 0.003975566199999999890 ) ) ;
#5815 = CARTESIAN_POINT ( 'NONE',  ( 5.375000000000000000, 1.000000000000000000, -1.525000000000000133 ) ) ;
#5816 = PLANE ( 'NONE',  #1805 ) ;
#5817 = CARTESIAN_POINT ( 'NONE',  ( 1.984999999999999876, 1.000000000000000000, -1.474999999999999867 ) ) ;
#5818 = VERTEX_POINT ( 'NONE', #2830 ) ;
#5819 = PRESENTATION_LAYER_ASSIGNMENT (  '', '', ( #121 ) ) ;
#5820 = FACE_OUTER_BOUND ( 'NONE', #2063, .T. ) ;
#5821 = ORIENTED_EDGE ( 'NONE', *, *, #414, .F. ) ;
#5822 = CARTESIAN_POINT ( 'NONE',  ( 3.024999999999999911, 0.3500000000000000333, -2.024999999999999911 ) ) ;
#5823 = FACE_OUTER_BOUND ( 'NONE', #958, .T. ) ;
#5824 = ORIENTED_EDGE ( 'NONE', *, *, #3581, .F. ) ;
#5825 = DIRECTION ( 'NONE',  ( 0.0000000000000000000, 0.0000000000000000000, -1.000000000000000000 ) ) ;
#5826 = ORIENTED_EDGE ( 'NONE', *, *, #5544, .T. ) ;
#5827 = LINE ( 'NONE', #7376, #434 ) ;
#5828 = ORIENTED_EDGE ( 'NONE', *, *, #1404, .T. ) ;
#5829 = EDGE_CURVE ( 'NONE', #3653, #7219, #1038, .T. ) ;
#5830 = ORIENTED_EDGE ( 'NONE', *, *, #4235, .F. ) ;
#5831 = DIRECTION ( 'NONE',  ( -1.000000000000000000, 0.0000000000000000000, 0.0000000000000000000 ) ) ;
#5832 =( LENGTH_UNIT ( ) NAMED_UNIT ( * ) SI_UNIT ( .MILLI., .METRE. ) );
#5833 = ADVANCED_FACE ( 'NONE', ( #5513 ), #3369, .F. ) ;
#5834 = AXIS2_PLACEMENT_3D ( 'NONE', #297, #5407, #4881 ) ;
#5835 = DIRECTION ( 'NONE',  ( 0.0000000000000000000, 0.0000000000000000000, -1.000000000000000000 ) ) ;
#5836 = DIRECTION ( 'NONE',  ( 0.0000000000000000000, 1.000000000000000000, 0.0000000000000000000 ) ) ;
#5837 = VECTOR ( 'NONE', #2185, 1000.000000000000000 ) ;
#5838 = CARTESIAN_POINT ( 'NONE',  ( 4.775000000000000355, 2.000000000000000000, -1.425000000000000044 ) ) ;
#5839 = FACE_OUTER_BOUND ( 'NONE', #7082, .T. ) ;
#5840 = CARTESIAN_POINT ( 'NONE',  ( -2.475000000000000089, 3.600000000000000089, -1.425000000000000933 ) ) ;
#5841 = EDGE_CURVE ( 'NONE', #313, #6519, #7196, .T. ) ;
#5842 = CARTESIAN_POINT ( 'NONE',  ( -2.475000000000000089, 1.999999999999998668, -1.425000000000000933 ) ) ;
#5843 = VECTOR ( 'NONE', #2026, 1000.000000000000000 ) ;
#5844 = ORIENTED_EDGE ( 'NONE', *, *, #2166, .T. ) ;
#5845 = MECHANICAL_DESIGN_GEOMETRIC_PRESENTATION_REPRESENTATION (  '', ( #5070 ), #929 ) ;
#5846 = CARTESIAN_POINT ( 'NONE',  ( -2.274999999999999911, 4.250000000000000000, -0.07499999999999998335 ) ) ;
#5847 = AXIS2_PLACEMENT_3D ( 'NONE', #3396, #528, #5685 ) ;
#5848 = VERTEX_POINT ( 'NONE', #6299 ) ;
#5849 = ORIENTED_EDGE ( 'NONE', *, *, #3648, .T. ) ;
#5850 = ORIENTED_EDGE ( 'NONE', *, *, #6437, .F. ) ;
#5851 = DIRECTION ( 'NONE',  ( -1.000000000000000000, 0.0000000000000000000, 0.0000000000000000000 ) ) ;
#5852 = LINE ( 'NONE', #3683, #731 ) ;
#5853 = FACE_OUTER_BOUND ( 'NONE', #3987, .T. ) ;
#5854 = VERTEX_POINT ( 'NONE', #2207 ) ;
#5855 = VERTEX_POINT ( 'NONE', #5600 ) ;
#5856 = DIRECTION ( 'NONE',  ( 1.000000000000000000, 0.0000000000000000000, 0.0000000000000000000 ) ) ;
#5857 = CARTESIAN_POINT ( 'NONE',  ( -0.5250000000000000222, 1.649999999999999911, 2.024999999999999911 ) ) ;
#5858 = SURFACE_SIDE_STYLE ('',( #4895 ) ) ;
#5859 = PLANE ( 'NONE',  #3811 ) ;
#5860 = VECTOR ( 'NONE', #2778, 1000.000000000000114 ) ;
#5861 = EDGE_CURVE ( 'NONE', #4742, #6924, #1126, .T. ) ;
#5862 = FILL_AREA_STYLE ('',( #739 ) ) ;
#5863 = CARTESIAN_POINT ( 'NONE',  ( 3.225000000000000533, 1.850000000000000089, 2.024999999999999911 ) ) ;
#5864 = VECTOR ( 'NONE', #3003, 1000.000000000000000 ) ;
#5865 = ORIENTED_EDGE ( 'NONE', *, *, #2783, .F. ) ;
#5866 = DIRECTION ( 'NONE',  ( 1.000000000000000000, 0.0000000000000000000, 0.0000000000000000000 ) ) ;
#5867 = DIRECTION ( 'NONE',  ( -1.000000000000000000, 0.0000000000000000000, 0.0000000000000000000 ) ) ;
#5868 = ADVANCED_FACE ( 'NONE', ( #5705 ), #6821, .F. ) ;
#5869 = VECTOR ( 'NONE', #1391, 1000.000000000000000 ) ;
#5870 = ORIENTED_EDGE ( 'NONE', *, *, #4428, .T. ) ;
#5871 = ORIENTED_EDGE ( 'NONE', *, *, #7276, .T. ) ;
#5872 = VECTOR ( 'NONE', #7348, 1000.000000000000000 ) ;
#5873 = ORIENTED_EDGE ( 'NONE', *, *, #4754, .F. ) ;
#5874 = LINE ( 'NONE', #167, #4529 ) ;
#5875 = LINE ( 'NONE', #4517, #499 ) ;
#5876 = EDGE_LOOP ( 'NONE', ( #3597, #3814, #3421, #4991 ) ) ;
#5877 = VECTOR ( 'NONE', #5164, 1000.000000000000000 ) ;
#5878 = CARTESIAN_POINT ( 'NONE',  ( 1.775000000000000133, 1.649999999999999911, 2.024999999999999911 ) ) ;
#5879 = EDGE_CURVE ( 'NONE', #5428, #2645, #4173, .T. ) ;
#5880 = CARTESIAN_POINT ( 'NONE',  ( 3.024999999999999911, 1.000000000000000000, -1.525000000000000133 ) ) ;
#5881 = ORIENTED_EDGE ( 'NONE', *, *, #5066, .T. ) ;
#5882 = ORIENTED_EDGE ( 'NONE', *, *, #7378, .F. ) ;
#5883 = ORIENTED_EDGE ( 'NONE', *, *, #2665, .F. ) ;
#5884 = LINE ( 'NONE', #2857, #600 ) ;
#5885 = VERTEX_POINT ( 'NONE', #2784 ) ;
#5886 = LINE ( 'NONE', #1173, #3364 ) ;
#5887 = FACE_OUTER_BOUND ( 'NONE', #6824, .T. ) ;
#5888 = DIRECTION ( 'NONE',  ( 0.0000000000000000000, -1.000000000000000000, 0.0000000000000000000 ) ) ;
#5889 = CARTESIAN_POINT ( 'NONE',  ( 3.225000000000000533, 1.850000000000000089, 0.0000000000000000000 ) ) ;
#5890 = VERTEX_POINT ( 'NONE', #1016 ) ;
#5891 = VERTEX_POINT ( 'NONE', #526 ) ;
#5892 = CARTESIAN_POINT ( 'NONE',  ( 0.5250000000000000222, 1.850000000000000089, 2.024999999999999911 ) ) ;
#5893 = VECTOR ( 'NONE', #2464, 1000.000000000000000 ) ;
#5894 = EDGE_CURVE ( 'NONE', #512, #3502, #4907, .T. ) ;
#5895 = LINE ( 'NONE', #3242, #2664 ) ;
#5896 = ORIENTED_EDGE ( 'NONE', *, *, #3288, .F. ) ;
#5897 = EDGE_CURVE ( 'NONE', #4416, #5549, #6946, .T. ) ;
#5898 = VERTEX_POINT ( 'NONE', #6746 ) ;
#5899 = VECTOR ( 'NONE', #6591, 1000.000000000000000 ) ;
#5900 = ORIENTED_EDGE ( 'NONE', *, *, #6320, .F. ) ;
#5901 = VERTEX_POINT ( 'NONE', #5817 ) ;
#5902 = ADVANCED_FACE ( 'NONE', ( #4086 ), #585, .F. ) ;
#5903 =( NAMED_UNIT ( * ) PLANE_ANGLE_UNIT ( ) SI_UNIT ( $, .RADIAN. ) );
#5904 = LINE ( 'NONE', #628, #5728 ) ;
#5905 = ORIENTED_EDGE ( 'NONE', *, *, #3250, .T. ) ;
#5906 = CARTESIAN_POINT ( 'NONE',  ( 2.875000000000000000, 1.000000000000000000, -2.024999999999999911 ) ) ;
#5907 = ORIENTED_EDGE ( 'NONE', *, *, #65, .T. ) ;
#5908 =( GEOMETRIC_REPRESENTATION_CONTEXT ( 3 ) GLOBAL_UNCERTAINTY_ASSIGNED_CONTEXT ( ( #6290 ) ) GLOBAL_UNIT_ASSIGNED_CONTEXT ( ( #4663, #1, #5243 ) ) REPRESENTATION_CONTEXT ( 'NONE', 'WORKASPACE' ) );
#5909 = EDGE_CURVE ( 'NONE', #4072, #1474, #413, .T. ) ;
#5910 = VERTEX_POINT ( 'NONE', #1142 ) ;
#5911 = DIRECTION ( 'NONE',  ( 0.0000000000000000000, 0.0000000000000000000, 1.000000000000000000 ) ) ;
#5912 = LINE ( 'NONE', #4566, #2686 ) ;
#5913 = EDGE_LOOP ( 'NONE', ( #6936, #6930, #2667, #2796 ) ) ;
#5914 = CARTESIAN_POINT ( 'NONE',  ( -0.7249999999999999778, 0.5000000000000000000, 2.024999999999999911 ) ) ;
#5915 = DIRECTION ( 'NONE',  ( 0.0000000000000000000, -1.000000000000000000, 0.0000000000000000000 ) ) ;
#5916 = AXIS2_PLACEMENT_3D ( 'NONE', #3314, #3816, #3231 ) ;
#5917 = LINE ( 'NONE', #4113, #4577 ) ;
#5918 = FACE_OUTER_BOUND ( 'NONE', #1444, .T. ) ;
#5919 = ORIENTED_EDGE ( 'NONE', *, *, #566, .F. ) ;
#5920 = EDGE_CURVE ( 'NONE', #1454, #4748, #2746, .T. ) ;
#5921 = LINE ( 'NONE', #89, #5458 ) ;
#5922 = LINE ( 'NONE', #466, #3580 ) ;
#5923 = SURFACE_STYLE_FILL_AREA ( #5642 ) ;
#5924 = VERTEX_POINT ( 'NONE', #1802 ) ;
#5925 = CARTESIAN_POINT ( 'NONE',  ( -0.5250000000000000222, 1.000000000000000000, 1.525000000000000133 ) ) ;
#5926 = MECHANICAL_DESIGN_GEOMETRIC_PRESENTATION_REPRESENTATION (  '', ( #602 ), #5060 ) ;
#5927 = CARTESIAN_POINT ( 'NONE',  ( -0.7249999999999999778, 1.350000000000000089, 0.0000000000000000000 ) ) ;
#5928 = DIRECTION ( 'NONE',  ( -0.0000000000000000000, 2.552445434498790050E-15, -1.000000000000000000 ) ) ;
#5929 = SURFACE_STYLE_FILL_AREA ( #1580 ) ;
#5930 = ORIENTED_EDGE ( 'NONE', *, *, #4792, .T. ) ;
#5931 = EDGE_CURVE ( 'NONE', #123, #3018, #7360, .T. ) ;
#5932 = CARTESIAN_POINT ( 'NONE',  ( -2.875000000000000000, 0.6000000000000076383, -0.2249999999999982014 ) ) ;
#5933 = PLANE ( 'NONE',  #570 ) ;
#5934 = VECTOR ( 'NONE', #4289, 1000.000000000000000 ) ;
#5935 = DIRECTION ( 'NONE',  ( 0.0000000000000000000, 0.0000000000000000000, 1.000000000000000000 ) ) ;
#5936 = DIRECTION ( 'NONE',  ( 1.000000000000000000, 0.0000000000000000000, -0.0000000000000000000 ) ) ;
#5937 = CARTESIAN_POINT ( 'NONE',  ( 4.775000000000000355, 2.250000000000000000, -1.925000000000000711 ) ) ;
#5938 = EDGE_CURVE ( 'NONE', #6842, #2771, #2024, .T. ) ;
#5939 = ORIENTED_EDGE ( 'NONE', *, *, #4266, .T. ) ;
#5940 = DIRECTION ( 'NONE',  ( 0.0000000000000000000, -1.000000000000000000, 0.0000000000000000000 ) ) ;
#5941 = EDGE_LOOP ( 'NONE', ( #2947, #943, #3521 ) ) ;
#5942 = ADVANCED_FACE ( 'NONE', ( #1029 ), #1191, .F. ) ;
#5943 = VECTOR ( 'NONE', #5216, 1000.000000000000000 ) ;
#5944 =( NAMED_UNIT ( * ) PLANE_ANGLE_UNIT ( ) SI_UNIT ( $, .RADIAN. ) );
#5945 = LINE ( 'NONE', #25, #2714 ) ;
#5946 = EDGE_LOOP ( 'NONE', ( #7222, #239, #4227, #2470 ) ) ;
#5947 = CARTESIAN_POINT ( 'NONE',  ( -1.175000000000000044, 1.850000000000000089, -1.474999999999999867 ) ) ;
#5948 = ORIENTED_EDGE ( 'NONE', *, *, #136, .F. ) ;
#5949 = VECTOR ( 'NONE', #5546, 1000.000000000000000 ) ;
#5950 = EDGE_CURVE ( 'NONE', #399, #951, #1667, .T. ) ;
#5951 = CARTESIAN_POINT ( 'NONE',  ( 0.5250000000000000222, 0.5000000000000000000, -1.525000000000000133 ) ) ;
#5952 = COLOUR_RGB ( '',1.000000000000000000, 1.000000000000000000, 1.000000000000000000 ) ;
#5953 = VERTEX_POINT ( 'NONE', #26 ) ;
#5954 = CARTESIAN_POINT ( 'NONE',  ( 0.7249999999999999778, 0.5547525681000000652, 2.024999999999999911 ) ) ;
#5955 = DIRECTION ( 'NONE',  ( -1.000000000000000000, 0.0000000000000000000, 0.0000000000000000000 ) ) ;
#5956 = UNCERTAINTY_MEASURE_WITH_UNIT (LENGTH_MEASURE( 1.000000000000000082E-05 ), #1050, 'distance_accuracy_value', 'NONE');
#5957 = DIRECTION ( 'NONE',  ( 0.0000000000000000000, 1.000000000000000000, 0.0000000000000000000 ) ) ;
#5958 = ORIENTED_EDGE ( 'NONE', *, *, #3955, .T. ) ;
#5960 = CARTESIAN_POINT ( 'NONE',  ( 4.775000000000000355, 2.224999999999998757, -2.025000000000007905 ) ) ;
#5959 = PRODUCT_RELATED_PRODUCT_CATEGORY ( 'part', '', ( #6030 ) ) ;
#5961 = VECTOR ( 'NONE', #1226, 1000.000000000000000 ) ;
#5962 = ORIENTED_EDGE ( 'NONE', *, *, #1134, .T. ) ;
#5963 = LINE ( 'NONE', #6857, #833 ) ;
#5964 = CARTESIAN_POINT ( 'NONE',  ( 0.5250000000000000222, 1.850000000000000089, -1.025000000000000133 ) ) ;
#5965 = VERTEX_POINT ( 'NONE', #117 ) ;
#5966 = EDGE_CURVE ( 'NONE', #4414, #5704, #2121, .T. ) ;
#5967 = DIRECTION ( 'NONE',  ( 1.000000000000000000, 0.0000000000000000000, 0.0000000000000000000 ) ) ;
#5968 = LINE ( 'NONE', #5455, #2842 ) ;
#5969 = ORIENTED_EDGE ( 'NONE', *, *, #1531, .F. ) ;
#5970 = VECTOR ( 'NONE', #6385, 1000.000000000000000 ) ;
#5971 = ORIENTED_EDGE ( 'NONE', *, *, #634, .F. ) ;
#5972 = FACE_OUTER_BOUND ( 'NONE', #2332, .T. ) ;
#5973 = ADVANCED_FACE ( 'NONE', ( #2210 ), #4167, .F. ) ;
#5974 = CARTESIAN_POINT ( 'NONE',  ( 3.024999999999999911, 0.05000000000000002359, -1.524999999999999689 ) ) ;
#5975 = LINE ( 'NONE', #3699, #2936 ) ;
#5976 = EDGE_CURVE ( 'NONE', #80, #6676, #601, .T. ) ;
#5977 = DIRECTION ( 'NONE',  ( 0.0000000000000000000, 0.0000000000000000000, -1.000000000000000000 ) ) ;
#5978 = CARTESIAN_POINT ( 'NONE',  ( 4.875000000000000888, 3.750000000000000000, 2.024999999999999911 ) ) ;
#5979 = CARTESIAN_POINT ( 'NONE',  ( 4.775000000000000355, 4.249999999999998224, -2.075000000000001510 ) ) ;
#5980 = ORIENTED_EDGE ( 'NONE', *, *, #1302, .T. ) ;
#5981 = AXIS2_PLACEMENT_3D ( 'NONE', #3842, #423, #3317 ) ;
#5982 = FACE_OUTER_BOUND ( 'NONE', #6259, .T. ) ;
#5983 = DIRECTION ( 'NONE',  ( 0.0000000000000000000, -1.000000000000000000, 0.0000000000000000000 ) ) ;
#5984 = ORIENTED_EDGE ( 'NONE', *, *, #6798, .T. ) ;
#5985 = CARTESIAN_POINT ( 'NONE',  ( -1.375000000000000000, 3.750000000000000000, -2.024999999999999911 ) ) ;
#5986 = CARTESIAN_POINT ( 'NONE',  ( -1.875000000000000000, 0.5000000000000000000, 2.024999999999999911 ) ) ;
#5987 = DIRECTION ( 'NONE',  ( 0.0000000000000000000, 0.0000000000000000000, 1.000000000000000000 ) ) ;
#5988 = CARTESIAN_POINT ( 'NONE',  ( -2.475000000000000089, 4.249999999999998224, -2.075000000000001510 ) ) ;
#5989 = EDGE_LOOP ( 'NONE', ( #6334, #6133, #2396, #2387 ) ) ;
#5990 = EDGE_CURVE ( 'NONE', #6550, #5304, #1480, .T. ) ;
#5991 = VECTOR ( 'NONE', #327, 1000.000000000000000 ) ;
#5992 = VERTEX_POINT ( 'NONE', #3611 ) ;
#5993 = CARTESIAN_POINT ( 'NONE',  ( 3.024999999999999911, 1.649999999999999911, -1.698606797699999893 ) ) ;
#5994 = EDGE_CURVE ( 'NONE', #6526, #3436, #3101, .T. ) ;
#5995 = CARTESIAN_POINT ( 'NONE',  ( 0.5250000000000000222, 0.0000000000000000000, -2.024999999999999911 ) ) ;
#5996 = LINE ( 'NONE', #4022, #1520 ) ;
#5997 = ORIENTED_EDGE ( 'NONE', *, *, #5691, .F. ) ;
#5998 = EDGE_CURVE ( 'NONE', #2888, #662, #4718, .T. ) ;
#5999 = ORIENTED_EDGE ( 'NONE', *, *, #7244, .F. ) ;
#6000 = CARTESIAN_POINT ( 'NONE',  ( -0.7249999999999999778, 1.795247431900000024, 2.024999999999999911 ) ) ;
#6001 = CARTESIAN_POINT ( 'NONE',  ( 1.775000000000000133, 1.350000000000000089, -1.525000000000000133 ) ) ;
#6002 = LINE ( 'NONE', #1018, #1424 ) ;
#6003 = ORIENTED_EDGE ( 'NONE', *, *, #5829, .T. ) ;
#6004 = DIRECTION ( 'NONE',  ( 0.0000000000000000000, -0.0000000000000000000, -1.000000000000000000 ) ) ;
#6005 = AXIS2_PLACEMENT_3D ( 'NONE', #424, #6742, #933 ) ;
#6006 = DIRECTION ( 'NONE',  ( 0.0000000000000000000, -1.000000000000000000, 0.0000000000000000000 ) ) ;
#6007 =( NAMED_UNIT ( * ) SI_UNIT ( $, .STERADIAN. ) SOLID_ANGLE_UNIT ( ) );
#6008 = DIRECTION ( 'NONE',  ( 1.000000000000000000, 0.0000000000000000000, 0.0000000000000000000 ) ) ;
#6009 = VERTEX_POINT ( 'NONE', #3050 ) ;
#6010 = FACE_OUTER_BOUND ( 'NONE', #7191, .T. ) ;
#6011 = VECTOR ( 'NONE', #4246, 1000.000000000000000 ) ;
#6012 = CARTESIAN_POINT ( 'NONE',  ( -2.274999999999999911, 2.224999999999998757, -2.025000000000007905 ) ) ;
#6013 = FILL_AREA_STYLE_COLOUR ( '', #5061 ) ;
#6014 = DIRECTION ( 'NONE',  ( 0.0000000000000000000, 0.0000000000000000000, 1.000000000000000000 ) ) ;
#6015 = DIRECTION ( 'NONE',  ( 1.000000000000000000, 0.0000000000000000000, 0.0000000000000000000 ) ) ;
#6016 = ADVANCED_FACE ( 'NONE', ( #3193 ), #192, .F. ) ;
#6017 = DIRECTION ( 'NONE',  ( -1.000000000000000000, 0.0000000000000000000, 0.0000000000000000000 ) ) ;
#6018 = VECTOR ( 'NONE', #6142, 1000.000000000000000 ) ;
#6019 = ORIENTED_EDGE ( 'NONE', *, *, #2146, .F. ) ;
#6020 =( LENGTH_UNIT ( ) NAMED_UNIT ( * ) SI_UNIT ( .MILLI., .METRE. ) );
#6021 = CARTESIAN_POINT ( 'NONE',  ( 3.225000000000000533, 0.0000000000000000000, -1.525000000000000133 ) ) ;
#6022 = EDGE_CURVE ( 'NONE', #3388, #3118, #2921, .T. ) ;
#6023 = FACE_OUTER_BOUND ( 'NONE', #5946, .T. ) ;
#6024 = ORIENTED_EDGE ( 'NONE', *, *, #680, .T. ) ;
#6025 = ORIENTED_EDGE ( 'NONE', *, *, #4397, .F. ) ;
#6026 = CARTESIAN_POINT ( 'NONE',  ( 1.975000000000000089, 1.850000000000000089, -1.698606797699999893 ) ) ;
#6027 = FILL_AREA_STYLE ('',( #246 ) ) ;
#6028 = FACE_OUTER_BOUND ( 'NONE', #7308, .T. ) ;
#6029 = ORIENTED_EDGE ( 'NONE', *, *, #4924, .T. ) ;
#6030 = PRODUCT ( 'B04MB-GHS-TBT', 'B04MB-GHS-TBT', '', ( #6733 ) ) ;
#6031 = VECTOR ( 'NONE', #1780, 1000.000000000000000 ) ;
#6032 = ORIENTED_EDGE ( 'NONE', *, *, #1177, .F. ) ;
#6033 = EDGE_CURVE ( 'NONE', #7346, #6446, #1761, .T. ) ;
#6034 =( NAMED_UNIT ( * ) PLANE_ANGLE_UNIT ( ) SI_UNIT ( $, .RADIAN. ) );
#6035 = DIRECTION ( 'NONE',  ( 0.0000000000000000000, 0.0000000000000000000, -1.000000000000000000 ) ) ;
#6036 = FACE_OUTER_BOUND ( 'NONE', #4280, .T. ) ;
#6037 = DIRECTION ( 'NONE',  ( 0.0000000000000000000, 1.000000000000000000, 0.0000000000000000000 ) ) ;
#6038 = EDGE_CURVE ( 'NONE', #5855, #2943, #5071, .T. ) ;
#6039 = CARTESIAN_POINT ( 'NONE',  ( -2.500000000000000000, 4.240000000000000213, -0.07499999999999998335 ) ) ;
#6040 = PRODUCT_DEFINITION_SHAPE ( 'NONE', 'NONE',  #2606 ) ;
#6041 = LINE ( 'NONE', #2253, #3794 ) ;
#6042 = ORIENTED_EDGE ( 'NONE', *, *, #4344, .T. ) ;
#6043 = DIRECTION ( 'NONE',  ( 0.0000000000000000000, 0.0000000000000000000, -1.000000000000000000 ) ) ;
#6044 = VECTOR ( 'NONE', #2558, 999.9999999999998863 ) ;
#6045 = EDGE_CURVE ( 'NONE', #6696, #4166, #5604, .T. ) ;
#6046 = DIRECTION ( 'NONE',  ( 0.0000000000000000000, 0.0000000000000000000, -1.000000000000000000 ) ) ;
#6047 = VERTEX_POINT ( 'NONE', #5335 ) ;
#6048 = MANIFOLD_SOLID_BREP ( 'Combine1', #1508 ) ;
#6049 =( GEOMETRIC_REPRESENTATION_CONTEXT ( 3 ) GLOBAL_UNCERTAINTY_ASSIGNED_CONTEXT ( ( #6192 ) ) GLOBAL_UNIT_ASSIGNED_CONTEXT ( ( #549, #3392, #4017 ) ) REPRESENTATION_CONTEXT ( 'NONE', 'WORKASPACE' ) );
#6050 = PRESENTATION_STYLE_ASSIGNMENT (( #1413 ) ) ;
#6051 = EDGE_CURVE ( 'NONE', #5468, #7161, #2393, .T. ) ;
#6052 = ADVANCED_FACE ( 'NONE', ( #5795 ), #1411, .T. ) ;
#6053 = DIRECTION ( 'NONE',  ( 0.0000000000000000000, 0.0000000000000000000, -1.000000000000000000 ) ) ;
#6054 = DIRECTION ( 'NONE',  ( 0.0000000000000000000, 3.252606517456512513E-15, -1.000000000000000000 ) ) ;
#6055 = VERTEX_POINT ( 'NONE', #222 ) ;
#6056 = DIRECTION ( 'NONE',  ( 0.0000000000000000000, -1.000000000000000000, 0.0000000000000000000 ) ) ;
#6057 = ORIENTED_EDGE ( 'NONE', *, *, #2808, .F. ) ;
#6058 = VECTOR ( 'NONE', #3537, 1000.000000000000000 ) ;
#6059 = SURFACE_STYLE_FILL_AREA ( #6910 ) ;
#6060 = VECTOR ( 'NONE', #2411, 1000.000000000000114 ) ;
#6061 = CARTESIAN_POINT ( 'NONE',  ( -0.5250000000000000222, -0.6500000000000000222, -1.775000000000000133 ) ) ;
#6062 = DIRECTION ( 'NONE',  ( 1.000000000000000000, 0.0000000000000000000, 0.0000000000000000000 ) ) ;
#6063 = VERTEX_POINT ( 'NONE', #5979 ) ;
#6064 = FILL_AREA_STYLE ('',( #2441 ) ) ;
#6065 = ORIENTED_EDGE ( 'NONE', *, *, #802, .F. ) ;
#6066 = VECTOR ( 'NONE', #4228, 1000.000000000000000 ) ;
#6067 = VECTOR ( 'NONE', #2575, 1000.000000000000000 ) ;
#6068 = LINE ( 'NONE', #208, #7366 ) ;
#6069 = EDGE_CURVE ( 'NONE', #4328, #3269, #5231, .T. ) ;
#6070 = PLANE ( 'NONE',  #1585 ) ;
#6071 = ORIENTED_EDGE ( 'NONE', *, *, #190, .F. ) ;
#6072 = ORIENTED_EDGE ( 'NONE', *, *, #1842, .T. ) ;
#6073 = ORIENTED_EDGE ( 'NONE', *, *, #887, .T. ) ;
#6074 = DIRECTION ( 'NONE',  ( 0.0000000000000000000, 1.000000000000000000, 0.0000000000000000000 ) ) ;
#6075 = VECTOR ( 'NONE', #5721, 1000.000000000000114 ) ;
#6076 = EDGE_LOOP ( 'NONE', ( #5907, #2142, #6381, #6335, #854 ) ) ;
#6077 = CARTESIAN_POINT ( 'NONE',  ( -2.024999999999999911, 2.250000000000000000, -1.925000000000000044 ) ) ;
#6078 = LINE ( 'NONE', #4570, #3374 ) ;
#6079 = EDGE_LOOP ( 'NONE', ( #6436, #178, #2137, #4804, #587, #5183 ) ) ;
#6080 = ORIENTED_EDGE ( 'NONE', *, *, #6656, .T. ) ;
#6081 = DIRECTION ( 'NONE',  ( 0.0000000000000000000, 0.0000000000000000000, 1.000000000000000000 ) ) ;
#6082 = VECTOR ( 'NONE', #2039, 1000.000000000000000 ) ;
#6083 = EDGE_CURVE ( 'NONE', #4514, #5704, #5317, .T. ) ;
#6084 = CARTESIAN_POINT ( 'NONE',  ( -0.5250000000000000222, -0.6500000000000000222, -2.075000000000000178 ) ) ;
#6085 = EDGE_LOOP ( 'NONE', ( #6384, #2472, #1688, #4326 ) ) ;
#6086 = CARTESIAN_POINT ( 'NONE',  ( 0.5250000000000000222, 1.350000000000000089, -1.525000000000000133 ) ) ;
#6087 =( NAMED_UNIT ( * ) SI_UNIT ( $, .STERADIAN. ) SOLID_ANGLE_UNIT ( ) );
#6088 = PRESENTATION_LAYER_ASSIGNMENT (  '', '', ( #1661 ) ) ;
#6089 = ORIENTED_EDGE ( 'NONE', *, *, #4057, .T. ) ;
#6090 = VECTOR ( 'NONE', #7393, 1000.000000000000000 ) ;
#6091 = VERTEX_POINT ( 'NONE', #1448 ) ;
#6092 = AXIS2_PLACEMENT_3D ( 'NONE', #7085, #4207, #4798 ) ;
#6093 = CARTESIAN_POINT ( 'NONE',  ( -0.5250000000000000222, 0.5547525681000000652, 2.024999999999999911 ) ) ;
#6094 =( NAMED_UNIT ( * ) PLANE_ANGLE_UNIT ( ) SI_UNIT ( $, .RADIAN. ) );
#6095 = SURFACE_SIDE_STYLE ('',( #2656 ) ) ;
#6096 = FILL_AREA_STYLE_COLOUR ( '', #1806 ) ;
#6097 = CARTESIAN_POINT ( 'NONE',  ( 3.225000000000000533, 0.3500000000000000333, -2.024999999999999911 ) ) ;
#6098 = ORIENTED_EDGE ( 'NONE', *, *, #2757, .F. ) ;
#6099 = ADVANCED_FACE ( 'NONE', ( #203 ), #3669, .F. ) ;
#6100 = CARTESIAN_POINT ( 'NONE',  ( 1.975000000000000089, 1.850000000000000089, -2.024999999999999911 ) ) ;
#6101 = ORIENTED_EDGE ( 'NONE', *, *, #2917, .T. ) ;
#6102 = CARTESIAN_POINT ( 'NONE',  ( -0.7249999999999999778, 1.850000000000000089, -1.698606797699999893 ) ) ;
#6103 = PRESENTATION_LAYER_ASSIGNMENT (  '', '', ( #4701 ) ) ;
#6104 = DIRECTION ( 'NONE',  ( -0.0000000000000000000, 0.0000000000000000000, -1.000000000000000000 ) ) ;
#6105 = LINE ( 'NONE', #5064, #545 ) ;
#6106 = SURFACE_SIDE_STYLE ('',( #467 ) ) ;
#6107 = CARTESIAN_POINT ( 'NONE',  ( -0.3750000000000000000, 2.250000000000000000, -0.4749999999999999778 ) ) ;
#6108 = ORIENTED_EDGE ( 'NONE', *, *, #1910, .T. ) ;
#6109 = STYLED_ITEM ( 'NONE', ( #3081 ), #6931 ) ;
#6110 = DIRECTION ( 'NONE',  ( -0.0000000000000000000, 1.000000000000000000, 0.0000000000000000000 ) ) ;
#6111 = VECTOR ( 'NONE', #5540, 1000.000000000000114 ) ;
#6112 = VERTEX_POINT ( 'NONE', #6039 ) ;
#6113 = VERTEX_POINT ( 'NONE', #261 ) ;
#6114 = DIRECTION ( 'NONE',  ( 0.0000000000000000000, 1.000000000000000000, 0.0000000000000000000 ) ) ;
#6115 = CARTESIAN_POINT ( 'NONE',  ( 3.235000000000000320, 1.850000000000000089, -2.024999999999999911 ) ) ;
#6116 = DIRECTION ( 'NONE',  ( 1.000000000000000000, 0.0000000000000000000, 0.0000000000000000000 ) ) ;
#6117 = PRESENTATION_STYLE_ASSIGNMENT (( #937 ) ) ;
#6118 = CARTESIAN_POINT ( 'NONE',  ( -2.500000000000000000, 4.250000000000000000, 2.024999999999999911 ) ) ;
#6119 = VERTEX_POINT ( 'NONE', #4797 ) ;
#6120 = ORIENTED_EDGE ( 'NONE', *, *, #2166, .F. ) ;
#6121 = EDGE_LOOP ( 'NONE', ( #7374, #1692, #907, #713, #3425, #6272, #6438 ) ) ;
#6122 = MECHANICAL_DESIGN_GEOMETRIC_PRESENTATION_REPRESENTATION (  '', ( #5323 ), #2520 ) ;
#6123 = VECTOR ( 'NONE', #4091, 1000.000000000000000 ) ;
#6124 = DIRECTION ( 'NONE',  ( 0.0000000000000000000, 1.000000000000000000, 0.0000000000000000000 ) ) ;
#6125 = VECTOR ( 'NONE', #2151, 1000.000000000000000 ) ;
#6126 = VERTEX_POINT ( 'NONE', #1394 ) ;
#6127 = ORIENTED_EDGE ( 'NONE', *, *, #6306, .F. ) ;
#6128 = EDGE_CURVE ( 'NONE', #1392, #4072, #405, .T. ) ;
#6129 = LINE ( 'NONE', #68, #4230 ) ;
#6130 = ADVANCED_FACE ( 'NONE', ( #6502 ), #4255, .T. ) ;
#6131 = AXIS2_PLACEMENT_3D ( 'NONE', #3516, #4069, #94 ) ;
#6132 = LINE ( 'NONE', #5838, #4419 ) ;
#6133 = ORIENTED_EDGE ( 'NONE', *, *, #3308, .T. ) ;
#6134 = CARTESIAN_POINT ( 'NONE',  ( -0.5250000000000000222, 0.5000000000000000000, 0.0000000000000000000 ) ) ;
#6135 = AXIS2_PLACEMENT_3D ( 'NONE', #1952, #5983, #7133 ) ;
#6136 = SURFACE_STYLE_USAGE ( .BOTH. , #417 ) ;
#6137 = LINE ( 'NONE', #7205, #5949 ) ;
#6138 = EDGE_CURVE ( 'NONE', #5422, #3660, #6671, .T. ) ;
#6139 = FACE_OUTER_BOUND ( 'NONE', #336, .T. ) ;
#6140 = EDGE_LOOP ( 'NONE', ( #206, #1027, #350, #2117 ) ) ;
#6141 = DIRECTION ( 'NONE',  ( 0.0000000000000000000, 1.000000000000000000, -3.295974604355814534E-17 ) ) ;
#6142 = DIRECTION ( 'NONE',  ( 0.0000000000000000000, 1.000000000000000000, 0.0000000000000000000 ) ) ;
#6143 = EDGE_CURVE ( 'NONE', #3330, #1511, #29, .T. ) ;
#6144 = CARTESIAN_POINT ( 'NONE',  ( 4.375000000000000000, 2.550000000000000266, 2.024999999999999911 ) ) ;
#6145 = LINE ( 'NONE', #6350, #6664 ) ;
#6146 = DIRECTION ( 'NONE',  ( 0.0000000000000000000, -1.000000000000000000, 0.0000000000000000000 ) ) ;
#6147 = LINE ( 'NONE', #3667, #2379 ) ;
#6148 = VERTEX_POINT ( 'NONE', #5114 ) ;
#6149 = VERTEX_POINT ( 'NONE', #1615 ) ;
#6150 = FILL_AREA_STYLE_COLOUR ( '', #3210 ) ;
#6151 = EDGE_CURVE ( 'NONE', #2701, #212, #4436, .T. ) ;
#6152 = LINE ( 'NONE', #6366, #1199 ) ;
#6153 = ORIENTED_EDGE ( 'NONE', *, *, #1939, .T. ) ;
#6154 = ORIENTED_EDGE ( 'NONE', *, *, #519, .F. ) ;
#6155 = MECHANICAL_DESIGN_GEOMETRIC_PRESENTATION_REPRESENTATION (  '', ( #678 ), #898 ) ;
#6156 = LINE ( 'NONE', #2150, #4631 ) ;
#6157 = CARTESIAN_POINT ( 'NONE',  ( 4.775000000000000355, 0.6000000000000024203, 1.375000000000002442 ) ) ;
#6158 = ORIENTED_EDGE ( 'NONE', *, *, #6558, .T. ) ;
#6159 = ORIENTED_EDGE ( 'NONE', *, *, #6684, .T. ) ;
#6160 = LINE ( 'NONE', #618, #216 ) ;
#6161 = VECTOR ( 'NONE', #4121, 1000.000000000000114 ) ;
#6162 = VECTOR ( 'NONE', #7184, 1000.000000000000000 ) ;
#6163 = DIRECTION ( 'NONE',  ( 0.0000000000000000000, -1.000000000000000000, -3.212450881438532635E-15 ) ) ;
#6164 = PLANE ( 'NONE',  #4575 ) ;
#6165 = PLANE ( 'NONE',  #5436 ) ;
#6166 = PLANE ( 'NONE',  #4785 ) ;
#6167 = ORIENTED_EDGE ( 'NONE', *, *, #2259, .F. ) ;
#6168 = VERTEX_POINT ( 'NONE', #3405 ) ;
#6169 = ADVANCED_FACE ( 'NONE', ( #4625 ), #1593, .F. ) ;
#6170 = LINE ( 'NONE', #1094, #5616 ) ;
#6171 = DIRECTION ( 'NONE',  ( -1.000000000000000000, 0.0000000000000000000, 0.0000000000000000000 ) ) ;
#6172 = ORIENTED_EDGE ( 'NONE', *, *, #2442, .F. ) ;
#6173 = EDGE_CURVE ( 'NONE', #6112, #2572, #2198, .T. ) ;
#6174 = CARTESIAN_POINT ( 'NONE',  ( -0.7249999999999999778, 1.350000000000000089, -1.525000000000000133 ) ) ;
#6175 = VERTEX_POINT ( 'NONE', #1642 ) ;
#6176 = PLANE ( 'NONE',  #1651 ) ;
#6177 = LINE ( 'NONE', #1441, #3833 ) ;
#6178 = VERTEX_POINT ( 'NONE', #436 ) ;
#6179 = CARTESIAN_POINT ( 'NONE',  ( 2.875000000000000000, 1.000000000000000000, -1.525000000000000133 ) ) ;
#6180 = DIRECTION ( 'NONE',  ( -0.0000000000000000000, -0.0000000000000000000, 1.000000000000000000 ) ) ;
#6181 = VERTEX_POINT ( 'NONE', #5024 ) ;
#6182 = EDGE_CURVE ( 'NONE', #6119, #4164, #3983, .T. ) ;
#6183 = PLANE ( 'NONE',  #7140 ) ;
#6184 = LINE ( 'NONE', #3640, #4659 ) ;
#6185 = ORIENTED_EDGE ( 'NONE', *, *, #1951, .F. ) ;
#6186 = ORIENTED_EDGE ( 'NONE', *, *, #4358, .T. ) ;
#6187 = CARTESIAN_POINT ( 'NONE',  ( 0.7250000000000000888, 1.000000000000000000, -1.525000000000000133 ) ) ;
#6188 = EDGE_CURVE ( 'NONE', #4724, #7302, #7268, .T. ) ;
#6189 = ORIENTED_EDGE ( 'NONE', *, *, #881, .T. ) ;
#6190 = CARTESIAN_POINT ( 'NONE',  ( 1.975000000000000089, 0.5547525681000000652, 2.024999999999999911 ) ) ;
#6191 = ORIENTED_EDGE ( 'NONE', *, *, #1030, .T. ) ;
#6192 = UNCERTAINTY_MEASURE_WITH_UNIT (LENGTH_MEASURE( 1.000000000000000082E-05 ), #549, 'distance_accuracy_value', 'NONE');
#6193 = CARTESIAN_POINT ( 'NONE',  ( -2.274999999999999911, 1.949999999999999512, 2.025000000000007017 ) ) ;
#6194 = EDGE_CURVE ( 'NONE', #87, #6741, #2735, .T. ) ;
#6195 = DIRECTION ( 'NONE',  ( 0.0000000000000000000, 0.0000000000000000000, 1.000000000000000000 ) ) ;
#6196 = DIRECTION ( 'NONE',  ( 0.0000000000000000000, 0.0000000000000000000, -1.000000000000000000 ) ) ;
#6197 = VECTOR ( 'NONE', #3931, 1000.000000000000000 ) ;
#6198 = VECTOR ( 'NONE', #880, 1000.000000000000000 ) ;
#6199 = DIRECTION ( 'NONE',  ( 0.0000000000000000000, 0.0000000000000000000, 1.000000000000000000 ) ) ;
#6200 = AXIS2_PLACEMENT_3D ( 'NONE', #5639, #565, #6472 ) ;
#6201 = CARTESIAN_POINT ( 'NONE',  ( -0.5150000000000000133, 1.649999999999999911, -1.474999999999999867 ) ) ;
#6202 = AXIS2_PLACEMENT_3D ( 'NONE', #2859, #6509, #3073 ) ;
#6203 = ORIENTED_EDGE ( 'NONE', *, *, #5635, .T. ) ;
#6204 = DIRECTION ( 'NONE',  ( 0.0000000000000000000, 1.000000000000000000, 0.0000000000000000000 ) ) ;
#6205 = ORIENTED_EDGE ( 'NONE', *, *, #6945, .T. ) ;
#6206 = FILL_AREA_STYLE_COLOUR ( '', #1201 ) ;
#6207 = ADVANCED_FACE ( 'NONE', ( #3622 ), #6731, .F. ) ;
#6208 = DIRECTION ( 'NONE',  ( 0.0000000000000000000, 0.0000000000000000000, -1.000000000000000000 ) ) ;
#6209 = VERTEX_POINT ( 'NONE', #1077 ) ;
#6210 = DIRECTION ( 'NONE',  ( 0.0000000000000000000, 0.0000000000000000000, -1.000000000000000000 ) ) ;
#6211 = COLOUR_RGB ( '',0.6470588235294117974, 0.6196078431372549211, 0.5882352941176470784 ) ;
#6212 = EDGE_LOOP ( 'NONE', ( #6264, #5284, #3589, #2640 ) ) ;
#6213 = DIRECTION ( 'NONE',  ( -1.000000000000000000, 0.0000000000000000000, 0.0000000000000000000 ) ) ;
#6214 = CARTESIAN_POINT ( 'NONE',  ( 4.775000000000000355, 1.999999999999998668, -1.425000000000000933 ) ) ;
#6215 = EDGE_CURVE ( 'NONE', #5163, #6964, #2475, .T. ) ;
#6216 =( NAMED_UNIT ( * ) PLANE_ANGLE_UNIT ( ) SI_UNIT ( $, .RADIAN. ) );
#6217 = CARTESIAN_POINT ( 'NONE',  ( 0.7249999999999998668, 0.3499999999999999778, -2.075000000000000178 ) ) ;
#6218 = DIRECTION ( 'NONE',  ( 0.0000000000000000000, 2.148487149506091871E-16, 1.000000000000000000 ) ) ;
#6219 = LINE ( 'NONE', #4684, #4781 ) ;
#6220 = ORIENTED_EDGE ( 'NONE', *, *, #5212, .T. ) ;
#6221 = CARTESIAN_POINT ( 'NONE',  ( 3.225000000000000533, 1.000000000000000000, 1.525000000000000133 ) ) ;
#6222 = AXIS2_PLACEMENT_3D ( 'NONE', #38, #6956, #3529 ) ;
#6223 = ORIENTED_EDGE ( 'NONE', *, *, #1685, .F. ) ;
#6224 = VECTOR ( 'NONE', #1012, 1000.000000000000000 ) ;
#6225 = CARTESIAN_POINT ( 'NONE',  ( 3.225000000000000533, 0.0000000000000000000, -2.024999999999999911 ) ) ;
#6226 = ORIENTED_EDGE ( 'NONE', *, *, #1205, .T. ) ;
#6227 = EDGE_CURVE ( 'NONE', #6447, #6622, #2114, .T. ) ;
#6228 = LINE ( 'NONE', #3755, #4700 ) ;
#6229 =( NAMED_UNIT ( * ) SI_UNIT ( $, .STERADIAN. ) SOLID_ANGLE_UNIT ( ) );
#6230 = AXIS2_PLACEMENT_3D ( 'NONE', #485, #5039, #6778 ) ;
#6231 = DIRECTION ( 'NONE',  ( -0.0000000000000000000, 1.000000000000000000, -0.0000000000000000000 ) ) ;
#6232 = LINE ( 'NONE', #3159, #4704 ) ;
#6233 = VERTEX_POINT ( 'NONE', #2816 ) ;
#6234 = STYLED_ITEM ( 'NONE', ( #6281 ), #4430 ) ;
#6235 = DIRECTION ( 'NONE',  ( 0.0000000000000000000, -1.000000000000000000, 0.0000000000000000000 ) ) ;
#6236 = SURFACE_STYLE_USAGE ( .BOTH. , #1749 ) ;
#6237 = ORIENTED_EDGE ( 'NONE', *, *, #2545, .F. ) ;
#6238 = ORIENTED_EDGE ( 'NONE', *, *, #2841, .F. ) ;
#6239 = CARTESIAN_POINT ( 'NONE',  ( -1.875000000000000000, 0.5000000000000000000, 2.024999999999999911 ) ) ;
#6240 = DIRECTION ( 'NONE',  ( 0.0000000000000000000, 1.000000000000000000, 0.0000000000000000000 ) ) ;
#6241 = DIRECTION ( 'NONE',  ( 0.0000000000000000000, -1.084202172485501673E-15, -1.000000000000000000 ) ) ;
#6242 = LINE ( 'NONE', #4683, #4715 ) ;
#6243 = DIRECTION ( 'NONE',  ( -1.000000000000000000, 0.0000000000000000000, 0.0000000000000000000 ) ) ;
#6244 = PLANE ( 'NONE',  #3740 ) ;
#6245 = VECTOR ( 'NONE', #2400, 1000.000000000000000 ) ;
#6246 = DIRECTION ( 'NONE',  ( -0.0000000000000000000, 1.000000000000000000, -0.0000000000000000000 ) ) ;
#6247 = AXIS2_PLACEMENT_3D ( 'NONE', #4389, #4969, #351 ) ;
#6248 = ORIENTED_EDGE ( 'NONE', *, *, #1830, .T. ) ;
#6249 = SURFACE_SIDE_STYLE ('',( #4372 ) ) ;
#6250 = CLOSED_SHELL ( 'NONE', ( #7004, #1765, #6323, #5112, #5833, #452, #5511, #2109, #748, #6099, #6642, #4673, #5318, #1457, #4622, #3632, #283, #922, #5632, #4593, #5429, #20, #6680, #4999, #3828, #569, #6294, #1082, #1003, #2703, #6169, #1341, #5037, #7252, #5357, #3485, #3598, #3407, #6369, #7408, #3199, #2454, #6442, #372, #1958, #4965, #1127, #5868, #6257, #2895, #685, #7077, #2177, #7321, #2296, #4082, #6975, #2743, #2598, #5206, #4363, #4784, #1654, #3454, #3162, #5281, #2221, #6710, #5178, #50, #4016, #1697, #2032, #4857, #1307, #1887, #3939, #7148, #527, #7359, #1847, #5548, #1916, #7287, #1543, #4548, #58, #2785, #4054, #2669, #489, #4430, #6539, #645, #2376, #3934, #2371, #2306, #5711, #5069, #3788, #7047, #1423, #4892, #333, #6052, #7216, #3370, #4471, #845, #244, #5942, #3900, #620, #3558, #3758, #6471, #2932, #6332, #3304, #7367, #5754, #410, #781 ) ) ;
#6251 = EDGE_CURVE ( 'NONE', #3195, #4308, #4807, .T. ) ;
#6252 = CARTESIAN_POINT ( 'NONE',  ( 3.024999999999999911, 1.850000000000000089, 2.024999999999999911 ) ) ;
#6253 = LINE ( 'NONE', #3924, #4440 ) ;
#6254 = DIRECTION ( 'NONE',  ( -1.000000000000000000, 0.0000000000000000000, 0.0000000000000000000 ) ) ;
#6255 = PRESENTATION_STYLE_ASSIGNMENT (( #4431 ) ) ;
#6256 = LINE ( 'NONE', #5514, #7194 ) ;
#6257 = ADVANCED_FACE ( 'NONE', ( #6934 ), #1791, .F. ) ;
#6258 = STYLED_ITEM ( 'NONE', ( #181 ), #6947 ) ;
#6259 = EDGE_LOOP ( 'NONE', ( #2262, #235, #6593, #1657 ) ) ;
#6260 = LINE ( 'NONE', #5995, #5810 ) ;
#6261 = CARTESIAN_POINT ( 'NONE',  ( 4.525000000000000355, 4.240000000000000213, -2.024999999999999911 ) ) ;
#6262 = PLANE ( 'NONE',  #1516 ) ;
#6263 = VECTOR ( 'NONE', #7231, 1000.000000000000000 ) ;
#6264 = ORIENTED_EDGE ( 'NONE', *, *, #2682, .F. ) ;
#6265 = ORIENTED_EDGE ( 'NONE', *, *, #3787, .F. ) ;
#6266 = FACE_OUTER_BOUND ( 'NONE', #3475, .T. ) ;
#6267 = CARTESIAN_POINT ( 'NONE',  ( -2.875000000000000000, 8.673617379884035472E-15, -0.2250000000000008105 ) ) ;
#6268 = AXIS2_PLACEMENT_3D ( 'NONE', #377, #4415, #406 ) ;
#6269 = CARTESIAN_POINT ( 'NONE',  ( 3.024999999999999911, -0.004464445899999999919, 0.003975566199999999890 ) ) ;
#6270 = CARTESIAN_POINT ( 'NONE',  ( 3.375000000000000444, 3.750000000000000000, 2.024999999999999911 ) ) ;
#6271 = CARTESIAN_POINT ( 'NONE',  ( -0.7249999999999999778, 1.649999999999999911, -1.025000000000000133 ) ) ;
#6272 = ORIENTED_EDGE ( 'NONE', *, *, #7330, .F. ) ;
#6273 = PRESENTATION_STYLE_ASSIGNMENT (( #6580 ) ) ;
#6274 = ORIENTED_EDGE ( 'NONE', *, *, #5744, .F. ) ;
#6275 = EDGE_CURVE ( 'NONE', #703, #1376, #3890, .T. ) ;
#6276 = DIRECTION ( 'NONE',  ( -1.000000000000000000, 0.0000000000000000000, 0.0000000000000000000 ) ) ;
#6277 = DIRECTION ( 'NONE',  ( 1.000000000000000000, 0.0000000000000000000, 0.0000000000000000000 ) ) ;
#6278 = CARTESIAN_POINT ( 'NONE',  ( -0.8249999999999999556, 1.649999999999999911, 2.024999999999999911 ) ) ;
#6279 = ORIENTED_EDGE ( 'NONE', *, *, #3895, .F. ) ;
#6280 = MECHANICAL_DESIGN_GEOMETRIC_PRESENTATION_REPRESENTATION (  '', ( #5110 ), #7283 ) ;
#6281 = PRESENTATION_STYLE_ASSIGNMENT (( #2 ) ) ;
#6282 = ORIENTED_EDGE ( 'NONE', *, *, #5555, .T. ) ;
#6283 = DIRECTION ( 'NONE',  ( -1.000000000000000000, 0.0000000000000000000, 0.0000000000000000000 ) ) ;
#6284 = EDGE_CURVE ( 'NONE', #3817, #3978, #5963, .T. ) ;
#6285 = CARTESIAN_POINT ( 'NONE',  ( 0.5150000000000000133, 1.000000000000000000, -2.024999999999999911 ) ) ;
#6286 = ORIENTED_EDGE ( 'NONE', *, *, #3808, .F. ) ;
#6287 = LINE ( 'NONE', #3327, #3764 ) ;
#6288 = CARTESIAN_POINT ( 'NONE',  ( -0.7349999999999999867, 1.000000000000000000, -1.025000000000000133 ) ) ;
#6289 = FACE_OUTER_BOUND ( 'NONE', #3954, .T. ) ;
#6290 = UNCERTAINTY_MEASURE_WITH_UNIT (LENGTH_MEASURE( 1.000000000000000082E-05 ), #4663, 'distance_accuracy_value', 'NONE');
#6291 = EDGE_CURVE ( 'NONE', #207, #724, #6754, .T. ) ;
#6292 = EDGE_LOOP ( 'NONE', ( #573, #3385, #2765, #2362 ) ) ;
#6293 = PLANE ( 'NONE',  #7102 ) ;
#6294 = ADVANCED_FACE ( 'NONE', ( #679 ), #5800, .F. ) ;
#6295 = DIRECTION ( 'NONE',  ( 0.0000000000000000000, -3.212450881438532635E-15, 1.000000000000000000 ) ) ;
#6296 = VECTOR ( 'NONE', #6114, 1000.000000000000000 ) ;
#6297 = DIRECTION ( 'NONE',  ( 0.0000000000000000000, -0.0000000000000000000, 1.000000000000000000 ) ) ;
#6298 = LINE ( 'NONE', #903, #4127 ) ;
#6299 = CARTESIAN_POINT ( 'NONE',  ( 4.775000000000000355, 3.600000000000000089, -1.425000000000000933 ) ) ;
#6300 = CARTESIAN_POINT ( 'NONE',  ( 4.125000000000000000, 1.000000000000000000, -1.525000000000000133 ) ) ;
#6301 = DIRECTION ( 'NONE',  ( 0.0000000000000000000, -1.000000000000000000, 0.0000000000000000000 ) ) ;
#6302 = DIRECTION ( 'NONE',  ( -1.000000000000000000, -0.0000000000000000000, -0.0000000000000000000 ) ) ;
#6303 = STYLED_ITEM ( 'NONE', ( #501 ), #6048 ) ;
#6304 = LINE ( 'NONE', #5440, #5372 ) ;
#6305 = ORIENTED_EDGE ( 'NONE', *, *, #2206, .F. ) ;
#6306 = EDGE_CURVE ( 'NONE', #2410, #1474, #3707, .T. ) ;
#6307 = ORIENTED_EDGE ( 'NONE', *, *, #692, .F. ) ;
#6308 = DIRECTION ( 'NONE',  ( 0.0000000000000000000, -1.000000000000000000, 0.0000000000000000000 ) ) ;
#6309 = LINE ( 'NONE', #5406, #1175 ) ;
#6310 = ORIENTED_EDGE ( 'NONE', *, *, #737, .T. ) ;
#6311 = CARTESIAN_POINT ( 'NONE',  ( 1.984999999999999876, 1.850000000000000089, -1.025000000000000133 ) ) ;
#6312 = MECHANICAL_DESIGN_GEOMETRIC_PRESENTATION_REPRESENTATION (  '', ( #4382 ), #6913 ) ;
#6313 = ORIENTED_EDGE ( 'NONE', *, *, #4111, .T. ) ;
#6314 = CARTESIAN_POINT ( 'NONE',  ( 4.525000000000000355, 1.980741759643274369, -2.024999999999999911 ) ) ;
#6315 = LINE ( 'NONE', #2951, #5772 ) ;
#6316 = LINE ( 'NONE', #497, #3262 ) ;
#6317 = ORIENTED_EDGE ( 'NONE', *, *, #104, .F. ) ;
#6318 = CARTESIAN_POINT ( 'NONE',  ( 3.225000000000000533, 0.3500000000000000333, -2.024999999999999911 ) ) ;
#6319 = DIRECTION ( 'NONE',  ( 0.0000000000000000000, 1.000000000000000000, 0.0000000000000000000 ) ) ;
#6320 = EDGE_CURVE ( 'NONE', #2751, #3884, #752, .T. ) ;
#6321 = CARTESIAN_POINT ( 'NONE',  ( 0.0000000000000000000, 0.0000000000000000000, -1.474999999999999867 ) ) ;
#6322 = DIRECTION ( 'NONE',  ( -1.000000000000000000, 0.0000000000000000000, 0.0000000000000000000 ) ) ;
#6323 = ADVANCED_FACE ( 'NONE', ( #2469 ), #4209, .T. ) ;
#6324 = DIRECTION ( 'NONE',  ( -1.000000000000000000, 0.0000000000000000000, 0.0000000000000000000 ) ) ;
#6325 = CARTESIAN_POINT ( 'NONE',  ( 4.775000000000000355, 1.949999999999999512, 2.025000000000007017 ) ) ;
#6326 = PRESENTATION_LAYER_ASSIGNMENT (  '', '', ( #602 ) ) ;
#6327 = ORIENTED_EDGE ( 'NONE', *, *, #3648, .F. ) ;
#6328 = CARTESIAN_POINT ( 'NONE',  ( 0.7250000000000000888, -0.6500000000000000222, -1.775000000000000133 ) ) ;
#6329 = CARTESIAN_POINT ( 'NONE',  ( -2.274999999999999911, 3.600000000000000977, -1.425000000000000044 ) ) ;
#6330 = CARTESIAN_POINT ( 'NONE',  ( -0.5250000000000000222, 0.3500000000000000333, -2.024999999999999911 ) ) ;
#6331 = EDGE_CURVE ( 'NONE', #6916, #379, #493, .T. ) ;
#6332 = ADVANCED_FACE ( 'NONE', ( #3006 ), #5694, .T. ) ;
#6333 = ORIENTED_EDGE ( 'NONE', *, *, #3302, .T. ) ;
#6334 = ORIENTED_EDGE ( 'NONE', *, *, #2042, .F. ) ;
#6335 = ORIENTED_EDGE ( 'NONE', *, *, #6571, .T. ) ;
#6336 = VECTOR ( 'NONE', #6625, 1000.000000000000000 ) ;
#6337 = DIRECTION ( 'NONE',  ( 0.0000000000000000000, 0.0000000000000000000, 1.000000000000000000 ) ) ;
#6339 = EDGE_CURVE ( 'NONE', #5340, #5156, #3612, .T. ) ;
#6338 = FACE_OUTER_BOUND ( 'NONE', #4532, .T. ) ;
#6340 = ORIENTED_EDGE ( 'NONE', *, *, #5569, .T. ) ;
#6341 = VECTOR ( 'NONE', #4030, 1000.000000000000000 ) ;
#6342 = CARTESIAN_POINT ( 'NONE',  ( 5.000000000000000888, 4.240000000000000213, 2.024999999999999911 ) ) ;
#6343 = DIRECTION ( 'NONE',  ( 0.0000000000000000000, 1.000000000000000000, 0.0000000000000000000 ) ) ;
#6344 = ORIENTED_EDGE ( 'NONE', *, *, #3308, .F. ) ;
#6345 = ORIENTED_EDGE ( 'NONE', *, *, #1531, .T. ) ;
#6346 = FACE_OUTER_BOUND ( 'NONE', #7014, .T. ) ;
#6347 = VECTOR ( 'NONE', #2527, 1000.000000000000000 ) ;
#6348 = VECTOR ( 'NONE', #5955, 1000.000000000000000 ) ;
#6349 = CARTESIAN_POINT ( 'NONE',  ( -1.875000000000000000, 3.750000000000000000, 0.02500000000000000139 ) ) ;
#6350 = CARTESIAN_POINT ( 'NONE',  ( 4.775000000000000355, 2.250000000000000000, -2.024999999999999911 ) ) ;
#6351 = DIRECTION ( 'NONE',  ( 0.0000000000000000000, -0.8660254037883289291, -0.4999999999932619454 ) ) ;
#6352 = DIRECTION ( 'NONE',  ( 0.0000000000000000000, 0.6650335612228979176, -0.7468134723257140450 ) ) ;
#6353 = ORIENTED_EDGE ( 'NONE', *, *, #6251, .T. ) ;
#6354 = ORIENTED_EDGE ( 'NONE', *, *, #3172, .T. ) ;
#6355 = CARTESIAN_POINT ( 'NONE',  ( 4.775000000000000355, 1.950000000000002176, 1.375000000000006883 ) ) ;
#6356 = CARTESIAN_POINT ( 'NONE',  ( 0.5250000000000000222, 1.850000000000000089, 2.024999999999999911 ) ) ;
#6357 = STYLED_ITEM ( 'NONE', ( #2131 ), #5548 ) ;
#6358 = FACE_OUTER_BOUND ( 'NONE', #4110, .T. ) ;
#6359 = LINE ( 'NONE', #4007, #4645 ) ;
#6360 = AXIS2_PLACEMENT_3D ( 'NONE', #653, #1212, #5218 ) ;
#6361 = VECTOR ( 'NONE', #4722, 1000.000000000000000 ) ;
#6362 = ORIENTED_EDGE ( 'NONE', *, *, #757, .T. ) ;
#6363 = ORIENTED_EDGE ( 'NONE', *, *, #6927, .F. ) ;
#6364 = DIRECTION ( 'NONE',  ( 0.0000000000000000000, 0.0000000000000000000, 1.000000000000000000 ) ) ;
#6365 = VECTOR ( 'NONE', #1562, 1000.000000000000000 ) ;
#6366 = CARTESIAN_POINT ( 'NONE',  ( 3.225000000000000533, 1.850000000000000089, -2.024999999999999911 ) ) ;
#6367 = VERTEX_POINT ( 'NONE', #5145 ) ;
#6368 = DIRECTION ( 'NONE',  ( 0.0000000000000000000, 0.0000000000000000000, -1.000000000000000000 ) ) ;
#6369 = ADVANCED_FACE ( 'NONE', ( #4429 ), #4561, .T. ) ;
#6370 = VERTEX_POINT ( 'NONE', #1111 ) ;
#6371 = FILL_AREA_STYLE_COLOUR ( '', #5601 ) ;
#6372 = ORIENTED_EDGE ( 'NONE', *, *, #4852, .T. ) ;
#6373 = EDGE_CURVE ( 'NONE', #141, #1454, #2642, .T. ) ;
#6374 = CARTESIAN_POINT ( 'NONE',  ( 4.525000000000000355, 2.250000000000000000, -2.024999999999999911 ) ) ;
#6375 = VECTOR ( 'NONE', #2933, 1000.000000000000000 ) ;
#6376 = ORIENTED_EDGE ( 'NONE', *, *, #6398, .T. ) ;
#6377 = PLANE ( 'NONE',  #1109 ) ;
#6378 = PLANE ( 'NONE',  #4098 ) ;
#6379 = DIRECTION ( 'NONE',  ( -0.0000000000000000000, -0.0000000000000000000, 1.000000000000000000 ) ) ;
#6380 = CARTESIAN_POINT ( 'NONE',  ( -2.875000000000000000, 3.600000000000000977, -1.425000000000000044 ) ) ;
#6381 = ORIENTED_EDGE ( 'NONE', *, *, #1302, .F. ) ;
#6382 = ORIENTED_EDGE ( 'NONE', *, *, #2984, .F. ) ;
#6383 = EDGE_CURVE ( 'NONE', #7182, #3752, #6145, .T. ) ;
#6384 = ORIENTED_EDGE ( 'NONE', *, *, #4306, .F. ) ;
#6385 = DIRECTION ( 'NONE',  ( -1.000000000000000000, 0.0000000000000000000, 0.0000000000000000000 ) ) ;
#6386 = LINE ( 'NONE', #3466, #1801 ) ;
#6387 = LINE ( 'NONE', #2433, #2879 ) ;
#6388 = ORIENTED_EDGE ( 'NONE', *, *, #623, .F. ) ;
#6389 = EDGE_CURVE ( 'NONE', #1090, #1473, #5144, .T. ) ;
#6390 =( NAMED_UNIT ( * ) SI_UNIT ( $, .STERADIAN. ) SOLID_ANGLE_UNIT ( ) );
#6391 = CARTESIAN_POINT ( 'NONE',  ( -2.274999999999999911, 0.6000000000000024203, 1.375000000000002442 ) ) ;
#6392 = ORIENTED_EDGE ( 'NONE', *, *, #4571, .F. ) ;
#6393 = EDGE_CURVE ( 'NONE', #4187, #3309, #589, .T. ) ;
#6394 = VECTOR ( 'NONE', #3570, 1000.000000000000114 ) ;
#6395 = ORIENTED_EDGE ( 'NONE', *, *, #4992, .T. ) ;
#6396 = DIRECTION ( 'NONE',  ( -1.000000000000000000, 0.0000000000000000000, 0.0000000000000000000 ) ) ;
#6397 = DIRECTION ( 'NONE',  ( 0.0000000000000000000, 1.000000000000000000, 0.0000000000000000000 ) ) ;
#6398 = EDGE_CURVE ( 'NONE', #6181, #4308, #3435, .T. ) ;
#6399 = SURFACE_SIDE_STYLE ('',( #2033 ) ) ;
#6400 = CARTESIAN_POINT ( 'NONE',  ( -0.7249999999999999778, -0.6500000000000000222, -2.075000000000000178 ) ) ;
#6401 = FACE_BOUND ( 'NONE', #578, .T. ) ;
#6402 = ORIENTED_EDGE ( 'NONE', *, *, #2954, .T. ) ;
#6403 = COLOUR_RGB ( '',0.6470588235294117974, 0.6196078431372549211, 0.5882352941176470784 ) ;
#6404 = DIRECTION ( 'NONE',  ( 0.0000000000000000000, 0.0000000000000000000, 1.000000000000000000 ) ) ;
#6405 = AXIS2_PLACEMENT_3D ( 'NONE', #698, #4808, #4833 ) ;
#6406 = ORIENTED_EDGE ( 'NONE', *, *, #91, .T. ) ;
#6407 = ORIENTED_EDGE ( 'NONE', *, *, #5966, .F. ) ;
#6408 = ORIENTED_EDGE ( 'NONE', *, *, #3046, .T. ) ;
#6409 = CARTESIAN_POINT ( 'NONE',  ( 3.225000000000000533, 0.0000000000000000000, -1.525000000000000133 ) ) ;
#6410 = PRESENTATION_STYLE_ASSIGNMENT (( #396 ) ) ;
#6411 = ORIENTED_EDGE ( 'NONE', *, *, #5597, .T. ) ;
#6412 = AXIS2_PLACEMENT_3D ( 'NONE', #6629, #905, #1492 ) ;
#6413 = LINE ( 'NONE', #6994, #1015 ) ;
#6414 = CARTESIAN_POINT ( 'NONE',  ( 0.7349999999999999867, 1.000000000000000000, -1.525000000000000133 ) ) ;
#6415 = LINE ( 'NONE', #2005, #3349 ) ;
#6416 = ORIENTED_EDGE ( 'NONE', *, *, #4677, .F. ) ;
#6417 = EDGE_CURVE ( 'NONE', #5304, #3938, #1660, .T. ) ;
#6418 = DIRECTION ( 'NONE',  ( 0.0000000000000000000, 0.0000000000000000000, -1.000000000000000000 ) ) ;
#6419 = DIRECTION ( 'NONE',  ( 0.0000000000000000000, 1.000000000000000000, 2.552445434498790050E-15 ) ) ;
#6420 = CARTESIAN_POINT ( 'NONE',  ( 1.775000000000000133, 0.0000000000000000000, 2.024999999999999911 ) ) ;
#6421 = AXIS2_PLACEMENT_3D ( 'NONE', #352, #2593, #2010 ) ;
#6422 = VERTEX_POINT ( 'NONE', #1699 ) ;
#6423 = ORIENTED_EDGE ( 'NONE', *, *, #3946, .F. ) ;
#6424 = VECTOR ( 'NONE', #6418, 1000.000000000000000 ) ;
#6425 = ORIENTED_EDGE ( 'NONE', *, *, #2917, .F. ) ;
#6426 = LINE ( 'NONE', #3956, #1292 ) ;
#6427 = EDGE_CURVE ( 'NONE', #1550, #5605, #105, .T. ) ;
#6428 = CARTESIAN_POINT ( 'NONE',  ( -2.274999999999999911, 2.000000000000000000, -1.425000000000000044 ) ) ;
#6429 = ORIENTED_EDGE ( 'NONE', *, *, #3091, .F. ) ;
#6430 = VERTEX_POINT ( 'NONE', #442 ) ;
#6431 = DIRECTION ( 'NONE',  ( 0.0000000000000000000, 0.0000000000000000000, -1.000000000000000000 ) ) ;
#6432 = EDGE_CURVE ( 'NONE', #5304, #1234, #397, .T. ) ;
#6433 = VECTOR ( 'NONE', #6634, 1000.000000000000000 ) ;
#6434 = ORIENTED_EDGE ( 'NONE', *, *, #3911, .T. ) ;
#6435 = LINE ( 'NONE', #2731, #2401 ) ;
#6436 = ORIENTED_EDGE ( 'NONE', *, *, #5648, .F. ) ;
#6437 = EDGE_CURVE ( 'NONE', #3153, #4494, #2016, .T. ) ;
#6438 = ORIENTED_EDGE ( 'NONE', *, *, #4796, .F. ) ;
#6439 = VECTOR ( 'NONE', #4874, 1000.000000000000000 ) ;
#6440 = FACE_OUTER_BOUND ( 'NONE', #1745, .T. ) ;
#6441 = DIRECTION ( 'NONE',  ( 0.0000000000000000000, 4.003208021484939327E-15, -1.000000000000000000 ) ) ;
#6442 = ADVANCED_FACE ( 'NONE', ( #4974 ), #5244, .F. ) ;
#6443 = VECTOR ( 'NONE', #915, 1000.000000000000000 ) ;
#6444 = CARTESIAN_POINT ( 'NONE',  ( 0.0000000000000000000, 0.0000000000000000000, -1.025000000000000133 ) ) ;
#6445 = DIRECTION ( 'NONE',  ( 0.0000000000000000000, 0.0000000000000000000, 1.000000000000000000 ) ) ;
#6446 = VERTEX_POINT ( 'NONE', #6822 ) ;
#6447 = VERTEX_POINT ( 'NONE', #5657 ) ;
#6448 = LINE ( 'NONE', #3295, #6866 ) ;
#6449 = ORIENTED_EDGE ( 'NONE', *, *, #4403, .T. ) ;
#6450 = PLANE ( 'NONE',  #4441 ) ;
#6451 = DIRECTION ( 'NONE',  ( 1.000000000000000000, 0.0000000000000000000, -0.0000000000000000000 ) ) ;
#6452 = ORIENTED_EDGE ( 'NONE', *, *, #6969, .T. ) ;
#6453 = FACE_OUTER_BOUND ( 'NONE', #4066, .T. ) ;
#6454 = ORIENTED_EDGE ( 'NONE', *, *, #5510, .F. ) ;
#6455 = DIRECTION ( 'NONE',  ( 0.0000000000000000000, -3.295974604355854593E-17, -1.000000000000000000 ) ) ;
#6456 = ORIENTED_EDGE ( 'NONE', *, *, #5897, .F. ) ;
#6457 = ORIENTED_EDGE ( 'NONE', *, *, #5017, .F. ) ;
#6458 = EDGE_CURVE ( 'NONE', #2888, #5456, #3975, .T. ) ;
#6459 = AXIS2_PLACEMENT_3D ( 'NONE', #1477, #5374, #7384 ) ;
#6460 = DIRECTION ( 'NONE',  ( -1.000000000000000000, 0.0000000000000000000, 0.0000000000000000000 ) ) ;
#6461 = CARTESIAN_POINT ( 'NONE',  ( 4.975000000000000533, 2.224999999999998757, -2.025000000000007905 ) ) ;
#6462 = LINE ( 'NONE', #4537, #1070 ) ;
#6463 = LINE ( 'NONE', #1334, #6011 ) ;
#6464 = EDGE_CURVE ( 'NONE', #1185, #5710, #1285, .T. ) ;
#6465 = DIRECTION ( 'NONE',  ( 0.0000000000000000000, 0.0000000000000000000, -1.000000000000000000 ) ) ;
#6466 = DIRECTION ( 'NONE',  ( 0.0000000000000000000, 4.336808689942024836E-15, -1.000000000000000000 ) ) ;
#6467 = VECTOR ( 'NONE', #1696, 1000.000000000000000 ) ;
#6468 = VECTOR ( 'NONE', #1084, 1000.000000000000000 ) ;
#6469 = AXIS2_PLACEMENT_3D ( 'NONE', #1530, #6116, #7227 ) ;
#6470 = DIRECTION ( 'NONE',  ( 0.0000000000000000000, -1.000000000000000000, 0.0000000000000000000 ) ) ;
#6471 = ADVANCED_FACE ( 'NONE', ( #3800 ), #3672, .F. ) ;
#6472 = DIRECTION ( 'NONE',  ( 0.0000000000000000000, 1.000000000000000000, 0.0000000000000000000 ) ) ;
#6473 = AXIS2_PLACEMENT_3D ( 'NONE', #66, #1890, #7028 ) ;
#6474 = FACE_OUTER_BOUND ( 'NONE', #7192, .T. ) ;
#6475 = EDGE_LOOP ( 'NONE', ( #3982, #7311, #3682, #2968, #4902, #4686, #7397, #1548, #3098, #6823, #504, #2180, #4367, #7051, #6333, #4178 ) ) ;
#6476 = LINE ( 'NONE', #4976, #1901 ) ;
#6477 = VERTEX_POINT ( 'NONE', #911 ) ;
#6478 = AXIS2_PLACEMENT_3D ( 'NONE', #2517, #5967, #6616 ) ;
#6479 = LINE ( 'NONE', #605, #1818 ) ;
#6480 = ORIENTED_EDGE ( 'NONE', *, *, #5375, .T. ) ;
#6481 = ORIENTED_EDGE ( 'NONE', *, *, #5607, .T. ) ;
#6482 = DIRECTION ( 'NONE',  ( 1.000000000000000000, 0.0000000000000000000, 0.0000000000000000000 ) ) ;
#6483 = CARTESIAN_POINT ( 'NONE',  ( 1.775000000000000133, 0.0000000000000000000, 0.0000000000000000000 ) ) ;
#6484 = FACE_OUTER_BOUND ( 'NONE', #7272, .T. ) ;
#6485 = CARTESIAN_POINT ( 'NONE',  ( 3.225000000000000533, 1.350000000000000089, 0.0000000000000000000 ) ) ;
#6486 = CARTESIAN_POINT ( 'NONE',  ( 0.7250000000000000888, 0.0000000000000000000, 2.024999999999999911 ) ) ;
#6487 = LINE ( 'NONE', #72, #5481 ) ;
#6488 = ORIENTED_EDGE ( 'NONE', *, *, #475, .F. ) ;
#6489 = CARTESIAN_POINT ( 'NONE',  ( -2.475000000000000089, 3.600000000000000089, -1.425000000000000933 ) ) ;
#6491 = CARTESIAN_POINT ( 'NONE',  ( 3.875000000000000444, 3.750000000000000000, -2.024999999999999911 ) ) ;
#6490 =( GEOMETRIC_REPRESENTATION_CONTEXT ( 3 ) GLOBAL_UNCERTAINTY_ASSIGNED_CONTEXT ( ( #1074 ) ) GLOBAL_UNIT_ASSIGNED_CONTEXT ( ( #1698, #1160, #2801 ) ) REPRESENTATION_CONTEXT ( 'NONE', 'WORKASPACE' ) );
#6492 = ORIENTED_EDGE ( 'NONE', *, *, #40, .F. ) ;
#6493 = CARTESIAN_POINT ( 'NONE',  ( 1.675000000000000044, 1.850000000000000089, 2.024999999999999911 ) ) ;
#6494 = VECTOR ( 'NONE', #6770, 1000.000000000000000 ) ;
#6495 = ORIENTED_EDGE ( 'NONE', *, *, #2240, .T. ) ;
#6496 = CARTESIAN_POINT ( 'NONE',  ( -2.875000000000000000, 0.6000000000000024203, 1.375000000000002442 ) ) ;
#6497 = VECTOR ( 'NONE', #2308, 1000.000000000000000 ) ;
#6498 = UNCERTAINTY_MEASURE_WITH_UNIT (LENGTH_MEASURE( 1.000000000000000082E-05 ), #1666, 'distance_accuracy_value', 'NONE');
#6499 = EDGE_LOOP ( 'NONE', ( #42, #1158, #6274, #5052 ) ) ;
#6500 = FACE_OUTER_BOUND ( 'NONE', #482, .T. ) ;
#6501 = VECTOR ( 'NONE', #2085, 1000.000000000000000 ) ;
#6502 = FACE_OUTER_BOUND ( 'NONE', #5989, .T. ) ;
#6503 = DIRECTION ( 'NONE',  ( -1.000000000000000000, -0.0000000000000000000, -0.0000000000000000000 ) ) ;
#6504 = ADVANCED_FACE ( 'NONE', ( #295 ), #6244, .F. ) ;
#6505 =( NAMED_UNIT ( * ) SI_UNIT ( $, .STERADIAN. ) SOLID_ANGLE_UNIT ( ) );
#6506 = EDGE_CURVE ( 'NONE', #2572, #3053, #4247, .T. ) ;
#6507 = FILL_AREA_STYLE ('',( #848 ) ) ;
#6508 = CARTESIAN_POINT ( 'NONE',  ( 1.324999999999999956, 1.850000000000000089, -1.474999999999999867 ) ) ;
#6509 = DIRECTION ( 'NONE',  ( 0.0000000000000000000, -1.000000000000000000, 0.0000000000000000000 ) ) ;
#6510 = ORIENTED_EDGE ( 'NONE', *, *, #6306, .T. ) ;
#6511 = ORIENTED_EDGE ( 'NONE', *, *, #3522, .T. ) ;
#6512 = CARTESIAN_POINT ( 'NONE',  ( 3.225000000000000533, -0.004464445899999999919, 0.003975566199999999890 ) ) ;
#6513 = UNCERTAINTY_MEASURE_WITH_UNIT (LENGTH_MEASURE( 1.000000000000000082E-05 ), #4115, 'distance_accuracy_value', 'NONE');
#6514 = DIRECTION ( 'NONE',  ( 1.000000000000000000, 0.0000000000000000000, 0.0000000000000000000 ) ) ;
#6515 = VECTOR ( 'NONE', #4610, 1000.000000000000000 ) ;
#6516 = DIRECTION ( 'NONE',  ( 0.0000000000000000000, 1.000000000000000000, 0.0000000000000000000 ) ) ;
#6517 = DIRECTION ( 'NONE',  ( -1.000000000000000000, 0.0000000000000000000, 0.0000000000000000000 ) ) ;
#6518 = ORIENTED_EDGE ( 'NONE', *, *, #6182, .F. ) ;
#6519 = VERTEX_POINT ( 'NONE', #5660 ) ;
#6520 = FACE_OUTER_BOUND ( 'NONE', #1650, .T. ) ;
#6521 = EDGE_CURVE ( 'NONE', #3289, #4305, #2191, .T. ) ;
#6522 = CARTESIAN_POINT ( 'NONE',  ( 4.125000000000000000, 1.000000000000000000, -1.525000000000000133 ) ) ;
#6523 = LINE ( 'NONE', #1535, #6774 ) ;
#6524 = CARTESIAN_POINT ( 'NONE',  ( 0.7249999999999998668, -0.6500000000000000222, -2.075000000000000178 ) ) ;
#6525 = EDGE_CURVE ( 'NONE', #592, #2056, #2285, .T. ) ;
#6526 = VERTEX_POINT ( 'NONE', #106 ) ;
#6527 = CARTESIAN_POINT ( 'NONE',  ( 3.015000000000000124, 1.850000000000000089, -2.024999999999999911 ) ) ;
#6528 = FACE_OUTER_BOUND ( 'NONE', #184, .T. ) ;
#6529 = EDGE_CURVE ( 'NONE', #1057, #6667, #668, .T. ) ;
#6530 = VERTEX_POINT ( 'NONE', #7099 ) ;
#6531 = DIRECTION ( 'NONE',  ( 1.000000000000000000, 0.0000000000000000000, 0.0000000000000000000 ) ) ;
#6532 = LINE ( 'NONE', #1576, #7048 ) ;
#6533 = ORIENTED_EDGE ( 'NONE', *, *, #3164, .F. ) ;
#6534 = CARTESIAN_POINT ( 'NONE',  ( 3.875000000000000444, 3.149999999999999911, 0.02500000000000000139 ) ) ;
#6535 = AXIS2_PLACEMENT_3D ( 'NONE', #1223, #5752, #6337 ) ;
#6536 = ORIENTED_EDGE ( 'NONE', *, *, #6730, .T. ) ;
#6537 = CARTESIAN_POINT ( 'NONE',  ( -1.375000000000000000, 3.750000000000000000, -2.024999999999999911 ) ) ;
#6538 = CARTESIAN_POINT ( 'NONE',  ( -2.875000000000000000, 0.0000000000000000000, 2.024999999999999911 ) ) ;
#6539 = ADVANCED_FACE ( 'NONE', ( #5684 ), #3086, .F. ) ;
#6540 = LINE ( 'NONE', #3478, #2779 ) ;
#6541 = ORIENTED_EDGE ( 'NONE', *, *, #1420, .T. ) ;
#6542 = DIRECTION ( 'NONE',  ( 0.0000000000000000000, 0.0000000000000000000, -1.000000000000000000 ) ) ;
#6543 = DIRECTION ( 'NONE',  ( -1.000000000000000000, 0.0000000000000000000, 0.0000000000000000000 ) ) ;
#6544 = ORIENTED_EDGE ( 'NONE', *, *, #1229, .F. ) ;
#6545 = EDGE_CURVE ( 'NONE', #3752, #3840, #6579, .T. ) ;
#6546 = VECTOR ( 'NONE', #444, 1000.000000000000000 ) ;
#6547 = ORIENTED_EDGE ( 'NONE', *, *, #5432, .T. ) ;
#6548 =( GEOMETRIC_REPRESENTATION_CONTEXT ( 3 ) GLOBAL_UNCERTAINTY_ASSIGNED_CONTEXT ( ( #145 ) ) GLOBAL_UNIT_ASSIGNED_CONTEXT ( ( #3303, #3261, #7228 ) ) REPRESENTATION_CONTEXT ( 'NONE', 'WORKASPACE' ) );
#6549 = CARTESIAN_POINT ( 'NONE',  ( 5.375000000000000000, 4.250000000000000000, -0.07499999999999998335 ) ) ;
#6550 = VERTEX_POINT ( 'NONE', #1360 ) ;
#6551 = FACE_OUTER_BOUND ( 'NONE', #7177, .T. ) ;
#6552 = DIRECTION ( 'NONE',  ( 0.0000000000000000000, 0.0000000000000000000, -1.000000000000000000 ) ) ;
#6553 = EDGE_LOOP ( 'NONE', ( #5496, #2272, #5294, #2412 ) ) ;
#6554 = EDGE_CURVE ( 'NONE', #87, #3018, #6745, .T. ) ;
#6555 =( NAMED_UNIT ( * ) SI_UNIT ( $, .STERADIAN. ) SOLID_ANGLE_UNIT ( ) );
#6556 = CARTESIAN_POINT ( 'NONE',  ( 0.7249999999999998668, 0.05000000000000002359, -1.775000000000000133 ) ) ;
#6557 = CARTESIAN_POINT ( 'NONE',  ( -2.274999999999999911, 2.000000000000000000, -2.024999999999999911 ) ) ;
#6558 = EDGE_CURVE ( 'NONE', #599, #3285, #3967, .T. ) ;
#6559 = LINE ( 'NONE', #3734, #1813 ) ;
#6560 = DIRECTION ( 'NONE',  ( 1.000000000000000000, -0.0000000000000000000, 0.0000000000000000000 ) ) ;
#6561 = ORIENTED_EDGE ( 'NONE', *, *, #2911, .T. ) ;
#6562 = ORIENTED_EDGE ( 'NONE', *, *, #3820, .T. ) ;
#6563 = DIRECTION ( 'NONE',  ( 0.0000000000000000000, -1.000000000000000000, 0.0000000000000000000 ) ) ;
#6564 = LINE ( 'NONE', #1209, #4602 ) ;
#6565 = CARTESIAN_POINT ( 'NONE',  ( 1.975000000000000089, 1.850000000000000089, 0.0000000000000000000 ) ) ;
#6566 = FACE_OUTER_BOUND ( 'NONE', #3585, .T. ) ;
#6567 = ORIENTED_EDGE ( 'NONE', *, *, #5841, .T. ) ;
#6568 = CARTESIAN_POINT ( 'NONE',  ( -0.5250000000000000222, 1.315130797599999957, 1.171117220399999770 ) ) ;
#6569 = PRESENTATION_STYLE_ASSIGNMENT (( #884 ) ) ;
#6570 = CARTESIAN_POINT ( 'NONE',  ( -2.274999999999999911, 3.600000000000000977, -1.425000000000000044 ) ) ;
#6571 = EDGE_CURVE ( 'NONE', #3502, #1032, #2102, .T. ) ;
#6572 = ADVANCED_FACE ( 'NONE', ( #4149 ), #3547, .F. ) ;
#6573 = PLANE ( 'NONE',  #1294 ) ;
#6574 = FACE_OUTER_BOUND ( 'NONE', #3017, .T. ) ;
#6575 = VERTEX_POINT ( 'NONE', #5272 ) ;
#6576 = CARTESIAN_POINT ( 'NONE',  ( 4.775000000000000355, 4.250000000000000000, -0.07499999999999998335 ) ) ;
#6577 = CARTESIAN_POINT ( 'NONE',  ( -1.375000000000000000, 3.149999999999999911, 0.02500000000000000139 ) ) ;
#6578 = CARTESIAN_POINT ( 'NONE',  ( 3.375000000000000444, 3.750000000000000000, -2.024999999999999911 ) ) ;
#6579 = LINE ( 'NONE', #2512, #826 ) ;
#6580 = SURFACE_STYLE_USAGE ( .BOTH. , #4222 ) ;
#6581 = ORIENTED_EDGE ( 'NONE', *, *, #4165, .T. ) ;
#6582 = DIRECTION ( 'NONE',  ( 1.000000000000000000, 0.0000000000000000000, 0.0000000000000000000 ) ) ;
#6583 = DIRECTION ( 'NONE',  ( 0.0000000000000000000, 0.0000000000000000000, -1.000000000000000000 ) ) ;
#6584 = DIRECTION ( 'NONE',  ( -1.000000000000000000, -0.0000000000000000000, 0.0000000000000000000 ) ) ;
#6585 = DIRECTION ( 'NONE',  ( 0.0000000000000000000, 0.0000000000000000000, -1.000000000000000000 ) ) ;
#6586 = VECTOR ( 'NONE', #4081, 1000.000000000000000 ) ;
#6587 = ORIENTED_EDGE ( 'NONE', *, *, #7420, .T. ) ;
#6588 = EDGE_CURVE ( 'NONE', #1417, #6149, #4340, .T. ) ;
#6589 = DIRECTION ( 'NONE',  ( 0.0000000000000000000, -1.000000000000000000, 0.0000000000000000000 ) ) ;
#6590 = VECTOR ( 'NONE', #1154, 1000.000000000000000 ) ;
#6591 = DIRECTION ( 'NONE',  ( 0.0000000000000000000, 1.000000000000000000, 0.0000000000000000000 ) ) ;
#6592 = ORIENTED_EDGE ( 'NONE', *, *, #5476, .F. ) ;
#6593 = ORIENTED_EDGE ( 'NONE', *, *, #3856, .F. ) ;
#6594 = LINE ( 'NONE', #2282, #5158 ) ;
#6595 = EDGE_LOOP ( 'NONE', ( #2978, #3741, #5352, #1387 ) ) ;
#6596 = LINE ( 'NONE', #2612, #3542 ) ;
#6597 = FILL_AREA_STYLE_COLOUR ( '', #5204 ) ;
#6598 = EDGE_CURVE ( 'NONE', #3437, #3269, #2728, .T. ) ;
#6599 = CARTESIAN_POINT ( 'NONE',  ( 4.525000000000000355, 1.980741759643274369, -1.925000000000000933 ) ) ;
#6600 = DIRECTION ( 'NONE',  ( 1.000000000000000000, 0.0000000000000000000, 0.0000000000000000000 ) ) ;
#6601 = ORIENTED_EDGE ( 'NONE', *, *, #6033, .T. ) ;
#6602 = ORIENTED_EDGE ( 'NONE', *, *, #1035, .T. ) ;
#6603 = CARTESIAN_POINT ( 'NONE',  ( -0.7249999999999999778, 1.649999999999999911, 2.024999999999999911 ) ) ;
#6604 =( GEOMETRIC_REPRESENTATION_CONTEXT ( 3 ) GLOBAL_UNCERTAINTY_ASSIGNED_CONTEXT ( ( #393 ) ) GLOBAL_UNIT_ASSIGNED_CONTEXT ( ( #2320, #2937, #2912 ) ) REPRESENTATION_CONTEXT ( 'NONE', 'WORKASPACE' ) );
#6605 = FACE_OUTER_BOUND ( 'NONE', #5082, .T. ) ;
#6606 = SURFACE_STYLE_FILL_AREA ( #2702 ) ;
#6607 = LINE ( 'NONE', #4411, #2497 ) ;
#6608 = MECHANICAL_DESIGN_GEOMETRIC_PRESENTATION_REPRESENTATION (  '', ( #6234 ), #4298 ) ;
#6609 = CARTESIAN_POINT ( 'NONE',  ( -1.175000000000000044, 1.850000000000000089, -1.474999999999999867 ) ) ;
#6610 = EDGE_LOOP ( 'NONE', ( #2554, #6974, #3714, #2264, #1936, #371 ) ) ;
#6611 = CARTESIAN_POINT ( 'NONE',  ( 2.925000000000000266, 1.649999999999999911, 2.024999999999999911 ) ) ;
#6612 = ORIENTED_EDGE ( 'NONE', *, *, #6932, .F. ) ;
#6613 = ADVANCED_FACE ( 'NONE', ( #7003 ), #1263, .T. ) ;
#6614 = VECTOR ( 'NONE', #6210, 1000.000000000000000 ) ;
#6615 = ORIENTED_EDGE ( 'NONE', *, *, #4949, .F. ) ;
#6616 = DIRECTION ( 'NONE',  ( 0.0000000000000000000, 1.000000000000000000, 0.0000000000000000000 ) ) ;
#6617 = DIRECTION ( 'NONE',  ( 0.0000000000000000000, -1.000000000000000000, 0.0000000000000000000 ) ) ;
#6618 = PRESENTATION_LAYER_ASSIGNMENT (  '', '', ( #6357 ) ) ;
#6619 = ORIENTED_EDGE ( 'NONE', *, *, #4204, .F. ) ;
#6620 = CARTESIAN_POINT ( 'NONE',  ( 3.015000000000000124, 1.850000000000000089, -1.025000000000000133 ) ) ;
#6621 = COLOUR_RGB ( '',1.000000000000000000, 1.000000000000000000, 1.000000000000000000 ) ;
#6622 = VERTEX_POINT ( 'NONE', #3010 ) ;
#6623 = EDGE_CURVE ( 'NONE', #2844, #486, #5226, .T. ) ;
#6624 = ORIENTED_EDGE ( 'NONE', *, *, #1713, .T. ) ;
#6625 = DIRECTION ( 'NONE',  ( 0.0000000000000000000, -1.000000000000000000, 0.0000000000000000000 ) ) ;
#6626 = DIRECTION ( 'NONE',  ( -1.000000000000000000, 0.0000000000000000000, -0.0000000000000000000 ) ) ;
#6627 = ORIENTED_EDGE ( 'NONE', *, *, #101, .T. ) ;
#6628 = AXIS2_PLACEMENT_3D ( 'NONE', #2072, #3813, #846 ) ;
#6629 = CARTESIAN_POINT ( 'NONE',  ( 4.775000000000000355, 3.600000000000000977, -0.07499999999999998335 ) ) ;
#6630 = ORIENTED_EDGE ( 'NONE', *, *, #5181, .F. ) ;
#6631 = DIRECTION ( 'NONE',  ( 1.000000000000000000, 0.0000000000000000000, 0.0000000000000000000 ) ) ;
#6632 = FACE_OUTER_BOUND ( 'NONE', #646, .T. ) ;
#6633 = VECTOR ( 'NONE', #1412, 1000.000000000000000 ) ;
#6634 = DIRECTION ( 'NONE',  ( 0.0000000000000000000, 0.0000000000000000000, -1.000000000000000000 ) ) ;
#6635 = CARTESIAN_POINT ( 'NONE',  ( -2.875000000000000000, 4.250000000000000000, -0.07499999999999998335 ) ) ;
#6636 = FILL_AREA_STYLE_COLOUR ( '', #995 ) ;
#6637 = PLANE ( 'NONE',  #5232 ) ;
#6638 = EDGE_CURVE ( 'NONE', #1472, #5718, #4970, .T. ) ;
#6639 = LINE ( 'NONE', #2616, #471 ) ;
#6640 = VERTEX_POINT ( 'NONE', #4224 ) ;
#6641 = EDGE_LOOP ( 'NONE', ( #4624, #6191, #2983, #6685, #4791, #215, #3423, #3032, #6127, #1276, #4522, #5336, #2446, #2358, #4019, #6686, #5106, #2369, #1506, #564, #6813, #7295, #520, #60, #1436, #465, #5074, #7199, #7315, #818, #4998, #4909, #407, #4893, #2687, #4373, #4073, #7265, #4777, #4776 ) ) ;
#6642 = ADVANCED_FACE ( 'NONE', ( #5486 ), #2462, .F. ) ;
#6643 = CARTESIAN_POINT ( 'NONE',  ( 2.075000000000000178, 1.649999999999999911, -1.474999999999999867 ) ) ;
#6644 = PLANE ( 'NONE',  #4285 ) ;
#6645 = CARTESIAN_POINT ( 'NONE',  ( 4.375000000000000000, 1.850000000000000089, 2.024999999999999911 ) ) ;
#6646 = VECTOR ( 'NONE', #2017, 1000.000000000000000 ) ;
#6647 = VERTEX_POINT ( 'NONE', #5343 ) ;
#6648 = CARTESIAN_POINT ( 'NONE',  ( 0.5150000000000000133, 0.0000000000000000000, -1.474999999999999867 ) ) ;
#6649 = LINE ( 'NONE', #955, #6125 ) ;
#6650 = ORIENTED_EDGE ( 'NONE', *, *, #3254, .T. ) ;
#6651 = EDGE_CURVE ( 'NONE', #4957, #4317, #7091, .T. ) ;
#6652 = CARTESIAN_POINT ( 'NONE',  ( 3.225000000000000533, 0.3499999999999999778, -2.075000000000000178 ) ) ;
#6653 = LINE ( 'NONE', #2307, #2457 ) ;
#6654 = PLANE ( 'NONE',  #455 ) ;
#6655 = DIRECTION ( 'NONE',  ( -1.000000000000000000, 0.0000000000000000000, 0.0000000000000000000 ) ) ;
#6656 = EDGE_CURVE ( 'NONE', #6370, #7142, #5139, .T. ) ;
#6657 = PLANE ( 'NONE',  #6737 ) ;
#6658 = LINE ( 'NONE', #1852, #2096 ) ;
#6659 = VERTEX_POINT ( 'NONE', #4176 ) ;
#6660 = DIRECTION ( 'NONE',  ( 1.000000000000000000, 0.0000000000000000000, 0.0000000000000000000 ) ) ;
#6661 = VECTOR ( 'NONE', #6701, 1000.000000000000000 ) ;
#6662 = ORIENTED_EDGE ( 'NONE', *, *, #705, .F. ) ;
#6663 = MECHANICAL_DESIGN_GEOMETRIC_PRESENTATION_REPRESENTATION (  '', ( #6303 ), #1002 ) ;
#6664 = VECTOR ( 'NONE', #2280, 1000.000000000000000 ) ;
#6665 = EDGE_CURVE ( 'NONE', #5924, #7209, #6413, .T. ) ;
#6666 = DIRECTION ( 'NONE',  ( -1.000000000000000000, 0.0000000000000000000, 0.0000000000000000000 ) ) ;
#6667 = VERTEX_POINT ( 'NONE', #4768 ) ;
#6668 = LINE ( 'NONE', #5815, #4349 ) ;
#6669 = DIRECTION ( 'NONE',  ( 0.0000000000000000000, 0.0000000000000000000, -1.000000000000000000 ) ) ;
#6670 = VECTOR ( 'NONE', #3432, 1000.000000000000000 ) ;
#6671 = LINE ( 'NONE', #2560, #1023 ) ;
#6672 = PLANE ( 'NONE',  #3012 ) ;
#6673 = AXIS2_PLACEMENT_3D ( 'NONE', #2856, #2826, #5055 ) ;
#6674 = CARTESIAN_POINT ( 'NONE',  ( 3.015000000000000124, 1.850000000000000089, -1.025000000000000133 ) ) ;
#6675 = ORIENTED_EDGE ( 'NONE', *, *, #6051, .T. ) ;
#6676 = VERTEX_POINT ( 'NONE', #5313 ) ;
#6677 =( NAMED_UNIT ( * ) SI_UNIT ( $, .STERADIAN. ) SOLID_ANGLE_UNIT ( ) );
#6678 = COLOUR_RGB ( '',0.6470588235294117974, 0.6196078431372549211, 0.5882352941176470784 ) ;
#6679 = FILL_AREA_STYLE_COLOUR ( '', #5952 ) ;
#6680 = ADVANCED_FACE ( 'NONE', ( #1835 ), #3054, .F. ) ;
#6681 = LINE ( 'NONE', #6836, #4899 ) ;
#6682 = VECTOR ( 'NONE', #2529, 1000.000000000000000 ) ;
#6683 = PLANE ( 'NONE',  #6983 ) ;
#6684 = EDGE_CURVE ( 'NONE', #7363, #5605, #5583, .T. ) ;
#6685 = ORIENTED_EDGE ( 'NONE', *, *, #2757, .T. ) ;
#6686 = ORIENTED_EDGE ( 'NONE', *, *, #6927, .T. ) ;
#6687 = CARTESIAN_POINT ( 'NONE',  ( 4.375000000000000000, 2.550000000000000266, 2.024999999999999911 ) ) ;
#6688 = VECTOR ( 'NONE', #4867, 1000.000000000000000 ) ;
#6689 = LINE ( 'NONE', #4097, #6161 ) ;
#6690 = ORIENTED_EDGE ( 'NONE', *, *, #6791, .F. ) ;
#6691 = LINE ( 'NONE', #6329, #3291 ) ;
#6692 = EDGE_CURVE ( 'NONE', #5256, #5016, #288, .T. ) ;
#6693 = DIRECTION ( 'NONE',  ( 0.0000000000000000000, -0.0000000000000000000, 1.000000000000000000 ) ) ;
#6694 = CARTESIAN_POINT ( 'NONE',  ( 1.975000000000000089, 0.0000000000000000000, -2.024999999999999911 ) ) ;
#6695 = EDGE_CURVE ( 'NONE', #5468, #1550, #3348, .T. ) ;
#6696 = VERTEX_POINT ( 'NONE', #745 ) ;
#6697 = FACE_BOUND ( 'NONE', #6761, .T. ) ;
#6698 = ORIENTED_EDGE ( 'NONE', *, *, #1879, .T. ) ;
#6699 = ORIENTED_EDGE ( 'NONE', *, *, #1350, .F. ) ;
#6700 = FILL_AREA_STYLE_COLOUR ( '', #6895 ) ;
#6701 = DIRECTION ( 'NONE',  ( 0.0000000000000000000, 1.000000000000000000, 0.0000000000000000000 ) ) ;
#6702 = VERTEX_POINT ( 'NONE', #3183 ) ;
#6703 = CARTESIAN_POINT ( 'NONE',  ( 2.925000000000000266, 1.850000000000000089, 2.024999999999999911 ) ) ;
#6704 = AXIS2_PLACEMENT_3D ( 'NONE', #1948, #3687, #6004 ) ;
#6705 = DIRECTION ( 'NONE',  ( 0.0000000000000000000, 0.0000000000000000000, 1.000000000000000000 ) ) ;
#6706 = EDGE_CURVE ( 'NONE', #662, #271, #6228, .T. ) ;
#6707 = EDGE_LOOP ( 'NONE', ( #4313, #3160, #4778, #4135, #7012, #2851, #6833, #3629, #1080, #5948, #69, #732, #2768, #189, #108, #2489 ) ) ;
#6708 = VECTOR ( 'NONE', #1218, 1000.000000000000000 ) ;
#6709 = ORIENTED_EDGE ( 'NONE', *, *, #4498, .F. ) ;
#6710 = ADVANCED_FACE ( 'NONE', ( #488 ), #2003, .F. ) ;
#6711 = CARTESIAN_POINT ( 'NONE',  ( -0.7349999999999999867, 0.0000000000000000000, -1.474999999999999867 ) ) ;
#6712 = ORIENTED_EDGE ( 'NONE', *, *, #1273, .T. ) ;
#6713 = DIRECTION ( 'NONE',  ( 0.0000000000000000000, 1.000000000000000000, 0.0000000000000000000 ) ) ;
#6714 =( LENGTH_UNIT ( ) NAMED_UNIT ( * ) SI_UNIT ( .MILLI., .METRE. ) );
#6715 = LINE ( 'NONE', #2074, #893 ) ;
#6716 = CARTESIAN_POINT ( 'NONE',  ( 1.975000000000000089, 0.5000000000000000000, -1.525000000000000133 ) ) ;
#6717 = CARTESIAN_POINT ( 'NONE',  ( -0.7349999999999999867, 1.649999999999999911, -1.698606797699999893 ) ) ;
#6718 = CARTESIAN_POINT ( 'NONE',  ( -0.3750000000000000000, 2.250000000000000000, 1.025000000000000133 ) ) ;
#6719 = EDGE_CURVE ( 'NONE', #459, #952, #100, .T. ) ;
#6720 = MANIFOLD_SOLID_BREP ( 'Body-Move/Copy4[2]', #1772 ) ;
#6721 = VECTOR ( 'NONE', #744, 1000.000000000000000 ) ;
#6722 = DIRECTION ( 'NONE',  ( 1.000000000000000000, 0.0000000000000000000, 0.0000000000000000000 ) ) ;
#6723 = ORIENTED_EDGE ( 'NONE', *, *, #4896, .F. ) ;
#6724 = DIRECTION ( 'NONE',  ( 0.0000000000000000000, 0.0000000000000000000, 1.000000000000000000 ) ) ;
#6725 = DIRECTION ( 'NONE',  ( -0.0000000000000000000, 1.000000000000000000, -0.0000000000000000000 ) ) ;
#6726 = ORIENTED_EDGE ( 'NONE', *, *, #5879, .F. ) ;
#6727 = CARTESIAN_POINT ( 'NONE',  ( 0.7349999999999999867, 1.000000000000000000, -2.024999999999999911 ) ) ;
#6728 = VERTEX_POINT ( 'NONE', #5986 ) ;
#6729 = CARTESIAN_POINT ( 'NONE',  ( 0.8249999999999999556, 1.649999999999999911, 2.024999999999999911 ) ) ;
#6730 = EDGE_CURVE ( 'NONE', #3637, #6838, #2907, .T. ) ;
#6731 = PLANE ( 'NONE',  #7404 ) ;
#6732 = AXIS2_PLACEMENT_3D ( 'NONE', #5191, #2356, #5215 ) ;
#6733 = PRODUCT_CONTEXT ( 'NONE', #5558, 'mechanical' ) ;
#6734 = LINE ( 'NONE', #633, #1559 ) ;
#6735 = EDGE_LOOP ( 'NONE', ( #3875, #5068, #3846, #2419 ) ) ;
#6736 = ORIENTED_EDGE ( 'NONE', *, *, #6695, .F. ) ;
#6737 = AXIS2_PLACEMENT_3D ( 'NONE', #3971, #1783, #186 ) ;
#6738 = DIRECTION ( 'NONE',  ( 0.0000000000000000000, 0.0000000000000000000, 1.000000000000000000 ) ) ;
#6739 = EDGE_CURVE ( 'NONE', #5965, #7161, #5777, .T. ) ;
#6740 = PRESENTATION_STYLE_ASSIGNMENT (( #607 ) ) ;
#6741 = VERTEX_POINT ( 'NONE', #4300 ) ;
#6742 = DIRECTION ( 'NONE',  ( -1.000000000000000000, -0.0000000000000000000, 0.0000000000000000000 ) ) ;
#6743 = DIRECTION ( 'NONE',  ( -1.000000000000000000, 0.0000000000000000000, 0.0000000000000000000 ) ) ;
#6744 = EDGE_CURVE ( 'NONE', #5308, #4433, #4056, .T. ) ;
#6745 = LINE ( 'NONE', #4148, #3523 ) ;
#6746 = CARTESIAN_POINT ( 'NONE',  ( 0.7349999999999999867, 1.850000000000000089, -2.024999999999999911 ) ) ;
#6747 = ADVANCED_FACE ( 'NONE', ( #4694 ), #2080, .T. ) ;
#6748 =( NAMED_UNIT ( * ) PLANE_ANGLE_UNIT ( ) SI_UNIT ( $, .RADIAN. ) );
#6749 = ORIENTED_EDGE ( 'NONE', *, *, #2526, .T. ) ;
#6750 = PLANE ( 'NONE',  #28 ) ;
#6751 = ORIENTED_EDGE ( 'NONE', *, *, #5493, .T. ) ;
#6752 = EDGE_CURVE ( 'NONE', #6, #2863, #2544, .T. ) ;
#6753 = DIRECTION ( 'NONE',  ( -1.000000000000000000, 0.0000000000000000000, 0.0000000000000000000 ) ) ;
#6754 = LINE ( 'NONE', #2894, #6586 ) ;
#6755 = ORIENTED_EDGE ( 'NONE', *, *, #737, .F. ) ;
#6756 = VECTOR ( 'NONE', #7009, 1000.000000000000000 ) ;
#6757 = LINE ( 'NONE', #6311, #758 ) ;
#6758 = DIRECTION ( 'NONE',  ( 1.000000000000000000, 0.0000000000000000000, 0.0000000000000000000 ) ) ;
#6759 = CARTESIAN_POINT ( 'NONE',  ( 3.875000000000000444, 3.750000000000000000, 0.02500000000000000139 ) ) ;
#6760 = FILL_AREA_STYLE_COLOUR ( '', #4004 ) ;
#6761 = EDGE_LOOP ( 'NONE', ( #743, #4757, #2084, #170 ) ) ;
#6762 = ORIENTED_EDGE ( 'NONE', *, *, #1625, .T. ) ;
#6763 = LINE ( 'NONE', #2263, #5166 ) ;
#6764 = VECTOR ( 'NONE', #7181, 1000.000000000000000 ) ;
#6765 = LINE ( 'NONE', #1452, #2659 ) ;
#6766 = PLANE ( 'NONE',  #196 ) ;
#6767 = AXIS2_PLACEMENT_3D ( 'NONE', #4765, #6552, #1381 ) ;
#6768 = CARTESIAN_POINT ( 'NONE',  ( 0.8249999999999999556, 1.649999999999999911, -1.025000000000000133 ) ) ;
#6769 = ORIENTED_EDGE ( 'NONE', *, *, #6775, .T. ) ;
#6770 = DIRECTION ( 'NONE',  ( 0.0000000000000000000, 1.000000000000000000, 0.0000000000000000000 ) ) ;
#6771 = EDGE_LOOP ( 'NONE', ( #6612, #6985, #709, #2271 ) ) ;
#6772 = LINE ( 'NONE', #7235, #129 ) ;
#6773 = FACE_OUTER_BOUND ( 'NONE', #1814, .T. ) ;
#6774 = VECTOR ( 'NONE', #4989, 1000.000000000000000 ) ;
#6775 = EDGE_CURVE ( 'NONE', #2959, #850, #4877, .T. ) ;
#6776 = DIRECTION ( 'NONE',  ( 0.0000000000000000000, 0.0000000000000000000, -1.000000000000000000 ) ) ;
#6777 = ORIENTED_EDGE ( 'NONE', *, *, #6588, .T. ) ;
#6778 = DIRECTION ( 'NONE',  ( 0.0000000000000000000, -1.000000000000000000, -2.552445434498790050E-15 ) ) ;
#6779 = VERTEX_POINT ( 'NONE', #4354 ) ;
#6780 = CARTESIAN_POINT ( 'NONE',  ( 0.7250000000000000888, 1.350000000000000089, -1.525000000000000133 ) ) ;
#6781 = AXIS2_PLACEMENT_3D ( 'NONE', #4696, #7120, #753 ) ;
#6782 = VECTOR ( 'NONE', #2720, 1000.000000000000000 ) ;
#6783 = ORIENTED_EDGE ( 'NONE', *, *, #5643, .T. ) ;
#6784 = ADVANCED_FACE ( 'NONE', ( #3430 ), #859, .T. ) ;
#6785 = EDGE_LOOP ( 'NONE', ( #2219, #3647, #1348, #3179 ) ) ;
#6786 = EDGE_CURVE ( 'NONE', #6659, #3653, #1741, .T. ) ;
#6787 = DIRECTION ( 'NONE',  ( 1.000000000000000000, 0.0000000000000000000, 0.0000000000000000000 ) ) ;
#6788 = LINE ( 'NONE', #4423, #870 ) ;
#6789 = ORIENTED_EDGE ( 'NONE', *, *, #190, .T. ) ;
#6790 = DIRECTION ( 'NONE',  ( 0.0000000000000000000, 0.0000000000000000000, -1.000000000000000000 ) ) ;
#6791 = EDGE_CURVE ( 'NONE', #4477, #4123, #5578, .T. ) ;
#6792 = VERTEX_POINT ( 'NONE', #229 ) ;
#6793 = CARTESIAN_POINT ( 'NONE',  ( 3.875000000000000444, 3.149999999999999911, 0.02500000000000000139 ) ) ;
#6794 = EDGE_LOOP ( 'NONE', ( #3584, #2953, #6057, #7372 ) ) ;
#6795 = PLANE ( 'NONE',  #1794 ) ;
#6796 = CARTESIAN_POINT ( 'NONE',  ( -2.875000000000000000, 2.000000000000000000, -2.024999999999999911 ) ) ;
#6797 = CARTESIAN_POINT ( 'NONE',  ( 3.875000000000000444, 3.750000000000000000, 0.02500000000000000139 ) ) ;
#6798 = EDGE_CURVE ( 'NONE', #3274, #2547, #185, .T. ) ;
#6799 = DIRECTION ( 'NONE',  ( 0.0000000000000000000, 1.000000000000000000, -1.084202172485501673E-15 ) ) ;
#6800 = VECTOR ( 'NONE', #6277, 1000.000000000000000 ) ;
#6801 = VECTOR ( 'NONE', #5004, 1000.000000000000000 ) ;
#6802 = CARTESIAN_POINT ( 'NONE',  ( -1.875000000000000000, 0.5000000000000000000, -1.474999999999999867 ) ) ;
#6803 = PRESENTATION_LAYER_ASSIGNMENT (  '', '', ( #4764 ) ) ;
#6804 = CARTESIAN_POINT ( 'NONE',  ( -0.5250000000000000222, 1.850000000000000089, 2.024999999999999911 ) ) ;
#6805 = EDGE_CURVE ( 'NONE', #1347, #3818, #3340, .T. ) ;
#6806 = ORIENTED_EDGE ( 'NONE', *, *, #6521, .F. ) ;
#6807 = FACE_OUTER_BOUND ( 'NONE', #3248, .T. ) ;
#6808 = VECTOR ( 'NONE', #1597, 1000.000000000000000 ) ;
#6809 = FILL_AREA_STYLE ('',( #6206 ) ) ;
#6810 = VERTEX_POINT ( 'NONE', #5595 ) ;
#6811 = AXIS2_PLACEMENT_3D ( 'NONE', #470, #6110, #2196 ) ;
#6812 = UNCERTAINTY_MEASURE_WITH_UNIT (LENGTH_MEASURE( 1.000000000000000082E-05 ), #4332, 'distance_accuracy_value', 'NONE');
#6813 = ORIENTED_EDGE ( 'NONE', *, *, #3366, .F. ) ;
#6814 = DIRECTION ( 'NONE',  ( -1.000000000000000000, 0.0000000000000000000, 0.0000000000000000000 ) ) ;
#6815 = DIRECTION ( 'NONE',  ( 0.0000000000000000000, 0.0000000000000000000, -1.000000000000000000 ) ) ;
#6816 = FILL_AREA_STYLE_COLOUR ( '', #4711 ) ;
#6817 = EDGE_CURVE ( 'NONE', #1063, #4096, #6137, .T. ) ;
#6818 = PLANE ( 'NONE',  #5100 ) ;
#6819 = DIRECTION ( 'NONE',  ( 0.0000000000000000000, 0.0000000000000000000, -1.000000000000000000 ) ) ;
#6820 = CARTESIAN_POINT ( 'NONE',  ( 3.225000000000000533, 1.850000000000000089, 0.0000000000000000000 ) ) ;
#6821 = PLANE ( 'NONE',  #4997 ) ;
#6822 = CARTESIAN_POINT ( 'NONE',  ( 3.024999999999999911, 0.05000000000000002359, -1.775000000000000133 ) ) ;
#6823 = ORIENTED_EDGE ( 'NONE', *, *, #5861, .F. ) ;
#6824 = EDGE_LOOP ( 'NONE', ( #5830, #1322, #4647, #5098 ) ) ;
#6825 = ORIENTED_EDGE ( 'NONE', *, *, #14, .T. ) ;
#6826 = PRESENTATION_LAYER_ASSIGNMENT (  '', '', ( #3373 ) ) ;
#6827 = CARTESIAN_POINT ( 'NONE',  ( -0.7249999999999999778, 1.649999999999999911, -1.698606797699999893 ) ) ;
#6828 = VERTEX_POINT ( 'NONE', #3868 ) ;
#6829 = VECTOR ( 'NONE', #6396, 1000.000000000000000 ) ;
#6830 = DIRECTION ( 'NONE',  ( -1.000000000000000000, 0.0000000000000000000, 0.0000000000000000000 ) ) ;
#6831 = CARTESIAN_POINT ( 'NONE',  ( -1.175000000000000044, 2.550000000000000266, -1.474999999999999867 ) ) ;
#6832 = VECTOR ( 'NONE', #525, 1000.000000000000000 ) ;
#6833 = ORIENTED_EDGE ( 'NONE', *, *, #4353, .F. ) ;
#6834 = EDGE_CURVE ( 'NONE', #3784, #1392, #280, .T. ) ;
#6835 = DIRECTION ( 'NONE',  ( 0.0000000000000000000, -1.000000000000000000, 0.0000000000000000000 ) ) ;
#6836 = CARTESIAN_POINT ( 'NONE',  ( -2.500000000000000000, 4.009511388567677415, -0.07499999999999998335 ) ) ;
#6837 = VECTOR ( 'NONE', #2083, 1000.000000000000000 ) ;
#6838 = VERTEX_POINT ( 'NONE', #6718 ) ;
#6839 = AXIS2_PLACEMENT_3D ( 'NONE', #2189, #2738, #6204 ) ;
#6840 = VECTOR ( 'NONE', #3413, 1000.000000000000000 ) ;
#6841 = CARTESIAN_POINT ( 'NONE',  ( -2.475000000000000089, 1.999999999999998668, -1.425000000000000933 ) ) ;
#6842 = VERTEX_POINT ( 'NONE', #2681 ) ;
#6843 = CARTESIAN_POINT ( 'NONE',  ( -0.5250000000000000222, -0.6500000000000000222, -2.075000000000000178 ) ) ;
#6844 = CARTESIAN_POINT ( 'NONE',  ( 1.975000000000000089, 0.5000000000000000000, 2.024999999999999911 ) ) ;
#6845 = DIRECTION ( 'NONE',  ( -1.000000000000000000, 0.0000000000000000000, 0.0000000000000000000 ) ) ;
#6846 = CARTESIAN_POINT ( 'NONE',  ( -2.475000000000000089, 1.999999999999998668, -1.425000000000000933 ) ) ;
#6847 = CARTESIAN_POINT ( 'NONE',  ( 0.7250000000000000888, 1.850000000000000089, -1.698606797699999893 ) ) ;
#6848 = ORIENTED_EDGE ( 'NONE', *, *, #6251, .F. ) ;
#6849 = FACE_OUTER_BOUND ( 'NONE', #2654, .T. ) ;
#6850 = ORIENTED_EDGE ( 'NONE', *, *, #4656, .T. ) ;
#6851 = CARTESIAN_POINT ( 'NONE',  ( 2.075000000000000178, 1.850000000000000089, -1.474999999999999867 ) ) ;
#6852 = DIRECTION ( 'NONE',  ( 0.0000000000000000000, 1.000000000000000000, 0.0000000000000000000 ) ) ;
#6853 = FACE_OUTER_BOUND ( 'NONE', #3864, .T. ) ;
#6854 = ORIENTED_EDGE ( 'NONE', *, *, #5197, .F. ) ;
#6855 = SURFACE_STYLE_FILL_AREA ( #3730 ) ;
#6856 = ORIENTED_EDGE ( 'NONE', *, *, #5950, .F. ) ;
#6857 = CARTESIAN_POINT ( 'NONE',  ( 1.975000000000000089, 0.5547525681000000652, 2.024999999999999911 ) ) ;
#6858 = LINE ( 'NONE', #640, #1130 ) ;
#6859 = PLANE ( 'NONE',  #3095 ) ;
#6860 = VECTOR ( 'NONE', #4218, 1000.000000000000000 ) ;
#6861 = VECTOR ( 'NONE', #6124, 1000.000000000000000 ) ;
#6862 = CARTESIAN_POINT ( 'NONE',  ( 5.375000000000000000, 1.000000000000000000, -1.525000000000000133 ) ) ;
#6863 = ORIENTED_EDGE ( 'NONE', *, *, #1141, .T. ) ;
#6864 = VERTEX_POINT ( 'NONE', #985 ) ;
#6865 = ORIENTED_EDGE ( 'NONE', *, *, #7317, .F. ) ;
#6866 = VECTOR ( 'NONE', #5028, 1000.000000000000000 ) ;
#6867 = ORIENTED_EDGE ( 'NONE', *, *, #4677, .T. ) ;
#6868 = ADVANCED_FACE ( 'NONE', ( #6036 ), #3797, .T. ) ;
#6869 = AXIS2_PLACEMENT_3D ( 'NONE', #8, #1712, #5185 ) ;
#6870 = DIRECTION ( 'NONE',  ( 1.000000000000000000, 0.0000000000000000000, 0.0000000000000000000 ) ) ;
#6871 = SURFACE_SIDE_STYLE ('',( #2884 ) ) ;
#6872 = CARTESIAN_POINT ( 'NONE',  ( 4.375000000000000000, 2.550000000000000266, -1.474999999999999867 ) ) ;
#6873 = CARTESIAN_POINT ( 'NONE',  ( 3.325000000000000622, 1.850000000000000089, -1.698606797699999893 ) ) ;
#6874 = PLANE ( 'NONE',  #1406 ) ;
#6875 = CARTESIAN_POINT ( 'NONE',  ( -0.5250000000000000222, 0.3499999999999999778, -2.075000000000000178 ) ) ;
#6876 = FILL_AREA_STYLE ('',( #4793 ) ) ;
#6877 = ORIENTED_EDGE ( 'NONE', *, *, #4699, .T. ) ;
#6878 = CARTESIAN_POINT ( 'NONE',  ( 2.875000000000000444, 2.250000000000000000, -0.4749999999999999778 ) ) ;
#6879 = LINE ( 'NONE', #5668, #3474 ) ;
#6880 = ORIENTED_EDGE ( 'NONE', *, *, #7060, .T. ) ;
#6881 = EDGE_CURVE ( 'NONE', #3118, #5848, #2721, .T. ) ;
#6882 = FILL_AREA_STYLE_COLOUR ( '', #636 ) ;
#6883 = DIRECTION ( 'NONE',  ( -1.000000000000000000, 0.0000000000000000000, 0.0000000000000000000 ) ) ;
#6884 = VECTOR ( 'NONE', #5154, 1000.000000000000000 ) ;
#6885 = ORIENTED_EDGE ( 'NONE', *, *, #566, .T. ) ;
#6886 =( GEOMETRIC_REPRESENTATION_CONTEXT ( 3 ) GLOBAL_UNCERTAINTY_ASSIGNED_CONTEXT ( ( #3835 ) ) GLOBAL_UNIT_ASSIGNED_CONTEXT ( ( #500, #6748, #3324 ) ) REPRESENTATION_CONTEXT ( 'NONE', 'WORKASPACE' ) );
#6887 = EDGE_CURVE ( 'NONE', #5021, #147, #1826, .T. ) ;
#6888 = CARTESIAN_POINT ( 'NONE',  ( -0.5250000000000000222, 0.0000000000000000000, 2.024999999999999911 ) ) ;
#6889 = ORIENTED_EDGE ( 'NONE', *, *, #6022, .T. ) ;
#6890 = EDGE_CURVE ( 'NONE', #4670, #1009, #3878, .T. ) ;
#6891 = VERTEX_POINT ( 'NONE', #6115 ) ;
#6892 = CARTESIAN_POINT ( 'NONE',  ( 4.775000000000000355, 3.600000000000000977, -1.425000000000000044 ) ) ;
#6893 = DIRECTION ( 'NONE',  ( 1.000000000000000000, 0.0000000000000000000, 0.0000000000000000000 ) ) ;
#6894 = FILL_AREA_STYLE ('',( #4707 ) ) ;
#6895 = COLOUR_RGB ( '',1.000000000000000000, 1.000000000000000000, 1.000000000000000000 ) ;
#6896 = DIRECTION ( 'NONE',  ( 1.000000000000000000, 0.0000000000000000000, -0.0000000000000000000 ) ) ;
#6897 = LINE ( 'NONE', #5484, #3770 ) ;
#6898 = EDGE_CURVE ( 'NONE', #1511, #6526, #5220, .T. ) ;
#6899 = ADVANCED_FACE ( 'NONE', ( #7084 ), #6164, .F. ) ;
#6900 = DIRECTION ( 'NONE',  ( -1.000000000000000000, 0.0000000000000000000, 0.0000000000000000000 ) ) ;
#6901 = PLANE ( 'NONE',  #5749 ) ;
#6902 = DIRECTION ( 'NONE',  ( 0.0000000000000000000, 0.0000000000000000000, -1.000000000000000000 ) ) ;
#6903 = FILL_AREA_STYLE ('',( #6882 ) ) ;
#6904 = STYLED_ITEM ( 'NONE', ( #7261 ), #6369 ) ;
#6905 = LINE ( 'NONE', #3754, #6546 ) ;
#6906 = VECTOR ( 'NONE', #806, 1000.000000000000000 ) ;
#6907 = CARTESIAN_POINT ( 'NONE',  ( -2.875000000000000000, 3.600000000000000977, -0.07499999999999998335 ) ) ;
#6908 = SURFACE_STYLE_FILL_AREA ( #4898 ) ;
#6909 = ORIENTED_EDGE ( 'NONE', *, *, #5190, .T. ) ;
#6910 = FILL_AREA_STYLE ('',( #6371 ) ) ;
#6911 = EDGE_LOOP ( 'NONE', ( #974, #2971, #7138, #4523 ) ) ;
#6912 = ORIENTED_EDGE ( 'NONE', *, *, #981, .T. ) ;
#6913 =( GEOMETRIC_REPRESENTATION_CONTEXT ( 3 ) GLOBAL_UNCERTAINTY_ASSIGNED_CONTEXT ( ( #4527 ) ) GLOBAL_UNIT_ASSIGNED_CONTEXT ( ( #1623, #6216, #3394 ) ) REPRESENTATION_CONTEXT ( 'NONE', 'WORKASPACE' ) );
#6914 = LINE ( 'NONE', #1724, #4418 ) ;
#6915 = LINE ( 'NONE', #1675, #5385 ) ;
#6916 = VERTEX_POINT ( 'NONE', #3843 ) ;
#6917 = CARTESIAN_POINT ( 'NONE',  ( 0.7250000000000000888, 1.850000000000000089, 2.024999999999999911 ) ) ;
#6918 = EDGE_CURVE ( 'NONE', #2771, #4381, #2004, .T. ) ;
#6919 = CARTESIAN_POINT ( 'NONE',  ( -0.7349999999999999867, 1.649999999999999911, -1.025000000000000133 ) ) ;
#6920 = DIRECTION ( 'NONE',  ( 0.0000000000000000000, -1.000000000000000000, 0.0000000000000000000 ) ) ;
#6921 = VECTOR ( 'NONE', #830, 1000.000000000000000 ) ;
#6922 = AXIS2_PLACEMENT_3D ( 'NONE', #5787, #5240, #1255 ) ;
#6923 = LINE ( 'NONE', #3395, #5779 ) ;
#6924 = VERTEX_POINT ( 'NONE', #392 ) ;
#6925 = VECTOR ( 'NONE', #1501, 1000.000000000000000 ) ;
#6926 = DIRECTION ( 'NONE',  ( 0.0000000000000000000, 0.0000000000000000000, 1.000000000000000000 ) ) ;
#6927 = EDGE_CURVE ( 'NONE', #1608, #3436, #7169, .T. ) ;
#6928 = CARTESIAN_POINT ( 'NONE',  ( -2.475000000000000089, 4.249999999999992895, -0.07499999999999976130 ) ) ;
#6929 = VECTOR ( 'NONE', #2317, 1000.000000000000000 ) ;
#6930 = ORIENTED_EDGE ( 'NONE', *, *, #3288, .T. ) ;
#6931 = ADVANCED_FACE ( 'NONE', ( #5677 ), #2756, .T. ) ;
#6932 = EDGE_CURVE ( 'NONE', #7326, #2043, #6914, .T. ) ;
#6933 = VERTEX_POINT ( 'NONE', #7297 ) ;
#6934 = FACE_OUTER_BOUND ( 'NONE', #967, .T. ) ;
#6935 = SURFACE_STYLE_USAGE ( .BOTH. , #4653 ) ;
#6936 = ORIENTED_EDGE ( 'NONE', *, *, #1414, .T. ) ;
#6937 = LINE ( 'NONE', #7129, #7358 ) ;
#6938 = EDGE_CURVE ( 'NONE', #4187, #874, #5297, .T. ) ;
#6939 = FACE_OUTER_BOUND ( 'NONE', #2794, .T. ) ;
#6940 = FILL_AREA_STYLE_COLOUR ( '', #838 ) ;
#6941 = DIRECTION ( 'NONE',  ( 0.0000000000000000000, 0.0000000000000000000, -1.000000000000000000 ) ) ;
#6942 = CARTESIAN_POINT ( 'NONE',  ( 5.375000000000000000, 4.250000000000000000, 2.024999999999999911 ) ) ;
#6943 = ORIENTED_EDGE ( 'NONE', *, *, #2161, .T. ) ;
#6944 = FACE_OUTER_BOUND ( 'NONE', #1670, .T. ) ;
#6945 = EDGE_CURVE ( 'NONE', #5855, #7049, #1183, .T. ) ;
#6946 = LINE ( 'NONE', #3994, #1674 ) ;
#6947 = MANIFOLD_SOLID_BREP ( 'Combine6', #4037 ) ;
#6948 = ORIENTED_EDGE ( 'NONE', *, *, #6529, .T. ) ;
#6949 = ORIENTED_EDGE ( 'NONE', *, *, #6069, .T. ) ;
#6950 = VECTOR ( 'NONE', #2011, 1000.000000000000000 ) ;
#6951 = FACE_OUTER_BOUND ( 'NONE', #2585, .T. ) ;
#6952 =( GEOMETRIC_REPRESENTATION_CONTEXT ( 3 ) GLOBAL_UNCERTAINTY_ASSIGNED_CONTEXT ( ( #3590 ) ) GLOBAL_UNIT_ASSIGNED_CONTEXT ( ( #7195, #4906, #2046 ) ) REPRESENTATION_CONTEXT ( 'NONE', 'WORKASPACE' ) );
#6953 = ORIENTED_EDGE ( 'NONE', *, *, #3958, .T. ) ;
#6954 = CARTESIAN_POINT ( 'NONE',  ( 1.774999999999999911, 0.05000000000000002359, -1.775000000000000133 ) ) ;
#6955 = ORIENTED_EDGE ( 'NONE', *, *, #4146, .T. ) ;
#6956 = DIRECTION ( 'NONE',  ( 1.000000000000000000, 0.0000000000000000000, 0.0000000000000000000 ) ) ;
#6957 = CARTESIAN_POINT ( 'NONE',  ( 3.024999999999999911, 1.350000000000000089, -1.525000000000000133 ) ) ;
#6958 = LINE ( 'NONE', #6239, #6782 ) ;
#6959 = EDGE_CURVE ( 'NONE', #3409, #2701, #5382, .T. ) ;
#6960 =( NAMED_UNIT ( * ) PLANE_ANGLE_UNIT ( ) SI_UNIT ( $, .RADIAN. ) );
#6961 = AXIS2_PLACEMENT_3D ( 'NONE', #4269, #4443, #3271 ) ;
#6962 = PLANE ( 'NONE',  #6405 ) ;
#6963 = VECTOR ( 'NONE', #586, 1000.000000000000000 ) ;
#6964 = VERTEX_POINT ( 'NONE', #6318 ) ;
#6965 = ORIENTED_EDGE ( 'NONE', *, *, #6339, .F. ) ;
#6966 = CARTESIAN_POINT ( 'NONE',  ( 0.7250000000000000888, 0.0000000000000000000, -1.525000000000000133 ) ) ;
#6967 = PLANE ( 'NONE',  #6922 ) ;
#6968 = ORIENTED_EDGE ( 'NONE', *, *, #7197, .F. ) ;
#6969 = EDGE_CURVE ( 'NONE', #6209, #3310, #1091, .T. ) ;
#6970 = SURFACE_STYLE_USAGE ( .BOTH. , #2461 ) ;
#6971 = LINE ( 'NONE', #7303, #1613 ) ;
#6972 = ORIENTED_EDGE ( 'NONE', *, *, #550, .T. ) ;
#6973 = ORIENTED_EDGE ( 'NONE', *, *, #663, .F. ) ;
#6974 = ORIENTED_EDGE ( 'NONE', *, *, #4388, .F. ) ;
#6975 = ADVANCED_FACE ( 'NONE', ( #6484 ), #495, .F. ) ;
#6976 =( GEOMETRIC_REPRESENTATION_CONTEXT ( 3 ) GLOBAL_UNCERTAINTY_ASSIGNED_CONTEXT ( ( #3376 ) ) GLOBAL_UNIT_ASSIGNED_CONTEXT ( ( #3751, #6034, #6555 ) ) REPRESENTATION_CONTEXT ( 'NONE', 'WORKASPACE' ) );
#6977 = SURFACE_STYLE_FILL_AREA ( #5813 ) ;
#6978 = VECTOR ( 'NONE', #6738, 1000.000000000000000 ) ;
#6979 = ORIENTED_EDGE ( 'NONE', *, *, #3847, .F. ) ;
#6980 = VERTEX_POINT ( 'NONE', #580 ) ;
#6981 = VECTOR ( 'NONE', #4633, 1000.000000000000000 ) ;
#6982 = LINE ( 'NONE', #2281, #2254 ) ;
#6983 = AXIS2_PLACEMENT_3D ( 'NONE', #2181, #2211, #453 ) ;
#6984 = CARTESIAN_POINT ( 'NONE',  ( 0.8249999999999999556, 1.850000000000000089, -1.474999999999999867 ) ) ;
#6985 = ORIENTED_EDGE ( 'NONE', *, *, #267, .T. ) ;
#6986 = DIRECTION ( 'NONE',  ( 0.0000000000000000000, 1.000000000000000000, 2.552445434498790050E-15 ) ) ;
#6987 = EDGE_CURVE ( 'NONE', #207, #2712, #3424, .T. ) ;
#6988 =( NAMED_UNIT ( * ) SI_UNIT ( $, .STERADIAN. ) SOLID_ANGLE_UNIT ( ) );
#6989 = DIRECTION ( 'NONE',  ( -0.0000000000000000000, -0.0000000000000000000, 1.000000000000000000 ) ) ;
#6990 = VERTEX_POINT ( 'NONE', #4501 ) ;
#6991 = VERTEX_POINT ( 'NONE', #6349 ) ;
#6992 = CARTESIAN_POINT ( 'NONE',  ( 3.225000000000000533, 0.05000000000000002359, -1.775000000000000133 ) ) ;
#6993 = LINE ( 'NONE', #5927, #7332 ) ;
#6995 = AXIS2_PLACEMENT_3D ( 'NONE', #5889, #1290, #5866 ) ;
#6994 = CARTESIAN_POINT ( 'NONE',  ( 4.775000000000000355, 0.6000000000000024203, 1.375000000000002442 ) ) ;
#6996 = FACE_OUTER_BOUND ( 'NONE', #2837, .T. ) ;
#6997 = ORIENTED_EDGE ( 'NONE', *, *, #5665, .T. ) ;
#6998 = LINE ( 'NONE', #3412, #5568 ) ;
#6999 = DIRECTION ( 'NONE',  ( 1.000000000000000000, 0.0000000000000000000, 0.0000000000000000000 ) ) ;
#7000 = FACE_OUTER_BOUND ( 'NONE', #1398, .T. ) ;
#7001 = VERTEX_POINT ( 'NONE', #548 ) ;
#7002 =( GEOMETRIC_REPRESENTATION_CONTEXT ( 3 ) GLOBAL_UNCERTAINTY_ASSIGNED_CONTEXT ( ( #6812 ) ) GLOBAL_UNIT_ASSIGNED_CONTEXT ( ( #4332, #345, #368 ) ) REPRESENTATION_CONTEXT ( 'NONE', 'WORKASPACE' ) );
#7003 = FACE_OUTER_BOUND ( 'NONE', #6794, .T. ) ;
#7004 = ADVANCED_FACE ( 'NONE', ( #5210 ), #7316, .F. ) ;
#7005 = DIRECTION ( 'NONE',  ( 0.0000000000000000000, 1.000000000000000000, 0.0000000000000000000 ) ) ;
#7006 = LINE ( 'NONE', #5416, #827 ) ;
#7007 = ORIENTED_EDGE ( 'NONE', *, *, #6638, .T. ) ;
#7008 = EDGE_CURVE ( 'NONE', #2711, #3437, #3686, .T. ) ;
#7009 = DIRECTION ( 'NONE',  ( 0.0000000000000000000, 0.0000000000000000000, 1.000000000000000000 ) ) ;
#7010 = DIRECTION ( 'NONE',  ( -1.000000000000000000, 0.0000000000000000000, 0.0000000000000000000 ) ) ;
#7011 = CARTESIAN_POINT ( 'NONE',  ( 4.975000000000000533, 1.999999999999998668, -1.425000000000000933 ) ) ;
#7012 = ORIENTED_EDGE ( 'NONE', *, *, #419, .F. ) ;
#7013 = ORIENTED_EDGE ( 'NONE', *, *, #6275, .T. ) ;
#7014 = EDGE_LOOP ( 'NONE', ( #3065, #4574, #2993, #842 ) ) ;
#7015 = FACE_OUTER_BOUND ( 'NONE', #4031, .T. ) ;
#7016 = CARTESIAN_POINT ( 'NONE',  ( 5.375000000000000000, 0.6000000000000076383, -0.2249999999999982014 ) ) ;
#7017 = LINE ( 'NONE', #4010, #6245 ) ;
#7018 = EDGE_CURVE ( 'NONE', #1883, #703, #3786, .T. ) ;
#7019 = DIRECTION ( 'NONE',  ( 0.0000000000000000000, 0.0000000000000000000, 1.000000000000000000 ) ) ;
#7020 = EDGE_LOOP ( 'NONE', ( #2620, #1662, #6965, #6327 ) ) ;
#7021 = ORIENTED_EDGE ( 'NONE', *, *, #7352, .F. ) ;
#7022 = EDGE_CURVE ( 'NONE', #3170, #5251, #2274, .T. ) ;
#7023 = LINE ( 'NONE', #4917, #6433 ) ;
#7024 = LINE ( 'NONE', #6831, #5804 ) ;
#7025 = VECTOR ( 'NONE', #3251, 1000.000000000000000 ) ;
#7026 = CARTESIAN_POINT ( 'NONE',  ( 0.5250000000000000222, 1.000000000000000000, 1.525000000000000133 ) ) ;
#7027 = VECTOR ( 'NONE', #3899, 1000.000000000000000 ) ;
#7028 = DIRECTION ( 'NONE',  ( 0.0000000000000000000, 0.0000000000000000000, 1.000000000000000000 ) ) ;
#7029 = ORIENTED_EDGE ( 'NONE', *, *, #3679, .F. ) ;
#7030 = ORIENTED_EDGE ( 'NONE', *, *, #3139, .F. ) ;
#7031 = LINE ( 'NONE', #2961, #1036 ) ;
#7032 = VECTOR ( 'NONE', #2067, 1000.000000000000000 ) ;
#7033 = CARTESIAN_POINT ( 'NONE',  ( 4.525000000000000355, 1.980741759643274369, -1.925000000000000933 ) ) ;
#7034 = VERTEX_POINT ( 'NONE', #1652 ) ;
#7035 = DIRECTION ( 'NONE',  ( 0.0000000000000000000, 1.000000000000000000, 0.0000000000000000000 ) ) ;
#7036 = AXIS2_PLACEMENT_3D ( 'NONE', #5443, #4848, #4205 ) ;
#7037 = DIRECTION ( 'NONE',  ( -1.000000000000000000, 0.0000000000000000000, 0.0000000000000000000 ) ) ;
#7038 = ORIENTED_EDGE ( 'NONE', *, *, #751, .F. ) ;
#7039 = FILL_AREA_STYLE ('',( #2524 ) ) ;
#7040 = LINE ( 'NONE', #3701, #5528 ) ;
#7041 = CARTESIAN_POINT ( 'NONE',  ( 0.7249999999999999778, 0.5000000000000000000, 2.024999999999999911 ) ) ;
#7042 = ORIENTED_EDGE ( 'NONE', *, *, #6692, .T. ) ;
#7043 = CARTESIAN_POINT ( 'NONE',  ( 1.975000000000000089, 0.0000000000000000000, -1.525000000000000133 ) ) ;
#7044 = DIRECTION ( 'NONE',  ( -1.000000000000000000, -0.0000000000000000000, -0.0000000000000000000 ) ) ;
#7045 = DIRECTION ( 'NONE',  ( -1.000000000000000000, 0.0000000000000000000, -8.673617379884027583E-16 ) ) ;
#7046 = VERTEX_POINT ( 'NONE', #4521 ) ;
#7047 = ADVANCED_FACE ( 'NONE', ( #3957 ), #1110, .T. ) ;
#7048 = VECTOR ( 'NONE', #2130, 1000.000000000000000 ) ;
#7049 = VERTEX_POINT ( 'NONE', #2853 ) ;
#7050 = CARTESIAN_POINT ( 'NONE',  ( -0.7249999999999999778, 0.5000000000000000000, 0.0000000000000000000 ) ) ;
#7051 = ORIENTED_EDGE ( 'NONE', *, *, #2770, .F. ) ;
#7052 = VECTOR ( 'NONE', #4587, 1000.000000000000000 ) ;
#7053 = ORIENTED_EDGE ( 'NONE', *, *, #6558, .F. ) ;
#7054 = EDGE_CURVE ( 'NONE', #5120, #4416, #6998, .T. ) ;
#7055 = DIRECTION ( 'NONE',  ( -1.000000000000000000, -0.0000000000000000000, -0.0000000000000000000 ) ) ;
#7056 = SURFACE_SIDE_STYLE ('',( #7100 ) ) ;
#7057 = DIRECTION ( 'NONE',  ( 0.0000000000000000000, 0.0000000000000000000, 1.000000000000000000 ) ) ;
#7058 = VECTOR ( 'NONE', #2694, 1000.000000000000000 ) ;
#7059 = FILL_AREA_STYLE ('',( #1333 ) ) ;
#7060 = EDGE_CURVE ( 'NONE', #4305, #5890, #6653, .T. ) ;
#7061 = DIRECTION ( 'NONE',  ( 1.000000000000000000, 0.0000000000000000000, 0.0000000000000000000 ) ) ;
#7062 = EDGE_LOOP ( 'NONE', ( #1344, #5729, #1542, #3661 ) ) ;
#7063 = DIRECTION ( 'NONE',  ( 0.0000000000000000000, 1.000000000000000000, 0.0000000000000000000 ) ) ;
#7064 = LINE ( 'NONE', #2698, #5279 ) ;
#7065 = DIRECTION ( 'NONE',  ( 1.000000000000000000, 0.0000000000000000000, 0.0000000000000000000 ) ) ;
#7066 = EDGE_CURVE ( 'NONE', #6178, #4412, #2176, .T. ) ;
#7067 = DIRECTION ( 'NONE',  ( 0.0000000000000000000, 0.0000000000000000000, -1.000000000000000000 ) ) ;
#7068 = DIRECTION ( 'NONE',  ( 0.0000000000000000000, -0.0000000000000000000, -1.000000000000000000 ) ) ;
#7069 = LINE ( 'NONE', #7249, #4493 ) ;
#7070 = EDGE_LOOP ( 'NONE', ( #2228, #4660, #5507, #365 ) ) ;
#7071 = LINE ( 'NONE', #1374, #5763 ) ;
#7072 = CARTESIAN_POINT ( 'NONE',  ( 1.975000000000000089, 1.350000000000000089, 0.0000000000000000000 ) ) ;
#7073 = LINE ( 'NONE', #2637, #5466 ) ;
#7074 = ORIENTED_EDGE ( 'NONE', *, *, #3172, .F. ) ;
#7075 = EDGE_CURVE ( 'NONE', #473, #1834, #5133, .T. ) ;
#7076 = VERTEX_POINT ( 'NONE', #1279 ) ;
#7077 = ADVANCED_FACE ( 'NONE', ( #1909 ), #2407, .F. ) ;
#7078 = PLANE ( 'NONE',  #76 ) ;
#7079 = DIRECTION ( 'NONE',  ( 0.0000000000000000000, 0.0000000000000000000, 1.000000000000000000 ) ) ;
#7080 = DIRECTION ( 'NONE',  ( 0.0000000000000000000, 0.0000000000000000000, 1.000000000000000000 ) ) ;
#7081 = VECTOR ( 'NONE', #2782, 1000.000000000000000 ) ;
#7082 = EDGE_LOOP ( 'NONE', ( #5356, #1733, #389, #395 ) ) ;
#7083 = DIRECTION ( 'NONE',  ( -1.000000000000000000, 0.0000000000000000000, 0.0000000000000000000 ) ) ;
#7084 = FACE_OUTER_BOUND ( 'NONE', #2340, .T. ) ;
#7085 = CARTESIAN_POINT ( 'NONE',  ( 4.775000000000000355, 0.6000000000000076383, -0.2249999999999982014 ) ) ;
#7086 = ORIENTED_EDGE ( 'NONE', *, *, #6890, .F. ) ;
#7087 = EDGE_CURVE ( 'NONE', #123, #1473, #4788, .T. ) ;
#7088 = DIRECTION ( 'NONE',  ( 1.000000000000000000, 0.0000000000000000000, 0.0000000000000000000 ) ) ;
#7089 = CARTESIAN_POINT ( 'NONE',  ( -0.5250000000000000222, 0.0000000000000000000, -1.525000000000000133 ) ) ;
#7090 = ORIENTED_EDGE ( 'NONE', *, *, #2994, .F. ) ;
#7091 = LINE ( 'NONE', #6491, #4062 ) ;
#7092 = CARTESIAN_POINT ( 'NONE',  ( 0.7250000000000000888, -0.6500000000000000222, -2.075000000000000178 ) ) ;
#7093 = VECTOR ( 'NONE', #5316, 1000.000000000000000 ) ;
#7094 = VERTEX_POINT ( 'NONE', #4635 ) ;
#7095 = VECTOR ( 'NONE', #2192, 1000.000000000000000 ) ;
#7096 = EDGE_CURVE ( 'NONE', #3840, #1081, #6315, .T. ) ;
#7097 = DIRECTION ( 'NONE',  ( -1.000000000000000000, 0.0000000000000000000, 0.0000000000000000000 ) ) ;
#7098 = VERTEX_POINT ( 'NONE', #5857 ) ;
#7099 = CARTESIAN_POINT ( 'NONE',  ( -2.024999999999999911, 4.240000000000000213, -2.024999999999999911 ) ) ;
#7100 = SURFACE_STYLE_FILL_AREA ( #6027 ) ;
#7101 = FILL_AREA_STYLE_COLOUR ( '', #157 ) ;
#7102 = AXIS2_PLACEMENT_3D ( 'NONE', #3344, #494, #523 ) ;
#7103 = SURFACE_STYLE_FILL_AREA ( #5862 ) ;
#7104 = CARTESIAN_POINT ( 'NONE',  ( 1.765000000000000124, 1.850000000000000089, -2.024999999999999911 ) ) ;
#7105 = CARTESIAN_POINT ( 'NONE',  ( 0.7249999999999999778, 1.850000000000000089, 0.0000000000000000000 ) ) ;
#7106 = CARTESIAN_POINT ( 'NONE',  ( -2.274999999999999911, 0.6000000000000076383, -0.2249999999999982014 ) ) ;
#7107 = ORIENTED_EDGE ( 'NONE', *, *, #4709, .F. ) ;
#7108 = DIRECTION ( 'NONE',  ( 0.0000000000000000000, -1.000000000000000000, 0.0000000000000000000 ) ) ;
#7109 = FACE_OUTER_BOUND ( 'NONE', #314, .T. ) ;
#7110 = CARTESIAN_POINT ( 'NONE',  ( 3.375000000000000444, 1.949999999999999956, 2.024999999999999911 ) ) ;
#7111 = EDGE_CURVE ( 'NONE', #5898, #5516, #1734, .T. ) ;
#7112 = VERTEX_POINT ( 'NONE', #5192 ) ;
#7113 = LINE ( 'NONE', #2265, #1124 ) ;
#7114 = ADVANCED_FACE ( 'NONE', ( #4050 ), #4064, .F. ) ;
#7115 = COLOUR_RGB ( '',1.000000000000000000, 1.000000000000000000, 1.000000000000000000 ) ;
#7116 = DIRECTION ( 'NONE',  ( -0.0000000000000000000, 1.000000000000000000, 0.0000000000000000000 ) ) ;
#7117 = EDGE_CURVE ( 'NONE', #3309, #6696, #7247, .T. ) ;
#7118 = ORIENTED_EDGE ( 'NONE', *, *, #4766, .F. ) ;
#7119 = VERTEX_POINT ( 'NONE', #4735 ) ;
#7120 = DIRECTION ( 'NONE',  ( 1.000000000000000000, 0.0000000000000000000, 0.0000000000000000000 ) ) ;
#7121 = FACE_OUTER_BOUND ( 'NONE', #920, .T. ) ;
#7122 = DIRECTION ( 'NONE',  ( 0.0000000000000000000, 0.0000000000000000000, -1.000000000000000000 ) ) ;
#7123 = PLANE ( 'NONE',  #4229 ) ;
#7124 = EDGE_CURVE ( 'NONE', #3621, #6091, #6564, .T. ) ;
#7125 = ORIENTED_EDGE ( 'NONE', *, *, #2963, .T. ) ;
#7126 = VERTEX_POINT ( 'NONE', #6414 ) ;
#7127 = FACE_OUTER_BOUND ( 'NONE', #4692, .T. ) ;
#7128 = ORIENTED_EDGE ( 'NONE', *, *, #2473, .F. ) ;
#7129 = CARTESIAN_POINT ( 'NONE',  ( -1.375000000000000000, 3.149999999999999911, -2.024999999999999911 ) ) ;
#7130 = CARTESIAN_POINT ( 'NONE',  ( 1.675000000000000044, 1.850000000000000089, 2.024999999999999911 ) ) ;
#7131 = CARTESIAN_POINT ( 'NONE',  ( 5.375000000000000000, 4.250000000000000000, 2.024999999999999911 ) ) ;
#7132 = STYLED_ITEM ( 'NONE', ( #1816 ), #7287 ) ;
#7133 = DIRECTION ( 'NONE',  ( 0.0000000000000000000, 0.0000000000000000000, -1.000000000000000000 ) ) ;
#7134 = SURFACE_STYLE_FILL_AREA ( #5388 ) ;
#7135 = ORIENTED_EDGE ( 'NONE', *, *, #5054, .F. ) ;
#7136 = DIRECTION ( 'NONE',  ( 1.000000000000000000, -0.0000000000000000000, 8.673617379884027583E-16 ) ) ;
#7137 = CARTESIAN_POINT ( 'NONE',  ( -2.375000000000000000, 3.750000000000000000, 0.02500000000000000139 ) ) ;
#7138 = ORIENTED_EDGE ( 'NONE', *, *, #2492, .T. ) ;
#7139 = DIRECTION ( 'NONE',  ( -1.000000000000000000, 0.0000000000000000000, 0.0000000000000000000 ) ) ;
#7140 = AXIS2_PLACEMENT_3D ( 'NONE', #2123, #5003, #1569 ) ;
#7141 = SURFACE_STYLE_FILL_AREA ( #556 ) ;
#7142 = VERTEX_POINT ( 'NONE', #5262 ) ;
#7143 = DIRECTION ( 'NONE',  ( -0.0000000000000000000, 1.000000000000000000, -0.0000000000000000000 ) ) ;
#7144 = CARTESIAN_POINT ( 'NONE',  ( 0.5250000000000000222, 0.0000000000000000000, 2.024999999999999911 ) ) ;
#7145 = EDGE_CURVE ( 'NONE', #511, #2043, #7, .T. ) ;
#7146 = LINE ( 'NONE', #6892, #2248 ) ;
#7147 = LINE ( 'NONE', #4840, #6633 ) ;
#7148 = ADVANCED_FACE ( 'NONE', ( #1555 ), #5236, .T. ) ;
#7149 = STYLED_ITEM ( 'NONE', ( #3586 ), #3407 ) ;
#7150 = EDGE_LOOP ( 'NONE', ( #4542, #1449, #2101, #1676 ) ) ;
#7151 = LINE ( 'NONE', #5594, #1164 ) ;
#7152 = LINE ( 'NONE', #924, #5655 ) ;
#7153 = EDGE_CURVE ( 'NONE', #4850, #1417, #6129, .T. ) ;
#7154 = CARTESIAN_POINT ( 'NONE',  ( 0.7349999999999999867, 1.850000000000000089, -2.024999999999999911 ) ) ;
#7155 = DIRECTION ( 'NONE',  ( -1.000000000000000000, 0.0000000000000000000, 0.0000000000000000000 ) ) ;
#7156 = VERTEX_POINT ( 'NONE', #1874 ) ;
#7157 = SURFACE_SIDE_STYLE ('',( #409 ) ) ;
#7158 = EDGE_CURVE ( 'NONE', #56, #5403, #2713, .T. ) ;
#7159 = LINE ( 'NONE', #5502, #2445 ) ;
#7160 = EDGE_LOOP ( 'NONE', ( #5997, #103, #4639, #725 ) ) ;
#7161 = VERTEX_POINT ( 'NONE', #3559 ) ;
#7162 = VECTOR ( 'NONE', #6081, 1000.000000000000000 ) ;
#7163 = UNCERTAINTY_MEASURE_WITH_UNIT (LENGTH_MEASURE( 1.000000000000000082E-05 ), #5127, 'distance_accuracy_value', 'NONE');
#7164 = CARTESIAN_POINT ( 'NONE',  ( -0.7249999999999999778, 0.3499999999999999778, -2.075000000000000178 ) ) ;
#7165 = EDGE_CURVE ( 'NONE', #3285, #212, #5560, .T. ) ;
#7166 = VERTEX_POINT ( 'NONE', #4682 ) ;
#7167 = DIRECTION ( 'NONE',  ( 1.000000000000000000, 0.0000000000000000000, 0.0000000000000000000 ) ) ;
#7168 = ORIENTED_EDGE ( 'NONE', *, *, #5017, .T. ) ;
#7169 = LINE ( 'NONE', #4427, #4509 ) ;
#7170 = AXIS2_PLACEMENT_3D ( 'NONE', #451, #4457, #1630 ) ;
#7171 = EDGE_CURVE ( 'NONE', #5242, #6119, #2987, .T. ) ;
#7172 =( LENGTH_UNIT ( ) NAMED_UNIT ( * ) SI_UNIT ( .MILLI., .METRE. ) );
#7173 = LINE ( 'NONE', #3320, #5213 ) ;
#7174 = VERTEX_POINT ( 'NONE', #629 ) ;
#7175 = DIRECTION ( 'NONE',  ( 1.000000000000000000, 0.0000000000000000000, 0.0000000000000000000 ) ) ;
#7176 = COLOUR_RGB ( '',0.6470588235294117974, 0.6196078431372549211, 0.5882352941176470784 ) ;
#7177 = EDGE_LOOP ( 'NONE', ( #3543, #6072, #6248, #2501 ) ) ;
#7178 = SURFACE_SIDE_STYLE ('',( #3180 ) ) ;
#7179 = CARTESIAN_POINT ( 'NONE',  ( -0.3750000000000000000, 2.250000000000000000, -0.4749999999999999778 ) ) ;
#7180 = ADVANCED_FACE ( 'NONE', ( #3592 ), #6962, .F. ) ;
#7181 = DIRECTION ( 'NONE',  ( 0.0000000000000000000, 1.000000000000000000, 0.0000000000000000000 ) ) ;
#7182 = VERTEX_POINT ( 'NONE', #6374 ) ;
#7183 = EDGE_CURVE ( 'NONE', #7166, #704, #3779, .T. ) ;
#7184 = DIRECTION ( 'NONE',  ( 0.0000000000000000000, 1.000000000000000000, 0.0000000000000000000 ) ) ;
#7185 = SURFACE_SIDE_STYLE ('',( #6908 ) ) ;
#7186 = LINE ( 'NONE', #5587, #839 ) ;
#7187 = CARTESIAN_POINT ( 'NONE',  ( 4.775000000000000355, 8.673617379884035472E-15, -0.2250000000000008105 ) ) ;
#7188 = DIRECTION ( 'NONE',  ( 0.0000000000000000000, -1.000000000000000000, 0.0000000000000000000 ) ) ;
#7189 =( GEOMETRIC_REPRESENTATION_CONTEXT ( 3 ) GLOBAL_UNCERTAINTY_ASSIGNED_CONTEXT ( ( #1735 ) ) GLOBAL_UNIT_ASSIGNED_CONTEXT ( ( #4361, #4942, #260 ) ) REPRESENTATION_CONTEXT ( 'NONE', 'WORKASPACE' ) );
#7190 = EDGE_LOOP ( 'NONE', ( #5811, #4719, #4087, #400 ) ) ;
#7191 = EDGE_LOOP ( 'NONE', ( #2184, #686, #7215, #4468 ) ) ;
#7192 = EDGE_LOOP ( 'NONE', ( #6865, #6454, #285, #5547, #3627, #3257, #4500, #6856, #7258, #735, #5073, #1764, #1447, #4287, #1356, #5873, #6592, #5095, #970, #3974, #1460, #4865, #3473, #5624, #5799, #7029, #5283, #1484 ) ) ;
#7193 = LINE ( 'NONE', #6907, #1589 ) ;
#7194 = VECTOR ( 'NONE', #2122, 1000.000000000000000 ) ;
#7195 =( LENGTH_UNIT ( ) NAMED_UNIT ( * ) SI_UNIT ( .MILLI., .METRE. ) );
#7196 = LINE ( 'NONE', #2861, #5611 ) ;
#7197 = EDGE_CURVE ( 'NONE', #2580, #115, #4321, .T. ) ;
#7198 = CARTESIAN_POINT ( 'NONE',  ( 0.7250000000000000888, 0.3499999999999999778, -2.075000000000000178 ) ) ;
#7199 = ORIENTED_EDGE ( 'NONE', *, *, #651, .T. ) ;
#7200 = AXIS2_PLACEMENT_3D ( 'NONE', #6556, #4888, #278 ) ;
#7201 = FACE_OUTER_BOUND ( 'NONE', #5373, .T. ) ;
#7202 = VECTOR ( 'NONE', #223, 1000.000000000000000 ) ;
#7203 = LINE ( 'NONE', #2342, #5716 ) ;
#7204 = CARTESIAN_POINT ( 'NONE',  ( -0.5250000000000000222, 0.0000000000000000000, 2.024999999999999911 ) ) ;
#7205 = CARTESIAN_POINT ( 'NONE',  ( 3.225000000000000533, 1.350000000000000089, -1.525000000000000133 ) ) ;
#7206 = ORIENTED_EDGE ( 'NONE', *, *, #6138, .T. ) ;
#7207 = CARTESIAN_POINT ( 'NONE',  ( -0.4249999999999999889, 1.850000000000000089, -1.474999999999999867 ) ) ;
#7208 = ORIENTED_EDGE ( 'NONE', *, *, #4133, .F. ) ;
#7209 = VERTEX_POINT ( 'NONE', #1349 ) ;
#7210 = CARTESIAN_POINT ( 'NONE',  ( 1.774999999999999911, -0.6500000000000000222, -1.775000000000000133 ) ) ;
#7211 = STYLED_ITEM ( 'NONE', ( #4543 ), #5730 ) ;
#7212 = ORIENTED_EDGE ( 'NONE', *, *, #6898, .T. ) ;
#7213 = CARTESIAN_POINT ( 'NONE',  ( 0.5150000000000000133, 1.850000000000000089, -1.025000000000000133 ) ) ;
#7214 = FACE_OUTER_BOUND ( 'NONE', #5396, .T. ) ;
#7215 = ORIENTED_EDGE ( 'NONE', *, *, #2351, .F. ) ;
#7216 = ADVANCED_FACE ( 'NONE', ( #4132 ), #7078, .T. ) ;
#7217 = CARTESIAN_POINT ( 'NONE',  ( -0.7249999999999999778, 0.05000000000000002359, -1.524999999999999689 ) ) ;
#7218 = PLANE ( 'NONE',  #5916 ) ;
#7219 = VERTEX_POINT ( 'NONE', #4786 ) ;
#7220 =( NAMED_UNIT ( * ) SI_UNIT ( $, .STERADIAN. ) SOLID_ANGLE_UNIT ( ) );
#7221 = PLANE ( 'NONE',  #1359 ) ;
#7222 = ORIENTED_EDGE ( 'NONE', *, *, #214, .T. ) ;
#7223 = CARTESIAN_POINT ( 'NONE',  ( 4.775000000000000355, 4.240000000000000213, -0.07499999999999998335 ) ) ;
#7224 = CARTESIAN_POINT ( 'NONE',  ( 1.775000000000000133, 1.850000000000000089, -1.025000000000000133 ) ) ;
#7225 = COLOUR_RGB ( '',1.000000000000000000, 1.000000000000000000, 1.000000000000000000 ) ;
#7226 = SURFACE_STYLE_FILL_AREA ( #363 ) ;
#7227 = DIRECTION ( 'NONE',  ( 0.0000000000000000000, 1.000000000000000000, 0.0000000000000000000 ) ) ;
#7228 =( NAMED_UNIT ( * ) SI_UNIT ( $, .STERADIAN. ) SOLID_ANGLE_UNIT ( ) );
#7229 = CARTESIAN_POINT ( 'NONE',  ( 2.925000000000000266, 1.850000000000000089, 2.024999999999999911 ) ) ;
#7230 = AXIS2_PLACEMENT_3D ( 'NONE', #760, #4162, #1282 ) ;
#7231 = DIRECTION ( 'NONE',  ( 1.000000000000000000, 0.0000000000000000000, 0.0000000000000000000 ) ) ;
#7232 = LINE ( 'NONE', #367, #2693 ) ;
#7233 = LINE ( 'NONE', #6269, #3243 ) ;
#7234 = ORIENTED_EDGE ( 'NONE', *, *, #2722, .F. ) ;
#7235 = CARTESIAN_POINT ( 'NONE',  ( -0.5250000000000000222, 0.3500000000000000333, -2.024999999999999911 ) ) ;
#7236 = EDGE_CURVE ( 'NONE', #3483, #3681, #4594, .T. ) ;
#7237 = VERTEX_POINT ( 'NONE', #5974 ) ;
#7238 = FACE_OUTER_BOUND ( 'NONE', #1823, .T. ) ;
#7239 = FACE_OUTER_BOUND ( 'NONE', #4811, .T. ) ;
#7240 = LINE ( 'NONE', #6549, #3064 ) ;
#7241 = DIRECTION ( 'NONE',  ( 0.0000000000000000000, -1.000000000000000000, 0.0000000000000000000 ) ) ;
#7242 = FACE_BOUND ( 'NONE', #3126, .T. ) ;
#7243 = EDGE_LOOP ( 'NONE', ( #835, #3069, #1868, #3554, #3801, #6481 ) ) ;
#7244 = EDGE_CURVE ( 'NONE', #3767, #850, #7240, .T. ) ;
#7245 = ORIENTED_EDGE ( 'NONE', *, *, #634, .T. ) ;
#7246 = DIRECTION ( 'NONE',  ( 0.0000000000000000000, 0.0000000000000000000, 1.000000000000000000 ) ) ;
#7247 = LINE ( 'NONE', #1778, #2094 ) ;
#7248 = UNCERTAINTY_MEASURE_WITH_UNIT (LENGTH_MEASURE( 1.000000000000000082E-05 ), #2108, 'distance_accuracy_value', 'NONE');
#7249 = CARTESIAN_POINT ( 'NONE',  ( 5.000000000000000888, 4.009511388567677415, -0.07499999999999998335 ) ) ;
#7250 = EDGE_CURVE ( 'NONE', #3621, #80, #2705, .T. ) ;
#7251 = DIRECTION ( 'NONE',  ( 0.0000000000000000000, -1.000000000000000000, 0.0000000000000000000 ) ) ;
#7252 = ADVANCED_FACE ( 'NONE', ( #2087 ), #3654, .F. ) ;
#7253 = LINE ( 'NONE', #4312, #4325 ) ;
#7254 = EDGE_LOOP ( 'NONE', ( #2044, #3505, #3023, #1584 ) ) ;
#7255 = EDGE_CURVE ( 'NONE', #6550, #4652, #7071, .T. ) ;
#7256 = CARTESIAN_POINT ( 'NONE',  ( 4.975000000000000533, 1.999999999999997780, -2.075000000000008615 ) ) ;
#7257 = VECTOR ( 'NONE', #3826, 1000.000000000000000 ) ;
#7258 = ORIENTED_EDGE ( 'NONE', *, *, #1277, .F. ) ;
#7259 = PRESENTATION_LAYER_ASSIGNMENT (  '', '', ( #6303 ) ) ;
#7260 = ORIENTED_EDGE ( 'NONE', *, *, #55, .F. ) ;
#7261 = PRESENTATION_STYLE_ASSIGNMENT (( #3964 ) ) ;
#7262 = CARTESIAN_POINT ( 'NONE',  ( 3.225000000000000533, 1.350000000000000089, 1.525000000000000133 ) ) ;
#7263 = CARTESIAN_POINT ( 'NONE',  ( 0.7249999999999999778, 1.795247431900000024, 2.024999999999999911 ) ) ;
#7264 = VECTOR ( 'NONE', #3574, 1000.000000000000000 ) ;
#7265 = ORIENTED_EDGE ( 'NONE', *, *, #3422, .T. ) ;
#7266 = DIRECTION ( 'NONE',  ( -1.000000000000000000, 0.0000000000000000000, 0.0000000000000000000 ) ) ;
#7267 = ORIENTED_EDGE ( 'NONE', *, *, #5665, .F. ) ;
#7268 = LINE ( 'NONE', #2243, #5592 ) ;
#7269 = DIRECTION ( 'NONE',  ( 0.0000000000000000000, 0.0000000000000000000, -1.000000000000000000 ) ) ;
#7270 = AXIS2_PLACEMENT_3D ( 'NONE', #6321, #7370, #1065 ) ;
#7271 =( NAMED_UNIT ( * ) SI_UNIT ( $, .STERADIAN. ) SOLID_ANGLE_UNIT ( ) );
#7272 = EDGE_LOOP ( 'NONE', ( #4978, #4446, #4598, #3108, #4375, #5209 ) ) ;
#7273 = DIRECTION ( 'NONE',  ( -1.000000000000000000, -0.0000000000000000000, -0.0000000000000000000 ) ) ;
#7274 = LINE ( 'NONE', #3313, #5793 ) ;
#7275 = CARTESIAN_POINT ( 'NONE',  ( 5.375000000000000000, 0.6000000000000024203, 1.375000000000002442 ) ) ;
#7276 = EDGE_CURVE ( 'NONE', #4672, #1057, #6309, .T. ) ;
#7277 = DIRECTION ( 'NONE',  ( 0.0000000000000000000, -1.000000000000000000, 0.0000000000000000000 ) ) ;
#7278 = VERTEX_POINT ( 'NONE', #6000 ) ;
#7279 = LINE ( 'NONE', #1455, #2493 ) ;
#7280 = PLANE ( 'NONE',  #5576 ) ;
#7281 = LINE ( 'NONE', #5397, #3917 ) ;
#7282 = CARTESIAN_POINT ( 'NONE',  ( 3.225000000000000533, 1.850000000000000089, -2.024999999999999911 ) ) ;
#7283 =( GEOMETRIC_REPRESENTATION_CONTEXT ( 3 ) GLOBAL_UNCERTAINTY_ASSIGNED_CONTEXT ( ( #543 ) ) GLOBAL_UNIT_ASSIGNED_CONTEXT ( ( #1211, #2336, #5194 ) ) REPRESENTATION_CONTEXT ( 'NONE', 'WORKASPACE' ) );
#7284 = LINE ( 'NONE', #4338, #847 ) ;
#7285 = EDGE_LOOP ( 'NONE', ( #1993, #7323, #840, #3338 ) ) ;
#7286 = DIRECTION ( 'NONE',  ( 0.0000000000000000000, 0.0000000000000000000, -1.000000000000000000 ) ) ;
#7287 = ADVANCED_FACE ( 'NONE', ( #567 ), #4193, .T. ) ;
#7288 = LINE ( 'NONE', #7305, #3117 ) ;
#7289 = EDGE_CURVE ( 'NONE', #2751, #2410, #2534, .T. ) ;
#7290 = ORIENTED_EDGE ( 'NONE', *, *, #5221, .F. ) ;
#7291 = DIRECTION ( 'NONE',  ( 0.0000000000000000000, 0.0000000000000000000, -1.000000000000000000 ) ) ;
#7292 = ORIENTED_EDGE ( 'NONE', *, *, #3431, .T. ) ;
#7293 = EDGE_CURVE ( 'NONE', #1883, #7094, #1547, .T. ) ;
#7294 = ORIENTED_EDGE ( 'NONE', *, *, #4034, .F. ) ;
#7295 = ORIENTED_EDGE ( 'NONE', *, *, #5487, .T. ) ;
#7296 = PLANE ( 'NONE',  #1354 ) ;
#7297 = CARTESIAN_POINT ( 'NONE',  ( 1.675000000000000044, 1.850000000000000089, -1.474999999999999867 ) ) ;
#7298 = CARTESIAN_POINT ( 'NONE',  ( -2.875000000000000000, 4.250000000000000000, 2.024999999999999911 ) ) ;
#7299 = EDGE_CURVE ( 'NONE', #3182, #5549, #6993, .T. ) ;
#7300 = CARTESIAN_POINT ( 'NONE',  ( 3.375000000000000444, 3.750000000000000000, -2.024999999999999911 ) ) ;
#7301 = VECTOR ( 'NONE', #172, 1000.000000000000000 ) ;
#7302 = VERTEX_POINT ( 'NONE', #783 ) ;
#7303 = CARTESIAN_POINT ( 'NONE',  ( 2.925000000000000266, 1.850000000000000089, -1.474999999999999867 ) ) ;
#7304 =( GEOMETRIC_REPRESENTATION_CONTEXT ( 3 ) GLOBAL_UNCERTAINTY_ASSIGNED_CONTEXT ( ( #4629 ) ) GLOBAL_UNIT_ASSIGNED_CONTEXT ( ( #3004, #1284, #6988 ) ) REPRESENTATION_CONTEXT ( 'NONE', 'WORKASPACE' ) );
#7305 = CARTESIAN_POINT ( 'NONE',  ( -2.274999999999999911, 3.600000000000000977, -0.07499999999999998335 ) ) ;
#7306 = ORIENTED_EDGE ( 'NONE', *, *, #4737, .F. ) ;
#7307 = LINE ( 'NONE', #2209, #5640 ) ;
#7308 = EDGE_LOOP ( 'NONE', ( #5683, #5849, #4869, #4712 ) ) ;
#7309 = ORIENTED_EDGE ( 'NONE', *, *, #2870, .T. ) ;
#7310 = CARTESIAN_POINT ( 'NONE',  ( -1.175000000000000044, 2.550000000000000266, 2.024999999999999911 ) ) ;
#7311 = ORIENTED_EDGE ( 'NONE', *, *, #894, .F. ) ;
#7312 = VERTEX_POINT ( 'NONE', #4215 ) ;
#7313 = LINE ( 'NONE', #2764, #6197 ) ;
#7314 = LINE ( 'NONE', #2075, #4762 ) ;
#7315 = ORIENTED_EDGE ( 'NONE', *, *, #6275, .F. ) ;
#7316 = PLANE ( 'NONE',  #4074 ) ;
#7317 = EDGE_CURVE ( 'NONE', #6009, #5325, #5852, .T. ) ;
#7318 = LINE ( 'NONE', #883, #5843 ) ;
#7319 =( NAMED_UNIT ( * ) SI_UNIT ( $, .STERADIAN. ) SOLID_ANGLE_UNIT ( ) );
#7320 = ORIENTED_EDGE ( 'NONE', *, *, #6022, .F. ) ;
#7321 = ADVANCED_FACE ( 'NONE', ( #6028 ), #4930, .T. ) ;
#7322 =( GEOMETRIC_REPRESENTATION_CONTEXT ( 3 ) GLOBAL_UNCERTAINTY_ASSIGNED_CONTEXT ( ( #1504 ) ) GLOBAL_UNIT_ASSIGNED_CONTEXT ( ( #5332, #5359, #3071 ) ) REPRESENTATION_CONTEXT ( 'NONE', 'WORKASPACE' ) );
#7323 = ORIENTED_EDGE ( 'NONE', *, *, #2206, .T. ) ;
#7324 = ORIENTED_EDGE ( 'NONE', *, *, #6805, .T. ) ;
#7325 = LINE ( 'NONE', #2533, #5119 ) ;
#7326 = VERTEX_POINT ( 'NONE', #2120 ) ;
#7327 = CARTESIAN_POINT ( 'NONE',  ( 0.07499999999999998335, 1.850000000000000089, 2.024999999999999911 ) ) ;
#7328 = ORIENTED_EDGE ( 'NONE', *, *, #1668, .T. ) ;
#7329 = DIRECTION ( 'NONE',  ( -8.673617379884027583E-16, 0.0000000000000000000, 1.000000000000000000 ) ) ;
#7330 = EDGE_CURVE ( 'NONE', #5885, #7302, #7419, .T. ) ;
#7331 = CARTESIAN_POINT ( 'NONE',  ( -2.375000000000000000, 3.149999999999999911, 0.02500000000000000139 ) ) ;
#7332 = VECTOR ( 'NONE', #5358, 1000.000000000000000 ) ;
#7333 = STYLED_ITEM ( 'NONE', ( #457 ), #4054 ) ;
#7334 = VECTOR ( 'NONE', #3097, 1000.000000000000000 ) ;
#7335 = EDGE_LOOP ( 'NONE', ( #4753, #7320, #5013, #305 ) ) ;
#7336 = CARTESIAN_POINT ( 'NONE',  ( 1.974999999999999867, 0.3499999999999999778, -2.075000000000000178 ) ) ;
#7337 = ORIENTED_EDGE ( 'NONE', *, *, #4524, .F. ) ;
#7338 = AXIS2_PLACEMENT_3D ( 'NONE', #7072, #3652, #4731 ) ;
#7339 = ORIENTED_EDGE ( 'NONE', *, *, #4049, .F. ) ;
#7340 = UNCERTAINTY_MEASURE_WITH_UNIT (LENGTH_MEASURE( 1.000000000000000082E-05 ), #1193, 'distance_accuracy_value', 'NONE');
#7341 = CARTESIAN_POINT ( 'NONE',  ( 0.5250000000000000222, 0.0000000000000000000, -1.525000000000000133 ) ) ;
#7342 = VECTOR ( 'NONE', #6241, 1000.000000000000000 ) ;
#7343 = ORIENTED_EDGE ( 'NONE', *, *, #7250, .T. ) ;
#7344 = DIRECTION ( 'NONE',  ( 0.0000000000000000000, 0.0000000000000000000, 1.000000000000000000 ) ) ;
#7345 = DIRECTION ( 'NONE',  ( 1.000000000000000000, 0.0000000000000000000, 0.0000000000000000000 ) ) ;
#7346 = VERTEX_POINT ( 'NONE', #1434 ) ;
#7347 = DIRECTION ( 'NONE',  ( -1.000000000000000000, 0.0000000000000000000, 0.0000000000000000000 ) ) ;
#7348 = DIRECTION ( 'NONE',  ( 0.0000000000000000000, 0.0000000000000000000, 1.000000000000000000 ) ) ;
#7349 = MECHANICAL_DESIGN_GEOMETRIC_PRESENTATION_REPRESENTATION (  '', ( #6357 ), #1871 ) ;
#7350 = CLOSED_SHELL ( 'NONE', ( #4206, #3016, #4664, #1270, #5670, #6504, #3335, #6572 ) ) ;
#7351 = CARTESIAN_POINT ( 'NONE',  ( 2.075000000000000178, 1.649999999999999911, 2.024999999999999911 ) ) ;
#7352 = EDGE_CURVE ( 'NONE', #5016, #7142, #3414, .T. ) ;
#7353 = DIRECTION ( 'NONE',  ( 1.000000000000000000, 0.0000000000000000000, 0.0000000000000000000 ) ) ;
#7354 = CARTESIAN_POINT ( 'NONE',  ( 0.5249999999999999112, 0.3499999999999999778, -2.075000000000000178 ) ) ;
#7355 = EDGE_LOOP ( 'NONE', ( #1297, #1677, #6973, #6783 ) ) ;
#7356 = VERTEX_POINT ( 'NONE', #4878 ) ;
#7357 = PRESENTATION_LAYER_ASSIGNMENT (  '', '', ( #2511 ) ) ;
#7358 = VECTOR ( 'NONE', #7097, 1000.000000000000000 ) ;
#7359 = ADVANCED_FACE ( 'NONE', ( #2624 ), #954, .T. ) ;
#7360 = LINE ( 'NONE', #4044, #4632 ) ;
#7361 = DIRECTION ( 'NONE',  ( 0.0000000000000000000, 1.000000000000000000, 0.0000000000000000000 ) ) ;
#7362 = ORIENTED_EDGE ( 'NONE', *, *, #6506, .T. ) ;
#7363 = VERTEX_POINT ( 'NONE', #6643 ) ;
#7364 = LINE ( 'NONE', #4562, #2838 ) ;
#7365 = LINE ( 'NONE', #6534, #940 ) ;
#7366 = VECTOR ( 'NONE', #6017, 1000.000000000000000 ) ;
#7367 = ADVANCED_FACE ( 'NONE', ( #2892 ), #6573, .T. ) ;
#7368 = PRESENTATION_LAYER_ASSIGNMENT (  '', '', ( #4831 ) ) ;
#7369 = FILL_AREA_STYLE ('',( #6816 ) ) ;
#7370 = DIRECTION ( 'NONE',  ( 0.0000000000000000000, 0.0000000000000000000, 1.000000000000000000 ) ) ;
#7371 = CARTESIAN_POINT ( 'NONE',  ( 4.775000000000000355, 1.950000000000002176, 1.375000000000006883 ) ) ;
#7372 = ORIENTED_EDGE ( 'NONE', *, *, #2770, .T. ) ;
#7373 = FILL_AREA_STYLE ('',( #4564 ) ) ;
#7374 = ORIENTED_EDGE ( 'NONE', *, *, #823, .T. ) ;
#7375 = FACE_OUTER_BOUND ( 'NONE', #6771, .T. ) ;
#7376 = CARTESIAN_POINT ( 'NONE',  ( 4.975000000000000533, 4.249999999999998224, -2.075000000000001510 ) ) ;
#7377 = LINE ( 'NONE', #615, #1308 ) ;
#7378 = EDGE_CURVE ( 'NONE', #5680, #7034, #3953, .T. ) ;
#7379 = DIRECTION ( 'NONE',  ( 0.0000000000000000000, -3.854941057726236322E-15, 1.000000000000000000 ) ) ;
#7380 = VERTEX_POINT ( 'NONE', #1458 ) ;
#7381 = ORIENTED_EDGE ( 'NONE', *, *, #4588, .F. ) ;
#7382 = DIRECTION ( 'NONE',  ( 0.0000000000000000000, -1.000000000000000000, 0.0000000000000000000 ) ) ;
#7383 = LINE ( 'NONE', #1512, #5899 ) ;
#7384 = DIRECTION ( 'NONE',  ( 1.000000000000000000, 0.0000000000000000000, 0.0000000000000000000 ) ) ;
#7385 = ORIENTED_EDGE ( 'NONE', *, *, #4008, .T. ) ;
#7386 = ORIENTED_EDGE ( 'NONE', *, *, #5597, .F. ) ;
#7387 = EDGE_LOOP ( 'NONE', ( #1918, #5720, #7385, #1763 ) ) ;
#7388 = EDGE_CURVE ( 'NONE', #2077, #5542, #1640, .T. ) ;
#7389 = CARTESIAN_POINT ( 'NONE',  ( 1.975000000000000089, 1.000000000000000000, 0.0000000000000000000 ) ) ;
#7390 = EDGE_LOOP ( 'NONE', ( #2380, #3809, #6019, #5409 ) ) ;
#7391 = ORIENTED_EDGE ( 'NONE', *, *, #6525, .F. ) ;
#7392 = EDGE_CURVE ( 'NONE', #874, #2404, #6476, .T. ) ;
#7393 = DIRECTION ( 'NONE',  ( 0.0000000000000000000, -1.000000000000000000, 0.0000000000000000000 ) ) ;
#7394 = FILL_AREA_STYLE_COLOUR ( '', #6403 ) ;
#7395 = SURFACE_SIDE_STYLE ('',( #4616 ) ) ;
#7396 = VECTOR ( 'NONE', #2361, 1000.000000000000000 ) ;
#7397 = ORIENTED_EDGE ( 'NONE', *, *, #1671, .F. ) ;
#7398 = DIRECTION ( 'NONE',  ( 0.0000000000000000000, -0.6650335612228979176, -0.7468134723257140450 ) ) ;
#7399 = DIRECTION ( 'NONE',  ( 0.0000000000000000000, -1.000000000000000000, -4.336808689942024836E-15 ) ) ;
#7400 = PLANE ( 'NONE',  #3709 ) ;
#7401 = EDGE_CURVE ( 'NONE', #2580, #4844, #1345, .T. ) ;
#7402 =( NAMED_UNIT ( * ) SI_UNIT ( $, .STERADIAN. ) SOLID_ANGLE_UNIT ( ) );
#7403 = LINE ( 'NONE', #4188, #2068 ) ;
#7404 = AXIS2_PLACEMENT_3D ( 'NONE', #513, #7286, #5094 ) ;
#7405 = DIRECTION ( 'NONE',  ( 0.0000000000000000000, 0.0000000000000000000, -1.000000000000000000 ) ) ;
#7406 = EDGE_CURVE ( 'NONE', #1493, #3437, #373, .T. ) ;
#7407 = VERTEX_POINT ( 'NONE', #3144 ) ;
#7408 = ADVANCED_FACE ( 'NONE', ( #2448 ), #1517, .F. ) ;
#7409 = LINE ( 'NONE', #5878, #4941 ) ;
#7410 = VECTOR ( 'NONE', #4503, 1000.000000000000000 ) ;
#7411 = LINE ( 'NONE', #6026, #5036 ) ;
#7412 = ORIENTED_EDGE ( 'NONE', *, *, #614, .F. ) ;
#7413 = CARTESIAN_POINT ( 'NONE',  ( 4.875000000000000888, 3.750000000000000000, 0.02500000000000000139 ) ) ;
#7414 = AXIS2_PLACEMENT_3D ( 'NONE', #2776, #5517, #7241 ) ;
#7415 = DIRECTION ( 'NONE',  ( -1.000000000000000000, 0.0000000000000000000, 0.0000000000000000000 ) ) ;
#7416 = VECTOR ( 'NONE', #5341, 1000.000000000000000 ) ;
#7417 = LINE ( 'NONE', #1330, #2354 ) ;
#7418 = DIRECTION ( 'NONE',  ( -1.000000000000000000, 0.0000000000000000000, 0.0000000000000000000 ) ) ;
#7419 = LINE ( 'NONE', #902, #2802 ) ;
#7420 = EDGE_CURVE ( 'NONE', #1534, #3085, #7411, .T. ) ;
#7421 = CARTESIAN_POINT ( 'NONE',  ( 4.775000000000000355, 1.999999999999997780, -2.075000000000008615 ) ) ;
ENDSEC;
END-ISO-10303-21;
