ISO-10303-21;
HEADER;
FILE_DESCRIPTION (( 'STEP AP214' ),
    '1' );
FILE_NAME ('B05MB-GHS-TBT.STEP',
    '2019-04-07T09:12:02',
    ( '' ),
    ( '' ),
    'SwSTEP 2.0',
    'SolidWorks 2018',
    '' );
FILE_SCHEMA (( 'AUTOMOTIVE_DESIGN' ));
ENDSEC;

DATA;
#1 = CARTESIAN_POINT ( 'NONE',  ( 0.4249999999999999889, 1.850000000000000089, -1.474999999999999867 ) ) ;
#2 = LINE ( 'NONE', #695, #3978 ) ;
#3 = LINE ( 'NONE', #1836, #6949 ) ;
#4 = DIRECTION ( 'NONE',  ( -1.000000000000000000, 0.0000000000000000000, 0.0000000000000000000 ) ) ;
#5 = AXIS2_PLACEMENT_3D ( 'NONE', #5437, #4790, #3418 ) ;
#6 = ADVANCED_FACE ( 'NONE', ( #6387 ), #2259, .F. ) ;
#7 = PLANE ( 'NONE',  #6715 ) ;
#8 = VECTOR ( 'NONE', #7435, 1000.000000000000000 ) ;
#9 = LINE ( 'NONE', #5460, #1043 ) ;
#10 = DIRECTION ( 'NONE',  ( 1.000000000000000000, 0.0000000000000000000, 0.0000000000000000000 ) ) ;
#11 = EDGE_CURVE ( 'NONE', #7176, #4882, #4555, .T. ) ;
#12 = CARTESIAN_POINT ( 'NONE',  ( 6.025000000000001243, 4.240000000000000213, -0.07499999999999998335 ) ) ;
#13 = EDGE_CURVE ( 'NONE', #4432, #3748, #1487, .T. ) ;
#14 = ORIENTED_EDGE ( 'NONE', *, *, #1257, .F. ) ;
#15 = VECTOR ( 'NONE', #7408, 1000.000000000000000 ) ;
#16 = EDGE_CURVE ( 'NONE', #1816, #2222, #2820, .T. ) ;
#17 = DIRECTION ( 'NONE',  ( 0.0000000000000000000, 1.000000000000000000, 0.0000000000000000000 ) ) ;
#18 = DIRECTION ( 'NONE',  ( 0.0000000000000000000, 0.0000000000000000000, -1.000000000000000000 ) ) ;
#19 = ORIENTED_EDGE ( 'NONE', *, *, #5352, .T. ) ;
#20 = ORIENTED_EDGE ( 'NONE', *, *, #5129, .F. ) ;
#21 = DIRECTION ( 'NONE',  ( -0.0000000000000000000, 1.000000000000000000, 0.0000000000000000000 ) ) ;
#22 = ORIENTED_EDGE ( 'NONE', *, *, #4716, .T. ) ;
#23 = EDGE_LOOP ( 'NONE', ( #28, #8431, #7919, #7450 ) ) ;
#24 = DIRECTION ( 'NONE',  ( -1.000000000000000000, 0.0000000000000000000, 0.0000000000000000000 ) ) ;
#25 = DIRECTION ( 'NONE',  ( 0.0000000000000000000, -1.084202172485501673E-15, -1.000000000000000000 ) ) ;
#26 = ADVANCED_FACE ( 'NONE', ( #6077 ), #6807, .F. ) ;
#27 = ORIENTED_EDGE ( 'NONE', *, *, #4074, .F. ) ;
#28 = ORIENTED_EDGE ( 'NONE', *, *, #6237, .F. ) ;
#29 = ORIENTED_EDGE ( 'NONE', *, *, #3455, .T. ) ;
#30 = DIRECTION ( 'NONE',  ( 0.0000000000000000000, 0.0000000000000000000, 1.000000000000000000 ) ) ;
#31 = LINE ( 'NONE', #2929, #6981 ) ;
#32 = VERTEX_POINT ( 'NONE', #4873 ) ;
#33 = ORIENTED_EDGE ( 'NONE', *, *, #6466, .F. ) ;
#34 = PRESENTATION_LAYER_ASSIGNMENT (  '', '', ( #4428 ) ) ;
#35 = CARTESIAN_POINT ( 'NONE',  ( -2.500000000000000000, 4.240000000000000213, -0.07499999999999998335 ) ) ;
#36 = PLANE ( 'NONE',  #8471 ) ;
#37 = AXIS2_PLACEMENT_3D ( 'NONE', #4791, #2687, #512 ) ;
#38 = EDGE_CURVE ( 'NONE', #907, #5221, #7410, .T. ) ;
#39 = EDGE_LOOP ( 'NONE', ( #4130, #7213, #4556, #5240 ) ) ;
#40 = ORIENTED_EDGE ( 'NONE', *, *, #6574, .F. ) ;
#41 = CARTESIAN_POINT ( 'NONE',  ( 2.075000000000000178, 1.649999999999999911, -1.025000000000000133 ) ) ;
#42 = ADVANCED_FACE ( 'NONE', ( #7623 ), #963, .F. ) ;
#44 = VECTOR ( 'NONE', #7031, 1000.000000000000000 ) ;
#43 = DIRECTION ( 'NONE',  ( 1.000000000000000000, 0.0000000000000000000, -0.0000000000000000000 ) ) ;
#45 = CARTESIAN_POINT ( 'NONE',  ( -0.8249999999999999556, 1.850000000000000089, -1.474999999999999867 ) ) ;
#46 = AXIS2_PLACEMENT_3D ( 'NONE', #2082, #4655, #2118 ) ;
#47 = FACE_OUTER_BOUND ( 'NONE', #8342, .T. ) ;
#48 = EDGE_LOOP ( 'NONE', ( #8473, #1389, #3096, #4925 ) ) ;
#49 = ORIENTED_EDGE ( 'NONE', *, *, #6619, .F. ) ;
#50 = DIRECTION ( 'NONE',  ( 0.0000000000000000000, 1.000000000000000000, -3.295974604355814534E-17 ) ) ;
#51 = CARTESIAN_POINT ( 'NONE',  ( 0.7349999999999999867, 1.649999999999999911, -1.698606797699999893 ) ) ;
#52 = VERTEX_POINT ( 'NONE', #8105 ) ;
#53 = EDGE_CURVE ( 'NONE', #6211, #1165, #1895, .T. ) ;
#54 =( GEOMETRIC_REPRESENTATION_CONTEXT ( 3 ) GLOBAL_UNCERTAINTY_ASSIGNED_CONTEXT ( ( #3406 ) ) GLOBAL_UNIT_ASSIGNED_CONTEXT ( ( #3590, #4219, #302 ) ) REPRESENTATION_CONTEXT ( 'NONE', 'WORKASPACE' ) );
#55 = CARTESIAN_POINT ( 'NONE',  ( 1.984999999999999876, 1.000000000000000000, -1.525000000000000133 ) ) ;
#56 = EDGE_LOOP ( 'NONE', ( #6429, #1394, #2410, #3468 ) ) ;
#57 = LINE ( 'NONE', #8340, #2114 ) ;
#58 = VECTOR ( 'NONE', #1238, 1000.000000000000000 ) ;
#59 = VERTEX_POINT ( 'NONE', #8190 ) ;
#60 = CARTESIAN_POINT ( 'NONE',  ( 1.984999999999999876, 1.850000000000000089, -1.025000000000000133 ) ) ;
#61 = EDGE_CURVE ( 'NONE', #444, #6455, #667, .T. ) ;
#62 = CARTESIAN_POINT ( 'NONE',  ( -0.5250000000000000222, -0.6500000000000000222, -1.775000000000000133 ) ) ;
#63 = VERTEX_POINT ( 'NONE', #3064 ) ;
#64 = VERTEX_POINT ( 'NONE', #7619 ) ;
#65 = EDGE_CURVE ( 'NONE', #674, #545, #7519, .T. ) ;
#66 = VECTOR ( 'NONE', #523, 1000.000000000000000 ) ;
#67 = CARTESIAN_POINT ( 'NONE',  ( 3.234999999999999876, 1.000000000000000000, -1.025000000000000133 ) ) ;
#68 = ORIENTED_EDGE ( 'NONE', *, *, #5092, .T. ) ;
#69 = ADVANCED_FACE ( 'NONE', ( #7294 ), #3736, .F. ) ;
#70 = DIRECTION ( 'NONE',  ( 0.0000000000000000000, 1.000000000000000000, 0.0000000000000000000 ) ) ;
#71 = EDGE_CURVE ( 'NONE', #3942, #796, #7825, .T. ) ;
#72 = ORIENTED_EDGE ( 'NONE', *, *, #3849, .F. ) ;
#73 = VECTOR ( 'NONE', #2127, 1000.000000000000000 ) ;
#74 = CARTESIAN_POINT ( 'NONE',  ( -1.175000000000000044, 1.850000000000000089, -1.474999999999999867 ) ) ;
#75 = LINE ( 'NONE', #6747, #790 ) ;
#76 = EDGE_CURVE ( 'NONE', #1565, #2440, #5773, .T. ) ;
#77 = CARTESIAN_POINT ( 'NONE',  ( 0.5249999999999999112, 0.05000000000000002359, -1.524999999999999689 ) ) ;
#78 = VECTOR ( 'NONE', #4870, 1000.000000000000000 ) ;
#79 = CARTESIAN_POINT ( 'NONE',  ( 4.174999999999999822, 1.649999999999999911, -1.474999999999999867 ) ) ;
#80 = CARTESIAN_POINT ( 'NONE',  ( 4.275000000000000355, 1.649999999999999911, -1.025000000000000133 ) ) ;
#81 = VERTEX_POINT ( 'NONE', #1053 ) ;
#82 = DIRECTION ( 'NONE',  ( 0.0000000000000000000, 0.0000000000000000000, 1.000000000000000000 ) ) ;
#83 = LINE ( 'NONE', #2266, #3460 ) ;
#84 = CARTESIAN_POINT ( 'NONE',  ( 6.625000000000000888, 1.000000000000000000, -2.024999999999999911 ) ) ;
#85 = VECTOR ( 'NONE', #5989, 1000.000000000000000 ) ;
#86 = CARTESIAN_POINT ( 'NONE',  ( 5.625000000000000888, 2.550000000000000266, -1.474999999999999867 ) ) ;
#87 = CARTESIAN_POINT ( 'NONE',  ( 3.015000000000000124, 1.000000000000000000, -1.025000000000000133 ) ) ;
#88 = LINE ( 'NONE', #7029, #2031 ) ;
#89 = AXIS2_PLACEMENT_3D ( 'NONE', #7340, #2735, #5969 ) ;
#90 = ADVANCED_FACE ( 'NONE', ( #4355 ), #992, .T. ) ;
#91 = ORIENTED_EDGE ( 'NONE', *, *, #2768, .T. ) ;
#92 = LINE ( 'NONE', #2952, #3973 ) ;
#93 = LINE ( 'NONE', #3802, #1537 ) ;
#94 = CARTESIAN_POINT ( 'NONE',  ( -2.375000000000000000, 3.750000000000000000, 2.024999999999999911 ) ) ;
#95 = DIRECTION ( 'NONE',  ( 0.0000000000000000000, 1.000000000000000000, 0.0000000000000000000 ) ) ;
#96 = CARTESIAN_POINT ( 'NONE',  ( 5.125000000000000888, 3.750000000000000000, 0.02500000000000000139 ) ) ;
#97 = LINE ( 'NONE', #4237, #6131 ) ;
#98 = DIRECTION ( 'NONE',  ( 0.0000000000000000000, 0.6650335612228979176, -0.7468134723257140450 ) ) ;
#99 = ORIENTED_EDGE ( 'NONE', *, *, #3170, .T. ) ;
#100 = LINE ( 'NONE', #5241, #3484 ) ;
#101 =( NAMED_UNIT ( * ) SI_UNIT ( $, .STERADIAN. ) SOLID_ANGLE_UNIT ( ) );
#102 = VECTOR ( 'NONE', #8363, 1000.000000000000000 ) ;
#103 = LINE ( 'NONE', #3555, #4406 ) ;
#104 = CARTESIAN_POINT ( 'NONE',  ( 3.024999999999999911, 1.350000000000000089, 0.0000000000000000000 ) ) ;
#105 = STYLED_ITEM ( 'NONE', ( #4559 ), #7110 ) ;
#106 = LINE ( 'NONE', #6908, #2472 ) ;
#107 = MANIFOLD_SOLID_BREP ( 'Combine6', #4454 ) ;
#108 = EDGE_CURVE ( 'NONE', #5859, #6600, #5462, .T. ) ;
#109 = AXIS2_PLACEMENT_3D ( 'NONE', #7192, #2697, #3375 ) ;
#110 = FACE_OUTER_BOUND ( 'NONE', #3908, .T. ) ;
#111 = CARTESIAN_POINT ( 'NONE',  ( 4.275000000000000355, 1.850000000000000089, -1.698606797699999893 ) ) ;
#112 = DIRECTION ( 'NONE',  ( 0.0000000000000000000, -1.000000000000000000, 0.0000000000000000000 ) ) ;
#113 = ADVANCED_FACE ( 'NONE', ( #4457 ), #2432, .T. ) ;
#114 = EDGE_CURVE ( 'NONE', #2216, #1679, #2720, .T. ) ;
#115 = VECTOR ( 'NONE', #5292, 1000.000000000000000 ) ;
#116 = DIRECTION ( 'NONE',  ( -1.000000000000000000, 0.0000000000000000000, 0.0000000000000000000 ) ) ;
#117 = UNCERTAINTY_MEASURE_WITH_UNIT (LENGTH_MEASURE( 1.000000000000000082E-05 ), #8019, 'distance_accuracy_value', 'NONE');
#118 = EDGE_CURVE ( 'NONE', #1427, #994, #3039, .T. ) ;
#119 = DIRECTION ( 'NONE',  ( 0.0000000000000000000, 0.0000000000000000000, 1.000000000000000000 ) ) ;
#120 = CARTESIAN_POINT ( 'NONE',  ( 4.275000000000000355, 1.850000000000000089, -1.025000000000000133 ) ) ;
#121 = DIRECTION ( 'NONE',  ( -1.000000000000000000, 0.0000000000000000000, 0.0000000000000000000 ) ) ;
#122 = CARTESIAN_POINT ( 'NONE',  ( 0.7250000000000000888, 1.000000000000000000, 0.0000000000000000000 ) ) ;
#123 = VERTEX_POINT ( 'NONE', #1871 ) ;
#124 = VERTEX_POINT ( 'NONE', #6374 ) ;
#125 = ORIENTED_EDGE ( 'NONE', *, *, #2752, .T. ) ;
#126 = VECTOR ( 'NONE', #8295, 1000.000000000000000 ) ;
#127 = EDGE_CURVE ( 'NONE', #1185, #6816, #2324, .T. ) ;
#128 = VERTEX_POINT ( 'NONE', #4476 ) ;
#129 = CARTESIAN_POINT ( 'NONE',  ( 4.475000000000000533, 1.000000000000000000, -1.525000000000000133 ) ) ;
#130 = CARTESIAN_POINT ( 'NONE',  ( 1.675000000000000044, 1.850000000000000089, 2.024999999999999911 ) ) ;
#131 = DIRECTION ( 'NONE',  ( -0.0000000000000000000, 1.000000000000000000, 0.0000000000000000000 ) ) ;
#132 = CARTESIAN_POINT ( 'NONE',  ( 4.575000000000001066, 1.649999999999999911, -1.474999999999999867 ) ) ;
#133 = ORIENTED_EDGE ( 'NONE', *, *, #7742, .T. ) ;
#134 = EDGE_CURVE ( 'NONE', #1534, #3346, #8024, .T. ) ;
#135 = ORIENTED_EDGE ( 'NONE', *, *, #4835, .F. ) ;
#136 = VERTEX_POINT ( 'NONE', #1784 ) ;
#137 = CARTESIAN_POINT ( 'NONE',  ( -0.3750000000000000000, 2.250000000000000000, 1.025000000000000133 ) ) ;
#138 = ADVANCED_FACE ( 'NONE', ( #6475 ), #2573, .T. ) ;
#139 = FILL_AREA_STYLE ('',( #7970 ) ) ;
#140 = VERTEX_POINT ( 'NONE', #2462 ) ;
#141 = PLANE ( 'NONE',  #938 ) ;
#142 = VECTOR ( 'NONE', #5022, 1000.000000000000000 ) ;
#143 = ORIENTED_EDGE ( 'NONE', *, *, #6851, .F. ) ;
#144 = ORIENTED_EDGE ( 'NONE', *, *, #6413, .T. ) ;
#145 = SURFACE_STYLE_USAGE ( .BOTH. , #7296 ) ;
#146 = ORIENTED_EDGE ( 'NONE', *, *, #6195, .F. ) ;
#147 = CARTESIAN_POINT ( 'NONE',  ( 1.675000000000000044, 1.850000000000000089, 2.024999999999999911 ) ) ;
#148 = CARTESIAN_POINT ( 'NONE',  ( 1.975000000000000089, -0.6500000000000000222, -1.775000000000000133 ) ) ;
#150 = FACE_OUTER_BOUND ( 'NONE', #176, .T. ) ;
#149 = PLANE ( 'NONE',  #1647 ) ;
#151 = CARTESIAN_POINT ( 'NONE',  ( 6.625000000000000888, 2.000000000000000000, -1.425000000000000044 ) ) ;
#152 = FACE_OUTER_BOUND ( 'NONE', #3009, .T. ) ;
#153 = CARTESIAN_POINT ( 'NONE',  ( 6.625000000000000888, 0.6000000000000024203, 1.375000000000002442 ) ) ;
#154 = AXIS2_PLACEMENT_3D ( 'NONE', #2125, #5361, #6676 ) ;
#155 = ORIENTED_EDGE ( 'NONE', *, *, #4129, .T. ) ;
#156 = ADVANCED_FACE ( 'NONE', ( #1378 ), #2487, .T. ) ;
#157 = VERTEX_POINT ( 'NONE', #7683 ) ;
#158 = CARTESIAN_POINT ( 'NONE',  ( 1.975000000000000089, 1.850000000000000089, 2.024999999999999911 ) ) ;
#159 = DIRECTION ( 'NONE',  ( 1.000000000000000000, 0.0000000000000000000, 0.0000000000000000000 ) ) ;
#160 = VECTOR ( 'NONE', #1027, 1000.000000000000000 ) ;
#161 = ORIENTED_EDGE ( 'NONE', *, *, #1375, .F. ) ;
#162 = AXIS2_PLACEMENT_3D ( 'NONE', #7152, #3264, #7090 ) ;
#163 = LINE ( 'NONE', #1054, #6689 ) ;
#164 = APPLICATION_CONTEXT ( 'automotive_design' ) ;
#165 = EDGE_CURVE ( 'NONE', #6183, #773, #1686, .T. ) ;
#166 = EDGE_LOOP ( 'NONE', ( #3419, #2360, #1989, #5224 ) ) ;
#167 = ORIENTED_EDGE ( 'NONE', *, *, #6670, .F. ) ;
#168 = CARTESIAN_POINT ( 'NONE',  ( -2.475000000000000089, 4.249999999999998224, -2.075000000000001510 ) ) ;
#169 = EDGE_LOOP ( 'NONE', ( #6471, #3723, #3443, #851 ) ) ;
#170 = VECTOR ( 'NONE', #7067, 1000.000000000000000 ) ;
#171 = DIRECTION ( 'NONE',  ( 0.0000000000000000000, -1.000000000000000000, -4.336808689942024836E-15 ) ) ;
#172 = VECTOR ( 'NONE', #556, 1000.000000000000000 ) ;
#173 = DIRECTION ( 'NONE',  ( -0.0000000000000000000, 1.000000000000000000, 0.0000000000000000000 ) ) ;
#174 = FILL_AREA_STYLE ('',( #2028 ) ) ;
#175 = VECTOR ( 'NONE', #7853, 1000.000000000000000 ) ;
#176 = EDGE_LOOP ( 'NONE', ( #4881, #746, #5888, #3715 ) ) ;
#177 = VECTOR ( 'NONE', #4067, 1000.000000000000000 ) ;
#178 = CARTESIAN_POINT ( 'NONE',  ( 0.8249999999999999556, 1.850000000000000089, 2.024999999999999911 ) ) ;
#179 = ADVANCED_FACE ( 'NONE', ( #8419 ), #3146, .T. ) ;
#180 = EDGE_CURVE ( 'NONE', #1191, #4226, #6886, .T. ) ;
#181 = CARTESIAN_POINT ( 'NONE',  ( 4.474999999999999645, 1.350000000000000089, -1.525000000000000133 ) ) ;
#182 = CARTESIAN_POINT ( 'NONE',  ( -2.375000000000000000, 3.750000000000000000, 0.02500000000000000139 ) ) ;
#183 = DIRECTION ( 'NONE',  ( 0.0000000000000000000, 1.339206523454101388E-15, 1.000000000000000000 ) ) ;
#184 = EDGE_CURVE ( 'NONE', #1926, #5294, #1479, .T. ) ;
#185 = LINE ( 'NONE', #5216, #2643 ) ;
#186 = DIRECTION ( 'NONE',  ( 0.0000000000000000000, 0.0000000000000000000, -1.000000000000000000 ) ) ;
#187 = CARTESIAN_POINT ( 'NONE',  ( 6.025000000000001243, 3.600000000000000977, -1.425000000000000044 ) ) ;
#188 = ORIENTED_EDGE ( 'NONE', *, *, #3638, .T. ) ;
#189 = EDGE_LOOP ( 'NONE', ( #5668, #4666, #1723, #6424 ) ) ;
#190 = FACE_OUTER_BOUND ( 'NONE', #1469, .T. ) ;
#191 = CARTESIAN_POINT ( 'NONE',  ( 0.7250000000000000888, 1.850000000000000089, 2.024999999999999911 ) ) ;
#192 = CARTESIAN_POINT ( 'NONE',  ( 6.025000000000001243, 4.240000000000000213, -0.07499999999999998335 ) ) ;
#193 = EDGE_CURVE ( 'NONE', #6057, #4330, #1788, .T. ) ;
#194 = VECTOR ( 'NONE', #800, 1000.000000000000000 ) ;
#195 = DIRECTION ( 'NONE',  ( -1.000000000000000000, 0.0000000000000000000, 0.0000000000000000000 ) ) ;
#196 = LINE ( 'NONE', #3683, #8361 ) ;
#197 = ORIENTED_EDGE ( 'NONE', *, *, #753, .F. ) ;
#198 = ORIENTED_EDGE ( 'NONE', *, *, #4010, .F. ) ;
#199 = FACE_OUTER_BOUND ( 'NONE', #1242, .T. ) ;
#200 = CARTESIAN_POINT ( 'NONE',  ( -0.7349999999999999867, 1.850000000000000089, -1.025000000000000133 ) ) ;
#201 = VECTOR ( 'NONE', #5159, 1000.000000000000000 ) ;
#202 = LINE ( 'NONE', #1704, #5192 ) ;
#203 = LINE ( 'NONE', #571, #3689 ) ;
#204 = LINE ( 'NONE', #6313, #7035 ) ;
#205 = CARTESIAN_POINT ( 'NONE',  ( -0.7249999999999999778, 0.0000000000000000000, 0.0000000000000000000 ) ) ;
#206 = LINE ( 'NONE', #6368, #2875 ) ;
#207 = PLANE ( 'NONE',  #2633 ) ;
#208 = CARTESIAN_POINT ( 'NONE',  ( 1.975000000000000089, 1.350000000000000089, 0.0000000000000000000 ) ) ;
#209 =( GEOMETRIC_REPRESENTATION_CONTEXT ( 3 ) GLOBAL_UNCERTAINTY_ASSIGNED_CONTEXT ( ( #5388 ) ) GLOBAL_UNIT_ASSIGNED_CONTEXT ( ( #701, #1303, #5278 ) ) REPRESENTATION_CONTEXT ( 'NONE', 'WORKASPACE' ) );
#210 = DIRECTION ( 'NONE',  ( 1.000000000000000000, 0.0000000000000000000, 0.0000000000000000000 ) ) ;
#211 = LINE ( 'NONE', #7099, #714 ) ;
#212 = SURFACE_SIDE_STYLE ('',( #6628 ) ) ;
#213 = CARTESIAN_POINT ( 'NONE',  ( 4.625000000000000888, 4.153701442700000079, -1.791922863399999954 ) ) ;
#214 = VECTOR ( 'NONE', #546, 1000.000000000000000 ) ;
#215 = DIRECTION ( 'NONE',  ( -1.000000000000000000, 0.0000000000000000000, 0.0000000000000000000 ) ) ;
#216 = EDGE_CURVE ( 'NONE', #6598, #3054, #3323, .T. ) ;
#217 = CARTESIAN_POINT ( 'NONE',  ( 0.7250000000000000888, 1.795247431900000024, 2.024999999999999911 ) ) ;
#218 = CARTESIAN_POINT ( 'NONE',  ( 0.7250000000000000888, 0.05000000000000002359, -1.775000000000000133 ) ) ;
#219 = LINE ( 'NONE', #797, #4311 ) ;
#220 = UNCERTAINTY_MEASURE_WITH_UNIT (LENGTH_MEASURE( 1.000000000000000082E-05 ), #1747, 'distance_accuracy_value', 'NONE');
#221 = LINE ( 'NONE', #7648, #3896 ) ;
#222 = AXIS2_PLACEMENT_3D ( 'NONE', #205, #7460, #2804 ) ;
#223 = MECHANICAL_DESIGN_GEOMETRIC_PRESENTATION_REPRESENTATION (  '', ( #7989 ), #1253 ) ;
#224 = ADVANCED_FACE ( 'NONE', ( #150 ), #5875, .F. ) ;
#225 = DIRECTION ( 'NONE',  ( -0.0000000000000000000, 1.000000000000000000, 0.0000000000000000000 ) ) ;
#226 = EDGE_CURVE ( 'NONE', #4858, #6605, #4853, .T. ) ;
#227 = PRESENTATION_LAYER_ASSIGNMENT (  '', '', ( #2145 ) ) ;
#228 = VERTEX_POINT ( 'NONE', #7872 ) ;
#229 = ORIENTED_EDGE ( 'NONE', *, *, #1016, .T. ) ;
#230 = VECTOR ( 'NONE', #7214, 1000.000000000000000 ) ;
#231 = VECTOR ( 'NONE', #843, 1000.000000000000000 ) ;
#232 = CARTESIAN_POINT ( 'NONE',  ( 3.750000000000000888, 4.250000000000000000, 0.0000000000000000000 ) ) ;
#233 = EDGE_CURVE ( 'NONE', #7096, #2923, #2092, .T. ) ;
#234 = VERTEX_POINT ( 'NONE', #3951 ) ;
#235 = ORIENTED_EDGE ( 'NONE', *, *, #6906, .T. ) ;
#236 = VERTEX_POINT ( 'NONE', #721 ) ;
#237 = EDGE_CURVE ( 'NONE', #4928, #4882, #359, .T. ) ;
#238 = DIRECTION ( 'NONE',  ( 1.000000000000000000, 0.0000000000000000000, 0.0000000000000000000 ) ) ;
#239 = DIRECTION ( 'NONE',  ( 0.0000000000000000000, -1.000000000000000000, 0.0000000000000000000 ) ) ;
#240 = CARTESIAN_POINT ( 'NONE',  ( 2.875000000000000000, 0.0000000000000000000, -1.525000000000000133 ) ) ;
#241 = ORIENTED_EDGE ( 'NONE', *, *, #8109, .T. ) ;
#242 = FACE_OUTER_BOUND ( 'NONE', #3067, .T. ) ;
#243 = ORIENTED_EDGE ( 'NONE', *, *, #2655, .T. ) ;
#244 = EDGE_CURVE ( 'NONE', #1911, #3233, #3030, .T. ) ;
#245 = EDGE_LOOP ( 'NONE', ( #1764, #7482, #3242, #1569, #4317, #650 ) ) ;
#246 = ORIENTED_EDGE ( 'NONE', *, *, #6955, .T. ) ;
#247 = CARTESIAN_POINT ( 'NONE',  ( 0.7250000000000000888, 0.0000000000000000000, 2.024999999999999911 ) ) ;
#248 = DIRECTION ( 'NONE',  ( -1.000000000000000000, 0.0000000000000000000, 0.0000000000000000000 ) ) ;
#249 =( LENGTH_UNIT ( ) NAMED_UNIT ( * ) SI_UNIT ( .MILLI., .METRE. ) );
#250 = CARTESIAN_POINT ( 'NONE',  ( 6.625000000000000888, 1.000000000000000000, -1.525000000000000133 ) ) ;
#251 = EDGE_CURVE ( 'NONE', #6044, #6646, #3134, .T. ) ;
#252 = CARTESIAN_POINT ( 'NONE',  ( 4.474999999999999645, 0.0000000000000000000, 2.024999999999999911 ) ) ;
#253 = ORIENTED_EDGE ( 'NONE', *, *, #418, .T. ) ;
#254 = ORIENTED_EDGE ( 'NONE', *, *, #3578, .F. ) ;
#255 = DIRECTION ( 'NONE',  ( 0.0000000000000000000, 1.000000000000000000, 0.0000000000000000000 ) ) ;
#256 = PRESENTATION_STYLE_ASSIGNMENT (( #145 ) ) ;
#257 = CARTESIAN_POINT ( 'NONE',  ( 6.625000000000000888, 4.250000000000000000, -0.07499999999999998335 ) ) ;
#258 = ORIENTED_EDGE ( 'NONE', *, *, #7732, .T. ) ;
#259 = VERTEX_POINT ( 'NONE', #7277 ) ;
#260 = DIRECTION ( 'NONE',  ( 0.0000000000000000000, 1.000000000000000000, -2.148487149506095815E-16 ) ) ;
#261 = VECTOR ( 'NONE', #4097, 1000.000000000000000 ) ;
#262 = VECTOR ( 'NONE', #3735, 1000.000000000000000 ) ;
#263 = ORIENTED_EDGE ( 'NONE', *, *, #7737, .F. ) ;
#264 = DIRECTION ( 'NONE',  ( 0.0000000000000000000, 0.0000000000000000000, -1.000000000000000000 ) ) ;
#265 = DIRECTION ( 'NONE',  ( -1.000000000000000000, 0.0000000000000000000, 0.0000000000000000000 ) ) ;
#266 = ADVANCED_FACE ( 'NONE', ( #4956 ), #1495, .F. ) ;
#267 = ORIENTED_EDGE ( 'NONE', *, *, #6190, .F. ) ;
#268 = EDGE_LOOP ( 'NONE', ( #4935, #7427, #874, #3399 ) ) ;
#269 = CARTESIAN_POINT ( 'NONE',  ( 0.7349999999999999867, 1.850000000000000089, -1.025000000000000133 ) ) ;
#270 = DIRECTION ( 'NONE',  ( 0.0000000000000000000, 0.0000000000000000000, 1.000000000000000000 ) ) ;
#271 = DIRECTION ( 'NONE',  ( -0.0000000000000000000, -0.0000000000000000000, 1.000000000000000000 ) ) ;
#272 = EDGE_LOOP ( 'NONE', ( #7709, #7269, #2355, #7089 ) ) ;
#273 = VECTOR ( 'NONE', #6530, 1000.000000000000000 ) ;
#274 = CARTESIAN_POINT ( 'NONE',  ( -2.274999999999999911, 3.600000000000000977, -1.425000000000000044 ) ) ;
#275 = AXIS2_PLACEMENT_3D ( 'NONE', #3768, #8293, #7713 ) ;
#276 = VECTOR ( 'NONE', #4310, 1000.000000000000000 ) ;
#277 = ORIENTED_EDGE ( 'NONE', *, *, #8331, .F. ) ;
#278 = DIRECTION ( 'NONE',  ( 0.0000000000000000000, -0.3162277660168379412, 0.9486832980505137680 ) ) ;
#279 = EDGE_CURVE ( 'NONE', #3452, #5537, #7923, .T. ) ;
#280 = PLANE ( 'NONE',  #541 ) ;
#281 = ORIENTED_EDGE ( 'NONE', *, *, #8449, .T. ) ;
#282 = ORIENTED_EDGE ( 'NONE', *, *, #6137, .F. ) ;
#283 = LINE ( 'NONE', #7614, #6196 ) ;
#284 = LINE ( 'NONE', #5742, #2126 ) ;
#285 = DIRECTION ( 'NONE',  ( 0.0000000000000000000, -1.000000000000000000, 0.0000000000000000000 ) ) ;
#286 = ORIENTED_EDGE ( 'NONE', *, *, #1092, .T. ) ;
#287 = CARTESIAN_POINT ( 'NONE',  ( 6.625000000000000888, 1.000000000000000000, -1.525000000000000133 ) ) ;
#288 = DIRECTION ( 'NONE',  ( 1.000000000000000000, 0.0000000000000000000, 0.0000000000000000000 ) ) ;
#289 = EDGE_CURVE ( 'NONE', #5097, #6809, #5054, .T. ) ;
#290 = DIRECTION ( 'NONE',  ( 0.0000000000000000000, -1.084202172485501673E-15, -1.000000000000000000 ) ) ;
#291 = DIRECTION ( 'NONE',  ( 0.0000000000000000000, 0.0000000000000000000, -1.000000000000000000 ) ) ;
#292 = EDGE_LOOP ( 'NONE', ( #235, #6154, #4324, #2863, #1912, #286, #1172, #576, #2594, #4784, #188, #5449, #5583, #5162, #5067, #5817, #2077, #263, #1061, #6201, #1730, #5977, #2349, #5174, #7242, #433, #3309, #3154, #6970, #3155, #1029, #1279, #956, #4740, #7342, #462, #338, #4836, #2213, #4845, #14, #3420, #5779, #4424, #4960, #2304, #1815, #5735 ) ) ;
#293 = DIRECTION ( 'NONE',  ( 0.0000000000000000000, 1.000000000000000000, -1.084202172485501673E-15 ) ) ;
#294 = DIRECTION ( 'NONE',  ( -0.0000000000000000000, 1.000000000000000000, 0.0000000000000000000 ) ) ;
#295 = FACE_OUTER_BOUND ( 'NONE', #7738, .T. ) ;
#296 = EDGE_CURVE ( 'NONE', #6605, #1694, #972, .T. ) ;
#297 = PLANE ( 'NONE',  #5029 ) ;
#298 = SURFACE_SIDE_STYLE ('',( #7442 ) ) ;
#299 = LINE ( 'NONE', #5690, #3466 ) ;
#300 = DIRECTION ( 'NONE',  ( 1.000000000000000000, 0.0000000000000000000, 0.0000000000000000000 ) ) ;
#301 = VECTOR ( 'NONE', #7666, 1000.000000000000114 ) ;
#302 =( NAMED_UNIT ( * ) SI_UNIT ( $, .STERADIAN. ) SOLID_ANGLE_UNIT ( ) );
#303 =( NAMED_UNIT ( * ) PLANE_ANGLE_UNIT ( ) SI_UNIT ( $, .RADIAN. ) );
#304 = CARTESIAN_POINT ( 'NONE',  ( 3.234999999999999876, 1.850000000000000089, -2.024999999999999911 ) ) ;
#305 = VECTOR ( 'NONE', #1530, 1000.000000000000000 ) ;
#306 = ADVANCED_FACE ( 'NONE', ( #6992 ), #7300, .T. ) ;
#307 = ORIENTED_EDGE ( 'NONE', *, *, #5792, .F. ) ;
#308 = LINE ( 'NONE', #693, #3788 ) ;
#309 = DIRECTION ( 'NONE',  ( 0.0000000000000000000, 1.000000000000000000, 0.0000000000000000000 ) ) ;
#310 = LINE ( 'NONE', #7886, #7772 ) ;
#311 = VECTOR ( 'NONE', #6166, 1000.000000000000000 ) ;
#312 = CARTESIAN_POINT ( 'NONE',  ( 3.024999999999999911, 0.5000000000000000000, -1.525000000000000133 ) ) ;
#313 = SURFACE_STYLE_FILL_AREA ( #2301 ) ;
#314 = CARTESIAN_POINT ( 'NONE',  ( -2.274999999999999911, 1.950000000000002176, 1.375000000000006883 ) ) ;
#315 = VECTOR ( 'NONE', #5422, 1000.000000000000114 ) ;
#316 = DIRECTION ( 'NONE',  ( -0.0000000000000000000, 0.7468134723257140450, 0.6650335612228979176 ) ) ;
#317 = DIRECTION ( 'NONE',  ( 1.000000000000000000, 0.0000000000000000000, 0.0000000000000000000 ) ) ;
#318 = STYLED_ITEM ( 'NONE', ( #943 ), #4410 ) ;
#319 = CARTESIAN_POINT ( 'NONE',  ( -2.475000000000000089, 3.599999999999999201, -0.07500000000000128786 ) ) ;
#320 = VECTOR ( 'NONE', #7999, 1000.000000000000000 ) ;
#321 = AXIS2_PLACEMENT_3D ( 'NONE', #2424, #7395, #7360 ) ;
#322 = SURFACE_STYLE_FILL_AREA ( #5972 ) ;
#323 = CARTESIAN_POINT ( 'NONE',  ( 4.475000000000000533, -0.6500000000000000222, -2.075000000000000178 ) ) ;
#324 = EDGE_CURVE ( 'NONE', #1067, #8054, #6579, .T. ) ;
#325 = DIRECTION ( 'NONE',  ( -1.000000000000000000, 0.0000000000000000000, 0.0000000000000000000 ) ) ;
#326 = DIRECTION ( 'NONE',  ( 0.0000000000000000000, 0.0000000000000000000, 1.000000000000000000 ) ) ;
#327 = EDGE_LOOP ( 'NONE', ( #1460, #3106, #1261, #2200 ) ) ;
#328 = ORIENTED_EDGE ( 'NONE', *, *, #989, .F. ) ;
#329 = PLANE ( 'NONE',  #708 ) ;
#330 = ORIENTED_EDGE ( 'NONE', *, *, #5044, .T. ) ;
#331 = AXIS2_PLACEMENT_3D ( 'NONE', #6682, #2783, #905 ) ;
#332 = FILL_AREA_STYLE ('',( #3005 ) ) ;
#333 = CARTESIAN_POINT ( 'NONE',  ( 3.024999999999999911, -0.6500000000000000222, -2.075000000000000178 ) ) ;
#334 = ORIENTED_EDGE ( 'NONE', *, *, #6784, .T. ) ;
#335 = CARTESIAN_POINT ( 'NONE',  ( 0.8249999999999999556, 1.649999999999999911, 2.024999999999999911 ) ) ;
#336 = AXIS2_PLACEMENT_3D ( 'NONE', #6158, #3095, #1002 ) ;
#337 = ORIENTED_EDGE ( 'NONE', *, *, #5147, .T. ) ;
#338 = ORIENTED_EDGE ( 'NONE', *, *, #4010, .T. ) ;
#339 = VERTEX_POINT ( 'NONE', #810 ) ;
#340 = DIRECTION ( 'NONE',  ( 0.0000000000000000000, 1.000000000000000000, 2.552445434498790050E-15 ) ) ;
#341 = CARTESIAN_POINT ( 'NONE',  ( -0.5250000000000000222, 0.05000000000000002359, -1.775000000000000133 ) ) ;
#342 = EDGE_CURVE ( 'NONE', #947, #5057, #4548, .T. ) ;
#343 = CARTESIAN_POINT ( 'NONE',  ( 3.234999999999999876, 1.850000000000000089, -1.025000000000000133 ) ) ;
#344 = VECTOR ( 'NONE', #4408, 1000.000000000000000 ) ;
#345 = EDGE_CURVE ( 'NONE', #5382, #7903, #4025, .T. ) ;
#346 = DIRECTION ( 'NONE',  ( 0.0000000000000000000, 0.0000000000000000000, 1.000000000000000000 ) ) ;
#347 = ORIENTED_EDGE ( 'NONE', *, *, #7075, .F. ) ;
#348 = ADVANCED_FACE ( 'NONE', ( #5763 ), #149, .T. ) ;
#349 =( NAMED_UNIT ( * ) PLANE_ANGLE_UNIT ( ) SI_UNIT ( $, .RADIAN. ) );
#350 = DIRECTION ( 'NONE',  ( -0.0000000000000000000, 1.000000000000000000, -0.0000000000000000000 ) ) ;
#351 = EDGE_CURVE ( 'NONE', #2309, #234, #4243, .T. ) ;
#352 = DIRECTION ( 'NONE',  ( -1.000000000000000000, 0.0000000000000000000, -0.0000000000000000000 ) ) ;
#353 = DIRECTION ( 'NONE',  ( 0.0000000000000000000, -1.000000000000000000, 0.0000000000000000000 ) ) ;
#354 = EDGE_LOOP ( 'NONE', ( #8229, #8451, #2282, #988 ) ) ;
#355 = ORIENTED_EDGE ( 'NONE', *, *, #1560, .T. ) ;
#356 = DIRECTION ( 'NONE',  ( 1.000000000000000000, 0.0000000000000000000, 0.0000000000000000000 ) ) ;
#357 = CARTESIAN_POINT ( 'NONE',  ( 6.625000000000000888, 3.600000000000000977, -1.425000000000000044 ) ) ;
#358 = ORIENTED_EDGE ( 'NONE', *, *, #2283, .T. ) ;
#359 = LINE ( 'NONE', #5850, #2711 ) ;
#360 = EDGE_CURVE ( 'NONE', #1983, #2948, #7084, .T. ) ;
#361 = CARTESIAN_POINT ( 'NONE',  ( 4.174999999999999822, 1.649999999999999911, 2.024999999999999911 ) ) ;
#362 = VECTOR ( 'NONE', #426, 1000.000000000000000 ) ;
#363 = ORIENTED_EDGE ( 'NONE', *, *, #7312, .T. ) ;
#364 = ORIENTED_EDGE ( 'NONE', *, *, #7062, .F. ) ;
#365 = ORIENTED_EDGE ( 'NONE', *, *, #251, .F. ) ;
#366 = CARTESIAN_POINT ( 'NONE',  ( 1.765000000000000124, 1.000000000000000000, -1.474999999999999867 ) ) ;
#367 = VECTOR ( 'NONE', #4170, 1000.000000000000000 ) ;
#368 = ORIENTED_EDGE ( 'NONE', *, *, #5371, .F. ) ;
#369 = VECTOR ( 'NONE', #1515, 1000.000000000000000 ) ;
#370 = DIRECTION ( 'NONE',  ( 1.000000000000000000, 0.0000000000000000000, 0.0000000000000000000 ) ) ;
#371 = LINE ( 'NONE', #3816, #5863 ) ;
#372 = ORIENTED_EDGE ( 'NONE', *, *, #553, .T. ) ;
#373 = PLANE ( 'NONE',  #5577 ) ;
#374 = MECHANICAL_DESIGN_GEOMETRIC_PRESENTATION_REPRESENTATION (  '', ( #1524 ), #5452 ) ;
#375 = DIRECTION ( 'NONE',  ( 0.0000000000000000000, 1.000000000000000000, 0.0000000000000000000 ) ) ;
#376 = ORIENTED_EDGE ( 'NONE', *, *, #4654, .T. ) ;
#377 = ORIENTED_EDGE ( 'NONE', *, *, #6666, .T. ) ;
#378 = ORIENTED_EDGE ( 'NONE', *, *, #8250, .F. ) ;
#379 = VERTEX_POINT ( 'NONE', #7337 ) ;
#380 = VECTOR ( 'NONE', #8302, 1000.000000000000000 ) ;
#381 = CARTESIAN_POINT ( 'NONE',  ( -1.875000000000000000, 2.550000000000000266, -1.474999999999999867 ) ) ;
#382 =( LENGTH_UNIT ( ) NAMED_UNIT ( * ) SI_UNIT ( .MILLI., .METRE. ) );
#383 = ORIENTED_EDGE ( 'NONE', *, *, #2926, .T. ) ;
#384 = CARTESIAN_POINT ( 'NONE',  ( 4.275000000000000355, 1.850000000000000089, 2.024999999999999911 ) ) ;
#385 = VECTOR ( 'NONE', #8380, 1000.000000000000000 ) ;
#386 = STYLED_ITEM ( 'NONE', ( #7306 ), #7059 ) ;
#387 = AXIS2_PLACEMENT_3D ( 'NONE', #944, #3516, #6072 ) ;
#388 = UNCERTAINTY_MEASURE_WITH_UNIT (LENGTH_MEASURE( 1.000000000000000082E-05 ), #7917, 'distance_accuracy_value', 'NONE');
#389 = DIRECTION ( 'NONE',  ( -1.000000000000000000, 0.0000000000000000000, 0.0000000000000000000 ) ) ;
#390 = ORIENTED_EDGE ( 'NONE', *, *, #3693, .F. ) ;
#391 = VECTOR ( 'NONE', #1441, 1000.000000000000000 ) ;
#392 = PLANE ( 'NONE',  #2516 ) ;
#393 = DIRECTION ( 'NONE',  ( 1.000000000000000000, 0.0000000000000000000, 0.0000000000000000000 ) ) ;
#394 = EDGE_CURVE ( 'NONE', #2854, #5097, #3743, .T. ) ;
#395 = AXIS2_PLACEMENT_3D ( 'NONE', #6592, #2006, #3971 ) ;
#396 = DIRECTION ( 'NONE',  ( 0.0000000000000000000, 0.0000000000000000000, -1.000000000000000000 ) ) ;
#397 = CARTESIAN_POINT ( 'NONE',  ( 5.625000000000000888, 1.850000000000000089, 2.024999999999999911 ) ) ;
#398 = DIRECTION ( 'NONE',  ( -1.000000000000000000, 0.0000000000000000000, 0.0000000000000000000 ) ) ;
#399 = VECTOR ( 'NONE', #1781, 1000.000000000000000 ) ;
#400 = ADVANCED_FACE ( 'NONE', ( #3535 ), #8072, .F. ) ;
#401 = ORIENTED_EDGE ( 'NONE', *, *, #5750, .T. ) ;
#402 = ORIENTED_EDGE ( 'NONE', *, *, #6206, .T. ) ;
#403 = VECTOR ( 'NONE', #1083, 1000.000000000000000 ) ;
#404 = LINE ( 'NONE', #4256, #3069 ) ;
#405 = FILL_AREA_STYLE_COLOUR ( '', #8444 ) ;
#406 = EDGE_CURVE ( 'NONE', #3614, #4172, #3226, .T. ) ;
#407 = EDGE_CURVE ( 'NONE', #6816, #1211, #8320, .T. ) ;
#408 = DIRECTION ( 'NONE',  ( 0.0000000000000000000, -0.0000000000000000000, 1.000000000000000000 ) ) ;
#409 = EDGE_LOOP ( 'NONE', ( #4190, #6932, #4109, #6862 ) ) ;
#410 = EDGE_LOOP ( 'NONE', ( #7546, #1107, #6919, #6776 ) ) ;
#411 = LINE ( 'NONE', #1338, #3772 ) ;
#412 = EDGE_CURVE ( 'NONE', #4022, #6163, #6379, .T. ) ;
#413 = VECTOR ( 'NONE', #7326, 1000.000000000000000 ) ;
#414 = LINE ( 'NONE', #6037, #4195 ) ;
#415 = CARTESIAN_POINT ( 'NONE',  ( -0.5250000000000000222, 0.0000000000000000000, -2.024999999999999911 ) ) ;
#416 = VECTOR ( 'NONE', #3517, 1000.000000000000000 ) ;
#417 = COLOUR_RGB ( '',1.000000000000000000, 1.000000000000000000, 1.000000000000000000 ) ;
#418 = EDGE_CURVE ( 'NONE', #7908, #745, #1178, .T. ) ;
#419 = CARTESIAN_POINT ( 'NONE',  ( -2.274999999999999911, 0.6000000000000024203, 1.375000000000002442 ) ) ;
#420 = VECTOR ( 'NONE', #522, 1000.000000000000000 ) ;
#421 = PRODUCT_DEFINITION_SHAPE ( 'NONE', 'NONE',  #886 ) ;
#422 = CARTESIAN_POINT ( 'NONE',  ( -0.8249999999999999556, 1.649999999999999911, 2.024999999999999911 ) ) ;
#423 = FACE_OUTER_BOUND ( 'NONE', #3132, .T. ) ;
#424 = FACE_OUTER_BOUND ( 'NONE', #5069, .T. ) ;
#425 = DIRECTION ( 'NONE',  ( -1.000000000000000000, -0.0000000000000000000, -0.0000000000000000000 ) ) ;
#426 = DIRECTION ( 'NONE',  ( 0.0000000000000000000, -1.000000000000000000, 0.0000000000000000000 ) ) ;
#427 = FILL_AREA_STYLE ('',( #7563 ) ) ;
#428 = AXIS2_PLACEMENT_3D ( 'NONE', #4837, #3501, #2910 ) ;
#429 = LINE ( 'NONE', #3343, #6638 ) ;
#430 = COLOUR_RGB ( '',1.000000000000000000, 1.000000000000000000, 1.000000000000000000 ) ;
#431 = DIRECTION ( 'NONE',  ( 0.0000000000000000000, -1.000000000000000000, 0.0000000000000000000 ) ) ;
#432 = ORIENTED_EDGE ( 'NONE', *, *, #624, .F. ) ;
#433 = ORIENTED_EDGE ( 'NONE', *, *, #728, .F. ) ;
#434 = VECTOR ( 'NONE', #5265, 1000.000000000000000 ) ;
#435 = CARTESIAN_POINT ( 'NONE',  ( 1.775000000000000133, 1.649999999999999911, 2.024999999999999911 ) ) ;
#436 = ORIENTED_EDGE ( 'NONE', *, *, #777, .F. ) ;
#437 =( NAMED_UNIT ( * ) PLANE_ANGLE_UNIT ( ) SI_UNIT ( $, .RADIAN. ) );
#438 = AXIS2_PLACEMENT_3D ( 'NONE', #8352, #4505, #5809 ) ;
#439 = ADVANCED_FACE ( 'NONE', ( #6175 ), #6116, .T. ) ;
#440 = DIRECTION ( 'NONE',  ( -0.0000000000000000000, 1.000000000000000000, -0.0000000000000000000 ) ) ;
#441 = VECTOR ( 'NONE', #2595, 1000.000000000000000 ) ;
#442 = VERTEX_POINT ( 'NONE', #7438 ) ;
#443 = ORIENTED_EDGE ( 'NONE', *, *, #7225, .F. ) ;
#444 = VERTEX_POINT ( 'NONE', #6763 ) ;
#445 = ORIENTED_EDGE ( 'NONE', *, *, #7576, .F. ) ;
#446 = DIRECTION ( 'NONE',  ( -1.000000000000000000, 0.0000000000000000000, 0.0000000000000000000 ) ) ;
#447 = CARTESIAN_POINT ( 'NONE',  ( 3.024999999999999911, 1.649999999999999911, -1.698606797699999893 ) ) ;
#448 = ORIENTED_EDGE ( 'NONE', *, *, #7446, .T. ) ;
#449 = FACE_OUTER_BOUND ( 'NONE', #3173, .T. ) ;
#450 = CARTESIAN_POINT ( 'NONE',  ( 4.125000000000000000, 1.000000000000000000, -2.024999999999999911 ) ) ;
#451 = DIRECTION ( 'NONE',  ( 0.0000000000000000000, 0.0000000000000000000, 1.000000000000000000 ) ) ;
#452 = ORIENTED_EDGE ( 'NONE', *, *, #7626, .F. ) ;
#453 = CARTESIAN_POINT ( 'NONE',  ( 6.025000000000001243, 3.600000000000000089, -1.425000000000000933 ) ) ;
#454 = EDGE_CURVE ( 'NONE', #8301, #4151, #557, .T. ) ;
#455 = ORIENTED_EDGE ( 'NONE', *, *, #8017, .T. ) ;
#456 = ORIENTED_EDGE ( 'NONE', *, *, #840, .F. ) ;
#457 = EDGE_CURVE ( 'NONE', #1558, #7405, #6785, .T. ) ;
#458 = DIRECTION ( 'NONE',  ( 0.0000000000000000000, 0.0000000000000000000, 1.000000000000000000 ) ) ;
#459 = EDGE_CURVE ( 'NONE', #5032, #7888, #4347, .T. ) ;
#460 = ORIENTED_EDGE ( 'NONE', *, *, #1064, .T. ) ;
#461 =( NAMED_UNIT ( * ) SI_UNIT ( $, .STERADIAN. ) SOLID_ANGLE_UNIT ( ) );
#462 = ORIENTED_EDGE ( 'NONE', *, *, #5203, .T. ) ;
#463 = ORIENTED_EDGE ( 'NONE', *, *, #3191, .F. ) ;
#464 = DIRECTION ( 'NONE',  ( 1.000000000000000000, 0.0000000000000000000, 0.0000000000000000000 ) ) ;
#465 = VECTOR ( 'NONE', #2377, 1000.000000000000000 ) ;
#466 = DIRECTION ( 'NONE',  ( 0.0000000000000000000, 0.0000000000000000000, -1.000000000000000000 ) ) ;
#467 = CARTESIAN_POINT ( 'NONE',  ( 4.485000000000001208, 1.850000000000000089, -1.025000000000000133 ) ) ;
#468 = VECTOR ( 'NONE', #3498, 1000.000000000000000 ) ;
#469 = ORIENTED_EDGE ( 'NONE', *, *, #5948, .T. ) ;
#470 = ORIENTED_EDGE ( 'NONE', *, *, #7203, .F. ) ;
#471 = CARTESIAN_POINT ( 'NONE',  ( 0.5150000000000000133, 1.850000000000000089, -1.025000000000000133 ) ) ;
#472 = ORIENTED_EDGE ( 'NONE', *, *, #5699, .F. ) ;
#473 = ORIENTED_EDGE ( 'NONE', *, *, #8388, .F. ) ;
#474 =( NAMED_UNIT ( * ) PLANE_ANGLE_UNIT ( ) SI_UNIT ( $, .RADIAN. ) );
#475 = CARTESIAN_POINT ( 'NONE',  ( 4.475000000000000533, 1.795247431900000024, 2.024999999999999911 ) ) ;
#476 = ORIENTED_EDGE ( 'NONE', *, *, #7392, .F. ) ;
#477 = LINE ( 'NONE', #1770, #4158 ) ;
#478 = ADVANCED_FACE ( 'NONE', ( #6068 ), #7468, .F. ) ;
#479 = EDGE_LOOP ( 'NONE', ( #3261, #4028, #3358, #5269, #7599, #3393, #1072 ) ) ;
#480 = UNCERTAINTY_MEASURE_WITH_UNIT (LENGTH_MEASURE( 1.000000000000000082E-05 ), #1825, 'distance_accuracy_value', 'NONE');
#481 = ADVANCED_FACE ( 'NONE', ( #2612 ), #1068, .F. ) ;
#482 = ORIENTED_EDGE ( 'NONE', *, *, #7965, .T. ) ;
#483 = EDGE_LOOP ( 'NONE', ( #3857, #5477, #4744, #1879 ) ) ;
#484 = LINE ( 'NONE', #1860, #4977 ) ;
#485 = CARTESIAN_POINT ( 'NONE',  ( 0.5250000000000000222, 1.850000000000000089, -1.025000000000000133 ) ) ;
#486 =( GEOMETRIC_REPRESENTATION_CONTEXT ( 3 ) GLOBAL_UNCERTAINTY_ASSIGNED_CONTEXT ( ( #6176 ) ) GLOBAL_UNIT_ASSIGNED_CONTEXT ( ( #5673, #515, #461 ) ) REPRESENTATION_CONTEXT ( 'NONE', 'WORKASPACE' ) );
#487 = ORIENTED_EDGE ( 'NONE', *, *, #6795, .T. ) ;
#488 =( NAMED_UNIT ( * ) SI_UNIT ( $, .STERADIAN. ) SOLID_ANGLE_UNIT ( ) );
#489 = CARTESIAN_POINT ( 'NONE',  ( 3.225000000000000089, 0.3500000000000000333, -2.024999999999999911 ) ) ;
#490 = LINE ( 'NONE', #4714, #7219 ) ;
#491 = EDGE_CURVE ( 'NONE', #3613, #6274, #5404, .T. ) ;
#492 = ORIENTED_EDGE ( 'NONE', *, *, #4866, .T. ) ;
#493 = VERTEX_POINT ( 'NONE', #4546 ) ;
#494 = VECTOR ( 'NONE', #6129, 1000.000000000000000 ) ;
#495 = DIRECTION ( 'NONE',  ( -0.0000000000000000000, 1.000000000000000000, 0.0000000000000000000 ) ) ;
#496 = CARTESIAN_POINT ( 'NONE',  ( 1.774999999999999911, -0.6500000000000000222, -2.075000000000000178 ) ) ;
#497 = LINE ( 'NONE', #6319, #5500 ) ;
#498 = CARTESIAN_POINT ( 'NONE',  ( 3.024999999999999911, 0.0000000000000000000, 2.024999999999999911 ) ) ;
#499 = VERTEX_POINT ( 'NONE', #5733 ) ;
#500 = VECTOR ( 'NONE', #4736, 1000.000000000000000 ) ;
#501 = EDGE_CURVE ( 'NONE', #7281, #3436, #5717, .T. ) ;
#502 = AXIS2_PLACEMENT_3D ( 'NONE', #3000, #4955, #3651 ) ;
#503 = FILL_AREA_STYLE_COLOUR ( '', #3576 ) ;
#504 = CARTESIAN_POINT ( 'NONE',  ( 1.775000000000000133, 1.850000000000000089, -1.025000000000000133 ) ) ;
#505 = SURFACE_STYLE_USAGE ( .BOTH. , #5118 ) ;
#506 = FACE_OUTER_BOUND ( 'NONE', #7483, .T. ) ;
#507 = EDGE_CURVE ( 'NONE', #3233, #2694, #4300, .T. ) ;
#508 = LINE ( 'NONE', #2415, #1420 ) ;
#509 = VECTOR ( 'NONE', #3589, 1000.000000000000000 ) ;
#510 = EDGE_CURVE ( 'NONE', #1256, #4283, #6843, .T. ) ;
#511 = VECTOR ( 'NONE', #7542, 1000.000000000000000 ) ;
#512 = DIRECTION ( 'NONE',  ( 0.0000000000000000000, -0.0000000000000000000, -1.000000000000000000 ) ) ;
#513 = FACE_OUTER_BOUND ( 'NONE', #1999, .T. ) ;
#514 = EDGE_CURVE ( 'NONE', #3904, #140, #5618, .T. ) ;
#515 =( NAMED_UNIT ( * ) PLANE_ANGLE_UNIT ( ) SI_UNIT ( $, .RADIAN. ) );
#516 =( NAMED_UNIT ( * ) PLANE_ANGLE_UNIT ( ) SI_UNIT ( $, .RADIAN. ) );
#517 = CARTESIAN_POINT ( 'NONE',  ( 1.975000000000000089, 1.850000000000000089, -2.024999999999999911 ) ) ;
#518 = DIRECTION ( 'NONE',  ( -1.000000000000000000, 0.0000000000000000000, 0.0000000000000000000 ) ) ;
#519 = VECTOR ( 'NONE', #6852, 1000.000000000000114 ) ;
#520 = EDGE_CURVE ( 'NONE', #3294, #6299, #1225, .T. ) ;
#521 = VECTOR ( 'NONE', #4954, 1000.000000000000000 ) ;
#522 = DIRECTION ( 'NONE',  ( 0.0000000000000000000, 0.0000000000000000000, -1.000000000000000000 ) ) ;
#523 = DIRECTION ( 'NONE',  ( -1.000000000000000000, 0.0000000000000000000, 0.0000000000000000000 ) ) ;
#524 = DIRECTION ( 'NONE',  ( 0.0000000000000000000, -1.000000000000000000, 0.0000000000000000000 ) ) ;
#525 = CARTESIAN_POINT ( 'NONE',  ( -2.274999999999999911, 0.0000000000000000000, 2.024999999999999911 ) ) ;
#526 = LINE ( 'NONE', #7329, #3190 ) ;
#527 = CARTESIAN_POINT ( 'NONE',  ( -2.500000000000000000, 4.250000000000000000, -2.024999999999999911 ) ) ;
#528 = CARTESIAN_POINT ( 'NONE',  ( -0.7249999999999999778, 0.0000000000000000000, -1.525000000000000133 ) ) ;
#529 = ORIENTED_EDGE ( 'NONE', *, *, #4500, .F. ) ;
#530 = VERTEX_POINT ( 'NONE', #1886 ) ;
#531 = ORIENTED_EDGE ( 'NONE', *, *, #7560, .F. ) ;
#532 = DIRECTION ( 'NONE',  ( 0.0000000000000000000, 0.0000000000000000000, -1.000000000000000000 ) ) ;
#533 = ORIENTED_EDGE ( 'NONE', *, *, #4160, .T. ) ;
#534 = CARTESIAN_POINT ( 'NONE',  ( 3.234999999999999876, 1.850000000000000089, -1.025000000000000133 ) ) ;
#535 = ORIENTED_EDGE ( 'NONE', *, *, #2885, .F. ) ;
#536 = MECHANICAL_DESIGN_GEOMETRIC_PRESENTATION_REPRESENTATION (  '', ( #2307 ), #2739 ) ;
#537 = PRESENTATION_LAYER_ASSIGNMENT (  '', '', ( #2476 ) ) ;
#538 = CARTESIAN_POINT ( 'NONE',  ( 3.225000000000000089, 1.649999999999999911, -1.025000000000000133 ) ) ;
#539 = CARTESIAN_POINT ( 'NONE',  ( 4.575000000000001066, 1.649999999999999911, -1.698606797699999893 ) ) ;
#540 = EDGE_CURVE ( 'NONE', #3202, #4384, #7039, .T. ) ;
#541 = AXIS2_PLACEMENT_3D ( 'NONE', #2792, #8134, #6149 ) ;
#542 = DIRECTION ( 'NONE',  ( 1.000000000000000000, 0.0000000000000000000, 0.0000000000000000000 ) ) ;
#543 = CARTESIAN_POINT ( 'NONE',  ( -0.5250000000000000222, -0.004464445899999999919, 0.003975566199999999890 ) ) ;
#544 = EDGE_LOOP ( 'NONE', ( #5988, #2816, #6365, #5119 ) ) ;
#545 = VERTEX_POINT ( 'NONE', #2528 ) ;
#546 = DIRECTION ( 'NONE',  ( 0.0000000000000000000, 0.0000000000000000000, 1.000000000000000000 ) ) ;
#547 = CARTESIAN_POINT ( 'NONE',  ( 2.499999999999999556, 0.0000000000000000000, -1.025000000000000133 ) ) ;
#548 = EDGE_CURVE ( 'NONE', #2227, #5710, #7976, .T. ) ;
#549 = EDGE_CURVE ( 'NONE', #1983, #4222, #2263, .T. ) ;
#550 = DIRECTION ( 'NONE',  ( 1.000000000000000000, 0.0000000000000000000, 0.0000000000000000000 ) ) ;
#551 = CARTESIAN_POINT ( 'NONE',  ( 6.025000000000001243, 2.250000000000000000, -1.925000000000000711 ) ) ;
#552 = LINE ( 'NONE', #178, #3737 ) ;
#553 = EDGE_CURVE ( 'NONE', #8308, #3650, #7469, .T. ) ;
#554 = CLOSED_SHELL ( 'NONE', ( #6699, #7171, #6255, #4174, #2796, #156, #2670, #8191, #1798, #6718, #6083, #4421, #1374, #5882, #3434, #7980, #7465, #2131 ) ) ;
#555 = ORIENTED_EDGE ( 'NONE', *, *, #6466, .T. ) ;
#556 = DIRECTION ( 'NONE',  ( 0.0000000000000000000, 1.000000000000000000, 0.0000000000000000000 ) ) ;
#557 = LINE ( 'NONE', #4811, #7510 ) ;
#558 = EDGE_CURVE ( 'NONE', #2515, #7831, #203, .T. ) ;
#559 = AXIS2_PLACEMENT_3D ( 'NONE', #5423, #8007, #6644 ) ;
#560 = VERTEX_POINT ( 'NONE', #5985 ) ;
#561 = CARTESIAN_POINT ( 'NONE',  ( 4.475000000000000533, 0.0000000000000000000, -2.024999999999999911 ) ) ;
#562 = VERTEX_POINT ( 'NONE', #80 ) ;
#563 = ORIENTED_EDGE ( 'NONE', *, *, #6803, .T. ) ;
#564 = EDGE_LOOP ( 'NONE', ( #368, #4689, #3843, #7297 ) ) ;
#565 = DIRECTION ( 'NONE',  ( 0.0000000000000000000, -1.000000000000000000, 0.0000000000000000000 ) ) ;
#567 = PRESENTATION_STYLE_ASSIGNMENT (( #5009 ) ) ;
#566 = PLANE ( 'NONE',  #4800 ) ;
#568 = EDGE_CURVE ( 'NONE', #6546, #1099, #2369, .T. ) ;
#569 = FACE_OUTER_BOUND ( 'NONE', #3604, .T. ) ;
#570 = DIRECTION ( 'NONE',  ( -0.0000000000000000000, -0.0000000000000000000, 1.000000000000000000 ) ) ;
#571 = CARTESIAN_POINT ( 'NONE',  ( 0.5250000000000000222, 0.0000000000000000000, 2.024999999999999911 ) ) ;
#572 = DIRECTION ( 'NONE',  ( 0.0000000000000000000, 0.0000000000000000000, -1.000000000000000000 ) ) ;
#573 = ORIENTED_EDGE ( 'NONE', *, *, #6171, .F. ) ;
#574 = ORIENTED_EDGE ( 'NONE', *, *, #4887, .T. ) ;
#575 = DIRECTION ( 'NONE',  ( 0.0000000000000000000, 1.000000000000000000, 0.0000000000000000000 ) ) ;
#576 = ORIENTED_EDGE ( 'NONE', *, *, #4671, .F. ) ;
#577 = DIRECTION ( 'NONE',  ( 0.0000000000000000000, 1.000000000000000000, 0.0000000000000000000 ) ) ;
#578 = CLOSED_SHELL ( 'NONE', ( #5861, #952, #2611, #2709, #138, #4715, #3257, #1296, #5236, #1080, #5217, #7854, #866, #4211, #5615, #6979, #7545, #306 ) ) ;
#579 = EDGE_LOOP ( 'NONE', ( #6625, #4465, #6882, #6669 ) ) ;
#580 = VECTOR ( 'NONE', #1827, 1000.000000000000000 ) ;
#581 = LINE ( 'NONE', #6892, #3659 ) ;
#582 = DIRECTION ( 'NONE',  ( 0.0000000000000000000, 0.0000000000000000000, -1.000000000000000000 ) ) ;
#583 = AXIS2_PLACEMENT_3D ( 'NONE', #4161, #5550, #4816 ) ;
#584 = DIRECTION ( 'NONE',  ( -1.000000000000000000, 0.0000000000000000000, 0.0000000000000000000 ) ) ;
#585 = CARTESIAN_POINT ( 'NONE',  ( 0.7249999999999998668, 0.3499999999999999778, -2.075000000000000178 ) ) ;
#586 = LINE ( 'NONE', #3960, #7310 ) ;
#587 = ORIENTED_EDGE ( 'NONE', *, *, #1719, .F. ) ;
#588 = ORIENTED_EDGE ( 'NONE', *, *, #324, .F. ) ;
#589 = CARTESIAN_POINT ( 'NONE',  ( -0.7249999999999999778, 0.05000000000000002359, -1.775000000000000133 ) ) ;
#590 = VERTEX_POINT ( 'NONE', #2640 ) ;
#591 = LINE ( 'NONE', #6975, #1410 ) ;
#592 = AXIS2_PLACEMENT_3D ( 'NONE', #3950, #5997, #4693 ) ;
#593 = ORIENTED_EDGE ( 'NONE', *, *, #3581, .F. ) ;
#594 = ORIENTED_EDGE ( 'NONE', *, *, #4123, .T. ) ;
#595 = LINE ( 'NONE', #8443, #1200 ) ;
#596 = FACE_OUTER_BOUND ( 'NONE', #3504, .T. ) ;
#597 = PLANE ( 'NONE',  #3490 ) ;
#598 = FACE_OUTER_BOUND ( 'NONE', #5164, .T. ) ;
#599 = DIRECTION ( 'NONE',  ( 1.000000000000000000, 0.0000000000000000000, 0.0000000000000000000 ) ) ;
#600 = EDGE_CURVE ( 'NONE', #3035, #7298, #4700, .T. ) ;
#601 = ORIENTED_EDGE ( 'NONE', *, *, #8010, .T. ) ;
#602 = ORIENTED_EDGE ( 'NONE', *, *, #342, .T. ) ;
#603 = LINE ( 'NONE', #4766, #7451 ) ;
#604 = DIRECTION ( 'NONE',  ( -8.673617379884027583E-16, 0.0000000000000000000, 1.000000000000000000 ) ) ;
#605 = CARTESIAN_POINT ( 'NONE',  ( -2.274999999999999911, 2.250000000000000000, -2.024999999999999911 ) ) ;
#606 = LINE ( 'NONE', #1555, #1736 ) ;
#607 = ADVANCED_FACE ( 'NONE', ( #609 ), #2079, .T. ) ;
#608 = ORIENTED_EDGE ( 'NONE', *, *, #2021, .F. ) ;
#609 = FACE_OUTER_BOUND ( 'NONE', #6445, .T. ) ;
#610 =( GEOMETRIC_REPRESENTATION_CONTEXT ( 3 ) GLOBAL_UNCERTAINTY_ASSIGNED_CONTEXT ( ( #4920 ) ) GLOBAL_UNIT_ASSIGNED_CONTEXT ( ( #4050, #5381, #4144 ) ) REPRESENTATION_CONTEXT ( 'NONE', 'WORKASPACE' ) );
#611 = VECTOR ( 'NONE', #1578, 1000.000000000000000 ) ;
#612 = CARTESIAN_POINT ( 'NONE',  ( 1.975000000000000089, 0.0000000000000000000, 2.024999999999999911 ) ) ;
#613 = DIRECTION ( 'NONE',  ( 0.0000000000000000000, -1.000000000000000000, 0.0000000000000000000 ) ) ;
#614 = CARTESIAN_POINT ( 'NONE',  ( -0.5150000000000000133, 1.850000000000000089, -1.025000000000000133 ) ) ;
#615 = LINE ( 'NONE', #323, #7036 ) ;
#616 = CARTESIAN_POINT ( 'NONE',  ( 6.025000000000001243, 2.250000000000000000, -2.024999999999999911 ) ) ;
#617 = EDGE_CURVE ( 'NONE', #3513, #1606, #310, .T. ) ;
#618 = LINE ( 'NONE', #7870, #2039 ) ;
#619 = LINE ( 'NONE', #5769, #4911 ) ;
#620 = EDGE_CURVE ( 'NONE', #2789, #1427, #3880, .T. ) ;
#621 = CARTESIAN_POINT ( 'NONE',  ( 4.275000000000000355, 1.649999999999999911, -1.698606797699999893 ) ) ;
#622 = CARTESIAN_POINT ( 'NONE',  ( 1.975000000000000089, 0.5000000000000000000, -1.525000000000000133 ) ) ;
#623 = VECTOR ( 'NONE', #4145, 1000.000000000000000 ) ;
#624 = EDGE_CURVE ( 'NONE', #6575, #6808, #3790, .T. ) ;
#625 = CARTESIAN_POINT ( 'NONE',  ( 4.575000000000001066, 1.649999999999999911, -1.698606797699999893 ) ) ;
#626 = LINE ( 'NONE', #471, #5417 ) ;
#627 = CARTESIAN_POINT ( 'NONE',  ( 4.475000000000000533, 0.5000000000000000000, -1.525000000000000133 ) ) ;
#628 = CARTESIAN_POINT ( 'NONE',  ( 4.264999999999999680, 1.850000000000000089, -1.025000000000000133 ) ) ;
#629 = CARTESIAN_POINT ( 'NONE',  ( 3.324999999999999734, 1.649999999999999911, -1.025000000000000133 ) ) ;
#630 = ADVANCED_FACE ( 'NONE', ( #513 ), #661, .T. ) ;
#631 = ORIENTED_EDGE ( 'NONE', *, *, #1612, .T. ) ;
#632 = ORIENTED_EDGE ( 'NONE', *, *, #2155, .F. ) ;
#633 = LINE ( 'NONE', #7240, #1956 ) ;
#634 = DIRECTION ( 'NONE',  ( 1.000000000000000000, 0.0000000000000000000, 0.0000000000000000000 ) ) ;
#635 = VERTEX_POINT ( 'NONE', #3940 ) ;
#636 = LINE ( 'NONE', #3412, #2893 ) ;
#637 = DIRECTION ( 'NONE',  ( 0.0000000000000000000, -1.000000000000000000, 0.0000000000000000000 ) ) ;
#638 = FACE_OUTER_BOUND ( 'NONE', #4318, .T. ) ;
#639 = ORIENTED_EDGE ( 'NONE', *, *, #8205, .F. ) ;
#640 = CARTESIAN_POINT ( 'NONE',  ( -0.5250000000000000222, 1.000000000000000000, 0.0000000000000000000 ) ) ;
#641 = EDGE_LOOP ( 'NONE', ( #5442, #646, #5702, #144 ) ) ;
#642 = ORIENTED_EDGE ( 'NONE', *, *, #4769, .F. ) ;
#643 = ORIENTED_EDGE ( 'NONE', *, *, #3162, .F. ) ;
#644 = ORIENTED_EDGE ( 'NONE', *, *, #6343, .F. ) ;
#645 = AXIS2_PLACEMENT_3D ( 'NONE', #2273, #317, #2303 ) ;
#646 = ORIENTED_EDGE ( 'NONE', *, *, #5142, .F. ) ;
#647 = VECTOR ( 'NONE', #7696, 1000.000000000000000 ) ;
#648 = CARTESIAN_POINT ( 'NONE',  ( 4.174999999999999822, 1.850000000000000089, -1.698606797699999893 ) ) ;
#649 = ORIENTED_EDGE ( 'NONE', *, *, #7175, .T. ) ;
#650 = ORIENTED_EDGE ( 'NONE', *, *, #1328, .T. ) ;
#651 = CARTESIAN_POINT ( 'NONE',  ( 4.485000000000001208, 1.850000000000000089, -2.024999999999999911 ) ) ;
#652 = ORIENTED_EDGE ( 'NONE', *, *, #7838, .T. ) ;
#653 = EDGE_CURVE ( 'NONE', #7168, #1808, #7143, .T. ) ;
#654 = ADVANCED_FACE ( 'NONE', ( #2151 ), #5264, .T. ) ;
#655 = DIRECTION ( 'NONE',  ( 1.000000000000000000, 0.0000000000000000000, 0.0000000000000000000 ) ) ;
#656 = CARTESIAN_POINT ( 'NONE',  ( 2.075000000000000178, 1.850000000000000089, -1.698606797699999893 ) ) ;
#657 = AXIS2_PLACEMENT_3D ( 'NONE', #5870, #3243, #4 ) ;
#658 = ORIENTED_EDGE ( 'NONE', *, *, #617, .F. ) ;
#659 = ORIENTED_EDGE ( 'NONE', *, *, #8184, .T. ) ;
#660 = CARTESIAN_POINT ( 'NONE',  ( 4.474999999999999645, 1.350000000000000089, 0.0000000000000000000 ) ) ;
#661 = PLANE ( 'NONE',  #1215 ) ;
#662 = EDGE_CURVE ( 'NONE', #6559, #6645, #6230, .T. ) ;
#663 = PLANE ( 'NONE',  #2136 ) ;
#664 = DIRECTION ( 'NONE',  ( -1.000000000000000000, 0.0000000000000000000, 0.0000000000000000000 ) ) ;
#665 = EDGE_LOOP ( 'NONE', ( #7012, #1155, #3004, #5677 ) ) ;
#666 = EDGE_CURVE ( 'NONE', #795, #3863, #5916, .T. ) ;
#667 = LINE ( 'NONE', #4365, #160 ) ;
#668 = PRODUCT ( 'B05MB-GHS-TBT', 'B05MB-GHS-TBT', '', ( #4075 ) ) ;
#669 = EDGE_CURVE ( 'NONE', #8202, #8308, #3476, .T. ) ;
#670 = ORIENTED_EDGE ( 'NONE', *, *, #7386, .T. ) ;
#671 = VERTEX_POINT ( 'NONE', #7356 ) ;
#672 = FILL_AREA_STYLE_COLOUR ( '', #6312 ) ;
#673 = ADVANCED_FACE ( 'NONE', ( #2041 ), #2236, .T. ) ;
#674 = VERTEX_POINT ( 'NONE', #2868 ) ;
#675 = ORIENTED_EDGE ( 'NONE', *, *, #6361, .F. ) ;
#676 = EDGE_CURVE ( 'NONE', #705, #228, #3587, .T. ) ;
#677 = FACE_OUTER_BOUND ( 'NONE', #2931, .T. ) ;
#678 = VECTOR ( 'NONE', #6273, 1000.000000000000000 ) ;
#679 = VERTEX_POINT ( 'NONE', #2832 ) ;
#680 = EDGE_CURVE ( 'NONE', #5657, #3515, #5295, .T. ) ;
#681 = ORIENTED_EDGE ( 'NONE', *, *, #3528, .T. ) ;
#682 = DIRECTION ( 'NONE',  ( 1.000000000000000000, 0.0000000000000000000, 0.0000000000000000000 ) ) ;
#683 = LINE ( 'NONE', #5229, #5990 ) ;
#684 = VERTEX_POINT ( 'NONE', #2206 ) ;
#685 = EDGE_LOOP ( 'NONE', ( #6400, #5933, #6417, #6123 ) ) ;
#686 = ORIENTED_EDGE ( 'NONE', *, *, #2606, .F. ) ;
#687 = LINE ( 'NONE', #3559, #6102 ) ;
#688 = DIRECTION ( 'NONE',  ( 0.0000000000000000000, 1.000000000000000000, 0.0000000000000000000 ) ) ;
#689 = LINE ( 'NONE', #447, #5491 ) ;
#690 = ORIENTED_EDGE ( 'NONE', *, *, #6069, .T. ) ;
#691 = EDGE_LOOP ( 'NONE', ( #5960, #1065, #1898, #766, #4946, #7750 ) ) ;
#692 = VECTOR ( 'NONE', #1018, 1000.000000000000000 ) ;
#693 = CARTESIAN_POINT ( 'NONE',  ( 5.125000000000000888, 3.750000000000000000, -2.024999999999999911 ) ) ;
#694 = ADVANCED_FACE ( 'NONE', ( #929 ), #5413, .T. ) ;
#695 = CARTESIAN_POINT ( 'NONE',  ( 5.375000000000000000, 1.000000000000000000, -1.525000000000000133 ) ) ;
#696 = DIRECTION ( 'NONE',  ( 0.0000000000000000000, -1.000000000000000000, 0.0000000000000000000 ) ) ;
#697 = LINE ( 'NONE', #8175, #6205 ) ;
#698 = DIRECTION ( 'NONE',  ( -1.000000000000000000, 0.0000000000000000000, 0.0000000000000000000 ) ) ;
#699 = ORIENTED_EDGE ( 'NONE', *, *, #707, .F. ) ;
#700 = VECTOR ( 'NONE', #7289, 1000.000000000000000 ) ;
#701 =( LENGTH_UNIT ( ) NAMED_UNIT ( * ) SI_UNIT ( .MILLI., .METRE. ) );
#702 = LINE ( 'NONE', #7359, #2754 ) ;
#703 = VECTOR ( 'NONE', #4779, 1000.000000000000000 ) ;
#704 = CARTESIAN_POINT ( 'NONE',  ( 0.7249999999999999778, 1.850000000000000089, 2.024999999999999911 ) ) ;
#705 = VERTEX_POINT ( 'NONE', #1571 ) ;
#706 = VECTOR ( 'NONE', #2609, 1000.000000000000000 ) ;
#707 = EDGE_CURVE ( 'NONE', #136, #3437, #7034, .T. ) ;
#708 = AXIS2_PLACEMENT_3D ( 'NONE', #991, #5585, #1642 ) ;
#709 = LINE ( 'NONE', #7339, #820 ) ;
#710 = CARTESIAN_POINT ( 'NONE',  ( 0.4249999999999999889, 1.850000000000000089, -1.698606797699999893 ) ) ;
#711 = DIRECTION ( 'NONE',  ( 0.0000000000000000000, 0.0000000000000000000, -1.000000000000000000 ) ) ;
#712 = CARTESIAN_POINT ( 'NONE',  ( 6.025000000000001243, 3.600000000000000977, -1.425000000000000044 ) ) ;
#713 = ADVANCED_FACE ( 'NONE', ( #8173 ), #7972, .F. ) ;
#714 = VECTOR ( 'NONE', #5109, 1000.000000000000000 ) ;
#715 = LINE ( 'NONE', #4267, #611 ) ;
#716 = DIRECTION ( 'NONE',  ( -0.0000000000000000000, 1.000000000000000000, 0.0000000000000000000 ) ) ;
#717 = AXIS2_PLACEMENT_3D ( 'NONE', #5597, #1685, #4910 ) ;
#718 = CARTESIAN_POINT ( 'NONE',  ( -0.5250000000000000222, 0.3499999999999999778, -2.075000000000000178 ) ) ;
#719 = VECTOR ( 'NONE', #1574, 1000.000000000000000 ) ;
#720 = DIRECTION ( 'NONE',  ( 0.0000000000000000000, 0.6650335612228979176, -0.7468134723257140450 ) ) ;
#721 = CARTESIAN_POINT ( 'NONE',  ( 4.625000000000000888, 3.750000000000000000, 2.024999999999999911 ) ) ;
#722 = FACE_OUTER_BOUND ( 'NONE', #23, .T. ) ;
#723 = EDGE_CURVE ( 'NONE', #3749, #5175, #4897, .T. ) ;
#724 = CARTESIAN_POINT ( 'NONE',  ( 4.264999999999999680, 1.649999999999999911, -1.474999999999999867 ) ) ;
#725 = VERTEX_POINT ( 'NONE', #4207 ) ;
#726 = DIRECTION ( 'NONE',  ( 0.0000000000000000000, -0.0000000000000000000, 1.000000000000000000 ) ) ;
#727 = VECTOR ( 'NONE', #5476, 1000.000000000000000 ) ;
#728 = EDGE_CURVE ( 'NONE', #2425, #6840, #3081, .T. ) ;
#729 = LINE ( 'NONE', #4786, #3385 ) ;
#730 = ADVANCED_FACE ( 'NONE', ( #3364 ), #8169, .T. ) ;
#731 = VERTEX_POINT ( 'NONE', #5727 ) ;
#732 = UNCERTAINTY_MEASURE_WITH_UNIT (LENGTH_MEASURE( 1.000000000000000082E-05 ), #382, 'distance_accuracy_value', 'NONE');
#733 = ORIENTED_EDGE ( 'NONE', *, *, #1380, .T. ) ;
#734 = CARTESIAN_POINT ( 'NONE',  ( -0.8750000000000000000, 4.153701442700000079, -1.791922863399999954 ) ) ;
#735 = ORIENTED_EDGE ( 'NONE', *, *, #955, .T. ) ;
#736 = PLANE ( 'NONE',  #5339 ) ;
#737 = DIRECTION ( 'NONE',  ( 1.000000000000000000, 0.0000000000000000000, 0.0000000000000000000 ) ) ;
#738 = FACE_OUTER_BOUND ( 'NONE', #5847, .T. ) ;
#739 = ORIENTED_EDGE ( 'NONE', *, *, #8250, .T. ) ;
#740 = ORIENTED_EDGE ( 'NONE', *, *, #5245, .T. ) ;
#741 = ORIENTED_EDGE ( 'NONE', *, *, #1434, .F. ) ;
#742 = DIRECTION ( 'NONE',  ( 0.0000000000000000000, 0.0000000000000000000, 1.000000000000000000 ) ) ;
#743 = DIRECTION ( 'NONE',  ( 0.0000000000000000000, 1.000000000000000000, -3.295974604355814534E-17 ) ) ;
#744 = CARTESIAN_POINT ( 'NONE',  ( 4.275000000000000355, 1.850000000000000089, 2.024999999999999911 ) ) ;
#745 = VERTEX_POINT ( 'NONE', #312 ) ;
#746 = ORIENTED_EDGE ( 'NONE', *, *, #114, .F. ) ;
#747 = DIRECTION ( 'NONE',  ( 0.0000000000000000000, 1.000000000000000000, 0.0000000000000000000 ) ) ;
#748 = DIRECTION ( 'NONE',  ( 1.000000000000000000, 0.0000000000000000000, 0.0000000000000000000 ) ) ;
#749 = ADVANCED_FACE ( 'NONE', ( #2872 ), #6385, .F. ) ;
#750 = DIRECTION ( 'NONE',  ( 1.000000000000000000, 0.0000000000000000000, 0.0000000000000000000 ) ) ;
#751 = CARTESIAN_POINT ( 'NONE',  ( 5.775000000000000355, 4.240000000000000213, -1.925000000000000933 ) ) ;
#752 = VECTOR ( 'NONE', #265, 1000.000000000000000 ) ;
#753 = EDGE_CURVE ( 'NONE', #5316, #5433, #6728, .T. ) ;
#754 = VERTEX_POINT ( 'NONE', #4257 ) ;
#755 = ORIENTED_EDGE ( 'NONE', *, *, #1220, .F. ) ;
#756 = CARTESIAN_POINT ( 'NONE',  ( -0.5150000000000000133, 1.850000000000000089, -1.025000000000000133 ) ) ;
#758 = COLOUR_RGB ( '',1.000000000000000000, 1.000000000000000000, 1.000000000000000000 ) ;
#757 = DIRECTION ( 'NONE',  ( 0.0000000000000000000, 0.0000000000000000000, -1.000000000000000000 ) ) ;
#759 = CARTESIAN_POINT ( 'NONE',  ( 6.025000000000001243, 4.249999999999998224, -2.075000000000001510 ) ) ;
#760 = PRESENTATION_LAYER_ASSIGNMENT (  '', '', ( #2257 ) ) ;
#761 = FACE_OUTER_BOUND ( 'NONE', #6588, .T. ) ;
#762 = ORIENTED_EDGE ( 'NONE', *, *, #2986, .F. ) ;
#763 = ORIENTED_EDGE ( 'NONE', *, *, #2592, .T. ) ;
#764 = CARTESIAN_POINT ( 'NONE',  ( -0.7349999999999999867, 1.850000000000000089, -2.024999999999999911 ) ) ;
#765 = PRESENTATION_STYLE_ASSIGNMENT (( #2979 ) ) ;
#766 = ORIENTED_EDGE ( 'NONE', *, *, #7688, .F. ) ;
#767 = LINE ( 'NONE', #6721, #8332 ) ;
#768 = ORIENTED_EDGE ( 'NONE', *, *, #6040, .T. ) ;
#769 = CARTESIAN_POINT ( 'NONE',  ( 2.075000000000000178, 1.850000000000000089, -1.474999999999999867 ) ) ;
#770 = ADVANCED_FACE ( 'NONE', ( #1022 ), #7454, .F. ) ;
#771 = EDGE_LOOP ( 'NONE', ( #2798, #6173, #2891, #5753 ) ) ;
#772 = EDGE_CURVE ( 'NONE', #856, #2948, #5099, .T. ) ;
#773 = VERTEX_POINT ( 'NONE', #1622 ) ;
#774 = CARTESIAN_POINT ( 'NONE',  ( -2.274999999999999911, 3.600000000000000977, -0.07499999999999998335 ) ) ;
#775 = ORIENTED_EDGE ( 'NONE', *, *, #5023, .T. ) ;
#776 = ORIENTED_EDGE ( 'NONE', *, *, #1590, .F. ) ;
#777 = EDGE_CURVE ( 'NONE', #3904, #5097, #6125, .T. ) ;
#778 = FACE_OUTER_BOUND ( 'NONE', #3713, .T. ) ;
#779 = VECTOR ( 'NONE', #4795, 1000.000000000000000 ) ;
#780 = EDGE_LOOP ( 'NONE', ( #5072, #3416, #6764, #3998 ) ) ;
#781 = CARTESIAN_POINT ( 'NONE',  ( -0.5250000000000000222, 1.850000000000000089, -2.024999999999999911 ) ) ;
#782 = EDGE_CURVE ( 'NONE', #128, #499, #92, .T. ) ;
#783 = LINE ( 'NONE', #5725, #385 ) ;
#784 = DIRECTION ( 'NONE',  ( 1.000000000000000000, 0.0000000000000000000, 0.0000000000000000000 ) ) ;
#785 = ORIENTED_EDGE ( 'NONE', *, *, #7848, .F. ) ;
#786 = LINE ( 'NONE', #6770, #7654 ) ;
#787 = CARTESIAN_POINT ( 'NONE',  ( -0.8750000000000000000, 3.750000000000000000, -2.024999999999999911 ) ) ;
#788 = ORIENTED_EDGE ( 'NONE', *, *, #3258, .T. ) ;
#789 = CARTESIAN_POINT ( 'NONE',  ( 1.774999999999999911, 0.05000000000000002359, -1.775000000000000133 ) ) ;
#790 = VECTOR ( 'NONE', #819, 1000.000000000000000 ) ;
#791 = EDGE_CURVE ( 'NONE', #123, #2548, #3179, .T. ) ;
#792 = DIRECTION ( 'NONE',  ( 0.0000000000000000000, 0.0000000000000000000, -1.000000000000000000 ) ) ;
#793 = COLOUR_RGB ( '',1.000000000000000000, 1.000000000000000000, 1.000000000000000000 ) ;
#794 = DIRECTION ( 'NONE',  ( 0.0000000000000000000, -3.854941057726236322E-15, 1.000000000000000000 ) ) ;
#795 = VERTEX_POINT ( 'NONE', #3751 ) ;
#796 = VERTEX_POINT ( 'NONE', #7506 ) ;
#797 = CARTESIAN_POINT ( 'NONE',  ( 5.125000000000000888, 3.149999999999999911, 0.02500000000000000139 ) ) ;
#798 = PRESENTATION_STYLE_ASSIGNMENT (( #4612 ) ) ;
#799 = ADVANCED_FACE ( 'NONE', ( #4690 ), #4849, .T. ) ;
#800 = DIRECTION ( 'NONE',  ( 0.0000000000000000000, 1.000000000000000000, 0.0000000000000000000 ) ) ;
#801 = VECTOR ( 'NONE', #4712, 1000.000000000000000 ) ;
#802 = DIRECTION ( 'NONE',  ( 0.0000000000000000000, -1.000000000000000000, 0.0000000000000000000 ) ) ;
#803 = CARTESIAN_POINT ( 'NONE',  ( 1.775000000000000133, 0.0000000000000000000, 2.024999999999999911 ) ) ;
#804 = LINE ( 'NONE', #6433, #6616 ) ;
#805 = AXIS2_PLACEMENT_3D ( 'NONE', #2048, #4648, #6580 ) ;
#806 = ORIENTED_EDGE ( 'NONE', *, *, #16, .T. ) ;
#807 = VERTEX_POINT ( 'NONE', #1197 ) ;
#808 = COLOUR_RGB ( '',0.6470588235294117974, 0.6196078431372549211, 0.5882352941176470784 ) ;
#809 =( NAMED_UNIT ( * ) SI_UNIT ( $, .STERADIAN. ) SOLID_ANGLE_UNIT ( ) );
#810 = CARTESIAN_POINT ( 'NONE',  ( 0.5250000000000000222, 1.350000000000000089, -1.525000000000000133 ) ) ;
#811 = LINE ( 'NONE', #6942, #1221 ) ;
#812 = CARTESIAN_POINT ( 'NONE',  ( -1.375000000000000000, 3.750000000000000000, 2.024999999999999911 ) ) ;
#813 = VECTOR ( 'NONE', #4607, 1000.000000000000000 ) ;
#814 = SURFACE_SIDE_STYLE ('',( #322 ) ) ;
#815 = VECTOR ( 'NONE', #4517, 1000.000000000000000 ) ;
#816 = FACE_OUTER_BOUND ( 'NONE', #2302, .T. ) ;
#817 =( GEOMETRIC_REPRESENTATION_CONTEXT ( 3 ) GLOBAL_UNCERTAINTY_ASSIGNED_CONTEXT ( ( #2794 ) ) GLOBAL_UNIT_ASSIGNED_CONTEXT ( ( #7010, #1845, #7056 ) ) REPRESENTATION_CONTEXT ( 'NONE', 'WORKASPACE' ) );
#818 = PRESENTATION_LAYER_ASSIGNMENT (  '', '', ( #7989 ) ) ;
#819 = DIRECTION ( 'NONE',  ( 0.0000000000000000000, 3.252606517456512119E-15, -1.000000000000000000 ) ) ;
#820 = VECTOR ( 'NONE', #2850, 1000.000000000000000 ) ;
#821 = ADVANCED_FACE ( 'NONE', ( #506 ), #8356, .T. ) ;
#822 = VECTOR ( 'NONE', #4708, 1000.000000000000000 ) ;
#823 = CARTESIAN_POINT ( 'NONE',  ( 4.264999999999999680, 1.649999999999999911, -1.698606797699999893 ) ) ;
#824 = EDGE_CURVE ( 'NONE', #64, #882, #6012, .T. ) ;
#825 = AXIS2_PLACEMENT_3D ( 'NONE', #7837, #637, #582 ) ;
#826 = VECTOR ( 'NONE', #4125, 1000.000000000000000 ) ;
#827 = FILL_AREA_STYLE_COLOUR ( '', #7027 ) ;
#828 = PLANE ( 'NONE',  #4863 ) ;
#829 = EDGE_CURVE ( 'NONE', #6792, #2839, #7668, .T. ) ;
#830 = VECTOR ( 'NONE', #7323, 1000.000000000000000 ) ;
#831 = PLANE ( 'NONE',  #46 ) ;
#832 = VECTOR ( 'NONE', #2280, 1000.000000000000000 ) ;
#833 = EDGE_CURVE ( 'NONE', #5248, #2068, #1536, .T. ) ;
#834 = CARTESIAN_POINT ( 'NONE',  ( 1.675000000000000044, 1.850000000000000089, -1.474999999999999867 ) ) ;
#835 = DIRECTION ( 'NONE',  ( 0.0000000000000000000, 1.000000000000000000, 0.0000000000000000000 ) ) ;
#836 = CARTESIAN_POINT ( 'NONE',  ( 4.274999999999999467, 0.3499999999999999778, -2.075000000000000178 ) ) ;
#837 = VERTEX_POINT ( 'NONE', #3161 ) ;
#838 = ORIENTED_EDGE ( 'NONE', *, *, #4387, .T. ) ;
#839 = LINE ( 'NONE', #2661, #3098 ) ;
#840 = EDGE_CURVE ( 'NONE', #2445, #1653, #8077, .T. ) ;
#841 =( GEOMETRIC_REPRESENTATION_CONTEXT ( 3 ) GLOBAL_UNCERTAINTY_ASSIGNED_CONTEXT ( ( #480 ) ) GLOBAL_UNIT_ASSIGNED_CONTEXT ( ( #1825, #2922, #5073 ) ) REPRESENTATION_CONTEXT ( 'NONE', 'WORKASPACE' ) );
#842 = EDGE_LOOP ( 'NONE', ( #4175, #588, #2896, #3671, #7002, #4289, #7013, #3047 ) ) ;
#843 = DIRECTION ( 'NONE',  ( 0.0000000000000000000, 1.000000000000000000, 0.0000000000000000000 ) ) ;
#844 = CARTESIAN_POINT ( 'NONE',  ( -2.500000000000000000, 4.009511388567677415, -0.07499999999999998335 ) ) ;
#845 = ADVANCED_FACE ( 'NONE', ( #1325 ), #5146, .T. ) ;
#846 = LINE ( 'NONE', #4943, #5838 ) ;
#847 = DIRECTION ( 'NONE',  ( 0.0000000000000000000, 1.339206523454101388E-15, 1.000000000000000000 ) ) ;
#848 = ORIENTED_EDGE ( 'NONE', *, *, #2851, .T. ) ;
#849 = UNCERTAINTY_MEASURE_WITH_UNIT (LENGTH_MEASURE( 1.000000000000000082E-05 ), #5713, 'distance_accuracy_value', 'NONE');
#850 = EDGE_CURVE ( 'NONE', #6727, #2227, #7233, .T. ) ;
#851 = ORIENTED_EDGE ( 'NONE', *, *, #5245, .F. ) ;
#852 = CARTESIAN_POINT ( 'NONE',  ( 1.774999999999999911, 0.3500000000000000333, -2.024999999999999911 ) ) ;
#853 = ORIENTED_EDGE ( 'NONE', *, *, #4513, .F. ) ;
#854 = DIRECTION ( 'NONE',  ( 1.000000000000000000, 0.0000000000000000000, 0.0000000000000000000 ) ) ;
#855 = DIRECTION ( 'NONE',  ( 0.0000000000000000000, 2.997602166487923448E-15, -1.000000000000000000 ) ) ;
#856 = VERTEX_POINT ( 'NONE', #1334 ) ;
#857 = VERTEX_POINT ( 'NONE', #3310 ) ;
#858 = EDGE_LOOP ( 'NONE', ( #3369, #8260, #4483, #4964, #873, #91, #1753, #6325, #5774, #1690, #7691, #2781, #1584, #6266, #2693, #5799 ) ) ;
#859 = ORIENTED_EDGE ( 'NONE', *, *, #279, .F. ) ;
#860 = CARTESIAN_POINT ( 'NONE',  ( 0.5250000000000000222, 0.0000000000000000000, -2.024999999999999911 ) ) ;
#861 = DIRECTION ( 'NONE',  ( 1.000000000000000000, -0.0000000000000000000, 0.0000000000000000000 ) ) ;
#862 = CARTESIAN_POINT ( 'NONE',  ( 4.475000000000000533, 1.850000000000000089, 2.024999999999999911 ) ) ;
#863 = VECTOR ( 'NONE', #2448, 1000.000000000000000 ) ;
#864 = ORIENTED_EDGE ( 'NONE', *, *, #5764, .F. ) ;
#865 = EDGE_LOOP ( 'NONE', ( #2187, #5493, #2129, #7995 ) ) ;
#866 = ADVANCED_FACE ( 'NONE', ( #4401 ), #3363, .F. ) ;
#867 = DIRECTION ( 'NONE',  ( 0.0000000000000000000, -1.000000000000000000, 0.0000000000000000000 ) ) ;
#868 = CARTESIAN_POINT ( 'NONE',  ( 1.775000000000000133, -0.004464445899999999919, 0.003975566199999999890 ) ) ;
#869 = VECTOR ( 'NONE', #953, 1000.000000000000000 ) ;
#870 = CARTESIAN_POINT ( 'NONE',  ( -2.274999999999999911, 2.250000000000000000, -2.024999999999999911 ) ) ;
#871 = MECHANICAL_DESIGN_GEOMETRIC_PRESENTATION_REPRESENTATION (  '', ( #8044 ), #1306 ) ;
#872 = CARTESIAN_POINT ( 'NONE',  ( 1.775000000000000133, 1.350000000000000089, 1.525000000000000133 ) ) ;
#873 = ORIENTED_EDGE ( 'NONE', *, *, #2162, .T. ) ;
#874 = ORIENTED_EDGE ( 'NONE', *, *, #6906, .F. ) ;
#875 = CARTESIAN_POINT ( 'NONE',  ( -0.3750000000000000000, 2.750000000000000000, -0.4749999999999999778 ) ) ;
#876 = CARTESIAN_POINT ( 'NONE',  ( 3.225000000000000089, 0.05000000000000002359, -1.775000000000000133 ) ) ;
#877 = SURFACE_STYLE_FILL_AREA ( #427 ) ;
#878 = CARTESIAN_POINT ( 'NONE',  ( -0.5250000000000000222, -0.6500000000000000222, -2.075000000000000178 ) ) ;
#879 = APPLICATION_PROTOCOL_DEFINITION ( 'draft international standard', 'automotive_design', 1998, #164 ) ;
#880 = CARTESIAN_POINT ( 'NONE',  ( -2.274999999999999911, 0.6000000000000076383, -0.2249999999999982014 ) ) ;
#881 = ORIENTED_EDGE ( 'NONE', *, *, #165, .T. ) ;
#882 = VERTEX_POINT ( 'NONE', #6630 ) ;
#883 = ORIENTED_EDGE ( 'NONE', *, *, #8426, .F. ) ;
#884 = VERTEX_POINT ( 'NONE', #2105 ) ;
#885 = CARTESIAN_POINT ( 'NONE',  ( 0.7349999999999999867, 1.000000000000000000, -1.525000000000000133 ) ) ;
#886 = PRODUCT_DEFINITION ( 'UNKNOWN', '', #5848, #1365 ) ;
#887 = COLOUR_RGB ( '',0.6470588235294117974, 0.6196078431372549211, 0.5882352941176470784 ) ;
#888 = FACE_OUTER_BOUND ( 'NONE', #1382, .T. ) ;
#889 = CARTESIAN_POINT ( 'NONE',  ( 5.125000000000000888, 3.750000000000000000, 2.024999999999999911 ) ) ;
#890 = DIRECTION ( 'NONE',  ( 0.0000000000000000000, -4.336808689942024836E-15, 1.000000000000000000 ) ) ;
#891 = SURFACE_STYLE_FILL_AREA ( #4962 ) ;
#892 = DIRECTION ( 'NONE',  ( 0.0000000000000000000, 0.0000000000000000000, 1.000000000000000000 ) ) ;
#893 = VERTEX_POINT ( 'NONE', #1416 ) ;
#894 = CARTESIAN_POINT ( 'NONE',  ( 1.975000000000000089, -0.004464445899999999919, 0.003975566199999999890 ) ) ;
#895 = FACE_OUTER_BOUND ( 'NONE', #6288, .T. ) ;
#896 = EDGE_CURVE ( 'NONE', #59, #7004, #1074, .T. ) ;
#897 = ORIENTED_EDGE ( 'NONE', *, *, #5956, .T. ) ;
#898 = ORIENTED_EDGE ( 'NONE', *, *, #2990, .F. ) ;
#899 = LINE ( 'NONE', #5740, #1607 ) ;
#900 = CARTESIAN_POINT ( 'NONE',  ( 0.4249999999999999889, 1.850000000000000089, -1.474999999999999867 ) ) ;
#901 = DIRECTION ( 'NONE',  ( 1.000000000000000000, 0.0000000000000000000, 0.0000000000000000000 ) ) ;
#902 = ORIENTED_EDGE ( 'NONE', *, *, #5346, .F. ) ;
#903 = EDGE_CURVE ( 'NONE', #2284, #2309, #4802, .T. ) ;
#904 = LINE ( 'NONE', #769, #1401 ) ;
#905 = DIRECTION ( 'NONE',  ( 1.000000000000000000, 0.0000000000000000000, 0.0000000000000000000 ) ) ;
#906 =( LENGTH_UNIT ( ) NAMED_UNIT ( * ) SI_UNIT ( .MILLI., .METRE. ) );
#907 = VERTEX_POINT ( 'NONE', #3284 ) ;
#908 = ORIENTED_EDGE ( 'NONE', *, *, #7664, .T. ) ;
#909 = LINE ( 'NONE', #844, #1204 ) ;
#910 = CARTESIAN_POINT ( 'NONE',  ( 4.274999999999999467, -0.6500000000000000222, -1.775000000000000133 ) ) ;
#911 = DIRECTION ( 'NONE',  ( 0.0000000000000000000, 0.0000000000000000000, 1.000000000000000000 ) ) ;
#912 = CARTESIAN_POINT ( 'NONE',  ( 2.075000000000000178, 1.649999999999999911, -1.698606797699999893 ) ) ;
#913 = LINE ( 'NONE', #4980, #2553 ) ;
#914 = ADVANCED_FACE ( 'NONE', ( #2520 ), #6010, .F. ) ;
#915 = ORIENTED_EDGE ( 'NONE', *, *, #4492, .F. ) ;
#916 = VECTOR ( 'NONE', #2178, 1000.000000000000000 ) ;
#917 = VECTOR ( 'NONE', #575, 1000.000000000000000 ) ;
#918 = SURFACE_STYLE_USAGE ( .BOTH. , #8088 ) ;
#919 = DIRECTION ( 'NONE',  ( 0.0000000000000000000, 2.148487149506091871E-16, 1.000000000000000000 ) ) ;
#920 = FACE_OUTER_BOUND ( 'NONE', #3979, .T. ) ;
#921 = ORIENTED_EDGE ( 'NONE', *, *, #1819, .F. ) ;
#922 = LINE ( 'NONE', #5626, #5196 ) ;
#923 = DIRECTION ( 'NONE',  ( 0.0000000000000000000, -1.000000000000000000, 0.0000000000000000000 ) ) ;
#924 = LINE ( 'NONE', #6338, #5911 ) ;
#925 =( NAMED_UNIT ( * ) PLANE_ANGLE_UNIT ( ) SI_UNIT ( $, .RADIAN. ) );
#926 = LINE ( 'NONE', #3351, #4202 ) ;
#927 = DIRECTION ( 'NONE',  ( 1.000000000000000000, 0.0000000000000000000, 0.0000000000000000000 ) ) ;
#928 = CARTESIAN_POINT ( 'NONE',  ( 3.015000000000000124, 1.850000000000000089, -1.025000000000000133 ) ) ;
#929 = FACE_OUTER_BOUND ( 'NONE', #292, .T. ) ;
#930 = FACE_BOUND ( 'NONE', #3718, .T. ) ;
#931 = CARTESIAN_POINT ( 'NONE',  ( 4.264999999999999680, 0.0000000000000000000, -1.474999999999999867 ) ) ;
#932 = EDGE_CURVE ( 'NONE', #6363, #4142, #7819, .T. ) ;
#933 = CARTESIAN_POINT ( 'NONE',  ( 1.975000000000000089, 0.0000000000000000000, 2.024999999999999911 ) ) ;
#934 = VECTOR ( 'NONE', #264, 1000.000000000000000 ) ;
#935 = VECTOR ( 'NONE', #1700, 1000.000000000000000 ) ;
#936 = ORIENTED_EDGE ( 'NONE', *, *, #251, .T. ) ;
#937 = DIRECTION ( 'NONE',  ( 0.0000000000000000000, 0.0000000000000000000, 1.000000000000000000 ) ) ;
#938 = AXIS2_PLACEMENT_3D ( 'NONE', #7977, #716, #6023 ) ;
#939 = SURFACE_STYLE_USAGE ( .BOTH. , #4204 ) ;
#940 = AXIS2_PLACEMENT_3D ( 'NONE', #4198, #5552, #7497 ) ;
#941 = ORIENTED_EDGE ( 'NONE', *, *, #5042, .F. ) ;
#942 = VECTOR ( 'NONE', #2842, 1000.000000000000000 ) ;
#943 = PRESENTATION_STYLE_ASSIGNMENT (( #6801 ) ) ;
#944 = CARTESIAN_POINT ( 'NONE',  ( -2.475000000000000089, 1.999999999999997780, -2.024999999999999911 ) ) ;
#945 = DIRECTION ( 'NONE',  ( 1.000000000000000000, 0.0000000000000000000, 0.0000000000000000000 ) ) ;
#946 = EDGE_CURVE ( 'NONE', #3944, #1911, #2313, .T. ) ;
#947 = VERTEX_POINT ( 'NONE', #5945 ) ;
#948 = EDGE_LOOP ( 'NONE', ( #4335, #7205, #4233, #7947, #7764, #785, #3824 ) ) ;
#949 = ORIENTED_EDGE ( 'NONE', *, *, #1430, .T. ) ;
#950 = EDGE_CURVE ( 'NONE', #81, #1086, #4572, .T. ) ;
#951 = CARTESIAN_POINT ( 'NONE',  ( -2.024999999999999911, 4.240000000000000213, 0.0000000000000000000 ) ) ;
#952 = ADVANCED_FACE ( 'NONE', ( #7748 ), #7878, .T. ) ;
#953 = DIRECTION ( 'NONE',  ( 1.000000000000000000, 0.0000000000000000000, 0.0000000000000000000 ) ) ;
#954 = LINE ( 'NONE', #4670, #3811 ) ;
#955 = EDGE_CURVE ( 'NONE', #2397, #4416, #3952, .T. ) ;
#956 = ORIENTED_EDGE ( 'NONE', *, *, #3170, .F. ) ;
#957 = ORIENTED_EDGE ( 'NONE', *, *, #3100, .T. ) ;
#958 = DIRECTION ( 'NONE',  ( -1.000000000000000000, -0.0000000000000000000, -0.0000000000000000000 ) ) ;
#959 = DIRECTION ( 'NONE',  ( -1.000000000000000000, 0.0000000000000000000, 0.0000000000000000000 ) ) ;
#960 = EDGE_CURVE ( 'NONE', #4079, #4128, #4773, .T. ) ;
#961 = DIRECTION ( 'NONE',  ( 0.0000000000000000000, 0.0000000000000000000, 1.000000000000000000 ) ) ;
#962 = FILL_AREA_STYLE_COLOUR ( '', #2937 ) ;
#963 = PLANE ( 'NONE',  #3143 ) ;
#964 = VERTEX_POINT ( 'NONE', #7179 ) ;
#965 = ORIENTED_EDGE ( 'NONE', *, *, #165, .F. ) ;
#966 = DIRECTION ( 'NONE',  ( 0.0000000000000000000, 0.0000000000000000000, -1.000000000000000000 ) ) ;
#967 = LINE ( 'NONE', #4777, #5757 ) ;
#968 = CARTESIAN_POINT ( 'NONE',  ( 4.575000000000001066, 1.649999999999999911, 2.024999999999999911 ) ) ;
#969 = VERTEX_POINT ( 'NONE', #6552 ) ;
#970 = ORIENTED_EDGE ( 'NONE', *, *, #5047, .T. ) ;
#971 = PLANE ( 'NONE',  #222 ) ;
#972 = LINE ( 'NONE', #3471, #8220 ) ;
#973 = LINE ( 'NONE', #7734, #7511 ) ;
#974 = CARTESIAN_POINT ( 'NONE',  ( 0.5249999999999999112, 0.05000000000000002359, -1.775000000000000133 ) ) ;
#975 = CARTESIAN_POINT ( 'NONE',  ( -1.175000000000000044, 1.850000000000000089, -1.474999999999999867 ) ) ;
#976 = ORIENTED_EDGE ( 'NONE', *, *, #8228, .F. ) ;
#977 = ORIENTED_EDGE ( 'NONE', *, *, #7569, .T. ) ;
#978 = VECTOR ( 'NONE', #1236, 1000.000000000000000 ) ;
#979 = LINE ( 'NONE', #3712, #7736 ) ;
#980 = DIRECTION ( 'NONE',  ( 1.000000000000000000, 0.0000000000000000000, 0.0000000000000000000 ) ) ;
#981 = AXIS2_PLACEMENT_3D ( 'NONE', #3572, #4821, #3511 ) ;
#982 = AXIS2_PLACEMENT_3D ( 'NONE', #6393, #7610, #3699 ) ;
#983 = CARTESIAN_POINT ( 'NONE',  ( 6.625000000000000888, 3.600000000000000977, -0.07499999999999998335 ) ) ;
#984 = COLOUR_RGB ( '',1.000000000000000000, 1.000000000000000000, 1.000000000000000000 ) ;
#985 = ORIENTED_EDGE ( 'NONE', *, *, #1833, .F. ) ;
#986 = CARTESIAN_POINT ( 'NONE',  ( 1.324999999999999956, 1.850000000000000089, 2.024999999999999911 ) ) ;
#987 = PLANE ( 'NONE',  #6613 ) ;
#988 = ORIENTED_EDGE ( 'NONE', *, *, #7664, .F. ) ;
#989 = EDGE_CURVE ( 'NONE', #4079, #2839, #683, .T. ) ;
#990 = AXIS2_PLACEMENT_3D ( 'NONE', #878, #7348, #2198 ) ;
#991 = CARTESIAN_POINT ( 'NONE',  ( -1.375000000000000000, 3.149999999999999911, 0.02500000000000000139 ) ) ;
#993 = ORIENTED_EDGE ( 'NONE', *, *, #459, .T. ) ;
#992 = PLANE ( 'NONE',  #3690 ) ;
#994 = VERTEX_POINT ( 'NONE', #3984 ) ;
#995 = LINE ( 'NONE', #6943, #3059 ) ;
#996 = ADVANCED_FACE ( 'NONE', ( #895 ), #4013, .F. ) ;
#997 = EDGE_CURVE ( 'NONE', #2061, #8012, #2634, .T. ) ;
#998 = EDGE_CURVE ( 'NONE', #6757, #893, #5680, .T. ) ;
#999 = VECTOR ( 'NONE', #8213, 1000.000000000000000 ) ;
#1000 = CARTESIAN_POINT ( 'NONE',  ( -1.375000000000000000, 3.750000000000000000, -2.024999999999999911 ) ) ;
#1001 = ORIENTED_EDGE ( 'NONE', *, *, #4504, .F. ) ;
#1002 = DIRECTION ( 'NONE',  ( -1.000000000000000000, 0.0000000000000000000, 0.0000000000000000000 ) ) ;
#1003 = VERTEX_POINT ( 'NONE', #8316 ) ;
#1004 = EDGE_CURVE ( 'NONE', #6788, #8122, #6700, .T. ) ;
#1005 = FACE_BOUND ( 'NONE', #7925, .T. ) ;
#1006 = DIRECTION ( 'NONE',  ( 0.0000000000000000000, 0.0000000000000000000, -1.000000000000000000 ) ) ;
#1007 = UNCERTAINTY_MEASURE_WITH_UNIT (LENGTH_MEASURE( 1.000000000000000082E-05 ), #5448, 'distance_accuracy_value', 'NONE');
#1008 = VECTOR ( 'NONE', #6871, 1000.000000000000000 ) ;
#1009 = EDGE_CURVE ( 'NONE', #8232, #7354, #1910, .T. ) ;
#1010 = DIRECTION ( 'NONE',  ( -1.000000000000000000, 0.0000000000000000000, 0.0000000000000000000 ) ) ;
#1011 = COLOUR_RGB ( '',1.000000000000000000, 1.000000000000000000, 1.000000000000000000 ) ;
#1012 = VERTEX_POINT ( 'NONE', #6679 ) ;
#1013 = EDGE_LOOP ( 'NONE', ( #3753, #4434, #3729, #2388 ) ) ;
#1014 = CARTESIAN_POINT ( 'NONE',  ( 0.7250000000000000888, 0.5000000000000000000, 0.0000000000000000000 ) ) ;
#1015 = LINE ( 'NONE', #4686, #6928 ) ;
#1016 = EDGE_CURVE ( 'NONE', #52, #1302, #7430, .T. ) ;
#1017 = CARTESIAN_POINT ( 'NONE',  ( -0.5250000000000000222, 0.0000000000000000000, -1.525000000000000133 ) ) ;
#1018 = DIRECTION ( 'NONE',  ( 1.000000000000000000, 0.0000000000000000000, 0.0000000000000000000 ) ) ;
#1019 = VECTOR ( 'NONE', #425, 1000.000000000000000 ) ;
#1020 = ORIENTED_EDGE ( 'NONE', *, *, #1110, .T. ) ;
#1021 = CARTESIAN_POINT ( 'NONE',  ( 5.625000000000000888, 3.149999999999999911, 2.025999999999999801 ) ) ;
#1022 = FACE_OUTER_BOUND ( 'NONE', #5558, .T. ) ;
#1023 = VECTOR ( 'NONE', #5505, 1000.000000000000000 ) ;
#1024 = DIRECTION ( 'NONE',  ( 0.0000000000000000000, -1.000000000000000000, -4.336808689942024836E-15 ) ) ;
#1025 = DIRECTION ( 'NONE',  ( 0.0000000000000000000, 0.0000000000000000000, 1.000000000000000000 ) ) ;
#1026 = CARTESIAN_POINT ( 'NONE',  ( -2.024999999999999911, 4.240000000000000213, -2.024999999999999911 ) ) ;
#1027 = DIRECTION ( 'NONE',  ( 0.0000000000000000000, 0.0000000000000000000, 1.000000000000000000 ) ) ;
#1028 = FACE_OUTER_BOUND ( 'NONE', #3531, .T. ) ;
#1029 = ORIENTED_EDGE ( 'NONE', *, *, #1220, .T. ) ;
#1030 = LINE ( 'NONE', #4717, #8076 ) ;
#1031 = AXIS2_PLACEMENT_3D ( 'NONE', #8206, #7584, #6969 ) ;
#1032 = CARTESIAN_POINT ( 'NONE',  ( -0.5250000000000000222, 0.5547525681000000652, 2.024999999999999911 ) ) ;
#1033 = VECTOR ( 'NONE', #2681, 1000.000000000000000 ) ;
#1034 = VECTOR ( 'NONE', #4299, 1000.000000000000000 ) ;
#1035 = DIRECTION ( 'NONE',  ( 0.0000000000000000000, 0.0000000000000000000, -1.000000000000000000 ) ) ;
#1036 = CARTESIAN_POINT ( 'NONE',  ( 1.775000000000000133, 1.850000000000000089, -1.025000000000000133 ) ) ;
#1037 = LINE ( 'NONE', #5992, #3376 ) ;
#1038 = CARTESIAN_POINT ( 'NONE',  ( -0.5150000000000000133, 0.0000000000000000000, -1.474999999999999867 ) ) ;
#1039 = LINE ( 'NONE', #3377, #2577 ) ;
#1040 = FILL_AREA_STYLE ('',( #3697 ) ) ;
#1041 = ADVANCED_FACE ( 'NONE', ( #5166 ), #2452, .T. ) ;
#1042 = VECTOR ( 'NONE', #2833, 1000.000000000000000 ) ;
#1043 = VECTOR ( 'NONE', #278, 999.9999999999998863 ) ;
#1044 = PLANE ( 'NONE',  #1643 ) ;
#1045 = CARTESIAN_POINT ( 'NONE',  ( 0.5250000000000000222, 1.000000000000000000, -1.525000000000000133 ) ) ;
#1046 = CARTESIAN_POINT ( 'NONE',  ( 1.974999999999999867, 0.3500000000000000333, -2.024999999999999911 ) ) ;
#1047 = EDGE_LOOP ( 'NONE', ( #5239, #7828, #8341, #3372 ) ) ;
#1048 = CARTESIAN_POINT ( 'NONE',  ( 1.975000000000000089, 0.0000000000000000000, 0.0000000000000000000 ) ) ;
#1049 = ORIENTED_EDGE ( 'NONE', *, *, #3479, .T. ) ;
#1050 = VECTOR ( 'NONE', #3775, 1000.000000000000000 ) ;
#1051 =( GEOMETRIC_REPRESENTATION_CONTEXT ( 3 ) GLOBAL_UNCERTAINTY_ASSIGNED_CONTEXT ( ( #7328 ) ) GLOBAL_UNIT_ASSIGNED_CONTEXT ( ( #4037, #8082, #7990 ) ) REPRESENTATION_CONTEXT ( 'NONE', 'WORKASPACE' ) );
#1052 = CARTESIAN_POINT ( 'NONE',  ( 3.225000000000000089, 1.649999999999999911, 2.024999999999999911 ) ) ;
#1053 = CARTESIAN_POINT ( 'NONE',  ( 4.625000000000000888, 3.750000000000000000, -2.024999999999999911 ) ) ;
#1054 = CARTESIAN_POINT ( 'NONE',  ( 0.7249999999999999778, 0.5000000000000000000, -1.525000000000000133 ) ) ;
#1055 = LINE ( 'NONE', #2133, #2591 ) ;
#1056 = AXIS2_PLACEMENT_3D ( 'NONE', #7710, #3792, #8348 ) ;
#1057 = VERTEX_POINT ( 'NONE', #333 ) ;
#1058 = VERTEX_POINT ( 'NONE', #2471 ) ;
#1059 = EDGE_CURVE ( 'NONE', #3766, #5872, #1298, .T. ) ;
#1060 = CARTESIAN_POINT ( 'NONE',  ( -2.274999999999999911, 0.6000000000000024203, 1.375000000000002442 ) ) ;
#1061 = ORIENTED_EDGE ( 'NONE', *, *, #8228, .T. ) ;
#1062 = VECTOR ( 'NONE', #5049, 1000.000000000000000 ) ;
#1063 = EDGE_LOOP ( 'NONE', ( #3324, #7125, #1247, #8294, #5840, #2368 ) ) ;
#1064 = EDGE_CURVE ( 'NONE', #7060, #6571, #4477, .T. ) ;
#1065 = ORIENTED_EDGE ( 'NONE', *, *, #5353, .F. ) ;
#1066 =( NAMED_UNIT ( * ) SI_UNIT ( $, .STERADIAN. ) SOLID_ANGLE_UNIT ( ) );
#1067 = VERTEX_POINT ( 'NONE', #485 ) ;
#1068 = PLANE ( 'NONE',  #6021 ) ;
#1069 = EDGE_CURVE ( 'NONE', #2707, #7903, #2836, .T. ) ;
#1070 = ORIENTED_EDGE ( 'NONE', *, *, #3423, .T. ) ;
#1071 = ORIENTED_EDGE ( 'NONE', *, *, #1434, .T. ) ;
#1072 = ORIENTED_EDGE ( 'NONE', *, *, #8068, .T. ) ;
#1073 = SURFACE_STYLE_USAGE ( .BOTH. , #4361 ) ;
#1074 = LINE ( 'NONE', #2044, #2811 ) ;
#1075 = DIRECTION ( 'NONE',  ( 0.0000000000000000000, 0.0000000000000000000, 1.000000000000000000 ) ) ;
#1076 = DIRECTION ( 'NONE',  ( 0.0000000000000000000, -0.6650335612228979176, -0.7468134723257140450 ) ) ;
#1077 = DIRECTION ( 'NONE',  ( -1.000000000000000000, 0.0000000000000000000, 0.0000000000000000000 ) ) ;
#1078 = LINE ( 'NONE', #6540, #1580 ) ;
#1079 = ORIENTED_EDGE ( 'NONE', *, *, #1150, .F. ) ;
#1080 = ADVANCED_FACE ( 'NONE', ( #1095 ), #1166, .T. ) ;
#1081 = VERTEX_POINT ( 'NONE', #2552 ) ;
#1082 = VERTEX_POINT ( 'NONE', #1822 ) ;
#1083 = DIRECTION ( 'NONE',  ( 0.0000000000000000000, -1.000000000000000000, -4.336808689942024836E-15 ) ) ;
#1084 = AXIS2_PLACEMENT_3D ( 'NONE', #5209, #5179, #599 ) ;
#1085 = ORIENTED_EDGE ( 'NONE', *, *, #960, .T. ) ;
#1086 = VERTEX_POINT ( 'NONE', #3769 ) ;
#1088 = ORIENTED_EDGE ( 'NONE', *, *, #1864, .F. ) ;
#1087 = CARTESIAN_POINT ( 'NONE',  ( 4.125000000000000000, 2.250000000000000000, 1.025000000000000133 ) ) ;
#1089 = PRESENTATION_LAYER_ASSIGNMENT (  '', '', ( #1796 ) ) ;
#1090 = LINE ( 'NONE', #3209, #4367 ) ;
#1091 = CARTESIAN_POINT ( 'NONE',  ( -2.274999999999999911, 2.250000000000000000, -2.024999999999999911 ) ) ;
#1092 = EDGE_CURVE ( 'NONE', #32, #7281, #783, .T. ) ;
#1093 = ORIENTED_EDGE ( 'NONE', *, *, #4348, .F. ) ;
#1094 = CARTESIAN_POINT ( 'NONE',  ( 0.5250000000000000222, 1.850000000000000089, 2.024999999999999911 ) ) ;
#1095 = FACE_OUTER_BOUND ( 'NONE', #2108, .T. ) ;
#1096 = CARTESIAN_POINT ( 'NONE',  ( 2.500000000000000000, 1.000000000000000000, -1.474999999999999867 ) ) ;
#1097 = AXIS2_PLACEMENT_3D ( 'NONE', #1870, #7958, #3380 ) ;
#1098 = ORIENTED_EDGE ( 'NONE', *, *, #1564, .T. ) ;
#1099 = VERTEX_POINT ( 'NONE', #3819 ) ;
#1100 = LINE ( 'NONE', #8075, #3763 ) ;
#1101 = DIRECTION ( 'NONE',  ( 0.0000000000000000000, 0.0000000000000000000, -1.000000000000000000 ) ) ;
#1102 = EDGE_LOOP ( 'NONE', ( #3899, #4110, #99, #3540 ) ) ;
#1103 = EDGE_CURVE ( 'NONE', #1057, #4471, #7534, .T. ) ;
#1104 = SURFACE_STYLE_USAGE ( .BOTH. , #7708 ) ;
#1105 = CARTESIAN_POINT ( 'NONE',  ( -2.375000000000000000, 3.149999999999999911, 2.024999999999999911 ) ) ;
#1106 = LINE ( 'NONE', #7706, #3557 ) ;
#1107 = ORIENTED_EDGE ( 'NONE', *, *, #7394, .T. ) ;
#1108 = ORIENTED_EDGE ( 'NONE', *, *, #3752, .F. ) ;
#1109 = DIRECTION ( 'NONE',  ( 0.0000000000000000000, 1.000000000000000000, 0.0000000000000000000 ) ) ;
#1110 = EDGE_CURVE ( 'NONE', #4858, #2338, #4372, .T. ) ;
#1111 = UNCERTAINTY_MEASURE_WITH_UNIT (LENGTH_MEASURE( 1.000000000000000082E-05 ), #906, 'distance_accuracy_value', 'NONE');
#1112 =( NAMED_UNIT ( * ) SI_UNIT ( $, .STERADIAN. ) SOLID_ANGLE_UNIT ( ) );
#1113 = VECTOR ( 'NONE', #5623, 1000.000000000000000 ) ;
#1114 = EDGE_CURVE ( 'NONE', #2603, #2536, #5876, .T. ) ;
#1115 = CARTESIAN_POINT ( 'NONE',  ( -0.5250000000000000222, 0.0000000000000000000, -1.525000000000000133 ) ) ;
#1116 = LINE ( 'NONE', #2484, #8162 ) ;
#1117 = VERTEX_POINT ( 'NONE', #7063 ) ;
#1118 = FACE_OUTER_BOUND ( 'NONE', #5782, .T. ) ;
#1119 = EDGE_CURVE ( 'NONE', #2685, #2284, #5603, .T. ) ;
#1120 = CARTESIAN_POINT ( 'NONE',  ( 6.625000000000000888, 4.250000000000000000, -0.07499999999999998335 ) ) ;
#1121 = LINE ( 'NONE', #1179, #1321 ) ;
#1122 = CARTESIAN_POINT ( 'NONE',  ( 2.075000000000000178, 1.649999999999999911, -1.698606797699999893 ) ) ;
#1123 = ADVANCED_FACE ( 'NONE', ( #5787 ), #5814, .F. ) ;
#1124 = LINE ( 'NONE', #7476, #7341 ) ;
#1125 = CARTESIAN_POINT ( 'NONE',  ( -2.875000000000000000, 4.250000000000000000, 2.024999999999999911 ) ) ;
#1126 = PRESENTATION_STYLE_ASSIGNMENT (( #4906 ) ) ;
#1127 = LINE ( 'NONE', #7097, #706 ) ;
#1128 = ADVANCED_FACE ( 'NONE', ( #7642 ), #3206, .F. ) ;
#1129 = EDGE_CURVE ( 'NONE', #562, #1058, #1507, .T. ) ;
#1130 = CARTESIAN_POINT ( 'NONE',  ( 1.324999999999999956, 1.850000000000000089, 2.024999999999999911 ) ) ;
#1131 = CARTESIAN_POINT ( 'NONE',  ( 5.775000000000000355, 2.250000000000000000, -1.925000000000000933 ) ) ;
#1132 = LINE ( 'NONE', #4865, #4805 ) ;
#1133 = DIRECTION ( 'NONE',  ( 0.0000000000000000000, 0.0000000000000000000, 1.000000000000000000 ) ) ;
#1134 = LINE ( 'NONE', #181, #7874 ) ;
#1135 = FACE_OUTER_BOUND ( 'NONE', #1268, .T. ) ;
#1136 =( NAMED_UNIT ( * ) PLANE_ANGLE_UNIT ( ) SI_UNIT ( $, .RADIAN. ) );
#1137 = AXIS2_PLACEMENT_3D ( 'NONE', #8046, #7305, #5401 ) ;
#1138 = CARTESIAN_POINT ( 'NONE',  ( -2.875000000000000000, 4.250000000000000000, -2.024999999999999911 ) ) ;
#1139 = LINE ( 'NONE', #4152, #7475 ) ;
#1140 = LINE ( 'NONE', #4196, #4713 ) ;
#1141 = CARTESIAN_POINT ( 'NONE',  ( 4.474999999999999645, 0.0000000000000000000, -1.525000000000000133 ) ) ;
#1142 = DIRECTION ( 'NONE',  ( 0.0000000000000000000, 1.000000000000000000, 0.0000000000000000000 ) ) ;
#1143 = VERTEX_POINT ( 'NONE', #5700 ) ;
#1144 = ORIENTED_EDGE ( 'NONE', *, *, #833, .T. ) ;
#1145 = LINE ( 'NONE', #5075, #126 ) ;
#1146 =( LENGTH_UNIT ( ) NAMED_UNIT ( * ) SI_UNIT ( .MILLI., .METRE. ) );
#1147 = FILL_AREA_STYLE ('',( #6332 ) ) ;
#1148 = AXIS2_PLACEMENT_3D ( 'NONE', #2921, #7480, #7535 ) ;
#1149 = VERTEX_POINT ( 'NONE', #7716 ) ;
#1150 = EDGE_CURVE ( 'NONE', #7627, #1962, #2950, .T. ) ;
#1151 = STYLED_ITEM ( 'NONE', ( #1729 ), #2930 ) ;
#1152 = ORIENTED_EDGE ( 'NONE', *, *, #4199, .T. ) ;
#1153 = EDGE_LOOP ( 'NONE', ( #3315, #3440, #2218, #4322 ) ) ;
#1154 = CARTESIAN_POINT ( 'NONE',  ( 1.775000000000000133, 0.0000000000000000000, -1.525000000000000133 ) ) ;
#1155 = ORIENTED_EDGE ( 'NONE', *, *, #5596, .T. ) ;
#1156 = CARTESIAN_POINT ( 'NONE',  ( 5.625000000000000888, 0.5000000000000000000, -1.474999999999999867 ) ) ;
#1157 = VECTOR ( 'NONE', #1985, 1000.000000000000000 ) ;
#1158 = CARTESIAN_POINT ( 'NONE',  ( 0.7349999999999999867, 1.000000000000000000, -1.025000000000000133 ) ) ;
#1159 = CARTESIAN_POINT ( 'NONE',  ( 1.975000000000000089, 0.0000000000000000000, -1.525000000000000133 ) ) ;
#1160 = ORIENTED_EDGE ( 'NONE', *, *, #723, .T. ) ;
#1161 = ORIENTED_EDGE ( 'NONE', *, *, #3204, .T. ) ;
#1162 = CARTESIAN_POINT ( 'NONE',  ( 0.5250000000000000222, 1.315130797599999957, 1.171117220399999770 ) ) ;
#1163 = LINE ( 'NONE', #5892, #8209 ) ;
#1164 = EDGE_CURVE ( 'NONE', #2982, #2414, #6199, .T. ) ;
#1165 = VERTEX_POINT ( 'NONE', #651 ) ;
#1166 = PLANE ( 'NONE',  #5020 ) ;
#1167 = ORIENTED_EDGE ( 'NONE', *, *, #3628, .T. ) ;
#1168 = CARTESIAN_POINT ( 'NONE',  ( 5.625000000000000888, 3.750000000000000000, 2.025999999999999801 ) ) ;
#1169 = CARTESIAN_POINT ( 'NONE',  ( -2.274999999999999911, 0.6000000000000024203, 1.375000000000002442 ) ) ;
#1170 = FACE_OUTER_BOUND ( 'NONE', #5854, .T. ) ;
#1171 = EDGE_CURVE ( 'NONE', #124, #2515, #595, .T. ) ;
#1172 = ORIENTED_EDGE ( 'NONE', *, *, #4184, .T. ) ;
#1173 = CARTESIAN_POINT ( 'NONE',  ( 3.024999999999999911, 0.0000000000000000000, -2.024999999999999911 ) ) ;
#1174 = EDGE_LOOP ( 'NONE', ( #4634, #1300, #1953, #3918 ) ) ;
#1175 = ORIENTED_EDGE ( 'NONE', *, *, #76, .T. ) ;
#1176 = DIRECTION ( 'NONE',  ( 0.0000000000000000000, -1.000000000000000000, 0.0000000000000000000 ) ) ;
#1177 = DIRECTION ( 'NONE',  ( -0.0000000000000000000, 0.0000000000000000000, -1.000000000000000000 ) ) ;
#1178 = LINE ( 'NONE', #6229, #2513 ) ;
#1179 = CARTESIAN_POINT ( 'NONE',  ( -0.5250000000000000222, 1.850000000000000089, -1.025000000000000133 ) ) ;
#1180 = DIRECTION ( 'NONE',  ( 0.0000000000000000000, -1.000000000000000000, 0.0000000000000000000 ) ) ;
#1181 = VECTOR ( 'NONE', #747, 1000.000000000000000 ) ;
#1182 = ORIENTED_EDGE ( 'NONE', *, *, #5897, .F. ) ;
#1183 = ORIENTED_EDGE ( 'NONE', *, *, #296, .F. ) ;
#1184 = CARTESIAN_POINT ( 'NONE',  ( 4.485000000000001208, 0.0000000000000000000, -1.474999999999999867 ) ) ;
#1185 = VERTEX_POINT ( 'NONE', #5226 ) ;
#1186 = FILL_AREA_STYLE_COLOUR ( '', #793 ) ;
#1187 = VERTEX_POINT ( 'NONE', #1988 ) ;
#1188 = DIRECTION ( 'NONE',  ( -0.0000000000000000000, 1.000000000000000000, 0.0000000000000000000 ) ) ;
#1189 = FACE_OUTER_BOUND ( 'NONE', #3957, .T. ) ;
#1190 = LINE ( 'NONE', #3537, #1286 ) ;
#1191 = VERTEX_POINT ( 'NONE', #1280 ) ;
#1192 = EDGE_LOOP ( 'NONE', ( #5128, #3049, #6964, #3853, #5716, #5982, #8111, #4874, #898, #6755, #7565, #8297, #5688, #5120 ) ) ;
#1193 = ORIENTED_EDGE ( 'NONE', *, *, #1637, .F. ) ;
#1194 = LINE ( 'NONE', #4951, #7941 ) ;
#1195 = DIRECTION ( 'NONE',  ( -0.0000000000000000000, 1.000000000000000000, -0.0000000000000000000 ) ) ;
#1196 = AXIS2_PLACEMENT_3D ( 'NONE', #1731, #7674, #3764 ) ;
#1197 = CARTESIAN_POINT ( 'NONE',  ( 3.324999999999999734, 1.850000000000000089, -1.474999999999999867 ) ) ;
#1198 = CARTESIAN_POINT ( 'NONE',  ( 1.975000000000000089, -0.6500000000000000222, -2.075000000000000178 ) ) ;
#1199 = DIRECTION ( 'NONE',  ( 0.0000000000000000000, -1.000000000000000000, 0.0000000000000000000 ) ) ;
#1200 = VECTOR ( 'NONE', #3927, 1000.000000000000000 ) ;
#1201 = ORIENTED_EDGE ( 'NONE', *, *, #8001, .F. ) ;
#1202 = EDGE_CURVE ( 'NONE', #379, #4022, #8243, .T. ) ;
#1203 = ORIENTED_EDGE ( 'NONE', *, *, #6574, .T. ) ;
#1204 = VECTOR ( 'NONE', #6000, 1000.000000000000000 ) ;
#1205 = DIRECTION ( 'NONE',  ( 0.0000000000000000000, 0.0000000000000000000, 1.000000000000000000 ) ) ;
#1206 = DIRECTION ( 'NONE',  ( 0.0000000000000000000, 1.000000000000000000, 0.0000000000000000000 ) ) ;
#1207 = FACE_OUTER_BOUND ( 'NONE', #1776, .T. ) ;
#1208 = CARTESIAN_POINT ( 'NONE',  ( -0.7249999999999999778, 0.5547525681000000652, 2.024999999999999911 ) ) ;
#1209 = DIRECTION ( 'NONE',  ( -1.000000000000000000, 0.0000000000000000000, 0.0000000000000000000 ) ) ;
#1210 = LINE ( 'NONE', #7444, #3770 ) ;
#1211 = VERTEX_POINT ( 'NONE', #4537 ) ;
#1212 = CLOSED_SHELL ( 'NONE', ( #4339, #348, #2653, #5322, #4929, #730, #1041, #4101, #2157, #654, #1123, #3311, #3350, #1484, #4677, #3483, #4553, #5994 ) ) ;
#1213 = LINE ( 'NONE', #2951, #5800 ) ;
#1214 = CARTESIAN_POINT ( 'NONE',  ( 0.7249999999999999778, 1.000000000000000000, 1.525000000000000133 ) ) ;
#1215 = AXIS2_PLACEMENT_3D ( 'NONE', #7943, #1315, #1968 ) ;
#1216 = LINE ( 'NONE', #4209, #3674 ) ;
#1217 = EDGE_LOOP ( 'NONE', ( #4068, #6353, #1161, #6911, #3427, #976 ) ) ;
#1218 = DIRECTION ( 'NONE',  ( 1.000000000000000000, 0.0000000000000000000, 0.0000000000000000000 ) ) ;
#1219 = COLOUR_RGB ( '',1.000000000000000000, 1.000000000000000000, 1.000000000000000000 ) ;
#1220 = EDGE_CURVE ( 'NONE', #7164, #8146, #2347, .T. ) ;
#1221 = VECTOR ( 'NONE', #2455, 1000.000000000000000 ) ;
#1222 = EDGE_CURVE ( 'NONE', #6001, #6701, #2543, .T. ) ;
#1223 = ORIENTED_EDGE ( 'NONE', *, *, #932, .F. ) ;
#1224 = VECTOR ( 'NONE', #6062, 1000.000000000000000 ) ;
#1225 = LINE ( 'NONE', #4490, #5818 ) ;
#1226 = EDGE_CURVE ( 'NONE', #731, #5027, #586, .T. ) ;
#1227 = DIRECTION ( 'NONE',  ( 0.0000000000000000000, 0.0000000000000000000, 1.000000000000000000 ) ) ;
#1228 = DIRECTION ( 'NONE',  ( -1.000000000000000000, 0.0000000000000000000, 0.0000000000000000000 ) ) ;
#1229 = CARTESIAN_POINT ( 'NONE',  ( -0.5150000000000000133, 1.000000000000000000, -1.474999999999999867 ) ) ;
#1230 = LINE ( 'NONE', #4060, #1336 ) ;
#1231 = EDGE_CURVE ( 'NONE', #4226, #6163, #3852, .T. ) ;
#1232 = VECTOR ( 'NONE', #5242, 1000.000000000000000 ) ;
#1233 = DIRECTION ( 'NONE',  ( 0.0000000000000000000, 0.7468134723257140450, -0.6650335612228979176 ) ) ;
#1234 = DIRECTION ( 'NONE',  ( 1.000000000000000000, 0.0000000000000000000, 0.0000000000000000000 ) ) ;
#1235 = LINE ( 'NONE', #4684, #2381 ) ;
#1236 = DIRECTION ( 'NONE',  ( -1.000000000000000000, 0.0000000000000000000, 0.0000000000000000000 ) ) ;
#1237 = LINE ( 'NONE', #6316, #3492 ) ;
#1238 = DIRECTION ( 'NONE',  ( 0.0000000000000000000, 0.0000000000000000000, 1.000000000000000000 ) ) ;
#1239 = ORIENTED_EDGE ( 'NONE', *, *, #226, .T. ) ;
#1240 = EDGE_LOOP ( 'NONE', ( #6480, #7620, #2676, #3178 ) ) ;
#1241 = VECTOR ( 'NONE', #7624, 1000.000000000000000 ) ;
#1242 = EDGE_LOOP ( 'NONE', ( #3409, #1766, #4574, #3237 ) ) ;
#1243 = CARTESIAN_POINT ( 'NONE',  ( -0.7249999999999999778, 1.649999999999999911, -1.698606797699999893 ) ) ;
#1244 = ADVANCED_FACE ( 'NONE', ( #2738 ), #7794, .F. ) ;
#1245 = VECTOR ( 'NONE', #3359, 1000.000000000000000 ) ;
#1246 = EDGE_LOOP ( 'NONE', ( #670, #1167, #7441, #7536, #4653, #5017, #5609 ) ) ;
#1247 = ORIENTED_EDGE ( 'NONE', *, *, #3479, .F. ) ;
#1248 = DIRECTION ( 'NONE',  ( 0.0000000000000000000, -1.000000000000000000, 0.0000000000000000000 ) ) ;
#1249 = SURFACE_STYLE_USAGE ( .BOTH. , #7364 ) ;
#1250 = VERTEX_POINT ( 'NONE', #8469 ) ;
#1251 = ORIENTED_EDGE ( 'NONE', *, *, #617, .T. ) ;
#1252 = PRESENTATION_LAYER_ASSIGNMENT (  '', '', ( #105 ) ) ;
#1253 =( GEOMETRIC_REPRESENTATION_CONTEXT ( 3 ) GLOBAL_UNCERTAINTY_ASSIGNED_CONTEXT ( ( #5654 ) ) GLOBAL_UNIT_ASSIGNED_CONTEXT ( ( #6045, #2147, #7391 ) ) REPRESENTATION_CONTEXT ( 'NONE', 'WORKASPACE' ) );
#1254 = CARTESIAN_POINT ( 'NONE',  ( 6.025000000000001243, 3.600000000000000977, -0.07499999999999998335 ) ) ;
#1255 = PLANE ( 'NONE',  #5679 ) ;
#1256 = VERTEX_POINT ( 'NONE', #6525 ) ;
#1257 = EDGE_CURVE ( 'NONE', #2107, #2208, #5590, .T. ) ;
#1258 = LINE ( 'NONE', #2022, #1668 ) ;
#1259 = STYLED_ITEM ( 'NONE', ( #256 ), #3411 ) ;
#1260 = DIRECTION ( 'NONE',  ( 0.0000000000000000000, 1.000000000000000000, 3.219646771412953967E-15 ) ) ;
#1261 = ORIENTED_EDGE ( 'NONE', *, *, #118, .T. ) ;
#1262 = DIRECTION ( 'NONE',  ( 0.0000000000000000000, -1.000000000000000000, 0.0000000000000000000 ) ) ;
#1263 = EDGE_CURVE ( 'NONE', #7227, #157, #3864, .T. ) ;
#1264 = DIRECTION ( 'NONE',  ( 0.0000000000000000000, 1.000000000000000000, 0.0000000000000000000 ) ) ;
#1265 = CARTESIAN_POINT ( 'NONE',  ( -0.7349999999999999867, 0.0000000000000000000, -1.474999999999999867 ) ) ;
#1266 = CARTESIAN_POINT ( 'NONE',  ( 6.225000000000001421, 4.249999999999998224, -2.075000000000001510 ) ) ;
#1267 = VECTOR ( 'NONE', #8249, 1000.000000000000000 ) ;
#1268 = EDGE_LOOP ( 'NONE', ( #6140, #4953, #535, #6995, #3244, #6360, #7421, #658 ) ) ;
#1269 = UNCERTAINTY_MEASURE_WITH_UNIT (LENGTH_MEASURE( 1.000000000000000082E-05 ), #7682, 'distance_accuracy_value', 'NONE');
#1270 = EDGE_CURVE ( 'NONE', #8181, #8287, #5384, .T. ) ;
#1271 = ORIENTED_EDGE ( 'NONE', *, *, #1874, .F. ) ;
#1272 = ORIENTED_EDGE ( 'NONE', *, *, #520, .F. ) ;
#1273 = CARTESIAN_POINT ( 'NONE',  ( 4.174999999999999822, 1.850000000000000089, 2.024999999999999911 ) ) ;
#1274 = ADVANCED_FACE ( 'NONE', ( #2130 ), #1741, .T. ) ;
#1275 = VECTOR ( 'NONE', #3378, 1000.000000000000000 ) ;
#1276 = EDGE_CURVE ( 'NONE', #2536, #4384, #4824, .T. ) ;
#1277 = AXIS2_PLACEMENT_3D ( 'NONE', #7114, #6350, #4396 ) ;
#1278 = LINE ( 'NONE', #2808, #8025 ) ;
#1279 = ORIENTED_EDGE ( 'NONE', *, *, #6245, .F. ) ;
#1280 = CARTESIAN_POINT ( 'NONE',  ( 6.025000000000001243, 3.600000000000000977, -0.07499999999999998335 ) ) ;
#1281 = VERTEX_POINT ( 'NONE', #5621 ) ;
#1282 = VECTOR ( 'NONE', #3034, 1000.000000000000000 ) ;
#1283 = EDGE_CURVE ( 'NONE', #3806, #2216, #5213, .T. ) ;
#1284 = FACE_OUTER_BOUND ( 'NONE', #2608, .T. ) ;
#1285 = CARTESIAN_POINT ( 'NONE',  ( -0.7349999999999999867, 1.000000000000000000, -2.024999999999999911 ) ) ;
#1286 = VECTOR ( 'NONE', #8189, 1000.000000000000000 ) ;
#1287 = CARTESIAN_POINT ( 'NONE',  ( 0.5250000000000000222, 1.850000000000000089, -1.698606797699999893 ) ) ;
#1288 = ORIENTED_EDGE ( 'NONE', *, *, #5108, .T. ) ;
#1289 = ORIENTED_EDGE ( 'NONE', *, *, #2394, .T. ) ;
#1290 = CARTESIAN_POINT ( 'NONE',  ( 4.475000000000000533, 0.0000000000000000000, 2.024999999999999911 ) ) ;
#1291 = VERTEX_POINT ( 'NONE', #1716 ) ;
#1292 = FACE_OUTER_BOUND ( 'NONE', #7390, .T. ) ;
#1293 = FACE_OUTER_BOUND ( 'NONE', #8041, .T. ) ;
#1294 = ORIENTED_EDGE ( 'NONE', *, *, #1986, .F. ) ;
#1295 = PLANE ( 'NONE',  #825 ) ;
#1296 = ADVANCED_FACE ( 'NONE', ( #6751 ), #6956, .T. ) ;
#1297 = DIRECTION ( 'NONE',  ( -1.000000000000000000, 0.0000000000000000000, 0.0000000000000000000 ) ) ;
#1298 = LINE ( 'NONE', #3122, #5373 ) ;
#1299 = ORIENTED_EDGE ( 'NONE', *, *, #2880, .F. ) ;
#1300 = ORIENTED_EDGE ( 'NONE', *, *, #3953, .F. ) ;
#1301 = VECTOR ( 'NONE', #6369, 1000.000000000000114 ) ;
#1302 = VERTEX_POINT ( 'NONE', #4938 ) ;
#1303 =( NAMED_UNIT ( * ) PLANE_ANGLE_UNIT ( ) SI_UNIT ( $, .RADIAN. ) );
#1304 = DIRECTION ( 'NONE',  ( 0.0000000000000000000, 0.0000000000000000000, -1.000000000000000000 ) ) ;
#1305 = LINE ( 'NONE', #2460, #7439 ) ;
#1306 =( GEOMETRIC_REPRESENTATION_CONTEXT ( 3 ) GLOBAL_UNCERTAINTY_ASSIGNED_CONTEXT ( ( #3417 ) ) GLOBAL_UNIT_ASSIGNED_CONTEXT ( ( #4901, #5556, #1644 ) ) REPRESENTATION_CONTEXT ( 'NONE', 'WORKASPACE' ) );
#1307 = MECHANICAL_DESIGN_GEOMETRIC_PRESENTATION_REPRESENTATION (  '', ( #6436 ), #1746 ) ;
#1308 = ORIENTED_EDGE ( 'NONE', *, *, #2111, .F. ) ;
#1309 = VERTEX_POINT ( 'NONE', #1036 ) ;
#1310 = VECTOR ( 'NONE', #8435, 1000.000000000000000 ) ;
#1311 = DIRECTION ( 'NONE',  ( 0.0000000000000000000, 1.000000000000000000, 0.0000000000000000000 ) ) ;
#1312 = VECTOR ( 'NONE', #6902, 1000.000000000000000 ) ;
#1313 = STYLED_ITEM ( 'NONE', ( #7686 ), #2019 ) ;
#1314 = LINE ( 'NONE', #7474, #6416 ) ;
#1315 = DIRECTION ( 'NONE',  ( -0.0000000000000000000, 1.000000000000000000, 0.0000000000000000000 ) ) ;
#1316 = ORIENTED_EDGE ( 'NONE', *, *, #1882, .F. ) ;
#1317 = CARTESIAN_POINT ( 'NONE',  ( 2.575000000000001066, 1.850000000000000089, -1.474999999999999867 ) ) ;
#1318 = LINE ( 'NONE', #889, #7228 ) ;
#1319 = ADVANCED_FACE ( 'NONE', ( #3605 ), #373, .F. ) ;
#1320 = DIRECTION ( 'NONE',  ( 0.0000000000000000000, 0.0000000000000000000, -1.000000000000000000 ) ) ;
#1321 = VECTOR ( 'NONE', #4467, 1000.000000000000000 ) ;
#1322 = CARTESIAN_POINT ( 'NONE',  ( 6.206138830084190872, 2.750000000000000000, -0.4749999999999999778 ) ) ;
#1323 = LINE ( 'NONE', #7953, #7141 ) ;
#1324 = ORIENTED_EDGE ( 'NONE', *, *, #2276, .F. ) ;
#1325 = FACE_OUTER_BOUND ( 'NONE', #3720, .T. ) ;
#1326 = LINE ( 'NONE', #3238, #4402 ) ;
#1327 = CARTESIAN_POINT ( 'NONE',  ( -0.5250000000000000222, 1.350000000000000089, -1.525000000000000133 ) ) ;
#1328 = EDGE_CURVE ( 'NONE', #6808, #4426, #2892, .T. ) ;
#1329 = VECTOR ( 'NONE', #3648, 1000.000000000000000 ) ;
#1330 = VECTOR ( 'NONE', #4518, 1000.000000000000000 ) ;
#1331 = VECTOR ( 'NONE', #4718, 1000.000000000000000 ) ;
#1332 = EDGE_CURVE ( 'NONE', #2536, #1373, #6141, .T. ) ;
#1333 = CARTESIAN_POINT ( 'NONE',  ( 4.475000000000000533, 1.850000000000000089, 2.024999999999999911 ) ) ;
#1334 = CARTESIAN_POINT ( 'NONE',  ( 6.125000000000000000, 3.750000000000000000, 2.024999999999999911 ) ) ;
#1335 = ADVANCED_FACE ( 'NONE', ( #6647 ), #6929, .T. ) ;
#1336 = VECTOR ( 'NONE', #2957, 1000.000000000000000 ) ;
#1337 =( NAMED_UNIT ( * ) PLANE_ANGLE_UNIT ( ) SI_UNIT ( $, .RADIAN. ) );
#1338 = CARTESIAN_POINT ( 'NONE',  ( 1.775000000000000133, 0.0000000000000000000, 2.024999999999999911 ) ) ;
#1339 = CARTESIAN_POINT ( 'NONE',  ( 4.925000000000000711, 2.550000000000000266, 2.024999999999999911 ) ) ;
#1340 = ORIENTED_EDGE ( 'NONE', *, *, #1505, .F. ) ;
#1341 = ORIENTED_EDGE ( 'NONE', *, *, #5897, .T. ) ;
#1342 = VECTOR ( 'NONE', #6215, 1000.000000000000000 ) ;
#1343 = DIRECTION ( 'NONE',  ( 0.0000000000000000000, -3.219646771412953967E-15, 1.000000000000000000 ) ) ;
#1344 = VECTOR ( 'NONE', #2856, 1000.000000000000000 ) ;
#1345 = DIRECTION ( 'NONE',  ( 0.0000000000000000000, 0.0000000000000000000, 1.000000000000000000 ) ) ;
#1346 = CARTESIAN_POINT ( 'NONE',  ( 1.975000000000000089, 0.0000000000000000000, -1.525000000000000133 ) ) ;
#1347 = SURFACE_STYLE_USAGE ( .BOTH. , #4440 ) ;
#1348 = ORIENTED_EDGE ( 'NONE', *, *, #6476, .T. ) ;
#1349 = ORIENTED_EDGE ( 'NONE', *, *, #6026, .F. ) ;
#1350 = ORIENTED_EDGE ( 'NONE', *, *, #1981, .F. ) ;
#1351 = PLANE ( 'NONE',  #2774 ) ;
#1352 = ADVANCED_FACE ( 'NONE', ( #6863 ), #7539, .F. ) ;
#1353 = LINE ( 'NONE', #4165, #4007 ) ;
#1354 = DIRECTION ( 'NONE',  ( 0.0000000000000000000, 1.000000000000000000, 0.0000000000000000000 ) ) ;
#1355 = AXIS2_PLACEMENT_3D ( 'NONE', #1115, #8171, #4259 ) ;
#1356 = ORIENTED_EDGE ( 'NONE', *, *, #782, .T. ) ;
#1357 = ORIENTED_EDGE ( 'NONE', *, *, #1978, .F. ) ;
#1358 = EDGE_CURVE ( 'NONE', #5724, #7105, #3708, .T. ) ;
#1359 = CARTESIAN_POINT ( 'NONE',  ( 4.274999999999999467, -0.6500000000000000222, -2.075000000000000178 ) ) ;
#1360 = LINE ( 'NONE', #4460, #6569 ) ;
#1361 = CARTESIAN_POINT ( 'NONE',  ( 4.575000000000001066, 1.850000000000000089, -1.698606797699999893 ) ) ;
#1362 = VERTEX_POINT ( 'NONE', #2985 ) ;
#1363 = ORIENTED_EDGE ( 'NONE', *, *, #3296, .T. ) ;
#1364 = CARTESIAN_POINT ( 'NONE',  ( 6.225000000000001421, 3.600000000000000089, -1.425000000000000933 ) ) ;
#1365 = PRODUCT_DEFINITION_CONTEXT ( 'detailed design', #164, 'design' ) ;
#1366 = DIRECTION ( 'NONE',  ( 0.0000000000000000000, 0.0000000000000000000, 1.000000000000000000 ) ) ;
#1367 = CARTESIAN_POINT ( 'NONE',  ( 3.750000000000000888, 0.0000000000000000000, 0.02500000000000000139 ) ) ;
#1368 = EDGE_CURVE ( 'NONE', #6597, #994, #8199, .T. ) ;
#1369 =( GEOMETRIC_REPRESENTATION_CONTEXT ( 3 ) GLOBAL_UNCERTAINTY_ASSIGNED_CONTEXT ( ( #4026 ) ) GLOBAL_UNIT_ASSIGNED_CONTEXT ( ( #4443, #474, #7733 ) ) REPRESENTATION_CONTEXT ( 'NONE', 'WORKASPACE' ) );
#1370 = FACE_OUTER_BOUND ( 'NONE', #1217, .T. ) ;
#1371 = ORIENTED_EDGE ( 'NONE', *, *, #3696, .T. ) ;
#1372 = FILL_AREA_STYLE_COLOUR ( '', #5601 ) ;
#1373 = VERTEX_POINT ( 'NONE', #5015 ) ;
#1374 = ADVANCED_FACE ( 'NONE', ( #2782 ), #7601, .T. ) ;
#1375 = EDGE_CURVE ( 'NONE', #6269, #2899, #2175, .T. ) ;
#1376 = CARTESIAN_POINT ( 'NONE',  ( 0.7250000000000000888, 0.05000000000000002359, -1.524999999999999689 ) ) ;
#1377 = CARTESIAN_POINT ( 'NONE',  ( 3.225000000000000089, 0.05000000000000002359, -1.775000000000000133 ) ) ;
#1378 = FACE_OUTER_BOUND ( 'NONE', #4959, .T. ) ;
#1379 = VECTOR ( 'NONE', #7786, 1000.000000000000000 ) ;
#1380 = EDGE_CURVE ( 'NONE', #6301, #4858, #1145, .T. ) ;
#1381 = ORIENTED_EDGE ( 'NONE', *, *, #6556, .F. ) ;
#1382 = EDGE_LOOP ( 'NONE', ( #6470, #3224, #1974, #8288 ) ) ;
#1383 = CARTESIAN_POINT ( 'NONE',  ( -0.4249999999999999889, 1.649999999999999911, 2.024999999999999911 ) ) ;
#1384 = ORIENTED_EDGE ( 'NONE', *, *, #7969, .T. ) ;
#1385 = EDGE_CURVE ( 'NONE', #1081, #6683, #4522, .T. ) ;
#1386 = ORIENTED_EDGE ( 'NONE', *, *, #1391, .T. ) ;
#1387 = LINE ( 'NONE', #3336, #3836 ) ;
#1388 = ORIENTED_EDGE ( 'NONE', *, *, #7118, .F. ) ;
#1389 = ORIENTED_EDGE ( 'NONE', *, *, #1605, .T. ) ;
#1390 = CARTESIAN_POINT ( 'NONE',  ( 1.975000000000000089, 1.350000000000000089, -1.525000000000000133 ) ) ;
#1391 = EDGE_CURVE ( 'NONE', #2319, #7168, #7162, .T. ) ;
#1392 = CARTESIAN_POINT ( 'NONE',  ( 0.4249999999999999889, 1.850000000000000089, 2.024999999999999911 ) ) ;
#1393 = EDGE_LOOP ( 'NONE', ( #5643, #5684, #5244, #5444 ) ) ;
#1394 = ORIENTED_EDGE ( 'NONE', *, *, #3463, .F. ) ;
#1395 = LINE ( 'NONE', #3808, #3342 ) ;
#1396 = DIRECTION ( 'NONE',  ( 1.000000000000000000, 0.0000000000000000000, 0.0000000000000000000 ) ) ;
#1397 = CARTESIAN_POINT ( 'NONE',  ( 6.025000000000001243, 1.999999999999998668, -1.425000000000000933 ) ) ;
#1398 = CARTESIAN_POINT ( 'NONE',  ( 1.984999999999999876, 1.850000000000000089, -1.025000000000000133 ) ) ;
#1399 = VERTEX_POINT ( 'NONE', #7698 ) ;
#1400 = DIRECTION ( 'NONE',  ( 0.0000000000000000000, 0.0000000000000000000, 1.000000000000000000 ) ) ;
#1401 = VECTOR ( 'NONE', #4660, 1000.000000000000000 ) ;
#1402 = ORIENTED_EDGE ( 'NONE', *, *, #412, .F. ) ;
#1403 = ORIENTED_EDGE ( 'NONE', *, *, #6251, .T. ) ;
#1404 = VECTOR ( 'NONE', #4005, 1000.000000000000000 ) ;
#1405 = DIRECTION ( 'NONE',  ( -1.000000000000000000, 0.0000000000000000000, -0.0000000000000000000 ) ) ;
#1406 = STYLED_ITEM ( 'NONE', ( #798 ), #5736 ) ;
#1407 = CARTESIAN_POINT ( 'NONE',  ( 6.225000000000001421, 1.999999999999998668, -1.425000000000000933 ) ) ;
#1408 = DIRECTION ( 'NONE',  ( -0.0000000000000000000, 0.0000000000000000000, -1.000000000000000000 ) ) ;
#1409 = DIRECTION ( 'NONE',  ( 0.0000000000000000000, 0.0000000000000000000, 1.000000000000000000 ) ) ;
#1410 = VECTOR ( 'NONE', #6085, 1000.000000000000114 ) ;
#1411 = ORIENTED_EDGE ( 'NONE', *, *, #1560, .F. ) ;
#1412 = FILL_AREA_STYLE_COLOUR ( '', #2053 ) ;
#1413 = DIRECTION ( 'NONE',  ( 0.0000000000000000000, 0.0000000000000000000, -1.000000000000000000 ) ) ;
#1414 = LINE ( 'NONE', #2269, #3574 ) ;
#1415 = FACE_OUTER_BOUND ( 'NONE', #5748, .T. ) ;
#1416 = CARTESIAN_POINT ( 'NONE',  ( 3.024999999999999911, 1.350000000000000089, -1.525000000000000133 ) ) ;
#1417 = ADVANCED_FACE ( 'NONE', ( #1559 ), #2940, .F. ) ;
#1418 = EDGE_LOOP ( 'NONE', ( #456, #690, #7615, #1997 ) ) ;
#1419 = VECTOR ( 'NONE', #285, 1000.000000000000000 ) ;
#1420 = VECTOR ( 'NONE', #464, 1000.000000000000000 ) ;
#1421 = CARTESIAN_POINT ( 'NONE',  ( 2.925000000000000266, 1.850000000000000089, -1.698606797699999893 ) ) ;
#1422 = EDGE_CURVE ( 'NONE', #8086, #3901, #7792, .T. ) ;
#1423 = PLANE ( 'NONE',  #805 ) ;
#1424 = LINE ( 'NONE', #2776, #194 ) ;
#1425 = CARTESIAN_POINT ( 'NONE',  ( 1.975000000000000089, 0.3499999999999999778, -2.075000000000000178 ) ) ;
#1426 = CARTESIAN_POINT ( 'NONE',  ( -0.5250000000000000222, 1.000000000000000000, 1.525000000000000133 ) ) ;
#1427 = VERTEX_POINT ( 'NONE', #3726 ) ;
#1428 = CARTESIAN_POINT ( 'NONE',  ( 1.975000000000000089, 0.05000000000000002359, -1.524999999999999689 ) ) ;
#1429 = VECTOR ( 'NONE', #2916, 1000.000000000000000 ) ;
#1430 = EDGE_CURVE ( 'NONE', #6874, #1673, #839, .T. ) ;
#1431 = EDGE_CURVE ( 'NONE', #7313, #3863, #1654, .T. ) ;
#1432 = LINE ( 'NONE', #7954, #5917 ) ;
#1433 = DIRECTION ( 'NONE',  ( -1.000000000000000000, 0.0000000000000000000, 0.0000000000000000000 ) ) ;
#1434 = EDGE_CURVE ( 'NONE', #4150, #7796, #7996, .T. ) ;
#1435 = DIRECTION ( 'NONE',  ( 0.0000000000000000000, 0.0000000000000000000, 1.000000000000000000 ) ) ;
#1436 = LINE ( 'NONE', #5298, #7780 ) ;
#1437 = DIRECTION ( 'NONE',  ( 0.0000000000000000000, -0.4999999999932618899, 0.8660254037883288181 ) ) ;
#1438 = LINE ( 'NONE', #62, #5306 ) ;
#1439 = EDGE_CURVE ( 'NONE', #7007, #5046, #6043, .T. ) ;
#1440 = DIRECTION ( 'NONE',  ( 0.0000000000000000000, 1.000000000000000000, -1.339206523454102177E-15 ) ) ;
#1441 = DIRECTION ( 'NONE',  ( 0.0000000000000000000, 1.000000000000000000, 0.0000000000000000000 ) ) ;
#1442 = ADVANCED_FACE ( 'NONE', ( #5018 ), #5594, .F. ) ;
#1443 = PLANE ( 'NONE',  #4815 ) ;
#1444 = CARTESIAN_POINT ( 'NONE',  ( 0.7249999999999998668, 0.05000000000000002359, -1.775000000000000133 ) ) ;
#1445 = LINE ( 'NONE', #2054, #942 ) ;
#1446 = EDGE_CURVE ( 'NONE', #2422, #7715, #3392, .T. ) ;
#1447 = VECTOR ( 'NONE', #6627, 1000.000000000000114 ) ;
#1448 = CARTESIAN_POINT ( 'NONE',  ( 1.975000000000000089, 0.3500000000000000333, -2.024999999999999911 ) ) ;
#1449 = DIRECTION ( 'NONE',  ( 1.000000000000000000, 0.0000000000000000000, 0.0000000000000000000 ) ) ;
#1450 = CARTESIAN_POINT ( 'NONE',  ( 4.275000000000000355, 0.5000000000000000000, 2.024999999999999911 ) ) ;
#1451 = ORIENTED_EDGE ( 'NONE', *, *, #548, .F. ) ;
#1452 = ORIENTED_EDGE ( 'NONE', *, *, #2323, .T. ) ;
#1453 = ORIENTED_EDGE ( 'NONE', *, *, #8433, .T. ) ;
#1454 = DIRECTION ( 'NONE',  ( -0.0000000000000000000, 0.7468134723257140450, 0.6650335612228979176 ) ) ;
#1455 = CARTESIAN_POINT ( 'NONE',  ( 0.0000000000000000000, 0.0000000000000000000, -1.474999999999999867 ) ) ;
#1456 = DIRECTION ( 'NONE',  ( 1.000000000000000000, 0.0000000000000000000, 0.0000000000000000000 ) ) ;
#1457 = AXIS2_PLACEMENT_3D ( 'NONE', #4669, #4725, #4030 ) ;
#1458 = LINE ( 'NONE', #132, #8300 ) ;
#1459 = SURFACE_STYLE_USAGE ( .BOTH. , #5387 ) ;
#1460 = ORIENTED_EDGE ( 'NONE', *, *, #5948, .F. ) ;
#1461 = ORIENTED_EDGE ( 'NONE', *, *, #5230, .T. ) ;
#1462 = EDGE_LOOP ( 'NONE', ( #6399, #5647, #7161, #3551 ) ) ;
#1463 = PLANE ( 'NONE',  #5950 ) ;
#1464 = DIRECTION ( 'NONE',  ( 0.0000000000000000000, -1.000000000000000000, 0.0000000000000000000 ) ) ;
#1465 = ADVANCED_FACE ( 'NONE', ( #3295 ), #3230, .F. ) ;
#1466 = DIRECTION ( 'NONE',  ( -1.000000000000000000, 0.0000000000000000000, 0.0000000000000000000 ) ) ;
#1467 = ORIENTED_EDGE ( 'NONE', *, *, #7688, .T. ) ;
#1468 = ORIENTED_EDGE ( 'NONE', *, *, #8306, .F. ) ;
#1469 = EDGE_LOOP ( 'NONE', ( #6181, #460, #1519, #2321 ) ) ;
#1470 = AXIS2_PLACEMENT_3D ( 'NONE', #7401, #2847, #2159 ) ;
#1471 = SURFACE_STYLE_USAGE ( .BOTH. , #5370 ) ;
#1472 = DIRECTION ( 'NONE',  ( 1.000000000000000000, 0.0000000000000000000, -0.0000000000000000000 ) ) ;
#1473 = MANIFOLD_SOLID_BREP ( 'Combine1', #554 ) ;
#1474 = PLANE ( 'NONE',  #5794 ) ;
#1475 = VERTEX_POINT ( 'NONE', #7055 ) ;
#1476 = PLANE ( 'NONE',  #5 ) ;
#1477 = VERTEX_POINT ( 'NONE', #5520 ) ;
#1478 = VERTEX_POINT ( 'NONE', #2352 ) ;
#1479 = LINE ( 'NONE', #5721, #7724 ) ;
#1480 = VECTOR ( 'NONE', #7030, 1000.000000000000000 ) ;
#1481 = CARTESIAN_POINT ( 'NONE',  ( -2.375000000000000000, 3.750000000000000000, 0.02500000000000000139 ) ) ;
#1482 = ORIENTED_EDGE ( 'NONE', *, *, #950, .F. ) ;
#1483 = CARTESIAN_POINT ( 'NONE',  ( -2.274999999999999911, 3.600000000000000977, -1.425000000000000044 ) ) ;
#1484 = ADVANCED_FACE ( 'NONE', ( #5636 ), #1998, .T. ) ;
#1485 = EDGE_LOOP ( 'NONE', ( #8324, #1674, #3872, #2942 ) ) ;
#1486 = AXIS2_PLACEMENT_3D ( 'NONE', #1168, #945, #8299 ) ;
#1487 = LINE ( 'NONE', #7383, #367 ) ;
#1488 = LINE ( 'NONE', #6866, #2326 ) ;
#1489 = VERTEX_POINT ( 'NONE', #3941 ) ;
#1490 = DIRECTION ( 'NONE',  ( 0.0000000000000000000, 1.000000000000000000, 0.0000000000000000000 ) ) ;
#1491 = EDGE_CURVE ( 'NONE', #8146, #3054, #3902, .T. ) ;
#1492 = ORIENTED_EDGE ( 'NONE', *, *, #824, .F. ) ;
#1493 = EDGE_LOOP ( 'NONE', ( #5045, #6576, #3398, #7183 ) ) ;
#1494 = DIRECTION ( 'NONE',  ( 0.0000000000000000000, -1.000000000000000000, 0.0000000000000000000 ) ) ;
#1495 = PLANE ( 'NONE',  #559 ) ;
#1496 = VERTEX_POINT ( 'NONE', #5867 ) ;
#1497 = ORIENTED_EDGE ( 'NONE', *, *, #1932, .F. ) ;
#1498 = EDGE_CURVE ( 'NONE', #6683, #32, #5426, .T. ) ;
#1499 = LINE ( 'NONE', #7127, #6495 ) ;
#1500 = CARTESIAN_POINT ( 'NONE',  ( -0.5250000000000000222, 0.3500000000000000333, -2.024999999999999911 ) ) ;
#1501 = CARTESIAN_POINT ( 'NONE',  ( 0.7349999999999999867, 1.850000000000000089, -2.024999999999999911 ) ) ;
#1502 = LINE ( 'NONE', #5696, #3756 ) ;
#1503 = DIRECTION ( 'NONE',  ( -1.000000000000000000, 0.0000000000000000000, 0.0000000000000000000 ) ) ;
#1504 = CARTESIAN_POINT ( 'NONE',  ( 5.625000000000000888, 3.750000000000000000, -2.024999999999999911 ) ) ;
#1505 = EDGE_CURVE ( 'NONE', #1567, #4069, #633, .T. ) ;
#1507 = LINE ( 'NONE', #621, #7115 ) ;
#1506 = DIRECTION ( 'NONE',  ( 1.000000000000000000, 0.0000000000000000000, 0.0000000000000000000 ) ) ;
#1508 =( NAMED_UNIT ( * ) PLANE_ANGLE_UNIT ( ) SI_UNIT ( $, .RADIAN. ) );
#1510 = ORIENTED_EDGE ( 'NONE', *, *, #6856, .T. ) ;
#1509 = DIRECTION ( 'NONE',  ( 1.000000000000000000, -0.0000000000000000000, 0.0000000000000000000 ) ) ;
#1511 = ORIENTED_EDGE ( 'NONE', *, *, #2525, .F. ) ;
#1512 = VECTOR ( 'NONE', #6092, 1000.000000000000000 ) ;
#1513 = ADVANCED_FACE ( 'NONE', ( #2387 ), #6535, .T. ) ;
#1514 = CLOSED_SHELL ( 'NONE', ( #1465, #224, #5573, #7250, #2630, #8152, #6491, #3370 ) ) ;
#1515 = DIRECTION ( 'NONE',  ( -1.000000000000000000, 0.0000000000000000000, 0.0000000000000000000 ) ) ;
#1516 = LINE ( 'NONE', #1214, #3861 ) ;
#1517 = DIRECTION ( 'NONE',  ( 0.0000000000000000000, 0.0000000000000000000, -1.000000000000000000 ) ) ;
#1518 = ORIENTED_EDGE ( 'NONE', *, *, #540, .T. ) ;
#1519 = ORIENTED_EDGE ( 'NONE', *, *, #2712, .T. ) ;
#1520 = DIRECTION ( 'NONE',  ( -1.000000000000000000, 0.0000000000000000000, 0.0000000000000000000 ) ) ;
#1521 = DIRECTION ( 'NONE',  ( 0.0000000000000000000, -1.000000000000000000, 0.0000000000000000000 ) ) ;
#1522 = DIRECTION ( 'NONE',  ( 1.000000000000000000, 0.0000000000000000000, 0.0000000000000000000 ) ) ;
#1523 = LINE ( 'NONE', #8188, #3871 ) ;
#1524 = STYLED_ITEM ( 'NONE', ( #2300 ), #3924 ) ;
#1525 = EDGE_LOOP ( 'NONE', ( #4393, #5633, #7523, #5436, #4642, #2140, #6582 ) ) ;
#1526 = SURFACE_STYLE_FILL_AREA ( #2831 ) ;
#1527 = DIRECTION ( 'NONE',  ( 0.0000000000000000000, 1.000000000000000000, 0.0000000000000000000 ) ) ;
#1528 =( LENGTH_UNIT ( ) NAMED_UNIT ( * ) SI_UNIT ( .MILLI., .METRE. ) );
#1529 = FACE_OUTER_BOUND ( 'NONE', #4571, .T. ) ;
#1530 = DIRECTION ( 'NONE',  ( 0.0000000000000000000, 1.000000000000000000, 0.0000000000000000000 ) ) ;
#1531 = EDGE_CURVE ( 'NONE', #6840, #2061, #8382, .T. ) ;
#1532 = CARTESIAN_POINT ( 'NONE',  ( -0.5250000000000000222, 1.795247431900000024, 2.024999999999999911 ) ) ;
#1533 = FACE_OUTER_BOUND ( 'NONE', #6510, .T. ) ;
#1534 = VERTEX_POINT ( 'NONE', #8456 ) ;
#1535 = DIRECTION ( 'NONE',  ( 0.0000000000000000000, 0.0000000000000000000, -1.000000000000000000 ) ) ;
#1536 = LINE ( 'NONE', #4484, #8272 ) ;
#1537 = VECTOR ( 'NONE', #7752, 1000.000000000000000 ) ;
#1538 = DIRECTION ( 'NONE',  ( 1.000000000000000000, 0.0000000000000000000, 0.0000000000000000000 ) ) ;
#1539 = CARTESIAN_POINT ( 'NONE',  ( 6.025000000000001243, 0.6000000000000076383, -0.2249999999999982014 ) ) ;
#1540 = STYLED_ITEM ( 'NONE', ( #7768 ), #7935 ) ;
#1541 = FILL_AREA_STYLE ('',( #2171 ) ) ;
#1542 = FACE_OUTER_BOUND ( 'NONE', #3532, .T. ) ;
#1543 = VECTOR ( 'NONE', #4094, 1000.000000000000114 ) ;
#1544 = CARTESIAN_POINT ( 'NONE',  ( -0.5250000000000000222, 1.850000000000000089, 0.0000000000000000000 ) ) ;
#1545 = EDGE_CURVE ( 'NONE', #1003, #5032, #5531, .T. ) ;
#1546 = LINE ( 'NONE', #774, #5524 ) ;
#1547 = DIRECTION ( 'NONE',  ( -1.000000000000000000, 0.0000000000000000000, 0.0000000000000000000 ) ) ;
#1548 = EDGE_CURVE ( 'NONE', #3873, #4979, #429, .T. ) ;
#1549 = VECTOR ( 'NONE', #119, 1000.000000000000000 ) ;
#1550 = CARTESIAN_POINT ( 'NONE',  ( 0.4249999999999999889, 1.850000000000000089, 2.024999999999999911 ) ) ;
#1551 = VECTOR ( 'NONE', #6884, 1000.000000000000000 ) ;
#1552 = EDGE_CURVE ( 'NONE', #3400, #4128, #6035, .T. ) ;
#1553 = CARTESIAN_POINT ( 'NONE',  ( 1.765000000000000124, 1.000000000000000000, -1.525000000000000133 ) ) ;
#1554 = ADVANCED_FACE ( 'NONE', ( #7785 ), #7916, .T. ) ;
#1555 = CARTESIAN_POINT ( 'NONE',  ( 0.7250000000000000888, 1.350000000000000089, 0.0000000000000000000 ) ) ;
#1556 = DIRECTION ( 'NONE',  ( 0.0000000000000000000, 0.0000000000000000000, -1.000000000000000000 ) ) ;
#1557 = ORIENTED_EDGE ( 'NONE', *, *, #7338, .T. ) ;
#1558 = VERTEX_POINT ( 'NONE', #4652 ) ;
#1559 = FACE_OUTER_BOUND ( 'NONE', #166, .T. ) ;
#1560 = EDGE_CURVE ( 'NONE', #5872, #3142, #3197, .T. ) ;
#1561 = DIRECTION ( 'NONE',  ( 0.0000000000000000000, 0.0000000000000000000, 1.000000000000000000 ) ) ;
#1562 = PLANE ( 'NONE',  #6551 ) ;
#1563 = ORIENTED_EDGE ( 'NONE', *, *, #7933, .T. ) ;
#1564 = EDGE_CURVE ( 'NONE', #1962, #442, #7358, .T. ) ;
#1565 = VERTEX_POINT ( 'NONE', #4624 ) ;
#1566 = CARTESIAN_POINT ( 'NONE',  ( 4.474999999999999645, 0.3500000000000000333, -2.024999999999999911 ) ) ;
#1567 = VERTEX_POINT ( 'NONE', #3887 ) ;
#1568 = FACE_OUTER_BOUND ( 'NONE', #7376, .T. ) ;
#1569 = ORIENTED_EDGE ( 'NONE', *, *, #4135, .T. ) ;
#1570 = ORIENTED_EDGE ( 'NONE', *, *, #3800, .F. ) ;
#1571 = CARTESIAN_POINT ( 'NONE',  ( 3.015000000000000124, 1.649999999999999911, -1.025000000000000133 ) ) ;
#1572 = DIRECTION ( 'NONE',  ( 1.000000000000000000, 0.0000000000000000000, 0.0000000000000000000 ) ) ;
#1573 = AXIS2_PLACEMENT_3D ( 'NONE', #6438, #8475, #3286 ) ;
#1574 = DIRECTION ( 'NONE',  ( -1.000000000000000000, 0.0000000000000000000, 0.0000000000000000000 ) ) ;
#1575 = VERTEX_POINT ( 'NONE', #4547 ) ;
#1576 = PLANE ( 'NONE',  #645 ) ;
#1577 = ORIENTED_EDGE ( 'NONE', *, *, #6736, .F. ) ;
#1578 = DIRECTION ( 'NONE',  ( 0.0000000000000000000, 1.000000000000000000, 0.0000000000000000000 ) ) ;
#1579 = DIRECTION ( 'NONE',  ( 0.0000000000000000000, 1.000000000000000000, 0.0000000000000000000 ) ) ;
#1580 = VECTOR ( 'NONE', #3319, 1000.000000000000000 ) ;
#1581 = DIRECTION ( 'NONE',  ( 0.0000000000000000000, -1.000000000000000000, 0.0000000000000000000 ) ) ;
#1582 = PRESENTATION_LAYER_ASSIGNMENT (  '', '', ( #386 ) ) ;
#1583 = DIRECTION ( 'NONE',  ( -0.0000000000000000000, 1.000000000000000000, -0.0000000000000000000 ) ) ;
#1584 = ORIENTED_EDGE ( 'NONE', *, *, #3462, .F. ) ;
#1585 = ORIENTED_EDGE ( 'NONE', *, *, #653, .T. ) ;
#1586 = CARTESIAN_POINT ( 'NONE',  ( -0.5250000000000000222, 0.0000000000000000000, 2.024999999999999911 ) ) ;
#1587 = CARTESIAN_POINT ( 'NONE',  ( 0.8750000000000007772, 4.250000000000000000, 2.024999999999999911 ) ) ;
#1588 = DIRECTION ( 'NONE',  ( 0.0000000000000000000, 0.0000000000000000000, 1.000000000000000000 ) ) ;
#1589 = VECTOR ( 'NONE', #2160, 1000.000000000000000 ) ;
#1590 = EDGE_CURVE ( 'NONE', #5193, #4542, #7154, .T. ) ;
#1591 = AXIS2_PLACEMENT_3D ( 'NONE', #3812, #8347, #550 ) ;
#1592 = SURFACE_SIDE_STYLE ('',( #3431 ) ) ;
#1593 =( NAMED_UNIT ( * ) PLANE_ANGLE_UNIT ( ) SI_UNIT ( $, .RADIAN. ) );
#1594 = ORIENTED_EDGE ( 'NONE', *, *, #5355, .F. ) ;
#1595 = ADVANCED_FACE ( 'NONE', ( #1949 ), #7887, .F. ) ;
#1596 = ORIENTED_EDGE ( 'NONE', *, *, #8017, .F. ) ;
#1597 = ORIENTED_EDGE ( 'NONE', *, *, #4654, .F. ) ;
#1598 = DIRECTION ( 'NONE',  ( -1.000000000000000000, 0.0000000000000000000, 0.0000000000000000000 ) ) ;
#1599 = ORIENTED_EDGE ( 'NONE', *, *, #8166, .T. ) ;
#1600 = LINE ( 'NONE', #4485, #1904 ) ;
#1601 = VECTOR ( 'NONE', #4400, 1000.000000000000000 ) ;
#1602 = ORIENTED_EDGE ( 'NONE', *, *, #7848, .T. ) ;
#1603 = ORIENTED_EDGE ( 'NONE', *, *, #1993, .F. ) ;
#1604 = DIRECTION ( 'NONE',  ( 0.0000000000000000000, 0.0000000000000000000, 1.000000000000000000 ) ) ;
#1605 = EDGE_CURVE ( 'NONE', #2397, #5617, #2775, .T. ) ;
#1606 = VERTEX_POINT ( 'NONE', #5210 ) ;
#1607 = VECTOR ( 'NONE', #3829, 1000.000000000000000 ) ;
#1608 = CARTESIAN_POINT ( 'NONE',  ( 1.975000000000000089, 0.5547525681000000652, 2.024999999999999911 ) ) ;
#1609 = CARTESIAN_POINT ( 'NONE',  ( 6.025000000000001243, 0.0000000000000000000, 2.024999999999999911 ) ) ;
#1610 = ORIENTED_EDGE ( 'NONE', *, *, #244, .T. ) ;
#1611 = DIRECTION ( 'NONE',  ( 0.0000000000000000000, -1.000000000000000000, 0.0000000000000000000 ) ) ;
#1612 = EDGE_CURVE ( 'NONE', #6727, #4330, #5927, .T. ) ;
#1613 = VECTOR ( 'NONE', #2482, 1000.000000000000000 ) ;
#1614 = CARTESIAN_POINT ( 'NONE',  ( 0.8249999999999999556, 1.649999999999999911, -1.025000000000000133 ) ) ;
#1615 = CARTESIAN_POINT ( 'NONE',  ( 4.275000000000000355, 1.850000000000000089, 0.0000000000000000000 ) ) ;
#1616 = ORIENTED_EDGE ( 'NONE', *, *, #5129, .T. ) ;
#1617 = LINE ( 'NONE', #343, #1820 ) ;
#1618 = DIRECTION ( 'NONE',  ( 0.0000000000000000000, 0.0000000000000000000, -1.000000000000000000 ) ) ;
#1619 = ORIENTED_EDGE ( 'NONE', *, *, #7844, .F. ) ;
#1620 = LINE ( 'NONE', #4936, #2750 ) ;
#1621 =( NAMED_UNIT ( * ) PLANE_ANGLE_UNIT ( ) SI_UNIT ( $, .RADIAN. ) );
#1622 = CARTESIAN_POINT ( 'NONE',  ( -0.7249999999999999778, -0.6500000000000000222, -2.075000000000000178 ) ) ;
#1623 = FACE_OUTER_BOUND ( 'NONE', #8459, .T. ) ;
#1624 = VECTOR ( 'NONE', #5761, 1000.000000000000114 ) ;
#1625 = CARTESIAN_POINT ( 'NONE',  ( 2.575000000000001066, 1.850000000000000089, 2.024999999999999911 ) ) ;
#1626 = UNCERTAINTY_MEASURE_WITH_UNIT (LENGTH_MEASURE( 1.000000000000000082E-05 ), #6218, 'distance_accuracy_value', 'NONE');
#1627 = CARTESIAN_POINT ( 'NONE',  ( 5.125000000000000888, 3.750000000000000000, -2.024999999999999911 ) ) ;
#1628 =( NAMED_UNIT ( * ) SI_UNIT ( $, .STERADIAN. ) SOLID_ANGLE_UNIT ( ) );
#1629 = AXIS2_PLACEMENT_3D ( 'NONE', #3444, #4033, #5335 ) ;
#1630 = ADVANCED_FACE ( 'NONE', ( #7580 ), #6725, .F. ) ;
#1631 = EDGE_LOOP ( 'NONE', ( #4851, #1990, #2385, #965 ) ) ;
#1632 = LINE ( 'NONE', #7779, #511 ) ;
#1633 = PLANE ( 'NONE',  #4327 ) ;
#1634 = VECTOR ( 'NONE', #50, 1000.000000000000000 ) ;
#1635 = AXIS2_PLACEMENT_3D ( 'NONE', #6665, #173, #4737 ) ;
#1636 = UNCERTAINTY_MEASURE_WITH_UNIT (LENGTH_MEASURE( 1.000000000000000082E-05 ), #5612, 'distance_accuracy_value', 'NONE');
#1637 = EDGE_CURVE ( 'NONE', #795, #1872, #7692, .T. ) ;
#1638 = CARTESIAN_POINT ( 'NONE',  ( 6.025000000000001243, 1.980741759643274369, -1.925000000000000711 ) ) ;
#1639 = FILL_AREA_STYLE ('',( #4838 ) ) ;
#1640 = CARTESIAN_POINT ( 'NONE',  ( 0.7349999999999999867, 1.649999999999999911, -1.025000000000000133 ) ) ;
#1641 = VECTOR ( 'NONE', #7336, 1000.000000000000000 ) ;
#1642 = DIRECTION ( 'NONE',  ( 0.0000000000000000000, 0.0000000000000000000, -1.000000000000000000 ) ) ;
#1643 = AXIS2_PLACEMENT_3D ( 'NONE', #8128, #4895, #2371 ) ;
#1644 =( NAMED_UNIT ( * ) SI_UNIT ( $, .STERADIAN. ) SOLID_ANGLE_UNIT ( ) );
#1645 = DIRECTION ( 'NONE',  ( 0.0000000000000000000, -1.000000000000000000, 0.0000000000000000000 ) ) ;
#1646 = DIRECTION ( 'NONE',  ( 1.000000000000000000, 0.0000000000000000000, 0.0000000000000000000 ) ) ;
#1647 = AXIS2_PLACEMENT_3D ( 'NONE', #5305, #2848, #3999 ) ;
#1648 = VECTOR ( 'NONE', #4019, 1000.000000000000000 ) ;
#1649 = VECTOR ( 'NONE', #7307, 1000.000000000000000 ) ;
#1650 = CARTESIAN_POINT ( 'NONE',  ( 0.7250000000000000888, -0.6500000000000000222, -1.775000000000000133 ) ) ;
#1651 = EDGE_CURVE ( 'NONE', #1250, #2684, #5831, .T. ) ;
#1652 = VERTEX_POINT ( 'NONE', #4798 ) ;
#1653 = VERTEX_POINT ( 'NONE', #5414 ) ;
#1654 = LINE ( 'NONE', #3974, #1342 ) ;
#1655 = EDGE_CURVE ( 'NONE', #5644, #7557, #3895, .T. ) ;
#1656 = CARTESIAN_POINT ( 'NONE',  ( -0.5250000000000000222, 0.3500000000000000333, -2.024999999999999911 ) ) ;
#1657 =( LENGTH_UNIT ( ) NAMED_UNIT ( * ) SI_UNIT ( .MILLI., .METRE. ) );
#1658 = LINE ( 'NONE', #4701, #6652 ) ;
#1659 = ORIENTED_EDGE ( 'NONE', *, *, #5427, .F. ) ;
#1660 = EDGE_CURVE ( 'NONE', #4366, #6408, #1235, .T. ) ;
#1661 = ORIENTED_EDGE ( 'NONE', *, *, #2696, .T. ) ;
#1662 = ORIENTED_EDGE ( 'NONE', *, *, #1651, .F. ) ;
#1663 = DIRECTION ( 'NONE',  ( 0.0000000000000000000, 0.0000000000000000000, -1.000000000000000000 ) ) ;
#1664 = CARTESIAN_POINT ( 'NONE',  ( -1.375000000000000000, 3.750000000000000000, -2.024999999999999911 ) ) ;
#1665 = DIRECTION ( 'NONE',  ( 0.0000000000000000000, 0.0000000000000000000, -1.000000000000000000 ) ) ;
#1666 = CARTESIAN_POINT ( 'NONE',  ( 4.925000000000000711, 2.550000000000000266, 2.024999999999999911 ) ) ;
#1667 = ORIENTED_EDGE ( 'NONE', *, *, #2810, .T. ) ;
#1668 = VECTOR ( 'NONE', #7236, 1000.000000000000000 ) ;
#1669 = EDGE_CURVE ( 'NONE', #3841, #2422, #219, .T. ) ;
#1670 = CARTESIAN_POINT ( 'NONE',  ( -0.7249999999999999778, 0.05000000000000002359, -1.524999999999999689 ) ) ;
#1671 = ORIENTED_EDGE ( 'NONE', *, *, #8219, .F. ) ;
#1672 = DIRECTION ( 'NONE',  ( 0.0000000000000000000, 0.0000000000000000000, -1.000000000000000000 ) ) ;
#1673 = VERTEX_POINT ( 'NONE', #2148 ) ;
#1674 = ORIENTED_EDGE ( 'NONE', *, *, #7338, .F. ) ;
#1675 = ADVANCED_FACE ( 'NONE', ( #5415 ), #828, .F. ) ;
#1676 = CARTESIAN_POINT ( 'NONE',  ( 3.234999999999999876, 1.850000000000000089, -1.025000000000000133 ) ) ;
#1677 = PRESENTATION_STYLE_ASSIGNMENT (( #4486 ) ) ;
#1678 = DIRECTION ( 'NONE',  ( 0.0000000000000000000, 1.000000000000000000, 0.0000000000000000000 ) ) ;
#1679 = VERTEX_POINT ( 'NONE', #7357 ) ;
#1680 = ORIENTED_EDGE ( 'NONE', *, *, #1605, .F. ) ;
#1681 = CARTESIAN_POINT ( 'NONE',  ( 4.625000000000000888, 3.750000000000000000, -2.024999999999999911 ) ) ;
#1682 = ORIENTED_EDGE ( 'NONE', *, *, #8159, .F. ) ;
#1683 = MECHANICAL_DESIGN_GEOMETRIC_PRESENTATION_REPRESENTATION (  '', ( #4428 ), #486 ) ;
#1684 = EDGE_LOOP ( 'NONE', ( #2521, #472, #2871, #7809 ) ) ;
#1685 = DIRECTION ( 'NONE',  ( -1.000000000000000000, 0.0000000000000000000, 0.0000000000000000000 ) ) ;
#1686 = LINE ( 'NONE', #5039, #44 ) ;
#1687 = VECTOR ( 'NONE', #2403, 1000.000000000000000 ) ;
#1688 = CARTESIAN_POINT ( 'NONE',  ( 0.7249999999999998668, 0.05000000000000002359, -1.775000000000000133 ) ) ;
#1689 = DIRECTION ( 'NONE',  ( -1.000000000000000000, 0.0000000000000000000, 0.0000000000000000000 ) ) ;
#1690 = ORIENTED_EDGE ( 'NONE', *, *, #6959, .T. ) ;
#1691 = ORIENTED_EDGE ( 'NONE', *, *, #7518, .F. ) ;
#1692 = CARTESIAN_POINT ( 'NONE',  ( 6.206138830084190872, 2.750000000000000000, -0.4749999999999999778 ) ) ;
#1693 = ORIENTED_EDGE ( 'NONE', *, *, #7402, .F. ) ;
#1694 = VERTEX_POINT ( 'NONE', #1428 ) ;
#1695 = VECTOR ( 'NONE', #1581, 1000.000000000000000 ) ;
#1696 = PLANE ( 'NONE',  #3883 ) ;
#1697 =( GEOMETRIC_REPRESENTATION_CONTEXT ( 3 ) GLOBAL_UNCERTAINTY_ASSIGNED_CONTEXT ( ( #6187 ) ) GLOBAL_UNIT_ASSIGNED_CONTEXT ( ( #8161, #2258, #4926 ) ) REPRESENTATION_CONTEXT ( 'NONE', 'WORKASPACE' ) );
#1698 =( GEOMETRIC_REPRESENTATION_CONTEXT ( 3 ) GLOBAL_UNCERTAINTY_ASSIGNED_CONTEXT ( ( #6284 ) ) GLOBAL_UNIT_ASSIGNED_CONTEXT ( ( #1528, #2761, #809 ) ) REPRESENTATION_CONTEXT ( 'NONE', 'WORKASPACE' ) );
#1699 = ORIENTED_EDGE ( 'NONE', *, *, #7634, .T. ) ;
#1700 = DIRECTION ( 'NONE',  ( -0.0000000000000000000, -0.0000000000000000000, 1.000000000000000000 ) ) ;
#1701 = ORIENTED_EDGE ( 'NONE', *, *, #3210, .T. ) ;
#1702 = EDGE_CURVE ( 'NONE', #2076, #3961, #2275, .T. ) ;
#1703 = MECHANICAL_DESIGN_GEOMETRIC_PRESENTATION_REPRESENTATION (  '', ( #4178 ), #4763 ) ;
#1704 = CARTESIAN_POINT ( 'NONE',  ( -1.375000000000000000, 3.750000000000000000, 0.02500000000000000139 ) ) ;
#1705 = VERTEX_POINT ( 'NONE', #4084 ) ;
#1706 = FILL_AREA_STYLE_COLOUR ( '', #984 ) ;
#1708 = VERTEX_POINT ( 'NONE', #3426 ) ;
#1707 = CARTESIAN_POINT ( 'NONE',  ( -0.8249999999999999556, 1.850000000000000089, -1.698606797699999893 ) ) ;
#1709 = LINE ( 'NONE', #2631, #5065 ) ;
#1710 = DIRECTION ( 'NONE',  ( -1.000000000000000000, -0.0000000000000000000, -0.0000000000000000000 ) ) ;
#1711 = EDGE_CURVE ( 'NONE', #2758, #545, #3700, .T. ) ;
#1712 = VECTOR ( 'NONE', #7876, 1000.000000000000000 ) ;
#1713 = ORIENTED_EDGE ( 'NONE', *, *, #507, .F. ) ;
#1714 = EDGE_CURVE ( 'NONE', #5682, #8232, #3596, .T. ) ;
#1715 = LINE ( 'NONE', #4413, #6504 ) ;
#1716 = CARTESIAN_POINT ( 'NONE',  ( 6.625000000000000888, 0.6000000000000076383, -0.2249999999999982014 ) ) ;
#1717 = ORIENTED_EDGE ( 'NONE', *, *, #6088, .T. ) ;
#1718 = PLANE ( 'NONE',  #717 ) ;
#1719 = EDGE_CURVE ( 'NONE', #3766, #7354, #1849, .T. ) ;
#1720 =( GEOMETRIC_REPRESENTATION_CONTEXT ( 3 ) GLOBAL_UNCERTAINTY_ASSIGNED_CONTEXT ( ( #6914 ) ) GLOBAL_UNIT_ASSIGNED_CONTEXT ( ( #4982, #3624, #4281 ) ) REPRESENTATION_CONTEXT ( 'NONE', 'WORKASPACE' ) );
#1721 = LINE ( 'NONE', #7617, #6710 ) ;
#1722 = ADVANCED_FACE ( 'NONE', ( #5205 ), #3489, .F. ) ;
#1723 = ORIENTED_EDGE ( 'NONE', *, *, #3581, .T. ) ;
#1724 = LINE ( 'NONE', #1383, #4986 ) ;
#1725 = DIRECTION ( 'NONE',  ( 0.0000000000000000000, 0.6650335612228979176, -0.7468134723257140450 ) ) ;
#1726 = VECTOR ( 'NONE', #116, 1000.000000000000000 ) ;
#1727 = EDGE_CURVE ( 'NONE', #837, #6398, #2051, .T. ) ;
#1728 = DIRECTION ( 'NONE',  ( -0.0000000000000000000, 1.000000000000000000, -0.0000000000000000000 ) ) ;
#1729 = PRESENTATION_STYLE_ASSIGNMENT (( #1104 ) ) ;
#1730 = ORIENTED_EDGE ( 'NONE', *, *, #4994, .T. ) ;
#1731 = CARTESIAN_POINT ( 'NONE',  ( -0.5250000000000000222, 1.850000000000000089, -1.698606797699999893 ) ) ;
#1732 = ORIENTED_EDGE ( 'NONE', *, *, #5301, .T. ) ;
#1733 = LINE ( 'NONE', #6724, #1023 ) ;
#1734 = DIRECTION ( 'NONE',  ( -1.000000000000000000, 0.0000000000000000000, 0.0000000000000000000 ) ) ;
#1735 = CARTESIAN_POINT ( 'NONE',  ( 1.975000000000000089, 1.850000000000000089, -1.698606797699999893 ) ) ;
#1736 = VECTOR ( 'NONE', #2846, 1000.000000000000000 ) ;
#1737 = AXIS2_PLACEMENT_3D ( 'NONE', #4304, #7644, #4391 ) ;
#1738 = LINE ( 'NONE', #415, #6327 ) ;
#1739 = UNCERTAINTY_MEASURE_WITH_UNIT (LENGTH_MEASURE( 1.000000000000000082E-05 ), #5271, 'distance_accuracy_value', 'NONE');
#1740 = PRESENTATION_STYLE_ASSIGNMENT (( #5656 ) ) ;
#1741 = PLANE ( 'NONE',  #3556 ) ;
#1742 = VECTOR ( 'NONE', #1264, 1000.000000000000000 ) ;
#1743 = LINE ( 'NONE', #744, #5826 ) ;
#1744 = VERTEX_POINT ( 'NONE', #1483 ) ;
#1745 = DIRECTION ( 'NONE',  ( 1.000000000000000000, 0.0000000000000000000, 0.0000000000000000000 ) ) ;
#1746 =( GEOMETRIC_REPRESENTATION_CONTEXT ( 3 ) GLOBAL_UNCERTAINTY_ASSIGNED_CONTEXT ( ( #3881 ) ) GLOBAL_UNIT_ASSIGNED_CONTEXT ( ( #2132, #2786, #4753 ) ) REPRESENTATION_CONTEXT ( 'NONE', 'WORKASPACE' ) );
#1747 =( LENGTH_UNIT ( ) NAMED_UNIT ( * ) SI_UNIT ( .MILLI., .METRE. ) );
#1748 = VECTOR ( 'NONE', #6734, 1000.000000000000000 ) ;
#1749 = AXIS2_PLACEMENT_3D ( 'NONE', #1735, #4957, #961 ) ;
#1750 = VECTOR ( 'NONE', #1923, 1000.000000000000000 ) ;
#1751 =( NAMED_UNIT ( * ) PLANE_ANGLE_UNIT ( ) SI_UNIT ( $, .RADIAN. ) );
#1752 = FILL_AREA_STYLE_COLOUR ( '', #430 ) ;
#1753 = ORIENTED_EDGE ( 'NONE', *, *, #4074, .T. ) ;
#1754 = CARTESIAN_POINT ( 'NONE',  ( -0.8750000000000000000, 3.750000000000000000, -2.024999999999999911 ) ) ;
#1755 = ORIENTED_EDGE ( 'NONE', *, *, #7470, .T. ) ;
#1756 = VECTOR ( 'NONE', #4345, 1000.000000000000000 ) ;
#1757 = SURFACE_SIDE_STYLE ('',( #6581 ) ) ;
#1758 = LINE ( 'NONE', #910, #7892 ) ;
#1759 = ADVANCED_FACE ( 'NONE', ( #5309 ), #6018, .F. ) ;
#1760 = CARTESIAN_POINT ( 'NONE',  ( -0.8750000000000000000, 3.750000000000000000, 2.024999999999999911 ) ) ;
#1761 = EDGE_LOOP ( 'NONE', ( #1088, #733, #1020, #6695 ) ) ;
#1762 = CARTESIAN_POINT ( 'NONE',  ( 4.925000000000000711, 2.550000000000000266, -1.474999999999999867 ) ) ;
#1763 = ORIENTED_EDGE ( 'NONE', *, *, #1059, .F. ) ;
#1764 = ORIENTED_EDGE ( 'NONE', *, *, #8120, .T. ) ;
#1765 = EDGE_CURVE ( 'NONE', #884, #3329, #2578, .T. ) ;
#1766 = ORIENTED_EDGE ( 'NONE', *, *, #7509, .F. ) ;
#1767 = CARTESIAN_POINT ( 'NONE',  ( 6.025000000000001243, 0.0000000000000000000, 0.0000000000000000000 ) ) ;
#1768 = VERTEX_POINT ( 'NONE', #6753 ) ;
#1769 = ORIENTED_EDGE ( 'NONE', *, *, #4619, .T. ) ;
#1770 = CARTESIAN_POINT ( 'NONE',  ( -2.274999999999999911, 0.6000000000000076383, -0.2249999999999982014 ) ) ;
#1771 = EDGE_CURVE ( 'NONE', #3400, #3942, #3384, .T. ) ;
#1772 = PLANE ( 'NONE',  #4314 ) ;
#1773 = ORIENTED_EDGE ( 'NONE', *, *, #6440, .T. ) ;
#1774 = PLANE ( 'NONE',  #982 ) ;
#1775 = FACE_OUTER_BOUND ( 'NONE', #6591, .T. ) ;
#1776 = EDGE_LOOP ( 'NONE', ( #3672, #3820, #7077, #6383 ) ) ;
#1777 = DIRECTION ( 'NONE',  ( 0.0000000000000000000, 0.0000000000000000000, -1.000000000000000000 ) ) ;
#1778 = VERTEX_POINT ( 'NONE', #4768 ) ;
#1779 = ORIENTED_EDGE ( 'NONE', *, *, #1548, .T. ) ;
#1780 = CARTESIAN_POINT ( 'NONE',  ( -0.8750000000000000000, 2.250000000000000000, 1.505384757699999909 ) ) ;
#1781 = DIRECTION ( 'NONE',  ( 1.000000000000000000, 0.0000000000000000000, 0.0000000000000000000 ) ) ;
#1782 = CARTESIAN_POINT ( 'NONE',  ( 1.975000000000000089, 1.350000000000000089, -1.525000000000000133 ) ) ;
#1783 = PLANE ( 'NONE',  #3565 ) ;
#1784 = CARTESIAN_POINT ( 'NONE',  ( 3.225000000000000089, 1.000000000000000000, 1.525000000000000133 ) ) ;
#1785 = FACE_OUTER_BOUND ( 'NONE', #4583, .T. ) ;
#1786 = VERTEX_POINT ( 'NONE', #8089 ) ;
#1787 = ORIENTED_EDGE ( 'NONE', *, *, #2913, .F. ) ;
#1788 = LINE ( 'NONE', #527, #5567 ) ;
#1789 = VECTOR ( 'NONE', #5998, 1000.000000000000000 ) ;
#1790 = CARTESIAN_POINT ( 'NONE',  ( 3.024999999999999911, -0.6500000000000000222, -2.075000000000000178 ) ) ;
#1791 = AXIS2_PLACEMENT_3D ( 'NONE', #7663, #3822, #3076 ) ;
#1792 = ORIENTED_EDGE ( 'NONE', *, *, #7011, .T. ) ;
#1793 = EDGE_LOOP ( 'NONE', ( #5157, #2800, #6041, #7667 ) ) ;
#1794 = ORIENTED_EDGE ( 'NONE', *, *, #7957, .F. ) ;
#1795 = ORIENTED_EDGE ( 'NONE', *, *, #7111, .F. ) ;
#1796 = STYLED_ITEM ( 'NONE', ( #5121 ), #1473 ) ;
#1797 = VECTOR ( 'NONE', #1745, 1000.000000000000000 ) ;
#1798 = ADVANCED_FACE ( 'NONE', ( #6954 ), #2238, .T. ) ;
#1799 = EDGE_CURVE ( 'NONE', #7160, #8335, #2678, .T. ) ;
#1800 = LINE ( 'NONE', #1818, #7532 ) ;
#1801 = ORIENTED_EDGE ( 'NONE', *, *, #3463, .T. ) ;
#1802 = CARTESIAN_POINT ( 'NONE',  ( 3.024999999999999911, 0.05000000000000002359, -1.775000000000000133 ) ) ;
#1803 = CARTESIAN_POINT ( 'NONE',  ( 0.7349999999999999867, 0.0000000000000000000, -1.474999999999999867 ) ) ;
#1804 = ORIENTED_EDGE ( 'NONE', *, *, #4343, .F. ) ;
#1805 = ORIENTED_EDGE ( 'NONE', *, *, #3959, .T. ) ;
#1806 = VECTOR ( 'NONE', #1180, 1000.000000000000000 ) ;
#1807 = PLANE ( 'NONE',  #5572 ) ;
#1808 = VERTEX_POINT ( 'NONE', #257 ) ;
#1809 = PLANE ( 'NONE',  #7833 ) ;
#1810 = AXIS2_PLACEMENT_3D ( 'NONE', #880, #5438, #3567 ) ;
#1811 = AXIS2_PLACEMENT_3D ( 'NONE', #933, #5496, #2353 ) ;
#1812 = DIRECTION ( 'NONE',  ( 0.0000000000000000000, 0.0000000000000000000, -1.000000000000000000 ) ) ;
#1813 = DIRECTION ( 'NONE',  ( -1.000000000000000000, 0.0000000000000000000, 0.0000000000000000000 ) ) ;
#1814 = SURFACE_STYLE_FILL_AREA ( #8395 ) ;
#1815 = ORIENTED_EDGE ( 'NONE', *, *, #2168, .T. ) ;
#1816 = VERTEX_POINT ( 'NONE', #6134 ) ;
#1817 = LINE ( 'NONE', #3326, #1404 ) ;
#1818 = CARTESIAN_POINT ( 'NONE',  ( 3.225000000000000089, 1.350000000000000089, 0.0000000000000000000 ) ) ;
#1819 = EDGE_CURVE ( 'NONE', #140, #6448, #5114, .T. ) ;
#1820 = VECTOR ( 'NONE', #1006, 1000.000000000000000 ) ;
#1821 = EDGE_CURVE ( 'NONE', #7557, #128, #2994, .T. ) ;
#1822 = CARTESIAN_POINT ( 'NONE',  ( 0.5250000000000000222, 1.000000000000000000, 1.525000000000000133 ) ) ;
#1823 = VERTEX_POINT ( 'NONE', #6781 ) ;
#1824 = VECTOR ( 'NONE', #5880, 1000.000000000000000 ) ;
#1825 =( LENGTH_UNIT ( ) NAMED_UNIT ( * ) SI_UNIT ( .MILLI., .METRE. ) );
#1826 = EDGE_CURVE ( 'NONE', #6600, #4859, #1445, .T. ) ;
#1827 = DIRECTION ( 'NONE',  ( 0.0000000000000000000, 0.0000000000000000000, 1.000000000000000000 ) ) ;
#1828 = LINE ( 'NONE', #6159, #6420 ) ;
#1829 = SURFACE_SIDE_STYLE ('',( #4633 ) ) ;
#1830 = VECTOR ( 'NONE', #8409, 1000.000000000000000 ) ;
#1831 = CARTESIAN_POINT ( 'NONE',  ( 5.625000000000000888, 3.149999999999999911, 0.02500000000000000139 ) ) ;
#1832 = VECTOR ( 'NONE', #3758, 1000.000000000000000 ) ;
#1833 = EDGE_CURVE ( 'NONE', #1003, #8181, #2485, .T. ) ;
#1834 = CARTESIAN_POINT ( 'NONE',  ( -1.875000000000000000, 1.850000000000000089, -1.474999999999999867 ) ) ;
#1835 = DIRECTION ( 'NONE',  ( 1.000000000000000000, 0.0000000000000000000, 0.0000000000000000000 ) ) ;
#1836 = CARTESIAN_POINT ( 'NONE',  ( 3.225000000000000089, 1.315130797599999957, 1.171117220399999770 ) ) ;
#1837 = ORIENTED_EDGE ( 'NONE', *, *, #5912, .T. ) ;
#1838 = DIRECTION ( 'NONE',  ( 0.0000000000000000000, 1.000000000000000000, 0.0000000000000000000 ) ) ;
#1839 = LINE ( 'NONE', #3920, #5006 ) ;
#1840 = VECTOR ( 'NONE', #711, 1000.000000000000000 ) ;
#1841 = FACE_BOUND ( 'NONE', #8050, .T. ) ;
#1842 = CARTESIAN_POINT ( 'NONE',  ( 0.4249999999999999889, 1.649999999999999911, 2.024999999999999911 ) ) ;
#1843 = CARTESIAN_POINT ( 'NONE',  ( 6.025000000000001243, 4.250000000000000000, -0.07499999999999998335 ) ) ;
#1844 = PRESENTATION_LAYER_ASSIGNMENT (  '', '', ( #1406 ) ) ;
#1845 =( NAMED_UNIT ( * ) PLANE_ANGLE_UNIT ( ) SI_UNIT ( $, .RADIAN. ) );
#1846 = FACE_OUTER_BOUND ( 'NONE', #7816, .T. ) ;
#1847 = LINE ( 'NONE', #5659, #7353 ) ;
#1848 = DIRECTION ( 'NONE',  ( 0.0000000000000000000, 0.0000000000000000000, 1.000000000000000000 ) ) ;
#1849 = LINE ( 'NONE', #5987, #6855 ) ;
#1850 = CARTESIAN_POINT ( 'NONE',  ( 4.174999999999999822, 1.850000000000000089, -1.698606797699999893 ) ) ;
#1851 =( GEOMETRIC_REPRESENTATION_CONTEXT ( 3 ) GLOBAL_UNCERTAINTY_ASSIGNED_CONTEXT ( ( #5910 ) ) GLOBAL_UNIT_ASSIGNED_CONTEXT ( ( #7083, #4423, #8319 ) ) REPRESENTATION_CONTEXT ( 'NONE', 'WORKASPACE' ) );
#1852 = CARTESIAN_POINT ( 'NONE',  ( -0.4249999999999999889, 1.649999999999999911, -1.698606797699999893 ) ) ;
#1853 = DIRECTION ( 'NONE',  ( 0.0000000000000000000, 0.0000000000000000000, 1.000000000000000000 ) ) ;
#1854 = ORIENTED_EDGE ( 'NONE', *, *, #6396, .T. ) ;
#1855 = EDGE_CURVE ( 'NONE', #5808, #7897, #5728, .T. ) ;
#1856 = ORIENTED_EDGE ( 'NONE', *, *, #216, .F. ) ;
#1857 = ORIENTED_EDGE ( 'NONE', *, *, #2743, .T. ) ;
#1858 = VECTOR ( 'NONE', #3045, 1000.000000000000000 ) ;
#1859 = CARTESIAN_POINT ( 'NONE',  ( 3.015000000000000124, 0.0000000000000000000, -1.474999999999999867 ) ) ;
#1860 = CARTESIAN_POINT ( 'NONE',  ( 3.024999999999999911, 0.0000000000000000000, -1.525000000000000133 ) ) ;
#1861 = ORIENTED_EDGE ( 'NONE', *, *, #1637, .T. ) ;
#1862 = CARTESIAN_POINT ( 'NONE',  ( -2.875000000000000000, 4.250000000000000000, 2.024999999999999911 ) ) ;
#1863 = DIRECTION ( 'NONE',  ( 0.0000000000000000000, 0.0000000000000000000, -1.000000000000000000 ) ) ;
#1864 = EDGE_CURVE ( 'NONE', #6301, #5995, #526, .T. ) ;
#1865 = LINE ( 'NONE', #4637, #4429 ) ;
#1866 = EDGE_CURVE ( 'NONE', #4346, #379, #6632, .T. ) ;
#1867 = ORIENTED_EDGE ( 'NONE', *, *, #6844, .F. ) ;
#1868 = DIRECTION ( 'NONE',  ( -1.000000000000000000, -0.0000000000000000000, -0.0000000000000000000 ) ) ;
#1869 = ORIENTED_EDGE ( 'NONE', *, *, #998, .F. ) ;
#1870 = CARTESIAN_POINT ( 'NONE',  ( -2.875000000000000000, 4.250000000000000000, -0.02500000000000000139 ) ) ;
#1871 = CARTESIAN_POINT ( 'NONE',  ( 1.984999999999999876, 1.000000000000000000, -1.474999999999999867 ) ) ;
#1872 = VERTEX_POINT ( 'NONE', #7272 ) ;
#1873 = ORIENTED_EDGE ( 'NONE', *, *, #4948, .T. ) ;
#1874 = EDGE_CURVE ( 'NONE', #7354, #3142, #1436, .T. ) ;
#1875 = CARTESIAN_POINT ( 'NONE',  ( 0.7250000000000000888, 1.000000000000000000, -1.525000000000000133 ) ) ;
#1876 = PRESENTATION_STYLE_ASSIGNMENT (( #5286 ) ) ;
#1877 = EDGE_CURVE ( 'NONE', #1086, #6874, #8187, .T. ) ;
#1878 = PRESENTATION_LAYER_ASSIGNMENT (  '', '', ( #4287 ) ) ;
#1879 = ORIENTED_EDGE ( 'NONE', *, *, #7560, .T. ) ;
#1880 = ORIENTED_EDGE ( 'NONE', *, *, #1129, .F. ) ;
#1881 = CARTESIAN_POINT ( 'NONE',  ( 4.475000000000000533, 1.649999999999999911, -1.698606797699999893 ) ) ;
#1882 = EDGE_CURVE ( 'NONE', #1477, #5542, #1037, .T. ) ;
#1883 = CARTESIAN_POINT ( 'NONE',  ( 4.125000000000000000, 2.250000000000000000, -0.4749999999999999778 ) ) ;
#1884 = VERTEX_POINT ( 'NONE', #4120 ) ;
#1885 = ORIENTED_EDGE ( 'NONE', *, *, #4884, .F. ) ;
#1886 = CARTESIAN_POINT ( 'NONE',  ( 3.324999999999999734, 1.649999999999999911, 2.024999999999999911 ) ) ;
#1887 = VECTOR ( 'NONE', #7053, 1000.000000000000000 ) ;
#1888 = VECTOR ( 'NONE', #1076, 1000.000000000000114 ) ;
#1889 = ORIENTED_EDGE ( 'NONE', *, *, #289, .F. ) ;
#1890 = CARTESIAN_POINT ( 'NONE',  ( 0.8249999999999999556, 1.850000000000000089, -1.474999999999999867 ) ) ;
#1891 = ORIENTED_EDGE ( 'NONE', *, *, #2283, .F. ) ;
#1892 = PRESENTATION_LAYER_ASSIGNMENT (  '', '', ( #4086 ) ) ;
#1893 = CARTESIAN_POINT ( 'NONE',  ( -2.500000000000000000, 4.240000000000000213, -2.024999999999999911 ) ) ;
#1894 = CARTESIAN_POINT ( 'NONE',  ( 6.625000000000000888, 2.000000000000000000, -1.425000000000000044 ) ) ;
#1895 = LINE ( 'NONE', #6977, #6485 ) ;
#1896 = VECTOR ( 'NONE', #2405, 1000.000000000000000 ) ;
#1897 = UNCERTAINTY_MEASURE_WITH_UNIT (LENGTH_MEASURE( 1.000000000000000082E-05 ), #3943, 'distance_accuracy_value', 'NONE');
#1898 = ORIENTED_EDGE ( 'NONE', *, *, #134, .F. ) ;
#1899 = CARTESIAN_POINT ( 'NONE',  ( -1.175000000000000044, 2.550000000000000266, 2.024999999999999911 ) ) ;
#1900 = ORIENTED_EDGE ( 'NONE', *, *, #3256, .T. ) ;
#1901 = ORIENTED_EDGE ( 'NONE', *, *, #2551, .F. ) ;
#1902 = ORIENTED_EDGE ( 'NONE', *, *, #7279, .T. ) ;
#1903 = ORIENTED_EDGE ( 'NONE', *, *, #707, .T. ) ;
#1904 = VECTOR ( 'NONE', #6467, 1000.000000000000000 ) ;
#1905 = STYLED_ITEM ( 'NONE', ( #6432 ), #4889 ) ;
#1906 = LINE ( 'NONE', #6980, #3334 ) ;
#1907 = PLANE ( 'NONE',  #1573 ) ;
#1908 = AXIS2_PLACEMENT_3D ( 'NONE', #1367, #7185, #2688 ) ;
#1909 = CARTESIAN_POINT ( 'NONE',  ( 0.07499999999999998335, 1.850000000000000089, -1.474999999999999867 ) ) ;
#1910 = LINE ( 'NONE', #151, #6500 ) ;
#1911 = VERTEX_POINT ( 'NONE', #3348 ) ;
#1912 = ORIENTED_EDGE ( 'NONE', *, *, #1498, .T. ) ;
#1913 = LINE ( 'NONE', #2675, #2741 ) ;
#1914 = PLANE ( 'NONE',  #7553 ) ;
#1915 = DIRECTION ( 'NONE',  ( 0.0000000000000000000, -1.000000000000000000, 0.0000000000000000000 ) ) ;
#1916 = DIRECTION ( 'NONE',  ( 0.0000000000000000000, 0.0000000000000000000, 1.000000000000000000 ) ) ;
#1917 = ORIENTED_EDGE ( 'NONE', *, *, #1270, .T. ) ;
#1918 = ORIENTED_EDGE ( 'NONE', *, *, #454, .T. ) ;
#1919 = VECTOR ( 'NONE', #431, 1000.000000000000000 ) ;
#1920 = CARTESIAN_POINT ( 'NONE',  ( 6.125000000000000000, 3.750000000000000000, 2.024999999999999911 ) ) ;
#1921 = AXIS2_PLACEMENT_3D ( 'NONE', #7690, #5562, #2494 ) ;
#1922 = PLANE ( 'NONE',  #7260 ) ;
#1923 = DIRECTION ( 'NONE',  ( 0.0000000000000000000, 0.0000000000000000000, 1.000000000000000000 ) ) ;
#1924 = LINE ( 'NONE', #6819, #6614 ) ;
#1925 = LINE ( 'NONE', #4363, #8463 ) ;
#1926 = VERTEX_POINT ( 'NONE', #5958 ) ;
#1927 = DIRECTION ( 'NONE',  ( 1.000000000000000000, -0.0000000000000000000, 0.0000000000000000000 ) ) ;
#1928 = ORIENTED_EDGE ( 'NONE', *, *, #7267, .T. ) ;
#1929 = EDGE_CURVE ( 'NONE', #1652, #4665, #2576, .T. ) ;
#1930 = VECTOR ( 'NONE', #4681, 1000.000000000000000 ) ;
#1931 = FACE_OUTER_BOUND ( 'NONE', #641, .T. ) ;
#1932 = EDGE_CURVE ( 'NONE', #5294, #5635, #4909, .T. ) ;
#1933 = LINE ( 'NONE', #5932, #4799 ) ;
#1934 = CARTESIAN_POINT ( 'NONE',  ( 1.775000000000000133, 1.850000000000000089, -1.698606797699999893 ) ) ;
#1935 = ADVANCED_FACE ( 'NONE', ( #8280 ), #207, .F. ) ;
#1936 = VECTOR ( 'NONE', #3188, 1000.000000000000000 ) ;
#1937 = LINE ( 'NONE', #3133, #301 ) ;
#1938 = EDGE_CURVE ( 'NONE', #4275, #2644, #3285, .T. ) ;
#1939 = PLANE ( 'NONE',  #2616 ) ;
#1940 = DIRECTION ( 'NONE',  ( 0.0000000000000000000, 0.0000000000000000000, -1.000000000000000000 ) ) ;
#1941 = VECTOR ( 'NONE', #542, 1000.000000000000000 ) ;
#1942 = CARTESIAN_POINT ( 'NONE',  ( 6.250000000000000000, 4.250000000000000000, -0.07499999999999998335 ) ) ;
#1943 = CARTESIAN_POINT ( 'NONE',  ( 4.485000000000001208, 1.000000000000000000, -1.025000000000000133 ) ) ;
#1944 = VECTOR ( 'NONE', #572, 1000.000000000000000 ) ;
#1945 = LINE ( 'NONE', #1184, #3892 ) ;
#1946 = CARTESIAN_POINT ( 'NONE',  ( 1.774999999999999911, 0.3499999999999999778, -2.075000000000000178 ) ) ;
#1947 = CARTESIAN_POINT ( 'NONE',  ( 6.025000000000001243, 0.6000000000000024203, 1.375000000000002442 ) ) ;
#1948 = CARTESIAN_POINT ( 'NONE',  ( -0.5250000000000000222, -0.6500000000000000222, -2.075000000000000178 ) ) ;
#1949 = FACE_OUTER_BOUND ( 'NONE', #3211, .T. ) ;
#1950 = VECTOR ( 'NONE', #5058, 1000.000000000000000 ) ;
#1951 = AXIS2_PLACEMENT_3D ( 'NONE', #3958, #2042, #1954 ) ;
#1952 = ADVANCED_FACE ( 'NONE', ( #1846 ), #2806, .F. ) ;
#1953 = ORIENTED_EDGE ( 'NONE', *, *, #1498, .F. ) ;
#1954 = DIRECTION ( 'NONE',  ( 0.0000000000000000000, 1.000000000000000000, 0.0000000000000000000 ) ) ;
#1955 = ORIENTED_EDGE ( 'NONE', *, *, #1119, .F. ) ;
#1956 = VECTOR ( 'NONE', #6611, 1000.000000000000000 ) ;
#1957 = SURFACE_STYLE_FILL_AREA ( #1639 ) ;
#1958 = EDGE_CURVE ( 'NONE', #5617, #2789, #6336, .T. ) ;
#1959 = DIRECTION ( 'NONE',  ( 1.000000000000000000, 0.0000000000000000000, 0.0000000000000000000 ) ) ;
#1960 = ORIENTED_EDGE ( 'NONE', *, *, #7737, .T. ) ;
#1961 = CARTESIAN_POINT ( 'NONE',  ( -0.4249999999999999889, 1.649999999999999911, -1.698606797699999893 ) ) ;
#1962 = VERTEX_POINT ( 'NONE', #7918 ) ;
#1963 = DIRECTION ( 'NONE',  ( 0.0000000000000000000, -0.0000000000000000000, -1.000000000000000000 ) ) ;
#1964 = EDGE_LOOP ( 'NONE', ( #3635, #775, #6791, #7188 ) ) ;
#1965 = AXIS2_PLACEMENT_3D ( 'NONE', #2734, #2096, #3356 ) ;
#1966 = EDGE_LOOP ( 'NONE', ( #659, #6890, #2791, #5549 ) ) ;
#1967 = PLANE ( 'NONE',  #4758 ) ;
#1968 = DIRECTION ( 'NONE',  ( 1.000000000000000000, 0.0000000000000000000, 0.0000000000000000000 ) ) ;
#1969 = ORIENTED_EDGE ( 'NONE', *, *, #782, .F. ) ;
#1970 = EDGE_CURVE ( 'NONE', #5433, #5458, #5012, .T. ) ;
#1971 = AXIS2_PLACEMENT_3D ( 'NONE', #6615, #2695, #30 ) ;
#1972 = DIRECTION ( 'NONE',  ( 1.000000000000000000, 0.0000000000000000000, 0.0000000000000000000 ) ) ;
#1973 = ORIENTED_EDGE ( 'NONE', *, *, #108, .F. ) ;
#1974 = ORIENTED_EDGE ( 'NONE', *, *, #2704, .F. ) ;
#1975 = ORIENTED_EDGE ( 'NONE', *, *, #6351, .T. ) ;
#1976 = SURFACE_STYLE_USAGE ( .BOTH. , #5930 ) ;
#1977 = ADVANCED_FACE ( 'NONE', ( #4704 ), #1463, .F. ) ;
#1978 = EDGE_CURVE ( 'NONE', #3901, #8093, #4307, .T. ) ;
#1979 = CARTESIAN_POINT ( 'NONE',  ( 1.975000000000000089, -0.6500000000000000222, -1.775000000000000133 ) ) ;
#1980 = VECTOR ( 'NONE', #346, 1000.000000000000000 ) ;
#1981 = EDGE_CURVE ( 'NONE', #4370, #7160, #1230, .T. ) ;
#1982 = ORIENTED_EDGE ( 'NONE', *, *, #2873, .T. ) ;
#1983 = VERTEX_POINT ( 'NONE', #1627 ) ;
#1984 = CARTESIAN_POINT ( 'NONE',  ( 4.174999999999999822, 1.850000000000000089, -1.474999999999999867 ) ) ;
#1985 = DIRECTION ( 'NONE',  ( 1.000000000000000000, 0.0000000000000000000, 0.0000000000000000000 ) ) ;
#1986 = EDGE_CURVE ( 'NONE', #2098, #1708, #2987, .T. ) ;
#1987 = ORIENTED_EDGE ( 'NONE', *, *, #6404, .T. ) ;
#1988 = CARTESIAN_POINT ( 'NONE',  ( 3.324999999999999734, 1.850000000000000089, 2.024999999999999911 ) ) ;
#1989 = ORIENTED_EDGE ( 'NONE', *, *, #4948, .F. ) ;
#1990 = ORIENTED_EDGE ( 'NONE', *, *, #1226, .T. ) ;
#1992 = VECTOR ( 'NONE', #4063, 1000.000000000000000 ) ;
#1991 = CARTESIAN_POINT ( 'NONE',  ( 4.125000000000000000, 2.750000000000000000, -0.4749999999999999778 ) ) ;
#1993 = EDGE_CURVE ( 'NONE', #1816, #4222, #7879, .T. ) ;
#1994 = LINE ( 'NONE', #4336, #1687 ) ;
#1995 = ORIENTED_EDGE ( 'NONE', *, *, #5108, .F. ) ;
#1996 = DIRECTION ( 'NONE',  ( 0.0000000000000000000, 0.0000000000000000000, 1.000000000000000000 ) ) ;
#1997 = ORIENTED_EDGE ( 'NONE', *, *, #4664, .F. ) ;
#1998 = PLANE ( 'NONE',  #3721 ) ;
#1999 = EDGE_LOOP ( 'NONE', ( #848, #6395, #1577, #8130 ) ) ;
#2000 = ORIENTED_EDGE ( 'NONE', *, *, #6921, .T. ) ;
#2001 =( NAMED_UNIT ( * ) PLANE_ANGLE_UNIT ( ) SI_UNIT ( $, .RADIAN. ) );
#2002 = ORIENTED_EDGE ( 'NONE', *, *, #2162, .F. ) ;
#2003 = VECTOR ( 'NONE', #2447, 1000.000000000000000 ) ;
#2004 = LINE ( 'NONE', #7503, #3847 ) ;
#2005 = EDGE_LOOP ( 'NONE', ( #4017, #8031, #5359, #3560 ) ) ;
#2006 = DIRECTION ( 'NONE',  ( 0.0000000000000000000, 1.000000000000000000, -2.148487149506095815E-16 ) ) ;
#2007 = PLANE ( 'NONE',  #4043 ) ;
#2008 = CARTESIAN_POINT ( 'NONE',  ( 4.474999999999999645, 0.3499999999999999778, -2.075000000000000178 ) ) ;
#2009 = VERTEX_POINT ( 'NONE', #974 ) ;
#2010 = ORIENTED_EDGE ( 'NONE', *, *, #8278, .T. ) ;
#2011 = ORIENTED_EDGE ( 'NONE', *, *, #324, .T. ) ;
#2012 = VECTOR ( 'NONE', #2456, 1000.000000000000000 ) ;
#2013 =( LENGTH_UNIT ( ) NAMED_UNIT ( * ) SI_UNIT ( .MILLI., .METRE. ) );
#2014 = ORIENTED_EDGE ( 'NONE', *, *, #5792, .T. ) ;
#2015 = AXIS2_PLACEMENT_3D ( 'NONE', #6870, #1035, #5591 ) ;
#2016 = ORIENTED_EDGE ( 'NONE', *, *, #8003, .F. ) ;
#2017 = PRESENTATION_STYLE_ASSIGNMENT (( #6858 ) ) ;
#2018 = CARTESIAN_POINT ( 'NONE',  ( -0.8249999999999999556, 1.850000000000000089, -1.698606797699999893 ) ) ;
#2019 = ADVANCED_FACE ( 'NONE', ( #2672 ), #6197, .F. ) ;
#2020 = DIRECTION ( 'NONE',  ( -1.000000000000000000, 0.0000000000000000000, 0.0000000000000000000 ) ) ;
#2021 = EDGE_CURVE ( 'NONE', #2208, #795, #6135, .T. ) ;
#2022 = CARTESIAN_POINT ( 'NONE',  ( 1.975000000000000089, 0.0000000000000000000, 2.024999999999999911 ) ) ;
#2023 = DIRECTION ( 'NONE',  ( 0.0000000000000000000, 0.0000000000000000000, 1.000000000000000000 ) ) ;
#2024 = DIRECTION ( 'NONE',  ( 1.000000000000000000, 0.0000000000000000000, 0.0000000000000000000 ) ) ;
#2025 = ORIENTED_EDGE ( 'NONE', *, *, #4308, .F. ) ;
#2026 = DIRECTION ( 'NONE',  ( 0.0000000000000000000, 0.0000000000000000000, -1.000000000000000000 ) ) ;
#2027 = VECTOR ( 'NONE', #3487, 1000.000000000000000 ) ;
#2028 = FILL_AREA_STYLE_COLOUR ( '', #5504 ) ;
#2029 = PRODUCT_RELATED_PRODUCT_CATEGORY ( 'part', '', ( #668 ) ) ;
#2030 =( NAMED_UNIT ( * ) PLANE_ANGLE_UNIT ( ) SI_UNIT ( $, .RADIAN. ) );
#2031 = VECTOR ( 'NONE', #8313, 1000.000000000000000 ) ;
#2032 = VECTOR ( 'NONE', #8381, 1000.000000000000000 ) ;
#2033 = DIRECTION ( 'NONE',  ( 0.0000000000000000000, -1.000000000000000000, 0.0000000000000000000 ) ) ;
#2034 = DIRECTION ( 'NONE',  ( 0.0000000000000000000, -0.6650335612228979176, -0.7468134723257140450 ) ) ;
#2035 = EDGE_CURVE ( 'NONE', #6193, #5052, #1139, .T. ) ;
#2036 = LINE ( 'NONE', #1614, #6839 ) ;
#2037 = PLANE ( 'NONE',  #1457 ) ;
#2038 = ADVANCED_FACE ( 'NONE', ( #2884 ), #3607, .F. ) ;
#2039 = VECTOR ( 'NONE', #1234, 1000.000000000000000 ) ;
#2040 = ORIENTED_EDGE ( 'NONE', *, *, #1069, .T. ) ;
#2041 = FACE_OUTER_BOUND ( 'NONE', #7431, .T. ) ;
#2042 = DIRECTION ( 'NONE',  ( 1.000000000000000000, 0.0000000000000000000, 0.0000000000000000000 ) ) ;
#2043 = EDGE_CURVE ( 'NONE', #3944, #3643, #8377, .T. ) ;
#2044 = CARTESIAN_POINT ( 'NONE',  ( 6.025000000000001243, 2.250000000000000000, -2.024999999999999911 ) ) ;
#2045 = LINE ( 'NONE', #6758, #5303 ) ;
#2046 = CARTESIAN_POINT ( 'NONE',  ( -0.5250000000000000222, 1.850000000000000089, -1.025000000000000133 ) ) ;
#2047 = FACE_OUTER_BOUND ( 'NONE', #4338, .T. ) ;
#2048 = CARTESIAN_POINT ( 'NONE',  ( 6.025000000000001243, 1.949999999999999512, 2.025000000000007017 ) ) ;
#2049 = DIRECTION ( 'NONE',  ( 1.000000000000000000, 0.0000000000000000000, 0.0000000000000000000 ) ) ;
#2050 = DIRECTION ( 'NONE',  ( 0.0000000000000000000, 1.000000000000000000, 0.0000000000000000000 ) ) ;
#2051 = LINE ( 'NONE', #7291, #320 ) ;
#2052 = DIRECTION ( 'NONE',  ( -1.000000000000000000, 0.0000000000000000000, 0.0000000000000000000 ) ) ;
#2053 = COLOUR_RGB ( '',1.000000000000000000, 1.000000000000000000, 1.000000000000000000 ) ;
#2054 = CARTESIAN_POINT ( 'NONE',  ( 4.275000000000000355, 0.0000000000000000000, 2.024999999999999911 ) ) ;
#2055 = DIRECTION ( 'NONE',  ( 0.0000000000000000000, 1.000000000000000000, 0.0000000000000000000 ) ) ;
#2056 = ADVANCED_FACE ( 'NONE', ( #3591 ), #3520, .T. ) ;
#2057 = CARTESIAN_POINT ( 'NONE',  ( -1.875000000000000000, 0.5000000000000000000, 2.024999999999999911 ) ) ;
#2058 = DIRECTION ( 'NONE',  ( 0.0000000000000000000, 1.000000000000000000, 0.0000000000000000000 ) ) ;
#2059 = ORIENTED_EDGE ( 'NONE', *, *, #2549, .F. ) ;
#2060 = CARTESIAN_POINT ( 'NONE',  ( 4.475000000000000533, 0.0000000000000000000, 0.0000000000000000000 ) ) ;
#2061 = VERTEX_POINT ( 'NONE', #1553 ) ;
#2062 = ORIENTED_EDGE ( 'NONE', *, *, #7902, .F. ) ;
#2063 = CARTESIAN_POINT ( 'NONE',  ( 0.0000000000000000000, 0.0000000000000000000, -1.025000000000000133 ) ) ;
#2064 = PRESENTATION_LAYER_ASSIGNMENT (  '', '', ( #318 ) ) ;
#2065 = CARTESIAN_POINT ( 'NONE',  ( 4.264999999999999680, 1.850000000000000089, -1.025000000000000133 ) ) ;
#2066 = LINE ( 'NONE', #759, #5938 ) ;
#2067 = DIRECTION ( 'NONE',  ( 1.000000000000000000, 0.0000000000000000000, 0.0000000000000000000 ) ) ;
#2068 = VERTEX_POINT ( 'NONE', #2214 ) ;
#2069 = ORIENTED_EDGE ( 'NONE', *, *, #5598, .F. ) ;
#2070 = ORIENTED_EDGE ( 'NONE', *, *, #1092, .F. ) ;
#2071 = EDGE_CURVE ( 'NONE', #4284, #7547, #7246, .T. ) ;
#2072 = DIRECTION ( 'NONE',  ( 0.0000000000000000000, 1.000000000000000000, 0.0000000000000000000 ) ) ;
#2073 = CARTESIAN_POINT ( 'NONE',  ( 6.025000000000001243, 1.999999999999998668, -1.425000000000000933 ) ) ;
#2074 = VECTOR ( 'NONE', #3755, 1000.000000000000000 ) ;
#2075 = AXIS2_PLACEMENT_3D ( 'NONE', #4066, #5428, #8013 ) ;
#2076 = VERTEX_POINT ( 'NONE', #900 ) ;
#2077 = ORIENTED_EDGE ( 'NONE', *, *, #7742, .F. ) ;
#2078 = DIRECTION ( 'NONE',  ( -1.000000000000000000, 0.0000000000000000000, 0.0000000000000000000 ) ) ;
#2079 = PLANE ( 'NONE',  #6681 ) ;
#2080 = DIRECTION ( 'NONE',  ( 1.000000000000000000, 0.0000000000000000000, 0.0000000000000000000 ) ) ;
#2081 = STYLED_ITEM ( 'NONE', ( #6618 ), #749 ) ;
#2082 = CARTESIAN_POINT ( 'NONE',  ( -0.5250000000000000222, 0.0000000000000000000, -2.024999999999999911 ) ) ;
#2083 = LINE ( 'NONE', #6254, #3630 ) ;
#2084 = CARTESIAN_POINT ( 'NONE',  ( 0.7250000000000000888, 0.0000000000000000000, -2.024999999999999911 ) ) ;
#2085 = ORIENTED_EDGE ( 'NONE', *, *, #3195, .T. ) ;
#2086 = DIRECTION ( 'NONE',  ( 0.0000000000000000000, 1.000000000000000000, 0.0000000000000000000 ) ) ;
#2087 = EDGE_LOOP ( 'NONE', ( #253, #5219, #1201, #5233 ) ) ;
#2088 = EDGE_CURVE ( 'NONE', #1565, #731, #5521, .T. ) ;
#2089 = DIRECTION ( 'NONE',  ( -1.000000000000000000, 0.0000000000000000000, 0.0000000000000000000 ) ) ;
#2090 = DIRECTION ( 'NONE',  ( 0.0000000000000000000, 0.0000000000000000000, 1.000000000000000000 ) ) ;
#2092 = LINE ( 'NONE', #614, #5962 ) ;
#2091 = CARTESIAN_POINT ( 'NONE',  ( -0.8249999999999999556, 1.850000000000000089, 2.024999999999999911 ) ) ;
#2093 = LINE ( 'NONE', #5804, #1181 ) ;
#2094 = EDGE_CURVE ( 'NONE', #6792, #2899, #2045, .T. ) ;
#2095 = ORIENTED_EDGE ( 'NONE', *, *, #3204, .F. ) ;
#2096 = DIRECTION ( 'NONE',  ( 0.0000000000000000000, -3.212450881438532635E-15, 1.000000000000000000 ) ) ;
#2097 = ORIENTED_EDGE ( 'NONE', *, *, #6900, .T. ) ;
#2098 = VERTEX_POINT ( 'NONE', #1608 ) ;
#2099 = DIRECTION ( 'NONE',  ( 0.0000000000000000000, -1.000000000000000000, 0.0000000000000000000 ) ) ;
#2100 = EDGE_CURVE ( 'NONE', #947, #7070, #6848, .T. ) ;
#2101 = VERTEX_POINT ( 'NONE', #8063 ) ;
#2102 = LINE ( 'NONE', #5409, #6388 ) ;
#2103 = COLOUR_RGB ( '',0.6470588235294117974, 0.6196078431372549211, 0.5882352941176470784 ) ;
#2104 = ORIENTED_EDGE ( 'NONE', *, *, #2413, .T. ) ;
#2105 = CARTESIAN_POINT ( 'NONE',  ( -0.7249999999999999778, 1.350000000000000089, 1.525000000000000133 ) ) ;
#2106 = ADVANCED_FACE ( 'NONE', ( #423 ), #8150, .T. ) ;
#2107 = VERTEX_POINT ( 'NONE', #5511 ) ;
#2108 = EDGE_LOOP ( 'NONE', ( #4297, #1773, #8416, #3097 ) ) ;
#2109 = ORIENTED_EDGE ( 'NONE', *, *, #4055, .T. ) ;
#2110 = DIRECTION ( 'NONE',  ( 0.0000000000000000000, 0.0000000000000000000, 1.000000000000000000 ) ) ;
#2111 = EDGE_CURVE ( 'NONE', #2839, #3552, #106, .T. ) ;
#2112 = ORIENTED_EDGE ( 'NONE', *, *, #4042, .F. ) ;
#2113 = ORIENTED_EDGE ( 'NONE', *, *, #514, .T. ) ;
#2114 = VECTOR ( 'NONE', #5671, 1000.000000000000000 ) ;
#2115 = LINE ( 'NONE', #8193, #678 ) ;
#2116 = CARTESIAN_POINT ( 'NONE',  ( -0.5150000000000000133, 1.000000000000000000, -1.025000000000000133 ) ) ;
#2117 = ORIENTED_EDGE ( 'NONE', *, *, #6666, .F. ) ;
#2118 = DIRECTION ( 'NONE',  ( 0.0000000000000000000, -1.000000000000000000, 0.0000000000000000000 ) ) ;
#2119 = VECTOR ( 'NONE', #1304, 1000.000000000000000 ) ;
#2120 = ORIENTED_EDGE ( 'NONE', *, *, #5353, .T. ) ;
#2121 = DIRECTION ( 'NONE',  ( -0.0000000000000000000, 1.000000000000000000, 0.0000000000000000000 ) ) ;
#2122 = DIRECTION ( 'NONE',  ( 0.0000000000000000000, -0.0000000000000000000, -1.000000000000000000 ) ) ;
#2123 = ORIENTED_EDGE ( 'NONE', *, *, #2566, .T. ) ;
#2124 = DIRECTION ( 'NONE',  ( 0.0000000000000000000, -1.000000000000000000, 0.0000000000000000000 ) ) ;
#2125 = CARTESIAN_POINT ( 'NONE',  ( 4.575000000000001066, 1.850000000000000089, -1.698606797699999893 ) ) ;
#2126 = VECTOR ( 'NONE', #5714, 1000.000000000000000 ) ;
#2127 = DIRECTION ( 'NONE',  ( 1.000000000000000000, 0.0000000000000000000, 0.0000000000000000000 ) ) ;
#2128 = ORIENTED_EDGE ( 'NONE', *, *, #5731, .T. ) ;
#2129 = ORIENTED_EDGE ( 'NONE', *, *, #3752, .T. ) ;
#2130 = FACE_OUTER_BOUND ( 'NONE', #7107, .T. ) ;
#2131 = ADVANCED_FACE ( 'NONE', ( #5715 ), #1255, .T. ) ;
#2132 =( LENGTH_UNIT ( ) NAMED_UNIT ( * ) SI_UNIT ( .MILLI., .METRE. ) );
#2133 = CARTESIAN_POINT ( 'NONE',  ( 3.024999999999999911, -0.6500000000000000222, -1.775000000000000133 ) ) ;
#2134 = LINE ( 'NONE', #2753, #85 ) ;
#2135 = CARTESIAN_POINT ( 'NONE',  ( 1.775000000000000133, 1.795247431900000024, 2.024999999999999911 ) ) ;
#2136 = AXIS2_PLACEMENT_3D ( 'NONE', #3828, #604, #2642 ) ;
#2137 = AXIS2_PLACEMENT_3D ( 'NONE', #3610, #293, #8180 ) ;
#2138 = CARTESIAN_POINT ( 'NONE',  ( -2.875000000000000000, 3.600000000000000977, -0.07499999999999998335 ) ) ;
#2139 = LINE ( 'NONE', #3653, #6717 ) ;
#2140 = ORIENTED_EDGE ( 'NONE', *, *, #7746, .F. ) ;
#2141 = EDGE_LOOP ( 'NONE', ( #6604, #347, #8215, #5749 ) ) ;
#2142 = VECTOR ( 'NONE', #5984, 1000.000000000000000 ) ;
#2143 = CARTESIAN_POINT ( 'NONE',  ( 3.225000000000000089, -0.6500000000000000222, -1.775000000000000133 ) ) ;
#2144 = EDGE_CURVE ( 'NONE', #2310, #5859, #2158, .T. ) ;
#2145 = STYLED_ITEM ( 'NONE', ( #4179 ), #3388 ) ;
#2146 = VECTOR ( 'NONE', #5827, 1000.000000000000000 ) ;
#2147 =( NAMED_UNIT ( * ) PLANE_ANGLE_UNIT ( ) SI_UNIT ( $, .RADIAN. ) );
#2148 = CARTESIAN_POINT ( 'NONE',  ( -0.8750000000000000000, 1.949999999999999956, 2.024999999999999911 ) ) ;
#2149 = VECTOR ( 'NONE', #8101, 1000.000000000000000 ) ;
#2150 = ORIENTED_EDGE ( 'NONE', *, *, #7170, .T. ) ;
#2151 = FACE_OUTER_BOUND ( 'NONE', #7587, .T. ) ;
#2152 = EDGE_CURVE ( 'NONE', #4040, #4069, #3889, .T. ) ;
#2153 = VECTOR ( 'NONE', #6227, 1000.000000000000000 ) ;
#2154 = VECTOR ( 'NONE', #6232, 1000.000000000000000 ) ;
#2155 = EDGE_CURVE ( 'NONE', #5261, #2652, #1632, .T. ) ;
#2156 = CARTESIAN_POINT ( 'NONE',  ( -0.5150000000000000133, 1.000000000000000000, -1.025000000000000133 ) ) ;
#2157 = ADVANCED_FACE ( 'NONE', ( #7037 ), #3215, .T. ) ;
#2158 = LINE ( 'NONE', #7723, #7148 ) ;
#2159 = DIRECTION ( 'NONE',  ( 1.000000000000000000, 0.0000000000000000000, 0.0000000000000000000 ) ) ;
#2160 = DIRECTION ( 'NONE',  ( -1.000000000000000000, 0.0000000000000000000, 0.0000000000000000000 ) ) ;
#2161 = FACE_OUTER_BOUND ( 'NONE', #6865, .T. ) ;
#2162 = EDGE_CURVE ( 'NONE', #6042, #2009, #5104, .T. ) ;
#2163 = CARTESIAN_POINT ( 'NONE',  ( 3.015000000000000124, 1.649999999999999911, -1.698606797699999893 ) ) ;
#2164 = DIRECTION ( 'NONE',  ( 0.0000000000000000000, -1.000000000000000000, 0.0000000000000000000 ) ) ;
#2165 =( NAMED_UNIT ( * ) PLANE_ANGLE_UNIT ( ) SI_UNIT ( $, .RADIAN. ) );
#2166 = DIRECTION ( 'NONE',  ( -1.000000000000000000, 0.0000000000000000000, 0.0000000000000000000 ) ) ;
#2167 = VECTOR ( 'NONE', #3291, 1000.000000000000000 ) ;
#2168 = EDGE_CURVE ( 'NONE', #1475, #5896, #2374, .T. ) ;
#2169 = DIRECTION ( 'NONE',  ( 1.000000000000000000, 0.0000000000000000000, 0.0000000000000000000 ) ) ;
#2170 =( NAMED_UNIT ( * ) SI_UNIT ( $, .STERADIAN. ) SOLID_ANGLE_UNIT ( ) );
#2171 = FILL_AREA_STYLE_COLOUR ( '', #887 ) ;
#2172 = PLANE ( 'NONE',  #7988 ) ;
#2173 = VERTEX_POINT ( 'NONE', #8200 ) ;
#2174 = ORIENTED_EDGE ( 'NONE', *, *, #2606, .T. ) ;
#2175 = LINE ( 'NONE', #4458, #1050 ) ;
#2176 = ORIENTED_EDGE ( 'NONE', *, *, #1938, .F. ) ;
#2177 = VECTOR ( 'NONE', #6651, 1000.000000000000000 ) ;
#2178 = DIRECTION ( 'NONE',  ( 0.0000000000000000000, 0.0000000000000000000, -1.000000000000000000 ) ) ;
#2179 = CARTESIAN_POINT ( 'NONE',  ( 6.025000000000001243, 0.6000000000000076383, -0.2249999999999982014 ) ) ;
#2180 = ADVANCED_FACE ( 'NONE', ( #7676 ), #3826, .F. ) ;
#2181 = AXIS2_PLACEMENT_3D ( 'NONE', #543, #1233, #1209 ) ;
#2182 = VECTOR ( 'NONE', #3383, 1000.000000000000000 ) ;
#2183 = DIRECTION ( 'NONE',  ( 0.0000000000000000000, -0.6650335612228979176, -0.7468134723257140450 ) ) ;
#2184 = VERTEX_POINT ( 'NONE', #2363 ) ;
#2185 = ORIENTED_EDGE ( 'NONE', *, *, #4135, .F. ) ;
#2186 = ORIENTED_EDGE ( 'NONE', *, *, #5199, .T. ) ;
#2187 = ORIENTED_EDGE ( 'NONE', *, *, #3890, .F. ) ;
#2188 = DIRECTION ( 'NONE',  ( -1.000000000000000000, 0.0000000000000000000, 0.0000000000000000000 ) ) ;
#2189 = DIRECTION ( 'NONE',  ( 0.0000000000000000000, -1.000000000000000000, 0.0000000000000000000 ) ) ;
#2190 = ORIENTED_EDGE ( 'NONE', *, *, #753, .T. ) ;
#2191 = VECTOR ( 'NONE', #3163, 1000.000000000000000 ) ;
#2192 = ORIENTED_EDGE ( 'NONE', *, *, #4403, .F. ) ;
#2193 = CARTESIAN_POINT ( 'NONE',  ( -1.375000000000000000, 3.149999999999999911, 0.02500000000000000139 ) ) ;
#2194 = STYLED_ITEM ( 'NONE', ( #5568 ), #7171 ) ;
#2195 = AXIS2_PLACEMENT_3D ( 'NONE', #4034, #6005, #159 ) ;
#2196 = CARTESIAN_POINT ( 'NONE',  ( 6.025000000000001243, 1.999999999999997780, -2.024999999999999911 ) ) ;
#2197 = AXIS2_PLACEMENT_3D ( 'NONE', #1048, #3032, #6290 ) ;
#2198 = DIRECTION ( 'NONE',  ( 0.0000000000000000000, -0.0000000000000000000, -1.000000000000000000 ) ) ;
#2199 = DIRECTION ( 'NONE',  ( 0.0000000000000000000, 1.000000000000000000, -3.295974604355814534E-17 ) ) ;
#2200 = ORIENTED_EDGE ( 'NONE', *, *, #1368, .F. ) ;
#2201 = ORIENTED_EDGE ( 'NONE', *, *, #345, .T. ) ;
#2202 = ADVANCED_FACE ( 'NONE', ( #5408 ), #3189, .T. ) ;
#2203 = CARTESIAN_POINT ( 'NONE',  ( 6.625000000000000888, 4.250000000000000000, 2.024999999999999911 ) ) ;
#2204 = EDGE_LOOP ( 'NONE', ( #2615, #6901, #5375, #2731 ) ) ;
#2205 = DIRECTION ( 'NONE',  ( -1.000000000000000000, 0.0000000000000000000, 0.0000000000000000000 ) ) ;
#2206 = CARTESIAN_POINT ( 'NONE',  ( 4.174999999999999822, 1.850000000000000089, -1.474999999999999867 ) ) ;
#2207 = VERTEX_POINT ( 'NONE', #8387 ) ;
#2208 = VERTEX_POINT ( 'NONE', #1229 ) ;
#2209 = VECTOR ( 'NONE', #7591, 1000.000000000000000 ) ;
#2210 = VERTEX_POINT ( 'NONE', #7577 ) ;
#2211 = EDGE_CURVE ( 'NONE', #3523, #3514, #2667, .T. ) ;
#2212 = LINE ( 'NONE', #6649, #7085 ) ;
#2213 = ORIENTED_EDGE ( 'NONE', *, *, #6937, .T. ) ;
#2214 = CARTESIAN_POINT ( 'NONE',  ( 3.024999999999999911, 1.850000000000000089, -1.025000000000000133 ) ) ;
#2215 = CARTESIAN_POINT ( 'NONE',  ( 0.4249999999999999889, 1.649999999999999911, -1.474999999999999867 ) ) ;
#2216 = VERTEX_POINT ( 'NONE', #3668 ) ;
#2217 = PLANE ( 'NONE',  #3621 ) ;
#2218 = ORIENTED_EDGE ( 'NONE', *, *, #4348, .T. ) ;
#2219 = ORIENTED_EDGE ( 'NONE', *, *, #2935, .F. ) ;
#2220 = CARTESIAN_POINT ( 'NONE',  ( 1.775000000000000133, 1.850000000000000089, 2.024999999999999911 ) ) ;
#2221 = DIRECTION ( 'NONE',  ( -1.000000000000000000, 0.0000000000000000000, 0.0000000000000000000 ) ) ;
#2222 = VERTEX_POINT ( 'NONE', #1831 ) ;
#2223 = EDGE_CURVE ( 'NONE', #2491, #7257, #3694, .T. ) ;
#2224 = FACE_OUTER_BOUND ( 'NONE', #3830, .T. ) ;
#2225 = DIRECTION ( 'NONE',  ( 0.0000000000000000000, -0.0000000000000000000, 1.000000000000000000 ) ) ;
#2226 = LINE ( 'NONE', #335, #8241 ) ;
#2227 = VERTEX_POINT ( 'NONE', #5824 ) ;
#2228 = CARTESIAN_POINT ( 'NONE',  ( 0.7250000000000000888, 1.850000000000000089, -1.698606797699999893 ) ) ;
#2230 = VECTOR ( 'NONE', #7015, 1000.000000000000000 ) ;
#2229 = CARTESIAN_POINT ( 'NONE',  ( 0.5250000000000000222, 1.000000000000000000, 0.0000000000000000000 ) ) ;
#2231 = ORIENTED_EDGE ( 'NONE', *, *, #1821, .F. ) ;
#2232 = ORIENTED_EDGE ( 'NONE', *, *, #2094, .F. ) ;
#2233 = LINE ( 'NONE', #1615, #1512 ) ;
#2234 = VERTEX_POINT ( 'NONE', #4319 ) ;
#2235 = CARTESIAN_POINT ( 'NONE',  ( 1.675000000000000044, 1.850000000000000089, -1.698606797699999893 ) ) ;
#2236 = PLANE ( 'NONE',  #3639 ) ;
#2237 = ORIENTED_EDGE ( 'NONE', *, *, #772, .F. ) ;
#2238 = PLANE ( 'NONE',  #2966 ) ;
#2239 = VECTOR ( 'NONE', #3357, 1000.000000000000000 ) ;
#2240 = DIRECTION ( 'NONE',  ( -1.000000000000000000, 0.0000000000000000000, 0.0000000000000000000 ) ) ;
#2241 = FACE_OUTER_BOUND ( 'NONE', #1793, .T. ) ;
#2242 = DIRECTION ( 'NONE',  ( 0.0000000000000000000, 1.000000000000000000, 0.0000000000000000000 ) ) ;
#2243 = MECHANICAL_DESIGN_GEOMETRIC_PRESENTATION_REPRESENTATION (  '', ( #2574 ), #3433 ) ;
#2244 = ADVANCED_FACE ( 'NONE', ( #5622 ), #3168, .T. ) ;
#2245 = ORIENTED_EDGE ( 'NONE', *, *, #6241, .T. ) ;
#2246 = VECTOR ( 'NONE', #2205, 1000.000000000000000 ) ;
#2247 = FILL_AREA_STYLE ('',( #6256 ) ) ;
#2248 = VECTOR ( 'NONE', #2183, 1000.000000000000114 ) ;
#2249 = CARTESIAN_POINT ( 'NONE',  ( 5.375000000000000000, 1.000000000000000000, -1.525000000000000133 ) ) ;
#2250 = EDGE_CURVE ( 'NONE', #379, #7070, #211, .T. ) ;
#2251 = DIRECTION ( 'NONE',  ( 0.0000000000000000000, 1.000000000000000000, 0.0000000000000000000 ) ) ;
#2252 = CARTESIAN_POINT ( 'NONE',  ( 6.025000000000001243, 1.950000000000001732, 2.024999999999999911 ) ) ;
#2253 = SURFACE_STYLE_FILL_AREA ( #6358 ) ;
#2254 = LINE ( 'NONE', #5676, #8174 ) ;
#2255 = DIRECTION ( 'NONE',  ( 0.0000000000000000000, -1.000000000000000000, 0.0000000000000000000 ) ) ;
#2256 = DIRECTION ( 'NONE',  ( 0.0000000000000000000, 0.0000000000000000000, 1.000000000000000000 ) ) ;
#2257 = STYLED_ITEM ( 'NONE', ( #1740 ), #7714 ) ;
#2258 =( NAMED_UNIT ( * ) PLANE_ANGLE_UNIT ( ) SI_UNIT ( $, .RADIAN. ) );
#2259 = PLANE ( 'NONE',  #8322 ) ;
#2260 = LINE ( 'NONE', #2193, #3085 ) ;
#2261 = LINE ( 'NONE', #1948, #5293 ) ;
#2262 = CARTESIAN_POINT ( 'NONE',  ( 1.975000000000000089, 1.850000000000000089, 2.024999999999999911 ) ) ;
#2263 = LINE ( 'NONE', #7045, #7344 ) ;
#2264 = MECHANICAL_DESIGN_GEOMETRIC_PRESENTATION_REPRESENTATION (  '', ( #6509 ), #54 ) ;
#2265 = FACE_BOUND ( 'NONE', #4521, .T. ) ;
#2266 = CARTESIAN_POINT ( 'NONE',  ( 4.474999999999999645, 0.05000000000000002359, -1.775000000000000133 ) ) ;
#2267 = FILL_AREA_STYLE_COLOUR ( '', #1219 ) ;
#2268 = EDGE_CURVE ( 'NONE', #3966, #3714, #5512, .T. ) ;
#2269 = CARTESIAN_POINT ( 'NONE',  ( 6.025000000000001243, 3.599999999999999201, -0.07500000000000128786 ) ) ;
#2270 = UNCERTAINTY_MEASURE_WITH_UNIT (LENGTH_MEASURE( 1.000000000000000082E-05 ), #2646, 'distance_accuracy_value', 'NONE');
#2271 = LINE ( 'NONE', #5582, #6544 ) ;
#2272 = EDGE_CURVE ( 'NONE', #5869, #6398, #3584, .T. ) ;
#2273 = CARTESIAN_POINT ( 'NONE',  ( 0.8249999999999999556, 1.850000000000000089, -1.698606797699999893 ) ) ;
#2274 = PLANE ( 'NONE',  #3333 ) ;
#2275 = LINE ( 'NONE', #3395, #623 ) ;
#2276 = EDGE_CURVE ( 'NONE', #6546, #1256, #5201, .T. ) ;
#2277 = CARTESIAN_POINT ( 'NONE',  ( 6.025000000000001243, 1.999999999999997780, -2.075000000000008615 ) ) ;
#2278 = ADVANCED_BREP_SHAPE_REPRESENTATION ( 'B05MB-GHS-TBT', ( #1473, #3169, #8080, #7714, #7059, #4662, #107, #4410, #6722 ), #1051 ) ;
#2279 = PLANE ( 'NONE',  #4526 ) ;
#2280 = DIRECTION ( 'NONE',  ( 0.0000000000000000000, 1.000000000000000000, 0.0000000000000000000 ) ) ;
#2281 = PLANE ( 'NONE',  #1811 ) ;
#2282 = ORIENTED_EDGE ( 'NONE', *, *, #7279, .F. ) ;
#2283 = EDGE_CURVE ( 'NONE', #1373, #2854, #7241, .T. ) ;
#2284 = VERTEX_POINT ( 'NONE', #5803 ) ;
#2285 = DIRECTION ( 'NONE',  ( 0.0000000000000000000, 0.0000000000000000000, 1.000000000000000000 ) ) ;
#2286 = ORIENTED_EDGE ( 'NONE', *, *, #3472, .F. ) ;
#2287 = FILL_AREA_STYLE ('',( #1706 ) ) ;
#2288 = CARTESIAN_POINT ( 'NONE',  ( 5.625000000000000888, 3.750000000000000000, 0.02500000000000000139 ) ) ;
#2289 = ORIENTED_EDGE ( 'NONE', *, *, #2819, .F. ) ;
#2290 = ADVANCED_FACE ( 'NONE', ( #8276 ), #1922, .F. ) ;
#2291 = FILL_AREA_STYLE_COLOUR ( '', #6285 ) ;
#2292 = LINE ( 'NONE', #3503, #3207 ) ;
#2293 = ORIENTED_EDGE ( 'NONE', *, *, #7965, .F. ) ;
#2294 = ORIENTED_EDGE ( 'NONE', *, *, #4594, .T. ) ;
#2295 = ORIENTED_EDGE ( 'NONE', *, *, #8281, .T. ) ;
#2296 = ORIENTED_EDGE ( 'NONE', *, *, #2021, .T. ) ;
#2297 = CARTESIAN_POINT ( 'NONE',  ( -1.375000000000000000, 3.750000000000000000, 0.02500000000000000139 ) ) ;
#2298 = AXIS2_PLACEMENT_3D ( 'NONE', #4210, #8004, #4093 ) ;
#2299 = CARTESIAN_POINT ( 'NONE',  ( 1.775000000000000133, 1.649999999999999911, -1.025000000000000133 ) ) ;
#2300 = PRESENTATION_STYLE_ASSIGNMENT (( #2662 ) ) ;
#2301 = FILL_AREA_STYLE ('',( #2341 ) ) ;
#2302 = EDGE_LOOP ( 'NONE', ( #5881, #6048, #7038, #8408, #2335, #4755, #3138, #631, #6750, #957, #2289, #3058 ) ) ;
#2303 = DIRECTION ( 'NONE',  ( 0.0000000000000000000, 1.000000000000000000, 0.0000000000000000000 ) ) ;
#2304 = ORIENTED_EDGE ( 'NONE', *, *, #7352, .T. ) ;
#2305 = DIRECTION ( 'NONE',  ( 1.000000000000000000, -0.0000000000000000000, 8.673617379884027583E-16 ) ) ;
#2306 = LINE ( 'NONE', #208, #6375 ) ;
#2307 = STYLED_ITEM ( 'NONE', ( #4657 ), #7137 ) ;
#2308 =( NAMED_UNIT ( * ) SI_UNIT ( $, .STERADIAN. ) SOLID_ANGLE_UNIT ( ) );
#2309 = VERTEX_POINT ( 'NONE', #3221 ) ;
#2310 = VERTEX_POINT ( 'NONE', #5830 ) ;
#2311 = DIRECTION ( 'NONE',  ( 0.0000000000000000000, 0.0000000000000000000, 1.000000000000000000 ) ) ;
#2312 = DIRECTION ( 'NONE',  ( 0.0000000000000000000, 0.0000000000000000000, 1.000000000000000000 ) ) ;
#2313 = LINE ( 'NONE', #2018, #3251 ) ;
#2314 = EDGE_CURVE ( 'NONE', #8012, #8225, #2, .T. ) ;
#2315 = AXIS2_PLACEMENT_3D ( 'NONE', #1688, #3804, #6253 ) ;
#2316 = CARTESIAN_POINT ( 'NONE',  ( 4.125000000000000000, 1.000000000000000000, -1.525000000000000133 ) ) ;
#2317 = SURFACE_SIDE_STYLE ('',( #2934 ) ) ;
#2318 = LINE ( 'NONE', #3198, #8221 ) ;
#2319 = VERTEX_POINT ( 'NONE', #7224 ) ;
#2320 = ORIENTED_EDGE ( 'NONE', *, *, #8062, .F. ) ;
#2321 = ORIENTED_EDGE ( 'NONE', *, *, #5540, .F. ) ;
#2322 = EDGE_CURVE ( 'NONE', #6460, #63, #100, .T. ) ;
#2323 = EDGE_CURVE ( 'NONE', #2652, #8086, #618, .T. ) ;
#2324 = LINE ( 'NONE', #6434, #5243 ) ;
#2325 = ORIENTED_EDGE ( 'NONE', *, *, #2323, .F. ) ;
#2326 = VECTOR ( 'NONE', #8271, 1000.000000000000000 ) ;
#2327 = CARTESIAN_POINT ( 'NONE',  ( 3.324999999999999734, 1.649999999999999911, -1.474999999999999867 ) ) ;
#2328 =( NAMED_UNIT ( * ) PLANE_ANGLE_UNIT ( ) SI_UNIT ( $, .RADIAN. ) );
#2329 = PRESENTATION_STYLE_ASSIGNMENT (( #4245 ) ) ;
#2330 = EDGE_CURVE ( 'NONE', #3156, #6894, #1839, .T. ) ;
#2331 = ORIENTED_EDGE ( 'NONE', *, *, #8126, .F. ) ;
#2332 = CARTESIAN_POINT ( 'NONE',  ( 4.174999999999999822, 1.850000000000000089, 2.024999999999999911 ) ) ;
#2333 = VERTEX_POINT ( 'NONE', #7145 ) ;
#2334 = CARTESIAN_POINT ( 'NONE',  ( 6.625000000000000888, 1.000000000000000000, -1.525000000000000133 ) ) ;
#2335 = ORIENTED_EDGE ( 'NONE', *, *, #1391, .F. ) ;
#2336 = ORIENTED_EDGE ( 'NONE', *, *, #553, .F. ) ;
#2337 = EDGE_CURVE ( 'NONE', #947, #635, #6331, .T. ) ;
#2338 = VERTEX_POINT ( 'NONE', #4528 ) ;
#2339 = EDGE_LOOP ( 'NONE', ( #443, #7722, #6272, #7369 ) ) ;
#2340 = FACE_OUTER_BOUND ( 'NONE', #7743, .T. ) ;
#2341 = FILL_AREA_STYLE_COLOUR ( '', #7982 ) ;
#2342 = CARTESIAN_POINT ( 'NONE',  ( 1.775000000000000133, 0.5000000000000000000, 2.024999999999999911 ) ) ;
#2343 = ADVANCED_FACE ( 'NONE', ( #4603 ), #7, .F. ) ;
#2344 = SURFACE_STYLE_FILL_AREA ( #2547 ) ;
#2345 = PLANE ( 'NONE',  #4217 ) ;
#2346 = EDGE_CURVE ( 'NONE', #3514, #2897, #6841, .T. ) ;
#2347 = LINE ( 'NONE', #4593, #1712 ) ;
#2348 = DIRECTION ( 'NONE',  ( 1.000000000000000000, 0.0000000000000000000, 0.0000000000000000000 ) ) ;
#2349 = ORIENTED_EDGE ( 'NONE', *, *, #5101, .T. ) ;
#2350 = VECTOR ( 'NONE', #6121, 1000.000000000000000 ) ;
#2351 = DIRECTION ( 'NONE',  ( 1.000000000000000000, 0.0000000000000000000, 0.0000000000000000000 ) ) ;
#2352 = CARTESIAN_POINT ( 'NONE',  ( 6.625000000000000888, 0.0000000000000000000, -1.525000000000000133 ) ) ;
#2353 = DIRECTION ( 'NONE',  ( 1.000000000000000000, 0.0000000000000000000, 0.0000000000000000000 ) ) ;
#2354 = CARTESIAN_POINT ( 'NONE',  ( -1.250000000000000000, 0.0000000000000000000, -1.025000000000000133 ) ) ;
#2355 = ORIENTED_EDGE ( 'NONE', *, *, #4513, .T. ) ;
#2356 = VECTOR ( 'NONE', #2509, 1000.000000000000000 ) ;
#2357 = VECTOR ( 'NONE', #2240, 1000.000000000000000 ) ;
#2358 = CARTESIAN_POINT ( 'NONE',  ( 4.275000000000000355, 1.850000000000000089, 2.024999999999999911 ) ) ;
#2359 = EDGE_LOOP ( 'NONE', ( #1792, #4087, #6228, #6260, #1453, #6793 ) ) ;
#2360 = ORIENTED_EDGE ( 'NONE', *, *, #8176, .F. ) ;
#2361 = LINE ( 'NONE', #6583, #2142 ) ;
#2362 = SURFACE_STYLE_FILL_AREA ( #3916 ) ;
#2363 = CARTESIAN_POINT ( 'NONE',  ( 4.475000000000000533, 1.350000000000000089, -1.525000000000000133 ) ) ;
#2364 = FILL_AREA_STYLE ('',( #5571 ) ) ;
#2365 = STYLED_ITEM ( 'NONE', ( #6857 ), #4296 ) ;
#2366 = VECTOR ( 'NONE', #911, 1000.000000000000000 ) ;
#2367 = FILL_AREA_STYLE_COLOUR ( '', #5619 ) ;
#2368 = ORIENTED_EDGE ( 'NONE', *, *, #1669, .T. ) ;
#2369 = LINE ( 'NONE', #1426, #3373 ) ;
#2370 = FACE_OUTER_BOUND ( 'NONE', #5904, .T. ) ;
#2371 = DIRECTION ( 'NONE',  ( 0.0000000000000000000, -0.0000000000000000000, -1.000000000000000000 ) ) ;
#2372 = LINE ( 'NONE', #1859, #6944 ) ;
#2373 = DIRECTION ( 'NONE',  ( 1.000000000000000000, 0.0000000000000000000, -0.0000000000000000000 ) ) ;
#2374 = LINE ( 'NONE', #381, #1330 ) ;
#2375 = CARTESIAN_POINT ( 'NONE',  ( 0.7250000000000000888, 0.3500000000000000333, -2.024999999999999911 ) ) ;
#2376 = SURFACE_STYLE_USAGE ( .BOTH. , #4201 ) ;
#2377 = DIRECTION ( 'NONE',  ( -1.000000000000000000, 0.0000000000000000000, 0.0000000000000000000 ) ) ;
#2378 = ADVANCED_FACE ( 'NONE', ( #6737 ), #2007, .F. ) ;
#2379 = DIRECTION ( 'NONE',  ( 1.000000000000000000, 0.0000000000000000000, -0.0000000000000000000 ) ) ;
#2380 = STYLED_ITEM ( 'NONE', ( #1126 ), #799 ) ;
#2381 = VECTOR ( 'NONE', #6698, 1000.000000000000000 ) ;
#2382 = UNCERTAINTY_MEASURE_WITH_UNIT (LENGTH_MEASURE( 1.000000000000000082E-05 ), #249, 'distance_accuracy_value', 'NONE');
#2383 = EDGE_CURVE ( 'NONE', #5027, #2603, #2261, .T. ) ;
#2384 = CARTESIAN_POINT ( 'NONE',  ( 1.250000000000000000, 1.000000000000000000, -1.474999999999999867 ) ) ;
#2385 = ORIENTED_EDGE ( 'NONE', *, *, #3894, .T. ) ;
#2386 = ORIENTED_EDGE ( 'NONE', *, *, #5420, .F. ) ;
#2387 = FACE_OUTER_BOUND ( 'NONE', #6868, .T. ) ;
#2388 = ORIENTED_EDGE ( 'NONE', *, *, #3696, .F. ) ;
#2389 = EDGE_CURVE ( 'NONE', #442, #3035, #4809, .T. ) ;
#2390 = DIRECTION ( 'NONE',  ( 0.0000000000000000000, 1.000000000000000000, 0.0000000000000000000 ) ) ;
#2391 = DIRECTION ( 'NONE',  ( -1.000000000000000000, 0.0000000000000000000, 0.0000000000000000000 ) ) ;
#2392 = LINE ( 'NONE', #8015, #7596 ) ;
#2393 = ORIENTED_EDGE ( 'NONE', *, *, #8360, .F. ) ;
#2394 = EDGE_CURVE ( 'NONE', #837, #6589, #7350, .T. ) ;
#2395 = EDGE_LOOP ( 'NONE', ( #1960, #5059, #377, #5836, #5738, #7847, #6706 ) ) ;
#2396 = CARTESIAN_POINT ( 'NONE',  ( 1.775000000000000133, 0.0000000000000000000, 0.0000000000000000000 ) ) ;
#2397 = VERTEX_POINT ( 'NONE', #2617 ) ;
#2398 = DIRECTION ( 'NONE',  ( -1.000000000000000000, 0.0000000000000000000, 0.0000000000000000000 ) ) ;
#2399 = CARTESIAN_POINT ( 'NONE',  ( -2.274999999999999911, 0.0000000000000000000, 0.0000000000000000000 ) ) ;
#2400 = ORIENTED_EDGE ( 'NONE', *, *, #8433, .F. ) ;
#2401 = SURFACE_STYLE_FILL_AREA ( #139 ) ;
#2402 = DIRECTION ( 'NONE',  ( 1.000000000000000000, 0.0000000000000000000, 0.0000000000000000000 ) ) ;
#2403 = DIRECTION ( 'NONE',  ( 0.0000000000000000000, -1.000000000000000000, 0.0000000000000000000 ) ) ;
#2404 = ORIENTED_EDGE ( 'NONE', *, *, #1660, .T. ) ;
#2405 = DIRECTION ( 'NONE',  ( 0.0000000000000000000, 0.0000000000000000000, 1.000000000000000000 ) ) ;
#2406 = VERTEX_POINT ( 'NONE', #1327 ) ;
#2407 = CARTESIAN_POINT ( 'NONE',  ( -0.5250000000000000222, 0.05000000000000002359, -1.775000000000000133 ) ) ;
#2408 = ORIENTED_EDGE ( 'NONE', *, *, #568, .F. ) ;
#2409 = DIRECTION ( 'NONE',  ( 0.0000000000000000000, 0.0000000000000000000, -1.000000000000000000 ) ) ;
#2410 = ORIENTED_EDGE ( 'NONE', *, *, #2551, .T. ) ;
#2411 = CARTESIAN_POINT ( 'NONE',  ( 4.474999999999999645, 1.850000000000000089, -2.024999999999999911 ) ) ;
#2412 = ADVANCED_FACE ( 'NONE', ( #3280 ), #2593, .T. ) ;
#2413 = EDGE_CURVE ( 'NONE', #6398, #884, #4404, .T. ) ;
#2414 = VERTEX_POINT ( 'NONE', #4632 ) ;
#2415 = CARTESIAN_POINT ( 'NONE',  ( -1.375000000000000000, 3.750000000000000000, -2.024999999999999911 ) ) ;
#2416 = ADVANCED_FACE ( 'NONE', ( #8083 ), #3435, .T. ) ;
#2417 = ORIENTED_EDGE ( 'NONE', *, *, #7223, .T. ) ;
#2418 = PLANE ( 'NONE',  #3987 ) ;
#2419 = AXIS2_PLACEMENT_3D ( 'NONE', #1500, #3529, #8095 ) ;
#2420 = DIRECTION ( 'NONE',  ( 0.0000000000000000000, -1.000000000000000000, 0.0000000000000000000 ) ) ;
#2421 = VERTEX_POINT ( 'NONE', #6707 ) ;
#2422 = VERTEX_POINT ( 'NONE', #7335 ) ;
#2423 = CARTESIAN_POINT ( 'NONE',  ( 3.015000000000000124, 1.000000000000000000, -1.474999999999999867 ) ) ;
#2424 = CARTESIAN_POINT ( 'NONE',  ( -2.274999999999999911, 1.949999999999999512, 2.025000000000007017 ) ) ;
#2425 = VERTEX_POINT ( 'NONE', #4692 ) ;
#2426 = CARTESIAN_POINT ( 'NONE',  ( -2.475000000000000089, 4.249999999999992895, -0.07499999999999976130 ) ) ;
#2427 = ORIENTED_EDGE ( 'NONE', *, *, #3313, .T. ) ;
#2428 = EDGE_CURVE ( 'NONE', #2184, #3650, #1134, .T. ) ;
#2429 = AXIS2_PLACEMENT_3D ( 'NONE', #7760, #3893, #2567 ) ;
#2430 = DIRECTION ( 'NONE',  ( 0.0000000000000000000, -1.000000000000000000, 0.0000000000000000000 ) ) ;
#2431 = SURFACE_STYLE_USAGE ( .BOTH. , #1757 ) ;
#2433 = EDGE_LOOP ( 'NONE', ( #1903, #941, #5487, #22 ) ) ;
#2432 = PLANE ( 'NONE',  #2539 ) ;
#2434 = LINE ( 'NONE', #4644, #3430 ) ;
#2435 = VECTOR ( 'NONE', #7765, 1000.000000000000000 ) ;
#2436 = FILL_AREA_STYLE_COLOUR ( '', #4051 ) ;
#2437 = EDGE_CURVE ( 'NONE', #493, #3789, #926, .T. ) ;
#2438 = VECTOR ( 'NONE', #5890, 1000.000000000000000 ) ;
#2439 = ORIENTED_EDGE ( 'NONE', *, *, #6351, .F. ) ;
#2440 = VERTEX_POINT ( 'NONE', #7981 ) ;
#2441 = VERTEX_POINT ( 'NONE', #834 ) ;
#2442 = EDGE_CURVE ( 'NONE', #773, #3202, #5616, .T. ) ;
#2443 = FACE_OUTER_BOUND ( 'NONE', #6503, .T. ) ;
#2444 = DIRECTION ( 'NONE',  ( 0.0000000000000000000, 2.148487149506091871E-16, 1.000000000000000000 ) ) ;
#2445 = VERTEX_POINT ( 'NONE', #6053 ) ;
#2446 = EDGE_CURVE ( 'NONE', #3750, #4542, #7665, .T. ) ;
#2447 = DIRECTION ( 'NONE',  ( 0.0000000000000000000, 1.000000000000000000, 0.0000000000000000000 ) ) ;
#2448 = DIRECTION ( 'NONE',  ( 0.0000000000000000000, 1.000000000000000000, 0.0000000000000000000 ) ) ;
#2449 = VECTOR ( 'NONE', #7028, 1000.000000000000000 ) ;
#2450 = ORIENTED_EDGE ( 'NONE', *, *, #4671, .T. ) ;
#2451 = LINE ( 'NONE', #6624, #3855 ) ;
#2452 = PLANE ( 'NONE',  #37 ) ;
#2453 = LINE ( 'NONE', #1038, #4389 ) ;
#2454 = EDGE_CURVE ( 'NONE', #1534, #6575, #3183, .T. ) ;
#2455 = DIRECTION ( 'NONE',  ( -0.0000000000000000000, -0.0000000000000000000, 1.000000000000000000 ) ) ;
#2456 = DIRECTION ( 'NONE',  ( -1.000000000000000000, 0.0000000000000000000, 0.0000000000000000000 ) ) ;
#2457 = VECTOR ( 'NONE', #3618, 1000.000000000000000 ) ;
#2458 = VERTEX_POINT ( 'NONE', #8036 ) ;
#2459 = LINE ( 'NONE', #7453, #4794 ) ;
#2460 = CARTESIAN_POINT ( 'NONE',  ( 1.775000000000000133, 1.649999999999999911, -1.698606797699999893 ) ) ;
#2461 = DIRECTION ( 'NONE',  ( 0.0000000000000000000, 0.0000000000000000000, 1.000000000000000000 ) ) ;
#2462 = CARTESIAN_POINT ( 'NONE',  ( -0.5250000000000000222, 0.5000000000000000000, 2.024999999999999911 ) ) ;
#2463 = VECTOR ( 'NONE', #923, 1000.000000000000000 ) ;
#2464 = ADVANCED_FACE ( 'NONE', ( #3274 ), #2778, .T. ) ;
#2465 = VECTOR ( 'NONE', #3536, 1000.000000000000000 ) ;
#2466 = AXIS2_PLACEMENT_3D ( 'NONE', #7258, #2742, #6014 ) ;
#2467 = ORIENTED_EDGE ( 'NONE', *, *, #127, .T. ) ;
#2468 = VECTOR ( 'NONE', #5506, 1000.000000000000000 ) ;
#2469 = LINE ( 'NONE', #8336, #4691 ) ;
#2470 = FACE_OUTER_BOUND ( 'NONE', #5362, .T. ) ;
#2471 = CARTESIAN_POINT ( 'NONE',  ( 4.275000000000000355, 1.649999999999999911, 2.024999999999999911 ) ) ;
#2472 = VECTOR ( 'NONE', #3016, 1000.000000000000000 ) ;
#2473 = SURFACE_STYLE_FILL_AREA ( #2902 ) ;
#2474 = CARTESIAN_POINT ( 'NONE',  ( 4.475000000000000533, 0.0000000000000000000, -1.525000000000000133 ) ) ;
#2475 = CARTESIAN_POINT ( 'NONE',  ( 6.225000000000001421, 3.599999999999999201, -0.07500000000000128786 ) ) ;
#2476 = STYLED_ITEM ( 'NONE', ( #7144 ), #4972 ) ;
#2477 = DIRECTION ( 'NONE',  ( 0.0000000000000000000, -1.000000000000000000, 0.0000000000000000000 ) ) ;
#2478 = EDGE_CURVE ( 'NONE', #7897, #1057, #1933, .T. ) ;
#2479 = PRESENTATION_STYLE_ASSIGNMENT (( #8259 ) ) ;
#2480 = DIRECTION ( 'NONE',  ( 0.0000000000000000000, 1.000000000000000000, 0.0000000000000000000 ) ) ;
#2481 = DIRECTION ( 'NONE',  ( 0.0000000000000000000, 0.4999999999932618899, -0.8660254037883288181 ) ) ;
#2482 = DIRECTION ( 'NONE',  ( 0.0000000000000000000, 0.0000000000000000000, 1.000000000000000000 ) ) ;
#2483 = ORIENTED_EDGE ( 'NONE', *, *, #3783, .T. ) ;
#2484 = CARTESIAN_POINT ( 'NONE',  ( 6.625000000000000888, 1.000000000000000000, -1.525000000000000133 ) ) ;
#2485 = LINE ( 'NONE', #7426, #7479 ) ;
#2486 = CARTESIAN_POINT ( 'NONE',  ( 5.375000000000000000, 1.000000000000000000, -1.525000000000000133 ) ) ;
#2487 = PLANE ( 'NONE',  #3833 ) ;
#2488 = DIRECTION ( 'NONE',  ( 0.0000000000000000000, 1.000000000000000000, 0.0000000000000000000 ) ) ;
#2489 = VERTEX_POINT ( 'NONE', #1376 ) ;
#2490 = ORIENTED_EDGE ( 'NONE', *, *, #4015, .F. ) ;
#2491 = VERTEX_POINT ( 'NONE', #94 ) ;
#2492 = EDGE_CURVE ( 'NONE', #1211, #7557, #3877, .T. ) ;
#2493 = ORIENTED_EDGE ( 'NONE', *, *, #6523, .T. ) ;
#2494 = DIRECTION ( 'NONE',  ( 0.0000000000000000000, -1.000000000000000000, -3.219646771412953967E-15 ) ) ;
#2495 = LINE ( 'NONE', #104, #8396 ) ;
#2496 = ORIENTED_EDGE ( 'NONE', *, *, #6851, .T. ) ;
#2497 = EDGE_LOOP ( 'NONE', ( #8099, #7621, #8037, #3229, #1402, #4822, #4439, #5789, #602, #6989, #8018, #7178 ) ) ;
#2498 = EDGE_CURVE ( 'NONE', #6193, #1362, #1323, .T. ) ;
#2499 = ORIENTED_EDGE ( 'NONE', *, *, #1270, .F. ) ;
#2500 = VERTEX_POINT ( 'NONE', #2057 ) ;
#2501 = DIRECTION ( 'NONE',  ( 0.0000000000000000000, 1.000000000000000000, 0.0000000000000000000 ) ) ;
#2502 = DIRECTION ( 'NONE',  ( -1.000000000000000000, 0.0000000000000000000, 0.0000000000000000000 ) ) ;
#2503 = DIRECTION ( 'NONE',  ( 0.0000000000000000000, -0.6650335612228979176, -0.7468134723257140450 ) ) ;
#2504 = VECTOR ( 'NONE', #1940, 1000.000000000000000 ) ;
#2505 = ORIENTED_EDGE ( 'NONE', *, *, #1938, .T. ) ;
#2506 = VERTEX_POINT ( 'NONE', #147 ) ;
#2507 = DIRECTION ( 'NONE',  ( -1.000000000000000000, 0.0000000000000000000, 0.0000000000000000000 ) ) ;
#2508 =( NAMED_UNIT ( * ) SI_UNIT ( $, .STERADIAN. ) SOLID_ANGLE_UNIT ( ) );
#2509 = DIRECTION ( 'NONE',  ( 1.000000000000000000, 0.0000000000000000000, 0.0000000000000000000 ) ) ;
#2510 = CARTESIAN_POINT ( 'NONE',  ( 6.625000000000000888, 4.250000000000000000, 2.024999999999999911 ) ) ;
#2511 = ORIENTED_EDGE ( 'NONE', *, *, #6787, .T. ) ;
#2512 = ORIENTED_EDGE ( 'NONE', *, *, #61, .T. ) ;
#2513 = VECTOR ( 'NONE', #2221, 1000.000000000000000 ) ;
#2514 = LINE ( 'NONE', #3868, #8422 ) ;
#2515 = VERTEX_POINT ( 'NONE', #5302 ) ;
#2516 = AXIS2_PLACEMENT_3D ( 'NONE', #3086, #3680, #4978 ) ;
#2517 = ORIENTED_EDGE ( 'NONE', *, *, #2968, .F. ) ;
#2518 = ORIENTED_EDGE ( 'NONE', *, *, #7111, .T. ) ;
#2520 = FACE_OUTER_BOUND ( 'NONE', #8113, .T. ) ;
#2519 = CARTESIAN_POINT ( 'NONE',  ( 4.275000000000000355, -0.004464445899999999919, 0.003975566199999999890 ) ) ;
#2521 = ORIENTED_EDGE ( 'NONE', *, *, #896, .F. ) ;
#2522 = AXIS2_PLACEMENT_3D ( 'NONE', #1767, #7657, #4076 ) ;
#2523 = VECTOR ( 'NONE', #2920, 1000.000000000000000 ) ;
#2524 = CARTESIAN_POINT ( 'NONE',  ( 0.7250000000000000888, 1.649999999999999911, -1.025000000000000133 ) ) ;
#2525 = EDGE_CURVE ( 'NONE', #3863, #2207, #8269, .T. ) ;
#2526 = ORIENTED_EDGE ( 'NONE', *, *, #8096, .F. ) ;
#2527 = DIRECTION ( 'NONE',  ( 0.0000000000000000000, -1.000000000000000000, 0.0000000000000000000 ) ) ;
#2528 = CARTESIAN_POINT ( 'NONE',  ( -0.5250000000000000222, 1.649999999999999911, 2.024999999999999911 ) ) ;
#2529 = EDGE_LOOP ( 'NONE', ( #7721, #3679, #642, #7211 ) ) ;
#2530 = AXIS2_PLACEMENT_3D ( 'NONE', #7755, #4523, #1972 ) ;
#2531 = ORIENTED_EDGE ( 'NONE', *, *, #8165, .F. ) ;
#2532 = ORIENTED_EDGE ( 'NONE', *, *, #723, .F. ) ;
#2533 = ORIENTED_EDGE ( 'NONE', *, *, #6508, .F. ) ;
#2534 = FACE_OUTER_BOUND ( 'NONE', #3262, .T. ) ;
#2535 = LINE ( 'NONE', #1390, #4757 ) ;
#2536 = VERTEX_POINT ( 'NONE', #7275 ) ;
#2537 = DIRECTION ( 'NONE',  ( 0.0000000000000000000, 1.000000000000000000, 0.0000000000000000000 ) ) ;
#2538 = ORIENTED_EDGE ( 'NONE', *, *, #7259, .T. ) ;
#2539 = AXIS2_PLACEMENT_3D ( 'NONE', #1707, #1077, #6208 ) ;
#2540 =( LENGTH_UNIT ( ) NAMED_UNIT ( * ) SI_UNIT ( .MILLI., .METRE. ) );
#2541 = CARTESIAN_POINT ( 'NONE',  ( 0.5150000000000000133, 1.000000000000000000, -1.474999999999999867 ) ) ;
#2542 = DIRECTION ( 'NONE',  ( 0.0000000000000000000, 0.0000000000000000000, 1.000000000000000000 ) ) ;
#2543 = LINE ( 'NONE', #6550, #4056 ) ;
#2544 = ORIENTED_EDGE ( 'NONE', *, *, #2337, .T. ) ;
#2545 = ORIENTED_EDGE ( 'NONE', *, *, #6079, .T. ) ;
#2546 = VECTOR ( 'NONE', #748, 1000.000000000000000 ) ;
#2547 = FILL_AREA_STYLE ('',( #2436 ) ) ;
#2548 = VERTEX_POINT ( 'NONE', #5329 ) ;
#2549 = EDGE_CURVE ( 'NONE', #2173, #7399, #3078, .T. ) ;
#2550 = LINE ( 'NONE', #2299, #2859 ) ;
#2551 = EDGE_CURVE ( 'NONE', #6867, #5780, #1030, .T. ) ;
#2552 = CARTESIAN_POINT ( 'NONE',  ( 4.925000000000000711, 2.550000000000000266, -1.474999999999999867 ) ) ;
#2553 = VECTOR ( 'NONE', #6946, 1000.000000000000000 ) ;
#2554 = EDGE_LOOP ( 'NONE', ( #3842, #5424, #3181, #2727 ) ) ;
#2555 = ORIENTED_EDGE ( 'NONE', *, *, #2428, .F. ) ;
#2556 = LINE ( 'NONE', #12, #4685 ) ;
#2557 = EDGE_CURVE ( 'NONE', #4923, #4859, #6324, .T. ) ;
#2558 = CARTESIAN_POINT ( 'NONE',  ( -0.5150000000000000133, 1.850000000000000089, -1.025000000000000133 ) ) ;
#2559 = VECTOR ( 'NONE', #5509, 1000.000000000000000 ) ;
#2560 = DIRECTION ( 'NONE',  ( 0.0000000000000000000, 0.0000000000000000000, -1.000000000000000000 ) ) ;
#2561 = LINE ( 'NONE', #7761, #7032 ) ;
#2562 = CARTESIAN_POINT ( 'NONE',  ( -0.5250000000000000222, 0.3499999999999999778, -2.075000000000000178 ) ) ;
#2563 = VERTEX_POINT ( 'NONE', #5421 ) ;
#2564 = DIRECTION ( 'NONE',  ( 0.0000000000000000000, 1.000000000000000000, 0.0000000000000000000 ) ) ;
#2565 = LINE ( 'NONE', #7355, #916 ) ;
#2566 = EDGE_CURVE ( 'NONE', #7547, #3160, #606, .T. ) ;
#2567 = DIRECTION ( 'NONE',  ( -1.000000000000000000, 0.0000000000000000000, 0.0000000000000000000 ) ) ;
#2568 = VECTOR ( 'NONE', #6128, 1000.000000000000000 ) ;
#2569 = VECTOR ( 'NONE', #7072, 1000.000000000000000 ) ;
#2570 = LINE ( 'NONE', #269, #1034 ) ;
#2571 = CARTESIAN_POINT ( 'NONE',  ( -0.5250000000000000222, 0.05000000000000002359, -1.524999999999999689 ) ) ;
#2572 = DIRECTION ( 'NONE',  ( 0.0000000000000000000, 0.0000000000000000000, 1.000000000000000000 ) ) ;
#2573 = PLANE ( 'NONE',  #1277 ) ;
#2574 = STYLED_ITEM ( 'NONE', ( #7718 ), #3609 ) ;
#2575 = CARTESIAN_POINT ( 'NONE',  ( -2.375000000000000000, 3.750000000000000000, 0.02500000000000000139 ) ) ;
#2576 = LINE ( 'NONE', #6081, #1549 ) ;
#2577 = VECTOR ( 'NONE', #2090, 1000.000000000000000 ) ;
#2578 = LINE ( 'NONE', #6046, #3491 ) ;
#2579 = DIRECTION ( 'NONE',  ( 0.0000000000000000000, 0.0000000000000000000, 1.000000000000000000 ) ) ;
#2580 =( GEOMETRIC_REPRESENTATION_CONTEXT ( 3 ) GLOBAL_UNCERTAINTY_ASSIGNED_CONTEXT ( ( #1897 ) ) GLOBAL_UNIT_ASSIGNED_CONTEXT ( ( #3943, #2001, #4606 ) ) REPRESENTATION_CONTEXT ( 'NONE', 'WORKASPACE' ) );
#2581 = STYLED_ITEM ( 'NONE', ( #2669 ), #5013 ) ;
#2582 = CARTESIAN_POINT ( 'NONE',  ( -0.4249999999999999889, 1.850000000000000089, 2.024999999999999911 ) ) ;
#2583 = CARTESIAN_POINT ( 'NONE',  ( -0.5250000000000000222, 1.000000000000000000, -1.525000000000000133 ) ) ;
#2584 = EDGE_CURVE ( 'NONE', #994, #4628, #6938, .T. ) ;
#2585 = MECHANICAL_DESIGN_GEOMETRIC_PRESENTATION_REPRESENTATION (  '', ( #1259 ), #3456 ) ;
#2586 = ORIENTED_EDGE ( 'NONE', *, *, #2880, .T. ) ;
#2587 = PLANE ( 'NONE',  #3023 ) ;
#2588 = ORIENTED_EDGE ( 'NONE', *, *, #5547, .F. ) ;
#2589 = CARTESIAN_POINT ( 'NONE',  ( 6.225000000000001421, 3.600000000000000089, -1.425000000000000933 ) ) ;
#2590 = ADVANCED_FACE ( 'NONE', ( #2870 ), #2217, .F. ) ;
#2591 = VECTOR ( 'NONE', #3478, 1000.000000000000000 ) ;
#2592 = EDGE_CURVE ( 'NONE', #7804, #1099, #6626, .T. ) ;
#2593 = PLANE ( 'NONE',  #109 ) ;
#2594 = ORIENTED_EDGE ( 'NONE', *, *, #6476, .F. ) ;
#2595 = DIRECTION ( 'NONE',  ( 0.0000000000000000000, -1.000000000000000000, 0.0000000000000000000 ) ) ;
#2596 = ORIENTED_EDGE ( 'NONE', *, *, #1491, .F. ) ;
#2597 = EDGE_CURVE ( 'NONE', #679, #2210, #8472, .T. ) ;
#2598 =( NAMED_UNIT ( * ) PLANE_ANGLE_UNIT ( ) SI_UNIT ( $, .RADIAN. ) );
#2599 = ORIENTED_EDGE ( 'NONE', *, *, #3256, .F. ) ;
#2600 = LINE ( 'NONE', #6364, #647 ) ;
#2601 = FILL_AREA_STYLE ('',( #5856 ) ) ;
#2602 = EDGE_CURVE ( 'NONE', #1082, #6189, #6526, .T. ) ;
#2603 = VERTEX_POINT ( 'NONE', #4137 ) ;
#2604 = CARTESIAN_POINT ( 'NONE',  ( -0.5250000000000000222, 0.5547525681000000652, 2.024999999999999911 ) ) ;
#2605 = LINE ( 'NONE', #4265, #1980 ) ;
#2606 = EDGE_CURVE ( 'NONE', #3340, #3873, #6226, .T. ) ;
#2607 = ORIENTED_EDGE ( 'NONE', *, *, #4231, .T. ) ;
#2608 = EDGE_LOOP ( 'NONE', ( #7699, #2825, #6990, #3140 ) ) ;
#2609 = DIRECTION ( 'NONE',  ( 0.0000000000000000000, 0.0000000000000000000, -1.000000000000000000 ) ) ;
#2610 = DIRECTION ( 'NONE',  ( 0.0000000000000000000, 0.0000000000000000000, 1.000000000000000000 ) ) ;
#2611 = ADVANCED_FACE ( 'NONE', ( #4398 ), #4200, .T. ) ;
#2612 = FACE_OUTER_BOUND ( 'NONE', #4552, .T. ) ;
#2613 = CARTESIAN_POINT ( 'NONE',  ( 4.475000000000000533, 0.3499999999999999778, -2.075000000000000178 ) ) ;
#2614 = DIRECTION ( 'NONE',  ( -1.000000000000000000, 0.0000000000000000000, 0.0000000000000000000 ) ) ;
#2615 = ORIENTED_EDGE ( 'NONE', *, *, #3337, .T. ) ;
#2616 = AXIS2_PLACEMENT_3D ( 'NONE', #1961, #6498, #3232 ) ;
#2617 = CARTESIAN_POINT ( 'NONE',  ( 0.7250000000000000888, 1.850000000000000089, 2.024999999999999911 ) ) ;
#2618 = SURFACE_STYLE_FILL_AREA ( #332 ) ;
#2619 = ORIENTED_EDGE ( 'NONE', *, *, #6622, .T. ) ;
#2620 = ORIENTED_EDGE ( 'NONE', *, *, #5645, .T. ) ;
#2621 = DIRECTION ( 'NONE',  ( 1.000000000000000000, 0.0000000000000000000, 0.0000000000000000000 ) ) ;
#2622 = ORIENTED_EDGE ( 'NONE', *, *, #6008, .T. ) ;
#2623 = ORIENTED_EDGE ( 'NONE', *, *, #4294, .T. ) ;
#2624 = ORIENTED_EDGE ( 'NONE', *, *, #5580, .T. ) ;
#2625 = LINE ( 'NONE', #168, #7635 ) ;
#2626 = AXIS2_PLACEMENT_3D ( 'NONE', #1421, #4705, #5441 ) ;
#2627 = LINE ( 'NONE', #589, #58 ) ;
#2628 = EDGE_LOOP ( 'NONE', ( #5651, #5586, #675, #7485, #4430, #2128 ) ) ;
#2629 = DIRECTION ( 'NONE',  ( -1.000000000000000000, 0.0000000000000000000, 0.0000000000000000000 ) ) ;
#2630 = ADVANCED_FACE ( 'NONE', ( #4996 ), #280, .F. ) ;
#2631 = CARTESIAN_POINT ( 'NONE',  ( 4.484999999999999432, 1.850000000000000089, -1.025000000000000133 ) ) ;
#2632 = UNCERTAINTY_MEASURE_WITH_UNIT (LENGTH_MEASURE( 1.000000000000000082E-05 ), #7373, 'distance_accuracy_value', 'NONE');
#2633 = AXIS2_PLACEMENT_3D ( 'NONE', #2156, #802, #4741 ) ;
#2634 = LINE ( 'NONE', #5283, #3056 ) ;
#2635 = ORIENTED_EDGE ( 'NONE', *, *, #6993, .F. ) ;
#2636 = ORIENTED_EDGE ( 'NONE', *, *, #3152, .F. ) ;
#2637 = ORIENTED_EDGE ( 'NONE', *, *, #6461, .F. ) ;
#2638 = VECTOR ( 'NONE', #4975, 1000.000000000000000 ) ;
#2639 = CARTESIAN_POINT ( 'NONE',  ( 3.234999999999999876, 1.649999999999999911, -1.698606797699999893 ) ) ;
#2640 = CARTESIAN_POINT ( 'NONE',  ( 4.625000000000000888, 2.250000000000000000, -2.024999999999999911 ) ) ;
#2641 = CARTESIAN_POINT ( 'NONE',  ( 0.7249999999999999778, 1.850000000000000089, 0.0000000000000000000 ) ) ;
#2642 = DIRECTION ( 'NONE',  ( 1.000000000000000000, 0.0000000000000000000, 8.673617379884027583E-16 ) ) ;
#2643 = VECTOR ( 'NONE', #1838, 1000.000000000000000 ) ;
#2644 = VERTEX_POINT ( 'NONE', #2887 ) ;
#2645 = VECTOR ( 'NONE', #7226, 1000.000000000000000 ) ;
#2646 =( LENGTH_UNIT ( ) NAMED_UNIT ( * ) SI_UNIT ( .MILLI., .METRE. ) );
#2647 = DIRECTION ( 'NONE',  ( 0.0000000000000000000, 0.0000000000000000000, -1.000000000000000000 ) ) ;
#2648 = PRESENTATION_STYLE_ASSIGNMENT (( #4730 ) ) ;
#2649 = EDGE_CURVE ( 'NONE', #4722, #2515, #7866, .T. ) ;
#2650 = LINE ( 'NONE', #4839, #2457 ) ;
#2651 = PLANE ( 'NONE',  #8030 ) ;
#2652 = VERTEX_POINT ( 'NONE', #4841 ) ;
#2653 = ADVANCED_FACE ( 'NONE', ( #8369 ), #5406, .T. ) ;
#2654 = DIRECTION ( 'NONE',  ( -1.000000000000000000, 0.0000000000000000000, 0.0000000000000000000 ) ) ;
#2655 = EDGE_CURVE ( 'NONE', #6968, #4928, #1124, .T. ) ;
#2656 = DIRECTION ( 'NONE',  ( 0.0000000000000000000, 0.0000000000000000000, -1.000000000000000000 ) ) ;
#2657 = VECTOR ( 'NONE', #6027, 1000.000000000000000 ) ;
#2658 = ORIENTED_EDGE ( 'NONE', *, *, #5147, .F. ) ;
#2659 = VECTOR ( 'NONE', #440, 1000.000000000000000 ) ;
#2660 = CARTESIAN_POINT ( 'NONE',  ( -2.274999999999999911, 2.250000000000000000, -1.925000000000000044 ) ) ;
#2661 = CARTESIAN_POINT ( 'NONE',  ( -0.8750000000000000000, 3.750000000000000000, 2.024999999999999911 ) ) ;
#2662 = SURFACE_STYLE_USAGE ( .BOTH. , #5786 ) ;
#2663 = VECTOR ( 'NONE', #4303, 1000.000000000000000 ) ;
#2664 = DIRECTION ( 'NONE',  ( 0.0000000000000000000, 0.0000000000000000000, 1.000000000000000000 ) ) ;
#2665 = CARTESIAN_POINT ( 'NONE',  ( 4.474999999999999645, 1.350000000000000089, 1.525000000000000133 ) ) ;
#2666 = DIRECTION ( 'NONE',  ( -0.0000000000000000000, 1.000000000000000000, 0.0000000000000000000 ) ) ;
#2667 = LINE ( 'NONE', #7046, #1944 ) ;
#2668 = VECTOR ( 'NONE', #861, 1000.000000000000000 ) ;
#2669 = PRESENTATION_STYLE_ASSIGNMENT (( #6939 ) ) ;
#2670 = ADVANCED_FACE ( 'NONE', ( #920 ), #6804, .T. ) ;
#2671 = DIRECTION ( 'NONE',  ( -1.000000000000000000, 0.0000000000000000000, 0.0000000000000000000 ) ) ;
#2672 = FACE_OUTER_BOUND ( 'NONE', #268, .T. ) ;
#2673 = CARTESIAN_POINT ( 'NONE',  ( 4.274999999999999467, 0.3500000000000000333, -2.024999999999999911 ) ) ;
#2674 = FACE_OUTER_BOUND ( 'NONE', #579, .T. ) ;
#2675 = CARTESIAN_POINT ( 'NONE',  ( -2.024999999999999911, 2.250000000000000000, -1.925000000000000044 ) ) ;
#2676 = ORIENTED_EDGE ( 'NONE', *, *, #3265, .T. ) ;
#2677 = CARTESIAN_POINT ( 'NONE',  ( 4.475000000000000533, 1.850000000000000089, -1.698606797699999893 ) ) ;
#2678 = LINE ( 'NONE', #287, #4711 ) ;
#2679 = COLOUR_RGB ( '',0.6470588235294117974, 0.6196078431372549211, 0.5882352941176470784 ) ;
#2680 = EDGE_CURVE ( 'NONE', #2905, #1496, #4903, .T. ) ;
#2681 = DIRECTION ( 'NONE',  ( 0.0000000000000000000, 0.0000000000000000000, -1.000000000000000000 ) ) ;
#2682 = DIRECTION ( 'NONE',  ( 0.0000000000000000000, -1.000000000000000000, 0.0000000000000000000 ) ) ;
#2683 = ORIENTED_EDGE ( 'NONE', *, *, #6688, .F. ) ;
#2684 = VERTEX_POINT ( 'NONE', #2135 ) ;
#2685 = VERTEX_POINT ( 'NONE', #4871 ) ;
#2686 = PLANE ( 'NONE',  #7381 ) ;
#2687 = DIRECTION ( 'NONE',  ( 0.0000000000000000000, -1.000000000000000000, 0.0000000000000000000 ) ) ;
#2688 = DIRECTION ( 'NONE',  ( 1.000000000000000000, 0.0000000000000000000, 0.0000000000000000000 ) ) ;
#2689 = PRESENTATION_LAYER_ASSIGNMENT (  '', '', ( #6948 ) ) ;
#2690 = FACE_OUTER_BOUND ( 'NONE', #4171, .T. ) ;
#2691 =( NAMED_UNIT ( * ) PLANE_ANGLE_UNIT ( ) SI_UNIT ( $, .RADIAN. ) );
#2692 = ORIENTED_EDGE ( 'NONE', *, *, #3796, .F. ) ;
#2693 = ORIENTED_EDGE ( 'NONE', *, *, #3283, .F. ) ;
#2694 = VERTEX_POINT ( 'NONE', #5463 ) ;
#2695 = DIRECTION ( 'NONE',  ( -1.000000000000000000, 0.0000000000000000000, 0.0000000000000000000 ) ) ;
#2696 = EDGE_CURVE ( 'NONE', #1362, #6610, #4697, .T. ) ;
#2697 = DIRECTION ( 'NONE',  ( 0.0000000000000000000, 0.0000000000000000000, 1.000000000000000000 ) ) ;
#2698 = CARTESIAN_POINT ( 'NONE',  ( 2.925000000000000266, 1.649999999999999911, 2.024999999999999911 ) ) ;
#2699 = LINE ( 'NONE', #5151, #2504 ) ;
#2700 = EDGE_CURVE ( 'NONE', #2489, #4002, #414, .T. ) ;
#2701 = ORIENTED_EDGE ( 'NONE', *, *, #5974, .T. ) ;
#2702 = VERTEX_POINT ( 'NONE', #4789 ) ;
#2703 = PLANE ( 'NONE',  #3278 ) ;
#2704 = EDGE_CURVE ( 'NONE', #3614, #4471, #4497, .T. ) ;
#2705 = VECTOR ( 'NONE', #2242, 1000.000000000000000 ) ;
#2706 = EDGE_LOOP ( 'NONE', ( #3664, #6392, #7418, #7200 ) ) ;
#2707 = VERTEX_POINT ( 'NONE', #852 ) ;
#2708 = DIRECTION ( 'NONE',  ( 0.0000000000000000000, 0.0000000000000000000, 1.000000000000000000 ) ) ;
#2709 = ADVANCED_FACE ( 'NONE', ( #6430 ), #6746, .T. ) ;
#2711 = VECTOR ( 'NONE', #7366, 1000.000000000000000 ) ;
#2710 = CARTESIAN_POINT ( 'NONE',  ( -0.7249999999999999778, 1.850000000000000089, -2.024999999999999911 ) ) ;
#2712 = EDGE_CURVE ( 'NONE', #6571, #4682, #6019, .T. ) ;
#2713 = CARTESIAN_POINT ( 'NONE',  ( 0.8249999999999999556, 1.649999999999999911, -1.698606797699999893 ) ) ;
#2714 = FACE_OUTER_BOUND ( 'NONE', #6967, .T. ) ;
#2715 = PLANE ( 'NONE',  #5944 ) ;
#2716 = ORIENTED_EDGE ( 'NONE', *, *, #2700, .T. ) ;
#2717 = CARTESIAN_POINT ( 'NONE',  ( 6.625000000000000888, 4.250000000000000000, 2.024999999999999911 ) ) ;
#2718 = ORIENTED_EDGE ( 'NONE', *, *, #6966, .T. ) ;
#2719 = DIRECTION ( 'NONE',  ( 0.0000000000000000000, 0.0000000000000000000, 1.000000000000000000 ) ) ;
#2720 = LINE ( 'NONE', #4503, #4253 ) ;
#2721 = LINE ( 'NONE', #2203, #2523 ) ;
#2722 = FACE_OUTER_BOUND ( 'NONE', #6796, .T. ) ;
#2723 = ORIENTED_EDGE ( 'NONE', *, *, #7933, .F. ) ;
#2724 = DIRECTION ( 'NONE',  ( 0.0000000000000000000, 0.6650335612228979176, -0.7468134723257140450 ) ) ;
#2725 = CARTESIAN_POINT ( 'NONE',  ( 4.485000000000001208, 1.850000000000000089, -1.025000000000000133 ) ) ;
#2726 = DIRECTION ( 'NONE',  ( 0.0000000000000000000, 0.0000000000000000000, -1.000000000000000000 ) ) ;
#2727 = ORIENTED_EDGE ( 'NONE', *, *, #16, .F. ) ;
#2728 = CARTESIAN_POINT ( 'NONE',  ( 0.5249999999999999112, -0.6500000000000000222, -2.075000000000000178 ) ) ;
#2729 = DIRECTION ( 'NONE',  ( 0.0000000000000000000, -1.000000000000000000, 0.0000000000000000000 ) ) ;
#2730 = ORIENTED_EDGE ( 'NONE', *, *, #5802, .F. ) ;
#2731 = ORIENTED_EDGE ( 'NONE', *, *, #3840, .T. ) ;
#2732 = ORIENTED_EDGE ( 'NONE', *, *, #777, .T. ) ;
#2733 = VECTOR ( 'NONE', #7756, 1000.000000000000000 ) ;
#2734 = CARTESIAN_POINT ( 'NONE',  ( 6.025000000000001243, 1.950000000000002176, 1.375000000000006883 ) ) ;
#2735 = DIRECTION ( 'NONE',  ( 0.0000000000000000000, -1.000000000000000000, 0.0000000000000000000 ) ) ;
#2736 = ADVANCED_FACE ( 'NONE', ( #2983 ), #1474, .T. ) ;
#2737 = CARTESIAN_POINT ( 'NONE',  ( 4.475000000000000533, 1.350000000000000089, 0.0000000000000000000 ) ) ;
#2738 = FACE_OUTER_BOUND ( 'NONE', #2204, .T. ) ;
#2739 =( GEOMETRIC_REPRESENTATION_CONTEXT ( 3 ) GLOBAL_UNCERTAINTY_ASSIGNED_CONTEXT ( ( #1636 ) ) GLOBAL_UNIT_ASSIGNED_CONTEXT ( ( #5612, #303, #8104 ) ) REPRESENTATION_CONTEXT ( 'NONE', 'WORKASPACE' ) );
#2740 = ORIENTED_EDGE ( 'NONE', *, *, #184, .F. ) ;
#2741 = VECTOR ( 'NONE', #7147, 1000.000000000000000 ) ;
#2742 = DIRECTION ( 'NONE',  ( 0.0000000000000000000, 0.7468134723257140450, -0.6650335612228979176 ) ) ;
#2743 = EDGE_CURVE ( 'NONE', #2971, #4968, #3687, .T. ) ;
#2744 = SHAPE_DEFINITION_REPRESENTATION ( #421, #2278 ) ;
#2745 = AXIS2_PLACEMENT_3D ( 'NONE', #7463, #4264, #4187 ) ;
#2746 = DIRECTION ( 'NONE',  ( -1.000000000000000000, 0.0000000000000000000, 0.0000000000000000000 ) ) ;
#2747 = LINE ( 'NONE', #3534, #6209 ) ;
#2748 = DIRECTION ( 'NONE',  ( -0.0000000000000000000, 1.000000000000000000, 0.0000000000000000000 ) ) ;
#2749 = ORIENTED_EDGE ( 'NONE', *, *, #3588, .T. ) ;
#2750 = VECTOR ( 'NONE', #3575, 1000.000000000000000 ) ;
#2751 = EDGE_CURVE ( 'NONE', #81, #236, #4085, .T. ) ;
#2752 = EDGE_CURVE ( 'NONE', #5575, #7399, #202, .T. ) ;
#2753 = CARTESIAN_POINT ( 'NONE',  ( 5.625000000000000888, 2.550000000000000266, -1.474999999999999867 ) ) ;
#2754 = VECTOR ( 'NONE', #7481, 1000.000000000000000 ) ;
#2755 = EDGE_CURVE ( 'NONE', #5316, #3954, #5815, .T. ) ;
#2756 = PLANE ( 'NONE',  #3891 ) ;
#2757 = ADVANCED_FACE ( 'NONE', ( #3362 ), #5634, .T. ) ;
#2758 = VERTEX_POINT ( 'NONE', #3622 ) ;
#2759 = LINE ( 'NONE', #5412, #8261 ) ;
#2760 = CARTESIAN_POINT ( 'NONE',  ( -1.375000000000000000, 3.750000000000000000, 2.024999999999999911 ) ) ;
#2761 =( NAMED_UNIT ( * ) PLANE_ANGLE_UNIT ( ) SI_UNIT ( $, .RADIAN. ) );
#2762 = EDGE_CURVE ( 'NONE', #1694, #6645, #5392, .T. ) ;
#2763 = VECTOR ( 'NONE', #1916, 1000.000000000000000 ) ;
#2764 = CARTESIAN_POINT ( 'NONE',  ( 3.024999999999999911, 0.5000000000000000000, 2.024999999999999911 ) ) ;
#2765 = CARTESIAN_POINT ( 'NONE',  ( -0.8750000000000000000, 3.750000000000000000, -2.024999999999999911 ) ) ;
#2766 = VECTOR ( 'NONE', #3506, 1000.000000000000000 ) ;
#2767 = CARTESIAN_POINT ( 'NONE',  ( 4.485000000000001208, 1.000000000000000000, -1.474999999999999867 ) ) ;
#2768 = EDGE_CURVE ( 'NONE', #2009, #4002, #1523, .T. ) ;
#2769 = DIRECTION ( 'NONE',  ( 0.0000000000000000000, 0.0000000000000000000, -1.000000000000000000 ) ) ;
#2770 = DIRECTION ( 'NONE',  ( 1.000000000000000000, 0.0000000000000000000, -0.0000000000000000000 ) ) ;
#2771 = CARTESIAN_POINT ( 'NONE',  ( -2.375000000000000000, 3.149999999999999911, 0.02500000000000000139 ) ) ;
#2772 = CARTESIAN_POINT ( 'NONE',  ( -1.875000000000000000, 1.850000000000000089, -1.474999999999999867 ) ) ;
#2773 = ADVANCED_FACE ( 'NONE', ( #3678 ), #5525, .T. ) ;
#2774 = AXIS2_PLACEMENT_3D ( 'NONE', #2575, #698, #6520 ) ;
#2775 = LINE ( 'NONE', #7861, #4913 ) ;
#2776 = CARTESIAN_POINT ( 'NONE',  ( 4.275000000000000355, 1.850000000000000089, -1.025000000000000133 ) ) ;
#2777 = DIRECTION ( 'NONE',  ( 1.000000000000000000, 0.0000000000000000000, 0.0000000000000000000 ) ) ;
#2778 = PLANE ( 'NONE',  #3934 ) ;
#2779 = DIRECTION ( 'NONE',  ( 0.0000000000000000000, 0.0000000000000000000, 1.000000000000000000 ) ) ;
#2780 = ORIENTED_EDGE ( 'NONE', *, *, #6803, .F. ) ;
#2781 = ORIENTED_EDGE ( 'NONE', *, *, #3472, .T. ) ;
#2782 = FACE_OUTER_BOUND ( 'NONE', #5481, .T. ) ;
#2783 = DIRECTION ( 'NONE',  ( 0.0000000000000000000, 0.0000000000000000000, 1.000000000000000000 ) ) ;
#2784 = AXIS2_PLACEMENT_3D ( 'NONE', #4810, #1494, #1556 ) ;
#2785 = CARTESIAN_POINT ( 'NONE',  ( -1.875000000000000000, 2.550000000000000266, -1.474999999999999867 ) ) ;
#2786 =( NAMED_UNIT ( * ) PLANE_ANGLE_UNIT ( ) SI_UNIT ( $, .RADIAN. ) );
#2787 = ORIENTED_EDGE ( 'NONE', *, *, #2743, .F. ) ;
#2788 = CARTESIAN_POINT ( 'NONE',  ( 2.075000000000000178, 1.850000000000000089, 2.024999999999999911 ) ) ;
#2789 = VERTEX_POINT ( 'NONE', #2375 ) ;
#2790 = AXIS2_PLACEMENT_3D ( 'NONE', #2772, #1520, #7974 ) ;
#2791 = ORIENTED_EDGE ( 'NONE', *, *, #7806, .F. ) ;
#2792 = CARTESIAN_POINT ( 'NONE',  ( 6.225000000000001421, 1.999999999999998668, -1.425000000000000933 ) ) ;
#2793 = EDGE_LOOP ( 'NONE', ( #7592, #1805, #7533, #4453 ) ) ;
#2794 = UNCERTAINTY_MEASURE_WITH_UNIT (LENGTH_MEASURE( 1.000000000000000082E-05 ), #7010, 'distance_accuracy_value', 'NONE');
#2795 = CARTESIAN_POINT ( 'NONE',  ( -2.475000000000000089, 1.999999999999998668, -1.425000000000000933 ) ) ;
#2796 = ADVANCED_FACE ( 'NONE', ( #1623 ), #6268, .T. ) ;
#2797 = CARTESIAN_POINT ( 'NONE',  ( -2.875000000000000000, 4.250000000000000000, -1.525000000000000133 ) ) ;
#2798 = ORIENTED_EDGE ( 'NONE', *, *, #4594, .F. ) ;
#2799 = ORIENTED_EDGE ( 'NONE', *, *, #3592, .F. ) ;
#2800 = ORIENTED_EDGE ( 'NONE', *, *, #2478, .F. ) ;
#2801 = PLANE ( 'NONE',  #7877 ) ;
#2802 = DIRECTION ( 'NONE',  ( 0.0000000000000000000, 0.0000000000000000000, -1.000000000000000000 ) ) ;
#2803 = AXIS2_PLACEMENT_3D ( 'NONE', #1266, #3250, #8429 ) ;
#2804 = DIRECTION ( 'NONE',  ( 0.0000000000000000000, 1.000000000000000000, 0.0000000000000000000 ) ) ;
#2805 = ORIENTED_EDGE ( 'NONE', *, *, #8262, .T. ) ;
#2806 = PLANE ( 'NONE',  #7612 ) ;
#2807 = ORIENTED_EDGE ( 'NONE', *, *, #6440, .F. ) ;
#2808 = CARTESIAN_POINT ( 'NONE',  ( -1.175000000000000044, 1.850000000000000089, 2.024999999999999911 ) ) ;
#2809 = ORIENTED_EDGE ( 'NONE', *, *, #8170, .F. ) ;
#2810 = EDGE_CURVE ( 'NONE', #236, #6874, #5096, .T. ) ;
#2812 = DIRECTION ( 'NONE',  ( 0.0000000000000000000, 0.0000000000000000000, 1.000000000000000000 ) ) ;
#2811 = VECTOR ( 'NONE', #4676, 1000.000000000000000 ) ;
#2813 = LINE ( 'NONE', #4833, #8127 ) ;
#2814 = EDGE_CURVE ( 'NONE', #807, #7068, #196, .T. ) ;
#2815 = CARTESIAN_POINT ( 'NONE',  ( 6.025000000000001243, 1.949999999999999512, 2.025000000000007017 ) ) ;
#2816 = ORIENTED_EDGE ( 'NONE', *, *, #7952, .T. ) ;
#2817 = CARTESIAN_POINT ( 'NONE',  ( -2.500000000000000000, 4.250000000000000000, 2.024999999999999911 ) ) ;
#2818 = DIRECTION ( 'NONE',  ( 0.0000000000000000000, -1.000000000000000000, 0.0000000000000000000 ) ) ;
#2819 = EDGE_CURVE ( 'NONE', #3761, #1926, #7966, .T. ) ;
#2820 = LINE ( 'NONE', #2288, #3646 ) ;
#2821 = FACE_OUTER_BOUND ( 'NONE', #5211, .T. ) ;
#2822 = CARTESIAN_POINT ( 'NONE',  ( 0.7249999999999999778, 0.5000000000000000000, 2.024999999999999911 ) ) ;
#2823 = CARTESIAN_POINT ( 'NONE',  ( 6.025000000000001243, 2.000000000000000000, -2.024999999999999911 ) ) ;
#2824 = DIRECTION ( 'NONE',  ( 0.0000000000000000000, -1.000000000000000000, 0.0000000000000000000 ) ) ;
#2825 = ORIENTED_EDGE ( 'NONE', *, *, #3048, .F. ) ;
#2826 = ORIENTED_EDGE ( 'NONE', *, *, #6603, .F. ) ;
#2827 = ORIENTED_EDGE ( 'NONE', *, *, #2851, .F. ) ;
#2828 = CARTESIAN_POINT ( 'NONE',  ( 6.025000000000001243, 1.950000000000002176, 1.375000000000006883 ) ) ;
#2829 = VERTEX_POINT ( 'NONE', #5555 ) ;
#2830 = LINE ( 'NONE', #931, #1695 ) ;
#2831 = FILL_AREA_STYLE ('',( #827 ) ) ;
#2832 = CARTESIAN_POINT ( 'NONE',  ( -2.475000000000000089, 4.249999999999998224, -2.075000000000001510 ) ) ;
#2833 = DIRECTION ( 'NONE',  ( -1.000000000000000000, 0.0000000000000000000, 0.0000000000000000000 ) ) ;
#2834 = VERTEX_POINT ( 'NONE', #8264 ) ;
#2835 = CARTESIAN_POINT ( 'NONE',  ( 6.025000000000001243, 3.600000000000000977, -0.07499999999999998335 ) ) ;
#2836 = LINE ( 'NONE', #8407, #2230 ) ;
#2837 = ORIENTED_EDGE ( 'NONE', *, *, #4407, .F. ) ;
#2838 = ORIENTED_EDGE ( 'NONE', *, *, #7856, .T. ) ;
#2839 = VERTEX_POINT ( 'NONE', #7498 ) ;
#2840 = VECTOR ( 'NONE', #7049, 1000.000000000000000 ) ;
#2841 = DIRECTION ( 'NONE',  ( 1.000000000000000000, 0.0000000000000000000, 0.0000000000000000000 ) ) ;
#2842 = DIRECTION ( 'NONE',  ( 0.0000000000000000000, 1.000000000000000000, 0.0000000000000000000 ) ) ;
#2843 = CARTESIAN_POINT ( 'NONE',  ( 0.7249999999999999778, 1.350000000000000089, 1.525000000000000133 ) ) ;
#2844 = ADVANCED_FACE ( 'NONE', ( #5181 ), #329, .F. ) ;
#2845 = ORIENTED_EDGE ( 'NONE', *, *, #3043, .F. ) ;
#2846 = DIRECTION ( 'NONE',  ( 0.0000000000000000000, 0.0000000000000000000, -1.000000000000000000 ) ) ;
#2847 = DIRECTION ( 'NONE',  ( -0.0000000000000000000, 1.000000000000000000, 0.0000000000000000000 ) ) ;
#2848 = DIRECTION ( 'NONE',  ( 0.0000000000000000000, -1.000000000000000000, 0.0000000000000000000 ) ) ;
#2849 = LINE ( 'NONE', #7586, #2449 ) ;
#2850 = DIRECTION ( 'NONE',  ( -1.000000000000000000, -0.0000000000000000000, -0.0000000000000000000 ) ) ;
#2851 = EDGE_CURVE ( 'NONE', #1143, #2421, #1925, .T. ) ;
#2852 = FILL_AREA_STYLE ('',( #2882 ) ) ;
#2853 = ORIENTED_EDGE ( 'NONE', *, *, #7461, .F. ) ;
#2854 = VERTEX_POINT ( 'NONE', #1670 ) ;
#2855 = VECTOR ( 'NONE', #370, 1000.000000000000000 ) ;
#2856 = DIRECTION ( 'NONE',  ( 0.0000000000000000000, 0.0000000000000000000, -1.000000000000000000 ) ) ;
#2857 = DIRECTION ( 'NONE',  ( 0.0000000000000000000, 1.000000000000000000, 0.0000000000000000000 ) ) ;
#2858 = CARTESIAN_POINT ( 'NONE',  ( -0.3750000000000000000, 2.250000000000000000, -0.4749999999999999778 ) ) ;
#2859 = VECTOR ( 'NONE', #6849, 1000.000000000000000 ) ;
#2860 = DIRECTION ( 'NONE',  ( -0.0000000000000000000, 0.7468134723257140450, 0.6650335612228979176 ) ) ;
#2861 = AXIS2_PLACEMENT_3D ( 'NONE', #8289, #4444, #1813 ) ;
#2862 = VECTOR ( 'NONE', #4242, 1000.000000000000000 ) ;
#2863 = ORIENTED_EDGE ( 'NONE', *, *, #1385, .T. ) ;
#2864 = VECTOR ( 'NONE', #7184, 1000.000000000000000 ) ;
#2865 = CARTESIAN_POINT ( 'NONE',  ( 4.925000000000000711, 1.850000000000000089, -1.474999999999999867 ) ) ;
#2866 = EDGE_CURVE ( 'NONE', #444, #4628, #2139, .T. ) ;
#2867 = SURFACE_STYLE_USAGE ( .BOTH. , #8087 ) ;
#2868 = CARTESIAN_POINT ( 'NONE',  ( -0.5250000000000000222, 1.649999999999999911, -1.025000000000000133 ) ) ;
#2869 = CARTESIAN_POINT ( 'NONE',  ( -2.274999999999999911, 3.600000000000000089, -1.425000000000000933 ) ) ;
#2870 = FACE_OUTER_BOUND ( 'NONE', #4622, .T. ) ;
#2871 = ORIENTED_EDGE ( 'NONE', *, *, #3859, .F. ) ;
#2872 = FACE_OUTER_BOUND ( 'NONE', #4756, .T. ) ;
#2873 = EDGE_CURVE ( 'NONE', #1309, #2899, #8258, .T. ) ;
#2874 = VECTOR ( 'NONE', #8385, 1000.000000000000000 ) ;
#2875 = VECTOR ( 'NONE', #5765, 1000.000000000000000 ) ;
#2876 = EDGE_CURVE ( 'NONE', #157, #1606, #6930, .T. ) ;
#2877 = CARTESIAN_POINT ( 'NONE',  ( -0.7349999999999999867, 1.850000000000000089, -2.024999999999999911 ) ) ;
#2878 = DIRECTION ( 'NONE',  ( 0.0000000000000000000, 0.0000000000000000000, 1.000000000000000000 ) ) ;
#2879 = LINE ( 'NONE', #4235, #4089 ) ;
#2880 = EDGE_CURVE ( 'NONE', #5221, #1477, #299, .T. ) ;
#2881 = CARTESIAN_POINT ( 'NONE',  ( -2.875000000000000000, 4.250000000000000000, -0.07499999999999998335 ) ) ;
#2882 = FILL_AREA_STYLE_COLOUR ( '', #4059 ) ;
#2883 = PLANE ( 'NONE',  #940 ) ;
#2884 = FACE_OUTER_BOUND ( 'NONE', #1192, .T. ) ;
#2885 = EDGE_CURVE ( 'NONE', #6610, #3255, #804, .T. ) ;
#2886 = LINE ( 'NONE', #4218, #5014 ) ;
#2887 = CARTESIAN_POINT ( 'NONE',  ( 0.7250000000000000888, 1.000000000000000000, 1.525000000000000133 ) ) ;
#2888 = ADVANCED_FACE ( 'NONE', ( #3177 ), #3791, .T. ) ;
#2889 = DIRECTION ( 'NONE',  ( -0.0000000000000000000, 0.7468134723257140450, 0.6650335612228979176 ) ) ;
#2890 = VERTEX_POINT ( 'NONE', #525 ) ;
#2891 = ORIENTED_EDGE ( 'NONE', *, *, #6913, .T. ) ;
#2892 = LINE ( 'NONE', #3011, #3497 ) ;
#2893 = VECTOR ( 'NONE', #4134, 1000.000000000000000 ) ;
#2894 = CARTESIAN_POINT ( 'NONE',  ( 1.775000000000000133, 0.5000000000000000000, 0.0000000000000000000 ) ) ;
#2895 = DIRECTION ( 'NONE',  ( 0.0000000000000000000, 1.000000000000000000, 2.552445434498790050E-15 ) ) ;
#2896 = ORIENTED_EDGE ( 'NONE', *, *, #4893, .F. ) ;
#2897 = VERTEX_POINT ( 'NONE', #1782 ) ;
#2898 = ORIENTED_EDGE ( 'NONE', *, *, #4728, .T. ) ;
#2899 = VERTEX_POINT ( 'NONE', #3196 ) ;
#2900 = CARTESIAN_POINT ( 'NONE',  ( 0.7250000000000000888, -0.004464445899999999919, 0.003975566199999999890 ) ) ;
#2901 = DIRECTION ( 'NONE',  ( 0.0000000000000000000, 0.0000000000000000000, -1.000000000000000000 ) ) ;
#2902 = FILL_AREA_STYLE ('',( #2367 ) ) ;
#2903 = LINE ( 'NONE', #7174, #1157 ) ;
#2904 = ORIENTED_EDGE ( 'NONE', *, *, #6921, .F. ) ;
#2905 = VERTEX_POINT ( 'NONE', #3144 ) ;
#2906 = ORIENTED_EDGE ( 'NONE', *, *, #2712, .F. ) ;
#2907 = CARTESIAN_POINT ( 'NONE',  ( 5.625000000000000888, 0.5000000000000000000, -1.474999999999999867 ) ) ;
#2908 = AXIS2_PLACEMENT_3D ( 'NONE', #5094, #7590, #4395 ) ;
#2909 = PRESENTATION_LAYER_ASSIGNMENT (  '', '', ( #1905 ) ) ;
#2910 = DIRECTION ( 'NONE',  ( 1.000000000000000000, 0.0000000000000000000, 0.0000000000000000000 ) ) ;
#2911 = CARTESIAN_POINT ( 'NONE',  ( 3.024999999999999911, 1.850000000000000089, 2.024999999999999911 ) ) ;
#2912 = FILL_AREA_STYLE_COLOUR ( '', #1011 ) ;
#2913 = EDGE_CURVE ( 'NONE', #6292, #6269, #2561, .T. ) ;
#2914 = VECTOR ( 'NONE', #4433, 1000.000000000000000 ) ;
#2915 = AXIS2_PLACEMENT_3D ( 'NONE', #4232, #316, #6474 ) ;
#2916 = DIRECTION ( 'NONE',  ( -1.000000000000000000, -0.0000000000000000000, -0.0000000000000000000 ) ) ;
#2917 = DIRECTION ( 'NONE',  ( -1.000000000000000000, -0.0000000000000000000, 0.0000000000000000000 ) ) ;
#2918 = EDGE_LOOP ( 'NONE', ( #1801, #7321, #5853, #5222, #3931, #1596, #5252, #1183, #4520, #5565, #7388, #6674, #146, #2826, #8251, #4774 ) ) ;
#2919 = ORIENTED_EDGE ( 'NONE', *, *, #8096, .T. ) ;
#2920 = DIRECTION ( 'NONE',  ( 0.0000000000000000000, -1.000000000000000000, 0.0000000000000000000 ) ) ;
#2921 = CARTESIAN_POINT ( 'NONE',  ( 6.225000000000001421, 1.999999999999997780, -2.075000000000008615 ) ) ;
#2922 =( NAMED_UNIT ( * ) PLANE_ANGLE_UNIT ( ) SI_UNIT ( $, .RADIAN. ) );
#2923 = VERTEX_POINT ( 'NONE', #8398 ) ;
#2924 = CARTESIAN_POINT ( 'NONE',  ( 0.7349999999999999867, 1.649999999999999911, -1.474999999999999867 ) ) ;
#2925 = VECTOR ( 'NONE', #2305, 1000.000000000000000 ) ;
#2926 = EDGE_CURVE ( 'NONE', #2890, #3761, #6009, .T. ) ;
#2927 = VECTOR ( 'NONE', #2572, 1000.000000000000000 ) ;
#2928 = ORIENTED_EDGE ( 'NONE', *, *, #772, .T. ) ;
#2929 = CARTESIAN_POINT ( 'NONE',  ( 3.225000000000000089, 0.0000000000000000000, -1.525000000000000133 ) ) ;
#2930 = ADVANCED_FACE ( 'NONE', ( #1415 ), #7079, .F. ) ;
#2931 = EDGE_LOOP ( 'NONE', ( #1901, #4239, #4427, #5318 ) ) ;
#2932 = EDGE_LOOP ( 'NONE', ( #3771, #5834, #4447, #2538, #8311, #5584, #3408, #6055 ) ) ;
#2933 = CARTESIAN_POINT ( 'NONE',  ( -2.875000000000000000, 3.600000000000000977, -1.425000000000000044 ) ) ;
#2934 = SURFACE_STYLE_FILL_AREA ( #5613 ) ;
#2935 = EDGE_CURVE ( 'NONE', #1475, #7007, #5282, .T. ) ;
#2936 = CARTESIAN_POINT ( 'NONE',  ( 0.7349999999999999867, 1.000000000000000000, -1.474999999999999867 ) ) ;
#2937 = COLOUR_RGB ( '',1.000000000000000000, 1.000000000000000000, 1.000000000000000000 ) ;
#2938 = ORIENTED_EDGE ( 'NONE', *, *, #4220, .T. ) ;
#2939 = SURFACE_SIDE_STYLE ('',( #1957 ) ) ;
#2940 = PLANE ( 'NONE',  #321 ) ;
#2941 = CARTESIAN_POINT ( 'NONE',  ( -2.875000000000000000, 4.250000000000000000, 2.024999999999999911 ) ) ;
#2942 = ORIENTED_EDGE ( 'NONE', *, *, #114, .T. ) ;
#2943 = DIRECTION ( 'NONE',  ( 0.0000000000000000000, -0.0000000000000000000, -1.000000000000000000 ) ) ;
#2944 = PLANE ( 'NONE',  #3499 ) ;
#2945 = VERTEX_POINT ( 'NONE', #5036 ) ;
#2946 = ORIENTED_EDGE ( 'NONE', *, *, #1222, .F. ) ;
#2947 = LINE ( 'NONE', #1638, #3158 ) ;
#2948 = VERTEX_POINT ( 'NONE', #4501 ) ;
#2949 = CARTESIAN_POINT ( 'NONE',  ( -2.875000000000000000, 4.250000000000000000, 2.024999999999999911 ) ) ;
#2950 = LINE ( 'NONE', #8298, #7946 ) ;
#2951 = CARTESIAN_POINT ( 'NONE',  ( 1.765000000000000124, 1.850000000000000089, -1.025000000000000133 ) ) ;
#2952 = CARTESIAN_POINT ( 'NONE',  ( -2.274999999999999911, 3.599999999999999201, -0.07500000000000128786 ) ) ;
#2953 = ORIENTED_EDGE ( 'NONE', *, *, #6847, .T. ) ;
#2954 = LINE ( 'NONE', #5518, #692 ) ;
#2955 = CARTESIAN_POINT ( 'NONE',  ( 6.625000000000000888, 1.000000000000000000, -1.525000000000000133 ) ) ;
#2956 = LINE ( 'NONE', #4260, #3965 ) ;
#2957 = DIRECTION ( 'NONE',  ( 0.0000000000000000000, 0.0000000000000000000, -1.000000000000000000 ) ) ;
#2958 = CARTESIAN_POINT ( 'NONE',  ( 2.575000000000000178, 1.850000000000000089, 2.024999999999999911 ) ) ;
#2959 = PRESENTATION_STYLE_ASSIGNMENT (( #8098 ) ) ;
#2960 = AXIS2_PLACEMENT_3D ( 'NONE', #7473, #6833, #7496 ) ;
#2961 = ORIENTED_EDGE ( 'NONE', *, *, #8205, .T. ) ;
#2962 = ORIENTED_EDGE ( 'NONE', *, *, #5604, .T. ) ;
#2963 = DIRECTION ( 'NONE',  ( -1.000000000000000000, 0.0000000000000000000, 0.0000000000000000000 ) ) ;
#2964 = DIRECTION ( 'NONE',  ( 0.0000000000000000000, 0.0000000000000000000, -1.000000000000000000 ) ) ;
#2965 = LINE ( 'NONE', #5479, #1312 ) ;
#2966 = AXIS2_PLACEMENT_3D ( 'NONE', #8116, #4208, #7455 ) ;
#2967 = CARTESIAN_POINT ( 'NONE',  ( 4.125000000000000000, 1.000000000000000000, -1.525000000000000133 ) ) ;
#2968 = EDGE_CURVE ( 'NONE', #6571, #7968, #88, .T. ) ;
#2969 = CARTESIAN_POINT ( 'NONE',  ( -0.4249999999999999889, 1.850000000000000089, -1.474999999999999867 ) ) ;
#2970 = VECTOR ( 'NONE', #6320, 1000.000000000000000 ) ;
#2971 = VERTEX_POINT ( 'NONE', #5744 ) ;
#2972 = CARTESIAN_POINT ( 'NONE',  ( -0.5150000000000000133, 1.850000000000000089, -2.024999999999999911 ) ) ;
#2973 = VECTOR ( 'NONE', #6846, 1000.000000000000000 ) ;
#2974 = FACE_OUTER_BOUND ( 'NONE', #6456, .T. ) ;
#2975 = DIRECTION ( 'NONE',  ( 0.0000000000000000000, 0.0000000000000000000, -1.000000000000000000 ) ) ;
#2976 = CARTESIAN_POINT ( 'NONE',  ( 1.775000000000000133, 1.850000000000000089, -1.698606797699999893 ) ) ;
#2977 =( GEOMETRIC_REPRESENTATION_CONTEXT ( 3 ) GLOBAL_UNCERTAINTY_ASSIGNED_CONTEXT ( ( #6813 ) ) GLOBAL_UNIT_ASSIGNED_CONTEXT ( ( #6427, #1751, #3807 ) ) REPRESENTATION_CONTEXT ( 'NONE', 'WORKASPACE' ) );
#2978 = CARTESIAN_POINT ( 'NONE',  ( 4.485000000000001208, 1.000000000000000000, -1.525000000000000133 ) ) ;
#2979 = SURFACE_STYLE_USAGE ( .BOTH. , #2317 ) ;
#2980 = COLOUR_RGB ( '',0.6470588235294117974, 0.6196078431372549211, 0.5882352941176470784 ) ;
#2981 = ADVANCED_FACE ( 'NONE', ( #7554 ), #7005, .F. ) ;
#2982 = VERTEX_POINT ( 'NONE', #1842 ) ;
#2983 = FACE_OUTER_BOUND ( 'NONE', #2005, .T. ) ;
#2984 = MECHANICAL_DESIGN_GEOMETRIC_PRESENTATION_REPRESENTATION (  '', ( #2081 ), #841 ) ;
#2985 = CARTESIAN_POINT ( 'NONE',  ( 6.025000000000001243, 0.6000000000000076383, -0.2249999999999982014 ) ) ;
#2986 = EDGE_CURVE ( 'NONE', #4859, #1705, #591, .T. ) ;
#2987 = LINE ( 'NONE', #6671, #6541 ) ;
#2988 = DIRECTION ( 'NONE',  ( 1.000000000000000000, 0.0000000000000000000, 0.0000000000000000000 ) ) ;
#2989 = LINE ( 'NONE', #6762, #7984 ) ;
#2990 = EDGE_CURVE ( 'NONE', #8335, #1478, #1116, .T. ) ;
#2991 = CARTESIAN_POINT ( 'NONE',  ( 0.5249999999999999112, -0.6500000000000000222, -1.775000000000000133 ) ) ;
#2992 = CARTESIAN_POINT ( 'NONE',  ( 4.264999999999999680, 1.000000000000000000, -1.525000000000000133 ) ) ;
#2993 = DIRECTION ( 'NONE',  ( 0.0000000000000000000, 0.3162277660168379412, -0.9486832980505138790 ) ) ;
#2994 = LINE ( 'NONE', #2869, #6243 ) ;
#2995 = EDGE_CURVE ( 'NONE', #1165, #7602, #7319, .T. ) ;
#2996 = VECTOR ( 'NONE', #5004, 1000.000000000000000 ) ;
#2997 = CARTESIAN_POINT ( 'NONE',  ( 3.225000000000000089, 1.000000000000000000, 0.0000000000000000000 ) ) ;
#2998 = CARTESIAN_POINT ( 'NONE',  ( 6.250000000000000000, 4.009511388567677415, -0.07499999999999998335 ) ) ;
#2999 = CARTESIAN_POINT ( 'NONE',  ( -0.5150000000000000133, 1.649999999999999911, -1.698606797699999893 ) ) ;
#3000 = CARTESIAN_POINT ( 'NONE',  ( 0.07499999999999998335, 1.850000000000000089, -1.474999999999999867 ) ) ;
#3001 = EDGE_CURVE ( 'NONE', #5193, #7081, #2747, .T. ) ;
#3002 = ORIENTED_EDGE ( 'NONE', *, *, #1164, .T. ) ;
#3003 = CARTESIAN_POINT ( 'NONE',  ( -2.274999999999999911, 8.673617379884035472E-15, -0.2250000000000008105 ) ) ;
#3004 = ORIENTED_EDGE ( 'NONE', *, *, #3701, .T. ) ;
#3005 = FILL_AREA_STYLE_COLOUR ( '', #2103 ) ;
#3006 = VERTEX_POINT ( 'NONE', #4278 ) ;
#3007 = ORIENTED_EDGE ( 'NONE', *, *, #4504, .T. ) ;
#3008 = UNCERTAINTY_MEASURE_WITH_UNIT (LENGTH_MEASURE( 1.000000000000000082E-05 ), #8238, 'distance_accuracy_value', 'NONE');
#3009 = EDGE_LOOP ( 'NONE', ( #6749, #3486, #8390, #6988 ) ) ;
#3010 = ORIENTED_EDGE ( 'NONE', *, *, #3157, .T. ) ;
#3011 = CARTESIAN_POINT ( 'NONE',  ( 6.025000000000001243, 3.600000000000000089, -1.425000000000000933 ) ) ;
#3012 = DIRECTION ( 'NONE',  ( 0.0000000000000000000, 1.000000000000000000, 0.0000000000000000000 ) ) ;
#3013 = ORIENTED_EDGE ( 'NONE', *, *, #7629, .T. ) ;
#3014 = SURFACE_STYLE_FILL_AREA ( #5821 ) ;
#3015 = ORIENTED_EDGE ( 'NONE', *, *, #4236, .T. ) ;
#3016 = DIRECTION ( 'NONE',  ( 1.000000000000000000, 0.0000000000000000000, 0.0000000000000000000 ) ) ;
#3017 =( NAMED_UNIT ( * ) PLANE_ANGLE_UNIT ( ) SI_UNIT ( $, .RADIAN. ) );
#3018 = ORIENTED_EDGE ( 'NONE', *, *, #38, .T. ) ;
#3019 = ADVANCED_FACE ( 'NONE', ( #3568 ), #2281, .T. ) ;
#3020 = CARTESIAN_POINT ( 'NONE',  ( 3.024999999999999911, 1.315130797599999957, 1.171117220399999770 ) ) ;
#3021 = LINE ( 'NONE', #1173, #4136 ) ;
#3022 = CARTESIAN_POINT ( 'NONE',  ( 3.024999999999999911, 0.0000000000000000000, 0.0000000000000000000 ) ) ;
#3023 = AXIS2_PLACEMENT_3D ( 'NONE', #5214, #1343, #1260 ) ;
#3024 = ORIENTED_EDGE ( 'NONE', *, *, #6508, .T. ) ;
#3025 = CARTESIAN_POINT ( 'NONE',  ( -2.500000000000000000, 4.250000000000000000, -0.07499999999999998335 ) ) ;
#3026 = ORIENTED_EDGE ( 'NONE', *, *, #5142, .T. ) ;
#3027 = ORIENTED_EDGE ( 'NONE', *, *, #7312, .F. ) ;
#3028 = CARTESIAN_POINT ( 'NONE',  ( -1.875000000000000000, 3.750000000000000000, 2.025999999999999801 ) ) ;
#3029 = CARTESIAN_POINT ( 'NONE',  ( 1.984999999999999876, 1.649999999999999911, -1.698606797699999893 ) ) ;
#3030 = LINE ( 'NONE', #2091, #5345 ) ;
#3031 = EDGE_CURVE ( 'NONE', #3913, #4366, #7858, .T. ) ;
#3032 = DIRECTION ( 'NONE',  ( 1.000000000000000000, 0.0000000000000000000, 0.0000000000000000000 ) ) ;
#3033 = DIRECTION ( 'NONE',  ( 0.0000000000000000000, -1.000000000000000000, 0.0000000000000000000 ) ) ;
#3034 = DIRECTION ( 'NONE',  ( 0.0000000000000000000, 0.0000000000000000000, 1.000000000000000000 ) ) ;
#3035 = VERTEX_POINT ( 'NONE', #1666 ) ;
#3036 = ORIENTED_EDGE ( 'NONE', *, *, #289, .T. ) ;
#3037 = CARTESIAN_POINT ( 'NONE',  ( -2.274999999999999911, 1.999999999999997780, -2.075000000000008615 ) ) ;
#3038 = EDGE_CURVE ( 'NONE', #2500, #5247, #1210, .T. ) ;
#3039 = LINE ( 'NONE', #585, #978 ) ;
#3040 = ORIENTED_EDGE ( 'NONE', *, *, #3983, .T. ) ;
#3041 = LINE ( 'NONE', #5285, #4557 ) ;
#3042 = VECTOR ( 'NONE', #4726, 1000.000000000000000 ) ;
#3043 = EDGE_CURVE ( 'NONE', #5349, #7105, #3072, .T. ) ;
#3044 = ORIENTED_EDGE ( 'NONE', *, *, #676, .F. ) ;
#3045 = DIRECTION ( 'NONE',  ( -1.000000000000000000, 0.0000000000000000000, 0.0000000000000000000 ) ) ;
#3046 = ORIENTED_EDGE ( 'NONE', *, *, #2088, .T. ) ;
#3047 = ORIENTED_EDGE ( 'NONE', *, *, #3031, .T. ) ;
#3048 = EDGE_CURVE ( 'NONE', #745, #7263, #7025, .T. ) ;
#3049 = ORIENTED_EDGE ( 'NONE', *, *, #653, .F. ) ;
#3050 = VECTOR ( 'NONE', #1248, 1000.000000000000000 ) ;
#3051 = SURFACE_SIDE_STYLE ('',( #5454 ) ) ;
#3052 = FACE_OUTER_BOUND ( 'NONE', #2087, .T. ) ;
#3053 = CARTESIAN_POINT ( 'NONE',  ( 5.775000000000000355, 1.980741759643274369, -1.925000000000000933 ) ) ;
#3054 = VERTEX_POINT ( 'NONE', #1640 ) ;
#3055 = EDGE_CURVE ( 'NONE', #1291, #3255, #1314, .T. ) ;
#3056 = VECTOR ( 'NONE', #5312, 1000.000000000000000 ) ;
#3057 = DIRECTION ( 'NONE',  ( 0.0000000000000000000, 0.0000000000000000000, 1.000000000000000000 ) ) ;
#3058 = ORIENTED_EDGE ( 'NONE', *, *, #2926, .F. ) ;
#3059 = VECTOR ( 'NONE', #8231, 1000.000000000000000 ) ;
#3060 = PLANE ( 'NONE',  #5726 ) ;
#3061 = EDGE_LOOP ( 'NONE', ( #8434, #1619, #2120, #1557 ) ) ;
#3062 =( NAMED_UNIT ( * ) PLANE_ANGLE_UNIT ( ) SI_UNIT ( $, .RADIAN. ) );
#3063 = DIRECTION ( 'NONE',  ( 0.0000000000000000000, -1.000000000000000000, 0.0000000000000000000 ) ) ;
#3064 = CARTESIAN_POINT ( 'NONE',  ( 0.5150000000000000133, 1.850000000000000089, -1.025000000000000133 ) ) ;
#3065 = FACE_OUTER_BOUND ( 'NONE', #4658, .T. ) ;
#3066 = ADVANCED_FACE ( 'NONE', ( #5894 ), #8158, .F. ) ;
#3067 = EDGE_LOOP ( 'NONE', ( #4258, #6756, #1856, #2186, #5234, #5161, #2946 ) ) ;
#3068 = ORIENTED_EDGE ( 'NONE', *, *, #5755, .T. ) ;
#3069 = VECTOR ( 'NONE', #1678, 1000.000000000000000 ) ;
#3070 = DIRECTION ( 'NONE',  ( -1.000000000000000000, 0.0000000000000000000, 0.0000000000000000000 ) ) ;
#3071 = CARTESIAN_POINT ( 'NONE',  ( 4.474999999999999645, -0.6500000000000000222, -1.775000000000000133 ) ) ;
#3072 = LINE ( 'NONE', #6802, #6114 ) ;
#3073 = ORIENTED_EDGE ( 'NONE', *, *, #4866, .F. ) ;
#3074 = PRESENTATION_STYLE_ASSIGNMENT (( #5474 ) ) ;
#3075 = VECTOR ( 'NONE', #3727, 1000.000000000000000 ) ;
#3076 = DIRECTION ( 'NONE',  ( 0.0000000000000000000, 0.0000000000000000000, -1.000000000000000000 ) ) ;
#3077 = PRESENTATION_LAYER_ASSIGNMENT (  '', '', ( #2307 ) ) ;
#3078 = LINE ( 'NONE', #2760, #8179 ) ;
#3079 = CARTESIAN_POINT ( 'NONE',  ( 6.625000000000000888, 0.6000000000000024203, 1.375000000000002442 ) ) ;
#3080 = ORIENTED_EDGE ( 'NONE', *, *, #728, .T. ) ;
#3081 = LINE ( 'NONE', #8142, #1419 ) ;
#3082 = LINE ( 'NONE', #2562, #2874 ) ;
#3083 = DIRECTION ( 'NONE',  ( 1.000000000000000000, 0.0000000000000000000, 0.0000000000000000000 ) ) ;
#3084 = PLANE ( 'NONE',  #1031 ) ;
#3085 = VECTOR ( 'NONE', #4159, 1000.000000000000000 ) ;
#3086 = CARTESIAN_POINT ( 'NONE',  ( -0.3750000000000000000, 0.0000000000000000000, 0.0000000000000000000 ) ) ;
#3087 = DIRECTION ( 'NONE',  ( -1.000000000000000000, -0.0000000000000000000, -0.0000000000000000000 ) ) ;
#3088 = VECTOR ( 'NONE', #4585, 1000.000000000000000 ) ;
#3089 = LINE ( 'NONE', #240, #3795 ) ;
#3090 = DIRECTION ( 'NONE',  ( -0.0000000000000000000, 1.000000000000000000, 0.0000000000000000000 ) ) ;
#3091 = DIRECTION ( 'NONE',  ( 0.0000000000000000000, -1.000000000000000000, 0.0000000000000000000 ) ) ;
#3092 = VECTOR ( 'NONE', #2724, 1000.000000000000114 ) ;
#3093 = VECTOR ( 'NONE', #1665, 1000.000000000000000 ) ;
#3094 = EDGE_CURVE ( 'NONE', #6788, #8093, #8065, .T. ) ;
#3095 = DIRECTION ( 'NONE',  ( -0.0000000000000000000, 0.0000000000000000000, -1.000000000000000000 ) ) ;
#3096 = ORIENTED_EDGE ( 'NONE', *, *, #4561, .T. ) ;
#3097 = ORIENTED_EDGE ( 'NONE', *, *, #4887, .F. ) ;
#3098 = VECTOR ( 'NONE', #7208, 1000.000000000000000 ) ;
#3099 = CARTESIAN_POINT ( 'NONE',  ( 1.775000000000000133, 1.850000000000000089, -2.024999999999999911 ) ) ;
#3100 = EDGE_CURVE ( 'NONE', #6894, #1926, #4587, .T. ) ;
#3101 = CARTESIAN_POINT ( 'NONE',  ( -0.3750000000000000000, 2.250000000000000000, -0.4749999999999999778 ) ) ;
#3102 = ADVANCED_FACE ( 'NONE', ( #3355 ), #2883, .T. ) ;
#3103 = CARTESIAN_POINT ( 'NONE',  ( -0.5250000000000000222, -0.6500000000000000222, -2.075000000000000178 ) ) ;
#3104 = ORIENTED_EDGE ( 'NONE', *, *, #4646, .T. ) ;
#3105 = ADVANCED_FACE ( 'NONE', ( #4282 ), #987, .F. ) ;
#3106 = ORIENTED_EDGE ( 'NONE', *, *, #620, .T. ) ;
#3107 = ORIENTED_EDGE ( 'NONE', *, *, #8109, .F. ) ;
#3108 = CARTESIAN_POINT ( 'NONE',  ( -0.5250000000000000222, 1.850000000000000089, -2.024999999999999911 ) ) ;
#3109 = PLANE ( 'NONE',  #1737 ) ;
#3110 = ORIENTED_EDGE ( 'NONE', *, *, #4703, .F. ) ;
#3111 = PLANE ( 'NONE',  #1196 ) ;
#3112 = DIRECTION ( 'NONE',  ( 0.0000000000000000000, -1.000000000000000000, 0.0000000000000000000 ) ) ;
#3113 = DIRECTION ( 'NONE',  ( 1.000000000000000000, 0.0000000000000000000, 0.0000000000000000000 ) ) ;
#3114 = ORIENTED_EDGE ( 'NONE', *, *, #53, .F. ) ;
#3115 = DIRECTION ( 'NONE',  ( 1.000000000000000000, 0.0000000000000000000, 0.0000000000000000000 ) ) ;
#3116 = DIRECTION ( 'NONE',  ( 0.0000000000000000000, -0.0000000000000000000, 1.000000000000000000 ) ) ;
#3117 = EDGE_LOOP ( 'NONE', ( #2185, #8345, #1467, #4761 ) ) ;
#3118 = ORIENTED_EDGE ( 'NONE', *, *, #1276, .F. ) ;
#3119 = CARTESIAN_POINT ( 'NONE',  ( 6.025000000000001243, 2.250000000000000000, -1.925000000000000711 ) ) ;
#3120 = SURFACE_STYLE_FILL_AREA ( #2364 ) ;
#3121 = ORIENTED_EDGE ( 'NONE', *, *, #5547, .T. ) ;
#3122 = CARTESIAN_POINT ( 'NONE',  ( 6.025000000000001243, 3.600000000000000977, -1.425000000000000044 ) ) ;
#3123 = EDGE_LOOP ( 'NONE', ( #4862, #7930, #735, #4764 ) ) ;
#3124 = AXIS2_PLACEMENT_3D ( 'NONE', #6499, #3851, #1963 ) ;
#3125 = SURFACE_SIDE_STYLE ('',( #3780 ) ) ;
#3126 = PLANE ( 'NONE',  #7142 ) ;
#3127 = LINE ( 'NONE', #2725, #4141 ) ;
#3128 = AXIS2_PLACEMENT_3D ( 'NONE', #7910, #3963, #18 ) ;
#3129 = CARTESIAN_POINT ( 'NONE',  ( 6.125000000000000000, 3.149999999999999911, 0.02500000000000000139 ) ) ;
#3130 = EDGE_CURVE ( 'NONE', #4222, #7757, #2650, .T. ) ;
#3131 = VERTEX_POINT ( 'NONE', #4899 ) ;
#3132 = EDGE_LOOP ( 'NONE', ( #1294, #1717, #1563, #7649 ) ) ;
#3133 = CARTESIAN_POINT ( 'NONE',  ( 4.475000000000000533, -0.004464445899999999919, 0.003975566199999999890 ) ) ;
#3134 = LINE ( 'NONE', #836, #8132 ) ;
#3135 = CARTESIAN_POINT ( 'NONE',  ( 5.625000000000000888, 3.149999999999999911, -2.024999999999999911 ) ) ;
#3136 = MECHANICAL_DESIGN_GEOMETRIC_PRESENTATION_REPRESENTATION (  '', ( #2257 ), #2977 ) ;
#3137 = DIRECTION ( 'NONE',  ( -0.0000000000000000000, 0.0000000000000000000, 1.000000000000000000 ) ) ;
#3138 = ORIENTED_EDGE ( 'NONE', *, *, #850, .F. ) ;
#3139 = ORIENTED_EDGE ( 'NONE', *, *, #2268, .T. ) ;
#3140 = ORIENTED_EDGE ( 'NONE', *, *, #8159, .T. ) ;
#3141 = CARTESIAN_POINT ( 'NONE',  ( 1.974999999999999867, -0.6500000000000000222, -1.775000000000000133 ) ) ;
#3142 = VERTEX_POINT ( 'NONE', #357 ) ;
#3143 = AXIS2_PLACEMENT_3D ( 'NONE', #6179, #398, #7528 ) ;
#3144 = CARTESIAN_POINT ( 'NONE',  ( -2.274999999999999911, 3.600000000000000977, -0.07499999999999998335 ) ) ;
#3145 = CARTESIAN_POINT ( 'NONE',  ( 1.765000000000000124, 1.649999999999999911, -1.025000000000000133 ) ) ;
#3147 = ORIENTED_EDGE ( 'NONE', *, *, #3903, .F. ) ;
#3146 = PLANE ( 'NONE',  #1056 ) ;
#3148 = VECTOR ( 'NONE', #8023, 1000.000000000000000 ) ;
#3149 = VECTOR ( 'NONE', #7477, 1000.000000000000000 ) ;
#3150 = ORIENTED_EDGE ( 'NONE', *, *, #457, .F. ) ;
#3151 = CARTESIAN_POINT ( 'NONE',  ( -1.875000000000000000, 0.5000000000000000000, -1.474999999999999867 ) ) ;
#3152 = EDGE_CURVE ( 'NONE', #6258, #2414, #913, .T. ) ;
#3153 = ADVANCED_FACE ( 'NONE', ( #6315 ), #1809, .T. ) ;
#3154 = ORIENTED_EDGE ( 'NONE', *, *, #5522, .T. ) ;
#3155 = ORIENTED_EDGE ( 'NONE', *, *, #5678, .T. ) ;
#3156 = VERTEX_POINT ( 'NONE', #4441 ) ;
#3157 = EDGE_CURVE ( 'NONE', #3730, #5080, #497, .T. ) ;
#3158 = VECTOR ( 'NONE', #1583, 1000.000000000000000 ) ;
#3159 = EDGE_LOOP ( 'NONE', ( #573, #6293, #7088, #2016 ) ) ;
#3160 = VERTEX_POINT ( 'NONE', #5031 ) ;
#3161 = CARTESIAN_POINT ( 'NONE',  ( -0.7249999999999999778, 1.850000000000000089, 2.024999999999999911 ) ) ;
#3162 = EDGE_CURVE ( 'NONE', #2548, #4128, #4189, .T. ) ;
#3163 = DIRECTION ( 'NONE',  ( 0.0000000000000000000, -3.854941057726236322E-15, 1.000000000000000000 ) ) ;
#3164 = VECTOR ( 'NONE', #2537, 1000.000000000000000 ) ;
#3165 = ORIENTED_EDGE ( 'NONE', *, *, #2152, .T. ) ;
#3166 = ORIENTED_EDGE ( 'NONE', *, *, #4294, .F. ) ;
#3167 = DIRECTION ( 'NONE',  ( 1.000000000000000000, 0.0000000000000000000, 0.0000000000000000000 ) ) ;
#3168 = PLANE ( 'NONE',  #7156 ) ;
#3169 = MANIFOLD_SOLID_BREP ( 'Combine2', #6511 ) ;
#3170 = EDGE_CURVE ( 'NONE', #7313, #6001, #6309, .T. ) ;
#3171 = CARTESIAN_POINT ( 'NONE',  ( -2.875000000000000000, 1.949999999999999956, 2.024999999999999911 ) ) ;
#3172 = DIRECTION ( 'NONE',  ( 0.0000000000000000000, 0.0000000000000000000, -1.000000000000000000 ) ) ;
#3173 = EDGE_LOOP ( 'NONE', ( #334, #1671, #198, #4531 ) ) ;
#3174 = CARTESIAN_POINT ( 'NONE',  ( 6.225000000000001421, 1.999999999999997780, -2.075000000000008615 ) ) ;
#3175 = CARTESIAN_POINT ( 'NONE',  ( 4.925000000000000711, 1.850000000000000089, 2.024999999999999911 ) ) ;
#3176 = LINE ( 'NONE', #4885, #2463 ) ;
#3177 = FACE_OUTER_BOUND ( 'NONE', #7541, .T. ) ;
#3178 = ORIENTED_EDGE ( 'NONE', *, *, #932, .T. ) ;
#3179 = LINE ( 'NONE', #8328, #7766 ) ;
#3180 = FACE_OUTER_BOUND ( 'NONE', #2433, .T. ) ;
#3181 = ORIENTED_EDGE ( 'NONE', *, *, #4498, .F. ) ;
#3182 = ORIENTED_EDGE ( 'NONE', *, *, #11, .F. ) ;
#3183 = LINE ( 'NONE', #1407, #5902 ) ;
#3184 = ORIENTED_EDGE ( 'NONE', *, *, #8262, .F. ) ;
#3185 = PLANE ( 'NONE',  #1791 ) ;
#3186 = AXIS2_PLACEMENT_3D ( 'NONE', #4618, #5258, #5314 ) ;
#3187 = DIRECTION ( 'NONE',  ( 0.0000000000000000000, 1.000000000000000000, 0.0000000000000000000 ) ) ;
#3188 = DIRECTION ( 'NONE',  ( 0.0000000000000000000, 1.000000000000000000, 0.0000000000000000000 ) ) ;
#3189 = PLANE ( 'NONE',  #3192 ) ;
#3190 = VECTOR ( 'NONE', #5326, 1000.000000000000000 ) ;
#3191 = EDGE_CURVE ( 'NONE', #3740, #6408, #284, .T. ) ;
#3192 = AXIS2_PLACEMENT_3D ( 'NONE', #6443, #1177, #518 ) ;
#3193 = VECTOR ( 'NONE', #6054, 1000.000000000000000 ) ;
#3194 = DIRECTION ( 'NONE',  ( 0.0000000000000000000, 3.252606517456512513E-15, -1.000000000000000000 ) ) ;
#3195 = EDGE_CURVE ( 'NONE', #5356, #6269, #1305, .T. ) ;
#3196 = CARTESIAN_POINT ( 'NONE',  ( 1.775000000000000133, 1.850000000000000089, 2.024999999999999911 ) ) ;
#3197 = LINE ( 'NONE', #712, #7252 ) ;
#3198 = CARTESIAN_POINT ( 'NONE',  ( 3.225000000000000089, 0.5000000000000000000, 2.024999999999999911 ) ) ;
#3199 = DIRECTION ( 'NONE',  ( -1.000000000000000000, 0.0000000000000000000, 0.0000000000000000000 ) ) ;
#3200 = EDGE_CURVE ( 'NONE', #7627, #5247, #4582, .T. ) ;
#3201 = DIRECTION ( 'NONE',  ( -1.000000000000000000, 0.0000000000000000000, 0.0000000000000000000 ) ) ;
#3202 = VERTEX_POINT ( 'NONE', #7675 ) ;
#3203 = VERTEX_POINT ( 'NONE', #2426 ) ;
#3204 = EDGE_CURVE ( 'NONE', #228, #4150, #689, .T. ) ;
#3205 = AXIS2_PLACEMENT_3D ( 'NONE', #6562, #1366, #2024 ) ;
#3206 = PLANE ( 'NONE',  #5126 ) ;
#3207 = VECTOR ( 'NONE', #3413, 1000.000000000000000 ) ;
#3208 = ORIENTED_EDGE ( 'NONE', *, *, #896, .T. ) ;
#3209 = CARTESIAN_POINT ( 'NONE',  ( 6.225000000000001421, 4.249999999999998224, -2.075000000000001510 ) ) ;
#3210 = EDGE_CURVE ( 'NONE', #3873, #5859, #1106, .T. ) ;
#3211 = EDGE_LOOP ( 'NONE', ( #3923, #6347, #1348, #6066 ) ) ;
#3212 = PLANE ( 'NONE',  #5879 ) ;
#3213 = ORIENTED_EDGE ( 'NONE', *, *, #662, .F. ) ;
#3214 = DIRECTION ( 'NONE',  ( -0.0000000000000000000, 1.000000000000000000, 0.0000000000000000000 ) ) ;
#3215 = PLANE ( 'NONE',  #2315 ) ;
#3216 = ORIENTED_EDGE ( 'NONE', *, *, #7018, .T. ) ;
#3217 = ORIENTED_EDGE ( 'NONE', *, *, #2314, .T. ) ;
#3218 = ORIENTED_EDGE ( 'NONE', *, *, #5418, .T. ) ;
#3219 = CARTESIAN_POINT ( 'NONE',  ( 4.475000000000000533, 0.05000000000000002359, -1.524999999999999689 ) ) ;
#3220 = MECHANICAL_DESIGN_GEOMETRIC_PRESENTATION_REPRESENTATION (  '', ( #4086 ), #3321 ) ;
#3221 = CARTESIAN_POINT ( 'NONE',  ( 4.625000000000000888, 2.250000000000000000, 1.505384757699999909 ) ) ;
#3222 = CARTESIAN_POINT ( 'NONE',  ( 6.225000000000001421, 1.999999999999997780, -2.024999999999999911 ) ) ;
#3223 = COLOUR_RGB ( '',1.000000000000000000, 1.000000000000000000, 1.000000000000000000 ) ;
#3224 = ORIENTED_EDGE ( 'NONE', *, *, #4236, .F. ) ;
#3225 = ORIENTED_EDGE ( 'NONE', *, *, #946, .T. ) ;
#3226 = LINE ( 'NONE', #3586, #5141 ) ;
#3227 = DIRECTION ( 'NONE',  ( 0.0000000000000000000, -1.000000000000000000, 0.0000000000000000000 ) ) ;
#3228 = ORIENTED_EDGE ( 'NONE', *, *, #8449, .F. ) ;
#3229 = ORIENTED_EDGE ( 'NONE', *, *, #1231, .T. ) ;
#3230 = PLANE ( 'NONE',  #7775 ) ;
#3231 = ADVANCED_FACE ( 'NONE', ( #4983 ), #6972, .T. ) ;
#3232 = DIRECTION ( 'NONE',  ( 0.0000000000000000000, 0.0000000000000000000, -1.000000000000000000 ) ) ;
#3233 = VERTEX_POINT ( 'NONE', #422 ) ;
#3234 = AXIS2_PLACEMENT_3D ( 'NONE', #6984, #5564, #5646 ) ;
#3235 = LINE ( 'NONE', #4132, #4091 ) ;
#3236 = CARTESIAN_POINT ( 'NONE',  ( 6.625000000000000888, 1.000000000000000000, -2.024999999999999911 ) ) ;
#3237 = ORIENTED_EDGE ( 'NONE', *, *, #6660, .T. ) ;
#3238 = CARTESIAN_POINT ( 'NONE',  ( 2.575000000000001066, 1.850000000000000089, 2.024999999999999911 ) ) ;
#3239 = DIRECTION ( 'NONE',  ( -0.0000000000000000000, 1.000000000000000000, 0.0000000000000000000 ) ) ;
#3240 = CARTESIAN_POINT ( 'NONE',  ( 4.475000000000000533, 1.850000000000000089, -1.025000000000000133 ) ) ;
#3241 = EDGE_LOOP ( 'NONE', ( #2010, #838, #5563, #681, #1837, #1193, #608 ) ) ;
#3242 = ORIENTED_EDGE ( 'NONE', *, *, #7576, .T. ) ;
#3243 = DIRECTION ( 'NONE',  ( 0.0000000000000000000, 0.7468134723257140450, -0.6650335612228979176 ) ) ;
#3244 = ORIENTED_EDGE ( 'NONE', *, *, #4452, .F. ) ;
#3245 = EDGE_LOOP ( 'NONE', ( #5669, #5737, #5959, #487 ) ) ;
#3246 = LINE ( 'NONE', #2558, #8240 ) ;
#3247 = DIRECTION ( 'NONE',  ( 0.0000000000000000000, 0.0000000000000000000, -1.000000000000000000 ) ) ;
#3248 = AXIS2_PLACEMENT_3D ( 'NONE', #3546, #4405, #6986 ) ;
#3249 = DIRECTION ( 'NONE',  ( -1.000000000000000000, 0.0000000000000000000, 0.0000000000000000000 ) ) ;
#3250 = DIRECTION ( 'NONE',  ( -0.0000000000000000000, -1.000000000000000000, -3.219646771412953967E-15 ) ) ;
#3251 = VECTOR ( 'NONE', #2708, 1000.000000000000000 ) ;
#3252 = ORIENTED_EDGE ( 'NONE', *, *, #3759, .T. ) ;
#3253 = LINE ( 'NONE', #2998, #7647 ) ;
#3254 = DIRECTION ( 'NONE',  ( 0.0000000000000000000, 0.0000000000000000000, -1.000000000000000000 ) ) ;
#3255 = VERTEX_POINT ( 'NONE', #3732 ) ;
#3256 = EDGE_CURVE ( 'NONE', #499, #1185, #2849, .T. ) ;
#3257 = ADVANCED_FACE ( 'NONE', ( #8457 ), #6920, .T. ) ;
#3258 = EDGE_CURVE ( 'NONE', #2644, #1082, #1516, .T. ) ;
#3259 = DIRECTION ( 'NONE',  ( -0.0000000000000000000, -0.0000000000000000000, 1.000000000000000000 ) ) ;
#3260 = LINE ( 'NONE', #5801, #5077 ) ;
#3261 = ORIENTED_EDGE ( 'NONE', *, *, #8133, .T. ) ;
#3262 = EDGE_LOOP ( 'NONE', ( #1693, #8147, #7867, #2104 ) ) ;
#3263 = LINE ( 'NONE', #1984, #1310 ) ;
#3264 = DIRECTION ( 'NONE',  ( 0.0000000000000000000, 0.0000000000000000000, -1.000000000000000000 ) ) ;
#3265 = EDGE_CURVE ( 'NONE', #5860, #6363, #1721, .T. ) ;
#3266 = CARTESIAN_POINT ( 'NONE',  ( 4.925000000000000711, 2.550000000000000266, -1.474999999999999867 ) ) ;
#3267 = LINE ( 'NONE', #2823, #494 ) ;
#3268 = DIRECTION ( 'NONE',  ( 1.000000000000000000, 0.0000000000000000000, 0.0000000000000000000 ) ) ;
#3269 = ORIENTED_EDGE ( 'NONE', *, *, #4407, .T. ) ;
#3270 = DIRECTION ( 'NONE',  ( 0.0000000000000000000, 0.0000000000000000000, 1.000000000000000000 ) ) ;
#3271 = CARTESIAN_POINT ( 'NONE',  ( 4.485000000000001208, 1.649999999999999911, -1.025000000000000133 ) ) ;
#3272 = LINE ( 'NONE', #1154, #6117 ) ;
#3273 = DIRECTION ( 'NONE',  ( -1.000000000000000000, 0.0000000000000000000, 0.0000000000000000000 ) ) ;
#3274 = FACE_OUTER_BOUND ( 'NONE', #3507, .T. ) ;
#3275 = ADVANCED_FACE ( 'NONE', ( #8055 ), #6403, .T. ) ;
#3276 = EDGE_LOOP ( 'NONE', ( #2780, #8144, #4532, #6904 ) ) ;
#3277 = VECTOR ( 'NONE', #570, 1000.000000000000000 ) ;
#3278 = AXIS2_PLACEMENT_3D ( 'NONE', #2677, #2654, #7820 ) ;
#3279 = DIRECTION ( 'NONE',  ( 0.0000000000000000000, 1.000000000000000000, 0.0000000000000000000 ) ) ;
#3280 = FACE_OUTER_BOUND ( 'NONE', #8203, .T. ) ;
#3281 = LINE ( 'NONE', #6595, #1232 ) ;
#3282 = CARTESIAN_POINT ( 'NONE',  ( -0.7249999999999999778, 1.000000000000000000, -1.525000000000000133 ) ) ;
#3283 = EDGE_CURVE ( 'NONE', #4416, #3451, #3260, .T. ) ;
#3284 = CARTESIAN_POINT ( 'NONE',  ( 3.015000000000000124, 1.850000000000000089, -2.024999999999999911 ) ) ;
#3285 = LINE ( 'NONE', #3994, #3092 ) ;
#3286 = DIRECTION ( 'NONE',  ( 0.0000000000000000000, -1.000000000000000000, -3.219646771412953967E-15 ) ) ;
#3287 = VECTOR ( 'NONE', #300, 1000.000000000000000 ) ;
#3288 = CARTESIAN_POINT ( 'NONE',  ( -0.7349999999999999867, 1.649999999999999911, -1.025000000000000133 ) ) ;
#3289 = AXIS2_PLACEMENT_3D ( 'NONE', #8265, #4364, #451 ) ;
#3290 = CARTESIAN_POINT ( 'NONE',  ( 3.324999999999999734, 1.850000000000000089, -1.698606797699999893 ) ) ;
#3291 = DIRECTION ( 'NONE',  ( 0.0000000000000000000, -1.000000000000000000, 0.0000000000000000000 ) ) ;
#3292 = ADVANCED_FACE ( 'NONE', ( #6407 ), #1295, .T. ) ;
#3293 = EDGE_CURVE ( 'NONE', #4366, #8054, #6104, .T. ) ;
#3294 = VERTEX_POINT ( 'NONE', #1890 ) ;
#3295 = FACE_OUTER_BOUND ( 'NONE', #1485, .T. ) ;
#3296 = EDGE_CURVE ( 'NONE', #1302, #2333, #5267, .T. ) ;
#3297 = DIRECTION ( 'NONE',  ( -1.000000000000000000, 0.0000000000000000000, 0.0000000000000000000 ) ) ;
#3298 = ORIENTED_EDGE ( 'NONE', *, *, #5281, .T. ) ;
#3299 = ORIENTED_EDGE ( 'NONE', *, *, #3909, .T. ) ;
#3300 = ORIENTED_EDGE ( 'NONE', *, *, #1332, .F. ) ;
#3301 = ORIENTED_EDGE ( 'NONE', *, *, #5963, .T. ) ;
#3302 = EDGE_CURVE ( 'NONE', #6492, #5089, #6602, .T. ) ;
#3303 = FILL_AREA_STYLE ('',( #672 ) ) ;
#3304 = LINE ( 'NONE', #274, #5071 ) ;
#3305 = DIRECTION ( 'NONE',  ( -1.000000000000000000, 0.0000000000000000000, 0.0000000000000000000 ) ) ;
#3306 = ORIENTED_EDGE ( 'NONE', *, *, #568, .T. ) ;
#3307 = EDGE_CURVE ( 'NONE', #3749, #6565, #4782, .T. ) ;
#3308 = ORIENTED_EDGE ( 'NONE', *, *, #5807, .T. ) ;
#3309 = ORIENTED_EDGE ( 'NONE', *, *, #5033, .T. ) ;
#3310 = CARTESIAN_POINT ( 'NONE',  ( -0.4249999999999999889, 1.649999999999999911, 2.024999999999999911 ) ) ;
#3311 = ADVANCED_FACE ( 'NONE', ( #8349 ), #4496, .F. ) ;
#3312 = CARTESIAN_POINT ( 'NONE',  ( 6.025000000000001243, 8.673617379884035472E-15, -0.2250000000000008105 ) ) ;
#3313 = EDGE_CURVE ( 'NONE', #6258, #1067, #185, .T. ) ;
#3314 = CARTESIAN_POINT ( 'NONE',  ( -0.5250000000000000222, -0.6500000000000000222, -2.075000000000000178 ) ) ;
#3315 = ORIENTED_EDGE ( 'NONE', *, *, #1009, .F. ) ;
#3316 = VERTEX_POINT ( 'NONE', #7730 ) ;
#3317 = CARTESIAN_POINT ( 'NONE',  ( 0.7250000000000000888, 0.05000000000000002359, -1.775000000000000133 ) ) ;
#3318 = DIRECTION ( 'NONE',  ( 0.0000000000000000000, 2.997602166487923448E-15, -1.000000000000000000 ) ) ;
#3319 = DIRECTION ( 'NONE',  ( 0.0000000000000000000, 1.000000000000000000, 0.0000000000000000000 ) ) ;
#3320 = ORIENTED_EDGE ( 'NONE', *, *, #6307, .T. ) ;
#3321 =( GEOMETRIC_REPRESENTATION_CONTEXT ( 3 ) GLOBAL_UNCERTAINTY_ASSIGNED_CONTEXT ( ( #1111 ) ) GLOBAL_UNIT_ASSIGNED_CONTEXT ( ( #906, #5581, #2308 ) ) REPRESENTATION_CONTEXT ( 'NONE', 'WORKASPACE' ) );
#3322 = DIRECTION ( 'NONE',  ( 0.0000000000000000000, 1.000000000000000000, 0.0000000000000000000 ) ) ;
#3323 = LINE ( 'NONE', #7899, #3827 ) ;
#3324 = ORIENTED_EDGE ( 'NONE', *, *, #1446, .T. ) ;
#3325 = VERTEX_POINT ( 'NONE', #3865 ) ;
#3326 = CARTESIAN_POINT ( 'NONE',  ( -1.375000000000000000, 3.149999999999999911, 2.024999999999999911 ) ) ;
#3327 = ADVANCED_FACE ( 'NONE', ( #3065 ), #3831, .T. ) ;
#3328 = ORIENTED_EDGE ( 'NONE', *, *, #7394, .F. ) ;
#3329 = VERTEX_POINT ( 'NONE', #4525 ) ;
#3330 = CARTESIAN_POINT ( 'NONE',  ( -1.175000000000000044, 1.850000000000000089, -1.474999999999999867 ) ) ;
#3331 = ORIENTED_EDGE ( 'NONE', *, *, #2768, .F. ) ;
#3332 = VECTOR ( 'NONE', #5785, 1000.000000000000000 ) ;
#3333 = AXIS2_PLACEMENT_3D ( 'NONE', #319, #3645, #4891 ) ;
#3334 = VECTOR ( 'NONE', #7739, 1000.000000000000000 ) ;
#3335 = ORIENTED_EDGE ( 'NONE', *, *, #7203, .T. ) ;
#3336 = CARTESIAN_POINT ( 'NONE',  ( 3.015000000000000124, 1.000000000000000000, -1.025000000000000133 ) ) ;
#3337 = EDGE_CURVE ( 'NONE', #7715, #856, #4878, .T. ) ;
#3338 = AXIS2_PLACEMENT_3D ( 'NONE', #3480, #2256, #6690 ) ;
#3339 =( LENGTH_UNIT ( ) NAMED_UNIT ( * ) SI_UNIT ( .MILLI., .METRE. ) );
#3340 = VERTEX_POINT ( 'NONE', #3219 ) ;
#3341 = ORIENTED_EDGE ( 'NONE', *, *, #3157, .F. ) ;
#3342 = VECTOR ( 'NONE', #8366, 1000.000000000000000 ) ;
#3343 = CARTESIAN_POINT ( 'NONE',  ( 4.475000000000000533, 0.5000000000000000000, 0.0000000000000000000 ) ) ;
#3344 = CARTESIAN_POINT ( 'NONE',  ( 3.225000000000000089, -0.6500000000000000222, -2.075000000000000178 ) ) ;
#3345 =( GEOMETRIC_REPRESENTATION_CONTEXT ( 3 ) GLOBAL_UNCERTAINTY_ASSIGNED_CONTEXT ( ( #117 ) ) GLOBAL_UNIT_ASSIGNED_CONTEXT ( ( #8019, #1508, #2170 ) ) REPRESENTATION_CONTEXT ( 'NONE', 'WORKASPACE' ) );
#3346 = VERTEX_POINT ( 'NONE', #2589 ) ;
#3347 = FACE_OUTER_BOUND ( 'NONE', #1153, .T. ) ;
#3348 = CARTESIAN_POINT ( 'NONE',  ( -0.8249999999999999556, 1.850000000000000089, 2.024999999999999911 ) ) ;
#3349 = DIRECTION ( 'NONE',  ( -0.0000000000000000000, 0.0000000000000000000, -1.000000000000000000 ) ) ;
#3350 = ADVANCED_FACE ( 'NONE', ( #8155 ), #7078, .F. ) ;
#3351 = CARTESIAN_POINT ( 'NONE',  ( 3.225000000000000089, 0.5547525681000000652, 2.024999999999999911 ) ) ;
#3352 =( NAMED_UNIT ( * ) SI_UNIT ( $, .STERADIAN. ) SOLID_ANGLE_UNIT ( ) );
#3353 = LINE ( 'NONE', #2138, #6111 ) ;
#3354 = EDGE_CURVE ( 'NONE', #3667, #1708, #6923, .T. ) ;
#3355 = FACE_OUTER_BOUND ( 'NONE', #8218, .T. ) ;
#3356 = DIRECTION ( 'NONE',  ( 0.0000000000000000000, -1.000000000000000000, -3.212450881438532635E-15 ) ) ;
#3357 = DIRECTION ( 'NONE',  ( 0.0000000000000000000, 4.003208021484939327E-15, -1.000000000000000000 ) ) ;
#3358 = ORIENTED_EDGE ( 'NONE', *, *, #2525, .T. ) ;
#3359 = DIRECTION ( 'NONE',  ( 0.0000000000000000000, 1.000000000000000000, 0.0000000000000000000 ) ) ;
#3360 = LINE ( 'NONE', #314, #7327 ) ;
#3361 = EDGE_CURVE ( 'NONE', #3730, #1489, #904, .T. ) ;
#3362 = FACE_OUTER_BOUND ( 'NONE', #4961, .T. ) ;
#3363 = PLANE ( 'NONE',  #7931 ) ;
#3364 = FACE_OUTER_BOUND ( 'NONE', #1493, .T. ) ;
#3365 = LINE ( 'NONE', #5235, #6620 ) ;
#3366 = CARTESIAN_POINT ( 'NONE',  ( -2.274999999999999911, 2.000000000000000000, -1.425000000000000044 ) ) ;
#3367 = DIRECTION ( 'NONE',  ( 0.0000000000000000000, -1.000000000000000000, 0.0000000000000000000 ) ) ;
#3368 = LINE ( 'NONE', #6667, #6723 ) ;
#3369 = ORIENTED_EDGE ( 'NONE', *, *, #5478, .T. ) ;
#3370 = ADVANCED_FACE ( 'NONE', ( #7652 ), #5357, .F. ) ;
#3371 = VECTOR ( 'NONE', #3249, 1000.000000000000000 ) ;
#3372 = ORIENTED_EDGE ( 'NONE', *, *, #1711, .F. ) ;
#3373 = VECTOR ( 'NONE', #5320, 1000.000000000000000 ) ;
#3374 = CARTESIAN_POINT ( 'NONE',  ( 0.8249999999999999556, 1.649999999999999911, 2.024999999999999911 ) ) ;
#3375 = DIRECTION ( 'NONE',  ( 1.000000000000000000, 0.0000000000000000000, 0.0000000000000000000 ) ) ;
#3376 = VECTOR ( 'NONE', #1522, 1000.000000000000000 ) ;
#3377 = CARTESIAN_POINT ( 'NONE',  ( 1.675000000000000044, 1.649999999999999911, -1.698606797699999893 ) ) ;
#3378 = DIRECTION ( 'NONE',  ( -1.000000000000000000, 0.0000000000000000000, 0.0000000000000000000 ) ) ;
#3379 = LINE ( 'NONE', #1377, #6740 ) ;
#3380 = DIRECTION ( 'NONE',  ( -0.0000000000000000000, 0.0000000000000000000, -1.000000000000000000 ) ) ;
#3381 = STYLED_ITEM ( 'NONE', ( #2479 ), #4597 ) ;
#3382 = PLANE ( 'NONE',  #3660 ) ;
#3383 = DIRECTION ( 'NONE',  ( 0.0000000000000000000, 1.000000000000000000, 0.0000000000000000000 ) ) ;
#3384 = LINE ( 'NONE', #4709, #727 ) ;
#3385 = VECTOR ( 'NONE', #4071, 1000.000000000000000 ) ;
#3386 = EDGE_CURVE ( 'NONE', #1362, #1291, #490, .T. ) ;
#3387 = CARTESIAN_POINT ( 'NONE',  ( -2.024999999999999911, 4.250000000000000000, -1.925000000000000044 ) ) ;
#3388 = ADVANCED_FACE ( 'NONE', ( #8450 ), #4061, .F. ) ;
#3389 = CARTESIAN_POINT ( 'NONE',  ( 1.975000000000000089, 0.05000000000000002359, -1.775000000000000133 ) ) ;
#3390 = ORIENTED_EDGE ( 'NONE', *, *, #520, .T. ) ;
#3391 = ORIENTED_EDGE ( 'NONE', *, *, #4054, .T. ) ;
#3392 = LINE ( 'NONE', #6733, #8094 ) ;
#3393 = ORIENTED_EDGE ( 'NONE', *, *, #2322, .F. ) ;
#3394 = FILL_AREA_STYLE ('',( #8027 ) ) ;
#3395 = CARTESIAN_POINT ( 'NONE',  ( 0.4249999999999999889, 1.850000000000000089, -1.698606797699999893 ) ) ;
#3396 = VECTOR ( 'NONE', #847, 1000.000000000000000 ) ;
#3397 = DIRECTION ( 'NONE',  ( 1.000000000000000000, 0.0000000000000000000, -0.0000000000000000000 ) ) ;
#3398 = ORIENTED_EDGE ( 'NONE', *, *, #2866, .T. ) ;
#3399 = ORIENTED_EDGE ( 'NONE', *, *, #7044, .T. ) ;
#3400 = VERTEX_POINT ( 'NONE', #60 ) ;
#3401 = CARTESIAN_POINT ( 'NONE',  ( -2.375000000000000000, 3.750000000000000000, 0.02500000000000000139 ) ) ;
#3402 =( NAMED_UNIT ( * ) PLANE_ANGLE_UNIT ( ) SI_UNIT ( $, .RADIAN. ) );
#3403 = EDGE_CURVE ( 'NONE', #3841, #1983, #308, .T. ) ;
#3404 = CARTESIAN_POINT ( 'NONE',  ( -0.7249999999999999778, -0.004464445899999999919, 0.003975566199999999890 ) ) ;
#3405 = ORIENTED_EDGE ( 'NONE', *, *, #5490, .F. ) ;
#3406 = UNCERTAINTY_MEASURE_WITH_UNIT (LENGTH_MEASURE( 1.000000000000000082E-05 ), #3590, 'distance_accuracy_value', 'NONE');
#3407 = EDGE_CURVE ( 'NONE', #4529, #8225, #6422, .T. ) ;
#3408 = ORIENTED_EDGE ( 'NONE', *, *, #1004, .F. ) ;
#3409 = ORIENTED_EDGE ( 'NONE', *, *, #457, .T. ) ;
#3410 = CARTESIAN_POINT ( 'NONE',  ( 3.024999999999999911, 0.3500000000000000333, -2.024999999999999911 ) ) ;
#3411 = ADVANCED_FACE ( 'NONE', ( #1533 ), #5993, .F. ) ;
#3412 = CARTESIAN_POINT ( 'NONE',  ( 6.025000000000001243, 2.000000000000000000, -1.425000000000000044 ) ) ;
#3413 = DIRECTION ( 'NONE',  ( -1.000000000000000000, 0.0000000000000000000, 0.0000000000000000000 ) ) ;
#3414 = EDGE_CURVE ( 'NONE', #807, #1187, #6987, .T. ) ;
#3415 = LINE ( 'NONE', #5625, #5043 ) ;
#3416 = ORIENTED_EDGE ( 'NONE', *, *, #3302, .T. ) ;
#3417 = UNCERTAINTY_MEASURE_WITH_UNIT (LENGTH_MEASURE( 1.000000000000000082E-05 ), #4901, 'distance_accuracy_value', 'NONE');
#3418 = DIRECTION ( 'NONE',  ( -1.000000000000000000, 0.0000000000000000000, 0.0000000000000000000 ) ) ;
#3419 = ORIENTED_EDGE ( 'NONE', *, *, #184, .T. ) ;
#3420 = ORIENTED_EDGE ( 'NONE', *, *, #7386, .F. ) ;
#3422 = VECTOR ( 'NONE', #1409, 1000.000000000000000 ) ;
#3421 = DIRECTION ( 'NONE',  ( -1.000000000000000000, -0.0000000000000000000, -0.0000000000000000000 ) ) ;
#3423 = EDGE_CURVE ( 'NONE', #234, #236, #1078, .T. ) ;
#3424 = DIRECTION ( 'NONE',  ( 0.0000000000000000000, -1.000000000000000000, 0.0000000000000000000 ) ) ;
#3425 = ORIENTED_EDGE ( 'NONE', *, *, #7333, .F. ) ;
#3426 = CARTESIAN_POINT ( 'NONE',  ( 1.775000000000000133, 0.5547525681000000652, 2.024999999999999911 ) ) ;
#3427 = ORIENTED_EDGE ( 'NONE', *, *, #1929, .F. ) ;
#3428 = CARTESIAN_POINT ( 'NONE',  ( 0.5250000000000000222, 1.850000000000000089, 2.024999999999999911 ) ) ;
#3429 = VECTOR ( 'NONE', #3091, 1000.000000000000000 ) ;
#3430 = VECTOR ( 'NONE', #7880, 1000.000000000000000 ) ;
#3431 = SURFACE_STYLE_FILL_AREA ( #4280 ) ;
#3432 = CARTESIAN_POINT ( 'NONE',  ( -0.8750000000000000000, 3.750000000000000000, -2.024999999999999911 ) ) ;
#3433 =( GEOMETRIC_REPRESENTATION_CONTEXT ( 3 ) GLOBAL_UNCERTAINTY_ASSIGNED_CONTEXT ( ( #732 ) ) GLOBAL_UNIT_ASSIGNED_CONTEXT ( ( #382, #437, #1066 ) ) REPRESENTATION_CONTEXT ( 'NONE', 'WORKASPACE' ) );
#3434 = ADVANCED_FACE ( 'NONE', ( #5957 ), #2756, .T. ) ;
#3435 = PLANE ( 'NONE',  #7882 ) ;
#3436 = VERTEX_POINT ( 'NONE', #3995 ) ;
#3437 = VERTEX_POINT ( 'NONE', #7951 ) ;
#3438 = CARTESIAN_POINT ( 'NONE',  ( -0.7249999999999999778, 0.0000000000000000000, -1.525000000000000133 ) ) ;
#3439 = EDGE_LOOP ( 'NONE', ( #1468, #2483, #6182, #470 ) ) ;
#3440 = ORIENTED_EDGE ( 'NONE', *, *, #1714, .F. ) ;
#3441 = LINE ( 'NONE', #5048, #3544 ) ;
#3442 = CARTESIAN_POINT ( 'NONE',  ( -2.274999999999999911, 3.600000000000000089, -1.425000000000000933 ) ) ;
#3443 = ORIENTED_EDGE ( 'NONE', *, *, #7121, .F. ) ;
#3444 = CARTESIAN_POINT ( 'NONE',  ( 0.0000000000000000000, 4.240000000000000213, 0.0000000000000000000 ) ) ;
#3445 = CARTESIAN_POINT ( 'NONE',  ( 4.625000000000000888, 2.250000000000000000, -2.024999999999999911 ) ) ;
#3446 = VECTOR ( 'NONE', #7202, 1000.000000000000000 ) ;
#3447 = MECHANICAL_DESIGN_GEOMETRIC_PRESENTATION_REPRESENTATION (  '', ( #6177 ), #4326 ) ;
#3448 = MECHANICAL_DESIGN_GEOMETRIC_PRESENTATION_REPRESENTATION (  '', ( #1905 ), #1698 ) ;
#3449 = EDGE_LOOP ( 'NONE', ( #5548, #4635, #8465, #7389 ) ) ;
#3450 = PLANE ( 'NONE',  #4707 ) ;
#3451 = VERTEX_POINT ( 'NONE', #7893 ) ;
#3452 = VERTEX_POINT ( 'NONE', #120 ) ;
#3453 = LINE ( 'NONE', #4751, #2350 ) ;
#3454 = CARTESIAN_POINT ( 'NONE',  ( 4.474999999999999645, 0.05000000000000002359, -1.524999999999999689 ) ) ;
#3455 = EDGE_CURVE ( 'NONE', #2945, #7888, #3127, .T. ) ;
#3456 =( GEOMETRIC_REPRESENTATION_CONTEXT ( 3 ) GLOBAL_UNCERTAINTY_ASSIGNED_CONTEXT ( ( #2270 ) ) GLOBAL_UNIT_ASSIGNED_CONTEXT ( ( #2646, #3402, #7189 ) ) REPRESENTATION_CONTEXT ( 'NONE', 'WORKASPACE' ) );
#3457 = DIRECTION ( 'NONE',  ( 1.000000000000000000, 0.0000000000000000000, 0.0000000000000000000 ) ) ;
#3458 = ORIENTED_EDGE ( 'NONE', *, *, #5253, .F. ) ;
#3459 = ORIENTED_EDGE ( 'NONE', *, *, #7102, .T. ) ;
#3460 = VECTOR ( 'NONE', #5534, 1000.000000000000000 ) ;
#3461 = ADVANCED_FACE ( 'NONE', ( #1370 ), #7464, .T. ) ;
#3462 = EDGE_CURVE ( 'NONE', #5168, #339, #4445, .T. ) ;
#3463 = EDGE_CURVE ( 'NONE', #6867, #2897, #2306, .T. ) ;
#3464 = DIRECTION ( 'NONE',  ( -0.0000000000000000000, 1.000000000000000000, -0.0000000000000000000 ) ) ;
#3465 = CARTESIAN_POINT ( 'NONE',  ( 3.024999999999999911, 1.649999999999999911, -1.698606797699999893 ) ) ;
#3466 = VECTOR ( 'NONE', #2430, 1000.000000000000000 ) ;
#3467 = VERTEX_POINT ( 'NONE', #6759 ) ;
#3468 = ORIENTED_EDGE ( 'NONE', *, *, #3578, .T. ) ;
#3469 = LINE ( 'NONE', #4018, #1930 ) ;
#3470 = DIRECTION ( 'NONE',  ( -1.000000000000000000, 0.0000000000000000000, 0.0000000000000000000 ) ) ;
#3471 = CARTESIAN_POINT ( 'NONE',  ( 1.975000000000000089, 0.05000000000000002359, -1.775000000000000133 ) ) ;
#3472 = EDGE_CURVE ( 'NONE', #6189, #339, #5238, .T. ) ;
#3473 = DIRECTION ( 'NONE',  ( 0.0000000000000000000, 0.0000000000000000000, 1.000000000000000000 ) ) ;
#3474 = VECTOR ( 'NONE', #8236, 1000.000000000000000 ) ;
#3475 = CARTESIAN_POINT ( 'NONE',  ( 4.274999999999999467, 0.3500000000000000333, -2.024999999999999911 ) ) ;
#3476 = LINE ( 'NONE', #2665, #7243 ) ;
#3477 = LINE ( 'NONE', #6962, #7234 ) ;
#3478 = DIRECTION ( 'NONE',  ( 0.0000000000000000000, 1.000000000000000000, 0.0000000000000000000 ) ) ;
#3479 = EDGE_CURVE ( 'NONE', #2222, #3006, #8315, .T. ) ;
#3480 = CARTESIAN_POINT ( 'NONE',  ( 0.7249999999999999778, 0.0000000000000000000, 2.024999999999999911 ) ) ;
#3481 = DIRECTION ( 'NONE',  ( 1.000000000000000000, 0.0000000000000000000, 0.0000000000000000000 ) ) ;
#3482 = COLOUR_RGB ( '',0.6470588235294117974, 0.6196078431372549211, 0.5882352941176470784 ) ;
#3483 = ADVANCED_FACE ( 'NONE', ( #5561 ), #4121, .F. ) ;
#3484 = VECTOR ( 'NONE', #5135, 1000.000000000000000 ) ;
#3485 = CARTESIAN_POINT ( 'NONE',  ( 3.234999999999999876, 1.000000000000000000, -1.025000000000000133 ) ) ;
#3486 = ORIENTED_EDGE ( 'NONE', *, *, #7626, .T. ) ;
#3487 = DIRECTION ( 'NONE',  ( 0.0000000000000000000, -1.000000000000000000, 0.0000000000000000000 ) ) ;
#3488 = DIRECTION ( 'NONE',  ( 1.000000000000000000, 0.0000000000000000000, 0.0000000000000000000 ) ) ;
#3489 = PLANE ( 'NONE',  #7491 ) ;
#3490 = AXIS2_PLACEMENT_3D ( 'NONE', #625, #7774, #5148 ) ;
#3491 = VECTOR ( 'NONE', #2802, 1000.000000000000000 ) ;
#3492 = VECTOR ( 'NONE', #5687, 1000.000000000000000 ) ;
#3493 = DIRECTION ( 'NONE',  ( 0.0000000000000000000, 0.0000000000000000000, -1.000000000000000000 ) ) ;
#3494 = DIRECTION ( 'NONE',  ( 0.0000000000000000000, 0.0000000000000000000, -1.000000000000000000 ) ) ;
#3495 = CARTESIAN_POINT ( 'NONE',  ( -1.375000000000000000, 3.750000000000000000, 0.02500000000000000139 ) ) ;
#3496 = ORIENTED_EDGE ( 'NONE', *, *, #6396, .F. ) ;
#3497 = VECTOR ( 'NONE', #2444, 1000.000000000000000 ) ;
#3498 = DIRECTION ( 'NONE',  ( 0.0000000000000000000, 3.252606517456512119E-15, -1.000000000000000000 ) ) ;
#3499 = AXIS2_PLACEMENT_3D ( 'NONE', #2316, #3090, #3115 ) ;
#3500 = AXIS2_PLACEMENT_3D ( 'NONE', #7409, #6686, #1538 ) ;
#3501 = DIRECTION ( 'NONE',  ( -0.0000000000000000000, 1.000000000000000000, 0.0000000000000000000 ) ) ;
#3502 = PLANE ( 'NONE',  #1629 ) ;
#3503 = CARTESIAN_POINT ( 'NONE',  ( 1.975000000000000089, 0.5000000000000000000, 2.024999999999999911 ) ) ;
#3504 = EDGE_LOOP ( 'NONE', ( #8247, #3216, #3937, #6662 ) ) ;
#3505 = EDGE_LOOP ( 'NONE', ( #3040, #1955, #2799, #8137, #949 ) ) ;
#3506 = DIRECTION ( 'NONE',  ( -1.000000000000000000, 0.0000000000000000000, 0.0000000000000000000 ) ) ;
#3507 = EDGE_LOOP ( 'NONE', ( #3110, #6161, #7314, #2531 ) ) ;
#3508 = CARTESIAN_POINT ( 'NONE',  ( 4.264999999999999680, 1.000000000000000000, -1.025000000000000133 ) ) ;
#3509 = DIRECTION ( 'NONE',  ( 0.0000000000000000000, -1.000000000000000000, -3.219646771412953967E-15 ) ) ;
#3510 = ORIENTED_EDGE ( 'NONE', *, *, #6031, .F. ) ;
#3511 = DIRECTION ( 'NONE',  ( 0.0000000000000000000, 1.000000000000000000, 0.0000000000000000000 ) ) ;
#3512 = LINE ( 'NONE', #4008, #1245 ) ;
#3513 = VERTEX_POINT ( 'NONE', #6113 ) ;
#3514 = VERTEX_POINT ( 'NONE', #7330 ) ;
#3515 = VERTEX_POINT ( 'NONE', #4188 ) ;
#3516 = DIRECTION ( 'NONE',  ( 0.0000000000000000000, 1.000000000000000000, -1.339206523454102177E-15 ) ) ;
#3517 = DIRECTION ( 'NONE',  ( 1.000000000000000000, 0.0000000000000000000, 0.0000000000000000000 ) ) ;
#3518 = DIRECTION ( 'NONE',  ( 0.0000000000000000000, 0.0000000000000000000, 1.000000000000000000 ) ) ;
#3519 = EDGE_CURVE ( 'NONE', #8038, #6299, #552, .T. ) ;
#3520 = PLANE ( 'NONE',  #5085 ) ;
#3521 = ORIENTED_EDGE ( 'NONE', *, *, #2314, .F. ) ;
#3522 = PLANE ( 'NONE',  #3976 ) ;
#3523 = VERTEX_POINT ( 'NONE', #4806 ) ;
#3524 = ADVANCED_FACE ( 'NONE', ( #3527 ), #3522, .T. ) ;
#3525 = SURFACE_SIDE_STYLE ('',( #2473 ) ) ;
#3526 = CARTESIAN_POINT ( 'NONE',  ( 1.324999999999999956, 1.850000000000000089, -1.474999999999999867 ) ) ;
#3527 = FACE_OUTER_BOUND ( 'NONE', #1761, .T. ) ;
#3528 = EDGE_CURVE ( 'NONE', #7096, #5778, #967, .T. ) ;
#3529 = DIRECTION ( 'NONE',  ( 0.0000000000000000000, 1.000000000000000000, -1.084202172485501673E-15 ) ) ;
#3530 = CARTESIAN_POINT ( 'NONE',  ( 6.025000000000001243, 2.000000000000000000, -1.425000000000000044 ) ) ;
#3531 = EDGE_LOOP ( 'NONE', ( #2467, #6527, #8212, #1203 ) ) ;
#3532 = EDGE_LOOP ( 'NONE', ( #594, #2040, #3583, #5324, #5037, #7597, #1755, #3814, #6384, #4446, #1975, #652, #254, #6978, #7432, #6409 ) ) ;
#3533 = CARTESIAN_POINT ( 'NONE',  ( 3.015000000000000124, 1.649999999999999911, -1.474999999999999867 ) ) ;
#3534 = CARTESIAN_POINT ( 'NONE',  ( 3.225000000000000089, 1.649999999999999911, -1.698606797699999893 ) ) ;
#3535 = FACE_OUTER_BOUND ( 'NONE', #2395, .T. ) ;
#3536 = DIRECTION ( 'NONE',  ( 0.0000000000000000000, 0.0000000000000000000, -1.000000000000000000 ) ) ;
#3537 = CARTESIAN_POINT ( 'NONE',  ( 3.015000000000000124, 1.850000000000000089, -1.025000000000000133 ) ) ;
#3538 =( NAMED_UNIT ( * ) SI_UNIT ( $, .STERADIAN. ) SOLID_ANGLE_UNIT ( ) );
#3539 = LINE ( 'NONE', #4475, #1379 ) ;
#3540 = ORIENTED_EDGE ( 'NONE', *, *, #1222, .T. ) ;
#3541 = ORIENTED_EDGE ( 'NONE', *, *, #3742, .F. ) ;
#3542 = VERTEX_POINT ( 'NONE', #2215 ) ;
#3543 = ORIENTED_EDGE ( 'NONE', *, *, #7057, .T. ) ;
#3544 = VECTOR ( 'NONE', #2409, 1000.000000000000000 ) ;
#3545 = DIRECTION ( 'NONE',  ( 0.0000000000000000000, -1.000000000000000000, 0.0000000000000000000 ) ) ;
#3546 = CARTESIAN_POINT ( 'NONE',  ( 5.125000000000000888, 3.750000000000000000, 0.02500000000000000139 ) ) ;
#3547 = FACE_OUTER_BOUND ( 'NONE', #6148, .T. ) ;
#3548 = DIRECTION ( 'NONE',  ( 0.0000000000000000000, 1.000000000000000000, 0.0000000000000000000 ) ) ;
#3549 = ORIENTED_EDGE ( 'NONE', *, *, #4435, .T. ) ;
#3550 = ORIENTED_EDGE ( 'NONE', *, *, #7118, .T. ) ;
#3551 = ORIENTED_EDGE ( 'NONE', *, *, #7267, .F. ) ;
#3552 = VERTEX_POINT ( 'NONE', #6704 ) ;
#3553 = FACE_OUTER_BOUND ( 'NONE', #7379, .T. ) ;
#3554 = ORIENTED_EDGE ( 'NONE', *, *, #5857, .T. ) ;
#3555 = CARTESIAN_POINT ( 'NONE',  ( 1.324999999999999956, 1.850000000000000089, -1.474999999999999867 ) ) ;
#3556 = AXIS2_PLACEMENT_3D ( 'NONE', #6329, #6303, #8217 ) ;
#3557 = VECTOR ( 'NONE', #5091, 1000.000000000000000 ) ;
#3558 = EDGE_CURVE ( 'NONE', #8301, #837, #5661, .T. ) ;
#3559 = CARTESIAN_POINT ( 'NONE',  ( 0.7249999999999998668, 0.3500000000000000333, -2.024999999999999911 ) ) ;
#3560 = ORIENTED_EDGE ( 'NONE', *, *, #4775, .T. ) ;
#3561 = EDGE_LOOP ( 'NONE', ( #4991, #3184, #6493, #1160, #4855, #2245, #4234, #6560 ) ) ;
#3562 = LINE ( 'NONE', #8097, #6410 ) ;
#3563 =( NAMED_UNIT ( * ) PLANE_ANGLE_UNIT ( ) SI_UNIT ( $, .RADIAN. ) );
#3564 = FILL_AREA_STYLE ('',( #2912 ) ) ;
#3565 = AXIS2_PLACEMENT_3D ( 'NONE', #3222, #1440, #8399 ) ;
#3566 = CARTESIAN_POINT ( 'NONE',  ( 0.5150000000000000133, 1.850000000000000089, -2.024999999999999911 ) ) ;
#3567 = DIRECTION ( 'NONE',  ( 0.0000000000000000000, 1.000000000000000000, 4.336808689942024836E-15 ) ) ;
#3568 = FACE_OUTER_BOUND ( 'NONE', #2793, .T. ) ;
#3569 = ADVANCED_FACE ( 'NONE', ( #1170 ), #6673, .F. ) ;
#3570 = ORIENTED_EDGE ( 'NONE', *, *, #5420, .T. ) ;
#3571 = LINE ( 'NONE', #8464, #6512 ) ;
#3572 = CARTESIAN_POINT ( 'NONE',  ( 3.234999999999999876, 1.850000000000000089, -1.025000000000000133 ) ) ;
#3573 = EDGE_CURVE ( 'NONE', #1911, #6783, #1278, .T. ) ;
#3574 = VECTOR ( 'NONE', #2895, 1000.000000000000000 ) ;
#3575 = DIRECTION ( 'NONE',  ( 0.0000000000000000000, 0.0000000000000000000, -1.000000000000000000 ) ) ;
#3576 = COLOUR_RGB ( '',1.000000000000000000, 1.000000000000000000, 1.000000000000000000 ) ;
#3577 = ORIENTED_EDGE ( 'NONE', *, *, #5886, .T. ) ;
#3578 = EDGE_CURVE ( 'NONE', #5780, #671, #6070, .T. ) ;
#3579 = LINE ( 'NONE', #8125, #6426 ) ;
#3580 = VECTOR ( 'NONE', #7552, 1000.000000000000000 ) ;
#3581 = EDGE_CURVE ( 'NONE', #7547, #5168, #4350, .T. ) ;
#3582 = CARTESIAN_POINT ( 'NONE',  ( -1.875000000000000000, 0.5000000000000000000, -1.474999999999999867 ) ) ;
#3583 = ORIENTED_EDGE ( 'NONE', *, *, #3933, .T. ) ;
#3584 = LINE ( 'NONE', #5874, #3371 ) ;
#3585 = CARTESIAN_POINT ( 'NONE',  ( -2.274999999999999911, 1.949999999999999512, 2.025000000000007017 ) ) ;
#3586 = CARTESIAN_POINT ( 'NONE',  ( 3.225000000000000089, -0.6500000000000000222, -1.775000000000000133 ) ) ;
#3587 = LINE ( 'NONE', #4083, #416 ) ;
#3588 = EDGE_CURVE ( 'NONE', #7164, #8038, #4638, .T. ) ;
#3589 = DIRECTION ( 'NONE',  ( -1.000000000000000000, 0.0000000000000000000, 0.0000000000000000000 ) ) ;
#3590 =( LENGTH_UNIT ( ) NAMED_UNIT ( * ) SI_UNIT ( .MILLI., .METRE. ) );
#3591 = FACE_OUTER_BOUND ( 'NONE', #4139, .T. ) ;
#3592 = EDGE_CURVE ( 'NONE', #1086, #2685, #2813, .T. ) ;
#3593 = LINE ( 'NONE', #6341, #214 ) ;
#3594 = SURFACE_STYLE_USAGE ( .BOTH. , #1592 ) ;
#3595 = DIRECTION ( 'NONE',  ( 1.000000000000000000, 0.0000000000000000000, 0.0000000000000000000 ) ) ;
#3596 = LINE ( 'NONE', #6637, #4104 ) ;
#3597 = LINE ( 'NONE', #3475, #2177 ) ;
#3598 = DIRECTION ( 'NONE',  ( -1.000000000000000000, 0.0000000000000000000, 0.0000000000000000000 ) ) ;
#3599 = SURFACE_SIDE_STYLE ('',( #2253 ) ) ;
#3600 = AXIS2_PLACEMENT_3D ( 'NONE', #2713, #3367, #792 ) ;
#3601 = CARTESIAN_POINT ( 'NONE',  ( 6.025000000000001243, 0.0000000000000000000, 2.024999999999999911 ) ) ;
#3602 = ORIENTED_EDGE ( 'NONE', *, *, #4129, .F. ) ;
#3603 = ORIENTED_EDGE ( 'NONE', *, *, #5596, .F. ) ;
#3604 = EDGE_LOOP ( 'NONE', ( #4009, #6444, #3306, #6963 ) ) ;
#3605 = FACE_OUTER_BOUND ( 'NONE', #4012, .T. ) ;
#3606 = ORIENTED_EDGE ( 'NONE', *, *, #5042, .T. ) ;
#3607 = PLANE ( 'NONE',  #2745 ) ;
#3608 = DIRECTION ( 'NONE',  ( -1.000000000000000000, 0.0000000000000000000, 0.0000000000000000000 ) ) ;
#3609 = ADVANCED_FACE ( 'NONE', ( #1785 ), #1576, .T. ) ;
#3610 = CARTESIAN_POINT ( 'NONE',  ( 0.7249999999999998668, 0.3500000000000000333, -2.024999999999999911 ) ) ;
#3611 = CARTESIAN_POINT ( 'NONE',  ( 0.0000000000000000000, 0.0000000000000000000, -1.925000000000000044 ) ) ;
#3612 = LINE ( 'NONE', #3330, #5034 ) ;
#3613 = VERTEX_POINT ( 'NONE', #6853 ) ;
#3614 = VERTEX_POINT ( 'NONE', #4971 ) ;
#3615 = DIRECTION ( 'NONE',  ( 0.0000000000000000000, 1.000000000000000000, 0.0000000000000000000 ) ) ;
#3616 = CARTESIAN_POINT ( 'NONE',  ( 2.925000000000000266, 1.850000000000000089, -1.474999999999999867 ) ) ;
#3617 = PLANE ( 'NONE',  #2960 ) ;
#3618 = DIRECTION ( 'NONE',  ( 0.0000000000000000000, -1.000000000000000000, 0.0000000000000000000 ) ) ;
#3619 = EDGE_CURVE ( 'NONE', #5724, #1187, #5851, .T. ) ;
#3620 = LINE ( 'NONE', #7209, #7278 ) ;
#3621 = AXIS2_PLACEMENT_3D ( 'NONE', #3495, #210, #1527 ) ;
#3622 = CARTESIAN_POINT ( 'NONE',  ( -0.5250000000000000222, 1.850000000000000089, 2.024999999999999911 ) ) ;
#3623 = CARTESIAN_POINT ( 'NONE',  ( -0.5250000000000000222, 0.0000000000000000000, 2.024999999999999911 ) ) ;
#3624 =( NAMED_UNIT ( * ) PLANE_ANGLE_UNIT ( ) SI_UNIT ( $, .RADIAN. ) );
#3625 = EDGE_LOOP ( 'NONE', ( #3018, #277, #2904, #6377, #3007, #4154, #7196, #7397 ) ) ;
#3626 = VERTEX_POINT ( 'NONE', #6822 ) ;
#3627 = DIRECTION ( 'NONE',  ( 1.000000000000000000, 0.0000000000000000000, 0.0000000000000000000 ) ) ;
#3628 = EDGE_CURVE ( 'NONE', #2107, #8086, #6668, .T. ) ;
#3629 = UNCERTAINTY_MEASURE_WITH_UNIT (LENGTH_MEASURE( 1.000000000000000082E-05 ), #4888, 'distance_accuracy_value', 'NONE');
#3630 = VECTOR ( 'NONE', #4352, 1000.000000000000000 ) ;
#3631 = CARTESIAN_POINT ( 'NONE',  ( 0.7250000000000000888, 1.850000000000000089, -2.024999999999999911 ) ) ;
#3632 = EDGE_CURVE ( 'NONE', #2101, #7908, #31, .T. ) ;
#3633 = ORIENTED_EDGE ( 'NONE', *, *, #5522, .F. ) ;
#3634 = DIRECTION ( 'NONE',  ( 1.000000000000000000, 0.0000000000000000000, -0.0000000000000000000 ) ) ;
#3635 = ORIENTED_EDGE ( 'NONE', *, *, #7283, .T. ) ;
#3636 = DIRECTION ( 'NONE',  ( 1.000000000000000000, 0.0000000000000000000, 0.0000000000000000000 ) ) ;
#3637 = VECTOR ( 'NONE', #7983, 1000.000000000000000 ) ;
#3638 = EDGE_CURVE ( 'NONE', #5685, #5349, #5337, .T. ) ;
#3639 = AXIS2_PLACEMENT_3D ( 'NONE', #2179, #890, #171 ) ;
#3640 = VECTOR ( 'NONE', #6623, 1000.000000000000000 ) ;
#3641 = ORIENTED_EDGE ( 'NONE', *, *, #5699, .T. ) ;
#3642 = DIRECTION ( 'NONE',  ( 1.000000000000000000, 0.0000000000000000000, 0.0000000000000000000 ) ) ;
#3643 = VERTEX_POINT ( 'NONE', #975 ) ;
#3644 = ORIENTED_EDGE ( 'NONE', *, *, #5918, .T. ) ;
#3645 = DIRECTION ( 'NONE',  ( -0.0000000000000000000, 2.552445434498790050E-15, -1.000000000000000000 ) ) ;
#3646 = VECTOR ( 'NONE', #2824, 1000.000000000000000 ) ;
#3647 = EDGE_CURVE ( 'NONE', #4628, #6042, #2605, .T. ) ;
#3648 = DIRECTION ( 'NONE',  ( 0.0000000000000000000, 1.000000000000000000, 0.0000000000000000000 ) ) ;
#3649 = EDGE_LOOP ( 'NONE', ( #7165, #6659, #4000, #6011, #2586, #6464, #6916 ) ) ;
#3650 = VERTEX_POINT ( 'NONE', #3669 ) ;
#3651 = DIRECTION ( 'NONE',  ( 1.000000000000000000, 0.0000000000000000000, 0.0000000000000000000 ) ) ;
#3652 = VERTEX_POINT ( 'NONE', #1609 ) ;
#3653 = CARTESIAN_POINT ( 'NONE',  ( 0.7249999999999998668, -0.6500000000000000222, -2.075000000000000178 ) ) ;
#3654 = VERTEX_POINT ( 'NONE', #5600 ) ;
#3655 = DIRECTION ( 'NONE',  ( 0.0000000000000000000, -1.000000000000000000, 0.0000000000000000000 ) ) ;
#3656 = VERTEX_POINT ( 'NONE', #4912 ) ;
#3657 = LINE ( 'NONE', #5729, #1797 ) ;
#3658 = ADVANCED_FACE ( 'NONE', ( #3725 ), #6224, .T. ) ;
#3659 = VECTOR ( 'NONE', #1710, 1000.000000000000000 ) ;
#3660 = AXIS2_PLACEMENT_3D ( 'NONE', #2765, #5308, #3473 ) ;
#3661 = ORIENTED_EDGE ( 'NONE', *, *, #4703, .T. ) ;
#3662 = CARTESIAN_POINT ( 'NONE',  ( -2.475000000000000089, 4.249999999999992895, -0.07499999999999976130 ) ) ;
#3663 = VECTOR ( 'NONE', #3259, 1000.000000000000000 ) ;
#3664 = ORIENTED_EDGE ( 'NONE', *, *, #3130, .F. ) ;
#3665 = FACE_BOUND ( 'NONE', #5741, .T. ) ;
#3666 = DIRECTION ( 'NONE',  ( 0.0000000000000000000, -0.0000000000000000000, -1.000000000000000000 ) ) ;
#3667 = VERTEX_POINT ( 'NONE', #2342 ) ;
#3668 = CARTESIAN_POINT ( 'NONE',  ( 6.225000000000001421, 4.249999999999992895, -0.07499999999999976130 ) ) ;
#3669 = CARTESIAN_POINT ( 'NONE',  ( 4.275000000000000355, 1.350000000000000089, -1.525000000000000133 ) ) ;
#3670 = VECTOR ( 'NONE', #6449, 1000.000000000000000 ) ;
#3671 = ORIENTED_EDGE ( 'NONE', *, *, #4608, .T. ) ;
#3672 = ORIENTED_EDGE ( 'NONE', *, *, #5427, .T. ) ;
#3673 = VECTOR ( 'NONE', #3692, 1000.000000000000000 ) ;
#3674 = VECTOR ( 'NONE', #6076, 1000.000000000000000 ) ;
#3675 = ORIENTED_EDGE ( 'NONE', *, *, #2478, .T. ) ;
#3676 = DIRECTION ( 'NONE',  ( 1.000000000000000000, 0.0000000000000000000, 0.0000000000000000000 ) ) ;
#3677 = PLANE ( 'NONE',  #4630 ) ;
#3678 = FACE_OUTER_BOUND ( 'NONE', #2918, .T. ) ;
#3679 = ORIENTED_EDGE ( 'NONE', *, *, #2680, .F. ) ;
#3680 = DIRECTION ( 'NONE',  ( -1.000000000000000000, 0.0000000000000000000, 0.0000000000000000000 ) ) ;
#3681 = ORIENTED_EDGE ( 'NONE', *, *, #3628, .F. ) ;
#3682 = LINE ( 'NONE', #3317, #700 ) ;
#3683 = CARTESIAN_POINT ( 'NONE',  ( 3.324999999999999734, 1.850000000000000089, -1.474999999999999867 ) ) ;
#3684 = CARTESIAN_POINT ( 'NONE',  ( 6.625000000000000888, 4.250000000000000000, -2.024999999999999911 ) ) ;
#3685 =( NAMED_UNIT ( * ) SI_UNIT ( $, .STERADIAN. ) SOLID_ANGLE_UNIT ( ) );
#3686 = LINE ( 'NONE', #1290, #917 ) ;
#3687 = LINE ( 'NONE', #450, #3474 ) ;
#3688 = CARTESIAN_POINT ( 'NONE',  ( 4.485000000000001208, 1.850000000000000089, -1.025000000000000133 ) ) ;
#3689 = VECTOR ( 'NONE', #6442, 1000.000000000000000 ) ;
#3690 = AXIS2_PLACEMENT_3D ( 'NONE', #2354, #1672, #1645 ) ;
#3691 = LINE ( 'NONE', #1096, #1941 ) ;
#3692 = DIRECTION ( 'NONE',  ( 1.000000000000000000, 0.0000000000000000000, 0.0000000000000000000 ) ) ;
#3693 = EDGE_CURVE ( 'NONE', #7263, #3789, #3415, .T. ) ;
#3694 = LINE ( 'NONE', #3858, #6537 ) ;
#3695 = SURFACE_STYLE_FILL_AREA ( #5112 ) ;
#3696 = EDGE_CURVE ( 'NONE', #6646, #259, #2083, .T. ) ;
#3697 = FILL_AREA_STYLE_COLOUR ( '', #3926 ) ;
#3698 = ADVANCED_FACE ( 'NONE', ( #8016 ), #6162, .T. ) ;
#3699 = DIRECTION ( 'NONE',  ( 0.0000000000000000000, -1.000000000000000000, 0.0000000000000000000 ) ) ;
#3700 = LINE ( 'NONE', #5383, #7051 ) ;
#3701 = EDGE_CURVE ( 'NONE', #7060, #2702, #3921, .T. ) ;
#3702 = FACE_OUTER_BOUND ( 'NONE', #5662, .T. ) ;
#3703 = PLANE ( 'NONE',  #7671 ) ;
#3704 = DIRECTION ( 'NONE',  ( 1.000000000000000000, 0.0000000000000000000, 0.0000000000000000000 ) ) ;
#3705 = CARTESIAN_POINT ( 'NONE',  ( 1.250000000000000000, 1.000000000000000000, -1.474999999999999867 ) ) ;
#3706 = ORIENTED_EDGE ( 'NONE', *, *, #1358, .F. ) ;
#3707 = ORIENTED_EDGE ( 'NONE', *, *, #3759, .F. ) ;
#3708 = LINE ( 'NONE', #2332, #4418 ) ;
#3709 = PLANE ( 'NONE',  #2861 ) ;
#3710 =( NAMED_UNIT ( * ) PLANE_ANGLE_UNIT ( ) SI_UNIT ( $, .RADIAN. ) );
#3711 = LINE ( 'NONE', #6124, #3993 ) ;
#3712 = CARTESIAN_POINT ( 'NONE',  ( -2.475000000000000089, 3.600000000000000089, -1.425000000000000933 ) ) ;
#3713 = EDGE_LOOP ( 'NONE', ( #4032, #7973, #6225, #2953 ) ) ;
#3714 = VERTEX_POINT ( 'NONE', #2992 ) ;
#3715 = ORIENTED_EDGE ( 'NONE', *, *, #6556, .T. ) ;
#3716 = DIRECTION ( 'NONE',  ( 0.0000000000000000000, 0.0000000000000000000, 1.000000000000000000 ) ) ;
#3717 = STYLED_ITEM ( 'NONE', ( #5231 ), #3658 ) ;
#3718 = EDGE_LOOP ( 'NONE', ( #2237, #7116, #7457, #1659 ) ) ;
#3719 = LINE ( 'NONE', #8476, #5554 ) ;
#3720 = EDGE_LOOP ( 'NONE', ( #4016, #7727, #3320, #1713, #4933, #7261 ) ) ;
#3721 = AXIS2_PLACEMENT_3D ( 'NONE', #2641, #2666, #5924 ) ;
#3722 = ORIENTED_EDGE ( 'NONE', *, *, #4937, .T. ) ;
#3723 = ORIENTED_EDGE ( 'NONE', *, *, #8219, .T. ) ;
#3724 = EDGE_CURVE ( 'NONE', #2421, #5808, #3021, .T. ) ;
#3725 = FACE_OUTER_BOUND ( 'NONE', #4425, .T. ) ;
#3726 = CARTESIAN_POINT ( 'NONE',  ( 0.7250000000000000888, 0.3499999999999999778, -2.075000000000000178 ) ) ;
#3727 = DIRECTION ( 'NONE',  ( -1.000000000000000000, 0.0000000000000000000, 0.0000000000000000000 ) ) ;
#3728 = CARTESIAN_POINT ( 'NONE',  ( 0.7250000000000000888, 0.3499999999999999778, -2.075000000000000178 ) ) ;
#3729 = ORIENTED_EDGE ( 'NONE', *, *, #6844, .T. ) ;
#3730 = VERTEX_POINT ( 'NONE', #7043 ) ;
#3731 = DIRECTION ( 'NONE',  ( 0.0000000000000000000, -1.000000000000000000, -3.212450881438532635E-15 ) ) ;
#3732 = CARTESIAN_POINT ( 'NONE',  ( 6.625000000000000888, 8.673617379884035472E-15, -0.2250000000000008105 ) ) ;
#3733 = EDGE_CURVE ( 'NONE', #705, #5248, #7080, .T. ) ;
#3734 = DIRECTION ( 'NONE',  ( 0.0000000000000000000, 1.000000000000000000, 3.558407130208835834E-15 ) ) ;
#3735 = DIRECTION ( 'NONE',  ( 0.0000000000000000000, 1.000000000000000000, 0.0000000000000000000 ) ) ;
#3736 = PLANE ( 'NONE',  #4942 ) ;
#3737 = VECTOR ( 'NONE', #1490, 1000.000000000000000 ) ;
#3738 = EDGE_LOOP ( 'NONE', ( #3459, #7507, #197, #5915, #1616, #125 ) ) ;
#3739 = ADVANCED_FACE ( 'NONE', ( #1775 ), #1772, .T. ) ;
#3740 = VERTEX_POINT ( 'NONE', #2524 ) ;
#3741 = CARTESIAN_POINT ( 'NONE',  ( 1.984999999999999876, 1.000000000000000000, -1.025000000000000133 ) ) ;
#3742 = EDGE_CURVE ( 'NONE', #1652, #5934, #1360, .T. ) ;
#3743 = LINE ( 'NONE', #3438, #261 ) ;
#3744 = ADVANCED_FACE ( 'NONE', ( #5137, #8411 ), #3185, .F. ) ;
#3745 = VECTOR ( 'NONE', #7618, 1000.000000000000000 ) ;
#3746 = EDGE_CURVE ( 'NONE', #3006, #4254, #6772, .T. ) ;
#3747 = ORIENTED_EDGE ( 'NONE', *, *, #1655, .F. ) ;
#3748 = VERTEX_POINT ( 'NONE', #7069 ) ;
#3749 = VERTEX_POINT ( 'NONE', #1091 ) ;
#3750 = VERTEX_POINT ( 'NONE', #534 ) ;
#3751 = CARTESIAN_POINT ( 'NONE',  ( -0.5150000000000000133, 1.000000000000000000, -1.525000000000000133 ) ) ;
#3752 = EDGE_CURVE ( 'NONE', #4142, #5089, #6061, .T. ) ;
#3753 = ORIENTED_EDGE ( 'NONE', *, *, #5352, .F. ) ;
#3754 = LINE ( 'NONE', #8248, #7303 ) ;
#3755 = DIRECTION ( 'NONE',  ( 0.0000000000000000000, 0.0000000000000000000, 1.000000000000000000 ) ) ;
#3756 = VECTOR ( 'NONE', #3201, 1000.000000000000000 ) ;
#3757 = ORIENTED_EDGE ( 'NONE', *, *, #3519, .F. ) ;
#3758 = DIRECTION ( 'NONE',  ( 0.0000000000000000000, 0.0000000000000000000, -1.000000000000000000 ) ) ;
#3759 = EDGE_CURVE ( 'NONE', #5458, #7257, #5443, .T. ) ;
#3760 = DIRECTION ( 'NONE',  ( -1.000000000000000000, 0.0000000000000000000, 0.0000000000000000000 ) ) ;
#3761 = VERTEX_POINT ( 'NONE', #7719 ) ;
#3762 = ORIENTED_EDGE ( 'NONE', *, *, #2211, .T. ) ;
#3763 = VECTOR ( 'NONE', #4273, 1000.000000000000000 ) ;
#3764 = DIRECTION ( 'NONE',  ( 0.0000000000000000000, 0.0000000000000000000, 1.000000000000000000 ) ) ;
#3765 = PLANE ( 'NONE',  #2908 ) ;
#3766 = VERTEX_POINT ( 'NONE', #5758 ) ;
#3767 = AXIS2_PLACEMENT_3D ( 'NONE', #3530, #7472, #2225 ) ;
#3768 = CARTESIAN_POINT ( 'NONE',  ( 0.07499999999999998335, 1.850000000000000089, -1.474999999999999867 ) ) ;
#3769 = CARTESIAN_POINT ( 'NONE',  ( -0.8750000000000000000, 3.750000000000000000, -2.024999999999999911 ) ) ;
#3770 = VECTOR ( 'NONE', #393, 1000.000000000000000 ) ;
#3771 = ORIENTED_EDGE ( 'NONE', *, *, #4466, .T. ) ;
#3772 = VECTOR ( 'NONE', #7915, 1000.000000000000000 ) ;
#3773 = DIRECTION ( 'NONE',  ( -0.0000000000000000000, 1.000000000000000000, 3.252606517456512513E-15 ) ) ;
#3774 = FACE_OUTER_BOUND ( 'NONE', #4614, .T. ) ;
#3775 = DIRECTION ( 'NONE',  ( 0.0000000000000000000, 1.000000000000000000, 0.0000000000000000000 ) ) ;
#3776 = CARTESIAN_POINT ( 'NONE',  ( 3.024999999999999911, 0.5547525681000000652, 2.024999999999999911 ) ) ;
#3777 = AXIS2_PLACEMENT_3D ( 'NONE', #1159, #2461, #6406 ) ;
#3778 = ORIENTED_EDGE ( 'NONE', *, *, #7700, .T. ) ;
#3779 = CARTESIAN_POINT ( 'NONE',  ( -0.7249999999999999778, -0.6500000000000000222, -1.775000000000000133 ) ) ;
#3780 = SURFACE_STYLE_FILL_AREA ( #7016 ) ;
#3781 = VECTOR ( 'NONE', #7579, 1000.000000000000000 ) ;
#3782 = UNCERTAINTY_MEASURE_WITH_UNIT (LENGTH_MEASURE( 1.000000000000000082E-05 ), #2540, 'distance_accuracy_value', 'NONE');
#3783 = EDGE_CURVE ( 'NONE', #7163, #5133, #7074, .T. ) ;
#3784 = CARTESIAN_POINT ( 'NONE',  ( 0.5250000000000000222, 1.649999999999999911, -1.025000000000000133 ) ) ;
#3785 = FACE_OUTER_BOUND ( 'NONE', #2628, .T. ) ;
#3786 = CARTESIAN_POINT ( 'NONE',  ( 3.225000000000000089, 1.850000000000000089, 2.024999999999999911 ) ) ;
#3787 = DIRECTION ( 'NONE',  ( 0.0000000000000000000, 0.0000000000000000000, 1.000000000000000000 ) ) ;
#3788 = VECTOR ( 'NONE', #2086, 1000.000000000000000 ) ;
#3789 = VERTEX_POINT ( 'NONE', #3776 ) ;
#3790 = LINE ( 'NONE', #1397, #1634 ) ;
#3791 = PLANE ( 'NONE',  #1591 ) ;
#3792 = DIRECTION ( 'NONE',  ( 1.000000000000000000, 0.0000000000000000000, 0.0000000000000000000 ) ) ;
#3793 = SURFACE_SIDE_STYLE ('',( #2344 ) ) ;
#3794 = VECTOR ( 'NONE', #290, 1000.000000000000000 ) ;
#3795 = VECTOR ( 'NONE', #6738, 1000.000000000000000 ) ;
#3796 = EDGE_CURVE ( 'NONE', #1281, #969, #7387, .T. ) ;
#3797 = CARTESIAN_POINT ( 'NONE',  ( -0.5250000000000000222, -0.6500000000000000222, -1.775000000000000133 ) ) ;
#3798 = VECTOR ( 'NONE', #7159, 1000.000000000000000 ) ;
#3799 = DIRECTION ( 'NONE',  ( -1.000000000000000000, -0.0000000000000000000, -0.0000000000000000000 ) ) ;
#3800 = EDGE_CURVE ( 'NONE', #6684, #3654, #2600, .T. ) ;
#3801 = CARTESIAN_POINT ( 'NONE',  ( 1.765000000000000124, 1.850000000000000089, -1.025000000000000133 ) ) ;
#3802 = CARTESIAN_POINT ( 'NONE',  ( 1.975000000000000089, 0.3500000000000000333, -2.024999999999999911 ) ) ;
#3803 = DIRECTION ( 'NONE',  ( -1.000000000000000000, 0.0000000000000000000, 0.0000000000000000000 ) ) ;
#3804 = DIRECTION ( 'NONE',  ( 0.0000000000000000000, -1.000000000000000000, 0.0000000000000000000 ) ) ;
#3805 = ORIENTED_EDGE ( 'NONE', *, *, #5101, .F. ) ;
#3806 = VERTEX_POINT ( 'NONE', #2475 ) ;
#3807 =( NAMED_UNIT ( * ) SI_UNIT ( $, .STERADIAN. ) SOLID_ANGLE_UNIT ( ) );
#3808 = CARTESIAN_POINT ( 'NONE',  ( -2.274999999999999911, 3.600000000000000977, -1.425000000000000044 ) ) ;
#3809 = ORIENTED_EDGE ( 'NONE', *, *, #8273, .F. ) ;
#3810 = PLANE ( 'NONE',  #5274 ) ;
#3811 = VECTOR ( 'NONE', #70, 1000.000000000000000 ) ;
#3812 = CARTESIAN_POINT ( 'NONE',  ( 3.225000000000000089, 1.000000000000000000, 0.0000000000000000000 ) ) ;
#3813 = EDGE_LOOP ( 'NONE', ( #4373, #1239, #2623, #2112 ) ) ;
#3814 = ORIENTED_EDGE ( 'NONE', *, *, #5456, .T. ) ;
#3815 = ORIENTED_EDGE ( 'NONE', *, *, #1439, .T. ) ;
#3816 = CARTESIAN_POINT ( 'NONE',  ( -2.475000000000000089, 4.249999999999992895, -0.07499999999999976130 ) ) ;
#3817 = LINE ( 'NONE', #3129, #2914 ) ;
#3818 = EDGE_LOOP ( 'NONE', ( #2718, #7653, #4844, #5639, #8441, #1682, #5574, #6150, #4383, #5770, #7264, #2692, #7317, #7101, #3308, #3104 ) ) ;
#3819 = CARTESIAN_POINT ( 'NONE',  ( -0.7249999999999999778, 1.000000000000000000, 1.525000000000000133 ) ) ;
#3820 = ORIENTED_EDGE ( 'NONE', *, *, #1669, .F. ) ;
#3821 = AXIS2_PLACEMENT_3D ( 'NONE', #3028, #8207, #4329 ) ;
#3822 = DIRECTION ( 'NONE',  ( 0.0000000000000000000, -1.000000000000000000, 0.0000000000000000000 ) ) ;
#3823 = EDGE_CURVE ( 'NONE', #6610, #3652, #6160, .T. ) ;
#3824 = ORIENTED_EDGE ( 'NONE', *, *, #7018, .F. ) ;
#3825 = CARTESIAN_POINT ( 'NONE',  ( 3.234999999999999876, 1.850000000000000089, -2.024999999999999911 ) ) ;
#3826 = PLANE ( 'NONE',  #8160 ) ;
#3827 = VECTOR ( 'NONE', #5220, 1000.000000000000000 ) ;
#3828 = CARTESIAN_POINT ( 'NONE',  ( 6.025000000000001243, 1.980741759643274369, -1.925000000000000711 ) ) ;
#3829 = DIRECTION ( 'NONE',  ( 1.000000000000000000, 0.0000000000000000000, 0.0000000000000000000 ) ) ;
#3830 = EDGE_LOOP ( 'NONE', ( #7515, #7385, #740, #5145, #6071, #3644 ) ) ;
#3831 = PLANE ( 'NONE',  #6184 ) ;
#3832 = ORIENTED_EDGE ( 'NONE', *, *, #3313, .F. ) ;
#3833 = AXIS2_PLACEMENT_3D ( 'NONE', #5062, #3116, #5805 ) ;
#3834 = CARTESIAN_POINT ( 'NONE',  ( -1.175000000000000044, 2.550000000000000266, -1.474999999999999867 ) ) ;
#3835 = VECTOR ( 'NONE', #5527, 1000.000000000000000 ) ;
#3836 = VECTOR ( 'NONE', #757, 1000.000000000000000 ) ;
#3837 = VECTOR ( 'NONE', #3033, 1000.000000000000000 ) ;
#3838 = ORIENTED_EDGE ( 'NONE', *, *, #829, .T. ) ;
#3839 = CARTESIAN_POINT ( 'NONE',  ( 4.475000000000000533, 1.850000000000000089, 2.024999999999999911 ) ) ;
#3840 = EDGE_CURVE ( 'NONE', #3006, #7715, #3817, .T. ) ;
#3841 = VERTEX_POINT ( 'NONE', #7019 ) ;
#3842 = ORIENTED_EDGE ( 'NONE', *, *, #1993, .T. ) ;
#3843 = ORIENTED_EDGE ( 'NONE', *, *, #244, .F. ) ;
#3844 = ORIENTED_EDGE ( 'NONE', *, *, #5230, .F. ) ;
#3845 = EDGE_CURVE ( 'NONE', #7602, #7994, #4230, .T. ) ;
#3846 = VECTOR ( 'NONE', #7631, 1000.000000000000000 ) ;
#3847 = VECTOR ( 'NONE', #4340, 1000.000000000000000 ) ;
#3848 = CARTESIAN_POINT ( 'NONE',  ( 3.225000000000000089, 1.850000000000000089, -1.698606797699999893 ) ) ;
#3849 = EDGE_CURVE ( 'NONE', #725, #1057, #3719, .T. ) ;
#3850 = DIRECTION ( 'NONE',  ( -1.000000000000000000, 0.0000000000000000000, 0.0000000000000000000 ) ) ;
#3851 = DIRECTION ( 'NONE',  ( 0.0000000000000000000, -1.000000000000000000, 0.0000000000000000000 ) ) ;
#3852 = LINE ( 'NONE', #7849, #2119 ) ;
#3853 = ORIENTED_EDGE ( 'NONE', *, *, #6953, .T. ) ;
#3854 = VERTEX_POINT ( 'NONE', #3288 ) ;
#3855 = VECTOR ( 'NONE', #7282, 1000.000000000000000 ) ;
#3856 = CARTESIAN_POINT ( 'NONE',  ( 0.7349999999999999867, 1.850000000000000089, -1.025000000000000133 ) ) ;
#3857 = ORIENTED_EDGE ( 'NONE', *, *, #7789, .T. ) ;
#3858 = CARTESIAN_POINT ( 'NONE',  ( -2.375000000000000000, 3.750000000000000000, 2.024999999999999911 ) ) ;
#3859 = EDGE_CURVE ( 'NONE', #6155, #4346, #1163, .T. ) ;
#3860 = CARTESIAN_POINT ( 'NONE',  ( 1.975000000000000089, 1.000000000000000000, 1.525000000000000133 ) ) ;
#3861 = VECTOR ( 'NONE', #2614, 1000.000000000000000 ) ;
#3862 = ORIENTED_EDGE ( 'NONE', *, *, #8383, .F. ) ;
#3863 = VERTEX_POINT ( 'NONE', #7800 ) ;
#3864 = LINE ( 'NONE', #5884, #403 ) ;
#3865 = CARTESIAN_POINT ( 'NONE',  ( 3.234999999999999876, 1.000000000000000000, -1.474999999999999867 ) ) ;
#3866 = ADVANCED_FACE ( 'NONE', ( #449 ), #6469, .F. ) ;
#3867 = CARTESIAN_POINT ( 'NONE',  ( -2.024999999999999911, 4.250000000000000000, -1.925000000000000044 ) ) ;
#3868 = CARTESIAN_POINT ( 'NONE',  ( -1.175000000000000044, 2.550000000000000266, -1.474999999999999867 ) ) ;
#3869 = CARTESIAN_POINT ( 'NONE',  ( 6.225000000000001421, 1.999999999999998668, -1.425000000000000933 ) ) ;
#3870 = LINE ( 'NONE', #6639, #5605 ) ;
#3871 = VECTOR ( 'NONE', #2285, 1000.000000000000000 ) ;
#3872 = ORIENTED_EDGE ( 'NONE', *, *, #1283, .T. ) ;
#3873 = VERTEX_POINT ( 'NONE', #627 ) ;
#3874 = LINE ( 'NONE', #5954, #6720 ) ;
#3875 = VECTOR ( 'NONE', #466, 1000.000000000000000 ) ;
#3876 = CARTESIAN_POINT ( 'NONE',  ( 0.5250000000000000222, 1.649999999999999911, 2.024999999999999911 ) ) ;
#3877 = LINE ( 'NONE', #6621, #7770 ) ;
#3878 = DIRECTION ( 'NONE',  ( 0.0000000000000000000, -1.000000000000000000, 0.0000000000000000000 ) ) ;
#3879 = ORIENTED_EDGE ( 'NONE', *, *, #4403, .T. ) ;
#3880 = LINE ( 'NONE', #7859, #5514 ) ;
#3881 = UNCERTAINTY_MEASURE_WITH_UNIT (LENGTH_MEASURE( 1.000000000000000082E-05 ), #2132, 'distance_accuracy_value', 'NONE');
#3882 = DIRECTION ( 'NONE',  ( 0.0000000000000000000, 1.000000000000000000, 0.0000000000000000000 ) ) ;
#3883 = AXIS2_PLACEMENT_3D ( 'NONE', #3022, #3676, #3615 ) ;
#3884 =( GEOMETRIC_REPRESENTATION_CONTEXT ( 3 ) GLOBAL_UNCERTAINTY_ASSIGNED_CONTEXT ( ( #4771 ) ) GLOBAL_UNIT_ASSIGNED_CONTEXT ( ( #1657, #349, #6794 ) ) REPRESENTATION_CONTEXT ( 'NONE', 'WORKASPACE' ) );
#3885 = LINE ( 'NONE', #8204, #2663 ) ;
#3886 = CARTESIAN_POINT ( 'NONE',  ( 6.625000000000000888, 3.600000000000000977, -0.07499999999999998335 ) ) ;
#3887 = CARTESIAN_POINT ( 'NONE',  ( 3.225000000000000089, 1.350000000000000089, 1.525000000000000133 ) ) ;
#3888 = ADVANCED_FACE ( 'NONE', ( #5648 ), #5841, .T. ) ;
#3889 = LINE ( 'NONE', #7073, #5825 ) ;
#3890 = EDGE_CURVE ( 'NONE', #4399, #6492, #7805, .T. ) ;
#3891 = AXIS2_PLACEMENT_3D ( 'NONE', #718, #3349, #7920 ) ;
#3892 = VECTOR ( 'NONE', #95, 1000.000000000000000 ) ;
#3893 = DIRECTION ( 'NONE',  ( 0.0000000000000000000, 0.7468134723257140450, -0.6650335612228979176 ) ) ;
#3894 = EDGE_CURVE ( 'NONE', #5027, #773, #6267, .T. ) ;
#3895 = LINE ( 'NONE', #8059, #830 ) ;
#3896 = VECTOR ( 'NONE', #2398, 1000.000000000000000 ) ;
#3897 = EDGE_CURVE ( 'NONE', #4829, #4079, #3620, .T. ) ;
#3898 = DIRECTION ( 'NONE',  ( 0.0000000000000000000, -1.000000000000000000, 0.0000000000000000000 ) ) ;
#3899 = ORIENTED_EDGE ( 'NONE', *, *, #7572, .F. ) ;
#3900 = DIRECTION ( 'NONE',  ( 0.0000000000000000000, 0.0000000000000000000, 1.000000000000000000 ) ) ;
#3901 = VERTEX_POINT ( 'NONE', #1285 ) ;
#3902 = LINE ( 'NONE', #51, #434 ) ;
#3903 = EDGE_CURVE ( 'NONE', #1099, #4283, #2699, .T. ) ;
#3904 = VERTEX_POINT ( 'NONE', #5232 ) ;
#3905 = PRESENTATION_STYLE_ASSIGNMENT (( #1471 ) ) ;
#3906 = ADVANCED_FACE ( 'NONE', ( #7173 ), #7093, .F. ) ;
#3907 = LINE ( 'NONE', #2788, #2182 ) ;
#3908 = EDGE_LOOP ( 'NONE', ( #8445, #6765, #29, #6156 ) ) ;
#3909 = EDGE_CURVE ( 'NONE', #6968, #7176, #4733, .T. ) ;
#3910 = EDGE_LOOP ( 'NONE', ( #6925, #5134, #3013, #4683, #4078, #3252 ) ) ;
#3911 = CARTESIAN_POINT ( 'NONE',  ( 0.7250000000000000888, 1.850000000000000089, -1.025000000000000133 ) ) ;
#3912 = ORIENTED_EDGE ( 'NONE', *, *, #5906, .T. ) ;
#3913 = VERTEX_POINT ( 'NONE', #3911 ) ;
#3914 = DIRECTION ( 'NONE',  ( 0.0000000000000000000, -0.0000000000000000000, 1.000000000000000000 ) ) ;
#3915 = ORIENTED_EDGE ( 'NONE', *, *, #5307, .T. ) ;
#3916 = FILL_AREA_STYLE ('',( #7138 ) ) ;
#3917 = ORIENTED_EDGE ( 'NONE', *, *, #351, .T. ) ;
#3918 = ORIENTED_EDGE ( 'NONE', *, *, #4616, .T. ) ;
#3919 = DIRECTION ( 'NONE',  ( -1.000000000000000000, -0.0000000000000000000, -0.0000000000000000000 ) ) ;
#3920 = CARTESIAN_POINT ( 'NONE',  ( -2.875000000000000000, 4.250000000000000000, -0.02500000000000000139 ) ) ;
#3921 = LINE ( 'NONE', #2411, #142 ) ;
#3922 = ORIENTED_EDGE ( 'NONE', *, *, #3191, .T. ) ;
#3923 = ORIENTED_EDGE ( 'NONE', *, *, #4065, .F. ) ;
#3924 = ADVANCED_FACE ( 'NONE', ( #4127 ), #7776, .F. ) ;
#3925 = DIRECTION ( 'NONE',  ( 0.0000000000000000000, -1.084202172485501673E-15, -1.000000000000000000 ) ) ;
#3926 = COLOUR_RGB ( '',1.000000000000000000, 1.000000000000000000, 1.000000000000000000 ) ;
#3927 = DIRECTION ( 'NONE',  ( 0.0000000000000000000, 0.0000000000000000000, 1.000000000000000000 ) ) ;
#3928 = PRESENTATION_LAYER_ASSIGNMENT (  '', '', ( #2194 ) ) ;
#3929 =( GEOMETRIC_REPRESENTATION_CONTEXT ( 3 ) GLOBAL_UNCERTAINTY_ASSIGNED_CONTEXT ( ( #2632 ) ) GLOBAL_UNIT_ASSIGNED_CONTEXT ( ( #7373, #2165, #101 ) ) REPRESENTATION_CONTEXT ( 'NONE', 'WORKASPACE' ) );
#3930 = ORIENTED_EDGE ( 'NONE', *, *, #1821, .T. ) ;
#3931 = ORIENTED_EDGE ( 'NONE', *, *, #3959, .F. ) ;
#3932 = DIRECTION ( 'NONE',  ( 1.000000000000000000, 0.0000000000000000000, 0.0000000000000000000 ) ) ;
#3933 = EDGE_CURVE ( 'NONE', #7903, #5995, #4014, .T. ) ;
#3934 = AXIS2_PLACEMENT_3D ( 'NONE', #4124, #6594, #5272 ) ;
#3935 = DIRECTION ( 'NONE',  ( 1.000000000000000000, 0.0000000000000000000, 0.0000000000000000000 ) ) ;
#3936 = VECTOR ( 'NONE', #5115, 1000.000000000000000 ) ;
#3937 = ORIENTED_EDGE ( 'NONE', *, *, #997, .F. ) ;
#3938 = CARTESIAN_POINT ( 'NONE',  ( 1.775000000000000133, 1.649999999999999911, -1.025000000000000133 ) ) ;
#3939 = ORIENTED_EDGE ( 'NONE', *, *, #5678, .F. ) ;
#3940 = CARTESIAN_POINT ( 'NONE',  ( -2.024999999999999911, 2.250000000000000000, -1.925000000000000044 ) ) ;
#3941 = CARTESIAN_POINT ( 'NONE',  ( 2.075000000000000178, 1.649999999999999911, -1.474999999999999867 ) ) ;
#3942 = VERTEX_POINT ( 'NONE', #5979 ) ;
#3943 =( LENGTH_UNIT ( ) NAMED_UNIT ( * ) SI_UNIT ( .MILLI., .METRE. ) );
#3944 = VERTEX_POINT ( 'NONE', #45 ) ;
#3945 = VECTOR ( 'NONE', #8329, 1000.000000000000114 ) ;
#3946 = ORIENTED_EDGE ( 'NONE', *, *, #454, .F. ) ;
#3947 = CARTESIAN_POINT ( 'NONE',  ( 6.025000000000001243, 2.224999999999998757, -2.025000000000007905 ) ) ;
#3948 = ADVANCED_FACE ( 'NONE', ( #5949 ), #3212, .T. ) ;
#3949 = DIRECTION ( 'NONE',  ( 0.0000000000000000000, 0.0000000000000000000, -1.000000000000000000 ) ) ;
#3950 = CARTESIAN_POINT ( 'NONE',  ( 2.500000000000000000, 0.0000000000000000000, -1.025000000000000133 ) ) ;
#3951 = CARTESIAN_POINT ( 'NONE',  ( 4.625000000000000888, 1.949999999999999956, 2.024999999999999911 ) ) ;
#3952 = LINE ( 'NONE', #704, #6298 ) ;
#3953 = EDGE_CURVE ( 'NONE', #32, #6094, #4332, .T. ) ;
#3954 = VERTEX_POINT ( 'NONE', #5259 ) ;
#3955 = ORIENTED_EDGE ( 'NONE', *, *, #4500, .T. ) ;
#3956 = VECTOR ( 'NONE', #8393, 1000.000000000000000 ) ;
#3957 = EDGE_LOOP ( 'NONE', ( #3633, #492, #6572, #5183 ) ) ;
#3958 = CARTESIAN_POINT ( 'NONE',  ( 5.625000000000000888, 1.850000000000000089, -1.474999999999999867 ) ) ;
#3959 = EDGE_CURVE ( 'NONE', #4203, #2098, #1258, .T. ) ;
#3960 = CARTESIAN_POINT ( 'NONE',  ( -0.5250000000000000222, 0.3499999999999999778, -2.075000000000000178 ) ) ;
#3961 = VERTEX_POINT ( 'NONE', #1392 ) ;
#3962 = VECTOR ( 'NONE', #2251, 1000.000000000000000 ) ;
#3963 = DIRECTION ( 'NONE',  ( 0.0000000000000000000, -1.000000000000000000, 0.0000000000000000000 ) ) ;
#3964 = PLANE ( 'NONE',  #3186 ) ;
#3965 = VECTOR ( 'NONE', #3636, 1000.000000000000000 ) ;
#3966 = VERTEX_POINT ( 'NONE', #7938 ) ;
#3967 = DIRECTION ( 'NONE',  ( 0.0000000000000000000, -1.000000000000000000, 0.0000000000000000000 ) ) ;
#3968 = ADVANCED_FACE ( 'NONE', ( #8404 ), #1423, .T. ) ;
#3969 = DIRECTION ( 'NONE',  ( 1.000000000000000000, 0.0000000000000000000, 0.0000000000000000000 ) ) ;
#3970 = LINE ( 'NONE', #894, #2248 ) ;
#3971 = DIRECTION ( 'NONE',  ( -0.0000000000000000000, -2.148487149506095815E-16, -1.000000000000000000 ) ) ;
#3972 = ORIENTED_EDGE ( 'NONE', *, *, #3558, .F. ) ;
#3973 = VECTOR ( 'NONE', #340, 1000.000000000000000 ) ;
#3974 = CARTESIAN_POINT ( 'NONE',  ( 0.5150000000000000133, 1.000000000000000000, -1.025000000000000133 ) ) ;
#3975 = LINE ( 'NONE', #4915, #8274 ) ;
#3976 = AXIS2_PLACEMENT_3D ( 'NONE', #5391, #1464, #2122 ) ;
#3977 = PLANE ( 'NONE',  #8460 ) ;
#3978 = VECTOR ( 'NONE', #8461, 1000.000000000000000 ) ;
#3979 = EDGE_LOOP ( 'NONE', ( #7913, #7814, #376, #5810 ) ) ;
#3980 = VECTOR ( 'NONE', #5895, 1000.000000000000000 ) ;
#3981 = LINE ( 'NONE', #6825, #311 ) ;
#3982 =( GEOMETRIC_REPRESENTATION_CONTEXT ( 3 ) GLOBAL_UNCERTAINTY_ASSIGNED_CONTEXT ( ( #5553 ) ) GLOBAL_UNIT_ASSIGNED_CONTEXT ( ( #1146, #7898, #1112 ) ) REPRESENTATION_CONTEXT ( 'NONE', 'WORKASPACE' ) );
#3983 = EDGE_CURVE ( 'NONE', #1673, #2284, #5131, .T. ) ;
#3984 = CARTESIAN_POINT ( 'NONE',  ( 0.5249999999999999112, 0.3499999999999999778, -2.075000000000000178 ) ) ;
#3985 = ADVANCED_FACE ( 'NONE', ( #4940 ), #7262, .T. ) ;
#3986 = DIRECTION ( 'NONE',  ( 0.0000000000000000000, 0.0000000000000000000, -1.000000000000000000 ) ) ;
#3987 = AXIS2_PLACEMENT_3D ( 'NONE', #7613, #495, #7670 ) ;
#3988 = DIRECTION ( 'NONE',  ( 0.0000000000000000000, 0.0000000000000000000, 1.000000000000000000 ) ) ;
#3989 = CARTESIAN_POINT ( 'NONE',  ( 3.750000000000000000, 0.0000000000000000000, -1.025000000000000133 ) ) ;
#3990 = AXIS2_PLACEMENT_3D ( 'NONE', #8286, #3112, #8234 ) ;
#3991 = VECTOR ( 'NONE', #4020, 1000.000000000000000 ) ;
#3992 = DIRECTION ( 'NONE',  ( 0.0000000000000000000, 0.0000000000000000000, -1.000000000000000000 ) ) ;
#3993 = VECTOR ( 'NONE', #2311, 1000.000000000000000 ) ;
#3994 = CARTESIAN_POINT ( 'NONE',  ( 0.7250000000000000888, 1.315130797599999957, 1.171117220399999770 ) ) ;
#3995 = CARTESIAN_POINT ( 'NONE',  ( 4.575000000000001066, 1.649999999999999911, 2.024999999999999911 ) ) ;
#3996 = EDGE_CURVE ( 'NONE', #6455, #6042, #8110, .T. ) ;
#3997 = DIRECTION ( 'NONE',  ( 0.0000000000000000000, 0.0000000000000000000, 1.000000000000000000 ) ) ;
#3998 = ORIENTED_EDGE ( 'NONE', *, *, #3265, .F. ) ;
#3999 = DIRECTION ( 'NONE',  ( 0.0000000000000000000, 0.0000000000000000000, -1.000000000000000000 ) ) ;
#4000 = ORIENTED_EDGE ( 'NONE', *, *, #2446, .F. ) ;
#4001 = ORIENTED_EDGE ( 'NONE', *, *, #8360, .T. ) ;
#4002 = VERTEX_POINT ( 'NONE', #77 ) ;
#4003 = EDGE_CURVE ( 'NONE', #1679, #3626, #2066, .T. ) ;
#4004 = PLANE ( 'NONE',  #1097 ) ;
#4005 = DIRECTION ( 'NONE',  ( 1.000000000000000000, 0.0000000000000000000, 0.0000000000000000000 ) ) ;
#4006 = ADVANCED_FACE ( 'NONE', ( #242 ), #5973, .F. ) ;
#4007 = VECTOR ( 'NONE', #7308, 1000.000000000000000 ) ;
#4008 = CARTESIAN_POINT ( 'NONE',  ( 1.774999999999999911, -0.6500000000000000222, -1.775000000000000133 ) ) ;
#4009 = ORIENTED_EDGE ( 'NONE', *, *, #6913, .F. ) ;
#4010 = EDGE_CURVE ( 'NONE', #2076, #5936, #3612, .T. ) ;
#4011 = ORIENTED_EDGE ( 'NONE', *, *, #6787, .F. ) ;
#4012 = EDGE_LOOP ( 'NONE', ( #155, #3917, #1070, #5378, #4489 ) ) ;
#4013 = PLANE ( 'NONE',  #6766 ) ;
#4014 = LINE ( 'NONE', #7827, #8009 ) ;
#4015 = EDGE_CURVE ( 'NONE', #5227, #1808, #2903, .T. ) ;
#4016 = ORIENTED_EDGE ( 'NONE', *, *, #7793, .F. ) ;
#4017 = ORIENTED_EDGE ( 'NONE', *, *, #998, .T. ) ;
#4018 = CARTESIAN_POINT ( 'NONE',  ( -0.8249999999999999556, 1.850000000000000089, -1.474999999999999867 ) ) ;
#4019 = DIRECTION ( 'NONE',  ( 0.0000000000000000000, 1.000000000000000000, 0.0000000000000000000 ) ) ;
#4020 = DIRECTION ( 'NONE',  ( 0.0000000000000000000, -1.084202172485501673E-15, -1.000000000000000000 ) ) ;
#4021 = DIRECTION ( 'NONE',  ( 1.000000000000000000, 0.0000000000000000000, 0.0000000000000000000 ) ) ;
#4022 = VERTEX_POINT ( 'NONE', #751 ) ;
#4023 = ADVANCED_FACE ( 'NONE', ( #1568 ), #7875, .F. ) ;
#4024 = DIRECTION ( 'NONE',  ( 0.0000000000000000000, 3.252606517456512119E-15, -1.000000000000000000 ) ) ;
#4025 = LINE ( 'NONE', #6739, #1275 ) ;
#4026 = UNCERTAINTY_MEASURE_WITH_UNIT (LENGTH_MEASURE( 1.000000000000000082E-05 ), #4443, 'distance_accuracy_value', 'NONE');
#4027 = LINE ( 'NONE', #3684, #4247 ) ;
#4028 = ORIENTED_EDGE ( 'NONE', *, *, #1431, .T. ) ;
#4029 = VERTEX_POINT ( 'NONE', #6601 ) ;
#4030 = DIRECTION ( 'NONE',  ( 1.000000000000000000, 0.0000000000000000000, 0.0000000000000000000 ) ) ;
#4031 = ORIENTED_EDGE ( 'NONE', *, *, #6515, .T. ) ;
#4032 = ORIENTED_EDGE ( 'NONE', *, *, #8420, .T. ) ;
#4033 = DIRECTION ( 'NONE',  ( -0.0000000000000000000, 1.000000000000000000, 0.0000000000000000000 ) ) ;
#4034 = CARTESIAN_POINT ( 'NONE',  ( 4.474999999999999645, 1.850000000000000089, 0.0000000000000000000 ) ) ;
#4035 = VECTOR ( 'NONE', #3986, 1000.000000000000000 ) ;
#4036 = STYLED_ITEM ( 'NONE', ( #7334 ), #5486 ) ;
#4037 =( LENGTH_UNIT ( ) NAMED_UNIT ( * ) SI_UNIT ( .MILLI., .METRE. ) );
#4038 = DIRECTION ( 'NONE',  ( 0.0000000000000000000, -1.000000000000000000, 0.0000000000000000000 ) ) ;
#4039 = EDGE_LOOP ( 'NONE', ( #8139, #3010, #8455, #2393 ) ) ;
#4040 = VERTEX_POINT ( 'NONE', #5883 ) ;
#4041 = PLANE ( 'NONE',  #6818 ) ;
#4042 = EDGE_CURVE ( 'NONE', #2338, #6559, #3512, .T. ) ;
#4043 = AXIS2_PLACEMENT_3D ( 'NONE', #6567, #5197, #3322 ) ;
#4044 = ORIENTED_EDGE ( 'NONE', *, *, #8068, .F. ) ;
#4045 = DIRECTION ( 'NONE',  ( 0.0000000000000000000, 0.0000000000000000000, -1.000000000000000000 ) ) ;
#4046 = ORIENTED_EDGE ( 'NONE', *, *, #1202, .T. ) ;
#4047 = ORIENTED_EDGE ( 'NONE', *, *, #1833, .T. ) ;
#4048 = VECTOR ( 'NONE', #2579, 1000.000000000000000 ) ;
#4049 = DIRECTION ( 'NONE',  ( 1.000000000000000000, 0.0000000000000000000, 0.0000000000000000000 ) ) ;
#4050 =( LENGTH_UNIT ( ) NAMED_UNIT ( * ) SI_UNIT ( .MILLI., .METRE. ) );
#4051 = COLOUR_RGB ( '',0.6470588235294117974, 0.6196078431372549211, 0.5882352941176470784 ) ;
#4052 = DIRECTION ( 'NONE',  ( -0.0000000000000000000, 1.000000000000000000, 0.0000000000000000000 ) ) ;
#4053 = ADVANCED_FACE ( 'NONE', ( #8000 ), #2703, .T. ) ;
#4054 = EDGE_CURVE ( 'NONE', #2440, #6183, #7905, .T. ) ;
#4055 = EDGE_CURVE ( 'NONE', #2441, #2506, #1865, .T. ) ;
#4056 = VECTOR ( 'NONE', #2656, 1000.000000000000000 ) ;
#4057 = EDGE_LOOP ( 'NONE', ( #6768, #4268, #469, #5781 ) ) ;
#4058 = EDGE_CURVE ( 'NONE', #4069, #893, #2495, .T. ) ;
#4059 = COLOUR_RGB ( '',1.000000000000000000, 1.000000000000000000, 1.000000000000000000 ) ;
#4060 = CARTESIAN_POINT ( 'NONE',  ( 4.485000000000001208, 1.000000000000000000, -1.025000000000000133 ) ) ;
#4061 = PLANE ( 'NONE',  #395 ) ;
#4062 = CARTESIAN_POINT ( 'NONE',  ( 4.275000000000000355, 0.5547525681000000652, 2.024999999999999911 ) ) ;
#4063 = DIRECTION ( 'NONE',  ( 0.0000000000000000000, 0.0000000000000000000, 1.000000000000000000 ) ) ;
#4064 = LINE ( 'NONE', #5374, #4886 ) ;
#4065 = EDGE_CURVE ( 'NONE', #3714, #7160, #5546, .T. ) ;
#4066 = CARTESIAN_POINT ( 'NONE',  ( 3.225000000000000089, 1.850000000000000089, -1.698606797699999893 ) ) ;
#4067 = DIRECTION ( 'NONE',  ( 0.0000000000000000000, -1.000000000000000000, 0.0000000000000000000 ) ) ;
#4068 = ORIENTED_EDGE ( 'NONE', *, *, #7412, .F. ) ;
#4069 = VERTEX_POINT ( 'NONE', #7906 ) ;
#4070 = LINE ( 'NONE', #4228, #5385 ) ;
#4071 = DIRECTION ( 'NONE',  ( 0.0000000000000000000, 0.0000000000000000000, -1.000000000000000000 ) ) ;
#4072 = DIRECTION ( 'NONE',  ( 0.0000000000000000000, -1.000000000000000000, 0.0000000000000000000 ) ) ;
#4073 = LINE ( 'NONE', #5536, #2357 ) ;
#4074 = EDGE_CURVE ( 'NONE', #4002, #124, #954, .T. ) ;
#4075 = PRODUCT_CONTEXT ( 'NONE', #8051, 'mechanical' ) ;
#4076 = DIRECTION ( 'NONE',  ( 0.0000000000000000000, 0.0000000000000000000, 1.000000000000000000 ) ) ;
#4077 = ADVANCED_FACE ( 'NONE', ( #738 ), #8467, .T. ) ;
#4078 = ORIENTED_EDGE ( 'NONE', *, *, #4604, .F. ) ;
#4079 = VERTEX_POINT ( 'NONE', #7199 ) ;
#4080 = LINE ( 'NONE', #2639, #5277 ) ;
#4081 = CARTESIAN_POINT ( 'NONE',  ( 1.774999999999999911, 0.05000000000000002359, -1.524999999999999689 ) ) ;
#4082 = LINE ( 'NONE', #6539, #7864 ) ;
#4083 = CARTESIAN_POINT ( 'NONE',  ( 3.024999999999999911, 1.649999999999999911, -1.025000000000000133 ) ) ;
#4084 = CARTESIAN_POINT ( 'NONE',  ( 4.275000000000000355, 1.000000000000000000, 1.525000000000000133 ) ) ;
#4085 = LINE ( 'NONE', #7413, #2366 ) ;
#4086 = STYLED_ITEM ( 'NONE', ( #2017 ), #5925 ) ;
#4087 = ORIENTED_EDGE ( 'NONE', *, *, #7062, .T. ) ;
#4088 = VECTOR ( 'NONE', #5791, 1000.000000000000000 ) ;
#4089 = VECTOR ( 'NONE', #4834, 1000.000000000000000 ) ;
#4090 = CARTESIAN_POINT ( 'NONE',  ( 0.5150000000000000133, 1.649999999999999911, -1.698606797699999893 ) ) ;
#4091 = VECTOR ( 'NONE', #4724, 1000.000000000000000 ) ;
#4092 = DIRECTION ( 'NONE',  ( 0.0000000000000000000, -1.000000000000000000, 0.0000000000000000000 ) ) ;
#4093 = DIRECTION ( 'NONE',  ( 0.0000000000000000000, 1.000000000000000000, 0.0000000000000000000 ) ) ;
#4094 = DIRECTION ( 'NONE',  ( 0.0000000000000000000, -0.6650335612228979176, -0.7468134723257140450 ) ) ;
#4095 = VECTOR ( 'NONE', #1297, 1000.000000000000000 ) ;
#4096 = PLANE ( 'NONE',  #2784 ) ;
#4097 = DIRECTION ( 'NONE',  ( 0.0000000000000000000, 1.000000000000000000, 0.0000000000000000000 ) ) ;
#4098 = VECTOR ( 'NONE', #2034, 1000.000000000000114 ) ;
#4099 = CARTESIAN_POINT ( 'NONE',  ( -2.875000000000000000, 3.600000000000000977, -1.425000000000000044 ) ) ;
#4100 = DIRECTION ( 'NONE',  ( 0.0000000000000000000, 1.000000000000000000, 0.0000000000000000000 ) ) ;
#4101 = ADVANCED_FACE ( 'NONE', ( #7489 ), #36, .T. ) ;
#4102 = CARTESIAN_POINT ( 'NONE',  ( 1.975000000000000089, 0.0000000000000000000, 2.024999999999999911 ) ) ;
#4103 = DIRECTION ( 'NONE',  ( -1.000000000000000000, 0.0000000000000000000, 0.0000000000000000000 ) ) ;
#4104 = VECTOR ( 'NONE', #1456, 1000.000000000000000 ) ;
#4105 = AXIS2_PLACEMENT_3D ( 'NONE', #252, #937, #1506 ) ;
#4106 = SURFACE_STYLE_FILL_AREA ( #8285 ) ;
#4107 = CARTESIAN_POINT ( 'NONE',  ( -0.0000000000000000000, -0.001524999999999999880, 0.002075000000000000022 ) ) ;
#4108 = PLANE ( 'NONE',  #5228 ) ;
#4109 = ORIENTED_EDGE ( 'NONE', *, *, #5000, .T. ) ;
#4110 = ORIENTED_EDGE ( 'NONE', *, *, #1431, .F. ) ;
#4111 = ORIENTED_EDGE ( 'NONE', *, *, #2071, .F. ) ;
#4112 =( LENGTH_UNIT ( ) NAMED_UNIT ( * ) SI_UNIT ( .MILLI., .METRE. ) );
#4113 = LINE ( 'NONE', #7343, #7253 ) ;
#4114 = PRESENTATION_LAYER_ASSIGNMENT (  '', '', ( #2380 ) ) ;
#4115 = DIRECTION ( 'NONE',  ( 0.0000000000000000000, -1.000000000000000000, 0.0000000000000000000 ) ) ;
#4116 = ORIENTED_EDGE ( 'NONE', *, *, #4884, .T. ) ;
#4117 = EDGE_LOOP ( 'NONE', ( #6064, #1928, #2150, #5268 ) ) ;
#4118 = ORIENTED_EDGE ( 'NONE', *, *, #2383, .F. ) ;
#4119 = ORIENTED_EDGE ( 'NONE', *, *, #7271, .T. ) ;
#4120 = CARTESIAN_POINT ( 'NONE',  ( 3.225000000000000089, 1.795247431900000024, 2.024999999999999911 ) ) ;
#4121 = PLANE ( 'NONE',  #2298 ) ;
#4122 = ADVANCED_FACE ( 'NONE', ( #6257 ), #5405, .F. ) ;
#4123 = EDGE_CURVE ( 'NONE', #6274, #2707, #1658, .T. ) ;
#4124 = CARTESIAN_POINT ( 'NONE',  ( 1.975000000000000089, 1.850000000000000089, 0.0000000000000000000 ) ) ;
#4125 = DIRECTION ( 'NONE',  ( 0.0000000000000000000, 0.0000000000000000000, -1.000000000000000000 ) ) ;
#4126 = VERTEX_POINT ( 'NONE', #6096 ) ;
#4127 = FACE_OUTER_BOUND ( 'NONE', #842, .T. ) ;
#4128 = VERTEX_POINT ( 'NONE', #4754 ) ;
#4129 = EDGE_CURVE ( 'NONE', #590, #2309, #4527, .T. ) ;
#4130 = ORIENTED_EDGE ( 'NONE', *, *, #2268, .F. ) ;
#4131 = ORIENTED_EDGE ( 'NONE', *, *, #7907, .F. ) ;
#4132 = CARTESIAN_POINT ( 'NONE',  ( -0.7249999999999999778, 0.0000000000000000000, -2.024999999999999911 ) ) ;
#4133 = CARTESIAN_POINT ( 'NONE',  ( -0.7349999999999999867, 1.649999999999999911, -1.474999999999999867 ) ) ;
#4134 = DIRECTION ( 'NONE',  ( -0.0000000000000000000, -0.0000000000000000000, 1.000000000000000000 ) ) ;
#4135 = EDGE_CURVE ( 'NONE', #2333, #6575, #7707, .T. ) ;
#4136 = VECTOR ( 'NONE', #1199, 1000.000000000000000 ) ;
#4137 = CARTESIAN_POINT ( 'NONE',  ( -0.5250000000000000222, -0.6500000000000000222, -1.775000000000000133 ) ) ;
#4138 = APPLICATION_PROTOCOL_DEFINITION ( 'draft international standard', 'automotive_design', 1998, #8051 ) ;
#4139 = EDGE_LOOP ( 'NONE', ( #7436, #7928, #1763, #1093, #473, #3208, #2622, #4277 ) ) ;
#4140 = ORIENTED_EDGE ( 'NONE', *, *, #4193, .F. ) ;
#4141 = VECTOR ( 'NONE', #7273, 1000.000000000000000 ) ;
#4142 = VERTEX_POINT ( 'NONE', #2858 ) ;
#4143 = DIRECTION ( 'NONE',  ( 0.0000000000000000000, 1.000000000000000000, 0.0000000000000000000 ) ) ;
#4144 =( NAMED_UNIT ( * ) SI_UNIT ( $, .STERADIAN. ) SOLID_ANGLE_UNIT ( ) );
#4145 = DIRECTION ( 'NONE',  ( 0.0000000000000000000, 0.0000000000000000000, 1.000000000000000000 ) ) ;
#4146 = VERTEX_POINT ( 'NONE', #218 ) ;
#4147 = ORIENTED_EDGE ( 'NONE', *, *, #7957, .T. ) ;
#4148 = CARTESIAN_POINT ( 'NONE',  ( 4.925000000000000711, 2.550000000000000266, -1.474999999999999867 ) ) ;
#4149 = UNCERTAINTY_MEASURE_WITH_UNIT (LENGTH_MEASURE( 1.000000000000000082E-05 ), #2013, 'distance_accuracy_value', 'NONE');
#4150 = VERTEX_POINT ( 'NONE', #6745 ) ;
#4151 = VERTEX_POINT ( 'NONE', #781 ) ;
#4152 = CARTESIAN_POINT ( 'NONE',  ( 6.025000000000001243, 0.6000000000000024203, 1.375000000000002442 ) ) ;
#4153 = ORIENTED_EDGE ( 'NONE', *, *, #7777, .T. ) ;
#4154 = ORIENTED_EDGE ( 'NONE', *, *, #7856, .F. ) ;
#4155 = ORIENTED_EDGE ( 'NONE', *, *, #4781, .T. ) ;
#4156 = DIRECTION ( 'NONE',  ( -0.0000000000000000000, -0.0000000000000000000, 1.000000000000000000 ) ) ;
#4157 = ORIENTED_EDGE ( 'NONE', *, *, #3845, .F. ) ;
#4158 = VECTOR ( 'NONE', #3799, 1000.000000000000000 ) ;
#4159 = DIRECTION ( 'NONE',  ( 0.0000000000000000000, 0.0000000000000000000, 1.000000000000000000 ) ) ;
#4160 = EDGE_CURVE ( 'NONE', #2685, #590, #5743, .T. ) ;
#4161 = CARTESIAN_POINT ( 'NONE',  ( 0.7250000000000000888, 0.0000000000000000000, 0.0000000000000000000 ) ) ;
#4162 = LINE ( 'NONE', #1138, #2435 ) ;
#4163 = DIRECTION ( 'NONE',  ( 0.0000000000000000000, 0.0000000000000000000, -1.000000000000000000 ) ) ;
#4164 = CARTESIAN_POINT ( 'NONE',  ( 6.625000000000000000, 1.000000000000000000, -1.525000000000000133 ) ) ;
#4165 = CARTESIAN_POINT ( 'NONE',  ( -0.7249999999999999778, 1.649999999999999911, -1.474999999999999867 ) ) ;
#4167 = VECTOR ( 'NONE', #4481, 1000.000000000000000 ) ;
#4166 = CARTESIAN_POINT ( 'NONE',  ( 3.225000000000000089, 0.0000000000000000000, -1.525000000000000133 ) ) ;
#4168 = ORIENTED_EDGE ( 'NONE', *, *, #829, .F. ) ;
#4169 = CARTESIAN_POINT ( 'NONE',  ( -2.274999999999999911, 4.240000000000000213, 0.0000000000000000000 ) ) ;
#4171 = EDGE_LOOP ( 'NONE', ( #7172, #5533, #4872, #6101 ) ) ;
#4170 = DIRECTION ( 'NONE',  ( 1.000000000000000000, 0.0000000000000000000, 0.0000000000000000000 ) ) ;
#4172 = VERTEX_POINT ( 'NONE', #876 ) ;
#4173 = LINE ( 'NONE', #6263, #2012 ) ;
#4174 = ADVANCED_FACE ( 'NONE', ( #2690 ), #5432, .F. ) ;
#4175 = ORIENTED_EDGE ( 'NONE', *, *, #3293, .T. ) ;
#4176 =( NAMED_UNIT ( * ) SI_UNIT ( $, .STERADIAN. ) SOLID_ANGLE_UNIT ( ) );
#4177 = EDGE_CURVE ( 'NONE', #4203, #3667, #2292, .T. ) ;
#4178 = STYLED_ITEM ( 'NONE', ( #7850 ), #3292 ) ;
#4179 = PRESENTATION_STYLE_ASSIGNMENT (( #1976 ) ) ;
#4180 = FILL_AREA_STYLE ('',( #7320 ) ) ;
#4181 = ORIENTED_EDGE ( 'NONE', *, *, #4435, .F. ) ;
#4182 = EDGE_LOOP ( 'NONE', ( #3930, #6903, #7529, #4772 ) ) ;
#4183 = LINE ( 'NONE', #5913, #2645 ) ;
#4184 = EDGE_CURVE ( 'NONE', #7281, #1786, #1458, .T. ) ;
#4185 = CARTESIAN_POINT ( 'NONE',  ( 3.234999999999999876, 1.649999999999999911, -1.474999999999999867 ) ) ;
#4186 = EDGE_CURVE ( 'NONE', #5835, #964, #1353, .T. ) ;
#4187 = DIRECTION ( 'NONE',  ( 0.0000000000000000000, 0.0000000000000000000, 1.000000000000000000 ) ) ;
#4188 = CARTESIAN_POINT ( 'NONE',  ( -2.274999999999999911, 4.240000000000000213, -0.07499999999999998335 ) ) ;
#4189 = LINE ( 'NONE', #3029, #6823 ) ;
#4190 = ORIENTED_EDGE ( 'NONE', *, *, #510, .F. ) ;
#4191 = VECTOR ( 'NONE', #1996, 1000.000000000000000 ) ;
#4192 = CARTESIAN_POINT ( 'NONE',  ( 4.475000000000000533, 0.5000000000000000000, 2.024999999999999911 ) ) ;
#4193 = EDGE_CURVE ( 'NONE', #8335, #7994, #7795, .T. ) ;
#4194 = LINE ( 'NONE', #1550, #7452 ) ;
#4195 = VECTOR ( 'NONE', #195, 1000.000000000000000 ) ;
#4196 = CARTESIAN_POINT ( 'NONE',  ( -2.875000000000000000, 0.0000000000000000000, 2.024999999999999911 ) ) ;
#4197 = FACE_OUTER_BOUND ( 'NONE', #272, .T. ) ;
#4198 = CARTESIAN_POINT ( 'NONE',  ( 3.225000000000000089, 0.0000000000000000000, -2.024999999999999911 ) ) ;
#4199 = EDGE_CURVE ( 'NONE', #3552, #5080, #3907, .T. ) ;
#4200 = PLANE ( 'NONE',  #4105 ) ;
#4201 = SURFACE_SIDE_STYLE ('',( #2618 ) ) ;
#4202 = VECTOR ( 'NONE', #3470, 1000.000000000000000 ) ;
#4203 = VERTEX_POINT ( 'NONE', #8079 ) ;
#4204 = SURFACE_SIDE_STYLE ('',( #7092 ) ) ;
#4205 = PRESENTATION_STYLE_ASSIGNMENT (( #918 ) ) ;
#4206 = VECTOR ( 'NONE', #6876, 1000.000000000000000 ) ;
#4207 = CARTESIAN_POINT ( 'NONE',  ( 3.225000000000000089, -0.6500000000000000222, -2.075000000000000178 ) ) ;
#4208 = DIRECTION ( 'NONE',  ( 0.0000000000000000000, 0.0000000000000000000, 1.000000000000000000 ) ) ;
#4209 = CARTESIAN_POINT ( 'NONE',  ( -0.4249999999999999889, 1.850000000000000089, -1.698606797699999893 ) ) ;
#4210 = CARTESIAN_POINT ( 'NONE',  ( 0.5250000000000000222, 0.0000000000000000000, 0.0000000000000000000 ) ) ;
#4211 = ADVANCED_FACE ( 'NONE', ( #4931 ), #7346, .T. ) ;
#4212 = DIRECTION ( 'NONE',  ( -1.000000000000000000, 0.0000000000000000000, 0.0000000000000000000 ) ) ;
#4213 = ORIENTED_EDGE ( 'NONE', *, *, #997, .T. ) ;
#4214 = LINE ( 'NONE', #875, #1447 ) ;
#4215 = DIRECTION ( 'NONE',  ( 0.0000000000000000000, 1.000000000000000000, 0.0000000000000000000 ) ) ;
#4216 = MECHANICAL_DESIGN_GEOMETRIC_PRESENTATION_REPRESENTATION (  '', ( #105 ), #1697 ) ;
#4217 = AXIS2_PLACEMENT_3D ( 'NONE', #1692, #4947, #2993 ) ;
#4218 = CARTESIAN_POINT ( 'NONE',  ( 4.474999999999999645, 0.3499999999999999778, -2.075000000000000178 ) ) ;
#4219 =( NAMED_UNIT ( * ) PLANE_ANGLE_UNIT ( ) SI_UNIT ( $, .RADIAN. ) );
#4220 = EDGE_CURVE ( 'NONE', #4146, #2009, #6047, .T. ) ;
#4221 = EDGE_LOOP ( 'NONE', ( #2095, #5445, #2838, #741 ) ) ;
#4222 = VERTEX_POINT ( 'NONE', #1504 ) ;
#4223 = ORIENTED_EDGE ( 'NONE', *, *, #666, .F. ) ;
#4224 = DIRECTION ( 'NONE',  ( 0.0000000000000000000, 0.0000000000000000000, -1.000000000000000000 ) ) ;
#4225 = ORIENTED_EDGE ( 'NONE', *, *, #2866, .F. ) ;
#4226 = VERTEX_POINT ( 'NONE', #192 ) ;
#4227 = ORIENTED_EDGE ( 'NONE', *, *, #2442, .T. ) ;
#4228 = CARTESIAN_POINT ( 'NONE',  ( 3.024999999999999911, 1.850000000000000089, -1.025000000000000133 ) ) ;
#4229 = CARTESIAN_POINT ( 'NONE',  ( 3.225000000000000089, 0.5000000000000000000, 0.0000000000000000000 ) ) ;
#4230 = LINE ( 'NONE', #3236, #7603 ) ;
#4231 = EDGE_CURVE ( 'NONE', #7968, #7100, #2392, .T. ) ;
#4232 = CARTESIAN_POINT ( 'NONE',  ( 1.975000000000000089, 1.315130797599999957, 1.171117220399999770 ) ) ;
#4233 = ORIENTED_EDGE ( 'NONE', *, *, #1552, .F. ) ;
#4234 = ORIENTED_EDGE ( 'NONE', *, *, #4769, .T. ) ;
#4235 = CARTESIAN_POINT ( 'NONE',  ( -2.274999999999999911, 2.000000000000000000, -1.425000000000000044 ) ) ;
#4236 = EDGE_CURVE ( 'NONE', #4471, #5040, #1055, .T. ) ;
#4237 = CARTESIAN_POINT ( 'NONE',  ( 3.225000000000000089, 0.0000000000000000000, 2.024999999999999911 ) ) ;
#4238 = DIRECTION ( 'NONE',  ( 0.0000000000000000000, 1.000000000000000000, 0.0000000000000000000 ) ) ;
#4239 = ORIENTED_EDGE ( 'NONE', *, *, #8222, .F. ) ;
#4240 = EDGE_LOOP ( 'NONE', ( #7835, #4116, #8318, #8244 ) ) ;
#4241 = DIRECTION ( 'NONE',  ( 0.0000000000000000000, -1.000000000000000000, 0.0000000000000000000 ) ) ;
#4242 = DIRECTION ( 'NONE',  ( 0.0000000000000000000, -1.000000000000000000, 0.0000000000000000000 ) ) ;
#4243 = LINE ( 'NONE', #213, #6278 ) ;
#4244 = DIRECTION ( 'NONE',  ( -1.000000000000000000, 0.0000000000000000000, 0.0000000000000000000 ) ) ;
#4245 = SURFACE_STYLE_USAGE ( .BOTH. , #7499 ) ;
#4246 = SURFACE_SIDE_STYLE ('',( #7632 ) ) ;
#4247 = VECTOR ( 'NONE', #8314, 1000.000000000000000 ) ;
#4248 = ORIENTED_EDGE ( 'NONE', *, *, #5655, .T. ) ;
#4249 = ADVANCED_FACE ( 'NONE', ( #638 ), #4787, .T. ) ;
#4250 = EDGE_LOOP ( 'NONE', ( #3809, #6596, #5376, #6355, #143, #5070 ) ) ;
#4251 = ORIENTED_EDGE ( 'NONE', *, *, #5912, .F. ) ;
#4252 = CARTESIAN_POINT ( 'NONE',  ( -1.875000000000000000, 0.5000000000000000000, -1.474999999999999867 ) ) ;
#4253 = VECTOR ( 'NONE', #3199, 1000.000000000000000 ) ;
#4254 = VERTEX_POINT ( 'NONE', #7375 ) ;
#4255 = VECTOR ( 'NONE', #966, 1000.000000000000000 ) ;
#4256 = CARTESIAN_POINT ( 'NONE',  ( 4.625000000000000888, 3.750000000000000000, -2.024999999999999911 ) ) ;
#4257 = CARTESIAN_POINT ( 'NONE',  ( 4.264999999999999680, 1.850000000000000089, -1.025000000000000133 ) ) ;
#4258 = ORIENTED_EDGE ( 'NONE', *, *, #6245, .T. ) ;
#4259 = DIRECTION ( 'NONE',  ( 1.000000000000000000, 0.0000000000000000000, 0.0000000000000000000 ) ) ;
#4260 = CARTESIAN_POINT ( 'NONE',  ( 5.375000000000000000, 1.000000000000000000, -2.024999999999999911 ) ) ;
#4261 = ORIENTED_EDGE ( 'NONE', *, *, #1114, .F. ) ;
#4262 = ORIENTED_EDGE ( 'NONE', *, *, #5363, .F. ) ;
#4263 = VECTOR ( 'NONE', #2480, 1000.000000000000000 ) ;
#4264 = DIRECTION ( 'NONE',  ( -1.000000000000000000, 0.0000000000000000000, 0.0000000000000000000 ) ) ;
#4265 = CARTESIAN_POINT ( 'NONE',  ( 0.5249999999999999112, -0.6500000000000000222, -2.075000000000000178 ) ) ;
#4266 = MECHANICAL_DESIGN_GEOMETRIC_PRESENTATION_REPRESENTATION (  '', ( #6711 ), #6164 ) ;
#4267 = CARTESIAN_POINT ( 'NONE',  ( 1.765000000000000124, 1.850000000000000089, -2.024999999999999911 ) ) ;
#4268 = ORIENTED_EDGE ( 'NONE', *, *, #1958, .T. ) ;
#4269 = AXIS2_PLACEMENT_3D ( 'NONE', #1934, #1959, #1311 ) ;
#4270 = VECTOR ( 'NONE', #10, 1000.000000000000000 ) ;
#4271 = CARTESIAN_POINT ( 'NONE',  ( 4.264999999999999680, 1.850000000000000089, -2.024999999999999911 ) ) ;
#4272 = EDGE_CURVE ( 'NONE', #2210, #7190, #846, .T. ) ;
#4273 = DIRECTION ( 'NONE',  ( 1.000000000000000000, 0.0000000000000000000, 0.0000000000000000000 ) ) ;
#4274 = ORIENTED_EDGE ( 'NONE', *, *, #2873, .F. ) ;
#4275 = VERTEX_POINT ( 'NONE', #5762 ) ;
#4276 = CARTESIAN_POINT ( 'NONE',  ( 6.025000000000001243, 3.599999999999999201, -0.07500000000000128786 ) ) ;
#4277 = ORIENTED_EDGE ( 'NONE', *, *, #1231, .F. ) ;
#4278 = CARTESIAN_POINT ( 'NONE',  ( 6.125000000000000000, 3.149999999999999911, 0.02500000000000000139 ) ) ;
#4279 = LINE ( 'NONE', #3601, #1113 ) ;
#4280 = FILL_AREA_STYLE ('',( #962 ) ) ;
#4281 =( NAMED_UNIT ( * ) SI_UNIT ( $, .STERADIAN. ) SOLID_ANGLE_UNIT ( ) );
#4282 = FACE_OUTER_BOUND ( 'NONE', #685, .T. ) ;
#4283 = VERTEX_POINT ( 'NONE', #3282 ) ;
#4284 = VERTEX_POINT ( 'NONE', #217 ) ;
#4285 = VECTOR ( 'NONE', #5833, 1000.000000000000000 ) ;
#4286 = PLANE ( 'NONE',  #5078 ) ;
#4287 = STYLED_ITEM ( 'NONE', ( #765 ), #107 ) ;
#4288 = PLANE ( 'NONE',  #1148 ) ;
#4289 = ORIENTED_EDGE ( 'NONE', *, *, #5199, .F. ) ;
#4290 = EDGE_CURVE ( 'NONE', #2458, #1143, #4113, .T. ) ;
#4291 = LINE ( 'NONE', #6016, #6013 ) ;
#4292 = CARTESIAN_POINT ( 'NONE',  ( 4.475000000000000533, 1.649999999999999911, 2.024999999999999911 ) ) ;
#4293 = VECTOR ( 'NONE', #4412, 1000.000000000000000 ) ;
#4294 = EDGE_CURVE ( 'NONE', #6605, #6559, #5532, .T. ) ;
#4295 = CARTESIAN_POINT ( 'NONE',  ( 4.275000000000000355, 1.649999999999999911, -1.474999999999999867 ) ) ;
#4296 = ADVANCED_FACE ( 'NONE', ( #7695 ), #3502, .T. ) ;
#4297 = ORIENTED_EDGE ( 'NONE', *, *, #6127, .F. ) ;
#4298 = VECTOR ( 'NONE', #867, 1000.000000000000000 ) ;
#4299 = DIRECTION ( 'NONE',  ( 1.000000000000000000, 0.0000000000000000000, 0.0000000000000000000 ) ) ;
#4300 = LINE ( 'NONE', #7753, #815 ) ;
#4301 = LINE ( 'NONE', #6912, #2153 ) ;
#4302 = EDGE_CURVE ( 'NONE', #754, #6211, #7054, .T. ) ;
#4303 = DIRECTION ( 'NONE',  ( 1.000000000000000000, 0.0000000000000000000, 0.0000000000000000000 ) ) ;
#4304 = CARTESIAN_POINT ( 'NONE',  ( -1.250000000000000000, 0.0000000000000000000, -1.025000000000000133 ) ) ;
#4305 = DIRECTION ( 'NONE',  ( 1.000000000000000000, 0.0000000000000000000, 0.0000000000000000000 ) ) ;
#4306 = CARTESIAN_POINT ( 'NONE',  ( -0.7349999999999999867, 1.850000000000000089, -1.025000000000000133 ) ) ;
#4307 = LINE ( 'NONE', #2877, #8 ) ;
#4308 = EDGE_CURVE ( 'NONE', #8202, #2184, #5929, .T. ) ;
#4309 = VECTOR ( 'NONE', #5366, 1000.000000000000000 ) ;
#4310 = DIRECTION ( 'NONE',  ( 1.000000000000000000, 0.0000000000000000000, 0.0000000000000000000 ) ) ;
#4311 = VECTOR ( 'NONE', #892, 1000.000000000000000 ) ;
#4312 = LINE ( 'NONE', #986, #8282 ) ;
#4313 = CARTESIAN_POINT ( 'NONE',  ( 6.225000000000001421, 3.599999999999999201, -0.07500000000000128786 ) ) ;
#4314 = AXIS2_PLACEMENT_3D ( 'NONE', #1122, #6308, #4378 ) ;
#4315 = DIRECTION ( 'NONE',  ( -0.0000000000000000000, 1.000000000000000000, 0.0000000000000000000 ) ) ;
#4316 = ORIENTED_EDGE ( 'NONE', *, *, #1970, .T. ) ;
#4317 = ORIENTED_EDGE ( 'NONE', *, *, #624, .T. ) ;
#4318 = EDGE_LOOP ( 'NONE', ( #1271, #587, #5842, #355 ) ) ;
#4319 = CARTESIAN_POINT ( 'NONE',  ( -2.274999999999999911, 2.000000000000000000, -1.425000000000000044 ) ) ;
#4320 = DIRECTION ( 'NONE',  ( -1.000000000000000000, 0.0000000000000000000, 0.0000000000000000000 ) ) ;
#4321 = LINE ( 'NONE', #5492, #231 ) ;
#4322 = ORIENTED_EDGE ( 'NONE', *, *, #1719, .T. ) ;
#4323 = ORIENTED_EDGE ( 'NONE', *, *, #4604, .T. ) ;
#4324 = ORIENTED_EDGE ( 'NONE', *, *, #8062, .T. ) ;
#4325 = PLANE ( 'NONE',  #7939 ) ;
#4326 =( GEOMETRIC_REPRESENTATION_CONTEXT ( 3 ) GLOBAL_UNCERTAINTY_ASSIGNED_CONTEXT ( ( #388 ) ) GLOBAL_UNIT_ASSIGNED_CONTEXT ( ( #7917, #2691, #7268 ) ) REPRESENTATION_CONTEXT ( 'NONE', 'WORKASPACE' ) );
#4327 = AXIS2_PLACEMENT_3D ( 'NONE', #1125, #4354, #8227 ) ;
#4328 = CARTESIAN_POINT ( 'NONE',  ( -0.5250000000000000222, 1.000000000000000000, 0.0000000000000000000 ) ) ;
#4329 = DIRECTION ( 'NONE',  ( 0.0000000000000000000, 0.0000000000000000000, 1.000000000000000000 ) ) ;
#4330 = VERTEX_POINT ( 'NONE', #2817 ) ;
#4331 = EDGE_CURVE ( 'NONE', #5089, #6363, #4214, .T. ) ;
#4332 = LINE ( 'NONE', #1361, #6872 ) ;
#4333 = PRESENTATION_LAYER_ASSIGNMENT (  '', '', ( #1151 ) ) ;
#4334 = CARTESIAN_POINT ( 'NONE',  ( -1.875000000000000000, 3.750000000000000000, 2.025999999999999801 ) ) ;
#4335 = ORIENTED_EDGE ( 'NONE', *, *, #791, .T. ) ;
#4336 = CARTESIAN_POINT ( 'NONE',  ( 0.7250000000000000888, 1.850000000000000089, -1.025000000000000133 ) ) ;
#4337 = FILL_AREA_STYLE_COLOUR ( '', #4656 ) ;
#4338 = EDGE_LOOP ( 'NONE', ( #1594, #7194, #908, #6815, #6459, #5559 ) ) ;
#4339 = ADVANCED_FACE ( 'NONE', ( #8291 ), #1443, .T. ) ;
#4340 = DIRECTION ( 'NONE',  ( 0.0000000000000000000, -1.000000000000000000, -3.212450881438532635E-15 ) ) ;
#4341 = EDGE_CURVE ( 'NONE', #4682, #6044, #3597, .T. ) ;
#4342 = VECTOR ( 'NONE', #8333, 1000.000000000000000 ) ;
#4343 = EDGE_CURVE ( 'NONE', #4359, #1250, #7370, .T. ) ;
#4344 = ORIENTED_EDGE ( 'NONE', *, *, #3386, .F. ) ;
#4345 = DIRECTION ( 'NONE',  ( 0.0000000000000000000, 1.000000000000000000, 2.552445434498790050E-15 ) ) ;
#4346 = VERTEX_POINT ( 'NONE', #6744 ) ;
#4347 = LINE ( 'NONE', #8182, #869 ) ;
#4348 = EDGE_CURVE ( 'NONE', #5682, #3766, #636, .T. ) ;
#4349 = CARTESIAN_POINT ( 'NONE',  ( 3.234999999999999876, 0.0000000000000000000, -1.474999999999999867 ) ) ;
#4350 = LINE ( 'NONE', #2843, #752 ) ;
#4351 = ORIENTED_EDGE ( 'NONE', *, *, #108, .T. ) ;
#4352 = DIRECTION ( 'NONE',  ( 0.0000000000000000000, 0.0000000000000000000, 1.000000000000000000 ) ) ;
#4353 = ORIENTED_EDGE ( 'NONE', *, *, #6531, .F. ) ;
#4354 = DIRECTION ( 'NONE',  ( 0.0000000000000000000, 0.0000000000000000000, -1.000000000000000000 ) ) ;
#4355 = FACE_OUTER_BOUND ( 'NONE', #1462, .T. ) ;
#4356 = EDGE_CURVE ( 'NONE', #4416, #2834, #729, .T. ) ;
#4357 = DIRECTION ( 'NONE',  ( 0.0000000000000000000, 0.0000000000000000000, -1.000000000000000000 ) ) ;
#4358 = VECTOR ( 'NONE', #6806, 1000.000000000000000 ) ;
#4359 = VERTEX_POINT ( 'NONE', #158 ) ;
#4360 = ORIENTED_EDGE ( 'NONE', *, *, #76, .F. ) ;
#4361 = SURFACE_SIDE_STYLE ('',( #5797 ) ) ;
#4362 = ORIENTED_EDGE ( 'NONE', *, *, #38, .F. ) ;
#4363 = CARTESIAN_POINT ( 'NONE',  ( 3.225000000000000089, 1.850000000000000089, -2.024999999999999911 ) ) ;
#4364 = DIRECTION ( 'NONE',  ( -1.000000000000000000, 0.0000000000000000000, 0.0000000000000000000 ) ) ;
#4366 = VERTEX_POINT ( 'NONE', #191 ) ;
#4365 = CARTESIAN_POINT ( 'NONE',  ( 0.7250000000000000888, -0.6500000000000000222, -2.075000000000000178 ) ) ;
#4367 = VECTOR ( 'NONE', #3850, 1000.000000000000000 ) ;
#4368 = LINE ( 'NONE', #528, #172 ) ;
#4369 = ORIENTED_EDGE ( 'NONE', *, *, #510, .T. ) ;
#4370 = VERTEX_POINT ( 'NONE', #2767 ) ;
#4371 = DIRECTION ( 'NONE',  ( 0.0000000000000000000, 1.000000000000000000, 3.212450881438532635E-15 ) ) ;
#4372 = LINE ( 'NONE', #6415, #7324 ) ;
#4373 = ORIENTED_EDGE ( 'NONE', *, *, #1110, .F. ) ;
#4374 = ORIENTED_EDGE ( 'NONE', *, *, #7470, .F. ) ;
#4375 = LINE ( 'NONE', #5683, #7014 ) ;
#4376 = DIRECTION ( 'NONE',  ( 0.0000000000000000000, -1.000000000000000000, 0.0000000000000000000 ) ) ;
#4377 = DIRECTION ( 'NONE',  ( -0.0000000000000000000, 1.000000000000000000, -0.0000000000000000000 ) ) ;
#4378 = DIRECTION ( 'NONE',  ( 0.0000000000000000000, 0.0000000000000000000, -1.000000000000000000 ) ) ;
#4379 = VECTOR ( 'NONE', #664, 1000.000000000000000 ) ;
#4380 = MECHANICAL_DESIGN_GEOMETRIC_PRESENTATION_REPRESENTATION (  '', ( #2194 ), #4814 ) ;
#4381 = AXIS2_PLACEMENT_3D ( 'NONE', #7407, #4163, #4241 ) ;
#4382 = ADVANCED_FACE ( 'NONE', ( #5117 ), #6685, .T. ) ;
#4383 = ORIENTED_EDGE ( 'NONE', *, *, #406, .F. ) ;
#4384 = VERTEX_POINT ( 'NONE', #6034 ) ;
#4385 = LINE ( 'NONE', #968, #2855 ) ;
#4386 = DIRECTION ( 'NONE',  ( 0.0000000000000000000, 1.000000000000000000, 0.0000000000000000000 ) ) ;
#4387 = EDGE_CURVE ( 'NONE', #3467, #2923, #6961, .T. ) ;
#4388 = ADVANCED_FACE ( 'NONE', ( #6143 ), #3617, .F. ) ;
#4389 = VECTOR ( 'NONE', #3012, 1000.000000000000000 ) ;
#4390 = CARTESIAN_POINT ( 'NONE',  ( -0.7349999999999999867, 1.649999999999999911, -1.698606797699999893 ) ) ;
#4391 = DIRECTION ( 'NONE',  ( 0.0000000000000000000, -1.000000000000000000, 0.0000000000000000000 ) ) ;
#4392 =( NAMED_UNIT ( * ) PLANE_ANGLE_UNIT ( ) SI_UNIT ( $, .RADIAN. ) );
#4393 = ORIENTED_EDGE ( 'NONE', *, *, #7495, .T. ) ;
#4394 = FILL_AREA_STYLE ('',( #503 ) ) ;
#4395 = DIRECTION ( 'NONE',  ( 0.0000000000000000000, -1.000000000000000000, 0.0000000000000000000 ) ) ;
#4396 = DIRECTION ( 'NONE',  ( 0.0000000000000000000, 1.084202172485501673E-15, 1.000000000000000000 ) ) ;
#4397 = VECTOR ( 'NONE', #634, 1000.000000000000000 ) ;
#4398 = FACE_OUTER_BOUND ( 'NONE', #6489, .T. ) ;
#4399 = VERTEX_POINT ( 'NONE', #4919 ) ;
#4400 = DIRECTION ( 'NONE',  ( 0.0000000000000000000, 0.0000000000000000000, -1.000000000000000000 ) ) ;
#4401 = FACE_OUTER_BOUND ( 'NONE', #5256, .T. ) ;
#4402 = VECTOR ( 'NONE', #6505, 1000.000000000000000 ) ;
#4403 = EDGE_CURVE ( 'NONE', #3542, #2982, #3711, .T. ) ;
#4404 = LINE ( 'NONE', #3404, #1543 ) ;
#4405 = DIRECTION ( 'NONE',  ( -0.0000000000000000000, 1.000000000000000000, 0.0000000000000000000 ) ) ;
#4406 = VECTOR ( 'NONE', #2963, 1000.000000000000000 ) ;
#4407 = EDGE_CURVE ( 'NONE', #259, #2829, #1758, .T. ) ;
#4408 = DIRECTION ( 'NONE',  ( 0.0000000000000000000, 1.000000000000000000, 0.0000000000000000000 ) ) ;
#4409 = VECTOR ( 'NONE', #8178, 1000.000000000000000 ) ;
#4410 = MANIFOLD_SOLID_BREP ( 'Combine7', #578 ) ;
#4411 = LINE ( 'NONE', #5519, #832 ) ;
#4412 = DIRECTION ( 'NONE',  ( -1.000000000000000000, 0.0000000000000000000, 0.0000000000000000000 ) ) ;
#4413 = CARTESIAN_POINT ( 'NONE',  ( 1.975000000000000089, 1.315130797599999957, 1.171117220399999770 ) ) ;
#4414 = CARTESIAN_POINT ( 'NONE',  ( -0.5250000000000000222, 0.5000000000000000000, 2.024999999999999911 ) ) ;
#4415 =( NAMED_UNIT ( * ) SI_UNIT ( $, .STERADIAN. ) SOLID_ANGLE_UNIT ( ) );
#4416 = VERTEX_POINT ( 'NONE', #7443 ) ;
#4417 = ORIENTED_EDGE ( 'NONE', *, *, #6242, .F. ) ;
#4418 = VECTOR ( 'NONE', #8196, 1000.000000000000000 ) ;
#4419 = PLANE ( 'NONE',  #3777 ) ;
#4420 = FACE_OUTER_BOUND ( 'NONE', #771, .T. ) ;
#4421 = ADVANCED_FACE ( 'NONE', ( #4420 ), #1562, .T. ) ;
#4422 = UNCERTAINTY_MEASURE_WITH_UNIT (LENGTH_MEASURE( 1.000000000000000082E-05 ), #8346, 'distance_accuracy_value', 'NONE');
#4423 =( NAMED_UNIT ( * ) PLANE_ANGLE_UNIT ( ) SI_UNIT ( $, .RADIAN. ) );
#4424 = ORIENTED_EDGE ( 'NONE', *, *, #5371, .T. ) ;
#4425 = EDGE_LOOP ( 'NONE', ( #6281, #7232, #3922, #6261 ) ) ;
#4426 = VERTEX_POINT ( 'NONE', #4276 ) ;
#4427 = ORIENTED_EDGE ( 'NONE', *, *, #1651, .T. ) ;
#4428 = STYLED_ITEM ( 'NONE', ( #1677 ), #3744 ) ;
#4429 = VECTOR ( 'NONE', #3900, 1000.000000000000000 ) ;
#4430 = ORIENTED_EDGE ( 'NONE', *, *, #180, .T. ) ;
#4431 = AXIS2_PLACEMENT_3D ( 'NONE', #1943, #3967, #6507 ) ;
#4432 = VERTEX_POINT ( 'NONE', #2252 ) ;
#4433 = DIRECTION ( 'NONE',  ( 0.0000000000000000000, 0.0000000000000000000, 1.000000000000000000 ) ) ;
#4434 = ORIENTED_EDGE ( 'NONE', *, *, #7685, .T. ) ;
#4435 = EDGE_CURVE ( 'NONE', #7968, #6044, #2886, .T. ) ;
#4436 = DIRECTION ( 'NONE',  ( 0.0000000000000000000, 0.0000000000000000000, 1.000000000000000000 ) ) ;
#4437 = PLANE ( 'NONE',  #8292 ) ;
#4438 = VERTEX_POINT ( 'NONE', #3533 ) ;
#4439 = ORIENTED_EDGE ( 'NONE', *, *, #2250, .T. ) ;
#4440 = SURFACE_SIDE_STYLE ('',( #3695 ) ) ;
#4441 = CARTESIAN_POINT ( 'NONE',  ( -2.875000000000000000, 4.250000000000000000, -0.07499999999999998335 ) ) ;
#4442 = AXIS2_PLACEMENT_3D ( 'NONE', #3141, #6265, #2373 ) ;
#4443 =( LENGTH_UNIT ( ) NAMED_UNIT ( * ) SI_UNIT ( .MILLI., .METRE. ) );
#4444 = DIRECTION ( 'NONE',  ( 0.0000000000000000000, 0.7468134723257140450, -0.6650335612228979176 ) ) ;
#4445 = LINE ( 'NONE', #5450, #6168 ) ;
#4446 = ORIENTED_EDGE ( 'NONE', *, *, #7371, .T. ) ;
#4447 = ORIENTED_EDGE ( 'NONE', *, *, #6518, .F. ) ;
#4448 = DIRECTION ( 'NONE',  ( 0.0000000000000000000, 0.0000000000000000000, 1.000000000000000000 ) ) ;
#4449 = EDGE_CURVE ( 'NONE', #6492, #5860, #9, .T. ) ;
#4450 = VECTOR ( 'NONE', #5116, 1000.000000000000000 ) ;
#4451 = LINE ( 'NONE', #2486, #6998 ) ;
#4452 = EDGE_CURVE ( 'NONE', #2890, #3652, #1140, .T. ) ;
#4453 = ORIENTED_EDGE ( 'NONE', *, *, #3354, .F. ) ;
#4454 = CLOSED_SHELL ( 'NONE', ( #2888, #6650, #2412, #7811, #6039, #8466, #1335, #6573, #5846, #2736, #1952, #7215, #1128, #630, #3102, #5692, #6854, #7636 ) ) ;
#4455 = EDGE_CURVE ( 'NONE', #4284, #3451, #2271, .T. ) ;
#4457 = FACE_OUTER_BOUND ( 'NONE', #564, .T. ) ;
#4456 = CARTESIAN_POINT ( 'NONE',  ( -0.3750000000000000000, 2.250000000000000000, 1.025000000000000133 ) ) ;
#4458 = CARTESIAN_POINT ( 'NONE',  ( 1.775000000000000133, 1.850000000000000089, 2.024999999999999911 ) ) ;
#4459 = LINE ( 'NONE', #2881, #8334 ) ;
#4460 = CARTESIAN_POINT ( 'NONE',  ( 2.925000000000000266, 1.850000000000000089, -1.474999999999999867 ) ) ;
#4461 = FACE_OUTER_BOUND ( 'NONE', #2359, .T. ) ;
#4462 = DIRECTION ( 'NONE',  ( 0.0000000000000000000, 0.0000000000000000000, -1.000000000000000000 ) ) ;
#4463 = CARTESIAN_POINT ( 'NONE',  ( 4.275000000000000355, 1.350000000000000089, 0.0000000000000000000 ) ) ;
#4464 = DIRECTION ( 'NONE',  ( 1.000000000000000000, 0.0000000000000000000, 0.0000000000000000000 ) ) ;
#4465 = ORIENTED_EDGE ( 'NONE', *, *, #5764, .T. ) ;
#4466 = EDGE_CURVE ( 'NONE', #8093, #5778, #8195, .T. ) ;
#4467 = DIRECTION ( 'NONE',  ( 0.0000000000000000000, -1.000000000000000000, 0.0000000000000000000 ) ) ;
#4468 = ORIENTED_EDGE ( 'NONE', *, *, #3055, .F. ) ;
#4469 = PLANE ( 'NONE',  #2181 ) ;
#4470 = ORIENTED_EDGE ( 'NONE', *, *, #6619, .T. ) ;
#4471 = VERTEX_POINT ( 'NONE', #4869 ) ;
#4472 = LINE ( 'NONE', #3728, #7845 ) ;
#4473 = CARTESIAN_POINT ( 'NONE',  ( 0.07499999999999998335, 1.850000000000000089, 2.024999999999999911 ) ) ;
#4474 = SURFACE_STYLE_USAGE ( .BOTH. , #8373 ) ;
#4475 = CARTESIAN_POINT ( 'NONE',  ( -0.7249999999999999778, 1.850000000000000089, -1.025000000000000133 ) ) ;
#4476 = CARTESIAN_POINT ( 'NONE',  ( -2.274999999999999911, 3.599999999999999201, -0.07500000000000128786 ) ) ;
#4477 = LINE ( 'NONE', #561, #6099 ) ;
#4478 = ORIENTED_EDGE ( 'NONE', *, *, #4302, .T. ) ;
#4479 = ORIENTED_EDGE ( 'NONE', *, *, #6688, .T. ) ;
#4480 = VECTOR ( 'NONE', #2199, 1000.000000000000000 ) ;
#4481 = DIRECTION ( 'NONE',  ( 0.0000000000000000000, 1.000000000000000000, 0.0000000000000000000 ) ) ;
#4482 = ORIENTED_EDGE ( 'NONE', *, *, #1929, .T. ) ;
#4483 = ORIENTED_EDGE ( 'NONE', *, *, #2584, .T. ) ;
#4484 = CARTESIAN_POINT ( 'NONE',  ( 3.234999999999999876, 1.850000000000000089, -1.025000000000000133 ) ) ;
#4485 = CARTESIAN_POINT ( 'NONE',  ( 3.750000000000000888, 1.000000000000000000, -1.474999999999999867 ) ) ;
#4486 = SURFACE_STYLE_USAGE ( .BOTH. , #1829 ) ;
#4487 = AXIS2_PLACEMENT_3D ( 'NONE', #6411, #1218, #2488 ) ;
#4488 = MECHANICAL_DESIGN_GEOMETRIC_PRESENTATION_REPRESENTATION (  '', ( #4036 ), #4917 ) ;
#4489 = ORIENTED_EDGE ( 'NONE', *, *, #5530, .F. ) ;
#4490 = CARTESIAN_POINT ( 'NONE',  ( 0.8249999999999999556, 1.850000000000000089, -1.698606797699999893 ) ) ;
#4491 = LINE ( 'NONE', #2894, #7862 ) ;
#4492 = EDGE_CURVE ( 'NONE', #5896, #5046, #7883, .T. ) ;
#4493 = DIRECTION ( 'NONE',  ( -1.000000000000000000, 0.0000000000000000000, 0.0000000000000000000 ) ) ;
#4494 = CARTESIAN_POINT ( 'NONE',  ( 1.975000000000000089, 0.0000000000000000000, -2.024999999999999911 ) ) ;
#4495 = VECTOR ( 'NONE', #6996, 1000.000000000000000 ) ;
#4496 = PLANE ( 'NONE',  #2429 ) ;
#4497 = LINE ( 'NONE', #6098, #2766 ) ;
#4498 = EDGE_CURVE ( 'NONE', #2222, #7757, #5628, .T. ) ;
#4499 = EDGE_LOOP ( 'NONE', ( #258, #7701, #1324, #8235, #921, #5926, #1388, #3300, #4261, #4118, #7717, #5139, #1995, #3946, #7484, #6089 ) ) ;
#4500 = EDGE_CURVE ( 'NONE', #4732, #3656, #4411, .T. ) ;
#4501 = CARTESIAN_POINT ( 'NONE',  ( 5.125000000000000888, 3.750000000000000000, 2.024999999999999911 ) ) ;
#4502 = CARTESIAN_POINT ( 'NONE',  ( -0.7249999999999999778, 1.850000000000000089, 2.024999999999999911 ) ) ;
#4503 = CARTESIAN_POINT ( 'NONE',  ( 6.225000000000001421, 4.249999999999992895, -0.07499999999999976130 ) ) ;
#4504 = EDGE_CURVE ( 'NONE', #1653, #7796, #4312, .T. ) ;
#4505 = DIRECTION ( 'NONE',  ( 1.000000000000000000, 0.0000000000000000000, 0.0000000000000000000 ) ) ;
#4506 = ADVANCED_FACE ( 'NONE', ( #4514 ), #3111, .T. ) ;
#4507 = LINE ( 'NONE', #8344, #4098 ) ;
#4508 = EDGE_CURVE ( 'NONE', #5472, #4040, #4820, .T. ) ;
#4509 = PRESENTATION_LAYER_ASSIGNMENT (  '', '', ( #6451 ) ) ;
#4510 = DIRECTION ( 'NONE',  ( 1.000000000000000000, 0.0000000000000000000, 0.0000000000000000000 ) ) ;
#4511 = ADVANCED_FACE ( 'NONE', ( #2674 ), #6264, .F. ) ;
#4512 = DIRECTION ( 'NONE',  ( -1.000000000000000000, 0.0000000000000000000, 0.0000000000000000000 ) ) ;
#4513 = EDGE_CURVE ( 'NONE', #8397, #2707, #7157, .T. ) ;
#4514 = FACE_OUTER_BOUND ( 'NONE', #1047, .T. ) ;
#4515 = DIRECTION ( 'NONE',  ( 0.0000000000000000000, -1.000000000000000000, 0.0000000000000000000 ) ) ;
#4516 = CARTESIAN_POINT ( 'NONE',  ( -2.274999999999999911, 2.000000000000000000, -2.024999999999999911 ) ) ;
#4517 = DIRECTION ( 'NONE',  ( 1.000000000000000000, 0.0000000000000000000, 0.0000000000000000000 ) ) ;
#4518 = DIRECTION ( 'NONE',  ( -1.000000000000000000, 0.0000000000000000000, 0.0000000000000000000 ) ) ;
#4519 = CARTESIAN_POINT ( 'NONE',  ( 6.225000000000001421, 3.599999999999999201, -0.07500000000000128786 ) ) ;
#4520 = ORIENTED_EDGE ( 'NONE', *, *, #226, .F. ) ;
#4521 = EDGE_LOOP ( 'NONE', ( #2059, #4778, #6354, #7415 ) ) ;
#4522 = LINE ( 'NONE', #1762, #1241 ) ;
#4523 = DIRECTION ( 'NONE',  ( -0.0000000000000000000, 1.000000000000000000, 0.0000000000000000000 ) ) ;
#4524 = ORIENTED_EDGE ( 'NONE', *, *, #5540, .T. ) ;
#4525 = CARTESIAN_POINT ( 'NONE',  ( -0.7249999999999999778, 1.350000000000000089, -1.525000000000000133 ) ) ;
#4526 = AXIS2_PLACEMENT_3D ( 'NONE', #6145, #1561, #325 ) ;
#4527 = LINE ( 'NONE', #3445, #6563 ) ;
#4528 = CARTESIAN_POINT ( 'NONE',  ( 1.774999999999999911, -0.6500000000000000222, -1.775000000000000133 ) ) ;
#4529 = VERTEX_POINT ( 'NONE', #2423 ) ;
#4530 = DIRECTION ( 'NONE',  ( 0.0000000000000000000, 0.0000000000000000000, -1.000000000000000000 ) ) ;
#4531 = ORIENTED_EDGE ( 'NONE', *, *, #1702, .T. ) ;
#4532 = ORIENTED_EDGE ( 'NONE', *, *, #2649, .T. ) ;
#4533 = SURFACE_SIDE_STYLE ('',( #4584 ) ) ;
#4534 = VECTOR ( 'NONE', #4706, 1000.000000000000114 ) ;
#4535 = EDGE_LOOP ( 'NONE', ( #6074, #6289, #5439, #5754, #4213, #3217, #6486, #3139, #7021, #8124, #5156, #4155, #4976, #1452 ) ) ;
#4536 = CLOSED_SHELL ( 'NONE', ( #4972, #6, #7935, #5486, #69, #3388, #7137, #749 ) ) ;
#4537 = CARTESIAN_POINT ( 'NONE',  ( -2.274999999999999911, 1.999999999999998668, -1.425000000000000933 ) ) ;
#4538 = ORIENTED_EDGE ( 'NONE', *, *, #6731, .F. ) ;
#4539 = AXIS2_PLACEMENT_3D ( 'NONE', #8186, #7140, #1405 ) ;
#4540 = DIRECTION ( 'NONE',  ( 0.0000000000000000000, -1.000000000000000000, -4.336808689942024836E-15 ) ) ;
#4541 = AXIS2_PLACEMENT_3D ( 'NONE', #7561, #6861, #2943 ) ;
#4542 = VERTEX_POINT ( 'NONE', #8233 ) ;
#4543 = ORIENTED_EDGE ( 'NONE', *, *, #3573, .T. ) ;
#4544 = EDGE_LOOP ( 'NONE', ( #2544, #3068, #2805, #7791 ) ) ;
#4545 = PLANE ( 'NONE',  #5180 ) ;
#4546 = CARTESIAN_POINT ( 'NONE',  ( 3.225000000000000089, 0.5547525681000000652, 2.024999999999999911 ) ) ;
#4547 = CARTESIAN_POINT ( 'NONE',  ( -1.875000000000000000, 3.149999999999999911, -2.024999999999999911 ) ) ;
#4548 = LINE ( 'NONE', #5399, #1589 ) ;
#4549 = DIRECTION ( 'NONE',  ( 0.0000000000000000000, -1.000000000000000000, 0.0000000000000000000 ) ) ;
#4550 = VECTOR ( 'NONE', #2878, 1000.000000000000000 ) ;
#4551 = SURFACE_STYLE_USAGE ( .BOTH. , #6513 ) ;
#4552 = EDGE_LOOP ( 'NONE', ( #4223, #1861, #241, #1511 ) ) ;
#4553 = ADVANCED_FACE ( 'NONE', ( #3702 ), #1807, .T. ) ;
#4554 = CARTESIAN_POINT ( 'NONE',  ( 5.625000000000000888, 2.550000000000000266, 2.024999999999999911 ) ) ;
#4555 = LINE ( 'NONE', #5407, #5665 ) ;
#4556 = ORIENTED_EDGE ( 'NONE', *, *, #1882, .T. ) ;
#4557 = VECTOR ( 'NONE', #3421, 1000.000000000000000 ) ;
#4558 = MECHANICAL_DESIGN_GEOMETRIC_PRESENTATION_REPRESENTATION (  '', ( #6948 ), #4989 ) ;
#4559 = PRESENTATION_STYLE_ASSIGNMENT (( #3594 ) ) ;
#4560 = EDGE_LOOP ( 'NONE', ( #4617, #977, #363, #4966 ) ) ;
#4561 = EDGE_CURVE ( 'NONE', #5617, #2834, #221, .T. ) ;
#4562 = ORIENTED_EDGE ( 'NONE', *, *, #6343, .T. ) ;
#4563 = ORIENTED_EDGE ( 'NONE', *, *, #5649, .T. ) ;
#4564 = EDGE_CURVE ( 'NONE', #2758, #1823, #7582, .T. ) ;
#4565 = FACE_OUTER_BOUND ( 'NONE', #7417, .T. ) ;
#4566 = VECTOR ( 'NONE', #3070, 1000.000000000000000 ) ;
#4567 = ORIENTED_EDGE ( 'NONE', *, *, #6075, .F. ) ;
#4568 = DIRECTION ( 'NONE',  ( -1.000000000000000000, 0.0000000000000000000, 0.0000000000000000000 ) ) ;
#4569 = EDGE_CURVE ( 'NONE', #5872, #1191, #7787, .T. ) ;
#4570 = CARTESIAN_POINT ( 'NONE',  ( 1.975000000000000089, 1.850000000000000089, -1.698606797699999893 ) ) ;
#4571 = EDGE_LOOP ( 'NONE', ( #4876, #859, #5434, #4478, #7934, #7537, #8350, #4047 ) ) ;
#4572 = LINE ( 'NONE', #787, #2438 ) ;
#4573 = ORIENTED_EDGE ( 'NONE', *, *, #2935, .T. ) ;
#4574 = ORIENTED_EDGE ( 'NONE', *, *, #6241, .F. ) ;
#4575 = LINE ( 'NONE', #1664, #3956 ) ;
#4576 = PLANE ( 'NONE',  #6063 ) ;
#4577 = CARTESIAN_POINT ( 'NONE',  ( 2.875000000000000000, 1.000000000000000000, -1.525000000000000133 ) ) ;
#4578 = EDGE_LOOP ( 'NONE', ( #3541, #4482, #33, #476 ) ) ;
#4579 = DIRECTION ( 'NONE',  ( 1.000000000000000000, 0.0000000000000000000, 0.0000000000000000000 ) ) ;
#4580 = ADVANCED_FACE ( 'NONE', ( #7687 ), #392, .T. ) ;
#4581 = PLANE ( 'NONE',  #2530 ) ;
#4582 = LINE ( 'NONE', #1156, #1613 ) ;
#4583 = EDGE_LOOP ( 'NONE', ( #3939, #3390, #3757, #4969 ) ) ;
#4584 = SURFACE_STYLE_FILL_AREA ( #3303 ) ;
#4585 = DIRECTION ( 'NONE',  ( 0.0000000000000000000, 0.0000000000000000000, -1.000000000000000000 ) ) ;
#4586 = LINE ( 'NONE', #6222, #7956 ) ;
#4587 = LINE ( 'NONE', #2941, #2862 ) ;
#4588 = AXIS2_PLACEMENT_3D ( 'NONE', #648, #3305, #5202 ) ;
#4589 = PLANE ( 'NONE',  #7594 ) ;
#4590 = EDGE_LOOP ( 'NONE', ( #6548, #3747, #2400, #6115 ) ) ;
#4591 = LINE ( 'NONE', #4623, #6318 ) ;
#4592 = DIRECTION ( 'NONE',  ( -1.000000000000000000, 0.0000000000000000000, 0.0000000000000000000 ) ) ;
#4593 = CARTESIAN_POINT ( 'NONE',  ( 0.8249999999999999556, 1.649999999999999911, -1.474999999999999867 ) ) ;
#4594 = EDGE_CURVE ( 'NONE', #140, #6809, #5922, .T. ) ;
#4595 = VECTOR ( 'NONE', #2089, 1000.000000000000000 ) ;
#4596 = CARTESIAN_POINT ( 'NONE',  ( 4.474999999999999645, 0.0000000000000000000, 2.024999999999999911 ) ) ;
#4597 = ADVANCED_FACE ( 'NONE', ( #722 ), #3060, .F. ) ;
#4598 = VECTOR ( 'NONE', #3187, 1000.000000000000000 ) ;
#4599 = CARTESIAN_POINT ( 'NONE',  ( 0.07499999999999998335, 1.850000000000000089, -1.474999999999999867 ) ) ;
#4600 = DIRECTION ( 'NONE',  ( 0.0000000000000000000, -1.000000000000000000, 0.0000000000000000000 ) ) ;
#4601 = DIRECTION ( 'NONE',  ( 1.000000000000000000, 0.0000000000000000000, 0.0000000000000000000 ) ) ;
#4602 = DIRECTION ( 'NONE',  ( 0.0000000000000000000, -1.000000000000000000, 0.0000000000000000000 ) ) ;
#4603 = FACE_OUTER_BOUND ( 'NONE', #5250, .T. ) ;
#4604 = EDGE_CURVE ( 'NONE', #5458, #4029, #5723, .T. ) ;
#4605 = PRESENTATION_LAYER_ASSIGNMENT (  '', '', ( #4178 ) ) ;
#4606 =( NAMED_UNIT ( * ) SI_UNIT ( $, .STERADIAN. ) SOLID_ANGLE_UNIT ( ) );
#4607 = DIRECTION ( 'NONE',  ( 0.0000000000000000000, 0.0000000000000000000, -1.000000000000000000 ) ) ;
#4608 = EDGE_CURVE ( 'NONE', #63, #7133, #626, .T. ) ;
#4609 = VECTOR ( 'NONE', #6640, 1000.000000000000000 ) ;
#4610 = CARTESIAN_POINT ( 'NONE',  ( 2.925000000000000266, 1.850000000000000089, 2.024999999999999911 ) ) ;
#4611 = EDGE_CURVE ( 'NONE', #3913, #6598, #1237, .T. ) ;
#4612 = SURFACE_STYLE_USAGE ( .BOTH. , #4533 ) ;
#4613 = CARTESIAN_POINT ( 'NONE',  ( 0.7249999999999998668, -0.6500000000000000222, -1.775000000000000133 ) ) ;
#4614 = EDGE_LOOP ( 'NONE', ( #6304, #6297, #6174, #4031 ) ) ;
#4615 = VECTOR ( 'NONE', #3803, 1000.000000000000000 ) ;
#4616 = EDGE_CURVE ( 'NONE', #6683, #7298, #3593, .T. ) ;
#4617 = ORIENTED_EDGE ( 'NONE', *, *, #2649, .F. ) ;
#4618 = CARTESIAN_POINT ( 'NONE',  ( 3.024999999999999911, 1.850000000000000089, -1.698606797699999893 ) ) ;
#4619 = EDGE_CURVE ( 'NONE', #3131, #8303, #1847, .T. ) ;
#4620 = ORIENTED_EDGE ( 'NONE', *, *, #501, .T. ) ;
#4621 = ORIENTED_EDGE ( 'NONE', *, *, #3638, .F. ) ;
#4622 = EDGE_LOOP ( 'NONE', ( #7961, #7525, #7790, #6381 ) ) ;
#4623 = CARTESIAN_POINT ( 'NONE',  ( 4.474999999999999645, -0.6500000000000000222, -2.075000000000000178 ) ) ;
#4624 = CARTESIAN_POINT ( 'NONE',  ( -0.5250000000000000222, 0.3500000000000000333, -2.024999999999999911 ) ) ;
#4625 = VECTOR ( 'NONE', #7229, 1000.000000000000000 ) ;
#4626 = DIRECTION ( 'NONE',  ( 0.0000000000000000000, 0.0000000000000000000, 1.000000000000000000 ) ) ;
#4627 = VERTEX_POINT ( 'NONE', #4610 ) ;
#4628 = VERTEX_POINT ( 'NONE', #2728 ) ;
#4629 = CARTESIAN_POINT ( 'NONE',  ( 3.324999999999999734, 1.850000000000000089, -1.698606797699999893 ) ) ;
#4630 = AXIS2_PLACEMENT_3D ( 'NONE', #6314, #2420, #6997 ) ;
#4631 = ADVANCED_FACE ( 'NONE', ( #110 ), #3810, .T. ) ;
#4632 = CARTESIAN_POINT ( 'NONE',  ( 0.5250000000000000222, 1.649999999999999911, 2.024999999999999911 ) ) ;
#4633 = SURFACE_STYLE_FILL_AREA ( #1147 ) ;
#4634 = ORIENTED_EDGE ( 'NONE', *, *, #5253, .T. ) ;
#4635 = ORIENTED_EDGE ( 'NONE', *, *, #6518, .T. ) ;
#4636 = CARTESIAN_POINT ( 'NONE',  ( 6.025000000000001243, 2.000000000000000000, -2.024999999999999911 ) ) ;
#4637 = CARTESIAN_POINT ( 'NONE',  ( 1.675000000000000044, 1.850000000000000089, -1.698606797699999893 ) ) ;
#4638 = LINE ( 'NONE', #8064, #4550 ) ;
#4639 = PRESENTATION_LAYER_ASSIGNMENT (  '', '', ( #6828 ) ) ;
#4640 = PRESENTATION_LAYER_ASSIGNMENT (  '', '', ( #2581 ) ) ;
#4641 = ORIENTED_EDGE ( 'NONE', *, *, #4466, .F. ) ;
#4642 = ORIENTED_EDGE ( 'NONE', *, *, #4302, .F. ) ;
#4643 = DIRECTION ( 'NONE',  ( -0.0000000000000000000, 1.000000000000000000, 0.0000000000000000000 ) ) ;
#4645 = VECTOR ( 'NONE', #183, 1000.000000000000000 ) ;
#4644 = CARTESIAN_POINT ( 'NONE',  ( 5.125000000000000888, 3.750000000000000000, 0.02500000000000000139 ) ) ;
#4646 = EDGE_CURVE ( 'NONE', #1884, #1567, #4507, .T. ) ;
#4647 = PRESENTATION_LAYER_ASSIGNMENT (  '', '', ( #1313 ) ) ;
#4648 = DIRECTION ( 'NONE',  ( 0.0000000000000000000, -1.000000000000000000, -4.003208021484939327E-15 ) ) ;
#4649 = LINE ( 'NONE', #5008, #2927 ) ;
#4650 = ORIENTED_EDGE ( 'NONE', *, *, #6847, .F. ) ;
#4651 = ORIENTED_EDGE ( 'NONE', *, *, #7569, .F. ) ;
#4652 = CARTESIAN_POINT ( 'NONE',  ( -2.875000000000000000, 2.000000000000000000, -1.425000000000000044 ) ) ;
#4653 = ORIENTED_EDGE ( 'NONE', *, *, #3094, .F. ) ;
#4654 = EDGE_CURVE ( 'NONE', #2603, #3202, #1438, .T. ) ;
#4655 = DIRECTION ( 'NONE',  ( 0.0000000000000000000, 0.0000000000000000000, -1.000000000000000000 ) ) ;
#4656 = COLOUR_RGB ( '',0.6470588235294117974, 0.6196078431372549211, 0.5882352941176470784 ) ;
#4657 = PRESENTATION_STYLE_ASSIGNMENT (( #2376 ) ) ;
#4658 = EDGE_LOOP ( 'NONE', ( #4752, #2000, #5538, #776 ) ) ;
#4659 = CARTESIAN_POINT ( 'NONE',  ( -2.875000000000000000, 1.950000000000002176, 1.375000000000006883 ) ) ;
#4660 = DIRECTION ( 'NONE',  ( 0.0000000000000000000, -1.000000000000000000, 0.0000000000000000000 ) ) ;
#4661 = ORIENTED_EDGE ( 'NONE', *, *, #824, .T. ) ;
#4662 = MANIFOLD_SOLID_BREP ( 'Combine5', #4890 ) ;
#4663 = VERTEX_POINT ( 'NONE', #8368 ) ;
#4664 = EDGE_CURVE ( 'NONE', #1653, #7081, #6850, .T. ) ;
#4665 = VERTEX_POINT ( 'NONE', #2698 ) ;
#4666 = ORIENTED_EDGE ( 'NONE', *, *, #2566, .F. ) ;
#4667 = LINE ( 'NONE', #7704, #2733 ) ;
#4668 = CARTESIAN_POINT ( 'NONE',  ( 4.575000000000001066, 1.649999999999999911, -1.474999999999999867 ) ) ;
#4669 = CARTESIAN_POINT ( 'NONE',  ( 4.474999999999999645, 1.000000000000000000, 0.0000000000000000000 ) ) ;
#4670 = CARTESIAN_POINT ( 'NONE',  ( 0.5250000000000000222, 0.0000000000000000000, -1.525000000000000133 ) ) ;
#4671 = EDGE_CURVE ( 'NONE', #4370, #1786, #1945, .T. ) ;
#4672 = VECTOR ( 'NONE', #8354, 1000.000000000000000 ) ;
#4673 = ORIENTED_EDGE ( 'NONE', *, *, #3293, .F. ) ;
#4674 = ORIENTED_EDGE ( 'NONE', *, *, #1877, .F. ) ;
#4675 = LINE ( 'NONE', #2815, #2239 ) ;
#4676 = DIRECTION ( 'NONE',  ( 0.0000000000000000000, 0.0000000000000000000, 1.000000000000000000 ) ) ;
#4677 = ADVANCED_FACE ( 'NONE', ( #6538 ), #6568, .T. ) ;
#4678 = VECTOR ( 'NONE', #7349, 1000.000000000000000 ) ;
#4679 =( NAMED_UNIT ( * ) SI_UNIT ( $, .STERADIAN. ) SOLID_ANGLE_UNIT ( ) );
#4680 = SURFACE_STYLE_FILL_AREA ( #3564 ) ;
#4681 = DIRECTION ( 'NONE',  ( 0.0000000000000000000, 1.000000000000000000, 0.0000000000000000000 ) ) ;
#4682 = VERTEX_POINT ( 'NONE', #2673 ) ;
#4683 = ORIENTED_EDGE ( 'NONE', *, *, #5207, .F. ) ;
#4684 = CARTESIAN_POINT ( 'NONE',  ( 0.7250000000000000888, 1.850000000000000089, 2.024999999999999911 ) ) ;
#4685 = VECTOR ( 'NONE', #1927, 1000.000000000000000 ) ;
#4686 = CARTESIAN_POINT ( 'NONE',  ( 6.225000000000001421, 4.249999999999992895, -0.07499999999999976130 ) ) ;
#4687 = CARTESIAN_POINT ( 'NONE',  ( 3.225000000000000089, 1.350000000000000089, 0.0000000000000000000 ) ) ;
#4688 = PRESENTATION_STYLE_ASSIGNMENT (( #4474 ) ) ;
#4689 = ORIENTED_EDGE ( 'NONE', *, *, #5315, .T. ) ;
#4690 = FACE_OUTER_BOUND ( 'NONE', #5868, .T. ) ;
#4691 = VECTOR ( 'NONE', #5732, 1000.000000000000000 ) ;
#4692 = CARTESIAN_POINT ( 'NONE',  ( 1.765000000000000124, 1.649999999999999911, -1.474999999999999867 ) ) ;
#4693 = DIRECTION ( 'NONE',  ( 0.0000000000000000000, -1.000000000000000000, 0.0000000000000000000 ) ) ;
#4694 = CARTESIAN_POINT ( 'NONE',  ( -0.7249999999999999778, 0.5000000000000000000, 0.0000000000000000000 ) ) ;
#4695 = VECTOR ( 'NONE', #4549, 1000.000000000000000 ) ;
#4696 = CARTESIAN_POINT ( 'NONE',  ( 3.225000000000000089, 0.0000000000000000000, 2.024999999999999911 ) ) ;
#4697 = LINE ( 'NONE', #1539, #1224 ) ;
#4698 = ORIENTED_EDGE ( 'NONE', *, *, #2144, .F. ) ;
#4699 = FILL_AREA_STYLE ('',( #6095 ) ) ;
#4700 = LINE ( 'NONE', #1339, #3980 ) ;
#4701 = CARTESIAN_POINT ( 'NONE',  ( 1.775000000000000133, 0.0000000000000000000, -2.024999999999999911 ) ) ;
#4702 = FILL_AREA_STYLE_COLOUR ( '', #6517 ) ;
#4703 = EDGE_CURVE ( 'NONE', #4359, #4868, #3281, .T. ) ;
#4704 = FACE_OUTER_BOUND ( 'NONE', #5466, .T. ) ;
#4705 = DIRECTION ( 'NONE',  ( -1.000000000000000000, 0.0000000000000000000, 0.0000000000000000000 ) ) ;
#4706 = DIRECTION ( 'NONE',  ( 0.0000000000000000000, 0.4999999999932618899, -0.8660254037883288181 ) ) ;
#4707 = AXIS2_PLACEMENT_3D ( 'NONE', #6774, #6007, #2769 ) ;
#4708 = DIRECTION ( 'NONE',  ( 1.000000000000000000, 0.0000000000000000000, 0.0000000000000000000 ) ) ;
#4709 = CARTESIAN_POINT ( 'NONE',  ( 1.984999999999999876, 1.850000000000000089, -1.025000000000000133 ) ) ;
#4710 = AXIS2_PLACEMENT_3D ( 'NONE', #2060, #8040, #7955 ) ;
#4711 = VECTOR ( 'NONE', #1572, 1000.000000000000000 ) ;
#4712 = DIRECTION ( 'NONE',  ( 0.0000000000000000000, 0.0000000000000000000, -1.000000000000000000 ) ) ;
#4713 = VECTOR ( 'NONE', #356, 1000.000000000000000 ) ;
#4714 = CARTESIAN_POINT ( 'NONE',  ( 6.025000000000001243, 0.6000000000000076383, -0.2249999999999982014 ) ) ;
#4715 = ADVANCED_FACE ( 'NONE', ( #424 ), #7871, .T. ) ;
#4716 = EDGE_CURVE ( 'NONE', #493, #136, #3, .T. ) ;
#4717 = CARTESIAN_POINT ( 'NONE',  ( 1.975000000000000089, 1.350000000000000089, 1.525000000000000133 ) ) ;
#4718 = DIRECTION ( 'NONE',  ( 0.0000000000000000000, 1.000000000000000000, 0.0000000000000000000 ) ) ;
#4719 = CARTESIAN_POINT ( 'NONE',  ( -2.274999999999999911, 1.999999999999997780, -2.024999999999999911 ) ) ;
#4720 = ORIENTED_EDGE ( 'NONE', *, *, #5023, .F. ) ;
#4721 = ORIENTED_EDGE ( 'NONE', *, *, #6634, .T. ) ;
#4722 = VERTEX_POINT ( 'NONE', #7896 ) ;
#4723 = EDGE_CURVE ( 'NONE', #4172, #5040, #3379, .T. ) ;
#4724 = DIRECTION ( 'NONE',  ( 0.0000000000000000000, -1.000000000000000000, 0.0000000000000000000 ) ) ;
#4725 = DIRECTION ( 'NONE',  ( -0.0000000000000000000, 1.000000000000000000, 0.0000000000000000000 ) ) ;
#4726 = DIRECTION ( 'NONE',  ( 0.0000000000000000000, -1.000000000000000000, 0.0000000000000000000 ) ) ;
#4727 = DIRECTION ( 'NONE',  ( 0.0000000000000000000, 0.0000000000000000000, 1.000000000000000000 ) ) ;
#4728 = EDGE_CURVE ( 'NONE', #1058, #5537, #1743, .T. ) ;
#4729 = ORIENTED_EDGE ( 'NONE', *, *, #2111, .T. ) ;
#4730 = SURFACE_STYLE_USAGE ( .BOTH. , #5464 ) ;
#4731 = PLANE ( 'NONE',  #2626 ) ;
#4732 = VERTEX_POINT ( 'NONE', #7247 ) ;
#4733 = LINE ( 'NONE', #7158, #5751 ) ;
#4734 = EDGE_CURVE ( 'NONE', #5472, #2421, #619, .T. ) ;
#4735 = ORIENTED_EDGE ( 'NONE', *, *, #7347, .F. ) ;
#4736 = DIRECTION ( 'NONE',  ( 1.000000000000000000, 0.0000000000000000000, -0.0000000000000000000 ) ) ;
#4737 = DIRECTION ( 'NONE',  ( 1.000000000000000000, 0.0000000000000000000, 0.0000000000000000000 ) ) ;
#4738 = ADVANCED_FACE ( 'NONE', ( #7248 ), #7193, .T. ) ;
#4739 = CARTESIAN_POINT ( 'NONE',  ( 6.206138830084190872, 2.250000000000000000, -0.4749999999999999778 ) ) ;
#4740 = ORIENTED_EDGE ( 'NONE', *, *, #8133, .F. ) ;
#4741 = DIRECTION ( 'NONE',  ( 0.0000000000000000000, 0.0000000000000000000, -1.000000000000000000 ) ) ;
#4742 = ORIENTED_EDGE ( 'NONE', *, *, #3423, .F. ) ;
#4743 = CARTESIAN_POINT ( 'NONE',  ( 5.125000000000000888, 3.149999999999999911, 0.02500000000000000139 ) ) ;
#4744 = ORIENTED_EDGE ( 'NONE', *, *, #4941, .F. ) ;
#4745 = STYLED_ITEM ( 'NONE', ( #1876 ), #3985 ) ;
#4746 = CARTESIAN_POINT ( 'NONE',  ( -0.7249999999999999778, -0.6500000000000000222, -2.075000000000000178 ) ) ;
#4747 = CARTESIAN_POINT ( 'NONE',  ( 4.485000000000001208, 1.850000000000000089, -1.025000000000000133 ) ) ;
#4748 = VECTOR ( 'NONE', #2779, 1000.000000000000000 ) ;
#4749 = VECTOR ( 'NONE', #6790, 1000.000000000000000 ) ;
#4750 = ORIENTED_EDGE ( 'NONE', *, *, #3845, .T. ) ;
#4751 = CARTESIAN_POINT ( 'NONE',  ( 4.485000000000001208, 1.649999999999999911, -1.698606797699999893 ) ) ;
#4752 = ORIENTED_EDGE ( 'NONE', *, *, #6069, .F. ) ;
#4753 =( NAMED_UNIT ( * ) SI_UNIT ( $, .STERADIAN. ) SOLID_ANGLE_UNIT ( ) );
#4754 = CARTESIAN_POINT ( 'NONE',  ( 1.984999999999999876, 1.649999999999999911, -1.025000000000000133 ) ) ;
#4755 = ORIENTED_EDGE ( 'NONE', *, *, #5812, .F. ) ;
#4756 = EDGE_LOOP ( 'NONE', ( #1969, #2231, #4759, #8067, #5569, #2599 ) ) ;
#4757 = VECTOR ( 'NONE', #2020, 1000.000000000000000 ) ;
#4758 = AXIS2_PLACEMENT_3D ( 'NONE', #1287, #3167, #5823 ) ;
#4759 = ORIENTED_EDGE ( 'NONE', *, *, #2492, .F. ) ;
#4760 = ADVANCED_FACE ( 'NONE', ( #2161 ), #8071, .T. ) ;
#4761 = ORIENTED_EDGE ( 'NONE', *, *, #2454, .T. ) ;
#4762 = EDGE_CURVE ( 'NONE', #1149, #3942, #7149, .T. ) ;
#4763 =( GEOMETRIC_REPRESENTATION_CONTEXT ( 3 ) GLOBAL_UNCERTAINTY_ASSIGNED_CONTEXT ( ( #8430 ) ) GLOBAL_UNIT_ASSIGNED_CONTEXT ( ( #5828, #8424, #2508 ) ) REPRESENTATION_CONTEXT ( 'NONE', 'WORKASPACE' ) );
#4764 = ORIENTED_EDGE ( 'NONE', *, *, #3283, .T. ) ;
#4765 = FACE_OUTER_BOUND ( 'NONE', #7749, .T. ) ;
#4766 = CARTESIAN_POINT ( 'NONE',  ( 1.765000000000000124, 1.649999999999999911, -1.698606797699999893 ) ) ;
#4767 = VECTOR ( 'NONE', #3627, 1000.000000000000000 ) ;
#4768 = CARTESIAN_POINT ( 'NONE',  ( 1.775000000000000133, 1.000000000000000000, -1.525000000000000133 ) ) ;
#4769 = EDGE_CURVE ( 'NONE', #1744, #2905, #1546, .T. ) ;
#4770 = CARTESIAN_POINT ( 'NONE',  ( 4.475000000000000533, 1.350000000000000089, 1.525000000000000133 ) ) ;
#4771 = UNCERTAINTY_MEASURE_WITH_UNIT (LENGTH_MEASURE( 1.000000000000000082E-05 ), #1657, 'distance_accuracy_value', 'NONE');
#4772 = ORIENTED_EDGE ( 'NONE', *, *, #1655, .T. ) ;
#4773 = LINE ( 'NONE', #41, #175 ) ;
#4774 = ORIENTED_EDGE ( 'NONE', *, *, #8222, .T. ) ;
#4775 = EDGE_CURVE ( 'NONE', #4663, #6757, #8277, .T. ) ;
#4776 = FACE_OUTER_BOUND ( 'NONE', #3449, .T. ) ;
#4777 = CARTESIAN_POINT ( 'NONE',  ( -0.5150000000000000133, 1.850000000000000089, -1.025000000000000133 ) ) ;
#4778 = ORIENTED_EDGE ( 'NONE', *, *, #5752, .F. ) ;
#4779 = DIRECTION ( 'NONE',  ( 0.0000000000000000000, -1.000000000000000000, -3.219646771412953967E-15 ) ) ;
#4780 = SURFACE_STYLE_USAGE ( .BOTH. , #212 ) ;
#4781 = EDGE_CURVE ( 'NONE', #1478, #3513, #3089, .T. ) ;
#4782 = LINE ( 'NONE', #605, #3670 ) ;
#4783 = DIRECTION ( 'NONE',  ( -0.0000000000000000000, 1.000000000000000000, -0.0000000000000000000 ) ) ;
#4784 = ORIENTED_EDGE ( 'NONE', *, *, #7495, .F. ) ;
#4785 = ORIENTED_EDGE ( 'NONE', *, *, #4893, .T. ) ;
#4786 = CARTESIAN_POINT ( 'NONE',  ( 0.5250000000000000222, 1.850000000000000089, 0.0000000000000000000 ) ) ;
#4787 = PLANE ( 'NONE',  #4539 ) ;
#4788 = EDGE_CURVE ( 'NONE', #5433, #2491, #4812, .T. ) ;
#4789 = CARTESIAN_POINT ( 'NONE',  ( 4.275000000000000355, 1.850000000000000089, -2.024999999999999911 ) ) ;
#4790 = DIRECTION ( 'NONE',  ( -0.0000000000000000000, 0.0000000000000000000, -1.000000000000000000 ) ) ;
#4791 = CARTESIAN_POINT ( 'NONE',  ( 0.7249999999999998668, -0.6500000000000000222, -2.075000000000000178 ) ) ;
#4792 = VECTOR ( 'NONE', #1588, 1000.000000000000000 ) ;
#4793 = ORIENTED_EDGE ( 'NONE', *, *, #8176, .T. ) ;
#4794 = VECTOR ( 'NONE', #1517, 1000.000000000000000 ) ;
#4795 = DIRECTION ( 'NONE',  ( 0.0000000000000000000, 1.000000000000000000, 0.0000000000000000000 ) ) ;
#4796 = LINE ( 'NONE', #8283, #4293 ) ;
#4797 = DIRECTION ( 'NONE',  ( 0.0000000000000000000, 0.0000000000000000000, -1.000000000000000000 ) ) ;
#4798 = CARTESIAN_POINT ( 'NONE',  ( 2.925000000000000266, 1.649999999999999911, -1.474999999999999867 ) ) ;
#4799 = VECTOR ( 'NONE', #2033, 1000.000000000000000 ) ;
#4800 = AXIS2_PLACEMENT_3D ( 'NONE', #5206, #5125, #1227 ) ;
#4801 = ORIENTED_EDGE ( 'NONE', *, *, #8184, .F. ) ;
#4802 = LINE ( 'NONE', #5919, #6834 ) ;
#4803 = VECTOR ( 'NONE', #4462, 1000.000000000000000 ) ;
#4804 = CARTESIAN_POINT ( 'NONE',  ( 3.024999999999999911, 1.649999999999999911, -1.474999999999999867 ) ) ;
#4805 = VECTOR ( 'NONE', #5579, 1000.000000000000000 ) ;
#4806 = CARTESIAN_POINT ( 'NONE',  ( 1.975000000000000089, 1.000000000000000000, 1.525000000000000133 ) ) ;
#4807 = ADVANCED_FACE ( 'NONE', ( #6030 ), #6029, .F. ) ;
#4808 = CARTESIAN_POINT ( 'NONE',  ( -0.7249999999999999778, 1.315130797599999957, 1.171117220399999770 ) ) ;
#4809 = LINE ( 'NONE', #4554, #4095 ) ;
#4810 = CARTESIAN_POINT ( 'NONE',  ( 3.324999999999999734, 1.649999999999999911, -1.698606797699999893 ) ) ;
#4811 = CARTESIAN_POINT ( 'NONE',  ( -0.5250000000000000222, 1.850000000000000089, 0.0000000000000000000 ) ) ;
#4812 = LINE ( 'NONE', #182, #1641 ) ;
#4813 = CARTESIAN_POINT ( 'NONE',  ( -0.5250000000000000222, 1.350000000000000089, 1.525000000000000133 ) ) ;
#4814 =( GEOMETRIC_REPRESENTATION_CONTEXT ( 3 ) GLOBAL_UNCERTAINTY_ASSIGNED_CONTEXT ( ( #1269 ) ) GLOBAL_UNIT_ASSIGNED_CONTEXT ( ( #7682, #1136, #7006 ) ) REPRESENTATION_CONTEXT ( 'NONE', 'WORKASPACE' ) );
#4815 = AXIS2_PLACEMENT_3D ( 'NONE', #7963, #131, #750 ) ;
#4816 = DIRECTION ( 'NONE',  ( 0.0000000000000000000, 1.000000000000000000, 0.0000000000000000000 ) ) ;
#4817 = VECTOR ( 'NONE', #3464, 1000.000000000000000 ) ;
#4818 = EDGE_CURVE ( 'NONE', #2684, #5780, #6635, .T. ) ;
#4819 = AXIS2_PLACEMENT_3D ( 'NONE', #3582, #8090, #6821 ) ;
#4820 = LINE ( 'NONE', #498, #521 ) ;
#4821 = DIRECTION ( 'NONE',  ( 1.000000000000000000, 0.0000000000000000000, 0.0000000000000000000 ) ) ;
#4822 = ORIENTED_EDGE ( 'NONE', *, *, #1202, .F. ) ;
#4823 = ORIENTED_EDGE ( 'NONE', *, *, #669, .T. ) ;
#4824 = LINE ( 'NONE', #341, #1858 ) ;
#4825 = VECTOR ( 'NONE', #1503, 1000.000000000000000 ) ;
#4826 = CARTESIAN_POINT ( 'NONE',  ( 3.024999999999999911, 1.850000000000000089, 2.024999999999999911 ) ) ;
#4827 = CARTESIAN_POINT ( 'NONE',  ( -0.5250000000000000222, 0.0000000000000000000, 2.024999999999999911 ) ) ;
#4828 = DIRECTION ( 'NONE',  ( -1.000000000000000000, -0.0000000000000000000, -0.0000000000000000000 ) ) ;
#4829 = VERTEX_POINT ( 'NONE', #8039 ) ;
#4830 = EDGE_LOOP ( 'NONE', ( #7801, #5124, #2716, #3331 ) ) ;
#4831 = MECHANICAL_DESIGN_GEOMETRIC_PRESENTATION_REPRESENTATION (  '', ( #6570 ), #7167 ) ;
#4832 = ORIENTED_EDGE ( 'NONE', *, *, #8275, .F. ) ;
#4833 = CARTESIAN_POINT ( 'NONE',  ( -0.8750000000000000000, 3.750000000000000000, -2.024999999999999911 ) ) ;
#4834 = DIRECTION ( 'NONE',  ( -0.0000000000000000000, -0.0000000000000000000, 1.000000000000000000 ) ) ;
#4835 = EDGE_CURVE ( 'NONE', #5657, #6727, #2989, .T. ) ;
#4836 = ORIENTED_EDGE ( 'NONE', *, *, #6880, .T. ) ;
#4837 = CARTESIAN_POINT ( 'NONE',  ( -1.875000000000000000, 2.550000000000000266, -1.474999999999999867 ) ) ;
#4838 = FILL_AREA_STYLE_COLOUR ( '', #2679 ) ;
#4839 = CARTESIAN_POINT ( 'NONE',  ( 5.625000000000000888, 3.750000000000000000, -2.024999999999999911 ) ) ;
#4840 = LINE ( 'NONE', #1265, #441 ) ;
#4841 = CARTESIAN_POINT ( 'NONE',  ( -2.875000000000000000, 1.000000000000000000, -1.525000000000000133 ) ) ;
#4842 = ORIENTED_EDGE ( 'NONE', *, *, #2035, .T. ) ;
#4843 = CARTESIAN_POINT ( 'NONE',  ( -1.375000000000000000, 3.750000000000000000, 2.024999999999999911 ) ) ;
#4844 = ORIENTED_EDGE ( 'NONE', *, *, #7700, .F. ) ;
#4845 = ORIENTED_EDGE ( 'NONE', *, *, #8278, .F. ) ;
#4846 = ADVANCED_FACE ( 'NONE', ( #2047 ), #4096, .T. ) ;
#4847 = CARTESIAN_POINT ( 'NONE',  ( -0.5250000000000000222, 1.315130797599999957, 1.171117220399999770 ) ) ;
#4848 = CARTESIAN_POINT ( 'NONE',  ( 1.975000000000000089, 1.000000000000000000, -1.525000000000000133 ) ) ;
#4849 = PLANE ( 'NONE',  #4269 ) ;
#4850 = ORIENTED_EDGE ( 'NONE', *, *, #5092, .F. ) ;
#4851 = ORIENTED_EDGE ( 'NONE', *, *, #5195, .F. ) ;
#4852 = CARTESIAN_POINT ( 'NONE',  ( -0.7249999999999999778, 1.850000000000000089, -1.025000000000000133 ) ) ;
#4853 = LINE ( 'NONE', #1979, #6678 ) ;
#4854 = LINE ( 'NONE', #5691, #362 ) ;
#4855 = ORIENTED_EDGE ( 'NONE', *, *, #4941, .T. ) ;
#4856 = DIRECTION ( 'NONE',  ( -1.000000000000000000, 0.0000000000000000000, 0.0000000000000000000 ) ) ;
#4857 = MECHANICAL_DESIGN_GEOMETRIC_PRESENTATION_REPRESENTATION (  '', ( #2365 ), #3929 ) ;
#4858 = VERTEX_POINT ( 'NONE', #148 ) ;
#4859 = VERTEX_POINT ( 'NONE', #4062 ) ;
#4860 = CARTESIAN_POINT ( 'NONE',  ( 2.575000000000000178, 1.850000000000000089, -1.474999999999999867 ) ) ;
#4861 = DIRECTION ( 'NONE',  ( 0.0000000000000000000, -1.000000000000000000, 0.0000000000000000000 ) ) ;
#4862 = ORIENTED_EDGE ( 'NONE', *, *, #4455, .F. ) ;
#4863 = AXIS2_PLACEMENT_3D ( 'NONE', #5447, #4052, #8028 ) ;
#4864 = VECTOR ( 'NONE', #6812, 1000.000000000000000 ) ;
#4865 = CARTESIAN_POINT ( 'NONE',  ( 3.324999999999999734, 1.649999999999999911, -1.698606797699999893 ) ) ;
#4866 = EDGE_CURVE ( 'NONE', #5153, #6292, #1039, .T. ) ;
#4867 = VECTOR ( 'NONE', #6151, 1000.000000000000000 ) ;
#4868 = VERTEX_POINT ( 'NONE', #2220 ) ;
#4869 = CARTESIAN_POINT ( 'NONE',  ( 3.024999999999999911, -0.6500000000000000222, -1.775000000000000133 ) ) ;
#4870 = DIRECTION ( 'NONE',  ( 0.0000000000000000000, 0.0000000000000000000, -1.000000000000000000 ) ) ;
#4871 = CARTESIAN_POINT ( 'NONE',  ( -0.8750000000000000000, 2.250000000000000000, -2.024999999999999911 ) ) ;
#4872 = ORIENTED_EDGE ( 'NONE', *, *, #7402, .T. ) ;
#4874 = ORIENTED_EDGE ( 'NONE', *, *, #6259, .T. ) ;
#4873 = CARTESIAN_POINT ( 'NONE',  ( 4.575000000000001066, 1.850000000000000089, -1.474999999999999867 ) ) ;
#4875 = FACE_OUTER_BOUND ( 'NONE', #7860, .T. ) ;
#4876 = ORIENTED_EDGE ( 'NONE', *, *, #8126, .T. ) ;
#4877 = CARTESIAN_POINT ( 'NONE',  ( -2.500000000000000000, 4.240000000000000213, 2.024999999999999911 ) ) ;
#4878 = LINE ( 'NONE', #1920, #3164 ) ;
#4879 = DIRECTION ( 'NONE',  ( 0.0000000000000000000, -1.000000000000000000, 0.0000000000000000000 ) ) ;
#4880 = SURFACE_STYLE_USAGE ( .BOTH. , #3125 ) ;
#4881 = ORIENTED_EDGE ( 'NONE', *, *, #4003, .F. ) ;
#4882 = VERTEX_POINT ( 'NONE', #7299 ) ;
#4883 = LINE ( 'NONE', #4813, #7751 ) ;
#4884 = EDGE_CURVE ( 'NONE', #2644, #6985, #5410, .T. ) ;
#4885 = CARTESIAN_POINT ( 'NONE',  ( -1.875000000000000000, 1.850000000000000089, 2.024999999999999911 ) ) ;
#4886 = VECTOR ( 'NONE', #784, 1000.000000000000000 ) ;
#4887 = EDGE_CURVE ( 'NONE', #6584, #3650, #1432, .T. ) ;
#4888 =( LENGTH_UNIT ( ) NAMED_UNIT ( * ) SI_UNIT ( .MILLI., .METRE. ) );
#4889 = ADVANCED_FACE ( 'NONE', ( #1135 ), #5398, .T. ) ;
#4890 = CLOSED_SHELL ( 'NONE', ( #8066, #6165, #3019, #2106, #6337, #2202, #3524, #3231, #7593, #3948, #4807, #6593, #2343, #2464, #5050, #7641, #7191, #2773 ) ) ;
#4891 = DIRECTION ( 'NONE',  ( 0.0000000000000000000, -1.000000000000000000, -2.552445434498790050E-15 ) ) ;
#4892 = DIRECTION ( 'NONE',  ( -1.000000000000000000, 0.0000000000000000000, 0.0000000000000000000 ) ) ;
#4893 = EDGE_CURVE ( 'NONE', #63, #1067, #2570, .T. ) ;
#4894 = VECTOR ( 'NONE', #1604, 1000.000000000000000 ) ;
#4895 = DIRECTION ( 'NONE',  ( 0.0000000000000000000, -1.000000000000000000, 0.0000000000000000000 ) ) ;
#4896 = VECTOR ( 'NONE', #3734, 1000.000000000000000 ) ;
#4897 = LINE ( 'NONE', #5704, #2468 ) ;
#4898 = LINE ( 'NONE', #5709, #6835 ) ;
#4899 = CARTESIAN_POINT ( 'NONE',  ( -2.274999999999999911, 1.950000000000002176, 1.375000000000006883 ) ) ;
#4900 = EDGE_CURVE ( 'NONE', #1003, #2945, #8183, .T. ) ;
#4901 =( LENGTH_UNIT ( ) NAMED_UNIT ( * ) SI_UNIT ( .MILLI., .METRE. ) );
#4902 = VECTOR ( 'NONE', #1433, 1000.000000000000000 ) ;
#4903 = LINE ( 'NONE', #5372, #1429 ) ;
#4904 = PLANE ( 'NONE',  #6119 ) ;
#4905 = VECTOR ( 'NONE', #5488, 1000.000000000000000 ) ;
#4906 = SURFACE_STYLE_USAGE ( .BOTH. , #3599 ) ;
#4907 = DIRECTION ( 'NONE',  ( 0.0000000000000000000, -1.084202172485501673E-15, -1.000000000000000000 ) ) ;
#4908 = PRESENTATION_LAYER_ASSIGNMENT (  '', '', ( #1524 ) ) ;
#4909 = LINE ( 'NONE', #4659, #1748 ) ;
#4910 = DIRECTION ( 'NONE',  ( 0.0000000000000000000, 0.0000000000000000000, 1.000000000000000000 ) ) ;
#4911 = VECTOR ( 'NONE', #2647, 1000.000000000000000 ) ;
#4912 = CARTESIAN_POINT ( 'NONE',  ( 4.475000000000000533, 0.05000000000000002359, -1.775000000000000133 ) ) ;
#4913 = VECTOR ( 'NONE', #5186, 1000.000000000000000 ) ;
#4914 = SURFACE_STYLE_FILL_AREA ( #4699 ) ;
#4915 = CARTESIAN_POINT ( 'NONE',  ( -2.274999999999999911, 4.250000000000000000, -0.07499999999999998335 ) ) ;
#4916 = STYLED_ITEM ( 'NONE', ( #6697 ), #6936 ) ;
#4917 =( GEOMETRIC_REPRESENTATION_CONTEXT ( 3 ) GLOBAL_UNCERTAINTY_ASSIGNED_CONTEXT ( ( #7445 ) ) GLOBAL_UNIT_ASSIGNED_CONTEXT ( ( #4112, #8056, #6779 ) ) REPRESENTATION_CONTEXT ( 'NONE', 'WORKASPACE' ) );
#4918 = CARTESIAN_POINT ( 'NONE',  ( 1.975000000000000089, 0.0000000000000000000, -1.525000000000000133 ) ) ;
#4919 = CARTESIAN_POINT ( 'NONE',  ( 4.125000000000000000, 2.250000000000000000, -0.4749999999999999778 ) ) ;
#4920 = UNCERTAINTY_MEASURE_WITH_UNIT (LENGTH_MEASURE( 1.000000000000000082E-05 ), #4050, 'distance_accuracy_value', 'NONE');
#4921 = EDGE_CURVE ( 'NONE', #684, #807, #6022, .T. ) ;
#4922 = AXIS2_PLACEMENT_3D ( 'NONE', #5435, #2860, #2169 ) ;
#4923 = VERTEX_POINT ( 'NONE', #7517 ) ;
#4924 = DIRECTION ( 'NONE',  ( 0.0000000000000000000, 0.0000000000000000000, 1.000000000000000000 ) ) ;
#4925 = ORIENTED_EDGE ( 'NONE', *, *, #4356, .F. ) ;
#4926 =( NAMED_UNIT ( * ) SI_UNIT ( $, .STERADIAN. ) SOLID_ANGLE_UNIT ( ) );
#4927 = CARTESIAN_POINT ( 'NONE',  ( -0.5250000000000000222, 1.649999999999999911, -1.698606797699999893 ) ) ;
#4928 = VERTEX_POINT ( 'NONE', #384 ) ;
#4929 = ADVANCED_FACE ( 'NONE', ( #7345 ), #7549, .T. ) ;
#4930 = CARTESIAN_POINT ( 'NONE',  ( 3.225000000000000089, 0.05000000000000002359, -1.775000000000000133 ) ) ;
#4931 = FACE_OUTER_BOUND ( 'NONE', #665, .T. ) ;
#4932 = EDGE_CURVE ( 'NONE', #4968, #1149, #715, .T. ) ;
#4933 = ORIENTED_EDGE ( 'NONE', *, *, #5315, .F. ) ;
#4934 = ORIENTED_EDGE ( 'NONE', *, *, #2100, .T. ) ;
#4935 = ORIENTED_EDGE ( 'NONE', *, *, #3038, .T. ) ;
#4936 = CARTESIAN_POINT ( 'NONE',  ( 4.475000000000000533, 1.850000000000000089, 0.0000000000000000000 ) ) ;
#4937 = EDGE_CURVE ( 'NONE', #969, #7897, #3981, .T. ) ;
#4938 = CARTESIAN_POINT ( 'NONE',  ( 6.225000000000001421, 1.999999999999997780, -2.075000000000008615 ) ) ;
#4939 = EDGE_LOOP ( 'NONE', ( #4985, #3391, #881, #4227, #1518, #7000, #7082, #3036, #3912, #763, #7508, #3543, #7009, #8439, #5991, #1289 ) ) ;
#4940 = FACE_OUTER_BOUND ( 'NONE', #5026, .T. ) ;
#4941 = EDGE_CURVE ( 'NONE', #5175, #2234, #2879, .T. ) ;
#4942 = AXIS2_PLACEMENT_3D ( 'NONE', #6322, #5638, #8266 ) ;
#4943 = CARTESIAN_POINT ( 'NONE',  ( -2.475000000000000089, 1.999999999999997780, -2.024999999999999911 ) ) ;
#4944 = ORIENTED_EDGE ( 'NONE', *, *, #3043, .T. ) ;
#4945 = DIRECTION ( 'NONE',  ( 1.000000000000000000, 0.0000000000000000000, 0.0000000000000000000 ) ) ;
#4946 = ORIENTED_EDGE ( 'NONE', *, *, #1016, .F. ) ;
#4947 = DIRECTION ( 'NONE',  ( 0.0000000000000000000, -0.9486832980505138790, -0.3162277660168379412 ) ) ;
#4948 = EDGE_CURVE ( 'NONE', #3761, #3131, #7680, .T. ) ;
#4949 = DIRECTION ( 'NONE',  ( 0.0000000000000000000, 1.000000000000000000, 0.0000000000000000000 ) ) ;
#4950 = EDGE_LOOP ( 'NONE', ( #6873, #7606, #7026, #1854 ) ) ;
#4951 = CARTESIAN_POINT ( 'NONE',  ( 3.015000000000000124, 1.850000000000000089, -2.024999999999999911 ) ) ;
#4952 = ORIENTED_EDGE ( 'NONE', *, *, #5483, .F. ) ;
#4953 = ORIENTED_EDGE ( 'NONE', *, *, #6259, .F. ) ;
#4954 = DIRECTION ( 'NONE',  ( 0.0000000000000000000, -1.000000000000000000, 0.0000000000000000000 ) ) ;
#4955 = DIRECTION ( 'NONE',  ( -0.0000000000000000000, 1.000000000000000000, 0.0000000000000000000 ) ) ;
#4956 = FACE_OUTER_BOUND ( 'NONE', #2932, .T. ) ;
#4957 = DIRECTION ( 'NONE',  ( -1.000000000000000000, 0.0000000000000000000, 0.0000000000000000000 ) ) ;
#4958 = CARTESIAN_POINT ( 'NONE',  ( -0.4249999999999999889, 1.850000000000000089, 2.024999999999999911 ) ) ;
#4959 = EDGE_LOOP ( 'NONE', ( #1597, #7604, #5971, #8458 ) ) ;
#4960 = ORIENTED_EDGE ( 'NONE', *, *, #2043, .T. ) ;
#4961 = EDGE_LOOP ( 'NONE', ( #2533, #7808, #6317, #4168 ) ) ;
#4962 = FILL_AREA_STYLE ('',( #405 ) ) ;
#4963 = VECTOR ( 'NONE', #309, 1000.000000000000000 ) ;
#4964 = ORIENTED_EDGE ( 'NONE', *, *, #3647, .T. ) ;
#4965 = DIRECTION ( 'NONE',  ( 1.000000000000000000, 0.0000000000000000000, 0.0000000000000000000 ) ) ;
#4966 = ORIENTED_EDGE ( 'NONE', *, *, #558, .F. ) ;
#4967 = DIRECTION ( 'NONE',  ( 0.0000000000000000000, 0.0000000000000000000, 1.000000000000000000 ) ) ;
#4968 = VERTEX_POINT ( 'NONE', #7437 ) ;
#4969 = ORIENTED_EDGE ( 'NONE', *, *, #3588, .F. ) ;
#4970 = FACE_OUTER_BOUND ( 'NONE', #691, .T. ) ;
#4971 = CARTESIAN_POINT ( 'NONE',  ( 3.225000000000000089, -0.6500000000000000222, -1.775000000000000133 ) ) ;
#4972 = ADVANCED_FACE ( 'NONE', ( #2370 ), #2274, .F. ) ;
#4973 = FACE_OUTER_BOUND ( 'NONE', #5403, .T. ) ;
#4974 = CARTESIAN_POINT ( 'NONE',  ( 6.025000000000001243, 4.250000000000000000, -0.07499999999999998335 ) ) ;
#4975 = DIRECTION ( 'NONE',  ( 0.0000000000000000000, 3.252606517456512119E-15, -1.000000000000000000 ) ) ;
#4976 = ORIENTED_EDGE ( 'NONE', *, *, #6731, .T. ) ;
#4977 = VECTOR ( 'NONE', #577, 1000.000000000000000 ) ;
#4978 = DIRECTION ( 'NONE',  ( 0.0000000000000000000, 0.0000000000000000000, 1.000000000000000000 ) ) ;
#4979 = VERTEX_POINT ( 'NONE', #4192 ) ;
#4980 = CARTESIAN_POINT ( 'NONE',  ( 0.5250000000000000222, 1.649999999999999911, -1.698606797699999893 ) ) ;
#4981 = AXIS2_PLACEMENT_3D ( 'NONE', #2334, #4315, #2988 ) ;
#4982 =( LENGTH_UNIT ( ) NAMED_UNIT ( * ) SI_UNIT ( .MILLI., .METRE. ) );
#4983 = FACE_OUTER_BOUND ( 'NONE', #3813, .T. ) ;
#4984 = ORIENTED_EDGE ( 'NONE', *, *, #3996, .T. ) ;
#4985 = ORIENTED_EDGE ( 'NONE', *, *, #7518, .T. ) ;
#4986 = VECTOR ( 'NONE', #6545, 1000.000000000000000 ) ;
#4987 = CARTESIAN_POINT ( 'NONE',  ( 1.975000000000000089, 1.350000000000000089, 1.525000000000000133 ) ) ;
#4988 = LINE ( 'NONE', #4229, #4894 ) ;
#4989 =( GEOMETRIC_REPRESENTATION_CONTEXT ( 3 ) GLOBAL_UNCERTAINTY_ASSIGNED_CONTEXT ( ( #3008 ) ) GLOBAL_UNIT_ASSIGNED_CONTEXT ( ( #8238, #3710, #3685 ) ) REPRESENTATION_CONTEXT ( 'NONE', 'WORKASPACE' ) );
#4990 = COLOUR_RGB ( '',1.000000000000000000, 1.000000000000000000, 1.000000000000000000 ) ;
#4991 = ORIENTED_EDGE ( 'NONE', *, *, #8438, .F. ) ;
#4992 = EDGE_CURVE ( 'NONE', #6824, #4722, #5106, .T. ) ;
#4993 = LINE ( 'NONE', #3860, #2146 ) ;
#4994 = EDGE_CURVE ( 'NONE', #5934, #3730, #103, .T. ) ;
#4995 = CARTESIAN_POINT ( 'NONE',  ( -0.7349999999999999867, 1.000000000000000000, -1.025000000000000133 ) ) ;
#4996 = FACE_OUTER_BOUND ( 'NONE', #7914, .T. ) ;
#4997 = CARTESIAN_POINT ( 'NONE',  ( -2.274999999999999911, 4.240000000000000213, -1.925000000000000044 ) ) ;
#4998 = ORIENTED_EDGE ( 'NONE', *, *, #4331, .F. ) ;
#4999 = LINE ( 'NONE', #5024, #1832 ) ;
#5000 = EDGE_CURVE ( 'NONE', #2406, #3329, #4301, .T. ) ;
#5001 = DIRECTION ( 'NONE',  ( 0.0000000000000000000, 2.552445434498790050E-15, -1.000000000000000000 ) ) ;
#5002 = DIRECTION ( 'NONE',  ( 0.0000000000000000000, 0.6650335612228979176, -0.7468134723257140450 ) ) ;
#5003 = FACE_OUTER_BOUND ( 'NONE', #6084, .T. ) ;
#5004 = DIRECTION ( 'NONE',  ( -1.000000000000000000, 0.0000000000000000000, 0.0000000000000000000 ) ) ;
#5005 = DIRECTION ( 'NONE',  ( 0.0000000000000000000, 0.0000000000000000000, 1.000000000000000000 ) ) ;
#5006 = VECTOR ( 'NONE', #5218, 1000.000000000000000 ) ;
#5007 = FILL_AREA_STYLE ('',( #7650 ) ) ;
#5008 = CARTESIAN_POINT ( 'NONE',  ( -0.5250000000000000222, 1.850000000000000089, -1.698606797699999893 ) ) ;
#5009 = SURFACE_STYLE_USAGE ( .BOTH. , #6922 ) ;
#5010 = ADVANCED_FACE ( 'NONE', ( #7570 ), #2345, .F. ) ;
#5011 = CARTESIAN_POINT ( 'NONE',  ( 0.7250000000000000888, 0.5000000000000000000, -1.525000000000000133 ) ) ;
#5012 = LINE ( 'NONE', #3401, #6028 ) ;
#5013 = ADVANCED_FACE ( 'NONE', ( #816, #1841, #2265, #6231, #930 ), #1633, .F. ) ;
#5014 = VECTOR ( 'NONE', #959, 1000.000000000000000 ) ;
#5015 = CARTESIAN_POINT ( 'NONE',  ( -0.5250000000000000222, 0.05000000000000002359, -1.524999999999999689 ) ) ;
#5016 = PRESENTATION_LAYER_ASSIGNMENT (  '', '', ( #2574 ) ) ;
#5017 = ORIENTED_EDGE ( 'NONE', *, *, #5921, .F. ) ;
#5018 = FACE_OUTER_BOUND ( 'NONE', #4250, .T. ) ;
#5019 = CARTESIAN_POINT ( 'NONE',  ( 0.8249999999999999556, 1.850000000000000089, 2.024999999999999911 ) ) ;
#5020 = AXIS2_PLACEMENT_3D ( 'NONE', #1141, #1848, #7689 ) ;
#5021 = COLOUR_RGB ( '',1.000000000000000000, 1.000000000000000000, 1.000000000000000000 ) ;
#5022 = DIRECTION ( 'NONE',  ( -1.000000000000000000, 0.0000000000000000000, 0.0000000000000000000 ) ) ;
#5023 = EDGE_CURVE ( 'NONE', #6155, #4022, #6941, .T. ) ;
#5024 = CARTESIAN_POINT ( 'NONE',  ( 6.250000000000000000, 4.250000000000000000, -2.024999999999999911 ) ) ;
#5025 = ORIENTED_EDGE ( 'NONE', *, *, #5456, .F. ) ;
#5026 = EDGE_LOOP ( 'NONE', ( #2596, #755, #2749, #8029, #463, #7033 ) ) ;
#5027 = VERTEX_POINT ( 'NONE', #3103 ) ;
#5028 = PLANE ( 'NONE',  #657 ) ;
#5029 = AXIS2_PLACEMENT_3D ( 'NONE', #2396, #2348, #7494 ) ;
#5030 = DIRECTION ( 'NONE',  ( -0.0000000000000000000, 1.000000000000000000, 0.0000000000000000000 ) ) ;
#5031 = CARTESIAN_POINT ( 'NONE',  ( 0.7250000000000000888, 1.350000000000000089, -1.525000000000000133 ) ) ;
#5032 = VERTEX_POINT ( 'NONE', #6282 ) ;
#5033 = EDGE_CURVE ( 'NONE', #2425, #5153, #3579, .T. ) ;
#5034 = VECTOR ( 'NONE', #4592, 1000.000000000000000 ) ;
#5035 = AXIS2_PLACEMENT_3D ( 'NONE', #1754, #1188, #5093 ) ;
#5036 = CARTESIAN_POINT ( 'NONE',  ( 4.485000000000001208, 1.850000000000000089, -1.025000000000000133 ) ) ;
#5037 = ORIENTED_EDGE ( 'NONE', *, *, #4042, .T. ) ;
#5038 = DIRECTION ( 'NONE',  ( 1.000000000000000000, 0.0000000000000000000, 0.0000000000000000000 ) ) ;
#5039 = CARTESIAN_POINT ( 'NONE',  ( -0.7249999999999999778, 0.3499999999999999778, -2.075000000000000178 ) ) ;
#5040 = VERTEX_POINT ( 'NONE', #1802 ) ;
#5041 = DIRECTION ( 'NONE',  ( 0.0000000000000000000, 0.6650335612228979176, -0.7468134723257140450 ) ) ;
#5042 = EDGE_CURVE ( 'NONE', #3789, #3437, #6729, .T. ) ;
#5043 = VECTOR ( 'NONE', #7578, 1000.000000000000000 ) ;
#5044 = EDGE_CURVE ( 'NONE', #2397, #4284, #922, .T. ) ;
#5045 = ORIENTED_EDGE ( 'NONE', *, *, #118, .F. ) ;
#5046 = VERTEX_POINT ( 'NONE', #5653 ) ;
#5047 = EDGE_CURVE ( 'NONE', #1768, #128, #2469, .T. ) ;
#5048 = CARTESIAN_POINT ( 'NONE',  ( 1.765000000000000124, 1.000000000000000000, -1.025000000000000133 ) ) ;
#5049 = DIRECTION ( 'NONE',  ( 0.0000000000000000000, -1.084202172485501673E-15, -1.000000000000000000 ) ) ;
#5050 = ADVANCED_FACE ( 'NONE', ( #4197 ), #1774, .T. ) ;
#5051 = ORIENTED_EDGE ( 'NONE', *, *, #680, .T. ) ;
#5052 = VERTEX_POINT ( 'NONE', #3079 ) ;
#5053 = CARTESIAN_POINT ( 'NONE',  ( -0.3750000000000000000, 2.750000000000000000, -0.4749999999999999778 ) ) ;
#5054 = LINE ( 'NONE', #4694, #3422 ) ;
#5055 = EDGE_CURVE ( 'NONE', #4029, #5316, #3477, .T. ) ;
#5056 = CARTESIAN_POINT ( 'NONE',  ( 0.5249999999999999112, -0.6500000000000000222, -1.775000000000000133 ) ) ;
#5057 = VERTEX_POINT ( 'NONE', #4997 ) ;
#5058 = DIRECTION ( 'NONE',  ( -1.000000000000000000, 0.0000000000000000000, 0.0000000000000000000 ) ) ;
#5059 = ORIENTED_EDGE ( 'NONE', *, *, #3407, .T. ) ;
#5060 = ORIENTED_EDGE ( 'NONE', *, *, #7392, .T. ) ;
#5061 = CARTESIAN_POINT ( 'NONE',  ( 0.8249999999999999556, 1.649999999999999911, -1.474999999999999867 ) ) ;
#5063 = ORIENTED_EDGE ( 'NONE', *, *, #1358, .T. ) ;
#5062 = CARTESIAN_POINT ( 'NONE',  ( -0.5250000000000000222, -0.6500000000000000222, -1.775000000000000133 ) ) ;
#5064 = ORIENTED_EDGE ( 'NONE', *, *, #1548, .F. ) ;
#5065 = VECTOR ( 'NONE', #8448, 1000.000000000000000 ) ;
#5066 = FACE_OUTER_BOUND ( 'NONE', #3561, .T. ) ;
#5067 = ORIENTED_EDGE ( 'NONE', *, *, #5611, .T. ) ;
#5068 = ORIENTED_EDGE ( 'NONE', *, *, #7777, .F. ) ;
#5069 = EDGE_LOOP ( 'NONE', ( #4181, #2607, #19, #365 ) ) ;
#5070 = ORIENTED_EDGE ( 'NONE', *, *, #5820, .F. ) ;
#5071 = VECTOR ( 'NONE', #6144, 1000.000000000000000 ) ;
#5072 = ORIENTED_EDGE ( 'NONE', *, *, #4449, .F. ) ;
#5073 =( NAMED_UNIT ( * ) SI_UNIT ( $, .STERADIAN. ) SOLID_ANGLE_UNIT ( ) );
#5074 = DIRECTION ( 'NONE',  ( 0.0000000000000000000, 0.6650335612228979176, -0.7468134723257140450 ) ) ;
#5075 = CARTESIAN_POINT ( 'NONE',  ( 1.975000000000000089, -0.6500000000000000222, -2.075000000000000178 ) ) ;
#5076 = CARTESIAN_POINT ( 'NONE',  ( -2.375000000000000000, 3.149999999999999911, 0.02500000000000000139 ) ) ;
#5077 = VECTOR ( 'NONE', #1262, 1000.000000000000000 ) ;
#5078 = AXIS2_PLACEMENT_3D ( 'NONE', #3688, #1646, #1109 ) ;
#5079 = AXIS2_PLACEMENT_3D ( 'NONE', #5348, #1454, #2049 ) ;
#5080 = VERTEX_POINT ( 'NONE', #6991 ) ;
#5081 = LINE ( 'NONE', #5334, #5593 ) ;
#5082 = DIRECTION ( 'NONE',  ( 0.0000000000000000000, 1.000000000000000000, 0.0000000000000000000 ) ) ;
#5083 = EDGE_CURVE ( 'NONE', #7301, #1705, #2254, .T. ) ;
#5084 = LINE ( 'NONE', #912, #5891 ) ;
#5085 = AXIS2_PLACEMENT_3D ( 'NONE', #7486, #6112, #5570 ) ;
#5086 = CARTESIAN_POINT ( 'NONE',  ( 3.225000000000000089, 1.315130797599999957, 1.171117220399999770 ) ) ;
#5087 = CARTESIAN_POINT ( 'NONE',  ( 6.025000000000001243, 0.6000000000000024203, 1.375000000000002442 ) ) ;
#5088 = CARTESIAN_POINT ( 'NONE',  ( 0.7249999999999999778, 0.0000000000000000000, -2.024999999999999911 ) ) ;
#5089 = VERTEX_POINT ( 'NONE', #5053 ) ;
#5090 = VECTOR ( 'NONE', #7904, 1000.000000000000000 ) ;
#5091 = DIRECTION ( 'NONE',  ( -1.000000000000000000, 0.0000000000000000000, 0.0000000000000000000 ) ) ;
#5092 = EDGE_CURVE ( 'NONE', #2414, #8054, #8474, .T. ) ;
#5093 = DIRECTION ( 'NONE',  ( 1.000000000000000000, 0.0000000000000000000, 0.0000000000000000000 ) ) ;
#5094 = CARTESIAN_POINT ( 'NONE',  ( -0.5250000000000000222, 0.0000000000000000000, 2.024999999999999911 ) ) ;
#5095 = FACE_OUTER_BOUND ( 'NONE', #4939, .T. ) ;
#5096 = LINE ( 'NONE', #6887, #5607 ) ;
#5097 = VERTEX_POINT ( 'NONE', #7639 ) ;
#5098 = DIRECTION ( 'NONE',  ( 0.0000000000000000000, 4.003208021484939327E-15, -1.000000000000000000 ) ) ;
#5099 = LINE ( 'NONE', #6814, #7868 ) ;
#5100 = LINE ( 'NONE', #3886, #3277 ) ;
#5101 = EDGE_CURVE ( 'NONE', #1489, #2548, #204, .T. ) ;
#5102 = FACE_OUTER_BOUND ( 'NONE', #5953, .T. ) ;
#5103 = DIRECTION ( 'NONE',  ( 0.0000000000000000000, -1.000000000000000000, 0.0000000000000000000 ) ) ;
#5104 = LINE ( 'NONE', #2991, #7466 ) ;
#5105 = VECTOR ( 'NONE', #2502, 1000.000000000000000 ) ;
#5106 = LINE ( 'NONE', #1014, #5718 ) ;
#5107 = CARTESIAN_POINT ( 'NONE',  ( -0.7249999999999999778, 1.795247431900000024, 2.024999999999999911 ) ) ;
#5108 = EDGE_CURVE ( 'NONE', #4151, #1565, #1738, .T. ) ;
#5109 = DIRECTION ( 'NONE',  ( -1.000000000000000000, 0.0000000000000000000, 0.0000000000000000000 ) ) ;
#5110 = VECTOR ( 'NONE', #3493, 1000.000000000000000 ) ;
#5111 = FILL_AREA_STYLE ('',( #6827 ) ) ;
#5112 = FILL_AREA_STYLE ('',( #7922 ) ) ;
#5113 = DIRECTION ( 'NONE',  ( 0.0000000000000000000, -1.000000000000000000, 0.0000000000000000000 ) ) ;
#5114 = LINE ( 'NONE', #4827, #6437 ) ;
#5115 = DIRECTION ( 'NONE',  ( -1.000000000000000000, 0.0000000000000000000, 0.0000000000000000000 ) ) ;
#5116 = DIRECTION ( 'NONE',  ( -0.0000000000000000000, 1.000000000000000000, -0.0000000000000000000 ) ) ;
#5117 = FACE_OUTER_BOUND ( 'NONE', #4535, .T. ) ;
#5118 = SURFACE_SIDE_STYLE ('',( #891 ) ) ;
#5119 = ORIENTED_EDGE ( 'NONE', *, *, #3933, .F. ) ;
#5120 = ORIENTED_EDGE ( 'NONE', *, *, #5188, .T. ) ;
#5121 = PRESENTATION_STYLE_ASSIGNMENT (( #1249 ) ) ;
#5122 = ORIENTED_EDGE ( 'NONE', *, *, #2223, .T. ) ;
#5123 =( GEOMETRIC_REPRESENTATION_CONTEXT ( 3 ) GLOBAL_UNCERTAINTY_ASSIGNED_CONTEXT ( ( #2382 ) ) GLOBAL_UNIT_ASSIGNED_CONTEXT ( ( #249, #3563, #6771 ) ) REPRESENTATION_CONTEXT ( 'NONE', 'WORKASPACE' ) );
#5124 = ORIENTED_EDGE ( 'NONE', *, *, #5346, .T. ) ;
#5125 = DIRECTION ( 'NONE',  ( 1.000000000000000000, 0.0000000000000000000, -0.0000000000000000000 ) ) ;
#5126 = AXIS2_PLACEMENT_3D ( 'NONE', #6463, #7122, #3227 ) ;
#5127 = ORIENTED_EDGE ( 'NONE', *, *, #1263, .F. ) ;
#5128 = ORIENTED_EDGE ( 'NONE', *, *, #6361, .T. ) ;
#5129 = EDGE_CURVE ( 'NONE', #3954, #5575, #508, .T. ) ;
#5130 = DIRECTION ( 'NONE',  ( -1.000000000000000000, 0.0000000000000000000, 0.0000000000000000000 ) ) ;
#5131 = LINE ( 'NONE', #734, #4534 ) ;
#5132 = CARTESIAN_POINT ( 'NONE',  ( 0.5250000000000000222, -0.004464445899999999919, 0.003975566199999999890 ) ) ;
#5133 = VERTEX_POINT ( 'NONE', #6335 ) ;
#5134 = ORIENTED_EDGE ( 'NONE', *, *, #7526, .F. ) ;
#5135 = DIRECTION ( 'NONE',  ( 0.0000000000000000000, 1.000000000000000000, 0.0000000000000000000 ) ) ;
#5136 = PLANE ( 'NONE',  #1965 ) ;
#5137 = FACE_OUTER_BOUND ( 'NONE', #6152, .T. ) ;
#5138 = ORIENTED_EDGE ( 'NONE', *, *, #296, .T. ) ;
#5139 = ORIENTED_EDGE ( 'NONE', *, *, #2088, .F. ) ;
#5140 = EDGE_CURVE ( 'NONE', #6783, #7007, #4898, .T. ) ;
#5141 = VECTOR ( 'NONE', #1579, 1000.000000000000000 ) ;
#5142 = EDGE_CURVE ( 'NONE', #7176, #8202, #1937, .T. ) ;
#5143 = CARTESIAN_POINT ( 'NONE',  ( -0.8750000000000000000, 2.250000000000000000, -2.024999999999999911 ) ) ;
#5144 = EDGE_LOOP ( 'NONE', ( #3027, #2505, #788, #6200 ) ) ;
#5145 = ORIENTED_EDGE ( 'NONE', *, *, #5655, .F. ) ;
#5146 = PLANE ( 'NONE',  #6169 ) ;
#5147 = EDGE_CURVE ( 'NONE', #2319, #5227, #4999, .T. ) ;
#5149 = COLOUR_RGB ( '',0.6470588235294117974, 0.6196078431372549211, 0.5882352941176470784 ) ;
#5148 = DIRECTION ( 'NONE',  ( 0.0000000000000000000, 0.0000000000000000000, -1.000000000000000000 ) ) ;
#5150 = ORIENTED_EDGE ( 'NONE', *, *, #4449, .T. ) ;
#5151 = CARTESIAN_POINT ( 'NONE',  ( -0.7249999999999999778, 1.000000000000000000, 0.0000000000000000000 ) ) ;
#5152 = LINE ( 'NONE', #3623, #3837 ) ;
#5153 = VERTEX_POINT ( 'NONE', #6441 ) ;
#5154 = PLANE ( 'NONE',  #6829 ) ;
#5155 = CARTESIAN_POINT ( 'NONE',  ( 1.984999999999999876, 1.850000000000000089, -1.025000000000000133 ) ) ;
#5156 = ORIENTED_EDGE ( 'NONE', *, *, #2990, .T. ) ;
#5157 = ORIENTED_EDGE ( 'NONE', *, *, #3849, .T. ) ;
#5158 = EDGE_CURVE ( 'NONE', #8397, #5382, #93, .T. ) ;
#5159 = DIRECTION ( 'NONE',  ( 1.000000000000000000, 0.0000000000000000000, 0.0000000000000000000 ) ) ;
#5160 = ORIENTED_EDGE ( 'NONE', *, *, #4569, .T. ) ;
#5161 = ORIENTED_EDGE ( 'NONE', *, *, #5418, .F. ) ;
#5162 = ORIENTED_EDGE ( 'NONE', *, *, #2814, .T. ) ;
#5163 = VECTOR ( 'NONE', #458, 1000.000000000000000 ) ;
#5164 = EDGE_LOOP ( 'NONE', ( #4323, #6479, #2190, #4316 ) ) ;
#5165 = CARTESIAN_POINT ( 'NONE',  ( 1.775000000000000133, 1.315130797599999957, 1.171117220399999770 ) ) ;
#5166 = FACE_OUTER_BOUND ( 'NONE', #6958, .T. ) ;
#5167 = ORIENTED_EDGE ( 'NONE', *, *, #3210, .F. ) ;
#5168 = VERTEX_POINT ( 'NONE', #6534 ) ;
#5169 = FACE_BOUND ( 'NONE', #2706, .T. ) ;
#5170 = PRESENTATION_LAYER_ASSIGNMENT (  '', '', ( #4745 ) ) ;
#5171 = CARTESIAN_POINT ( 'NONE',  ( 1.775000000000000133, 1.000000000000000000, 1.525000000000000133 ) ) ;
#5172 = CARTESIAN_POINT ( 'NONE',  ( 5.775000000000000355, 4.240000000000000213, -1.925000000000000933 ) ) ;
#5173 = VECTOR ( 'NONE', #2055, 1000.000000000000000 ) ;
#5174 = ORIENTED_EDGE ( 'NONE', *, *, #791, .F. ) ;
#5175 = VERTEX_POINT ( 'NONE', #4516 ) ;
#5176 = FACE_OUTER_BOUND ( 'NONE', #4950, .T. ) ;
#5177 = DIRECTION ( 'NONE',  ( 0.0000000000000000000, 0.0000000000000000000, -1.000000000000000000 ) ) ;
#5178 = ADVANCED_FACE ( 'NONE', ( #2974 ), #1967, .T. ) ;
#5179 = DIRECTION ( 'NONE',  ( -0.0000000000000000000, 1.000000000000000000, 0.0000000000000000000 ) ) ;
#5180 = AXIS2_PLACEMENT_3D ( 'NONE', #628, #5130, #1205 ) ;
#5181 = FACE_OUTER_BOUND ( 'NONE', #3910, .T. ) ;
#5182 = DIRECTION ( 'NONE',  ( 0.0000000000000000000, 0.0000000000000000000, 1.000000000000000000 ) ) ;
#5183 = ORIENTED_EDGE ( 'NONE', *, *, #4055, .F. ) ;
#5184 = CARTESIAN_POINT ( 'NONE',  ( -0.5250000000000000222, 0.5000000000000000000, 0.0000000000000000000 ) ) ;
#5185 = EDGE_LOOP ( 'NONE', ( #2408, #5260, #4369, #3147 ) ) ;
#5186 = DIRECTION ( 'NONE',  ( 0.0000000000000000000, 0.0000000000000000000, -1.000000000000000000 ) ) ;
#5187 = FACE_OUTER_BOUND ( 'NONE', #8237, .T. ) ;
#5188 = EDGE_CURVE ( 'NONE', #3142, #5981, #5100, .T. ) ;
#5189 =( GEOMETRIC_REPRESENTATION_CONTEXT ( 3 ) GLOBAL_UNCERTAINTY_ASSIGNED_CONTEXT ( ( #3782 ) ) GLOBAL_UNIT_ASSIGNED_CONTEXT ( ( #2540, #5771, #6346 ) ) REPRESENTATION_CONTEXT ( 'NONE', 'WORKASPACE' ) );
#5190 = CARTESIAN_POINT ( 'NONE',  ( 3.015000000000000124, 1.000000000000000000, -2.024999999999999911 ) ) ;
#5191 = FILL_AREA_STYLE_COLOUR ( '', #7020 ) ;
#5192 = VECTOR ( 'NONE', #4924, 1000.000000000000000 ) ;
#5193 = VERTEX_POINT ( 'NONE', #538 ) ;
#5194 = COLOUR_RGB ( '',1.000000000000000000, 1.000000000000000000, 1.000000000000000000 ) ;
#5195 = EDGE_CURVE ( 'NONE', #731, #6183, #3082, .T. ) ;
#5196 = VECTOR ( 'NONE', #1176, 1000.000000000000000 ) ;
#5197 = DIRECTION ( 'NONE',  ( 1.000000000000000000, 0.0000000000000000000, 0.0000000000000000000 ) ) ;
#5198 = LINE ( 'NONE', #4271, #7146 ) ;
#5199 = EDGE_CURVE ( 'NONE', #6598, #5642, #6529, .T. ) ;
#5200 = ADVANCED_FACE ( 'NONE', ( #5907 ), #4545, .F. ) ;
#5201 = LINE ( 'NONE', #640, #5914 ) ;
#5202 = DIRECTION ( 'NONE',  ( 0.0000000000000000000, 0.0000000000000000000, 1.000000000000000000 ) ) ;
#5203 = EDGE_CURVE ( 'NONE', #3542, #2076, #8078, .T. ) ;
#5204 = DIRECTION ( 'NONE',  ( 0.0000000000000000000, -1.000000000000000000, 0.0000000000000000000 ) ) ;
#5205 = FACE_OUTER_BOUND ( 'NONE', #5768, .T. ) ;
#5206 = CARTESIAN_POINT ( 'NONE',  ( -2.875000000000000000, 0.0000000000000000000, 0.0000000000000000000 ) ) ;
#5207 = EDGE_CURVE ( 'NONE', #4029, #1575, #1127, .T. ) ;
#5208 = VECTOR ( 'NONE', #3704, 1000.000000000000000 ) ;
#5209 = CARTESIAN_POINT ( 'NONE',  ( -1.175000000000000044, 1.850000000000000089, -1.474999999999999867 ) ) ;
#5210 = CARTESIAN_POINT ( 'NONE',  ( -2.875000000000000000, 8.673617379884035472E-15, -0.2250000000000008105 ) ) ;
#5211 = EDGE_LOOP ( 'NONE', ( #3972, #1918, #7921, #5225 ) ) ;
#5212 = VERTEX_POINT ( 'NONE', #2582 ) ;
#5213 = LINE ( 'NONE', #4313, #1756 ) ;
#5214 = CARTESIAN_POINT ( 'NONE',  ( -2.475000000000000089, 1.999999999999997780, -2.075000000000008615 ) ) ;
#5215 = VECTOR ( 'NONE', #326, 1000.000000000000000 ) ;
#5216 = CARTESIAN_POINT ( 'NONE',  ( 0.5250000000000000222, 1.850000000000000089, -1.025000000000000133 ) ) ;
#5217 = ADVANCED_FACE ( 'NONE', ( #7869 ), #5154, .F. ) ;
#5218 = DIRECTION ( 'NONE',  ( 0.0000000000000000000, 0.0000000000000000000, 1.000000000000000000 ) ) ;
#5219 = ORIENTED_EDGE ( 'NONE', *, *, #6251, .F. ) ;
#5220 = DIRECTION ( 'NONE',  ( 0.0000000000000000000, -1.000000000000000000, 0.0000000000000000000 ) ) ;
#5221 = VERTEX_POINT ( 'NONE', #3825 ) ;
#5222 = ORIENTED_EDGE ( 'NONE', *, *, #6088, .F. ) ;
#5223 =( NAMED_UNIT ( * ) SI_UNIT ( $, .STERADIAN. ) SOLID_ANGLE_UNIT ( ) );
#5224 = ORIENTED_EDGE ( 'NONE', *, *, #2819, .T. ) ;
#5225 = ORIENTED_EDGE ( 'NONE', *, *, #2394, .F. ) ;
#5226 = CARTESIAN_POINT ( 'NONE',  ( -2.274999999999999911, 4.249999999999998224, -2.075000000000001510 ) ) ;
#5227 = VERTEX_POINT ( 'NONE', #1942 ) ;
#5228 = AXIS2_PLACEMENT_3D ( 'NONE', #1544, #225, #6748 ) ;
#5229 = CARTESIAN_POINT ( 'NONE',  ( 1.975000000000000089, 1.649999999999999911, -1.698606797699999893 ) ) ;
#5230 = EDGE_CURVE ( 'NONE', #4923, #7301, #6126, .T. ) ;
#5231 = PRESENTATION_STYLE_ASSIGNMENT (( #8223 ) ) ;
#5232 = CARTESIAN_POINT ( 'NONE',  ( -0.5250000000000000222, 0.5000000000000000000, -1.525000000000000133 ) ) ;
#5233 = ORIENTED_EDGE ( 'NONE', *, *, #3632, .T. ) ;
#5234 = ORIENTED_EDGE ( 'NONE', *, *, #5855, .T. ) ;
#5235 = CARTESIAN_POINT ( 'NONE',  ( 2.875000000000000000, 1.000000000000000000, -2.024999999999999911 ) ) ;
#5236 = ADVANCED_FACE ( 'NONE', ( #7459 ), #1914, .T. ) ;
#5237 = SURFACE_STYLE_USAGE ( .BOTH. , #6477 ) ;
#5238 = LINE ( 'NONE', #6138, #2705 ) ;
#5239 = ORIENTED_EDGE ( 'NONE', *, *, #7259, .F. ) ;
#5240 = ORIENTED_EDGE ( 'NONE', *, *, #8379, .F. ) ;
#5241 = CARTESIAN_POINT ( 'NONE',  ( 0.5150000000000000133, 1.850000000000000089, -1.025000000000000133 ) ) ;
#5242 = DIRECTION ( 'NONE',  ( -1.000000000000000000, 0.0000000000000000000, 0.0000000000000000000 ) ) ;
#5243 = VECTOR ( 'NONE', #6454, 1000.000000000000000 ) ;
#5244 = ORIENTED_EDGE ( 'NONE', *, *, #5820, .T. ) ;
#5245 = EDGE_CURVE ( 'NONE', #5342, #857, #5284, .T. ) ;
#5246 = LINE ( 'NONE', #6349, #1888 ) ;
#5247 = VERTEX_POINT ( 'NONE', #7071 ) ;
#5248 = VERTEX_POINT ( 'NONE', #5865 ) ;
#5249 = CARTESIAN_POINT ( 'NONE',  ( 0.8249999999999999556, 1.850000000000000089, -1.474999999999999867 ) ) ;
#5250 = EDGE_LOOP ( 'NONE', ( #1662, #1804, #3661, #1732 ) ) ;
#5251 = SURFACE_SIDE_STYLE ('',( #6359 ) ) ;
#5252 = ORIENTED_EDGE ( 'NONE', *, *, #5963, .F. ) ;
#5253 = EDGE_CURVE ( 'NONE', #7298, #6094, #1326, .T. ) ;
#5254 = LINE ( 'NONE', #6386, #5473 ) ;
#5255 = LINE ( 'NONE', #7567, #6497 ) ;
#5256 = EDGE_LOOP ( 'NONE', ( #3182, #8156, #243, #8406 ) ) ;
#5257 = ADVANCED_FACE ( 'NONE', ( #8365 ), #4576, .T. ) ;
#5258 = DIRECTION ( 'NONE',  ( 1.000000000000000000, 0.0000000000000000000, 0.0000000000000000000 ) ) ;
#5259 = CARTESIAN_POINT ( 'NONE',  ( -1.875000000000000000, 3.750000000000000000, -2.024999999999999911 ) ) ;
#5260 = ORIENTED_EDGE ( 'NONE', *, *, #2276, .T. ) ;
#5261 = VERTEX_POINT ( 'NONE', #8453 ) ;
#5262 = LINE ( 'NONE', #5132, #1301 ) ;
#5263 = CARTESIAN_POINT ( 'NONE',  ( -0.8249999999999999556, 1.649999999999999911, -1.698606797699999893 ) ) ;
#5264 = PLANE ( 'NONE',  #3205 ) ;
#5265 = DIRECTION ( 'NONE',  ( 0.0000000000000000000, 0.0000000000000000000, 1.000000000000000000 ) ) ;
#5266 = CARTESIAN_POINT ( 'NONE',  ( 3.225000000000000089, 0.05000000000000002359, -1.524999999999999689 ) ) ;
#5267 = LINE ( 'NONE', #3174, #4379 ) ;
#5268 = ORIENTED_EDGE ( 'NONE', *, *, #7271, .F. ) ;
#5269 = ORIENTED_EDGE ( 'NONE', *, *, #6769, .T. ) ;
#5270 = VECTOR ( 'NONE', #2164, 1000.000000000000000 ) ;
#5271 =( LENGTH_UNIT ( ) NAMED_UNIT ( * ) SI_UNIT ( .MILLI., .METRE. ) );
#5272 = DIRECTION ( 'NONE',  ( 1.000000000000000000, 0.0000000000000000000, 0.0000000000000000000 ) ) ;
#5273 = SURFACE_STYLE_FILL_AREA ( #5340 ) ;
#5274 = AXIS2_PLACEMENT_3D ( 'NONE', #5304, #7705, #696 ) ;
#5275 = CARTESIAN_POINT ( 'NONE',  ( 3.225000000000000089, 0.0000000000000000000, 0.0000000000000000000 ) ) ;
#5276 = ORIENTED_EDGE ( 'NONE', *, *, #2346, .T. ) ;
#5277 = VECTOR ( 'NONE', #2023, 1000.000000000000000 ) ;
#5278 =( NAMED_UNIT ( * ) SI_UNIT ( $, .STERADIAN. ) SOLID_ANGLE_UNIT ( ) );
#5279 = FACE_OUTER_BOUND ( 'NONE', #865, .T. ) ;
#5280 = AXIS2_PLACEMENT_3D ( 'NONE', #3387, #7967, #2072 ) ;
#5281 = EDGE_CURVE ( 'NONE', #5261, #3901, #3365, .T. ) ;
#5282 = LINE ( 'NONE', #3834, #2970 ) ;
#5283 = CARTESIAN_POINT ( 'NONE',  ( 4.125000000000000000, 1.000000000000000000, -1.525000000000000133 ) ) ;
#5284 = LINE ( 'NONE', #1852, #7669 ) ;
#5285 = CARTESIAN_POINT ( 'NONE',  ( 6.206138830084190872, 2.250000000000000000, -0.4749999999999999778 ) ) ;
#5286 = SURFACE_STYLE_USAGE ( .BOTH. , #6636 ) ;
#5287 = AXIS2_PLACEMENT_3D ( 'NONE', #2063, #4530, #613 ) ;
#5288 = LINE ( 'NONE', #2997, #3580 ) ;
#5289 = CARTESIAN_POINT ( 'NONE',  ( 2.875000000000000000, 1.000000000000000000, -1.525000000000000133 ) ) ;
#5290 = ORIENTED_EDGE ( 'NONE', *, *, #5281, .F. ) ;
#5291 = ORIENTED_EDGE ( 'NONE', *, *, #7844, .T. ) ;
#5292 = DIRECTION ( 'NONE',  ( 0.0000000000000000000, -1.000000000000000000, 0.0000000000000000000 ) ) ;
#5293 = VECTOR ( 'NONE', #6516, 1000.000000000000000 ) ;
#5294 = VERTEX_POINT ( 'NONE', #7971 ) ;
#5295 = LINE ( 'NONE', #6780, #2668 ) ;
#5296 = AXIS2_PLACEMENT_3D ( 'NONE', #3947, #4021, #7222 ) ;
#5297 = CARTESIAN_POINT ( 'NONE',  ( -0.7349999999999999867, 1.000000000000000000, -1.525000000000000133 ) ) ;
#5298 = CARTESIAN_POINT ( 'NONE',  ( 6.625000000000000888, 3.600000000000000977, -1.425000000000000044 ) ) ;
#5299 = FILL_AREA_STYLE_COLOUR ( '', #758 ) ;
#5300 = ADVANCED_FACE ( 'NONE', ( #8069 ), #2686, .T. ) ;
#5301 = EDGE_CURVE ( 'NONE', #4868, #2684, #411, .T. ) ;
#5302 = CARTESIAN_POINT ( 'NONE',  ( 0.5250000000000000222, 0.5000000000000000000, 2.024999999999999911 ) ) ;
#5303 = VECTOR ( 'NONE', #4856, 1000.000000000000000 ) ;
#5304 = CARTESIAN_POINT ( 'NONE',  ( 3.750000000000000888, 0.0000000000000000000, -1.025000000000000133 ) ) ;
#5305 = CARTESIAN_POINT ( 'NONE',  ( 0.7249999999999999778, 0.5000000000000000000, 0.0000000000000000000 ) ) ;
#5306 = VECTOR ( 'NONE', #3297, 1000.000000000000000 ) ;
#5307 = EDGE_CURVE ( 'NONE', #4254, #856, #4291, .T. ) ;
#5308 = DIRECTION ( 'NONE',  ( -1.000000000000000000, 0.0000000000000000000, 0.0000000000000000000 ) ) ;
#5309 = FACE_OUTER_BOUND ( 'NONE', #39, .T. ) ;
#5310 = EDGE_CURVE ( 'NONE', #157, #2890, #3874, .T. ) ;
#5311 = VECTOR ( 'NONE', #8014, 1000.000000000000000 ) ;
#5312 = DIRECTION ( 'NONE',  ( 1.000000000000000000, 0.0000000000000000000, 0.0000000000000000000 ) ) ;
#5313 = ORIENTED_EDGE ( 'NONE', *, *, #4058, .T. ) ;
#5314 = DIRECTION ( 'NONE',  ( 0.0000000000000000000, 1.000000000000000000, 0.0000000000000000000 ) ) ;
#5315 = EDGE_CURVE ( 'NONE', #964, #3233, #5811, .T. ) ;
#5316 = VERTEX_POINT ( 'NONE', #6561 ) ;
#5317 = CARTESIAN_POINT ( 'NONE',  ( 0.7249999999999998668, -0.6500000000000000222, -1.775000000000000133 ) ) ;
#5318 = ORIENTED_EDGE ( 'NONE', *, *, #4818, .T. ) ;
#5319 = PLANE ( 'NONE',  #5079 ) ;
#5320 = DIRECTION ( 'NONE',  ( -1.000000000000000000, 0.0000000000000000000, 0.0000000000000000000 ) ) ;
#5321 = DIRECTION ( 'NONE',  ( 0.0000000000000000000, 0.0000000000000000000, -1.000000000000000000 ) ) ;
#5322 = ADVANCED_FACE ( 'NONE', ( #7660 ), #5319, .T. ) ;
#5323 = DIRECTION ( 'NONE',  ( 0.0000000000000000000, 0.0000000000000000000, 1.000000000000000000 ) ) ;
#5324 = ORIENTED_EDGE ( 'NONE', *, *, #6097, .T. ) ;
#5325 = EDGE_LOOP ( 'NONE', ( #4998, #1108, #1223 ) ) ;
#5326 = DIRECTION ( 'NONE',  ( -1.000000000000000000, 0.0000000000000000000, 0.0000000000000000000 ) ) ;
#5327 =( NAMED_UNIT ( * ) SI_UNIT ( $, .STERADIAN. ) SOLID_ANGLE_UNIT ( ) );
#5328 = MECHANICAL_DESIGN_GEOMETRIC_PRESENTATION_REPRESENTATION (  '', ( #6219 ), #209 ) ;
#5329 = CARTESIAN_POINT ( 'NONE',  ( 1.984999999999999876, 1.649999999999999911, -1.474999999999999867 ) ) ;
#5330 = FILL_AREA_STYLE_COLOUR ( '', #5515 ) ;
#5331 = CARTESIAN_POINT ( 'NONE',  ( 0.5250000000000000222, 1.850000000000000089, -1.698606797699999893 ) ) ;
#5332 = COLOUR_RGB ( '',1.000000000000000000, 1.000000000000000000, 1.000000000000000000 ) ;
#5333 = VERTEX_POINT ( 'NONE', #6608 ) ;
#5334 = CARTESIAN_POINT ( 'NONE',  ( 6.250000000000000000, 4.240000000000000213, 2.024999999999999911 ) ) ;
#5335 = DIRECTION ( 'NONE',  ( 1.000000000000000000, 0.0000000000000000000, 0.0000000000000000000 ) ) ;
#5336 = DIRECTION ( 'NONE',  ( 1.000000000000000000, 0.0000000000000000000, 0.0000000000000000000 ) ) ;
#5337 = LINE ( 'NONE', #4295, #8119 ) ;
#5338 = PRESENTATION_LAYER_ASSIGNMENT (  '', '', ( #4916 ) ) ;
#5339 = AXIS2_PLACEMENT_3D ( 'NONE', #5289, #2748, #1396 ) ;
#5340 = FILL_AREA_STYLE ('',( #4702 ) ) ;
#5341 = ORIENTED_EDGE ( 'NONE', *, *, #5497, .F. ) ;
#5342 = VERTEX_POINT ( 'NONE', #7885 ) ;
#5343 = ADVANCED_FACE ( 'NONE', ( #5187 ), #7238, .T. ) ;
#5345 = VECTOR ( 'NONE', #2189, 1000.000000000000000 ) ;
#5344 = CARTESIAN_POINT ( 'NONE',  ( 4.275000000000000355, 1.000000000000000000, -1.525000000000000133 ) ) ;
#5346 = EDGE_CURVE ( 'NONE', #4146, #2489, #3682, .T. ) ;
#5347 =( NAMED_UNIT ( * ) PLANE_ANGLE_UNIT ( ) SI_UNIT ( $, .RADIAN. ) );
#5348 = CARTESIAN_POINT ( 'NONE',  ( 0.7249999999999999778, 1.315130797599999957, 1.171117220399999770 ) ) ;
#5349 = VERTEX_POINT ( 'NONE', #79 ) ;
#5350 = CARTESIAN_POINT ( 'NONE',  ( 3.225000000000000089, 1.000000000000000000, 1.525000000000000133 ) ) ;
#5351 = ORIENTED_EDGE ( 'NONE', *, *, #5140, .T. ) ;
#5352 = EDGE_CURVE ( 'NONE', #7100, #6646, #4591, .T. ) ;
#5353 = EDGE_CURVE ( 'NONE', #3346, #3806, #7558, .T. ) ;
#5354 = EDGE_LOOP ( 'NONE', ( #1900, #40, #364, #1510 ) ) ;
#5355 = EDGE_CURVE ( 'NONE', #8163, #4542, #4080, .T. ) ;
#5356 = VERTEX_POINT ( 'NONE', #3938 ) ;
#5357 = PLANE ( 'NONE',  #5296 ) ;
#5358 = DIRECTION ( 'NONE',  ( -1.000000000000000000, 0.0000000000000000000, 0.0000000000000000000 ) ) ;
#5359 = ORIENTED_EDGE ( 'NONE', *, *, #5886, .F. ) ;
#5360 = ORIENTED_EDGE ( 'NONE', *, *, #6171, .T. ) ;
#5361 = DIRECTION ( 'NONE',  ( 1.000000000000000000, 0.0000000000000000000, 0.0000000000000000000 ) ) ;
#5362 = EDGE_LOOP ( 'NONE', ( #3166, #5138, #8026, #3213 ) ) ;
#5363 = EDGE_CURVE ( 'NONE', #2905, #3515, #2361, .T. ) ;
#5364 = AXIS2_PLACEMENT_3D ( 'NONE', #3526, #294, #6167 ) ;
#5365 = LINE ( 'NONE', #1881, #273 ) ;
#5366 = DIRECTION ( 'NONE',  ( 0.0000000000000000000, 0.0000000000000000000, -1.000000000000000000 ) ) ;
#5367 = CARTESIAN_POINT ( 'NONE',  ( 4.125000000000000000, 2.250000000000000000, 1.024999999999999911 ) ) ;
#5368 = LINE ( 'NONE', #1162, #7204 ) ;
#5369 = ADVANCED_FACE ( 'NONE', ( #7136 ), #736, .F. ) ;
#5370 = SURFACE_SIDE_STYLE ('',( #4914 ) ) ;
#5371 = EDGE_CURVE ( 'NONE', #964, #3944, #3469, .T. ) ;
#5373 = VECTOR ( 'NONE', #1195, 1000.000000000000000 ) ;
#5372 = CARTESIAN_POINT ( 'NONE',  ( -2.274999999999999911, 3.600000000000000977, -0.07499999999999998335 ) ) ;
#5374 = CARTESIAN_POINT ( 'NONE',  ( 0.5250000000000000222, 1.649999999999999911, -1.025000000000000133 ) ) ;
#5375 = ORIENTED_EDGE ( 'NONE', *, *, #3746, .F. ) ;
#5376 = ORIENTED_EDGE ( 'NONE', *, *, #2696, .F. ) ;
#5377 = LINE ( 'NONE', #130, #177 ) ;
#5378 = ORIENTED_EDGE ( 'NONE', *, *, #2751, .F. ) ;
#5379 = VECTOR ( 'NONE', #3919, 1000.000000000000000 ) ;
#5380 = SURFACE_SIDE_STYLE ('',( #1526 ) ) ;
#5381 =( NAMED_UNIT ( * ) PLANE_ANGLE_UNIT ( ) SI_UNIT ( $, .RADIAN. ) );
#5382 = VERTEX_POINT ( 'NONE', #1425 ) ;
#5383 = CARTESIAN_POINT ( 'NONE',  ( -0.5250000000000000222, 1.850000000000000089, 2.024999999999999911 ) ) ;
#5384 = LINE ( 'NONE', #1333, #1919 ) ;
#5385 = VECTOR ( 'NONE', #7505, 1000.000000000000000 ) ;
#5386 = AXIS2_PLACEMENT_3D ( 'NONE', #4328, #5030, #8309 ) ;
#5387 = SURFACE_SIDE_STYLE ('',( #5389 ) ) ;
#5388 = UNCERTAINTY_MEASURE_WITH_UNIT (LENGTH_MEASURE( 1.000000000000000082E-05 ), #701, 'distance_accuracy_value', 'NONE');
#5389 = SURFACE_STYLE_FILL_AREA ( #174 ) ;
#5390 = CARTESIAN_POINT ( 'NONE',  ( 5.775000000000000355, 1.980741759643274369, -2.024999999999999911 ) ) ;
#5391 = CARTESIAN_POINT ( 'NONE',  ( 1.974999999999999867, -0.6500000000000000222, -2.075000000000000178 ) ) ;
#5392 = LINE ( 'NONE', #6837, #7456 ) ;
#5393 = ADVANCED_FACE ( 'NONE', ( #1118 ), #2715, .T. ) ;
#5394 = ORIENTED_EDGE ( 'NONE', *, *, #1257, .T. ) ;
#5395 = ORIENTED_EDGE ( 'NONE', *, *, #2986, .T. ) ;
#5396 = SURFACE_STYLE_FILL_AREA ( #4180 ) ;
#5397 = CARTESIAN_POINT ( 'NONE',  ( 3.234999999999999876, 1.850000000000000089, -1.025000000000000133 ) ) ;
#5398 = PLANE ( 'NONE',  #8414 ) ;
#5399 = CARTESIAN_POINT ( 'NONE',  ( 0.0000000000000000000, 4.240000000000000213, -1.925000000000000044 ) ) ;
#5400 = LINE ( 'NONE', #5795, #5900 ) ;
#5401 = DIRECTION ( 'NONE',  ( 0.0000000000000000000, -0.0000000000000000000, -1.000000000000000000 ) ) ;
#5402 = VECTOR ( 'NONE', #7378, 1000.000000000000000 ) ;
#5403 = EDGE_LOOP ( 'NONE', ( #7936, #4650, #8400, #4793 ) ) ;
#5404 = LINE ( 'NONE', #517, #5105 ) ;
#5405 = PLANE ( 'NONE',  #5999 ) ;
#5406 = PLANE ( 'NONE',  #3338 ) ;
#5407 = CARTESIAN_POINT ( 'NONE',  ( 4.474999999999999645, 1.795247431900000024, 2.024999999999999911 ) ) ;
#5408 = FACE_OUTER_BOUND ( 'NONE', #544, .T. ) ;
#5409 = CARTESIAN_POINT ( 'NONE',  ( 4.264999999999999680, 1.000000000000000000, -1.025000000000000133 ) ) ;
#5410 = LINE ( 'NONE', #122, #826 ) ;
#5411 = MECHANICAL_DESIGN_GEOMETRIC_PRESENTATION_REPRESENTATION (  '', ( #6447 ), #3345 ) ;
#5412 = CARTESIAN_POINT ( 'NONE',  ( 1.675000000000000044, 1.850000000000000089, -1.474999999999999867 ) ) ;
#5413 = PLANE ( 'NONE',  #7325 ) ;
#5414 = CARTESIAN_POINT ( 'NONE',  ( 3.225000000000000089, 1.850000000000000089, 2.024999999999999911 ) ) ;
#5415 = FACE_OUTER_BOUND ( 'NONE', #3625, .T. ) ;
#5416 = PLANE ( 'NONE',  #7782 ) ;
#5417 = VECTOR ( 'NONE', #1101, 1000.000000000000000 ) ;
#5418 = EDGE_CURVE ( 'NONE', #6701, #2971, #1733, .T. ) ;
#5419 = DIRECTION ( 'NONE',  ( -0.0000000000000000000, 1.000000000000000000, -0.0000000000000000000 ) ) ;
#5420 = EDGE_CURVE ( 'NONE', #7163, #2425, #603, .T. ) ;
#5421 = CARTESIAN_POINT ( 'NONE',  ( 3.024999999999999911, 0.05000000000000002359, -1.524999999999999689 ) ) ;
#5422 = DIRECTION ( 'NONE',  ( 0.0000000000000000000, -0.6650335612228979176, -0.7468134723257140450 ) ) ;
#5423 = CARTESIAN_POINT ( 'NONE',  ( -1.175000000000000044, 1.850000000000000089, -1.474999999999999867 ) ) ;
#5424 = ORIENTED_EDGE ( 'NONE', *, *, #3130, .T. ) ;
#5425 = ORIENTED_EDGE ( 'NONE', *, *, #1552, .T. ) ;
#5426 = LINE ( 'NONE', #1317, #230 ) ;
#5427 = EDGE_CURVE ( 'NONE', #2948, #2422, #1318, .T. ) ;
#5428 = DIRECTION ( 'NONE',  ( -1.000000000000000000, 0.0000000000000000000, 0.0000000000000000000 ) ) ;
#5429 = CARTESIAN_POINT ( 'NONE',  ( 3.324999999999999734, 1.649999999999999911, 2.024999999999999911 ) ) ;
#5430 = SURFACE_STYLE_USAGE ( .BOTH. , #814 ) ;
#5431 = EDGE_LOOP ( 'NONE', ( #739, #1272, #4353, #2109 ) ) ;
#5432 = PLANE ( 'NONE',  #3500 ) ;
#5433 = VERTEX_POINT ( 'NONE', #1481 ) ;
#5434 = ORIENTED_EDGE ( 'NONE', *, *, #6458, .F. ) ;
#5435 = CARTESIAN_POINT ( 'NONE',  ( 4.474999999999999645, 1.315130797599999957, 1.171117220399999770 ) ) ;
#5436 = ORIENTED_EDGE ( 'NONE', *, *, #7581, .T. ) ;
#5437 = CARTESIAN_POINT ( 'NONE',  ( 3.225000000000000089, 0.3499999999999999778, -2.075000000000000178 ) ) ;
#5438 = DIRECTION ( 'NONE',  ( 0.0000000000000000000, 4.336808689942024836E-15, -1.000000000000000000 ) ) ;
#5439 = ORIENTED_EDGE ( 'NONE', *, *, #7572, .T. ) ;
#5440 = ADVANCED_FACE ( 'NONE', ( #199 ), #6664, .F. ) ;
#5441 = DIRECTION ( 'NONE',  ( 0.0000000000000000000, 0.0000000000000000000, 1.000000000000000000 ) ) ;
#5442 = ORIENTED_EDGE ( 'NONE', *, *, #669, .F. ) ;
#5443 = LINE ( 'NONE', #5076, #2074 ) ;
#5444 = ORIENTED_EDGE ( 'NONE', *, *, #3800, .T. ) ;
#5445 = ORIENTED_EDGE ( 'NONE', *, *, #5598, .T. ) ;
#5446 = CARTESIAN_POINT ( 'NONE',  ( -2.274999999999999911, 3.600000000000000977, -1.425000000000000044 ) ) ;
#5447 = CARTESIAN_POINT ( 'NONE',  ( 1.324999999999999956, 1.850000000000000089, -1.474999999999999867 ) ) ;
#5448 =( LENGTH_UNIT ( ) NAMED_UNIT ( * ) SI_UNIT ( .MILLI., .METRE. ) );
#5449 = ORIENTED_EDGE ( 'NONE', *, *, #5706, .T. ) ;
#5450 = CARTESIAN_POINT ( 'NONE',  ( 0.5250000000000000222, 1.350000000000000089, 0.0000000000000000000 ) ) ;
#5451 = ORIENTED_EDGE ( 'NONE', *, *, #6036, .F. ) ;
#5452 =( GEOMETRIC_REPRESENTATION_CONTEXT ( 3 ) GLOBAL_UNCERTAINTY_ASSIGNED_CONTEXT ( ( #7550 ) ) GLOBAL_UNIT_ASSIGNED_CONTEXT ( ( #8412, #1337, #7884 ) ) REPRESENTATION_CONTEXT ( 'NONE', 'WORKASPACE' ) );
#5453 = DIRECTION ( 'NONE',  ( 0.0000000000000000000, 0.6650335612228979176, -0.7468134723257140450 ) ) ;
#5454 = SURFACE_STYLE_FILL_AREA ( #1040 ) ;
#5455 = PLANE ( 'NONE',  #8255 ) ;
#5456 = EDGE_CURVE ( 'NONE', #882, #3667, #4491, .T. ) ;
#5457 = CARTESIAN_POINT ( 'NONE',  ( 3.225000000000000089, 1.795247431900000024, 2.024999999999999911 ) ) ;
#5458 = VERTEX_POINT ( 'NONE', #2771 ) ;
#5459 = ORIENTED_EDGE ( 'NONE', *, *, #903, .T. ) ;
#5460 = CARTESIAN_POINT ( 'NONE',  ( 4.125000000000000000, 2.750000000000000000, -0.4749999999999999778 ) ) ;
#5461 = CARTESIAN_POINT ( 'NONE',  ( 5.125000000000000888, 3.149999999999999911, 0.02500000000000000139 ) ) ;
#5462 = LINE ( 'NONE', #6271, #1282 ) ;
#5463 = CARTESIAN_POINT ( 'NONE',  ( -0.7249999999999999778, 1.649999999999999911, 2.024999999999999911 ) ) ;
#5464 = SURFACE_SIDE_STYLE ('',( #5273 ) ) ;
#5465 = LINE ( 'NONE', #7052, #3745 ) ;
#5466 = EDGE_LOOP ( 'NONE', ( #8370, #6275, #2320, #1098 ) ) ;
#5467 = ORIENTED_EDGE ( 'NONE', *, *, #1564, .F. ) ;
#5468 = CARTESIAN_POINT ( 'NONE',  ( -1.175000000000000044, 1.850000000000000089, 2.024999999999999911 ) ) ;
#5469 = EDGE_CURVE ( 'NONE', #1705, #6584, #2565, .T. ) ;
#5470 = MECHANICAL_DESIGN_GEOMETRIC_PRESENTATION_REPRESENTATION (  '', ( #7504 ), #6344 ) ;
#5471 = ORIENTED_EDGE ( 'NONE', *, *, #7216, .F. ) ;
#5472 = VERTEX_POINT ( 'NONE', #4826 ) ;
#5473 = VECTOR ( 'NONE', #532, 1000.000000000000000 ) ;
#5474 = SURFACE_STYLE_USAGE ( .BOTH. , #5380 ) ;
#5475 = LINE ( 'NONE', #3662, #8047 ) ;
#5476 = DIRECTION ( 'NONE',  ( 0.0000000000000000000, 0.0000000000000000000, -1.000000000000000000 ) ) ;
#5477 = ORIENTED_EDGE ( 'NONE', *, *, #6660, .F. ) ;
#5478 = EDGE_CURVE ( 'NONE', #2834, #6597, #5502, .T. ) ;
#5479 = CARTESIAN_POINT ( 'NONE',  ( 0.07499999999999998335, 1.850000000000000089, 2.024999999999999911 ) ) ;
#5480 = ORIENTED_EDGE ( 'NONE', *, *, #960, .F. ) ;
#5481 = EDGE_LOOP ( 'NONE', ( #1891, #3550, #2732, #7419 ) ) ;
#5482 = ORIENTED_EDGE ( 'NONE', *, *, #3592, .T. ) ;
#5483 = EDGE_CURVE ( 'NONE', #3514, #1778, #5610, .T. ) ;
#5484 = LINE ( 'NONE', #3171, #66 ) ;
#5485 =( NAMED_UNIT ( * ) SI_UNIT ( $, .STERADIAN. ) SOLID_ANGLE_UNIT ( ) );
#5486 = ADVANCED_FACE ( 'NONE', ( #5703 ), #6133, .F. ) ;
#5487 = ORIENTED_EDGE ( 'NONE', *, *, #2437, .F. ) ;
#5488 = DIRECTION ( 'NONE',  ( -1.000000000000000000, 0.0000000000000000000, 0.0000000000000000000 ) ) ;
#5489 = DIRECTION ( 'NONE',  ( 0.0000000000000000000, 0.0000000000000000000, -1.000000000000000000 ) ) ;
#5490 = EDGE_CURVE ( 'NONE', #3437, #1117, #2459, .T. ) ;
#5491 = VECTOR ( 'NONE', #3787, 1000.000000000000000 ) ;
#5492 = CARTESIAN_POINT ( 'NONE',  ( 1.775000000000000133, 0.0000000000000000000, -1.525000000000000133 ) ) ;
#5493 = ORIENTED_EDGE ( 'NONE', *, *, #6629, .T. ) ;
#5494 = ORIENTED_EDGE ( 'NONE', *, *, #4762, .T. ) ;
#5495 = LINE ( 'NONE', #4696, #5270 ) ;
#5496 = DIRECTION ( 'NONE',  ( 0.0000000000000000000, 0.0000000000000000000, 1.000000000000000000 ) ) ;
#5497 = EDGE_CURVE ( 'NONE', #7190, #1211, #7767, .T. ) ;
#5498 = CARTESIAN_POINT ( 'NONE',  ( -2.475000000000000089, 2.224999999999998757, -2.025000000000007905 ) ) ;
#5499 = SURFACE_STYLE_USAGE ( .BOTH. , #4246 ) ;
#5500 = VECTOR ( 'NONE', #1133, 1000.000000000000000 ) ;
#5501 = EDGE_LOOP ( 'NONE', ( #383, #1873, #1769, #2545, #5940, #5602 ) ) ;
#5502 = LINE ( 'NONE', #860, #2027 ) ;
#5503 = DIRECTION ( 'NONE',  ( 0.0000000000000000000, 0.0000000000000000000, 1.000000000000000000 ) ) ;
#5504 = COLOUR_RGB ( '',0.6470588235294117974, 0.6196078431372549211, 0.5882352941176470784 ) ;
#5505 = DIRECTION ( 'NONE',  ( 0.0000000000000000000, 0.0000000000000000000, -1.000000000000000000 ) ) ;
#5506 = DIRECTION ( 'NONE',  ( -0.0000000000000000000, -1.000000000000000000, -0.0000000000000000000 ) ) ;
#5507 = AXIS2_PLACEMENT_3D ( 'NONE', #7798, #3932, #5862 ) ;
#5508 = VECTOR ( 'NONE', #3878, 1000.000000000000000 ) ;
#5509 = DIRECTION ( 'NONE',  ( -1.000000000000000000, 0.0000000000000000000, 0.0000000000000000000 ) ) ;
#5510 = LINE ( 'NONE', #1017, #1329 ) ;
#5511 = CARTESIAN_POINT ( 'NONE',  ( -0.7349999999999999867, 1.000000000000000000, -1.474999999999999867 ) ) ;
#5512 = LINE ( 'NONE', #4164, #822 ) ;
#5513 = ORIENTED_EDGE ( 'NONE', *, *, #1103, .T. ) ;
#5514 = VECTOR ( 'NONE', #25, 1000.000000000000000 ) ;
#5515 = COLOUR_RGB ( '',1.000000000000000000, 1.000000000000000000, 1.000000000000000000 ) ;
#5516 = CARTESIAN_POINT ( 'NONE',  ( 6.225000000000001421, 1.999999999999997780, -2.024999999999999911 ) ) ;
#5517 = AXIS2_PLACEMENT_3D ( 'NONE', #7527, #1618, #3655 ) ;
#5518 = CARTESIAN_POINT ( 'NONE',  ( -0.4249999999999999889, 1.649999999999999911, -1.025000000000000133 ) ) ;
#5519 = CARTESIAN_POINT ( 'NONE',  ( 4.475000000000000533, -0.6500000000000000222, -1.775000000000000133 ) ) ;
#5520 = CARTESIAN_POINT ( 'NONE',  ( 3.234999999999999876, 1.000000000000000000, -2.024999999999999911 ) ) ;
#5521 = LINE ( 'NONE', #1656, #3794 ) ;
#5522 = EDGE_CURVE ( 'NONE', #5153, #2441, #2759, .T. ) ;
#5523 =( GEOMETRIC_REPRESENTATION_CONTEXT ( 3 ) GLOBAL_UNCERTAINTY_ASSIGNED_CONTEXT ( ( #1007 ) ) GLOBAL_UNIT_ASSIGNED_CONTEXT ( ( #5448, #925, #5485 ) ) REPRESENTATION_CONTEXT ( 'NONE', 'WORKASPACE' ) );
#5524 = VECTOR ( 'NONE', #4156, 1000.000000000000000 ) ;
#5525 = PLANE ( 'NONE',  #2197 ) ;
#5526 = DIRECTION ( 'NONE',  ( 0.0000000000000000000, 1.000000000000000000, 0.0000000000000000000 ) ) ;
#5527 = DIRECTION ( 'NONE',  ( 1.000000000000000000, 0.0000000000000000000, 0.0000000000000000000 ) ) ;
#5528 = ADVANCED_FACE ( 'NONE', ( #6108 ), #2801, .T. ) ;
#5529 = FILL_AREA_STYLE ('',( #2291 ) ) ;
#5530 = EDGE_CURVE ( 'NONE', #590, #81, #404, .T. ) ;
#5531 = LINE ( 'NONE', #3240, #115 ) ;
#5532 = LINE ( 'NONE', #6004, #4825 ) ;
#5533 = ORIENTED_EDGE ( 'NONE', *, *, #7732, .F. ) ;
#5534 = DIRECTION ( 'NONE',  ( -1.000000000000000000, 0.0000000000000000000, 0.0000000000000000000 ) ) ;
#5535 = DIRECTION ( 'NONE',  ( -1.000000000000000000, 0.0000000000000000000, 0.0000000000000000000 ) ) ;
#5536 = CARTESIAN_POINT ( 'NONE',  ( 0.5250000000000000222, 1.649999999999999911, -1.474999999999999867 ) ) ;
#5537 = VERTEX_POINT ( 'NONE', #2358 ) ;
#5538 = ORIENTED_EDGE ( 'NONE', *, *, #2446, .T. ) ;
#5539 = ORIENTED_EDGE ( 'NONE', *, *, #4508, .F. ) ;
#5540 = EDGE_CURVE ( 'NONE', #2702, #4682, #7962, .T. ) ;
#5541 = MECHANICAL_DESIGN_GEOMETRIC_PRESENTATION_REPRESENTATION (  '', ( #2380 ), #6414 ) ;
#5542 = VERTEX_POINT ( 'NONE', #6157 ) ;
#5543 = SURFACE_STYLE_USAGE ( .BOTH. , #7514 ) ;
#5544 = SURFACE_STYLE_USAGE ( .BOTH. , #3051 ) ;
#5545 = SURFACE_SIDE_STYLE ('',( #6845 ) ) ;
#5546 = LINE ( 'NONE', #6522, #4625 ) ;
#5547 = EDGE_CURVE ( 'NONE', #8287, #3436, #4385, .T. ) ;
#5548 = ORIENTED_EDGE ( 'NONE', *, *, #7797, .F. ) ;
#5549 = ORIENTED_EDGE ( 'NONE', *, *, #4492, .T. ) ;
#5550 = DIRECTION ( 'NONE',  ( 1.000000000000000000, 0.0000000000000000000, 0.0000000000000000000 ) ) ;
#5551 = DIRECTION ( 'NONE',  ( -1.000000000000000000, 0.0000000000000000000, 0.0000000000000000000 ) ) ;
#5552 = DIRECTION ( 'NONE',  ( 0.0000000000000000000, 0.0000000000000000000, -1.000000000000000000 ) ) ;
#5553 = UNCERTAINTY_MEASURE_WITH_UNIT (LENGTH_MEASURE( 1.000000000000000082E-05 ), #1146, 'distance_accuracy_value', 'NONE');
#5554 = VECTOR ( 'NONE', #1228, 1000.000000000000000 ) ;
#5555 = CARTESIAN_POINT ( 'NONE',  ( 4.274999999999999467, 0.05000000000000002359, -1.775000000000000133 ) ) ;
#5556 =( NAMED_UNIT ( * ) PLANE_ANGLE_UNIT ( ) SI_UNIT ( $, .RADIAN. ) );
#5557 = CARTESIAN_POINT ( 'NONE',  ( 1.984999999999999876, 1.850000000000000089, -2.024999999999999911 ) ) ;
#5558 = EDGE_LOOP ( 'NONE', ( #2928, #5693, #6050, #1603, #6352, #3915 ) ) ;
#5559 = ORIENTED_EDGE ( 'NONE', *, *, #1590, .T. ) ;
#5560 = CARTESIAN_POINT ( 'NONE',  ( -0.7249999999999999778, 0.5000000000000000000, 2.024999999999999911 ) ) ;
#5561 = FACE_OUTER_BOUND ( 'NONE', #858, .T. ) ;
#5562 = DIRECTION ( 'NONE',  ( -1.000000000000000000, -0.0000000000000000000, 0.0000000000000000000 ) ) ;
#5563 = ORIENTED_EDGE ( 'NONE', *, *, #233, .F. ) ;
#5564 = DIRECTION ( 'NONE',  ( 0.0000000000000000000, -1.000000000000000000, 0.0000000000000000000 ) ) ;
#5565 = ORIENTED_EDGE ( 'NONE', *, *, #1380, .F. ) ;
#5566 = CARTESIAN_POINT ( 'NONE',  ( 6.625000000000000888, 2.000000000000000000, -2.024999999999999911 ) ) ;
#5567 = VECTOR ( 'NONE', #2542, 1000.000000000000000 ) ;
#5568 = PRESENTATION_STYLE_ASSIGNMENT (( #2431 ) ) ;
#5569 = ORIENTED_EDGE ( 'NONE', *, *, #127, .F. ) ;
#5570 = DIRECTION ( 'NONE',  ( 0.0000000000000000000, 0.0000000000000000000, -1.000000000000000000 ) ) ;
#5571 = FILL_AREA_STYLE_COLOUR ( '', #6468 ) ;
#5572 = AXIS2_PLACEMENT_3D ( 'NONE', #6918, #8312, #4305 ) ;
#5573 = ADVANCED_FACE ( 'NONE', ( #6713 ), #4288, .F. ) ;
#5574 = ORIENTED_EDGE ( 'NONE', *, *, #3632, .F. ) ;
#5575 = VERTEX_POINT ( 'NONE', #1000 ) ;
#5576 = DIRECTION ( 'NONE',  ( 0.0000000000000000000, 0.0000000000000000000, -1.000000000000000000 ) ) ;
#5577 = AXIS2_PLACEMENT_3D ( 'NONE', #1681, #4965, #6246 ) ;
#5578 = VECTOR ( 'NONE', #7207, 1000.000000000000000 ) ;
#5579 = DIRECTION ( 'NONE',  ( 0.0000000000000000000, 0.0000000000000000000, 1.000000000000000000 ) ) ;
#5580 = EDGE_CURVE ( 'NONE', #3656, #2829, #83, .T. ) ;
#5581 =( NAMED_UNIT ( * ) PLANE_ANGLE_UNIT ( ) SI_UNIT ( $, .RADIAN. ) );
#5582 = CARTESIAN_POINT ( 'NONE',  ( 0.7249999999999999778, 1.795247431900000024, 2.024999999999999911 ) ) ;
#5583 = ORIENTED_EDGE ( 'NONE', *, *, #4921, .T. ) ;
#5584 = ORIENTED_EDGE ( 'NONE', *, *, #7170, .F. ) ;
#5585 = DIRECTION ( 'NONE',  ( 0.0000000000000000000, -1.000000000000000000, 0.0000000000000000000 ) ) ;
#5586 = ORIENTED_EDGE ( 'NONE', *, *, #4015, .T. ) ;
#5587 = CARTESIAN_POINT ( 'NONE',  ( 4.475000000000000533, -0.6500000000000000222, -2.075000000000000178 ) ) ;
#5588 = PRESENTATION_STYLE_ASSIGNMENT (( #5499 ) ) ;
#5589 = LINE ( 'NONE', #8279, #170 ) ;
#5590 = LINE ( 'NONE', #5858, #3673 ) ;
#5591 = DIRECTION ( 'NONE',  ( 0.0000000000000000000, -1.000000000000000000, 0.0000000000000000000 ) ) ;
#5592 = ORIENTED_EDGE ( 'NONE', *, *, #5604, .F. ) ;
#5593 = VECTOR ( 'NONE', #4100, 1000.000000000000000 ) ;
#5594 = PLANE ( 'NONE',  #2522 ) ;
#5595 = ORIENTED_EDGE ( 'NONE', *, *, #2913, .T. ) ;
#5596 = EDGE_CURVE ( 'NONE', #6968, #7060, #1620, .T. ) ;
#5597 = CARTESIAN_POINT ( 'NONE',  ( 5.125000000000000888, 3.750000000000000000, 0.02500000000000000139 ) ) ;
#5598 = EDGE_CURVE ( 'NONE', #228, #2068, #4070, .T. ) ;
#5599 = CARTESIAN_POINT ( 'NONE',  ( -0.5250000000000000222, 0.0000000000000000000, 0.0000000000000000000 ) ) ;
#5600 = CARTESIAN_POINT ( 'NONE',  ( 6.625000000000000888, 1.950000000000002176, 1.375000000000006883 ) ) ;
#5601 = COLOUR_RGB ( '',0.6470588235294117974, 0.6196078431372549211, 0.5882352941176470784 ) ;
#5602 = ORIENTED_EDGE ( 'NONE', *, *, #5310, .T. ) ;
#5603 = LINE ( 'NONE', #5143, #4672 ) ;
#5604 = EDGE_CURVE ( 'NONE', #5133, #1149, #1213, .T. ) ;
#5605 = VECTOR ( 'NONE', #1400, 1000.000000000000000 ) ;
#5606 = CARTESIAN_POINT ( 'NONE',  ( 4.575000000000001066, 1.850000000000000089, 2.024999999999999911 ) ) ;
#5607 = VECTOR ( 'NONE', #7588, 1000.000000000000000 ) ;
#5608 = ORIENTED_EDGE ( 'NONE', *, *, #1531, .T. ) ;
#5609 = ORIENTED_EDGE ( 'NONE', *, *, #7793, .T. ) ;
#5610 = LINE ( 'NONE', #4848, #2246 ) ;
#5611 = EDGE_CURVE ( 'NONE', #7068, #8163, #8164, .T. ) ;
#5612 =( LENGTH_UNIT ( ) NAMED_UNIT ( * ) SI_UNIT ( .MILLI., .METRE. ) );
#5613 = FILL_AREA_STYLE ('',( #4337 ) ) ;
#5614 = LINE ( 'NONE', #7023, #8177 ) ;
#5615 = ADVANCED_FACE ( 'NONE', ( #190 ), #6217, .T. ) ;
#5616 = LINE ( 'NONE', #4746, #7975 ) ;
#5617 = VERTEX_POINT ( 'NONE', #3631 ) ;
#5618 = LINE ( 'NONE', #5184, #7568 ) ;
#5619 = COLOUR_RGB ( '',0.6470588235294117974, 0.6196078431372549211, 0.5882352941176470784 ) ;
#5620 = VECTOR ( 'NONE', #8185, 1000.000000000000000 ) ;
#5621 = CARTESIAN_POINT ( 'NONE',  ( 3.225000000000000089, 0.3500000000000000333, -2.024999999999999911 ) ) ;
#5622 = FACE_OUTER_BOUND ( 'NONE', #1684, .T. ) ;
#5623 = DIRECTION ( 'NONE',  ( 0.0000000000000000000, 1.000000000000000000, 3.558407130208835834E-15 ) ) ;
#5624 = COLOUR_RGB ( '',0.6470588235294117974, 0.6196078431372549211, 0.5882352941176470784 ) ;
#5625 = CARTESIAN_POINT ( 'NONE',  ( 3.024999999999999911, 0.0000000000000000000, 2.024999999999999911 ) ) ;
#5626 = CARTESIAN_POINT ( 'NONE',  ( 0.7250000000000000888, 0.0000000000000000000, 2.024999999999999911 ) ) ;
#5627 = VECTOR ( 'NONE', #82, 1000.000000000000000 ) ;
#5628 = LINE ( 'NONE', #1021, #3093 ) ;
#5629 = AXIS2_PLACEMENT_3D ( 'NONE', #7891, #2719, #3969 ) ;
#5630 = CARTESIAN_POINT ( 'NONE',  ( -1.375000000000000000, 3.149999999999999911, 0.02500000000000000139 ) ) ;
#5631 = EDGE_CURVE ( 'NONE', #6455, #4146, #6926, .T. ) ;
#5632 = AXIS2_PLACEMENT_3D ( 'NONE', #1158, #5719, #1812 ) ;
#5633 = ORIENTED_EDGE ( 'NONE', *, *, #6680, .T. ) ;
#5634 = PLANE ( 'NONE',  #1749 ) ;
#5635 = VERTEX_POINT ( 'NONE', #6366 ) ;
#5636 = FACE_OUTER_BOUND ( 'NONE', #48, .T. ) ;
#5637 = CARTESIAN_POINT ( 'NONE',  ( 3.225000000000000089, 0.0000000000000000000, -2.024999999999999911 ) ) ;
#5638 = DIRECTION ( 'NONE',  ( -0.0000000000000000000, -3.295974604355854593E-17, -1.000000000000000000 ) ) ;
#5639 = ORIENTED_EDGE ( 'NONE', *, *, #4716, .F. ) ;
#5640 = VECTOR ( 'NONE', #4103, 1000.000000000000000 ) ;
#5641 = EDGE_CURVE ( 'NONE', #6894, #4330, #6612, .T. ) ;
#5642 = VERTEX_POINT ( 'NONE', #7120 ) ;
#5643 = ORIENTED_EDGE ( 'NONE', *, *, #6953, .F. ) ;
#5644 = VERTEX_POINT ( 'NONE', #7788 ) ;
#5645 = EDGE_CURVE ( 'NONE', #3436, #6094, #3571, .T. ) ;
#5646 = DIRECTION ( 'NONE',  ( 0.0000000000000000000, -0.0000000000000000000, -1.000000000000000000 ) ) ;
#5647 = ORIENTED_EDGE ( 'NONE', *, *, #5921, .T. ) ;
#5648 = FACE_OUTER_BOUND ( 'NONE', #4039, .T. ) ;
#5649 = EDGE_CURVE ( 'NONE', #3325, #3966, #6213, .T. ) ;
#5650 = DIRECTION ( 'NONE',  ( 0.0000000000000000000, 1.084202172485501673E-15, 1.000000000000000000 ) ) ;
#5651 = ORIENTED_EDGE ( 'NONE', *, *, #6031, .T. ) ;
#5652 = ADVANCED_FACE ( 'NONE', ( #5176 ), #3977, .F. ) ;
#5653 = CARTESIAN_POINT ( 'NONE',  ( -1.875000000000000000, 2.550000000000000266, 2.024999999999999911 ) ) ;
#5654 = UNCERTAINTY_MEASURE_WITH_UNIT (LENGTH_MEASURE( 1.000000000000000082E-05 ), #6045, 'distance_accuracy_value', 'NONE');
#5655 = EDGE_CURVE ( 'NONE', #545, #857, #1724, .T. ) ;
#5656 = SURFACE_STYLE_USAGE ( .BOTH. , #6397 ) ;
#5657 = VERTEX_POINT ( 'NONE', #35 ) ;
#5658 = EDGE_LOOP ( 'NONE', ( #2450, #1341, #8239, #8405, #8351, #8216, #1350 ) ) ;
#5659 = CARTESIAN_POINT ( 'NONE',  ( -2.274999999999999911, 1.950000000000002176, 1.375000000000006883 ) ) ;
#5660 = DIRECTION ( 'NONE',  ( 1.000000000000000000, 0.0000000000000000000, 0.0000000000000000000 ) ) ;
#5661 = LINE ( 'NONE', #6082, #4749 ) ;
#5662 = EDGE_LOOP ( 'NONE', ( #8436, #4479, #563, #27 ) ) ;
#5663 = EDGE_LOOP ( 'NONE', ( #133, #4563, #5471, #8197 ) ) ;
#5664 = PLANE ( 'NONE',  #8304 ) ;
#5665 = VECTOR ( 'NONE', #6130, 1000.000000000000000 ) ;
#5666 = FACE_OUTER_BOUND ( 'NONE', #7901, .T. ) ;
#5667 = ORIENTED_EDGE ( 'NONE', *, *, #3890, .T. ) ;
#5668 = ORIENTED_EDGE ( 'NONE', *, *, #6040, .F. ) ;
#5669 = ORIENTED_EDGE ( 'NONE', *, *, #8001, .T. ) ;
#5670 = VERTEX_POINT ( 'NONE', #5171 ) ;
#5671 = DIRECTION ( 'NONE',  ( 0.0000000000000000000, 0.0000000000000000000, -1.000000000000000000 ) ) ;
#5672 = LINE ( 'NONE', #8410, #3050 ) ;
#5673 =( LENGTH_UNIT ( ) NAMED_UNIT ( * ) SI_UNIT ( .MILLI., .METRE. ) );
#5674 = PRESENTATION_LAYER_ASSIGNMENT (  '', '', ( #3381 ) ) ;
#5675 = EDGE_LOOP ( 'NONE', ( #6587, #1411, #5160, #1599 ) ) ;
#5676 = CARTESIAN_POINT ( 'NONE',  ( 4.474999999999999645, 1.000000000000000000, 1.525000000000000133 ) ) ;
#5677 = ORIENTED_EDGE ( 'NONE', *, *, #5956, .F. ) ;
#5678 = EDGE_CURVE ( 'NONE', #3294, #7164, #8252, .T. ) ;
#5679 = AXIS2_PLACEMENT_3D ( 'NONE', #5599, #8364, #5082 ) ;
#5680 = LINE ( 'NONE', #7206, #999 ) ;
#5681 = DIRECTION ( 'NONE',  ( 0.0000000000000000000, 1.000000000000000000, 0.0000000000000000000 ) ) ;
#5682 = VERTEX_POINT ( 'NONE', #4636 ) ;
#5683 = CARTESIAN_POINT ( 'NONE',  ( 0.7249999999999999778, 1.000000000000000000, -1.525000000000000133 ) ) ;
#5684 = ORIENTED_EDGE ( 'NONE', *, *, #13, .F. ) ;
#5685 = VERTEX_POINT ( 'NONE', #724 ) ;
#5686 = LINE ( 'NONE', #4918, #8149 ) ;
#5687 = DIRECTION ( 'NONE',  ( 1.000000000000000000, 0.0000000000000000000, 0.0000000000000000000 ) ) ;
#5688 = ORIENTED_EDGE ( 'NONE', *, *, #1874, .T. ) ;
#5689 = FILL_AREA_STYLE ('',( #1186 ) ) ;
#5690 = CARTESIAN_POINT ( 'NONE',  ( 3.234999999999999876, 1.850000000000000089, -2.024999999999999911 ) ) ;
#5691 = CARTESIAN_POINT ( 'NONE',  ( 3.225000000000000089, 0.3499999999999999778, -2.075000000000000178 ) ) ;
#5692 = ADVANCED_FACE ( 'NONE', ( #7759 ), #4589, .T. ) ;
#5693 = ORIENTED_EDGE ( 'NONE', *, *, #360, .F. ) ;
#5694 = ORIENTED_EDGE ( 'NONE', *, *, #5807, .F. ) ;
#5695 = FACE_OUTER_BOUND ( 'NONE', #7940, .T. ) ;
#5696 = CARTESIAN_POINT ( 'NONE',  ( -0.4249999999999999889, 1.649999999999999911, -1.474999999999999867 ) ) ;
#5697 = ADVANCED_FACE ( 'NONE', ( #8060 ), #1351, .F. ) ;
#5698 = LINE ( 'NONE', #2795, #4480 ) ;
#5699 = EDGE_CURVE ( 'NONE', #4346, #59, #7548, .T. ) ;
#5700 = CARTESIAN_POINT ( 'NONE',  ( 3.225000000000000089, 1.850000000000000089, -2.024999999999999911 ) ) ;
#5701 = VECTOR ( 'NONE', #2312, 1000.000000000000000 ) ;
#5702 = ORIENTED_EDGE ( 'NONE', *, *, #11, .T. ) ;
#5703 = FACE_OUTER_BOUND ( 'NONE', #6086, .T. ) ;
#5704 = CARTESIAN_POINT ( 'NONE',  ( -2.274999999999999911, 2.000000000000000000, -2.024999999999999911 ) ) ;
#5705 = VECTOR ( 'NONE', #5323, 1000.000000000000000 ) ;
#5706 = EDGE_CURVE ( 'NONE', #5349, #684, #3263, .T. ) ;
#5707 = CARTESIAN_POINT ( 'NONE',  ( 6.025000000000001243, 8.673617379884035472E-15, -0.2250000000000008105 ) ) ;
#5708 = VECTOR ( 'NONE', #1025, 1000.000000000000000 ) ;
#5709 = CARTESIAN_POINT ( 'NONE',  ( -1.175000000000000044, 2.550000000000000266, 2.024999999999999911 ) ) ;
#5710 = VERTEX_POINT ( 'NONE', #7169 ) ;
#5711 = VECTOR ( 'NONE', #186, 1000.000000000000000 ) ;
#5712 = LINE ( 'NONE', #2277, #6732 ) ;
#5713 =( LENGTH_UNIT ( ) NAMED_UNIT ( * ) SI_UNIT ( .MILLI., .METRE. ) );
#5714 = DIRECTION ( 'NONE',  ( 0.0000000000000000000, 0.0000000000000000000, 1.000000000000000000 ) ) ;
#5715 = FACE_OUTER_BOUND ( 'NONE', #4499, .T. ) ;
#5716 = ORIENTED_EDGE ( 'NONE', *, *, #6242, .T. ) ;
#5717 = LINE ( 'NONE', #539, #6020 ) ;
#5718 = VECTOR ( 'NONE', #8154, 1000.000000000000000 ) ;
#5719 = DIRECTION ( 'NONE',  ( 0.0000000000000000000, -1.000000000000000000, 0.0000000000000000000 ) ) ;
#5720 = FILL_AREA_STYLE ('',( #6321 ) ) ;
#5721 = CARTESIAN_POINT ( 'NONE',  ( -2.875000000000000000, 1.949999999999999512, 2.025000000000007017 ) ) ;
#5722 = CARTESIAN_POINT ( 'NONE',  ( 3.225000000000000089, 0.5000000000000000000, 2.024999999999999911 ) ) ;
#5723 = LINE ( 'NONE', #5630, #5208 ) ;
#5724 = VERTEX_POINT ( 'NONE', #1273 ) ;
#5725 = CARTESIAN_POINT ( 'NONE',  ( 4.575000000000001066, 1.850000000000000089, -1.474999999999999867 ) ) ;
#5726 = AXIS2_PLACEMENT_3D ( 'NONE', #1780, #7001, #2481 ) ;
#5727 = CARTESIAN_POINT ( 'NONE',  ( -0.5250000000000000222, 0.3499999999999999778, -2.075000000000000178 ) ) ;
#5728 = LINE ( 'NONE', #7978, #3991 ) ;
#5729 = CARTESIAN_POINT ( 'NONE',  ( -0.7249999999999999778, 1.649999999999999911, -1.025000000000000133 ) ) ;
#5730 = CARTESIAN_POINT ( 'NONE',  ( 6.125000000000000000, 3.750000000000000000, 0.02500000000000000139 ) ) ;
#5731 = EDGE_CURVE ( 'NONE', #4226, #5710, #2556, .T. ) ;
#5732 = DIRECTION ( 'NONE',  ( 1.000000000000000000, 0.0000000000000000000, -0.0000000000000000000 ) ) ;
#5733 = CARTESIAN_POINT ( 'NONE',  ( -2.274999999999999911, 4.249999999999992895, -0.07499999999999976130 ) ) ;
#5734 = CARTESIAN_POINT ( 'NONE',  ( 6.025000000000001243, 2.250000000000000000, -2.024999999999999911 ) ) ;
#5735 = ORIENTED_EDGE ( 'NONE', *, *, #7806, .T. ) ;
#5736 = ADVANCED_FACE ( 'NONE', ( #596 ), #2651, .F. ) ;
#5737 = ORIENTED_EDGE ( 'NONE', *, *, #5750, .F. ) ;
#5738 = ORIENTED_EDGE ( 'NONE', *, *, #7129, .F. ) ;
#5739 = DIRECTION ( 'NONE',  ( -1.000000000000000000, 0.0000000000000000000, 0.0000000000000000000 ) ) ;
#5740 = CARTESIAN_POINT ( 'NONE',  ( 4.275000000000000355, 1.649999999999999911, -1.025000000000000133 ) ) ;
#5741 = EDGE_LOOP ( 'NONE', ( #533, #7646, #8198, #5482 ) ) ;
#5742 = CARTESIAN_POINT ( 'NONE',  ( 0.7250000000000000888, 1.649999999999999911, -1.698606797699999893 ) ) ;
#5743 = LINE ( 'NONE', #6060, #6974 ) ;
#5744 = CARTESIAN_POINT ( 'NONE',  ( 0.7349999999999999867, 1.000000000000000000, -2.024999999999999911 ) ) ;
#5745 = ORIENTED_EDGE ( 'NONE', *, *, #5083, .T. ) ;
#5746 = CARTESIAN_POINT ( 'NONE',  ( -2.274999999999999911, 0.6000000000000076383, -0.2249999999999982014 ) ) ;
#5747 = DIRECTION ( 'NONE',  ( 0.0000000000000000000, 4.003208021484939327E-15, -1.000000000000000000 ) ) ;
#5748 = EDGE_LOOP ( 'NONE', ( #1482, #6212, #1667, #4674 ) ) ;
#5749 = ORIENTED_EDGE ( 'NONE', *, *, #1727, .T. ) ;
#5750 = EDGE_CURVE ( 'NONE', #5040, #2563, #4183, .T. ) ;
#5751 = VECTOR ( 'NONE', #7181, 1000.000000000000000 ) ;
#5752 = EDGE_CURVE ( 'NONE', #7257, #2173, #1817, .T. ) ;
#5753 = ORIENTED_EDGE ( 'NONE', *, *, #5906, .F. ) ;
#5754 = ORIENTED_EDGE ( 'NONE', *, *, #7333, .T. ) ;
#5755 = EDGE_CURVE ( 'NONE', #635, #6565, #1913, .T. ) ;
#5756 = PLANE ( 'NONE',  #5931 ) ;
#5757 = VECTOR ( 'NONE', #291, 1000.000000000000000 ) ;
#5758 = CARTESIAN_POINT ( 'NONE',  ( 6.025000000000001243, 2.000000000000000000, -1.425000000000000044 ) ) ;
#5759 = ORIENTED_EDGE ( 'NONE', *, *, #1714, .T. ) ;
#5760 = ORIENTED_EDGE ( 'NONE', *, *, #2389, .F. ) ;
#5761 = DIRECTION ( 'NONE',  ( 0.0000000000000000000, 0.6650335612228979176, -0.7468134723257140450 ) ) ;
#5762 = CARTESIAN_POINT ( 'NONE',  ( 0.7250000000000000888, 0.5547525681000000652, 2.024999999999999911 ) ) ;
#5763 = FACE_OUTER_BOUND ( 'NONE', #3276, .T. ) ;
#5764 = EDGE_CURVE ( 'NONE', #1575, #3954, #5790, .T. ) ;
#5765 = DIRECTION ( 'NONE',  ( 0.0000000000000000000, 1.000000000000000000, 0.0000000000000000000 ) ) ;
#5766 = CARTESIAN_POINT ( 'NONE',  ( -2.274999999999999911, 4.250000000000000000, -0.07499999999999998335 ) ) ;
#5767 = FACE_OUTER_BOUND ( 'NONE', #3117, .T. ) ;
#5768 = EDGE_LOOP ( 'NONE', ( #2490, #2658, #1386, #1585 ) ) ;
#5769 = CARTESIAN_POINT ( 'NONE',  ( 3.024999999999999911, 1.850000000000000089, 0.0000000000000000000 ) ) ;
#5770 = ORIENTED_EDGE ( 'NONE', *, *, #8010, .F. ) ;
#5771 =( NAMED_UNIT ( * ) PLANE_ANGLE_UNIT ( ) SI_UNIT ( $, .RADIAN. ) );
#5772 = CARTESIAN_POINT ( 'NONE',  ( 4.475000000000000533, 1.000000000000000000, 1.525000000000000133 ) ) ;
#5773 = LINE ( 'NONE', #8290, #465 ) ;
#5774 = ORIENTED_EDGE ( 'NONE', *, *, #558, .T. ) ;
#5775 = LINE ( 'NONE', #5468, #4864 ) ;
#5776 = AXIS2_PLACEMENT_3D ( 'NONE', #3465, #239, #2901 ) ;
#5777 = CARTESIAN_POINT ( 'NONE',  ( 4.475000000000000533, 1.850000000000000089, -2.024999999999999911 ) ) ;
#5778 = VERTEX_POINT ( 'NONE', #6033 ) ;
#5779 = ORIENTED_EDGE ( 'NONE', *, *, #4186, .T. ) ;
#5780 = VERTEX_POINT ( 'NONE', #872 ) ;
#5781 = ORIENTED_EDGE ( 'NONE', *, *, #5478, .F. ) ;
#5782 = EDGE_LOOP ( 'NONE', ( #4044, #281, #8106, #8138, #2192, #2809 ) ) ;
#5783 = LINE ( 'NONE', #2519, #3945 ) ;
#5784 = LINE ( 'NONE', #153, #468 ) ;
#5785 = DIRECTION ( 'NONE',  ( 0.0000000000000000000, 0.0000000000000000000, 1.000000000000000000 ) ) ;
#5786 = SURFACE_SIDE_STYLE ('',( #3014 ) ) ;
#5787 = FACE_OUTER_BOUND ( 'NONE', #189, .T. ) ;
#5788 = AXIS2_PLACEMENT_3D ( 'NONE', #2235, #1598, #5503 ) ;
#5789 = ORIENTED_EDGE ( 'NONE', *, *, #2100, .F. ) ;
#5790 = LINE ( 'NONE', #7372, #391 ) ;
#5791 = DIRECTION ( 'NONE',  ( 0.0000000000000000000, 0.0000000000000000000, -1.000000000000000000 ) ) ;
#5792 = EDGE_CURVE ( 'NONE', #5657, #6057, #909, .T. ) ;
#5793 = VECTOR ( 'NONE', #6691, 1000.000000000000000 ) ;
#5794 = AXIS2_PLACEMENT_3D ( 'NONE', #4166, #1075, #2402 ) ;
#5795 = CARTESIAN_POINT ( 'NONE',  ( 4.474999999999999645, 0.5000000000000000000, 2.024999999999999911 ) ) ;
#5796 = CARTESIAN_POINT ( 'NONE',  ( -2.475000000000000089, 1.999999999999997780, -2.075000000000008615 ) ) ;
#5797 = SURFACE_STYLE_FILL_AREA ( #5689 ) ;
#5798 = EDGE_LOOP ( 'NONE', ( #1492, #455, #5968, #5025 ) ) ;
#5799 = ORIENTED_EDGE ( 'NONE', *, *, #4356, .T. ) ;
#5800 = VECTOR ( 'NONE', #8168, 1000.000000000000000 ) ;
#5801 = CARTESIAN_POINT ( 'NONE',  ( 0.5250000000000000222, 0.0000000000000000000, 2.024999999999999911 ) ) ;
#5802 = EDGE_CURVE ( 'NONE', #7133, #5642, #8157, .T. ) ;
#5803 = CARTESIAN_POINT ( 'NONE',  ( -0.8750000000000000000, 2.250000000000000000, 1.505384757699999909 ) ) ;
#5804 = CARTESIAN_POINT ( 'NONE',  ( 3.324999999999999734, 1.850000000000000089, 2.024999999999999911 ) ) ;
#5805 = DIRECTION ( 'NONE',  ( 1.000000000000000000, 0.0000000000000000000, -0.0000000000000000000 ) ) ;
#5806 = VECTOR ( 'NONE', #8118, 1000.000000000000000 ) ;
#5807 = EDGE_CURVE ( 'NONE', #2458, #1884, #5495, .T. ) ;
#5808 = VERTEX_POINT ( 'NONE', #3410 ) ;
#5809 = DIRECTION ( 'NONE',  ( 0.0000000000000000000, 0.0000000000000000000, -1.000000000000000000 ) ) ;
#5810 = ORIENTED_EDGE ( 'NONE', *, *, #2442, .F. ) ;
#5811 = LINE ( 'NONE', #5263, #4191 ) ;
#5812 = EDGE_CURVE ( 'NONE', #2227, #2319, #5081, .T. ) ;
#5813 = LINE ( 'NONE', #7186, #201 ) ;
#5814 = PLANE ( 'NONE',  #7309 ) ;
#5815 = LINE ( 'NONE', #4334, #6726 ) ;
#5816 = CARTESIAN_POINT ( 'NONE',  ( -2.500000000000000000, 4.240000000000000213, 2.024999999999999911 ) ) ;
#5817 = ORIENTED_EDGE ( 'NONE', *, *, #6421, .F. ) ;
#5818 = VECTOR ( 'NONE', #2610, 1000.000000000000000 ) ;
#5819 = CARTESIAN_POINT ( 'NONE',  ( 0.7250000000000000888, -0.6500000000000000222, -1.775000000000000133 ) ) ;
#5820 = EDGE_CURVE ( 'NONE', #4432, #6684, #4675, .T. ) ;
#5821 = FILL_AREA_STYLE ('',( #7130 ) ) ;
#5822 = FACE_OUTER_BOUND ( 'NONE', #8310, .T. ) ;
#5823 = DIRECTION ( 'NONE',  ( 0.0000000000000000000, 1.000000000000000000, 0.0000000000000000000 ) ) ;
#5824 = CARTESIAN_POINT ( 'NONE',  ( 6.250000000000000000, 4.240000000000000213, 2.024999999999999911 ) ) ;
#5825 = VECTOR ( 'NONE', #2503, 1000.000000000000114 ) ;
#5826 = VECTOR ( 'NONE', #2058, 1000.000000000000000 ) ;
#5827 = DIRECTION ( 'NONE',  ( -1.000000000000000000, 0.0000000000000000000, 0.0000000000000000000 ) ) ;
#5828 =( LENGTH_UNIT ( ) NAMED_UNIT ( * ) SI_UNIT ( .MILLI., .METRE. ) );
#5829 = ADVANCED_FACE ( 'NONE', ( #7538 ), #3382, .F. ) ;
#5830 = CARTESIAN_POINT ( 'NONE',  ( 4.274999999999999467, 0.05000000000000002359, -1.524999999999999689 ) ) ;
#5831 = LINE ( 'NONE', #7265, #1042 ) ;
#5832 = CARTESIAN_POINT ( 'NONE',  ( -2.875000000000000000, 2.000000000000000000, -2.024999999999999911 ) ) ;
#5833 = DIRECTION ( 'NONE',  ( 0.0000000000000000000, 0.0000000000000000000, -1.000000000000000000 ) ) ;
#5834 = ORIENTED_EDGE ( 'NONE', *, *, #3528, .F. ) ;
#5835 = VERTEX_POINT ( 'NONE', #4133 ) ;
#5836 = ORIENTED_EDGE ( 'NONE', *, *, #6036, .T. ) ;
#5837 = MECHANICAL_DESIGN_GEOMETRIC_PRESENTATION_REPRESENTATION (  '', ( #318 ), #5123 ) ;
#5838 = VECTOR ( 'NONE', #8049, 1000.000000000000000 ) ;
#5839 = CARTESIAN_POINT ( 'NONE',  ( 0.5150000000000000133, 1.649999999999999911, -1.025000000000000133 ) ) ;
#5840 = ORIENTED_EDGE ( 'NONE', *, *, #8117, .T. ) ;
#5841 = PLANE ( 'NONE',  #6760 ) ;
#5842 = ORIENTED_EDGE ( 'NONE', *, *, #1059, .T. ) ;
#5843 = ORIENTED_EDGE ( 'NONE', *, *, #1422, .F. ) ;
#5844 = DIRECTION ( 'NONE',  ( -0.0000000000000000000, 1.000000000000000000, 0.0000000000000000000 ) ) ;
#5845 = CARTESIAN_POINT ( 'NONE',  ( -2.500000000000000000, 4.240000000000000213, 2.024999999999999911 ) ) ;
#5846 = ADVANCED_FACE ( 'NONE', ( #6817 ), #7986, .T. ) ;
#5847 = EDGE_LOOP ( 'NONE', ( #6376, #4944, #3706, #3496 ) ) ;
#5848 = PRODUCT_DEFINITION_FORMATION_WITH_SPECIFIED_SOURCE ( 'ANY', '', #668, .NOT_KNOWN. ) ;
#5849 = EDGE_LOOP ( 'NONE', ( #7843, #7909, #2938, #2002 ) ) ;
#5850 = CARTESIAN_POINT ( 'NONE',  ( 4.275000000000000355, 0.0000000000000000000, 2.024999999999999911 ) ) ;
#5851 = LINE ( 'NONE', #2958, #6877 ) ;
#5852 = EDGE_CURVE ( 'NONE', #2506, #6292, #5377, .T. ) ;
#5853 = ORIENTED_EDGE ( 'NONE', *, *, #2211, .F. ) ;
#5854 = EDGE_LOOP ( 'NONE', ( #7731, #7368, #4046, #4720 ) ) ;
#5855 = EDGE_CURVE ( 'NONE', #5642, #2971, #7950, .T. ) ;
#5856 = FILL_AREA_STYLE_COLOUR ( '', #7266 ) ;
#5857 = EDGE_CURVE ( 'NONE', #7081, #530, #5889, .T. ) ;
#5858 = CARTESIAN_POINT ( 'NONE',  ( 0.0000000000000000000, 1.000000000000000000, -1.474999999999999867 ) ) ;
#5859 = VERTEX_POINT ( 'NONE', #7929 ) ;
#5860 = VERTEX_POINT ( 'NONE', #5367 ) ;
#5861 = ADVANCED_FACE ( 'NONE', ( #7315 ), #2037, .T. ) ;
#5862 = DIRECTION ( 'NONE',  ( 0.0000000000000000000, 1.000000000000000000, 0.0000000000000000000 ) ) ;
#5863 = VECTOR ( 'NONE', #855, 1000.000000000000000 ) ;
#5864 = ORIENTED_EDGE ( 'NONE', *, *, #4508, .T. ) ;
#5865 = CARTESIAN_POINT ( 'NONE',  ( 3.015000000000000124, 1.850000000000000089, -1.025000000000000133 ) ) ;
#5866 = ORIENTED_EDGE ( 'NONE', *, *, #7685, .F. ) ;
#5867 = CARTESIAN_POINT ( 'NONE',  ( -2.875000000000000000, 3.600000000000000977, -0.07499999999999998335 ) ) ;
#5868 = EDGE_LOOP ( 'NONE', ( #8100, #3335, #1982, #161 ) ) ;
#5869 = VERTEX_POINT ( 'NONE', #1532 ) ;
#5870 = CARTESIAN_POINT ( 'NONE',  ( 4.474999999999999645, -0.004464445899999999919, 0.003975566199999999890 ) ) ;
#5871 = LINE ( 'NONE', #5978, #6294 ) ;
#5872 = VERTEX_POINT ( 'NONE', #187 ) ;
#5873 = DIRECTION ( 'NONE',  ( 1.000000000000000000, 0.0000000000000000000, 0.0000000000000000000 ) ) ;
#5874 = CARTESIAN_POINT ( 'NONE',  ( -0.5250000000000000222, 1.795247431900000024, 2.024999999999999911 ) ) ;
#5875 = PLANE ( 'NONE',  #2803 ) ;
#5876 = LINE ( 'NONE', #3797, #4167 ) ;
#5877 = ORIENTED_EDGE ( 'NONE', *, *, #4762, .F. ) ;
#5878 = LINE ( 'NONE', #496, #6302 ) ;
#5879 = AXIS2_PLACEMENT_3D ( 'NONE', #5951, #5923, #6607 ) ;
#5880 = DIRECTION ( 'NONE',  ( 0.0000000000000000000, -1.000000000000000000, 0.0000000000000000000 ) ) ;
#5881 = ORIENTED_EDGE ( 'NONE', *, *, #4452, .T. ) ;
#5882 = ADVANCED_FACE ( 'NONE', ( #5695 ), #7249, .T. ) ;
#5883 = CARTESIAN_POINT ( 'NONE',  ( 3.024999999999999911, 1.795247431900000024, 2.024999999999999911 ) ) ;
#5884 = CARTESIAN_POINT ( 'NONE',  ( -2.274999999999999911, 0.6000000000000076383, -0.2249999999999982014 ) ) ;
#5885 = SURFACE_STYLE_FILL_AREA ( #5901 ) ;
#5886 = EDGE_CURVE ( 'NONE', #4663, #1117, #2451, .T. ) ;
#5887 = ORIENTED_EDGE ( 'NONE', *, *, #3647, .F. ) ;
#5888 = ORIENTED_EDGE ( 'NONE', *, *, #8074, .T. ) ;
#5889 = LINE ( 'NONE', #5429, #2546 ) ;
#5890 = DIRECTION ( 'NONE',  ( -1.000000000000000000, 0.0000000000000000000, 0.0000000000000000000 ) ) ;
#5891 = VECTOR ( 'NONE', #6038, 1000.000000000000000 ) ;
#5892 = CARTESIAN_POINT ( 'NONE',  ( 5.775000000000000355, 2.250000000000000000, -1.925000000000000933 ) ) ;
#5893 = AXIS2_PLACEMENT_3D ( 'NONE', #4739, #4626, #3397 ) ;
#5894 = FACE_OUTER_BOUND ( 'NONE', #5431, .T. ) ;
#5895 = DIRECTION ( 'NONE',  ( 0.0000000000000000000, -1.000000000000000000, 0.0000000000000000000 ) ) ;
#5896 = VERTEX_POINT ( 'NONE', #2785 ) ;
#5897 = EDGE_CURVE ( 'NONE', #1786, #7888, #3453, .T. ) ;
#5898 = PRESENTATION_LAYER_ASSIGNMENT (  '', '', ( #7504 ) ) ;
#5899 = CARTESIAN_POINT ( 'NONE',  ( -1.375000000000000000, 3.149999999999999911, -2.024999999999999911 ) ) ;
#5900 = VECTOR ( 'NONE', #4493, 1000.000000000000000 ) ;
#5901 = FILL_AREA_STYLE ('',( #1372 ) ) ;
#5902 = VECTOR ( 'NONE', #5358, 1000.000000000000000 ) ;
#5903 = ADVANCED_FACE ( 'NONE', ( #3347 ), #7522, .T. ) ;
#5904 = EDGE_LOOP ( 'NONE', ( #1356, #8403, #7411, #970 ) ) ;
#5905 = VECTOR ( 'NONE', #6752, 1000.000000000000000 ) ;
#5906 = EDGE_CURVE ( 'NONE', #6809, #7804, #786, .T. ) ;
#5907 = FACE_OUTER_BOUND ( 'NONE', #1525, .T. ) ;
#5908 =( LENGTH_UNIT ( ) NAMED_UNIT ( * ) SI_UNIT ( .MILLI., .METRE. ) );
#5909 = DIRECTION ( 'NONE',  ( 0.0000000000000000000, -1.000000000000000000, 0.0000000000000000000 ) ) ;
#5910 = UNCERTAINTY_MEASURE_WITH_UNIT (LENGTH_MEASURE( 1.000000000000000082E-05 ), #7083, 'distance_accuracy_value', 'NONE');
#5911 = VECTOR ( 'NONE', #4436, 1000.000000000000000 ) ;
#5912 = EDGE_CURVE ( 'NONE', #5778, #1872, #3562, .T. ) ;
#5913 = CARTESIAN_POINT ( 'NONE',  ( 3.024999999999999911, 0.05000000000000002359, -1.775000000000000133 ) ) ;
#5914 = VECTOR ( 'NONE', #3949, 1000.000000000000000 ) ;
#5915 = ORIENTED_EDGE ( 'NONE', *, *, #2755, .T. ) ;
#5916 = LINE ( 'NONE', #4577, #6940 ) ;
#5917 = VECTOR ( 'NONE', #835, 1000.000000000000000 ) ;
#5918 = EDGE_CURVE ( 'NONE', #674, #2923, #2954, .T. ) ;
#5919 = CARTESIAN_POINT ( 'NONE',  ( -0.8750000000000000000, 2.250000000000000000, 1.505384757699999909 ) ) ;
#5920 = CARTESIAN_POINT ( 'NONE',  ( 0.5249999999999999112, 0.3500000000000000333, -2.024999999999999911 ) ) ;
#5921 = EDGE_CURVE ( 'NONE', #3854, #6788, #6203, .T. ) ;
#5922 = LINE ( 'NONE', #4414, #2996 ) ;
#5923 = DIRECTION ( 'NONE',  ( 0.0000000000000000000, 0.0000000000000000000, 1.000000000000000000 ) ) ;
#5924 = DIRECTION ( 'NONE',  ( 1.000000000000000000, 0.0000000000000000000, 0.0000000000000000000 ) ) ;
#5925 = ADVANCED_FACE ( 'NONE', ( #3665, #1005, #7221, #5169 ), #2279, .F. ) ;
#5926 = ORIENTED_EDGE ( 'NONE', *, *, #514, .F. ) ;
#5927 = LINE ( 'NONE', #5845, #1648 ) ;
#5928 = PLANE ( 'NONE',  #5893 ) ;
#5929 = LINE ( 'NONE', #2737, #5311 ) ;
#5930 = SURFACE_SIDE_STYLE ('',( #5885 ) ) ;
#5931 = AXIS2_PLACEMENT_3D ( 'NONE', #7041, #6960, #5650 ) ;
#5932 = CARTESIAN_POINT ( 'NONE',  ( 3.024999999999999911, 0.3499999999999999778, -2.075000000000000178 ) ) ;
#5933 = ORIENTED_EDGE ( 'NONE', *, *, #5755, .F. ) ;
#5934 = VERTEX_POINT ( 'NONE', #3616 ) ;
#5935 = ORIENTED_EDGE ( 'NONE', *, *, #4231, .F. ) ;
#5936 = VERTEX_POINT ( 'NONE', #2969 ) ;
#5937 = DIRECTION ( 'NONE',  ( 0.0000000000000000000, 1.000000000000000000, 0.0000000000000000000 ) ) ;
#5938 = VECTOR ( 'NONE', #7251, 1000.000000000000000 ) ;
#5939 = CARTESIAN_POINT ( 'NONE',  ( 0.7349999999999999867, 1.850000000000000089, -1.025000000000000133 ) ) ;
#5940 = ORIENTED_EDGE ( 'NONE', *, *, #1263, .T. ) ;
#5941 = ORIENTED_EDGE ( 'NONE', *, *, #7066, .F. ) ;
#5942 = EDGE_LOOP ( 'NONE', ( #985, #7076, #8129, #2499 ) ) ;
#5943 = AXIS2_PLACEMENT_3D ( 'NONE', #5498, #2917, #6178 ) ;
#5944 = AXIS2_PLACEMENT_3D ( 'NONE', #7942, #3545, #6105 ) ;
#5945 = CARTESIAN_POINT ( 'NONE',  ( -2.024999999999999911, 4.240000000000000213, -1.925000000000000044 ) ) ;
#5946 = ADVANCED_FACE ( 'NONE', ( #2443 ), #6799, .F. ) ;
#5947 = CARTESIAN_POINT ( 'NONE',  ( 3.225000000000000089, 0.5000000000000000000, 0.0000000000000000000 ) ) ;
#5948 = EDGE_CURVE ( 'NONE', #2789, #6597, #687, .T. ) ;
#5949 = FACE_OUTER_BOUND ( 'NONE', #6712, .T. ) ;
#5950 = AXIS2_PLACEMENT_3D ( 'NONE', #86, #2121, #6025 ) ;
#5951 = CARTESIAN_POINT ( 'NONE',  ( 1.975000000000000089, 0.0000000000000000000, -1.525000000000000133 ) ) ;
#5952 = EDGE_LOOP ( 'NONE', ( #2386, #6767, #2085, #1787, #3073, #6694 ) ) ;
#5953 = EDGE_LOOP ( 'NONE', ( #6506, #1288, #1175, #1691 ) ) ;
#5954 = CARTESIAN_POINT ( 'NONE',  ( -2.274999999999999911, 8.673617379884035472E-15, -0.2250000000000008105 ) ) ;
#5955 = DIRECTION ( 'NONE',  ( 1.000000000000000000, 0.0000000000000000000, 0.0000000000000000000 ) ) ;
#5956 = EDGE_CURVE ( 'NONE', #4928, #2702, #2233, .T. ) ;
#5957 = FACE_OUTER_BOUND ( 'NONE', #1631, .T. ) ;
#5958 = CARTESIAN_POINT ( 'NONE',  ( -2.875000000000000000, 1.949999999999999512, 2.025000000000007017 ) ) ;
#5959 = ORIENTED_EDGE ( 'NONE', *, *, #4723, .F. ) ;
#5960 = ORIENTED_EDGE ( 'NONE', *, *, #1283, .F. ) ;
#5961 = DIRECTION ( 'NONE',  ( 0.0000000000000000000, 1.000000000000000000, 0.0000000000000000000 ) ) ;
#5962 = VECTOR ( 'NONE', #5909, 1000.000000000000000 ) ;
#5963 = EDGE_CURVE ( 'NONE', #1694, #64, #5686, .T. ) ;
#5964 = PRESENTATION_LAYER_ASSIGNMENT (  '', '', ( #2081 ) ) ;
#5965 = LINE ( 'NONE', #870, #7187 ) ;
#5966 = EDGE_LOOP ( 'NONE', ( #7493, #4470, #2511, #6277 ) ) ;
#5967 = CARTESIAN_POINT ( 'NONE',  ( 6.225000000000001421, 3.599999999999999201, -0.07500000000000128786 ) ) ;
#5968 = ORIENTED_EDGE ( 'NONE', *, *, #4177, .T. ) ;
#5969 = DIRECTION ( 'NONE',  ( 0.0000000000000000000, 0.0000000000000000000, -1.000000000000000000 ) ) ;
#5970 = ORIENTED_EDGE ( 'NONE', *, *, #1430, .F. ) ;
#5971 = ORIENTED_EDGE ( 'NONE', *, *, #1276, .T. ) ;
#5972 = FILL_AREA_STYLE ('',( #1412 ) ) ;
#5973 = PLANE ( 'NONE',  #7979 ) ;
#5974 = EDGE_CURVE ( 'NONE', #4829, #3400, #1100, .T. ) ;
#5975 = SURFACE_STYLE_FILL_AREA ( #2287 ) ;
#5976 = DIRECTION ( 'NONE',  ( 0.0000000000000000000, 0.0000000000000000000, -1.000000000000000000 ) ) ;
#5977 = ORIENTED_EDGE ( 'NONE', *, *, #3361, .T. ) ;
#5978 = CARTESIAN_POINT ( 'NONE',  ( 4.475000000000000533, 0.05000000000000002359, -1.775000000000000133 ) ) ;
#5979 = CARTESIAN_POINT ( 'NONE',  ( 1.984999999999999876, 1.850000000000000089, -2.024999999999999911 ) ) ;
#5980 = CARTESIAN_POINT ( 'NONE',  ( -0.7349999999999999867, 1.000000000000000000, -1.025000000000000133 ) ) ;
#5981 = VERTEX_POINT ( 'NONE', #983 ) ;
#5982 = ORIENTED_EDGE ( 'NONE', *, *, #7512, .T. ) ;
#5983 = LINE ( 'NONE', #1803, #4263 ) ;
#5984 = DIRECTION ( 'NONE',  ( -0.0000000000000000000, 1.000000000000000000, -0.0000000000000000000 ) ) ;
#5985 = CARTESIAN_POINT ( 'NONE',  ( 0.5150000000000000133, 1.649999999999999911, -1.474999999999999867 ) ) ;
#5986 = LINE ( 'NONE', #8084, #369 ) ;
#5987 = CARTESIAN_POINT ( 'NONE',  ( 6.025000000000001243, 2.000000000000000000, -1.425000000000000044 ) ) ;
#5988 = ORIENTED_EDGE ( 'NONE', *, *, #345, .F. ) ;
#5989 = DIRECTION ( 'NONE',  ( -1.000000000000000000, 0.0000000000000000000, 0.0000000000000000000 ) ) ;
#5990 = VECTOR ( 'NONE', #6577, 1000.000000000000000 ) ;
#5991 = ORIENTED_EDGE ( 'NONE', *, *, #1727, .F. ) ;
#5992 = CARTESIAN_POINT ( 'NONE',  ( 6.625000000000000000, 1.000000000000000000, -2.024999999999999911 ) ) ;
#5993 = PLANE ( 'NONE',  #1971 ) ;
#5994 = ADVANCED_FACE ( 'NONE', ( #7212 ), #7404, .T. ) ;
#5995 = VERTEX_POINT ( 'NONE', #6830 ) ;
#5996 = CARTESIAN_POINT ( 'NONE',  ( 4.474999999999999645, 0.5547525681000000652, 2.024999999999999911 ) ) ;
#5997 = DIRECTION ( 'NONE',  ( 0.0000000000000000000, 0.0000000000000000000, -1.000000000000000000 ) ) ;
#5998 = DIRECTION ( 'NONE',  ( 0.0000000000000000000, 1.000000000000000000, 0.0000000000000000000 ) ) ;
#5999 = AXIS2_PLACEMENT_3D ( 'NONE', #5461, #2099, #6653 ) ;
#6000 = DIRECTION ( 'NONE',  ( -0.0000000000000000000, 1.000000000000000000, -0.0000000000000000000 ) ) ;
#6001 = VERTEX_POINT ( 'NONE', #2936 ) ;
#6002 = ORIENTED_EDGE ( 'NONE', *, *, #2810, .F. ) ;
#6003 = VECTOR ( 'NONE', #7829, 1000.000000000000000 ) ;
#6004 = CARTESIAN_POINT ( 'NONE',  ( 1.974999999999999867, 0.05000000000000002359, -1.775000000000000133 ) ) ;
#6005 = DIRECTION ( 'NONE',  ( -0.0000000000000000000, 1.000000000000000000, 0.0000000000000000000 ) ) ;
#6006 = AXIS2_PLACEMENT_3D ( 'NONE', #6899, #4376, #3666 ) ;
#6007 = DIRECTION ( 'NONE',  ( 0.0000000000000000000, -1.000000000000000000, 0.0000000000000000000 ) ) ;
#6008 = EDGE_CURVE ( 'NONE', #7004, #6163, #2947, .T. ) ;
#6009 = LINE ( 'NONE', #6373, #4896 ) ;
#6010 = PLANE ( 'NONE',  #5280 ) ;
#6011 = ORIENTED_EDGE ( 'NONE', *, *, #8331, .T. ) ;
#6012 = LINE ( 'NONE', #622, #6528 ) ;
#6013 = VECTOR ( 'NONE', #2664, 1000.000000000000000 ) ;
#6014 = DIRECTION ( 'NONE',  ( -1.000000000000000000, 0.0000000000000000000, 0.0000000000000000000 ) ) ;
#6015 = LINE ( 'NONE', #7104, #2763 ) ;
#6016 = CARTESIAN_POINT ( 'NONE',  ( 6.125000000000000000, 3.750000000000000000, 0.02500000000000000139 ) ) ;
#6017 = EDGE_LOOP ( 'NONE', ( #1867, #3955, #2624, #2837 ) ) ;
#6018 = PLANE ( 'NONE',  #1635 ) ;
#6019 = LINE ( 'NONE', #1566, #2568 ) ;
#6020 = VECTOR ( 'NONE', #1853, 1000.000000000000000 ) ;
#6021 = AXIS2_PLACEMENT_3D ( 'NONE', #7640, #3239, #8454 ) ;
#6022 = LINE ( 'NONE', #4860, #4905 ) ;
#6023 = DIRECTION ( 'NONE',  ( 1.000000000000000000, 0.0000000000000000000, 0.0000000000000000000 ) ) ;
#6024 = UNCERTAINTY_MEASURE_WITH_UNIT (LENGTH_MEASURE( 1.000000000000000082E-05 ), #3339, 'distance_accuracy_value', 'NONE');
#6025 = DIRECTION ( 'NONE',  ( 1.000000000000000000, 0.0000000000000000000, 0.0000000000000000000 ) ) ;
#6026 = EDGE_CURVE ( 'NONE', #1884, #4040, #8246, .T. ) ;
#6027 = DIRECTION ( 'NONE',  ( 0.0000000000000000000, -1.000000000000000000, 0.0000000000000000000 ) ) ;
#6028 = VECTOR ( 'NONE', #4092, 1000.000000000000000 ) ;
#6029 = PLANE ( 'NONE',  #1470 ) ;
#6030 = FACE_OUTER_BOUND ( 'NONE', #56, .T. ) ;
#6031 = EDGE_CURVE ( 'NONE', #5710, #5227, #3253, .T. ) ;
#6032 = CARTESIAN_POINT ( 'NONE',  ( 0.7250000000000000888, 1.350000000000000089, 1.525000000000000133 ) ) ;
#6033 = CARTESIAN_POINT ( 'NONE',  ( -0.5150000000000000133, 1.850000000000000089, -2.024999999999999911 ) ) ;
#6034 = CARTESIAN_POINT ( 'NONE',  ( -0.7249999999999999778, 0.05000000000000002359, -1.775000000000000133 ) ) ;
#6035 = LINE ( 'NONE', #1398, #2167 ) ;
#6036 = EDGE_CURVE ( 'NONE', #7948, #907, #1194, .T. ) ;
#6037 = CARTESIAN_POINT ( 'NONE',  ( 0.7249999999999998668, 0.05000000000000002359, -1.524999999999999689 ) ) ;
#6038 = DIRECTION ( 'NONE',  ( 0.0000000000000000000, 0.0000000000000000000, 1.000000000000000000 ) ) ;
#6039 = ADVANCED_FACE ( 'NONE', ( #3553 ), #3084, .T. ) ;
#6040 = EDGE_CURVE ( 'NONE', #3160, #339, #283, .T. ) ;
#6041 = ORIENTED_EDGE ( 'NONE', *, *, #4937, .F. ) ;
#6042 = VERTEX_POINT ( 'NONE', #5056 ) ;
#6043 = LINE ( 'NONE', #8338, #4615 ) ;
#6044 = VERTEX_POINT ( 'NONE', #6286 ) ;
#6045 =( LENGTH_UNIT ( ) NAMED_UNIT ( * ) SI_UNIT ( .MILLI., .METRE. ) );
#6046 = CARTESIAN_POINT ( 'NONE',  ( -0.7249999999999999778, 1.350000000000000089, 0.0000000000000000000 ) ) ;
#6047 = LINE ( 'NONE', #1444, #5640 ) ;
#6048 = ORIENTED_EDGE ( 'NONE', *, *, #8273, .T. ) ;
#6049 = EDGE_LOOP ( 'NONE', ( #2493, #6370, #5127, #1987 ) ) ;
#6050 = ORIENTED_EDGE ( 'NONE', *, *, #549, .T. ) ;
#6051 = CARTESIAN_POINT ( 'NONE',  ( 5.775000000000000355, 1.980741759643274369, -1.925000000000000933 ) ) ;
#6052 = PRESENTATION_LAYER_ASSIGNMENT (  '', '', ( #6219 ) ) ;
#6053 = CARTESIAN_POINT ( 'NONE',  ( 3.225000000000000089, 1.850000000000000089, -1.025000000000000133 ) ) ;
#6054 = DIRECTION ( 'NONE',  ( 1.000000000000000000, 0.0000000000000000000, 0.0000000000000000000 ) ) ;
#6055 = ORIENTED_EDGE ( 'NONE', *, *, #3094, .T. ) ;
#6056 = VECTOR ( 'NONE', #7857, 1000.000000000000000 ) ;
#6057 = VERTEX_POINT ( 'NONE', #3025 ) ;
#6058 = ORIENTED_EDGE ( 'NONE', *, *, #8003, .T. ) ;
#6059 = CARTESIAN_POINT ( 'NONE',  ( 0.7349999999999999867, 1.850000000000000089, -2.024999999999999911 ) ) ;
#6060 = CARTESIAN_POINT ( 'NONE',  ( -0.8750000000000000000, 2.250000000000000000, -2.024999999999999911 ) ) ;
#6061 = LINE ( 'NONE', #3101, #863 ) ;
#6062 = DIRECTION ( 'NONE',  ( 0.0000000000000000000, -1.000000000000000000, -4.336808689942024836E-15 ) ) ;
#6063 = AXIS2_PLACEMENT_3D ( 'NONE', #1254, #5844, #3914 ) ;
#6064 = ORIENTED_EDGE ( 'NONE', *, *, #6307, .F. ) ;
#6065 = ORIENTED_EDGE ( 'NONE', *, *, #5490, .T. ) ;
#6066 = ORIENTED_EDGE ( 'NONE', *, *, #1981, .T. ) ;
#6068 = FACE_OUTER_BOUND ( 'NONE', #7124, .T. ) ;
#6067 = PLANE ( 'NONE',  #981 ) ;
#6069 = EDGE_CURVE ( 'NONE', #2445, #5193, #995, .T. ) ;
#6070 = LINE ( 'NONE', #7398, #6279 ) ;
#6071 = ORIENTED_EDGE ( 'NONE', *, *, #65, .F. ) ;
#6072 = DIRECTION ( 'NONE',  ( -0.0000000000000000000, -1.339206523454102177E-15, -1.000000000000000000 ) ) ;
#6073 = DIRECTION ( 'NONE',  ( 0.0000000000000000000, -1.000000000000000000, 0.0000000000000000000 ) ) ;
#6074 = ORIENTED_EDGE ( 'NONE', *, *, #7725, .T. ) ;
#6075 = EDGE_CURVE ( 'NONE', #6985, #6189, #4375, .T. ) ;
#6076 = DIRECTION ( 'NONE',  ( 0.0000000000000000000, 0.0000000000000000000, 1.000000000000000000 ) ) ;
#6077 = FACE_OUTER_BOUND ( 'NONE', #6049, .T. ) ;
#6078 = FACE_OUTER_BOUND ( 'NONE', #3649, .T. ) ;
#6079 = EDGE_CURVE ( 'NONE', #8303, #7227, #8343, .T. ) ;
#6080 = ORIENTED_EDGE ( 'NONE', *, *, #1771, .F. ) ;
#6081 = CARTESIAN_POINT ( 'NONE',  ( 2.925000000000000266, 1.649999999999999911, -1.698606797699999893 ) ) ;
#6082 = CARTESIAN_POINT ( 'NONE',  ( -0.5250000000000000222, 1.850000000000000089, 2.024999999999999911 ) ) ;
#6083 = ADVANCED_FACE ( 'NONE', ( #8053 ), #7672, .T. ) ;
#6084 = EDGE_LOOP ( 'NONE', ( #4011, #2174, #1701, #4698 ) ) ;
#6085 = DIRECTION ( 'NONE',  ( 0.0000000000000000000, 0.6650335612228979176, -0.7468134723257140450 ) ) ;
#6086 = EDGE_LOOP ( 'NONE', ( #8415, #5341, #8423, #402 ) ) ;
#6087 = CARTESIAN_POINT ( 'NONE',  ( 3.225000000000000089, 0.0000000000000000000, -1.525000000000000133 ) ) ;
#6088 = EDGE_CURVE ( 'NONE', #2098, #3523, #1715, .T. ) ;
#6089 = ORIENTED_EDGE ( 'NONE', *, *, #7235, .T. ) ;
#6090 = LINE ( 'NONE', #4599, #6907 ) ;
#6091 = DIRECTION ( 'NONE',  ( 1.000000000000000000, 0.0000000000000000000, 0.0000000000000000000 ) ) ;
#6092 = DIRECTION ( 'NONE',  ( 0.0000000000000000000, 0.0000000000000000000, -1.000000000000000000 ) ) ;
#6093 = LINE ( 'NONE', #4252, #4767 ) ;
#6094 = VERTEX_POINT ( 'NONE', #5606 ) ;
#6095 = FILL_AREA_STYLE_COLOUR ( '', #5021 ) ;
#6096 = CARTESIAN_POINT ( 'NONE',  ( 4.264999999999999680, 1.000000000000000000, -1.474999999999999867 ) ) ;
#6097 = EDGE_CURVE ( 'NONE', #5995, #2338, #5878, .T. ) ;
#6099 = VECTOR ( 'NONE', #5103, 1000.000000000000000 ) ;
#6098 = CARTESIAN_POINT ( 'NONE',  ( 3.225000000000000089, -0.6500000000000000222, -1.775000000000000133 ) ) ;
#6100 = EDGE_LOOP ( 'NONE', ( #6521, #7166, #4750, #4140 ) ) ;
#6101 = ORIENTED_EDGE ( 'NONE', *, *, #1765, .T. ) ;
#6102 = VECTOR ( 'NONE', #248, 1000.000000000000000 ) ;
#6103 = CARTESIAN_POINT ( 'NONE',  ( -1.175000000000000044, 1.850000000000000089, 2.024999999999999911 ) ) ;
#6104 = LINE ( 'NONE', #4473, #7123 ) ;
#6105 = DIRECTION ( 'NONE',  ( 0.0000000000000000000, 0.0000000000000000000, -1.000000000000000000 ) ) ;
#6106 = DIRECTION ( 'NONE',  ( 0.0000000000000000000, 0.0000000000000000000, 1.000000000000000000 ) ) ;
#6107 = ORIENTED_EDGE ( 'NONE', *, *, #2557, .F. ) ;
#6108 = FACE_OUTER_BOUND ( 'NONE', #3439, .T. ) ;
#6109 =( GEOMETRIC_REPRESENTATION_CONTEXT ( 3 ) GLOBAL_UNCERTAINTY_ASSIGNED_CONTEXT ( ( #4149 ) ) GLOBAL_UNIT_ASSIGNED_CONTEXT ( ( #2013, #2598, #5223 ) ) REPRESENTATION_CONTEXT ( 'NONE', 'WORKASPACE' ) );
#6110 = CARTESIAN_POINT ( 'NONE',  ( 6.225000000000001421, 3.600000000000000089, -1.425000000000000933 ) ) ;
#6111 = VECTOR ( 'NONE', #6658, 1000.000000000000000 ) ;
#6112 = DIRECTION ( 'NONE',  ( 1.000000000000000000, 0.0000000000000000000, 0.0000000000000000000 ) ) ;
#6113 = CARTESIAN_POINT ( 'NONE',  ( -2.875000000000000000, 0.0000000000000000000, -1.525000000000000133 ) ) ;
#6114 = VECTOR ( 'NONE', #6236, 1000.000000000000000 ) ;
#6115 = ORIENTED_EDGE ( 'NONE', *, *, #5497, .T. ) ;
#6116 = PLANE ( 'NONE',  #8011 ) ;
#6117 = VECTOR ( 'NONE', #5681, 1000.000000000000000 ) ;
#6118 = DIRECTION ( 'NONE',  ( -0.0000000000000000000, 1.000000000000000000, 0.0000000000000000000 ) ) ;
#6119 = AXIS2_PLACEMENT_3D ( 'NONE', #6326, #7595, #4371 ) ;
#6120 =( GEOMETRIC_REPRESENTATION_CONTEXT ( 3 ) GLOBAL_UNCERTAINTY_ASSIGNED_CONTEXT ( ( #849 ) ) GLOBAL_UNIT_ASSIGNED_CONTEXT ( ( #5713, #4392, #6372 ) ) REPRESENTATION_CONTEXT ( 'NONE', 'WORKASPACE' ) );
#6121 = DIRECTION ( 'NONE',  ( 0.0000000000000000000, 0.0000000000000000000, 1.000000000000000000 ) ) ;
#6122 = VECTOR ( 'NONE', #5453, 1000.000000000000114 ) ;
#6123 = ORIENTED_EDGE ( 'NONE', *, *, #7461, .T. ) ;
#6124 = CARTESIAN_POINT ( 'NONE',  ( 0.4249999999999999889, 1.649999999999999911, -1.698606797699999893 ) ) ;
#6125 = LINE ( 'NONE', #6188, #2973 ) ;
#6126 = LINE ( 'NONE', #7778, #1624 ) ;
#6127 = EDGE_CURVE ( 'NONE', #7302, #6584, #4173, .T. ) ;
#6128 = DIRECTION ( 'NONE',  ( -1.000000000000000000, 0.0000000000000000000, 0.0000000000000000000 ) ) ;
#6129 = DIRECTION ( 'NONE',  ( -0.0000000000000000000, -1.000000000000000000, -0.0000000000000000000 ) ) ;
#6130 = DIRECTION ( 'NONE',  ( -1.000000000000000000, 0.0000000000000000000, 0.0000000000000000000 ) ) ;
#6131 = VECTOR ( 'NONE', #4215, 1000.000000000000000 ) ;
#6132 = ADVANCED_FACE ( 'NONE', ( #4776 ), #3109, .T. ) ;
#6133 = PLANE ( 'NONE',  #387 ) ;
#6134 = CARTESIAN_POINT ( 'NONE',  ( 5.625000000000000888, 3.750000000000000000, 0.02500000000000000139 ) ) ;
#6135 = LINE ( 'NONE', #7396, #4409 ) ;
#6136 = VECTOR ( 'NONE', #446, 1000.000000000000000 ) ;
#6137 = EDGE_CURVE ( 'NONE', #1427, #444, #4472, .T. ) ;
#6138 = CARTESIAN_POINT ( 'NONE',  ( 0.5250000000000000222, 0.0000000000000000000, -1.525000000000000133 ) ) ;
#6139 = ORIENTED_EDGE ( 'NONE', *, *, #2094, .T. ) ;
#6140 = ORIENTED_EDGE ( 'NONE', *, *, #4781, .F. ) ;
#6141 = LINE ( 'NONE', #2407, #6549 ) ;
#6142 = EDGE_CURVE ( 'NONE', #2945, #1165, #6810, .T. ) ;
#6143 = FACE_OUTER_BOUND ( 'NONE', #1174, .T. ) ;
#6144 = DIRECTION ( 'NONE',  ( -1.000000000000000000, -0.0000000000000000000, -0.0000000000000000000 ) ) ;
#6145 = CARTESIAN_POINT ( 'NONE',  ( -2.875000000000000000, 4.250000000000000000, -2.024999999999999911 ) ) ;
#6146 = CARTESIAN_POINT ( 'NONE',  ( -1.875000000000000000, 2.550000000000000266, -1.474999999999999867 ) ) ;
#6147 = CARTESIAN_POINT ( 'NONE',  ( 4.485000000000001208, 1.850000000000000089, -2.024999999999999911 ) ) ;
#6148 = EDGE_LOOP ( 'NONE', ( #4524, #7799, #936, #1371, #3269, #2295, #6655, #4351, #8008, #5395, #6869, #574, #2336, #7842, #6898, #897 ) ) ;
#6149 = DIRECTION ( 'NONE',  ( 0.0000000000000000000, -1.000000000000000000, 3.295974604355854593E-17 ) ) ;
#6150 = ORIENTED_EDGE ( 'NONE', *, *, #6795, .F. ) ;
#6151 = DIRECTION ( 'NONE',  ( 0.0000000000000000000, 1.000000000000000000, 0.0000000000000000000 ) ) ;
#6152 = EDGE_LOOP ( 'NONE', ( #5459, #3602, #6860, #7290 ) ) ;
#6153 = VECTOR ( 'NONE', #3925, 1000.000000000000000 ) ;
#6154 = ORIENTED_EDGE ( 'NONE', *, *, #1150, .T. ) ;
#6155 = VERTEX_POINT ( 'NONE', #1131 ) ;
#6156 = ORIENTED_EDGE ( 'NONE', *, *, #459, .F. ) ;
#6157 = CARTESIAN_POINT ( 'NONE',  ( 4.264999999999999680, 1.000000000000000000, -2.024999999999999911 ) ) ;
#6158 = CARTESIAN_POINT ( 'NONE',  ( 0.7249999999999998668, 0.3499999999999999778, -2.075000000000000178 ) ) ;
#6159 = CARTESIAN_POINT ( 'NONE',  ( 0.5150000000000000133, 0.0000000000000000000, -1.474999999999999867 ) ) ;
#6160 = LINE ( 'NONE', #5707, #2191 ) ;
#6161 = ORIENTED_EDGE ( 'NONE', *, *, #6603, .T. ) ;
#6162 = PLANE ( 'NONE',  #6931 ) ;
#6163 = VERTEX_POINT ( 'NONE', #6881 ) ;
#6164 =( GEOMETRIC_REPRESENTATION_CONTEXT ( 3 ) GLOBAL_UNCERTAINTY_ASSIGNED_CONTEXT ( ( #7812 ) ) GLOBAL_UNIT_ASSIGNED_CONTEXT ( ( #5908, #7276, #3352 ) ) REPRESENTATION_CONTEXT ( 'NONE', 'WORKASPACE' ) );
#6165 = ADVANCED_FACE ( 'NONE', ( #7745 ), #3677, .T. ) ;
#6166 = DIRECTION ( 'NONE',  ( -1.000000000000000000, 0.0000000000000000000, 0.0000000000000000000 ) ) ;
#6167 = DIRECTION ( 'NONE',  ( 1.000000000000000000, 0.0000000000000000000, 0.0000000000000000000 ) ) ;
#6168 = VECTOR ( 'NONE', #8035, 1000.000000000000000 ) ;
#6169 = AXIS2_PLACEMENT_3D ( 'NONE', #1243, #565, #5177 ) ;
#6170 = CARTESIAN_POINT ( 'NONE',  ( -1.375000000000000000, 3.149999999999999911, -2.024999999999999911 ) ) ;
#6171 = EDGE_CURVE ( 'NONE', #1012, #562, #899, .T. ) ;
#6172 = CARTESIAN_POINT ( 'NONE',  ( -0.7349999999999999867, 1.850000000000000089, -1.025000000000000133 ) ) ;
#6173 = ORIENTED_EDGE ( 'NONE', *, *, #1819, .T. ) ;
#6174 = ORIENTED_EDGE ( 'NONE', *, *, #1385, .F. ) ;
#6175 = FACE_OUTER_BOUND ( 'NONE', #4544, .T. ) ;
#6176 = UNCERTAINTY_MEASURE_WITH_UNIT (LENGTH_MEASURE( 1.000000000000000082E-05 ), #5673, 'distance_accuracy_value', 'NONE');
#6177 = STYLED_ITEM ( 'NONE', ( #8358 ), #8080 ) ;
#6178 = DIRECTION ( 'NONE',  ( 0.0000000000000000000, -1.000000000000000000, -3.219646771412953967E-15 ) ) ;
#6179 = CARTESIAN_POINT ( 'NONE',  ( 0.5150000000000000133, 1.850000000000000089, -1.025000000000000133 ) ) ;
#6180 = FACE_OUTER_BOUND ( 'NONE', #1246, .T. ) ;
#6181 = ORIENTED_EDGE ( 'NONE', *, *, #3701, .F. ) ;
#6182 = ORIENTED_EDGE ( 'NONE', *, *, #7902, .T. ) ;
#6183 = VERTEX_POINT ( 'NONE', #6234 ) ;
#6184 = AXIS2_PLACEMENT_3D ( 'NONE', #547, #1863, #5113 ) ;
#6185 = LINE ( 'NONE', #4930, #1896 ) ;
#6186 = DIRECTION ( 'NONE',  ( 0.0000000000000000000, -1.000000000000000000, 0.0000000000000000000 ) ) ;
#6187 = UNCERTAINTY_MEASURE_WITH_UNIT (LENGTH_MEASURE( 1.000000000000000082E-05 ), #8161, 'distance_accuracy_value', 'NONE');
#6188 = CARTESIAN_POINT ( 'NONE',  ( -0.5250000000000000222, 0.5000000000000000000, -1.525000000000000133 ) ) ;
#6189 = VERTEX_POINT ( 'NONE', #1045 ) ;
#6190 = EDGE_CURVE ( 'NONE', #5575, #7889, #4575, .T. ) ;
#6191 = CARTESIAN_POINT ( 'NONE',  ( 4.275000000000000355, 1.350000000000000089, 1.525000000000000133 ) ) ;
#6192 = ORIENTED_EDGE ( 'NONE', *, *, #6966, .F. ) ;
#6193 = VERTEX_POINT ( 'NONE', #5087 ) ;
#6194 = ORIENTED_EDGE ( 'NONE', *, *, #7352, .F. ) ;
#6195 = EDGE_CURVE ( 'NONE', #3613, #8397, #6599, .T. ) ;
#6196 = VECTOR ( 'NONE', #3760, 1000.000000000000000 ) ;
#6197 = PLANE ( 'NONE',  #4819 ) ;
#6198 = EDGE_CURVE ( 'NONE', #3451, #5168, #5262, .T. ) ;
#6199 = LINE ( 'NONE', #3876, #3446 ) ;
#6200 = ORIENTED_EDGE ( 'NONE', *, *, #6959, .F. ) ;
#6201 = ORIENTED_EDGE ( 'NONE', *, *, #3742, .T. ) ;
#6202 = ORIENTED_EDGE ( 'NONE', *, *, #3733, .T. ) ;
#6203 = LINE ( 'NONE', #6172, #3962 ) ;
#6204 = CARTESIAN_POINT ( 'NONE',  ( -2.274999999999999911, 2.250000000000000000, -2.024999999999999911 ) ) ;
#6205 = VECTOR ( 'NONE', #4967, 1000.000000000000000 ) ;
#6206 = EDGE_CURVE ( 'NONE', #2210, #6816, #8452, .T. ) ;
#6207 = DIRECTION ( 'NONE',  ( -1.000000000000000000, 0.0000000000000000000, 0.0000000000000000000 ) ) ;
#6208 = DIRECTION ( 'NONE',  ( 0.0000000000000000000, 0.0000000000000000000, 1.000000000000000000 ) ) ;
#6209 = VECTOR ( 'NONE', #7559, 1000.000000000000000 ) ;
#6210 = ADVANCED_FACE ( 'NONE', ( #4875 ), #4437, .F. ) ;
#6211 = VERTEX_POINT ( 'NONE', #7024 ) ;
#6212 = ORIENTED_EDGE ( 'NONE', *, *, #2751, .T. ) ;
#6213 = LINE ( 'NONE', #67, #4285 ) ;
#6214 = CARTESIAN_POINT ( 'NONE',  ( 3.225000000000000089, 0.0000000000000000000, -1.525000000000000133 ) ) ;
#6215 = DIRECTION ( 'NONE',  ( 0.0000000000000000000, 0.0000000000000000000, -1.000000000000000000 ) ) ;
#6216 = LINE ( 'NONE', #4090, #801 ) ;
#6217 = PLANE ( 'NONE',  #2015 ) ;
#6218 =( LENGTH_UNIT ( ) NAMED_UNIT ( * ) SI_UNIT ( .MILLI., .METRE. ) );
#6219 = STYLED_ITEM ( 'NONE', ( #6450 ), #4006 ) ;
#6220 = ORIENTED_EDGE ( 'NONE', *, *, #3724, .F. ) ;
#6221 = VECTOR ( 'NONE', #1725, 1000.000000000000114 ) ;
#6222 = CARTESIAN_POINT ( 'NONE',  ( -2.274999999999999911, 4.250000000000000000, -1.925000000000000044 ) ) ;
#6223 = LINE ( 'NONE', #1834, #4495 ) ;
#6224 = PLANE ( 'NONE',  #6641 ) ;
#6225 = ORIENTED_EDGE ( 'NONE', *, *, #6079, .F. ) ;
#6226 = LINE ( 'NONE', #6773, #2149 ) ;
#6227 = DIRECTION ( 'NONE',  ( -1.000000000000000000, 0.0000000000000000000, 0.0000000000000000000 ) ) ;
#6228 = ORIENTED_EDGE ( 'NONE', *, *, #2597, .T. ) ;
#6229 = CARTESIAN_POINT ( 'NONE',  ( 3.225000000000000089, 0.5000000000000000000, -1.525000000000000133 ) ) ;
#6230 = LINE ( 'NONE', #6585, #8371 ) ;
#6231 = FACE_BOUND ( 'NONE', #7681, .T. ) ;
#6232 = DIRECTION ( 'NONE',  ( 1.000000000000000000, 0.0000000000000000000, 0.0000000000000000000 ) ) ;
#6233 = MECHANICAL_DESIGN_GEOMETRIC_PRESENTATION_REPRESENTATION (  '', ( #386 ), #817 ) ;
#6234 = CARTESIAN_POINT ( 'NONE',  ( -0.7249999999999999778, 0.3499999999999999778, -2.075000000000000178 ) ) ;
#6235 = DIRECTION ( 'NONE',  ( 0.0000000000000000000, 1.000000000000000000, 0.0000000000000000000 ) ) ;
#6236 = DIRECTION ( 'NONE',  ( 0.0000000000000000000, 0.0000000000000000000, 1.000000000000000000 ) ) ;
#6237 = EDGE_CURVE ( 'NONE', #234, #1673, #5484, .T. ) ;
#6238 = MECHANICAL_DESIGN_GEOMETRIC_PRESENTATION_REPRESENTATION (  '', ( #7679 ), #5189 ) ;
#6239 = LINE ( 'NONE', #6484, #4309 ) ;
#6240 = DIRECTION ( 'NONE',  ( -1.000000000000000000, 0.0000000000000000000, 0.0000000000000000000 ) ) ;
#6241 = EDGE_CURVE ( 'NONE', #2234, #1744, #1395, .T. ) ;
#6242 = EDGE_CURVE ( 'NONE', #3654, #5052, #4667, .T. ) ;
#6243 = VECTOR ( 'NONE', #919, 1000.000000000000000 ) ;
#6244 = CARTESIAN_POINT ( 'NONE',  ( 4.275000000000000355, 0.0000000000000000000, -2.024999999999999911 ) ) ;
#6245 = EDGE_CURVE ( 'NONE', #6001, #8146, #5983, .T. ) ;
#6246 = DIRECTION ( 'NONE',  ( 0.0000000000000000000, 1.000000000000000000, 0.0000000000000000000 ) ) ;
#6247 = CARTESIAN_POINT ( 'NONE',  ( -0.5250000000000000222, 1.850000000000000089, 2.024999999999999911 ) ) ;
#6248 = ORIENTED_EDGE ( 'NONE', *, *, #620, .F. ) ;
#6249 = ORIENTED_EDGE ( 'NONE', *, *, #2704, .T. ) ;
#6250 = SURFACE_STYLE_FILL_AREA ( #6705 ) ;
#6251 = EDGE_CURVE ( 'NONE', #2563, #745, #484, .T. ) ;
#6252 = ORIENTED_EDGE ( 'NONE', *, *, #2322, .T. ) ;
#6253 = DIRECTION ( 'NONE',  ( 0.0000000000000000000, -0.0000000000000000000, -1.000000000000000000 ) ) ;
#6254 = CARTESIAN_POINT ( 'NONE',  ( 4.274999999999999467, -0.6500000000000000222, -2.075000000000000178 ) ) ;
#6255 = ADVANCED_FACE ( 'NONE', ( #2534 ), #4469, .F. ) ;
#6256 = FILL_AREA_STYLE_COLOUR ( '', #417 ) ;
#6257 = FACE_OUTER_BOUND ( 'NONE', #1063, .T. ) ;
#6258 = VERTEX_POINT ( 'NONE', #3784 ) ;
#6259 = EDGE_CURVE ( 'NONE', #3255, #1478, #57, .T. ) ;
#6260 = ORIENTED_EDGE ( 'NONE', *, *, #4272, .T. ) ;
#6261 = ORIENTED_EDGE ( 'NONE', *, *, #1660, .F. ) ;
#6262 = CARTESIAN_POINT ( 'NONE',  ( -2.024999999999999911, 2.250000000000000000, -2.024999999999999911 ) ) ;
#6263 = CARTESIAN_POINT ( 'NONE',  ( 4.474999999999999645, 1.000000000000000000, -1.525000000000000133 ) ) ;
#6264 = PLANE ( 'NONE',  #3821 ) ;
#6265 = DIRECTION ( 'NONE',  ( 0.0000000000000000000, -0.0000000000000000000, 1.000000000000000000 ) ) ;
#6266 = ORIENTED_EDGE ( 'NONE', *, *, #6198, .F. ) ;
#6267 = LINE ( 'NONE', #3314, #6056 ) ;
#6268 = PLANE ( 'NONE',  #4541 ) ;
#6269 = VERTEX_POINT ( 'NONE', #435 ) ;
#6270 = PLANE ( 'NONE',  #5517 ) ;
#6271 = CARTESIAN_POINT ( 'NONE',  ( 4.275000000000000355, 0.5000000000000000000, 0.0000000000000000000 ) ) ;
#6272 = ORIENTED_EDGE ( 'NONE', *, *, #216, .T. ) ;
#6273 = DIRECTION ( 'NONE',  ( 0.0000000000000000000, -1.000000000000000000, 0.0000000000000000000 ) ) ;
#6274 = VERTEX_POINT ( 'NONE', #3099 ) ;
#6275 = ORIENTED_EDGE ( 'NONE', *, *, #6515, .F. ) ;
#6276 = CARTESIAN_POINT ( 'NONE',  ( 0.5249999999999999112, 0.3500000000000000333, -2.024999999999999911 ) ) ;
#6277 = ORIENTED_EDGE ( 'NONE', *, *, #8281, .F. ) ;
#6278 = VECTOR ( 'NONE', #1437, 1000.000000000000114 ) ;
#6279 = VECTOR ( 'NONE', #3494, 1000.000000000000000 ) ;
#6280 = DIRECTION ( 'NONE',  ( 0.0000000000000000000, 1.000000000000000000, 0.0000000000000000000 ) ) ;
#6281 = ORIENTED_EDGE ( 'NONE', *, *, #3031, .F. ) ;
#6282 = CARTESIAN_POINT ( 'NONE',  ( 4.475000000000000533, 1.649999999999999911, -1.025000000000000133 ) ) ;
#6283 = SURFACE_STYLE_FILL_AREA ( #7865 ) ;
#6284 = UNCERTAINTY_MEASURE_WITH_UNIT (LENGTH_MEASURE( 1.000000000000000082E-05 ), #1528, 'distance_accuracy_value', 'NONE');
#6285 = COLOUR_RGB ( '',1.000000000000000000, 1.000000000000000000, 1.000000000000000000 ) ;
#6286 = CARTESIAN_POINT ( 'NONE',  ( 4.274999999999999467, 0.3499999999999999778, -2.075000000000000178 ) ) ;
#6287 = FACE_OUTER_BOUND ( 'NONE', #2339, .T. ) ;
#6288 = EDGE_LOOP ( 'NONE', ( #7600, #3225, #4543, #5068 ) ) ;
#6289 = ORIENTED_EDGE ( 'NONE', *, *, #666, .T. ) ;
#6290 = DIRECTION ( 'NONE',  ( 0.0000000000000000000, 1.000000000000000000, 0.0000000000000000000 ) ) ;
#6291 = PRESENTATION_LAYER_ASSIGNMENT (  '', '', ( #6447 ) ) ;
#6292 = VERTEX_POINT ( 'NONE', #7017 ) ;
#6293 = ORIENTED_EDGE ( 'NONE', *, *, #7746, .T. ) ;
#6294 = VECTOR ( 'NONE', #2110, 1000.000000000000000 ) ;
#6295 = ADVANCED_FACE ( 'NONE', ( #2340 ), #7662, .F. ) ;
#6296 = LINE ( 'NONE', #1032, #4566 ) ;
#6297 = ORIENTED_EDGE ( 'NONE', *, *, #4616, .F. ) ;
#6298 = VECTOR ( 'NONE', #2629, 1000.000000000000000 ) ;
#6299 = VERTEX_POINT ( 'NONE', #5019 ) ;
#6300 = PRESENTATION_LAYER_ASSIGNMENT (  '', '', ( #6570 ) ) ;
#6301 = VERTEX_POINT ( 'NONE', #1198 ) ;
#6302 = VECTOR ( 'NONE', #3057, 1000.000000000000000 ) ;
#6303 = DIRECTION ( 'NONE',  ( 1.000000000000000000, 0.0000000000000000000, 0.0000000000000000000 ) ) ;
#6304 = ORIENTED_EDGE ( 'NONE', *, *, #600, .T. ) ;
#6305 = EDGE_CURVE ( 'NONE', #4665, #4150, #5589, .T. ) ;
#6306 = DIRECTION ( 'NONE',  ( 0.0000000000000000000, 1.000000000000000000, 0.0000000000000000000 ) ) ;
#6307 = EDGE_CURVE ( 'NONE', #3316, #2694, #6696, .T. ) ;
#6308 = DIRECTION ( 'NONE',  ( 0.0000000000000000000, -1.000000000000000000, 0.0000000000000000000 ) ) ;
#6309 = LINE ( 'NONE', #3705, #399 ) ;
#6310 = EDGE_LOOP ( 'NONE', ( #6933, #5864, #1349, #5694 ) ) ;
#6311 = EDGE_LOOP ( 'NONE', ( #5122, #3707, #7516, #8148 ) ) ;
#6312 = COLOUR_RGB ( '',1.000000000000000000, 1.000000000000000000, 1.000000000000000000 ) ;
#6313 = CARTESIAN_POINT ( 'NONE',  ( 2.075000000000000178, 1.649999999999999911, -1.474999999999999867 ) ) ;
#6314 = CARTESIAN_POINT ( 'NONE',  ( 1.975000000000000089, 0.5000000000000000000, 0.0000000000000000000 ) ) ;
#6315 = FACE_OUTER_BOUND ( 'NONE', #5501, .T. ) ;
#6316 = CARTESIAN_POINT ( 'NONE',  ( 0.7349999999999999867, 1.850000000000000089, -1.025000000000000133 ) ) ;
#6317 = ORIENTED_EDGE ( 'NONE', *, *, #989, .T. ) ;
#6318 = VECTOR ( 'NONE', #2078, 1000.000000000000000 ) ;
#6319 = CARTESIAN_POINT ( 'NONE',  ( 2.075000000000000178, 1.850000000000000089, -1.698606797699999893 ) ) ;
#6320 = DIRECTION ( 'NONE',  ( 0.0000000000000000000, 0.0000000000000000000, 1.000000000000000000 ) ) ;
#6321 = FILL_AREA_STYLE_COLOUR ( '', #6888 ) ;
#6322 = CARTESIAN_POINT ( 'NONE',  ( -2.475000000000000089, 1.999999999999998668, -1.425000000000000933 ) ) ;
#6323 = FACE_OUTER_BOUND ( 'NONE', #3738, .T. ) ;
#6324 = LINE ( 'NONE', #5996, #4595 ) ;
#6325 = ORIENTED_EDGE ( 'NONE', *, *, #1171, .T. ) ;
#6326 = CARTESIAN_POINT ( 'NONE',  ( -2.274999999999999911, 1.950000000000002176, 1.375000000000006883 ) ) ;
#6327 = VECTOR ( 'NONE', #2477, 1000.000000000000000 ) ;
#6328 = LINE ( 'NONE', #7703, #420 ) ;
#6329 = CARTESIAN_POINT ( 'NONE',  ( 4.125000000000000000, 3.750000000000000000, -2.024999999999999911 ) ) ;
#6330 = MECHANICAL_DESIGN_GEOMETRIC_PRESENTATION_REPRESENTATION (  '', ( #4745 ), #7540 ) ;
#6331 = LINE ( 'NONE', #3867, #6947 ) ;
#6332 = FILL_AREA_STYLE_COLOUR ( '', #3223 ) ;
#6333 = ADVANCED_FACE ( 'NONE', ( #778 ), #3126, .F. ) ;
#6334 = EDGE_CURVE ( 'NONE', #6448, #6546, #3754, .T. ) ;
#6335 = CARTESIAN_POINT ( 'NONE',  ( 1.765000000000000124, 1.850000000000000089, -1.025000000000000133 ) ) ;
#6336 = LINE ( 'NONE', #2084, #4609 ) ;
#6337 = ADVANCED_FACE ( 'NONE', ( #4765 ), #5756, .T. ) ;
#6338 = CARTESIAN_POINT ( 'NONE',  ( -1.175000000000000044, 1.850000000000000089, -1.474999999999999867 ) ) ;
#6339 = PRESENTATION_LAYER_ASSIGNMENT (  '', '', ( #6177 ) ) ;
#6340 = DIRECTION ( 'NONE',  ( 0.0000000000000000000, 1.000000000000000000, 0.0000000000000000000 ) ) ;
#6341 = CARTESIAN_POINT ( 'NONE',  ( 4.925000000000000711, 1.850000000000000089, -1.474999999999999867 ) ) ;
#6342 = DIRECTION ( 'NONE',  ( 0.0000000000000000000, 0.0000000000000000000, 1.000000000000000000 ) ) ;
#6343 = EDGE_CURVE ( 'NONE', #2061, #4968, #3441, .T. ) ;
#6344 =( GEOMETRIC_REPRESENTATION_CONTEXT ( 3 ) GLOBAL_UNCERTAINTY_ASSIGNED_CONTEXT ( ( #4422 ) ) GLOBAL_UNIT_ASSIGNED_CONTEXT ( ( #8346, #3062, #4415 ) ) REPRESENTATION_CONTEXT ( 'NONE', 'WORKASPACE' ) );
#6345 = ORIENTED_EDGE ( 'NONE', *, *, #3048, .T. ) ;
#6346 =( NAMED_UNIT ( * ) SI_UNIT ( $, .STERADIAN. ) SOLID_ANGLE_UNIT ( ) );
#6347 = ORIENTED_EDGE ( 'NONE', *, *, #6680, .F. ) ;
#6348 = COLOUR_RGB ( '',0.6470588235294117974, 0.6196078431372549211, 0.5882352941176470784 ) ;
#6349 = CARTESIAN_POINT ( 'NONE',  ( -0.5250000000000000222, -0.004464445899999999919, 0.003975566199999999890 ) ) ;
#6350 = DIRECTION ( 'NONE',  ( 0.0000000000000000000, 1.000000000000000000, -1.084202172485501673E-15 ) ) ;
#6351 = EDGE_CURVE ( 'NONE', #5670, #1778, #5254, .T. ) ;
#6352 = ORIENTED_EDGE ( 'NONE', *, *, #6622, .F. ) ;
#6353 = ORIENTED_EDGE ( 'NONE', *, *, #676, .T. ) ;
#6354 = ORIENTED_EDGE ( 'NONE', *, *, #2223, .F. ) ;
#6355 = ORIENTED_EDGE ( 'NONE', *, *, #2498, .F. ) ;
#6356 = EDGE_CURVE ( 'NONE', #3854, #3316, #3657, .T. ) ;
#6357 = DIRECTION ( 'NONE',  ( -1.000000000000000000, 0.0000000000000000000, 0.0000000000000000000 ) ) ;
#6358 = FILL_AREA_STYLE ('',( #2267 ) ) ;
#6359 = SURFACE_STYLE_FILL_AREA ( #2601 ) ;
#6360 = ORIENTED_EDGE ( 'NONE', *, *, #5310, .F. ) ;
#6361 = EDGE_CURVE ( 'NONE', #5981, #1808, #8042, .T. ) ;
#6362 = CARTESIAN_POINT ( 'NONE',  ( 6.250000000000000000, 4.240000000000000213, -2.024999999999999911 ) ) ;
#6363 = VERTEX_POINT ( 'NONE', #4456 ) ;
#6364 = CARTESIAN_POINT ( 'NONE',  ( 6.025000000000001243, 1.950000000000002176, 1.375000000000006883 ) ) ;
#6365 = ORIENTED_EDGE ( 'NONE', *, *, #1864, .T. ) ;
#6366 = CARTESIAN_POINT ( 'NONE',  ( -2.875000000000000000, 0.6000000000000024203, 1.375000000000002442 ) ) ;
#6367 = EDGE_CURVE ( 'NONE', #5860, #4399, #7008, .T. ) ;
#6368 = CARTESIAN_POINT ( 'NONE',  ( 4.264999999999999680, 1.850000000000000089, -1.025000000000000133 ) ) ;
#6369 = DIRECTION ( 'NONE',  ( 0.0000000000000000000, -0.6650335612228979176, -0.7468134723257140450 ) ) ;
#6370 = ORIENTED_EDGE ( 'NONE', *, *, #2876, .F. ) ;
#6371 = ORIENTED_EDGE ( 'NONE', *, *, #4058, .F. ) ;
#6372 =( NAMED_UNIT ( * ) SI_UNIT ( $, .STERADIAN. ) SOLID_ANGLE_UNIT ( ) );
#6373 = CARTESIAN_POINT ( 'NONE',  ( -2.274999999999999911, 0.0000000000000000000, 2.024999999999999911 ) ) ;
#6374 = CARTESIAN_POINT ( 'NONE',  ( 0.5250000000000000222, 0.5000000000000000000, -1.525000000000000133 ) ) ;
#6375 = VECTOR ( 'NONE', #8123, 1000.000000000000000 ) ;
#6376 = ORIENTED_EDGE ( 'NONE', *, *, #5706, .F. ) ;
#6377 = ORIENTED_EDGE ( 'NONE', *, *, #840, .T. ) ;
#6378 = PLANE ( 'NONE',  #4487 ) ;
#6379 = LINE ( 'NONE', #6677, #2925 ) ;
#6380 = FACE_OUTER_BOUND ( 'NONE', #2141, .T. ) ;
#6381 = ORIENTED_EDGE ( 'NONE', *, *, #7526, .T. ) ;
#6382 = DIRECTION ( 'NONE',  ( 0.0000000000000000000, 0.0000000000000000000, 1.000000000000000000 ) ) ;
#6383 = ORIENTED_EDGE ( 'NONE', *, *, #360, .T. ) ;
#6384 = ORIENTED_EDGE ( 'NONE', *, *, #3354, .T. ) ;
#6385 = PLANE ( 'NONE',  #1921 ) ;
#6387 = FACE_OUTER_BOUND ( 'NONE', #5354, .T. ) ;
#6386 = CARTESIAN_POINT ( 'NONE',  ( 1.775000000000000133, 1.000000000000000000, 0.0000000000000000000 ) ) ;
#6388 = VECTOR ( 'NONE', #4224, 1000.000000000000000 ) ;
#6389 = DIRECTION ( 'NONE',  ( 0.0000000000000000000, 1.000000000000000000, 0.0000000000000000000 ) ) ;
#6390 = AXIS2_PLACEMENT_3D ( 'NONE', #5947, #2682, #7937 ) ;
#6391 = LINE ( 'NONE', #4958, #4358 ) ;
#6392 = ORIENTED_EDGE ( 'NONE', *, *, #549, .F. ) ;
#6393 = CARTESIAN_POINT ( 'NONE',  ( 1.975000000000000089, 0.0000000000000000000, -2.024999999999999911 ) ) ;
#6394 = DIRECTION ( 'NONE',  ( -0.0000000000000000000, 1.000000000000000000, 0.0000000000000000000 ) ) ;
#6395 = ORIENTED_EDGE ( 'NONE', *, *, #4734, .F. ) ;
#6396 = EDGE_CURVE ( 'NONE', #684, #5724, #8442, .T. ) ;
#6397 = SURFACE_SIDE_STYLE ('',( #6533 ) ) ;
#6398 = VERTEX_POINT ( 'NONE', #5107 ) ;
#6399 = ORIENTED_EDGE ( 'NONE', *, *, #6356, .F. ) ;
#6400 = ORIENTED_EDGE ( 'NONE', *, *, #3307, .T. ) ;
#6401 = VECTOR ( 'NONE', #389, 1000.000000000000000 ) ;
#6402 = DIRECTION ( 'NONE',  ( -1.000000000000000000, 0.0000000000000000000, 0.0000000000000000000 ) ) ;
#6403 = PLANE ( 'NONE',  #8372 ) ;
#6404 = EDGE_CURVE ( 'NONE', #7227, #8135, #477, .T. ) ;
#6405 = DIRECTION ( 'NONE',  ( 1.000000000000000000, 0.0000000000000000000, 0.0000000000000000000 ) ) ;
#6406 = DIRECTION ( 'NONE',  ( 1.000000000000000000, 0.0000000000000000000, 0.0000000000000000000 ) ) ;
#6407 = FACE_OUTER_BOUND ( 'NONE', #5952, .T. ) ;
#6408 = VERTEX_POINT ( 'NONE', #7605 ) ;
#6409 = ORIENTED_EDGE ( 'NONE', *, *, #8165, .T. ) ;
#6410 = VECTOR ( 'NONE', #353, 1000.000000000000000 ) ;
#6411 = CARTESIAN_POINT ( 'NONE',  ( 4.275000000000000355, 0.0000000000000000000, 0.0000000000000000000 ) ) ;
#6412 = LINE ( 'NONE', #4804, #1008 ) ;
#6413 = EDGE_CURVE ( 'NONE', #4882, #8308, #5783, .T. ) ;
#6414 =( GEOMETRIC_REPRESENTATION_CONTEXT ( 3 ) GLOBAL_UNCERTAINTY_ASSIGNED_CONTEXT ( ( #1626 ) ) GLOBAL_UNIT_ASSIGNED_CONTEXT ( ( #6218, #2328, #488 ) ) REPRESENTATION_CONTEXT ( 'NONE', 'WORKASPACE' ) );
#6415 = CARTESIAN_POINT ( 'NONE',  ( 1.974999999999999867, -0.6500000000000000222, -1.775000000000000133 ) ) ;
#6416 = VECTOR ( 'NONE', #1024, 1000.000000000000000 ) ;
#6417 = ORIENTED_EDGE ( 'NONE', *, *, #7881, .T. ) ;
#6418 = VECTOR ( 'NONE', #3598, 1000.000000000000000 ) ;
#6419 = DIRECTION ( 'NONE',  ( 0.0000000000000000000, -3.252606517456512513E-15, 1.000000000000000000 ) ) ;
#6420 = VECTOR ( 'NONE', #4115, 1000.000000000000000 ) ;
#6421 = EDGE_CURVE ( 'NONE', #3325, #8163, #7836, .T. ) ;
#6422 = LINE ( 'NONE', #87, #813 ) ;
#6423 = CARTESIAN_POINT ( 'NONE',  ( 4.474999999999999645, 0.05000000000000002359, -1.775000000000000133 ) ) ;
#6424 = ORIENTED_EDGE ( 'NONE', *, *, #3462, .T. ) ;
#6425 = COLOUR_RGB ( '',0.6470588235294117974, 0.6196078431372549211, 0.5882352941176470784 ) ;
#6426 = VECTOR ( 'NONE', #4212, 1000.000000000000000 ) ;
#6427 =( LENGTH_UNIT ( ) NAMED_UNIT ( * ) SI_UNIT ( .MILLI., .METRE. ) );
#6428 = LINE ( 'NONE', #1130, #3075 ) ;
#6429 = ORIENTED_EDGE ( 'NONE', *, *, #6634, .F. ) ;
#6430 = FACE_OUTER_BOUND ( 'NONE', #8052, .T. ) ;
#6431 = ORIENTED_EDGE ( 'NONE', *, *, #1711, .T. ) ;
#6432 = PRESENTATION_STYLE_ASSIGNMENT (( #4780 ) ) ;
#6433 = CARTESIAN_POINT ( 'NONE',  ( 6.025000000000001243, 8.673617379884035472E-15, -0.2250000000000008105 ) ) ;
#6434 = CARTESIAN_POINT ( 'NONE',  ( -2.274999999999999911, 1.999999999999997780, -2.075000000000008615 ) ) ;
#6435 = VECTOR ( 'NONE', #1435, 1000.000000000000000 ) ;
#6436 = STYLED_ITEM ( 'NONE', ( #3905 ), #4382 ) ;
#6437 = VECTOR ( 'NONE', #3548, 1000.000000000000000 ) ;
#6438 = CARTESIAN_POINT ( 'NONE',  ( 6.225000000000001421, 2.224999999999998757, -2.025000000000007905 ) ) ;
#6439 = LINE ( 'NONE', #7113, #1750 ) ;
#6440 = EDGE_CURVE ( 'NONE', #7302, #2184, #6797, .T. ) ;
#6441 = CARTESIAN_POINT ( 'NONE',  ( 1.675000000000000044, 1.649999999999999911, -1.474999999999999867 ) ) ;
#6442 = DIRECTION ( 'NONE',  ( 0.0000000000000000000, 1.000000000000000000, 0.0000000000000000000 ) ) ;
#6443 = CARTESIAN_POINT ( 'NONE',  ( 1.974999999999999867, 0.3499999999999999778, -2.075000000000000178 ) ) ;
#6444 = ORIENTED_EDGE ( 'NONE', *, *, #6334, .T. ) ;
#6445 = EDGE_LOOP ( 'NONE', ( #1880, #6058, #6462, #6782 ) ) ;
#6446 = VECTOR ( 'NONE', #4907, 1000.000000000000000 ) ;
#6447 = STYLED_ITEM ( 'NONE', ( #2648 ), #2278 ) ;
#6448 = VERTEX_POINT ( 'NONE', #2604 ) ;
#6449 = DIRECTION ( 'NONE',  ( 0.0000000000000000000, 0.0000000000000000000, 1.000000000000000000 ) ) ;
#6450 = PRESENTATION_STYLE_ASSIGNMENT (( #7150 ) ) ;
#6451 = STYLED_ITEM ( 'NONE', ( #4205 ), #694 ) ;
#6452 = ORIENTED_EDGE ( 'NONE', *, *, #5852, .T. ) ;
#6453 = DIRECTION ( 'NONE',  ( 1.000000000000000000, 0.0000000000000000000, 0.0000000000000000000 ) ) ;
#6454 = DIRECTION ( 'NONE',  ( 0.0000000000000000000, -1.000000000000000000, -3.219646771412953967E-15 ) ) ;
#6455 = VERTEX_POINT ( 'NONE', #5819 ) ;
#6456 = EDGE_LOOP ( 'NONE', ( #2636, #2427, #2011, #4850 ) ) ;
#6457 = CARTESIAN_POINT ( 'NONE',  ( 2.575000000000000178, 1.850000000000000089, -1.474999999999999867 ) ) ;
#6458 = EDGE_CURVE ( 'NONE', #754, #3452, #1709, .T. ) ;
#6459 = ORIENTED_EDGE ( 'NONE', *, *, #3001, .F. ) ;
#6460 = VERTEX_POINT ( 'NONE', #5839 ) ;
#6461 = EDGE_CURVE ( 'NONE', #5032, #8287, #5365, .T. ) ;
#6462 = ORIENTED_EDGE ( 'NONE', *, *, #279, .T. ) ;
#6463 = CARTESIAN_POINT ( 'NONE',  ( 3.225000000000000089, 0.0000000000000000000, 2.024999999999999911 ) ) ;
#6464 = ORIENTED_EDGE ( 'NONE', *, *, #6741, .F. ) ;
#6465 = ADVANCED_FACE ( 'NONE', ( #2224 ), #1939, .T. ) ;
#6466 = EDGE_CURVE ( 'NONE', #4627, #4665, #5672, .T. ) ;
#6467 = DIRECTION ( 'NONE',  ( 1.000000000000000000, 0.0000000000000000000, 0.0000000000000000000 ) ) ;
#6468 = COLOUR_RGB ( '',1.000000000000000000, 1.000000000000000000, 1.000000000000000000 ) ;
#6469 = PLANE ( 'NONE',  #1084 ) ;
#6470 = ORIENTED_EDGE ( 'NONE', *, *, #4723, .T. ) ;
#6471 = ORIENTED_EDGE ( 'NONE', *, *, #6880, .F. ) ;
#6472 = ORIENTED_EDGE ( 'NONE', *, *, #4994, .F. ) ;
#6473 = DIRECTION ( 'NONE',  ( 0.0000000000000000000, -0.0000000000000000000, -1.000000000000000000 ) ) ;
#6474 = DIRECTION ( 'NONE',  ( 1.000000000000000000, 0.0000000000000000000, 0.0000000000000000000 ) ) ;
#6475 = FACE_OUTER_BOUND ( 'NONE', #7513, .T. ) ;
#6476 = EDGE_CURVE ( 'NONE', #4126, #4370, #1600, .T. ) ;
#6477 = SURFACE_SIDE_STYLE ('',( #2362 ) ) ;
#6478 = LINE ( 'NONE', #5967, #3936 ) ;
#6479 = ORIENTED_EDGE ( 'NONE', *, *, #5055, .T. ) ;
#6480 = ORIENTED_EDGE ( 'NONE', *, *, #6629, .F. ) ;
#6481 = DIRECTION ( 'NONE',  ( 0.0000000000000000000, -1.000000000000000000, -3.252606517456512513E-15 ) ) ;
#6482 = ORIENTED_EDGE ( 'NONE', *, *, #7446, .F. ) ;
#6483 = DIRECTION ( 'NONE',  ( 0.0000000000000000000, 0.0000000000000000000, -1.000000000000000000 ) ) ;
#6484 = CARTESIAN_POINT ( 'NONE',  ( 4.475000000000000533, 1.000000000000000000, 0.0000000000000000000 ) ) ;
#6485 = VECTOR ( 'NONE', #5660, 1000.000000000000000 ) ;
#6486 = ORIENTED_EDGE ( 'NONE', *, *, #7216, .T. ) ;
#6487 = LINE ( 'NONE', #2797, #779 ) ;
#6488 = LINE ( 'NONE', #397, #6897 ) ;
#6489 = EDGE_LOOP ( 'NONE', ( #2293, #4147, #7284, #7061 ) ) ;
#6490 = CARTESIAN_POINT ( 'NONE',  ( 1.984999999999999876, 1.000000000000000000, -1.025000000000000133 ) ) ;
#6491 = ADVANCED_FACE ( 'NONE', ( #4970 ), #1907, .T. ) ;
#6492 = VERTEX_POINT ( 'NONE', #1991 ) ;
#6493 = ORIENTED_EDGE ( 'NONE', *, *, #3307, .F. ) ;
#6494 = ORIENTED_EDGE ( 'NONE', *, *, #1064, .F. ) ;
#6495 = VECTOR ( 'NONE', #4540, 1000.000000000000000 ) ;
#6496 = CARTESIAN_POINT ( 'NONE',  ( 6.125000000000000000, 3.750000000000000000, 0.02500000000000000139 ) ) ;
#6497 = VECTOR ( 'NONE', #5098, 1000.000000000000000 ) ;
#6498 = DIRECTION ( 'NONE',  ( 0.0000000000000000000, -1.000000000000000000, 0.0000000000000000000 ) ) ;
#6499 = CARTESIAN_POINT ( 'NONE',  ( -2.274999999999999911, 3.600000000000000977, -0.07499999999999998335 ) ) ;
#6500 = VECTOR ( 'NONE', #271, 1000.000000000000000 ) ;
#6501 = MECHANICAL_DESIGN_GEOMETRIC_PRESENTATION_REPRESENTATION (  '', ( #2476 ), #3884 ) ;
#6502 = ORIENTED_EDGE ( 'NONE', *, *, #1866, .F. ) ;
#6503 = EDGE_LOOP ( 'NONE', ( #3815, #915, #8417, #4573 ) ) ;
#6504 = VECTOR ( 'NONE', #5002, 1000.000000000000114 ) ;
#6505 = DIRECTION ( 'NONE',  ( -1.000000000000000000, 0.0000000000000000000, 0.0000000000000000000 ) ) ;
#6506 = ORIENTED_EDGE ( 'NONE', *, *, #7823, .F. ) ;
#6507 = DIRECTION ( 'NONE',  ( 0.0000000000000000000, 0.0000000000000000000, -1.000000000000000000 ) ) ;
#6508 = EDGE_CURVE ( 'NONE', #4829, #6792, #7531, .T. ) ;
#6509 = STYLED_ITEM ( 'NONE', ( #2959 ), #3066 ) ;
#6510 = EDGE_LOOP ( 'NONE', ( #3080, #5608, #4562, #7729, #5592, #7608, #3570 ) ) ;
#6511 = CLOSED_SHELL ( 'NONE', ( #6889, #6333, #8107, #3906, #5440, #90, #3698, #1417, #7316, #5697, #26, #3153, #4889, #1630, #5946, #2378, #996, #113, #845, #3744, #3105, #1352, #6553, #5369, #7231, #266, #4511, #7830, #2590, #2844, #5829, #2290, #6210, #6982, #439, #914, #5925, #5013, #4296, #2930, #4597, #1935, #2019, #694, #4382, #7873, #1595, #2038, #1722, #4053, #8268, #4388, #6295, #1513, #1319, #1244, #4122, #8305, #770, #713, #2244, #8224, #1977, #4023, #4760, #6536, #4631, #6811, #7894, #3569, #3968, #7274, #3275, #673, #1442, #7684, #5903, #4249, #5257, #2056, #7110, #3658, #3924, #5528, #799, #4006, #3985, #3609, #3066, #6761, #3292, #7153, #2981, #3411, #5736, #6936, #5010, #8022, #4580, #1274, #6132, #4506, #7363, #5178, #6514, #6465, #179, #3866, #5343, #5393, #481, #42, #821, #2757, #4738, #6631, #2180, #3739, #3888, #478, #6675, #3461, #7416, #400, #8447, #1675, #3327, #7502, #1554, #607, #6743, #4846, #5300, #5652, #4077, #2416, #1759, #5200 ) ) ;
#6512 = VECTOR ( 'NONE', #3279, 1000.000000000000000 ) ;
#6513 = SURFACE_SIDE_STYLE ('',( #1814 ) ) ;
#6514 = ADVANCED_FACE ( 'NONE', ( #7108 ), #7155, .F. ) ;
#6515 = EDGE_CURVE ( 'NONE', #1081, #3035, #7201, .T. ) ;
#6516 = DIRECTION ( 'NONE',  ( 0.0000000000000000000, 0.0000000000000000000, 1.000000000000000000 ) ) ;
#6517 = COLOUR_RGB ( '',1.000000000000000000, 0.8039215686274510109, 0.4980392156862745168 ) ;
#6518 = EDGE_CURVE ( 'NONE', #6654, #7096, #3246, .T. ) ;
#6519 = VECTOR ( 'NONE', #2255, 1000.000000000000000 ) ;
#6520 = DIRECTION ( 'NONE',  ( 0.0000000000000000000, 0.0000000000000000000, 1.000000000000000000 ) ) ;
#6521 = ORIENTED_EDGE ( 'NONE', *, *, #1799, .F. ) ;
#6522 = CARTESIAN_POINT ( 'NONE',  ( 6.625000000000000888, 1.000000000000000000, -1.525000000000000133 ) ) ;
#6523 = EDGE_CURVE ( 'NONE', #8135, #1606, #1499, .T. ) ;
#6524 = LINE ( 'NONE', #4390, #3875 ) ;
#6525 = CARTESIAN_POINT ( 'NONE',  ( -0.5250000000000000222, 1.000000000000000000, -1.525000000000000133 ) ) ;
#6526 = LINE ( 'NONE', #2229, #2465 ) ;
#6527 = ORIENTED_EDGE ( 'NONE', *, *, #6206, .F. ) ;
#6528 = VECTOR ( 'NONE', #4568, 1000.000000000000000 ) ;
#6529 = LINE ( 'NONE', #3856, #4803 ) ;
#6530 = DIRECTION ( 'NONE',  ( 0.0000000000000000000, 0.0000000000000000000, 1.000000000000000000 ) ) ;
#6531 = EDGE_CURVE ( 'NONE', #2441, #3294, #6090, .T. ) ;
#6532 = DIRECTION ( 'NONE',  ( 0.0000000000000000000, 1.000000000000000000, 0.0000000000000000000 ) ) ;
#6533 = SURFACE_STYLE_FILL_AREA ( #5111 ) ;
#6534 = CARTESIAN_POINT ( 'NONE',  ( 0.5250000000000000222, 1.350000000000000089, 1.525000000000000133 ) ) ;
#6535 = PLANE ( 'NONE',  #1908 ) ;
#6536 = ADVANCED_FACE ( 'NONE', ( #4565 ), #597, .T. ) ;
#6537 = VECTOR ( 'NONE', #1915, 1000.000000000000000 ) ;
#6538 = FACE_OUTER_BOUND ( 'NONE', #4057, .T. ) ;
#6539 = CARTESIAN_POINT ( 'NONE',  ( -2.024999999999999911, 2.250000000000000000, -1.925000000000000044 ) ) ;
#6540 = CARTESIAN_POINT ( 'NONE',  ( 4.625000000000000888, 3.750000000000000000, 2.024999999999999911 ) ) ;
#6541 = VECTOR ( 'NONE', #1010, 1000.000000000000000 ) ;
#6542 = DIRECTION ( 'NONE',  ( 0.0000000000000000000, 1.000000000000000000, 0.0000000000000000000 ) ) ;
#6543 = UNCERTAINTY_MEASURE_WITH_UNIT (LENGTH_MEASURE( 1.000000000000000082E-05 ), #7420, 'distance_accuracy_value', 'NONE');
#6544 = VECTOR ( 'NONE', #7556, 1000.000000000000000 ) ;
#6545 = DIRECTION ( 'NONE',  ( 1.000000000000000000, 0.0000000000000000000, 0.0000000000000000000 ) ) ;
#6546 = VERTEX_POINT ( 'NONE', #6555 ) ;
#6547 = CARTESIAN_POINT ( 'NONE',  ( -0.7249999999999999778, 0.3500000000000000333, -2.024999999999999911 ) ) ;
#6548 = ORIENTED_EDGE ( 'NONE', *, *, #2492, .T. ) ;
#6549 = VECTOR ( 'NONE', #3716, 1000.000000000000000 ) ;
#6550 = CARTESIAN_POINT ( 'NONE',  ( 0.7349999999999999867, 1.000000000000000000, -1.025000000000000133 ) ) ;
#6551 = AXIS2_PLACEMENT_3D ( 'NONE', #1586, #7524, #2351 ) ;
#6552 = CARTESIAN_POINT ( 'NONE',  ( 3.225000000000000089, 0.3499999999999999778, -2.075000000000000178 ) ) ;
#6553 = ADVANCED_FACE ( 'NONE', ( #1292 ), #566, .F. ) ;
#6554 = EDGE_LOOP ( 'NONE', ( #3521, #1602, #6905, #2117 ) ) ;
#6555 = CARTESIAN_POINT ( 'NONE',  ( -0.5250000000000000222, 1.000000000000000000, 1.525000000000000133 ) ) ;
#6556 = EDGE_CURVE ( 'NONE', #52, #3626, #1090, .T. ) ;
#6557 = DIRECTION ( 'NONE',  ( 0.0000000000000000000, -1.000000000000000000, 0.0000000000000000000 ) ) ;
#6558 = ORIENTED_EDGE ( 'NONE', *, *, #1069, .F. ) ;
#6559 = VERTEX_POINT ( 'NONE', #789 ) ;
#6560 = ORIENTED_EDGE ( 'NONE', *, *, #5363, .T. ) ;
#6561 = CARTESIAN_POINT ( 'NONE',  ( -1.875000000000000000, 3.750000000000000000, 0.02500000000000000139 ) ) ;
#6562 = CARTESIAN_POINT ( 'NONE',  ( 0.7249999999999999778, 0.0000000000000000000, -1.525000000000000133 ) ) ;
#6563 = VECTOR ( 'NONE', #4727, 1000.000000000000000 ) ;
#6564 = CARTESIAN_POINT ( 'NONE',  ( 3.225000000000000089, 0.3500000000000000333, -2.024999999999999911 ) ) ;
#6565 = VERTEX_POINT ( 'NONE', #2660 ) ;
#6566 = ORIENTED_EDGE ( 'NONE', *, *, #7725, .F. ) ;
#6567 = CARTESIAN_POINT ( 'NONE',  ( -1.175000000000000044, 2.550000000000000266, -1.474999999999999867 ) ) ;
#6568 = PLANE ( 'NONE',  #7304 ) ;
#6569 = VECTOR ( 'NONE', #6389, 1000.000000000000000 ) ;
#6570 = STYLED_ITEM ( 'NONE', ( #5588 ), #6 ) ;
#6571 = VERTEX_POINT ( 'NONE', #7091 ) ;
#6572 = ORIENTED_EDGE ( 'NONE', *, *, #5852, .F. ) ;
#6573 = ADVANCED_FACE ( 'NONE', ( #888 ), #4041, .T. ) ;
#6574 = EDGE_CURVE ( 'NONE', #679, #1185, #2625, .T. ) ;
#6575 = VERTEX_POINT ( 'NONE', #2073 ) ;
#6576 = ORIENTED_EDGE ( 'NONE', *, *, #6137, .T. ) ;
#6577 = DIRECTION ( 'NONE',  ( 0.0000000000000000000, 0.0000000000000000000, 1.000000000000000000 ) ) ;
#6579 = LINE ( 'NONE', #5331, #4748 ) ;
#6578 = PLANE ( 'NONE',  #6390 ) ;
#6580 = DIRECTION ( 'NONE',  ( 0.0000000000000000000, 4.003208021484939327E-15, -1.000000000000000000 ) ) ;
#6581 = SURFACE_STYLE_FILL_AREA ( #5720 ) ;
#6582 = ORIENTED_EDGE ( 'NONE', *, *, #6670, .T. ) ;
#6583 = CARTESIAN_POINT ( 'NONE',  ( -2.274999999999999911, 4.250000000000000000, -0.07499999999999998335 ) ) ;
#6584 = VERTEX_POINT ( 'NONE', #5344 ) ;
#6585 = CARTESIAN_POINT ( 'NONE',  ( 1.774999999999999911, 0.05000000000000002359, -1.775000000000000133 ) ) ;
#6586 = DIRECTION ( 'NONE',  ( 0.0000000000000000000, 0.0000000000000000000, -1.000000000000000000 ) ) ;
#6587 = ORIENTED_EDGE ( 'NONE', *, *, #5188, .F. ) ;
#6588 = EDGE_LOOP ( 'NONE', ( #4417, #1570, #2496, #4842 ) ) ;
#6589 = VERTEX_POINT ( 'NONE', #2710 ) ;
#6590 = FACE_OUTER_BOUND ( 'NONE', #5658, .T. ) ;
#6591 = EDGE_LOOP ( 'NONE', ( #643, #3805, #4001, #1308, #328, #1085 ) ) ;
#6592 = CARTESIAN_POINT ( 'NONE',  ( -2.475000000000000089, 3.600000000000000089, -1.425000000000000933 ) ) ;
#6593 = ADVANCED_FACE ( 'NONE', ( #677 ), #6633, .F. ) ;
#6594 = DIRECTION ( 'NONE',  ( -0.0000000000000000000, 1.000000000000000000, 0.0000000000000000000 ) ) ;
#6595 = CARTESIAN_POINT ( 'NONE',  ( 1.975000000000000089, 1.850000000000000089, 2.024999999999999911 ) ) ;
#6596 = ORIENTED_EDGE ( 'NONE', *, *, #3823, .F. ) ;
#6597 = VERTEX_POINT ( 'NONE', #5920 ) ;
#6598 = VERTEX_POINT ( 'NONE', #7318 ) ;
#6599 = LINE ( 'NONE', #4494, #1806 ) ;
#6600 = VERTEX_POINT ( 'NONE', #1450 ) ;
#6601 = CARTESIAN_POINT ( 'NONE',  ( -1.875000000000000000, 3.149999999999999911, 0.02500000000000000139 ) ) ;
#6602 = LINE ( 'NONE', #1322, #5379 ) ;
#6603 = EDGE_CURVE ( 'NONE', #4359, #3613, #6895, .T. ) ;
#6604 = ORIENTED_EDGE ( 'NONE', *, *, #2272, .F. ) ;
#6605 = VERTEX_POINT ( 'NONE', #3389 ) ;
#6606 = LINE ( 'NONE', #4169, #7022 ) ;
#6607 = DIRECTION ( 'NONE',  ( 1.000000000000000000, 0.0000000000000000000, 0.0000000000000000000 ) ) ;
#6608 = CARTESIAN_POINT ( 'NONE',  ( -0.5250000000000000222, 1.350000000000000089, 1.525000000000000133 ) ) ;
#6609 = DIRECTION ( 'NONE',  ( 0.0000000000000000000, 0.0000000000000000000, 1.000000000000000000 ) ) ;
#6610 = VERTEX_POINT ( 'NONE', #3312 ) ;
#6611 = DIRECTION ( 'NONE',  ( -1.000000000000000000, 0.0000000000000000000, 0.0000000000000000000 ) ) ;
#6612 = LINE ( 'NONE', #1862, #2356 ) ;
#6613 = AXIS2_PLACEMENT_3D ( 'NONE', #6204, #6859, #2975 ) ;
#6614 = VECTOR ( 'NONE', #288, 1000.000000000000000 ) ;
#6615 = CARTESIAN_POINT ( 'NONE',  ( 1.765000000000000124, 1.850000000000000089, -1.025000000000000133 ) ) ;
#6616 = VECTOR ( 'NONE', #3113, 1000.000000000000000 ) ;
#6617 = ORIENTED_EDGE ( 'NONE', *, *, #1958, .F. ) ;
#6618 = PRESENTATION_STYLE_ASSIGNMENT (( #4880 ) ) ;
#6619 = EDGE_CURVE ( 'NONE', #3656, #3340, #5871, .T. ) ;
#6620 = VECTOR ( 'NONE', #4049, 1000.000000000000000 ) ;
#6621 = CARTESIAN_POINT ( 'NONE',  ( -2.274999999999999911, 1.999999999999998668, -1.425000000000000933 ) ) ;
#6622 = EDGE_CURVE ( 'NONE', #4254, #1816, #2434, .T. ) ;
#6623 = DIRECTION ( 'NONE',  ( -1.000000000000000000, 0.0000000000000000000, -8.673617379884027583E-16 ) ) ;
#6624 = CARTESIAN_POINT ( 'NONE',  ( 3.225000000000000089, 1.000000000000000000, -1.525000000000000133 ) ) ;
#6625 = ORIENTED_EDGE ( 'NONE', *, *, #5207, .T. ) ;
#6626 = LINE ( 'NONE', #4808, #6122 ) ;
#6627 = DIRECTION ( 'NONE',  ( 0.0000000000000000000, -0.3162277660168379412, 0.9486832980505138790 ) ) ;
#6628 = SURFACE_STYLE_FILL_AREA ( #7365 ) ;
#6629 = EDGE_CURVE ( 'NONE', #4399, #4142, #3041, .T. ) ;
#6630 = CARTESIAN_POINT ( 'NONE',  ( 1.775000000000000133, 0.5000000000000000000, -1.525000000000000133 ) ) ;
#6631 = ADVANCED_FACE ( 'NONE', ( #8230 ), #3964, .T. ) ;
#6632 = LINE ( 'NONE', #5390, #4817 ) ;
#6633 = PLANE ( 'NONE',  #2466 ) ;
#6634 = EDGE_CURVE ( 'NONE', #2897, #671, #2535, .T. ) ;
#6635 = LINE ( 'NONE', #868, #315 ) ;
#6636 = SURFACE_SIDE_STYLE ('',( #2401 ) ) ;
#6637 = CARTESIAN_POINT ( 'NONE',  ( 6.025000000000001243, 2.000000000000000000, -2.024999999999999911 ) ) ;
#6638 = VECTOR ( 'NONE', #3270, 1000.000000000000000 ) ;
#6639 = CARTESIAN_POINT ( 'NONE',  ( 1.975000000000000089, 0.5000000000000000000, 0.0000000000000000000 ) ) ;
#6640 = DIRECTION ( 'NONE',  ( 0.0000000000000000000, -1.000000000000000000, 0.0000000000000000000 ) ) ;
#6641 = AXIS2_PLACEMENT_3D ( 'NONE', #6909, #1689, #7607 ) ;
#6642 = CARTESIAN_POINT ( 'NONE',  ( 0.5150000000000000133, 1.000000000000000000, -1.025000000000000133 ) ) ;
#6643 = CARTESIAN_POINT ( 'NONE',  ( 1.984999999999999876, 1.850000000000000089, -2.024999999999999911 ) ) ;
#6644 = DIRECTION ( 'NONE',  ( 1.000000000000000000, 0.0000000000000000000, 0.0000000000000000000 ) ) ;
#6645 = VERTEX_POINT ( 'NONE', #4081 ) ;
#6646 = VERTEX_POINT ( 'NONE', #1359 ) ;
#6647 = FACE_OUTER_BOUND ( 'NONE', #8362, .T. ) ;
#6648 = ORIENTED_EDGE ( 'NONE', *, *, #3693, .T. ) ;
#6649 = CARTESIAN_POINT ( 'NONE',  ( 0.7249999999999999778, 0.5547525681000000652, 2.024999999999999911 ) ) ;
#6650 = ADVANCED_FACE ( 'NONE', ( #1284 ), #6578, .T. ) ;
#6651 = DIRECTION ( 'NONE',  ( 0.0000000000000000000, -1.084202172485501673E-15, -1.000000000000000000 ) ) ;
#6652 = VECTOR ( 'NONE', #4072, 1000.000000000000000 ) ;
#6653 = DIRECTION ( 'NONE',  ( 0.0000000000000000000, 0.0000000000000000000, -1.000000000000000000 ) ) ;
#6654 = VERTEX_POINT ( 'NONE', #2046 ) ;
#6655 = ORIENTED_EDGE ( 'NONE', *, *, #2144, .T. ) ;
#6656 = ORIENTED_EDGE ( 'NONE', *, *, #4734, .T. ) ;
#6657 = MECHANICAL_DESIGN_GEOMETRIC_PRESENTATION_REPRESENTATION (  '', ( #2581 ), #7095 ) ;
#6658 = DIRECTION ( 'NONE',  ( -0.0000000000000000000, -0.0000000000000000000, 1.000000000000000000 ) ) ;
#6659 = ORIENTED_EDGE ( 'NONE', *, *, #5355, .T. ) ;
#6660 = EDGE_CURVE ( 'NONE', #2234, #1558, #7520, .T. ) ;
#6661 = COLOUR_RGB ( '',1.000000000000000000, 1.000000000000000000, 1.000000000000000000 ) ;
#6662 = ORIENTED_EDGE ( 'NONE', *, *, #1531, .F. ) ;
#6663 = ORIENTED_EDGE ( 'NONE', *, *, #5974, .F. ) ;
#6664 = PLANE ( 'NONE',  #7720 ) ;
#6665 = CARTESIAN_POINT ( 'NONE',  ( 6.625000000000000000, 1.000000000000000000, -1.525000000000000133 ) ) ;
#6666 = EDGE_CURVE ( 'NONE', #8225, #7948, #1387, .T. ) ;
#6667 = CARTESIAN_POINT ( 'NONE',  ( 4.485000000000001208, 1.000000000000000000, -1.025000000000000133 ) ) ;
#6668 = LINE ( 'NONE', #4995, #1267 ) ;
#6669 = ORIENTED_EDGE ( 'NONE', *, *, #5055, .F. ) ;
#6670 = EDGE_CURVE ( 'NONE', #1012, #5685, #7826, .T. ) ;
#6671 = CARTESIAN_POINT ( 'NONE',  ( 1.975000000000000089, 0.5547525681000000652, 2.024999999999999911 ) ) ;
#6672 = ORIENTED_EDGE ( 'NONE', *, *, #2680, .T. ) ;
#6673 = PLANE ( 'NONE',  #7362 ) ;
#6674 = ORIENTED_EDGE ( 'NONE', *, *, #5158, .F. ) ;
#6675 = ADVANCED_FACE ( 'NONE', ( #7625 ), #4731, .T. ) ;
#6676 = DIRECTION ( 'NONE',  ( 0.0000000000000000000, 1.000000000000000000, 0.0000000000000000000 ) ) ;
#6678 = VECTOR ( 'NONE', #6542, 1000.000000000000000 ) ;
#6677 = CARTESIAN_POINT ( 'NONE',  ( 6.025000000000001243, 4.240000000000000213, -1.925000000000000711 ) ) ;
#6679 = CARTESIAN_POINT ( 'NONE',  ( 4.264999999999999680, 1.649999999999999911, -1.025000000000000133 ) ) ;
#6680 = EDGE_CURVE ( 'NONE', #4126, #3714, #2102, .T. ) ;
#6681 = AXIS2_PLACEMENT_3D ( 'NONE', #111, #737, #2050 ) ;
#6682 = CARTESIAN_POINT ( 'NONE',  ( 4.474999999999999645, 0.0000000000000000000, -1.525000000000000133 ) ) ;
#6683 = VERTEX_POINT ( 'NONE', #2865 ) ;
#6684 = VERTEX_POINT ( 'NONE', #2828 ) ;
#6685 = PLANE ( 'NONE',  #4381 ) ;
#6686 = DIRECTION ( 'NONE',  ( -0.0000000000000000000, 1.000000000000000000, 0.0000000000000000000 ) ) ;
#6687 = ORIENTED_EDGE ( 'NONE', *, *, #2454, .F. ) ;
#6688 = EDGE_CURVE ( 'NONE', #2489, #6824, #7295, .T. ) ;
#6689 = VECTOR ( 'NONE', #6927, 1000.000000000000000 ) ;
#6690 = DIRECTION ( 'NONE',  ( 1.000000000000000000, 0.0000000000000000000, 0.0000000000000000000 ) ) ;
#6691 = DIRECTION ( 'NONE',  ( 0.0000000000000000000, 1.000000000000000000, 0.0000000000000000000 ) ) ;
#6692 = LINE ( 'NONE', #4843, #3149 ) ;
#6693 = ORIENTED_EDGE ( 'NONE', *, *, #1612, .F. ) ;
#6694 = ORIENTED_EDGE ( 'NONE', *, *, #5033, .F. ) ;
#6695 = ORIENTED_EDGE ( 'NONE', *, *, #6097, .F. ) ;
#6696 = LINE ( 'NONE', #8357, #580 ) ;
#6697 = PRESENTATION_STYLE_ASSIGNMENT (( #505 ) ) ;
#6698 = DIRECTION ( 'NONE',  ( 0.0000000000000000000, -1.000000000000000000, 0.0000000000000000000 ) ) ;
#6699 = ADVANCED_FACE ( 'NONE', ( #2821 ), #4108, .T. ) ;
#6700 = LINE ( 'NONE', #756, #4270 ) ;
#6701 = VERTEX_POINT ( 'NONE', #885 ) ;
#6702 = EDGE_LOOP ( 'NONE', ( #4251, #4641, #1357, #5290, #246, #531, #2532, #2853, #5941, #7109, #6502, #3641, #8327, #5759, #649, #4157, #8401, #3114, #8153, #1316, #1299, #4362, #5451, #4832, #8245, #5877, #6976, #2787, #6983, #2730, #7630, #3107 ) ) ;
#6703 = FACE_OUTER_BOUND ( 'NONE', #6554, .T. ) ;
#6704 = CARTESIAN_POINT ( 'NONE',  ( 2.075000000000000178, 1.649999999999999911, 2.024999999999999911 ) ) ;
#6705 = FILL_AREA_STYLE ('',( #7288 ) ) ;
#6706 = ORIENTED_EDGE ( 'NONE', *, *, #7412, .T. ) ;
#6707 = CARTESIAN_POINT ( 'NONE',  ( 3.024999999999999911, 1.850000000000000089, -2.024999999999999911 ) ) ;
#6708 = CARTESIAN_POINT ( 'NONE',  ( 0.0000000000000000000, 0.0000000000000000000, 0.0000000000000000000 ) ) ;
#6709 = CARTESIAN_POINT ( 'NONE',  ( 4.275000000000000355, 1.850000000000000089, -1.698606797699999893 ) ) ;
#6710 = VECTOR ( 'NONE', #3087, 1000.000000000000000 ) ;
#6711 = STYLED_ITEM ( 'NONE', ( #8085 ), #4662 ) ;
#6712 = EDGE_LOOP ( 'NONE', ( #4952, #5276, #4721, #7711 ) ) ;
#6713 = FACE_OUTER_BOUND ( 'NONE', #8058, .T. ) ;
#6714 = LINE ( 'NONE', #7244, #1726 ) ;
#6715 = AXIS2_PLACEMENT_3D ( 'NONE', #612, #6483, #7895 ) ;
#6716 =( LENGTH_UNIT ( ) NAMED_UNIT ( * ) SI_UNIT ( .MILLI., .METRE. ) );
#6717 = VECTOR ( 'NONE', #4244, 1000.000000000000000 ) ;
#6718 = ADVANCED_FACE ( 'NONE', ( #569 ), #2172, .T. ) ;
#6719 = EDGE_LOOP ( 'NONE', ( #5167, #1779, #482, #1973 ) ) ;
#6720 = VECTOR ( 'NONE', #794, 1000.000000000000000 ) ;
#6721 = CARTESIAN_POINT ( 'NONE',  ( 0.5150000000000000133, 1.850000000000000089, -2.024999999999999911 ) ) ;
#6722 = AXIS2_PLACEMENT_3D ( 'NONE', #4107, #7382, #3481 ) ;
#6723 = VECTOR ( 'NONE', #3992, 1000.000000000000000 ) ;
#6724 = CARTESIAN_POINT ( 'NONE',  ( 0.7349999999999999867, 1.000000000000000000, -1.025000000000000133 ) ) ;
#6725 = PLANE ( 'NONE',  #2790 ) ;
#6726 = VECTOR ( 'NONE', #396, 1000.000000000000000 ) ;
#6727 = VERTEX_POINT ( 'NONE', #4877 ) ;
#6728 = LINE ( 'NONE', #2297, #7458 ) ;
#6729 = LINE ( 'NONE', #3020, #6221 ) ;
#6730 = CARTESIAN_POINT ( 'NONE',  ( -2.875000000000000000, 0.6000000000000076383, -0.2249999999999982014 ) ) ;
#6731 = EDGE_CURVE ( 'NONE', #3513, #2652, #6487, .T. ) ;
#6732 = VECTOR ( 'NONE', #7521, 1000.000000000000000 ) ;
#6733 = CARTESIAN_POINT ( 'NONE',  ( 5.125000000000000888, 3.149999999999999911, 2.024999999999999911 ) ) ;
#6734 = DIRECTION ( 'NONE',  ( 0.0000000000000000000, -1.000000000000000000, -3.212450881438532635E-15 ) ) ;
#6735 = CARTESIAN_POINT ( 'NONE',  ( -2.024999999999999911, 4.250000000000000000, -2.024999999999999911 ) ) ;
#6736 = EDGE_CURVE ( 'NONE', #2458, #5472, #5986, .T. ) ;
#6737 = FACE_OUTER_BOUND ( 'NONE', #7501, .T. ) ;
#6738 = DIRECTION ( 'NONE',  ( -1.000000000000000000, 0.0000000000000000000, 0.0000000000000000000 ) ) ;
#6739 = CARTESIAN_POINT ( 'NONE',  ( 1.974999999999999867, 0.3499999999999999778, -2.075000000000000178 ) ) ;
#6740 = VECTOR ( 'NONE', #2507, 1000.000000000000000 ) ;
#6741 = EDGE_CURVE ( 'NONE', #3966, #1477, #8032, .T. ) ;
#6742 = DIRECTION ( 'NONE',  ( 0.0000000000000000000, 1.000000000000000000, 0.0000000000000000000 ) ) ;
#6743 = ADVANCED_FACE ( 'NONE', ( #6078 ), #6067, .F. ) ;
#6744 = CARTESIAN_POINT ( 'NONE',  ( 5.775000000000000355, 2.250000000000000000, -2.024999999999999911 ) ) ;
#6745 = CARTESIAN_POINT ( 'NONE',  ( 3.024999999999999911, 1.649999999999999911, 2.024999999999999911 ) ) ;
#6746 = PLANE ( 'NONE',  #4922 ) ;
#6747 = CARTESIAN_POINT ( 'NONE',  ( -2.875000000000000000, 0.6000000000000024203, 1.375000000000002442 ) ) ;
#6748 = DIRECTION ( 'NONE',  ( 1.000000000000000000, 0.0000000000000000000, 0.0000000000000000000 ) ) ;
#6749 = ORIENTED_EDGE ( 'NONE', *, *, #193, .F. ) ;
#6750 = ORIENTED_EDGE ( 'NONE', *, *, #5641, .F. ) ;
#6751 = FACE_OUTER_BOUND ( 'NONE', #6017, .T. ) ;
#6752 = DIRECTION ( 'NONE',  ( -1.000000000000000000, 0.0000000000000000000, 0.0000000000000000000 ) ) ;
#6753 = CARTESIAN_POINT ( 'NONE',  ( -2.475000000000000089, 3.599999999999999201, -0.07500000000000128786 ) ) ;
#6754 = ORIENTED_EDGE ( 'NONE', *, *, #7832, .F. ) ;
#6755 = ORIENTED_EDGE ( 'NONE', *, *, #4193, .T. ) ;
#6756 = ORIENTED_EDGE ( 'NONE', *, *, #1491, .T. ) ;
#6757 = VERTEX_POINT ( 'NONE', #8108 ) ;
#6758 = CARTESIAN_POINT ( 'NONE',  ( 0.07499999999999998335, 1.850000000000000089, 2.024999999999999911 ) ) ;
#6759 = CARTESIAN_POINT ( 'NONE',  ( -0.5150000000000000133, 1.649999999999999911, -1.474999999999999867 ) ) ;
#6760 = AXIS2_PLACEMENT_3D ( 'NONE', #656, #3935, #3882 ) ;
#6761 = ADVANCED_FACE ( 'NONE', ( #1189 ), #7351, .T. ) ;
#6762 = CARTESIAN_POINT ( 'NONE',  ( -2.500000000000000000, 4.240000000000000213, -2.024999999999999911 ) ) ;
#6763 = CARTESIAN_POINT ( 'NONE',  ( 0.7250000000000000888, -0.6500000000000000222, -2.075000000000000178 ) ) ;
#6764 = ORIENTED_EDGE ( 'NONE', *, *, #4331, .T. ) ;
#6765 = ORIENTED_EDGE ( 'NONE', *, *, #4900, .T. ) ;
#6766 = AXIS2_PLACEMENT_3D ( 'NONE', #74, #4643, #7256 ) ;
#6767 = ORIENTED_EDGE ( 'NONE', *, *, #8306, .T. ) ;
#6768 = ORIENTED_EDGE ( 'NONE', *, *, #4561, .F. ) ;
#6769 = EDGE_CURVE ( 'NONE', #2207, #7133, #767, .T. ) ;
#6770 = CARTESIAN_POINT ( 'NONE',  ( -0.7249999999999999778, 0.0000000000000000000, 2.024999999999999911 ) ) ;
#6771 =( NAMED_UNIT ( * ) SI_UNIT ( $, .STERADIAN. ) SOLID_ANGLE_UNIT ( ) );
#6772 = LINE ( 'NONE', #5730, #4342 ) ;
#6773 = CARTESIAN_POINT ( 'NONE',  ( 4.475000000000000533, 0.0000000000000000000, -1.525000000000000133 ) ) ;
#6774 = CARTESIAN_POINT ( 'NONE',  ( 3.234999999999999876, 1.000000000000000000, -1.025000000000000133 ) ) ;
#6775 = ORIENTED_EDGE ( 'NONE', *, *, #6523, .F. ) ;
#6776 = ORIENTED_EDGE ( 'NONE', *, *, #5469, .F. ) ;
#6777 = DIRECTION ( 'NONE',  ( 1.000000000000000000, 0.0000000000000000000, 0.0000000000000000000 ) ) ;
#6778 = EDGE_CURVE ( 'NONE', #7168, #3748, #2721, .T. ) ;
#6779 =( NAMED_UNIT ( * ) SI_UNIT ( $, .STERADIAN. ) SOLID_ANGLE_UNIT ( ) );
#6780 = CARTESIAN_POINT ( 'NONE',  ( -2.500000000000000000, 4.240000000000000213, -0.07499999999999998335 ) ) ;
#6781 = CARTESIAN_POINT ( 'NONE',  ( -0.7249999999999999778, 1.850000000000000089, 2.024999999999999911 ) ) ;
#6782 = ORIENTED_EDGE ( 'NONE', *, *, #4728, .F. ) ;
#6783 = VERTEX_POINT ( 'NONE', #6103 ) ;
#6784 = EDGE_CURVE ( 'NONE', #3961, #5212, #5775, .T. ) ;
#6785 = LINE ( 'NONE', #2933, #7286 ) ;
#6786 = LINE ( 'NONE', #551, #3640 ) ;
#6787 = EDGE_CURVE ( 'NONE', #3340, #2310, #7932, .T. ) ;
#6788 = VERTEX_POINT ( 'NONE', #200 ) ;
#6789 = CARTESIAN_POINT ( 'NONE',  ( 5.625000000000000888, 3.750000000000000000, 2.025999999999999801 ) ) ;
#6790 = DIRECTION ( 'NONE',  ( -1.000000000000000000, 0.0000000000000000000, 0.0000000000000000000 ) ) ;
#6791 = ORIENTED_EDGE ( 'NONE', *, *, #412, .T. ) ;
#6792 = VERTEX_POINT ( 'NONE', #2262 ) ;
#6793 = ORIENTED_EDGE ( 'NONE', *, *, #6836, .T. ) ;
#6794 =( NAMED_UNIT ( * ) SI_UNIT ( $, .STERADIAN. ) SOLID_ANGLE_UNIT ( ) );
#6795 = EDGE_CURVE ( 'NONE', #4172, #2101, #6185, .T. ) ;
#6796 = EDGE_LOOP ( 'NONE', ( #3425, #3218, #1857, #644 ) ) ;
#6797 = LINE ( 'NONE', #2474, #380 ) ;
#6798 = PLANE ( 'NONE',  #2075 ) ;
#6799 = PLANE ( 'NONE',  #428 ) ;
#6800 = LINE ( 'NONE', #3741, #1601 ) ;
#6801 = SURFACE_STYLE_USAGE ( .BOTH. , #2939 ) ;
#6802 = CARTESIAN_POINT ( 'NONE',  ( 4.174999999999999822, 1.649999999999999911, -1.698606797699999893 ) ) ;
#6803 = EDGE_CURVE ( 'NONE', #6824, #124, #163, .T. ) ;
#6804 = PLANE ( 'NONE',  #990 ) ;
#6805 = ORIENTED_EDGE ( 'NONE', *, *, #4564, .F. ) ;
#6806 = DIRECTION ( 'NONE',  ( 0.0000000000000000000, 1.000000000000000000, 0.0000000000000000000 ) ) ;
#6808 = VERTEX_POINT ( 'NONE', #453 ) ;
#6807 = PLANE ( 'NONE',  #1810 ) ;
#6809 = VERTEX_POINT ( 'NONE', #5560 ) ;
#6810 = LINE ( 'NONE', #467, #7434 ) ;
#6811 = ADVANCED_FACE ( 'NONE', ( #6590 ), #4286, .F. ) ;
#6812 = DIRECTION ( 'NONE',  ( -1.000000000000000000, 0.0000000000000000000, 0.0000000000000000000 ) ) ;
#6813 = UNCERTAINTY_MEASURE_WITH_UNIT (LENGTH_MEASURE( 1.000000000000000082E-05 ), #6427, 'distance_accuracy_value', 'NONE');
#6814 = CARTESIAN_POINT ( 'NONE',  ( 5.125000000000000888, 3.750000000000000000, 2.024999999999999911 ) ) ;
#6815 = ORIENTED_EDGE ( 'NONE', *, *, #5857, .F. ) ;
#6816 = VERTEX_POINT ( 'NONE', #3037 ) ;
#6817 = FACE_OUTER_BOUND ( 'NONE', #3245, .T. ) ;
#6818 = AXIS2_PLACEMENT_3D ( 'NONE', #2143, #7991, #43 ) ;
#6819 = CARTESIAN_POINT ( 'NONE',  ( 2.875000000000000000, 1.000000000000000000, -2.024999999999999911 ) ) ;
#6820 = LINE ( 'NONE', #2384, #7855 ) ;
#6821 = DIRECTION ( 'NONE',  ( 0.0000000000000000000, 0.0000000000000000000, -1.000000000000000000 ) ) ;
#6822 = CARTESIAN_POINT ( 'NONE',  ( 6.025000000000001243, 4.249999999999998224, -2.075000000000001510 ) ) ;
#6823 = VECTOR ( 'NONE', #7003, 1000.000000000000000 ) ;
#6824 = VERTEX_POINT ( 'NONE', #5011 ) ;
#6825 = CARTESIAN_POINT ( 'NONE',  ( 3.225000000000000089, 0.3499999999999999778, -2.075000000000000178 ) ) ;
#6826 = VECTOR ( 'NONE', #2052, 1000.000000000000000 ) ;
#6827 = FILL_AREA_STYLE_COLOUR ( '', #3482 ) ;
#6828 = STYLED_ITEM ( 'NONE', ( #8432 ), #6761 ) ;
#6829 = AXIS2_PLACEMENT_3D ( 'NONE', #660, #3214, #7132 ) ;
#6830 = CARTESIAN_POINT ( 'NONE',  ( 1.774999999999999911, -0.6500000000000000222, -2.075000000000000178 ) ) ;
#6831 = SURFACE_STYLE_FILL_AREA ( #4394 ) ;
#6832 = ORIENTED_EDGE ( 'NONE', *, *, #1129, .T. ) ;
#6833 = DIRECTION ( 'NONE',  ( -0.0000000000000000000, 1.000000000000000000, 0.0000000000000000000 ) ) ;
#6834 = VECTOR ( 'NONE', #1449, 1000.000000000000000 ) ;
#6835 = VECTOR ( 'NONE', #4386, 1000.000000000000000 ) ;
#6836 = EDGE_CURVE ( 'NONE', #5644, #1768, #979, .T. ) ;
#6837 = CARTESIAN_POINT ( 'NONE',  ( 1.974999999999999867, 0.05000000000000002359, -1.524999999999999689 ) ) ;
#6838 = CARTESIAN_POINT ( 'NONE',  ( -0.5250000000000000222, 0.0000000000000000000, -1.525000000000000133 ) ) ;
#6839 = VECTOR ( 'NONE', #980, 1000.000000000000000 ) ;
#6840 = VERTEX_POINT ( 'NONE', #366 ) ;
#6841 = LINE ( 'NONE', #1346, #1742 ) ;
#6842 = DIRECTION ( 'NONE',  ( 0.0000000000000000000, 2.148487149506091871E-16, 1.000000000000000000 ) ) ;
#6843 = LINE ( 'NONE', #2583, #2569 ) ;
#6844 = EDGE_CURVE ( 'NONE', #4732, #259, #1488, .T. ) ;
#6845 = SURFACE_STYLE_FILL_AREA ( #2247 ) ;
#6846 = DIRECTION ( 'NONE',  ( -1.000000000000000000, 0.0000000000000000000, 0.0000000000000000000 ) ) ;
#6847 = EDGE_CURVE ( 'NONE', #8303, #5635, #581, .T. ) ;
#6848 = LINE ( 'NONE', #951, #5110 ) ;
#6849 = DIRECTION ( 'NONE',  ( 1.000000000000000000, 0.0000000000000000000, 0.0000000000000000000 ) ) ;
#6850 = LINE ( 'NONE', #3786, #7575 ) ;
#6851 = EDGE_CURVE ( 'NONE', #6684, #6193, #2004, .T. ) ;
#6852 = DIRECTION ( 'NONE',  ( 0.0000000000000000000, -0.6650335612228979176, -0.7468134723257140450 ) ) ;
#6853 = CARTESIAN_POINT ( 'NONE',  ( 1.975000000000000089, 1.850000000000000089, -2.024999999999999911 ) ) ;
#6854 = ADVANCED_FACE ( 'NONE', ( #3052 ), #5664, .T. ) ;
#6855 = VECTOR ( 'NONE', #2080, 1000.000000000000000 ) ;
#6856 = EDGE_CURVE ( 'NONE', #3203, #499, #5475, .T. ) ;
#6857 = PRESENTATION_STYLE_ASSIGNMENT (( #5430 ) ) ;
#6858 = SURFACE_STYLE_USAGE ( .BOTH. , #298 ) ;
#6859 = DIRECTION ( 'NONE',  ( 0.0000000000000000000, -1.000000000000000000, 0.0000000000000000000 ) ) ;
#6860 = ORIENTED_EDGE ( 'NONE', *, *, #4160, .F. ) ;
#6861 = DIRECTION ( 'NONE',  ( 0.0000000000000000000, -1.000000000000000000, 0.0000000000000000000 ) ) ;
#6862 = ORIENTED_EDGE ( 'NONE', *, *, #7057, .F. ) ;
#6863 = FACE_OUTER_BOUND ( 'NONE', #483, .T. ) ;
#6864 = PLANE ( 'NONE',  #5943 ) ;
#6865 = EDGE_LOOP ( 'NONE', ( #2070, #7530, #7960, #7332 ) ) ;
#6866 = CARTESIAN_POINT ( 'NONE',  ( 4.474999999999999645, -0.6500000000000000222, -1.775000000000000133 ) ) ;
#6867 = VERTEX_POINT ( 'NONE', #4987 ) ;
#6868 = EDGE_LOOP ( 'NONE', ( #2619, #806, #1049, #8211 ) ) ;
#6869 = ORIENTED_EDGE ( 'NONE', *, *, #5469, .T. ) ;
#6870 = CARTESIAN_POINT ( 'NONE',  ( 4.474999999999999645, 0.0000000000000000000, -2.024999999999999911 ) ) ;
#6871 = DIRECTION ( 'NONE',  ( -1.000000000000000000, 0.0000000000000000000, 0.0000000000000000000 ) ) ;
#6872 = VECTOR ( 'NONE', #7287, 1000.000000000000000 ) ;
#6873 = ORIENTED_EDGE ( 'NONE', *, *, #3619, .T. ) ;
#6874 = VERTEX_POINT ( 'NONE', #1760 ) ;
#6875 = MECHANICAL_DESIGN_GEOMETRIC_PRESENTATION_REPRESENTATION (  '', ( #3381 ), #6120 ) ;
#6876 = DIRECTION ( 'NONE',  ( 0.0000000000000000000, 4.003208021484939327E-15, -1.000000000000000000 ) ) ;
#6877 = VECTOR ( 'NONE', #3608, 1000.000000000000000 ) ;
#6878 = AXIS2_PLACEMENT_3D ( 'NONE', #6496, #7822, #17 ) ;
#6879 = CARTESIAN_POINT ( 'NONE',  ( 6.125000000000000000, 3.149999999999999911, 2.024999999999999911 ) ) ;
#6880 = EDGE_CURVE ( 'NONE', #5936, #5342, #2115, .T. ) ;
#6881 = CARTESIAN_POINT ( 'NONE',  ( 6.025000000000001243, 4.239999999999999325, -1.925000000000000711 ) ) ;
#6882 = ORIENTED_EDGE ( 'NONE', *, *, #2755, .F. ) ;
#6883 = EDGE_LOOP ( 'NONE', ( #3044, #6202, #1144, #2069 ) ) ;
#6884 = DIRECTION ( 'NONE',  ( 0.0000000000000000000, 0.0000000000000000000, 1.000000000000000000 ) ) ;
#6885 = CARTESIAN_POINT ( 'NONE',  ( 3.024999999999999911, 0.5000000000000000000, 0.0000000000000000000 ) ) ;
#6886 = LINE ( 'NONE', #1843, #4450 ) ;
#6887 = CARTESIAN_POINT ( 'NONE',  ( -0.8750000000000000000, 3.750000000000000000, 2.024999999999999911 ) ) ;
#6888 = COLOUR_RGB ( '',1.000000000000000000, 1.000000000000000000, 1.000000000000000000 ) ;
#6889 = ADVANCED_FACE ( 'NONE', ( #4973 ), #4904, .F. ) ;
#6890 = ORIENTED_EDGE ( 'NONE', *, *, #7044, .F. ) ;
#6891 = ORIENTED_EDGE ( 'NONE', *, *, #2885, .T. ) ;
#6892 = CARTESIAN_POINT ( 'NONE',  ( -2.274999999999999911, 0.6000000000000024203, 1.375000000000002442 ) ) ;
#6893 = MECHANICAL_DESIGN_GEOMETRIC_PRESENTATION_REPRESENTATION (  '', ( #6451 ), #610 ) ;
#6894 = VERTEX_POINT ( 'NONE', #2949 ) ;
#6895 = LINE ( 'NONE', #7285, #5578 ) ;
#6896 = CARTESIAN_POINT ( 'NONE',  ( 1.250000000000000000, 0.0000000000000000000, -1.025000000000000133 ) ) ;
#6897 = VECTOR ( 'NONE', #5526, 1000.000000000000000 ) ;
#6898 = ORIENTED_EDGE ( 'NONE', *, *, #237, .F. ) ;
#6899 = CARTESIAN_POINT ( 'NONE',  ( -2.274999999999999911, 2.000000000000000000, -1.425000000000000044 ) ) ;
#6900 = EDGE_CURVE ( 'NONE', #6408, #8038, #2226, .T. ) ;
#6901 = ORIENTED_EDGE ( 'NONE', *, *, #5307, .F. ) ;
#6902 = DIRECTION ( 'NONE',  ( -1.000000000000000000, 0.0000000000000000000, 0.0000000000000000000 ) ) ;
#6903 = ORIENTED_EDGE ( 'NONE', *, *, #5047, .F. ) ;
#6904 = ORIENTED_EDGE ( 'NONE', *, *, #1171, .F. ) ;
#6905 = ORIENTED_EDGE ( 'NONE', *, *, #8275, .T. ) ;
#6906 = EDGE_CURVE ( 'NONE', #1399, #7627, #6093, .T. ) ;
#6907 = VECTOR ( 'NONE', #4512, 1000.000000000000000 ) ;
#6908 = CARTESIAN_POINT ( 'NONE',  ( 2.075000000000000178, 1.649999999999999911, 2.024999999999999911 ) ) ;
#6909 = CARTESIAN_POINT ( 'NONE',  ( 0.7250000000000000888, 1.850000000000000089, -1.698606797699999893 ) ) ;
#6910 = LINE ( 'NONE', #3151, #7425 ) ;
#6911 = ORIENTED_EDGE ( 'NONE', *, *, #6305, .F. ) ;
#6912 = CARTESIAN_POINT ( 'NONE',  ( -0.5250000000000000222, 1.350000000000000089, -1.525000000000000133 ) ) ;
#6913 = EDGE_CURVE ( 'NONE', #6448, #7804, #6296, .T. ) ;
#6914 = UNCERTAINTY_MEASURE_WITH_UNIT (LENGTH_MEASURE( 1.000000000000000082E-05 ), #4982, 'distance_accuracy_value', 'NONE');
#6915 = VECTOR ( 'NONE', #7803, 1000.000000000000000 ) ;
#6916 = ORIENTED_EDGE ( 'NONE', *, *, #5649, .F. ) ;
#6917 = VECTOR ( 'NONE', #7959, 1000.000000000000000 ) ;
#6918 = CARTESIAN_POINT ( 'NONE',  ( 0.7249999999999999778, 0.0000000000000000000, -1.525000000000000133 ) ) ;
#6919 = ORIENTED_EDGE ( 'NONE', *, *, #6127, .T. ) ;
#6920 = PLANE ( 'NONE',  #3990 ) ;
#6921 = EDGE_CURVE ( 'NONE', #2445, #3750, #7637, .T. ) ;
#6922 = SURFACE_SIDE_STYLE ('',( #877 ) ) ;
#6923 = LINE ( 'NONE', #803, #5173 ) ;
#6924 = ORIENTED_EDGE ( 'NONE', *, *, #5812, .T. ) ;
#6925 = ORIENTED_EDGE ( 'NONE', *, *, #5752, .T. ) ;
#6926 = LINE ( 'NONE', #1650, #6003 ) ;
#6927 = DIRECTION ( 'NONE',  ( -1.000000000000000000, 0.0000000000000000000, 0.0000000000000000000 ) ) ;
#6928 = VECTOR ( 'NONE', #3318, 1000.000000000000000 ) ;
#6929 = PLANE ( 'NONE',  #3234 ) ;
#6930 = LINE ( 'NONE', #3003, #7131 ) ;
#6931 = AXIS2_PLACEMENT_3D ( 'NONE', #7543, #4945, #6280 ) ;
#6932 = ORIENTED_EDGE ( 'NONE', *, *, #7678, .T. ) ;
#6933 = ORIENTED_EDGE ( 'NONE', *, *, #6736, .T. ) ;
#6934 = LINE ( 'NONE', #8392, #4695 ) ;
#6935 = DIRECTION ( 'NONE',  ( 0.0000000000000000000, -1.000000000000000000, 0.0000000000000000000 ) ) ;
#6936 = ADVANCED_FACE ( 'NONE', ( #1293 ), #8214, .F. ) ;
#6937 = EDGE_CURVE ( 'NONE', #5342, #3467, #1502, .T. ) ;
#6938 = LINE ( 'NONE', #7400, #4298 ) ;
#6939 = SURFACE_STYLE_USAGE ( .BOTH. , #5545 ) ;
#6940 = VECTOR ( 'NONE', #5955, 1000.000000000000000 ) ;
#6941 = LINE ( 'NONE', #3053, #2659 ) ;
#6942 = CARTESIAN_POINT ( 'NONE',  ( -2.875000000000000000, 2.000000000000000000, -1.425000000000000044 ) ) ;
#6943 = CARTESIAN_POINT ( 'NONE',  ( 3.225000000000000089, 1.850000000000000089, -1.025000000000000133 ) ) ;
#6944 = VECTOR ( 'NONE', #7047, 1000.000000000000000 ) ;
#6945 = CARTESIAN_POINT ( 'NONE',  ( 6.025000000000001243, 3.600000000000000977, -0.07499999999999998335 ) ) ;
#6946 = DIRECTION ( 'NONE',  ( 0.0000000000000000000, 0.0000000000000000000, 1.000000000000000000 ) ) ;
#6947 = VECTOR ( 'NONE', #8427, 1000.000000000000000 ) ;
#6948 = STYLED_ITEM ( 'NONE', ( #567 ), #69 ) ;
#6949 = VECTOR ( 'NONE', #720, 1000.000000000000114 ) ;
#6950 = CARTESIAN_POINT ( 'NONE',  ( -2.274999999999999911, 1.949999999999999512, 2.025000000000007017 ) ) ;
#6951 = PLANE ( 'NONE',  #3289 ) ;
#6952 = DIRECTION ( 'NONE',  ( 0.0000000000000000000, 0.0000000000000000000, 1.000000000000000000 ) ) ;
#6953 = EDGE_CURVE ( 'NONE', #3748, #3654, #5255, .T. ) ;
#6954 = FACE_OUTER_BOUND ( 'NONE', #409, .T. ) ;
#6955 = EDGE_CURVE ( 'NONE', #5261, #7377, #4162, .T. ) ;
#6956 = PLANE ( 'NONE',  #8359 ) ;
#6957 = EDGE_LOOP ( 'NONE', ( #7406, #2807, #3328, #3844, #1794, #5064, #686, #49, #529, #5866, #5935, #2517, #6494, #3603, #3299, #3026 ) ) ;
#6958 = EDGE_LOOP ( 'NONE', ( #4225, #2512, #4984, #5887 ) ) ;
#6959 = EDGE_CURVE ( 'NONE', #7831, #1082, #5368, .T. ) ;
#6960 = DIRECTION ( 'NONE',  ( 0.0000000000000000000, 1.000000000000000000, -1.084202172485501673E-15 ) ) ;
#6961 = LINE ( 'NONE', #2999, #5215 ) ;
#6962 = CARTESIAN_POINT ( 'NONE',  ( -1.875000000000000000, 3.750000000000000000, 0.02500000000000000139 ) ) ;
#6963 = ORIENTED_EDGE ( 'NONE', *, *, #2592, .F. ) ;
#6964 = ORIENTED_EDGE ( 'NONE', *, *, #6778, .T. ) ;
#6965 = DIRECTION ( 'NONE',  ( 0.0000000000000000000, -1.000000000000000000, -2.552445434498790050E-15 ) ) ;
#6966 = EDGE_CURVE ( 'NONE', #1567, #6757, #1800, .T. ) ;
#6967 = EDGE_LOOP ( 'NONE', ( #7322, #3165, #1340, #8112 ) ) ;
#6968 = VERTEX_POINT ( 'NONE', #3839 ) ;
#6969 = DIRECTION ( 'NONE',  ( 0.0000000000000000000, 1.084202172485501673E-15, 1.000000000000000000 ) ) ;
#6970 = ORIENTED_EDGE ( 'NONE', *, *, #6531, .T. ) ;
#6971 = CARTESIAN_POINT ( 'NONE',  ( -1.175000000000000044, 1.850000000000000089, 2.024999999999999911 ) ) ;
#6972 = PLANE ( 'NONE',  #4442 ) ;
#6973 = VERTEX_POINT ( 'NONE', #5722 ) ;
#6974 = VECTOR ( 'NONE', #5336, 1000.000000000000000 ) ;
#6975 = CARTESIAN_POINT ( 'NONE',  ( 4.275000000000000355, 1.315130797599999957, 1.171117220399999770 ) ) ;
#6976 = ORIENTED_EDGE ( 'NONE', *, *, #4932, .F. ) ;
#6977 = CARTESIAN_POINT ( 'NONE',  ( 4.485000000000001208, 1.850000000000000089, -2.024999999999999911 ) ) ;
#6978 = ORIENTED_EDGE ( 'NONE', *, *, #4818, .F. ) ;
#6979 = ADVANCED_FACE ( 'NONE', ( #3547 ), #6378, .F. ) ;
#6980 = CARTESIAN_POINT ( 'NONE',  ( -2.475000000000000089, 3.599999999999999201, -0.07500000000000128786 ) ) ;
#6981 = VECTOR ( 'NONE', #2390, 1000.000000000000000 ) ;
#6982 = ADVANCED_FACE ( 'NONE', ( #5066 ), #8402, .F. ) ;
#6983 = ORIENTED_EDGE ( 'NONE', *, *, #5855, .F. ) ;
#6984 = CARTESIAN_POINT ( 'NONE',  ( 3.225000000000000089, -0.6500000000000000222, -2.075000000000000178 ) ) ;
#6985 = VERTEX_POINT ( 'NONE', #1875 ) ;
#6986 = DIRECTION ( 'NONE',  ( 1.000000000000000000, 0.0000000000000000000, 0.0000000000000000000 ) ) ;
#6987 = LINE ( 'NONE', #4629, #7821 ) ;
#6988 = ORIENTED_EDGE ( 'NONE', *, *, #5641, .T. ) ;
#6989 = ORIENTED_EDGE ( 'NONE', *, *, #8438, .T. ) ;
#6990 = ORIENTED_EDGE ( 'NONE', *, *, #418, .F. ) ;
#6991 = CARTESIAN_POINT ( 'NONE',  ( 2.075000000000000178, 1.850000000000000089, 2.024999999999999911 ) ) ;
#6992 = FACE_OUTER_BOUND ( 'NONE', #6957, .T. ) ;
#6993 = EDGE_CURVE ( 'NONE', #4384, #2854, #2627, .T. ) ;
#6994 = MECHANICAL_DESIGN_GEOMETRIC_PRESENTATION_REPRESENTATION (  '', ( #1313 ), #5523 ) ;
#6995 = ORIENTED_EDGE ( 'NONE', *, *, #3823, .T. ) ;
#6996 = DIRECTION ( 'NONE',  ( 0.0000000000000000000, -1.000000000000000000, 0.0000000000000000000 ) ) ;
#6997 = DIRECTION ( 'NONE',  ( 0.0000000000000000000, 0.0000000000000000000, -1.000000000000000000 ) ) ;
#6998 = VECTOR ( 'NONE', #5038, 1000.000000000000000 ) ;
#6999 = ORIENTED_EDGE ( 'NONE', *, *, #193, .T. ) ;
#7000 = ORIENTED_EDGE ( 'NONE', *, *, #6993, .T. ) ;
#7001 = DIRECTION ( 'NONE',  ( 0.0000000000000000000, -0.8660254037883289291, -0.4999999999932619454 ) ) ;
#7002 = ORIENTED_EDGE ( 'NONE', *, *, #5802, .T. ) ;
#7003 = DIRECTION ( 'NONE',  ( 0.0000000000000000000, 0.0000000000000000000, 1.000000000000000000 ) ) ;
#7004 = VERTEX_POINT ( 'NONE', #3119 ) ;
#7005 = PLANE ( 'NONE',  #5632 ) ;
#7006 =( NAMED_UNIT ( * ) SI_UNIT ( $, .STERADIAN. ) SOLID_ANGLE_UNIT ( ) );
#7007 = VERTEX_POINT ( 'NONE', #1899 ) ;
#7008 = LINE ( 'NONE', #1087, #3846 ) ;
#7009 = ORIENTED_EDGE ( 'NONE', *, *, #1765, .F. ) ;
#7010 =( LENGTH_UNIT ( ) NAMED_UNIT ( * ) SI_UNIT ( .MILLI., .METRE. ) );
#7011 = EDGE_CURVE ( 'NONE', #1768, #3203, #1906, .T. ) ;
#7012 = ORIENTED_EDGE ( 'NONE', *, *, #2655, .F. ) ;
#7013 = ORIENTED_EDGE ( 'NONE', *, *, #4611, .F. ) ;
#7014 = VECTOR ( 'NONE', #8257, 1000.000000000000000 ) ;
#7015 = DIRECTION ( 'NONE',  ( 0.0000000000000000000, -1.084202172485501673E-15, -1.000000000000000000 ) ) ;
#7016 = FILL_AREA_STYLE ('',( #7661 ) ) ;
#7017 = CARTESIAN_POINT ( 'NONE',  ( 1.675000000000000044, 1.649999999999999911, 2.024999999999999911 ) ) ;
#7018 = EDGE_CURVE ( 'NONE', #123, #8012, #6800, .T. ) ;
#7019 = CARTESIAN_POINT ( 'NONE',  ( 5.125000000000000888, 3.149999999999999911, -2.024999999999999911 ) ) ;
#7020 = COLOUR_RGB ( '',1.000000000000000000, 1.000000000000000000, 1.000000000000000000 ) ;
#7021 = ORIENTED_EDGE ( 'NONE', *, *, #4065, .T. ) ;
#7022 = VECTOR ( 'NONE', #7311, 1000.000000000000000 ) ;
#7023 = CARTESIAN_POINT ( 'NONE',  ( 1.984999999999999876, 1.000000000000000000, -1.025000000000000133 ) ) ;
#7024 = CARTESIAN_POINT ( 'NONE',  ( 4.264999999999999680, 1.850000000000000089, -2.024999999999999911 ) ) ;
#7025 = LINE ( 'NONE', #6885, #5701 ) ;
#7026 = ORIENTED_EDGE ( 'NONE', *, *, #4921, .F. ) ;
#7027 = COLOUR_RGB ( '',1.000000000000000000, 1.000000000000000000, 1.000000000000000000 ) ;
#7028 = DIRECTION ( 'NONE',  ( 0.0000000000000000000, 2.997602166487923448E-15, -1.000000000000000000 ) ) ;
#7029 = CARTESIAN_POINT ( 'NONE',  ( 4.475000000000000533, 0.3500000000000000333, -2.024999999999999911 ) ) ;
#7030 = DIRECTION ( 'NONE',  ( 0.0000000000000000000, -1.000000000000000000, 0.0000000000000000000 ) ) ;
#7031 = DIRECTION ( 'NONE',  ( 0.0000000000000000000, -1.000000000000000000, 0.0000000000000000000 ) ) ;
#7032 = VECTOR ( 'NONE', #6405, 1000.000000000000000 ) ;
#7033 = ORIENTED_EDGE ( 'NONE', *, *, #7693, .T. ) ;
#7034 = LINE ( 'NONE', #5350, #5905 ) ;
#7035 = VECTOR ( 'NONE', #2391, 1000.000000000000000 ) ;
#7036 = VECTOR ( 'NONE', #7471, 1000.000000000000000 ) ;
#7037 = FACE_OUTER_BOUND ( 'NONE', #4830, .T. ) ;
#7038 = ORIENTED_EDGE ( 'NONE', *, *, #13, .T. ) ;
#7039 = LINE ( 'NONE', #3779, #1936 ) ;
#7040 = ORIENTED_EDGE ( 'NONE', *, *, #2035, .F. ) ;
#7041 = CARTESIAN_POINT ( 'NONE',  ( 1.974999999999999867, 0.3500000000000000333, -2.024999999999999911 ) ) ;
#7042 = AXIS2_PLACEMENT_3D ( 'NONE', #3989, #2026, #4602 ) ;
#7043 = CARTESIAN_POINT ( 'NONE',  ( 2.075000000000000178, 1.850000000000000089, -1.474999999999999867 ) ) ;
#7044 = EDGE_CURVE ( 'NONE', #1399, #2500, #6910, .T. ) ;
#7045 = CARTESIAN_POINT ( 'NONE',  ( 5.125000000000000888, 3.750000000000000000, -2.024999999999999911 ) ) ;
#7046 = CARTESIAN_POINT ( 'NONE',  ( 1.975000000000000089, 1.000000000000000000, 0.0000000000000000000 ) ) ;
#7047 = DIRECTION ( 'NONE',  ( 0.0000000000000000000, -1.000000000000000000, 0.0000000000000000000 ) ) ;
#7048 = PRESENTATION_LAYER_ASSIGNMENT (  '', '', ( #1540 ) ) ;
#7049 = DIRECTION ( 'NONE',  ( 1.000000000000000000, 0.0000000000000000000, -0.0000000000000000000 ) ) ;
#7050 = PRESENTATION_LAYER_ASSIGNMENT (  '', '', ( #7679 ) ) ;
#7051 = VECTOR ( 'NONE', #6073, 1000.000000000000000 ) ;
#7052 = CARTESIAN_POINT ( 'NONE',  ( -0.7249999999999999778, 1.850000000000000089, -1.698606797699999893 ) ) ;
#7053 = DIRECTION ( 'NONE',  ( 0.0000000000000000000, 1.000000000000000000, -3.295974604355814534E-17 ) ) ;
#7055 = CARTESIAN_POINT ( 'NONE',  ( -1.175000000000000044, 2.550000000000000266, -1.474999999999999867 ) ) ;
#7054 = LINE ( 'NONE', #2065, #1344 ) ;
#7056 =( NAMED_UNIT ( * ) SI_UNIT ( $, .STERADIAN. ) SOLID_ANGLE_UNIT ( ) );
#7057 = EDGE_CURVE ( 'NONE', #4283, #3329, #4368, .T. ) ;
#7058 = EDGE_LOOP ( 'NONE', ( #2555, #2025, #4823, #372 ) ) ;
#7059 = MANIFOLD_SOLID_BREP ( 'Body-Move/Copy4[2]', #4536 ) ;
#7060 = VERTEX_POINT ( 'NONE', #5777 ) ;
#7061 = ORIENTED_EDGE ( 'NONE', *, *, #1826, .F. ) ;
#7062 = EDGE_CURVE ( 'NONE', #3203, #679, #371, .T. ) ;
#7063 = CARTESIAN_POINT ( 'NONE',  ( 3.024999999999999911, 1.000000000000000000, -1.525000000000000133 ) ) ;
#7064 = CARTESIAN_POINT ( 'NONE',  ( 1.975000000000000089, 1.850000000000000089, 2.024999999999999911 ) ) ;
#7065 = VECTOR ( 'NONE', #2746, 1000.000000000000000 ) ;
#7066 = EDGE_CURVE ( 'NONE', #7070, #7628, #7414, .T. ) ;
#7067 = DIRECTION ( 'NONE',  ( 1.000000000000000000, 0.0000000000000000000, 0.0000000000000000000 ) ) ;
#7068 = VERTEX_POINT ( 'NONE', #7562 ) ;
#7069 = CARTESIAN_POINT ( 'NONE',  ( 6.625000000000000888, 1.949999999999999512, 2.025000000000007017 ) ) ;
#7070 = VERTEX_POINT ( 'NONE', #1026 ) ;
#7071 = CARTESIAN_POINT ( 'NONE',  ( 5.625000000000000888, 0.5000000000000000000, 2.024999999999999911 ) ) ;
#7072 = DIRECTION ( 'NONE',  ( -1.000000000000000000, 0.0000000000000000000, 0.0000000000000000000 ) ) ;
#7073 = CARTESIAN_POINT ( 'NONE',  ( 3.024999999999999911, -0.004464445899999999919, 0.003975566199999999890 ) ) ;
#7074 = LINE ( 'NONE', #3801, #344 ) ;
#7075 = EDGE_CURVE ( 'NONE', #8301, #5869, #5152, .T. ) ;
#7076 = ORIENTED_EDGE ( 'NONE', *, *, #1545, .T. ) ;
#7077 = ORIENTED_EDGE ( 'NONE', *, *, #3403, .T. ) ;
#7078 = PLANE ( 'NONE',  #8263 ) ;
#7079 = PLANE ( 'NONE',  #5035 ) ;
#7080 = LINE ( 'NONE', #8384, #7180 ) ;
#7081 = VERTEX_POINT ( 'NONE', #1052 ) ;
#7082 = ORIENTED_EDGE ( 'NONE', *, *, #394, .T. ) ;
#7083 =( LENGTH_UNIT ( ) NAMED_UNIT ( * ) SI_UNIT ( .MILLI., .METRE. ) );
#7084 = LINE ( 'NONE', #96, #1992 ) ;
#7085 = VECTOR ( 'NONE', #7926, 1000.000000000000000 ) ;
#7086 = ORIENTED_EDGE ( 'NONE', *, *, #7066, .T. ) ;
#7087 = CARTESIAN_POINT ( 'NONE',  ( 0.7249999999999999778, 1.350000000000000089, 0.0000000000000000000 ) ) ;
#7088 = ORIENTED_EDGE ( 'NONE', *, *, #6458, .T. ) ;
#7089 = ORIENTED_EDGE ( 'NONE', *, *, #4123, .F. ) ;
#7090 = DIRECTION ( 'NONE',  ( 0.0000000000000000000, -1.000000000000000000, 0.0000000000000000000 ) ) ;
#7091 = CARTESIAN_POINT ( 'NONE',  ( 4.475000000000000533, 0.3500000000000000333, -2.024999999999999911 ) ) ;
#7092 = SURFACE_STYLE_FILL_AREA ( #5529 ) ;
#7093 = PLANE ( 'NONE',  #3124 ) ;
#7094 =( GEOMETRIC_REPRESENTATION_CONTEXT ( 3 ) GLOBAL_UNCERTAINTY_ASSIGNED_CONTEXT ( ( #6543 ) ) GLOBAL_UNIT_ASSIGNED_CONTEXT ( ( #7420, #1621, #4176 ) ) REPRESENTATION_CONTEXT ( 'NONE', 'WORKASPACE' ) );
#7095 =( GEOMETRIC_REPRESENTATION_CONTEXT ( 3 ) GLOBAL_UNCERTAINTY_ASSIGNED_CONTEXT ( ( #220 ) ) GLOBAL_UNIT_ASSIGNED_CONTEXT ( ( #1747, #516, #7697 ) ) REPRESENTATION_CONTEXT ( 'NONE', 'WORKASPACE' ) );
#7096 = VERTEX_POINT ( 'NONE', #8210 ) ;
#7097 = CARTESIAN_POINT ( 'NONE',  ( -1.875000000000000000, 3.149999999999999911, 2.025999999999999801 ) ) ;
#7098 = DIRECTION ( 'NONE',  ( 1.000000000000000000, 0.0000000000000000000, 0.0000000000000000000 ) ) ;
#7099 = CARTESIAN_POINT ( 'NONE',  ( -2.500000000000000000, 4.240000000000000213, -2.024999999999999911 ) ) ;
#7100 = VERTEX_POINT ( 'NONE', #5587 ) ;
#7101 = ORIENTED_EDGE ( 'NONE', *, *, #4290, .F. ) ;
#7102 = EDGE_CURVE ( 'NONE', #7399, #2491, #6692, .T. ) ;
#7103 =( GEOMETRIC_REPRESENTATION_CONTEXT ( 3 ) GLOBAL_UNCERTAINTY_ASSIGNED_CONTEXT ( ( #1739 ) ) GLOBAL_UNIT_ASSIGNED_CONTEXT ( ( #5271, #2030, #5327 ) ) REPRESENTATION_CONTEXT ( 'NONE', 'WORKASPACE' ) );
#7104 = CARTESIAN_POINT ( 'NONE',  ( 3.024999999999999911, 1.850000000000000089, -1.698606797699999893 ) ) ;
#7105 = VERTEX_POINT ( 'NONE', #361 ) ;
#7106 = ORIENTED_EDGE ( 'NONE', *, *, #3573, .F. ) ;
#7107 = EDGE_LOOP ( 'NONE', ( #5667, #5150, #8317 ) ) ;
#7108 = FACE_OUTER_BOUND ( 'NONE', #3241, .T. ) ;
#7109 = ORIENTED_EDGE ( 'NONE', *, *, #2250, .F. ) ;
#7110 = ADVANCED_FACE ( 'NONE', ( #6287 ), #6270, .T. ) ;
#7111 = EDGE_CURVE ( 'NONE', #5247, #442, #6488, .T. ) ;
#7112 = DIRECTION ( 'NONE',  ( 0.0000000000000000000, 0.0000000000000000000, 1.000000000000000000 ) ) ;
#7113 = CARTESIAN_POINT ( 'NONE',  ( 2.925000000000000266, 1.850000000000000089, -1.698606797699999893 ) ) ;
#7114 = CARTESIAN_POINT ( 'NONE',  ( 4.474999999999999645, 0.3500000000000000333, -2.024999999999999911 ) ) ;
#7115 = VECTOR ( 'NONE', #7151, 1000.000000000000000 ) ;
#7116 = ORIENTED_EDGE ( 'NONE', *, *, #3337, .F. ) ;
#7117 = ORIENTED_EDGE ( 'NONE', *, *, #1855, .T. ) ;
#7118 = EDGE_CURVE ( 'NONE', #1373, #3904, #8143, .T. ) ;
#7119 = FACE_OUTER_BOUND ( 'NONE', #1418, .T. ) ;
#7120 = CARTESIAN_POINT ( 'NONE',  ( 0.7349999999999999867, 1.850000000000000089, -2.024999999999999911 ) ) ;
#7121 = EDGE_CURVE ( 'NONE', #857, #5212, #6391, .T. ) ;
#7122 = DIRECTION ( 'NONE',  ( 0.0000000000000000000, 0.0000000000000000000, -1.000000000000000000 ) ) ;
#7123 = VECTOR ( 'NONE', #3273, 1000.000000000000000 ) ;
#7124 = EDGE_LOOP ( 'NONE', ( #8296, #3341, #6472, #5060 ) ) ;
#7125 = ORIENTED_EDGE ( 'NONE', *, *, #3840, .F. ) ;
#7126 = VECTOR ( 'NONE', #6186, 1000.000000000000000 ) ;
#7127 = CARTESIAN_POINT ( 'NONE',  ( -2.875000000000000000, 0.6000000000000076383, -0.2249999999999982014 ) ) ;
#7128 = LINE ( 'NONE', #2835, #5806 ) ;
#7129 = EDGE_CURVE ( 'NONE', #5248, #907, #1190, .T. ) ;
#7130 = FILL_AREA_STYLE_COLOUR ( '', #5332 ) ;
#7131 = VECTOR ( 'NONE', #1868, 1000.000000000000000 ) ;
#7132 = DIRECTION ( 'NONE',  ( 1.000000000000000000, 0.0000000000000000000, 0.0000000000000000000 ) ) ;
#7133 = VERTEX_POINT ( 'NONE', #3566 ) ;
#7134 = ORIENTED_EDGE ( 'NONE', *, *, #2498, .T. ) ;
#7135 = CARTESIAN_POINT ( 'NONE',  ( 1.765000000000000124, 1.000000000000000000, -1.025000000000000133 ) ) ;
#7136 = FACE_OUTER_BOUND ( 'NONE', #7198, .T. ) ;
#7137 = ADVANCED_FACE ( 'NONE', ( #4461 ), #6864, .T. ) ;
#7138 = FILL_AREA_STYLE_COLOUR ( '', #2980 ) ;
#7139 = VECTOR ( 'NONE', #5739, 1000.000000000000000 ) ;
#7140 = DIRECTION ( 'NONE',  ( 0.0000000000000000000, 0.0000000000000000000, -1.000000000000000000 ) ) ;
#7141 = VECTOR ( 'NONE', #4024, 1000.000000000000000 ) ;
#7142 = AXIS2_PLACEMENT_3D ( 'NONE', #1169, #3773, #6419 ) ;
#7143 = LINE ( 'NONE', #2717, #1840 ) ;
#7144 = PRESENTATION_STYLE_ASSIGNMENT (( #7467 ) ) ;
#7145 = CARTESIAN_POINT ( 'NONE',  ( 6.025000000000001243, 1.999999999999997780, -2.075000000000008615 ) ) ;
#7146 = VECTOR ( 'NONE', #4949, 1000.000000000000000 ) ;
#7147 = DIRECTION ( 'NONE',  ( -1.000000000000000000, 0.0000000000000000000, 0.0000000000000000000 ) ) ;
#7148 = VECTOR ( 'NONE', #2564, 1000.000000000000000 ) ;
#7149 = LINE ( 'NONE', #6643, #3193 ) ;
#7150 = SURFACE_STYLE_USAGE ( .BOTH. , #5251 ) ;
#7151 = DIRECTION ( 'NONE',  ( 0.0000000000000000000, 0.0000000000000000000, 1.000000000000000000 ) ) ;
#7152 = CARTESIAN_POINT ( 'NONE',  ( 1.250000000000000000, 0.0000000000000000000, -1.025000000000000133 ) ) ;
#7153 = ADVANCED_FACE ( 'NONE', ( #2722 ), #2944, .F. ) ;
#7154 = LINE ( 'NONE', #629, #3798 ) ;
#7155 = PLANE ( 'NONE',  #5507 ) ;
#7156 = AXIS2_PLACEMENT_3D ( 'NONE', #5734, #6394, #4464 ) ;
#7157 = LINE ( 'NONE', #1046, #6136 ) ;
#7158 = CARTESIAN_POINT ( 'NONE',  ( 4.475000000000000533, 0.0000000000000000000, 2.024999999999999911 ) ) ;
#7159 = DIRECTION ( 'NONE',  ( 1.000000000000000000, 0.0000000000000000000, 0.0000000000000000000 ) ) ;
#7160 = VERTEX_POINT ( 'NONE', #2978 ) ;
#7161 = ORIENTED_EDGE ( 'NONE', *, *, #1004, .T. ) ;
#7162 = LINE ( 'NONE', #1587, #15 ) ;
#7163 = VERTEX_POINT ( 'NONE', #3145 ) ;
#7164 = VERTEX_POINT ( 'NONE', #5061 ) ;
#7165 = ORIENTED_EDGE ( 'NONE', *, *, #6421, .T. ) ;
#7166 = ORIENTED_EDGE ( 'NONE', *, *, #7992, .T. ) ;
#7167 =( GEOMETRIC_REPRESENTATION_CONTEXT ( 3 ) GLOBAL_UNCERTAINTY_ASSIGNED_CONTEXT ( ( #8321 ) ) GLOBAL_UNIT_ASSIGNED_CONTEXT ( ( #6716, #1593, #3538 ) ) REPRESENTATION_CONTEXT ( 'NONE', 'WORKASPACE' ) );
#7168 = VERTEX_POINT ( 'NONE', #2510 ) ;
#7169 = CARTESIAN_POINT ( 'NONE',  ( 6.250000000000000000, 4.240000000000000213, -0.07499999999999998335 ) ) ;
#7170 = EDGE_CURVE ( 'NONE', #8122, #1823, #5465, .T. ) ;
#7171 = ADVANCED_FACE ( 'NONE', ( #6380 ), #3765, .F. ) ;
#7172 = ORIENTED_EDGE ( 'NONE', *, *, #5000, .F. ) ;
#7173 = FACE_OUTER_BOUND ( 'NONE', #2529, .T. ) ;
#7174 = CARTESIAN_POINT ( 'NONE',  ( 6.025000000000001243, 4.250000000000000000, -0.07499999999999998335 ) ) ;
#7175 = EDGE_CURVE ( 'NONE', #8232, #7994, #4027, .T. ) ;
#7176 = VERTEX_POINT ( 'NONE', #475 ) ;
#7177 = DIRECTION ( 'NONE',  ( 0.0000000000000000000, 1.000000000000000000, 0.0000000000000000000 ) ) ;
#7178 = ORIENTED_EDGE ( 'NONE', *, *, #4835, .T. ) ;
#7179 = CARTESIAN_POINT ( 'NONE',  ( -0.8249999999999999556, 1.649999999999999911, -1.474999999999999867 ) ) ;
#7180 = VECTOR ( 'NONE', #7747, 1000.000000000000000 ) ;
#7181 = DIRECTION ( 'NONE',  ( 0.0000000000000000000, -1.000000000000000000, 0.0000000000000000000 ) ) ;
#7182 = EDGE_LOOP ( 'NONE', ( #5394, #2296, #6566, #3681 ) ) ;
#7183 = ORIENTED_EDGE ( 'NONE', *, *, #2584, .F. ) ;
#7184 = DIRECTION ( 'NONE',  ( 0.0000000000000000000, 2.148487149506091871E-16, 1.000000000000000000 ) ) ;
#7185 = DIRECTION ( 'NONE',  ( 0.0000000000000000000, 0.0000000000000000000, 1.000000000000000000 ) ) ;
#7186 = CARTESIAN_POINT ( 'NONE',  ( 4.275000000000000355, 1.649999999999999911, 2.024999999999999911 ) ) ;
#7187 = VECTOR ( 'NONE', #7985, 1000.000000000000000 ) ;
#7188 = ORIENTED_EDGE ( 'NONE', *, *, #6008, .F. ) ;
#7189 =( NAMED_UNIT ( * ) SI_UNIT ( $, .STERADIAN. ) SOLID_ANGLE_UNIT ( ) );
#7190 = VERTEX_POINT ( 'NONE', #7651 ) ;
#7191 = ADVANCED_FACE ( 'NONE', ( #5666 ), #4419, .T. ) ;
#7192 = CARTESIAN_POINT ( 'NONE',  ( 3.225000000000000089, 0.0000000000000000000, 2.024999999999999911 ) ) ;
#7193 = PLANE ( 'NONE',  #592 ) ;
#7194 = ORIENTED_EDGE ( 'NONE', *, *, #5611, .F. ) ;
#7195 =( GEOMETRIC_REPRESENTATION_CONTEXT ( 3 ) GLOBAL_UNCERTAINTY_ASSIGNED_CONTEXT ( ( #3629 ) ) GLOBAL_UNIT_ASSIGNED_CONTEXT ( ( #4888, #3017, #1628 ) ) REPRESENTATION_CONTEXT ( 'NONE', 'WORKASPACE' ) );
#7196 = ORIENTED_EDGE ( 'NONE', *, *, #833, .F. ) ;
#7197 = ORIENTED_EDGE ( 'NONE', *, *, #2330, .F. ) ;
#7198 = EDGE_LOOP ( 'NONE', ( #3298, #5843, #2325, #632 ) ) ;
#7199 = CARTESIAN_POINT ( 'NONE',  ( 1.975000000000000089, 1.649999999999999911, -1.025000000000000133 ) ) ;
#7200 = ORIENTED_EDGE ( 'NONE', *, *, #8117, .F. ) ;
#7201 = LINE ( 'NONE', #3266, #3332 ) ;
#7202 = DIRECTION ( 'NONE',  ( 1.000000000000000000, 0.0000000000000000000, 0.0000000000000000000 ) ) ;
#7203 = EDGE_CURVE ( 'NONE', #5356, #1309, #8323, .T. ) ;
#7204 = VECTOR ( 'NONE', #5041, 1000.000000000000114 ) ;
#7205 = ORIENTED_EDGE ( 'NONE', *, *, #3162, .T. ) ;
#7206 = CARTESIAN_POINT ( 'NONE',  ( 3.225000000000000089, 1.350000000000000089, -1.525000000000000133 ) ) ;
#7207 = DIRECTION ( 'NONE',  ( 0.0000000000000000000, 0.0000000000000000000, -1.000000000000000000 ) ) ;
#7208 = DIRECTION ( 'NONE',  ( 0.0000000000000000000, -1.000000000000000000, 0.0000000000000000000 ) ) ;
#7209 = CARTESIAN_POINT ( 'NONE',  ( 1.975000000000000089, 1.850000000000000089, -1.025000000000000133 ) ) ;
#7210 = EDGE_LOOP ( 'NONE', ( #135, #2014, #6999, #6693 ) ) ;
#7211 = ORIENTED_EDGE ( 'NONE', *, *, #7509, .T. ) ;
#7212 = FACE_OUTER_BOUND ( 'NONE', #8226, .T. ) ;
#7213 = ORIENTED_EDGE ( 'NONE', *, *, #6741, .T. ) ;
#7214 = DIRECTION ( 'NONE',  ( -1.000000000000000000, 0.0000000000000000000, 0.0000000000000000000 ) ) ;
#7215 = ADVANCED_FACE ( 'NONE', ( #2714 ), #3709, .F. ) ;
#7216 = EDGE_CURVE ( 'NONE', #8225, #3966, #4451, .T. ) ;
#7217 = PRESENTATION_LAYER_ASSIGNMENT (  '', '', ( #6509 ) ) ;
#7218 = PLANE ( 'NONE',  #5629 ) ;
#7219 = VECTOR ( 'NONE', #5873, 1000.000000000000000 ) ;
#7220 = ORIENTED_EDGE ( 'NONE', *, *, #1505, .T. ) ;
#7221 = FACE_OUTER_BOUND ( 'NONE', #6702, .T. ) ;
#7222 = DIRECTION ( 'NONE',  ( 0.0000000000000000000, -1.000000000000000000, -3.219646771412953967E-15 ) ) ;
#7223 = EDGE_CURVE ( 'NONE', #1143, #1281, #7924, .T. ) ;
#7224 = CARTESIAN_POINT ( 'NONE',  ( 6.250000000000000000, 4.250000000000000000, 2.024999999999999911 ) ) ;
#7225 = EDGE_CURVE ( 'NONE', #3913, #3740, #1994, .T. ) ;
#7226 = DIRECTION ( 'NONE',  ( 0.0000000000000000000, 0.0000000000000000000, 1.000000000000000000 ) ) ;
#7227 = VERTEX_POINT ( 'NONE', #5746 ) ;
#7228 = VECTOR ( 'NONE', #3424, 1000.000000000000000 ) ;
#7229 = DIRECTION ( 'NONE',  ( 1.000000000000000000, 0.0000000000000000000, 0.0000000000000000000 ) ) ;
#7230 = EDGE_CURVE ( 'NONE', #969, #725, #4854, .T. ) ;
#7231 = ADVANCED_FACE ( 'NONE', ( #6180 ), #6951, .F. ) ;
#7232 = ORIENTED_EDGE ( 'NONE', *, *, #7225, .T. ) ;
#7233 = LINE ( 'NONE', #5816, #2032 ) ;
#7234 = VECTOR ( 'NONE', #2501, 1000.000000000000000 ) ;
#7235 = EDGE_CURVE ( 'NONE', #5869, #5333, #5246, .T. ) ;
#7236 = DIRECTION ( 'NONE',  ( 0.0000000000000000000, 1.000000000000000000, 0.0000000000000000000 ) ) ;
#7237 = LINE ( 'NONE', #6170, #509 ) ;
#7238 = PLANE ( 'NONE',  #7255 ) ;
#7239 = DIRECTION ( 'NONE',  ( 0.0000000000000000000, 0.0000000000000000000, 1.000000000000000000 ) ) ;
#7240 = CARTESIAN_POINT ( 'NONE',  ( 3.225000000000000089, 1.350000000000000089, 1.525000000000000133 ) ) ;
#7241 = LINE ( 'NONE', #2571, #7573 ) ;
#7242 = ORIENTED_EDGE ( 'NONE', *, *, #8376, .F. ) ;
#7243 = VECTOR ( 'NONE', #1547, 1000.000000000000000 ) ;
#7244 = CARTESIAN_POINT ( 'NONE',  ( 5.125000000000000888, 3.149999999999999911, -2.024999999999999911 ) ) ;
#7245 = DIRECTION ( 'NONE',  ( 0.0000000000000000000, 0.0000000000000000000, -1.000000000000000000 ) ) ;
#7246 = LINE ( 'NONE', #2900, #519 ) ;
#7247 = CARTESIAN_POINT ( 'NONE',  ( 4.475000000000000533, -0.6500000000000000222, -1.775000000000000133 ) ) ;
#7248 = FACE_OUTER_BOUND ( 'NONE', #6883, .T. ) ;
#7249 = PLANE ( 'NONE',  #89 ) ;
#7250 = ADVANCED_FACE ( 'NONE', ( #5767 ), #1783, .F. ) ;
#7251 = DIRECTION ( 'NONE',  ( -0.0000000000000000000, 2.997602166487923448E-15, -1.000000000000000000 ) ) ;
#7252 = VECTOR ( 'NONE', #4579, 1000.000000000000000 ) ;
#7253 = VECTOR ( 'NONE', #1535, 1000.000000000000000 ) ;
#7254 = MECHANICAL_DESIGN_GEOMETRIC_PRESENTATION_REPRESENTATION (  '', ( #4916 ), #1851 ) ;
#7255 = AXIS2_PLACEMENT_3D ( 'NONE', #710, #24, #3988 ) ;
#7256 = DIRECTION ( 'NONE',  ( 1.000000000000000000, 0.0000000000000000000, 0.0000000000000000000 ) ) ;
#7257 = VERTEX_POINT ( 'NONE', #1105 ) ;
#7258 = CARTESIAN_POINT ( 'NONE',  ( 1.975000000000000089, -0.004464445899999999919, 0.003975566199999999890 ) ) ;
#7259 = EDGE_CURVE ( 'NONE', #6654, #2758, #4649, .T. ) ;
#7260 = AXIS2_PLACEMENT_3D ( 'NONE', #1893, #584, #7112 ) ;
#7261 = ORIENTED_EDGE ( 'NONE', *, *, #4186, .F. ) ;
#7262 = PLANE ( 'NONE',  #3600 ) ;
#7263 = VERTEX_POINT ( 'NONE', #2764 ) ;
#7264 = ORIENTED_EDGE ( 'NONE', *, *, #7230, .F. ) ;
#7265 = CARTESIAN_POINT ( 'NONE',  ( 1.975000000000000089, 1.795247431900000024, 2.024999999999999911 ) ) ;
#7266 = COLOUR_RGB ( '',1.000000000000000000, 1.000000000000000000, 1.000000000000000000 ) ;
#7267 = EDGE_CURVE ( 'NONE', #3316, #8122, #3539, .T. ) ;
#7268 =( NAMED_UNIT ( * ) SI_UNIT ( $, .STERADIAN. ) SOLID_ANGLE_UNIT ( ) );
#7269 = ORIENTED_EDGE ( 'NONE', *, *, #6195, .T. ) ;
#7270 = ORIENTED_EDGE ( 'NONE', *, *, #7881, .F. ) ;
#7271 = EDGE_CURVE ( 'NONE', #2694, #1823, #7726, .T. ) ;
#7272 = CARTESIAN_POINT ( 'NONE',  ( -0.5150000000000000133, 1.000000000000000000, -2.024999999999999911 ) ) ;
#7273 = DIRECTION ( 'NONE',  ( 0.0000000000000000000, -1.000000000000000000, 0.0000000000000000000 ) ) ;
#7274 = ADVANCED_FACE ( 'NONE', ( #761 ), #5136, .T. ) ;
#7275 = CARTESIAN_POINT ( 'NONE',  ( -0.5250000000000000222, 0.05000000000000002359, -1.775000000000000133 ) ) ;
#7276 =( NAMED_UNIT ( * ) PLANE_ANGLE_UNIT ( ) SI_UNIT ( $, .RADIAN. ) );
#7277 = CARTESIAN_POINT ( 'NONE',  ( 4.274999999999999467, -0.6500000000000000222, -1.775000000000000133 ) ) ;
#7278 = VECTOR ( 'NONE', #4515, 1000.000000000000000 ) ;
#7279 = EDGE_CURVE ( 'NONE', #530, #1187, #2093, .T. ) ;
#7280 = ORIENTED_EDGE ( 'NONE', *, *, #4992, .F. ) ;
#7281 = VERTEX_POINT ( 'NONE', #4668 ) ;
#7282 = DIRECTION ( 'NONE',  ( -1.000000000000000000, 0.0000000000000000000, 0.0000000000000000000 ) ) ;
#7283 = EDGE_CURVE ( 'NONE', #7004, #6155, #6786, .T. ) ;
#7284 = ORIENTED_EDGE ( 'NONE', *, *, #2557, .T. ) ;
#7286 = VECTOR ( 'NONE', #350, 1000.000000000000000 ) ;
#7285 = CARTESIAN_POINT ( 'NONE',  ( 1.975000000000000089, 1.850000000000000089, 0.0000000000000000000 ) ) ;
#7287 = DIRECTION ( 'NONE',  ( 0.0000000000000000000, 0.0000000000000000000, 1.000000000000000000 ) ) ;
#7288 = FILL_AREA_STYLE_COLOUR ( '', #6348 ) ;
#7289 = DIRECTION ( 'NONE',  ( 0.0000000000000000000, 0.0000000000000000000, 1.000000000000000000 ) ) ;
#7290 = ORIENTED_EDGE ( 'NONE', *, *, #1119, .T. ) ;
#7291 = CARTESIAN_POINT ( 'NONE',  ( -0.7249999999999999778, 0.0000000000000000000, 2.024999999999999911 ) ) ;
#7292 = ORIENTED_EDGE ( 'NONE', *, *, #4054, .F. ) ;
#7293 = ORIENTED_EDGE ( 'NONE', *, *, #1375, .T. ) ;
#7294 = FACE_OUTER_BOUND ( 'NONE', #4590, .T. ) ;
#7295 = LINE ( 'NONE', #7384, #4963 ) ;
#7296 = SURFACE_SIDE_STYLE ('',( #6283 ) ) ;
#7297 = ORIENTED_EDGE ( 'NONE', *, *, #946, .F. ) ;
#7298 = VERTEX_POINT ( 'NONE', #3175 ) ;
#7299 = CARTESIAN_POINT ( 'NONE',  ( 4.275000000000000355, 1.795247431900000024, 2.024999999999999911 ) ) ;
#7300 = PLANE ( 'NONE',  #4710 ) ;
#7301 = VERTEX_POINT ( 'NONE', #5772 ) ;
#7302 = VERTEX_POINT ( 'NONE', #129 ) ;
#7303 = VECTOR ( 'NONE', #5074, 1000.000000000000114 ) ;
#7304 = AXIS2_PLACEMENT_3D ( 'NONE', #5088, #3172, #7728 ) ;
#7305 = DIRECTION ( 'NONE',  ( 0.0000000000000000000, -1.000000000000000000, 0.0000000000000000000 ) ) ;
#7306 = PRESENTATION_STYLE_ASSIGNMENT (( #7655 ) ) ;
#7307 = DIRECTION ( 'NONE',  ( 0.0000000000000000000, -1.000000000000000000, 0.0000000000000000000 ) ) ;
#7308 = DIRECTION ( 'NONE',  ( -1.000000000000000000, 0.0000000000000000000, 0.0000000000000000000 ) ) ;
#7309 = AXIS2_PLACEMENT_3D ( 'NONE', #7087, #7769, #4510 ) ;
#7310 = VECTOR ( 'NONE', #5204, 1000.000000000000000 ) ;
#7311 = DIRECTION ( 'NONE',  ( 0.0000000000000000000, 0.0000000000000000000, 1.000000000000000000 ) ) ;
#7312 = EDGE_CURVE ( 'NONE', #4275, #7831, #2212, .T. ) ;
#7313 = VERTEX_POINT ( 'NONE', #2541 ) ;
#7314 = ORIENTED_EDGE ( 'NONE', *, *, #491, .T. ) ;
#7315 = FACE_OUTER_BOUND ( 'NONE', #410, .T. ) ;
#7316 = ADVANCED_FACE ( 'NONE', ( #152 ), #4004, .F. ) ;
#7317 = ORIENTED_EDGE ( 'NONE', *, *, #7223, .F. ) ;
#7318 = CARTESIAN_POINT ( 'NONE',  ( 0.7349999999999999867, 1.850000000000000089, -1.025000000000000133 ) ) ;
#7319 = LINE ( 'NONE', #6147, #6519 ) ;
#7320 = FILL_AREA_STYLE_COLOUR ( '', #808 ) ;
#7321 = ORIENTED_EDGE ( 'NONE', *, *, #2346, .F. ) ;
#7322 = ORIENTED_EDGE ( 'NONE', *, *, #6026, .T. ) ;
#7323 = DIRECTION ( 'NONE',  ( 1.000000000000000000, 0.0000000000000000000, -0.0000000000000000000 ) ) ;
#7324 = VECTOR ( 'NONE', #6357, 1000.000000000000000 ) ;
#7325 = AXIS2_PLACEMENT_3D ( 'NONE', #1455, #6106, #3488 ) ;
#7326 = DIRECTION ( 'NONE',  ( 0.0000000000000000000, 1.000000000000000000, 0.0000000000000000000 ) ) ;
#7327 = VECTOR ( 'NONE', #4828, 1000.000000000000000 ) ;
#7328 = UNCERTAINTY_MEASURE_WITH_UNIT (LENGTH_MEASURE( 1.000000000000000082E-05 ), #4037, 'distance_accuracy_value', 'NONE');
#7329 = CARTESIAN_POINT ( 'NONE',  ( 1.974999999999999867, -0.6500000000000000222, -2.075000000000000178 ) ) ;
#7330 = CARTESIAN_POINT ( 'NONE',  ( 1.975000000000000089, 1.000000000000000000, -1.525000000000000133 ) ) ;
#7331 = ORIENTED_EDGE ( 'NONE', *, *, #2071, .T. ) ;
#7332 = ORIENTED_EDGE ( 'NONE', *, *, #501, .F. ) ;
#7333 = EDGE_CURVE ( 'NONE', #6701, #2061, #973, .T. ) ;
#7334 = PRESENTATION_STYLE_ASSIGNMENT (( #2867 ) ) ;
#7335 = CARTESIAN_POINT ( 'NONE',  ( 5.125000000000000888, 3.149999999999999911, 2.024999999999999911 ) ) ;
#7336 = DIRECTION ( 'NONE',  ( 0.0000000000000000000, 0.0000000000000000000, 1.000000000000000000 ) ) ;
#7337 = CARTESIAN_POINT ( 'NONE',  ( 5.775000000000000355, 4.240000000000000213, -2.024999999999999911 ) ) ;
#7338 = EDGE_CURVE ( 'NONE', #3806, #4426, #6478, .T. ) ;
#7339 = CARTESIAN_POINT ( 'NONE',  ( -2.274999999999999911, 2.000000000000000000, -2.024999999999999911 ) ) ;
#7340 = CARTESIAN_POINT ( 'NONE',  ( -0.5250000000000000222, 0.5000000000000000000, 0.0000000000000000000 ) ) ;
#7341 = VECTOR ( 'NONE', #8081, 1000.000000000000000 ) ;
#7342 = ORIENTED_EDGE ( 'NONE', *, *, #8170, .T. ) ;
#7343 = CARTESIAN_POINT ( 'NONE',  ( 3.225000000000000089, 1.850000000000000089, 0.0000000000000000000 ) ) ;
#7344 = VECTOR ( 'NONE', #7098, 1000.000000000000000 ) ;
#7345 = FACE_OUTER_BOUND ( 'NONE', #327, .T. ) ;
#7346 = PLANE ( 'NONE',  #2195 ) ;
#7347 = EDGE_CURVE ( 'NONE', #6973, #7263, #2318, .T. ) ;
#7348 = DIRECTION ( 'NONE',  ( 0.0000000000000000000, -1.000000000000000000, 0.0000000000000000000 ) ) ;
#7349 = DIRECTION ( 'NONE',  ( 0.0000000000000000000, 0.0000000000000000000, -1.000000000000000000 ) ) ;
#7350 = LINE ( 'NONE', #7839, #3088 ) ;
#7351 = PLANE ( 'NONE',  #5788 ) ;
#7352 = EDGE_CURVE ( 'NONE', #3643, #1475, #2514, .T. ) ;
#7353 = VECTOR ( 'NONE', #3731, 1000.000000000000000 ) ;
#7354 = VERTEX_POINT ( 'NONE', #1894 ) ;
#7355 = CARTESIAN_POINT ( 'NONE',  ( 4.275000000000000355, 1.000000000000000000, 0.0000000000000000000 ) ) ;
#7356 = CARTESIAN_POINT ( 'NONE',  ( 1.775000000000000133, 1.350000000000000089, -1.525000000000000133 ) ) ;
#7357 = CARTESIAN_POINT ( 'NONE',  ( 6.025000000000001243, 4.249999999999992895, -0.07499999999999976130 ) ) ;
#7358 = LINE ( 'NONE', #7802, #5627 ) ;
#7359 = CARTESIAN_POINT ( 'NONE',  ( 1.775000000000000133, 1.850000000000000089, 0.0000000000000000000 ) ) ;
#7360 = DIRECTION ( 'NONE',  ( 0.0000000000000000000, -4.003208021484939327E-15, 1.000000000000000000 ) ) ;
#7361 = DIRECTION ( 'NONE',  ( -1.000000000000000000, 0.0000000000000000000, -0.0000000000000000000 ) ) ;
#7362 = AXIS2_PLACEMENT_3D ( 'NONE', #6051, #7361, #8091 ) ;
#7363 = ADVANCED_FACE ( 'NONE', ( #47 ), #8374, .T. ) ;
#7364 = SURFACE_SIDE_STYLE ('',( #6250 ) ) ;
#7365 = FILL_AREA_STYLE ('',( #5330 ) ) ;
#7366 = DIRECTION ( 'NONE',  ( 0.0000000000000000000, -1.000000000000000000, 0.0000000000000000000 ) ) ;
#7367 = ORIENTED_EDGE ( 'NONE', *, *, #134, .T. ) ;
#7368 = ORIENTED_EDGE ( 'NONE', *, *, #1866, .T. ) ;
#7369 = ORIENTED_EDGE ( 'NONE', *, *, #7693, .F. ) ;
#7370 = LINE ( 'NONE', #4102, #1649 ) ;
#7371 = EDGE_CURVE ( 'NONE', #1708, #5670, #8307, .T. ) ;
#7372 = CARTESIAN_POINT ( 'NONE',  ( -1.875000000000000000, 3.750000000000000000, -2.024999999999999911 ) ) ;
#7373 =( LENGTH_UNIT ( ) NAMED_UNIT ( * ) SI_UNIT ( .MILLI., .METRE. ) );
#7374 = VECTOR ( 'NONE', #7964, 1000.000000000000000 ) ;
#7375 = CARTESIAN_POINT ( 'NONE',  ( 6.125000000000000000, 3.750000000000000000, 0.02500000000000000139 ) ) ;
#7376 = EDGE_LOOP ( 'NONE', ( #2518, #5467, #1079, #7492 ) ) ;
#7377 = VERTEX_POINT ( 'NONE', #5832 ) ;
#7378 = DIRECTION ( 'NONE',  ( -1.000000000000000000, 0.0000000000000000000, 0.0000000000000000000 ) ) ;
#7379 = EDGE_LOOP ( 'NONE', ( #3722, #7824, #2526, #7852 ) ) ;
#7380 = AXIS2_PLACEMENT_3D ( 'NONE', #6110, #260, #8145 ) ;
#7381 = AXIS2_PLACEMENT_3D ( 'NONE', #3290, #4601, #688 ) ;
#7382 = DIRECTION ( 'NONE',  ( 0.0000000000000000000, 0.0000000000000000000, 1.000000000000000000 ) ) ;
#7383 = CARTESIAN_POINT ( 'NONE',  ( 6.025000000000001243, 1.949999999999999512, 2.025000000000007017 ) ) ;
#7384 = CARTESIAN_POINT ( 'NONE',  ( 0.7250000000000000888, 0.0000000000000000000, -1.525000000000000133 ) ) ;
#7385 = ORIENTED_EDGE ( 'NONE', *, *, #6937, .F. ) ;
#7386 = EDGE_CURVE ( 'NONE', #5835, #2107, #4840, .T. ) ;
#7387 = LINE ( 'NONE', #489, #1062 ) ;
#7388 = ORIENTED_EDGE ( 'NONE', *, *, #7952, .F. ) ;
#7389 = ORIENTED_EDGE ( 'NONE', *, *, #5918, .F. ) ;
#7390 = EDGE_LOOP ( 'NONE', ( #7197, #6482, #3862, #3150, #7740, #7638, #7598, #4538, #1251, #6775, #8136, #1497, #2740, #7555 ) ) ;
#7391 =( NAMED_UNIT ( * ) SI_UNIT ( $, .STERADIAN. ) SOLID_ANGLE_UNIT ( ) );
#7392 = EDGE_CURVE ( 'NONE', #5934, #4627, #6439, .T. ) ;
#7393 = CARTESIAN_POINT ( 'NONE',  ( 3.015000000000000124, 1.000000000000000000, -1.525000000000000133 ) ) ;
#7394 = EDGE_CURVE ( 'NONE', #7301, #7302, #6239, .T. ) ;
#7395 = DIRECTION ( 'NONE',  ( -0.0000000000000000000, 1.000000000000000000, 4.003208021484939327E-15 ) ) ;
#7396 = CARTESIAN_POINT ( 'NONE',  ( -0.5150000000000000133, 1.000000000000000000, -1.025000000000000133 ) ) ;
#7397 = ORIENTED_EDGE ( 'NONE', *, *, #7129, .T. ) ;
#7398 = CARTESIAN_POINT ( 'NONE',  ( 1.775000000000000133, 1.350000000000000089, 0.0000000000000000000 ) ) ;
#7399 = VERTEX_POINT ( 'NONE', #812 ) ;
#7400 = CARTESIAN_POINT ( 'NONE',  ( 0.5249999999999999112, 0.3499999999999999778, -2.075000000000000178 ) ) ;
#7401 = CARTESIAN_POINT ( 'NONE',  ( 1.975000000000000089, 1.350000000000000089, 0.0000000000000000000 ) ) ;
#7402 = EDGE_CURVE ( 'NONE', #5333, #884, #4883, .T. ) ;
#7403 = VECTOR ( 'NONE', #901, 1000.000000000000000 ) ;
#7404 = PLANE ( 'NONE',  #583 ) ;
#7405 = VERTEX_POINT ( 'NONE', #4099 ) ;
#7406 = ORIENTED_EDGE ( 'NONE', *, *, #4308, .T. ) ;
#7407 = CARTESIAN_POINT ( 'NONE',  ( 0.0000000000000000000, 0.0000000000000000000, -1.525000000000000133 ) ) ;
#7408 = DIRECTION ( 'NONE',  ( 1.000000000000000000, 0.0000000000000000000, 0.0000000000000000000 ) ) ;
#7409 = CARTESIAN_POINT ( 'NONE',  ( -0.5250000000000000222, 1.350000000000000089, 0.0000000000000000000 ) ) ;
#7410 = LINE ( 'NONE', #304, #3835 ) ;
#7411 = ORIENTED_EDGE ( 'NONE', *, *, #7011, .F. ) ;
#7412 = EDGE_CURVE ( 'NONE', #705, #4438, #8378, .T. ) ;
#7413 = CARTESIAN_POINT ( 'NONE',  ( 4.625000000000000888, 3.750000000000000000, -2.024999999999999911 ) ) ;
#7414 = LINE ( 'NONE', #6735, #3042 ) ;
#7415 = ORIENTED_EDGE ( 'NONE', *, *, #7102, .F. ) ;
#7416 = ADVANCED_FACE ( 'NONE', ( #6703 ), #5455, .F. ) ;
#7417 = EDGE_LOOP ( 'NONE', ( #1182, #8021, #4620, #2588, #2637, #993 ) ) ;
#7418 = ORIENTED_EDGE ( 'NONE', *, *, #3403, .F. ) ;
#7419 = ORIENTED_EDGE ( 'NONE', *, *, #394, .F. ) ;
#7420 =( LENGTH_UNIT ( ) NAMED_UNIT ( * ) SI_UNIT ( .MILLI., .METRE. ) );
#7421 = ORIENTED_EDGE ( 'NONE', *, *, #2876, .T. ) ;
#7422 = EDGE_LOOP ( 'NONE', ( #7659, #7040, #7134, #7815 ) ) ;
#7423 = VECTOR ( 'NONE', #4377, 1000.000000000000000 ) ;
#7424 = DIRECTION ( 'NONE',  ( 0.0000000000000000000, 0.0000000000000000000, 1.000000000000000000 ) ) ;
#7425 = VECTOR ( 'NONE', #4448, 1000.000000000000000 ) ;
#7426 = CARTESIAN_POINT ( 'NONE',  ( 4.475000000000000533, 1.850000000000000089, -1.698606797699999893 ) ) ;
#7427 = ORIENTED_EDGE ( 'NONE', *, *, #3200, .F. ) ;
#7428 = AXIS2_PLACEMENT_3D ( 'NONE', #6362, #7694, #6306 ) ;
#7429 = DIRECTION ( 'NONE',  ( -1.000000000000000000, 0.0000000000000000000, 0.0000000000000000000 ) ) ;
#7430 = LINE ( 'NONE', #7841, #6915 ) ;
#7431 = EDGE_LOOP ( 'NONE', ( #4468, #4344, #1661, #6891 ) ) ;
#7432 = ORIENTED_EDGE ( 'NONE', *, *, #5301, .F. ) ;
#7433 = ORIENTED_EDGE ( 'NONE', *, *, #5158, .T. ) ;
#7434 = VECTOR ( 'NONE', #1777, 1000.000000000000000 ) ;
#7435 = DIRECTION ( 'NONE',  ( 0.0000000000000000000, 1.000000000000000000, 0.0000000000000000000 ) ) ;
#7436 = ORIENTED_EDGE ( 'NONE', *, *, #180, .F. ) ;
#7437 = CARTESIAN_POINT ( 'NONE',  ( 1.765000000000000124, 1.000000000000000000, -2.024999999999999911 ) ) ;
#7438 = CARTESIAN_POINT ( 'NONE',  ( 5.625000000000000888, 2.550000000000000266, 2.024999999999999911 ) ) ;
#7439 = VECTOR ( 'NONE', #6342, 1000.000000000000000 ) ;
#7440 = PLANE ( 'NONE',  #2419 ) ;
#7441 = ORIENTED_EDGE ( 'NONE', *, *, #1422, .T. ) ;
#7442 = SURFACE_STYLE_FILL_AREA ( #2852 ) ;
#7443 = CARTESIAN_POINT ( 'NONE',  ( 0.5250000000000000222, 1.850000000000000089, 2.024999999999999911 ) ) ;
#7444 = CARTESIAN_POINT ( 'NONE',  ( -1.875000000000000000, 0.5000000000000000000, 2.024999999999999911 ) ) ;
#7445 = UNCERTAINTY_MEASURE_WITH_UNIT (LENGTH_MEASURE( 1.000000000000000082E-05 ), #4112, 'distance_accuracy_value', 'NONE');
#7446 = EDGE_CURVE ( 'NONE', #1496, #3156, #4459, .T. ) ;
#7447 = LINE ( 'NONE', #3508, #4678 ) ;
#7448 = CARTESIAN_POINT ( 'NONE',  ( 0.7250000000000000888, 0.0000000000000000000, -1.525000000000000133 ) ) ;
#7449 = CARTESIAN_POINT ( 'NONE',  ( -2.475000000000000089, 4.249999999999998224, -2.075000000000001510 ) ) ;
#7450 = ORIENTED_EDGE ( 'NONE', *, *, #3983, .F. ) ;
#7451 = VECTOR ( 'NONE', #4797, 1000.000000000000000 ) ;
#7452 = VECTOR ( 'NONE', #1521, 1000.000000000000000 ) ;
#7453 = CARTESIAN_POINT ( 'NONE',  ( 3.024999999999999911, 1.000000000000000000, 0.0000000000000000000 ) ) ;
#7454 = PLANE ( 'NONE',  #3248 ) ;
#7455 = DIRECTION ( 'NONE',  ( 1.000000000000000000, 0.0000000000000000000, 0.0000000000000000000 ) ) ;
#7456 = VECTOR ( 'NONE', #6207, 1000.000000000000000 ) ;
#7457 = ORIENTED_EDGE ( 'NONE', *, *, #1446, .F. ) ;
#7458 = VECTOR ( 'NONE', #8115, 1000.000000000000000 ) ;
#7459 = FACE_OUTER_BOUND ( 'NONE', #5966, .T. ) ;
#7460 = DIRECTION ( 'NONE',  ( 1.000000000000000000, 0.0000000000000000000, 0.0000000000000000000 ) ) ;
#7461 = EDGE_CURVE ( 'NONE', #7628, #3749, #5965, .T. ) ;
#7462 = LINE ( 'NONE', #5516, #5620 ) ;
#7463 = CARTESIAN_POINT ( 'NONE',  ( 6.625000000000000888, 4.250000000000000000, 2.024999999999999911 ) ) ;
#7464 = PLANE ( 'NONE',  #5776 ) ;
#7465 = ADVANCED_FACE ( 'NONE', ( #7813 ), #7440, .T. ) ;
#7466 = VECTOR ( 'NONE', #1206, 1000.000000000000000 ) ;
#7467 = SURFACE_STYLE_USAGE ( .BOTH. , #3525 ) ;
#7468 = PLANE ( 'NONE',  #5364 ) ;
#7469 = LINE ( 'NONE', #4463, #4088 ) ;
#7470 = EDGE_CURVE ( 'NONE', #6645, #882, #4321, .T. ) ;
#7471 = DIRECTION ( 'NONE',  ( 0.0000000000000000000, 0.0000000000000000000, 1.000000000000000000 ) ) ;
#7472 = DIRECTION ( 'NONE',  ( -0.0000000000000000000, 1.000000000000000000, 0.0000000000000000000 ) ) ;
#7473 = CARTESIAN_POINT ( 'NONE',  ( 2.575000000000001066, 1.850000000000000089, -1.474999999999999867 ) ) ;
#7474 = CARTESIAN_POINT ( 'NONE',  ( 6.625000000000000888, 0.6000000000000076383, -0.2249999999999982014 ) ) ;
#7475 = VECTOR ( 'NONE', #238, 1000.000000000000000 ) ;
#7476 = CARTESIAN_POINT ( 'NONE',  ( 4.474999999999999645, 1.850000000000000089, 2.024999999999999911 ) ) ;
#7477 = DIRECTION ( 'NONE',  ( -1.000000000000000000, 0.0000000000000000000, 0.0000000000000000000 ) ) ;
#7478 = ORIENTED_EDGE ( 'NONE', *, *, #2437, .T. ) ;
#7479 = VECTOR ( 'NONE', #742, 1000.000000000000000 ) ;
#7480 = DIRECTION ( 'NONE',  ( 0.0000000000000000000, -3.219646771412953967E-15, 1.000000000000000000 ) ) ;
#7481 = DIRECTION ( 'NONE',  ( 0.0000000000000000000, 0.0000000000000000000, -1.000000000000000000 ) ) ;
#7482 = ORIENTED_EDGE ( 'NONE', *, *, #4003, .T. ) ;
#7483 = EDGE_LOOP ( 'NONE', ( #7712, #2701, #5425, #5480 ) ) ;
#7484 = ORIENTED_EDGE ( 'NONE', *, *, #7075, .T. ) ;
#7485 = ORIENTED_EDGE ( 'NONE', *, *, #8166, .F. ) ;
#7486 = CARTESIAN_POINT ( 'NONE',  ( 6.025000000000001243, 0.0000000000000000000, 0.0000000000000000000 ) ) ;
#7487 = SURFACE_SIDE_STYLE ('',( #3120 ) ) ;
#7488 = AXIS2_PLACEMENT_3D ( 'NONE', #2008, #1408, #6402 ) ;
#7489 = FACE_OUTER_BOUND ( 'NONE', #5849, .T. ) ;
#7490 = ORIENTED_EDGE ( 'NONE', *, *, #4341, .F. ) ;
#7491 = AXIS2_PLACEMENT_3D ( 'NONE', #232, #112, #5321 ) ;
#7492 = ORIENTED_EDGE ( 'NONE', *, *, #3200, .T. ) ;
#7493 = ORIENTED_EDGE ( 'NONE', *, *, #5580, .F. ) ;
#7494 = DIRECTION ( 'NONE',  ( 0.0000000000000000000, 1.000000000000000000, 0.0000000000000000000 ) ) ;
#7495 = EDGE_CURVE ( 'NONE', #5685, #4126, #2830, .T. ) ;
#7496 = DIRECTION ( 'NONE',  ( 1.000000000000000000, 0.0000000000000000000, 0.0000000000000000000 ) ) ;
#7497 = DIRECTION ( 'NONE',  ( 0.0000000000000000000, -1.000000000000000000, 0.0000000000000000000 ) ) ;
#7498 = CARTESIAN_POINT ( 'NONE',  ( 1.975000000000000089, 1.649999999999999911, 2.024999999999999911 ) ) ;
#7499 = SURFACE_SIDE_STYLE ('',( #5975 ) ) ;
#7500 = ORIENTED_EDGE ( 'NONE', *, *, #2968, .T. ) ;
#7501 = EDGE_LOOP ( 'NONE', ( #5351, #2219, #6194, #4153 ) ) ;
#7502 = ADVANCED_FACE ( 'NONE', ( #7119 ), #6798, .T. ) ;
#7503 = CARTESIAN_POINT ( 'NONE',  ( 6.025000000000001243, 1.950000000000002176, 1.375000000000006883 ) ) ;
#7504 = STYLED_ITEM ( 'NONE', ( #7544 ), #3169 ) ;
#7505 = DIRECTION ( 'NONE',  ( 0.0000000000000000000, 1.000000000000000000, 0.0000000000000000000 ) ) ;
#7506 = CARTESIAN_POINT ( 'NONE',  ( 1.984999999999999876, 1.000000000000000000, -2.024999999999999911 ) ) ;
#7507 = ORIENTED_EDGE ( 'NONE', *, *, #4788, .F. ) ;
#7508 = ORIENTED_EDGE ( 'NONE', *, *, #3903, .T. ) ;
#7509 = EDGE_CURVE ( 'NONE', #1744, #7405, #3304, .T. ) ;
#7510 = VECTOR ( 'NONE', #2964, 1000.000000000000000 ) ;
#7511 = VECTOR ( 'NONE', #6453, 1000.000000000000000 ) ;
#7512 = EDGE_CURVE ( 'NONE', #5052, #1291, #5784, .T. ) ;
#7513 = EDGE_LOOP ( 'NONE', ( #2906, #7500, #3549, #7490 ) ) ;
#7514 = SURFACE_SIDE_STYLE ('',( #313 ) ) ;
#7515 = ORIENTED_EDGE ( 'NONE', *, *, #4387, .F. ) ;
#7516 = ORIENTED_EDGE ( 'NONE', *, *, #1970, .F. ) ;
#7517 = CARTESIAN_POINT ( 'NONE',  ( 4.475000000000000533, 0.5547525681000000652, 2.024999999999999911 ) ) ;
#7518 = EDGE_CURVE ( 'NONE', #6589, #2440, #3235, .T. ) ;
#7519 = LINE ( 'NONE', #4927, #2209 ) ;
#7520 = LINE ( 'NONE', #3366, #8140 ) ;
#7521 = DIRECTION ( 'NONE',  ( -0.0000000000000000000, -1.000000000000000000, -3.219646771412953967E-15 ) ) ;
#7522 = PLANE ( 'NONE',  #3767 ) ;
#7523 = ORIENTED_EDGE ( 'NONE', *, *, #8379, .T. ) ;
#7524 = DIRECTION ( 'NONE',  ( 0.0000000000000000000, 0.0000000000000000000, 1.000000000000000000 ) ) ;
#7525 = ORIENTED_EDGE ( 'NONE', *, *, #2752, .F. ) ;
#7526 = EDGE_CURVE ( 'NONE', #7889, #2173, #2260, .T. ) ;
#7527 = CARTESIAN_POINT ( 'NONE',  ( 0.0000000000000000000, 0.0000000000000000000, -1.025000000000000133 ) ) ;
#7529 = ORIENTED_EDGE ( 'NONE', *, *, #6836, .F. ) ;
#7528 = DIRECTION ( 'NONE',  ( 0.0000000000000000000, 0.0000000000000000000, 1.000000000000000000 ) ) ;
#7530 = ORIENTED_EDGE ( 'NONE', *, *, #3953, .T. ) ;
#7531 = LINE ( 'NONE', #4570, #4048 ) ;
#7532 = VECTOR ( 'NONE', #8375, 1000.000000000000000 ) ;
#7533 = ORIENTED_EDGE ( 'NONE', *, *, #1986, .T. ) ;
#7534 = LINE ( 'NONE', #1790, #7840 ) ;
#7535 = DIRECTION ( 'NONE',  ( 0.0000000000000000000, 1.000000000000000000, 3.219646771412953967E-15 ) ) ;
#7536 = ORIENTED_EDGE ( 'NONE', *, *, #1978, .T. ) ;
#7537 = ORIENTED_EDGE ( 'NONE', *, *, #6142, .F. ) ;
#7538 = FACE_OUTER_BOUND ( 'NONE', #3505, .T. ) ;
#7539 = PLANE ( 'NONE',  #6006 ) ;
#7540 =( GEOMETRIC_REPRESENTATION_CONTEXT ( 3 ) GLOBAL_UNCERTAINTY_ASSIGNED_CONTEXT ( ( #6024 ) ) GLOBAL_UNIT_ASSIGNED_CONTEXT ( ( #3339, #5347, #4679 ) ) REPRESENTATION_CONTEXT ( 'NONE', 'WORKASPACE' ) );
#7541 = EDGE_LOOP ( 'NONE', ( #3577, #3405, #699, #3778 ) ) ;
#7542 = DIRECTION ( 'NONE',  ( 0.0000000000000000000, 0.0000000000000000000, 1.000000000000000000 ) ) ;
#7543 = CARTESIAN_POINT ( 'NONE',  ( -0.7249999999999999778, 1.850000000000000089, -1.698606797699999893 ) ) ;
#7544 = PRESENTATION_STYLE_ASSIGNMENT (( #1073 ) ) ;
#7545 = ADVANCED_FACE ( 'NONE', ( #5003 ), #8043, .T. ) ;
#7546 = ORIENTED_EDGE ( 'NONE', *, *, #5083, .F. ) ;
#7547 = VERTEX_POINT ( 'NONE', #6032 ) ;
#7548 = LINE ( 'NONE', #616, #5090 ) ;
#7549 = PLANE ( 'NONE',  #2137 ) ;
#7550 = UNCERTAINTY_MEASURE_WITH_UNIT (LENGTH_MEASURE( 1.000000000000000082E-05 ), #8412, 'distance_accuracy_value', 'NONE');
#7551 = LINE ( 'NONE', #6564, #6826 ) ;
#7552 = DIRECTION ( 'NONE',  ( 0.0000000000000000000, 0.0000000000000000000, -1.000000000000000000 ) ) ;
#7553 = AXIS2_PLACEMENT_3D ( 'NONE', #6423, #2527, #6473 ) ;
#7554 = FACE_OUTER_BOUND ( 'NONE', #1102, .T. ) ;
#7555 = ORIENTED_EDGE ( 'NONE', *, *, #3100, .F. ) ;
#7556 = DIRECTION ( 'NONE',  ( -1.000000000000000000, 0.0000000000000000000, 0.0000000000000000000 ) ) ;
#7557 = VERTEX_POINT ( 'NONE', #3442 ) ;
#7558 = LINE ( 'NONE', #1364, #2864 ) ;
#7559 = DIRECTION ( 'NONE',  ( 0.0000000000000000000, 0.0000000000000000000, 1.000000000000000000 ) ) ;
#7560 = EDGE_CURVE ( 'NONE', #5175, #7377, #709, .T. ) ;
#7561 = CARTESIAN_POINT ( 'NONE',  ( -0.5250000000000000222, 0.05000000000000002359, -1.775000000000000133 ) ) ;
#7562 = CARTESIAN_POINT ( 'NONE',  ( 3.324999999999999734, 1.649999999999999911, -1.474999999999999867 ) ) ;
#7563 = FILL_AREA_STYLE_COLOUR ( '', #5149 ) ;
#7564 = LINE ( 'NONE', #7863, #4397 ) ;
#7565 = ORIENTED_EDGE ( 'NONE', *, *, #7175, .F. ) ;
#7566 = VECTOR ( 'NONE', #2726, 1000.000000000000000 ) ;
#7567 = CARTESIAN_POINT ( 'NONE',  ( 6.625000000000000888, 1.949999999999999512, 2.025000000000007017 ) ) ;
#7568 = VECTOR ( 'NONE', #8386, 1000.000000000000000 ) ;
#7569 = EDGE_CURVE ( 'NONE', #4722, #4275, #7673, .T. ) ;
#7570 = FACE_OUTER_BOUND ( 'NONE', #780, .T. ) ;
#7571 = LINE ( 'NONE', #2967, #2154 ) ;
#7572 = EDGE_CURVE ( 'NONE', #3863, #6701, #7571, .T. ) ;
#7573 = VECTOR ( 'NONE', #2671, 1000.000000000000000 ) ;
#7574 = PLANE ( 'NONE',  #4981 ) ;
#7575 = VECTOR ( 'NONE', #524, 1000.000000000000000 ) ;
#7576 = EDGE_CURVE ( 'NONE', #3626, #2333, #5712, .T. ) ;
#7577 = CARTESIAN_POINT ( 'NONE',  ( -2.475000000000000089, 1.999999999999997780, -2.075000000000008615 ) ) ;
#7578 = DIRECTION ( 'NONE',  ( 0.0000000000000000000, 1.000000000000000000, 0.0000000000000000000 ) ) ;
#7579 = DIRECTION ( 'NONE',  ( 0.0000000000000000000, 1.000000000000000000, 0.0000000000000000000 ) ) ;
#7580 = FACE_OUTER_BOUND ( 'NONE', #1966, .T. ) ;
#7581 = EDGE_CURVE ( 'NONE', #5542, #6211, #5198, .T. ) ;
#7582 = LINE ( 'NONE', #6971, #1950 ) ;
#7583 = CARTESIAN_POINT ( 'NONE',  ( 4.485000000000001208, 1.000000000000000000, -2.024999999999999911 ) ) ;
#7584 = DIRECTION ( 'NONE',  ( 0.0000000000000000000, 1.000000000000000000, -1.084202172485501673E-15 ) ) ;
#7585 = SURFACE_SIDE_STYLE ('',( #4106 ) ) ;
#7586 = CARTESIAN_POINT ( 'NONE',  ( -2.274999999999999911, 4.249999999999998224, -2.075000000000001510 ) ) ;
#7587 = EDGE_LOOP ( 'NONE', ( #4567, #8326, #768, #2286 ) ) ;
#7588 = DIRECTION ( 'NONE',  ( -1.000000000000000000, 0.0000000000000000000, 0.0000000000000000000 ) ) ;
#7589 = ORIENTED_EDGE ( 'NONE', *, *, #2762, .F. ) ;
#7590 = DIRECTION ( 'NONE',  ( 0.0000000000000000000, 0.0000000000000000000, -1.000000000000000000 ) ) ;
#7591 = DIRECTION ( 'NONE',  ( 0.0000000000000000000, 0.0000000000000000000, 1.000000000000000000 ) ) ;
#7592 = ORIENTED_EDGE ( 'NONE', *, *, #4177, .F. ) ;
#7593 = ADVANCED_FACE ( 'NONE', ( #2470 ), #1044, .T. ) ;
#7594 = AXIS2_PLACEMENT_3D ( 'NONE', #5275, #7818, #5937 ) ;
#7595 = DIRECTION ( 'NONE',  ( 0.0000000000000000000, 3.212450881438532635E-15, -1.000000000000000000 ) ) ;
#7596 = VECTOR ( 'NONE', #2818, 1000.000000000000000 ) ;
#7597 = ORIENTED_EDGE ( 'NONE', *, *, #662, .T. ) ;
#7598 = ORIENTED_EDGE ( 'NONE', *, *, #2155, .T. ) ;
#7599 = ORIENTED_EDGE ( 'NONE', *, *, #4608, .F. ) ;
#7600 = ORIENTED_EDGE ( 'NONE', *, *, #2043, .F. ) ;
#7601 = PLANE ( 'NONE',  #1355 ) ;
#7602 = VERTEX_POINT ( 'NONE', #7583 ) ;
#7603 = VECTOR ( 'NONE', #3268, 1000.000000000000000 ) ;
#7604 = ORIENTED_EDGE ( 'NONE', *, *, #1114, .T. ) ;
#7605 = CARTESIAN_POINT ( 'NONE',  ( 0.7250000000000000888, 1.649999999999999911, 2.024999999999999911 ) ) ;
#7606 = ORIENTED_EDGE ( 'NONE', *, *, #3414, .F. ) ;
#7607 = DIRECTION ( 'NONE',  ( 0.0000000000000000000, 0.0000000000000000000, 1.000000000000000000 ) ) ;
#7608 = ORIENTED_EDGE ( 'NONE', *, *, #3783, .F. ) ;
#7609 = PRESENTATION_LAYER_ASSIGNMENT (  '', '', ( #2365 ) ) ;
#7610 = DIRECTION ( 'NONE',  ( 0.0000000000000000000, 0.0000000000000000000, -1.000000000000000000 ) ) ;
#7611 = VECTOR ( 'NONE', #98, 1000.000000000000114 ) ;
#7612 = AXIS2_PLACEMENT_3D ( 'NONE', #4687, #8034, #2777 ) ;
#7613 = CARTESIAN_POINT ( 'NONE',  ( -1.375000000000000000, 3.750000000000000000, 0.02500000000000000139 ) ) ;
#7614 = CARTESIAN_POINT ( 'NONE',  ( 0.7249999999999999778, 1.350000000000000089, -1.525000000000000133 ) ) ;
#7615 = ORIENTED_EDGE ( 'NONE', *, *, #3001, .T. ) ;
#7616 = ORIENTED_EDGE ( 'NONE', *, *, #4664, .T. ) ;
#7617 = CARTESIAN_POINT ( 'NONE',  ( 6.206138830084190872, 2.250000000000000000, 1.025000000000000133 ) ) ;
#7618 = DIRECTION ( 'NONE',  ( 0.0000000000000000000, 0.0000000000000000000, 1.000000000000000000 ) ) ;
#7619 = CARTESIAN_POINT ( 'NONE',  ( 1.975000000000000089, 0.5000000000000000000, -1.525000000000000133 ) ) ;
#7620 = ORIENTED_EDGE ( 'NONE', *, *, #6367, .F. ) ;
#7621 = ORIENTED_EDGE ( 'NONE', *, *, #548, .T. ) ;
#7622 = DIRECTION ( 'NONE',  ( 1.000000000000000000, 0.0000000000000000000, 0.0000000000000000000 ) ) ;
#7623 = FACE_OUTER_BOUND ( 'NONE', #479, .T. ) ;
#7624 = DIRECTION ( 'NONE',  ( 0.0000000000000000000, -1.000000000000000000, 0.0000000000000000000 ) ) ;
#7625 = FACE_OUTER_BOUND ( 'NONE', #4578, .T. ) ;
#7626 = EDGE_CURVE ( 'NONE', #6057, #3156, #3975, .T. ) ;
#7627 = VERTEX_POINT ( 'NONE', #2907 ) ;
#7628 = VERTEX_POINT ( 'NONE', #6262 ) ;
#7629 = EDGE_CURVE ( 'NONE', #7889, #1575, #7237, .T. ) ;
#7630 = ORIENTED_EDGE ( 'NONE', *, *, #6769, .F. ) ;
#7632 = SURFACE_STYLE_FILL_AREA ( #1541 ) ;
#7631 = DIRECTION ( 'NONE',  ( 0.0000000000000000000, 0.0000000000000000000, -1.000000000000000000 ) ) ;
#7633 = ORIENTED_EDGE ( 'NONE', *, *, #3038, .F. ) ;
#7634 = EDGE_CURVE ( 'NONE', #6973, #493, #97, .T. ) ;
#7635 = VECTOR ( 'NONE', #2770, 1000.000000000000000 ) ;
#7636 = ADVANCED_FACE ( 'NONE', ( #5822 ), #1696, .F. ) ;
#7637 = LINE ( 'NONE', #1676, #276 ) ;
#7638 = ORIENTED_EDGE ( 'NONE', *, *, #6955, .F. ) ;
#7639 = CARTESIAN_POINT ( 'NONE',  ( -0.7249999999999999778, 0.5000000000000000000, -1.525000000000000133 ) ) ;
#7640 = CARTESIAN_POINT ( 'NONE',  ( 2.875000000000000000, 1.000000000000000000, -1.525000000000000133 ) ) ;
#7641 = ADVANCED_FACE ( 'NONE', ( #1542 ), #297, .F. ) ;
#7642 = FACE_OUTER_BOUND ( 'NONE', #6310, .T. ) ;
#7643 = CARTESIAN_POINT ( 'NONE',  ( 0.5250000000000000222, 0.5547525681000000652, 2.024999999999999911 ) ) ;
#7644 = DIRECTION ( 'NONE',  ( 0.0000000000000000000, 0.0000000000000000000, -1.000000000000000000 ) ) ;
#7645 = ORIENTED_EDGE ( 'NONE', *, *, #1332, .T. ) ;
#7646 = ORIENTED_EDGE ( 'NONE', *, *, #5530, .T. ) ;
#7647 = VECTOR ( 'NONE', #1728, 1000.000000000000000 ) ;
#7648 = CARTESIAN_POINT ( 'NONE',  ( 0.7249999999999999778, 1.850000000000000089, -2.024999999999999911 ) ) ;
#7649 = ORIENTED_EDGE ( 'NONE', *, *, #7371, .F. ) ;
#7650 = FILL_AREA_STYLE_COLOUR ( '', #4990 ) ;
#7651 = CARTESIAN_POINT ( 'NONE',  ( -2.475000000000000089, 1.999999999999998668, -1.425000000000000933 ) ) ;
#7652 = FACE_OUTER_BOUND ( 'NONE', #245, .T. ) ;
#7653 = ORIENTED_EDGE ( 'NONE', *, *, #4775, .F. ) ;
#7654 = VECTOR ( 'NONE', #4238, 1000.000000000000000 ) ;
#7655 = SURFACE_STYLE_USAGE ( .BOTH. , #3793 ) ;
#7656 = LINE ( 'NONE', #7448, #5793 ) ;
#7657 = DIRECTION ( 'NONE',  ( -1.000000000000000000, 0.0000000000000000000, 0.0000000000000000000 ) ) ;
#7658 = AXIS2_PLACEMENT_3D ( 'NONE', #1909, #21, #682 ) ;
#7659 = ORIENTED_EDGE ( 'NONE', *, *, #7512, .F. ) ;
#7660 = FACE_OUTER_BOUND ( 'NONE', #5144, .T. ) ;
#7661 = FILL_AREA_STYLE_COLOUR ( '', #6425 ) ;
#7662 = PLANE ( 'NONE',  #7428 ) ;
#7663 = CARTESIAN_POINT ( 'NONE',  ( -0.8750000000000000000, 2.250000000000000000, -2.024999999999999911 ) ) ;
#7664 = EDGE_CURVE ( 'NONE', #7068, #530, #1132, .T. ) ;
#7665 = LINE ( 'NONE', #5397, #2657 ) ;
#7666 = DIRECTION ( 'NONE',  ( 0.0000000000000000000, -0.6650335612228979176, -0.7468134723257140450 ) ) ;
#7667 = ORIENTED_EDGE ( 'NONE', *, *, #7230, .T. ) ;
#7668 = LINE ( 'NONE', #7064, #5508 ) ;
#7669 = VECTOR ( 'NONE', #5182, 1000.000000000000000 ) ;
#7670 = DIRECTION ( 'NONE',  ( 1.000000000000000000, 0.0000000000000000000, 0.0000000000000000000 ) ) ;
#7671 = AXIS2_PLACEMENT_3D ( 'NONE', #5086, #8254, #3083 ) ;
#7672 = PLANE ( 'NONE',  #5386 ) ;
#7673 = LINE ( 'NONE', #247, #305 ) ;
#7674 = DIRECTION ( 'NONE',  ( -1.000000000000000000, 0.0000000000000000000, 0.0000000000000000000 ) ) ;
#7675 = CARTESIAN_POINT ( 'NONE',  ( -0.7249999999999999778, -0.6500000000000000222, -1.775000000000000133 ) ) ;
#7676 = FACE_OUTER_BOUND ( 'NONE', #948, .T. ) ;
#7677 = SURFACE_STYLE_FILL_AREA ( #3394 ) ;
#7678 = EDGE_CURVE ( 'NONE', #1256, #2406, #5510, .T. ) ;
#7679 = STYLED_ITEM ( 'NONE', ( #4688 ), #2981 ) ;
#7680 = LINE ( 'NONE', #3585, #4206 ) ;
#7681 = EDGE_LOOP ( 'NONE', ( #6002, #4742, #8330, #5970 ) ) ;
#7682 =( LENGTH_UNIT ( ) NAMED_UNIT ( * ) SI_UNIT ( .MILLI., .METRE. ) );
#7683 = CARTESIAN_POINT ( 'NONE',  ( -2.274999999999999911, 8.673617379884035472E-15, -0.2250000000000008105 ) ) ;
#7684 = ADVANCED_FACE ( 'NONE', ( #3785 ), #4325, .T. ) ;
#7685 = EDGE_CURVE ( 'NONE', #7100, #4732, #615, .T. ) ;
#7686 = PRESENTATION_STYLE_ASSIGNMENT (( #5543 ) ) ;
#7687 = FACE_OUTER_BOUND ( 'NONE', #5325, .T. ) ;
#7688 = EDGE_CURVE ( 'NONE', #1302, #1534, #7462, .T. ) ;
#7689 = DIRECTION ( 'NONE',  ( 1.000000000000000000, 0.0000000000000000000, 0.0000000000000000000 ) ) ;
#7690 = CARTESIAN_POINT ( 'NONE',  ( -2.274999999999999911, 2.224999999999998757, -2.025000000000007905 ) ) ;
#7691 = ORIENTED_EDGE ( 'NONE', *, *, #2602, .T. ) ;
#7692 = LINE ( 'NONE', #2116, #8194 ) ;
#7693 = EDGE_CURVE ( 'NONE', #3740, #3054, #2036, .T. ) ;
#7694 = DIRECTION ( 'NONE',  ( 1.000000000000000000, 0.0000000000000000000, 0.0000000000000000000 ) ) ;
#7695 = FACE_OUTER_BOUND ( 'NONE', #2497, .T. ) ;
#7696 = DIRECTION ( 'NONE',  ( 1.000000000000000000, 0.0000000000000000000, 0.0000000000000000000 ) ) ;
#7697 =( NAMED_UNIT ( * ) SI_UNIT ( $, .STERADIAN. ) SOLID_ANGLE_UNIT ( ) );
#7698 = CARTESIAN_POINT ( 'NONE',  ( -1.875000000000000000, 0.5000000000000000000, -1.474999999999999867 ) ) ;
#7699 = ORIENTED_EDGE ( 'NONE', *, *, #7347, .T. ) ;
#7700 = EDGE_CURVE ( 'NONE', #136, #4663, #5288, .T. ) ;
#7701 = ORIENTED_EDGE ( 'NONE', *, *, #7678, .F. ) ;
#7702 = ORIENTED_EDGE ( 'NONE', *, *, #5140, .F. ) ;
#7703 = CARTESIAN_POINT ( 'NONE',  ( -0.5250000000000000222, 1.350000000000000089, 0.0000000000000000000 ) ) ;
#7704 = CARTESIAN_POINT ( 'NONE',  ( 6.625000000000000888, 1.950000000000002176, 1.375000000000006883 ) ) ;
#7705 = DIRECTION ( 'NONE',  ( 0.0000000000000000000, 0.0000000000000000000, -1.000000000000000000 ) ) ;
#7706 = CARTESIAN_POINT ( 'NONE',  ( 4.474999999999999645, 0.5000000000000000000, -1.525000000000000133 ) ) ;
#7707 = LINE ( 'NONE', #2196, #3396 ) ;
#7708 = SURFACE_SIDE_STYLE ('',( #8172 ) ) ;
#7709 = ORIENTED_EDGE ( 'NONE', *, *, #491, .F. ) ;
#7710 = CARTESIAN_POINT ( 'NONE',  ( -0.4249999999999999889, 1.850000000000000089, -1.698606797699999893 ) ) ;
#7711 = ORIENTED_EDGE ( 'NONE', *, *, #7838, .F. ) ;
#7712 = ORIENTED_EDGE ( 'NONE', *, *, #3897, .F. ) ;
#7713 = DIRECTION ( 'NONE',  ( 1.000000000000000000, 0.0000000000000000000, 0.0000000000000000000 ) ) ;
#7714 = MANIFOLD_SOLID_BREP ( 'Body-Move/Copy2[3]', #1514 ) ;
#7715 = VERTEX_POINT ( 'NONE', #6879 ) ;
#7716 = CARTESIAN_POINT ( 'NONE',  ( 1.765000000000000124, 1.850000000000000089, -2.024999999999999911 ) ) ;
#7717 = ORIENTED_EDGE ( 'NONE', *, *, #1226, .F. ) ;
#7718 = PRESENTATION_STYLE_ASSIGNMENT (( #5544 ) ) ;
#7719 = CARTESIAN_POINT ( 'NONE',  ( -2.274999999999999911, 1.949999999999999512, 2.025000000000007017 ) ) ;
#7720 = AXIS2_PLACEMENT_3D ( 'NONE', #5446, #8114, #3457 ) ;
#7721 = ORIENTED_EDGE ( 'NONE', *, *, #8383, .T. ) ;
#7722 = ORIENTED_EDGE ( 'NONE', *, *, #4611, .T. ) ;
#7723 = CARTESIAN_POINT ( 'NONE',  ( 4.275000000000000355, 0.0000000000000000000, -1.525000000000000133 ) ) ;
#7724 = VECTOR ( 'NONE', #5747, 1000.000000000000000 ) ;
#7725 = EDGE_CURVE ( 'NONE', #8086, #795, #3885, .T. ) ;
#7726 = LINE ( 'NONE', #4502, #1789 ) ;
#7727 = ORIENTED_EDGE ( 'NONE', *, *, #6356, .T. ) ;
#7728 = DIRECTION ( 'NONE',  ( 0.0000000000000000000, -1.000000000000000000, 0.0000000000000000000 ) ) ;
#7729 = ORIENTED_EDGE ( 'NONE', *, *, #4932, .T. ) ;
#7730 = CARTESIAN_POINT ( 'NONE',  ( -0.7249999999999999778, 1.649999999999999911, -1.025000000000000133 ) ) ;
#7731 = ORIENTED_EDGE ( 'NONE', *, *, #3859, .T. ) ;
#7732 = EDGE_CURVE ( 'NONE', #5333, #2406, #6328, .T. ) ;
#7733 =( NAMED_UNIT ( * ) SI_UNIT ( $, .STERADIAN. ) SOLID_ANGLE_UNIT ( ) );
#7734 = CARTESIAN_POINT ( 'NONE',  ( 4.125000000000000000, 1.000000000000000000, -1.525000000000000133 ) ) ;
#7735 = ORIENTED_EDGE ( 'NONE', *, *, #1103, .F. ) ;
#7736 = VECTOR ( 'NONE', #6842, 1000.000000000000000 ) ;
#7737 = EDGE_CURVE ( 'NONE', #4438, #4529, #2372, .T. ) ;
#7738 = EDGE_LOOP ( 'NONE', ( #2723, #3762, #8102, #2439 ) ) ;
#7739 = DIRECTION ( 'NONE',  ( 0.0000000000000000000, 1.000000000000000000, 2.552445434498790050E-15 ) ) ;
#7740 = ORIENTED_EDGE ( 'NONE', *, *, #7789, .F. ) ;
#7741 = ORIENTED_EDGE ( 'NONE', *, *, #2152, .F. ) ;
#7742 = EDGE_CURVE ( 'NONE', #4529, #3325, #3691, .T. ) ;
#7743 = EDGE_LOOP ( 'NONE', ( #337, #3510, #1451, #6924 ) ) ;
#7744 = ORIENTED_EDGE ( 'NONE', *, *, #7907, .T. ) ;
#7745 = FACE_OUTER_BOUND ( 'NONE', #5798, .T. ) ;
#7746 = EDGE_CURVE ( 'NONE', #1012, #754, #206, .T. ) ;
#7747 = DIRECTION ( 'NONE',  ( 0.0000000000000000000, 1.000000000000000000, 0.0000000000000000000 ) ) ;
#7748 = FACE_OUTER_BOUND ( 'NONE', #6719, .T. ) ;
#7749 = EDGE_LOOP ( 'NONE', ( #853, #7433, #2201, #6558 ) ) ;
#7750 = ORIENTED_EDGE ( 'NONE', *, *, #8074, .F. ) ;
#7751 = VECTOR ( 'NONE', #215, 1000.000000000000000 ) ;
#7752 = DIRECTION ( 'NONE',  ( 0.0000000000000000000, -1.084202172485501673E-15, -1.000000000000000000 ) ) ;
#7753 = CARTESIAN_POINT ( 'NONE',  ( -0.7249999999999999778, 1.649999999999999911, 2.024999999999999911 ) ) ;
#7754 = DIRECTION ( 'NONE',  ( 0.0000000000000000000, 1.000000000000000000, 0.0000000000000000000 ) ) ;
#7755 = CARTESIAN_POINT ( 'NONE',  ( 2.575000000000001066, 1.850000000000000089, -1.474999999999999867 ) ) ;
#7756 = DIRECTION ( 'NONE',  ( 0.0000000000000000000, -1.000000000000000000, -3.212450881438532635E-15 ) ) ;
#7757 = VERTEX_POINT ( 'NONE', #3135 ) ;
#7758 = EDGE_LOOP ( 'NONE', ( #167, #5360, #6832, #4131, #2845, #4621 ) ) ;
#7759 = FACE_OUTER_BOUND ( 'NONE', #3818, .T. ) ;
#7760 = CARTESIAN_POINT ( 'NONE',  ( 0.7249999999999999778, -0.004464445899999999919, 0.003975566199999999890 ) ) ;
#7761 = CARTESIAN_POINT ( 'NONE',  ( 1.775000000000000133, 1.649999999999999911, 2.024999999999999911 ) ) ;
#7762 = DIRECTION ( 'NONE',  ( -1.000000000000000000, 0.0000000000000000000, 0.0000000000000000000 ) ) ;
#7763 = LINE ( 'NONE', #3344, #5705 ) ;
#7764 = ORIENTED_EDGE ( 'NONE', *, *, #71, .T. ) ;
#7765 = DIRECTION ( 'NONE',  ( 0.0000000000000000000, 1.000000000000000000, 0.0000000000000000000 ) ) ;
#7766 = VECTOR ( 'NONE', #1142, 1000.000000000000000 ) ;
#7767 = LINE ( 'NONE', #7998, #500 ) ;
#7768 = PRESENTATION_STYLE_ASSIGNMENT (( #5237 ) ) ;
#7769 = DIRECTION ( 'NONE',  ( -0.0000000000000000000, 1.000000000000000000, 0.0000000000000000000 ) ) ;
#7770 = VECTOR ( 'NONE', #743, 1000.000000000000000 ) ;
#7771 = ORIENTED_EDGE ( 'NONE', *, *, #3724, .T. ) ;
#7772 = VECTOR ( 'NONE', #6609, 1000.000000000000000 ) ;
#7773 = VECTOR ( 'NONE', #927, 1000.000000000000000 ) ;
#7774 = DIRECTION ( 'NONE',  ( 0.0000000000000000000, -1.000000000000000000, 0.0000000000000000000 ) ) ;
#7775 = AXIS2_PLACEMENT_3D ( 'NONE', #4519, #5001, #6965 ) ;
#7776 = PLANE ( 'NONE',  #7658 ) ;
#7777 = EDGE_CURVE ( 'NONE', #3643, #6783, #924, .T. ) ;
#7778 = CARTESIAN_POINT ( 'NONE',  ( 4.475000000000000533, 1.315130797599999957, 1.171117220399999770 ) ) ;
#7779 = CARTESIAN_POINT ( 'NONE',  ( -2.875000000000000000, 1.000000000000000000, 2.024999999999999911 ) ) ;
#7780 = VECTOR ( 'NONE', #5419, 1000.000000000000000 ) ;
#7781 = CARTESIAN_POINT ( 'NONE',  ( 3.225000000000000089, 0.5000000000000000000, -1.525000000000000133 ) ) ;
#7782 = AXIS2_PLACEMENT_3D ( 'NONE', #4148, #7429, #3518 ) ;
#7783 = CARTESIAN_POINT ( 'NONE',  ( 0.7249999999999999778, 0.0000000000000000000, 2.024999999999999911 ) ) ;
#7784 = MECHANICAL_DESIGN_GEOMETRIC_PRESENTATION_REPRESENTATION (  '', ( #4287 ), #1720 ) ;
#7785 = FACE_OUTER_BOUND ( 'NONE', #3159, .T. ) ;
#7786 = DIRECTION ( 'NONE',  ( 0.0000000000000000000, 1.000000000000000000, 0.0000000000000000000 ) ) ;
#7787 = LINE ( 'NONE', #6945, #935 ) ;
#7788 = CARTESIAN_POINT ( 'NONE',  ( -2.475000000000000089, 3.600000000000000089, -1.425000000000000933 ) ) ;
#7789 = EDGE_CURVE ( 'NONE', #7377, #1558, #811, .T. ) ;
#7790 = ORIENTED_EDGE ( 'NONE', *, *, #6190, .T. ) ;
#7791 = ORIENTED_EDGE ( 'NONE', *, *, #342, .F. ) ;
#7792 = LINE ( 'NONE', #5980, #8391 ) ;
#7793 = EDGE_CURVE ( 'NONE', #3854, #5835, #6524, .T. ) ;
#7794 = PLANE ( 'NONE',  #6878 ) ;
#7795 = LINE ( 'NONE', #250, #7374 ) ;
#7796 = VERTEX_POINT ( 'NONE', #8339 ) ;
#7797 = EDGE_CURVE ( 'NONE', #6654, #674, #1121, .T. ) ;
#7798 = CARTESIAN_POINT ( 'NONE',  ( -0.5150000000000000133, 1.850000000000000089, -1.025000000000000133 ) ) ;
#7799 = ORIENTED_EDGE ( 'NONE', *, *, #4341, .T. ) ;
#7800 = CARTESIAN_POINT ( 'NONE',  ( 0.5150000000000000133, 1.000000000000000000, -1.525000000000000133 ) ) ;
#7801 = ORIENTED_EDGE ( 'NONE', *, *, #4220, .F. ) ;
#7802 = CARTESIAN_POINT ( 'NONE',  ( 5.625000000000000888, 2.550000000000000266, -1.474999999999999867 ) ) ;
#7803 = DIRECTION ( 'NONE',  ( -0.0000000000000000000, -1.000000000000000000, -3.219646771412953967E-15 ) ) ;
#7804 = VERTEX_POINT ( 'NONE', #1208 ) ;
#7805 = LINE ( 'NONE', #1883, #7912 ) ;
#7806 = EDGE_CURVE ( 'NONE', #5896, #1399, #6223, .T. ) ;
#7807 = CARTESIAN_POINT ( 'NONE',  ( 3.024999999999999911, 0.0000000000000000000, -1.525000000000000133 ) ) ;
#7808 = ORIENTED_EDGE ( 'NONE', *, *, #3897, .T. ) ;
#7809 = ORIENTED_EDGE ( 'NONE', *, *, #7283, .F. ) ;
#7810 = DIRECTION ( 'NONE',  ( 0.0000000000000000000, -1.000000000000000000, 0.0000000000000000000 ) ) ;
#7811 = ADVANCED_FACE ( 'NONE', ( #3180 ), #3703, .T. ) ;
#7812 = UNCERTAINTY_MEASURE_WITH_UNIT (LENGTH_MEASURE( 1.000000000000000082E-05 ), #5908, 'distance_accuracy_value', 'NONE');
#7813 = FACE_OUTER_BOUND ( 'NONE', #8394, .T. ) ;
#7814 = ORIENTED_EDGE ( 'NONE', *, *, #2383, .T. ) ;
#7815 = ORIENTED_EDGE ( 'NONE', *, *, #3386, .T. ) ;
#7816 = EDGE_LOOP ( 'NONE', ( #7220, #5313, #1869, #6192 ) ) ;
#7817 = PRESENTATION_LAYER_ASSIGNMENT (  '', '', ( #3717 ) ) ;
#7818 = DIRECTION ( 'NONE',  ( 1.000000000000000000, 0.0000000000000000000, 0.0000000000000000000 ) ) ;
#7819 = LINE ( 'NONE', #137, #1033 ) ;
#7820 = DIRECTION ( 'NONE',  ( 0.0000000000000000000, 0.0000000000000000000, 1.000000000000000000 ) ) ;
#7821 = VECTOR ( 'NONE', #1345, 1000.000000000000000 ) ;
#7822 = DIRECTION ( 'NONE',  ( 1.000000000000000000, 0.0000000000000000000, 0.0000000000000000000 ) ) ;
#7823 = EDGE_CURVE ( 'NONE', #4151, #6589, #8073, .T. ) ;
#7824 = ORIENTED_EDGE ( 'NONE', *, *, #1855, .F. ) ;
#7825 = LINE ( 'NONE', #5557, #3429 ) ;
#7826 = LINE ( 'NONE', #823, #4035 ) ;
#7827 = CARTESIAN_POINT ( 'NONE',  ( 1.774999999999999911, 0.3499999999999999778, -2.075000000000000178 ) ) ;
#7828 = ORIENTED_EDGE ( 'NONE', *, *, #7797, .T. ) ;
#7829 = DIRECTION ( 'NONE',  ( 0.0000000000000000000, 1.000000000000000000, 0.0000000000000000000 ) ) ;
#7830 = ADVANCED_FACE ( 'NONE', ( #6323 ), #2418, .F. ) ;
#7831 = VERTEX_POINT ( 'NONE', #7643 ) ;
#7832 = EDGE_CURVE ( 'NONE', #4627, #5080, #6428, .T. ) ;
#7833 = AXIS2_PLACEMENT_3D ( 'NONE', #2399, #1734, #5005 ) ;
#7834 = CARTESIAN_POINT ( 'NONE',  ( 3.024999999999999911, 0.3499999999999999778, -2.075000000000000178 ) ) ;
#7835 = ORIENTED_EDGE ( 'NONE', *, *, #3258, .F. ) ;
#7836 = LINE ( 'NONE', #4349, #2003 ) ;
#7837 = CARTESIAN_POINT ( 'NONE',  ( 1.775000000000000133, 1.649999999999999911, -1.698606797699999893 ) ) ;
#7838 = EDGE_CURVE ( 'NONE', #1778, #671, #3272, .T. ) ;
#7839 = CARTESIAN_POINT ( 'NONE',  ( -0.7249999999999999778, 1.850000000000000089, 0.0000000000000000000 ) ) ;
#7840 = VECTOR ( 'NONE', #6382, 1000.000000000000000 ) ;
#7841 = CARTESIAN_POINT ( 'NONE',  ( 6.225000000000001421, 1.999999999999997780, -2.075000000000008615 ) ) ;
#7842 = ORIENTED_EDGE ( 'NONE', *, *, #6413, .F. ) ;
#7843 = ORIENTED_EDGE ( 'NONE', *, *, #3996, .F. ) ;
#7844 = EDGE_CURVE ( 'NONE', #3346, #6808, #4796, .T. ) ;
#7845 = VECTOR ( 'NONE', #8284, 1000.000000000000000 ) ;
#7846 = DIRECTION ( 'NONE',  ( -0.0000000000000000000, 1.000000000000000000, 0.0000000000000000000 ) ) ;
#7847 = ORIENTED_EDGE ( 'NONE', *, *, #3733, .F. ) ;
#7848 = EDGE_CURVE ( 'NONE', #8012, #796, #5614, .T. ) ;
#7849 = CARTESIAN_POINT ( 'NONE',  ( 6.025000000000001243, 4.240000000000000213, 0.0000000000000000000 ) ) ;
#7850 = PRESENTATION_STYLE_ASSIGNMENT (( #4551 ) ) ;
#7851 = ORIENTED_EDGE ( 'NONE', *, *, #5203, .F. ) ;
#7852 = ORIENTED_EDGE ( 'NONE', *, *, #3796, .T. ) ;
#7853 = DIRECTION ( 'NONE',  ( 1.000000000000000000, 0.0000000000000000000, 0.0000000000000000000 ) ) ;
#7854 = ADVANCED_FACE ( 'NONE', ( #1931 ), #5028, .F. ) ;
#7855 = VECTOR ( 'NONE', #854, 1000.000000000000000 ) ;
#7856 = EDGE_CURVE ( 'NONE', #2068, #7796, #6015, .T. ) ;
#7857 = DIRECTION ( 'NONE',  ( -1.000000000000000000, 0.0000000000000000000, 0.0000000000000000000 ) ) ;
#7858 = LINE ( 'NONE', #2228, #4792 ) ;
#7859 = CARTESIAN_POINT ( 'NONE',  ( 0.7250000000000000888, 0.3500000000000000333, -2.024999999999999911 ) ) ;
#7860 = EDGE_LOOP ( 'NONE', ( #452, #307, #5051, #4262, #6672, #448 ) ) ;
#7861 = CARTESIAN_POINT ( 'NONE',  ( 0.7250000000000000888, 1.850000000000000089, 0.0000000000000000000 ) ) ;
#7862 = VECTOR ( 'NONE', #7424, 1000.000000000000000 ) ;
#7863 = CARTESIAN_POINT ( 'NONE',  ( 1.984999999999999876, 1.850000000000000089, -1.025000000000000133 ) ) ;
#7864 = VECTOR ( 'NONE', #1320, 1000.000000000000000 ) ;
#7865 = FILL_AREA_STYLE ('',( #5299 ) ) ;
#7866 = LINE ( 'NONE', #2822, #5402 ) ;
#7867 = ORIENTED_EDGE ( 'NONE', *, *, #2272, .T. ) ;
#7868 = VECTOR ( 'NONE', #5535, 1000.000000000000000 ) ;
#7869 = FACE_OUTER_BOUND ( 'NONE', #7058, .T. ) ;
#7870 = CARTESIAN_POINT ( 'NONE',  ( 2.875000000000000000, 1.000000000000000000, -1.525000000000000133 ) ) ;
#7871 = PLANE ( 'NONE',  #7488 ) ;
#7872 = CARTESIAN_POINT ( 'NONE',  ( 3.024999999999999911, 1.649999999999999911, -1.025000000000000133 ) ) ;
#7873 = ADVANCED_FACE ( 'NONE', ( #1529 ), #4581, .F. ) ;
#7874 = VECTOR ( 'NONE', #1466, 1000.000000000000000 ) ;
#7875 = PLANE ( 'NONE',  #1951 ) ;
#7876 = DIRECTION ( 'NONE',  ( -1.000000000000000000, 0.0000000000000000000, 0.0000000000000000000 ) ) ;
#7877 = AXIS2_PLACEMENT_3D ( 'NONE', #6896, #8141, #4879 ) ;
#7878 = PLANE ( 'NONE',  #3128 ) ;
#7879 = LINE ( 'NONE', #6789, #934 ) ;
#7880 = DIRECTION ( 'NONE',  ( -1.000000000000000000, 0.0000000000000000000, 0.0000000000000000000 ) ) ;
#7881 = EDGE_CURVE ( 'NONE', #635, #7628, #4082, .T. ) ;
#7882 = AXIS2_PLACEMENT_3D ( 'NONE', #8005, #2124, #7245 ) ;
#7883 = LINE ( 'NONE', #6146, #1551 ) ;
#7884 =( NAMED_UNIT ( * ) SI_UNIT ( $, .STERADIAN. ) SOLID_ANGLE_UNIT ( ) );
#7885 = CARTESIAN_POINT ( 'NONE',  ( -0.4249999999999999889, 1.649999999999999911, -1.474999999999999867 ) ) ;
#7886 = CARTESIAN_POINT ( 'NONE',  ( -2.875000000000000000, 0.0000000000000000000, 2.024999999999999911 ) ) ;
#7887 = PLANE ( 'NONE',  #4431 ) ;
#7888 = VERTEX_POINT ( 'NONE', #3271 ) ;
#7889 = VERTEX_POINT ( 'NONE', #5899 ) ;
#7890 = VECTOR ( 'NONE', #2857, 1000.000000000000000 ) ;
#7891 = CARTESIAN_POINT ( 'NONE',  ( 0.0000000000000000000, 0.0000000000000000000, 0.02500000000000000139 ) ) ;
#7892 = VECTOR ( 'NONE', #6235, 1000.000000000000000 ) ;
#7893 = CARTESIAN_POINT ( 'NONE',  ( 0.5250000000000000222, 1.795247431900000024, 2.024999999999999911 ) ) ;
#7894 = ADVANCED_FACE ( 'NONE', ( #8267 ), #663, .F. ) ;
#7895 = DIRECTION ( 'NONE',  ( 0.0000000000000000000, -1.000000000000000000, 0.0000000000000000000 ) ) ;
#7896 = CARTESIAN_POINT ( 'NONE',  ( 0.7250000000000000888, 0.5000000000000000000, 2.024999999999999911 ) ) ;
#7897 = VERTEX_POINT ( 'NONE', #7834 ) ;
#7898 =( NAMED_UNIT ( * ) PLANE_ANGLE_UNIT ( ) SI_UNIT ( $, .RADIAN. ) );
#7899 = CARTESIAN_POINT ( 'NONE',  ( 0.7349999999999999867, 1.850000000000000089, -1.025000000000000133 ) ) ;
#7900 = ORIENTED_EDGE ( 'NONE', *, *, #6198, .T. ) ;
#7901 = EDGE_LOOP ( 'NONE', ( #7589, #3301, #4661, #4374 ) ) ;
#7902 = EDGE_CURVE ( 'NONE', #5133, #1309, #7564, .T. ) ;
#7903 = VERTEX_POINT ( 'NONE', #1946 ) ;
#7904 = DIRECTION ( 'NONE',  ( 1.000000000000000000, 0.0000000000000000000, 0.0000000000000000000 ) ) ;
#7905 = LINE ( 'NONE', #6547, #6153 ) ;
#7906 = CARTESIAN_POINT ( 'NONE',  ( 3.024999999999999911, 1.350000000000000089, 1.525000000000000133 ) ) ;
#7907 = EDGE_CURVE ( 'NONE', #7105, #1058, #5813, .T. ) ;
#7908 = VERTEX_POINT ( 'NONE', #7781 ) ;
#7909 = ORIENTED_EDGE ( 'NONE', *, *, #5631, .T. ) ;
#7910 = CARTESIAN_POINT ( 'NONE',  ( 4.474999999999999645, 0.5000000000000000000, 0.0000000000000000000 ) ) ;
#7911 = DIRECTION ( 'NONE',  ( -1.000000000000000000, -0.0000000000000000000, -0.0000000000000000000 ) ) ;
#7912 = VECTOR ( 'NONE', #6532, 1000.000000000000000 ) ;
#7913 = ORIENTED_EDGE ( 'NONE', *, *, #3894, .F. ) ;
#7914 = EDGE_LOOP ( 'NONE', ( #432, #6687, #7367, #5291 ) ) ;
#7915 = DIRECTION ( 'NONE',  ( 0.0000000000000000000, -1.000000000000000000, 0.0000000000000000000 ) ) ;
#7916 = PLANE ( 'NONE',  #7042 ) ;
#7917 =( LENGTH_UNIT ( ) NAMED_UNIT ( * ) SI_UNIT ( .MILLI., .METRE. ) );
#7918 = CARTESIAN_POINT ( 'NONE',  ( 5.625000000000000888, 2.550000000000000266, -1.474999999999999867 ) ) ;
#7919 = ORIENTED_EDGE ( 'NONE', *, *, #903, .F. ) ;
#7920 = DIRECTION ( 'NONE',  ( -1.000000000000000000, 0.0000000000000000000, 0.0000000000000000000 ) ) ;
#7921 = ORIENTED_EDGE ( 'NONE', *, *, #7823, .T. ) ;
#7922 = FILL_AREA_STYLE_COLOUR ( '', #5624 ) ;
#7923 = LINE ( 'NONE', #6709, #3637 ) ;
#7924 = LINE ( 'NONE', #5637, #1480 ) ;
#7925 = EDGE_LOOP ( 'NONE', ( #8437, #267, #20, #864 ) ) ;
#7926 = DIRECTION ( 'NONE',  ( -1.000000000000000000, 0.0000000000000000000, 0.0000000000000000000 ) ) ;
#7927 = PRESENTATION_LAYER_ASSIGNMENT (  '', '', ( #6711 ) ) ;
#7928 = ORIENTED_EDGE ( 'NONE', *, *, #4569, .F. ) ;
#7929 = CARTESIAN_POINT ( 'NONE',  ( 4.275000000000000355, 0.5000000000000000000, -1.525000000000000133 ) ) ;
#7930 = ORIENTED_EDGE ( 'NONE', *, *, #5044, .F. ) ;
#7931 = AXIS2_PLACEMENT_3D ( 'NONE', #4596, #5976, #4038 ) ;
#7932 = LINE ( 'NONE', #3454, #3148 ) ;
#7933 = EDGE_CURVE ( 'NONE', #3523, #5670, #4993, .T. ) ;
#7934 = ORIENTED_EDGE ( 'NONE', *, *, #53, .T. ) ;
#7935 = ADVANCED_FACE ( 'NONE', ( #1028 ), #2587, .F. ) ;
#7936 = ORIENTED_EDGE ( 'NONE', *, *, #1932, .T. ) ;
#7937 = DIRECTION ( 'NONE',  ( 0.0000000000000000000, 0.0000000000000000000, -1.000000000000000000 ) ) ;
#7938 = CARTESIAN_POINT ( 'NONE',  ( 3.234999999999999876, 1.000000000000000000, -1.525000000000000133 ) ) ;
#7939 = AXIS2_PLACEMENT_3D ( 'NONE', #4974, #1663, #352 ) ;
#7940 = EDGE_LOOP ( 'NONE', ( #436, #2113, #2294, #1889 ) ) ;
#7941 = VECTOR ( 'NONE', #6340, 1000.000000000000000 ) ;
#7942 = CARTESIAN_POINT ( 'NONE',  ( 0.5250000000000000222, 1.649999999999999911, -1.698606797699999893 ) ) ;
#7943 = CARTESIAN_POINT ( 'NONE',  ( 3.225000000000000089, 1.850000000000000089, 0.0000000000000000000 ) ) ;
#7944 = DIRECTION ( 'NONE',  ( 0.0000000000000000000, 0.0000000000000000000, -1.000000000000000000 ) ) ;
#7945 = MECHANICAL_DESIGN_GEOMETRIC_PRESENTATION_REPRESENTATION (  '', ( #2145 ), #7103 ) ;
#7946 = VECTOR ( 'NONE', #7177, 1000.000000000000000 ) ;
#7947 = ORIENTED_EDGE ( 'NONE', *, *, #1771, .T. ) ;
#7948 = VERTEX_POINT ( 'NONE', #5190 ) ;
#7949 = ORIENTED_EDGE ( 'NONE', *, *, #2337, .F. ) ;
#7950 = LINE ( 'NONE', #6059, #6917 ) ;
#7951 = CARTESIAN_POINT ( 'NONE',  ( 3.024999999999999911, 1.000000000000000000, 1.525000000000000133 ) ) ;
#7952 = EDGE_CURVE ( 'NONE', #5382, #6301, #6934, .T. ) ;
#7953 = CARTESIAN_POINT ( 'NONE',  ( 6.025000000000001243, 0.6000000000000024203, 1.375000000000002442 ) ) ;
#7954 = CARTESIAN_POINT ( 'NONE',  ( 4.275000000000000355, 0.0000000000000000000, -1.525000000000000133 ) ) ;
#7955 = DIRECTION ( 'NONE',  ( 0.0000000000000000000, 1.000000000000000000, 0.0000000000000000000 ) ) ;
#7956 = VECTOR ( 'NONE', #375, 1000.000000000000000 ) ;
#7957 = EDGE_CURVE ( 'NONE', #4979, #4923, #3686, .T. ) ;
#7958 = DIRECTION ( 'NONE',  ( 0.0000000000000000000, -1.000000000000000000, -0.0000000000000000000 ) ) ;
#7959 = DIRECTION ( 'NONE',  ( 0.0000000000000000000, -1.000000000000000000, 0.0000000000000000000 ) ) ;
#7960 = ORIENTED_EDGE ( 'NONE', *, *, #5645, .F. ) ;
#7961 = ORIENTED_EDGE ( 'NONE', *, *, #2549, .T. ) ;
#7962 = LINE ( 'NONE', #6244, #7126 ) ;
#7963 = CARTESIAN_POINT ( 'NONE',  ( 0.7249999999999999778, 1.000000000000000000, 0.0000000000000000000 ) ) ;
#7964 = DIRECTION ( 'NONE',  ( 0.0000000000000000000, 0.0000000000000000000, -1.000000000000000000 ) ) ;
#7965 = EDGE_CURVE ( 'NONE', #4979, #6600, #5400, .T. ) ;
#7966 = LINE ( 'NONE', #6950, #1019 ) ;
#7967 = DIRECTION ( 'NONE',  ( 1.000000000000000000, 0.0000000000000000000, 0.0000000000000000000 ) ) ;
#7968 = VERTEX_POINT ( 'NONE', #2613 ) ;
#7969 = EDGE_CURVE ( 'NONE', #1117, #893, #8468, .T. ) ;
#7970 = FILL_AREA_STYLE_COLOUR ( '', #6661 ) ;
#7971 = CARTESIAN_POINT ( 'NONE',  ( -2.875000000000000000, 1.950000000000002176, 1.375000000000006883 ) ) ;
#7972 = PLANE ( 'NONE',  #1486 ) ;
#7973 = ORIENTED_EDGE ( 'NONE', *, *, #6404, .F. ) ;
#7974 = DIRECTION ( 'NONE',  ( 0.0000000000000000000, 0.0000000000000000000, 1.000000000000000000 ) ) ;
#7975 = VECTOR ( 'NONE', #3997, 1000.000000000000000 ) ;
#7976 = LINE ( 'NONE', #8337, #102 ) ;
#7977 = CARTESIAN_POINT ( 'NONE',  ( 1.975000000000000089, 1.000000000000000000, 0.0000000000000000000 ) ) ;
#7978 = CARTESIAN_POINT ( 'NONE',  ( 3.024999999999999911, 0.3500000000000000333, -2.024999999999999911 ) ) ;
#7979 = AXIS2_PLACEMENT_3D ( 'NONE', #5939, #2067, #1354 ) ;
#7980 = ADVANCED_FACE ( 'NONE', ( #5102 ), #831, .T. ) ;
#7981 = CARTESIAN_POINT ( 'NONE',  ( -0.7249999999999999778, 0.3500000000000000333, -2.024999999999999911 ) ) ;
#7982 = COLOUR_RGB ( '',1.000000000000000000, 1.000000000000000000, 1.000000000000000000 ) ;
#7983 = DIRECTION ( 'NONE',  ( 0.0000000000000000000, 0.0000000000000000000, 1.000000000000000000 ) ) ;
#7984 = VECTOR ( 'NONE', #8006, 1000.000000000000000 ) ;
#7985 = DIRECTION ( 'NONE',  ( -1.000000000000000000, 0.0000000000000000000, 0.0000000000000000000 ) ) ;
#7986 = PLANE ( 'NONE',  #1137 ) ;
#7987 = VECTOR ( 'NONE', #6586, 1000.000000000000000 ) ;
#7988 = AXIS2_PLACEMENT_3D ( 'NONE', #4847, #2889, #6777 ) ;
#7989 = STYLED_ITEM ( 'NONE', ( #3074 ), #5528 ) ;
#7990 =( NAMED_UNIT ( * ) SI_UNIT ( $, .STERADIAN. ) SOLID_ANGLE_UNIT ( ) );
#7991 = DIRECTION ( 'NONE',  ( 0.0000000000000000000, -0.0000000000000000000, 1.000000000000000000 ) ) ;
#7992 = EDGE_CURVE ( 'NONE', #7160, #7602, #3368, .T. ) ;
#7993 = MECHANICAL_DESIGN_GEOMETRIC_PRESENTATION_REPRESENTATION (  '', ( #1151 ), #1369 ) ;
#7994 = VERTEX_POINT ( 'NONE', #84 ) ;
#7995 = ORIENTED_EDGE ( 'NONE', *, *, #3302, .F. ) ;
#7996 = LINE ( 'NONE', #2911, #7890 ) ;
#7997 = ORIENTED_EDGE ( 'NONE', *, *, #7121, .T. ) ;
#7998 = CARTESIAN_POINT ( 'NONE',  ( -2.475000000000000089, 1.999999999999998668, -1.425000000000000933 ) ) ;
#7999 = DIRECTION ( 'NONE',  ( 0.0000000000000000000, -1.000000000000000000, 0.0000000000000000000 ) ) ;
#8000 = FACE_OUTER_BOUND ( 'NONE', #5942, .T. ) ;
#8001 = EDGE_CURVE ( 'NONE', #2101, #2563, #8367, .T. ) ;
#8002 = ORIENTED_EDGE ( 'NONE', *, *, #1439, .F. ) ;
#8003 = EDGE_CURVE ( 'NONE', #562, #3452, #1424, .T. ) ;
#8004 = DIRECTION ( 'NONE',  ( 1.000000000000000000, 0.0000000000000000000, 0.0000000000000000000 ) ) ;
#8005 = CARTESIAN_POINT ( 'NONE',  ( 4.275000000000000355, 1.649999999999999911, -1.698606797699999893 ) ) ;
#8006 = DIRECTION ( 'NONE',  ( 0.0000000000000000000, 0.0000000000000000000, 1.000000000000000000 ) ) ;
#8007 = DIRECTION ( 'NONE',  ( -0.0000000000000000000, 1.000000000000000000, 0.0000000000000000000 ) ) ;
#8008 = ORIENTED_EDGE ( 'NONE', *, *, #1826, .T. ) ;
#8009 = VECTOR ( 'NONE', #4600, 1000.000000000000000 ) ;
#8010 = EDGE_CURVE ( 'NONE', #725, #3614, #7763, .T. ) ;
#8011 = AXIS2_PLACEMENT_3D ( 'NONE', #3611, #5489, #4861 ) ;
#8012 = VERTEX_POINT ( 'NONE', #55 ) ;
#8013 = DIRECTION ( 'NONE',  ( 0.0000000000000000000, 0.0000000000000000000, 1.000000000000000000 ) ) ;
#8014 = DIRECTION ( 'NONE',  ( 0.0000000000000000000, 0.0000000000000000000, -1.000000000000000000 ) ) ;
#8015 = CARTESIAN_POINT ( 'NONE',  ( 4.475000000000000533, 0.3499999999999999778, -2.075000000000000178 ) ) ;
#8016 = FACE_OUTER_BOUND ( 'NONE', #4117, .T. ) ;
#8017 = EDGE_CURVE ( 'NONE', #64, #4203, #3870, .T. ) ;
#8018 = ORIENTED_EDGE ( 'NONE', *, *, #680, .F. ) ;
#8019 =( LENGTH_UNIT ( ) NAMED_UNIT ( * ) SI_UNIT ( .MILLI., .METRE. ) );
#8020 = ORIENTED_EDGE ( 'NONE', *, *, #1702, .F. ) ;
#8021 = ORIENTED_EDGE ( 'NONE', *, *, #4184, .F. ) ;
#8022 = ADVANCED_FACE ( 'NONE', ( #5279 ), #5928, .F. ) ;
#8024 = LINE ( 'NONE', #3869, #1887 ) ;
#8023 = DIRECTION ( 'NONE',  ( -1.000000000000000000, 0.0000000000000000000, 0.0000000000000000000 ) ) ;
#8025 = VECTOR ( 'NONE', #2188, 1000.000000000000000 ) ;
#8026 = ORIENTED_EDGE ( 'NONE', *, *, #2762, .T. ) ;
#8027 = FILL_AREA_STYLE_COLOUR ( '', #5194 ) ;
#8028 = DIRECTION ( 'NONE',  ( 1.000000000000000000, 0.0000000000000000000, 0.0000000000000000000 ) ) ;
#8029 = ORIENTED_EDGE ( 'NONE', *, *, #6900, .F. ) ;
#8030 = AXIS2_PLACEMENT_3D ( 'NONE', #6490, #3898, #3254 ) ;
#8031 = ORIENTED_EDGE ( 'NONE', *, *, #7969, .F. ) ;
#8032 = LINE ( 'NONE', #3485, #4255 ) ;
#8033 = EDGE_LOOP ( 'NONE', ( #593, #4111, #8242, #7900 ) ) ;
#8034 = DIRECTION ( 'NONE',  ( -0.0000000000000000000, 1.000000000000000000, 0.0000000000000000000 ) ) ;
#8035 = DIRECTION ( 'NONE',  ( 0.0000000000000000000, 0.0000000000000000000, -1.000000000000000000 ) ) ;
#8036 = CARTESIAN_POINT ( 'NONE',  ( 3.225000000000000089, 1.850000000000000089, 2.024999999999999911 ) ) ;
#8037 = ORIENTED_EDGE ( 'NONE', *, *, #5731, .F. ) ;
#8038 = VERTEX_POINT ( 'NONE', #3374 ) ;
#8039 = CARTESIAN_POINT ( 'NONE',  ( 1.975000000000000089, 1.850000000000000089, -1.025000000000000133 ) ) ;
#8040 = DIRECTION ( 'NONE',  ( 1.000000000000000000, 0.0000000000000000000, 0.0000000000000000000 ) ) ;
#8041 = EDGE_LOOP ( 'NONE', ( #5494, #6080, #6663, #3024, #6139, #4274, #2062, #2962 ) ) ;
#8042 = LINE ( 'NONE', #1120, #7423 ) ;
#8043 = PLANE ( 'NONE',  #331 ) ;
#8044 = STYLED_ITEM ( 'NONE', ( #2329 ), #7153 ) ;
#8045 = PRESENTATION_LAYER_ASSIGNMENT (  '', '', ( #6436 ) ) ;
#8046 = CARTESIAN_POINT ( 'NONE',  ( 3.225000000000000089, 0.05000000000000002359, -1.775000000000000133 ) ) ;
#8047 = VECTOR ( 'NONE', #2379, 1000.000000000000000 ) ;
#8048 = ORIENTED_EDGE ( 'NONE', *, *, #3519, .T. ) ;
#8049 = DIRECTION ( 'NONE',  ( 0.0000000000000000000, -2.997602166487923448E-15, 1.000000000000000000 ) ) ;
#8050 = EDGE_LOOP ( 'NONE', ( #6805, #6431, #4248, #7997, #8418, #2961, #3002, #68, #4673, #2404, #2097, #8048, #378, #6452, #5595, #7293, #2232, #3838, #4729, #1152, #6754, #555, #8355, #1071, #1001, #7616, #3554, #1902, #8389, #5063, #7744, #2898, #2331, #1917, #3121, #2620, #3458, #8057, #5760, #1795, #7633, #4801, #8002, #7702, #7106, #1610, #8425, #4119 ) ) ;
#8051 = APPLICATION_CONTEXT ( 'automotive_design' ) ;
#8052 = EDGE_LOOP ( 'NONE', ( #6107, #1461, #5745, #762 ) ) ;
#8053 = FACE_OUTER_BOUND ( 'NONE', #5185, .T. ) ;
#8054 = VERTEX_POINT ( 'NONE', #3428 ) ;
#8055 = FACE_OUTER_BOUND ( 'NONE', #7422, .T. ) ;
#8056 =( NAMED_UNIT ( * ) PLANE_ANGLE_UNIT ( ) SI_UNIT ( $, .RADIAN. ) );
#8057 = ORIENTED_EDGE ( 'NONE', *, *, #600, .F. ) ;
#8058 = EDGE_LOOP ( 'NONE', ( #445, #1381, #229, #1363 ) ) ;
#8059 = CARTESIAN_POINT ( 'NONE',  ( -2.475000000000000089, 3.600000000000000089, -1.425000000000000933 ) ) ;
#8060 = FACE_OUTER_BOUND ( 'NONE', #6311, .T. ) ;
#8061 = PLANE ( 'NONE',  #7380 ) ;
#8062 = EDGE_CURVE ( 'NONE', #1962, #1081, #2134, .T. ) ;
#8063 = CARTESIAN_POINT ( 'NONE',  ( 3.225000000000000089, 0.05000000000000002359, -1.524999999999999689 ) ) ;
#8064 = CARTESIAN_POINT ( 'NONE',  ( 0.8249999999999999556, 1.649999999999999911, -1.698606797699999893 ) ) ;
#8065 = LINE ( 'NONE', #4306, #78 ) ;
#8066 = ADVANCED_FACE ( 'NONE', ( #295 ), #141, .T. ) ;
#8067 = ORIENTED_EDGE ( 'NONE', *, *, #407, .F. ) ;
#8068 = EDGE_CURVE ( 'NONE', #6460, #560, #6216, .T. ) ;
#8069 = FACE_OUTER_BOUND ( 'NONE', #354, .T. ) ;
#8070 = CARTESIAN_POINT ( 'NONE',  ( -2.475000000000000089, 1.999999999999997780, -2.075000000000008615 ) ) ;
#8071 = PLANE ( 'NONE',  #154 ) ;
#8072 = PLANE ( 'NONE',  #8440 ) ;
#8073 = LINE ( 'NONE', #3108, #7139 ) ;
#8074 = EDGE_CURVE ( 'NONE', #2216, #52, #1015, .T. ) ;
#8075 = CARTESIAN_POINT ( 'NONE',  ( 1.984999999999999876, 1.850000000000000089, -1.025000000000000133 ) ) ;
#8076 = VECTOR ( 'NONE', #121, 1000.000000000000000 ) ;
#8077 = LINE ( 'NONE', #3848, #1830 ) ;
#8078 = LINE ( 'NONE', #1, #4598 ) ;
#8079 = CARTESIAN_POINT ( 'NONE',  ( 1.975000000000000089, 0.5000000000000000000, 2.024999999999999911 ) ) ;
#8080 = MANIFOLD_SOLID_BREP ( 'Combine3', #1212 ) ;
#8081 = DIRECTION ( 'NONE',  ( -1.000000000000000000, 0.0000000000000000000, 0.0000000000000000000 ) ) ;
#8082 =( NAMED_UNIT ( * ) PLANE_ANGLE_UNIT ( ) SI_UNIT ( $, .RADIAN. ) );
#8083 = FACE_OUTER_BOUND ( 'NONE', #7758, .T. ) ;
#8084 = CARTESIAN_POINT ( 'NONE',  ( 3.225000000000000089, 1.850000000000000089, 2.024999999999999911 ) ) ;
#8085 = PRESENTATION_STYLE_ASSIGNMENT (( #1347 ) ) ;
#8086 = VERTEX_POINT ( 'NONE', #5297 ) ;
#8087 = SURFACE_SIDE_STYLE ('',( #5396 ) ) ;
#8088 = SURFACE_SIDE_STYLE ('',( #7677 ) ) ;
#8089 = CARTESIAN_POINT ( 'NONE',  ( 4.485000000000001208, 1.649999999999999911, -1.474999999999999867 ) ) ;
#8090 = DIRECTION ( 'NONE',  ( 0.0000000000000000000, -1.000000000000000000, 0.0000000000000000000 ) ) ;
#8091 = DIRECTION ( 'NONE',  ( -0.0000000000000000000, 0.0000000000000000000, 1.000000000000000000 ) ) ;
#8092 = MECHANICAL_DESIGN_GEOMETRIC_PRESENTATION_REPRESENTATION (  '', ( #3717 ), #7195 ) ;
#8093 = VERTEX_POINT ( 'NONE', #764 ) ;
#8094 = VECTOR ( 'NONE', #2841, 1000.000000000000000 ) ;
#8095 = DIRECTION ( 'NONE',  ( 0.0000000000000000000, 1.084202172485501673E-15, 1.000000000000000000 ) ) ;
#8096 = EDGE_CURVE ( 'NONE', #1281, #5808, #7551, .T. ) ;
#8097 = CARTESIAN_POINT ( 'NONE',  ( -0.5150000000000000133, 1.850000000000000089, -2.024999999999999911 ) ) ;
#8098 = SURFACE_STYLE_USAGE ( .BOTH. , #8131 ) ;
#8099 = ORIENTED_EDGE ( 'NONE', *, *, #850, .T. ) ;
#8100 = ORIENTED_EDGE ( 'NONE', *, *, #3195, .F. ) ;
#8101 = DIRECTION ( 'NONE',  ( 0.0000000000000000000, 1.000000000000000000, 0.0000000000000000000 ) ) ;
#8102 = ORIENTED_EDGE ( 'NONE', *, *, #5483, .T. ) ;
#8103 = MECHANICAL_DESIGN_GEOMETRIC_PRESENTATION_REPRESENTATION (  '', ( #1540 ), #2580 ) ;
#8104 =( NAMED_UNIT ( * ) SI_UNIT ( $, .STERADIAN. ) SOLID_ANGLE_UNIT ( ) );
#8105 = CARTESIAN_POINT ( 'NONE',  ( 6.225000000000001421, 4.249999999999998224, -2.075000000000001510 ) ) ;
#8106 = ORIENTED_EDGE ( 'NONE', *, *, #3152, .T. ) ;
#8107 = ADVANCED_FACE ( 'NONE', ( #598 ), #7218, .T. ) ;
#8108 = CARTESIAN_POINT ( 'NONE',  ( 3.225000000000000089, 1.350000000000000089, -1.525000000000000133 ) ) ;
#8109 = EDGE_CURVE ( 'NONE', #1872, #2207, #1924, .T. ) ;
#8110 = LINE ( 'NONE', #5317, #7065 ) ;
#8111 = ORIENTED_EDGE ( 'NONE', *, *, #3055, .T. ) ;
#8112 = ORIENTED_EDGE ( 'NONE', *, *, #4646, .F. ) ;
#8113 = EDGE_LOOP ( 'NONE', ( #4934, #7086, #7270, #7949 ) ) ;
#8114 = DIRECTION ( 'NONE',  ( -0.0000000000000000000, 0.0000000000000000000, 1.000000000000000000 ) ) ;
#8115 = DIRECTION ( 'NONE',  ( -1.000000000000000000, 0.0000000000000000000, 0.0000000000000000000 ) ) ;
#8116 = CARTESIAN_POINT ( 'NONE',  ( -0.5250000000000000222, 0.0000000000000000000, -1.525000000000000133 ) ) ;
#8117 = EDGE_CURVE ( 'NONE', #7757, #3841, #6714, .T. ) ;
#8118 = DIRECTION ( 'NONE',  ( 1.000000000000000000, 0.0000000000000000000, 0.0000000000000000000 ) ) ;
#8119 = VECTOR ( 'NONE', #8151, 1000.000000000000000 ) ;
#8120 = EDGE_CURVE ( 'NONE', #4426, #1679, #1414, .T. ) ;
#8121 = CARTESIAN_POINT ( 'NONE',  ( -1.175000000000000044, 1.850000000000000089, -1.474999999999999867 ) ) ;
#8122 = VERTEX_POINT ( 'NONE', #4852 ) ;
#8123 = DIRECTION ( 'NONE',  ( 0.0000000000000000000, 0.0000000000000000000, -1.000000000000000000 ) ) ;
#8124 = ORIENTED_EDGE ( 'NONE', *, *, #1799, .T. ) ;
#8125 = CARTESIAN_POINT ( 'NONE',  ( 1.775000000000000133, 1.649999999999999911, -1.474999999999999867 ) ) ;
#8126 = EDGE_CURVE ( 'NONE', #8181, #5537, #8167, .T. ) ;
#8127 = VECTOR ( 'NONE', #6935, 1000.000000000000000 ) ;
#8128 = CARTESIAN_POINT ( 'NONE',  ( 1.974999999999999867, 0.05000000000000002359, -1.775000000000000133 ) ) ;
#8129 = ORIENTED_EDGE ( 'NONE', *, *, #6461, .T. ) ;
#8130 = ORIENTED_EDGE ( 'NONE', *, *, #4290, .T. ) ;
#8131 = SURFACE_SIDE_STYLE ('',( #4680 ) ) ;
#8132 = VECTOR ( 'NONE', #2729, 1000.000000000000000 ) ;
#8133 = EDGE_CURVE ( 'NONE', #560, #7313, #1828, .T. ) ;
#8134 = DIRECTION ( 'NONE',  ( 0.0000000000000000000, -3.295974604355854593E-17, -1.000000000000000000 ) ) ;
#8135 = VERTEX_POINT ( 'NONE', #6730 ) ;
#8136 = ORIENTED_EDGE ( 'NONE', *, *, #8420, .F. ) ;
#8137 = ORIENTED_EDGE ( 'NONE', *, *, #1877, .T. ) ;
#8138 = ORIENTED_EDGE ( 'NONE', *, *, #1164, .F. ) ;
#8139 = ORIENTED_EDGE ( 'NONE', *, *, #3361, .F. ) ;
#8140 = VECTOR ( 'NONE', #7911, 1000.000000000000000 ) ;
#8141 = DIRECTION ( 'NONE',  ( 0.0000000000000000000, 0.0000000000000000000, -1.000000000000000000 ) ) ;
#8142 = CARTESIAN_POINT ( 'NONE',  ( 1.765000000000000124, 0.0000000000000000000, -1.474999999999999867 ) ) ;
#8143 = LINE ( 'NONE', #6838, #4867 ) ;
#8144 = ORIENTED_EDGE ( 'NONE', *, *, #4992, .T. ) ;
#8145 = DIRECTION ( 'NONE',  ( 0.0000000000000000000, -2.148487149506095815E-16, -1.000000000000000000 ) ) ;
#8146 = VERTEX_POINT ( 'NONE', #2924 ) ;
#8147 = ORIENTED_EDGE ( 'NONE', *, *, #7235, .F. ) ;
#8148 = ORIENTED_EDGE ( 'NONE', *, *, #4788, .T. ) ;
#8149 = VECTOR ( 'NONE', #6742, 1000.000000000000000 ) ;
#8150 = PLANE ( 'NONE',  #2915 ) ;
#8151 = DIRECTION ( 'NONE',  ( -1.000000000000000000, 0.0000000000000000000, 0.0000000000000000000 ) ) ;
#8152 = ADVANCED_FACE ( 'NONE', ( #8462 ), #8061, .F. ) ;
#8153 = ORIENTED_EDGE ( 'NONE', *, *, #7581, .F. ) ;
#8154 = DIRECTION ( 'NONE',  ( 0.0000000000000000000, 0.0000000000000000000, 1.000000000000000000 ) ) ;
#8155 = FACE_OUTER_BOUND ( 'NONE', #3123, .T. ) ;
#8156 = ORIENTED_EDGE ( 'NONE', *, *, #3909, .F. ) ;
#8157 = LINE ( 'NONE', #1501, #73 ) ;
#8158 = PLANE ( 'NONE',  #502 ) ;
#8159 = EDGE_CURVE ( 'NONE', #7908, #6973, #4988, .T. ) ;
#8160 = AXIS2_PLACEMENT_3D ( 'NONE', #5155, #3642, #7754 ) ;
#8161 =( LENGTH_UNIT ( ) NAMED_UNIT ( * ) SI_UNIT ( .MILLI., .METRE. ) );
#8162 = VECTOR ( 'NONE', #6557, 1000.000000000000000 ) ;
#8163 = VERTEX_POINT ( 'NONE', #4185 ) ;
#8164 = LINE ( 'NONE', #2327, #6418 ) ;
#8165 = EDGE_CURVE ( 'NONE', #4868, #6274, #702, .T. ) ;
#8166 = EDGE_CURVE ( 'NONE', #1191, #5981, #7128, .T. ) ;
#8167 = LINE ( 'NONE', #1625, #2559 ) ;
#8168 = DIRECTION ( 'NONE',  ( 0.0000000000000000000, 0.0000000000000000000, -1.000000000000000000 ) ) ;
#8169 = PLANE ( 'NONE',  #336 ) ;
#8170 = EDGE_CURVE ( 'NONE', #560, #3542, #4073, .T. ) ;
#8171 = DIRECTION ( 'NONE',  ( 0.0000000000000000000, 0.0000000000000000000, 1.000000000000000000 ) ) ;
#8172 = SURFACE_STYLE_FILL_AREA ( #5007 ) ;
#8173 = FACE_OUTER_BOUND ( 'NONE', #2554, .T. ) ;
#8174 = VECTOR ( 'NONE', #4320, 1000.000000000000000 ) ;
#8175 = CARTESIAN_POINT ( 'NONE',  ( 4.274999999999999467, 0.05000000000000002359, -1.775000000000000133 ) ) ;
#8176 = EDGE_CURVE ( 'NONE', #3131, #5294, #3360, .T. ) ;
#8177 = VECTOR ( 'NONE', #4357, 1000.000000000000000 ) ;
#8178 = DIRECTION ( 'NONE',  ( 0.0000000000000000000, 0.0000000000000000000, -1.000000000000000000 ) ) ;
#8179 = VECTOR ( 'NONE', #5961, 1000.000000000000000 ) ;
#8180 = DIRECTION ( 'NONE',  ( 0.0000000000000000000, 1.084202172485501673E-15, 1.000000000000000000 ) ) ;
#8181 = VERTEX_POINT ( 'NONE', #862 ) ;
#8182 = CARTESIAN_POINT ( 'NONE',  ( 4.575000000000001066, 1.649999999999999911, -1.025000000000000133 ) ) ;
#8183 = LINE ( 'NONE', #4747, #7773 ) ;
#8184 = EDGE_CURVE ( 'NONE', #5046, #2500, #3176, .T. ) ;
#8185 = DIRECTION ( 'NONE',  ( 0.0000000000000000000, -2.997602166487923448E-15, 1.000000000000000000 ) ) ;
#8186 = CARTESIAN_POINT ( 'NONE',  ( 6.025000000000001243, 3.600000000000000977, -1.425000000000000044 ) ) ;
#8187 = LINE ( 'NONE', #3432, #6435 ) ;
#8188 = CARTESIAN_POINT ( 'NONE',  ( 0.5249999999999999112, 0.05000000000000002359, -1.775000000000000133 ) ) ;
#8189 = DIRECTION ( 'NONE',  ( 0.0000000000000000000, 0.0000000000000000000, -1.000000000000000000 ) ) ;
#8190 = CARTESIAN_POINT ( 'NONE',  ( 6.025000000000001243, 2.250000000000000000, -2.024999999999999911 ) ) ;
#8191 = ADVANCED_FACE ( 'NONE', ( #5095 ), #971, .F. ) ;
#8192 = MECHANICAL_DESIGN_GEOMETRIC_PRESENTATION_REPRESENTATION (  '', ( #1406 ), #6109 ) ;
#8193 = CARTESIAN_POINT ( 'NONE',  ( -0.4249999999999999889, 1.850000000000000089, -1.474999999999999867 ) ) ;
#8194 = VECTOR ( 'NONE', #7944, 1000.000000000000000 ) ;
#8195 = LINE ( 'NONE', #2972, #3287 ) ;
#8196 = DIRECTION ( 'NONE',  ( 0.0000000000000000000, -1.000000000000000000, 0.0000000000000000000 ) ) ;
#8197 = ORIENTED_EDGE ( 'NONE', *, *, #3407, .F. ) ;
#8198 = ORIENTED_EDGE ( 'NONE', *, *, #950, .T. ) ;
#8199 = LINE ( 'NONE', #6276, #6446 ) ;
#8200 = CARTESIAN_POINT ( 'NONE',  ( -1.375000000000000000, 3.149999999999999911, 2.024999999999999911 ) ) ;
#8201 = MECHANICAL_DESIGN_GEOMETRIC_PRESENTATION_REPRESENTATION (  '', ( #1796 ), #3982 ) ;
#8202 = VERTEX_POINT ( 'NONE', #4770 ) ;
#8203 = EDGE_LOOP ( 'NONE', ( #7478, #390, #4735, #1699 ) ) ;
#8204 = CARTESIAN_POINT ( 'NONE',  ( 2.875000000000000000, 1.000000000000000000, -1.525000000000000133 ) ) ;
#8205 = EDGE_CURVE ( 'NONE', #3961, #2982, #4194, .T. ) ;
#8206 = CARTESIAN_POINT ( 'NONE',  ( 3.225000000000000089, 0.3500000000000000333, -2.024999999999999911 ) ) ;
#8207 = DIRECTION ( 'NONE',  ( -1.000000000000000000, 0.0000000000000000000, 0.0000000000000000000 ) ) ;
#8208 = ORIENTED_EDGE ( 'NONE', *, *, #5195, .T. ) ;
#8209 = VECTOR ( 'NONE', #2560, 1000.000000000000000 ) ;
#8210 = CARTESIAN_POINT ( 'NONE',  ( -0.5150000000000000133, 1.850000000000000089, -1.025000000000000133 ) ) ;
#8211 = ORIENTED_EDGE ( 'NONE', *, *, #3746, .T. ) ;
#8212 = ORIENTED_EDGE ( 'NONE', *, *, #2597, .F. ) ;
#8213 = DIRECTION ( 'NONE',  ( -1.000000000000000000, 0.0000000000000000000, 0.0000000000000000000 ) ) ;
#8214 = PLANE ( 'NONE',  #275 ) ;
#8215 = ORIENTED_EDGE ( 'NONE', *, *, #3558, .T. ) ;
#8216 = ORIENTED_EDGE ( 'NONE', *, *, #7992, .F. ) ;
#8217 = DIRECTION ( 'NONE',  ( 0.0000000000000000000, 1.000000000000000000, 0.0000000000000000000 ) ) ;
#8218 = EDGE_LOOP ( 'NONE', ( #2919, #6220, #2827, #2417 ) ) ;
#8219 = EDGE_CURVE ( 'NONE', #5936, #5212, #1216, .T. ) ;
#8220 = VECTOR ( 'NONE', #2812, 1000.000000000000000 ) ;
#8221 = VECTOR ( 'NONE', #7762, 1000.000000000000000 ) ;
#8222 = EDGE_CURVE ( 'NONE', #1250, #6867, #3970, .T. ) ;
#8223 = SURFACE_STYLE_USAGE ( .BOTH. , #7487 ) ;
#8224 = ADVANCED_FACE ( 'NONE', ( #3774 ), #5416, .F. ) ;
#8225 = VERTEX_POINT ( 'NONE', #7393 ) ;
#8226 = EDGE_LOOP ( 'NONE', ( #2123, #883, #1885, #2176, #4651, #7280, #2683, #902, #8270, #8325, #282, #6248, #6617, #1680, #330, #7331 ) ) ;
#8227 = DIRECTION ( 'NONE',  ( 0.0000000000000000000, -1.000000000000000000, 0.0000000000000000000 ) ) ;
#8228 = EDGE_CURVE ( 'NONE', #4438, #1652, #6412, .T. ) ;
#8229 = ORIENTED_EDGE ( 'NONE', *, *, #2814, .F. ) ;
#8230 = FACE_OUTER_BOUND ( 'NONE', #4221, .T. ) ;
#8231 = DIRECTION ( 'NONE',  ( 0.0000000000000000000, -1.000000000000000000, 0.0000000000000000000 ) ) ;
#8232 = VERTEX_POINT ( 'NONE', #5566 ) ;
#8233 = CARTESIAN_POINT ( 'NONE',  ( 3.234999999999999876, 1.649999999999999911, -1.025000000000000133 ) ) ;
#8234 = DIRECTION ( 'NONE',  ( 0.0000000000000000000, -0.0000000000000000000, -1.000000000000000000 ) ) ;
#8235 = ORIENTED_EDGE ( 'NONE', *, *, #6334, .F. ) ;
#8236 = DIRECTION ( 'NONE',  ( 1.000000000000000000, 0.0000000000000000000, 0.0000000000000000000 ) ) ;
#8237 = EDGE_LOOP ( 'NONE', ( #7851, #3879, #639, #8020 ) ) ;
#8239 = ORIENTED_EDGE ( 'NONE', *, *, #3455, .F. ) ;
#8238 =( LENGTH_UNIT ( ) NAMED_UNIT ( * ) SI_UNIT ( .MILLI., .METRE. ) );
#8240 = VECTOR ( 'NONE', #655, 1000.000000000000000 ) ;
#8241 = VECTOR ( 'NONE', #7622, 1000.000000000000000 ) ;
#8242 = ORIENTED_EDGE ( 'NONE', *, *, #4455, .T. ) ;
#8243 = LINE ( 'NONE', #5172, #3663 ) ;
#8244 = ORIENTED_EDGE ( 'NONE', *, *, #2602, .F. ) ;
#8245 = ORIENTED_EDGE ( 'NONE', *, *, #71, .F. ) ;
#8246 = LINE ( 'NONE', #5457, #6401 ) ;
#8247 = ORIENTED_EDGE ( 'NONE', *, *, #8376, .T. ) ;
#8248 = CARTESIAN_POINT ( 'NONE',  ( -0.5250000000000000222, 1.315130797599999957, 1.171117220399999770 ) ) ;
#8249 = DIRECTION ( 'NONE',  ( 0.0000000000000000000, 0.0000000000000000000, -1.000000000000000000 ) ) ;
#8250 = EDGE_CURVE ( 'NONE', #2506, #6299, #2965, .T. ) ;
#8251 = ORIENTED_EDGE ( 'NONE', *, *, #4343, .T. ) ;
#8252 = LINE ( 'NONE', #5249, #1824 ) ;
#8253 = FACE_OUTER_BOUND ( 'NONE', #6100, .T. ) ;
#8254 = DIRECTION ( 'NONE',  ( -0.0000000000000000000, 0.7468134723257140450, 0.6650335612228979176 ) ) ;
#8255 = AXIS2_PLACEMENT_3D ( 'NONE', #2249, #6118, #6091 ) ;
#8256 = PRESENTATION_LAYER_ASSIGNMENT (  '', '', ( #4036 ) ) ;
#8257 = DIRECTION ( 'NONE',  ( -1.000000000000000000, 0.0000000000000000000, 0.0000000000000000000 ) ) ;
#8258 = LINE ( 'NONE', #2976, #5708 ) ;
#8259 = SURFACE_STYLE_USAGE ( .BOTH. , #7585 ) ;
#8260 = ORIENTED_EDGE ( 'NONE', *, *, #1368, .T. ) ;
#8261 = VECTOR ( 'NONE', #4143, 1000.000000000000000 ) ;
#8262 = EDGE_CURVE ( 'NONE', #6565, #5057, #4586, .T. ) ;
#8263 = AXIS2_PLACEMENT_3D ( 'NONE', #7783, #3247, #7810 ) ;
#8264 = CARTESIAN_POINT ( 'NONE',  ( 0.5250000000000000222, 1.850000000000000089, -2.024999999999999911 ) ) ;
#8265 = CARTESIAN_POINT ( 'NONE',  ( -0.7349999999999999867, 1.850000000000000089, -1.025000000000000133 ) ) ;
#8266 = DIRECTION ( 'NONE',  ( 0.0000000000000000000, -1.000000000000000000, 3.295974604355854593E-17 ) ) ;
#8267 = FACE_OUTER_BOUND ( 'NONE', #1964, .T. ) ;
#8268 = ADVANCED_FACE ( 'NONE', ( #8253 ), #7574, .F. ) ;
#8269 = LINE ( 'NONE', #6642, #7566 ) ;
#8270 = ORIENTED_EDGE ( 'NONE', *, *, #5631, .F. ) ;
#8271 = DIRECTION ( 'NONE',  ( -1.000000000000000000, 0.0000000000000000000, 0.0000000000000000000 ) ) ;
#8272 = VECTOR ( 'NONE', #8446, 1000.000000000000000 ) ;
#8273 = EDGE_CURVE ( 'NONE', #3652, #4432, #4279, .T. ) ;
#8274 = VECTOR ( 'NONE', #958, 1000.000000000000000 ) ;
#8275 = EDGE_CURVE ( 'NONE', #796, #7948, #2956, .T. ) ;
#8276 = FACE_OUTER_BOUND ( 'NONE', #7210, .T. ) ;
#8277 = LINE ( 'NONE', #6087, #1331 ) ;
#8278 = EDGE_CURVE ( 'NONE', #2208, #3467, #2453, .T. ) ;
#8279 = CARTESIAN_POINT ( 'NONE',  ( 3.024999999999999911, 1.649999999999999911, 2.024999999999999911 ) ) ;
#8280 = FACE_OUTER_BOUND ( 'NONE', #7182, .T. ) ;
#8281 = EDGE_CURVE ( 'NONE', #2829, #2310, #697, .T. ) ;
#8282 = VECTOR ( 'NONE', #5551, 1000.000000000000000 ) ;
#8283 = CARTESIAN_POINT ( 'NONE',  ( 6.225000000000001421, 3.600000000000000089, -1.425000000000000933 ) ) ;
#8284 = DIRECTION ( 'NONE',  ( 0.0000000000000000000, -1.000000000000000000, 0.0000000000000000000 ) ) ;
#8285 = FILL_AREA_STYLE ('',( #1752 ) ) ;
#8286 = CARTESIAN_POINT ( 'NONE',  ( 4.474999999999999645, -0.6500000000000000222, -2.075000000000000178 ) ) ;
#8287 = VERTEX_POINT ( 'NONE', #4292 ) ;
#8288 = ORIENTED_EDGE ( 'NONE', *, *, #406, .T. ) ;
#8289 = CARTESIAN_POINT ( 'NONE',  ( 3.225000000000000089, -0.004464445899999999919, 0.003975566199999999890 ) ) ;
#8290 = CARTESIAN_POINT ( 'NONE',  ( -0.5250000000000000222, 0.3500000000000000333, -2.024999999999999911 ) ) ;
#8291 = FACE_OUTER_BOUND ( 'NONE', #4240, .T. ) ;
#8292 = AXIS2_PLACEMENT_3D ( 'NONE', #5766, #3137, #1835 ) ;
#8293 = DIRECTION ( 'NONE',  ( -0.0000000000000000000, 1.000000000000000000, 0.0000000000000000000 ) ) ;
#8294 = ORIENTED_EDGE ( 'NONE', *, *, #4498, .T. ) ;
#8295 = DIRECTION ( 'NONE',  ( 0.0000000000000000000, 0.0000000000000000000, 1.000000000000000000 ) ) ;
#8296 = ORIENTED_EDGE ( 'NONE', *, *, #7832, .T. ) ;
#8297 = ORIENTED_EDGE ( 'NONE', *, *, #1009, .T. ) ;
#8298 = CARTESIAN_POINT ( 'NONE',  ( 5.625000000000000888, 1.850000000000000089, -1.474999999999999867 ) ) ;
#8299 = DIRECTION ( 'NONE',  ( 0.0000000000000000000, 1.000000000000000000, 0.0000000000000000000 ) ) ;
#8300 = VECTOR ( 'NONE', #2166, 1000.000000000000000 ) ;
#8301 = VERTEX_POINT ( 'NONE', #6247 ) ;
#8302 = DIRECTION ( 'NONE',  ( 0.0000000000000000000, 1.000000000000000000, 0.0000000000000000000 ) ) ;
#8303 = VERTEX_POINT ( 'NONE', #1060 ) ;
#8304 = AXIS2_PLACEMENT_3D ( 'NONE', #6214, #6952, #3595 ) ;
#8305 = ADVANCED_FACE ( 'NONE', ( #1207 ), #1718, .F. ) ;
#8306 = EDGE_CURVE ( 'NONE', #7163, #5356, #2550, .T. ) ;
#8307 = LINE ( 'NONE', #5165, #7611 ) ;
#8308 = VERTEX_POINT ( 'NONE', #6191 ) ;
#8309 = DIRECTION ( 'NONE',  ( 1.000000000000000000, 0.0000000000000000000, 0.0000000000000000000 ) ) ;
#8310 = EDGE_LOOP ( 'NONE', ( #7771, #7117, #3675, #5513, #3015, #401, #1403, #6345, #6648, #3606, #6065, #1384, #6371, #7741, #5539, #6656 ) ) ;
#8311 = ORIENTED_EDGE ( 'NONE', *, *, #4564, .T. ) ;
#8312 = DIRECTION ( 'NONE',  ( 0.0000000000000000000, 0.0000000000000000000, 1.000000000000000000 ) ) ;
#8313 = DIRECTION ( 'NONE',  ( 0.0000000000000000000, -1.084202172485501673E-15, -1.000000000000000000 ) ) ;
#8314 = DIRECTION ( 'NONE',  ( 0.0000000000000000000, -1.000000000000000000, 0.0000000000000000000 ) ) ;
#8315 = LINE ( 'NONE', #4743, #7403 ) ;
#8316 = CARTESIAN_POINT ( 'NONE',  ( 4.475000000000000533, 1.850000000000000089, -1.025000000000000133 ) ) ;
#8317 = ORIENTED_EDGE ( 'NONE', *, *, #6367, .T. ) ;
#8318 = ORIENTED_EDGE ( 'NONE', *, *, #6075, .T. ) ;
#8319 =( NAMED_UNIT ( * ) SI_UNIT ( $, .STERADIAN. ) SOLID_ANGLE_UNIT ( ) );
#8320 = LINE ( 'NONE', #4719, #4645 ) ;
#8321 = UNCERTAINTY_MEASURE_WITH_UNIT (LENGTH_MEASURE( 1.000000000000000082E-05 ), #6716, 'distance_accuracy_value', 'NONE');
#8322 = AXIS2_PLACEMENT_3D ( 'NONE', #7449, #3509, #1509 ) ;
#8323 = LINE ( 'NONE', #504, #262 ) ;
#8324 = ORIENTED_EDGE ( 'NONE', *, *, #8120, .F. ) ;
#8325 = ORIENTED_EDGE ( 'NONE', *, *, #61, .F. ) ;
#8326 = ORIENTED_EDGE ( 'NONE', *, *, #8426, .T. ) ;
#8327 = ORIENTED_EDGE ( 'NONE', *, *, #8388, .T. ) ;
#8328 = CARTESIAN_POINT ( 'NONE',  ( 1.984999999999999876, 0.0000000000000000000, -1.474999999999999867 ) ) ;
#8330 = ORIENTED_EDGE ( 'NONE', *, *, #6237, .T. ) ;
#8329 = DIRECTION ( 'NONE',  ( 0.0000000000000000000, -0.6650335612228979176, -0.7468134723257140450 ) ) ;
#8331 = EDGE_CURVE ( 'NONE', #3750, #5221, #1617, .T. ) ;
#8332 = VECTOR ( 'NONE', #255, 1000.000000000000000 ) ;
#8333 = DIRECTION ( 'NONE',  ( 0.0000000000000000000, 1.000000000000000000, 0.0000000000000000000 ) ) ;
#8334 = VECTOR ( 'NONE', #4783, 1000.000000000000000 ) ;
#8335 = VERTEX_POINT ( 'NONE', #2955 ) ;
#8336 = CARTESIAN_POINT ( 'NONE',  ( -2.475000000000000089, 3.599999999999999201, -0.07500000000000128786 ) ) ;
#8337 = CARTESIAN_POINT ( 'NONE',  ( 6.250000000000000000, 4.240000000000000213, -2.024999999999999911 ) ) ;
#8338 = CARTESIAN_POINT ( 'NONE',  ( -1.875000000000000000, 2.550000000000000266, 2.024999999999999911 ) ) ;
#8339 = CARTESIAN_POINT ( 'NONE',  ( 3.024999999999999911, 1.850000000000000089, 2.024999999999999911 ) ) ;
#8340 = CARTESIAN_POINT ( 'NONE',  ( 6.625000000000000888, 0.0000000000000000000, 2.024999999999999911 ) ) ;
#8341 = ORIENTED_EDGE ( 'NONE', *, *, #65, .T. ) ;
#8342 = EDGE_LOOP ( 'NONE', ( #3228, #6252, #4785, #3832 ) ) ;
#8343 = LINE ( 'NONE', #419, #2638 ) ;
#8344 = CARTESIAN_POINT ( 'NONE',  ( 3.225000000000000089, -0.004464445899999999919, 0.003975566199999999890 ) ) ;
#8345 = ORIENTED_EDGE ( 'NONE', *, *, #3296, .F. ) ;
#8346 =( LENGTH_UNIT ( ) NAMED_UNIT ( * ) SI_UNIT ( .MILLI., .METRE. ) );
#8347 = DIRECTION ( 'NONE',  ( -0.0000000000000000000, 1.000000000000000000, 0.0000000000000000000 ) ) ;
#8348 = DIRECTION ( 'NONE',  ( 0.0000000000000000000, 1.000000000000000000, 0.0000000000000000000 ) ) ;
#8349 = FACE_OUTER_BOUND ( 'NONE', #8033, .T. ) ;
#8350 = ORIENTED_EDGE ( 'NONE', *, *, #4900, .F. ) ;
#8351 = ORIENTED_EDGE ( 'NONE', *, *, #2995, .T. ) ;
#8352 = CARTESIAN_POINT ( 'NONE',  ( -2.274999999999999911, 0.0000000000000000000, 0.0000000000000000000 ) ) ;
#8353 = FACE_OUTER_BOUND ( 'NONE', #5663, .T. ) ;
#8354 = DIRECTION ( 'NONE',  ( 0.0000000000000000000, 0.0000000000000000000, 1.000000000000000000 ) ) ;
#8355 = ORIENTED_EDGE ( 'NONE', *, *, #6305, .T. ) ;
#8356 = PLANE ( 'NONE',  #162 ) ;
#8357 = CARTESIAN_POINT ( 'NONE',  ( -0.7249999999999999778, 1.649999999999999911, -1.698606797699999893 ) ) ;
#8358 = PRESENTATION_STYLE_ASSIGNMENT (( #1459 ) ) ;
#8359 = AXIS2_PLACEMENT_3D ( 'NONE', #3071, #408, #3634 ) ;
#8360 = EDGE_CURVE ( 'NONE', #1489, #3552, #5084, .T. ) ;
#8361 = VECTOR ( 'NONE', #3063, 1000.000000000000000 ) ;
#8362 = EDGE_LOOP ( 'NONE', ( #6249, #7735, #72, #601 ) ) ;
#8363 = DIRECTION ( 'NONE',  ( 0.0000000000000000000, 0.0000000000000000000, -1.000000000000000000 ) ) ;
#8364 = DIRECTION ( 'NONE',  ( 1.000000000000000000, 0.0000000000000000000, 0.0000000000000000000 ) ) ;
#8365 = FACE_OUTER_BOUND ( 'NONE', #5675, .T. ) ;
#8366 = DIRECTION ( 'NONE',  ( -0.0000000000000000000, 1.000000000000000000, -0.0000000000000000000 ) ) ;
#8367 = LINE ( 'NONE', #5266, #4902 ) ;
#8368 = CARTESIAN_POINT ( 'NONE',  ( 3.225000000000000089, 1.000000000000000000, -1.525000000000000133 ) ) ;
#8369 = FACE_OUTER_BOUND ( 'NONE', #4560, .T. ) ;
#8370 = ORIENTED_EDGE ( 'NONE', *, *, #2389, .T. ) ;
#8371 = VECTOR ( 'NONE', #7239, 1000.000000000000000 ) ;
#8372 = AXIS2_PLACEMENT_3D ( 'NONE', #1947, #6481, #3194 ) ;
#8373 = SURFACE_SIDE_STYLE ('',( #6831 ) ) ;
#8374 = PLANE ( 'NONE',  #5287 ) ;
#8375 = DIRECTION ( 'NONE',  ( 0.0000000000000000000, 0.0000000000000000000, -1.000000000000000000 ) ) ;
#8376 = EDGE_CURVE ( 'NONE', #6840, #123, #6820, .T. ) ;
#8377 = LINE ( 'NONE', #8121, #719 ) ;
#8378 = LINE ( 'NONE', #2163, #5711 ) ;
#8379 = EDGE_CURVE ( 'NONE', #3714, #5542, #7447, .T. ) ;
#8380 = DIRECTION ( 'NONE',  ( 0.0000000000000000000, -1.000000000000000000, 0.0000000000000000000 ) ) ;
#8381 = DIRECTION ( 'NONE',  ( 1.000000000000000000, 0.0000000000000000000, 0.0000000000000000000 ) ) ;
#8382 = LINE ( 'NONE', #7135, #7987 ) ;
#8383 = EDGE_CURVE ( 'NONE', #7405, #1496, #3353, .T. ) ;
#8384 = CARTESIAN_POINT ( 'NONE',  ( 3.015000000000000124, 1.850000000000000089, -1.025000000000000133 ) ) ;
#8385 = DIRECTION ( 'NONE',  ( -1.000000000000000000, 0.0000000000000000000, 0.0000000000000000000 ) ) ;
#8386 = DIRECTION ( 'NONE',  ( 0.0000000000000000000, 0.0000000000000000000, 1.000000000000000000 ) ) ;
#8387 = CARTESIAN_POINT ( 'NONE',  ( 0.5150000000000000133, 1.000000000000000000, -2.024999999999999911 ) ) ;
#8388 = EDGE_CURVE ( 'NONE', #59, #5682, #3267, .T. ) ;
#8389 = ORIENTED_EDGE ( 'NONE', *, *, #3619, .F. ) ;
#8390 = ORIENTED_EDGE ( 'NONE', *, *, #2330, .T. ) ;
#8391 = VECTOR ( 'NONE', #4045, 1000.000000000000000 ) ;
#8392 = CARTESIAN_POINT ( 'NONE',  ( 1.975000000000000089, 0.3499999999999999778, -2.075000000000000178 ) ) ;
#8393 = DIRECTION ( 'NONE',  ( 0.0000000000000000000, -1.000000000000000000, 0.0000000000000000000 ) ) ;
#8394 = EDGE_LOOP ( 'NONE', ( #4360, #3046, #8208, #7292 ) ) ;
#8395 = FILL_AREA_STYLE ('',( #5191 ) ) ;
#8396 = VECTOR ( 'NONE', #1413, 1000.000000000000000 ) ;
#8397 = VERTEX_POINT ( 'NONE', #1448 ) ;
#8398 = CARTESIAN_POINT ( 'NONE',  ( -0.5150000000000000133, 1.649999999999999911, -1.025000000000000133 ) ) ;
#8399 = DIRECTION ( 'NONE',  ( 0.0000000000000000000, -1.339206523454102177E-15, -1.000000000000000000 ) ) ;
#8400 = ORIENTED_EDGE ( 'NONE', *, *, #4619, .F. ) ;
#8401 = ORIENTED_EDGE ( 'NONE', *, *, #2995, .F. ) ;
#8402 = PLANE ( 'NONE',  #438 ) ;
#8403 = ORIENTED_EDGE ( 'NONE', *, *, #6856, .F. ) ;
#8404 = FACE_OUTER_BOUND ( 'NONE', #1393, .T. ) ;
#8405 = ORIENTED_EDGE ( 'NONE', *, *, #6142, .T. ) ;
#8406 = ORIENTED_EDGE ( 'NONE', *, *, #237, .T. ) ;
#8407 = CARTESIAN_POINT ( 'NONE',  ( 1.774999999999999911, 0.3500000000000000333, -2.024999999999999911 ) ) ;
#8408 = ORIENTED_EDGE ( 'NONE', *, *, #6778, .F. ) ;
#8409 = DIRECTION ( 'NONE',  ( 0.0000000000000000000, 0.0000000000000000000, 1.000000000000000000 ) ) ;
#8410 = CARTESIAN_POINT ( 'NONE',  ( 2.925000000000000266, 1.850000000000000089, 2.024999999999999911 ) ) ;
#8411 = FACE_BOUND ( 'NONE', #1240, .T. ) ;
#8412 =( LENGTH_UNIT ( ) NAMED_UNIT ( * ) SI_UNIT ( .MILLI., .METRE. ) );
#8413 = MECHANICAL_DESIGN_GEOMETRIC_PRESENTATION_REPRESENTATION (  '', ( #6828 ), #7094 ) ;
#8414 = AXIS2_PLACEMENT_3D ( 'NONE', #6708, #1611, #5576 ) ;
#8415 = ORIENTED_EDGE ( 'NONE', *, *, #407, .T. ) ;
#8416 = ORIENTED_EDGE ( 'NONE', *, *, #2428, .T. ) ;
#8417 = ORIENTED_EDGE ( 'NONE', *, *, #2168, .F. ) ;
#8418 = ORIENTED_EDGE ( 'NONE', *, *, #6784, .F. ) ;
#8419 = FACE_OUTER_BOUND ( 'NONE', #169, .T. ) ;
#8420 = EDGE_CURVE ( 'NONE', #5635, #8135, #75, .T. ) ;
#8421 = PRESENTATION_LAYER_ASSIGNMENT (  '', '', ( #1259 ) ) ;
#8422 = VECTOR ( 'NONE', #8428, 1000.000000000000000 ) ;
#8423 = ORIENTED_EDGE ( 'NONE', *, *, #4272, .F. ) ;
#8424 =( NAMED_UNIT ( * ) PLANE_ANGLE_UNIT ( ) SI_UNIT ( $, .RADIAN. ) );
#8425 = ORIENTED_EDGE ( 'NONE', *, *, #507, .T. ) ;
#8426 = EDGE_CURVE ( 'NONE', #6985, #3160, #7656, .T. ) ;
#8427 = DIRECTION ( 'NONE',  ( 0.0000000000000000000, -1.000000000000000000, 0.0000000000000000000 ) ) ;
#8428 = DIRECTION ( 'NONE',  ( 0.0000000000000000000, 1.000000000000000000, 0.0000000000000000000 ) ) ;
#8429 = DIRECTION ( 'NONE',  ( -1.000000000000000000, 0.0000000000000000000, 0.0000000000000000000 ) ) ;
#8430 = UNCERTAINTY_MEASURE_WITH_UNIT (LENGTH_MEASURE( 1.000000000000000082E-05 ), #5828, 'distance_accuracy_value', 'NONE');
#8431 = ORIENTED_EDGE ( 'NONE', *, *, #351, .F. ) ;
#8432 = PRESENTATION_STYLE_ASSIGNMENT (( #939 ) ) ;
#8433 = EDGE_CURVE ( 'NONE', #7190, #5644, #5698, .T. ) ;
#8434 = ORIENTED_EDGE ( 'NONE', *, *, #1328, .F. ) ;
#8435 = DIRECTION ( 'NONE',  ( 0.0000000000000000000, 1.000000000000000000, 0.0000000000000000000 ) ) ;
#8436 = ORIENTED_EDGE ( 'NONE', *, *, #2700, .F. ) ;
#8437 = ORIENTED_EDGE ( 'NONE', *, *, #7629, .F. ) ;
#8438 = EDGE_CURVE ( 'NONE', #5057, #3515, #6606, .T. ) ;
#8439 = ORIENTED_EDGE ( 'NONE', *, *, #2413, .F. ) ;
#8440 = AXIS2_PLACEMENT_3D ( 'NONE', #928, #4892, #270 ) ;
#8441 = ORIENTED_EDGE ( 'NONE', *, *, #7634, .F. ) ;
#8442 = LINE ( 'NONE', #1850, #5163 ) ;
#8443 = CARTESIAN_POINT ( 'NONE',  ( 0.5250000000000000222, 0.5000000000000000000, 0.0000000000000000000 ) ) ;
#8444 = COLOUR_RGB ( '',1.000000000000000000, 1.000000000000000000, 1.000000000000000000 ) ;
#8445 = ORIENTED_EDGE ( 'NONE', *, *, #1545, .F. ) ;
#8446 = DIRECTION ( 'NONE',  ( 1.000000000000000000, 0.0000000000000000000, 0.0000000000000000000 ) ) ;
#8447 = ADVANCED_FACE ( 'NONE', ( #8353 ), #3450, .F. ) ;
#8448 = DIRECTION ( 'NONE',  ( 1.000000000000000000, 0.0000000000000000000, 0.0000000000000000000 ) ) ;
#8449 = EDGE_CURVE ( 'NONE', #6460, #6258, #4064, .T. ) ;
#8450 = FACE_OUTER_BOUND ( 'NONE', #4182, .T. ) ;
#8451 = ORIENTED_EDGE ( 'NONE', *, *, #3414, .T. ) ;
#8452 = LINE ( 'NONE', #5796, #2840 ) ;
#8453 = CARTESIAN_POINT ( 'NONE',  ( -2.875000000000000000, 1.000000000000000000, -2.024999999999999911 ) ) ;
#8454 = DIRECTION ( 'NONE',  ( 1.000000000000000000, 0.0000000000000000000, 0.0000000000000000000 ) ) ;
#8455 = ORIENTED_EDGE ( 'NONE', *, *, #4199, .F. ) ;
#8456 = CARTESIAN_POINT ( 'NONE',  ( 6.225000000000001421, 1.999999999999998668, -1.425000000000000933 ) ) ;
#8457 = FACE_OUTER_BOUND ( 'NONE', #1013, .T. ) ;
#8458 = ORIENTED_EDGE ( 'NONE', *, *, #540, .F. ) ;
#8459 = EDGE_LOOP ( 'NONE', ( #3118, #7645, #358, #2635 ) ) ;
#8460 = AXIS2_PLACEMENT_3D ( 'NONE', #6457, #7846, #2621 ) ;
#8461 = DIRECTION ( 'NONE',  ( 1.000000000000000000, 0.0000000000000000000, 0.0000000000000000000 ) ) ;
#8462 = FACE_OUTER_BOUND ( 'NONE', #3061, .T. ) ;
#8463 = VECTOR ( 'NONE', #6240, 1000.000000000000000 ) ;
#8464 = CARTESIAN_POINT ( 'NONE',  ( 4.575000000000001066, 1.850000000000000089, 2.024999999999999911 ) ) ;
#8465 = ORIENTED_EDGE ( 'NONE', *, *, #233, .T. ) ;
#8466 = ADVANCED_FACE ( 'NONE', ( #2241 ), #1476, .T. ) ;
#8467 = PLANE ( 'NONE',  #4588 ) ;
#8468 = LINE ( 'NONE', #7807, #413 ) ;
#8469 = CARTESIAN_POINT ( 'NONE',  ( 1.975000000000000089, 1.795247431900000024, 2.024999999999999911 ) ) ;
#8470 = PRESENTATION_LAYER_ASSIGNMENT (  '', '', ( #8044 ) ) ;
#8471 = AXIS2_PLACEMENT_3D ( 'NONE', #4613, #726, #1472 ) ;
#8472 = LINE ( 'NONE', #8070, #703 ) ;
#8473 = ORIENTED_EDGE ( 'NONE', *, *, #955, .F. ) ;
#8474 = LINE ( 'NONE', #1094, #3781 ) ;
#8475 = DIRECTION ( 'NONE',  ( 1.000000000000000000, 0.0000000000000000000, 0.0000000000000000000 ) ) ;
#8476 = CARTESIAN_POINT ( 'NONE',  ( 3.225000000000000089, -0.6500000000000000222, -2.075000000000000178 ) ) ;
ENDSEC;
END-ISO-10303-21;
