ISO-10303-21;
HEADER;
FILE_DESCRIPTION (( 'STEP AP214' ),
    '1' );
FILE_NAME ('B06MB-GHS-TBT.STEP',
    '2019-04-07T09:14:39',
    ( '' ),
    ( '' ),
    'SwSTEP 2.0',
    'SolidWorks 2018',
    '' );
FILE_SCHEMA (( 'AUTOMOTIVE_DESIGN' ));
ENDSEC;

DATA;
#1 = DIRECTION ( 'NONE',  ( 0.0000000000000000000, 0.0000000000000000000, 1.000000000000000000 ) ) ;
#2 = CARTESIAN_POINT ( 'NONE',  ( -0.5150000000000000133, 1.000000000000000000, -1.025000000000000133 ) ) ;
#3 = ORIENTED_EDGE ( 'NONE', *, *, #4425, .T. ) ;
#4 =( NAMED_UNIT ( * ) PLANE_ANGLE_UNIT ( ) SI_UNIT ( $, .RADIAN. ) );
#5 = CARTESIAN_POINT ( 'NONE',  ( 6.375000000000000888, 3.750000000000000000, 2.024999999999999911 ) ) ;
#6 = VECTOR ( 'NONE', #8451, 1000.000000000000000 ) ;
#7 = EDGE_LOOP ( 'NONE', ( #2910, #6929, #3387, #2292 ) ) ;
#8 = FACE_OUTER_BOUND ( 'NONE', #309, .T. ) ;
#9 = VERTEX_POINT ( 'NONE', #5422 ) ;
#10 = SURFACE_SIDE_STYLE ('',( #8795 ) ) ;
#11 = ORIENTED_EDGE ( 'NONE', *, *, #6184, .T. ) ;
#12 = ORIENTED_EDGE ( 'NONE', *, *, #3070, .T. ) ;
#13 = ADVANCED_FACE ( 'NONE', ( #6413 ), #4829, .F. ) ;
#14 = VERTEX_POINT ( 'NONE', #8464 ) ;
#15 = VECTOR ( 'NONE', #4749, 1000.000000000000000 ) ;
#16 = VECTOR ( 'NONE', #644, 1000.000000000000000 ) ;
#17 = ORIENTED_EDGE ( 'NONE', *, *, #2708, .F. ) ;
#18 = CARTESIAN_POINT ( 'NONE',  ( 1.775000000000000133, 0.0000000000000000000, -1.525000000000000133 ) ) ;
#19 = ORIENTED_EDGE ( 'NONE', *, *, #8469, .T. ) ;
#20 = FILL_AREA_STYLE ('',( #8820 ) ) ;
#21 = ORIENTED_EDGE ( 'NONE', *, *, #6133, .F. ) ;
#22 = VERTEX_POINT ( 'NONE', #2627 ) ;
#23 = VECTOR ( 'NONE', #7224, 1000.000000000000000 ) ;
#24 = DIRECTION ( 'NONE',  ( -1.000000000000000000, 0.0000000000000000000, 0.0000000000000000000 ) ) ;
#25 = FACE_OUTER_BOUND ( 'NONE', #5782, .T. ) ;
#26 = DIRECTION ( 'NONE',  ( 0.0000000000000000000, -1.000000000000000000, 0.0000000000000000000 ) ) ;
#27 = DIRECTION ( 'NONE',  ( -0.0000000000000000000, 0.7468134723257140450, 0.6650335612228979176 ) ) ;
#28 = ORIENTED_EDGE ( 'NONE', *, *, #6229, .T. ) ;
#29 = STYLED_ITEM ( 'NONE', ( #7435 ), #97 ) ;
#30 = FACE_OUTER_BOUND ( 'NONE', #5787, .T. ) ;
#31 = ORIENTED_EDGE ( 'NONE', *, *, #5021, .F. ) ;
#32 = ADVANCED_FACE ( 'NONE', ( #7901 ), #1116, .F. ) ;
#33 = DIRECTION ( 'NONE',  ( 0.0000000000000000000, 0.0000000000000000000, 1.000000000000000000 ) ) ;
#34 =( LENGTH_UNIT ( ) NAMED_UNIT ( * ) SI_UNIT ( .MILLI., .METRE. ) );
#35 = VECTOR ( 'NONE', #2969, 1000.000000000000000 ) ;
#36 = EDGE_CURVE ( 'NONE', #7819, #5740, #6068, .T. ) ;
#37 = VERTEX_POINT ( 'NONE', #8528 ) ;
#38 = FACE_OUTER_BOUND ( 'NONE', #9201, .T. ) ;
#39 = LINE ( 'NONE', #8487, #8667 ) ;
#40 = DIRECTION ( 'NONE',  ( 0.0000000000000000000, -1.000000000000000000, 0.0000000000000000000 ) ) ;
#41 = EDGE_CURVE ( 'NONE', #7797, #2191, #9159, .T. ) ;
#42 = ADVANCED_FACE ( 'NONE', ( #3301 ), #4695, .T. ) ;
#43 = DIRECTION ( 'NONE',  ( -1.000000000000000000, 0.0000000000000000000, 0.0000000000000000000 ) ) ;
#44 =( GEOMETRIC_REPRESENTATION_CONTEXT ( 3 ) GLOBAL_UNCERTAINTY_ASSIGNED_CONTEXT ( ( #5562 ) ) GLOBAL_UNIT_ASSIGNED_CONTEXT ( ( #1067, #6161, #4754 ) ) REPRESENTATION_CONTEXT ( 'NONE', 'WORKASPACE' ) );
#45 = VECTOR ( 'NONE', #1788, 1000.000000000000000 ) ;
#46 = EDGE_LOOP ( 'NONE', ( #4003, #1821, #7016, #4352 ) ) ;
#47 = VECTOR ( 'NONE', #6875, 1000.000000000000114 ) ;
#48 = DIRECTION ( 'NONE',  ( 1.000000000000000000, 0.0000000000000000000, 0.0000000000000000000 ) ) ;
#49 = LINE ( 'NONE', #1184, #3750 ) ;
#50 = ORIENTED_EDGE ( 'NONE', *, *, #1928, .F. ) ;
#51 = ADVANCED_FACE ( 'NONE', ( #4002 ), #1049, .T. ) ;
#52 = AXIS2_PLACEMENT_3D ( 'NONE', #8931, #6683, #3086 ) ;
#53 = CARTESIAN_POINT ( 'NONE',  ( 5.724999999999999645, 0.05000000000000002359, -1.775000000000000133 ) ) ;
#54 = ORIENTED_EDGE ( 'NONE', *, *, #3002, .F. ) ;
#55 = DIRECTION ( 'NONE',  ( 0.0000000000000000000, 1.000000000000000000, 0.0000000000000000000 ) ) ;
#56 = CARTESIAN_POINT ( 'NONE',  ( 0.0000000000000000000, 4.240000000000000213, 0.0000000000000000000 ) ) ;
#57 = VECTOR ( 'NONE', #5012, 1000.000000000000000 ) ;
#58 = DIRECTION ( 'NONE',  ( 0.0000000000000000000, 1.000000000000000000, 0.0000000000000000000 ) ) ;
#59 = DIRECTION ( 'NONE',  ( -0.0000000000000000000, 1.000000000000000000, 0.0000000000000000000 ) ) ;
#60 = LINE ( 'NONE', #3624, #3171 ) ;
#61 = CARTESIAN_POINT ( 'NONE',  ( 7.875000000000000000, 0.0000000000000000000, -1.525000000000000133 ) ) ;
#62 = LINE ( 'NONE', #9150, #5714 ) ;
#63 = AXIS2_PLACEMENT_3D ( 'NONE', #2043, #4896, #6379 ) ;
#64 = EDGE_CURVE ( 'NONE', #6784, #1888, #9266, .T. ) ;
#65 = DIRECTION ( 'NONE',  ( 0.0000000000000000000, 0.0000000000000000000, -1.000000000000000000 ) ) ;
#66 = AXIS2_PLACEMENT_3D ( 'NONE', #1629, #3974, #878 ) ;
#67 = DIRECTION ( 'NONE',  ( 0.0000000000000000000, 1.000000000000000000, 0.0000000000000000000 ) ) ;
#68 = FACE_OUTER_BOUND ( 'NONE', #5267, .T. ) ;
#69 = EDGE_LOOP ( 'NONE', ( #6541, #2724, #2319, #1289 ) ) ;
#70 = ADVANCED_FACE ( 'NONE', ( #5501 ), #9185, .F. ) ;
#71 = FILL_AREA_STYLE ('',( #1532 ) ) ;
#72 = CARTESIAN_POINT ( 'NONE',  ( -0.5250000000000000222, 0.3500000000000000333, -2.024999999999999911 ) ) ;
#73 = EDGE_CURVE ( 'NONE', #2738, #8539, #2376, .T. ) ;
#74 = CARTESIAN_POINT ( 'NONE',  ( 4.264999999999999680, 1.850000000000000089, -1.025000000000000133 ) ) ;
#75 = VECTOR ( 'NONE', #6303, 1000.000000000000000 ) ;
#76 = FACE_OUTER_BOUND ( 'NONE', #2844, .T. ) ;
#77 = EDGE_LOOP ( 'NONE', ( #2952, #1586, #548, #4177 ) ) ;
#78 = EDGE_CURVE ( 'NONE', #4194, #151, #430, .T. ) ;
#79 = CARTESIAN_POINT ( 'NONE',  ( 7.275000000000001243, 3.600000000000000977, -1.425000000000000044 ) ) ;
#80 = ORIENTED_EDGE ( 'NONE', *, *, #3413, .T. ) ;
#81 = CARTESIAN_POINT ( 'NONE',  ( 4.174999999999999822, 1.649999999999999911, 2.024999999999999911 ) ) ;
#82 = ORIENTED_EDGE ( 'NONE', *, *, #2000, .T. ) ;
#83 =( NAMED_UNIT ( * ) SI_UNIT ( $, .STERADIAN. ) SOLID_ANGLE_UNIT ( ) );
#84 = ADVANCED_FACE ( 'NONE', ( #1903 ), #6907, .T. ) ;
#85 = DIRECTION ( 'NONE',  ( 0.0000000000000000000, -1.000000000000000000, 0.0000000000000000000 ) ) ;
#86 = LINE ( 'NONE', #2761, #198 ) ;
#87 = DIRECTION ( 'NONE',  ( 0.0000000000000000000, -0.0000000000000000000, -1.000000000000000000 ) ) ;
#88 = ORIENTED_EDGE ( 'NONE', *, *, #4101, .F. ) ;
#89 = CARTESIAN_POINT ( 'NONE',  ( 5.725000000000000533, 0.5000000000000000000, 2.024999999999999911 ) ) ;
#90 = VERTEX_POINT ( 'NONE', #1153 ) ;
#91 = DIRECTION ( 'NONE',  ( 0.0000000000000000000, 1.000000000000000000, 0.0000000000000000000 ) ) ;
#92 = EDGE_LOOP ( 'NONE', ( #5794, #795, #4733, #3087 ) ) ;
#93 = EDGE_CURVE ( 'NONE', #8188, #8261, #192, .T. ) ;
#94 = ORIENTED_EDGE ( 'NONE', *, *, #1087, .T. ) ;
#95 = EDGE_CURVE ( 'NONE', #2494, #8839, #3530, .T. ) ;
#96 = LINE ( 'NONE', #6816, #7696 ) ;
#97 = ADVANCED_FACE ( 'NONE', ( #76 ), #7033, .F. ) ;
#98 = ORIENTED_EDGE ( 'NONE', *, *, #6711, .T. ) ;
#99 = VECTOR ( 'NONE', #1799, 1000.000000000000000 ) ;
#100 = ORIENTED_EDGE ( 'NONE', *, *, #6091, .F. ) ;
#101 = DIRECTION ( 'NONE',  ( 0.0000000000000000000, 4.003208021484939327E-15, -1.000000000000000000 ) ) ;
#102 = ORIENTED_EDGE ( 'NONE', *, *, #2934, .T. ) ;
#103 = EDGE_LOOP ( 'NONE', ( #2177, #1269, #5292, #3136 ) ) ;
#104 = VECTOR ( 'NONE', #4377, 1000.000000000000000 ) ;
#105 = VERTEX_POINT ( 'NONE', #7723 ) ;
#106 =( GEOMETRIC_REPRESENTATION_CONTEXT ( 3 ) GLOBAL_UNCERTAINTY_ASSIGNED_CONTEXT ( ( #5680 ) ) GLOBAL_UNIT_ASSIGNED_CONTEXT ( ( #5999, #817, #2223 ) ) REPRESENTATION_CONTEXT ( 'NONE', 'WORKASPACE' ) );
#107 = EDGE_CURVE ( 'NONE', #5982, #898, #8136, .T. ) ;
#108 = FACE_OUTER_BOUND ( 'NONE', #5225, .T. ) ;
#109 = ORIENTED_EDGE ( 'NONE', *, *, #1144, .T. ) ;
#110 = DIRECTION ( 'NONE',  ( -1.000000000000000000, 0.0000000000000000000, 0.0000000000000000000 ) ) ;
#111 = ORIENTED_EDGE ( 'NONE', *, *, #41, .T. ) ;
#112 = EDGE_LOOP ( 'NONE', ( #1476, #5050, #6003, #5158 ) ) ;
#113 = CARTESIAN_POINT ( 'NONE',  ( -0.5250000000000000222, -0.6500000000000000222, -2.075000000000000178 ) ) ;
#114 = LINE ( 'NONE', #7866, #1360 ) ;
#115 = CARTESIAN_POINT ( 'NONE',  ( 3.234999999999999876, 1.850000000000000089, -2.024999999999999911 ) ) ;
#116 = VECTOR ( 'NONE', #1843, 1000.000000000000000 ) ;
#117 = EDGE_LOOP ( 'NONE', ( #8244, #7639, #2070, #6092 ) ) ;
#118 = UNCERTAINTY_MEASURE_WITH_UNIT (LENGTH_MEASURE( 1.000000000000000082E-05 ), #8434, 'distance_accuracy_value', 'NONE');
#119 = DIRECTION ( 'NONE',  ( -1.000000000000000000, 0.0000000000000000000, 0.0000000000000000000 ) ) ;
#120 = MECHANICAL_DESIGN_GEOMETRIC_PRESENTATION_REPRESENTATION (  '', ( #1099 ), #6224 ) ;
#121 = ORIENTED_EDGE ( 'NONE', *, *, #1610, .F. ) ;
#122 = DIRECTION ( 'NONE',  ( 0.0000000000000000000, 1.000000000000000000, 0.0000000000000000000 ) ) ;
#123 = ORIENTED_EDGE ( 'NONE', *, *, #2865, .F. ) ;
#124 = AXIS2_PLACEMENT_3D ( 'NONE', #8809, #4415, #87 ) ;
#125 = EDGE_CURVE ( 'NONE', #577, #307, #6174, .T. ) ;
#126 = PLANE ( 'NONE',  #52 ) ;
#127 = ORIENTED_EDGE ( 'NONE', *, *, #892, .F. ) ;
#128 = LINE ( 'NONE', #4700, #23 ) ;
#129 = CARTESIAN_POINT ( 'NONE',  ( 0.8249999999999999556, 1.649999999999999911, -1.474999999999999867 ) ) ;
#130 = VECTOR ( 'NONE', #2788, 1000.000000000000000 ) ;
#131 = ORIENTED_EDGE ( 'NONE', *, *, #7829, .F. ) ;
#132 = LINE ( 'NONE', #6452, #9441 ) ;
#133 = DIRECTION ( 'NONE',  ( 0.0000000000000000000, 0.0000000000000000000, -1.000000000000000000 ) ) ;
#134 = ORIENTED_EDGE ( 'NONE', *, *, #1118, .F. ) ;
#135 = DIRECTION ( 'NONE',  ( 0.0000000000000000000, 1.000000000000000000, -1.084202172485501673E-15 ) ) ;
#136 = ADVANCED_FACE ( 'NONE', ( #649 ), #7146, .F. ) ;
#137 = DIRECTION ( 'NONE',  ( 0.0000000000000000000, 1.000000000000000000, 0.0000000000000000000 ) ) ;
#138 = EDGE_CURVE ( 'NONE', #5275, #782, #3067, .T. ) ;
#139 = VECTOR ( 'NONE', #7014, 1000.000000000000000 ) ;
#140 = CARTESIAN_POINT ( 'NONE',  ( 5.525000000000000355, 1.850000000000000089, -1.698606797699999893 ) ) ;
#141 = EDGE_CURVE ( 'NONE', #3910, #1369, #1217, .T. ) ;
#142 = ORIENTED_EDGE ( 'NONE', *, *, #4225, .T. ) ;
#143 = EDGE_LOOP ( 'NONE', ( #3463, #3936, #2561, #4236 ) ) ;
#144 = DIRECTION ( 'NONE',  ( 1.000000000000000000, 0.0000000000000000000, 0.0000000000000000000 ) ) ;
#145 = LINE ( 'NONE', #1489, #4991 ) ;
#146 = VECTOR ( 'NONE', #1042, 1000.000000000000000 ) ;
#147 = ADVANCED_FACE ( 'NONE', ( #5721 ), #7875, .F. ) ;
#148 = VECTOR ( 'NONE', #5355, 1000.000000000000000 ) ;
#149 = DIRECTION ( 'NONE',  ( 0.0000000000000000000, 0.0000000000000000000, -1.000000000000000000 ) ) ;
#150 = PLANE ( 'NONE',  #6753 ) ;
#151 = VERTEX_POINT ( 'NONE', #2782 ) ;
#152 = LINE ( 'NONE', #8738, #7859 ) ;
#153 = ORIENTED_EDGE ( 'NONE', *, *, #286, .F. ) ;
#154 = EDGE_CURVE ( 'NONE', #8061, #2747, #3769, .T. ) ;
#155 = CARTESIAN_POINT ( 'NONE',  ( 3.225000000000000089, 1.649999999999999911, 2.024999999999999911 ) ) ;
#156 = EDGE_CURVE ( 'NONE', #7523, #7513, #5134, .T. ) ;
#157 = DIRECTION ( 'NONE',  ( 0.0000000000000000000, -1.000000000000000000, 0.0000000000000000000 ) ) ;
#158 = CARTESIAN_POINT ( 'NONE',  ( 0.7250000000000000888, 1.850000000000000089, -1.698606797699999893 ) ) ;
#159 = ORIENTED_EDGE ( 'NONE', *, *, #8240, .F. ) ;
#160 = CARTESIAN_POINT ( 'NONE',  ( -0.5250000000000000222, 1.850000000000000089, -1.025000000000000133 ) ) ;
#161 = VECTOR ( 'NONE', #2817, 1000.000000000000000 ) ;
#162 = CARTESIAN_POINT ( 'NONE',  ( 2.575000000000000178, 1.850000000000000089, -1.474999999999999867 ) ) ;
#163 = LINE ( 'NONE', #6274, #9479 ) ;
#164 = CARTESIAN_POINT ( 'NONE',  ( 7.475000000000000533, 1.999999999999997780, -2.075000000000008615 ) ) ;
#165 = EDGE_CURVE ( 'NONE', #6595, #4478, #5382, .T. ) ;
#166 = ADVANCED_FACE ( 'NONE', ( #3182 ), #6428, .F. ) ;
#167 = SURFACE_STYLE_FILL_AREA ( #6942 ) ;
#168 = VECTOR ( 'NONE', #422, 1000.000000000000000 ) ;
#169 = LINE ( 'NONE', #4320, #2935 ) ;
#170 = DIRECTION ( 'NONE',  ( 0.0000000000000000000, 0.0000000000000000000, 1.000000000000000000 ) ) ;
#171 = ORIENTED_EDGE ( 'NONE', *, *, #3227, .T. ) ;
#172 = VECTOR ( 'NONE', #719, 1000.000000000000000 ) ;
#173 = CARTESIAN_POINT ( 'NONE',  ( 4.174999999999999822, 1.850000000000000089, 2.024999999999999911 ) ) ;
#174 = AXIS2_PLACEMENT_3D ( 'NONE', #5691, #4336, #5103 ) ;
#175 = MECHANICAL_DESIGN_GEOMETRIC_PRESENTATION_REPRESENTATION (  '', ( #4189 ), #6286 ) ;
#176 = DIRECTION ( 'NONE',  ( 0.0000000000000000000, -1.000000000000000000, 0.0000000000000000000 ) ) ;
#177 = LINE ( 'NONE', #428, #2124 ) ;
#178 = CARTESIAN_POINT ( 'NONE',  ( -0.7249999999999999778, 0.0000000000000000000, -1.525000000000000133 ) ) ;
#179 = STYLED_ITEM ( 'NONE', ( #2432 ), #8256 ) ;
#180 = SURFACE_STYLE_FILL_AREA ( #2275 ) ;
#181 = CARTESIAN_POINT ( 'NONE',  ( 5.514999999999999680, 1.000000000000000000, -2.024999999999999911 ) ) ;
#182 = ORIENTED_EDGE ( 'NONE', *, *, #6439, .T. ) ;
#183 = SURFACE_STYLE_FILL_AREA ( #6319 ) ;
#184 = CARTESIAN_POINT ( 'NONE',  ( 7.875000000000000000, 8.673617379884035472E-15, -0.2250000000000008105 ) ) ;
#185 = FILL_AREA_STYLE_COLOUR ( '', #288 ) ;
#186 = VERTEX_POINT ( 'NONE', #4864 ) ;
#187 = DIRECTION ( 'NONE',  ( 1.000000000000000000, 0.0000000000000000000, 0.0000000000000000000 ) ) ;
#188 = AXIS2_PLACEMENT_3D ( 'NONE', #1000, #6294, #4054 ) ;
#189 = CARTESIAN_POINT ( 'NONE',  ( -0.5250000000000000222, 0.05000000000000002359, -1.775000000000000133 ) ) ;
#190 = VECTOR ( 'NONE', #9336, 1000.000000000000000 ) ;
#191 = PLANE ( 'NONE',  #9531 ) ;
#192 = LINE ( 'NONE', #6937, #7790 ) ;
#193 = AXIS2_PLACEMENT_3D ( 'NONE', #2571, #4671, #2474 ) ;
#194 = ORIENTED_EDGE ( 'NONE', *, *, #3044, .T. ) ;
#195 = CARTESIAN_POINT ( 'NONE',  ( 6.875000000000000888, 1.850000000000000089, -1.474999999999999867 ) ) ;
#196 = CARTESIAN_POINT ( 'NONE',  ( 7.275000000000001243, 1.950000000000002176, 1.375000000000006883 ) ) ;
#197 = DIRECTION ( 'NONE',  ( -1.000000000000000000, 0.0000000000000000000, 0.0000000000000000000 ) ) ;
#198 = VECTOR ( 'NONE', #4972, 1000.000000000000000 ) ;
#199 = ORIENTED_EDGE ( 'NONE', *, *, #7362, .T. ) ;
#200 = ORIENTED_EDGE ( 'NONE', *, *, #5052, .F. ) ;
#201 = EDGE_LOOP ( 'NONE', ( #8417, #6867, #1255, #4844 ) ) ;
#202 = DIRECTION ( 'NONE',  ( 0.0000000000000000000, 1.000000000000000000, 0.0000000000000000000 ) ) ;
#203 =( GEOMETRIC_REPRESENTATION_CONTEXT ( 3 ) GLOBAL_UNCERTAINTY_ASSIGNED_CONTEXT ( ( #3188 ) ) GLOBAL_UNIT_ASSIGNED_CONTEXT ( ( #2544, #1026, #4709 ) ) REPRESENTATION_CONTEXT ( 'NONE', 'WORKASPACE' ) );
#204 = CARTESIAN_POINT ( 'NONE',  ( 5.724999999999999645, 0.3499999999999999778, -2.075000000000000178 ) ) ;
#205 = VERTEX_POINT ( 'NONE', #8678 ) ;
#206 = LINE ( 'NONE', #8568, #5852 ) ;
#207 = EDGE_LOOP ( 'NONE', ( #2141, #991, #684, #6978 ) ) ;
#208 = PLANE ( 'NONE',  #8992 ) ;
#209 = ORIENTED_EDGE ( 'NONE', *, *, #3720, .T. ) ;
#210 = EDGE_CURVE ( 'NONE', #9034, #9384, #9373, .T. ) ;
#211 = VECTOR ( 'NONE', #996, 1000.000000000000000 ) ;
#212 = ORIENTED_EDGE ( 'NONE', *, *, #2144, .T. ) ;
#213 = CARTESIAN_POINT ( 'NONE',  ( 5.375000000000000888, 2.750000000000000000, -0.4749999999999999778 ) ) ;
#214 = CARTESIAN_POINT ( 'NONE',  ( 4.474999999999999645, 1.649999999999999911, -1.698606797699999893 ) ) ;
#215 = CARTESIAN_POINT ( 'NONE',  ( -0.7249999999999999778, 0.0000000000000000000, 2.024999999999999911 ) ) ;
#216 = ORIENTED_EDGE ( 'NONE', *, *, #1234, .F. ) ;
#217 = DIRECTION ( 'NONE',  ( 1.000000000000000000, -0.0000000000000000000, 8.673617379884027583E-16 ) ) ;
#218 = LINE ( 'NONE', #2482, #4704 ) ;
#219 = ORIENTED_EDGE ( 'NONE', *, *, #2229, .T. ) ;
#220 = DIRECTION ( 'NONE',  ( 1.000000000000000000, 0.0000000000000000000, 0.0000000000000000000 ) ) ;
#221 = COLOUR_RGB ( '',0.6470588235294117974, 0.6196078431372549211, 0.5882352941176470784 ) ;
#222 = ORIENTED_EDGE ( 'NONE', *, *, #9130, .T. ) ;
#223 = CARTESIAN_POINT ( 'NONE',  ( 4.274999999999999467, -0.6500000000000000222, -2.075000000000000178 ) ) ;
#224 = CARTESIAN_POINT ( 'NONE',  ( 5.000000000000000888, 1.000000000000000000, -1.474999999999999867 ) ) ;
#225 = EDGE_CURVE ( 'NONE', #8657, #2156, #6735, .T. ) ;
#226 = ORIENTED_EDGE ( 'NONE', *, *, #3737, .F. ) ;
#227 = EDGE_CURVE ( 'NONE', #1929, #7254, #8477, .T. ) ;
#228 = CARTESIAN_POINT ( 'NONE',  ( 0.8249999999999999556, 1.850000000000000089, -1.698606797699999893 ) ) ;
#229 = VERTEX_POINT ( 'NONE', #7121 ) ;
#230 = VECTOR ( 'NONE', #419, 1000.000000000000000 ) ;
#231 = CARTESIAN_POINT ( 'NONE',  ( 1.975000000000000089, 0.0000000000000000000, -1.525000000000000133 ) ) ;
#232 = VECTOR ( 'NONE', #6298, 1000.000000000000000 ) ;
#233 = DIRECTION ( 'NONE',  ( 0.0000000000000000000, -1.339206523454102177E-15, -1.000000000000000000 ) ) ;
#234 = ORIENTED_EDGE ( 'NONE', *, *, #7690, .F. ) ;
#235 = ORIENTED_EDGE ( 'NONE', *, *, #9075, .F. ) ;
#236 = EDGE_LOOP ( 'NONE', ( #6574, #2792, #3226, #5209 ) ) ;
#237 = CARTESIAN_POINT ( 'NONE',  ( 5.735000000000000320, 1.649999999999999911, -1.025000000000000133 ) ) ;
#238 = PRESENTATION_LAYER_ASSIGNMENT (  '', '', ( #2880 ) ) ;
#239 = ORIENTED_EDGE ( 'NONE', *, *, #778, .T. ) ;
#240 = VECTOR ( 'NONE', #2010, 1000.000000000000114 ) ;
#241 = EDGE_LOOP ( 'NONE', ( #6636, #8570, #8097, #2330 ) ) ;
#242 = ORIENTED_EDGE ( 'NONE', *, *, #3336, .F. ) ;
#243 = VERTEX_POINT ( 'NONE', #9246 ) ;
#244 = CARTESIAN_POINT ( 'NONE',  ( 6.375000000000000888, 3.750000000000000000, -2.024999999999999911 ) ) ;
#245 =( NAMED_UNIT ( * ) SI_UNIT ( $, .STERADIAN. ) SOLID_ANGLE_UNIT ( ) );
#246 = ORIENTED_EDGE ( 'NONE', *, *, #835, .F. ) ;
#247 = CARTESIAN_POINT ( 'NONE',  ( 7.475000000000000533, 4.249999999999992895, -0.07499999999999976130 ) ) ;
#248 = AXIS2_PLACEMENT_3D ( 'NONE', #251, #5407, #4058 ) ;
#249 = LINE ( 'NONE', #7090, #9325 ) ;
#250 = DIRECTION ( 'NONE',  ( 0.0000000000000000000, 0.0000000000000000000, -1.000000000000000000 ) ) ;
#251 = CARTESIAN_POINT ( 'NONE',  ( 5.375000000000000888, 3.750000000000000000, -2.024999999999999911 ) ) ;
#252 = LINE ( 'NONE', #8804, #1967 ) ;
#254 = ORIENTED_EDGE ( 'NONE', *, *, #6212, .T. ) ;
#253 = DIRECTION ( 'NONE',  ( 0.0000000000000000000, 1.000000000000000000, 0.0000000000000000000 ) ) ;
#255 = EDGE_CURVE ( 'NONE', #5988, #9087, #3420, .T. ) ;
#256 = SURFACE_STYLE_USAGE ( .BOTH. , #1743 ) ;
#257 = ORIENTED_EDGE ( 'NONE', *, *, #4592, .F. ) ;
#258 = PLANE ( 'NONE',  #4132 ) ;
#259 = VECTOR ( 'NONE', #2770, 1000.000000000000000 ) ;
#260 = VERTEX_POINT ( 'NONE', #1423 ) ;
#261 = ADVANCED_FACE ( 'NONE', ( #7187 ), #2720, .T. ) ;
#262 = VECTOR ( 'NONE', #4325, 1000.000000000000000 ) ;
#263 = CARTESIAN_POINT ( 'NONE',  ( -2.875000000000000000, 4.250000000000000000, -2.024999999999999911 ) ) ;
#264 = LINE ( 'NONE', #3606, #4417 ) ;
#265 = CARTESIAN_POINT ( 'NONE',  ( 3.324999999999999734, 1.649999999999999911, -1.698606797699999893 ) ) ;
#266 = PLANE ( 'NONE',  #4997 ) ;
#267 = DIRECTION ( 'NONE',  ( 1.000000000000000000, 0.0000000000000000000, 0.0000000000000000000 ) ) ;
#268 = ORIENTED_EDGE ( 'NONE', *, *, #9376, .F. ) ;
#269 = EDGE_CURVE ( 'NONE', #4837, #4050, #4912, .T. ) ;
#270 = VERTEX_POINT ( 'NONE', #3710 ) ;
#271 = LINE ( 'NONE', #3276, #146 ) ;
#272 = VECTOR ( 'NONE', #7193, 1000.000000000000000 ) ;
#273 = EDGE_CURVE ( 'NONE', #7246, #4291, #2479, .T. ) ;
#274 = DIRECTION ( 'NONE',  ( 0.0000000000000000000, -1.000000000000000000, 0.0000000000000000000 ) ) ;
#275 = CARTESIAN_POINT ( 'NONE',  ( 1.975000000000000089, 1.850000000000000089, 2.024999999999999911 ) ) ;
#276 = EDGE_LOOP ( 'NONE', ( #1827, #7459, #6777, #6691 ) ) ;
#277 = CARTESIAN_POINT ( 'NONE',  ( 7.375000000000001776, 3.149999999999999911, 2.024999999999999911 ) ) ;
#278 = LINE ( 'NONE', #6518, #956 ) ;
#279 = CARTESIAN_POINT ( 'NONE',  ( 0.7250000000000000888, 1.350000000000000089, -1.525000000000000133 ) ) ;
#280 = ADVANCED_FACE ( 'NONE', ( #5496 ), #7843, .T. ) ;
#281 = VECTOR ( 'NONE', #8977, 1000.000000000000000 ) ;
#282 = ORIENTED_EDGE ( 'NONE', *, *, #6795, .F. ) ;
#283 = EDGE_CURVE ( 'NONE', #2647, #4353, #6849, .T. ) ;
#284 = CARTESIAN_POINT ( 'NONE',  ( -2.875000000000000000, 3.600000000000000977, -0.07499999999999998335 ) ) ;
#285 = PLANE ( 'NONE',  #4015 ) ;
#286 = EDGE_CURVE ( 'NONE', #5088, #7797, #1100, .T. ) ;
#287 = DIRECTION ( 'NONE',  ( 0.0000000000000000000, 0.0000000000000000000, 1.000000000000000000 ) ) ;
#288 = COLOUR_RGB ( '',1.000000000000000000, 1.000000000000000000, 1.000000000000000000 ) ;
#289 = DIRECTION ( 'NONE',  ( -1.000000000000000000, 0.0000000000000000000, 0.0000000000000000000 ) ) ;
#290 = VERTEX_POINT ( 'NONE', #2957 ) ;
#291 = CARTESIAN_POINT ( 'NONE',  ( 6.875000000000000888, 3.149999999999999911, 0.02500000000000000139 ) ) ;
#292 = VERTEX_POINT ( 'NONE', #8775 ) ;
#293 = LINE ( 'NONE', #18, #4780 ) ;
#294 =( NAMED_UNIT ( * ) PLANE_ANGLE_UNIT ( ) SI_UNIT ( $, .RADIAN. ) );
#295 = DIRECTION ( 'NONE',  ( -0.0000000000000000000, 1.000000000000000000, 0.0000000000000000000 ) ) ;
#296 = VECTOR ( 'NONE', #5920, 1000.000000000000000 ) ;
#297 = CARTESIAN_POINT ( 'NONE',  ( 7.500000000000001776, 4.240000000000000213, 2.024999999999999911 ) ) ;
#298 = AXIS2_PLACEMENT_3D ( 'NONE', #876, #1593, #847 ) ;
#299 = VECTOR ( 'NONE', #58, 1000.000000000000000 ) ;
#300 = EDGE_CURVE ( 'NONE', #336, #5228, #6408, .T. ) ;
#301 = CARTESIAN_POINT ( 'NONE',  ( 0.8249999999999999556, 1.850000000000000089, 2.024999999999999911 ) ) ;
#302 = LINE ( 'NONE', #1313, #5937 ) ;
#303 = DIRECTION ( 'NONE',  ( 0.0000000000000000000, -1.000000000000000000, -4.336808689942024836E-15 ) ) ;
#304 = SURFACE_STYLE_USAGE ( .BOTH. , #9106 ) ;
#305 = DIRECTION ( 'NONE',  ( 0.0000000000000000000, -0.6650335612228979176, -0.7468134723257140450 ) ) ;
#306 = LINE ( 'NONE', #2237, #2013 ) ;
#307 = VERTEX_POINT ( 'NONE', #5793 ) ;
#308 = ADVANCED_FACE ( 'NONE', ( #3991 ), #6554, .T. ) ;
#309 = EDGE_LOOP ( 'NONE', ( #7579, #2439, #8536, #8266 ) ) ;
#310 = VECTOR ( 'NONE', #7007, 1000.000000000000000 ) ;
#311 = AXIS2_PLACEMENT_3D ( 'NONE', #7631, #8980, #6245 ) ;
#312 = CARTESIAN_POINT ( 'NONE',  ( 5.525000000000000355, 1.850000000000000089, -1.698606797699999893 ) ) ;
#313 = ORIENTED_EDGE ( 'NONE', *, *, #8888, .F. ) ;
#314 = PLANE ( 'NONE',  #9011 ) ;
#315 = LINE ( 'NONE', #809, #6854 ) ;
#316 = DIRECTION ( 'NONE',  ( -0.0000000000000000000, -0.0000000000000000000, 1.000000000000000000 ) ) ;
#317 = DIRECTION ( 'NONE',  ( 1.000000000000000000, 0.0000000000000000000, 0.0000000000000000000 ) ) ;
#318 = ORIENTED_EDGE ( 'NONE', *, *, #2431, .T. ) ;
#319 = CARTESIAN_POINT ( 'NONE',  ( 3.225000000000000089, 1.850000000000000089, -2.024999999999999911 ) ) ;
#320 = ORIENTED_EDGE ( 'NONE', *, *, #1737, .T. ) ;
#321 = VERTEX_POINT ( 'NONE', #610 ) ;
#322 = EDGE_CURVE ( 'NONE', #2506, #4395, #6631, .T. ) ;
#323 = VECTOR ( 'NONE', #9284, 1000.000000000000000 ) ;
#324 = DIRECTION ( 'NONE',  ( 1.000000000000000000, 0.0000000000000000000, 0.0000000000000000000 ) ) ;
#325 = EDGE_LOOP ( 'NONE', ( #2148, #9275, #6390, #6448 ) ) ;
#326 = EDGE_LOOP ( 'NONE', ( #4280, #672, #3578, #6101 ) ) ;
#327 = CARTESIAN_POINT ( 'NONE',  ( 3.225000000000000089, 1.315130797599999957, 1.171117220399999770 ) ) ;
#328 = ORIENTED_EDGE ( 'NONE', *, *, #8532, .T. ) ;
#329 = PLANE ( 'NONE',  #9288 ) ;
#330 = EDGE_CURVE ( 'NONE', #3819, #7819, #4566, .T. ) ;
#331 = ORIENTED_EDGE ( 'NONE', *, *, #7736, .F. ) ;
#332 = DIRECTION ( 'NONE',  ( -0.0000000000000000000, 1.000000000000000000, 0.0000000000000000000 ) ) ;
#333 = ORIENTED_EDGE ( 'NONE', *, *, #1796, .T. ) ;
#334 = VECTOR ( 'NONE', #7399, 1000.000000000000000 ) ;
#335 = PRODUCT_DEFINITION_SHAPE ( 'NONE', 'NONE',  #2326 ) ;
#336 = VERTEX_POINT ( 'NONE', #5136 ) ;
#337 = FILL_AREA_STYLE_COLOUR ( '', #5611 ) ;
#338 = ORIENTED_EDGE ( 'NONE', *, *, #8453, .T. ) ;
#339 = DIRECTION ( 'NONE',  ( 0.0000000000000000000, 0.0000000000000000000, -1.000000000000000000 ) ) ;
#340 = DIRECTION ( 'NONE',  ( -1.000000000000000000, 0.0000000000000000000, 0.0000000000000000000 ) ) ;
#341 = VERTEX_POINT ( 'NONE', #4341 ) ;
#342 = EDGE_CURVE ( 'NONE', #9295, #6878, #877, .T. ) ;
#343 = ORIENTED_EDGE ( 'NONE', *, *, #483, .F. ) ;
#344 = EDGE_CURVE ( 'NONE', #7499, #4739, #6965, .T. ) ;
#345 = PRODUCT_CONTEXT ( 'NONE', #1659, 'mechanical' ) ;
#346 = LINE ( 'NONE', #4413, #1013 ) ;
#347 = CARTESIAN_POINT ( 'NONE',  ( 3.015000000000000124, 1.850000000000000089, -1.025000000000000133 ) ) ;
#348 = VERTEX_POINT ( 'NONE', #2075 ) ;
#349 = ORIENTED_EDGE ( 'NONE', *, *, #9267, .T. ) ;
#350 = DIRECTION ( 'NONE',  ( 1.000000000000000000, 0.0000000000000000000, 0.0000000000000000000 ) ) ;
#351 = ORIENTED_EDGE ( 'NONE', *, *, #1798, .T. ) ;
#352 = DIRECTION ( 'NONE',  ( -1.000000000000000000, 0.0000000000000000000, 0.0000000000000000000 ) ) ;
#353 = CARTESIAN_POINT ( 'NONE',  ( -0.5150000000000000133, 1.649999999999999911, -1.025000000000000133 ) ) ;
#354 = PLANE ( 'NONE',  #3322 ) ;
#355 = ORIENTED_EDGE ( 'NONE', *, *, #8472, .F. ) ;
#356 = LINE ( 'NONE', #7803, #5542 ) ;
#357 = EDGE_CURVE ( 'NONE', #3010, #260, #2713, .T. ) ;
#358 = LINE ( 'NONE', #6200, #7942 ) ;
#359 = ORIENTED_EDGE ( 'NONE', *, *, #1580, .T. ) ;
#360 = DIRECTION ( 'NONE',  ( 0.0000000000000000000, -1.000000000000000000, -4.336808689942024836E-15 ) ) ;
#361 = ORIENTED_EDGE ( 'NONE', *, *, #3367, .F. ) ;
#362 = ORIENTED_EDGE ( 'NONE', *, *, #4661, .F. ) ;
#363 = DIRECTION ( 'NONE',  ( 0.0000000000000000000, 0.0000000000000000000, -1.000000000000000000 ) ) ;
#364 = ORIENTED_EDGE ( 'NONE', *, *, #8186, .T. ) ;
#365 = PLANE ( 'NONE',  #5303 ) ;
#366 = VECTOR ( 'NONE', #5938, 1000.000000000000000 ) ;
#367 = VECTOR ( 'NONE', #3348, 1000.000000000000000 ) ;
#368 = ORIENTED_EDGE ( 'NONE', *, *, #3598, .F. ) ;
#369 = AXIS2_PLACEMENT_3D ( 'NONE', #4569, #6078, #9030 ) ;
#370 = CARTESIAN_POINT ( 'NONE',  ( 6.175000000000000711, 2.550000000000000266, -1.474999999999999867 ) ) ;
#371 = VERTEX_POINT ( 'NONE', #2846 ) ;
#372 = VECTOR ( 'NONE', #5155, 1000.000000000000000 ) ;
#373 = DIRECTION ( 'NONE',  ( 1.000000000000000000, 0.0000000000000000000, 0.0000000000000000000 ) ) ;
#374 = VECTOR ( 'NONE', #5193, 1000.000000000000000 ) ;
#375 = FACE_OUTER_BOUND ( 'NONE', #1869, .T. ) ;
#376 = VERTEX_POINT ( 'NONE', #8003 ) ;
#377 = ORIENTED_EDGE ( 'NONE', *, *, #6565, .F. ) ;
#378 = VERTEX_POINT ( 'NONE', #2107 ) ;
#379 = LINE ( 'NONE', #5477, #608 ) ;
#380 = ORIENTED_EDGE ( 'NONE', *, *, #2918, .T. ) ;
#381 = DIRECTION ( 'NONE',  ( 0.0000000000000000000, -1.000000000000000000, 0.0000000000000000000 ) ) ;
#382 = DIRECTION ( 'NONE',  ( 0.0000000000000000000, 0.0000000000000000000, 1.000000000000000000 ) ) ;
#383 = EDGE_CURVE ( 'NONE', #8878, #8036, #8929, .T. ) ;
#384 = ORIENTED_EDGE ( 'NONE', *, *, #1549, .T. ) ;
#385 = VECTOR ( 'NONE', #386, 1000.000000000000000 ) ;
#386 = DIRECTION ( 'NONE',  ( 1.000000000000000000, 0.0000000000000000000, 0.0000000000000000000 ) ) ;
#387 = LINE ( 'NONE', #8752, #8778 ) ;
#388 = DIRECTION ( 'NONE',  ( -0.0000000000000000000, 1.000000000000000000, 0.0000000000000000000 ) ) ;
#389 = ORIENTED_EDGE ( 'NONE', *, *, #1186, .F. ) ;
#390 = ORIENTED_EDGE ( 'NONE', *, *, #1915, .F. ) ;
#391 = ADVANCED_FACE ( 'NONE', ( #2015 ), #2270, .T. ) ;
#392 = CARTESIAN_POINT ( 'NONE',  ( 7.275000000000001243, 0.0000000000000000000, 0.0000000000000000000 ) ) ;
#393 = ORIENTED_EDGE ( 'NONE', *, *, #7108, .T. ) ;
#394 = LINE ( 'NONE', #2111, #3847 ) ;
#395 = VECTOR ( 'NONE', #5334, 1000.000000000000000 ) ;
#396 = DIRECTION ( 'NONE',  ( 0.0000000000000000000, 1.000000000000000000, 0.0000000000000000000 ) ) ;
#397 = DIRECTION ( 'NONE',  ( -1.000000000000000000, 0.0000000000000000000, 0.0000000000000000000 ) ) ;
#398 = FILL_AREA_STYLE_COLOUR ( '', #2112 ) ;
#399 = EDGE_CURVE ( 'NONE', #5512, #292, #7666, .T. ) ;
#400 = VECTOR ( 'NONE', #9314, 1000.000000000000000 ) ;
#401 = DIRECTION ( 'NONE',  ( 1.000000000000000000, 0.0000000000000000000, 0.0000000000000000000 ) ) ;
#402 = ORIENTED_EDGE ( 'NONE', *, *, #4425, .F. ) ;
#403 = FACE_OUTER_BOUND ( 'NONE', #5347, .T. ) ;
#404 = VERTEX_POINT ( 'NONE', #2576 ) ;
#405 = CARTESIAN_POINT ( 'NONE',  ( 1.974999999999999867, 0.3499999999999999778, -2.075000000000000178 ) ) ;
#406 = EDGE_CURVE ( 'NONE', #4511, #2976, #9049, .T. ) ;
#407 = ORIENTED_EDGE ( 'NONE', *, *, #8688, .F. ) ;
#408 = CARTESIAN_POINT ( 'NONE',  ( 0.07499999999999998335, 1.850000000000000089, 2.024999999999999911 ) ) ;
#409 = ADVANCED_FACE ( 'NONE', ( #1543 ), #6288, .T. ) ;
#410 = FACE_OUTER_BOUND ( 'NONE', #5560, .T. ) ;
#411 = LINE ( 'NONE', #1203, #2815 ) ;
#412 = LINE ( 'NONE', #5471, #492 ) ;
#413 = ORIENTED_EDGE ( 'NONE', *, *, #8903, .F. ) ;
#414 = LINE ( 'NONE', #8014, #7773 ) ;
#415 = CARTESIAN_POINT ( 'NONE',  ( 3.324999999999999734, 1.850000000000000089, 2.024999999999999911 ) ) ;
#416 = EDGE_CURVE ( 'NONE', #4478, #7489, #9152, .T. ) ;
#417 = EDGE_CURVE ( 'NONE', #3836, #5624, #2955, .T. ) ;
#418 = CARTESIAN_POINT ( 'NONE',  ( -2.274999999999999911, 2.000000000000000000, -1.425000000000000044 ) ) ;
#419 = DIRECTION ( 'NONE',  ( 1.000000000000000000, 0.0000000000000000000, 0.0000000000000000000 ) ) ;
#420 = DIRECTION ( 'NONE',  ( 0.0000000000000000000, 0.0000000000000000000, 1.000000000000000000 ) ) ;
#421 = VECTOR ( 'NONE', #2985, 1000.000000000000000 ) ;
#422 = DIRECTION ( 'NONE',  ( -1.000000000000000000, -0.0000000000000000000, -0.0000000000000000000 ) ) ;
#423 = CARTESIAN_POINT ( 'NONE',  ( 4.174999999999999822, 1.850000000000000089, -1.474999999999999867 ) ) ;
#424 = LINE ( 'NONE', #3511, #9262 ) ;
#425 = DIRECTION ( 'NONE',  ( 0.0000000000000000000, -1.000000000000000000, 0.0000000000000000000 ) ) ;
#426 = DIRECTION ( 'NONE',  ( 0.0000000000000000000, -1.000000000000000000, 0.0000000000000000000 ) ) ;
#427 = ORIENTED_EDGE ( 'NONE', *, *, #5068, .T. ) ;
#428 = CARTESIAN_POINT ( 'NONE',  ( 5.725000000000000533, 0.0000000000000000000, -2.024999999999999911 ) ) ;
#429 = CARTESIAN_POINT ( 'NONE',  ( 5.725000000000000533, 0.3500000000000000333, -2.024999999999999911 ) ) ;
#430 = LINE ( 'NONE', #5586, #539 ) ;
#431 = CARTESIAN_POINT ( 'NONE',  ( 0.7349999999999999867, 1.850000000000000089, -1.025000000000000133 ) ) ;
#432 = ORIENTED_EDGE ( 'NONE', *, *, #227, .F. ) ;
#433 = SURFACE_STYLE_USAGE ( .BOTH. , #1794 ) ;
#434 = LINE ( 'NONE', #8322, #5841 ) ;
#435 = VERTEX_POINT ( 'NONE', #3293 ) ;
#436 = EDGE_CURVE ( 'NONE', #5879, #8668, #4796, .T. ) ;
#437 = ORIENTED_EDGE ( 'NONE', *, *, #8232, .T. ) ;
#438 = EDGE_LOOP ( 'NONE', ( #709, #3652, #6158, #4128 ) ) ;
#439 = CARTESIAN_POINT ( 'NONE',  ( -0.4249999999999999889, 1.649999999999999911, 2.024999999999999911 ) ) ;
#440 = ORIENTED_EDGE ( 'NONE', *, *, #7375, .F. ) ;
#441 = CARTESIAN_POINT ( 'NONE',  ( 3.024999999999999911, 0.05000000000000002359, -1.775000000000000133 ) ) ;
#442 = CARTESIAN_POINT ( 'NONE',  ( 4.474999999999999645, 0.5000000000000000000, 0.0000000000000000000 ) ) ;
#443 = VECTOR ( 'NONE', #922, 1000.000000000000000 ) ;
#444 = ORIENTED_EDGE ( 'NONE', *, *, #7798, .F. ) ;
#445 = CARTESIAN_POINT ( 'NONE',  ( -2.274999999999999911, 1.950000000000002176, 1.375000000000006883 ) ) ;
#446 = ORIENTED_EDGE ( 'NONE', *, *, #5273, .T. ) ;
#447 = ORIENTED_EDGE ( 'NONE', *, *, #5389, .F. ) ;
#448 = EDGE_CURVE ( 'NONE', #2758, #5331, #6166, .T. ) ;
#449 = MECHANICAL_DESIGN_GEOMETRIC_PRESENTATION_REPRESENTATION (  '', ( #3835 ), #1413 ) ;
#450 = DIRECTION ( 'NONE',  ( 0.0000000000000000000, 0.0000000000000000000, -1.000000000000000000 ) ) ;
#451 = CARTESIAN_POINT ( 'NONE',  ( 0.7250000000000000888, -0.6500000000000000222, -2.075000000000000178 ) ) ;
#452 = VERTEX_POINT ( 'NONE', #1162 ) ;
#453 = CARTESIAN_POINT ( 'NONE',  ( 7.875000000000000000, 1.950000000000002176, 1.375000000000006883 ) ) ;
#454 = ORIENTED_EDGE ( 'NONE', *, *, #125, .F. ) ;
#455 = EDGE_CURVE ( 'NONE', #9188, #6182, #2129, .T. ) ;
#456 = EDGE_CURVE ( 'NONE', #5655, #5250, #7074, .T. ) ;
#457 = LINE ( 'NONE', #4370, #9524 ) ;
#458 = ORIENTED_EDGE ( 'NONE', *, *, #3850, .T. ) ;
#459 =( NAMED_UNIT ( * ) PLANE_ANGLE_UNIT ( ) SI_UNIT ( $, .RADIAN. ) );
#460 = ORIENTED_EDGE ( 'NONE', *, *, #1781, .T. ) ;
#461 = DIRECTION ( 'NONE',  ( 0.0000000000000000000, 1.000000000000000000, 0.0000000000000000000 ) ) ;
#462 = ORIENTED_EDGE ( 'NONE', *, *, #4172, .T. ) ;
#463 = VECTOR ( 'NONE', #600, 1000.000000000000000 ) ;
#464 = CARTESIAN_POINT ( 'NONE',  ( 4.575000000000000178, 1.649999999999999911, -1.025000000000000133 ) ) ;
#465 = VERTEX_POINT ( 'NONE', #6948 ) ;
#466 = VERTEX_POINT ( 'NONE', #431 ) ;
#467 = VERTEX_POINT ( 'NONE', #6256 ) ;
#468 = ORIENTED_EDGE ( 'NONE', *, *, #5455, .F. ) ;
#469 = EDGE_CURVE ( 'NONE', #6427, #4103, #2947, .T. ) ;
#470 = ORIENTED_EDGE ( 'NONE', *, *, #2364, .T. ) ;
#471 = EDGE_CURVE ( 'NONE', #656, #2194, #4113, .T. ) ;
#472 = ORIENTED_EDGE ( 'NONE', *, *, #6790, .T. ) ;
#473 = CARTESIAN_POINT ( 'NONE',  ( 5.375000000000000000, 1.000000000000000000, -1.525000000000000133 ) ) ;
#474 = SURFACE_STYLE_USAGE ( .BOTH. , #2711 ) ;
#475 = VECTOR ( 'NONE', #7904, 1000.000000000000000 ) ;
#476 = EDGE_LOOP ( 'NONE', ( #351, #3549, #3085, #6190 ) ) ;
#477 = ORIENTED_EDGE ( 'NONE', *, *, #255, .T. ) ;
#478 = CARTESIAN_POINT ( 'NONE',  ( 7.875000000000000000, 1.950000000000002176, 1.375000000000006883 ) ) ;
#479 = CARTESIAN_POINT ( 'NONE',  ( 3.225000000000000089, 0.0000000000000000000, -2.024999999999999911 ) ) ;
#480 = DIRECTION ( 'NONE',  ( 0.0000000000000000000, 0.0000000000000000000, -1.000000000000000000 ) ) ;
#481 = ORIENTED_EDGE ( 'NONE', *, *, #9202, .T. ) ;
#482 = VECTOR ( 'NONE', #8486, 1000.000000000000000 ) ;
#483 = EDGE_CURVE ( 'NONE', #8277, #5403, #7176, .T. ) ;
#484 = DIRECTION ( 'NONE',  ( 0.0000000000000000000, 1.000000000000000000, 0.0000000000000000000 ) ) ;
#485 = MANIFOLD_SOLID_BREP ( 'Body-Move/Copy4[2]', #6804 ) ;
#486 = VECTOR ( 'NONE', #6327, 1000.000000000000000 ) ;
#487 = VERTEX_POINT ( 'NONE', #3263 ) ;
#488 = CARTESIAN_POINT ( 'NONE',  ( 5.724999999999999645, 0.0000000000000000000, 2.024999999999999911 ) ) ;
#489 = DIRECTION ( 'NONE',  ( 0.0000000000000000000, -0.9486832980505138790, -0.3162277660168379412 ) ) ;
#490 = SURFACE_STYLE_USAGE ( .BOTH. , #2790 ) ;
#491 = VERTEX_POINT ( 'NONE', #4081 ) ;
#492 = VECTOR ( 'NONE', #1966, 1000.000000000000000 ) ;
#493 = ORIENTED_EDGE ( 'NONE', *, *, #5276, .F. ) ;
#494 = CARTESIAN_POINT ( 'NONE',  ( 7.475000000000000533, 4.249999999999992895, -0.07499999999999976130 ) ) ;
#495 = AXIS2_PLACEMENT_3D ( 'NONE', #1177, #7143, #8580 ) ;
#496 = VECTOR ( 'NONE', #1531, 1000.000000000000000 ) ;
#497 = AXIS2_PLACEMENT_3D ( 'NONE', #7881, #5592, #1921 ) ;
#498 = LINE ( 'NONE', #7087, #5796 ) ;
#499 = DIRECTION ( 'NONE',  ( 0.0000000000000000000, 0.0000000000000000000, 1.000000000000000000 ) ) ;
#500 = ADVANCED_FACE ( 'NONE', ( #5829 ), #5596, .T. ) ;
#501 = ORIENTED_EDGE ( 'NONE', *, *, #4948, .T. ) ;
#502 = LINE ( 'NONE', #4342, #2097 ) ;
#503 = VERTEX_POINT ( 'NONE', #7765 ) ;
#504 = LINE ( 'NONE', #8965, #6140 ) ;
#505 = FACE_OUTER_BOUND ( 'NONE', #2279, .T. ) ;
#506 = FILL_AREA_STYLE ('',( #3362 ) ) ;
#507 = CARTESIAN_POINT ( 'NONE',  ( 7.275000000000001243, 4.250000000000000000, -0.07499999999999998335 ) ) ;
#508 = VECTOR ( 'NONE', #6252, 1000.000000000000000 ) ;
#509 = VERTEX_POINT ( 'NONE', #8588 ) ;
#510 = FACE_OUTER_BOUND ( 'NONE', #6250, .T. ) ;
#511 = DIRECTION ( 'NONE',  ( 0.0000000000000000000, 1.000000000000000000, 0.0000000000000000000 ) ) ;
#512 = FACE_OUTER_BOUND ( 'NONE', #7305, .T. ) ;
#513 = DIRECTION ( 'NONE',  ( -0.0000000000000000000, 1.000000000000000000, 4.003208021484939327E-15 ) ) ;
#514 = FACE_OUTER_BOUND ( 'NONE', #3007, .T. ) ;
#515 = EDGE_LOOP ( 'NONE', ( #3695, #5558, #4656, #1607, #8503, #1817, #8958, #5519 ) ) ;
#516 = CARTESIAN_POINT ( 'NONE',  ( 0.5250000000000000222, 1.795247431900000024, 2.024999999999999911 ) ) ;
#517 = ORIENTED_EDGE ( 'NONE', *, *, #5153, .T. ) ;
#518 = ADVANCED_FACE ( 'NONE', ( #8011 ), #5491, .F. ) ;
#519 = CARTESIAN_POINT ( 'NONE',  ( -2.875000000000000000, 1.000000000000000000, -2.024999999999999911 ) ) ;
#520 = VECTOR ( 'NONE', #5285, 1000.000000000000000 ) ;
#521 = AXIS2_PLACEMENT_3D ( 'NONE', #4918, #513, #3472 ) ;
#522 = CARTESIAN_POINT ( 'NONE',  ( 6.875000000000000888, 2.550000000000000266, 2.024999999999999911 ) ) ;
#523 = LINE ( 'NONE', #3005, #5708 ) ;
#524 = EDGE_CURVE ( 'NONE', #2975, #2169, #1898, .T. ) ;
#525 = LINE ( 'NONE', #9146, #4207 ) ;
#526 = DIRECTION ( 'NONE',  ( 0.0000000000000000000, 0.0000000000000000000, 1.000000000000000000 ) ) ;
#527 = DIRECTION ( 'NONE',  ( 1.000000000000000000, 0.0000000000000000000, 0.0000000000000000000 ) ) ;
#528 = CARTESIAN_POINT ( 'NONE',  ( -2.500000000000000000, 4.240000000000000213, -0.07499999999999998335 ) ) ;
#529 = DIRECTION ( 'NONE',  ( -1.000000000000000000, 0.0000000000000000000, 0.0000000000000000000 ) ) ;
#530 = VECTOR ( 'NONE', #8030, 1000.000000000000000 ) ;
#531 = EDGE_CURVE ( 'NONE', #4919, #7819, #302, .T. ) ;
#532 = UNCERTAINTY_MEASURE_WITH_UNIT (LENGTH_MEASURE( 1.000000000000000082E-05 ), #3599, 'distance_accuracy_value', 'NONE');
#533 = VECTOR ( 'NONE', #6521, 1000.000000000000000 ) ;
#534 = CARTESIAN_POINT ( 'NONE',  ( 1.765000000000000124, 1.850000000000000089, -2.024999999999999911 ) ) ;
#535 = CARTESIAN_POINT ( 'NONE',  ( 3.024999999999999911, 1.795247431900000024, 2.024999999999999911 ) ) ;
#536 = CARTESIAN_POINT ( 'NONE',  ( 0.7250000000000000888, 1.649999999999999911, 2.024999999999999911 ) ) ;
#537 = CARTESIAN_POINT ( 'NONE',  ( -1.875000000000000000, 2.550000000000000266, -1.474999999999999867 ) ) ;
#538 = LINE ( 'NONE', #8489, #8142 ) ;
#539 = VECTOR ( 'NONE', #363, 1000.000000000000000 ) ;
#540 =( LENGTH_UNIT ( ) NAMED_UNIT ( * ) SI_UNIT ( .MILLI., .METRE. ) );
#541 =( NAMED_UNIT ( * ) SI_UNIT ( $, .STERADIAN. ) SOLID_ANGLE_UNIT ( ) );
#542 = VERTEX_POINT ( 'NONE', #5652 ) ;
#543 = PRESENTATION_LAYER_ASSIGNMENT (  '', '', ( #9105 ) ) ;
#544 = CARTESIAN_POINT ( 'NONE',  ( 5.825000000000001066, 1.850000000000000089, 2.024999999999999911 ) ) ;
#545 = VERTEX_POINT ( 'NONE', #6476 ) ;
#546 = CARTESIAN_POINT ( 'NONE',  ( 3.225000000000000089, 0.0000000000000000000, -1.525000000000000133 ) ) ;
#547 = VECTOR ( 'NONE', #8471, 1000.000000000000000 ) ;
#548 = ORIENTED_EDGE ( 'NONE', *, *, #8794, .F. ) ;
#549 = CARTESIAN_POINT ( 'NONE',  ( 1.250000000000000000, 1.000000000000000000, -1.474999999999999867 ) ) ;
#550 = ORIENTED_EDGE ( 'NONE', *, *, #5665, .F. ) ;
#551 = CARTESIAN_POINT ( 'NONE',  ( 5.724999999999999645, 1.000000000000000000, 0.0000000000000000000 ) ) ;
#552 = ORIENTED_EDGE ( 'NONE', *, *, #1658, .T. ) ;
#553 = PLANE ( 'NONE',  #6724 ) ;
#554 = VERTEX_POINT ( 'NONE', #2049 ) ;
#555 = AXIS2_PLACEMENT_3D ( 'NONE', #5844, #5066, #9432 ) ;
#556 = CARTESIAN_POINT ( 'NONE',  ( 1.675000000000000044, 1.850000000000000089, -1.474999999999999867 ) ) ;
#557 = ORIENTED_EDGE ( 'NONE', *, *, #5484, .T. ) ;
#558 = EDGE_CURVE ( 'NONE', #6000, #8521, #2250, .T. ) ;
#559 = ORIENTED_EDGE ( 'NONE', *, *, #4570, .T. ) ;
#560 = EDGE_LOOP ( 'NONE', ( #984, #6233, #153, #7804, #8181, #2202 ) ) ;
#561 = MECHANICAL_DESIGN_GEOMETRIC_PRESENTATION_REPRESENTATION (  '', ( #1647 ), #6301 ) ;
#562 = ORIENTED_EDGE ( 'NONE', *, *, #524, .T. ) ;
#563 = ADVANCED_FACE ( 'NONE', ( #6292 ), #4195, .F. ) ;
#564 = DIRECTION ( 'NONE',  ( 0.0000000000000000000, 0.0000000000000000000, -1.000000000000000000 ) ) ;
#565 = DIRECTION ( 'NONE',  ( 0.0000000000000000000, 0.0000000000000000000, -1.000000000000000000 ) ) ;
#566 = ORIENTED_EDGE ( 'NONE', *, *, #6073, .F. ) ;
#567 = SURFACE_STYLE_FILL_AREA ( #796 ) ;
#568 = FACE_OUTER_BOUND ( 'NONE', #1918, .T. ) ;
#569 = VERTEX_POINT ( 'NONE', #7154 ) ;
#570 = ORIENTED_EDGE ( 'NONE', *, *, #8042, .T. ) ;
#571 = EDGE_CURVE ( 'NONE', #8029, #404, #4329, .T. ) ;
#572 = ORIENTED_EDGE ( 'NONE', *, *, #2795, .F. ) ;
#573 = DIRECTION ( 'NONE',  ( 0.0000000000000000000, -1.000000000000000000, 0.0000000000000000000 ) ) ;
#574 = CARTESIAN_POINT ( 'NONE',  ( 3.225000000000000089, 0.0000000000000000000, 2.024999999999999911 ) ) ;
#575 = DIRECTION ( 'NONE',  ( -1.000000000000000000, 0.0000000000000000000, 0.0000000000000000000 ) ) ;
#576 = CARTESIAN_POINT ( 'NONE',  ( -1.375000000000000000, 3.149999999999999911, -2.024999999999999911 ) ) ;
#577 = VERTEX_POINT ( 'NONE', #7072 ) ;
#578 = EDGE_CURVE ( 'NONE', #542, #8668, #8581, .T. ) ;
#579 = DIRECTION ( 'NONE',  ( -1.000000000000000000, 0.0000000000000000000, 0.0000000000000000000 ) ) ;
#580 = FACE_OUTER_BOUND ( 'NONE', #8717, .T. ) ;
#581 = DIRECTION ( 'NONE',  ( 1.000000000000000000, 0.0000000000000000000, 0.0000000000000000000 ) ) ;
#582 = DIRECTION ( 'NONE',  ( 1.000000000000000000, 0.0000000000000000000, 0.0000000000000000000 ) ) ;
#583 = VECTOR ( 'NONE', #5478, 1000.000000000000000 ) ;
#584 = ORIENTED_EDGE ( 'NONE', *, *, #8355, .T. ) ;
#585 = FILL_AREA_STYLE ('',( #7185 ) ) ;
#586 = ORIENTED_EDGE ( 'NONE', *, *, #8107, .F. ) ;
#587 = ORIENTED_EDGE ( 'NONE', *, *, #7106, .T. ) ;
#588 = CARTESIAN_POINT ( 'NONE',  ( 6.875000000000000888, 3.750000000000000000, 2.025999999999999801 ) ) ;
#589 = ORIENTED_EDGE ( 'NONE', *, *, #5037, .T. ) ;
#590 = MECHANICAL_DESIGN_GEOMETRIC_PRESENTATION_REPRESENTATION (  '', ( #8040 ), #3545 ) ;
#591 = FACE_OUTER_BOUND ( 'NONE', #3707, .T. ) ;
#592 = EDGE_CURVE ( 'NONE', #4143, #2822, #1769, .T. ) ;
#593 = LINE ( 'NONE', #8139, #3588 ) ;
#594 = ORIENTED_EDGE ( 'NONE', *, *, #2291, .F. ) ;
#595 = DIRECTION ( 'NONE',  ( 0.0000000000000000000, -2.997602166487923448E-15, 1.000000000000000000 ) ) ;
#596 = COLOUR_RGB ( '',1.000000000000000000, 1.000000000000000000, 1.000000000000000000 ) ;
#597 = EDGE_CURVE ( 'NONE', #6570, #7860, #1430, .T. ) ;
#598 = VERTEX_POINT ( 'NONE', #7130 ) ;
#599 = SURFACE_STYLE_FILL_AREA ( #3669 ) ;
#600 = DIRECTION ( 'NONE',  ( 1.000000000000000000, 0.0000000000000000000, 0.0000000000000000000 ) ) ;
#601 = ORIENTED_EDGE ( 'NONE', *, *, #4212, .F. ) ;
#602 = VECTOR ( 'NONE', #5042, 1000.000000000000000 ) ;
#603 = AXIS2_PLACEMENT_3D ( 'NONE', #6630, #7465, #8153 ) ;
#604 = ORIENTED_EDGE ( 'NONE', *, *, #761, .T. ) ;
#605 = EDGE_CURVE ( 'NONE', #8188, #3819, #3654, .T. ) ;
#606 = CARTESIAN_POINT ( 'NONE',  ( -0.8249999999999999556, 1.850000000000000089, -1.474999999999999867 ) ) ;
#607 = VERTEX_POINT ( 'NONE', #6383 ) ;
#608 = VECTOR ( 'NONE', #1770, 1000.000000000000000 ) ;
#609 = CARTESIAN_POINT ( 'NONE',  ( 5.725000000000000533, 0.3500000000000000333, -2.024999999999999911 ) ) ;
#610 = CARTESIAN_POINT ( 'NONE',  ( -0.7249999999999999778, 0.5000000000000000000, -1.525000000000000133 ) ) ;
#611 = COLOUR_RGB ( '',1.000000000000000000, 1.000000000000000000, 1.000000000000000000 ) ;
#612 = CARTESIAN_POINT ( 'NONE',  ( 3.234999999999999876, 1.649999999999999911, -1.474999999999999867 ) ) ;
#613 = DIRECTION ( 'NONE',  ( 0.0000000000000000000, 1.000000000000000000, 0.0000000000000000000 ) ) ;
#614 = PLANE ( 'NONE',  #8361 ) ;
#615 = DIRECTION ( 'NONE',  ( 0.0000000000000000000, -0.0000000000000000000, -1.000000000000000000 ) ) ;
#616 = MECHANICAL_DESIGN_GEOMETRIC_PRESENTATION_REPRESENTATION (  '', ( #8208 ), #9166 ) ;
#617 = VERTEX_POINT ( 'NONE', #6441 ) ;
#618 = PRESENTATION_STYLE_ASSIGNMENT (( #1719 ) ) ;
#619 = ORIENTED_EDGE ( 'NONE', *, *, #8251, .F. ) ;
#620 = AXIS2_PLACEMENT_3D ( 'NONE', #5761, #575, #2040 ) ;
#621 = DIRECTION ( 'NONE',  ( 1.000000000000000000, 0.0000000000000000000, 0.0000000000000000000 ) ) ;
#622 = EDGE_CURVE ( 'NONE', #1064, #2004, #8815, .T. ) ;
#623 = FACE_OUTER_BOUND ( 'NONE', #5416, .T. ) ;
#624 = LINE ( 'NONE', #7473, #6265 ) ;
#625 = CARTESIAN_POINT ( 'NONE',  ( 3.024999999999999911, 0.5547525681000000652, 2.024999999999999911 ) ) ;
#626 = ADVANCED_FACE ( 'NONE', ( #6843 ), #5711, .T. ) ;
#627 = CARTESIAN_POINT ( 'NONE',  ( -0.7249999999999999778, 1.850000000000000089, -1.025000000000000133 ) ) ;
#628 = LINE ( 'NONE', #4568, #9476 ) ;
#629 = ORIENTED_EDGE ( 'NONE', *, *, #7791, .T. ) ;
#630 = DIRECTION ( 'NONE',  ( -1.000000000000000000, 0.0000000000000000000, 0.0000000000000000000 ) ) ;
#631 = EDGE_CURVE ( 'NONE', #2995, #8871, #424, .T. ) ;
#632 = AXIS2_PLACEMENT_3D ( 'NONE', #8316, #3193, #3671 ) ;
#633 = COLOUR_RGB ( '',1.000000000000000000, 1.000000000000000000, 1.000000000000000000 ) ;
#634 = VECTOR ( 'NONE', #2698, 1000.000000000000000 ) ;
#635 = EDGE_CURVE ( 'NONE', #6566, #8117, #2005, .T. ) ;
#636 = DIRECTION ( 'NONE',  ( 1.000000000000000000, 0.0000000000000000000, 0.0000000000000000000 ) ) ;
#637 = ADVANCED_FACE ( 'NONE', ( #9366 ), #4253, .T. ) ;
#638 = VERTEX_POINT ( 'NONE', #1287 ) ;
#639 = DIRECTION ( 'NONE',  ( 1.000000000000000000, 0.0000000000000000000, 0.0000000000000000000 ) ) ;
#640 = VECTOR ( 'NONE', #2899, 1000.000000000000000 ) ;
#641 = CARTESIAN_POINT ( 'NONE',  ( 6.375000000000000888, 3.750000000000000000, 0.02500000000000000139 ) ) ;
#642 = DIRECTION ( 'NONE',  ( 0.0000000000000000000, 0.0000000000000000000, 1.000000000000000000 ) ) ;
#643 = CARTESIAN_POINT ( 'NONE',  ( 3.024999999999999911, 1.000000000000000000, 1.525000000000000133 ) ) ;
#644 = DIRECTION ( 'NONE',  ( 0.0000000000000000000, 0.0000000000000000000, -1.000000000000000000 ) ) ;
#645 = VECTOR ( 'NONE', #4491, 1000.000000000000000 ) ;
#646 = SURFACE_STYLE_USAGE ( .BOTH. , #5856 ) ;
#647 = AXIS2_PLACEMENT_3D ( 'NONE', #2748, #5698, #6346 ) ;
#648 = FACE_OUTER_BOUND ( 'NONE', #4831, .T. ) ;
#649 = FACE_OUTER_BOUND ( 'NONE', #5980, .T. ) ;
#650 = EDGE_CURVE ( 'NONE', #2194, #3662, #6623, .T. ) ;
#651 = CARTESIAN_POINT ( 'NONE',  ( 0.7250000000000000888, 0.0000000000000000000, 0.0000000000000000000 ) ) ;
#652 = EDGE_CURVE ( 'NONE', #1592, #9195, #759, .T. ) ;
#653 = CARTESIAN_POINT ( 'NONE',  ( 4.174999999999999822, 1.850000000000000089, -1.474999999999999867 ) ) ;
#654 = DIRECTION ( 'NONE',  ( 0.0000000000000000000, 0.7468134723257140450, -0.6650335612228979176 ) ) ;
#655 = DIRECTION ( 'NONE',  ( -1.000000000000000000, 0.0000000000000000000, 0.0000000000000000000 ) ) ;
#656 = VERTEX_POINT ( 'NONE', #8079 ) ;
#657 = VECTOR ( 'NONE', #2598, 1000.000000000000000 ) ;
#658 = ADVANCED_FACE ( 'NONE', ( #7423 ), #3681, .T. ) ;
#659 = EDGE_CURVE ( 'NONE', #5293, #2506, #8352, .T. ) ;
#660 = CARTESIAN_POINT ( 'NONE',  ( -2.475000000000000089, 4.249999999999998224, -2.075000000000001510 ) ) ;
#661 = PLANE ( 'NONE',  #8439 ) ;
#662 = VECTOR ( 'NONE', #8358, 1000.000000000000114 ) ;
#663 = VERTEX_POINT ( 'NONE', #4351 ) ;
#664 = ORIENTED_EDGE ( 'NONE', *, *, #571, .T. ) ;
#665 = DIRECTION ( 'NONE',  ( 0.0000000000000000000, 2.148487149506091871E-16, 1.000000000000000000 ) ) ;
#666 = ORIENTED_EDGE ( 'NONE', *, *, #5897, .T. ) ;
#667 = PLANE ( 'NONE',  #369 ) ;
#668 = ADVANCED_FACE ( 'NONE', ( #972 ), #4427, .F. ) ;
#669 = AXIS2_PLACEMENT_3D ( 'NONE', #4565, #6762, #3173 ) ;
#670 = ORIENTED_EDGE ( 'NONE', *, *, #6567, .T. ) ;
#671 = PLANE ( 'NONE',  #1764 ) ;
#672 = ORIENTED_EDGE ( 'NONE', *, *, #6809, .F. ) ;
#673 = VECTOR ( 'NONE', #910, 1000.000000000000000 ) ;
#674 = EDGE_LOOP ( 'NONE', ( #886, #3964, #552, #7482 ) ) ;
#675 =( LENGTH_UNIT ( ) NAMED_UNIT ( * ) SI_UNIT ( .MILLI., .METRE. ) );
#676 =( GEOMETRIC_REPRESENTATION_CONTEXT ( 3 ) GLOBAL_UNCERTAINTY_ASSIGNED_CONTEXT ( ( #6083 ) ) GLOBAL_UNIT_ASSIGNED_CONTEXT ( ( #3382, #6378, #4799 ) ) REPRESENTATION_CONTEXT ( 'NONE', 'WORKASPACE' ) );
#677 = ORIENTED_EDGE ( 'NONE', *, *, #4074, .F. ) ;
#678 = ORIENTED_EDGE ( 'NONE', *, *, #7049, .F. ) ;
#679 = LINE ( 'NONE', #3114, #8045 ) ;
#680 = PLANE ( 'NONE',  #4281 ) ;
#681 = EDGE_LOOP ( 'NONE', ( #9458, #200, #2651, #1584 ) ) ;
#682 = CARTESIAN_POINT ( 'NONE',  ( 5.724999999999999645, 1.350000000000000089, 1.525000000000000133 ) ) ;
#683 = FACE_OUTER_BOUND ( 'NONE', #1449, .T. ) ;
#684 = ORIENTED_EDGE ( 'NONE', *, *, #2351, .T. ) ;
#685 =( GEOMETRIC_REPRESENTATION_CONTEXT ( 3 ) GLOBAL_UNCERTAINTY_ASSIGNED_CONTEXT ( ( #4504 ) ) GLOBAL_UNIT_ASSIGNED_CONTEXT ( ( #9235, #1935, #6363 ) ) REPRESENTATION_CONTEXT ( 'NONE', 'WORKASPACE' ) );
#686 = ORIENTED_EDGE ( 'NONE', *, *, #1561, .T. ) ;
#687 = PLANE ( 'NONE',  #7500 ) ;
#688 = CARTESIAN_POINT ( 'NONE',  ( -2.475000000000000089, 1.999999999999998668, -1.425000000000000933 ) ) ;
#689 = ORIENTED_EDGE ( 'NONE', *, *, #2033, .F. ) ;
#690 = VECTOR ( 'NONE', #7776, 1000.000000000000000 ) ;
#691 = AXIS2_PLACEMENT_3D ( 'NONE', #3043, #7471, #2198 ) ;
#692 = CARTESIAN_POINT ( 'NONE',  ( 4.474999999999999645, 0.3499999999999999778, -2.075000000000000178 ) ) ;
#693 = VECTOR ( 'NONE', #5098, 1000.000000000000000 ) ;
#694 = ORIENTED_EDGE ( 'NONE', *, *, #7427, .F. ) ;
#695 = ORIENTED_EDGE ( 'NONE', *, *, #9145, .F. ) ;
#697 = EDGE_LOOP ( 'NONE', ( #6850, #1762, #5779, #5578 ) ) ;
#696 = CARTESIAN_POINT ( 'NONE',  ( 2.499999999999999556, 0.0000000000000000000, -1.025000000000000133 ) ) ;
#698 = DIRECTION ( 'NONE',  ( -0.0000000000000000000, 1.000000000000000000, 0.0000000000000000000 ) ) ;
#699 = ORIENTED_EDGE ( 'NONE', *, *, #7206, .T. ) ;
#700 = CARTESIAN_POINT ( 'NONE',  ( 0.7249999999999999778, 0.5547525681000000652, 2.024999999999999911 ) ) ;
#701 = ORIENTED_EDGE ( 'NONE', *, *, #138, .T. ) ;
#702 = CARTESIAN_POINT ( 'NONE',  ( -2.475000000000000089, 3.600000000000000089, -1.425000000000000933 ) ) ;
#703 = VECTOR ( 'NONE', #202, 1000.000000000000000 ) ;
#704 = CARTESIAN_POINT ( 'NONE',  ( -0.8750000000000000000, 3.750000000000000000, 2.024999999999999911 ) ) ;
#705 =( LENGTH_UNIT ( ) NAMED_UNIT ( * ) SI_UNIT ( .MILLI., .METRE. ) );
#706 =( GEOMETRIC_REPRESENTATION_CONTEXT ( 3 ) GLOBAL_UNCERTAINTY_ASSIGNED_CONTEXT ( ( #9431 ) ) GLOBAL_UNIT_ASSIGNED_CONTEXT ( ( #873, #8187, #6025 ) ) REPRESENTATION_CONTEXT ( 'NONE', 'WORKASPACE' ) );
#707 = LINE ( 'NONE', #8177, #6792 ) ;
#708 = CARTESIAN_POINT ( 'NONE',  ( -2.875000000000000000, 4.250000000000000000, 2.024999999999999911 ) ) ;
#709 = ORIENTED_EDGE ( 'NONE', *, *, #1131, .T. ) ;
#710 = ORIENTED_EDGE ( 'NONE', *, *, #2287, .F. ) ;
#711 = PLANE ( 'NONE',  #3579 ) ;
#712 = EDGE_CURVE ( 'NONE', #577, #6109, #9251, .T. ) ;
#713 = CARTESIAN_POINT ( 'NONE',  ( 5.525000000000000355, 0.0000000000000000000, -1.525000000000000133 ) ) ;
#714 = DIRECTION ( 'NONE',  ( 0.0000000000000000000, 0.0000000000000000000, -1.000000000000000000 ) ) ;
#715 = ORIENTED_EDGE ( 'NONE', *, *, #7954, .F. ) ;
#716 = VECTOR ( 'NONE', #340, 1000.000000000000000 ) ;
#717 = PLANE ( 'NONE',  #2579 ) ;
#718 = COLOUR_RGB ( '',1.000000000000000000, 1.000000000000000000, 1.000000000000000000 ) ;
#719 = DIRECTION ( 'NONE',  ( 0.0000000000000000000, -1.000000000000000000, 0.0000000000000000000 ) ) ;
#720 = CARTESIAN_POINT ( 'NONE',  ( 0.7250000000000000888, 0.3500000000000000333, -2.024999999999999911 ) ) ;
#721 = VERTEX_POINT ( 'NONE', #5774 ) ;
#722 = DIRECTION ( 'NONE',  ( -1.000000000000000000, -0.0000000000000000000, -0.0000000000000000000 ) ) ;
#723 = FACE_OUTER_BOUND ( 'NONE', #9093, .T. ) ;
#724 = EDGE_CURVE ( 'NONE', #8961, #7065, #6504, .T. ) ;
#725 = DIRECTION ( 'NONE',  ( -0.0000000000000000000, 1.000000000000000000, 0.0000000000000000000 ) ) ;
#726 = EDGE_CURVE ( 'NONE', #6444, #4399, #9486, .T. ) ;
#727 = COLOUR_RGB ( '',1.000000000000000000, 1.000000000000000000, 1.000000000000000000 ) ;
#728 = VECTOR ( 'NONE', #9341, 1000.000000000000000 ) ;
#729 = ORIENTED_EDGE ( 'NONE', *, *, #8914, .T. ) ;
#730 = DIRECTION ( 'NONE',  ( 1.000000000000000000, 0.0000000000000000000, 0.0000000000000000000 ) ) ;
#731 = DIRECTION ( 'NONE',  ( 0.0000000000000000000, 0.0000000000000000000, 1.000000000000000000 ) ) ;
#732 = FACE_BOUND ( 'NONE', #5750, .T. ) ;
#733 = FACE_OUTER_BOUND ( 'NONE', #3341, .T. ) ;
#734 = PRESENTATION_LAYER_ASSIGNMENT (  '', '', ( #5675 ) ) ;
#735 = FACE_OUTER_BOUND ( 'NONE', #241, .T. ) ;
#736 = DIRECTION ( 'NONE',  ( 0.0000000000000000000, 0.0000000000000000000, 1.000000000000000000 ) ) ;
#737 = CARTESIAN_POINT ( 'NONE',  ( 1.975000000000000089, 0.0000000000000000000, -2.024999999999999911 ) ) ;
#738 = CARTESIAN_POINT ( 'NONE',  ( -2.875000000000000000, 0.0000000000000000000, 2.024999999999999911 ) ) ;
#739 = SURFACE_STYLE_FILL_AREA ( #4672 ) ;
#740 = CARTESIAN_POINT ( 'NONE',  ( 5.725000000000000533, 0.05000000000000002359, -1.775000000000000133 ) ) ;
#741 = CARTESIAN_POINT ( 'NONE',  ( -0.8249999999999999556, 1.649999999999999911, -1.474999999999999867 ) ) ;
#742 = ORIENTED_EDGE ( 'NONE', *, *, #7954, .T. ) ;
#743 = LINE ( 'NONE', #2843, #4546 ) ;
#744 = SURFACE_STYLE_USAGE ( .BOTH. , #10 ) ;
#745 = MECHANICAL_DESIGN_GEOMETRIC_PRESENTATION_REPRESENTATION (  '', ( #4520 ), #7321 ) ;
#746 = FACE_OUTER_BOUND ( 'NONE', #92, .T. ) ;
#747 = CARTESIAN_POINT ( 'NONE',  ( 0.7249999999999999778, 0.0000000000000000000, -2.024999999999999911 ) ) ;
#748 = LINE ( 'NONE', #5188, #2116 ) ;
#749 = EDGE_CURVE ( 'NONE', #7434, #9316, #414, .T. ) ;
#750 = CARTESIAN_POINT ( 'NONE',  ( 0.5150000000000000133, 0.0000000000000000000, -1.474999999999999867 ) ) ;
#751 = CARTESIAN_POINT ( 'NONE',  ( 2.875000000000000000, 1.000000000000000000, -2.024999999999999911 ) ) ;
#752 = VECTOR ( 'NONE', #4601, 1000.000000000000000 ) ;
#753 = CARTESIAN_POINT ( 'NONE',  ( -0.7249999999999999778, 1.649999999999999911, -1.698606797699999893 ) ) ;
#754 = CARTESIAN_POINT ( 'NONE',  ( 3.024999999999999911, 0.05000000000000002359, -1.524999999999999689 ) ) ;
#755 = VECTOR ( 'NONE', #5809, 1000.000000000000000 ) ;
#756 = CARTESIAN_POINT ( 'NONE',  ( 3.225000000000000089, 1.795247431900000024, 2.024999999999999911 ) ) ;
#757 = VECTOR ( 'NONE', #3441, 1000.000000000000000 ) ;
#758 = FACE_OUTER_BOUND ( 'NONE', #3786, .T. ) ;
#759 = LINE ( 'NONE', #4974, #3762 ) ;
#760 = DIRECTION ( 'NONE',  ( 0.0000000000000000000, 0.0000000000000000000, -1.000000000000000000 ) ) ;
#761 = EDGE_CURVE ( 'NONE', #7713, #5414, #6159, .T. ) ;
#762 = CARTESIAN_POINT ( 'NONE',  ( -1.175000000000000044, 2.550000000000000266, 2.024999999999999911 ) ) ;
#763 = CARTESIAN_POINT ( 'NONE',  ( -2.875000000000000000, 4.250000000000000000, -0.02500000000000000139 ) ) ;
#764 = EDGE_CURVE ( 'NONE', #3330, #5879, #3400, .T. ) ;
#765 = DIRECTION ( 'NONE',  ( 0.0000000000000000000, -1.000000000000000000, 0.0000000000000000000 ) ) ;
#766 = LINE ( 'NONE', #8100, #5617 ) ;
#767 = ADVANCED_FACE ( 'NONE', ( #3166 ), #680, .T. ) ;
#768 = VECTOR ( 'NONE', #122, 1000.000000000000000 ) ;
#769 = DIRECTION ( 'NONE',  ( 1.000000000000000000, 0.0000000000000000000, 0.0000000000000000000 ) ) ;
#770 = CARTESIAN_POINT ( 'NONE',  ( 4.485000000000000320, 0.0000000000000000000, -1.474999999999999867 ) ) ;
#771 = CARTESIAN_POINT ( 'NONE',  ( -0.8249999999999999556, 1.850000000000000089, 2.024999999999999911 ) ) ;
#772 = CARTESIAN_POINT ( 'NONE',  ( 3.225000000000000089, 0.5000000000000000000, -1.525000000000000133 ) ) ;
#773 = PRESENTATION_STYLE_ASSIGNMENT (( #3961 ) ) ;
#774 = EDGE_CURVE ( 'NONE', #9007, #896, #4560, .T. ) ;
#775 = UNCERTAINTY_MEASURE_WITH_UNIT (LENGTH_MEASURE( 1.000000000000000082E-05 ), #8159, 'distance_accuracy_value', 'NONE');
#776 = DIRECTION ( 'NONE',  ( 0.0000000000000000000, 0.0000000000000000000, -1.000000000000000000 ) ) ;
#777 = EDGE_LOOP ( 'NONE', ( #7005, #7577, #7648, #4583 ) ) ;
#778 = EDGE_CURVE ( 'NONE', #1682, #2316, #2701, .T. ) ;
#779 = CARTESIAN_POINT ( 'NONE',  ( 1.984999999999999876, 1.850000000000000089, -1.025000000000000133 ) ) ;
#780 = ORIENTED_EDGE ( 'NONE', *, *, #7472, .T. ) ;
#781 = ADVANCED_FACE ( 'NONE', ( #5818 ), #5831, .T. ) ;
#782 = VERTEX_POINT ( 'NONE', #5901 ) ;
#783 = ORIENTED_EDGE ( 'NONE', *, *, #300, .F. ) ;
#784 = DIRECTION ( 'NONE',  ( 1.000000000000000000, 0.0000000000000000000, 0.0000000000000000000 ) ) ;
#785 = LINE ( 'NONE', #189, #6085 ) ;
#786 = VERTEX_POINT ( 'NONE', #2084 ) ;
#787 = ORIENTED_EDGE ( 'NONE', *, *, #1811, .T. ) ;
#788 = EDGE_CURVE ( 'NONE', #6528, #2903, #4441, .T. ) ;
#789 = ORIENTED_EDGE ( 'NONE', *, *, #4479, .F. ) ;
#790 = ORIENTED_EDGE ( 'NONE', *, *, #1549, .F. ) ;
#791 = ORIENTED_EDGE ( 'NONE', *, *, #4235, .F. ) ;
#792 = VERTEX_POINT ( 'NONE', #6530 ) ;
#793 = DIRECTION ( 'NONE',  ( 0.0000000000000000000, -0.0000000000000000000, -1.000000000000000000 ) ) ;
#794 = LINE ( 'NONE', #1242, #8279 ) ;
#795 = ORIENTED_EDGE ( 'NONE', *, *, #5406, .F. ) ;
#796 = FILL_AREA_STYLE ('',( #5172 ) ) ;
#797 = AXIS2_PLACEMENT_3D ( 'NONE', #2298, #27, #5208 ) ;
#798 = CARTESIAN_POINT ( 'NONE',  ( -0.7249999999999999778, -0.004464445899999999919, 0.003975566199999999890 ) ) ;
#799 = AXIS2_PLACEMENT_3D ( 'NONE', #8585, #3447, #1956 ) ;
#800 = ORIENTED_EDGE ( 'NONE', *, *, #1440, .T. ) ;
#801 = DIRECTION ( 'NONE',  ( 0.0000000000000000000, -0.6650335612228979176, -0.7468134723257140450 ) ) ;
#802 = LINE ( 'NONE', #2035, #2290 ) ;
#803 = VERTEX_POINT ( 'NONE', #653 ) ;
#804 = DIRECTION ( 'NONE',  ( -0.0000000000000000000, 1.000000000000000000, 0.0000000000000000000 ) ) ;
#805 = FACE_OUTER_BOUND ( 'NONE', #7128, .T. ) ;
#806 = EDGE_LOOP ( 'NONE', ( #1357, #4040, #7436, #6334 ) ) ;
#807 = ORIENTED_EDGE ( 'NONE', *, *, #1598, .T. ) ;
#808 = ORIENTED_EDGE ( 'NONE', *, *, #8700, .T. ) ;
#809 = CARTESIAN_POINT ( 'NONE',  ( 3.825000000000001066, 1.850000000000000089, 2.024999999999999911 ) ) ;
#810 = CARTESIAN_POINT ( 'NONE',  ( -2.274999999999999911, 3.599999999999999201, -0.07500000000000128786 ) ) ;
#811 = ORIENTED_EDGE ( 'NONE', *, *, #4537, .T. ) ;
#812 = LINE ( 'NONE', #7019, #4841 ) ;
#813 = DIRECTION ( 'NONE',  ( 0.0000000000000000000, -1.084202172485501673E-15, -1.000000000000000000 ) ) ;
#814 = LINE ( 'NONE', #6892, #7715 ) ;
#815 = ORIENTED_EDGE ( 'NONE', *, *, #7163, .T. ) ;
#816 = ADVANCED_FACE ( 'NONE', ( #6283 ), #2117, .F. ) ;
#817 =( NAMED_UNIT ( * ) PLANE_ANGLE_UNIT ( ) SI_UNIT ( $, .RADIAN. ) );
#818 = ORIENTED_EDGE ( 'NONE', *, *, #8651, .F. ) ;
#819 = EDGE_CURVE ( 'NONE', #5740, #371, #3291, .T. ) ;
#820 =( NAMED_UNIT ( * ) PLANE_ANGLE_UNIT ( ) SI_UNIT ( $, .RADIAN. ) );
#821 = ORIENTED_EDGE ( 'NONE', *, *, #2743, .T. ) ;
#822 = EDGE_LOOP ( 'NONE', ( #142, #4812, #2413, #4010, #8952, #3673 ) ) ;
#823 = EDGE_CURVE ( 'NONE', #1832, #5919, #4897, .T. ) ;
#824 = VECTOR ( 'NONE', #730, 1000.000000000000000 ) ;
#825 = DIRECTION ( 'NONE',  ( 0.0000000000000000000, 1.000000000000000000, 0.0000000000000000000 ) ) ;
#826 = DIRECTION ( 'NONE',  ( 0.0000000000000000000, 0.0000000000000000000, 1.000000000000000000 ) ) ;
#827 = LINE ( 'NONE', #5000, #130 ) ;
#828 = ORIENTED_EDGE ( 'NONE', *, *, #9374, .F. ) ;
#829 = CARTESIAN_POINT ( 'NONE',  ( 0.7349999999999999867, 1.000000000000000000, -1.474999999999999867 ) ) ;
#830 = CARTESIAN_POINT ( 'NONE',  ( 7.275000000000001243, 2.000000000000000000, -1.425000000000000044 ) ) ;
#831 = ORIENTED_EDGE ( 'NONE', *, *, #1186, .T. ) ;
#832 = AXIS2_PLACEMENT_3D ( 'NONE', #488, #7902, #4995 ) ;
#833 = DIRECTION ( 'NONE',  ( 0.0000000000000000000, 0.0000000000000000000, 1.000000000000000000 ) ) ;
#834 = DIRECTION ( 'NONE',  ( 0.0000000000000000000, 0.0000000000000000000, -1.000000000000000000 ) ) ;
#835 = EDGE_CURVE ( 'NONE', #803, #1064, #6391, .T. ) ;
#836 = DIRECTION ( 'NONE',  ( 0.0000000000000000000, 0.0000000000000000000, 1.000000000000000000 ) ) ;
#837 = CARTESIAN_POINT ( 'NONE',  ( -2.500000000000000000, 4.240000000000000213, 2.024999999999999911 ) ) ;
#838 = LINE ( 'NONE', #3920, #3025 ) ;
#839 = EDGE_CURVE ( 'NONE', #8398, #5319, #5117, .T. ) ;
#840 = CARTESIAN_POINT ( 'NONE',  ( -2.875000000000000000, 1.949999999999999956, 2.024999999999999911 ) ) ;
#841 = VERTEX_POINT ( 'NONE', #6056 ) ;
#842 = LINE ( 'NONE', #4627, #3029 ) ;
#843 = DIRECTION ( 'NONE',  ( 1.000000000000000000, 0.0000000000000000000, 0.0000000000000000000 ) ) ;
#844 = CARTESIAN_POINT ( 'NONE',  ( 1.975000000000000089, 1.000000000000000000, 1.525000000000000133 ) ) ;
#845 = DIRECTION ( 'NONE',  ( 0.0000000000000000000, 1.000000000000000000, 0.0000000000000000000 ) ) ;
#846 = EDGE_CURVE ( 'NONE', #348, #6564, #3640, .T. ) ;
#847 = DIRECTION ( 'NONE',  ( 0.0000000000000000000, -1.000000000000000000, 0.0000000000000000000 ) ) ;
#848 = ORIENTED_EDGE ( 'NONE', *, *, #5553, .T. ) ;
#849 = LINE ( 'NONE', #3846, #2686 ) ;
#850 = VERTEX_POINT ( 'NONE', #6718 ) ;
#851 = DIRECTION ( 'NONE',  ( 0.0000000000000000000, 0.0000000000000000000, 1.000000000000000000 ) ) ;
#852 = LINE ( 'NONE', #5986, #4302 ) ;
#853 = VECTOR ( 'NONE', #3734, 1000.000000000000000 ) ;
#854 = CARTESIAN_POINT ( 'NONE',  ( 5.514999999999999680, 1.850000000000000089, -1.025000000000000133 ) ) ;
#855 = DIRECTION ( 'NONE',  ( -1.000000000000000000, 0.0000000000000000000, 0.0000000000000000000 ) ) ;
#856 = STYLED_ITEM ( 'NONE', ( #4368 ), #2970 ) ;
#857 = VECTOR ( 'NONE', #8499, 1000.000000000000000 ) ;
#858 = ORIENTED_EDGE ( 'NONE', *, *, #3169, .F. ) ;
#859 = MECHANICAL_DESIGN_GEOMETRIC_PRESENTATION_REPRESENTATION (  '', ( #4557 ), #1632 ) ;
#860 = ORIENTED_EDGE ( 'NONE', *, *, #5932, .T. ) ;
#861 = DIRECTION ( 'NONE',  ( 0.0000000000000000000, 0.0000000000000000000, -1.000000000000000000 ) ) ;
#862 = VECTOR ( 'NONE', #7682, 1000.000000000000000 ) ;
#863 = ADVANCED_FACE ( 'NONE', ( #8118 ), #6654, .T. ) ;
#864 = LINE ( 'NONE', #3903, #1412 ) ;
#865 = ORIENTED_EDGE ( 'NONE', *, *, #1199, .T. ) ;
#866 = FACE_OUTER_BOUND ( 'NONE', #7686, .T. ) ;
#867 = PLANE ( 'NONE',  #1346 ) ;
#868 = LINE ( 'NONE', #6469, #8242 ) ;
#869 = CARTESIAN_POINT ( 'NONE',  ( -0.5250000000000000222, 0.3500000000000000333, -2.024999999999999911 ) ) ;
#870 = AXIS2_PLACEMENT_3D ( 'NONE', #9308, #8493, #4828 ) ;
#871 = CARTESIAN_POINT ( 'NONE',  ( 3.225000000000000089, 1.649999999999999911, -1.025000000000000133 ) ) ;
#872 = EDGE_CURVE ( 'NONE', #5091, #4458, #7066, .T. ) ;
#873 =( LENGTH_UNIT ( ) NAMED_UNIT ( * ) SI_UNIT ( .MILLI., .METRE. ) );
#874 = CARTESIAN_POINT ( 'NONE',  ( 5.525000000000000355, 1.795247431900000024, 2.024999999999999911 ) ) ;
#875 = VECTOR ( 'NONE', #1667, 1000.000000000000000 ) ;
#876 = CARTESIAN_POINT ( 'NONE',  ( 0.0000000000000000000, 0.0000000000000000000, -1.525000000000000133 ) ) ;
#877 = LINE ( 'NONE', #5077, #8252 ) ;
#878 = DIRECTION ( 'NONE',  ( 0.0000000000000000000, -1.000000000000000000, 0.0000000000000000000 ) ) ;
#879 = EDGE_CURVE ( 'NONE', #7793, #554, #4786, .T. ) ;
#880 = VECTOR ( 'NONE', #8427, 1000.000000000000000 ) ;
#881 = EDGE_CURVE ( 'NONE', #1760, #7713, #6833, .T. ) ;
#882 = DIRECTION ( 'NONE',  ( 0.0000000000000000000, -0.0000000000000000000, -1.000000000000000000 ) ) ;
#883 = DIRECTION ( 'NONE',  ( 0.0000000000000000000, 1.000000000000000000, 0.0000000000000000000 ) ) ;
#884 = DIRECTION ( 'NONE',  ( 1.000000000000000000, 0.0000000000000000000, 0.0000000000000000000 ) ) ;
#885 = DIRECTION ( 'NONE',  ( 0.0000000000000000000, 1.000000000000000000, 0.0000000000000000000 ) ) ;
#886 = ORIENTED_EDGE ( 'NONE', *, *, #7325, .F. ) ;
#887 = DIRECTION ( 'NONE',  ( 1.000000000000000000, 0.0000000000000000000, 0.0000000000000000000 ) ) ;
#888 = CARTESIAN_POINT ( 'NONE',  ( -2.875000000000000000, 1.000000000000000000, 2.024999999999999911 ) ) ;
#889 = ORIENTED_EDGE ( 'NONE', *, *, #5553, .F. ) ;
#890 = CARTESIAN_POINT ( 'NONE',  ( 0.5249999999999999112, -0.6500000000000000222, -1.775000000000000133 ) ) ;
#891 = ORIENTED_EDGE ( 'NONE', *, *, #9495, .F. ) ;
#892 = EDGE_CURVE ( 'NONE', #7534, #2510, #2809, .T. ) ;
#893 = ORIENTED_EDGE ( 'NONE', *, *, #2555, .F. ) ;
#894 = EDGE_CURVE ( 'NONE', #5067, #6531, #6054, .T. ) ;
#895 = CARTESIAN_POINT ( 'NONE',  ( 0.07499999999999998335, 1.850000000000000089, 2.024999999999999911 ) ) ;
#896 = VERTEX_POINT ( 'NONE', #6776 ) ;
#897 = VECTOR ( 'NONE', #9138, 1000.000000000000000 ) ;
#898 = VERTEX_POINT ( 'NONE', #3062 ) ;
#899 = ORIENTED_EDGE ( 'NONE', *, *, #7297, .F. ) ;
#900 = ORIENTED_EDGE ( 'NONE', *, *, #8701, .T. ) ;
#901 = VECTOR ( 'NONE', #8000, 1000.000000000000000 ) ;
#902 = AXIS2_PLACEMENT_3D ( 'NONE', #7497, #3778, #4494 ) ;
#903 = DIRECTION ( 'NONE',  ( 0.0000000000000000000, 0.0000000000000000000, 1.000000000000000000 ) ) ;
#904 = VECTOR ( 'NONE', #7507, 1000.000000000000000 ) ;
#905 = ORIENTED_EDGE ( 'NONE', *, *, #1310, .F. ) ;
#906 = DIRECTION ( 'NONE',  ( -1.000000000000000000, 0.0000000000000000000, 0.0000000000000000000 ) ) ;
#907 = DIRECTION ( 'NONE',  ( 1.000000000000000000, 0.0000000000000000000, 0.0000000000000000000 ) ) ;
#908 = ORIENTED_EDGE ( 'NONE', *, *, #8386, .F. ) ;
#909 = EDGE_LOOP ( 'NONE', ( #2539, #2850, #4224, #1871 ) ) ;
#910 = DIRECTION ( 'NONE',  ( -1.000000000000000000, 0.0000000000000000000, 0.0000000000000000000 ) ) ;
#911 = VECTOR ( 'NONE', #1140, 1000.000000000000000 ) ;
#912 = FACE_OUTER_BOUND ( 'NONE', #6479, .T. ) ;
#913 = ORIENTED_EDGE ( 'NONE', *, *, #592, .F. ) ;
#914 = CARTESIAN_POINT ( 'NONE',  ( 3.024999999999999911, 0.5000000000000000000, -1.525000000000000133 ) ) ;
#915 = ORIENTED_EDGE ( 'NONE', *, *, #3631, .F. ) ;
#916 = PLANE ( 'NONE',  #3663 ) ;
#917 = EDGE_LOOP ( 'NONE', ( #7324, #9261, #7724, #5443, #7364, #8227, #4187, #8846, #7543, #4960, #3466, #2881, #8826, #4924, #7572, #1443 ) ) ;
#918 = CARTESIAN_POINT ( 'NONE',  ( 0.7249999999999999778, 1.850000000000000089, 0.0000000000000000000 ) ) ;
#919 = EDGE_CURVE ( 'NONE', #2822, #5395, #6957, .T. ) ;
#920 = DIRECTION ( 'NONE',  ( 1.000000000000000000, 0.0000000000000000000, 0.0000000000000000000 ) ) ;
#921 = EDGE_LOOP ( 'NONE', ( #2731, #7917, #8999, #9059 ) ) ;
#922 = DIRECTION ( 'NONE',  ( -1.000000000000000000, 0.0000000000000000000, 0.0000000000000000000 ) ) ;
#923 = LINE ( 'NONE', #5765, #7951 ) ;
#924 = ORIENTED_EDGE ( 'NONE', *, *, #6845, .F. ) ;
#925 = ORIENTED_EDGE ( 'NONE', *, *, #4424, .T. ) ;
#926 = DIRECTION ( 'NONE',  ( 1.000000000000000000, 0.0000000000000000000, 0.0000000000000000000 ) ) ;
#927 = ORIENTED_EDGE ( 'NONE', *, *, #7359, .T. ) ;
#928 = DIRECTION ( 'NONE',  ( -1.000000000000000000, 0.0000000000000000000, 0.0000000000000000000 ) ) ;
#929 = VECTOR ( 'NONE', #7676, 1000.000000000000000 ) ;
#930 = ADVANCED_FACE ( 'NONE', ( #8921 ), #2378, .F. ) ;
#931 = EDGE_CURVE ( 'NONE', #2506, #90, #1642, .T. ) ;
#932 = LINE ( 'NONE', #7655, #7498 ) ;
#933 = PRESENTATION_LAYER_ASSIGNMENT (  '', '', ( #8022 ) ) ;
#934 = VECTOR ( 'NONE', #9443, 1000.000000000000000 ) ;
#935 = DIRECTION ( 'NONE',  ( -1.000000000000000000, 0.0000000000000000000, 0.0000000000000000000 ) ) ;
#936 = EDGE_CURVE ( 'NONE', #1033, #4594, #6612, .T. ) ;
#937 = EDGE_CURVE ( 'NONE', #4135, #1364, #2355, .T. ) ;
#938 = ORIENTED_EDGE ( 'NONE', *, *, #3779, .T. ) ;
#939 = DIRECTION ( 'NONE',  ( 1.000000000000000000, 0.0000000000000000000, 0.0000000000000000000 ) ) ;
#940 = VECTOR ( 'NONE', #8759, 1000.000000000000000 ) ;
#941 = VERTEX_POINT ( 'NONE', #1747 ) ;
#942 = FACE_OUTER_BOUND ( 'NONE', #7517, .T. ) ;
#943 = AXIS2_PLACEMENT_3D ( 'NONE', #3422, #1165, #5528 ) ;
#944 = DIRECTION ( 'NONE',  ( 0.0000000000000000000, -1.000000000000000000, 0.0000000000000000000 ) ) ;
#945 = VERTEX_POINT ( 'NONE', #1645 ) ;
#946 = SURFACE_STYLE_FILL_AREA ( #1055 ) ;
#947 = EDGE_CURVE ( 'NONE', #1624, #3361, #2238, .T. ) ;
#948 = EDGE_CURVE ( 'NONE', #7342, #5156, #1307, .T. ) ;
#949 = DIRECTION ( 'NONE',  ( 0.0000000000000000000, -0.0000000000000000000, -1.000000000000000000 ) ) ;
#950 = FACE_OUTER_BOUND ( 'NONE', #2056, .T. ) ;
#951 = CARTESIAN_POINT ( 'NONE',  ( -0.5250000000000000222, 0.3499999999999999778, -2.075000000000000178 ) ) ;
#952 = PLANE ( 'NONE',  #5989 ) ;
#953 = DIRECTION ( 'NONE',  ( 1.000000000000000000, 0.0000000000000000000, 0.0000000000000000000 ) ) ;
#954 = VECTOR ( 'NONE', #7694, 1000.000000000000000 ) ;
#955 = CARTESIAN_POINT ( 'NONE',  ( 0.7250000000000000888, 1.000000000000000000, -1.525000000000000133 ) ) ;
#956 = VECTOR ( 'NONE', #1273, 1000.000000000000000 ) ;
#957 = CARTESIAN_POINT ( 'NONE',  ( 7.275000000000001243, 2.000000000000000000, -1.425000000000000044 ) ) ;
#958 = EDGE_CURVE ( 'NONE', #7451, #7308, #9240, .T. ) ;
#959 = LINE ( 'NONE', #5516, #7531 ) ;
#960 = ORIENTED_EDGE ( 'NONE', *, *, #6980, .T. ) ;
#961 = ORIENTED_EDGE ( 'NONE', *, *, #919, .T. ) ;
#962 = VECTOR ( 'NONE', #5927, 1000.000000000000000 ) ;
#963 = SURFACE_STYLE_USAGE ( .BOTH. , #2452 ) ;
#964 = VECTOR ( 'NONE', #2325, 1000.000000000000000 ) ;
#965 = MECHANICAL_DESIGN_GEOMETRIC_PRESENTATION_REPRESENTATION (  '', ( #3647 ), #8564 ) ;
#966 = VECTOR ( 'NONE', #2548, 1000.000000000000000 ) ;
#967 = DIRECTION ( 'NONE',  ( 0.0000000000000000000, 0.0000000000000000000, -1.000000000000000000 ) ) ;
#968 = AXIS2_PLACEMENT_3D ( 'NONE', #3802, #2345, #8241 ) ;
#969 = LINE ( 'NONE', #4477, #299 ) ;
#970 = ADVANCED_FACE ( 'NONE', ( #3279 ), #5419, .T. ) ;
#971 = CARTESIAN_POINT ( 'NONE',  ( 5.375000000000000000, 1.000000000000000000, -1.525000000000000133 ) ) ;
#972 = FACE_OUTER_BOUND ( 'NONE', #7916, .T. ) ;
#973 = DIRECTION ( 'NONE',  ( 0.0000000000000000000, 1.000000000000000000, 0.0000000000000000000 ) ) ;
#974 = DIRECTION ( 'NONE',  ( 0.0000000000000000000, 0.0000000000000000000, 1.000000000000000000 ) ) ;
#975 = PLANE ( 'NONE',  #8131 ) ;
#976 = CARTESIAN_POINT ( 'NONE',  ( -0.5250000000000000222, 1.850000000000000089, -1.698606797699999893 ) ) ;
#977 = DIRECTION ( 'NONE',  ( -1.000000000000000000, 0.0000000000000000000, 0.0000000000000000000 ) ) ;
#978 = LINE ( 'NONE', #2689, #8817 ) ;
#979 = VECTOR ( 'NONE', #3411, 1000.000000000000000 ) ;
#980 = CARTESIAN_POINT ( 'NONE',  ( 0.7249999999999999778, 0.0000000000000000000, 2.024999999999999911 ) ) ;
#981 = SURFACE_STYLE_USAGE ( .BOTH. , #6868 ) ;
#982 = VERTEX_POINT ( 'NONE', #2493 ) ;
#983 = PLANE ( 'NONE',  #4738 ) ;
#984 = ORIENTED_EDGE ( 'NONE', *, *, #2717, .F. ) ;
#985 = ORIENTED_EDGE ( 'NONE', *, *, #4701, .T. ) ;
#986 = ORIENTED_EDGE ( 'NONE', *, *, #8414, .F. ) ;
#987 = ORIENTED_EDGE ( 'NONE', *, *, #7096, .T. ) ;
#988 = CARTESIAN_POINT ( 'NONE',  ( 2.875000000000000000, 1.000000000000000000, -1.525000000000000133 ) ) ;
#989 = MECHANICAL_DESIGN_GEOMETRIC_PRESENTATION_REPRESENTATION (  '', ( #29 ), #6922 ) ;
#990 = CARTESIAN_POINT ( 'NONE',  ( 0.8249999999999999556, 1.649999999999999911, -1.698606797699999893 ) ) ;
#991 = ORIENTED_EDGE ( 'NONE', *, *, #5503, .F. ) ;
#992 = LINE ( 'NONE', #3122, #9175 ) ;
#993 = ORIENTED_EDGE ( 'NONE', *, *, #846, .F. ) ;
#994 = VERTEX_POINT ( 'NONE', #3992 ) ;
#995 = EDGE_CURVE ( 'NONE', #1128, #5398, #7290, .T. ) ;
#996 = DIRECTION ( 'NONE',  ( 0.0000000000000000000, 0.0000000000000000000, 1.000000000000000000 ) ) ;
#997 = ORIENTED_EDGE ( 'NONE', *, *, #3059, .F. ) ;
#998 = ORIENTED_EDGE ( 'NONE', *, *, #6932, .T. ) ;
#999 = CARTESIAN_POINT ( 'NONE',  ( -1.875000000000000000, 2.550000000000000266, 2.024999999999999911 ) ) ;
#1000 = CARTESIAN_POINT ( 'NONE',  ( 6.175000000000000711, 2.550000000000000266, -1.474999999999999867 ) ) ;
#1001 = CARTESIAN_POINT ( 'NONE',  ( -2.274999999999999911, 1.999999999999998668, -1.425000000000000933 ) ) ;
#1002 = ORIENTED_EDGE ( 'NONE', *, *, #6999, .F. ) ;
#1003 = VECTOR ( 'NONE', #2710, 1000.000000000000000 ) ;
#1004 = ORIENTED_EDGE ( 'NONE', *, *, #3598, .T. ) ;
#1005 = LINE ( 'NONE', #2838, #7233 ) ;
#1006 = ORIENTED_EDGE ( 'NONE', *, *, #5096, .T. ) ;
#1007 = EDGE_CURVE ( 'NONE', #4243, #1862, #8912, .T. ) ;
#1008 = ADVANCED_FACE ( 'NONE', ( #5356 ), #9003, .F. ) ;
#1009 = DIRECTION ( 'NONE',  ( 0.0000000000000000000, -1.000000000000000000, 0.0000000000000000000 ) ) ;
#1010 = VERTEX_POINT ( 'NONE', #5354 ) ;
#1011 = ORIENTED_EDGE ( 'NONE', *, *, #2445, .F. ) ;
#1012 =( NAMED_UNIT ( * ) PLANE_ANGLE_UNIT ( ) SI_UNIT ( $, .RADIAN. ) );
#1013 = VECTOR ( 'NONE', #1448, 1000.000000000000000 ) ;
#1014 = ORIENTED_EDGE ( 'NONE', *, *, #8426, .T. ) ;
#1015 = PLANE ( 'NONE',  #4808 ) ;
#1016 = LINE ( 'NONE', #5839, #6213 ) ;
#1017 = ORIENTED_EDGE ( 'NONE', *, *, #5153, .F. ) ;
#1018 = DIRECTION ( 'NONE',  ( 0.0000000000000000000, 1.000000000000000000, 2.552445434498790050E-15 ) ) ;
#1019 = ORIENTED_EDGE ( 'NONE', *, *, #8042, .F. ) ;
#1020 = ORIENTED_EDGE ( 'NONE', *, *, #6744, .T. ) ;
#1021 = SURFACE_SIDE_STYLE ('',( #946 ) ) ;
#1022 = AXIS2_PLACEMENT_3D ( 'NONE', #3566, #2842, #2105 ) ;
#1023 = CARTESIAN_POINT ( 'NONE',  ( -0.5250000000000000222, 1.850000000000000089, 0.0000000000000000000 ) ) ;
#1024 = ORIENTED_EDGE ( 'NONE', *, *, #8020, .T. ) ;
#1025 = LINE ( 'NONE', #4437, #5070 ) ;
#1026 =( NAMED_UNIT ( * ) PLANE_ANGLE_UNIT ( ) SI_UNIT ( $, .RADIAN. ) );
#1027 = CARTESIAN_POINT ( 'NONE',  ( 3.225000000000000089, 0.05000000000000002359, -1.524999999999999689 ) ) ;
#1028 = FACE_OUTER_BOUND ( 'NONE', #103, .T. ) ;
#1029 = ORIENTED_EDGE ( 'NONE', *, *, #4570, .F. ) ;
#1030 = ORIENTED_EDGE ( 'NONE', *, *, #210, .F. ) ;
#1031 = ORIENTED_EDGE ( 'NONE', *, *, #8545, .T. ) ;
#1032 = CARTESIAN_POINT ( 'NONE',  ( -0.7249999999999999778, 1.850000000000000089, -1.698606797699999893 ) ) ;
#1033 = VERTEX_POINT ( 'NONE', #2405 ) ;
#1034 = LINE ( 'NONE', #8321, #7948 ) ;
#1035 = ADVANCED_FACE ( 'NONE', ( #6499 ), #3870, .T. ) ;
#1036 = CARTESIAN_POINT ( 'NONE',  ( 1.984999999999999876, 1.000000000000000000, -1.525000000000000133 ) ) ;
#1037 = FACE_OUTER_BOUND ( 'NONE', #1628, .T. ) ;
#1038 = CARTESIAN_POINT ( 'NONE',  ( 4.275000000000000355, 1.850000000000000089, -1.025000000000000133 ) ) ;
#1039 = ORIENTED_EDGE ( 'NONE', *, *, #6051, .T. ) ;
#1040 = VECTOR ( 'NONE', #2165, 1000.000000000000000 ) ;
#1041 = EDGE_CURVE ( 'NONE', #3910, #7101, #5929, .T. ) ;
#1042 = DIRECTION ( 'NONE',  ( 0.0000000000000000000, -1.000000000000000000, 0.0000000000000000000 ) ) ;
#1043 = PRESENTATION_LAYER_ASSIGNMENT (  '', '', ( #8150 ) ) ;
#1044 = VERTEX_POINT ( 'NONE', #6836 ) ;
#1045 = LINE ( 'NONE', #8031, #8655 ) ;
#1046 = VECTOR ( 'NONE', #101, 1000.000000000000000 ) ;
#1047 =( LENGTH_UNIT ( ) NAMED_UNIT ( * ) SI_UNIT ( .MILLI., .METRE. ) );
#1048 = FACE_OUTER_BOUND ( 'NONE', #4322, .T. ) ;
#1049 = PLANE ( 'NONE',  #8770 ) ;
#1050 = DIRECTION ( 'NONE',  ( 0.0000000000000000000, 1.000000000000000000, 0.0000000000000000000 ) ) ;
#1051 = CARTESIAN_POINT ( 'NONE',  ( 3.015000000000000124, 1.850000000000000089, -2.024999999999999911 ) ) ;
#1052 = ORIENTED_EDGE ( 'NONE', *, *, #8225, .F. ) ;
#1053 = EDGE_CURVE ( 'NONE', #4929, #1142, #1634, .T. ) ;
#1054 = VECTOR ( 'NONE', #8327, 1000.000000000000000 ) ;
#1055 = FILL_AREA_STYLE ('',( #1861 ) ) ;
#1056 = VECTOR ( 'NONE', #4022, 1000.000000000000000 ) ;
#1057 = LINE ( 'NONE', #265, #8441 ) ;
#1058 = EDGE_CURVE ( 'NONE', #1260, #4173, #9358, .T. ) ;
#1059 = ORIENTED_EDGE ( 'NONE', *, *, #6212, .F. ) ;
#1060 = CARTESIAN_POINT ( 'NONE',  ( -2.274999999999999911, 0.0000000000000000000, 0.0000000000000000000 ) ) ;
#1061 =( LENGTH_UNIT ( ) NAMED_UNIT ( * ) SI_UNIT ( .MILLI., .METRE. ) );
#1062 = DIRECTION ( 'NONE',  ( 1.000000000000000000, 0.0000000000000000000, 0.0000000000000000000 ) ) ;
#1063 = ADVANCED_FACE ( 'NONE', ( #7767 ), #3965, .T. ) ;
#1064 = VERTEX_POINT ( 'NONE', #5635 ) ;
#1065 = DIRECTION ( 'NONE',  ( 1.000000000000000000, 0.0000000000000000000, 0.0000000000000000000 ) ) ;
#1066 = VECTOR ( 'NONE', #6747, 1000.000000000000000 ) ;
#1067 =( LENGTH_UNIT ( ) NAMED_UNIT ( * ) SI_UNIT ( .MILLI., .METRE. ) );
#1068 = LINE ( 'NONE', #3027, #3381 ) ;
#1069 = LINE ( 'NONE', #8983, #2347 ) ;
#1070 = AXIS2_PLACEMENT_3D ( 'NONE', #9216, #1235, #8857 ) ;
#1071 = COLOUR_RGB ( '',0.6470588235294117974, 0.6196078431372549211, 0.5882352941176470784 ) ;
#1072 = EDGE_CURVE ( 'NONE', #1076, #9007, #3857, .T. ) ;
#1073 = DIRECTION ( 'NONE',  ( 0.0000000000000000000, -1.000000000000000000, -3.212450881438532635E-15 ) ) ;
#1074 = EDGE_CURVE ( 'NONE', #6764, #7946, #5597, .T. ) ;
#1075 = VECTOR ( 'NONE', #5648, 1000.000000000000000 ) ;
#1076 = VERTEX_POINT ( 'NONE', #4126 ) ;
#1077 = ORIENTED_EDGE ( 'NONE', *, *, #8354, .F. ) ;
#1078 = DIRECTION ( 'NONE',  ( 0.0000000000000000000, 0.6650335612228979176, -0.7468134723257140450 ) ) ;
#1079 = VECTOR ( 'NONE', #6148, 1000.000000000000000 ) ;
#1080 = CARTESIAN_POINT ( 'NONE',  ( -2.475000000000000089, 4.249999999999998224, -2.075000000000001510 ) ) ;
#1081 = LINE ( 'NONE', #5836, #2001 ) ;
#1082 = CARTESIAN_POINT ( 'NONE',  ( 3.225000000000000089, -0.6500000000000000222, -1.775000000000000133 ) ) ;
#1083 = DIRECTION ( 'NONE',  ( 0.0000000000000000000, 0.0000000000000000000, 1.000000000000000000 ) ) ;
#1084 = PRESENTATION_STYLE_ASSIGNMENT (( #2605 ) ) ;
#1085 = AXIS2_PLACEMENT_3D ( 'NONE', #6152, #267, #3258 ) ;
#1086 = CARTESIAN_POINT ( 'NONE',  ( 5.725000000000000533, -0.6500000000000000222, -1.775000000000000133 ) ) ;
#1087 = EDGE_CURVE ( 'NONE', #6340, #6431, #7526, .T. ) ;
#1088 = DIRECTION ( 'NONE',  ( 0.0000000000000000000, 0.0000000000000000000, -1.000000000000000000 ) ) ;
#1089 = ORIENTED_EDGE ( 'NONE', *, *, #416, .F. ) ;
#1090 = DIRECTION ( 'NONE',  ( 0.0000000000000000000, -1.000000000000000000, 0.0000000000000000000 ) ) ;
#1091 = VECTOR ( 'NONE', #3032, 1000.000000000000000 ) ;
#1092 = CARTESIAN_POINT ( 'NONE',  ( -2.375000000000000000, 3.750000000000000000, 2.024999999999999911 ) ) ;
#1093 = PLANE ( 'NONE',  #2580 ) ;
#1094 = DIRECTION ( 'NONE',  ( 0.0000000000000000000, 1.000000000000000000, 0.0000000000000000000 ) ) ;
#1095 = VECTOR ( 'NONE', #8335, 1000.000000000000000 ) ;
#1096 = DIRECTION ( 'NONE',  ( 0.0000000000000000000, 1.000000000000000000, 0.0000000000000000000 ) ) ;
#1097 = CARTESIAN_POINT ( 'NONE',  ( -2.500000000000000000, 4.240000000000000213, -2.024999999999999911 ) ) ;
#1098 = VECTOR ( 'NONE', #5822, 1000.000000000000000 ) ;
#1099 = STYLED_ITEM ( 'NONE', ( #9380 ), #3859 ) ;
#1100 = LINE ( 'NONE', #8034, #7892 ) ;
#1101 = DIRECTION ( 'NONE',  ( 0.0000000000000000000, -0.0000000000000000000, 1.000000000000000000 ) ) ;
#1102 = AXIS2_PLACEMENT_3D ( 'NONE', #5107, #4447, #5174 ) ;
#1103 = EDGE_CURVE ( 'NONE', #4757, #2263, #3505, .T. ) ;
#1104 = DIRECTION ( 'NONE',  ( 0.0000000000000000000, -1.000000000000000000, 0.0000000000000000000 ) ) ;
#1105 = PLANE ( 'NONE',  #1113 ) ;
#1106 = LINE ( 'NONE', #5545, #4573 ) ;
#1107 = CARTESIAN_POINT ( 'NONE',  ( 5.424999999999999822, 1.850000000000000089, -1.474999999999999867 ) ) ;
#1108 = DIRECTION ( 'NONE',  ( 0.0000000000000000000, 0.0000000000000000000, -1.000000000000000000 ) ) ;
#1109 = DIRECTION ( 'NONE',  ( 0.0000000000000000000, 1.000000000000000000, 0.0000000000000000000 ) ) ;
#1110 = ADVANCED_FACE ( 'NONE', ( #7167 ), #4861, .F. ) ;
#1111 = EDGE_CURVE ( 'NONE', #1577, #4399, #6270, .T. ) ;
#1112 = LINE ( 'NONE', #178, #8490 ) ;
#1113 = AXIS2_PLACEMENT_3D ( 'NONE', #1137, #8353, #3983 ) ;
#1114 = CARTESIAN_POINT ( 'NONE',  ( 6.625000000000000000, 1.000000000000000000, -1.525000000000000133 ) ) ;
#1115 = ORIENTED_EDGE ( 'NONE', *, *, #8162, .T. ) ;
#1116 = PLANE ( 'NONE',  #2164 ) ;
#1117 = ORIENTED_EDGE ( 'NONE', *, *, #107, .T. ) ;
#1118 = EDGE_CURVE ( 'NONE', #466, #9079, #4552, .T. ) ;
#1119 = SURFACE_STYLE_USAGE ( .BOTH. , #5642 ) ;
#1120 = ORIENTED_EDGE ( 'NONE', *, *, #330, .F. ) ;
#1121 = CARTESIAN_POINT ( 'NONE',  ( 3.024999999999999911, 1.649999999999999911, -1.025000000000000133 ) ) ;
#1122 =( LENGTH_UNIT ( ) NAMED_UNIT ( * ) SI_UNIT ( .MILLI., .METRE. ) );
#1123 = PRODUCT ( 'B06MB-GHS-TBT', 'B06MB-GHS-TBT', '', ( #345 ) ) ;
#1124 = ORIENTED_EDGE ( 'NONE', *, *, #5909, .F. ) ;
#1125 = VECTOR ( 'NONE', #9161, 1000.000000000000000 ) ;
#1126 = CARTESIAN_POINT ( 'NONE',  ( 0.8249999999999999556, 1.850000000000000089, -1.474999999999999867 ) ) ;
#1127 = ORIENTED_EDGE ( 'NONE', *, *, #6051, .F. ) ;
#1128 = VERTEX_POINT ( 'NONE', #6343 ) ;
#1129 =( NAMED_UNIT ( * ) PLANE_ANGLE_UNIT ( ) SI_UNIT ( $, .RADIAN. ) );
#1130 = DIRECTION ( 'NONE',  ( 0.0000000000000000000, 1.000000000000000000, 0.0000000000000000000 ) ) ;
#1131 = EDGE_CURVE ( 'NONE', #9173, #8693, #6950, .T. ) ;
#1132 = ORIENTED_EDGE ( 'NONE', *, *, #1199, .F. ) ;
#1133 = EDGE_CURVE ( 'NONE', #4291, #2994, #5483, .T. ) ;
#1134 = VECTOR ( 'NONE', #119, 1000.000000000000000 ) ;
#1135 = ORIENTED_EDGE ( 'NONE', *, *, #8780, .F. ) ;
#1136 = ORIENTED_EDGE ( 'NONE', *, *, #7669, .F. ) ;
#1137 = CARTESIAN_POINT ( 'NONE',  ( 3.225000000000000089, 1.315130797599999957, 1.171117220399999770 ) ) ;
#1138 = ORIENTED_EDGE ( 'NONE', *, *, #6722, .T. ) ;
#1139 = DIRECTION ( 'NONE',  ( 0.0000000000000000000, 1.000000000000000000, 0.0000000000000000000 ) ) ;
#1140 = DIRECTION ( 'NONE',  ( 1.000000000000000000, 0.0000000000000000000, 0.0000000000000000000 ) ) ;
#1141 = DIRECTION ( 'NONE',  ( 0.0000000000000000000, 1.000000000000000000, 0.0000000000000000000 ) ) ;
#1142 = VERTEX_POINT ( 'NONE', #3378 ) ;
#1143 = LINE ( 'NONE', #7836, #7820 ) ;
#1144 = EDGE_CURVE ( 'NONE', #2032, #5097, #5237, .T. ) ;
#1145 = VECTOR ( 'NONE', #1771, 1000.000000000000000 ) ;
#1146 = ORIENTED_EDGE ( 'NONE', *, *, #6540, .F. ) ;
#1147 = DIRECTION ( 'NONE',  ( 0.0000000000000000000, 1.000000000000000000, 0.0000000000000000000 ) ) ;
#1148 = VERTEX_POINT ( 'NONE', #1082 ) ;
#1149 = DIRECTION ( 'NONE',  ( 0.0000000000000000000, 1.000000000000000000, 0.0000000000000000000 ) ) ;
#1150 = VERTEX_POINT ( 'NONE', #6373 ) ;
#1151 = ADVANCED_FACE ( 'NONE', ( #1409 ), #4797, .T. ) ;
#1152 = PLANE ( 'NONE',  #7772 ) ;
#1153 = CARTESIAN_POINT ( 'NONE',  ( 2.925000000000000266, 1.649999999999999911, -1.474999999999999867 ) ) ;
#1154 = VERTEX_POINT ( 'NONE', #4067 ) ;
#1155 = CARTESIAN_POINT ( 'NONE',  ( -2.375000000000000000, 3.750000000000000000, 0.02500000000000000139 ) ) ;
#1156 = DIRECTION ( 'NONE',  ( 0.0000000000000000000, 1.000000000000000000, 0.0000000000000000000 ) ) ;
#1157 = LINE ( 'NONE', #6710, #9091 ) ;
#1158 = VERTEX_POINT ( 'NONE', #2563 ) ;
#1159 = CARTESIAN_POINT ( 'NONE',  ( -0.5250000000000000222, 1.000000000000000000, 1.525000000000000133 ) ) ;
#1160 = ORIENTED_EDGE ( 'NONE', *, *, #5881, .F. ) ;
#1161 =( GEOMETRIC_REPRESENTATION_CONTEXT ( 3 ) GLOBAL_UNCERTAINTY_ASSIGNED_CONTEXT ( ( #5381 ) ) GLOBAL_UNIT_ASSIGNED_CONTEXT ( ( #3064, #3842, #8974 ) ) REPRESENTATION_CONTEXT ( 'NONE', 'WORKASPACE' ) );
#1162 = CARTESIAN_POINT ( 'NONE',  ( 5.725000000000000533, -0.6500000000000000222, -1.775000000000000133 ) ) ;
#1163 = AXIS2_PLACEMENT_3D ( 'NONE', #8329, #7548, #949 ) ;
#1164 = ORIENTED_EDGE ( 'NONE', *, *, #36, .T. ) ;
#1165 = DIRECTION ( 'NONE',  ( -0.0000000000000000000, 1.000000000000000000, 0.0000000000000000000 ) ) ;
#1166 = PRESENTATION_STYLE_ASSIGNMENT (( #8831 ) ) ;
#1167 = ADVANCED_FACE ( 'NONE', ( #1529 ), #6966, .F. ) ;
#1168 = LINE ( 'NONE', #6979, #4863 ) ;
#1169 = EDGE_LOOP ( 'NONE', ( #4185, #4180, #4061, #359 ) ) ;
#1170 = EDGE_LOOP ( 'NONE', ( #7248, #109, #4372, #889, #7253, #7830 ) ) ;
#1171 = LINE ( 'NONE', #4935, #4869 ) ;
#1172 = ORIENTED_EDGE ( 'NONE', *, *, #936, .T. ) ;
#1173 = CARTESIAN_POINT ( 'NONE',  ( -1.375000000000000000, 3.750000000000000000, -2.024999999999999911 ) ) ;
#1174 = DIRECTION ( 'NONE',  ( -0.0000000000000000000, 0.0000000000000000000, 1.000000000000000000 ) ) ;
#1175 = FACE_OUTER_BOUND ( 'NONE', #3433, .T. ) ;
#1176 = CARTESIAN_POINT ( 'NONE',  ( 6.375000000000000888, 3.750000000000000000, 2.024999999999999911 ) ) ;
#1177 = CARTESIAN_POINT ( 'NONE',  ( 1.974999999999999867, 0.05000000000000002359, -1.775000000000000133 ) ) ;
#1178 = ORIENTED_EDGE ( 'NONE', *, *, #3480, .T. ) ;
#1179 = VECTOR ( 'NONE', #4996, 1000.000000000000000 ) ;
#1180 = VERTEX_POINT ( 'NONE', #9273 ) ;
#1181 = CARTESIAN_POINT ( 'NONE',  ( 1.975000000000000089, 1.850000000000000089, -1.698606797699999893 ) ) ;
#1182 = CARTESIAN_POINT ( 'NONE',  ( -0.7249999999999999778, 1.350000000000000089, 1.525000000000000133 ) ) ;
#1183 = AXIS2_PLACEMENT_3D ( 'NONE', #5271, #4446, #4108 ) ;
#1184 = CARTESIAN_POINT ( 'NONE',  ( 4.474999999999999645, 1.850000000000000089, -1.698606797699999893 ) ) ;
#1185 = LINE ( 'NONE', #8009, #8901 ) ;
#1186 = EDGE_CURVE ( 'NONE', #467, #8285, #163, .T. ) ;
#1187 = DIRECTION ( 'NONE',  ( -0.0000000000000000000, 1.000000000000000000, -0.0000000000000000000 ) ) ;
#1188 = LINE ( 'NONE', #9018, #8796 ) ;
#1189 = CARTESIAN_POINT ( 'NONE',  ( 1.675000000000000044, 1.649999999999999911, -1.698606797699999893 ) ) ;
#1190 = CARTESIAN_POINT ( 'NONE',  ( 0.5250000000000000222, 1.850000000000000089, 2.024999999999999911 ) ) ;
#1191 = LINE ( 'NONE', #301, #3860 ) ;
#1192 = EDGE_LOOP ( 'NONE', ( #7039, #384, #7111, #7905 ) ) ;
#1193 = FACE_OUTER_BOUND ( 'NONE', #6860, .T. ) ;
#1194 = ADVANCED_FACE ( 'NONE', ( #2577 ), #5583, .F. ) ;
#1195 = PLANE ( 'NONE',  #9223 ) ;
#1196 = VECTOR ( 'NONE', #4394, 1000.000000000000000 ) ;
#1197 = EDGE_CURVE ( 'NONE', #8292, #5633, #3160, .T. ) ;
#1198 = AXIS2_PLACEMENT_3D ( 'NONE', #53, #3764, #882 ) ;
#1199 = EDGE_CURVE ( 'NONE', #3319, #9274, #7400, .T. ) ;
#1200 =( NAMED_UNIT ( * ) PLANE_ANGLE_UNIT ( ) SI_UNIT ( $, .RADIAN. ) );
#1201 = DIRECTION ( 'NONE',  ( 0.0000000000000000000, 0.0000000000000000000, -1.000000000000000000 ) ) ;
#1202 = LINE ( 'NONE', #8530, #7420 ) ;
#1203 = CARTESIAN_POINT ( 'NONE',  ( 6.875000000000000888, 2.550000000000000266, -1.474999999999999867 ) ) ;
#1204 = LINE ( 'NONE', #7162, #7530 ) ;
#1205 = ORIENTED_EDGE ( 'NONE', *, *, #5661, .T. ) ;
#1206 = VECTOR ( 'NONE', #2799, 1000.000000000000000 ) ;
#1207 = DIRECTION ( 'NONE',  ( 0.0000000000000000000, 0.0000000000000000000, -1.000000000000000000 ) ) ;
#1208 = CARTESIAN_POINT ( 'NONE',  ( 3.024999999999999911, 1.649999999999999911, 2.024999999999999911 ) ) ;
#1209 = AXIS2_PLACEMENT_3D ( 'NONE', #5131, #7968, #4305 ) ;
#1210 = DIRECTION ( 'NONE',  ( 0.0000000000000000000, -1.000000000000000000, 0.0000000000000000000 ) ) ;
#1211 = AXIS2_PLACEMENT_3D ( 'NONE', #6017, #3745, #8877 ) ;
#1212 = DIRECTION ( 'NONE',  ( 0.0000000000000000000, 0.0000000000000000000, -1.000000000000000000 ) ) ;
#1213 = VERTEX_POINT ( 'NONE', #3528 ) ;
#1214 = PLANE ( 'NONE',  #6210 ) ;
#1215 = LINE ( 'NONE', #7896, #3879 ) ;
#1216 = CARTESIAN_POINT ( 'NONE',  ( -0.5250000000000000222, 0.0000000000000000000, 0.0000000000000000000 ) ) ;
#1217 = LINE ( 'NONE', #6468, #4217 ) ;
#1218 = DIRECTION ( 'NONE',  ( 0.0000000000000000000, -1.000000000000000000, 0.0000000000000000000 ) ) ;
#1219 = CARTESIAN_POINT ( 'NONE',  ( 2.925000000000000266, 1.850000000000000089, -1.698606797699999893 ) ) ;
#1220 = CARTESIAN_POINT ( 'NONE',  ( 0.7250000000000000888, -0.004464445899999999919, 0.003975566199999999890 ) ) ;
#1221 = ORIENTED_EDGE ( 'NONE', *, *, #1492, .F. ) ;
#1222 = EDGE_CURVE ( 'NONE', #378, #2975, #278, .T. ) ;
#1223 = ORIENTED_EDGE ( 'NONE', *, *, #3518, .F. ) ;
#1224 = ORIENTED_EDGE ( 'NONE', *, *, #6146, .F. ) ;
#1225 = ADVANCED_FACE ( 'NONE', ( #5231 ), #7178, .F. ) ;
#1226 = PLANE ( 'NONE',  #5751 ) ;
#1227 = VERTEX_POINT ( 'NONE', #7969 ) ;
#1228 = CARTESIAN_POINT ( 'NONE',  ( -1.375000000000000000, 3.750000000000000000, -2.024999999999999911 ) ) ;
#1229 = DIRECTION ( 'NONE',  ( 0.0000000000000000000, -1.000000000000000000, 0.0000000000000000000 ) ) ;
#1230 = LINE ( 'NONE', #1707, #6755 ) ;
#1231 = ORIENTED_EDGE ( 'NONE', *, *, #9008, .T. ) ;
#1232 = ORIENTED_EDGE ( 'NONE', *, *, #125, .T. ) ;
#1233 = ORIENTED_EDGE ( 'NONE', *, *, #3855, .T. ) ;
#1234 = EDGE_CURVE ( 'NONE', #6918, #5624, #743, .T. ) ;
#1235 = DIRECTION ( 'NONE',  ( -0.0000000000000000000, 1.000000000000000000, 0.0000000000000000000 ) ) ;
#1236 = ORIENTED_EDGE ( 'NONE', *, *, #3280, .F. ) ;
#1237 = ORIENTED_EDGE ( 'NONE', *, *, #8121, .T. ) ;
#1238 = EDGE_CURVE ( 'NONE', #4488, #7879, #1750, .T. ) ;
#1239 = DIRECTION ( 'NONE',  ( 0.0000000000000000000, 0.0000000000000000000, -1.000000000000000000 ) ) ;
#1240 = LINE ( 'NONE', #1539, #5054 ) ;
#1241 = VERTEX_POINT ( 'NONE', #347 ) ;
#1242 = CARTESIAN_POINT ( 'NONE',  ( 1.775000000000000133, 0.0000000000000000000, 2.024999999999999911 ) ) ;
#1243 = DIRECTION ( 'NONE',  ( 0.0000000000000000000, -1.000000000000000000, 0.0000000000000000000 ) ) ;
#1244 = ORIENTED_EDGE ( 'NONE', *, *, #1722, .T. ) ;
#1245 = ORIENTED_EDGE ( 'NONE', *, *, #2287, .T. ) ;
#1246 = VECTOR ( 'NONE', #1572, 1000.000000000000000 ) ;
#1247 = AXIS2_PLACEMENT_3D ( 'NONE', #204, #2513, #9108 ) ;
#1248 = CARTESIAN_POINT ( 'NONE',  ( 4.474999999999999645, 1.000000000000000000, 1.525000000000000133 ) ) ;
#1249 = LINE ( 'NONE', #7079, #8861 ) ;
#1250 = EDGE_LOOP ( 'NONE', ( #6119, #1465, #3524, #7319 ) ) ;
#1251 = ADVANCED_FACE ( 'NONE', ( #2931 ), #4756, .T. ) ;
#1252 = VERTEX_POINT ( 'NONE', #2831 ) ;
#1253 = CARTESIAN_POINT ( 'NONE',  ( 4.474999999999999645, 0.0000000000000000000, 2.024999999999999911 ) ) ;
#1254 = EDGE_CURVE ( 'NONE', #9316, #554, #8567, .T. ) ;
#1255 = ORIENTED_EDGE ( 'NONE', *, *, #3306, .F. ) ;
#1256 = EDGE_CURVE ( 'NONE', #5847, #5975, #6384, .T. ) ;
#1257 = DIRECTION ( 'NONE',  ( 0.0000000000000000000, 0.0000000000000000000, 1.000000000000000000 ) ) ;
#1258 = ORIENTED_EDGE ( 'NONE', *, *, #2218, .T. ) ;
#1259 = FACE_OUTER_BOUND ( 'NONE', #4955, .T. ) ;
#1260 = VERTEX_POINT ( 'NONE', #8148 ) ;
#1261 = LINE ( 'NONE', #3925, #8520 ) ;
#1262 = ORIENTED_EDGE ( 'NONE', *, *, #7190, .F. ) ;
#1263 = ORIENTED_EDGE ( 'NONE', *, *, #3299, .T. ) ;
#1265 = ORIENTED_EDGE ( 'NONE', *, *, #8860, .T. ) ;
#1264 = DIRECTION ( 'NONE',  ( 0.0000000000000000000, -1.000000000000000000, -3.219646771412953967E-15 ) ) ;
#1266 = ORIENTED_EDGE ( 'NONE', *, *, #6170, .T. ) ;
#1267 = DIRECTION ( 'NONE',  ( -1.000000000000000000, 0.0000000000000000000, 0.0000000000000000000 ) ) ;
#1268 = AXIS2_PLACEMENT_3D ( 'NONE', #3036, #2356, #3096 ) ;
#1269 = ORIENTED_EDGE ( 'NONE', *, *, #7913, .T. ) ;
#1270 = LINE ( 'NONE', #3532, #6685 ) ;
#1271 = EDGE_CURVE ( 'NONE', #7470, #4458, #2226, .T. ) ;
#1272 = LINE ( 'NONE', #1917, #367 ) ;
#1273 = DIRECTION ( 'NONE',  ( -1.000000000000000000, 0.0000000000000000000, 0.0000000000000000000 ) ) ;
#1274 = EDGE_LOOP ( 'NONE', ( #8018, #9270, #1823, #3399 ) ) ;
#1275 = DIRECTION ( 'NONE',  ( 1.000000000000000000, 0.0000000000000000000, 0.0000000000000000000 ) ) ;
#1276 = LINE ( 'NONE', #9330, #3945 ) ;
#1277 = DIRECTION ( 'NONE',  ( 0.0000000000000000000, -1.000000000000000000, -3.212450881438532635E-15 ) ) ;
#1278 = DIRECTION ( 'NONE',  ( 0.0000000000000000000, 0.0000000000000000000, -1.000000000000000000 ) ) ;
#1279 = PLANE ( 'NONE',  #4247 ) ;
#1280 = PLANE ( 'NONE',  #7941 ) ;
#1281 = CARTESIAN_POINT ( 'NONE',  ( 7.475000000000000533, 1.999999999999998668, -1.425000000000000933 ) ) ;
#1282 = ADVANCED_FACE ( 'NONE', ( #9127 ), #9227, .T. ) ;
#1283 = ORIENTED_EDGE ( 'NONE', *, *, #2103, .F. ) ;
#1284 = VECTOR ( 'NONE', #8101, 1000.000000000000000 ) ;
#1285 = DIRECTION ( 'NONE',  ( 0.0000000000000000000, 0.0000000000000000000, 1.000000000000000000 ) ) ;
#1286 = SURFACE_STYLE_FILL_AREA ( #1422 ) ;
#1287 = CARTESIAN_POINT ( 'NONE',  ( 1.765000000000000124, 1.649999999999999911, -1.025000000000000133 ) ) ;
#1288 = DIRECTION ( 'NONE',  ( 0.0000000000000000000, 0.0000000000000000000, -1.000000000000000000 ) ) ;
#1289 = ORIENTED_EDGE ( 'NONE', *, *, #6065, .F. ) ;
#1290 = ADVANCED_FACE ( 'NONE', ( #7870 ), #3852, .T. ) ;
#1291 = CARTESIAN_POINT ( 'NONE',  ( 6.375000000000000888, 3.750000000000000000, 0.02500000000000000139 ) ) ;
#1292 = VECTOR ( 'NONE', #9056, 1000.000000000000000 ) ;
#1293 = FACE_OUTER_BOUND ( 'NONE', #4422, .T. ) ;
#1294 = ORIENTED_EDGE ( 'NONE', *, *, #1909, .T. ) ;
#1295 = ORIENTED_EDGE ( 'NONE', *, *, #2582, .F. ) ;
#1296 = EDGE_CURVE ( 'NONE', #3210, #5871, #3042, .T. ) ;
#1297 = VERTEX_POINT ( 'NONE', #173 ) ;
#1298 = LINE ( 'NONE', #1362, #8787 ) ;
#1299 = VECTOR ( 'NONE', #4925, 1000.000000000000000 ) ;
#1300 = EDGE_CURVE ( 'NONE', #5004, #8466, #8907, .T. ) ;
#1301 = CARTESIAN_POINT ( 'NONE',  ( -1.175000000000000044, 2.550000000000000266, -1.474999999999999867 ) ) ;
#1302 = CARTESIAN_POINT ( 'NONE',  ( -0.7349999999999999867, 1.000000000000000000, -2.024999999999999911 ) ) ;
#1303 = DIRECTION ( 'NONE',  ( 1.000000000000000000, 0.0000000000000000000, 0.0000000000000000000 ) ) ;
#1304 = CARTESIAN_POINT ( 'NONE',  ( -1.875000000000000000, 2.550000000000000266, -1.474999999999999867 ) ) ;
#1305 = CARTESIAN_POINT ( 'NONE',  ( 1.765000000000000124, 1.850000000000000089, -2.024999999999999911 ) ) ;
#1306 = CARTESIAN_POINT ( 'NONE',  ( 1.775000000000000133, 1.850000000000000089, 2.024999999999999911 ) ) ;
#1307 = LINE ( 'NONE', #6905, #1998 ) ;
#1308 = STYLED_ITEM ( 'NONE', ( #8245 ), #863 ) ;
#1309 =( LENGTH_UNIT ( ) NAMED_UNIT ( * ) SI_UNIT ( .MILLI., .METRE. ) );
#1310 = EDGE_CURVE ( 'NONE', #5679, #378, #4649, .T. ) ;
#1311 = EDGE_CURVE ( 'NONE', #8070, #5655, #1069, .T. ) ;
#1312 = VECTOR ( 'NONE', #2632, 1000.000000000000000 ) ;
#1313 = CARTESIAN_POINT ( 'NONE',  ( 0.7249999999999998668, 0.3500000000000000333, -2.024999999999999911 ) ) ;
#1314 = ORIENTED_EDGE ( 'NONE', *, *, #8124, .T. ) ;
#1315 = PLANE ( 'NONE',  #9334 ) ;
#1316 = LINE ( 'NONE', #1301, #2712 ) ;
#1317 = EDGE_CURVE ( 'NONE', #5521, #4157, #6714, .T. ) ;
#1318 = AXIS2_PLACEMENT_3D ( 'NONE', #2920, #5940, #5236 ) ;
#1319 = VECTOR ( 'NONE', #2168, 1000.000000000000114 ) ;
#1320 = PLANE ( 'NONE',  #3951 ) ;
#1321 = DIRECTION ( 'NONE',  ( -1.000000000000000000, 0.0000000000000000000, 0.0000000000000000000 ) ) ;
#1322 = PLANE ( 'NONE',  #555 ) ;
#1323 = LINE ( 'NONE', #3774, #6741 ) ;
#1324 = CARTESIAN_POINT ( 'NONE',  ( -1.875000000000000000, 0.5000000000000000000, 2.024999999999999911 ) ) ;
#1325 = ADVANCED_FACE ( 'NONE', ( #7641 ), #5912, .T. ) ;
#1326 = AXIS2_PLACEMENT_3D ( 'NONE', #7312, #9394, #6495 ) ;
#1327 = ORIENTED_EDGE ( 'NONE', *, *, #558, .F. ) ;
#1328 = PLANE ( 'NONE',  #9050 ) ;
#1329 = CARTESIAN_POINT ( 'NONE',  ( -2.274999999999999911, 0.6000000000000076383, -0.2249999999999982014 ) ) ;
#1330 = EDGE_LOOP ( 'NONE', ( #6550, #6903, #2525, #6218 ) ) ;
#1331 = FACE_OUTER_BOUND ( 'NONE', #6797, .T. ) ;
#1332 = CARTESIAN_POINT ( 'NONE',  ( 0.5250000000000000222, 1.850000000000000089, -1.025000000000000133 ) ) ;
#1333 = ORIENTED_EDGE ( 'NONE', *, *, #2127, .F. ) ;
#1334 = CARTESIAN_POINT ( 'NONE',  ( -2.274999999999999911, 3.600000000000000977, -1.425000000000000044 ) ) ;
#1335 = ORIENTED_EDGE ( 'NONE', *, *, #4660, .T. ) ;
#1336 =( LENGTH_UNIT ( ) NAMED_UNIT ( * ) SI_UNIT ( .MILLI., .METRE. ) );
#1337 = VERTEX_POINT ( 'NONE', #8129 ) ;
#1338 = STYLED_ITEM ( 'NONE', ( #3143 ), #1833 ) ;
#1339 = CARTESIAN_POINT ( 'NONE',  ( 1.975000000000000089, 1.350000000000000089, 0.0000000000000000000 ) ) ;
#1340 = ORIENTED_EDGE ( 'NONE', *, *, #1613, .F. ) ;
#1341 = VECTOR ( 'NONE', #7763, 1000.000000000000000 ) ;
#1342 = EDGE_CURVE ( 'NONE', #503, #6322, #3746, .T. ) ;
#1343 = CARTESIAN_POINT ( 'NONE',  ( 4.174999999999999822, 1.649999999999999911, -1.698606797699999893 ) ) ;
#1344 = ORIENTED_EDGE ( 'NONE', *, *, #5351, .T. ) ;
#1345 = LINE ( 'NONE', #6228, #211 ) ;
#1346 = AXIS2_PLACEMENT_3D ( 'NONE', #1575, #1611, #973 ) ;
#1347 = ORIENTED_EDGE ( 'NONE', *, *, #4288, .T. ) ;
#1348 = CARTESIAN_POINT ( 'NONE',  ( 3.225000000000000089, 1.850000000000000089, 0.0000000000000000000 ) ) ;
#1349 = ADVANCED_FACE ( 'NONE', ( #9351 ), #5970, .F. ) ;
#1350 = ORIENTED_EDGE ( 'NONE', *, *, #8469, .F. ) ;
#1351 = VECTOR ( 'NONE', #3634, 1000.000000000000000 ) ;
#1352 = VECTOR ( 'NONE', #8923, 1000.000000000000114 ) ;
#1353 = ORIENTED_EDGE ( 'NONE', *, *, #4876, .F. ) ;
#1354 = EDGE_CURVE ( 'NONE', #3092, #5331, #5475, .T. ) ;
#1355 = ORIENTED_EDGE ( 'NONE', *, *, #5473, .T. ) ;
#1356 = CARTESIAN_POINT ( 'NONE',  ( 5.735000000000000320, 1.000000000000000000, -1.025000000000000133 ) ) ;
#1357 = ORIENTED_EDGE ( 'NONE', *, *, #937, .T. ) ;
#1358 = EDGE_CURVE ( 'NONE', #466, #3489, #8673, .T. ) ;
#1359 = DIRECTION ( 'NONE',  ( 0.0000000000000000000, -1.000000000000000000, -3.252606517456512513E-15 ) ) ;
#1360 = VECTOR ( 'NONE', #8637, 1000.000000000000000 ) ;
#1361 = ADVANCED_FACE ( 'NONE', ( #8339 ), #5939, .F. ) ;
#1362 = CARTESIAN_POINT ( 'NONE',  ( 1.765000000000000124, 1.850000000000000089, -1.025000000000000133 ) ) ;
#1363 = COLOUR_RGB ( '',0.6470588235294117974, 0.6196078431372549211, 0.5882352941176470784 ) ;
#1364 = VERTEX_POINT ( 'NONE', #2261 ) ;
#1365 =( NAMED_UNIT ( * ) PLANE_ANGLE_UNIT ( ) SI_UNIT ( $, .RADIAN. ) );
#1366 = ORIENTED_EDGE ( 'NONE', *, *, #6578, .F. ) ;
#1367 = ORIENTED_EDGE ( 'NONE', *, *, #3978, .T. ) ;
#1368 = PLANE ( 'NONE',  #7561 ) ;
#1369 = VERTEX_POINT ( 'NONE', #7404 ) ;
#1370 = DIRECTION ( 'NONE',  ( 1.000000000000000000, 0.0000000000000000000, 0.0000000000000000000 ) ) ;
#1371 = DIRECTION ( 'NONE',  ( 0.0000000000000000000, 0.0000000000000000000, 1.000000000000000000 ) ) ;
#1372 = EDGE_CURVE ( 'NONE', #1487, #8372, #1522, .T. ) ;
#1373 = EDGE_LOOP ( 'NONE', ( #987, #8592, #7596, #4551 ) ) ;
#1374 = ADVANCED_FACE ( 'NONE', ( #6606 ), #3045, .T. ) ;
#1375 = ORIENTED_EDGE ( 'NONE', *, *, #5290, .T. ) ;
#1376 = EDGE_CURVE ( 'NONE', #7091, #3319, #7155, .T. ) ;
#1377 = CARTESIAN_POINT ( 'NONE',  ( 5.724999999999999645, 1.850000000000000089, 2.024999999999999911 ) ) ;
#1378 = ORIENTED_EDGE ( 'NONE', *, *, #2127, .T. ) ;
#1379 = DIRECTION ( 'NONE',  ( 0.0000000000000000000, 0.0000000000000000000, 1.000000000000000000 ) ) ;
#1380 = DIRECTION ( 'NONE',  ( 0.0000000000000000000, 0.0000000000000000000, -1.000000000000000000 ) ) ;
#1381 = CARTESIAN_POINT ( 'NONE',  ( -2.274999999999999911, 4.249999999999998224, -2.075000000000001510 ) ) ;
#1382 = LINE ( 'NONE', #2956, #1729 ) ;
#1383 = EDGE_LOOP ( 'NONE', ( #1925, #7273, #7716, #4361, #1815, #1178, #8890, #9183, #5279, #8195, #787, #8269, #891, #6403, #2283, #5353 ) ) ;
#1384 = DIRECTION ( 'NONE',  ( -1.000000000000000000, 0.0000000000000000000, 0.0000000000000000000 ) ) ;
#1385 = STYLED_ITEM ( 'NONE', ( #4198 ), #7306 ) ;
#1386 = ADVANCED_FACE ( 'NONE', ( #8231 ), #5300, .T. ) ;
#1387 = DIRECTION ( 'NONE',  ( 0.0000000000000000000, -1.000000000000000000, 0.0000000000000000000 ) ) ;
#1388 = ORIENTED_EDGE ( 'NONE', *, *, #3365, .F. ) ;
#1389 = DIRECTION ( 'NONE',  ( 1.000000000000000000, 0.0000000000000000000, 0.0000000000000000000 ) ) ;
#1390 = VECTOR ( 'NONE', #6890, 1000.000000000000000 ) ;
#1391 = ORIENTED_EDGE ( 'NONE', *, *, #1238, .T. ) ;
#1392 = CARTESIAN_POINT ( 'NONE',  ( 1.975000000000000089, 1.850000000000000089, -1.025000000000000133 ) ) ;
#1393 = DIRECTION ( 'NONE',  ( -1.000000000000000000, 0.0000000000000000000, 0.0000000000000000000 ) ) ;
#1394 = DIRECTION ( 'NONE',  ( 0.0000000000000000000, -1.000000000000000000, 0.0000000000000000000 ) ) ;
#1395 = DIRECTION ( 'NONE',  ( 1.000000000000000000, 0.0000000000000000000, 0.0000000000000000000 ) ) ;
#1396 = CARTESIAN_POINT ( 'NONE',  ( -2.024999999999999911, 2.250000000000000000, -2.024999999999999911 ) ) ;
#1397 = FILL_AREA_STYLE_COLOUR ( '', #6260 ) ;
#1398 = VERTEX_POINT ( 'NONE', #3168 ) ;
#1399 = ORIENTED_EDGE ( 'NONE', *, *, #4465, .T. ) ;
#1400 = EDGE_CURVE ( 'NONE', #2749, #7834, #624, .T. ) ;
#1401 = LINE ( 'NONE', #5952, #7052 ) ;
#1402 = CARTESIAN_POINT ( 'NONE',  ( 0.4249999999999999889, 1.850000000000000089, -1.698606797699999893 ) ) ;
#1403 = LINE ( 'NONE', #4139, #6142 ) ;
#1404 = LINE ( 'NONE', #7221, #161 ) ;
#1405 = CARTESIAN_POINT ( 'NONE',  ( 4.474999999999999645, 0.3499999999999999778, -2.075000000000000178 ) ) ;
#1406 = DIRECTION ( 'NONE',  ( 1.000000000000000000, 0.0000000000000000000, 0.0000000000000000000 ) ) ;
#1407 = VECTOR ( 'NONE', #461, 1000.000000000000000 ) ;
#1408 = ORIENTED_EDGE ( 'NONE', *, *, #4905, .F. ) ;
#1409 = FACE_OUTER_BOUND ( 'NONE', #6909, .T. ) ;
#1410 = CARTESIAN_POINT ( 'NONE',  ( 0.5250000000000000222, 1.350000000000000089, -1.525000000000000133 ) ) ;
#1411 = EDGE_CURVE ( 'NONE', #3103, #2875, #7984, .T. ) ;
#1412 = VECTOR ( 'NONE', #1652, 1000.000000000000000 ) ;
#1413 =( GEOMETRIC_REPRESENTATION_CONTEXT ( 3 ) GLOBAL_UNCERTAINTY_ASSIGNED_CONTEXT ( ( #6031 ) ) GLOBAL_UNIT_ASSIGNED_CONTEXT ( ( #1336, #4930, #9413 ) ) REPRESENTATION_CONTEXT ( 'NONE', 'WORKASPACE' ) );
#1414 = LINE ( 'NONE', #2725, #634 ) ;
#1415 = ORIENTED_EDGE ( 'NONE', *, *, #7909, .T. ) ;
#1416 = EDGE_CURVE ( 'NONE', #8617, #6079, #4435, .T. ) ;
#1417 = EDGE_CURVE ( 'NONE', #4768, #3723, #1991, .T. ) ;
#1418 = DIRECTION ( 'NONE',  ( 0.0000000000000000000, 1.000000000000000000, 0.0000000000000000000 ) ) ;
#1419 = CARTESIAN_POINT ( 'NONE',  ( 1.774999999999999911, -0.6500000000000000222, -1.775000000000000133 ) ) ;
#1420 = ADVANCED_FACE ( 'NONE', ( #4303 ), #3878, .T. ) ;
#1421 = LINE ( 'NONE', #3628, #4662 ) ;
#1422 = FILL_AREA_STYLE ('',( #2305 ) ) ;
#1423 = CARTESIAN_POINT ( 'NONE',  ( 1.774999999999999911, 0.05000000000000002359, -1.775000000000000133 ) ) ;
#1424 = DIRECTION ( 'NONE',  ( 0.0000000000000000000, 0.0000000000000000000, -1.000000000000000000 ) ) ;
#1425 = CARTESIAN_POINT ( 'NONE',  ( -1.175000000000000044, 1.850000000000000089, -1.474999999999999867 ) ) ;
#1426 = VECTOR ( 'NONE', #2629, 1000.000000000000000 ) ;
#1427 = PLANE ( 'NONE',  #7172 ) ;
#1428 = VECTOR ( 'NONE', #5764, 1000.000000000000000 ) ;
#1429 = CARTESIAN_POINT ( 'NONE',  ( 1.975000000000000089, 1.350000000000000089, -1.525000000000000133 ) ) ;
#1430 = LINE ( 'NONE', #4900, #7544 ) ;
#1431 = EDGE_CURVE ( 'NONE', #5183, #1213, #1188, .T. ) ;
#1432 = EDGE_CURVE ( 'NONE', #2258, #1818, #2688, .T. ) ;
#1433 = DIRECTION ( 'NONE',  ( 0.0000000000000000000, 0.0000000000000000000, 1.000000000000000000 ) ) ;
#1434 = DIRECTION ( 'NONE',  ( -0.0000000000000000000, -0.0000000000000000000, 1.000000000000000000 ) ) ;
#1435 = DIRECTION ( 'NONE',  ( 1.000000000000000000, 0.0000000000000000000, 0.0000000000000000000 ) ) ;
#1436 = LINE ( 'NONE', #704, #5495 ) ;
#1437 = DIRECTION ( 'NONE',  ( 0.0000000000000000000, -1.000000000000000000, 0.0000000000000000000 ) ) ;
#1438 = VECTOR ( 'NONE', #8582, 1000.000000000000000 ) ;
#1439 = DIRECTION ( 'NONE',  ( 0.0000000000000000000, -1.000000000000000000, 3.295974604355854593E-17 ) ) ;
#1440 = EDGE_CURVE ( 'NONE', #7550, #2616, #4090, .T. ) ;
#1441 = CARTESIAN_POINT ( 'NONE',  ( 7.475000000000000533, 3.600000000000000089, -1.425000000000000933 ) ) ;
#1442 = VECTOR ( 'NONE', #5026, 1000.000000000000000 ) ;
#1443 = ORIENTED_EDGE ( 'NONE', *, *, #9362, .T. ) ;
#1444 = VERTEX_POINT ( 'NONE', #7636 ) ;
#1445 = CARTESIAN_POINT ( 'NONE',  ( -2.475000000000000089, 1.999999999999997780, -2.075000000000008615 ) ) ;
#1446 = ORIENTED_EDGE ( 'NONE', *, *, #6855, .F. ) ;
#1447 = CARTESIAN_POINT ( 'NONE',  ( 3.225000000000000089, 1.000000000000000000, -1.525000000000000133 ) ) ;
#1448 = DIRECTION ( 'NONE',  ( -1.000000000000000000, 0.0000000000000000000, 0.0000000000000000000 ) ) ;
#1449 = EDGE_LOOP ( 'NONE', ( #1509, #2110, #3314, #4057 ) ) ;
#1450 = CARTESIAN_POINT ( 'NONE',  ( 4.575000000000000178, 1.850000000000000089, -1.474999999999999867 ) ) ;
#1451 = CARTESIAN_POINT ( 'NONE',  ( 3.225000000000000089, 0.3499999999999999778, -2.075000000000000178 ) ) ;
#1452 = VECTOR ( 'NONE', #6805, 1000.000000000000000 ) ;
#1453 = ORIENTED_EDGE ( 'NONE', *, *, #2115, .T. ) ;
#1454 = STYLED_ITEM ( 'NONE', ( #5699 ), #5238 ) ;
#1455 = DIRECTION ( 'NONE',  ( 0.0000000000000000000, 1.000000000000000000, 0.0000000000000000000 ) ) ;
#1456 = ORIENTED_EDGE ( 'NONE', *, *, #7395, .T. ) ;
#1457 = ORIENTED_EDGE ( 'NONE', *, *, #4781, .F. ) ;
#1458 = DIRECTION ( 'NONE',  ( 0.0000000000000000000, -1.000000000000000000, 0.0000000000000000000 ) ) ;
#1459 = AXIS2_PLACEMENT_3D ( 'NONE', #4787, #7673, #974 ) ;
#1460 =( NAMED_UNIT ( * ) SI_UNIT ( $, .STERADIAN. ) SOLID_ANGLE_UNIT ( ) );
#1461 = DIRECTION ( 'NONE',  ( 0.0000000000000000000, 0.0000000000000000000, 1.000000000000000000 ) ) ;
#1462 = ORIENTED_EDGE ( 'NONE', *, *, #9311, .F. ) ;
#1463 = DIRECTION ( 'NONE',  ( -1.000000000000000000, 0.0000000000000000000, 0.0000000000000000000 ) ) ;
#1464 = CARTESIAN_POINT ( 'NONE',  ( 7.275000000000001243, 2.250000000000000000, -2.024999999999999911 ) ) ;
#1465 = ORIENTED_EDGE ( 'NONE', *, *, #4097, .T. ) ;
#1466 = FACE_OUTER_BOUND ( 'NONE', #2339, .T. ) ;
#1467 = ORIENTED_EDGE ( 'NONE', *, *, #1702, .T. ) ;
#1468 = DIRECTION ( 'NONE',  ( 0.0000000000000000000, -1.084202172485501673E-15, -1.000000000000000000 ) ) ;
#1469 = CARTESIAN_POINT ( 'NONE',  ( 1.975000000000000089, 0.05000000000000002359, -1.524999999999999689 ) ) ;
#1470 = ADVANCED_FACE ( 'NONE', ( #510 ), #4008, .T. ) ;
#1471 = SURFACE_STYLE_USAGE ( .BOTH. , #3008 ) ;
#1472 = EDGE_LOOP ( 'NONE', ( #4112, #2179, #1958, #2915, #5644, #8892 ) ) ;
#1473 = VECTOR ( 'NONE', #7970, 1000.000000000000000 ) ;
#1474 = CARTESIAN_POINT ( 'NONE',  ( 2.075000000000000178, 1.649999999999999911, 2.024999999999999911 ) ) ;
#1475 = FACE_OUTER_BOUND ( 'NONE', #7466, .T. ) ;
#1476 = ORIENTED_EDGE ( 'NONE', *, *, #4914, .F. ) ;
#1477 = ORIENTED_EDGE ( 'NONE', *, *, #9462, .T. ) ;
#1478 = DIRECTION ( 'NONE',  ( 0.0000000000000000000, -1.000000000000000000, 0.0000000000000000000 ) ) ;
#1479 = CLOSED_SHELL ( 'NONE', ( #5166, #6478, #9370, #7637, #5778, #1480, #9440, #8544, #2483, #4159, #1282, #7298, #1386, #2465, #2733, #1063, #8115, #5387 ) ) ;
#1480 = ADVANCED_FACE ( 'NONE', ( #505 ), #5436, .T. ) ;
#1481 = ORIENTED_EDGE ( 'NONE', *, *, #4894, .T. ) ;
#1482 = PLANE ( 'NONE',  #8123 ) ;
#1483 = VECTOR ( 'NONE', #825, 1000.000000000000000 ) ;
#1484 = DIRECTION ( 'NONE',  ( 1.000000000000000000, 0.0000000000000000000, 0.0000000000000000000 ) ) ;
#1485 = LINE ( 'NONE', #6983, #1145 ) ;
#1486 = ORIENTED_EDGE ( 'NONE', *, *, #2934, .F. ) ;
#1487 = VERTEX_POINT ( 'NONE', #275 ) ;
#1488 = CARTESIAN_POINT ( 'NONE',  ( 5.724999999999999645, 0.5000000000000000000, -1.525000000000000133 ) ) ;
#1489 = CARTESIAN_POINT ( 'NONE',  ( 3.225000000000000089, -0.6500000000000000222, -2.075000000000000178 ) ) ;
#1490 = ORIENTED_EDGE ( 'NONE', *, *, #6418, .T. ) ;
#1491 = FILL_AREA_STYLE_COLOUR ( '', #6396 ) ;
#1492 = EDGE_CURVE ( 'NONE', #2406, #1936, #4879, .T. ) ;
#1493 = CARTESIAN_POINT ( 'NONE',  ( 7.456138830084191760, 2.250000000000000000, -0.4749999999999999778 ) ) ;
#1494 = ORIENTED_EDGE ( 'NONE', *, *, #558, .T. ) ;
#1495 = LINE ( 'NONE', #9032, #5200 ) ;
#1496 = LINE ( 'NONE', #2649, #2074 ) ;
#1497 = CARTESIAN_POINT ( 'NONE',  ( 1.975000000000000089, -0.6500000000000000222, -1.775000000000000133 ) ) ;
#1498 = ORIENTED_EDGE ( 'NONE', *, *, #6858, .T. ) ;
#1499 = DIRECTION ( 'NONE',  ( 0.0000000000000000000, 0.0000000000000000000, -1.000000000000000000 ) ) ;
#1500 = VECTOR ( 'NONE', #5430, 1000.000000000000000 ) ;
#1501 = EDGE_CURVE ( 'NONE', #4929, #7919, #5689, .T. ) ;
#1502 =( GEOMETRIC_REPRESENTATION_CONTEXT ( 3 ) GLOBAL_UNCERTAINTY_ASSIGNED_CONTEXT ( ( #532 ) ) GLOBAL_UNIT_ASSIGNED_CONTEXT ( ( #3599, #5816, #6548 ) ) REPRESENTATION_CONTEXT ( 'NONE', 'WORKASPACE' ) );
#1503 = CARTESIAN_POINT ( 'NONE',  ( 5.525000000000000355, 0.0000000000000000000, 2.024999999999999911 ) ) ;
#1504 = LINE ( 'NONE', #3687, #4985 ) ;
#1505 = ORIENTED_EDGE ( 'NONE', *, *, #4893, .F. ) ;
#1506 = CARTESIAN_POINT ( 'NONE',  ( 3.225000000000000089, 1.350000000000000089, 0.0000000000000000000 ) ) ;
#1507 = DIRECTION ( 'NONE',  ( 0.0000000000000000000, 0.6650335612228979176, -0.7468134723257140450 ) ) ;
#1508 = VECTOR ( 'NONE', #2143, 1000.000000000000000 ) ;
#1509 = ORIENTED_EDGE ( 'NONE', *, *, #3548, .F. ) ;
#1510 = STYLED_ITEM ( 'NONE', ( #5423 ), #2866 ) ;
#1511 = FACE_OUTER_BOUND ( 'NONE', #5062, .T. ) ;
#1512 = AXIS2_PLACEMENT_3D ( 'NONE', #2254, #135, #8151 ) ;
#1513 = EDGE_LOOP ( 'NONE', ( #4346, #9209, #1617, #9281 ) ) ;
#1514 = VECTOR ( 'NONE', #7985, 1000.000000000000000 ) ;
#1515 =( NAMED_UNIT ( * ) PLANE_ANGLE_UNIT ( ) SI_UNIT ( $, .RADIAN. ) );
#1516 = ADVANCED_FACE ( 'NONE', ( #7634 ), #5472, .T. ) ;
#1517 = VERTEX_POINT ( 'NONE', #1655 ) ;
#1518 = CARTESIAN_POINT ( 'NONE',  ( -0.7249999999999999778, 0.0000000000000000000, -2.024999999999999911 ) ) ;
#1519 = CARTESIAN_POINT ( 'NONE',  ( -2.274999999999999911, 3.600000000000000977, -1.425000000000000044 ) ) ;
#1520 = CARTESIAN_POINT ( 'NONE',  ( 1.775000000000000133, 1.350000000000000089, 1.525000000000000133 ) ) ;
#1521 = CARTESIAN_POINT ( 'NONE',  ( 3.225000000000000089, -0.004464445899999999919, 0.003975566199999999890 ) ) ;
#1522 = LINE ( 'NONE', #1600, #2566 ) ;
#1523 =( GEOMETRIC_REPRESENTATION_CONTEXT ( 3 ) GLOBAL_UNCERTAINTY_ASSIGNED_CONTEXT ( ( #5838 ) ) GLOBAL_UNIT_ASSIGNED_CONTEXT ( ( #9058, #3278, #6897 ) ) REPRESENTATION_CONTEXT ( 'NONE', 'WORKASPACE' ) );
#1524 = FACE_OUTER_BOUND ( 'NONE', #7, .T. ) ;
#1525 = CARTESIAN_POINT ( 'NONE',  ( -2.475000000000000089, 1.999999999999997780, -2.075000000000008615 ) ) ;
#1526 = EDGE_CURVE ( 'NONE', #6972, #6431, #5915, .T. ) ;
#1527 = ADVANCED_FACE ( 'NONE', ( #1983 ), #2546, .T. ) ;
#1528 = PRESENTATION_LAYER_ASSIGNMENT (  '', '', ( #1647 ) ) ;
#1529 = FACE_OUTER_BOUND ( 'NONE', #6786, .T. ) ;
#1530 = CARTESIAN_POINT ( 'NONE',  ( 5.525000000000000355, 0.3499999999999999778, -2.075000000000000178 ) ) ;
#1531 = DIRECTION ( 'NONE',  ( -1.000000000000000000, 0.0000000000000000000, 0.0000000000000000000 ) ) ;
#1532 = FILL_AREA_STYLE_COLOUR ( '', #3281 ) ;
#1533 = VECTOR ( 'NONE', #1109, 1000.000000000000000 ) ;
#1534 = FACE_OUTER_BOUND ( 'NONE', #6677, .T. ) ;
#1535 = CARTESIAN_POINT ( 'NONE',  ( 0.8249999999999999556, 1.649999999999999911, -1.474999999999999867 ) ) ;
#1536 = EDGE_CURVE ( 'NONE', #5163, #1924, #9119, .T. ) ;
#1537 = DIRECTION ( 'NONE',  ( 0.0000000000000000000, -1.000000000000000000, 0.0000000000000000000 ) ) ;
#1538 = EDGE_CURVE ( 'NONE', #4395, #3784, #8099, .T. ) ;
#1539 = CARTESIAN_POINT ( 'NONE',  ( -2.274999999999999911, 3.600000000000000089, -1.425000000000000933 ) ) ;
#1540 = CARTESIAN_POINT ( 'NONE',  ( 5.735000000000000320, 0.0000000000000000000, -1.474999999999999867 ) ) ;
#1541 = ADVANCED_FACE ( 'NONE', ( #1293 ), #6258, .F. ) ;
#1542 = DIRECTION ( 'NONE',  ( -0.0000000000000000000, 0.0000000000000000000, -1.000000000000000000 ) ) ;
#1543 = FACE_OUTER_BOUND ( 'NONE', #4687, .T. ) ;
#1544 = CARTESIAN_POINT ( 'NONE',  ( 4.484999999999999432, 1.850000000000000089, -1.025000000000000133 ) ) ;
#1545 = VECTOR ( 'NONE', #4764, 1000.000000000000114 ) ;
#1546 = EDGE_CURVE ( 'NONE', #6807, #3616, #1403, .T. ) ;
#1547 = ORIENTED_EDGE ( 'NONE', *, *, #8472, .T. ) ;
#1548 = VECTOR ( 'NONE', #1819, 1000.000000000000000 ) ;
#1549 = EDGE_CURVE ( 'NONE', #3999, #7608, #9343, .T. ) ;
#1550 = DIRECTION ( 'NONE',  ( 0.0000000000000000000, 1.000000000000000000, 2.552445434498790050E-15 ) ) ;
#1551 = ORIENTED_EDGE ( 'NONE', *, *, #2918, .F. ) ;
#1552 = ORIENTED_EDGE ( 'NONE', *, *, #5949, .F. ) ;
#1553 = DIRECTION ( 'NONE',  ( 0.0000000000000000000, 1.000000000000000000, 0.0000000000000000000 ) ) ;
#1554 = ADVANCED_FACE ( 'NONE', ( #3848 ), #8442, .T. ) ;
#1555 = CARTESIAN_POINT ( 'NONE',  ( 6.875000000000000888, 1.850000000000000089, -1.474999999999999867 ) ) ;
#1556 = LINE ( 'NONE', #2857, #7201 ) ;
#1557 = ADVANCED_FACE ( 'NONE', ( #2102 ), #7044, .F. ) ;
#1558 = ORIENTED_EDGE ( 'NONE', *, *, #9335, .T. ) ;
#1559 = ORIENTED_EDGE ( 'NONE', *, *, #5754, .F. ) ;
#1560 = PRESENTATION_LAYER_ASSIGNMENT (  '', '', ( #5362 ) ) ;
#1561 = EDGE_CURVE ( 'NONE', #186, #5163, #3262, .T. ) ;
#1562 = ORIENTED_EDGE ( 'NONE', *, *, #8026, .T. ) ;
#1563 = CARTESIAN_POINT ( 'NONE',  ( 7.875000000000000000, 1.000000000000000000, -1.525000000000000133 ) ) ;
#1564 = DIRECTION ( 'NONE',  ( 0.0000000000000000000, 0.0000000000000000000, -1.000000000000000000 ) ) ;
#1565 = ORIENTED_EDGE ( 'NONE', *, *, #3617, .T. ) ;
#1566 = LINE ( 'NONE', #8260, #5972 ) ;
#1567 = ADVANCED_FACE ( 'NONE', ( #735 ), #2578, .T. ) ;
#1568 = EDGE_LOOP ( 'NONE', ( #9171, #2612, #111, #4507 ) ) ;
#1569 = CARTESIAN_POINT ( 'NONE',  ( -1.875000000000000000, 3.750000000000000000, -2.024999999999999911 ) ) ;
#1570 = VECTOR ( 'NONE', #3792, 1000.000000000000000 ) ;
#1571 = ORIENTED_EDGE ( 'NONE', *, *, #6737, .T. ) ;
#1572 = DIRECTION ( 'NONE',  ( -1.000000000000000000, 0.0000000000000000000, 0.0000000000000000000 ) ) ;
#1573 = AXIS2_PLACEMENT_3D ( 'NONE', #5636, #9089, #5612 ) ;
#1574 = ORIENTED_EDGE ( 'NONE', *, *, #1722, .F. ) ;
#1575 = CARTESIAN_POINT ( 'NONE',  ( 1.975000000000000089, 0.0000000000000000000, 0.0000000000000000000 ) ) ;
#1576 = MANIFOLD_SOLID_BREP ( 'Combine7', #4947 ) ;
#1577 = VERTEX_POINT ( 'NONE', #6974 ) ;
#1578 = CARTESIAN_POINT ( 'NONE',  ( 4.474999999999999645, -0.6500000000000000222, -2.075000000000000178 ) ) ;
#1579 = LINE ( 'NONE', #8705, #9186 ) ;
#1580 = EDGE_CURVE ( 'NONE', #7523, #378, #9014, .T. ) ;
#1581 = ORIENTED_EDGE ( 'NONE', *, *, #2556, .F. ) ;
#1582 = DIRECTION ( 'NONE',  ( -1.000000000000000000, 0.0000000000000000000, 0.0000000000000000000 ) ) ;
#1583 = VECTOR ( 'NONE', #8828, 1000.000000000000000 ) ;
#1584 = ORIENTED_EDGE ( 'NONE', *, *, #9495, .T. ) ;
#1585 = CARTESIAN_POINT ( 'NONE',  ( 0.07499999999999998335, 1.850000000000000089, -1.474999999999999867 ) ) ;
#1586 = ORIENTED_EDGE ( 'NONE', *, *, #8701, .F. ) ;
#1587 = ORIENTED_EDGE ( 'NONE', *, *, #5068, .F. ) ;
#1588 = LINE ( 'NONE', #8516, #6778 ) ;
#1589 = ORIENTED_EDGE ( 'NONE', *, *, #154, .F. ) ;
#1590 = LINE ( 'NONE', #5502, #3230 ) ;
#1591 = ADVANCED_FACE ( 'NONE', ( #3736 ), #553, .T. ) ;
#1592 = VERTEX_POINT ( 'NONE', #1248 ) ;
#1593 = DIRECTION ( 'NONE',  ( 0.0000000000000000000, 0.0000000000000000000, -1.000000000000000000 ) ) ;
#1594 = VERTEX_POINT ( 'NONE', #4976 ) ;
#1595 = EDGE_CURVE ( 'NONE', #5004, #7243, #7279, .T. ) ;
#1596 = ORIENTED_EDGE ( 'NONE', *, *, #7545, .F. ) ;
#1597 = VERTEX_POINT ( 'NONE', #8621 ) ;
#1598 = EDGE_CURVE ( 'NONE', #6544, #8149, #5469, .T. ) ;
#1599 = FACE_OUTER_BOUND ( 'NONE', #3325, .T. ) ;
#1600 = CARTESIAN_POINT ( 'NONE',  ( 1.975000000000000089, 0.0000000000000000000, 2.024999999999999911 ) ) ;
#1601 = VECTOR ( 'NONE', #2211, 1000.000000000000000 ) ;
#1602 = ORIENTED_EDGE ( 'NONE', *, *, #9116, .T. ) ;
#1603 = ORIENTED_EDGE ( 'NONE', *, *, #5823, .F. ) ;
#1604 = ORIENTED_EDGE ( 'NONE', *, *, #1989, .F. ) ;
#1605 = DIRECTION ( 'NONE',  ( -1.000000000000000000, 0.0000000000000000000, 0.0000000000000000000 ) ) ;
#1606 = PLANE ( 'NONE',  #797 ) ;
#1607 = ORIENTED_EDGE ( 'NONE', *, *, #4407, .T. ) ;
#1608 = PRESENTATION_STYLE_ASSIGNMENT (( #1471 ) ) ;
#1609 = CARTESIAN_POINT ( 'NONE',  ( -2.274999999999999911, 0.0000000000000000000, 2.024999999999999911 ) ) ;
#1610 = EDGE_CURVE ( 'NONE', #5557, #3828, #7053, .T. ) ;
#1611 = DIRECTION ( 'NONE',  ( 1.000000000000000000, 0.0000000000000000000, 0.0000000000000000000 ) ) ;
#1612 = VECTOR ( 'NONE', #4815, 1000.000000000000000 ) ;
#1613 = EDGE_CURVE ( 'NONE', #841, #4154, #7864, .T. ) ;
#1614 = DIRECTION ( 'NONE',  ( 0.0000000000000000000, 0.0000000000000000000, 1.000000000000000000 ) ) ;
#1615 = CARTESIAN_POINT ( 'NONE',  ( -1.375000000000000000, 3.149999999999999911, 2.024999999999999911 ) ) ;
#1616 = ORIENTED_EDGE ( 'NONE', *, *, #7965, .T. ) ;
#1617 = ORIENTED_EDGE ( 'NONE', *, *, #9026, .T. ) ;
#1618 = CARTESIAN_POINT ( 'NONE',  ( 7.475000000000000533, 4.249999999999998224, -2.075000000000001510 ) ) ;
#1619 = VECTOR ( 'NONE', #9053, 1000.000000000000000 ) ;
#1620 = VECTOR ( 'NONE', #4062, 1000.000000000000000 ) ;
#1621 = DIRECTION ( 'NONE',  ( 1.000000000000000000, 0.0000000000000000000, 0.0000000000000000000 ) ) ;
#1622 = EDGE_CURVE ( 'NONE', #5888, #9429, #6599, .T. ) ;
#1623 = CARTESIAN_POINT ( 'NONE',  ( 7.475000000000000533, 3.599999999999999201, -0.07500000000000128786 ) ) ;
#1624 = VERTEX_POINT ( 'NONE', #5713 ) ;
#1625 = FACE_OUTER_BOUND ( 'NONE', #2267, .T. ) ;
#1626 = EDGE_LOOP ( 'NONE', ( #4827, #9283, #8608, #4944 ) ) ;
#1627 = EDGE_LOOP ( 'NONE', ( #2087, #6688, #3377, #8062 ) ) ;
#1628 = EDGE_LOOP ( 'NONE', ( #4034, #4484, #5400, #3537, #5392, #6193, #594, #5374 ) ) ;
#1629 = CARTESIAN_POINT ( 'NONE',  ( -1.250000000000000000, 0.0000000000000000000, -1.025000000000000133 ) ) ;
#1630 = LINE ( 'NONE', #3385, #857 ) ;
#1631 = VERTEX_POINT ( 'NONE', #625 ) ;
#1632 =( GEOMETRIC_REPRESENTATION_CONTEXT ( 3 ) GLOBAL_UNCERTAINTY_ASSIGNED_CONTEXT ( ( #7789 ) ) GLOBAL_UNIT_ASSIGNED_CONTEXT ( ( #675, #5826, #8812 ) ) REPRESENTATION_CONTEXT ( 'NONE', 'WORKASPACE' ) );
#1633 = EDGE_CURVE ( 'NONE', #792, #9318, #3371, .T. ) ;
#1634 = LINE ( 'NONE', #9094, #3755 ) ;
#1635 = ADVANCED_FACE ( 'NONE', ( #2680 ), #4254, .T. ) ;
#1636 = FACE_BOUND ( 'NONE', #2646, .T. ) ;
#1637 = VECTOR ( 'NONE', #7299, 1000.000000000000000 ) ;
#1638 = CARTESIAN_POINT ( 'NONE',  ( 3.234999999999999876, 1.000000000000000000, -1.525000000000000133 ) ) ;
#1639 = DIRECTION ( 'NONE',  ( 0.0000000000000000000, -0.0000000000000000000, -1.000000000000000000 ) ) ;
#1640 = LINE ( 'NONE', #3416, #2808 ) ;
#1641 = AXIS2_PLACEMENT_3D ( 'NONE', #8647, #4994, #573 ) ;
#1642 = LINE ( 'NONE', #9061, #752 ) ;
#1643 = CARTESIAN_POINT ( 'NONE',  ( 5.735000000000000320, 1.850000000000000089, -2.024999999999999911 ) ) ;
#1644 = VECTOR ( 'NONE', #5151, 1000.000000000000000 ) ;
#1645 = CARTESIAN_POINT ( 'NONE',  ( -0.7249999999999999778, 0.3500000000000000333, -2.024999999999999911 ) ) ;
#1646 = SURFACE_STYLE_FILL_AREA ( #6789 ) ;
#1647 = STYLED_ITEM ( 'NONE', ( #3359 ), #6145 ) ;
#1648 = DIRECTION ( 'NONE',  ( 1.000000000000000000, 0.0000000000000000000, 0.0000000000000000000 ) ) ;
#1649 = LINE ( 'NONE', #7937, #8813 ) ;
#1650 = DIRECTION ( 'NONE',  ( 1.000000000000000000, 0.0000000000000000000, 0.0000000000000000000 ) ) ;
#1651 = ADVANCED_FACE ( 'NONE', ( #8221 ), #7232, .T. ) ;
#1652 = DIRECTION ( 'NONE',  ( 0.0000000000000000000, -1.000000000000000000, 0.0000000000000000000 ) ) ;
#1653 = VECTOR ( 'NONE', #4807, 1000.000000000000000 ) ;
#1654 = CARTESIAN_POINT ( 'NONE',  ( 2.925000000000000266, 1.850000000000000089, -1.474999999999999867 ) ) ;
#1655 = CARTESIAN_POINT ( 'NONE',  ( -0.5250000000000000222, 1.850000000000000089, 2.024999999999999911 ) ) ;
#1656 = FACE_OUTER_BOUND ( 'NONE', #2304, .T. ) ;
#1657 = ORIENTED_EDGE ( 'NONE', *, *, #1087, .F. ) ;
#1658 = EDGE_CURVE ( 'NONE', #1398, #6079, #387, .T. ) ;
#1659 = APPLICATION_CONTEXT ( 'automotive_design' ) ;
#1660 = DIRECTION ( 'NONE',  ( -1.000000000000000000, 0.0000000000000000000, 0.0000000000000000000 ) ) ;
#1661 = CARTESIAN_POINT ( 'NONE',  ( -1.875000000000000000, 0.5000000000000000000, -1.474999999999999867 ) ) ;
#1662 = ORIENTED_EDGE ( 'NONE', *, *, #6397, .F. ) ;
#1663 = CARTESIAN_POINT ( 'NONE',  ( 2.575000000000000178, 1.850000000000000089, 2.024999999999999911 ) ) ;
#1664 = EDGE_LOOP ( 'NONE', ( #1596, #8989, #7468, #377 ) ) ;
#1665 = CARTESIAN_POINT ( 'NONE',  ( 3.825000000000001066, 1.850000000000000089, -1.474999999999999867 ) ) ;
#1666 = ORIENTED_EDGE ( 'NONE', *, *, #892, .T. ) ;
#1667 = DIRECTION ( 'NONE',  ( 0.0000000000000000000, 1.000000000000000000, 0.0000000000000000000 ) ) ;
#1668 = DIRECTION ( 'NONE',  ( 0.0000000000000000000, 0.0000000000000000000, -1.000000000000000000 ) ) ;
#1669 = EDGE_CURVE ( 'NONE', #7451, #2633, #5338, .T. ) ;
#1670 = ORIENTED_EDGE ( 'NONE', *, *, #357, .T. ) ;
#1671 = EDGE_CURVE ( 'NONE', #341, #1076, #5575, .T. ) ;
#1672 = LINE ( 'NONE', #1893, #1341 ) ;
#1673 = DIRECTION ( 'NONE',  ( -1.000000000000000000, 0.0000000000000000000, 0.0000000000000000000 ) ) ;
#1674 = VERTEX_POINT ( 'NONE', #7393 ) ;
#1675 = ORIENTED_EDGE ( 'NONE', *, *, #1658, .F. ) ;
#1676 = CARTESIAN_POINT ( 'NONE',  ( -2.274999999999999911, 2.000000000000000000, -1.425000000000000044 ) ) ;
#1677 = ORIENTED_EDGE ( 'NONE', *, *, #6328, .F. ) ;
#1678 = SURFACE_STYLE_USAGE ( .BOTH. , #6123 ) ;
#1679 = ADVANCED_FACE ( 'NONE', ( #4536 ), #3753, .T. ) ;
#1680 = CARTESIAN_POINT ( 'NONE',  ( 1.774999999999999911, 0.3499999999999999778, -2.075000000000000178 ) ) ;
#1681 = PRESENTATION_LAYER_ASSIGNMENT (  '', '', ( #1825 ) ) ;
#1682 = VERTEX_POINT ( 'NONE', #5190 ) ;
#1683 = FACE_BOUND ( 'NONE', #8166, .T. ) ;
#1684 = ORIENTED_EDGE ( 'NONE', *, *, #7554, .T. ) ;
#1685 = ORIENTED_EDGE ( 'NONE', *, *, #9170, .T. ) ;
#1686 = VERTEX_POINT ( 'NONE', #2353 ) ;
#1687 = CARTESIAN_POINT ( 'NONE',  ( 4.474999999999999645, 0.05000000000000002359, -1.775000000000000133 ) ) ;
#1688 = DIRECTION ( 'NONE',  ( 0.0000000000000000000, -0.0000000000000000000, 1.000000000000000000 ) ) ;
#1689 = VERTEX_POINT ( 'NONE', #1497 ) ;
#1690 = ORIENTED_EDGE ( 'NONE', *, *, #5247, .F. ) ;
#1691 = VECTOR ( 'NONE', #5978, 1000.000000000000000 ) ;
#1692 = ORIENTED_EDGE ( 'NONE', *, *, #6871, .F. ) ;
#1693 = LINE ( 'NONE', #2130, #9078 ) ;
#1694 = EDGE_LOOP ( 'NONE', ( #8645, #9123, #7827, #6128 ) ) ;
#1695 = CARTESIAN_POINT ( 'NONE',  ( -0.7249999999999999778, 1.795247431900000024, 2.024999999999999911 ) ) ;
#1696 = ADVANCED_FACE ( 'NONE', ( #6026 ), #3840, .F. ) ;
#1697 = ORIENTED_EDGE ( 'NONE', *, *, #8213, .T. ) ;
#1698 = DIRECTION ( 'NONE',  ( 0.0000000000000000000, 1.000000000000000000, 0.0000000000000000000 ) ) ;
#1699 = CARTESIAN_POINT ( 'NONE',  ( 0.7249999999999999778, 1.850000000000000089, -2.024999999999999911 ) ) ;
#1700 = ORIENTED_EDGE ( 'NONE', *, *, #2683, .F. ) ;
#1701 = CARTESIAN_POINT ( 'NONE',  ( 7.275000000000001243, 2.250000000000000000, -1.925000000000000711 ) ) ;
#1702 = EDGE_CURVE ( 'NONE', #1150, #6061, #2092, .T. ) ;
#1703 = CARTESIAN_POINT ( 'NONE',  ( 5.725000000000000533, 0.0000000000000000000, 2.024999999999999911 ) ) ;
#1704 = EDGE_LOOP ( 'NONE', ( #6793, #3076, #3115, #5433 ) ) ;
#1705 = VECTOR ( 'NONE', #1478, 1000.000000000000000 ) ;
#1706 = SURFACE_SIDE_STYLE ('',( #9244 ) ) ;
#1707 = CARTESIAN_POINT ( 'NONE',  ( 1.974999999999999867, -0.6500000000000000222, -1.775000000000000133 ) ) ;
#1708 = VECTOR ( 'NONE', #6267, 1000.000000000000000 ) ;
#1709 = ORIENTED_EDGE ( 'NONE', *, *, #8393, .F. ) ;
#1710 = EDGE_LOOP ( 'NONE', ( #699, #5217, #100, #3668, #3328, #6996, #9333, #3620, #2687, #5966, #8725, #5324, #5654, #1160, #559, #8224 ) ) ;
#1711 = DIRECTION ( 'NONE',  ( -1.000000000000000000, 0.0000000000000000000, 0.0000000000000000000 ) ) ;
#1712 = ORIENTED_EDGE ( 'NONE', *, *, #8412, .F. ) ;
#1713 = ORIENTED_EDGE ( 'NONE', *, *, #3336, .T. ) ;
#1714 = DIRECTION ( 'NONE',  ( 1.000000000000000000, 0.0000000000000000000, 0.0000000000000000000 ) ) ;
#1715 =( NAMED_UNIT ( * ) PLANE_ANGLE_UNIT ( ) SI_UNIT ( $, .RADIAN. ) );
#1716 = SURFACE_STYLE_FILL_AREA ( #8864 ) ;
#1717 = DIRECTION ( 'NONE',  ( 0.0000000000000000000, -1.000000000000000000, 0.0000000000000000000 ) ) ;
#1718 = EDGE_CURVE ( 'NONE', #8288, #5005, #1057, .T. ) ;
#1719 = SURFACE_STYLE_USAGE ( .BOTH. , #6155 ) ;
#1720 = LINE ( 'NONE', #7076, #486 ) ;
#1721 = CARTESIAN_POINT ( 'NONE',  ( 7.275000000000001243, 4.240000000000000213, -0.07499999999999998335 ) ) ;
#1722 = EDGE_CURVE ( 'NONE', #598, #2386, #2558, .T. ) ;
#1723 = DIRECTION ( 'NONE',  ( -1.000000000000000000, 0.0000000000000000000, 0.0000000000000000000 ) ) ;
#1724 = ORIENTED_EDGE ( 'NONE', *, *, #8331, .T. ) ;
#1725 = CARTESIAN_POINT ( 'NONE',  ( 3.024999999999999911, 1.649999999999999911, -1.698606797699999893 ) ) ;
#1726 = LINE ( 'NONE', #1503, #372 ) ;
#1727 = ADVANCED_FACE ( 'NONE', ( #6812 ), #5421, .T. ) ;
#1728 = FACE_OUTER_BOUND ( 'NONE', #6185, .T. ) ;
#1729 = VECTOR ( 'NONE', #7383, 1000.000000000000000 ) ;
#1730 = AXIS2_PLACEMENT_3D ( 'NONE', #990, #5397, #8368 ) ;
#1731 =( NAMED_UNIT ( * ) PLANE_ANGLE_UNIT ( ) SI_UNIT ( $, .RADIAN. ) );
#1732 = ORIENTED_EDGE ( 'NONE', *, *, #6241, .T. ) ;
#1733 = FACE_BOUND ( 'NONE', #4487, .T. ) ;
#1734 = EDGE_CURVE ( 'NONE', #2157, #3576, #8320, .T. ) ;
#1735 = CARTESIAN_POINT ( 'NONE',  ( 7.275000000000001243, 8.673617379884035472E-15, -0.2250000000000008105 ) ) ;
#1736 = DIRECTION ( 'NONE',  ( -0.0000000000000000000, 1.000000000000000000, 0.0000000000000000000 ) ) ;
#1737 = EDGE_CURVE ( 'NONE', #4140, #6764, #498, .T. ) ;
#1738 = DIRECTION ( 'NONE',  ( 0.0000000000000000000, 1.000000000000000000, -1.084202172485501673E-15 ) ) ;
#1739 = CARTESIAN_POINT ( 'NONE',  ( 0.5150000000000000133, 1.000000000000000000, -1.474999999999999867 ) ) ;
#1740 = LINE ( 'NONE', #3246, #2091 ) ;
#1741 = PLANE ( 'NONE',  #6756 ) ;
#1742 = ORIENTED_EDGE ( 'NONE', *, *, #3414, .T. ) ;
#1743 = SURFACE_SIDE_STYLE ('',( #3063 ) ) ;
#1744 = DIRECTION ( 'NONE',  ( -1.000000000000000000, 0.0000000000000000000, 0.0000000000000000000 ) ) ;
#1745 = LINE ( 'NONE', #6032, #2793 ) ;
#1746 = VERTEX_POINT ( 'NONE', #4098 ) ;
#1747 = CARTESIAN_POINT ( 'NONE',  ( 0.5150000000000000133, 1.850000000000000089, -1.025000000000000133 ) ) ;
#1748 = ORIENTED_EDGE ( 'NONE', *, *, #6065, .T. ) ;
#1749 = CARTESIAN_POINT ( 'NONE',  ( 4.474999999999999645, -0.6500000000000000222, -1.775000000000000133 ) ) ;
#1750 = LINE ( 'NONE', #7540, #2800 ) ;
#1751 = DIRECTION ( 'NONE',  ( -0.0000000000000000000, 1.000000000000000000, 0.0000000000000000000 ) ) ;
#1752 = EDGE_CURVE ( 'NONE', #1010, #7703, #2786, .T. ) ;
#1753 = CARTESIAN_POINT ( 'NONE',  ( 1.975000000000000089, 1.315130797599999957, 1.171117220399999770 ) ) ;
#1754 = ADVANCED_FACE ( 'NONE', ( #1865 ), #6401, .F. ) ;
#1755 = DIRECTION ( 'NONE',  ( 0.0000000000000000000, 1.000000000000000000, 0.0000000000000000000 ) ) ;
#1756 = SURFACE_STYLE_FILL_AREA ( #5023 ) ;
#1757 = SURFACE_STYLE_USAGE ( .BOTH. , #1021 ) ;
#1758 = LINE ( 'NONE', #7950, #5926 ) ;
#1759 = EDGE_LOOP ( 'NONE', ( #3233, #2719, #7220, #6095 ) ) ;
#1760 = VERTEX_POINT ( 'NONE', #7754 ) ;
#1761 = CARTESIAN_POINT ( 'NONE',  ( 6.875000000000000888, 3.149999999999999911, 2.025999999999999801 ) ) ;
#1762 = ORIENTED_EDGE ( 'NONE', *, *, #6727, .F. ) ;
#1763 = DIRECTION ( 'NONE',  ( 0.0000000000000000000, 0.0000000000000000000, -1.000000000000000000 ) ) ;
#1764 = AXIS2_PLACEMENT_3D ( 'NONE', #4313, #9344, #5702 ) ;
#1765 = PRESENTATION_LAYER_ASSIGNMENT (  '', '', ( #1454 ) ) ;
#1766 = SURFACE_STYLE_USAGE ( .BOTH. , #3268 ) ;
#1767 = FACE_OUTER_BOUND ( 'NONE', #917, .T. ) ;
#1768 = VECTOR ( 'NONE', #7352, 1000.000000000000000 ) ;
#1769 = LINE ( 'NONE', #7191, #3407 ) ;
#1770 = DIRECTION ( 'NONE',  ( 0.0000000000000000000, 1.000000000000000000, 0.0000000000000000000 ) ) ;
#1771 = DIRECTION ( 'NONE',  ( 0.0000000000000000000, 1.000000000000000000, 0.0000000000000000000 ) ) ;
#1772 = CARTESIAN_POINT ( 'NONE',  ( -2.875000000000000000, 0.6000000000000076383, -0.2249999999999982014 ) ) ;
#1773 = CARTESIAN_POINT ( 'NONE',  ( 4.264999999999999680, 1.000000000000000000, -1.525000000000000133 ) ) ;
#1774 = DIRECTION ( 'NONE',  ( 0.0000000000000000000, 0.0000000000000000000, 1.000000000000000000 ) ) ;
#1775 =( LENGTH_UNIT ( ) NAMED_UNIT ( * ) SI_UNIT ( .MILLI., .METRE. ) );
#1776 = LINE ( 'NONE', #5268, #5130 ) ;
#1777 = ORIENTED_EDGE ( 'NONE', *, *, #3924, .T. ) ;
#1778 = ADVANCED_FACE ( 'NONE', ( #6591 ), #1152, .F. ) ;
#1779 = CARTESIAN_POINT ( 'NONE',  ( 1.765000000000000124, 1.000000000000000000, -1.025000000000000133 ) ) ;
#1780 = VECTOR ( 'NONE', #4240, 1000.000000000000000 ) ;
#1781 = EDGE_CURVE ( 'NONE', #1364, #9173, #9004, .T. ) ;
#1782 = FILL_AREA_STYLE_COLOUR ( '', #7649 ) ;
#1783 = DIRECTION ( 'NONE',  ( 1.000000000000000000, 0.0000000000000000000, -0.0000000000000000000 ) ) ;
#1784 = EDGE_LOOP ( 'NONE', ( #6763, #3040, #1571, #1581 ) ) ;
#1785 = EDGE_CURVE ( 'NONE', #5624, #8639, #9226, .T. ) ;
#1786 = SURFACE_SIDE_STYLE ('',( #6153 ) ) ;
#1787 = LINE ( 'NONE', #5577, #8702 ) ;
#1788 = DIRECTION ( 'NONE',  ( 0.0000000000000000000, -1.084202172485501673E-15, -1.000000000000000000 ) ) ;
#1789 = SURFACE_STYLE_FILL_AREA ( #9063 ) ;
#1790 = ORIENTED_EDGE ( 'NONE', *, *, #2568, .F. ) ;
#1791 = DIRECTION ( 'NONE',  ( -0.0000000000000000000, 0.0000000000000000000, -1.000000000000000000 ) ) ;
#1792 = VERTEX_POINT ( 'NONE', #7145 ) ;
#1793 =( NAMED_UNIT ( * ) SI_UNIT ( $, .STERADIAN. ) SOLID_ANGLE_UNIT ( ) );
#1794 = SURFACE_SIDE_STYLE ('',( #4998 ) ) ;
#1795 = LINE ( 'NONE', #8712, #7445 ) ;
#1796 = EDGE_CURVE ( 'NONE', #2976, #8668, #1975, .T. ) ;
#1797 = ORIENTED_EDGE ( 'NONE', *, *, #1536, .T. ) ;
#1798 = EDGE_CURVE ( 'NONE', #9188, #2036, #264, .T. ) ;
#1799 = DIRECTION ( 'NONE',  ( 0.0000000000000000000, 0.0000000000000000000, -1.000000000000000000 ) ) ;
#1800 = ORIENTED_EDGE ( 'NONE', *, *, #3749, .F. ) ;
#1801 = ORIENTED_EDGE ( 'NONE', *, *, #9359, .T. ) ;
#1802 = DIRECTION ( 'NONE',  ( 0.0000000000000000000, 0.0000000000000000000, -1.000000000000000000 ) ) ;
#1803 = ORIENTED_EDGE ( 'NONE', *, *, #8726, .F. ) ;
#1804 = CARTESIAN_POINT ( 'NONE',  ( -2.274999999999999911, 2.250000000000000000, -2.024999999999999911 ) ) ;
#1805 = VECTOR ( 'NONE', #305, 1000.000000000000114 ) ;
#1806 = EDGE_LOOP ( 'NONE', ( #4785, #3165, #5298, #4275 ) ) ;
#1807 = DIRECTION ( 'NONE',  ( 0.0000000000000000000, 1.000000000000000000, -1.084202172485501673E-15 ) ) ;
#1808 = ORIENTED_EDGE ( 'NONE', *, *, #6960, .F. ) ;
#1809 = ORIENTED_EDGE ( 'NONE', *, *, #4648, .T. ) ;
#1810 = DIRECTION ( 'NONE',  ( 0.0000000000000000000, 0.0000000000000000000, -1.000000000000000000 ) ) ;
#1811 = EDGE_CURVE ( 'NONE', #2616, #1842, #4080, .T. ) ;
#1812 = UNCERTAINTY_MEASURE_WITH_UNIT (LENGTH_MEASURE( 1.000000000000000082E-05 ), #5718, 'distance_accuracy_value', 'NONE');
#1813 = CARTESIAN_POINT ( 'NONE',  ( 1.775000000000000133, 0.0000000000000000000, -1.525000000000000133 ) ) ;
#1814 = AXIS2_PLACEMENT_3D ( 'NONE', #8956, #3048, #9022 ) ;
#1815 = ORIENTED_EDGE ( 'NONE', *, *, #9374, .T. ) ;
#1816 = DIRECTION ( 'NONE',  ( 0.0000000000000000000, 3.252606517456512119E-15, -1.000000000000000000 ) ) ;
#1817 = ORIENTED_EDGE ( 'NONE', *, *, #1417, .F. ) ;
#1818 = VERTEX_POINT ( 'NONE', #4340 ) ;
#1819 = DIRECTION ( 'NONE',  ( -0.0000000000000000000, -0.0000000000000000000, 1.000000000000000000 ) ) ;
#1820 = DIRECTION ( 'NONE',  ( 1.000000000000000000, 0.0000000000000000000, 0.0000000000000000000 ) ) ;
#1821 = ORIENTED_EDGE ( 'NONE', *, *, #7736, .T. ) ;
#1822 = PLANE ( 'NONE',  #7813 ) ;
#1823 = ORIENTED_EDGE ( 'NONE', *, *, #6262, .T. ) ;
#1824 = CARTESIAN_POINT ( 'NONE',  ( -0.7249999999999999778, 0.3500000000000000333, -2.024999999999999911 ) ) ;
#1825 = STYLED_ITEM ( 'NONE', ( #6234 ), #2195 ) ;
#1826 = AXIS2_PLACEMENT_3D ( 'NONE', #3095, #1621, #845 ) ;
#1827 = ORIENTED_EDGE ( 'NONE', *, *, #1909, .F. ) ;
#1828 = LINE ( 'NONE', #7674, #7240 ) ;
#1829 = CARTESIAN_POINT ( 'NONE',  ( 3.225000000000000089, 0.3499999999999999778, -2.075000000000000178 ) ) ;
#1830 = ORIENTED_EDGE ( 'NONE', *, *, #9464, .T. ) ;
#1831 = FACE_OUTER_BOUND ( 'NONE', #1704, .T. ) ;
#1832 = VERTEX_POINT ( 'NONE', #5728 ) ;
#1833 = ADVANCED_FACE ( 'NONE', ( #7042 ), #2007, .T. ) ;
#1834 = ORIENTED_EDGE ( 'NONE', *, *, #4183, .T. ) ;
#1835 = PLANE ( 'NONE',  #5010 ) ;
#1836 = ORIENTED_EDGE ( 'NONE', *, *, #7226, .F. ) ;
#1837 = ORIENTED_EDGE ( 'NONE', *, *, #9292, .F. ) ;
#1838 = VECTOR ( 'NONE', #5299, 1000.000000000000000 ) ;
#1839 = AXIS2_PLACEMENT_3D ( 'NONE', #2902, #8147, #2184 ) ;
#1840 = CARTESIAN_POINT ( 'NONE',  ( 4.275000000000000355, 1.649999999999999911, -1.474999999999999867 ) ) ;
#1841 = FACE_OUTER_BOUND ( 'NONE', #7515, .T. ) ;
#1842 = VERTEX_POINT ( 'NONE', #8706 ) ;
#1843 = DIRECTION ( 'NONE',  ( 0.0000000000000000000, -1.000000000000000000, 0.0000000000000000000 ) ) ;
#1844 = CARTESIAN_POINT ( 'NONE',  ( 6.375000000000000888, 3.750000000000000000, -2.024999999999999911 ) ) ;
#1845 = EDGE_CURVE ( 'NONE', #4050, #8454, #6015, .T. ) ;
#1846 = DIRECTION ( 'NONE',  ( -1.000000000000000000, 0.0000000000000000000, 0.0000000000000000000 ) ) ;
#1847 = MECHANICAL_DESIGN_GEOMETRIC_PRESENTATION_REPRESENTATION (  '', ( #4151 ), #3520 ) ;
#1848 = ORIENTED_EDGE ( 'NONE', *, *, #8847, .F. ) ;
#1849 = VECTOR ( 'NONE', #6604, 1000.000000000000000 ) ;
#1850 = CARTESIAN_POINT ( 'NONE',  ( 4.275000000000000355, 1.850000000000000089, 2.024999999999999911 ) ) ;
#1851 = LINE ( 'NONE', #738, #5213 ) ;
#1852 = CARTESIAN_POINT ( 'NONE',  ( -2.475000000000000089, 1.999999999999997780, -2.024999999999999911 ) ) ;
#1853 = ORIENTED_EDGE ( 'NONE', *, *, #6973, .F. ) ;
#1854 = CARTESIAN_POINT ( 'NONE',  ( -0.5250000000000000222, 0.0000000000000000000, 2.024999999999999911 ) ) ;
#1855 =( NAMED_UNIT ( * ) PLANE_ANGLE_UNIT ( ) SI_UNIT ( $, .RADIAN. ) );
#1856 = ORIENTED_EDGE ( 'NONE', *, *, #64, .F. ) ;
#1857 = ORIENTED_EDGE ( 'NONE', *, *, #7921, .T. ) ;
#1858 = EDGE_CURVE ( 'NONE', #2903, #8305, #7385, .T. ) ;
#1859 = VECTOR ( 'NONE', #8210, 1000.000000000000000 ) ;
#1860 = VERTEX_POINT ( 'NONE', #8137 ) ;
#1861 = FILL_AREA_STYLE_COLOUR ( '', #9469 ) ;
#1862 = VERTEX_POINT ( 'NONE', #8173 ) ;
#1863 = VECTOR ( 'NONE', #3153, 1000.000000000000000 ) ;
#1864 = CARTESIAN_POINT ( 'NONE',  ( 5.725000000000000533, 0.3499999999999999778, -2.075000000000000178 ) ) ;
#1865 = FACE_OUTER_BOUND ( 'NONE', #1568, .T. ) ;
#1866 = EDGE_CURVE ( 'NONE', #9511, #8443, #3360, .T. ) ;
#1867 = DIRECTION ( 'NONE',  ( 1.000000000000000000, 0.0000000000000000000, 0.0000000000000000000 ) ) ;
#1868 = DIRECTION ( 'NONE',  ( 0.0000000000000000000, 0.0000000000000000000, -1.000000000000000000 ) ) ;
#1869 = EDGE_LOOP ( 'NONE', ( #6183, #5142, #88, #8947 ) ) ;
#1870 = VECTOR ( 'NONE', #3646, 1000.000000000000000 ) ;
#1871 = ORIENTED_EDGE ( 'NONE', *, *, #3464, .F. ) ;
#1872 = ADVANCED_FACE ( 'NONE', ( #6697 ), #4445, .T. ) ;
#1873 = DIRECTION ( 'NONE',  ( 1.000000000000000000, 0.0000000000000000000, 0.0000000000000000000 ) ) ;
#1874 = EDGE_CURVE ( 'NONE', #6972, #2060, #1382, .T. ) ;
#1875 = EDGE_CURVE ( 'NONE', #545, #945, #7142, .T. ) ;
#1876 = SURFACE_STYLE_FILL_AREA ( #5248 ) ;
#1877 = ORIENTED_EDGE ( 'NONE', *, *, #1622, .T. ) ;
#1878 = ORIENTED_EDGE ( 'NONE', *, *, #3408, .F. ) ;
#1879 = ADVANCED_FACE ( 'NONE', ( #8431 ), #4514, .F. ) ;
#1880 = DIRECTION ( 'NONE',  ( -1.000000000000000000, 0.0000000000000000000, 0.0000000000000000000 ) ) ;
#1881 = FACE_OUTER_BOUND ( 'NONE', #2986, .T. ) ;
#1882 = DIRECTION ( 'NONE',  ( 0.0000000000000000000, -3.219646771412953967E-15, 1.000000000000000000 ) ) ;
#1883 = VECTOR ( 'NONE', #2837, 1000.000000000000000 ) ;
#1884 = MANIFOLD_SOLID_BREP ( 'Combine2', #3267 ) ;
#1885 = DIRECTION ( 'NONE',  ( 1.000000000000000000, 0.0000000000000000000, 0.0000000000000000000 ) ) ;
#1886 = FACE_OUTER_BOUND ( 'NONE', #697, .T. ) ;
#1887 = AXIS2_PLACEMENT_3D ( 'NONE', #6842, #1717, #3942 ) ;
#1888 = VERTEX_POINT ( 'NONE', #8774 ) ;
#1889 = PLANE ( 'NONE',  #6165 ) ;
#1890 = DIRECTION ( 'NONE',  ( 1.000000000000000000, 0.0000000000000000000, 0.0000000000000000000 ) ) ;
#1891 = PLANE ( 'NONE',  #1959 ) ;
#1892 = LINE ( 'NONE', #5963, #8125 ) ;
#1893 = CARTESIAN_POINT ( 'NONE',  ( 2.925000000000000266, 1.850000000000000089, 2.024999999999999911 ) ) ;
#1894 = LINE ( 'NONE', #2408, #757 ) ;
#1895 = CARTESIAN_POINT ( 'NONE',  ( 0.7249999999999999778, 1.000000000000000000, 1.525000000000000133 ) ) ;
#1896 = ORIENTED_EDGE ( 'NONE', *, *, #7861, .F. ) ;
#1897 = AXIS2_PLACEMENT_3D ( 'NONE', #6821, #1065, #1130 ) ;
#1898 = LINE ( 'NONE', #2762, #9143 ) ;
#1899 = EDGE_CURVE ( 'NONE', #2386, #290, #8212, .T. ) ;
#1900 = PLANE ( 'NONE',  #8753 ) ;
#1901 = FACE_OUTER_BOUND ( 'NONE', #5968, .T. ) ;
#1902 = EDGE_LOOP ( 'NONE', ( #7924, #791, #6460, #4927 ) ) ;
#1903 = FACE_OUTER_BOUND ( 'NONE', #6955, .T. ) ;
#1904 = CARTESIAN_POINT ( 'NONE',  ( -2.274999999999999911, 3.600000000000000977, -0.07499999999999998335 ) ) ;
#1905 = CARTESIAN_POINT ( 'NONE',  ( -0.4249999999999999889, 1.850000000000000089, -1.474999999999999867 ) ) ;
#1906 = CARTESIAN_POINT ( 'NONE',  ( 5.725000000000000533, -0.6500000000000000222, -2.075000000000000178 ) ) ;
#1907 = ORIENTED_EDGE ( 'NONE', *, *, #3227, .F. ) ;
#1908 = PLANE ( 'NONE',  #2269 ) ;
#1909 = EDGE_CURVE ( 'NONE', #8591, #3398, #4986, .T. ) ;
#1910 = CARTESIAN_POINT ( 'NONE',  ( -2.875000000000000000, 0.6000000000000024203, 1.375000000000002442 ) ) ;
#1911 = ADVANCED_FACE ( 'NONE', ( #2328 ), #4378, .T. ) ;
#1912 = ORIENTED_EDGE ( 'NONE', *, *, #2291, .T. ) ;
#1913 = ORIENTED_EDGE ( 'NONE', *, *, #342, .F. ) ;
#1914 = CARTESIAN_POINT ( 'NONE',  ( 1.775000000000000133, 1.000000000000000000, -1.525000000000000133 ) ) ;
#1915 = EDGE_CURVE ( 'NONE', #105, #5175, #5683, .T. ) ;
#1916 = EDGE_CURVE ( 'NONE', #7091, #307, #1851, .T. ) ;
#1917 = CARTESIAN_POINT ( 'NONE',  ( 1.984999999999999876, 1.850000000000000089, -1.025000000000000133 ) ) ;
#1918 = EDGE_LOOP ( 'NONE', ( #562, #6648, #8970, #6338 ) ) ;
#1919 = ORIENTED_EDGE ( 'NONE', *, *, #5425, .T. ) ;
#1920 = DIRECTION ( 'NONE',  ( -0.0000000000000000000, 1.000000000000000000, 0.0000000000000000000 ) ) ;
#1921 = DIRECTION ( 'NONE',  ( 0.0000000000000000000, 0.0000000000000000000, -1.000000000000000000 ) ) ;
#1922 = ORIENTED_EDGE ( 'NONE', *, *, #2582, .T. ) ;
#1923 = LINE ( 'NONE', #2625, #2492 ) ;
#1924 = VERTEX_POINT ( 'NONE', #2429 ) ;
#1925 = ORIENTED_EDGE ( 'NONE', *, *, #9292, .T. ) ;
#1926 = ORIENTED_EDGE ( 'NONE', *, *, #724, .T. ) ;
#1927 = AXIS2_PLACEMENT_3D ( 'NONE', #1097, #9258, #5494 ) ;
#1928 = EDGE_CURVE ( 'NONE', #638, #1180, #838, .T. ) ;
#1929 = VERTEX_POINT ( 'NONE', #7614 ) ;
#1930 = EDGE_CURVE ( 'NONE', #5171, #9192, #9110, .T. ) ;
#1931 = VECTOR ( 'NONE', #4651, 1000.000000000000000 ) ;
#1932 = ORIENTED_EDGE ( 'NONE', *, *, #2946, .F. ) ;
#1933 = LINE ( 'NONE', #8170, #7578 ) ;
#1934 = ORIENTED_EDGE ( 'NONE', *, *, #3688, .F. ) ;
#1935 =( NAMED_UNIT ( * ) PLANE_ANGLE_UNIT ( ) SI_UNIT ( $, .RADIAN. ) );
#1936 = VERTEX_POINT ( 'NONE', #5569 ) ;
#1937 = DIRECTION ( 'NONE',  ( -1.000000000000000000, 0.0000000000000000000, 0.0000000000000000000 ) ) ;
#1938 = ORIENTED_EDGE ( 'NONE', *, *, #5186, .F. ) ;
#1939 = ORIENTED_EDGE ( 'NONE', *, *, #8531, .F. ) ;
#1940 = LINE ( 'NONE', #507, #4042 ) ;
#1941 = ORIENTED_EDGE ( 'NONE', *, *, #4212, .T. ) ;
#1942 = EDGE_CURVE ( 'NONE', #8372, #4203, #2550, .T. ) ;
#1943 = LINE ( 'NONE', #4983, #8055 ) ;
#1944 = ORIENTED_EDGE ( 'NONE', *, *, #4549, .T. ) ;
#1945 = CARTESIAN_POINT ( 'NONE',  ( 5.875000000000000888, 1.949999999999999956, 2.024999999999999911 ) ) ;
#1946 = ORIENTED_EDGE ( 'NONE', *, *, #7909, .F. ) ;
#1947 = DIRECTION ( 'NONE',  ( 0.0000000000000000000, -1.000000000000000000, 0.0000000000000000000 ) ) ;
#1948 = VERTEX_POINT ( 'NONE', #1036 ) ;
#1949 = DIRECTION ( 'NONE',  ( 1.000000000000000000, 0.0000000000000000000, 0.0000000000000000000 ) ) ;
#1950 = ORIENTED_EDGE ( 'NONE', *, *, #726, .T. ) ;
#1951 = DIRECTION ( 'NONE',  ( -1.000000000000000000, 0.0000000000000000000, 0.0000000000000000000 ) ) ;
#1952 = FACE_OUTER_BOUND ( 'NONE', #3232, .T. ) ;
#1953 = CARTESIAN_POINT ( 'NONE',  ( 7.275000000000001243, 2.250000000000000000, -2.024999999999999911 ) ) ;
#1954 = VECTOR ( 'NONE', #2961, 1000.000000000000000 ) ;
#1955 = ORIENTED_EDGE ( 'NONE', *, *, #3785, .F. ) ;
#1956 = DIRECTION ( 'NONE',  ( 0.0000000000000000000, -1.000000000000000000, -2.552445434498790050E-15 ) ) ;
#1957 = ORIENTED_EDGE ( 'NONE', *, *, #8955, .T. ) ;
#1958 = ORIENTED_EDGE ( 'NONE', *, *, #3365, .T. ) ;
#1959 = AXIS2_PLACEMENT_3D ( 'NONE', #1216, #4131, #6312 ) ;
#1960 = DIRECTION ( 'NONE',  ( 0.0000000000000000000, 1.084202172485501673E-15, 1.000000000000000000 ) ) ;
#1961 = AXIS2_PLACEMENT_3D ( 'NONE', #5785, #630, #7168 ) ;
#1962 = ORIENTED_EDGE ( 'NONE', *, *, #7669, .T. ) ;
#1963 = VECTOR ( 'NONE', #7573, 1000.000000000000000 ) ;
#1964 = LINE ( 'NONE', #5615, #3470 ) ;
#1965 = ADVANCED_FACE ( 'NONE', ( #6244 ), #6167, .T. ) ;
#1966 = DIRECTION ( 'NONE',  ( 0.0000000000000000000, -1.000000000000000000, 0.0000000000000000000 ) ) ;
#1967 = VECTOR ( 'NONE', #7311, 1000.000000000000000 ) ;
#1968 = ORIENTED_EDGE ( 'NONE', *, *, #7871, .T. ) ;
#1969 = DIRECTION ( 'NONE',  ( -1.000000000000000000, 0.0000000000000000000, 0.0000000000000000000 ) ) ;
#1970 = LINE ( 'NONE', #756, #1500 ) ;
#1971 = DIRECTION ( 'NONE',  ( 1.000000000000000000, 0.0000000000000000000, 0.0000000000000000000 ) ) ;
#1972 = CARTESIAN_POINT ( 'NONE',  ( 6.375000000000000888, 3.149999999999999911, 2.024999999999999911 ) ) ;
#1973 = ORIENTED_EDGE ( 'NONE', *, *, #8651, .T. ) ;
#1974 = VECTOR ( 'NONE', #928, 1000.000000000000000 ) ;
#1975 = LINE ( 'NONE', #9397, #7271 ) ;
#1976 = DIRECTION ( 'NONE',  ( 0.0000000000000000000, -1.000000000000000000, 0.0000000000000000000 ) ) ;
#1977 = CARTESIAN_POINT ( 'NONE',  ( 3.024999999999999911, 1.850000000000000089, 2.024999999999999911 ) ) ;
#1978 = VERTEX_POINT ( 'NONE', #3272 ) ;
#1979 = LINE ( 'NONE', #327, #9338 ) ;
#1980 = DIRECTION ( 'NONE',  ( 0.0000000000000000000, -1.000000000000000000, 0.0000000000000000000 ) ) ;
#1981 = DIRECTION ( 'NONE',  ( 0.0000000000000000000, -1.000000000000000000, 0.0000000000000000000 ) ) ;
#1982 = VECTOR ( 'NONE', #3587, 1000.000000000000000 ) ;
#1983 = FACE_OUTER_BOUND ( 'NONE', #8024, .T. ) ;
#1984 = DIRECTION ( 'NONE',  ( 1.000000000000000000, 0.0000000000000000000, 0.0000000000000000000 ) ) ;
#1985 = CARTESIAN_POINT ( 'NONE',  ( 1.975000000000000089, 1.850000000000000089, 2.024999999999999911 ) ) ;
#1986 = AXIS2_PLACEMENT_3D ( 'NONE', #2860, #7363, #9509 ) ;
#1987 = CARTESIAN_POINT ( 'NONE',  ( 7.875000000000000000, 1.000000000000000000, -1.525000000000000133 ) ) ;
#1988 = LINE ( 'NONE', #7260, #2224 ) ;
#1989 = EDGE_CURVE ( 'NONE', #896, #3092, #5565, .T. ) ;
#1990 = ORIENTED_EDGE ( 'NONE', *, *, #4097, .F. ) ;
#1991 = LINE ( 'NONE', #2477, #6036 ) ;
#1992 = SURFACE_SIDE_STYLE ('',( #7748 ) ) ;
#1993 = LINE ( 'NONE', #6179, #3747 ) ;
#1994 = LINE ( 'NONE', #1987, #3386 ) ;
#1995 = FILL_AREA_STYLE ('',( #4360 ) ) ;
#1996 = ORIENTED_EDGE ( 'NONE', *, *, #7706, .T. ) ;
#1997 = ADVANCED_FACE ( 'NONE', ( #3729 ), #4016, .F. ) ;
#1998 = VECTOR ( 'NONE', #6811, 1000.000000000000000 ) ;
#1999 = FILL_AREA_STYLE_COLOUR ( '', #718 ) ;
#2000 = EDGE_CURVE ( 'NONE', #270, #2060, #4069, .T. ) ;
#2001 = VECTOR ( 'NONE', #7237, 1000.000000000000000 ) ;
#2002 = VECTOR ( 'NONE', #5868, 1000.000000000000000 ) ;
#2003 = VECTOR ( 'NONE', #1078, 1000.000000000000114 ) ;
#2004 = VERTEX_POINT ( 'NONE', #415 ) ;
#2005 = LINE ( 'NONE', #3481, #5716 ) ;
#2006 = ADVANCED_FACE ( 'NONE', ( #375 ), #1105, .T. ) ;
#2007 = PLANE ( 'NONE',  #1641 ) ;
#2008 = DIRECTION ( 'NONE',  ( 0.0000000000000000000, 0.0000000000000000000, 1.000000000000000000 ) ) ;
#2009 = DIRECTION ( 'NONE',  ( 0.0000000000000000000, -1.000000000000000000, 0.0000000000000000000 ) ) ;
#2010 = DIRECTION ( 'NONE',  ( 0.0000000000000000000, -0.6650335612228979176, -0.7468134723257140450 ) ) ;
#2011 = FILL_AREA_STYLE_COLOUR ( '', #1071 ) ;
#2012 = AXIS2_PLACEMENT_3D ( 'NONE', #918, #6077, #887 ) ;
#2013 = VECTOR ( 'NONE', #5307, 1000.000000000000000 ) ;
#2014 = ORIENTED_EDGE ( 'NONE', *, *, #3868, .T. ) ;
#2015 = FACE_OUTER_BOUND ( 'NONE', #77, .T. ) ;
#2016 = PLANE ( 'NONE',  #7882 ) ;
#2017 = DIRECTION ( 'NONE',  ( 0.0000000000000000000, 0.0000000000000000000, -1.000000000000000000 ) ) ;
#2018 = ADVANCED_FACE ( 'NONE', ( #1048 ), #314, .T. ) ;
#2019 = SURFACE_STYLE_FILL_AREA ( #8604 ) ;
#2020 = CARTESIAN_POINT ( 'NONE',  ( -0.5250000000000000222, 1.850000000000000089, -1.025000000000000133 ) ) ;
#2021 = ORIENTED_EDGE ( 'NONE', *, *, #9213, .F. ) ;
#2022 = EDGE_CURVE ( 'NONE', #4511, #6544, #5085, .T. ) ;
#2023 = CARTESIAN_POINT ( 'NONE',  ( 7.025000000000001243, 4.240000000000000213, -1.925000000000000933 ) ) ;
#2024 = ORIENTED_EDGE ( 'NONE', *, *, #6397, .T. ) ;
#2025 = EDGE_LOOP ( 'NONE', ( #2574, #4401, #6931, #6556 ) ) ;
#2026 = CARTESIAN_POINT ( 'NONE',  ( 5.724999999999999645, 0.0000000000000000000, 2.024999999999999911 ) ) ;
#2027 = DIRECTION ( 'NONE',  ( 0.0000000000000000000, 0.0000000000000000000, -1.000000000000000000 ) ) ;
#2028 = CARTESIAN_POINT ( 'NONE',  ( 7.875000000000000000, 0.6000000000000076383, -0.2249999999999982014 ) ) ;
#2029 = LINE ( 'NONE', #7118, #8021 ) ;
#2030 = ORIENTED_EDGE ( 'NONE', *, *, #6377, .T. ) ;
#2031 = ORIENTED_EDGE ( 'NONE', *, *, #269, .F. ) ;
#2032 = VERTEX_POINT ( 'NONE', #4758 ) ;
#2033 = EDGE_CURVE ( 'NONE', #3010, #7980, #7262, .T. ) ;
#2034 = PLANE ( 'NONE',  #4804 ) ;
#2035 = CARTESIAN_POINT ( 'NONE',  ( 7.475000000000000533, 3.599999999999999201, -0.07500000000000128786 ) ) ;
#2036 = VERTEX_POINT ( 'NONE', #6231 ) ;
#2037 =( NAMED_UNIT ( * ) SI_UNIT ( $, .STERADIAN. ) SOLID_ANGLE_UNIT ( ) );
#2038 = DIRECTION ( 'NONE',  ( -1.000000000000000000, 0.0000000000000000000, 0.0000000000000000000 ) ) ;
#2039 = LINE ( 'NONE', #2020, #7563 ) ;
#2040 = DIRECTION ( 'NONE',  ( 0.0000000000000000000, 0.0000000000000000000, 1.000000000000000000 ) ) ;
#2041 = ORIENTED_EDGE ( 'NONE', *, *, #5881, .T. ) ;
#2042 = EDGE_CURVE ( 'NONE', #8657, #6371, #7031, .T. ) ;
#2043 = CARTESIAN_POINT ( 'NONE',  ( 1.974999999999999867, -0.6500000000000000222, -1.775000000000000133 ) ) ;
#2044 = ORIENTED_EDGE ( 'NONE', *, *, #5525, .T. ) ;
#2045 = CARTESIAN_POINT ( 'NONE',  ( 6.875000000000000888, 3.750000000000000000, -2.024999999999999911 ) ) ;
#2046 = DIRECTION ( 'NONE',  ( 0.0000000000000000000, 1.000000000000000000, -1.339206523454102177E-15 ) ) ;
#2047 = ORIENTED_EDGE ( 'NONE', *, *, #1734, .F. ) ;
#2048 = VECTOR ( 'NONE', #833, 1000.000000000000000 ) ;
#2049 = CARTESIAN_POINT ( 'NONE',  ( 1.775000000000000133, 1.000000000000000000, 1.525000000000000133 ) ) ;
#2050 = CARTESIAN_POINT ( 'NONE',  ( -2.274999999999999911, 3.600000000000000977, -0.07499999999999998335 ) ) ;
#2051 = AXIS2_PLACEMENT_3D ( 'NONE', #2624, #7782, #8525 ) ;
#2052 = DIRECTION ( 'NONE',  ( -1.000000000000000000, 0.0000000000000000000, 0.0000000000000000000 ) ) ;
#2053 = LINE ( 'NONE', #7018, #6337 ) ;
#2054 = ORIENTED_EDGE ( 'NONE', *, *, #7282, .T. ) ;
#2055 = EDGE_CURVE ( 'NONE', #4748, #3237, #1168, .T. ) ;
#2056 = EDGE_LOOP ( 'NONE', ( #5038, #7360, #1263, #3731 ) ) ;
#2057 = ADVANCED_FACE ( 'NONE', ( #8764 ), #3333, .F. ) ;
#2058 = CARTESIAN_POINT ( 'NONE',  ( -0.7249999999999999778, 1.649999999999999911, -1.474999999999999867 ) ) ;
#2059 = EDGE_CURVE ( 'NONE', #7116, #2729, #6800, .T. ) ;
#2060 = VERTEX_POINT ( 'NONE', #439 ) ;
#2061 = VECTOR ( 'NONE', #5840, 1000.000000000000000 ) ;
#2062 = VECTOR ( 'NONE', #7745, 1000.000000000000000 ) ;
#2063 = ORIENTED_EDGE ( 'NONE', *, *, #3212, .F. ) ;
#2064 = ORIENTED_EDGE ( 'NONE', *, *, #5064, .T. ) ;
#2065 = ORIENTED_EDGE ( 'NONE', *, *, #9204, .F. ) ;
#2066 = CARTESIAN_POINT ( 'NONE',  ( 1.975000000000000089, 1.000000000000000000, 0.0000000000000000000 ) ) ;
#2067 = VERTEX_POINT ( 'NONE', #9296 ) ;
#2068 = ADVANCED_FACE ( 'NONE', ( #25 ), #4145, .T. ) ;
#2069 = MECHANICAL_DESIGN_GEOMETRIC_PRESENTATION_REPRESENTATION (  '', ( #6513 ), #8801 ) ;
#2070 = ORIENTED_EDGE ( 'NONE', *, *, #286, .T. ) ;
#2071 = EDGE_CURVE ( 'NONE', #7805, #898, #2434, .T. ) ;
#2072 = FACE_OUTER_BOUND ( 'NONE', #7718, .T. ) ;
#2073 = ORIENTED_EDGE ( 'NONE', *, *, #5661, .F. ) ;
#2074 = VECTOR ( 'NONE', #4230, 1000.000000000000000 ) ;
#2075 = CARTESIAN_POINT ( 'NONE',  ( 4.474999999999999645, 0.3500000000000000333, -2.024999999999999911 ) ) ;
#2076 = DIRECTION ( 'NONE',  ( 0.0000000000000000000, -0.6650335612228979176, -0.7468134723257140450 ) ) ;
#2077 =( LENGTH_UNIT ( ) NAMED_UNIT ( * ) SI_UNIT ( .MILLI., .METRE. ) );
#2078 = ORIENTED_EDGE ( 'NONE', *, *, #1256, .T. ) ;
#2079 = VECTOR ( 'NONE', #7281, 1000.000000000000114 ) ;
#2080 = LINE ( 'NONE', #3129, #4870 ) ;
#2081 = CARTESIAN_POINT ( 'NONE',  ( -1.875000000000000000, 0.5000000000000000000, 2.024999999999999911 ) ) ;
#2082 = VECTOR ( 'NONE', #5135, 1000.000000000000000 ) ;
#2083 = EDGE_CURVE ( 'NONE', #2871, #3204, #132, .T. ) ;
#2084 = CARTESIAN_POINT ( 'NONE',  ( 2.925000000000000266, 1.649999999999999911, 2.024999999999999911 ) ) ;
#2085 = DIRECTION ( 'NONE',  ( -1.000000000000000000, 0.0000000000000000000, 0.0000000000000000000 ) ) ;
#2086 = ORIENTED_EDGE ( 'NONE', *, *, #5525, .F. ) ;
#2087 = ORIENTED_EDGE ( 'NONE', *, *, #3256, .F. ) ;
#2088 = LINE ( 'NONE', #8696, #9001 ) ;
#2089 = ORIENTED_EDGE ( 'NONE', *, *, #5703, .F. ) ;
#2090 = CARTESIAN_POINT ( 'NONE',  ( 1.775000000000000133, -0.004464445899999999919, 0.003975566199999999890 ) ) ;
#2091 = VECTOR ( 'NONE', #4629, 1000.000000000000000 ) ;
#2092 = LINE ( 'NONE', #7460, #148 ) ;
#2093 = EDGE_LOOP ( 'NONE', ( #1117, #7287, #9525, #4017 ) ) ;
#2094 = PLANE ( 'NONE',  #1961 ) ;
#2095 = EDGE_CURVE ( 'NONE', #2411, #2494, #1720, .T. ) ;
#2096 = CARTESIAN_POINT ( 'NONE',  ( 3.015000000000000124, 1.850000000000000089, -1.025000000000000133 ) ) ;
#2097 = VECTOR ( 'NONE', #5078, 1000.000000000000000 ) ;
#2098 = ORIENTED_EDGE ( 'NONE', *, *, #5579, .F. ) ;
#2099 = MECHANICAL_DESIGN_GEOMETRIC_PRESENTATION_REPRESENTATION (  '', ( #8022 ), #685 ) ;
#2100 = LINE ( 'NONE', #8074, #9232 ) ;
#2101 = DIRECTION ( 'NONE',  ( 0.0000000000000000000, 0.0000000000000000000, -1.000000000000000000 ) ) ;
#2102 = FACE_OUTER_BOUND ( 'NONE', #9291, .T. ) ;
#2103 = EDGE_CURVE ( 'NONE', #3237, #3657, #1496, .T. ) ;
#2104 = LINE ( 'NONE', #7907, #6943 ) ;
#2105 = DIRECTION ( 'NONE',  ( 0.0000000000000000000, -0.0000000000000000000, -1.000000000000000000 ) ) ;
#2106 = ADVANCED_FACE ( 'NONE', ( #3471 ), #1900, .T. ) ;
#2107 = CARTESIAN_POINT ( 'NONE',  ( -1.175000000000000044, 2.550000000000000266, 2.024999999999999911 ) ) ;
#2108 = ORIENTED_EDGE ( 'NONE', *, *, #1718, .F. ) ;
#2109 = DIRECTION ( 'NONE',  ( 0.0000000000000000000, -1.000000000000000000, 0.0000000000000000000 ) ) ;
#2110 = ORIENTED_EDGE ( 'NONE', *, *, #2683, .T. ) ;
#2111 = CARTESIAN_POINT ( 'NONE',  ( 7.275000000000001243, 8.673617379884035472E-15, -0.2250000000000008105 ) ) ;
#2112 = COLOUR_RGB ( '',0.6470588235294117974, 0.6196078431372549211, 0.5882352941176470784 ) ;
#2113 = EDGE_CURVE ( 'NONE', #6316, #2449, #3719, .T. ) ;
#2114 = VECTOR ( 'NONE', #1267, 1000.000000000000000 ) ;
#2115 = EDGE_CURVE ( 'NONE', #4805, #7369, #1276, .T. ) ;
#2116 = VECTOR ( 'NONE', #6656, 1000.000000000000000 ) ;
#2117 = PLANE ( 'NONE',  #5269 ) ;
#2118 = ADVANCED_FACE ( 'NONE', ( #7842 ), #1226, .F. ) ;
#2119 = ADVANCED_FACE ( 'NONE', ( #3243 ), #6416, .T. ) ;
#2120 = SURFACE_STYLE_FILL_AREA ( #8247 ) ;
#2121 = FILL_AREA_STYLE ('',( #4120 ) ) ;
#2122 = CARTESIAN_POINT ( 'NONE',  ( -1.875000000000000000, 0.5000000000000000000, -1.474999999999999867 ) ) ;
#2123 = CARTESIAN_POINT ( 'NONE',  ( 4.474999999999999645, 1.350000000000000089, -1.525000000000000133 ) ) ;
#2124 = VECTOR ( 'NONE', #6278, 1000.000000000000000 ) ;
#2125 = LINE ( 'NONE', #8138, #3172 ) ;
#2126 = ORIENTED_EDGE ( 'NONE', *, *, #7788, .T. ) ;
#2127 = EDGE_CURVE ( 'NONE', #2783, #4135, #4979, .T. ) ;
#2128 = EDGE_LOOP ( 'NONE', ( #3093, #9092, #3571, #3996, #5742, #3621, #19, #7962 ) ) ;
#2129 = LINE ( 'NONE', #1829, #3876 ) ;
#2130 = CARTESIAN_POINT ( 'NONE',  ( -2.274999999999999911, 2.250000000000000000, -2.024999999999999911 ) ) ;
#2131 = DIRECTION ( 'NONE',  ( -1.000000000000000000, 0.0000000000000000000, 0.0000000000000000000 ) ) ;
#2132 = DIRECTION ( 'NONE',  ( 1.000000000000000000, 0.0000000000000000000, 0.0000000000000000000 ) ) ;
#2133 = VERTEX_POINT ( 'NONE', #1419 ) ;
#2134 = PLANE ( 'NONE',  #8457 ) ;
#2135 = LINE ( 'NONE', #4124, #190 ) ;
#2136 = ORIENTED_EDGE ( 'NONE', *, *, #4407, .F. ) ;
#2137 = PLANE ( 'NONE',  #1209 ) ;
#2138 = ADVANCED_FACE ( 'NONE', ( #4405 ), #2137, .T. ) ;
#2139 = PLANE ( 'NONE',  #3318 ) ;
#2140 = PRESENTATION_LAYER_ASSIGNMENT (  '', '', ( #1510 ) ) ;
#2141 = ORIENTED_EDGE ( 'NONE', *, *, #7343, .T. ) ;
#2142 = DIRECTION ( 'NONE',  ( -1.000000000000000000, 0.0000000000000000000, 0.0000000000000000000 ) ) ;
#2143 = DIRECTION ( 'NONE',  ( 1.000000000000000000, 0.0000000000000000000, 0.0000000000000000000 ) ) ;
#2144 = EDGE_CURVE ( 'NONE', #6109, #8521, #4176, .T. ) ;
#2145 = CARTESIAN_POINT ( 'NONE',  ( 4.474999999999999645, 1.000000000000000000, 0.0000000000000000000 ) ) ;
#2146 = CARTESIAN_POINT ( 'NONE',  ( -0.7249999999999999778, 0.05000000000000002359, -1.775000000000000133 ) ) ;
#2147 = VECTOR ( 'NONE', #9375, 1000.000000000000000 ) ;
#2148 = ORIENTED_EDGE ( 'NONE', *, *, #1111, .T. ) ;
#2149 = DIRECTION ( 'NONE',  ( 0.0000000000000000000, -3.854941057726236322E-15, 1.000000000000000000 ) ) ;
#2150 = ORIENTED_EDGE ( 'NONE', *, *, #8914, .F. ) ;
#2151 = ORIENTED_EDGE ( 'NONE', *, *, #2059, .F. ) ;
#2152 = CARTESIAN_POINT ( 'NONE',  ( -1.175000000000000044, 1.850000000000000089, -1.474999999999999867 ) ) ;
#2153 = PLANE ( 'NONE',  #7996 ) ;
#2154 = ORIENTED_EDGE ( 'NONE', *, *, #958, .F. ) ;
#2155 = CARTESIAN_POINT ( 'NONE',  ( 4.125000000000000000, 1.000000000000000000, -1.525000000000000133 ) ) ;
#2156 = VERTEX_POINT ( 'NONE', #8733 ) ;
#2157 = VERTEX_POINT ( 'NONE', #6585 ) ;
#2158 = DIRECTION ( 'NONE',  ( 0.0000000000000000000, -1.000000000000000000, 0.0000000000000000000 ) ) ;
#2159 = ORIENTED_EDGE ( 'NONE', *, *, #2972, .T. ) ;
#2160 = ORIENTED_EDGE ( 'NONE', *, *, #9133, .F. ) ;
#2161 = CARTESIAN_POINT ( 'NONE',  ( 0.7250000000000000888, 0.0000000000000000000, -1.525000000000000133 ) ) ;
#2162 = ORIENTED_EDGE ( 'NONE', *, *, #5602, .T. ) ;
#2163 = CARTESIAN_POINT ( 'NONE',  ( -0.5250000000000000222, 0.0000000000000000000, -1.525000000000000133 ) ) ;
#2164 = AXIS2_PLACEMENT_3D ( 'NONE', #392, #3253, #1083 ) ;
#2165 = DIRECTION ( 'NONE',  ( 0.0000000000000000000, -1.000000000000000000, 0.0000000000000000000 ) ) ;
#2166 = ORIENTED_EDGE ( 'NONE', *, *, #8412, .T. ) ;
#2167 = DIRECTION ( 'NONE',  ( -0.0000000000000000000, -0.0000000000000000000, 1.000000000000000000 ) ) ;
#2168 = DIRECTION ( 'NONE',  ( 0.0000000000000000000, 0.6650335612228979176, -0.7468134723257140450 ) ) ;
#2169 = VERTEX_POINT ( 'NONE', #1324 ) ;
#2170 = CARTESIAN_POINT ( 'NONE',  ( 0.7250000000000000888, 0.05000000000000002359, -1.775000000000000133 ) ) ;
#2171 = EDGE_CURVE ( 'NONE', #6434, #6544, #252, .T. ) ;
#2172 = DIRECTION ( 'NONE',  ( 0.0000000000000000000, -1.000000000000000000, 0.0000000000000000000 ) ) ;
#2173 = LINE ( 'NONE', #8575, #5872 ) ;
#2174 = ORIENTED_EDGE ( 'NONE', *, *, #330, .T. ) ;
#2175 = CARTESIAN_POINT ( 'NONE',  ( 5.724999999999999645, 1.350000000000000089, 0.0000000000000000000 ) ) ;
#2176 = LINE ( 'NONE', #7802, #232 ) ;
#2177 = ORIENTED_EDGE ( 'NONE', *, *, #531, .F. ) ;
#2178 = DIRECTION ( 'NONE',  ( 0.0000000000000000000, 0.0000000000000000000, -1.000000000000000000 ) ) ;
#2179 = ORIENTED_EDGE ( 'NONE', *, *, #3581, .T. ) ;
#2180 = ORIENTED_EDGE ( 'NONE', *, *, #4055, .F. ) ;
#2181 = CARTESIAN_POINT ( 'NONE',  ( 5.375000000000000000, 1.000000000000000000, -1.525000000000000133 ) ) ;
#2182 = DIRECTION ( 'NONE',  ( 0.0000000000000000000, 0.0000000000000000000, -1.000000000000000000 ) ) ;
#2183 = ORIENTED_EDGE ( 'NONE', *, *, #3619, .F. ) ;
#2184 = DIRECTION ( 'NONE',  ( 1.000000000000000000, 0.0000000000000000000, 0.0000000000000000000 ) ) ;
#2185 = LINE ( 'NONE', #4676, #4849 ) ;
#2186 = CARTESIAN_POINT ( 'NONE',  ( 7.275000000000001243, 1.999999999999997780, -2.075000000000008615 ) ) ;
#2187 = EDGE_CURVE ( 'NONE', #6865, #6595, #2318, .T. ) ;
#2188 = LINE ( 'NONE', #3572, #475 ) ;
#2189 = ADVANCED_FACE ( 'NONE', ( #2769 ), #5791, .T. ) ;
#2190 = ORIENTED_EDGE ( 'NONE', *, *, #5961, .F. ) ;
#2191 = VERTEX_POINT ( 'NONE', #8772 ) ;
#2192 = EDGE_CURVE ( 'NONE', #1929, #6422, #4523, .T. ) ;
#2193 = PLANE ( 'NONE',  #6779 ) ;
#2194 = VERTEX_POINT ( 'NONE', #4374 ) ;
#2195 = ADVANCED_FACE ( 'NONE', ( #7617 ), #2034, .F. ) ;
#2196 = ORIENTED_EDGE ( 'NONE', *, *, #7343, .F. ) ;
#2197 = PRESENTATION_STYLE_ASSIGNMENT (( #4561 ) ) ;
#2198 = DIRECTION ( 'NONE',  ( 0.0000000000000000000, 0.0000000000000000000, 1.000000000000000000 ) ) ;
#2199 = CARTESIAN_POINT ( 'NONE',  ( 0.7250000000000000888, 1.850000000000000089, 2.024999999999999911 ) ) ;
#2200 = VECTOR ( 'NONE', #3415, 1000.000000000000000 ) ;
#2201 = DIRECTION ( 'NONE',  ( 0.0000000000000000000, 0.0000000000000000000, 1.000000000000000000 ) ) ;
#2202 = ORIENTED_EDGE ( 'NONE', *, *, #2083, .F. ) ;
#2203 = LINE ( 'NONE', #7546, #3603 ) ;
#2204 = ORIENTED_EDGE ( 'NONE', *, *, #3785, .T. ) ;
#2205 = CARTESIAN_POINT ( 'NONE',  ( 3.225000000000000089, 1.000000000000000000, 0.0000000000000000000 ) ) ;
#2206 =( NAMED_UNIT ( * ) PLANE_ANGLE_UNIT ( ) SI_UNIT ( $, .RADIAN. ) );
#2207 = PRESENTATION_STYLE_ASSIGNMENT (( #1678 ) ) ;
#2208 = DIRECTION ( 'NONE',  ( 1.000000000000000000, 0.0000000000000000000, 0.0000000000000000000 ) ) ;
#2209 = VECTOR ( 'NONE', #1277, 1000.000000000000000 ) ;
#2210 = DIRECTION ( 'NONE',  ( 0.0000000000000000000, -1.000000000000000000, 0.0000000000000000000 ) ) ;
#2211 = DIRECTION ( 'NONE',  ( -0.0000000000000000000, -0.0000000000000000000, 1.000000000000000000 ) ) ;
#2212 = CARTESIAN_POINT ( 'NONE',  ( 0.0000000000000000000, 0.0000000000000000000, -1.025000000000000133 ) ) ;
#2213 = CARTESIAN_POINT ( 'NONE',  ( 1.984999999999999876, 1.000000000000000000, -1.025000000000000133 ) ) ;
#2214 = AXIS2_PLACEMENT_3D ( 'NONE', #9350, #654, #6503 ) ;
#2215 = ORIENTED_EDGE ( 'NONE', *, *, #3978, .F. ) ;
#2216 = PRESENTATION_STYLE_ASSIGNMENT (( #1757 ) ) ;
#2217 = VERTEX_POINT ( 'NONE', #7209 ) ;
#2218 = EDGE_CURVE ( 'NONE', #7451, #3319, #3488, .T. ) ;
#2219 = LINE ( 'NONE', #7388, #8905 ) ;
#2220 = DIRECTION ( 'NONE',  ( 0.0000000000000000000, 0.0000000000000000000, -1.000000000000000000 ) ) ;
#2221 = VECTOR ( 'NONE', #4197, 1000.000000000000000 ) ;
#2222 = CARTESIAN_POINT ( 'NONE',  ( 3.024999999999999911, 1.649999999999999911, 2.024999999999999911 ) ) ;
#2223 =( NAMED_UNIT ( * ) SI_UNIT ( $, .STERADIAN. ) SOLID_ANGLE_UNIT ( ) );
#2224 = VECTOR ( 'NONE', #9451, 1000.000000000000000 ) ;
#2225 = ORIENTED_EDGE ( 'NONE', *, *, #5276, .T. ) ;
#2226 = LINE ( 'NONE', #2329, #5694 ) ;
#2227 = SURFACE_STYLE_USAGE ( .BOTH. , #7140 ) ;
#2228 = DIRECTION ( 'NONE',  ( 0.0000000000000000000, 0.0000000000000000000, 1.000000000000000000 ) ) ;
#2229 = EDGE_CURVE ( 'NONE', #6329, #9511, #4529, .T. ) ;
#2230 = VECTOR ( 'NONE', #3186, 1000.000000000000000 ) ;
#2231 = CARTESIAN_POINT ( 'NONE',  ( 3.225000000000000089, 0.5000000000000000000, 0.0000000000000000000 ) ) ;
#2232 = VECTOR ( 'NONE', #4384, 1000.000000000000000 ) ;
#2233 = CARTESIAN_POINT ( 'NONE',  ( 4.575000000000000178, 1.649999999999999911, -1.474999999999999867 ) ) ;
#2234 = EDGE_CURVE ( 'NONE', #569, #435, #8468, .T. ) ;
#2235 = CARTESIAN_POINT ( 'NONE',  ( -0.8750000000000000000, 2.250000000000000000, -2.024999999999999911 ) ) ;
#2236 = ORIENTED_EDGE ( 'NONE', *, *, #8780, .T. ) ;
#2237 = CARTESIAN_POINT ( 'NONE',  ( 3.225000000000000089, 0.5547525681000000652, 2.024999999999999911 ) ) ;
#2238 = LINE ( 'NONE', #4663, #8681 ) ;
#2239 = ADVANCED_FACE ( 'NONE', ( #3826 ), #667, .T. ) ;
#2240 = UNCERTAINTY_MEASURE_WITH_UNIT (LENGTH_MEASURE( 1.000000000000000082E-05 ), #1775, 'distance_accuracy_value', 'NONE');
#2241 = CARTESIAN_POINT ( 'NONE',  ( -2.024999999999999911, 2.250000000000000000, -1.925000000000000044 ) ) ;
#2242 = LINE ( 'NONE', #5428, #3977 ) ;
#2243 = DIRECTION ( 'NONE',  ( 1.000000000000000000, 0.0000000000000000000, 0.0000000000000000000 ) ) ;
#2244 = DIRECTION ( 'NONE',  ( 1.000000000000000000, 0.0000000000000000000, 0.0000000000000000000 ) ) ;
#2245 = LINE ( 'NONE', #2233, #8577 ) ;
#2246 = ADVANCED_FACE ( 'NONE', ( #7478 ), #8962, .F. ) ;
#2247 = DIRECTION ( 'NONE',  ( 0.0000000000000000000, 0.0000000000000000000, -1.000000000000000000 ) ) ;
#2248 = AXIS2_PLACEMENT_3D ( 'NONE', #980, #7524, #5457 ) ;
#2249 = VECTOR ( 'NONE', #2787, 1000.000000000000000 ) ;
#2250 = LINE ( 'NONE', #3388, #1206 ) ;
#2251 = EDGE_CURVE ( 'NONE', #638, #491, #8189, .T. ) ;
#2252 = EDGE_CURVE ( 'NONE', #7891, #2875, #6335, .T. ) ;
#2253 = SURFACE_STYLE_USAGE ( .BOTH. , #3091 ) ;
#2254 = CARTESIAN_POINT ( 'NONE',  ( -0.5250000000000000222, 0.3500000000000000333, -2.024999999999999911 ) ) ;
#2255 = LINE ( 'NONE', #7441, #3988 ) ;
#2256 = VECTOR ( 'NONE', #6402, 1000.000000000000000 ) ;
#2257 =( NAMED_UNIT ( * ) SI_UNIT ( $, .STERADIAN. ) SOLID_ANGLE_UNIT ( ) );
#2258 = VERTEX_POINT ( 'NONE', #6984 ) ;
#2259 = EDGE_CURVE ( 'NONE', #8693, #307, #3693, .T. ) ;
#2260 = DIRECTION ( 'NONE',  ( 0.0000000000000000000, 0.0000000000000000000, 1.000000000000000000 ) ) ;
#2261 = CARTESIAN_POINT ( 'NONE',  ( -2.875000000000000000, 1.950000000000002176, 1.375000000000006883 ) ) ;
#2262 = LINE ( 'NONE', #1779, #2485 ) ;
#2263 = VERTEX_POINT ( 'NONE', #353 ) ;
#2264 = ORIENTED_EDGE ( 'NONE', *, *, #8426, .F. ) ;
#2265 = DIRECTION ( 'NONE',  ( 0.0000000000000000000, -1.000000000000000000, 0.0000000000000000000 ) ) ;
#2266 = ORIENTED_EDGE ( 'NONE', *, *, #5149, .T. ) ;
#2267 = EDGE_LOOP ( 'NONE', ( #6754, #4323, #4522 ) ) ;
#2268 = CARTESIAN_POINT ( 'NONE',  ( -2.274999999999999911, 4.240000000000000213, 0.0000000000000000000 ) ) ;
#2269 = AXIS2_PLACEMENT_3D ( 'NONE', #6398, #7058, #2660 ) ;
#2270 = PLANE ( 'NONE',  #1183 ) ;
#2271 = LINE ( 'NONE', #8920, #5511 ) ;
#2272 = DIRECTION ( 'NONE',  ( 0.0000000000000000000, 0.6650335612228979176, -0.7468134723257140450 ) ) ;
#2273 = VERTEX_POINT ( 'NONE', #4119 ) ;
#2274 = AXIS2_PLACEMENT_3D ( 'NONE', #5459, #3254, #6120 ) ;
#2275 = FILL_AREA_STYLE ('',( #1491 ) ) ;
#2276 = ORIENTED_EDGE ( 'NONE', *, *, #2568, .T. ) ;
#2277 = CARTESIAN_POINT ( 'NONE',  ( 0.4249999999999999889, 1.850000000000000089, 2.024999999999999911 ) ) ;
#2278 = VERTEX_POINT ( 'NONE', #6959 ) ;
#2279 = EDGE_LOOP ( 'NONE', ( #7239, #9077, #3811, #4618 ) ) ;
#2280 = VERTEX_POINT ( 'NONE', #5479 ) ;
#2281 = FACE_OUTER_BOUND ( 'NONE', #5895, .T. ) ;
#2282 = CARTESIAN_POINT ( 'NONE',  ( 0.5249999999999999112, 0.3499999999999999778, -2.075000000000000178 ) ) ;
#2283 = ORIENTED_EDGE ( 'NONE', *, *, #6184, .F. ) ;
#2284 = ORIENTED_EDGE ( 'NONE', *, *, #3518, .T. ) ;
#2285 = ORIENTED_EDGE ( 'NONE', *, *, #255, .F. ) ;
#2286 = PLANE ( 'NONE',  #298 ) ;
#2287 = EDGE_CURVE ( 'NONE', #1297, #2004, #2640, .T. ) ;
#2288 = ORIENTED_EDGE ( 'NONE', *, *, #631, .T. ) ;
#2289 = EDGE_LOOP ( 'NONE', ( #4146, #6551, #2802, #1002 ) ) ;
#2290 = VECTOR ( 'NONE', #3529, 1000.000000000000000 ) ;
#2291 = EDGE_CURVE ( 'NONE', #14, #6409, #7588, .T. ) ;
#2292 = ORIENTED_EDGE ( 'NONE', *, *, #6491, .F. ) ;
#2293 = EDGE_LOOP ( 'NONE', ( #619, #1029, #8425, #7771 ) ) ;
#2294 = ORIENTED_EDGE ( 'NONE', *, *, #652, .F. ) ;
#2295 = EDGE_LOOP ( 'NONE', ( #9403, #5076, #9386, #9210 ) ) ;
#2296 = CARTESIAN_POINT ( 'NONE',  ( 3.324999999999999734, 1.850000000000000089, -1.474999999999999867 ) ) ;
#2297 = LINE ( 'NONE', #2949, #2061 ) ;
#2298 = CARTESIAN_POINT ( 'NONE',  ( -0.5250000000000000222, 1.315130797599999957, 1.171117220399999770 ) ) ;
#2299 = AXIS2_PLACEMENT_3D ( 'NONE', #2495, #4099, #6208 ) ;
#2300 = VECTOR ( 'NONE', #4761, 1000.000000000000000 ) ;
#2301 = ORIENTED_EDGE ( 'NONE', *, *, #8183, .T. ) ;
#2302 = PLANE ( 'NONE',  #6635 ) ;
#2303 = EDGE_LOOP ( 'NONE', ( #460, #1934, #1353, #8370 ) ) ;
#2304 = EDGE_LOOP ( 'NONE', ( #8946, #402, #8761, #6465 ) ) ;
#2305 = FILL_AREA_STYLE_COLOUR ( '', #7961 ) ;
#2306 = EDGE_CURVE ( 'NONE', #90, #6566, #812, .T. ) ;
#2307 = ADVANCED_FACE ( 'NONE', ( #8402 ), #3302, .F. ) ;
#2308 = VERTEX_POINT ( 'NONE', #6299 ) ;
#2309 = EDGE_CURVE ( 'NONE', #9192, #6348, #3339, .T. ) ;
#2310 = CARTESIAN_POINT ( 'NONE',  ( 4.474999999999999645, 1.795247431900000024, 2.024999999999999911 ) ) ;
#2311 = SURFACE_SIDE_STYLE ('',( #1876 ) ) ;
#2312 = CARTESIAN_POINT ( 'NONE',  ( 4.474999999999999645, 0.0000000000000000000, -2.024999999999999911 ) ) ;
#2313 = ORIENTED_EDGE ( 'NONE', *, *, #3426, .F. ) ;
#2314 = LINE ( 'NONE', #6589, #716 ) ;
#2315 = LINE ( 'NONE', #5824, #16 ) ;
#2316 = VERTEX_POINT ( 'NONE', #1739 ) ;
#2317 = DIRECTION ( 'NONE',  ( 0.0000000000000000000, -4.336808689942024836E-15, 1.000000000000000000 ) ) ;
#2318 = LINE ( 'NONE', #641, #6689 ) ;
#2319 = ORIENTED_EDGE ( 'NONE', *, *, #3889, .T. ) ;
#2320 = DIRECTION ( 'NONE',  ( -1.000000000000000000, 0.0000000000000000000, 0.0000000000000000000 ) ) ;
#2321 = VERTEX_POINT ( 'NONE', #4094 ) ;
#2322 = DIRECTION ( 'NONE',  ( 0.0000000000000000000, 1.000000000000000000, 0.0000000000000000000 ) ) ;
#2323 = CARTESIAN_POINT ( 'NONE',  ( 3.234999999999999876, 1.000000000000000000, -2.024999999999999911 ) ) ;
#2324 = EDGE_CURVE ( 'NONE', #6340, #7499, #6102, .T. ) ;
#2325 = DIRECTION ( 'NONE',  ( 0.0000000000000000000, 1.000000000000000000, 0.0000000000000000000 ) ) ;
#2326 = PRODUCT_DEFINITION ( 'UNKNOWN', '', #4182, #8649 ) ;
#2327 = VECTOR ( 'NONE', #2825, 1000.000000000000000 ) ;
#2328 = FACE_OUTER_BOUND ( 'NONE', #6633, .T. ) ;
#2329 = CARTESIAN_POINT ( 'NONE',  ( -2.475000000000000089, 4.249999999999992895, -0.07499999999999976130 ) ) ;
#2330 = ORIENTED_EDGE ( 'NONE', *, *, #7359, .F. ) ;
#2331 = EDGE_LOOP ( 'NONE', ( #3357, #807, #4293, #5336 ) ) ;
#2332 = CARTESIAN_POINT ( 'NONE',  ( -0.7349999999999999867, 0.0000000000000000000, -1.474999999999999867 ) ) ;
#2333 = DIRECTION ( 'NONE',  ( 1.000000000000000000, 0.0000000000000000000, 0.0000000000000000000 ) ) ;
#2334 = LINE ( 'NONE', #1699, #8436 ) ;
#2335 = ORIENTED_EDGE ( 'NONE', *, *, #6372, .F. ) ;
#2336 = LINE ( 'NONE', #8456, #1620 ) ;
#2337 = PRESENTATION_STYLE_ASSIGNMENT (( #9322 ) ) ;
#2338 = DIRECTION ( 'NONE',  ( 0.0000000000000000000, 2.148487149506091871E-16, 1.000000000000000000 ) ) ;
#2339 = EDGE_LOOP ( 'NONE', ( #21, #1115, #8488, #5100 ) ) ;
#2340 = AXIS2_PLACEMENT_3D ( 'NONE', #7757, #6998, #1212 ) ;
#2341 = CARTESIAN_POINT ( 'NONE',  ( 6.175000000000000711, 2.550000000000000266, -1.474999999999999867 ) ) ;
#2342 = VERTEX_POINT ( 'NONE', #4724 ) ;
#2343 = FACE_OUTER_BOUND ( 'NONE', #6597, .T. ) ;
#2344 = CARTESIAN_POINT ( 'NONE',  ( -2.274999999999999911, 0.6000000000000076383, -0.2249999999999982014 ) ) ;
#2345 = DIRECTION ( 'NONE',  ( 1.000000000000000000, 0.0000000000000000000, 0.0000000000000000000 ) ) ;
#2346 = VECTOR ( 'NONE', #920, 1000.000000000000000 ) ;
#2347 = VECTOR ( 'NONE', #8163, 1000.000000000000000 ) ;
#2348 = MECHANICAL_DESIGN_GEOMETRIC_PRESENTATION_REPRESENTATION (  '', ( #1338 ), #2415 ) ;
#2349 = CARTESIAN_POINT ( 'NONE',  ( -0.5250000000000000222, 1.350000000000000089, 1.525000000000000133 ) ) ;
#2350 = LINE ( 'NONE', #4279, #5591 ) ;
#2351 = EDGE_CURVE ( 'NONE', #7952, #4693, #3812, .T. ) ;
#2352 = DIRECTION ( 'NONE',  ( -1.000000000000000000, 0.0000000000000000000, 0.0000000000000000000 ) ) ;
#2353 = CARTESIAN_POINT ( 'NONE',  ( 3.225000000000000089, 1.795247431900000024, 2.024999999999999911 ) ) ;
#2354 = DIRECTION ( 'NONE',  ( 1.000000000000000000, 0.0000000000000000000, 0.0000000000000000000 ) ) ;
#2355 = LINE ( 'NONE', #3935, #4204 ) ;
#2356 = DIRECTION ( 'NONE',  ( 1.000000000000000000, 0.0000000000000000000, 0.0000000000000000000 ) ) ;
#2357 = FACE_OUTER_BOUND ( 'NONE', #276, .T. ) ;
#2358 = VECTOR ( 'NONE', #1384, 1000.000000000000000 ) ;
#2359 = FACE_OUTER_BOUND ( 'NONE', #5649, .T. ) ;
#2360 = DIRECTION ( 'NONE',  ( 1.000000000000000000, 0.0000000000000000000, 0.0000000000000000000 ) ) ;
#2361 = EDGE_CURVE ( 'NONE', #3204, #4103, #1828, .T. ) ;
#2362 = UNCERTAINTY_MEASURE_WITH_UNIT (LENGTH_MEASURE( 1.000000000000000082E-05 ), #1047, 'distance_accuracy_value', 'NONE');
#2363 = PLANE ( 'NONE',  #8507 ) ;
#2364 = EDGE_CURVE ( 'NONE', #3427, #9007, #1588, .T. ) ;
#2365 = CARTESIAN_POINT ( 'NONE',  ( 6.875000000000000888, 2.550000000000000266, -1.474999999999999867 ) ) ;
#2366 = LINE ( 'NONE', #5640, #421 ) ;
#2367 = DIRECTION ( 'NONE',  ( 1.000000000000000000, 0.0000000000000000000, 0.0000000000000000000 ) ) ;
#2368 = LINE ( 'NONE', #5176, #3651 ) ;
#2369 = VECTOR ( 'NONE', #3451, 1000.000000000000000 ) ;
#2370 = PLANE ( 'NONE',  #1163 ) ;
#2371 = DIRECTION ( 'NONE',  ( 0.0000000000000000000, 0.0000000000000000000, 1.000000000000000000 ) ) ;
#2372 = CARTESIAN_POINT ( 'NONE',  ( 1.765000000000000124, 0.0000000000000000000, -1.474999999999999867 ) ) ;
#2373 = VECTOR ( 'NONE', #8522, 1000.000000000000000 ) ;
#2374 = EDGE_CURVE ( 'NONE', #1398, #5685, #4383, .T. ) ;
#2375 =( NAMED_UNIT ( * ) PLANE_ANGLE_UNIT ( ) SI_UNIT ( $, .RADIAN. ) );
#2376 = LINE ( 'NONE', #3379, #7553 ) ;
#2377 = EDGE_CURVE ( 'NONE', #4739, #2386, #2407, .T. ) ;
#2378 = PLANE ( 'NONE',  #5942 ) ;
#2379 = CARTESIAN_POINT ( 'NONE',  ( 1.774999999999999911, 0.3500000000000000333, -2.024999999999999911 ) ) ;
#2380 = ADVANCED_FACE ( 'NONE', ( #7006 ), #2775, .F. ) ;
#2381 = DIRECTION ( 'NONE',  ( 0.0000000000000000000, -1.000000000000000000, 0.0000000000000000000 ) ) ;
#2382 = VECTOR ( 'NONE', #903, 1000.000000000000000 ) ;
#2383 = ORIENTED_EDGE ( 'NONE', *, *, #436, .F. ) ;
#2384 = EDGE_LOOP ( 'NONE', ( #1224, #2159, #2515, #7245 ) ) ;
#2385 = AXIS2_PLACEMENT_3D ( 'NONE', #4452, #1458, #4386 ) ;
#2386 = VERTEX_POINT ( 'NONE', #3245 ) ;
#2387 = DIRECTION ( 'NONE',  ( 0.0000000000000000000, -1.000000000000000000, 0.0000000000000000000 ) ) ;
#2388 = DIRECTION ( 'NONE',  ( 0.0000000000000000000, 0.0000000000000000000, 1.000000000000000000 ) ) ;
#2389 = VERTEX_POINT ( 'NONE', #6393 ) ;
#2390 = CARTESIAN_POINT ( 'NONE',  ( 5.825000000000001066, 1.649999999999999911, -1.025000000000000133 ) ) ;
#2391 = LINE ( 'NONE', #8968, #443 ) ;
#2392 = ORIENTED_EDGE ( 'NONE', *, *, #9335, .F. ) ;
#2393 = ORIENTED_EDGE ( 'NONE', *, *, #6578, .T. ) ;
#2394 = PLANE ( 'NONE',  #3366 ) ;
#2395 = ORIENTED_EDGE ( 'NONE', *, *, #6263, .T. ) ;
#2396 = DIRECTION ( 'NONE',  ( 0.0000000000000000000, 1.000000000000000000, 0.0000000000000000000 ) ) ;
#2397 = DIRECTION ( 'NONE',  ( 0.0000000000000000000, 0.0000000000000000000, 1.000000000000000000 ) ) ;
#2398 = ORIENTED_EDGE ( 'NONE', *, *, #3535, .T. ) ;
#2399 = DIRECTION ( 'NONE',  ( 0.0000000000000000000, -1.000000000000000000, 0.0000000000000000000 ) ) ;
#2400 = EDGE_CURVE ( 'NONE', #1682, #3910, #4150, .T. ) ;
#2401 = DIRECTION ( 'NONE',  ( 0.0000000000000000000, -1.000000000000000000, 0.0000000000000000000 ) ) ;
#2402 = VERTEX_POINT ( 'NONE', #1972 ) ;
#2403 =( NAMED_UNIT ( * ) SI_UNIT ( $, .STERADIAN. ) SOLID_ANGLE_UNIT ( ) );
#2404 = VERTEX_POINT ( 'NONE', #2028 ) ;
#2405 = CARTESIAN_POINT ( 'NONE',  ( 3.225000000000000089, 1.850000000000000089, 2.024999999999999911 ) ) ;
#2406 = VERTEX_POINT ( 'NONE', #1905 ) ;
#2407 = LINE ( 'NONE', #6893, #463 ) ;
#2408 = CARTESIAN_POINT ( 'NONE',  ( 1.324999999999999956, 1.850000000000000089, -1.474999999999999867 ) ) ;
#2409 =( LENGTH_UNIT ( ) NAMED_UNIT ( * ) SI_UNIT ( .MILLI., .METRE. ) );
#2410 = LINE ( 'NONE', #3555, #7823 ) ;
#2411 = VERTEX_POINT ( 'NONE', #4268 ) ;
#2412 = CARTESIAN_POINT ( 'NONE',  ( -0.5250000000000000222, 1.850000000000000089, 2.024999999999999911 ) ) ;
#2413 = ORIENTED_EDGE ( 'NONE', *, *, #8363, .F. ) ;
#2414 = EDGE_CURVE ( 'NONE', #1842, #9126, #114, .T. ) ;
#2415 =( GEOMETRIC_REPRESENTATION_CONTEXT ( 3 ) GLOBAL_UNCERTAINTY_ASSIGNED_CONTEXT ( ( #8023 ) ) GLOBAL_UNIT_ASSIGNED_CONTEXT ( ( #540, #6467, #2037 ) ) REPRESENTATION_CONTEXT ( 'NONE', 'WORKASPACE' ) );
#2416 = VERTEX_POINT ( 'NONE', #7055 ) ;
#2417 = ORIENTED_EDGE ( 'NONE', *, *, #1053, .F. ) ;
#2418 = EDGE_CURVE ( 'NONE', #6430, #8277, #9423, .T. ) ;
#2419 = EDGE_CURVE ( 'NONE', #4089, #9449, #4509, .T. ) ;
#2420 = LINE ( 'NONE', #2948, #3585 ) ;
#2421 = LINE ( 'NONE', #4314, #240 ) ;
#2422 = ORIENTED_EDGE ( 'NONE', *, *, #107, .F. ) ;
#2423 = ORIENTED_EDGE ( 'NONE', *, *, #5484, .F. ) ;
#2424 = ORIENTED_EDGE ( 'NONE', *, *, #749, .T. ) ;
#2425 = AXIS2_PLACEMENT_3D ( 'NONE', #8254, #3763, #5233 ) ;
#2426 = LINE ( 'NONE', #3592, #8418 ) ;
#2427 = ADVANCED_FACE ( 'NONE', ( #2872 ), #6367, .F. ) ;
#2428 = CARTESIAN_POINT ( 'NONE',  ( 0.7349999999999999867, 1.000000000000000000, -1.025000000000000133 ) ) ;
#2429 = CARTESIAN_POINT ( 'NONE',  ( 1.775000000000000133, 1.649999999999999911, 2.024999999999999911 ) ) ;
#2430 = ORIENTED_EDGE ( 'NONE', *, *, #9090, .T. ) ;
#2431 = EDGE_CURVE ( 'NONE', #8982, #8979, #356, .T. ) ;
#2432 = PRESENTATION_STYLE_ASSIGNMENT (( #1119 ) ) ;
#2433 = CARTESIAN_POINT ( 'NONE',  ( 5.525000000000000355, 1.850000000000000089, 2.024999999999999911 ) ) ;
#2434 = LINE ( 'NONE', #4940, #8422 ) ;
#2435 = ADVANCED_FACE ( 'NONE', ( #580 ), #4148, .T. ) ;
#2436 = EDGE_CURVE ( 'NONE', #941, #290, #1143, .T. ) ;
#2437 = DIRECTION ( 'NONE',  ( -0.0000000000000000000, 1.000000000000000000, -0.0000000000000000000 ) ) ;
#2438 = CARTESIAN_POINT ( 'NONE',  ( 1.974999999999999867, 0.3500000000000000333, -2.024999999999999911 ) ) ;
#2439 = ORIENTED_EDGE ( 'NONE', *, *, #5837, .T. ) ;
#2440 = CARTESIAN_POINT ( 'NONE',  ( 5.724999999999999645, 0.0000000000000000000, -2.024999999999999911 ) ) ;
#2441 = LINE ( 'NONE', #1661, #7505 ) ;
#2442 = ORIENTED_EDGE ( 'NONE', *, *, #5610, .T. ) ;
#2443 = FACE_OUTER_BOUND ( 'NONE', #1373, .T. ) ;
#2444 = SURFACE_STYLE_FILL_AREA ( #7284 ) ;
#2445 = EDGE_CURVE ( 'NONE', #9287, #6203, #2173, .T. ) ;
#2446 = PLANE ( 'NONE',  #1085 ) ;
#2447 = ORIENTED_EDGE ( 'NONE', *, *, #455, .F. ) ;
#2448 = FACE_OUTER_BOUND ( 'NONE', #6750, .T. ) ;
#2449 = VERTEX_POINT ( 'NONE', #5667 ) ;
#2450 = VECTOR ( 'NONE', #287, 1000.000000000000000 ) ;
#2451 = PLANE ( 'NONE',  #9239 ) ;
#2452 = SURFACE_SIDE_STYLE ('',( #6150 ) ) ;
#2453 = FACE_OUTER_BOUND ( 'NONE', #7008, .T. ) ;
#2454 = VERTEX_POINT ( 'NONE', #9298 ) ;
#2455 = CARTESIAN_POINT ( 'NONE',  ( 5.724999999999999645, -0.6500000000000000222, -1.775000000000000133 ) ) ;
#2456 = PRESENTATION_LAYER_ASSIGNMENT (  '', '', ( #6227 ) ) ;
#2457 = DIRECTION ( 'NONE',  ( 1.000000000000000000, 0.0000000000000000000, 0.0000000000000000000 ) ) ;
#2458 = ORIENTED_EDGE ( 'NONE', *, *, #5946, .T. ) ;
#2459 = DIRECTION ( 'NONE',  ( 1.000000000000000000, 0.0000000000000000000, 0.0000000000000000000 ) ) ;
#2460 = VECTOR ( 'NONE', #8348, 1000.000000000000000 ) ;
#2461 = LINE ( 'NONE', #8397, #7291 ) ;
#2462 = CARTESIAN_POINT ( 'NONE',  ( -0.7249999999999999778, 1.850000000000000089, 2.024999999999999911 ) ) ;
#2463 = CARTESIAN_POINT ( 'NONE',  ( -2.274999999999999911, 1.950000000000002176, 1.375000000000006883 ) ) ;
#2464 = VECTOR ( 'NONE', #5027, 1000.000000000000000 ) ;
#2465 = ADVANCED_FACE ( 'NONE', ( #3914 ), #8549, .T. ) ;
#2466 = VECTOR ( 'NONE', #8942, 1000.000000000000000 ) ;
#2467 = DIRECTION ( 'NONE',  ( -0.0000000000000000000, 1.000000000000000000, 0.0000000000000000000 ) ) ;
#2468 = DIRECTION ( 'NONE',  ( 0.0000000000000000000, 0.0000000000000000000, 1.000000000000000000 ) ) ;
#2469 = LINE ( 'NONE', #6997, #1426 ) ;
#2470 = CARTESIAN_POINT ( 'NONE',  ( 5.725000000000000533, 0.05000000000000002359, -1.775000000000000133 ) ) ;
#2471 = ORIENTED_EDGE ( 'NONE', *, *, #156, .T. ) ;
#2472 = DIRECTION ( 'NONE',  ( 1.000000000000000000, 0.0000000000000000000, 0.0000000000000000000 ) ) ;
#2473 = VECTOR ( 'NONE', #8474, 1000.000000000000000 ) ;
#2474 = DIRECTION ( 'NONE',  ( 0.0000000000000000000, 0.0000000000000000000, -1.000000000000000000 ) ) ;
#2475 = UNCERTAINTY_MEASURE_WITH_UNIT (LENGTH_MEASURE( 1.000000000000000082E-05 ), #34, 'distance_accuracy_value', 'NONE');
#2476 = DIRECTION ( 'NONE',  ( 0.0000000000000000000, 0.0000000000000000000, 1.000000000000000000 ) ) ;
#2477 = CARTESIAN_POINT ( 'NONE',  ( 5.735000000000000320, 1.850000000000000089, -1.025000000000000133 ) ) ;
#2478 = LINE ( 'NONE', #5634, #4460 ) ;
#2479 = LINE ( 'NONE', #2924, #8819 ) ;
#2480 = EDGE_CURVE ( 'NONE', #7559, #8443, #1940, .T. ) ;
#2481 = CARTESIAN_POINT ( 'NONE',  ( 1.975000000000000089, 1.000000000000000000, 0.0000000000000000000 ) ) ;
#2482 = CARTESIAN_POINT ( 'NONE',  ( 4.275000000000000355, 0.0000000000000000000, -2.024999999999999911 ) ) ;
#2483 = ADVANCED_FACE ( 'NONE', ( #5651 ), #661, .T. ) ;
#2484 = CARTESIAN_POINT ( 'NONE',  ( 0.5250000000000000222, 0.0000000000000000000, 2.024999999999999911 ) ) ;
#2485 = VECTOR ( 'NONE', #4732, 1000.000000000000000 ) ;
#2486 = CARTESIAN_POINT ( 'NONE',  ( 5.725000000000000533, 1.649999999999999911, -1.698606797699999893 ) ) ;
#2487 = DIRECTION ( 'NONE',  ( 0.0000000000000000000, 0.0000000000000000000, -1.000000000000000000 ) ) ;
#2488 = ORIENTED_EDGE ( 'NONE', *, *, #8847, .T. ) ;
#2489 = CARTESIAN_POINT ( 'NONE',  ( 5.735000000000000320, 1.649999999999999911, -1.474999999999999867 ) ) ;
#2490 = ORIENTED_EDGE ( 'NONE', *, *, #3061, .T. ) ;
#2491 = EDGE_CURVE ( 'NONE', #7797, #1150, #6559, .T. ) ;
#2492 = VECTOR ( 'NONE', #3410, 1000.000000000000000 ) ;
#2493 = CARTESIAN_POINT ( 'NONE',  ( 5.525000000000000355, 0.3499999999999999778, -2.075000000000000178 ) ) ;
#2494 = VERTEX_POINT ( 'NONE', #2740 ) ;
#2495 = CARTESIAN_POINT ( 'NONE',  ( 0.7249999999999998668, -0.6500000000000000222, -1.775000000000000133 ) ) ;
#2496 = ORIENTED_EDGE ( 'NONE', *, *, #9156, .T. ) ;
#2497 = DIRECTION ( 'NONE',  ( 0.0000000000000000000, 0.0000000000000000000, 1.000000000000000000 ) ) ;
#2498 = ORIENTED_EDGE ( 'NONE', *, *, #788, .T. ) ;
#2499 = DIRECTION ( 'NONE',  ( -0.0000000000000000000, 0.0000000000000000000, -1.000000000000000000 ) ) ;
#2500 = PLANE ( 'NONE',  #7869 ) ;
#2501 = PLANE ( 'NONE',  #5444 ) ;
#2502 = AXIS2_PLACEMENT_3D ( 'NONE', #8440, #7041, #1094 ) ;
#2503 = ORIENTED_EDGE ( 'NONE', *, *, #1317, .T. ) ;
#2504 = LINE ( 'NONE', #5447, #4020 ) ;
#2505 = VERTEX_POINT ( 'NONE', #534 ) ;
#2506 = VERTEX_POINT ( 'NONE', #3664 ) ;
#2507 = AXIS2_PLACEMENT_3D ( 'NONE', #231, #2497, #4665 ) ;
#2508 = VERTEX_POINT ( 'NONE', #2878 ) ;
#2509 = FACE_OUTER_BOUND ( 'NONE', #2886, .T. ) ;
#2510 = VERTEX_POINT ( 'NONE', #7894 ) ;
#2511 = AXIS2_PLACEMENT_3D ( 'NONE', #1904, #8573, #7109 ) ;
#2512 = CARTESIAN_POINT ( 'NONE',  ( -0.7349999999999999867, 1.000000000000000000, -1.474999999999999867 ) ) ;
#2513 = DIRECTION ( 'NONE',  ( -0.0000000000000000000, 0.0000000000000000000, -1.000000000000000000 ) ) ;
#2514 = ADVANCED_FACE ( 'NONE', ( #6219 ), #5099, .T. ) ;
#2515 = ORIENTED_EDGE ( 'NONE', *, *, #995, .T. ) ;
#2516 = LINE ( 'NONE', #1356, #104 ) ;
#2517 = VECTOR ( 'NONE', #5015, 1000.000000000000000 ) ;
#2518 = ORIENTED_EDGE ( 'NONE', *, *, #7895, .F. ) ;
#2519 = AXIS2_PLACEMENT_3D ( 'NONE', #7462, #2354, #5323 ) ;
#2520 = ORIENTED_EDGE ( 'NONE', *, *, #8643, .T. ) ;
#2521 = ORIENTED_EDGE ( 'NONE', *, *, #5351, .F. ) ;
#2522 = DIRECTION ( 'NONE',  ( 0.0000000000000000000, 0.0000000000000000000, -1.000000000000000000 ) ) ;
#2523 = EDGE_CURVE ( 'NONE', #656, #5171, #2750, .T. ) ;
#2524 = CARTESIAN_POINT ( 'NONE',  ( 0.5150000000000000133, 1.850000000000000089, -1.025000000000000133 ) ) ;
#2525 = ORIENTED_EDGE ( 'NONE', *, *, #6871, .T. ) ;
#2526 = LINE ( 'NONE', #1220, #1805 ) ;
#2527 = FILL_AREA_STYLE ('',( #5543 ) ) ;
#2528 = LINE ( 'NONE', #2586, #116 ) ;
#2529 = ORIENTED_EDGE ( 'NONE', *, *, #4267, .T. ) ;
#2530 = DIRECTION ( 'NONE',  ( 0.0000000000000000000, -1.000000000000000000, 0.0000000000000000000 ) ) ;
#2531 = ORIENTED_EDGE ( 'NONE', *, *, #4582, .T. ) ;
#2532 = EDGE_LOOP ( 'NONE', ( #5420, #7330, #8523, #7683 ) ) ;
#2533 = DIRECTION ( 'NONE',  ( 0.0000000000000000000, -1.084202172485501673E-15, -1.000000000000000000 ) ) ;
#2534 = ORIENTED_EDGE ( 'NONE', *, *, #631, .F. ) ;
#2535 = LINE ( 'NONE', #1506, #4728 ) ;
#2536 = DIRECTION ( 'NONE',  ( 0.0000000000000000000, 0.0000000000000000000, 1.000000000000000000 ) ) ;
#2537 = EDGE_CURVE ( 'NONE', #376, #5315, #8973, .T. ) ;
#2538 = LINE ( 'NONE', #7183, #2884 ) ;
#2539 = ORIENTED_EDGE ( 'NONE', *, *, #2851, .F. ) ;
#2540 = DIRECTION ( 'NONE',  ( -1.000000000000000000, 0.0000000000000000000, 0.0000000000000000000 ) ) ;
#2541 = VECTOR ( 'NONE', #9527, 1000.000000000000000 ) ;
#2542 = DIRECTION ( 'NONE',  ( -1.000000000000000000, 0.0000000000000000000, 0.0000000000000000000 ) ) ;
#2543 = EDGE_CURVE ( 'NONE', #4458, #2278, #8741, .T. ) ;
#2544 =( LENGTH_UNIT ( ) NAMED_UNIT ( * ) SI_UNIT ( .MILLI., .METRE. ) );
#2545 = VERTEX_POINT ( 'NONE', #3557 ) ;
#2546 = PLANE ( 'NONE',  #943 ) ;
#2547 = LINE ( 'NONE', #4333, #3249 ) ;
#2548 = DIRECTION ( 'NONE',  ( 0.0000000000000000000, -1.000000000000000000, 0.0000000000000000000 ) ) ;
#2549 = VECTOR ( 'NONE', #1553, 1000.000000000000000 ) ;
#2550 = LINE ( 'NONE', #5173, #9453 ) ;
#2551 = ORIENTED_EDGE ( 'NONE', *, *, #3904, .T. ) ;
#2552 = EDGE_LOOP ( 'NONE', ( #8626, #4005, #2746, #1350 ) ) ;
#2553 = CARTESIAN_POINT ( 'NONE',  ( 7.475000000000000533, 1.999999999999998668, -1.425000000000000933 ) ) ;
#2554 = LINE ( 'NONE', #3519, #4076 ) ;
#2555 = EDGE_CURVE ( 'NONE', #3890, #2342, #2297, .T. ) ;
#2556 = EDGE_CURVE ( 'NONE', #5655, #3894, #7714, .T. ) ;
#2557 = DIRECTION ( 'NONE',  ( 0.0000000000000000000, 1.000000000000000000, 0.0000000000000000000 ) ) ;
#2558 = LINE ( 'NONE', #7587, #7854 ) ;
#2559 = SURFACE_STYLE_USAGE ( .BOTH. , #1706 ) ;
#2560 = ADVANCED_FACE ( 'NONE', ( #6209 ), #8095, .F. ) ;
#2561 = ORIENTED_EDGE ( 'NONE', *, *, #3131, .F. ) ;
#2562 = LINE ( 'NONE', #1824, #45 ) ;
#2563 = CARTESIAN_POINT ( 'NONE',  ( 0.5249999999999999112, -0.6500000000000000222, -1.775000000000000133 ) ) ;
#2564 = LINE ( 'NONE', #7519, #9012 ) ;
#2565 = AXIS2_PLACEMENT_3D ( 'NONE', #7979, #2700, #9404 ) ;
#2566 = VECTOR ( 'NONE', #7432, 1000.000000000000000 ) ;
#2567 = PLANE ( 'NONE',  #2340 ) ;
#2568 = EDGE_CURVE ( 'NONE', #6665, #4842, #8618, .T. ) ;
#2569 = CARTESIAN_POINT ( 'NONE',  ( 1.675000000000000044, 1.850000000000000089, 2.024999999999999911 ) ) ;
#2570 = CARTESIAN_POINT ( 'NONE',  ( 0.7249999999999998668, 0.05000000000000002359, -1.775000000000000133 ) ) ;
#2571 = CARTESIAN_POINT ( 'NONE',  ( 4.484999999999999432, 1.000000000000000000, -1.025000000000000133 ) ) ;
#2572 = CARTESIAN_POINT ( 'NONE',  ( 2.875000000000000000, 0.0000000000000000000, -1.525000000000000133 ) ) ;
#2573 = LINE ( 'NONE', #6407, #8235 ) ;
#2574 = ORIENTED_EDGE ( 'NONE', *, *, #6271, .F. ) ;
#2575 = DIRECTION ( 'NONE',  ( -1.000000000000000000, 0.0000000000000000000, 0.0000000000000000000 ) ) ;
#2576 = CARTESIAN_POINT ( 'NONE',  ( 7.025000000000001243, 4.240000000000000213, -2.024999999999999911 ) ) ;
#2577 = FACE_OUTER_BOUND ( 'NONE', #7204, .T. ) ;
#2578 = PLANE ( 'NONE',  #6852 ) ;
#2579 = AXIS2_PLACEMENT_3D ( 'NONE', #747, #776, #2996 ) ;
#2580 = AXIS2_PLACEMENT_3D ( 'NONE', #8400, #401, #4775 ) ;
#2581 = LINE ( 'NONE', #1305, #5360 ) ;
#2582 = EDGE_CURVE ( 'NONE', #2747, #2273, #5294, .T. ) ;
#2583 = ADVANCED_FACE ( 'NONE', ( #7230 ), #2607, .F. ) ;
#2584 = VECTOR ( 'NONE', #8848, 1000.000000000000000 ) ;
#2585 = DIRECTION ( 'NONE',  ( 0.0000000000000000000, -0.6650335612228979176, -0.7468134723257140450 ) ) ;
#2586 = CARTESIAN_POINT ( 'NONE',  ( 1.975000000000000089, 0.3499999999999999778, -2.075000000000000178 ) ) ;
#2587 = CARTESIAN_POINT ( 'NONE',  ( 2.075000000000000178, 1.649999999999999911, -1.025000000000000133 ) ) ;
#2588 = DIRECTION ( 'NONE',  ( 1.000000000000000000, 0.0000000000000000000, 0.0000000000000000000 ) ) ;
#2589 = VECTOR ( 'NONE', #7236, 1000.000000000000000 ) ;
#2590 = CARTESIAN_POINT ( 'NONE',  ( 0.7249999999999999778, 0.5000000000000000000, 0.0000000000000000000 ) ) ;
#2591 = LINE ( 'NONE', #8610, #4902 ) ;
#2592 = ORIENTED_EDGE ( 'NONE', *, *, #1376, .F. ) ;
#2593 = VECTOR ( 'NONE', #3645, 1000.000000000000000 ) ;
#2594 = EDGE_CURVE ( 'NONE', #1624, #8716, #8963, .T. ) ;
#2595 = AXIS2_PLACEMENT_3D ( 'NONE', #7525, #3871, #5994 ) ;
#2596 = UNCERTAINTY_MEASURE_WITH_UNIT (LENGTH_MEASURE( 1.000000000000000082E-05 ), #3713, 'distance_accuracy_value', 'NONE');
#2597 = CARTESIAN_POINT ( 'NONE',  ( 7.875000000000000000, 1.000000000000000000, -2.024999999999999911 ) ) ;
#2598 = DIRECTION ( 'NONE',  ( -1.000000000000000000, 0.0000000000000000000, 0.0000000000000000000 ) ) ;
#2599 = EDGE_CURVE ( 'NONE', #7608, #5880, #4830, .T. ) ;
#2600 = VECTOR ( 'NONE', #3810, 1000.000000000000000 ) ;
#2601 = DIRECTION ( 'NONE',  ( -1.000000000000000000, 0.0000000000000000000, 0.0000000000000000000 ) ) ;
#2602 = VECTOR ( 'NONE', #4798, 1000.000000000000000 ) ;
#2603 = CARTESIAN_POINT ( 'NONE',  ( -0.7249999999999999778, 0.5000000000000000000, 0.0000000000000000000 ) ) ;
#2604 = CARTESIAN_POINT ( 'NONE',  ( 5.825000000000001066, 1.850000000000000089, -1.698606797699999893 ) ) ;
#2605 = SURFACE_STYLE_USAGE ( .BOTH. , #8404 ) ;
#2606 = AXIS2_PLACEMENT_3D ( 'NONE', #8951, #2333, #2978 ) ;
#2607 = PLANE ( 'NONE',  #3015 ) ;
#2608 = ADVANCED_FACE ( 'NONE', ( #8509 ), #7822, .F. ) ;
#2609 = EDGE_CURVE ( 'NONE', #4154, #3712, #3449, .T. ) ;
#2610 = ORIENTED_EDGE ( 'NONE', *, *, #6196, .F. ) ;
#2611 = EDGE_CURVE ( 'NONE', #1033, #5871, #4498, .T. ) ;
#2612 = ORIENTED_EDGE ( 'NONE', *, *, #2491, .F. ) ;
#2613 = VERTEX_POINT ( 'NONE', #4337 ) ;
#2614 = ORIENTED_EDGE ( 'NONE', *, *, #2324, .F. ) ;
#2615 = CARTESIAN_POINT ( 'NONE',  ( 1.250000000000000000, 0.0000000000000000000, -1.025000000000000133 ) ) ;
#2616 = VERTEX_POINT ( 'NONE', #9439 ) ;
#2617 = DIRECTION ( 'NONE',  ( 0.0000000000000000000, -1.000000000000000000, 0.0000000000000000000 ) ) ;
#2618 = DIRECTION ( 'NONE',  ( -0.0000000000000000000, 1.000000000000000000, 0.0000000000000000000 ) ) ;
#2619 = FACE_OUTER_BOUND ( 'NONE', #3906, .T. ) ;
#2620 = ORIENTED_EDGE ( 'NONE', *, *, #1296, .F. ) ;
#2621 = ORIENTED_EDGE ( 'NONE', *, *, #3396, .F. ) ;
#2622 = EDGE_CURVE ( 'NONE', #5976, #7946, #1579, .T. ) ;
#2623 = PLANE ( 'NONE',  #9347 ) ;
#2624 = CARTESIAN_POINT ( 'NONE',  ( -2.875000000000000000, 4.250000000000000000, -0.02500000000000000139 ) ) ;
#2625 = CARTESIAN_POINT ( 'NONE',  ( 4.474999999999999645, 0.5547525681000000652, 2.024999999999999911 ) ) ;
#2626 = ORIENTED_EDGE ( 'NONE', *, *, #5333, .T. ) ;
#2627 = CARTESIAN_POINT ( 'NONE',  ( 5.514999999999999680, 1.649999999999999911, -1.025000000000000133 ) ) ;
#2628 = LINE ( 'NONE', #7349, #5753 ) ;
#2629 = DIRECTION ( 'NONE',  ( 1.000000000000000000, 0.0000000000000000000, -0.0000000000000000000 ) ) ;
#2630 = DIRECTION ( 'NONE',  ( 1.000000000000000000, 0.0000000000000000000, 0.0000000000000000000 ) ) ;
#2631 = VECTOR ( 'NONE', #8766, 1000.000000000000000 ) ;
#2632 = DIRECTION ( 'NONE',  ( -1.000000000000000000, 0.0000000000000000000, 0.0000000000000000000 ) ) ;
#2633 = VERTEX_POINT ( 'NONE', #1302 ) ;
#2634 = DIRECTION ( 'NONE',  ( 0.0000000000000000000, -1.084202172485501673E-15, -1.000000000000000000 ) ) ;
#2635 = EDGE_LOOP ( 'NONE', ( #961, #1077, #6008, #8590 ) ) ;
#2636 = PLANE ( 'NONE',  #799 ) ;
#2637 = AXIS2_PLACEMENT_3D ( 'NONE', #3177, #8330, #3926 ) ;
#2638 = AXIS2_PLACEMENT_3D ( 'NONE', #8718, #1499, #4397 ) ;
#2639 = VERTEX_POINT ( 'NONE', #3605 ) ;
#2640 = LINE ( 'NONE', #8485, #3573 ) ;
#2641 = DIRECTION ( 'NONE',  ( 0.0000000000000000000, 0.0000000000000000000, -1.000000000000000000 ) ) ;
#2642 = AXIS2_PLACEMENT_3D ( 'NONE', #1493, #5177, #5139 ) ;
#2643 = LINE ( 'NONE', #9468, #7356 ) ;
#2644 = ORIENTED_EDGE ( 'NONE', *, *, #8700, .F. ) ;
#2645 = ORIENTED_EDGE ( 'NONE', *, *, #1561, .F. ) ;
#2646 = EDGE_LOOP ( 'NONE', ( #8746, #2973, #4688, #8075 ) ) ;
#2647 = VERTEX_POINT ( 'NONE', #9500 ) ;
#2648 = FACE_OUTER_BOUND ( 'NONE', #1472, .T. ) ;
#2649 = CARTESIAN_POINT ( 'NONE',  ( -0.5250000000000000222, 1.350000000000000089, 0.0000000000000000000 ) ) ;
#2650 = VECTOR ( 'NONE', #613, 1000.000000000000000 ) ;
#2651 = ORIENTED_EDGE ( 'NONE', *, *, #4914, .T. ) ;
#2652 = UNCERTAINTY_MEASURE_WITH_UNIT (LENGTH_MEASURE( 1.000000000000000082E-05 ), #4205, 'distance_accuracy_value', 'NONE');
#2653 = ORIENTED_EDGE ( 'NONE', *, *, #3595, .F. ) ;
#2654 = ORIENTED_EDGE ( 'NONE', *, *, #4036, .T. ) ;
#2655 = DIRECTION ( 'NONE',  ( 1.000000000000000000, 0.0000000000000000000, 0.0000000000000000000 ) ) ;
#2656 =( GEOMETRIC_REPRESENTATION_CONTEXT ( 3 ) GLOBAL_UNCERTAINTY_ASSIGNED_CONTEXT ( ( #3539 ) ) GLOBAL_UNIT_ASSIGNED_CONTEXT ( ( #705, #4373, #4410 ) ) REPRESENTATION_CONTEXT ( 'NONE', 'WORKASPACE' ) );
#2657 = ORIENTED_EDGE ( 'NONE', *, *, #7160, .F. ) ;
#2658 = FACE_OUTER_BOUND ( 'NONE', #4967, .T. ) ;
#2659 = ADVANCED_FACE ( 'NONE', ( #3329 ), #8773, .T. ) ;
#2660 = DIRECTION ( 'NONE',  ( 1.000000000000000000, 0.0000000000000000000, 0.0000000000000000000 ) ) ;
#2661 = LINE ( 'NONE', #3443, #7841 ) ;
#2662 = DIRECTION ( 'NONE',  ( 1.000000000000000000, 0.0000000000000000000, 0.0000000000000000000 ) ) ;
#2663 = CARTESIAN_POINT ( 'NONE',  ( 7.875000000000000000, 1.000000000000000000, -1.525000000000000133 ) ) ;
#2664 = DIRECTION ( 'NONE',  ( 0.0000000000000000000, 0.0000000000000000000, 1.000000000000000000 ) ) ;
#2665 = CARTESIAN_POINT ( 'NONE',  ( 5.735000000000000320, 1.850000000000000089, -1.025000000000000133 ) ) ;
#2666 = DIRECTION ( 'NONE',  ( 0.0000000000000000000, 1.000000000000000000, 0.0000000000000000000 ) ) ;
#2667 = DIRECTION ( 'NONE',  ( 0.0000000000000000000, -1.000000000000000000, 0.0000000000000000000 ) ) ;
#2668 = DIRECTION ( 'NONE',  ( 0.0000000000000000000, 0.0000000000000000000, 1.000000000000000000 ) ) ;
#2669 = VERTEX_POINT ( 'NONE', #6519 ) ;
#2670 = AXIS2_PLACEMENT_3D ( 'NONE', #3531, #4160, #1981 ) ;
#2671 = LINE ( 'NONE', #3241, #1390 ) ;
#2672 = LINE ( 'NONE', #2379, #9109 ) ;
#2673 = EDGE_CURVE ( 'NONE', #2737, #3999, #2516, .T. ) ;
#2674 = PLANE ( 'NONE',  #2214 ) ;
#2675 = DIRECTION ( 'NONE',  ( 0.0000000000000000000, 0.0000000000000000000, -1.000000000000000000 ) ) ;
#2676 = CARTESIAN_POINT ( 'NONE',  ( 4.264999999999999680, 1.000000000000000000, -1.025000000000000133 ) ) ;
#2677 = ORIENTED_EDGE ( 'NONE', *, *, #6418, .F. ) ;
#2678 = LINE ( 'NONE', #2813, #7512 ) ;
#2679 = ORIENTED_EDGE ( 'NONE', *, *, #5389, .T. ) ;
#2680 = FACE_OUTER_BOUND ( 'NONE', #143, .T. ) ;
#2681 = DIRECTION ( 'NONE',  ( 1.000000000000000000, 0.0000000000000000000, -0.0000000000000000000 ) ) ;
#2682 = EDGE_CURVE ( 'NONE', #1241, #1142, #6440, .T. ) ;
#2683 = EDGE_CURVE ( 'NONE', #1832, #7891, #4031, .T. ) ;
#2684 = CARTESIAN_POINT ( 'NONE',  ( -2.375000000000000000, 3.750000000000000000, 0.02500000000000000139 ) ) ;
#2685 = DIRECTION ( 'NONE',  ( 0.0000000000000000000, 0.0000000000000000000, -1.000000000000000000 ) ) ;
#2686 = VECTOR ( 'NONE', #7597, 1000.000000000000000 ) ;
#2687 = ORIENTED_EDGE ( 'NONE', *, *, #5376, .F. ) ;
#2688 = LINE ( 'NONE', #6791, #2460 ) ;
#2689 = CARTESIAN_POINT ( 'NONE',  ( 4.275000000000000355, 1.000000000000000000, 0.0000000000000000000 ) ) ;
#2690 = LINE ( 'NONE', #3316, #4438 ) ;
#2691 = PLANE ( 'NONE',  #1573 ) ;
#2692 = ADVANCED_FACE ( 'NONE', ( #6995 ), #7211, .F. ) ;
#2693 = CARTESIAN_POINT ( 'NONE',  ( 0.5250000000000000222, 1.350000000000000089, 0.0000000000000000000 ) ) ;
#2694 = LINE ( 'NONE', #2050, #3284 ) ;
#2695 = ORIENTED_EDGE ( 'NONE', *, *, #448, .T. ) ;
#2696 = AXIS2_PLACEMENT_3D ( 'NONE', #5089, #4354, #5118 ) ;
#2697 = DIRECTION ( 'NONE',  ( 0.0000000000000000000, -1.000000000000000000, 0.0000000000000000000 ) ) ;
#2698 = DIRECTION ( 'NONE',  ( 1.000000000000000000, 0.0000000000000000000, 0.0000000000000000000 ) ) ;
#2699 = ORIENTED_EDGE ( 'NONE', *, *, #406, .F. ) ;
#2700 = DIRECTION ( 'NONE',  ( 0.0000000000000000000, 0.0000000000000000000, -1.000000000000000000 ) ) ;
#2701 = LINE ( 'NONE', #750, #172 ) ;
#2702 = VECTOR ( 'NONE', #1437, 1000.000000000000000 ) ;
#2703 = FACE_OUTER_BOUND ( 'NONE', #5431, .T. ) ;
#2704 = CARTESIAN_POINT ( 'NONE',  ( 7.275000000000001243, 2.250000000000000000, -2.024999999999999911 ) ) ;
#2705 = ORIENTED_EDGE ( 'NONE', *, *, #5719, .F. ) ;
#2706 = AXIS2_PLACEMENT_3D ( 'NONE', #8274, #5462, #233 ) ;
#2707 = VECTOR ( 'NONE', #4136, 1000.000000000000000 ) ;
#2708 = EDGE_CURVE ( 'NONE', #4950, #5183, #5051, .T. ) ;
#2709 = ORIENTED_EDGE ( 'NONE', *, *, #5773, .F. ) ;
#2710 = DIRECTION ( 'NONE',  ( 1.000000000000000000, 0.0000000000000000000, 0.0000000000000000000 ) ) ;
#2711 = SURFACE_SIDE_STYLE ('',( #7135 ) ) ;
#2712 = VECTOR ( 'NONE', #7085, 1000.000000000000000 ) ;
#2713 = LINE ( 'NONE', #8707, #5945 ) ;
#2714 = CARTESIAN_POINT ( 'NONE',  ( 0.7349999999999999867, 0.0000000000000000000, -1.474999999999999867 ) ) ;
#2715 = CARTESIAN_POINT ( 'NONE',  ( 7.275000000000001243, 3.600000000000000977, -1.425000000000000044 ) ) ;
#2716 =( NAMED_UNIT ( * ) SI_UNIT ( $, .STERADIAN. ) SOLID_ANGLE_UNIT ( ) );
#2717 = EDGE_CURVE ( 'NONE', #2191, #2871, #802, .T. ) ;
#2718 = DIRECTION ( 'NONE',  ( 0.0000000000000000000, -1.084202172485501673E-15, -1.000000000000000000 ) ) ;
#2719 = ORIENTED_EDGE ( 'NONE', *, *, #2736, .T. ) ;
#2720 = PLANE ( 'NONE',  #5129 ) ;
#2721 = EDGE_LOOP ( 'NONE', ( #7849, #6030, #8967, #368, #3234, #7048 ) ) ;
#2722 = EDGE_CURVE ( 'NONE', #9, #270, #5533, .T. ) ;
#2723 = PLANE ( 'NONE',  #5308 ) ;
#2724 = ORIENTED_EDGE ( 'NONE', *, *, #947, .T. ) ;
#2725 = CARTESIAN_POINT ( 'NONE',  ( 7.275000000000001243, 1.949999999999999512, 2.025000000000007017 ) ) ;
#2726 = ADVANCED_FACE ( 'NONE', ( #8728 ), #2139, .T. ) ;
#2727 = CARTESIAN_POINT ( 'NONE',  ( 3.015000000000000124, 1.649999999999999911, -1.025000000000000133 ) ) ;
#2728 = VECTOR ( 'NONE', #2542, 1000.000000000000000 ) ;
#2729 = VERTEX_POINT ( 'NONE', #9367 ) ;
#2730 = VERTEX_POINT ( 'NONE', #7180 ) ;
#2731 = ORIENTED_EDGE ( 'NONE', *, *, #8331, .F. ) ;
#2732 = EDGE_CURVE ( 'NONE', #8146, #5295, #7705, .T. ) ;
#2733 = ADVANCED_FACE ( 'NONE', ( #2859 ), #2302, .T. ) ;
#2734 = PLANE ( 'NONE',  #6961 ) ;
#2735 = ORIENTED_EDGE ( 'NONE', *, *, #7861, .T. ) ;
#2736 = EDGE_CURVE ( 'NONE', #7254, #8184, #3217, .T. ) ;
#2737 = VERTEX_POINT ( 'NONE', #2781 ) ;
#2738 = VERTEX_POINT ( 'NONE', #7481 ) ;
#2739 = DIRECTION ( 'NONE',  ( 0.0000000000000000000, 2.997602166487923448E-15, -1.000000000000000000 ) ) ;
#2740 = CARTESIAN_POINT ( 'NONE',  ( -2.274999999999999911, 2.000000000000000000, -2.024999999999999911 ) ) ;
#2741 = ORIENTED_EDGE ( 'NONE', *, *, #4605, .F. ) ;
#2742 = VECTOR ( 'NONE', #3767, 1000.000000000000000 ) ;
#2743 = EDGE_CURVE ( 'NONE', #3124, #5515, #6543, .T. ) ;
#2744 = VECTOR ( 'NONE', #6457, 1000.000000000000114 ) ;
#2745 = ORIENTED_EDGE ( 'NONE', *, *, #7418, .F. ) ;
#2746 = ORIENTED_EDGE ( 'NONE', *, *, #8674, .T. ) ;
#2747 = VERTEX_POINT ( 'NONE', #8135 ) ;
#2748 = CARTESIAN_POINT ( 'NONE',  ( 0.7349999999999999867, 1.000000000000000000, -1.025000000000000133 ) ) ;
#2749 = VERTEX_POINT ( 'NONE', #7443 ) ;
#2750 = LINE ( 'NONE', #8823, #8519 ) ;
#2751 = PLANE ( 'NONE',  #63 ) ;
#2752 = ORIENTED_EDGE ( 'NONE', *, *, #3889, .F. ) ;
#2753 = LINE ( 'NONE', #9085, #583 ) ;
#2754 = ORIENTED_EDGE ( 'NONE', *, *, #2919, .F. ) ;
#2755 = DIRECTION ( 'NONE',  ( 0.0000000000000000000, 0.0000000000000000000, 1.000000000000000000 ) ) ;
#2756 = MECHANICAL_DESIGN_GEOMETRIC_PRESENTATION_REPRESENTATION (  '', ( #4617 ), #8067 ) ;
#2757 = VERTEX_POINT ( 'NONE', #8066 ) ;
#2758 = VERTEX_POINT ( 'NONE', #6734 ) ;
#2759 = ORIENTED_EDGE ( 'NONE', *, *, #7415, .T. ) ;
#2760 = PRESENTATION_LAYER_ASSIGNMENT (  '', '', ( #4134 ) ) ;
#2761 = CARTESIAN_POINT ( 'NONE',  ( -2.475000000000000089, 4.249999999999992895, -0.07499999999999976130 ) ) ;
#2762 = CARTESIAN_POINT ( 'NONE',  ( -1.875000000000000000, 1.850000000000000089, 2.024999999999999911 ) ) ;
#2763 = EDGE_LOOP ( 'NONE', ( #1236, #893, #6787, #7675 ) ) ;
#2764 = LINE ( 'NONE', #2058, #6392 ) ;
#2765 = VECTOR ( 'NONE', #2172, 1000.000000000000000 ) ;
#2766 = ORIENTED_EDGE ( 'NONE', *, *, #8997, .T. ) ;
#2767 = UNCERTAINTY_MEASURE_WITH_UNIT (LENGTH_MEASURE( 1.000000000000000082E-05 ), #2780, 'distance_accuracy_value', 'NONE');
#2768 = CARTESIAN_POINT ( 'NONE',  ( 3.024999999999999911, -0.6500000000000000222, -1.775000000000000133 ) ) ;
#2769 = FACE_OUTER_BOUND ( 'NONE', #6207, .T. ) ;
#2770 = DIRECTION ( 'NONE',  ( 0.0000000000000000000, 0.0000000000000000000, 1.000000000000000000 ) ) ;
#2771 = ORIENTED_EDGE ( 'NONE', *, *, #1538, .T. ) ;
#2772 = LINE ( 'NONE', #72, #5210 ) ;
#2773 = CARTESIAN_POINT ( 'NONE',  ( 4.275000000000000355, 1.000000000000000000, 1.525000000000000133 ) ) ;
#2774 = EDGE_CURVE ( 'NONE', #8146, #841, #6885, .T. ) ;
#2775 = PLANE ( 'NONE',  #5490 ) ;
#2776 = EDGE_CURVE ( 'NONE', #2749, #4135, #2990, .T. ) ;
#2777 = DIRECTION ( 'NONE',  ( 0.0000000000000000000, 0.0000000000000000000, 1.000000000000000000 ) ) ;
#2778 = ORIENTED_EDGE ( 'NONE', *, *, #8239, .F. ) ;
#2779 = LINE ( 'NONE', #3743, #4534 ) ;
#2780 =( LENGTH_UNIT ( ) NAMED_UNIT ( * ) SI_UNIT ( .MILLI., .METRE. ) );
#2781 = CARTESIAN_POINT ( 'NONE',  ( 5.735000000000000320, 1.000000000000000000, -1.474999999999999867 ) ) ;
#2782 = CARTESIAN_POINT ( 'NONE',  ( 3.024999999999999911, 1.850000000000000089, -2.024999999999999911 ) ) ;
#2783 = VERTEX_POINT ( 'NONE', #3672 ) ;
#2784 = LINE ( 'NONE', #7367, #1982 ) ;
#2785 = DIRECTION ( 'NONE',  ( -1.000000000000000000, 0.0000000000000000000, 0.0000000000000000000 ) ) ;
#2786 = LINE ( 'NONE', #2663, #4184 ) ;
#2787 = DIRECTION ( 'NONE',  ( 1.000000000000000000, 0.0000000000000000000, 0.0000000000000000000 ) ) ;
#2788 = DIRECTION ( 'NONE',  ( -0.0000000000000000000, 1.000000000000000000, -0.0000000000000000000 ) ) ;
#2789 = CARTESIAN_POINT ( 'NONE',  ( 2.075000000000000178, 1.649999999999999911, -1.698606797699999893 ) ) ;
#2790 = SURFACE_SIDE_STYLE ('',( #1756 ) ) ;
#2791 =( NAMED_UNIT ( * ) SI_UNIT ( $, .STERADIAN. ) SOLID_ANGLE_UNIT ( ) );
#2792 = ORIENTED_EDGE ( 'NONE', *, *, #3169, .T. ) ;
#2793 = VECTOR ( 'NONE', #7003, 1000.000000000000000 ) ;
#2794 = ORIENTED_EDGE ( 'NONE', *, *, #2377, .T. ) ;
#2795 = EDGE_CURVE ( 'NONE', #2406, #6972, #4946, .T. ) ;
#2796 = SURFACE_STYLE_USAGE ( .BOTH. , #7189 ) ;
#2797 = EDGE_CURVE ( 'NONE', #3372, #371, #346, .T. ) ;
#2798 = VECTOR ( 'NONE', #8906, 1000.000000000000000 ) ;
#2799 = DIRECTION ( 'NONE',  ( 0.0000000000000000000, -3.854941057726236322E-15, 1.000000000000000000 ) ) ;
#2800 = VECTOR ( 'NONE', #7102, 1000.000000000000000 ) ;
#2801 = LINE ( 'NONE', #9222, #7761 ) ;
#2802 = ORIENTED_EDGE ( 'NONE', *, *, #2594, .T. ) ;
#2803 = EDGE_CURVE ( 'NONE', #7449, #7489, #4714, .T. ) ;
#2804 = PRODUCT_RELATED_PRODUCT_CATEGORY ( 'part', '', ( #1123 ) ) ;
#2805 = CARTESIAN_POINT ( 'NONE',  ( 4.575000000000000178, 1.649999999999999911, -1.474999999999999867 ) ) ;
#2806 = VECTOR ( 'NONE', #197, 1000.000000000000000 ) ;
#2807 = DIRECTION ( 'NONE',  ( 1.000000000000000000, 0.0000000000000000000, 0.0000000000000000000 ) ) ;
#2808 = VECTOR ( 'NONE', #5676, 1000.000000000000000 ) ;
#2809 = LINE ( 'NONE', #3752, #7295 ) ;
#2810 = CARTESIAN_POINT ( 'NONE',  ( -0.8750000000000000000, 3.750000000000000000, -2.024999999999999911 ) ) ;
#2811 = CARTESIAN_POINT ( 'NONE',  ( -0.3750000000000000000, 2.250000000000000000, -0.4749999999999999778 ) ) ;
#2812 = DIRECTION ( 'NONE',  ( 1.000000000000000000, 0.0000000000000000000, 0.0000000000000000000 ) ) ;
#2813 = CARTESIAN_POINT ( 'NONE',  ( -0.7249999999999999778, -0.6500000000000000222, -2.075000000000000178 ) ) ;
#2814 = CARTESIAN_POINT ( 'NONE',  ( 4.474999999999999645, 1.850000000000000089, 2.024999999999999911 ) ) ;
#2815 = VECTOR ( 'NONE', #5669, 1000.000000000000000 ) ;
#2816 = ADVANCED_FACE ( 'NONE', ( #8390 ), #8207, .T. ) ;
#2817 = DIRECTION ( 'NONE',  ( 0.0000000000000000000, 0.0000000000000000000, 1.000000000000000000 ) ) ;
#2818 = AXIS2_PLACEMENT_3D ( 'NONE', #4419, #5893, #7387 ) ;
#2819 = VECTOR ( 'NONE', #2641, 1000.000000000000000 ) ;
#2820 = DIRECTION ( 'NONE',  ( -1.000000000000000000, 0.0000000000000000000, 0.0000000000000000000 ) ) ;
#2821 = CARTESIAN_POINT ( 'NONE',  ( 7.275000000000001243, 4.250000000000000000, -0.07499999999999998335 ) ) ;
#2822 = VERTEX_POINT ( 'NONE', #2953 ) ;
#2823 = PRESENTATION_LAYER_ASSIGNMENT (  '', '', ( #7027 ) ) ;
#2824 = DIRECTION ( 'NONE',  ( 1.000000000000000000, 0.0000000000000000000, 0.0000000000000000000 ) ) ;
#2825 = DIRECTION ( 'NONE',  ( 0.0000000000000000000, 1.000000000000000000, 0.0000000000000000000 ) ) ;
#2826 = ORIENTED_EDGE ( 'NONE', *, *, #5538, .T. ) ;
#2827 = DIRECTION ( 'NONE',  ( 0.0000000000000000000, 0.0000000000000000000, -1.000000000000000000 ) ) ;
#2828 = EDGE_LOOP ( 'NONE', ( #8739, #1808, #5189, #7817 ) ) ;
#2829 = EDGE_CURVE ( 'NONE', #7879, #7928, #7926, .T. ) ;
#2830 = DIRECTION ( 'NONE',  ( 0.0000000000000000000, 0.0000000000000000000, 1.000000000000000000 ) ) ;
#2831 = CARTESIAN_POINT ( 'NONE',  ( 4.275000000000000355, 1.350000000000000089, -1.525000000000000133 ) ) ;
#2832 = AXIS2_PLACEMENT_3D ( 'NONE', #4502, #5201, #2977 ) ;
#2833 = ORIENTED_EDGE ( 'NONE', *, *, #764, .F. ) ;
#2834 = SURFACE_STYLE_FILL_AREA ( #5737 ) ;
#2835 = ORIENTED_EDGE ( 'NONE', *, *, #6808, .T. ) ;
#2836 = ORIENTED_EDGE ( 'NONE', *, *, #1197, .T. ) ;
#2837 = DIRECTION ( 'NONE',  ( 0.0000000000000000000, -1.000000000000000000, 0.0000000000000000000 ) ) ;
#2838 = CARTESIAN_POINT ( 'NONE',  ( -0.5250000000000000222, 1.350000000000000089, -1.525000000000000133 ) ) ;
#2839 = ORIENTED_EDGE ( 'NONE', *, *, #6932, .F. ) ;
#2840 = CARTESIAN_POINT ( 'NONE',  ( 4.264999999999999680, 1.850000000000000089, -2.024999999999999911 ) ) ;
#2841 = EDGE_CURVE ( 'NONE', #8985, #37, #8178, .T. ) ;
#2842 = DIRECTION ( 'NONE',  ( 0.0000000000000000000, -1.000000000000000000, 0.0000000000000000000 ) ) ;
#2843 = CARTESIAN_POINT ( 'NONE',  ( 7.456138830084191760, 2.250000000000000000, -0.4749999999999999778 ) ) ;
#2844 = EDGE_LOOP ( 'NONE', ( #3461, #4920, #6815, #2874 ) ) ;
#2845 = CARTESIAN_POINT ( 'NONE',  ( -2.875000000000000000, 1.950000000000002176, 1.375000000000006883 ) ) ;
#2846 = CARTESIAN_POINT ( 'NONE',  ( 0.5249999999999999112, -0.6500000000000000222, -2.075000000000000178 ) ) ;
#2847 = DIRECTION ( 'NONE',  ( 1.000000000000000000, 0.0000000000000000000, 0.0000000000000000000 ) ) ;
#2848 = ORIENTED_EDGE ( 'NONE', *, *, #4840, .F. ) ;
#2849 = CARTESIAN_POINT ( 'NONE',  ( 6.375000000000000888, 3.149999999999999911, 2.024999999999999911 ) ) ;
#2850 = ORIENTED_EDGE ( 'NONE', *, *, #6653, .T. ) ;
#2851 = EDGE_CURVE ( 'NONE', #4391, #4721, #3803, .T. ) ;
#2852 = DIRECTION ( 'NONE',  ( 0.0000000000000000000, 1.000000000000000000, 0.0000000000000000000 ) ) ;
#2853 = ORIENTED_EDGE ( 'NONE', *, *, #95, .T. ) ;
#2854 = PLANE ( 'NONE',  #2385 ) ;
#2855 = DIRECTION ( 'NONE',  ( 0.0000000000000000000, 1.000000000000000000, 0.0000000000000000000 ) ) ;
#2856 = ORIENTED_EDGE ( 'NONE', *, *, #881, .T. ) ;
#2857 = CARTESIAN_POINT ( 'NONE',  ( -1.875000000000000000, 3.750000000000000000, -2.024999999999999911 ) ) ;
#2858 = ORIENTED_EDGE ( 'NONE', *, *, #4660, .F. ) ;
#2859 = FACE_OUTER_BOUND ( 'NONE', #6238, .T. ) ;
#2860 = CARTESIAN_POINT ( 'NONE',  ( 4.275000000000000355, 1.850000000000000089, -1.698606797699999893 ) ) ;
#2861 = CARTESIAN_POINT ( 'NONE',  ( 5.725000000000000533, 1.350000000000000089, 1.525000000000000133 ) ) ;
#2862 = LINE ( 'NONE', #6010, #904 ) ;
#2863 = ORIENTED_EDGE ( 'NONE', *, *, #8013, .F. ) ;
#2864 = CARTESIAN_POINT ( 'NONE',  ( 0.0000000000000000000, 0.0000000000000000000, 0.02500000000000000139 ) ) ;
#2865 = EDGE_CURVE ( 'NONE', #7485, #5275, #2628, .T. ) ;
#2866 = ADVANCED_FACE ( 'NONE', ( #9409 ), #5917, .T. ) ;
#2867 = ORIENTED_EDGE ( 'NONE', *, *, #9028, .T. ) ;
#2868 = CARTESIAN_POINT ( 'NONE',  ( 7.475000000000000533, 1.999999999999997780, -2.024999999999999911 ) ) ;
#2869 = EDGE_CURVE ( 'NONE', #5557, #8443, #679, .T. ) ;
#2870 = CARTESIAN_POINT ( 'NONE',  ( 5.514999999999999680, 1.649999999999999911, -1.698606797699999893 ) ) ;
#2871 = VERTEX_POINT ( 'NONE', #247 ) ;
#2872 = FACE_OUTER_BOUND ( 'NONE', #3439, .T. ) ;
#2873 = VECTOR ( 'NONE', #3832, 1000.000000000000000 ) ;
#2874 = ORIENTED_EDGE ( 'NONE', *, *, #4074, .T. ) ;
#2875 = VERTEX_POINT ( 'NONE', #3883 ) ;
#2877 = ORIENTED_EDGE ( 'NONE', *, *, #7427, .T. ) ;
#2876 = DIRECTION ( 'NONE',  ( 0.0000000000000000000, -1.000000000000000000, 0.0000000000000000000 ) ) ;
#2878 = CARTESIAN_POINT ( 'NONE',  ( 7.275000000000001243, 1.999999999999998668, -1.425000000000000933 ) ) ;
#2879 = ORIENTED_EDGE ( 'NONE', *, *, #6910, .T. ) ;
#2880 = STYLED_ITEM ( 'NONE', ( #9489 ), #7045 ) ;
#2881 = ORIENTED_EDGE ( 'NONE', *, *, #1197, .F. ) ;
#2882 = LINE ( 'NONE', #8128, #6350 ) ;
#2883 = DIRECTION ( 'NONE',  ( 1.000000000000000000, 0.0000000000000000000, 0.0000000000000000000 ) ) ;
#2884 = VECTOR ( 'NONE', #4961, 1000.000000000000000 ) ;
#2885 = DIRECTION ( 'NONE',  ( 1.000000000000000000, 0.0000000000000000000, 0.0000000000000000000 ) ) ;
#2886 = EDGE_LOOP ( 'NONE', ( #3679, #1602, #8825, #3310 ) ) ;
#2887 = ORIENTED_EDGE ( 'NONE', *, *, #3131, .T. ) ;
#2888 = CARTESIAN_POINT ( 'NONE',  ( 4.474999999999999645, -0.6500000000000000222, -2.075000000000000178 ) ) ;
#2889 = CARTESIAN_POINT ( 'NONE',  ( 0.5249999999999999112, 0.3499999999999999778, -2.075000000000000178 ) ) ;
#2890 = CARTESIAN_POINT ( 'NONE',  ( 3.234999999999999876, 1.850000000000000089, -2.024999999999999911 ) ) ;
#2891 = ORIENTED_EDGE ( 'NONE', *, *, #4436, .T. ) ;
#2892 = VECTOR ( 'NONE', #7217, 1000.000000000000000 ) ;
#2893 =( GEOMETRIC_REPRESENTATION_CONTEXT ( 3 ) GLOBAL_UNCERTAINTY_ASSIGNED_CONTEXT ( ( #2596 ) ) GLOBAL_UNIT_ASSIGNED_CONTEXT ( ( #3713, #4, #9502 ) ) REPRESENTATION_CONTEXT ( 'NONE', 'WORKASPACE' ) );
#2894 = VECTOR ( 'NONE', #1951, 1000.000000000000000 ) ;
#2895 = DIRECTION ( 'NONE',  ( 0.0000000000000000000, 1.000000000000000000, 0.0000000000000000000 ) ) ;
#2896 = VECTOR ( 'NONE', #564, 1000.000000000000000 ) ;
#2897 = ORIENTED_EDGE ( 'NONE', *, *, #8545, .F. ) ;
#2898 = EDGE_CURVE ( 'NONE', #3125, #3242, #3790, .T. ) ;
#2899 = DIRECTION ( 'NONE',  ( 0.0000000000000000000, 1.000000000000000000, 0.0000000000000000000 ) ) ;
#2900 = ADVANCED_FACE ( 'NONE', ( #4141 ), #6888, .F. ) ;
#2901 = DIRECTION ( 'NONE',  ( 0.0000000000000000000, -1.000000000000000000, 0.0000000000000000000 ) ) ;
#2902 = CARTESIAN_POINT ( 'NONE',  ( 3.225000000000000089, 0.0000000000000000000, 2.024999999999999911 ) ) ;
#2903 = VERTEX_POINT ( 'NONE', #1695 ) ;
#2904 = DIRECTION ( 'NONE',  ( 1.000000000000000000, 0.0000000000000000000, 0.0000000000000000000 ) ) ;
#2905 =( NAMED_UNIT ( * ) PLANE_ANGLE_UNIT ( ) SI_UNIT ( $, .RADIAN. ) );
#2906 = LINE ( 'NONE', #3886, #7850 ) ;
#2907 = CARTESIAN_POINT ( 'NONE',  ( 4.474999999999999645, 0.0000000000000000000, -1.525000000000000133 ) ) ;
#2908 = DIRECTION ( 'NONE',  ( 0.0000000000000000000, 0.0000000000000000000, -1.000000000000000000 ) ) ;
#2909 = LINE ( 'NONE', #8852, #5456 ) ;
#2910 = ORIENTED_EDGE ( 'NONE', *, *, #3181, .T. ) ;
#2911 = CARTESIAN_POINT ( 'NONE',  ( 1.974999999999999867, -0.6500000000000000222, -2.075000000000000178 ) ) ;
#2912 = EDGE_CURVE ( 'NONE', #7357, #2613, #218, .T. ) ;
#2913 = DIRECTION ( 'NONE',  ( 0.0000000000000000000, 2.997602166487923448E-15, -1.000000000000000000 ) ) ;
#2914 = FACE_OUTER_BOUND ( 'NONE', #6645, .T. ) ;
#2915 = ORIENTED_EDGE ( 'NONE', *, *, #8303, .T. ) ;
#2916 = LINE ( 'NONE', #2312, #2798 ) ;
#2917 = VECTOR ( 'NONE', #3584, 1000.000000000000000 ) ;
#2918 = EDGE_CURVE ( 'NONE', #1444, #2669, #8380, .T. ) ;
#2919 = EDGE_CURVE ( 'NONE', #8149, #2994, #5860, .T. ) ;
#2920 = CARTESIAN_POINT ( 'NONE',  ( -2.274999999999999911, 2.224999999999998757, -2.025000000000007905 ) ) ;
#2921 = CARTESIAN_POINT ( 'NONE',  ( -2.475000000000000089, 4.249999999999998224, -2.075000000000001510 ) ) ;
#2922 = FILL_AREA_STYLE ('',( #7177 ) ) ;
#2923 = DIRECTION ( 'NONE',  ( 0.0000000000000000000, 0.0000000000000000000, 1.000000000000000000 ) ) ;
#2924 = CARTESIAN_POINT ( 'NONE',  ( 5.514999999999999680, 1.000000000000000000, -1.025000000000000133 ) ) ;
#2925 = LINE ( 'NONE', #8041, #7867 ) ;
#2926 = ORIENTED_EDGE ( 'NONE', *, *, #1118, .T. ) ;
#2927 = DIRECTION ( 'NONE',  ( 0.0000000000000000000, 0.0000000000000000000, 1.000000000000000000 ) ) ;
#2928 = DIRECTION ( 'NONE',  ( 0.0000000000000000000, 1.000000000000000000, 0.0000000000000000000 ) ) ;
#2929 = DIRECTION ( 'NONE',  ( 0.0000000000000000000, 4.336808689942024836E-15, -1.000000000000000000 ) ) ;
#2930 = CARTESIAN_POINT ( 'NONE',  ( 6.875000000000000888, 3.149999999999999911, -2.024999999999999911 ) ) ;
#2931 = FACE_OUTER_BOUND ( 'NONE', #7936, .T. ) ;
#2932 = EDGE_CURVE ( 'NONE', #6109, #2749, #9067, .T. ) ;
#2933 = CARTESIAN_POINT ( 'NONE',  ( 4.474999999999999645, 1.850000000000000089, 2.024999999999999911 ) ) ;
#2934 = EDGE_CURVE ( 'NONE', #5414, #3347, #1566, .T. ) ;
#2935 = VECTOR ( 'NONE', #1650, 1000.000000000000000 ) ;
#2936 = CARTESIAN_POINT ( 'NONE',  ( 3.015000000000000124, 1.850000000000000089, -1.025000000000000133 ) ) ;
#2937 = DIRECTION ( 'NONE',  ( -1.000000000000000000, 0.0000000000000000000, 0.0000000000000000000 ) ) ;
#2938 = ORIENTED_EDGE ( 'NONE', *, *, #9180, .F. ) ;
#2939 = VECTOR ( 'NONE', #7390, 1000.000000000000000 ) ;
#2940 = DIRECTION ( 'NONE',  ( 0.0000000000000000000, -1.000000000000000000, 0.0000000000000000000 ) ) ;
#2941 = CARTESIAN_POINT ( 'NONE',  ( 3.225000000000000089, -0.6500000000000000222, -1.775000000000000133 ) ) ;
#2942 = LINE ( 'NONE', #7988, #2702 ) ;
#2943 = CARTESIAN_POINT ( 'NONE',  ( 5.724999999999999645, 1.850000000000000089, 0.0000000000000000000 ) ) ;
#2944 = FACE_OUTER_BOUND ( 'NONE', #674, .T. ) ;
#2945 = LINE ( 'NONE', #2768, #3287 ) ;
#2946 = EDGE_CURVE ( 'NONE', #1948, #3784, #8165, .T. ) ;
#2947 = LINE ( 'NONE', #5470, #7658 ) ;
#2948 = CARTESIAN_POINT ( 'NONE',  ( -1.175000000000000044, 1.850000000000000089, -1.474999999999999867 ) ) ;
#2949 = CARTESIAN_POINT ( 'NONE',  ( 5.875000000000000888, 3.750000000000000000, 2.024999999999999911 ) ) ;
#2950 = CARTESIAN_POINT ( 'NONE',  ( 4.485000000000000320, 1.850000000000000089, -1.025000000000000133 ) ) ;
#2951 = LINE ( 'NONE', #7024, #5380 ) ;
#2952 = ORIENTED_EDGE ( 'NONE', *, *, #2537, .T. ) ;
#2953 = CARTESIAN_POINT ( 'NONE',  ( 6.875000000000000888, 0.5000000000000000000, 2.024999999999999911 ) ) ;
#2954 = AXIS2_PLACEMENT_3D ( 'NONE', #7380, #8133, #883 ) ;
#2955 = LINE ( 'NONE', #6919, #310 ) ;
#2956 = CARTESIAN_POINT ( 'NONE',  ( -0.4249999999999999889, 1.649999999999999911, -1.698606797699999893 ) ) ;
#2957 = CARTESIAN_POINT ( 'NONE',  ( 0.5150000000000000133, 1.850000000000000089, -2.024999999999999911 ) ) ;
#2958 = DIRECTION ( 'NONE',  ( 0.0000000000000000000, 1.000000000000000000, 0.0000000000000000000 ) ) ;
#2959 = CARTESIAN_POINT ( 'NONE',  ( -0.5150000000000000133, 1.000000000000000000, -1.474999999999999867 ) ) ;
#2960 = DIRECTION ( 'NONE',  ( -0.0000000000000000000, 0.0000000000000000000, 1.000000000000000000 ) ) ;
#2961 = DIRECTION ( 'NONE',  ( -1.000000000000000000, 0.0000000000000000000, 0.0000000000000000000 ) ) ;
#2962 = CARTESIAN_POINT ( 'NONE',  ( -1.875000000000000000, 3.750000000000000000, 0.02500000000000000139 ) ) ;
#2963 = CARTESIAN_POINT ( 'NONE',  ( -0.5150000000000000133, 1.000000000000000000, -1.525000000000000133 ) ) ;
#2964 =( LENGTH_UNIT ( ) NAMED_UNIT ( * ) SI_UNIT ( .MILLI., .METRE. ) );
#2965 = ORIENTED_EDGE ( 'NONE', *, *, #3102, .T. ) ;
#2966 = ORIENTED_EDGE ( 'NONE', *, *, #8822, .F. ) ;
#2967 = PLANE ( 'NONE',  #2706 ) ;
#2968 = ORIENTED_EDGE ( 'NONE', *, *, #4406, .T. ) ;
#2969 = DIRECTION ( 'NONE',  ( 0.0000000000000000000, 1.000000000000000000, 0.0000000000000000000 ) ) ;
#2970 = ADVANCED_FACE ( 'NONE', ( #5164, #1683 ), #150, .F. ) ;
#2971 = ORIENTED_EDGE ( 'NONE', *, *, #2722, .F. ) ;
#2972 = EDGE_CURVE ( 'NONE', #4233, #1128, #3680, .T. ) ;
#2973 = ORIENTED_EDGE ( 'NONE', *, *, #8949, .F. ) ;
#2974 = ORIENTED_EDGE ( 'NONE', *, *, #5749, .T. ) ;
#2975 = VERTEX_POINT ( 'NONE', #999 ) ;
#2976 = VERTEX_POINT ( 'NONE', #5310 ) ;
#2977 = DIRECTION ( 'NONE',  ( 0.0000000000000000000, -1.000000000000000000, 0.0000000000000000000 ) ) ;
#2978 = DIRECTION ( 'NONE',  ( 0.0000000000000000000, -1.000000000000000000, -3.219646771412953967E-15 ) ) ;
#2979 = ORIENTED_EDGE ( 'NONE', *, *, #879, .T. ) ;
#2980 = VERTEX_POINT ( 'NONE', #279 ) ;
#2981 = VECTOR ( 'NONE', #5069, 1000.000000000000000 ) ;
#2982 = ORIENTED_EDGE ( 'NONE', *, *, #1866, .F. ) ;
#2983 = DIRECTION ( 'NONE',  ( -1.000000000000000000, 0.0000000000000000000, 0.0000000000000000000 ) ) ;
#2984 = ADVANCED_FACE ( 'NONE', ( #7455 ), #9051, .F. ) ;
#2985 = DIRECTION ( 'NONE',  ( -1.000000000000000000, 0.0000000000000000000, 0.0000000000000000000 ) ) ;
#2986 = EDGE_LOOP ( 'NONE', ( #1314, #9054, #7037, #1941 ) ) ;
#2987 = ORIENTED_EDGE ( 'NONE', *, *, #4403, .F. ) ;
#2988 = EDGE_CURVE ( 'NONE', #4245, #8554, #2504, .T. ) ;
#2989 = CARTESIAN_POINT ( 'NONE',  ( 7.275000000000001243, 0.0000000000000000000, 2.024999999999999911 ) ) ;
#2990 = LINE ( 'NONE', #5944, #1691 ) ;
#2991 = CARTESIAN_POINT ( 'NONE',  ( 5.525000000000000355, -0.6500000000000000222, -2.075000000000000178 ) ) ;
#2992 = FACE_OUTER_BOUND ( 'NONE', #5859, .T. ) ;
#2993 = EDGE_LOOP ( 'NONE', ( #3887, #9492, #7678, #2196 ) ) ;
#2994 = VERTEX_POINT ( 'NONE', #181 ) ;
#2995 = VERTEX_POINT ( 'NONE', #914 ) ;
#2996 = DIRECTION ( 'NONE',  ( 0.0000000000000000000, -1.000000000000000000, 0.0000000000000000000 ) ) ;
#2997 = CARTESIAN_POINT ( 'NONE',  ( 4.474999999999999645, 0.0000000000000000000, 2.024999999999999911 ) ) ;
#2998 = ORIENTED_EDGE ( 'NONE', *, *, #6924, .T. ) ;
#2999 = DIRECTION ( 'NONE',  ( -1.000000000000000000, 0.0000000000000000000, 0.0000000000000000000 ) ) ;
#3000 = LINE ( 'NONE', #3011, #3458 ) ;
#3001 = ORIENTED_EDGE ( 'NONE', *, *, #8282, .T. ) ;
#3002 = EDGE_CURVE ( 'NONE', #1444, #2454, #3440, .T. ) ;
#3003 = FACE_OUTER_BOUND ( 'NONE', #1626, .T. ) ;
#3004 = VERTEX_POINT ( 'NONE', #3858 ) ;
#3005 = CARTESIAN_POINT ( 'NONE',  ( 3.225000000000000089, 0.05000000000000002359, -1.775000000000000133 ) ) ;
#3006 = ORIENTED_EDGE ( 'NONE', *, *, #605, .F. ) ;
#3007 = EDGE_LOOP ( 'NONE', ( #1836, #8601, #9430, #8786 ) ) ;
#3008 = SURFACE_SIDE_STYLE ('',( #3477 ) ) ;
#3009 = ORIENTED_EDGE ( 'NONE', *, *, #3924, .F. ) ;
#3010 = VERTEX_POINT ( 'NONE', #6450 ) ;
#3011 = CARTESIAN_POINT ( 'NONE',  ( -2.500000000000000000, 4.250000000000000000, -2.024999999999999911 ) ) ;
#3012 = CARTESIAN_POINT ( 'NONE',  ( -2.875000000000000000, 4.250000000000000000, -1.525000000000000133 ) ) ;
#3013 = VECTOR ( 'NONE', #8495, 1000.000000000000000 ) ;
#3014 = EDGE_LOOP ( 'NONE', ( #462, #8858, #8089, #5967, #1172, #678, #8553, #1742 ) ) ;
#3015 = AXIS2_PLACEMENT_3D ( 'NONE', #3546, #5684, #6571 ) ;
#3016 = VECTOR ( 'NONE', #2885, 1000.000000000000000 ) ;
#3017 = AXIS2_PLACEMENT_3D ( 'NONE', #1521, #6713, #5314 ) ;
#3018 = CARTESIAN_POINT ( 'NONE',  ( 0.7250000000000000888, 1.850000000000000089, -2.024999999999999911 ) ) ;
#3019 = DIRECTION ( 'NONE',  ( 0.0000000000000000000, 0.7468134723257140450, -0.6650335612228979176 ) ) ;
#3020 = AXIS2_PLACEMENT_3D ( 'NONE', #4366, #8019, #5722 ) ;
#3021 = ORIENTED_EDGE ( 'NONE', *, *, #2055, .F. ) ;
#3022 = DIRECTION ( 'NONE',  ( 0.0000000000000000000, 0.0000000000000000000, 1.000000000000000000 ) ) ;
#3023 = DIRECTION ( 'NONE',  ( -1.000000000000000000, 0.0000000000000000000, 0.0000000000000000000 ) ) ;
#3024 = VECTOR ( 'NONE', #7629, 1000.000000000000114 ) ;
#3025 = VECTOR ( 'NONE', #1698, 1000.000000000000000 ) ;
#3026 = CARTESIAN_POINT ( 'NONE',  ( 5.000000000000000888, 4.250000000000000000, 0.0000000000000000000 ) ) ;
#3027 = CARTESIAN_POINT ( 'NONE',  ( 4.474999999999999645, 1.315130797599999957, 1.171117220399999770 ) ) ;
#3028 = ORIENTED_EDGE ( 'NONE', *, *, #1916, .F. ) ;
#3029 = VECTOR ( 'NONE', #250, 1000.000000000000000 ) ;
#3030 = EDGE_CURVE ( 'NONE', #3784, #5959, #7574, .T. ) ;
#3031 = FACE_OUTER_BOUND ( 'NONE', #2128, .T. ) ;
#3032 = DIRECTION ( 'NONE',  ( 1.000000000000000000, 0.0000000000000000000, 0.0000000000000000000 ) ) ;
#3033 = ORIENTED_EDGE ( 'NONE', *, *, #7035, .F. ) ;
#3034 = DIRECTION ( 'NONE',  ( 0.0000000000000000000, -1.000000000000000000, 0.0000000000000000000 ) ) ;
#3035 = SURFACE_SIDE_STYLE ('',( #3948 ) ) ;
#3036 = CARTESIAN_POINT ( 'NONE',  ( 3.024999999999999911, 0.0000000000000000000, 0.0000000000000000000 ) ) ;
#3037 = ORIENTED_EDGE ( 'NONE', *, *, #3989, .T. ) ;
#3038 = COLOUR_RGB ( '',1.000000000000000000, 1.000000000000000000, 1.000000000000000000 ) ;
#3039 = ORIENTED_EDGE ( 'NONE', *, *, #7740, .F. ) ;
#3040 = ORIENTED_EDGE ( 'NONE', *, *, #7190, .T. ) ;
#3041 = VECTOR ( 'NONE', #714, 1000.000000000000000 ) ;
#3042 = LINE ( 'NONE', #3072, #3966 ) ;
#3043 = CARTESIAN_POINT ( 'NONE',  ( 5.725000000000000533, 1.850000000000000089, -1.698606797699999893 ) ) ;
#3044 = EDGE_CURVE ( 'NONE', #4816, #2280, #4485, .T. ) ;
#3045 = PLANE ( 'NONE',  #4109 ) ;
#3046 = VECTOR ( 'NONE', #9005, 1000.000000000000000 ) ;
#3047 = EDGE_CURVE ( 'NONE', #7235, #8747, #4241, .T. ) ;
#3048 = DIRECTION ( 'NONE',  ( 0.0000000000000000000, 0.7468134723257140450, -0.6650335612228979176 ) ) ;
#3049 = PRESENTATION_STYLE_ASSIGNMENT (( #4734 ) ) ;
#3050 = CARTESIAN_POINT ( 'NONE',  ( -0.4249999999999999889, 1.850000000000000089, -1.474999999999999867 ) ) ;
#3051 = LINE ( 'NONE', #6745, #1644 ) ;
#3052 = SURFACE_STYLE_USAGE ( .BOTH. , #7444 ) ;
#3053 = CARTESIAN_POINT ( 'NONE',  ( 5.735000000000000320, 1.850000000000000089, -1.025000000000000133 ) ) ;
#3054 = DIRECTION ( 'NONE',  ( 1.000000000000000000, 0.0000000000000000000, 0.0000000000000000000 ) ) ;
#3055 = LINE ( 'NONE', #9412, #7171 ) ;
#3056 =( NAMED_UNIT ( * ) SI_UNIT ( $, .STERADIAN. ) SOLID_ANGLE_UNIT ( ) );
#3057 = PLANE ( 'NONE',  #5974 ) ;
#3058 = VECTOR ( 'NONE', #3656, 1000.000000000000000 ) ;
#3059 = EDGE_CURVE ( 'NONE', #2194, #8748, #3551, .T. ) ;
#3060 = PLANE ( 'NONE',  #5619 ) ;
#3061 = EDGE_CURVE ( 'NONE', #5685, #7342, #5744, .T. ) ;
#3062 = CARTESIAN_POINT ( 'NONE',  ( -2.274999999999999911, 3.600000000000000089, -1.425000000000000933 ) ) ;
#3063 = SURFACE_STYLE_FILL_AREA ( #2527 ) ;
#3064 =( LENGTH_UNIT ( ) NAMED_UNIT ( * ) SI_UNIT ( .MILLI., .METRE. ) );
#3065 = VECTOR ( 'NONE', #2367, 1000.000000000000000 ) ;
#3066 = CARTESIAN_POINT ( 'NONE',  ( 0.4249999999999999889, 1.649999999999999911, 2.024999999999999911 ) ) ;
#3067 = LINE ( 'NONE', #574, #3297 ) ;
#3068 =( GEOMETRIC_REPRESENTATION_CONTEXT ( 3 ) GLOBAL_UNCERTAINTY_ASSIGNED_CONTEXT ( ( #118 ) ) GLOBAL_UNIT_ASSIGNED_CONTEXT ( ( #8434, #459, #5590 ) ) REPRESENTATION_CONTEXT ( 'NONE', 'WORKASPACE' ) );
#3069 =( NAMED_UNIT ( * ) PLANE_ANGLE_UNIT ( ) SI_UNIT ( $, .RADIAN. ) );
#3070 = EDGE_CURVE ( 'NONE', #509, #3347, #96, .T. ) ;
#3071 = DIRECTION ( 'NONE',  ( 0.0000000000000000000, 0.0000000000000000000, -1.000000000000000000 ) ) ;
#3072 = CARTESIAN_POINT ( 'NONE',  ( 3.225000000000000089, 1.649999999999999911, -1.698606797699999893 ) ) ;
#3073 = LINE ( 'NONE', #8385, #2373 ) ;
#3074 = UNCERTAINTY_MEASURE_WITH_UNIT (LENGTH_MEASURE( 1.000000000000000082E-05 ), #9452, 'distance_accuracy_value', 'NONE');
#3075 = DIRECTION ( 'NONE',  ( 0.0000000000000000000, -1.000000000000000000, 0.0000000000000000000 ) ) ;
#3076 = ORIENTED_EDGE ( 'NONE', *, *, #764, .T. ) ;
#3077 = DIRECTION ( 'NONE',  ( 0.0000000000000000000, 0.0000000000000000000, -1.000000000000000000 ) ) ;
#3078 = ADVANCED_FACE ( 'NONE', ( #2281 ), #1195, .T. ) ;
#3079 = VECTOR ( 'NONE', #4916, 1000.000000000000000 ) ;
#3080 = CARTESIAN_POINT ( 'NONE',  ( 6.175000000000000711, 2.550000000000000266, 2.024999999999999911 ) ) ;
#3081 = VERTEX_POINT ( 'NONE', #237 ) ;
#3082 = CARTESIAN_POINT ( 'NONE',  ( 4.485000000000000320, 1.649999999999999911, -1.025000000000000133 ) ) ;
#3083 = DIRECTION ( 'NONE',  ( -0.0000000000000000000, -0.0000000000000000000, 1.000000000000000000 ) ) ;
#3084 = EDGE_CURVE ( 'NONE', #542, #6981, #6314, .T. ) ;
#3085 = ORIENTED_EDGE ( 'NONE', *, *, #2113, .F. ) ;
#3086 = DIRECTION ( 'NONE',  ( 0.0000000000000000000, 1.000000000000000000, 0.0000000000000000000 ) ) ;
#3087 = ORIENTED_EDGE ( 'NONE', *, *, #2361, .T. ) ;
#3088 = CARTESIAN_POINT ( 'NONE',  ( 5.525000000000000355, 1.850000000000000089, -2.024999999999999911 ) ) ;
#3089 = VERTEX_POINT ( 'NONE', #4039 ) ;
#3090 = VECTOR ( 'NONE', #3930, 1000.000000000000000 ) ;
#3091 = SURFACE_SIDE_STYLE ('',( #2120 ) ) ;
#3092 = VERTEX_POINT ( 'NONE', #3321 ) ;
#3093 = ORIENTED_EDGE ( 'NONE', *, *, #1238, .F. ) ;
#3094 = ORIENTED_EDGE ( 'NONE', *, *, #9518, .F. ) ;
#3095 = CARTESIAN_POINT ( 'NONE',  ( 0.7349999999999999867, 1.850000000000000089, -1.025000000000000133 ) ) ;
#3096 = DIRECTION ( 'NONE',  ( 0.0000000000000000000, 1.000000000000000000, 0.0000000000000000000 ) ) ;
#3097 = EDGE_CURVE ( 'NONE', #5633, #7833, #5154, .T. ) ;
#3098 = EDGE_LOOP ( 'NONE', ( #5059, #6546, #1266, #5806, #604, #102, #4027, #7009, #9112, #7568, #5157, #80, #235, #3118, #4388, #5798 ) ) ;
#3099 = AXIS2_PLACEMENT_3D ( 'NONE', #5979, #6678, #8900 ) ;
#3100 = EDGE_LOOP ( 'NONE', ( #7598, #8025, #1912, #2839 ) ) ;
#3101 = VECTOR ( 'NONE', #4238, 1000.000000000000000 ) ;
#3102 = EDGE_CURVE ( 'NONE', #6430, #4025, #3674, .T. ) ;
#3103 = VERTEX_POINT ( 'NONE', #8502 ) ;
#3104 = CARTESIAN_POINT ( 'NONE',  ( 5.825000000000001066, 1.649999999999999911, -1.474999999999999867 ) ) ;
#3105 = CARTESIAN_POINT ( 'NONE',  ( -1.375000000000000000, 3.750000000000000000, 2.024999999999999911 ) ) ;
#3106 = DIRECTION ( 'NONE',  ( 0.0000000000000000000, 1.000000000000000000, 0.0000000000000000000 ) ) ;
#3107 = CLOSED_SHELL ( 'NONE', ( #4068, #4442, #970, #1591, #8897, #5071, #8677, #84, #7280, #1251, #70, #4909, #1879, #8704, #3683, #5576, #6239, #3586 ) ) ;
#3108 = VERTEX_POINT ( 'NONE', #4806 ) ;
#3109 = CARTESIAN_POINT ( 'NONE',  ( 7.875000000000000000, 0.6000000000000024203, 1.375000000000002442 ) ) ;
#3110 = VECTOR ( 'NONE', #6236, 1000.000000000000000 ) ;
#3111 = CARTESIAN_POINT ( 'NONE',  ( 0.7349999999999999867, 1.000000000000000000, -1.025000000000000133 ) ) ;
#3112 = FACE_OUTER_BOUND ( 'NONE', #9356, .T. ) ;
#3113 = ORIENTED_EDGE ( 'NONE', *, *, #3548, .T. ) ;
#3114 = CARTESIAN_POINT ( 'NONE',  ( 7.875000000000000000, 4.250000000000000000, 2.024999999999999911 ) ) ;
#3115 = ORIENTED_EDGE ( 'NONE', *, *, #436, .T. ) ;
#3116 = EDGE_CURVE ( 'NONE', #321, #1888, #6985, .T. ) ;
#3117 = PLANE ( 'NONE',  #6100 ) ;
#3118 = ORIENTED_EDGE ( 'NONE', *, *, #1858, .F. ) ;
#3119 = EDGE_CURVE ( 'NONE', #8539, #7255, #9060, .T. ) ;
#3120 = DIRECTION ( 'NONE',  ( -1.000000000000000000, 0.0000000000000000000, 0.0000000000000000000 ) ) ;
#3121 = ORIENTED_EDGE ( 'NONE', *, *, #6482, .T. ) ;
#3122 = CARTESIAN_POINT ( 'NONE',  ( 1.975000000000000089, 1.850000000000000089, 0.0000000000000000000 ) ) ;
#3123 = LINE ( 'NONE', #7256, #2650 ) ;
#3124 = VERTEX_POINT ( 'NONE', #370 ) ;
#3125 = VERTEX_POINT ( 'NONE', #1126 ) ;
#3126 = DIRECTION ( 'NONE',  ( 0.0000000000000000000, 0.0000000000000000000, -1.000000000000000000 ) ) ;
#3127 = ORIENTED_EDGE ( 'NONE', *, *, #8827, .F. ) ;
#3128 = CARTESIAN_POINT ( 'NONE',  ( -0.5250000000000000222, 1.795247431900000024, 2.024999999999999911 ) ) ;
#3129 = CARTESIAN_POINT ( 'NONE',  ( -1.375000000000000000, 3.750000000000000000, 0.02500000000000000139 ) ) ;
#3130 = FACE_OUTER_BOUND ( 'NONE', #6028, .T. ) ;
#3131 = EDGE_CURVE ( 'NONE', #8117, #786, #1672, .T. ) ;
#3132 = UNCERTAINTY_MEASURE_WITH_UNIT (LENGTH_MEASURE( 1.000000000000000082E-05 ), #5229, 'distance_accuracy_value', 'NONE');
#3133 = CARTESIAN_POINT ( 'NONE',  ( -0.7249999999999999778, 1.000000000000000000, 1.525000000000000133 ) ) ;
#3134 = LINE ( 'NONE', #4866, #2894 ) ;
#3135 = VECTOR ( 'NONE', #9082, 1000.000000000000000 ) ;
#3136 = ORIENTED_EDGE ( 'NONE', *, *, #36, .F. ) ;
#3137 = ORIENTED_EDGE ( 'NONE', *, *, #3119, .F. ) ;
#3138 = DIRECTION ( 'NONE',  ( 0.0000000000000000000, 0.0000000000000000000, -1.000000000000000000 ) ) ;
#3139 = LINE ( 'NONE', #8017, #259 ) ;
#3140 = ORIENTED_EDGE ( 'NONE', *, *, #8902, .F. ) ;
#3141 = VECTOR ( 'NONE', #2401, 1000.000000000000000 ) ;
#3142 = AXIS2_PLACEMENT_3D ( 'NONE', #2864, #6627, #784 ) ;
#3143 = PRESENTATION_STYLE_ASSIGNMENT (( #7933 ) ) ;
#3144 =( LENGTH_UNIT ( ) NAMED_UNIT ( * ) SI_UNIT ( .MILLI., .METRE. ) );
#3145 = ORIENTED_EDGE ( 'NONE', *, *, #2144, .F. ) ;
#3146 = DIRECTION ( 'NONE',  ( 0.0000000000000000000, 1.000000000000000000, 0.0000000000000000000 ) ) ;
#3147 = AXIS2_PLACEMENT_3D ( 'NONE', #1578, #2399, #1639 ) ;
#3148 = ORIENTED_EDGE ( 'NONE', *, *, #4908, .F. ) ;
#3149 = FACE_OUTER_BOUND ( 'NONE', #326, .T. ) ;
#3150 = ORIENTED_EDGE ( 'NONE', *, *, #4087, .F. ) ;
#3151 = CARTESIAN_POINT ( 'NONE',  ( 0.4249999999999999889, 1.850000000000000089, 2.024999999999999911 ) ) ;
#3152 = ORIENTED_EDGE ( 'NONE', *, *, #7989, .T. ) ;
#3153 = DIRECTION ( 'NONE',  ( 0.0000000000000000000, 0.0000000000000000000, 1.000000000000000000 ) ) ;
#3154 = ORIENTED_EDGE ( 'NONE', *, *, #3047, .T. ) ;
#3155 = VECTOR ( 'NONE', #2675, 1000.000000000000000 ) ;
#3156 = AXIS2_PLACEMENT_3D ( 'NONE', #5605, #7774, #8572 ) ;
#3157 = FILL_AREA_STYLE ('',( #8246 ) ) ;
#3158 = SURFACE_SIDE_STYLE ('',( #5014 ) ) ;
#3159 = FILL_AREA_STYLE_COLOUR ( '', #7195 ) ;
#3160 = LINE ( 'NONE', #609, #6939 ) ;
#3161 = CARTESIAN_POINT ( 'NONE',  ( 7.275000000000001243, 3.600000000000000977, -1.425000000000000044 ) ) ;
#3162 = ADVANCED_FACE ( 'NONE', ( #4359 ), #7697, .T. ) ;
#3163 = VECTOR ( 'NONE', #480, 1000.000000000000000 ) ;
#3164 = LINE ( 'NONE', #1464, #6726 ) ;
#3165 = ORIENTED_EDGE ( 'NONE', *, *, #5877, .T. ) ;
#3166 = FACE_OUTER_BOUND ( 'NONE', #8435, .T. ) ;
#3167 = CARTESIAN_POINT ( 'NONE',  ( 4.474999999999999645, 1.350000000000000089, 0.0000000000000000000 ) ) ;
#3168 = CARTESIAN_POINT ( 'NONE',  ( 4.474999999999999645, 0.5000000000000000000, -1.525000000000000133 ) ) ;
#3169 = EDGE_CURVE ( 'NONE', #1260, #4842, #7094, .T. ) ;
#3170 = FILL_AREA_STYLE_COLOUR ( '', #5746 ) ;
#3171 = VECTOR ( 'NONE', #655, 1000.000000000000000 ) ;
#3172 = VECTOR ( 'NONE', #3648, 1000.000000000000000 ) ;
#3173 = DIRECTION ( 'NONE',  ( 0.0000000000000000000, 1.000000000000000000, 0.0000000000000000000 ) ) ;
#3174 = ORIENTED_EDGE ( 'NONE', *, *, #3581, .F. ) ;
#3175 = CARTESIAN_POINT ( 'NONE',  ( 1.984999999999999876, 1.850000000000000089, -1.025000000000000133 ) ) ;
#3176 = CARTESIAN_POINT ( 'NONE',  ( 7.875000000000000000, 4.250000000000000000, 2.024999999999999911 ) ) ;
#3177 = CARTESIAN_POINT ( 'NONE',  ( 4.275000000000000355, 0.0000000000000000000, 0.0000000000000000000 ) ) ;
#3178 = CARTESIAN_POINT ( 'NONE',  ( -0.5250000000000000222, 0.0000000000000000000, 2.024999999999999911 ) ) ;
#3179 = DIRECTION ( 'NONE',  ( -1.000000000000000000, 0.0000000000000000000, 0.0000000000000000000 ) ) ;
#3180 = CARTESIAN_POINT ( 'NONE',  ( 5.525000000000000355, 1.850000000000000089, 2.024999999999999911 ) ) ;
#3181 = EDGE_CURVE ( 'NONE', #2545, #9010, #8834, .T. ) ;
#3182 = FACE_OUTER_BOUND ( 'NONE', #9122, .T. ) ;
#3183 = EDGE_CURVE ( 'NONE', #2036, #7534, #8721, .T. ) ;
#3184 = DIRECTION ( 'NONE',  ( 1.000000000000000000, 0.0000000000000000000, 0.0000000000000000000 ) ) ;
#3185 = DIRECTION ( 'NONE',  ( -1.000000000000000000, 0.0000000000000000000, 0.0000000000000000000 ) ) ;
#3186 = DIRECTION ( 'NONE',  ( -1.000000000000000000, 0.0000000000000000000, 0.0000000000000000000 ) ) ;
#3187 = FACE_OUTER_BOUND ( 'NONE', #3220, .T. ) ;
#3188 = UNCERTAINTY_MEASURE_WITH_UNIT (LENGTH_MEASURE( 1.000000000000000082E-05 ), #2544, 'distance_accuracy_value', 'NONE');
#3189 = DIRECTION ( 'NONE',  ( 0.0000000000000000000, 1.000000000000000000, 0.0000000000000000000 ) ) ;
#3190 = ORIENTED_EDGE ( 'NONE', *, *, #4209, .T. ) ;
#3191 = EDGE_LOOP ( 'NONE', ( #5184, #6075, #3675, #9433 ) ) ;
#3192 =( GEOMETRIC_REPRESENTATION_CONTEXT ( 3 ) GLOBAL_UNCERTAINTY_ASSIGNED_CONTEXT ( ( #7958 ) ) GLOBAL_UNIT_ASSIGNED_CONTEXT ( ( #2409, #1715, #8433 ) ) REPRESENTATION_CONTEXT ( 'NONE', 'WORKASPACE' ) );
#3193 = DIRECTION ( 'NONE',  ( -1.000000000000000000, 0.0000000000000000000, 0.0000000000000000000 ) ) ;
#3194 = ORIENTED_EDGE ( 'NONE', *, *, #6982, .F. ) ;
#3195 = CARTESIAN_POINT ( 'NONE',  ( 0.7250000000000000888, 0.05000000000000002359, -1.775000000000000133 ) ) ;
#3196 =( LENGTH_UNIT ( ) NAMED_UNIT ( * ) SI_UNIT ( .MILLI., .METRE. ) );
#3197 = ORIENTED_EDGE ( 'NONE', *, *, #597, .T. ) ;
#3198 = LINE ( 'NONE', #6863, #5399 ) ;
#3199 = VERTEX_POINT ( 'NONE', #160 ) ;
#3200 = ORIENTED_EDGE ( 'NONE', *, *, #995, .F. ) ;
#3201 = DIRECTION ( 'NONE',  ( 1.000000000000000000, 0.0000000000000000000, 0.0000000000000000000 ) ) ;
#3202 = CARTESIAN_POINT ( 'NONE',  ( 3.225000000000000089, 0.3500000000000000333, -2.024999999999999911 ) ) ;
#3203 = ORIENTED_EDGE ( 'NONE', *, *, #8414, .T. ) ;
#3204 = VERTEX_POINT ( 'NONE', #1618 ) ;
#3205 = ADVANCED_FACE ( 'NONE', ( #2619 ), #258, .T. ) ;
#3206 = DIRECTION ( 'NONE',  ( 1.000000000000000000, 0.0000000000000000000, 0.0000000000000000000 ) ) ;
#3207 = AXIS2_PLACEMENT_3D ( 'NONE', #7192, #2901, #5805 ) ;
#3208 = CARTESIAN_POINT ( 'NONE',  ( 1.975000000000000089, 0.05000000000000002359, -1.775000000000000133 ) ) ;
#3209 = CARTESIAN_POINT ( 'NONE',  ( 5.725000000000000533, 1.000000000000000000, 0.0000000000000000000 ) ) ;
#3210 = VERTEX_POINT ( 'NONE', #871 ) ;
#3211 = VECTOR ( 'NONE', #1104, 1000.000000000000000 ) ;
#3212 = EDGE_CURVE ( 'NONE', #2258, #37, #9282, .T. ) ;
#3213 = ORIENTED_EDGE ( 'NONE', *, *, #8183, .F. ) ;
#3214 = VECTOR ( 'NONE', #2265, 1000.000000000000000 ) ;
#3215 = ORIENTED_EDGE ( 'NONE', *, *, #7174, .T. ) ;
#3216 = ORIENTED_EDGE ( 'NONE', *, *, #6515, .T. ) ;
#3217 = LINE ( 'NONE', #2241, #1246 ) ;
#3218 = ORIENTED_EDGE ( 'NONE', *, *, #2732, .T. ) ;
#3219 = DIRECTION ( 'NONE',  ( 0.0000000000000000000, 0.0000000000000000000, 1.000000000000000000 ) ) ;
#3220 = EDGE_LOOP ( 'NONE', ( #8538, #407, #7920, #3593 ) ) ;
#3221 = DIRECTION ( 'NONE',  ( 0.0000000000000000000, 0.0000000000000000000, 1.000000000000000000 ) ) ;
#3222 = ORIENTED_EDGE ( 'NONE', *, *, #8594, .F. ) ;
#3223 = EDGE_CURVE ( 'NONE', #9396, #4157, #3198, .T. ) ;
#3224 = ORIENTED_EDGE ( 'NONE', *, *, #8013, .T. ) ;
#3225 = CARTESIAN_POINT ( 'NONE',  ( -0.5150000000000000133, 1.850000000000000089, -1.025000000000000133 ) ) ;
#3226 = ORIENTED_EDGE ( 'NONE', *, *, #6970, .T. ) ;
#3227 = EDGE_CURVE ( 'NONE', #1689, #2133, #1230, .T. ) ;
#3228 = LINE ( 'NONE', #8318, #703 ) ;
#3229 = CARTESIAN_POINT ( 'NONE',  ( 6.875000000000000888, 3.750000000000000000, 0.02500000000000000139 ) ) ;
#3230 = VECTOR ( 'NONE', #6235, 1000.000000000000000 ) ;
#3231 = VERTEX_POINT ( 'NONE', #3180 ) ;
#3232 = EDGE_LOOP ( 'NONE', ( #6297, #1790, #3754, #3001 ) ) ;
#3233 = ORIENTED_EDGE ( 'NONE', *, *, #227, .T. ) ;
#3234 = ORIENTED_EDGE ( 'NONE', *, *, #2187, .F. ) ;
#3235 = DIRECTION ( 'NONE',  ( 0.0000000000000000000, 0.0000000000000000000, 1.000000000000000000 ) ) ;
#3236 = CARTESIAN_POINT ( 'NONE',  ( 6.625000000000000000, 1.000000000000000000, -1.525000000000000133 ) ) ;
#3237 = VERTEX_POINT ( 'NONE', #2349 ) ;
#3238 = AXIS2_PLACEMENT_3D ( 'NONE', #4887, #7060, #3344 ) ;
#3239 = LINE ( 'NONE', #6400, #8542 ) ;
#3240 = EDGE_CURVE ( 'NONE', #1487, #8061, #992, .T. ) ;
#3241 = CARTESIAN_POINT ( 'NONE',  ( 5.525000000000000355, 0.3500000000000000333, -2.024999999999999911 ) ) ;
#3242 = VERTEX_POINT ( 'NONE', #129 ) ;
#3243 = FACE_OUTER_BOUND ( 'NONE', #3896, .T. ) ;
#3244 = EDGE_CURVE ( 'NONE', #2416, #5414, #785, .T. ) ;
#3245 = CARTESIAN_POINT ( 'NONE',  ( 0.5150000000000000133, 1.000000000000000000, -2.024999999999999911 ) ) ;
#3246 = CARTESIAN_POINT ( 'NONE',  ( 1.984999999999999876, 1.000000000000000000, -1.025000000000000133 ) ) ;
#3247 = CARTESIAN_POINT ( 'NONE',  ( -0.5250000000000000222, 1.000000000000000000, -1.525000000000000133 ) ) ;
#3248 = EDGE_LOOP ( 'NONE', ( #8216, #2534, #6637, #8546 ) ) ;
#3249 = VECTOR ( 'NONE', #2883, 1000.000000000000000 ) ;
#3250 = ADVANCED_FACE ( 'NONE', ( #8953 ), #6740, .T. ) ;
#3251 = CARTESIAN_POINT ( 'NONE',  ( 3.225000000000000089, 1.850000000000000089, 2.024999999999999911 ) ) ;
#3252 = DIRECTION ( 'NONE',  ( 0.0000000000000000000, 0.0000000000000000000, 1.000000000000000000 ) ) ;
#3253 = DIRECTION ( 'NONE',  ( -1.000000000000000000, 0.0000000000000000000, 0.0000000000000000000 ) ) ;
#3254 = DIRECTION ( 'NONE',  ( 0.0000000000000000000, -1.000000000000000000, 0.0000000000000000000 ) ) ;
#3255 = CARTESIAN_POINT ( 'NONE',  ( 3.024999999999999911, -0.004464445899999999919, 0.003975566199999999890 ) ) ;
#3256 = EDGE_CURVE ( 'NONE', #7002, #321, #5044, .T. ) ;
#3257 = DIRECTION ( 'NONE',  ( -1.000000000000000000, 0.0000000000000000000, 0.0000000000000000000 ) ) ;
#3258 = DIRECTION ( 'NONE',  ( 0.0000000000000000000, 1.000000000000000000, 0.0000000000000000000 ) ) ;
#3259 = EDGE_LOOP ( 'NONE', ( #3547, #4706, #4602, #432 ) ) ;
#3260 =( LENGTH_UNIT ( ) NAMED_UNIT ( * ) SI_UNIT ( .MILLI., .METRE. ) );
#3261 = LINE ( 'NONE', #7619, #5795 ) ;
#3262 = LINE ( 'NONE', #1189, #4429 ) ;
#3263 = CARTESIAN_POINT ( 'NONE',  ( 3.225000000000000089, 1.850000000000000089, -1.025000000000000133 ) ) ;
#3264 = CARTESIAN_POINT ( 'NONE',  ( 0.7349999999999999867, 1.649999999999999911, -1.698606797699999893 ) ) ;
#3265 = DIRECTION ( 'NONE',  ( 0.0000000000000000000, 0.0000000000000000000, 1.000000000000000000 ) ) ;
#3266 = PRESENTATION_LAYER_ASSIGNMENT (  '', '', ( #4617 ) ) ;
#3267 = CLOSED_SHELL ( 'NONE', ( #4793, #816, #7900, #8986, #4294, #6655, #4668, #147, #1194, #7735, #5195, #2659, #3859, #9121, #5781, #8719, #8552, #1516, #8001, #2970, #8731, #7269, #1696, #6451, #6339, #8198, #7809, #1778, #5845, #5622, #3391, #1541, #8960, #518, #7370, #7583, #7277, #5613, #2866, #2195, #2118, #7030, #8256, #1651, #7045, #7796, #7490, #8692, #4375, #6516, #2307, #2583, #5670, #8294, #2984, #2900, #2608, #2560, #6761, #7119, #7412, #1997, #9455, #8092, #409, #1151, #9098, #6423, #4691, #2380, #500, #1872, #8375, #3638, #32, #767, #7313, #8192, #1527, #7872, #1833, #7541, #4481, #3726, #3296, #8103, #1470, #1035, #8152, #2119, #863, #5604, #97, #5238, #5498, #4457, #8275, #8506, #5757, #4883, #4256, #7680, #7464, #8491, #5529, #42, #3162, #5922, #781, #6991, #6600, #7825, #2018, #9214, #280, #7161, #4082, #5114, #8410, #1557, #1635, #4562, #3636, #668, #8085, #9245, #9165, #3568, #6411, #658, #1225, #2239, #5916, #4751, #8882, #3882, #1110, #1349, #6374, #563, #8690, #9289, #7963, #9530, #9260, #7151, #4718, #4625, #1374, #9142, #7847, #6506 ) ) ;
#3268 = SURFACE_SIDE_STYLE ('',( #5287 ) ) ;
#3269 = VERTEX_POINT ( 'NONE', #3088 ) ;
#3270 = VECTOR ( 'NONE', #3106, 1000.000000000000000 ) ;
#3271 = VECTOR ( 'NONE', #582, 1000.000000000000000 ) ;
#3272 = CARTESIAN_POINT ( 'NONE',  ( 5.525000000000000355, -0.6500000000000000222, -1.775000000000000133 ) ) ;
#3273 = CARTESIAN_POINT ( 'NONE',  ( 0.7250000000000000888, 0.3499999999999999778, -2.075000000000000178 ) ) ;
#3274 = DIRECTION ( 'NONE',  ( 0.0000000000000000000, 0.0000000000000000000, 1.000000000000000000 ) ) ;
#3275 = ORIENTED_EDGE ( 'NONE', *, *, #165, .T. ) ;
#3276 = CARTESIAN_POINT ( 'NONE',  ( 1.675000000000000044, 1.850000000000000089, 2.024999999999999911 ) ) ;
#3277 = VERTEX_POINT ( 'NONE', #8336 ) ;
#3278 =( NAMED_UNIT ( * ) PLANE_ANGLE_UNIT ( ) SI_UNIT ( $, .RADIAN. ) );
#3279 = FACE_OUTER_BOUND ( 'NONE', #6012, .T. ) ;
#3280 = EDGE_CURVE ( 'NONE', #2342, #3712, #2391, .T. ) ;
#3281 = COLOUR_RGB ( '',1.000000000000000000, 1.000000000000000000, 1.000000000000000000 ) ;
#3282 = DIRECTION ( 'NONE',  ( -0.0000000000000000000, 1.000000000000000000, 0.0000000000000000000 ) ) ;
#3283 = FACE_OUTER_BOUND ( 'NONE', #2721, .T. ) ;
#3284 = VECTOR ( 'NONE', #1434, 1000.000000000000000 ) ;
#3285 = EDGE_CURVE ( 'NONE', #3804, #3125, #6536, .T. ) ;
#3286 = PLANE ( 'NONE',  #6947 ) ;
#3287 = VECTOR ( 'NONE', #8627, 1000.000000000000000 ) ;
#3288 = ORIENTED_EDGE ( 'NONE', *, *, #7206, .F. ) ;
#3289 = ORIENTED_EDGE ( 'NONE', *, *, #1899, .T. ) ;
#3290 = SURFACE_STYLE_USAGE ( .BOTH. , #1786 ) ;
#3291 = LINE ( 'NONE', #2282, #520 ) ;
#3292 = DIRECTION ( 'NONE',  ( 0.0000000000000000000, 1.000000000000000000, 0.0000000000000000000 ) ) ;
#3293 = CARTESIAN_POINT ( 'NONE',  ( 4.275000000000000355, 1.649999999999999911, -1.025000000000000133 ) ) ;
#3294 = DIRECTION ( 'NONE',  ( 1.000000000000000000, -0.0000000000000000000, 0.0000000000000000000 ) ) ;
#3295 = VECTOR ( 'NONE', #149, 1000.000000000000000 ) ;
#3296 = ADVANCED_FACE ( 'NONE', ( #3431 ), #9035, .T. ) ;
#3297 = VECTOR ( 'NONE', #5729, 1000.000000000000000 ) ;
#3298 = EDGE_CURVE ( 'NONE', #8365, #3723, #8501, .T. ) ;
#3299 = EDGE_CURVE ( 'NONE', #7246, #2737, #8267, .T. ) ;
#3300 = LINE ( 'NONE', #5899, #2600 ) ;
#3301 = FACE_OUTER_BOUND ( 'NONE', #4301, .T. ) ;
#3302 = PLANE ( 'NONE',  #7120 ) ;
#3303 = ORIENTED_EDGE ( 'NONE', *, *, #1411, .F. ) ;
#3304 = CARTESIAN_POINT ( 'NONE',  ( -0.5250000000000000222, 1.350000000000000089, 1.525000000000000133 ) ) ;
#3305 = PLANE ( 'NONE',  #4389 ) ;
#3306 = EDGE_CURVE ( 'NONE', #9287, #8146, #6420, .T. ) ;
#3307 = LINE ( 'NONE', #4249, #2147 ) ;
#3308 = CARTESIAN_POINT ( 'NONE',  ( 0.5250000000000000222, 1.649999999999999911, -1.025000000000000133 ) ) ;
#3309 = UNCERTAINTY_MEASURE_WITH_UNIT (LENGTH_MEASURE( 1.000000000000000082E-05 ), #3196, 'distance_accuracy_value', 'NONE');
#3310 = ORIENTED_EDGE ( 'NONE', *, *, #9305, .F. ) ;
#3311 = FILL_AREA_STYLE_COLOUR ( '', #4469 ) ;
#3312 = VERTEX_POINT ( 'NONE', #4210 ) ;
#3313 = PLANE ( 'NONE',  #5003 ) ;
#3314 = ORIENTED_EDGE ( 'NONE', *, *, #5717, .T. ) ;
#3315 = DIRECTION ( 'NONE',  ( 1.000000000000000000, 0.0000000000000000000, 0.0000000000000000000 ) ) ;
#3316 = CARTESIAN_POINT ( 'NONE',  ( -0.5250000000000000222, 0.3500000000000000333, -2.024999999999999911 ) ) ;
#3317 = FILL_AREA_STYLE_COLOUR ( '', #3038 ) ;
#3318 = AXIS2_PLACEMENT_3D ( 'NONE', #8032, #5849, #4992 ) ;
#3319 = VERTEX_POINT ( 'NONE', #4956 ) ;
#3320 = COLOUR_RGB ( '',1.000000000000000000, 1.000000000000000000, 1.000000000000000000 ) ;
#3321 = CARTESIAN_POINT ( 'NONE',  ( 0.5250000000000000222, 0.5547525681000000652, 2.024999999999999911 ) ) ;
#3322 = AXIS2_PLACEMENT_3D ( 'NONE', #2524, #5481, #1774 ) ;
#3323 = ORIENTED_EDGE ( 'NONE', *, *, #7375, .T. ) ;
#3324 = LINE ( 'NONE', #3856, #8270 ) ;
#3325 = EDGE_LOOP ( 'NONE', ( #9220, #4822, #6001, #742, #2136, #8048, #8850 ) ) ;
#3326 = AXIS2_PLACEMENT_3D ( 'NONE', #4032, #5461, #9155 ) ;
#3327 = DIRECTION ( 'NONE',  ( -0.0000000000000000000, 1.000000000000000000, 0.0000000000000000000 ) ) ;
#3328 = ORIENTED_EDGE ( 'NONE', *, *, #4297, .F. ) ;
#3329 = FACE_OUTER_BOUND ( 'NONE', #4228, .T. ) ;
#3330 = VERTEX_POINT ( 'NONE', #7029 ) ;
#3331 = ORIENTED_EDGE ( 'NONE', *, *, #1103, .F. ) ;
#3332 =( GEOMETRIC_REPRESENTATION_CONTEXT ( 3 ) GLOBAL_UNCERTAINTY_ASSIGNED_CONTEXT ( ( #2475 ) ) GLOBAL_UNIT_ASSIGNED_CONTEXT ( ( #34, #2206, #3644 ) ) REPRESENTATION_CONTEXT ( 'NONE', 'WORKASPACE' ) );
#3333 = PLANE ( 'NONE',  #7265 ) ;
#3334 = ORIENTED_EDGE ( 'NONE', *, *, #7801, .T. ) ;
#3335 = CARTESIAN_POINT ( 'NONE',  ( 3.024999999999999911, 0.5000000000000000000, 2.024999999999999911 ) ) ;
#3336 = EDGE_CURVE ( 'NONE', #8603, #5156, #1923, .T. ) ;
#3337 = CARTESIAN_POINT ( 'NONE',  ( 3.234999999999999876, 0.0000000000000000000, -1.474999999999999867 ) ) ;
#3338 = ORIENTED_EDGE ( 'NONE', *, *, #4115, .F. ) ;
#3339 = LINE ( 'NONE', #9236, #6449 ) ;
#3340 =( GEOMETRIC_REPRESENTATION_CONTEXT ( 3 ) GLOBAL_UNCERTAINTY_ASSIGNED_CONTEXT ( ( #1812 ) ) GLOBAL_UNIT_ASSIGNED_CONTEXT ( ( #5718, #4223, #1793 ) ) REPRESENTATION_CONTEXT ( 'NONE', 'WORKASPACE' ) );
#3341 = EDGE_LOOP ( 'NONE', ( #2294, #7114, #8155, #4586 ) ) ;
#3342 = DIRECTION ( 'NONE',  ( 0.0000000000000000000, -1.000000000000000000, 0.0000000000000000000 ) ) ;
#3343 = ORIENTED_EDGE ( 'NONE', *, *, #2022, .F. ) ;
#3344 = DIRECTION ( 'NONE',  ( 0.0000000000000000000, 0.0000000000000000000, -1.000000000000000000 ) ) ;
#3345 = ORIENTED_EDGE ( 'NONE', *, *, #8355, .F. ) ;
#3346 = DIRECTION ( 'NONE',  ( -0.0000000000000000000, 0.0000000000000000000, -1.000000000000000000 ) ) ;
#3347 = VERTEX_POINT ( 'NONE', #8527 ) ;
#3348 = DIRECTION ( 'NONE',  ( 0.0000000000000000000, -1.000000000000000000, 0.0000000000000000000 ) ) ;
#3349 = VECTOR ( 'NONE', #8281, 1000.000000000000000 ) ;
#3350 = DIRECTION ( 'NONE',  ( -1.000000000000000000, 0.0000000000000000000, 0.0000000000000000000 ) ) ;
#3351 = EDGE_CURVE ( 'NONE', #8454, #8149, #5284, .T. ) ;
#3352 = LINE ( 'NONE', #7353, #5777 ) ;
#3353 = ORIENTED_EDGE ( 'NONE', *, *, #2218, .F. ) ;
#3354 = DIRECTION ( 'NONE',  ( 1.000000000000000000, 0.0000000000000000000, 0.0000000000000000000 ) ) ;
#3355 = VERTEX_POINT ( 'NONE', #7783 ) ;
#3356 = EDGE_CURVE ( 'NONE', #3662, #663, #5736, .T. ) ;
#3357 = ORIENTED_EDGE ( 'NONE', *, *, #8714, .F. ) ;
#3358 = CARTESIAN_POINT ( 'NONE',  ( 1.975000000000000089, 1.850000000000000089, 0.0000000000000000000 ) ) ;
#3359 = PRESENTATION_STYLE_ASSIGNMENT (( #8629 ) ) ;
#3360 = LINE ( 'NONE', #7971, #602 ) ;
#3361 = VERTEX_POINT ( 'NONE', #4158 ) ;
#3362 = FILL_AREA_STYLE_COLOUR ( '', #6581 ) ;
#3363 = FACE_OUTER_BOUND ( 'NONE', #6611, .T. ) ;
#3364 = ORIENTED_EDGE ( 'NONE', *, *, #6632, .T. ) ;
#3365 = EDGE_CURVE ( 'NONE', #3800, #2389, #2029, .T. ) ;
#3366 = AXIS2_PLACEMENT_3D ( 'NONE', #2365, #5266, #4538 ) ;
#3367 = EDGE_CURVE ( 'NONE', #3553, #7793, #4125, .T. ) ;
#3368 = FILL_AREA_STYLE ('',( #9148 ) ) ;
#3369 = FACE_OUTER_BOUND ( 'NONE', #2331, .T. ) ;
#3370 = CARTESIAN_POINT ( 'NONE',  ( 7.375000000000001776, 3.750000000000000000, 2.024999999999999911 ) ) ;
#3371 = LINE ( 'NONE', #6386, #6369 ) ;
#3372 = VERTEX_POINT ( 'NONE', #451 ) ;
#3373 = CARTESIAN_POINT ( 'NONE',  ( -0.5250000000000000222, -0.6500000000000000222, -2.075000000000000178 ) ) ;
#3374 = CARTESIAN_POINT ( 'NONE',  ( 1.250000000000000000, 0.0000000000000000000, -1.025000000000000133 ) ) ;
#3375 = ORIENTED_EDGE ( 'NONE', *, *, #8483, .T. ) ;
#3376 = LINE ( 'NONE', #556, #8547 ) ;
#3377 = ORIENTED_EDGE ( 'NONE', *, *, #64, .T. ) ;
#3378 = CARTESIAN_POINT ( 'NONE',  ( 3.024999999999999911, 1.850000000000000089, -1.025000000000000133 ) ) ;
#3379 = CARTESIAN_POINT ( 'NONE',  ( 1.975000000000000089, 0.3500000000000000333, -2.024999999999999911 ) ) ;
#3380 = EDGE_LOOP ( 'NONE', ( #9381, #4811, #7389, #4978 ) ) ;
#3381 = VECTOR ( 'NONE', #6080, 1000.000000000000114 ) ;
#3382 =( LENGTH_UNIT ( ) NAMED_UNIT ( * ) SI_UNIT ( .MILLI., .METRE. ) );
#3383 = SURFACE_SIDE_STYLE ('',( #167 ) ) ;
#3384 = LINE ( 'NONE', #1985, #7403 ) ;
#3385 = CARTESIAN_POINT ( 'NONE',  ( 4.274999999999999467, 0.3500000000000000333, -2.024999999999999911 ) ) ;
#3386 = VECTOR ( 'NONE', #3354, 1000.000000000000000 ) ;
#3387 = ORIENTED_EDGE ( 'NONE', *, *, #2537, .F. ) ;
#3388 = CARTESIAN_POINT ( 'NONE',  ( 7.275000000000001243, 8.673617379884035472E-15, -0.2250000000000008105 ) ) ;
#3389 = VECTOR ( 'NONE', #8462, 1000.000000000000000 ) ;
#3390 = DIRECTION ( 'NONE',  ( -0.0000000000000000000, 1.000000000000000000, 0.0000000000000000000 ) ) ;
#3391 = ADVANCED_FACE ( 'NONE', ( #5272 ), #2691, .F. ) ;
#3392 = AXIS2_PLACEMENT_3D ( 'NONE', #9417, #2904, #5148 ) ;
#3393 = VECTOR ( 'NONE', #8340, 1000.000000000000000 ) ;
#3394 = LINE ( 'NONE', #6336, #9027 ) ;
#3395 = FACE_OUTER_BOUND ( 'NONE', #9438, .T. ) ;
#3396 = EDGE_CURVE ( 'NONE', #786, #7919, #6304, .T. ) ;
#3397 = ORIENTED_EDGE ( 'NONE', *, *, #712, .F. ) ;
#3398 = VERTEX_POINT ( 'NONE', #4826 ) ;
#3399 = ORIENTED_EDGE ( 'NONE', *, *, #5602, .F. ) ;
#3400 = LINE ( 'NONE', #9454, #3866 ) ;
#3401 = CARTESIAN_POINT ( 'NONE',  ( -2.274999999999999911, 1.999999999999997780, -2.075000000000008615 ) ) ;
#3402 = VECTOR ( 'NONE', #595, 1000.000000000000000 ) ;
#3403 = DIRECTION ( 'NONE',  ( 0.0000000000000000000, 0.0000000000000000000, 1.000000000000000000 ) ) ;
#3404 = LINE ( 'NONE', #1530, #3872 ) ;
#3405 = DIRECTION ( 'NONE',  ( 0.0000000000000000000, 1.000000000000000000, 0.0000000000000000000 ) ) ;
#3406 = DIRECTION ( 'NONE',  ( -1.000000000000000000, 0.0000000000000000000, 0.0000000000000000000 ) ) ;
#3407 = VECTOR ( 'NONE', #8565, 1000.000000000000000 ) ;
#3408 = EDGE_CURVE ( 'NONE', #6528, #545, #4349, .T. ) ;
#3409 = CARTESIAN_POINT ( 'NONE',  ( 7.475000000000000533, 1.999999999999997780, -2.075000000000008615 ) ) ;
#3410 = DIRECTION ( 'NONE',  ( -1.000000000000000000, 0.0000000000000000000, 0.0000000000000000000 ) ) ;
#3411 = DIRECTION ( 'NONE',  ( 0.0000000000000000000, -1.000000000000000000, 0.0000000000000000000 ) ) ;
#3412 = CARTESIAN_POINT ( 'NONE',  ( -0.5250000000000000222, 1.795247431900000024, 2.024999999999999911 ) ) ;
#3413 = EDGE_CURVE ( 'NONE', #2729, #2639, #1112, .T. ) ;
#3414 = EDGE_CURVE ( 'NONE', #1241, #6576, #9272, .T. ) ;
#3415 = DIRECTION ( 'NONE',  ( 0.0000000000000000000, 1.000000000000000000, 0.0000000000000000000 ) ) ;
#3416 = CARTESIAN_POINT ( 'NONE',  ( -2.274999999999999911, 2.250000000000000000, -2.024999999999999911 ) ) ;
#3417 = CARTESIAN_POINT ( 'NONE',  ( -2.500000000000000000, 4.250000000000000000, 2.024999999999999911 ) ) ;
#3418 = VECTOR ( 'NONE', #2201, 1000.000000000000000 ) ;
#3419 = CARTESIAN_POINT ( 'NONE',  ( 5.875000000000000888, 2.250000000000000000, 1.505384757699999909 ) ) ;
#3420 = LINE ( 'NONE', #2693, #8586 ) ;
#3421 = AXIS2_PLACEMENT_3D ( 'NONE', #8541, #3327, #1062 ) ;
#3422 = CARTESIAN_POINT ( 'NONE',  ( 7.275000000000001243, 3.600000000000000977, -0.07499999999999998335 ) ) ;
#3423 = LINE ( 'NONE', #213, #5032 ) ;
#3424 = EDGE_CURVE ( 'NONE', #2783, #7294, #434, .T. ) ;
#3425 = VERTEX_POINT ( 'NONE', #6134 ) ;
#3426 = EDGE_CURVE ( 'NONE', #5853, #7559, #4232, .T. ) ;
#3427 = VERTEX_POINT ( 'NONE', #7569 ) ;
#3428 = ORIENTED_EDGE ( 'NONE', *, *, #1752, .F. ) ;
#3429 = ORIENTED_EDGE ( 'NONE', *, *, #8232, .F. ) ;
#3430 = CARTESIAN_POINT ( 'NONE',  ( 0.5250000000000000222, 0.5000000000000000000, -1.525000000000000133 ) ) ;
#3431 = FACE_OUTER_BOUND ( 'NONE', #7013, .T. ) ;
#3432 = ORIENTED_EDGE ( 'NONE', *, *, #6737, .F. ) ;
#3433 = EDGE_LOOP ( 'NONE', ( #5219, #5464, #5312, #1957 ) ) ;
#3434 = VECTOR ( 'NONE', #6192, 1000.000000000000000 ) ;
#3435 = ORIENTED_EDGE ( 'NONE', *, *, #8891, .F. ) ;
#3436 = PLANE ( 'NONE',  #5499 ) ;
#3437 = EDGE_CURVE ( 'NONE', #3600, #5093, #3423, .T. ) ;
#3438 = DIRECTION ( 'NONE',  ( 0.0000000000000000000, 0.0000000000000000000, -1.000000000000000000 ) ) ;
#3439 = EDGE_LOOP ( 'NONE', ( #1922, #570, #1039, #4846, #1777, #587, #5971, #1748, #2424, #3514, #1562, #7837, #8413, #2065, #2021, #927 ) ) ;
#3440 = LINE ( 'NONE', #6928, #3211 ) ;
#3441 = DIRECTION ( 'NONE',  ( -1.000000000000000000, 0.0000000000000000000, 0.0000000000000000000 ) ) ;
#3442 = ORIENTED_EDGE ( 'NONE', *, *, #4579, .F. ) ;
#3443 = CARTESIAN_POINT ( 'NONE',  ( 3.225000000000000089, 1.850000000000000089, -1.025000000000000133 ) ) ;
#3444 = CARTESIAN_POINT ( 'NONE',  ( 5.725000000000000533, 1.649999999999999911, 2.024999999999999911 ) ) ;
#3445 = ORIENTED_EDGE ( 'NONE', *, *, #6196, .T. ) ;
#3446 =( NAMED_UNIT ( * ) PLANE_ANGLE_UNIT ( ) SI_UNIT ( $, .RADIAN. ) );
#3447 = DIRECTION ( 'NONE',  ( 0.0000000000000000000, 2.552445434498790050E-15, -1.000000000000000000 ) ) ;
#3448 = ORIENTED_EDGE ( 'NONE', *, *, #4424, .F. ) ;
#3449 = LINE ( 'NONE', #2810, #901 ) ;
#3450 = ORIENTED_EDGE ( 'NONE', *, *, #9483, .F. ) ;
#3451 = DIRECTION ( 'NONE',  ( 0.0000000000000000000, 0.0000000000000000000, -1.000000000000000000 ) ) ;
#3452 = VECTOR ( 'NONE', #8515, 1000.000000000000000 ) ;
#3453 = EDGE_LOOP ( 'NONE', ( #3899, #913, #2858, #666 ) ) ;
#3454 = EDGE_LOOP ( 'NONE', ( #3303, #8168, #3699, #6033, #8205, #5286 ) ) ;
#3455 = ORIENTED_EDGE ( 'NONE', *, *, #3869, .T. ) ;
#3456 = DIRECTION ( 'NONE',  ( -1.000000000000000000, -0.0000000000000000000, 0.0000000000000000000 ) ) ;
#3457 = EDGE_LOOP ( 'NONE', ( #5727, #3912, #3589, #8605, #2031, #8867, #3981 ) ) ;
#3458 = VECTOR ( 'NONE', #7503, 1000.000000000000000 ) ;
#3459 = VECTOR ( 'NONE', #3274, 1000.000000000000000 ) ;
#3460 = ORIENTED_EDGE ( 'NONE', *, *, #2480, .T. ) ;
#3461 = ORIENTED_EDGE ( 'NONE', *, *, #4344, .F. ) ;
#3463 = ORIENTED_EDGE ( 'NONE', *, *, #2306, .F. ) ;
#3462 = CARTESIAN_POINT ( 'NONE',  ( 5.725000000000000533, -0.6500000000000000222, -2.075000000000000178 ) ) ;
#3464 = EDGE_CURVE ( 'NONE', #4721, #1076, #2271, .T. ) ;
#3465 = DIRECTION ( 'NONE',  ( 0.0000000000000000000, -1.000000000000000000, 0.0000000000000000000 ) ) ;
#3466 = ORIENTED_EDGE ( 'NONE', *, *, #3097, .F. ) ;
#3467 = ORIENTED_EDGE ( 'NONE', *, *, #6795, .T. ) ;
#3468 = FACE_OUTER_BOUND ( 'NONE', #6664, .T. ) ;
#3469 = CARTESIAN_POINT ( 'NONE',  ( 7.875000000000000000, 1.000000000000000000, -1.525000000000000133 ) ) ;
#3470 = VECTOR ( 'NONE', #1239, 1000.000000000000000 ) ;
#3471 = FACE_OUTER_BOUND ( 'NONE', #4390, .T. ) ;
#3472 = DIRECTION ( 'NONE',  ( 0.0000000000000000000, -4.003208021484939327E-15, 1.000000000000000000 ) ) ;
#3473 = DIRECTION ( 'NONE',  ( 1.000000000000000000, 0.0000000000000000000, 0.0000000000000000000 ) ) ;
#3474 = DIRECTION ( 'NONE',  ( 0.0000000000000000000, -1.000000000000000000, 0.0000000000000000000 ) ) ;
#3475 = CARTESIAN_POINT ( 'NONE',  ( 7.275000000000001243, 0.6000000000000076383, -0.2249999999999982014 ) ) ;
#3476 = ORIENTED_EDGE ( 'NONE', *, *, #4271, .F. ) ;
#3477 = SURFACE_STYLE_FILL_AREA ( #20 ) ;
#3478 = CARTESIAN_POINT ( 'NONE',  ( -2.500000000000000000, 4.240000000000000213, -2.024999999999999911 ) ) ;
#3479 = PRESENTATION_STYLE_ASSIGNMENT (( #3777 ) ) ;
#3480 = EDGE_CURVE ( 'NONE', #1674, #6524, #5390, .T. ) ;
#3481 = CARTESIAN_POINT ( 'NONE',  ( 2.925000000000000266, 1.850000000000000089, -1.698606797699999893 ) ) ;
#3482 = DIRECTION ( 'NONE',  ( 0.0000000000000000000, 0.0000000000000000000, -1.000000000000000000 ) ) ;
#3483 = VERTEX_POINT ( 'NONE', #5296 ) ;
#3484 = PLANE ( 'NONE',  #3392 ) ;
#3485 = ORIENTED_EDGE ( 'NONE', *, *, #1752, .T. ) ;
#3486 = FILL_AREA_STYLE ('',( #9017 ) ) ;
#3487 = DIRECTION ( 'NONE',  ( -1.000000000000000000, 0.0000000000000000000, 0.0000000000000000000 ) ) ;
#3488 = LINE ( 'NONE', #888, #2450 ) ;
#3489 = VERTEX_POINT ( 'NONE', #9013 ) ;
#3490 = FILL_AREA_STYLE ('',( #1999 ) ) ;
#3491 = EDGE_CURVE ( 'NONE', #4367, #3231, #9505, .T. ) ;
#3492 = ORIENTED_EDGE ( 'NONE', *, *, #835, .T. ) ;
#3493 = CARTESIAN_POINT ( 'NONE',  ( -0.5250000000000000222, 1.000000000000000000, -1.525000000000000133 ) ) ;
#3494 = FACE_OUTER_BOUND ( 'NONE', #9521, .T. ) ;
#3495 = ORIENTED_EDGE ( 'NONE', *, *, #5566, .F. ) ;
#3496 = VECTOR ( 'NONE', #1537, 1000.000000000000000 ) ;
#3497 = FACE_OUTER_BOUND ( 'NONE', #6355, .T. ) ;
#3498 = DIRECTION ( 'NONE',  ( -1.000000000000000000, 0.0000000000000000000, 0.0000000000000000000 ) ) ;
#3499 = AXIS2_PLACEMENT_3D ( 'NONE', #3698, #24, #5161 ) ;
#3500 =( NAMED_UNIT ( * ) PLANE_ANGLE_UNIT ( ) SI_UNIT ( $, .RADIAN. ) );
#3501 = VECTOR ( 'NONE', #4922, 1000.000000000000000 ) ;
#3502 = AXIS2_PLACEMENT_3D ( 'NONE', #1665, #3986, #220 ) ;
#3503 = CARTESIAN_POINT ( 'NONE',  ( 5.725000000000000533, 0.05000000000000002359, -1.524999999999999689 ) ) ;
#3504 = CARTESIAN_POINT ( 'NONE',  ( 1.675000000000000044, 1.649999999999999911, 2.024999999999999911 ) ) ;
#3505 = LINE ( 'NONE', #7721, #9135 ) ;
#3506 = PLANE ( 'NONE',  #6882 ) ;
#3507 = LINE ( 'NONE', #627, #3643 ) ;
#3508 = FACE_OUTER_BOUND ( 'NONE', #5541, .T. ) ;
#3509 = DIRECTION ( 'NONE',  ( 1.000000000000000000, 0.0000000000000000000, 0.0000000000000000000 ) ) ;
#3510 = FACE_OUTER_BOUND ( 'NONE', #4971, .T. ) ;
#3511 = CARTESIAN_POINT ( 'NONE',  ( 3.024999999999999911, 0.5000000000000000000, 0.0000000000000000000 ) ) ;
#3512 = CARTESIAN_POINT ( 'NONE',  ( -2.500000000000000000, 4.240000000000000213, -0.07499999999999998335 ) ) ;
#3513 = VECTOR ( 'NONE', #5379, 1000.000000000000000 ) ;
#3514 = ORIENTED_EDGE ( 'NONE', *, *, #1254, .T. ) ;
#3515 = ORIENTED_EDGE ( 'NONE', *, *, #406, .T. ) ;
#3516 = VECTOR ( 'NONE', #8504, 1000.000000000000000 ) ;
#3517 = DIRECTION ( 'NONE',  ( 0.0000000000000000000, -1.000000000000000000, 0.0000000000000000000 ) ) ;
#3518 = EDGE_CURVE ( 'NONE', #7879, #229, #8710, .T. ) ;
#3519 = CARTESIAN_POINT ( 'NONE',  ( -2.274999999999999911, 1.999999999999997780, -2.024999999999999911 ) ) ;
#3520 =( GEOMETRIC_REPRESENTATION_CONTEXT ( 3 ) GLOBAL_UNCERTAINTY_ASSIGNED_CONTEXT ( ( #3132 ) ) GLOBAL_UNIT_ASSIGNED_CONTEXT ( ( #5229, #820, #5965 ) ) REPRESENTATION_CONTEXT ( 'NONE', 'WORKASPACE' ) );
#3521 = VECTOR ( 'NONE', #8830, 1000.000000000000000 ) ;
#3522 = CARTESIAN_POINT ( 'NONE',  ( 2.075000000000000178, 1.850000000000000089, 2.024999999999999911 ) ) ;
#3523 = DIRECTION ( 'NONE',  ( -1.000000000000000000, 0.0000000000000000000, -0.0000000000000000000 ) ) ;
#3524 = ORIENTED_EDGE ( 'NONE', *, *, #8664, .T. ) ;
#3525 = CARTESIAN_POINT ( 'NONE',  ( 0.0000000000000000000, 0.0000000000000000000, 0.0000000000000000000 ) ) ;
#3526 = EDGE_CURVE ( 'NONE', #5088, #2508, #9389, .T. ) ;
#3527 = LINE ( 'NONE', #3251, #6180 ) ;
#3528 = CARTESIAN_POINT ( 'NONE',  ( 5.825000000000001066, 1.649999999999999911, 2.024999999999999911 ) ) ;
#3529 = DIRECTION ( 'NONE',  ( 0.0000000000000000000, 1.000000000000000000, 2.552445434498790050E-15 ) ) ;
#3530 = LINE ( 'NONE', #4736, #1548 ) ;
#3531 = CARTESIAN_POINT ( 'NONE',  ( 1.975000000000000089, 0.0000000000000000000, 2.024999999999999911 ) ) ;
#3532 = CARTESIAN_POINT ( 'NONE',  ( -0.5250000000000000222, 1.000000000000000000, 0.0000000000000000000 ) ) ;
#3533 = ORIENTED_EDGE ( 'NONE', *, *, #1358, .T. ) ;
#3534 = CARTESIAN_POINT ( 'NONE',  ( 0.7349999999999999867, 1.000000000000000000, -1.525000000000000133 ) ) ;
#3535 = EDGE_CURVE ( 'NONE', #6019, #6869, #6189, .T. ) ;
#3536 = CARTESIAN_POINT ( 'NONE',  ( -1.375000000000000000, 3.149999999999999911, 0.02500000000000000139 ) ) ;
#3537 = ORIENTED_EDGE ( 'NONE', *, *, #4463, .T. ) ;
#3538 = CARTESIAN_POINT ( 'NONE',  ( -0.5150000000000000133, 1.850000000000000089, -1.025000000000000133 ) ) ;
#3539 = UNCERTAINTY_MEASURE_WITH_UNIT (LENGTH_MEASURE( 1.000000000000000082E-05 ), #705, 'distance_accuracy_value', 'NONE');
#3540 = DIRECTION ( 'NONE',  ( 0.0000000000000000000, 1.000000000000000000, 0.0000000000000000000 ) ) ;
#3541 = LINE ( 'NONE', #588, #6526 ) ;
#3542 = EDGE_LOOP ( 'NONE', ( #239, #1809, #1244, #3289, #5372, #7511, #3216 ) ) ;
#3543 = CARTESIAN_POINT ( 'NONE',  ( 3.015000000000000124, 1.649999999999999911, -1.698606797699999893 ) ) ;
#3544 = ORIENTED_EDGE ( 'NONE', *, *, #2797, .T. ) ;
#3545 =( GEOMETRIC_REPRESENTATION_CONTEXT ( 3 ) GLOBAL_UNCERTAINTY_ASSIGNED_CONTEXT ( ( #3309 ) ) GLOBAL_UNIT_ASSIGNED_CONTEXT ( ( #3196, #6129, #6820 ) ) REPRESENTATION_CONTEXT ( 'NONE', 'WORKASPACE' ) );
#3546 = CARTESIAN_POINT ( 'NONE',  ( 3.825000000000001066, 1.850000000000000089, -1.474999999999999867 ) ) ;
#3547 = ORIENTED_EDGE ( 'NONE', *, *, #2192, .T. ) ;
#3548 = EDGE_CURVE ( 'NONE', #1832, #2157, #7908, .T. ) ;
#3549 = ORIENTED_EDGE ( 'NONE', *, *, #7301, .F. ) ;
#3550 = EDGE_CURVE ( 'NONE', #5633, #982, #3307, .T. ) ;
#3551 = LINE ( 'NONE', #3730, #334 ) ;
#3552 = CARTESIAN_POINT ( 'NONE',  ( -2.274999999999999911, 0.0000000000000000000, 2.024999999999999911 ) ) ;
#3553 = VERTEX_POINT ( 'NONE', #3655 ) ;
#3554 = VERTEX_POINT ( 'NONE', #1332 ) ;
#3555 = CARTESIAN_POINT ( 'NONE',  ( 2.075000000000000178, 1.649999999999999911, -1.698606797699999893 ) ) ;
#3556 = ORIENTED_EDGE ( 'NONE', *, *, #9493, .F. ) ;
#3557 = CARTESIAN_POINT ( 'NONE',  ( 3.225000000000000089, 1.350000000000000089, 1.525000000000000133 ) ) ;
#3558 = ORIENTED_EDGE ( 'NONE', *, *, #5030, .T. ) ;
#3559 = ORIENTED_EDGE ( 'NONE', *, *, #4908, .T. ) ;
#3560 = VECTOR ( 'NONE', #6466, 1000.000000000000000 ) ;
#3561 = ORIENTED_EDGE ( 'NONE', *, *, #1580, .F. ) ;
#3562 = EDGE_CURVE ( 'NONE', #2169, #2822, #5964, .T. ) ;
#3563 = VECTOR ( 'NONE', #665, 1000.000000000000000 ) ;
#3564 = ORIENTED_EDGE ( 'NONE', *, *, #8794, .T. ) ;
#3565 = CARTESIAN_POINT ( 'NONE',  ( 4.575000000000000178, 1.649999999999999911, 2.024999999999999911 ) ) ;
#3566 = CARTESIAN_POINT ( 'NONE',  ( 3.225000000000000089, -0.6500000000000000222, -2.075000000000000178 ) ) ;
#3567 = ORIENTED_EDGE ( 'NONE', *, *, #9255, .T. ) ;
#3568 = ADVANCED_FACE ( 'NONE', ( #3665 ), #2016, .T. ) ;
#3569 = CARTESIAN_POINT ( 'NONE',  ( 4.484999999999999432, 1.850000000000000089, -2.024999999999999911 ) ) ;
#3570 = DIRECTION ( 'NONE',  ( 0.0000000000000000000, 0.0000000000000000000, -1.000000000000000000 ) ) ;
#3571 = ORIENTED_EDGE ( 'NONE', *, *, #2419, .F. ) ;
#3572 = CARTESIAN_POINT ( 'NONE',  ( 3.825000000000001066, 1.850000000000000089, 2.024999999999999911 ) ) ;
#3573 = VECTOR ( 'NONE', #4818, 1000.000000000000000 ) ;
#3574 = CARTESIAN_POINT ( 'NONE',  ( -0.7349999999999999867, 1.000000000000000000, -1.025000000000000133 ) ) ;
#3575 = SURFACE_STYLE_FILL_AREA ( #3368 ) ;
#3576 = VERTEX_POINT ( 'NONE', #4286 ) ;
#3577 = ORIENTED_EDGE ( 'NONE', *, *, #6063, .T. ) ;
#3578 = ORIENTED_EDGE ( 'NONE', *, *, #6529, .F. ) ;
#3579 = AXIS2_PLACEMENT_3D ( 'NONE', #3799, #5947, #1424 ) ;
#3580 = DIRECTION ( 'NONE',  ( 0.0000000000000000000, 0.0000000000000000000, 1.000000000000000000 ) ) ;
#3581 = EDGE_CURVE ( 'NONE', #7470, #3800, #86, .T. ) ;
#3582 = CARTESIAN_POINT ( 'NONE',  ( -0.7249999999999999778, -0.6500000000000000222, -1.775000000000000133 ) ) ;
#3583 = ORIENTED_EDGE ( 'NONE', *, *, #2736, .F. ) ;
#3584 = DIRECTION ( 'NONE',  ( 0.0000000000000000000, -1.000000000000000000, 0.0000000000000000000 ) ) ;
#3585 = VECTOR ( 'NONE', #2228, 1000.000000000000000 ) ;
#3586 = ADVANCED_FACE ( 'NONE', ( #3780 ), #1368, .T. ) ;
#3587 = DIRECTION ( 'NONE',  ( 0.0000000000000000000, 1.000000000000000000, 2.552445434498790050E-15 ) ) ;
#3588 = VECTOR ( 'NONE', #9503, 1000.000000000000000 ) ;
#3589 = ORIENTED_EDGE ( 'NONE', *, *, #5259, .T. ) ;
#3590 = DIRECTION ( 'NONE',  ( -1.000000000000000000, 0.0000000000000000000, 0.0000000000000000000 ) ) ;
#3591 = ORIENTED_EDGE ( 'NONE', *, *, #4221, .T. ) ;
#3592 = CARTESIAN_POINT ( 'NONE',  ( 0.5250000000000000222, 1.850000000000000089, -1.698606797699999893 ) ) ;
#3593 = ORIENTED_EDGE ( 'NONE', *, *, #7492, .T. ) ;
#3594 = VECTOR ( 'NONE', #6695, 1000.000000000000000 ) ;
#3595 = EDGE_CURVE ( 'NONE', #5871, #5005, #1795, .T. ) ;
#3596 = DIRECTION ( 'NONE',  ( 1.000000000000000000, 0.0000000000000000000, 0.0000000000000000000 ) ) ;
#3597 = VECTOR ( 'NONE', #5242, 1000.000000000000000 ) ;
#3598 = EDGE_CURVE ( 'NONE', #6595, #7449, #3541, .T. ) ;
#3599 =( LENGTH_UNIT ( ) NAMED_UNIT ( * ) SI_UNIT ( .MILLI., .METRE. ) );
#3600 = VERTEX_POINT ( 'NONE', #5709 ) ;
#3601 = VERTEX_POINT ( 'NONE', #6474 ) ;
#3602 = CARTESIAN_POINT ( 'NONE',  ( 0.7249999999999999778, 0.0000000000000000000, -1.525000000000000133 ) ) ;
#3603 = VECTOR ( 'NONE', #8296, 1000.000000000000000 ) ;
#3604 =( NAMED_UNIT ( * ) SI_UNIT ( $, .STERADIAN. ) SOLID_ANGLE_UNIT ( ) );
#3605 = CARTESIAN_POINT ( 'NONE',  ( -0.7249999999999999778, 1.350000000000000089, -1.525000000000000133 ) ) ;
#3606 = CARTESIAN_POINT ( 'NONE',  ( 3.225000000000000089, 0.3499999999999999778, -2.075000000000000178 ) ) ;
#3607 = VECTOR ( 'NONE', #7020, 1000.000000000000000 ) ;
#3608 = CARTESIAN_POINT ( 'NONE',  ( 7.500000000000001776, 4.240000000000000213, -2.024999999999999911 ) ) ;
#3609 = COLOUR_RGB ( '',1.000000000000000000, 1.000000000000000000, 1.000000000000000000 ) ;
#3610 = CARTESIAN_POINT ( 'NONE',  ( 1.975000000000000089, 1.350000000000000089, 1.525000000000000133 ) ) ;
#3611 = CARTESIAN_POINT ( 'NONE',  ( 7.275000000000001243, 2.000000000000000000, -2.024999999999999911 ) ) ;
#3612 = DIRECTION ( 'NONE',  ( -0.0000000000000000000, 1.000000000000000000, 0.0000000000000000000 ) ) ;
#3613 = PLANE ( 'NONE',  #7188 ) ;
#3614 = EDGE_LOOP ( 'NONE', ( #6770, #6575, #6675, #1456 ) ) ;
#3615 = LINE ( 'NONE', #5045, #7275 ) ;
#3616 = VERTEX_POINT ( 'NONE', #5803 ) ;
#3617 = EDGE_CURVE ( 'NONE', #8061, #2738, #9167, .T. ) ;
#3618 = CARTESIAN_POINT ( 'NONE',  ( 3.225000000000000089, -0.004464445899999999919, 0.003975566199999999890 ) ) ;
#3619 = EDGE_CURVE ( 'NONE', #6878, #9429, #1556, .T. ) ;
#3620 = ORIENTED_EDGE ( 'NONE', *, *, #6653, .F. ) ;
#3621 = ORIENTED_EDGE ( 'NONE', *, *, #1595, .T. ) ;
#3622 = VECTOR ( 'NONE', #187, 1000.000000000000000 ) ;
#3623 = CARTESIAN_POINT ( 'NONE',  ( -2.274999999999999911, 8.673617379884035472E-15, -0.2250000000000008105 ) ) ;
#3624 = CARTESIAN_POINT ( 'NONE',  ( 5.724999999999999645, 0.5000000000000000000, 2.024999999999999911 ) ) ;
#3625 = FACE_OUTER_BOUND ( 'NONE', #5772, .T. ) ;
#3626 = PLANE ( 'NONE',  #3142 ) ;
#3627 = ADVANCED_FACE ( 'NONE', ( #1331 ), #6437, .F. ) ;
#3628 = CARTESIAN_POINT ( 'NONE',  ( 7.875000000000000000, 0.0000000000000000000, 2.024999999999999911 ) ) ;
#3629 = VECTOR ( 'NONE', #2601, 1000.000000000000000 ) ;
#3630 = VECTOR ( 'NONE', #1711, 1000.000000000000000 ) ;
#3631 = EDGE_CURVE ( 'NONE', #2308, #4243, #1323, .T. ) ;
#3632 = CARTESIAN_POINT ( 'NONE',  ( 7.275000000000001243, 1.949999999999999512, 2.025000000000007017 ) ) ;
#3633 = LINE ( 'NONE', #3875, #7529 ) ;
#3634 = DIRECTION ( 'NONE',  ( 0.0000000000000000000, -1.000000000000000000, 0.0000000000000000000 ) ) ;
#3635 = FACE_OUTER_BOUND ( 'NONE', #4839, .T. ) ;
#3636 = ADVANCED_FACE ( 'NONE', ( #6971 ), #8185, .F. ) ;
#3637 = CARTESIAN_POINT ( 'NONE',  ( 5.375000000000000888, 2.250000000000000000, 1.025000000000000133 ) ) ;
#3638 = ADVANCED_FACE ( 'NONE', ( #3187 ), #3060, .T. ) ;
#3639 = CARTESIAN_POINT ( 'NONE',  ( 3.225000000000000089, 0.0000000000000000000, -1.525000000000000133 ) ) ;
#3640 = LINE ( 'NONE', #3721, #2584 ) ;
#3641 = FILL_AREA_STYLE_COLOUR ( '', #8886 ) ;
#3642 = CARTESIAN_POINT ( 'NONE',  ( -2.875000000000000000, 0.0000000000000000000, 2.024999999999999911 ) ) ;
#3643 = VECTOR ( 'NONE', #6601, 1000.000000000000000 ) ;
#3644 =( NAMED_UNIT ( * ) SI_UNIT ( $, .STERADIAN. ) SOLID_ANGLE_UNIT ( ) );
#3645 = DIRECTION ( 'NONE',  ( 0.0000000000000000000, -1.000000000000000000, 0.0000000000000000000 ) ) ;
#3646 = DIRECTION ( 'NONE',  ( 0.0000000000000000000, 1.000000000000000000, 0.0000000000000000000 ) ) ;
#3647 = STYLED_ITEM ( 'NONE', ( #6717 ), #5439 ) ;
#3648 = DIRECTION ( 'NONE',  ( 0.0000000000000000000, -1.000000000000000000, 0.0000000000000000000 ) ) ;
#3649 = COLOUR_RGB ( '',0.6470588235294117974, 0.6196078431372549211, 0.5882352941176470784 ) ;
#3650 = DIRECTION ( 'NONE',  ( -1.000000000000000000, -0.0000000000000000000, -0.0000000000000000000 ) ) ;
#3651 = VECTOR ( 'NONE', #801, 1000.000000000000114 ) ;
#3652 = ORIENTED_EDGE ( 'NONE', *, *, #4393, .F. ) ;
#3653 = CARTESIAN_POINT ( 'NONE',  ( -2.475000000000000089, 1.999999999999997780, -2.024999999999999911 ) ) ;
#3654 = LINE ( 'NONE', #7855, #2369 ) ;
#3655 = CARTESIAN_POINT ( 'NONE',  ( 1.975000000000000089, 0.5547525681000000652, 2.024999999999999911 ) ) ;
#3656 = DIRECTION ( 'NONE',  ( 0.0000000000000000000, 0.0000000000000000000, 1.000000000000000000 ) ) ;
#3657 = VERTEX_POINT ( 'NONE', #4455 ) ;
#3658 = STYLED_ITEM ( 'NONE', ( #6917 ), #2119 ) ;
#3659 = CARTESIAN_POINT ( 'NONE',  ( 4.474999999999999645, -0.6500000000000000222, -1.775000000000000133 ) ) ;
#3660 = LINE ( 'NONE', #3565, #9264 ) ;
#3661 = DIRECTION ( 'NONE',  ( 1.000000000000000000, 0.0000000000000000000, 0.0000000000000000000 ) ) ;
#3662 = VERTEX_POINT ( 'NONE', #5185 ) ;
#3663 = AXIS2_PLACEMENT_3D ( 'NONE', #3862, #6014, #4653 ) ;
#3664 = CARTESIAN_POINT ( 'NONE',  ( 3.015000000000000124, 1.649999999999999911, -1.474999999999999867 ) ) ;
#3665 = FACE_OUTER_BOUND ( 'NONE', #5647, .T. ) ;
#3666 = VERTEX_POINT ( 'NONE', #7323 ) ;
#3667 = VERTEX_POINT ( 'NONE', #2933 ) ;
#3668 = ORIENTED_EDGE ( 'NONE', *, *, #4406, .F. ) ;
#3669 = FILL_AREA_STYLE ('',( #3641 ) ) ;
#3670 = AXIS2_PLACEMENT_3D ( 'NONE', #8403, #9134, #4747 ) ;
#3671 = DIRECTION ( 'NONE',  ( 0.0000000000000000000, 0.0000000000000000000, 1.000000000000000000 ) ) ;
#3672 = CARTESIAN_POINT ( 'NONE',  ( -2.875000000000000000, 4.250000000000000000, 2.024999999999999911 ) ) ;
#3673 = ORIENTED_EDGE ( 'NONE', *, *, #5503, .T. ) ;
#3674 = LINE ( 'NONE', #4079, #8599 ) ;
#3675 = ORIENTED_EDGE ( 'NONE', *, *, #3084, .T. ) ;
#3676 = EDGE_CURVE ( 'NONE', #2067, #1337, #315, .T. ) ;
#3677 = ORIENTED_EDGE ( 'NONE', *, *, #8200, .F. ) ;
#3678 = DIRECTION ( 'NONE',  ( -1.000000000000000000, 0.0000000000000000000, 0.0000000000000000000 ) ) ;
#3679 = ORIENTED_EDGE ( 'NONE', *, *, #6038, .F. ) ;
#3680 = LINE ( 'NONE', #2428, #7340 ) ;
#3681 = PLANE ( 'NONE',  #1986 ) ;
#3682 = ORIENTED_EDGE ( 'NONE', *, *, #7199, .T. ) ;
#3683 = ADVANCED_FACE ( 'NONE', ( #8934 ), #717, .T. ) ;
#3684 = EDGE_LOOP ( 'NONE', ( #4453, #9310, #6087, #7612 ) ) ;
#3685 = LINE ( 'NONE', #7537, #6549 ) ;
#3686 = ORIENTED_EDGE ( 'NONE', *, *, #2000, .F. ) ;
#3687 = CARTESIAN_POINT ( 'NONE',  ( 5.735000000000000320, 1.850000000000000089, -2.024999999999999911 ) ) ;
#3688 = EDGE_CURVE ( 'NONE', #2217, #9173, #3300, .T. ) ;
#3689 = VERTEX_POINT ( 'NONE', #7361 ) ;
#3690 = CARTESIAN_POINT ( 'NONE',  ( 7.375000000000001776, 3.750000000000000000, 0.02500000000000000139 ) ) ;
#3691 = EDGE_CURVE ( 'NONE', #487, #1033, #6517, .T. ) ;
#3692 = ORIENTED_EDGE ( 'NONE', *, *, #2187, .T. ) ;
#3693 = LINE ( 'NONE', #1772, #3110 ) ;
#3694 = LINE ( 'NONE', #8058, #693 ) ;
#3695 = ORIENTED_EDGE ( 'NONE', *, *, #8482, .T. ) ;
#3696 = ORIENTED_EDGE ( 'NONE', *, *, #6686, .T. ) ;
#3697 = DIRECTION ( 'NONE',  ( -1.000000000000000000, 0.0000000000000000000, 0.0000000000000000000 ) ) ;
#3698 = CARTESIAN_POINT ( 'NONE',  ( 6.375000000000000888, 3.750000000000000000, 0.02500000000000000139 ) ) ;
#3699 = ORIENTED_EDGE ( 'NONE', *, *, #9147, .T. ) ;
#3700 = AXIS2_PLACEMENT_3D ( 'NONE', #2438, #1807, #6894 ) ;
#3701 = ORIENTED_EDGE ( 'NONE', *, *, #344, .T. ) ;
#3702 = PLANE ( 'NONE',  #4854 ) ;
#3703 = LINE ( 'NONE', #2332, #1705 ) ;
#3704 = PLANE ( 'NONE',  #6587 ) ;
#3705 = DIRECTION ( 'NONE',  ( 0.0000000000000000000, 0.0000000000000000000, -1.000000000000000000 ) ) ;
#3706 = VECTOR ( 'NONE', #6859, 1000.000000000000000 ) ;
#3707 = EDGE_LOOP ( 'NONE', ( #5544, #4044, #815, #2498 ) ) ;
#3708 = CARTESIAN_POINT ( 'NONE',  ( 0.7249999999999998668, 0.05000000000000002359, -1.775000000000000133 ) ) ;
#3709 = ORIENTED_EDGE ( 'NONE', *, *, #712, .T. ) ;
#3710 = CARTESIAN_POINT ( 'NONE',  ( -0.5250000000000000222, 1.649999999999999911, 2.024999999999999911 ) ) ;
#3711 = CARTESIAN_POINT ( 'NONE',  ( -0.5250000000000000222, 1.850000000000000089, 2.024999999999999911 ) ) ;
#3712 = VERTEX_POINT ( 'NONE', #6651 ) ;
#3713 =( LENGTH_UNIT ( ) NAMED_UNIT ( * ) SI_UNIT ( .MILLI., .METRE. ) );
#3714 = CARTESIAN_POINT ( 'NONE',  ( 7.875000000000000000, 2.000000000000000000, -2.024999999999999911 ) ) ;
#3715 = CARTESIAN_POINT ( 'NONE',  ( -2.274999999999999911, 4.250000000000000000, -0.07499999999999998335 ) ) ;
#3716 = EDGE_LOOP ( 'NONE', ( #3218, #3591, #6562, #5159, #8996 ) ) ;
#3717 = VECTOR ( 'NONE', #4466, 1000.000000000000000 ) ;
#3718 = DIRECTION ( 'NONE',  ( 0.0000000000000000000, 0.0000000000000000000, -1.000000000000000000 ) ) ;
#3719 = LINE ( 'NONE', #4178, #9103 ) ;
#3720 = EDGE_CURVE ( 'NONE', #1594, #3576, #5953, .T. ) ;
#3721 = CARTESIAN_POINT ( 'NONE',  ( 4.474999999999999645, 0.3500000000000000333, -2.024999999999999911 ) ) ;
#3722 = CARTESIAN_POINT ( 'NONE',  ( 0.7249999999999998668, 0.05000000000000002359, -1.524999999999999689 ) ) ;
#3723 = VERTEX_POINT ( 'NONE', #7584 ) ;
#3724 = SURFACE_STYLE_USAGE ( .BOTH. , #4459 ) ;
#3725 = LINE ( 'NONE', #8854, #5904 ) ;
#3726 = ADVANCED_FACE ( 'NONE', ( #5264 ), #191, .T. ) ;
#3727 = PLANE ( 'NONE',  #902 ) ;
#3728 = LINE ( 'NONE', #8120, #4066 ) ;
#3729 = FACE_OUTER_BOUND ( 'NONE', #4250, .T. ) ;
#3730 = CARTESIAN_POINT ( 'NONE',  ( 3.825000000000000178, 1.850000000000000089, 2.024999999999999911 ) ) ;
#3731 = ORIENTED_EDGE ( 'NONE', *, *, #2673, .T. ) ;
#3732 =( NAMED_UNIT ( * ) PLANE_ANGLE_UNIT ( ) SI_UNIT ( $, .RADIAN. ) );
#3733 = EDGE_CURVE ( 'NONE', #465, #5403, #6634, .T. ) ;
#3734 = DIRECTION ( 'NONE',  ( -1.000000000000000000, 0.0000000000000000000, 0.0000000000000000000 ) ) ;
#3735 = LINE ( 'NONE', #4821, #3607 ) ;
#3736 = FACE_OUTER_BOUND ( 'NONE', #4266, .T. ) ;
#3737 = EDGE_CURVE ( 'NONE', #452, #1978, #1787, .T. ) ;
#3738 = SURFACE_SIDE_STYLE ('',( #7000 ) ) ;
#3739 = CARTESIAN_POINT ( 'NONE',  ( 4.264999999999999680, 1.000000000000000000, -1.025000000000000133 ) ) ;
#3740 = DIRECTION ( 'NONE',  ( 0.0000000000000000000, 1.000000000000000000, 0.0000000000000000000 ) ) ;
#3741 = VECTOR ( 'NONE', #851, 1000.000000000000000 ) ;
#3742 = ORIENTED_EDGE ( 'NONE', *, *, #3061, .F. ) ;
#3743 = CARTESIAN_POINT ( 'NONE',  ( -0.7249999999999999778, 1.315130797599999957, 1.171117220399999770 ) ) ;
#3744 = CARTESIAN_POINT ( 'NONE',  ( 0.7250000000000000888, 1.315130797599999957, 1.171117220399999770 ) ) ;
#3745 = DIRECTION ( 'NONE',  ( -1.000000000000000000, 0.0000000000000000000, 0.0000000000000000000 ) ) ;
#3746 = LINE ( 'NONE', #4467, #4770 ) ;
#3747 = VECTOR ( 'NONE', #3969, 1000.000000000000000 ) ;
#3748 = EDGE_CURVE ( 'NONE', #8261, #5988, #6410, .T. ) ;
#3749 = EDGE_CURVE ( 'NONE', #5908, #3269, #7433, .T. ) ;
#3750 = VECTOR ( 'NONE', #4192, 1000.000000000000000 ) ;
#3751 = EDGE_LOOP ( 'NONE', ( #501, #3825, #6895, #8579 ) ) ;
#3752 = CARTESIAN_POINT ( 'NONE',  ( 3.024999999999999911, -0.6500000000000000222, -2.075000000000000178 ) ) ;
#3753 = PLANE ( 'NONE',  #1839 ) ;
#3754 = ORIENTED_EDGE ( 'NONE', *, *, #8903, .T. ) ;
#3755 = VECTOR ( 'NONE', #5383, 1000.000000000000000 ) ;
#3756 = DIRECTION ( 'NONE',  ( -0.0000000000000000000, -0.0000000000000000000, 1.000000000000000000 ) ) ;
#3757 = VECTOR ( 'NONE', #5257, 1000.000000000000000 ) ;
#3758 = FACE_OUTER_BOUND ( 'NONE', #6757, .T. ) ;
#3759 = LINE ( 'NONE', #7317, #1768 ) ;
#3760 = EDGE_CURVE ( 'NONE', #4154, #9287, #1106, .T. ) ;
#3761 = ORIENTED_EDGE ( 'NONE', *, *, #6009, .F. ) ;
#3762 = VECTOR ( 'NONE', #1463, 1000.000000000000000 ) ;
#3763 = DIRECTION ( 'NONE',  ( 0.0000000000000000000, 0.0000000000000000000, -1.000000000000000000 ) ) ;
#3764 = DIRECTION ( 'NONE',  ( 0.0000000000000000000, -1.000000000000000000, 0.0000000000000000000 ) ) ;
#3765 = CARTESIAN_POINT ( 'NONE',  ( 0.7349999999999999867, 1.850000000000000089, -1.025000000000000133 ) ) ;
#3766 = LINE ( 'NONE', #3765, #3521 ) ;
#3767 = DIRECTION ( 'NONE',  ( 0.0000000000000000000, -1.000000000000000000, 0.0000000000000000000 ) ) ;
#3768 = STYLED_ITEM ( 'NONE', ( #9042 ), #4317 ) ;
#3769 = LINE ( 'NONE', #8606, #2256 ) ;
#3770 = MECHANICAL_DESIGN_GEOMETRIC_PRESENTATION_REPRESENTATION (  '', ( #4134 ), #4926 ) ;
#3771 = DIRECTION ( 'NONE',  ( 0.0000000000000000000, 0.0000000000000000000, 1.000000000000000000 ) ) ;
#3772 = EDGE_CURVE ( 'NONE', #7358, #6000, #8824, .T. ) ;
#3773 = FACE_OUTER_BOUND ( 'NONE', #5981, .T. ) ;
#3774 = CARTESIAN_POINT ( 'NONE',  ( 3.225000000000000089, 1.000000000000000000, 1.525000000000000133 ) ) ;
#3775 = ORIENTED_EDGE ( 'NONE', *, *, #2932, .T. ) ;
#3776 = ORIENTED_EDGE ( 'NONE', *, *, #3801, .F. ) ;
#3777 = SURFACE_STYLE_USAGE ( .BOTH. , #3035 ) ;
#3778 = DIRECTION ( 'NONE',  ( 0.0000000000000000000, -1.000000000000000000, 0.0000000000000000000 ) ) ;
#3779 = EDGE_CURVE ( 'NONE', #4581, #6583, #7897, .T. ) ;
#3780 = FACE_OUTER_BOUND ( 'NONE', #1710, .T. ) ;
#3781 = CARTESIAN_POINT ( 'NONE',  ( 1.975000000000000089, 1.000000000000000000, -1.525000000000000133 ) ) ;
#3782 = EDGE_LOOP ( 'NONE', ( #4310, #6105, #2430, #5288 ) ) ;
#3783 = ORIENTED_EDGE ( 'NONE', *, *, #6439, .F. ) ;
#3784 = VERTEX_POINT ( 'NONE', #9179 ) ;
#3785 = EDGE_CURVE ( 'NONE', #2730, #3489, #538, .T. ) ;
#3786 = EDGE_LOOP ( 'NONE', ( #413, #2938, #4745, #2166 ) ) ;
#3787 =( LENGTH_UNIT ( ) NAMED_UNIT ( * ) SI_UNIT ( .MILLI., .METRE. ) );
#3788 = DIRECTION ( 'NONE',  ( 0.0000000000000000000, 1.000000000000000000, 0.0000000000000000000 ) ) ;
#3789 = ORIENTED_EDGE ( 'NONE', *, *, #5536, .F. ) ;
#3790 = LINE ( 'NONE', #9080, #6093 ) ;
#3791 = ORIENTED_EDGE ( 'NONE', *, *, #6547, .F. ) ;
#3792 = DIRECTION ( 'NONE',  ( -0.0000000000000000000, -0.0000000000000000000, 1.000000000000000000 ) ) ;
#3793 = PRESENTATION_STYLE_ASSIGNMENT (( #1766 ) ) ;
#3794 = ORIENTED_EDGE ( 'NONE', *, *, #2306, .T. ) ;
#3795 = CARTESIAN_POINT ( 'NONE',  ( 6.875000000000000888, 0.5000000000000000000, -1.474999999999999867 ) ) ;
#3796 = STYLED_ITEM ( 'NONE', ( #6062 ), #485 ) ;
#3797 = ORIENTED_EDGE ( 'NONE', *, *, #1372, .T. ) ;
#3798 = EDGE_CURVE ( 'NONE', #4852, #3004, #6295, .T. ) ;
#3799 = CARTESIAN_POINT ( 'NONE',  ( 5.724999999999999645, 0.5000000000000000000, 0.0000000000000000000 ) ) ;
#3800 = VERTEX_POINT ( 'NONE', #1080 ) ;
#3801 = EDGE_CURVE ( 'NONE', #8591, #5880, #3073, .T. ) ;
#3802 = CARTESIAN_POINT ( 'NONE',  ( -1.175000000000000044, 2.550000000000000266, -1.474999999999999867 ) ) ;
#3803 = LINE ( 'NONE', #3708, #1134 ) ;
#3804 = VERTEX_POINT ( 'NONE', #3990 ) ;
#3805 = CARTESIAN_POINT ( 'NONE',  ( -0.5250000000000000222, 1.350000000000000089, 0.0000000000000000000 ) ) ;
#3806 = VECTOR ( 'NONE', #4265, 1000.000000000000000 ) ;
#3807 = ORIENTED_EDGE ( 'NONE', *, *, #3801, .T. ) ;
#3808 = DIRECTION ( 'NONE',  ( 0.0000000000000000000, -1.000000000000000000, 0.0000000000000000000 ) ) ;
#3809 = EDGE_LOOP ( 'NONE', ( #1205, #8444, #4933, #8611 ) ) ;
#3810 = DIRECTION ( 'NONE',  ( -1.000000000000000000, -0.0000000000000000000, -0.0000000000000000000 ) ) ;
#3811 = ORIENTED_EDGE ( 'NONE', *, *, #3244, .T. ) ;
#3812 = LINE ( 'NONE', #1844, #690 ) ;
#3813 = CARTESIAN_POINT ( 'NONE',  ( 1.775000000000000133, 1.000000000000000000, 0.0000000000000000000 ) ) ;
#3814 = EDGE_CURVE ( 'NONE', #6019, #3601, #2262, .T. ) ;
#3815 = VECTOR ( 'NONE', #4654, 1000.000000000000000 ) ;
#3816 = EDGE_LOOP ( 'NONE', ( #6658, #3021, #8219, #9426 ) ) ;
#3817 = EDGE_LOOP ( 'NONE', ( #5152, #7964, #5637, #7679 ) ) ;
#3818 = STYLED_ITEM ( 'NONE', ( #3793 ), #3960 ) ;
#3819 = VERTEX_POINT ( 'NONE', #7750 ) ;
#3820 = ORIENTED_EDGE ( 'NONE', *, *, #4201, .F. ) ;
#3821 = LINE ( 'NONE', #5911, #1483 ) ;
#3822 = CARTESIAN_POINT ( 'NONE',  ( -0.7249999999999999778, 1.850000000000000089, 2.024999999999999911 ) ) ;
#3823 = DIRECTION ( 'NONE',  ( 0.0000000000000000000, 0.0000000000000000000, 1.000000000000000000 ) ) ;
#3824 = LINE ( 'NONE', #5047, #4521 ) ;
#3825 = ORIENTED_EDGE ( 'NONE', *, *, #724, .F. ) ;
#3826 = FACE_OUTER_BOUND ( 'NONE', #8399, .T. ) ;
#3827 = DIRECTION ( 'NONE',  ( 0.0000000000000000000, -1.000000000000000000, 0.0000000000000000000 ) ) ;
#3828 = VERTEX_POINT ( 'NONE', #6964 ) ;
#3829 = DIRECTION ( 'NONE',  ( 0.0000000000000000000, -1.000000000000000000, 0.0000000000000000000 ) ) ;
#3830 = VECTOR ( 'NONE', #8311, 1000.000000000000000 ) ;
#3831 = CARTESIAN_POINT ( 'NONE',  ( 7.875000000000000000, 1.000000000000000000, -2.024999999999999911 ) ) ;
#3832 = DIRECTION ( 'NONE',  ( -1.000000000000000000, 0.0000000000000000000, 0.0000000000000000000 ) ) ;
#3833 = CARTESIAN_POINT ( 'NONE',  ( 4.275000000000000355, 1.649999999999999911, -1.025000000000000133 ) ) ;
#3834 = ORIENTED_EDGE ( 'NONE', *, *, #819, .F. ) ;
#3835 = STYLED_ITEM ( 'NONE', ( #2337 ), #1651 ) ;
#3836 = VERTEX_POINT ( 'NONE', #8460 ) ;
#3837 = DIRECTION ( 'NONE',  ( -0.0000000000000000000, 1.000000000000000000, -0.0000000000000000000 ) ) ;
#3838 = LINE ( 'NONE', #3053, #1859 ) ;
#3839 = LINE ( 'NONE', #4657, #7633 ) ;
#3840 = PLANE ( 'NONE',  #2595 ) ;
#3841 = PRESENTATION_LAYER_ASSIGNMENT (  '', '', ( #8760 ) ) ;
#3842 =( NAMED_UNIT ( * ) PLANE_ANGLE_UNIT ( ) SI_UNIT ( $, .RADIAN. ) );
#3843 = ORIENTED_EDGE ( 'NONE', *, *, #1546, .T. ) ;
#3844 = LINE ( 'NONE', #9445, #1870 ) ;
#3845 = ORIENTED_EDGE ( 'NONE', *, *, #5784, .T. ) ;
#3846 = CARTESIAN_POINT ( 'NONE',  ( 7.275000000000001243, 1.999999999999998668, -1.425000000000000933 ) ) ;
#3847 = VECTOR ( 'NONE', #8007, 1000.000000000000000 ) ;
#3848 = FACE_OUTER_BOUND ( 'NONE', #3751, .T. ) ;
#3849 = DIRECTION ( 'NONE',  ( -0.0000000000000000000, 1.000000000000000000, 0.0000000000000000000 ) ) ;
#3850 = EDGE_CURVE ( 'NONE', #6371, #803, #8255, .T. ) ;
#3851 = FACE_OUTER_BOUND ( 'NONE', #1759, .T. ) ;
#3852 = PLANE ( 'NONE',  #2425 ) ;
#3853 = LINE ( 'NONE', #9346, #6945 ) ;
#3854 = ORIENTED_EDGE ( 'NONE', *, *, #4558, .T. ) ;
#3855 = EDGE_CURVE ( 'NONE', #2757, #4194, #3527, .T. ) ;
#3856 = CARTESIAN_POINT ( 'NONE',  ( 5.875000000000000888, 3.750000000000000000, -2.024999999999999911 ) ) ;
#3857 = LINE ( 'NONE', #8360, #5707 ) ;
#3858 = CARTESIAN_POINT ( 'NONE',  ( 1.775000000000000133, 1.350000000000000089, -1.525000000000000133 ) ) ;
#3859 = ADVANCED_FACE ( 'NONE', ( #3773 ), #2623, .T. ) ;
#3860 = VECTOR ( 'NONE', #1755, 1000.000000000000000 ) ;
#3861 = VECTOR ( 'NONE', #5452, 1000.000000000000000 ) ;
#3862 = CARTESIAN_POINT ( 'NONE',  ( -1.175000000000000044, 1.850000000000000089, -1.474999999999999867 ) ) ;
#3863 = CARTESIAN_POINT ( 'NONE',  ( 7.275000000000001243, 0.6000000000000076383, -0.2249999999999982014 ) ) ;
#3864 = VECTOR ( 'NONE', #527, 1000.000000000000000 ) ;
#3865 = PLANE ( 'NONE',  #3017 ) ;
#3866 = VECTOR ( 'NONE', #8689, 1000.000000000000000 ) ;
#3867 = DIRECTION ( 'NONE',  ( 0.0000000000000000000, 0.0000000000000000000, 1.000000000000000000 ) ) ;
#3868 = EDGE_CURVE ( 'NONE', #5319, #1044, #5833, .T. ) ;
#3869 = EDGE_CURVE ( 'NONE', #435, #6764, #2951, .T. ) ;
#3870 = PLANE ( 'NONE',  #8179 ) ;
#3871 = DIRECTION ( 'NONE',  ( 1.000000000000000000, 0.0000000000000000000, -0.0000000000000000000 ) ) ;
#3872 = VECTOR ( 'NONE', #3034, 1000.000000000000000 ) ;
#3873 = FACE_OUTER_BOUND ( 'NONE', #4598, .T. ) ;
#3874 = ORIENTED_EDGE ( 'NONE', *, *, #8666, .F. ) ;
#3875 = CARTESIAN_POINT ( 'NONE',  ( 0.7250000000000000888, 1.350000000000000089, 0.0000000000000000000 ) ) ;
#3876 = VECTOR ( 'NONE', #5559, 1000.000000000000000 ) ;
#3877 = DIRECTION ( 'NONE',  ( -0.0000000000000000000, 1.000000000000000000, 0.0000000000000000000 ) ) ;
#3878 = PLANE ( 'NONE',  #1247 ) ;
#3879 = VECTOR ( 'NONE', #3406, 1000.000000000000000 ) ;
#3880 = DIRECTION ( 'NONE',  ( 1.000000000000000000, 0.0000000000000000000, 0.0000000000000000000 ) ) ;
#3881 = PLANE ( 'NONE',  #1814 ) ;
#3882 = ADVANCED_FACE ( 'NONE', ( #68 ), #8642, .T. ) ;
#3883 = CARTESIAN_POINT ( 'NONE',  ( 1.984999999999999876, 1.649999999999999911, -1.025000000000000133 ) ) ;
#3884 = AXIS2_PLACEMENT_3D ( 'NONE', #8384, #3987, #9120 ) ;
#3885 = VECTOR ( 'NONE', #1275, 1000.000000000000000 ) ;
#3886 = CARTESIAN_POINT ( 'NONE',  ( 0.7250000000000000888, 1.850000000000000089, 0.0000000000000000000 ) ) ;
#3887 = ORIENTED_EDGE ( 'NONE', *, *, #4533, .F. ) ;
#3888 = PLANE ( 'NONE',  #4138 ) ;
#3889 = EDGE_CURVE ( 'NONE', #3361, #7434, #1215, .T. ) ;
#3890 = VERTEX_POINT ( 'NONE', #1945 ) ;
#3891 = PLANE ( 'NONE',  #3700 ) ;
#3892 = ORIENTED_EDGE ( 'NONE', *, *, #7921, .F. ) ;
#3893 = DIRECTION ( 'NONE',  ( 0.0000000000000000000, 0.0000000000000000000, -1.000000000000000000 ) ) ;
#3894 = VERTEX_POINT ( 'NONE', #536 ) ;
#3895 =( NAMED_UNIT ( * ) SI_UNIT ( $, .STERADIAN. ) SOLID_ANGLE_UNIT ( ) );
#3896 = EDGE_LOOP ( 'NONE', ( #7566, #686, #7978, #1559 ) ) ;
#3897 = VECTOR ( 'NONE', #1885, 1000.000000000000000 ) ;
#3898 = EDGE_LOOP ( 'NONE', ( #8301, #9385, #2150, #313 ) ) ;
#3899 = ORIENTED_EDGE ( 'NONE', *, *, #3562, .T. ) ;
#3900 = FILL_AREA_STYLE ('',( #9128 ) ) ;
#3901 = CARTESIAN_POINT ( 'NONE',  ( 0.0000000000000000000, 4.240000000000000213, -1.925000000000000044 ) ) ;
#3902 = ADVANCED_FACE ( 'NONE', ( #1901 ), #4237, .T. ) ;
#3903 = CARTESIAN_POINT ( 'NONE',  ( 0.7250000000000000888, 1.850000000000000089, -1.025000000000000133 ) ) ;
#3904 = EDGE_CURVE ( 'NONE', #9195, #4173, #978, .T. ) ;
#3905 = VERTEX_POINT ( 'NONE', #4155 ) ;
#3906 = EDGE_LOOP ( 'NONE', ( #3917, #5910, #5625, #1837 ) ) ;
#3907 = EDGE_CURVE ( 'NONE', #7931, #7523, #1316, .T. ) ;
#3908 = EDGE_CURVE ( 'NONE', #607, #6802, #8584, .T. ) ;
#3909 = LINE ( 'NONE', #7477, #5643 ) ;
#3910 = VERTEX_POINT ( 'NONE', #7839 ) ;
#3911 = DIRECTION ( 'NONE',  ( 0.0000000000000000000, 0.0000000000000000000, 1.000000000000000000 ) ) ;
#3912 = ORIENTED_EDGE ( 'NONE', *, *, #4087, .T. ) ;
#3913 = ORIENTED_EDGE ( 'NONE', *, *, #8969, .F. ) ;
#3914 = FACE_OUTER_BOUND ( 'NONE', #1627, .T. ) ;
#3915 = STYLED_ITEM ( 'NONE', ( #3049 ), #1035 ) ;
#3916 = LINE ( 'NONE', #3632, #3806 ) ;
#3917 = ORIENTED_EDGE ( 'NONE', *, *, #6241, .F. ) ;
#3918 = DIRECTION ( 'NONE',  ( 0.0000000000000000000, 0.0000000000000000000, 1.000000000000000000 ) ) ;
#3919 = ORIENTED_EDGE ( 'NONE', *, *, #1111, .F. ) ;
#3920 = CARTESIAN_POINT ( 'NONE',  ( 1.765000000000000124, 1.850000000000000089, -1.025000000000000133 ) ) ;
#3921 = EDGE_CURVE ( 'NONE', #1010, #5880, #6067, .T. ) ;
#3922 = DIRECTION ( 'NONE',  ( 0.0000000000000000000, 1.000000000000000000, 0.0000000000000000000 ) ) ;
#3923 = ORIENTED_EDGE ( 'NONE', *, *, #7516, .F. ) ;
#3924 = EDGE_CURVE ( 'NONE', #2133, #260, #6406, .T. ) ;
#3925 = CARTESIAN_POINT ( 'NONE',  ( 7.275000000000001243, 4.240000000000000213, -1.925000000000000711 ) ) ;
#3926 = DIRECTION ( 'NONE',  ( 0.0000000000000000000, 1.000000000000000000, 0.0000000000000000000 ) ) ;
#3927 = DIRECTION ( 'NONE',  ( 0.0000000000000000000, 1.000000000000000000, 0.0000000000000000000 ) ) ;
#3928 = ORIENTED_EDGE ( 'NONE', *, *, #5518, .T. ) ;
#3929 = LINE ( 'NONE', #8665, #15 ) ;
#3930 = DIRECTION ( 'NONE',  ( -1.000000000000000000, 0.0000000000000000000, 0.0000000000000000000 ) ) ;
#3931 = FACE_OUTER_BOUND ( 'NONE', #3098, .T. ) ;
#3932 = ORIENTED_EDGE ( 'NONE', *, *, #2869, .T. ) ;
#3933 = SURFACE_SIDE_STYLE ('',( #5141 ) ) ;
#3934 = VERTEX_POINT ( 'NONE', #4859 ) ;
#3935 = CARTESIAN_POINT ( 'NONE',  ( -2.875000000000000000, 1.949999999999999512, 2.025000000000007017 ) ) ;
#3936 = ORIENTED_EDGE ( 'NONE', *, *, #5220, .T. ) ;
#3937 = ORIENTED_EDGE ( 'NONE', *, *, #8145, .F. ) ;
#3938 = DIRECTION ( 'NONE',  ( -0.0000000000000000000, 1.000000000000000000, 0.0000000000000000000 ) ) ;
#3939 = CARTESIAN_POINT ( 'NONE',  ( -0.7349999999999999867, 1.850000000000000089, -1.025000000000000133 ) ) ;
#3940 = EDGE_CURVE ( 'NONE', #8964, #5250, #7426, .T. ) ;
#3941 = ADVANCED_FACE ( 'NONE', ( #8926 ), #1908, .T. ) ;
#3942 = DIRECTION ( 'NONE',  ( 0.0000000000000000000, -0.0000000000000000000, -1.000000000000000000 ) ) ;
#3943 = CARTESIAN_POINT ( 'NONE',  ( -0.8750000000000000000, 2.250000000000000000, 1.505384757699999909 ) ) ;
#3944 = CARTESIAN_POINT ( 'NONE',  ( 5.725000000000000533, 1.850000000000000089, -1.698606797699999893 ) ) ;
#3945 = VECTOR ( 'NONE', #1969, 1000.000000000000000 ) ;
#3946 = ORIENTED_EDGE ( 'NONE', *, *, #2324, .T. ) ;
#3947 = CARTESIAN_POINT ( 'NONE',  ( 4.474999999999999645, 0.05000000000000002359, -1.775000000000000133 ) ) ;
#3948 = SURFACE_STYLE_FILL_AREA ( #8249 ) ;
#3949 = CARTESIAN_POINT ( 'NONE',  ( 3.825000000000000178, 1.850000000000000089, -1.474999999999999867 ) ) ;
#3950 = AXIS2_PLACEMENT_3D ( 'NONE', #2213, #8843, #2178 ) ;
#3951 = AXIS2_PLACEMENT_3D ( 'NONE', #696, #1380, #2876 ) ;
#3952 = DIRECTION ( 'NONE',  ( 0.0000000000000000000, 0.0000000000000000000, -1.000000000000000000 ) ) ;
#3953 = ORIENTED_EDGE ( 'NONE', *, *, #8044, .T. ) ;
#3954 = DIRECTION ( 'NONE',  ( 0.0000000000000000000, 0.0000000000000000000, 1.000000000000000000 ) ) ;
#3955 = VECTOR ( 'NONE', #1141, 1000.000000000000000 ) ;
#3956 = PLANE ( 'NONE',  #3502 ) ;
#3957 = VECTOR ( 'NONE', #7701, 1000.000000000000000 ) ;
#3958 = ORIENTED_EDGE ( 'NONE', *, *, #3424, .F. ) ;
#3959 = CARTESIAN_POINT ( 'NONE',  ( 1.774999999999999911, -0.6500000000000000222, -2.075000000000000178 ) ) ;
#3960 = ADVANCED_BREP_SHAPE_REPRESENTATION ( 'B06MB-GHS-TBT', ( #6197, #1884, #8909, #7306, #485, #7898, #4317, #1576, #4906, #8793 ), #7922 ) ;
#3961 = SURFACE_STYLE_USAGE ( .BOTH. , #3933 ) ;
#3962 = EDGE_CURVE ( 'NONE', #5975, #7564, #2135, .T. ) ;
#3963 = VECTOR ( 'NONE', #2855, 1000.000000000000000 ) ;
#3964 = ORIENTED_EDGE ( 'NONE', *, *, #4661, .T. ) ;
#3965 = PLANE ( 'NONE',  #4053 ) ;
#3966 = VECTOR ( 'NONE', #3823, 1000.000000000000000 ) ;
#3967 = EDGE_CURVE ( 'NONE', #7919, #4594, #9499, .T. ) ;
#3968 = DIRECTION ( 'NONE',  ( 0.0000000000000000000, 0.0000000000000000000, -1.000000000000000000 ) ) ;
#3969 = DIRECTION ( 'NONE',  ( 1.000000000000000000, 0.0000000000000000000, 0.0000000000000000000 ) ) ;
#3970 = DIRECTION ( 'NONE',  ( 1.000000000000000000, 0.0000000000000000000, 0.0000000000000000000 ) ) ;
#3971 = LINE ( 'NONE', #2962, #7286 ) ;
#3972 = EDGE_LOOP ( 'NONE', ( #4473, #8366, #3152, #6662, #2826, #1467 ) ) ;
#3973 = VECTOR ( 'NONE', #3184, 1000.000000000000000 ) ;
#3974 = DIRECTION ( 'NONE',  ( 0.0000000000000000000, 0.0000000000000000000, -1.000000000000000000 ) ) ;
#3975 = AXIS2_PLACEMENT_3D ( 'NONE', #2936, #8715, #1433 ) ;
#3976 = DIRECTION ( 'NONE',  ( 0.0000000000000000000, 0.0000000000000000000, 1.000000000000000000 ) ) ;
#3977 = VECTOR ( 'NONE', #3221, 1000.000000000000000 ) ;
#3978 = EDGE_CURVE ( 'NONE', #3242, #3934, #4678, .T. ) ;
#3979 = LINE ( 'NONE', #2122, #2589 ) ;
#3980 = LINE ( 'NONE', #3744, #2003 ) ;
#3981 = ORIENTED_EDGE ( 'NONE', *, *, #5773, .T. ) ;
#3982 = VECTOR ( 'NONE', #1187, 1000.000000000000000 ) ;
#3983 = DIRECTION ( 'NONE',  ( 1.000000000000000000, 0.0000000000000000000, 0.0000000000000000000 ) ) ;
#3984 = DIRECTION ( 'NONE',  ( -1.000000000000000000, 0.0000000000000000000, 0.0000000000000000000 ) ) ;
#3985 = DIRECTION ( 'NONE',  ( 0.0000000000000000000, 1.084202172485501673E-15, 1.000000000000000000 ) ) ;
#3986 = DIRECTION ( 'NONE',  ( -0.0000000000000000000, 1.000000000000000000, 0.0000000000000000000 ) ) ;
#3987 = DIRECTION ( 'NONE',  ( -0.0000000000000000000, 1.000000000000000000, 0.0000000000000000000 ) ) ;
#3988 = VECTOR ( 'NONE', #861, 1000.000000000000000 ) ;
#3989 = EDGE_CURVE ( 'NONE', #1818, #4298, #2478, .T. ) ;
#3990 = CARTESIAN_POINT ( 'NONE',  ( 1.675000000000000044, 1.850000000000000089, -1.474999999999999867 ) ) ;
#3991 = FACE_OUTER_BOUND ( 'NONE', #4263, .T. ) ;
#3992 = CARTESIAN_POINT ( 'NONE',  ( 0.7349999999999999867, 1.649999999999999911, -1.474999999999999867 ) ) ;
#3993 =( LENGTH_UNIT ( ) NAMED_UNIT ( * ) SI_UNIT ( .MILLI., .METRE. ) );
#3994 = VERTEX_POINT ( 'NONE', #1447 ) ;
#3996 = ORIENTED_EDGE ( 'NONE', *, *, #8169, .F. ) ;
#3995 = DIRECTION ( 'NONE',  ( 0.0000000000000000000, -1.000000000000000000, 0.0000000000000000000 ) ) ;
#3997 = CARTESIAN_POINT ( 'NONE',  ( -0.5250000000000000222, 0.0000000000000000000, 2.024999999999999911 ) ) ;
#3998 = VECTOR ( 'NONE', #6864, 1000.000000000000000 ) ;
#3999 = VERTEX_POINT ( 'NONE', #7998 ) ;
#4000 =( NAMED_UNIT ( * ) PLANE_ANGLE_UNIT ( ) SI_UNIT ( $, .RADIAN. ) );
#4001 = AXIS2_PLACEMENT_3D ( 'NONE', #4306, #3498, #5821 ) ;
#4002 = FACE_OUTER_BOUND ( 'NONE', #4939, .T. ) ;
#4003 = ORIENTED_EDGE ( 'NONE', *, *, #8816, .F. ) ;
#4004 = AXIS2_PLACEMENT_3D ( 'NONE', #6059, #7463, #6090 ) ;
#4005 = ORIENTED_EDGE ( 'NONE', *, *, #4334, .T. ) ;
#4006 = CARTESIAN_POINT ( 'NONE',  ( -0.7249999999999999778, 1.649999999999999911, 2.024999999999999911 ) ) ;
#4007 = SURFACE_STYLE_USAGE ( .BOTH. , #6921 ) ;
#4008 = PLANE ( 'NONE',  #1730 ) ;
#4009 = VECTOR ( 'NONE', #7981, 1000.000000000000000 ) ;
#4010 = ORIENTED_EDGE ( 'NONE', *, *, #416, .T. ) ;
#4011 = ORIENTED_EDGE ( 'NONE', *, *, #4297, .T. ) ;
#4012 = CARTESIAN_POINT ( 'NONE',  ( 7.875000000000000000, 3.600000000000000977, -0.07499999999999998335 ) ) ;
#4013 = ORIENTED_EDGE ( 'NONE', *, *, #8510, .F. ) ;
#4014 = ORIENTED_EDGE ( 'NONE', *, *, #6690, .T. ) ;
#4015 = AXIS2_PLACEMENT_3D ( 'NONE', #7671, #1736, #4722 ) ;
#4016 = PLANE ( 'NONE',  #188 ) ;
#4017 = ORIENTED_EDGE ( 'NONE', *, *, #5820, .T. ) ;
#4018 = DIRECTION ( 'NONE',  ( 1.000000000000000000, 0.0000000000000000000, 0.0000000000000000000 ) ) ;
#4019 = CARTESIAN_POINT ( 'NONE',  ( 7.875000000000000000, 1.000000000000000000, -1.525000000000000133 ) ) ;
#4020 = VECTOR ( 'NONE', #6046, 1000.000000000000000 ) ;
#4021 = EDGE_CURVE ( 'NONE', #8554, #3004, #766, .T. ) ;
#4022 = DIRECTION ( 'NONE',  ( -1.000000000000000000, 0.0000000000000000000, 0.0000000000000000000 ) ) ;
#4023 = ORIENTED_EDGE ( 'NONE', *, *, #4524, .T. ) ;
#4024 = AXIS2_PLACEMENT_3D ( 'NONE', #8161, #5160, #48 ) ;
#4025 = VERTEX_POINT ( 'NONE', #606 ) ;
#4026 = ADVANCED_FACE ( 'NONE', ( #1656 ), #4273, .F. ) ;
#4027 = ORIENTED_EDGE ( 'NONE', *, *, #6498, .T. ) ;
#4028 = CARTESIAN_POINT ( 'NONE',  ( -2.875000000000000000, 3.600000000000000977, -1.425000000000000044 ) ) ;
#4029 = ORIENTED_EDGE ( 'NONE', *, *, #2932, .F. ) ;
#4030 = ORIENTED_EDGE ( 'NONE', *, *, #5474, .F. ) ;
#4031 = LINE ( 'NONE', #1392, #6663 ) ;
#4032 = CARTESIAN_POINT ( 'NONE',  ( 5.724999999999999645, 0.3500000000000000333, -2.024999999999999911 ) ) ;
#4033 = VECTOR ( 'NONE', #1264, 1000.000000000000000 ) ;
#4034 = ORIENTED_EDGE ( 'NONE', *, *, #399, .T. ) ;
#4035 = CARTESIAN_POINT ( 'NONE',  ( 4.474999999999999645, 0.05000000000000002359, -1.524999999999999689 ) ) ;
#4036 = EDGE_CURVE ( 'NONE', #6981, #6348, #3660, .T. ) ;
#4037 = ORIENTED_EDGE ( 'NONE', *, *, #7160, .T. ) ;
#4038 = DIRECTION ( 'NONE',  ( 1.000000000000000000, 0.0000000000000000000, 0.0000000000000000000 ) ) ;
#4039 = CARTESIAN_POINT ( 'NONE',  ( 5.725000000000000533, 1.850000000000000089, -1.025000000000000133 ) ) ;
#4040 = ORIENTED_EDGE ( 'NONE', *, *, #4548, .F. ) ;
#4041 = EDGE_CURVE ( 'NONE', #6322, #7868, #9047, .T. ) ;
#4042 = VECTOR ( 'NONE', #4943, 1000.000000000000000 ) ;
#4043 = DIRECTION ( 'NONE',  ( 1.000000000000000000, 0.0000000000000000000, 0.0000000000000000000 ) ) ;
#4044 = ORIENTED_EDGE ( 'NONE', *, *, #5083, .F. ) ;
#4045 = CARTESIAN_POINT ( 'NONE',  ( 3.225000000000000089, 0.05000000000000002359, -1.775000000000000133 ) ) ;
#4046 = VECTOR ( 'NONE', #6827, 1000.000000000000000 ) ;
#4047 = ORIENTED_EDGE ( 'NONE', *, *, #9189, .T. ) ;
#4048 = ORIENTED_EDGE ( 'NONE', *, *, #3356, .T. ) ;
#4049 = ORIENTED_EDGE ( 'NONE', *, *, #7976, .T. ) ;
#4050 = VERTEX_POINT ( 'NONE', #2840 ) ;
#4051 = CARTESIAN_POINT ( 'NONE',  ( -0.0000000000000000000, -0.001524999999999999880, 0.002075000000000000022 ) ) ;
#4052 = ORIENTED_EDGE ( 'NONE', *, *, #9255, .F. ) ;
#4053 = AXIS2_PLACEMENT_3D ( 'NONE', #9243, #5547, #1947 ) ;
#4054 = DIRECTION ( 'NONE',  ( 0.0000000000000000000, 0.0000000000000000000, 1.000000000000000000 ) ) ;
#4055 = EDGE_CURVE ( 'NONE', #6802, #7485, #5943, .T. ) ;
#4056 = VECTOR ( 'NONE', #9400, 1000.000000000000000 ) ;
#4057 = ORIENTED_EDGE ( 'NONE', *, *, #7401, .F. ) ;
#4058 = DIRECTION ( 'NONE',  ( 0.0000000000000000000, 1.000000000000000000, 0.0000000000000000000 ) ) ;
#4059 = EDGE_CURVE ( 'NONE', #3712, #4610, #1436, .T. ) ;
#4061 = ORIENTED_EDGE ( 'NONE', *, *, #156, .F. ) ;
#4060 = CARTESIAN_POINT ( 'NONE',  ( 5.825000000000001066, 1.850000000000000089, -1.474999999999999867 ) ) ;
#4062 = DIRECTION ( 'NONE',  ( 0.0000000000000000000, 0.0000000000000000000, 1.000000000000000000 ) ) ;
#4063 =( NAMED_UNIT ( * ) PLANE_ANGLE_UNIT ( ) SI_UNIT ( $, .RADIAN. ) );
#4064 = ORIENTED_EDGE ( 'NONE', *, *, #6711, .F. ) ;
#4065 = COLOUR_RGB ( '',0.6470588235294117974, 0.6196078431372549211, 0.5882352941176470784 ) ;
#4066 = VECTOR ( 'NONE', #1371, 1000.000000000000000 ) ;
#4067 = CARTESIAN_POINT ( 'NONE',  ( 7.025000000000001243, 2.250000000000000000, -1.925000000000000933 ) ) ;
#4068 = ADVANCED_FACE ( 'NONE', ( #8134 ), #3704, .T. ) ;
#4069 = LINE ( 'NONE', #9113, #1612 ) ;
#4070 = DIRECTION ( 'NONE',  ( 0.0000000000000000000, 0.0000000000000000000, -1.000000000000000000 ) ) ;
#4071 = AXIS2_PLACEMENT_3D ( 'NONE', #2212, #5799, #5894 ) ;
#4072 = PLANE ( 'NONE',  #8259 ) ;
#4073 = ORIENTED_EDGE ( 'NONE', *, *, #2252, .F. ) ;
#4074 = EDGE_CURVE ( 'NONE', #9510, #4233, #5720, .T. ) ;
#4075 = ORIENTED_EDGE ( 'NONE', *, *, #4463, .F. ) ;
#4076 = VECTOR ( 'NONE', #6509, 1000.000000000000000 ) ;
#4077 = DIRECTION ( 'NONE',  ( -0.0000000000000000000, 1.000000000000000000, 0.0000000000000000000 ) ) ;
#4078 = VECTOR ( 'NONE', #3927, 1000.000000000000000 ) ;
#4079 = CARTESIAN_POINT ( 'NONE',  ( -0.8249999999999999556, 1.850000000000000089, -1.474999999999999867 ) ) ;
#4080 = LINE ( 'NONE', #8737, #5095 ) ;
#4081 = CARTESIAN_POINT ( 'NONE',  ( 1.765000000000000124, 1.649999999999999911, -1.474999999999999867 ) ) ;
#4082 = ADVANCED_FACE ( 'NONE', ( #4910 ), #6674, .F. ) ;
#4083 = ORIENTED_EDGE ( 'NONE', *, *, #6619, .F. ) ;
#4084 = CARTESIAN_POINT ( 'NONE',  ( 7.275000000000001243, 1.980741759643274369, -1.925000000000000711 ) ) ;
#4085 = ORIENTED_EDGE ( 'NONE', *, *, #8282, .F. ) ;
#4086 = DIRECTION ( 'NONE',  ( 1.000000000000000000, 0.0000000000000000000, -0.0000000000000000000 ) ) ;
#4087 = EDGE_CURVE ( 'NONE', #2156, #6434, #7890, .T. ) ;
#4088 = FACE_OUTER_BOUND ( 'NONE', #1784, .T. ) ;
#4089 = VERTEX_POINT ( 'NONE', #830 ) ;
#4090 = LINE ( 'NONE', #8407, #8111 ) ;
#4091 = LINE ( 'NONE', #4035, #9234 ) ;
#4092 = DIRECTION ( 'NONE',  ( 0.0000000000000000000, -3.295974604355854593E-17, -1.000000000000000000 ) ) ;
#4093 = CARTESIAN_POINT ( 'NONE',  ( 4.575000000000000178, 1.850000000000000089, 2.024999999999999911 ) ) ;
#4094 = CARTESIAN_POINT ( 'NONE',  ( 5.825000000000001066, 1.649999999999999911, -1.474999999999999867 ) ) ;
#4095 = VECTOR ( 'NONE', #7355, 1000.000000000000114 ) ;
#4096 = VECTOR ( 'NONE', #1673, 1000.000000000000000 ) ;
#4097 = EDGE_CURVE ( 'NONE', #3667, #8052, #2255, .T. ) ;
#4098 = CARTESIAN_POINT ( 'NONE',  ( 0.7250000000000000888, 1.795247431900000024, 2.024999999999999911 ) ) ;
#4099 = DIRECTION ( 'NONE',  ( 0.0000000000000000000, -0.0000000000000000000, 1.000000000000000000 ) ) ;
#4100 = LINE ( 'NONE', #9157, #4319 ) ;
#4101 = EDGE_CURVE ( 'NONE', #782, #1631, #306, .T. ) ;
#4102 = CARTESIAN_POINT ( 'NONE',  ( 5.514999999999999680, 1.850000000000000089, -2.024999999999999911 ) ) ;
#4103 = VERTEX_POINT ( 'NONE', #6044 ) ;
#4104 = EDGE_LOOP ( 'NONE', ( #8114, #5863, #389, #1834, #2301, #3194, #6442 ) ) ;
#4105 = CARTESIAN_POINT ( 'NONE',  ( 4.275000000000000355, 0.5000000000000000000, 2.024999999999999911 ) ) ;
#4106 = COLOUR_RGB ( '',1.000000000000000000, 1.000000000000000000, 1.000000000000000000 ) ;
#4107 = LINE ( 'NONE', #3104, #5825 ) ;
#4108 = DIRECTION ( 'NONE',  ( 1.000000000000000000, 0.0000000000000000000, 0.0000000000000000000 ) ) ;
#4109 = AXIS2_PLACEMENT_3D ( 'NONE', #5263, #855, #6730 ) ;
#4110 = DIRECTION ( 'NONE',  ( 0.0000000000000000000, -1.000000000000000000, 0.0000000000000000000 ) ) ;
#4111 = LINE ( 'NONE', #4448, #8008 ) ;
#4112 = ORIENTED_EDGE ( 'NONE', *, *, #7895, .T. ) ;
#4113 = LINE ( 'NONE', #7662, #3516 ) ;
#4114 = EDGE_CURVE ( 'NONE', #9010, #5315, #1776, .T. ) ;
#4115 = EDGE_CURVE ( 'NONE', #941, #3554, #3766, .T. ) ;
#4116 = EDGE_LOOP ( 'NONE', ( #3127, #2041, #9081, #3006 ) ) ;
#4117 = DIRECTION ( 'NONE',  ( -1.000000000000000000, 0.0000000000000000000, 0.0000000000000000000 ) ) ;
#4118 = DIRECTION ( 'NONE',  ( 0.0000000000000000000, 0.0000000000000000000, 1.000000000000000000 ) ) ;
#4119 = CARTESIAN_POINT ( 'NONE',  ( 1.774999999999999911, 0.3500000000000000333, -2.024999999999999911 ) ) ;
#4120 = FILL_AREA_STYLE_COLOUR ( '', #8894 ) ;
#4121 = ORIENTED_EDGE ( 'NONE', *, *, #2103, .T. ) ;
#4122 = EDGE_CURVE ( 'NONE', #2737, #7700, #8578, .T. ) ;
#4123 = ADVANCED_FACE ( 'NONE', ( #758 ), #7409, .F. ) ;
#4124 = CARTESIAN_POINT ( 'NONE',  ( -0.5250000000000000222, 0.0000000000000000000, -2.024999999999999911 ) ) ;
#4125 = LINE ( 'NONE', #7899, #662 ) ;
#4126 = CARTESIAN_POINT ( 'NONE',  ( 0.5249999999999999112, 0.05000000000000002359, -1.524999999999999689 ) ) ;
#4127 = ORIENTED_EDGE ( 'NONE', *, *, #5460, .F. ) ;
#4128 = ORIENTED_EDGE ( 'NONE', *, *, #3688, .T. ) ;
#4129 = EDGE_LOOP ( 'NONE', ( #3121, #3946, #1408, #908 ) ) ;
#4130 = CARTESIAN_POINT ( 'NONE',  ( -2.875000000000000000, 2.000000000000000000, -2.024999999999999911 ) ) ;
#4131 = DIRECTION ( 'NONE',  ( 1.000000000000000000, 0.0000000000000000000, 0.0000000000000000000 ) ) ;
#4132 = AXIS2_PLACEMENT_3D ( 'NONE', #2440, #1668, #3808 ) ;
#4133 = ORIENTED_EDGE ( 'NONE', *, *, #8969, .T. ) ;
#4134 = STYLED_ITEM ( 'NONE', ( #618 ), #5604 ) ;
#4135 = VERTEX_POINT ( 'NONE', #8924 ) ;
#4136 = DIRECTION ( 'NONE',  ( 0.0000000000000000000, 0.0000000000000000000, 1.000000000000000000 ) ) ;
#4137 = EDGE_LOOP ( 'NONE', ( #3467, #5393, #1223, #4258, #5954, #1939, #446, #7083, #589, #6708, #8324, #860 ) ) ;
#4138 = AXIS2_PLACEMENT_3D ( 'NONE', #3176, #8299, #1614 ) ;
#4139 = CARTESIAN_POINT ( 'NONE',  ( 1.984999999999999876, 1.850000000000000089, -2.024999999999999911 ) ) ;
#4140 = VERTEX_POINT ( 'NONE', #81 ) ;
#4141 = FACE_OUTER_BOUND ( 'NONE', #1902, .T. ) ;
#4142 = PRESENTATION_STYLE_ASSIGNMENT (( #4471 ) ) ;
#4143 = VERTEX_POINT ( 'NONE', #3795 ) ;
#4144 = PRESENTATION_LAYER_ASSIGNMENT (  '', '', ( #3658 ) ) ;
#4145 = PLANE ( 'NONE',  #3156 ) ;
#4146 = ORIENTED_EDGE ( 'NONE', *, *, #4855, .F. ) ;
#4147 = DIRECTION ( 'NONE',  ( 1.000000000000000000, 0.0000000000000000000, 0.0000000000000000000 ) ) ;
#4148 = PLANE ( 'NONE',  #9102 ) ;
#4149 = EDGE_LOOP ( 'NONE', ( #5990, #2836, #5875, #7709 ) ) ;
#4150 = LINE ( 'NONE', #4913, #4261 ) ;
#4151 = STYLED_ITEM ( 'NONE', ( #1608 ), #6197 ) ;
#4152 = ORIENTED_EDGE ( 'NONE', *, *, #2841, .F. ) ;
#4153 = LINE ( 'NONE', #2684, #6886 ) ;
#4154 = VERTEX_POINT ( 'NONE', #5977 ) ;
#4155 = CARTESIAN_POINT ( 'NONE',  ( 1.775000000000000133, 1.850000000000000089, 2.024999999999999911 ) ) ;
#4156 = ORIENTED_EDGE ( 'NONE', *, *, #4334, .F. ) ;
#4157 = VERTEX_POINT ( 'NONE', #8959 ) ;
#4158 = CARTESIAN_POINT ( 'NONE',  ( 1.975000000000000089, 0.5000000000000000000, 2.024999999999999911 ) ) ;
#4159 = ADVANCED_FACE ( 'NONE', ( #648 ), #1606, .T. ) ;
#4160 = DIRECTION ( 'NONE',  ( 0.0000000000000000000, 0.0000000000000000000, -1.000000000000000000 ) ) ;
#4161 = ORIENTED_EDGE ( 'NONE', *, *, #2115, .F. ) ;
#4162 = CARTESIAN_POINT ( 'NONE',  ( 1.975000000000000089, 1.795247431900000024, 2.024999999999999911 ) ) ;
#4163 = LINE ( 'NONE', #3264, #5660 ) ;
#4164 = DIRECTION ( 'NONE',  ( 0.0000000000000000000, -1.000000000000000000, 0.0000000000000000000 ) ) ;
#4165 = PLANE ( 'NONE',  #2565 ) ;
#4166 = AXIS2_PLACEMENT_3D ( 'NONE', #1402, #7983, #6568 ) ;
#4167 = LINE ( 'NONE', #7419, #1601 ) ;
#4168 = ORIENTED_EDGE ( 'NONE', *, *, #1411, .T. ) ;
#4169 = CARTESIAN_POINT ( 'NONE',  ( 0.5250000000000000222, 1.000000000000000000, 1.525000000000000133 ) ) ;
#4170 = EDGE_LOOP ( 'NONE', ( #4013, #4640, #2054, #7621 ) ) ;
#4171 = ORIENTED_EDGE ( 'NONE', *, *, #948, .T. ) ;
#4172 = EDGE_CURVE ( 'NONE', #6576, #8634, #7779, .T. ) ;
#4173 = VERTEX_POINT ( 'NONE', #7509 ) ;
#4174 = COLOUR_RGB ( '',1.000000000000000000, 1.000000000000000000, 1.000000000000000000 ) ;
#4175 = VECTOR ( 'NONE', #9097, 1000.000000000000000 ) ;
#4176 = LINE ( 'NONE', #3642, #3016 ) ;
#4177 = ORIENTED_EDGE ( 'NONE', *, *, #8054, .T. ) ;
#4178 = CARTESIAN_POINT ( 'NONE',  ( 3.225000000000000089, 0.3500000000000000333, -2.024999999999999911 ) ) ;
#4179 = LINE ( 'NONE', #6679, #5090 ) ;
#4180 = ORIENTED_EDGE ( 'NONE', *, *, #6311, .F. ) ;
#4181 = EDGE_CURVE ( 'NONE', #2217, #5905, #7539, .T. ) ;
#4182 = PRODUCT_DEFINITION_FORMATION_WITH_SPECIFIED_SOURCE ( 'ANY', '', #1123, .NOT_KNOWN. ) ;
#4183 = EDGE_CURVE ( 'NONE', #467, #8634, #6163, .T. ) ;
#4184 = VECTOR ( 'NONE', #4188, 1000.000000000000000 ) ;
#4185 = ORIENTED_EDGE ( 'NONE', *, *, #1222, .T. ) ;
#4186 = FACE_BOUND ( 'NONE', #2993, .T. ) ;
#4187 = ORIENTED_EDGE ( 'NONE', *, *, #7672, .F. ) ;
#4188 = DIRECTION ( 'NONE',  ( 0.0000000000000000000, -1.000000000000000000, 0.0000000000000000000 ) ) ;
#4189 = STYLED_ITEM ( 'NONE', ( #5337 ), #7898 ) ;
#4190 = CARTESIAN_POINT ( 'NONE',  ( 3.234999999999999876, 1.649999999999999911, -1.025000000000000133 ) ) ;
#4191 = CARTESIAN_POINT ( 'NONE',  ( -2.475000000000000089, 3.600000000000000089, -1.425000000000000933 ) ) ;
#4192 = DIRECTION ( 'NONE',  ( 0.0000000000000000000, 0.0000000000000000000, 1.000000000000000000 ) ) ;
#4193 = LINE ( 'NONE', #7660, #9348 ) ;
#4194 = VERTEX_POINT ( 'NONE', #9036 ) ;
#4195 = PLANE ( 'NONE',  #6614 ) ;
#4196 = PRESENTATION_STYLE_ASSIGNMENT (( #963 ) ) ;
#4197 = DIRECTION ( 'NONE',  ( 0.0000000000000000000, 0.0000000000000000000, -1.000000000000000000 ) ) ;
#4198 = PRESENTATION_STYLE_ASSIGNMENT (( #5555 ) ) ;
#4199 = DIRECTION ( 'NONE',  ( 1.000000000000000000, 0.0000000000000000000, 0.0000000000000000000 ) ) ;
#4200 = SURFACE_STYLE_FILL_AREA ( #585 ) ;
#4201 = EDGE_CURVE ( 'NONE', #1686, #2545, #6510, .T. ) ;
#4202 = ORIENTED_EDGE ( 'NONE', *, *, #2374, .F. ) ;
#4203 = VERTEX_POINT ( 'NONE', #7182 ) ;
#4204 = VECTOR ( 'NONE', #6175, 1000.000000000000000 ) ;
#4205 =( LENGTH_UNIT ( ) NAMED_UNIT ( * ) SI_UNIT ( .MILLI., .METRE. ) );
#4206 = LINE ( 'NONE', #5291, #8806 ) ;
#4207 = VECTOR ( 'NONE', #1379, 1000.000000000000000 ) ;
#4208 = VECTOR ( 'NONE', #2243, 1000.000000000000000 ) ;
#4209 = EDGE_CURVE ( 'NONE', #9, #2263, #1649, .T. ) ;
#4210 = CARTESIAN_POINT ( 'NONE',  ( 4.274999999999999467, 0.3499999999999999778, -2.075000000000000178 ) ) ;
#4211 = CARTESIAN_POINT ( 'NONE',  ( 4.264999999999999680, 0.0000000000000000000, -1.474999999999999867 ) ) ;
#4212 = EDGE_CURVE ( 'NONE', #2494, #7308, #4666, .T. ) ;
#4213 = CARTESIAN_POINT ( 'NONE',  ( -0.5250000000000000222, 1.850000000000000089, 0.0000000000000000000 ) ) ;
#4214 = DIRECTION ( 'NONE',  ( 0.0000000000000000000, 0.0000000000000000000, 1.000000000000000000 ) ) ;
#4215 = LINE ( 'NONE', #7888, #7665 ) ;
#4216 = DIRECTION ( 'NONE',  ( 1.000000000000000000, 0.0000000000000000000, 0.0000000000000000000 ) ) ;
#4217 = VECTOR ( 'NONE', #7811, 1000.000000000000000 ) ;
#4218 = DIRECTION ( 'NONE',  ( -0.0000000000000000000, 1.000000000000000000, 0.0000000000000000000 ) ) ;
#4219 = AXIS2_PLACEMENT_3D ( 'NONE', #4045, #4110, #4779 ) ;
#4220 = VECTOR ( 'NONE', #1461, 1000.000000000000000 ) ;
#4221 = EDGE_CURVE ( 'NONE', #5295, #3890, #2591, .T. ) ;
#4222 = EDGE_LOOP ( 'NONE', ( #3692, #3275, #4416, #4364 ) ) ;
#4223 =( NAMED_UNIT ( * ) PLANE_ANGLE_UNIT ( ) SI_UNIT ( $, .RADIAN. ) );
#4224 = ORIENTED_EDGE ( 'NONE', *, *, #1671, .T. ) ;
#4225 = EDGE_CURVE ( 'NONE', #2402, #6322, #8476, .T. ) ;
#4226 = CARTESIAN_POINT ( 'NONE',  ( 4.275000000000000355, 0.5000000000000000000, -1.525000000000000133 ) ) ;
#4227 = VERTEX_POINT ( 'NONE', #4343 ) ;
#4228 = EDGE_LOOP ( 'NONE', ( #3775, #6610, #8526, #8199, #4376, #3709 ) ) ;
#4229 = ADVANCED_FACE ( 'NONE', ( #8250 ), #671, .T. ) ;
#4230 = DIRECTION ( 'NONE',  ( 0.0000000000000000000, 0.0000000000000000000, -1.000000000000000000 ) ) ;
#4231 = DIRECTION ( 'NONE',  ( 0.0000000000000000000, 0.0000000000000000000, 1.000000000000000000 ) ) ;
#4232 = LINE ( 'NONE', #6851, #8154 ) ;
#4233 = VERTEX_POINT ( 'NONE', #3534 ) ;
#4234 = ORIENTED_EDGE ( 'NONE', *, *, #1492, .T. ) ;
#4235 = EDGE_CURVE ( 'NONE', #6865, #7868, #5827, .T. ) ;
#4236 = ORIENTED_EDGE ( 'NONE', *, *, #635, .F. ) ;
#4237 = PLANE ( 'NONE',  #495 ) ;
#4238 = DIRECTION ( 'NONE',  ( 0.0000000000000000000, -1.000000000000000000, 0.0000000000000000000 ) ) ;
#4239 = ORIENTED_EDGE ( 'NONE', *, *, #9493, .T. ) ;
#4240 = DIRECTION ( 'NONE',  ( 0.0000000000000000000, 1.000000000000000000, -3.295974604355814534E-17 ) ) ;
#4241 = LINE ( 'NONE', #1474, #5638 ) ;
#4242 = ORIENTED_EDGE ( 'NONE', *, *, #6982, .T. ) ;
#4243 = VERTEX_POINT ( 'NONE', #643 ) ;
#4244 = PLANE ( 'NONE',  #8624 ) ;
#4245 = VERTEX_POINT ( 'NONE', #3610 ) ;
#4246 = CARTESIAN_POINT ( 'NONE',  ( 0.5250000000000000222, 1.000000000000000000, 0.0000000000000000000 ) ) ;
#4247 = AXIS2_PLACEMENT_3D ( 'NONE', #8679, #6557, #2009 ) ;
#4248 = STYLED_ITEM ( 'NONE', ( #2216 ), #5613 ) ;
#4249 = CARTESIAN_POINT ( 'NONE',  ( 5.724999999999999645, 0.3499999999999999778, -2.075000000000000178 ) ) ;
#4250 = EDGE_LOOP ( 'NONE', ( #9233, #6216, #6357, #821 ) ) ;
#4251 = VECTOR ( 'NONE', #8646, 1000.000000000000000 ) ;
#4252 = EDGE_CURVE ( 'NONE', #8236, #4816, #8351, .T. ) ;
#4253 = PLANE ( 'NONE',  #4645 ) ;
#4254 = PLANE ( 'NONE',  #4324 ) ;
#4255 = ORIENTED_EDGE ( 'NONE', *, *, #78, .T. ) ;
#4256 = ADVANCED_FACE ( 'NONE', ( #3873 ), #1279, .T. ) ;
#4257 = ORIENTED_EDGE ( 'NONE', *, *, #1041, .T. ) ;
#4258 = ORIENTED_EDGE ( 'NONE', *, *, #2829, .T. ) ;
#4259 = DIRECTION ( 'NONE',  ( 0.0000000000000000000, 0.0000000000000000000, -1.000000000000000000 ) ) ;
#4260 = ORIENTED_EDGE ( 'NONE', *, *, #4122, .T. ) ;
#4261 = VECTOR ( 'NONE', #6332, 1000.000000000000000 ) ;
#4262 = LINE ( 'NONE', #2310, #2300 ) ;
#4263 = EDGE_LOOP ( 'NONE', ( #242, #5705, #7943, #1938 ) ) ;
#4264 = ORIENTED_EDGE ( 'NONE', *, *, #5376, .T. ) ;
#4266 = EDGE_LOOP ( 'NONE', ( #9407, #2968, #2695, #7508 ) ) ;
#4265 = DIRECTION ( 'NONE',  ( 0.0000000000000000000, 4.003208021484939327E-15, -1.000000000000000000 ) ) ;
#4267 = EDGE_CURVE ( 'NONE', #3372, #3355, #6622, .T. ) ;
#4268 = CARTESIAN_POINT ( 'NONE',  ( -2.274999999999999911, 2.250000000000000000, -2.024999999999999911 ) ) ;
#4269 = ORIENTED_EDGE ( 'NONE', *, *, #2851, .T. ) ;
#4270 = VERTEX_POINT ( 'NONE', #612 ) ;
#4271 = EDGE_CURVE ( 'NONE', #1213, #1337, #4791, .T. ) ;
#4272 = LINE ( 'NONE', #8576, #6577 ) ;
#4273 = PLANE ( 'NONE',  #6881 ) ;
#4274 = LINE ( 'NONE', #7150, #6232 ) ;
#4275 = ORIENTED_EDGE ( 'NONE', *, *, #1811, .F. ) ;
#4276 = EDGE_LOOP ( 'NONE', ( #5887, #8215, #1848, #6989, #9107, #601, #4952, #6455, #8987, #5891, #6296, #6261, #6538, #1996, #3807, #7586, #7264, #7099, #715, #2754, #5304, #8749, #468, #3140, #3213, #5531, #899, #818, #7406, #493, #4638, #3200, #4083, #3148, #8803, #5548 ) ) ;
#4277 = DIRECTION ( 'NONE',  ( -0.0000000000000000000, 0.7468134723257140450, 0.6650335612228979176 ) ) ;
#4278 = CARTESIAN_POINT ( 'NONE',  ( 4.485000000000000320, 1.850000000000000089, -2.024999999999999911 ) ) ;
#4279 = CARTESIAN_POINT ( 'NONE',  ( 1.775000000000000133, 1.850000000000000089, 0.0000000000000000000 ) ) ;
#4280 = ORIENTED_EDGE ( 'NONE', *, *, #3426, .T. ) ;
#4281 = AXIS2_PLACEMENT_3D ( 'NONE', #2821, #2182, #7326 ) ;
#4282 = FACE_OUTER_BOUND ( 'NONE', #6116, .T. ) ;
#4283 = DIRECTION ( 'NONE',  ( -1.000000000000000000, 0.0000000000000000000, 0.0000000000000000000 ) ) ;
#4284 = EDGE_CURVE ( 'NONE', #8036, #4970, #2368, .T. ) ;
#4285 = LINE ( 'NONE', #2186, #374 ) ;
#4286 = CARTESIAN_POINT ( 'NONE',  ( 1.775000000000000133, 1.850000000000000089, 2.024999999999999911 ) ) ;
#4287 = VECTOR ( 'NONE', #5211, 1000.000000000000114 ) ;
#4288 = EDGE_CURVE ( 'NONE', #6215, #5427, #969, .T. ) ;
#4289 = DIRECTION ( 'NONE',  ( 0.0000000000000000000, 1.000000000000000000, 0.0000000000000000000 ) ) ;
#4290 = ORIENTED_EDGE ( 'NONE', *, *, #7199, .F. ) ;
#4291 = VERTEX_POINT ( 'NONE', #5214 ) ;
#4292 = VECTOR ( 'NONE', #6108, 1000.000000000000000 ) ;
#4293 = ORIENTED_EDGE ( 'NONE', *, *, #2919, .T. ) ;
#4294 = ADVANCED_FACE ( 'NONE', ( #8698 ), #7580, .F. ) ;
#4295 = CARTESIAN_POINT ( 'NONE',  ( 0.7250000000000000888, 1.000000000000000000, 0.0000000000000000000 ) ) ;
#4296 = VECTOR ( 'NONE', #6830, 1000.000000000000000 ) ;
#4297 = EDGE_CURVE ( 'NONE', #4735, #7630, #7886, .T. ) ;
#4298 = VERTEX_POINT ( 'NONE', #5948 ) ;
#4299 = CARTESIAN_POINT ( 'NONE',  ( 5.525000000000000355, 1.350000000000000089, -1.525000000000000133 ) ) ;
#4300 = CARTESIAN_POINT ( 'NONE',  ( 1.775000000000000133, 0.0000000000000000000, -2.024999999999999911 ) ) ;
#4301 = EDGE_LOOP ( 'NONE', ( #1896, #5017, #6699, #3686, #2971, #3190 ) ) ;
#4302 = VECTOR ( 'NONE', #1582, 1000.000000000000000 ) ;
#4303 = FACE_OUTER_BOUND ( 'NONE', #1513, .T. ) ;
#4304 = LINE ( 'NONE', #1306, #400 ) ;
#4305 = DIRECTION ( 'NONE',  ( 1.000000000000000000, 0.0000000000000000000, 0.0000000000000000000 ) ) ;
#4306 = CARTESIAN_POINT ( 'NONE',  ( -2.274999999999999911, 0.0000000000000000000, 0.0000000000000000000 ) ) ;
#4307 = PRESENTATION_LAYER_ASSIGNMENT (  '', '', ( #856 ) ) ;
#4308 = DIRECTION ( 'NONE',  ( -1.000000000000000000, 0.0000000000000000000, 0.0000000000000000000 ) ) ;
#4309 = COLOUR_RGB ( '',0.6470588235294117974, 0.6196078431372549211, 0.5882352941176470784 ) ;
#4310 = ORIENTED_EDGE ( 'NONE', *, *, #8121, .F. ) ;
#4311 = CARTESIAN_POINT ( 'NONE',  ( 4.264999999999999680, 1.649999999999999911, -1.698606797699999893 ) ) ;
#4312 = CARTESIAN_POINT ( 'NONE',  ( -0.5150000000000000133, 1.649999999999999911, -1.474999999999999867 ) ) ;
#4313 = CARTESIAN_POINT ( 'NONE',  ( 4.474999999999999645, 0.0000000000000000000, -1.525000000000000133 ) ) ;
#4314 = CARTESIAN_POINT ( 'NONE',  ( 4.275000000000000355, -0.004464445899999999919, 0.003975566199999999890 ) ) ;
#4315 = PLANE ( 'NONE',  #9225 ) ;
#4316 = LINE ( 'NONE', #9065, #4652 ) ;
#4317 = MANIFOLD_SOLID_BREP ( 'Combine6', #7407 ) ;
#4318 = DIRECTION ( 'NONE',  ( 0.0000000000000000000, 0.0000000000000000000, -1.000000000000000000 ) ) ;
#4319 = VECTOR ( 'NONE', #1088, 1000.000000000000000 ) ;
#4320 = CARTESIAN_POINT ( 'NONE',  ( -0.8750000000000000000, 2.250000000000000000, 1.505384757699999909 ) ) ;
#4321 = CARTESIAN_POINT ( 'NONE',  ( 0.7249999999999999778, 1.315130797599999957, 1.171117220399999770 ) ) ;
#4322 = EDGE_LOOP ( 'NONE', ( #1700, #8632, #7698, #4073 ) ) ;
#4323 = ORIENTED_EDGE ( 'NONE', *, *, #1785, .F. ) ;
#4324 = AXIS2_PLACEMENT_3D ( 'NONE', #1219, #2052, #5009 ) ;
#4325 = DIRECTION ( 'NONE',  ( 0.0000000000000000000, -1.084202172485501673E-15, -1.000000000000000000 ) ) ;
#4326 = DIRECTION ( 'NONE',  ( -1.000000000000000000, 0.0000000000000000000, 0.0000000000000000000 ) ) ;
#4327 = LINE ( 'NONE', #1253, #9256 ) ;
#4328 = AXIS2_PLACEMENT_3D ( 'NONE', #688, #5870, #1439 ) ;
#4329 = LINE ( 'NONE', #7914, #3982 ) ;
#4330 = CARTESIAN_POINT ( 'NONE',  ( 5.000000000000000888, 0.0000000000000000000, -1.025000000000000133 ) ) ;
#4331 = ORIENTED_EDGE ( 'NONE', *, *, #3464, .T. ) ;
#4332 = CARTESIAN_POINT ( 'NONE',  ( 4.275000000000000355, 1.850000000000000089, 2.024999999999999911 ) ) ;
#4333 = CARTESIAN_POINT ( 'NONE',  ( 3.234999999999999876, 1.850000000000000089, -1.025000000000000133 ) ) ;
#4334 = EDGE_CURVE ( 'NONE', #1154, #6117, #4111, .T. ) ;
#4335 = VECTOR ( 'NONE', #1147, 1000.000000000000000 ) ;
#4336 = DIRECTION ( 'NONE',  ( 0.0000000000000000000, -1.000000000000000000, 0.0000000000000000000 ) ) ;
#4337 = CARTESIAN_POINT ( 'NONE',  ( 4.274999999999999467, 0.3500000000000000333, -2.024999999999999911 ) ) ;
#4338 = ORIENTED_EDGE ( 'NONE', *, *, #7965, .F. ) ;
#4339 = ADVANCED_FACE ( 'NONE', ( #9259 ), #8779, .T. ) ;
#4340 = CARTESIAN_POINT ( 'NONE',  ( -2.875000000000000000, 3.600000000000000977, -0.07499999999999998335 ) ) ;
#4341 = CARTESIAN_POINT ( 'NONE',  ( 0.7250000000000000888, 0.05000000000000002359, -1.524999999999999689 ) ) ;
#4342 = CARTESIAN_POINT ( 'NONE',  ( 3.225000000000000089, 0.5000000000000000000, 2.024999999999999911 ) ) ;
#4343 = CARTESIAN_POINT ( 'NONE',  ( -2.475000000000000089, 1.999999999999998668, -1.425000000000000933 ) ) ;
#4344 = EDGE_CURVE ( 'NONE', #598, #4233, #9491, .T. ) ;
#4345 = DIRECTION ( 'NONE',  ( 0.0000000000000000000, 0.0000000000000000000, 1.000000000000000000 ) ) ;
#4346 = ORIENTED_EDGE ( 'NONE', *, *, #3550, .F. ) ;
#4347 = CARTESIAN_POINT ( 'NONE',  ( -0.8249999999999999556, 1.850000000000000089, -1.698606797699999893 ) ) ;
#4348 = CARTESIAN_POINT ( 'NONE',  ( 6.175000000000000711, 2.550000000000000266, 2.024999999999999911 ) ) ;
#4349 = LINE ( 'NONE', #9307, #3079 ) ;
#4350 = ORIENTED_EDGE ( 'NONE', *, *, #4894, .F. ) ;
#4351 = CARTESIAN_POINT ( 'NONE',  ( 5.525000000000000355, 1.649999999999999911, 2.024999999999999911 ) ) ;
#4352 = ORIENTED_EDGE ( 'NONE', *, *, #471, .F. ) ;
#4353 = VERTEX_POINT ( 'NONE', #223 ) ;
#4354 = DIRECTION ( 'NONE',  ( 0.0000000000000000000, 0.0000000000000000000, -1.000000000000000000 ) ) ;
#4355 = EDGE_CURVE ( 'NONE', #3108, #8277, #7304, .T. ) ;
#4356 = DIRECTION ( 'NONE',  ( 0.0000000000000000000, 0.0000000000000000000, -1.000000000000000000 ) ) ;
#4357 = ORIENTED_EDGE ( 'NONE', *, *, #322, .F. ) ;
#4358 = EDGE_CURVE ( 'NONE', #1297, #4140, #2125, .T. ) ;
#4359 = FACE_OUTER_BOUND ( 'NONE', #9507, .T. ) ;
#4360 = FILL_AREA_STYLE_COLOUR ( '', #7023 ) ;
#4361 = ORIENTED_EDGE ( 'NONE', *, *, #7487, .T. ) ;
#4362 = ORIENTED_EDGE ( 'NONE', *, *, #6091, .T. ) ;
#4363 = LINE ( 'NONE', #2296, #5854 ) ;
#4364 = ORIENTED_EDGE ( 'NONE', *, *, #7025, .T. ) ;
#4365 = DIRECTION ( 'NONE',  ( 0.0000000000000000000, 0.0000000000000000000, 1.000000000000000000 ) ) ;
#4366 = CARTESIAN_POINT ( 'NONE',  ( 5.525000000000000355, 1.649999999999999911, -1.698606797699999893 ) ) ;
#4367 = VERTEX_POINT ( 'NONE', #5137 ) ;
#4368 = PRESENTATION_STYLE_ASSIGNMENT (( #4682 ) ) ;
#4369 = MECHANICAL_DESIGN_GEOMETRIC_PRESENTATION_REPRESENTATION (  '', ( #5362 ), #3068 ) ;
#4370 = CARTESIAN_POINT ( 'NONE',  ( 5.525000000000000355, 1.850000000000000089, 2.024999999999999911 ) ) ;
#4371 = VECTOR ( 'NONE', #26, 1000.000000000000000 ) ;
#4372 = ORIENTED_EDGE ( 'NONE', *, *, #4783, .T. ) ;
#4373 =( NAMED_UNIT ( * ) PLANE_ANGLE_UNIT ( ) SI_UNIT ( $, .RADIAN. ) );
#4374 = CARTESIAN_POINT ( 'NONE',  ( 5.424999999999999822, 1.850000000000000089, 2.024999999999999911 ) ) ;
#4375 = ADVANCED_FACE ( 'NONE', ( #7073 ), #952, .F. ) ;
#4376 = ORIENTED_EDGE ( 'NONE', *, *, #4893, .T. ) ;
#4377 = DIRECTION ( 'NONE',  ( 0.0000000000000000000, 0.0000000000000000000, -1.000000000000000000 ) ) ;
#4378 = PLANE ( 'NONE',  #6293 ) ;
#4379 = DIRECTION ( 'NONE',  ( 0.0000000000000000000, 0.0000000000000000000, -1.000000000000000000 ) ) ;
#4380 = CARTESIAN_POINT ( 'NONE',  ( 1.675000000000000044, 1.850000000000000089, -1.698606797699999893 ) ) ;
#4381 = ORIENTED_EDGE ( 'NONE', *, *, #1254, .F. ) ;
#4382 = CARTESIAN_POINT ( 'NONE',  ( 4.474999999999999645, 0.5547525681000000652, 2.024999999999999911 ) ) ;
#4383 = LINE ( 'NONE', #442, #8287 ) ;
#4384 = DIRECTION ( 'NONE',  ( 0.0000000000000000000, 0.0000000000000000000, 1.000000000000000000 ) ) ;
#4385 = ORIENTED_EDGE ( 'NONE', *, *, #605, .T. ) ;
#4386 = DIRECTION ( 'NONE',  ( 0.0000000000000000000, 0.0000000000000000000, -1.000000000000000000 ) ) ;
#4387 = LINE ( 'NONE', #1228, #4949 ) ;
#4388 = ORIENTED_EDGE ( 'NONE', *, *, #788, .F. ) ;
#4389 = AXIS2_PLACEMENT_3D ( 'NONE', #9178, #388, #7620 ) ;
#4390 = EDGE_LOOP ( 'NONE', ( #7799, #6670, #2503, #7903 ) ) ;
#4391 = VERTEX_POINT ( 'NONE', #2170 ) ;
#4392 = ORIENTED_EDGE ( 'NONE', *, *, #1633, .T. ) ;
#4393 = EDGE_CURVE ( 'NONE', #5905, #8693, #3759, .T. ) ;
#4394 = DIRECTION ( 'NONE',  ( 0.0000000000000000000, 0.0000000000000000000, 1.000000000000000000 ) ) ;
#4395 = VERTEX_POINT ( 'NONE', #7386 ) ;
#4396 = VECTOR ( 'NONE', #4644, 1000.000000000000000 ) ;
#4397 = DIRECTION ( 'NONE',  ( 0.0000000000000000000, -1.000000000000000000, 0.0000000000000000000 ) ) ;
#4398 = VECTOR ( 'NONE', #5797, 1000.000000000000000 ) ;
#4399 = VERTEX_POINT ( 'NONE', #6592 ) ;
#4400 = CARTESIAN_POINT ( 'NONE',  ( -0.7249999999999999778, 1.649999999999999911, -1.025000000000000133 ) ) ;
#4401 = ORIENTED_EDGE ( 'NONE', *, *, #7672, .T. ) ;
#4402 = EDGE_LOOP ( 'NONE', ( #1907, #811, #1670, #3009 ) ) ;
#4403 = EDGE_CURVE ( 'NONE', #1860, #9384, #9141, .T. ) ;
#4404 = LINE ( 'NONE', #4772, #3830 ) ;
#4405 = FACE_OUTER_BOUND ( 'NONE', #2289, .T. ) ;
#4406 = EDGE_CURVE ( 'NONE', #7630, #2758, #3980, .T. ) ;
#4407 = EDGE_CURVE ( 'NONE', #7017, #8365, #7173, .T. ) ;
#4408 = PLANE ( 'NONE',  #8916 ) ;
#4409 = ORIENTED_EDGE ( 'NONE', *, *, #7532, .F. ) ;
#4410 =( NAMED_UNIT ( * ) SI_UNIT ( $, .STERADIAN. ) SOLID_ANGLE_UNIT ( ) );
#4411 = VECTOR ( 'NONE', #4259, 1000.000000000000000 ) ;
#4412 = ORIENTED_EDGE ( 'NONE', *, *, #4055, .T. ) ;
#4413 = CARTESIAN_POINT ( 'NONE',  ( 0.7249999999999998668, -0.6500000000000000222, -2.075000000000000178 ) ) ;
#4414 = SURFACE_STYLE_FILL_AREA ( #3900 ) ;
#4415 = DIRECTION ( 'NONE',  ( 0.0000000000000000000, -1.000000000000000000, 0.0000000000000000000 ) ) ;
#4416 = ORIENTED_EDGE ( 'NONE', *, *, #8363, .T. ) ;
#4417 = VECTOR ( 'NONE', #1393, 1000.000000000000000 ) ;
#4418 = CARTESIAN_POINT ( 'NONE',  ( 4.474999999999999645, 0.05000000000000002359, -1.775000000000000133 ) ) ;
#4419 = CARTESIAN_POINT ( 'NONE',  ( 0.5250000000000000222, 1.850000000000000089, -1.698606797699999893 ) ) ;
#4420 = CARTESIAN_POINT ( 'NONE',  ( 5.725000000000000533, 1.000000000000000000, 1.525000000000000133 ) ) ;
#4421 = AXIS2_PLACEMENT_3D ( 'NONE', #8387, #2467, #926 ) ;
#4422 = EDGE_LOOP ( 'NONE', ( #4765, #5524, #6195, #8307 ) ) ;
#4423 = ORIENTED_EDGE ( 'NONE', *, *, #7871, .F. ) ;
#4424 = EDGE_CURVE ( 'NONE', #9321, #7458, #9363, .T. ) ;
#4425 = EDGE_CURVE ( 'NONE', #8372, #4245, #7422, .T. ) ;
#4426 = FACE_OUTER_BOUND ( 'NONE', #681, .T. ) ;
#4427 = PLANE ( 'NONE',  #3975 ) ;
#4428 = CARTESIAN_POINT ( 'NONE',  ( 5.725000000000000533, 1.850000000000000089, 2.024999999999999911 ) ) ;
#4429 = VECTOR ( 'NONE', #8475, 1000.000000000000000 ) ;
#4430 =( NAMED_UNIT ( * ) SI_UNIT ( $, .STERADIAN. ) SOLID_ANGLE_UNIT ( ) );
#4431 = DIRECTION ( 'NONE',  ( 0.0000000000000000000, 0.0000000000000000000, -1.000000000000000000 ) ) ;
#4432 = LINE ( 'NONE', #3944, #508 ) ;
#4433 = ORIENTED_EDGE ( 'NONE', *, *, #8239, .T. ) ;
#4434 = ORIENTED_EDGE ( 'NONE', *, *, #2095, .T. ) ;
#4435 = LINE ( 'NONE', #8283, #395 ) ;
#4436 = EDGE_CURVE ( 'NONE', #6215, #4852, #62, .T. ) ;
#4437 = CARTESIAN_POINT ( 'NONE',  ( 7.500000000000001776, 4.240000000000000213, -2.024999999999999911 ) ) ;
#4438 = VECTOR ( 'NONE', #3350, 1000.000000000000000 ) ;
#4439 = VECTOR ( 'NONE', #2937, 1000.000000000000000 ) ;
#4440 = ORIENTED_EDGE ( 'NONE', *, *, #93, .F. ) ;
#4441 = LINE ( 'NONE', #5143, #2464 ) ;
#4442 = ADVANCED_FACE ( 'NONE', ( #1534 ), #4790, .T. ) ;
#4443 = AXIS2_PLACEMENT_3D ( 'NONE', #4572, #6114, #6055 ) ;
#4444 = FACE_OUTER_BOUND ( 'NONE', #1170, .T. ) ;
#4445 = PLANE ( 'NONE',  #3099 ) ;
#4446 = DIRECTION ( 'NONE',  ( 0.0000000000000000000, 0.0000000000000000000, 1.000000000000000000 ) ) ;
#4447 = DIRECTION ( 'NONE',  ( -0.0000000000000000000, 1.000000000000000000, 0.0000000000000000000 ) ) ;
#4448 = CARTESIAN_POINT ( 'NONE',  ( 7.025000000000001243, 1.980741759643274369, -1.925000000000000933 ) ) ;
#4449 = CARTESIAN_POINT ( 'NONE',  ( 4.274999999999999467, 0.05000000000000002359, -1.524999999999999689 ) ) ;
#4450 = LINE ( 'NONE', #3412, #296 ) ;
#4451 = CARTESIAN_POINT ( 'NONE',  ( -0.5250000000000000222, 1.000000000000000000, 1.525000000000000133 ) ) ;
#4452 = CARTESIAN_POINT ( 'NONE',  ( 5.735000000000000320, 1.000000000000000000, -1.025000000000000133 ) ) ;
#4453 = ORIENTED_EDGE ( 'NONE', *, *, #3059, .T. ) ;
#4454 = VECTOR ( 'NONE', #5526, 1000.000000000000000 ) ;
#4455 = CARTESIAN_POINT ( 'NONE',  ( -0.5250000000000000222, 1.350000000000000089, -1.525000000000000133 ) ) ;
#4456 = DIRECTION ( 'NONE',  ( 0.0000000000000000000, -3.252606517456512513E-15, 1.000000000000000000 ) ) ;
#4457 = ADVANCED_FACE ( 'NONE', ( #8697 ), #3305, .F. ) ;
#4458 = VERTEX_POINT ( 'NONE', #7647 ) ;
#4459 = SURFACE_SIDE_STYLE ('',( #5467 ) ) ;
#4460 = VECTOR ( 'NONE', #5883, 1000.000000000000000 ) ;
#4461 = DIRECTION ( 'NONE',  ( 0.0000000000000000000, 1.000000000000000000, 0.0000000000000000000 ) ) ;
#4462 = VECTOR ( 'NONE', #1210, 1000.000000000000000 ) ;
#4463 = EDGE_CURVE ( 'NONE', #3199, #1517, #4789, .T. ) ;
#4464 = DIRECTION ( 'NONE',  ( 0.0000000000000000000, -1.084202172485501673E-15, -1.000000000000000000 ) ) ;
#4465 = EDGE_CURVE ( 'NONE', #4173, #1252, #6275, .T. ) ;
#4466 = DIRECTION ( 'NONE',  ( 0.0000000000000000000, -1.000000000000000000, 0.0000000000000000000 ) ) ;
#4467 = CARTESIAN_POINT ( 'NONE',  ( 7.375000000000001776, 3.149999999999999911, 0.02500000000000000139 ) ) ;
#4468 = COLOUR_RGB ( '',1.000000000000000000, 1.000000000000000000, 1.000000000000000000 ) ;
#4469 = COLOUR_RGB ( '',1.000000000000000000, 1.000000000000000000, 1.000000000000000000 ) ;
#4470 = CLOSED_SHELL ( 'NONE', ( #637, #5835, #2106, #3941, #8209, #1420, #4963, #4650, #9424, #2068, #7467, #8459, #136, #6188, #3205, #2692, #3250, #4782 ) ) ;
#4471 = SURFACE_STYLE_USAGE ( .BOTH. , #3738 ) ;
#4472 = ORIENTED_EDGE ( 'NONE', *, *, #3181, .F. ) ;
#4473 = ORIENTED_EDGE ( 'NONE', *, *, #7226, .T. ) ;
#4474 = DIRECTION ( 'NONE',  ( -1.000000000000000000, 0.0000000000000000000, 0.0000000000000000000 ) ) ;
#4475 = DIRECTION ( 'NONE',  ( 1.000000000000000000, 0.0000000000000000000, 0.0000000000000000000 ) ) ;
#4476 = VECTOR ( 'NONE', #6345, 1000.000000000000000 ) ;
#4477 = CARTESIAN_POINT ( 'NONE',  ( 1.975000000000000089, 0.0000000000000000000, -1.525000000000000133 ) ) ;
#4478 = VERTEX_POINT ( 'NONE', #291 ) ;
#4479 = EDGE_CURVE ( 'NONE', #1792, #2133, #6049, .T. ) ;
#4480 = EDGE_LOOP ( 'NONE', ( #8625, #1011, #6344, #5251, #5168 ) ) ;
#4481 = ADVANCED_FACE ( 'NONE', ( #866 ), #6172, .F. ) ;
#4482 = CARTESIAN_POINT ( 'NONE',  ( 5.725000000000000533, 0.0000000000000000000, 2.024999999999999911 ) ) ;
#4483 = ORIENTED_EDGE ( 'NONE', *, *, #9015, .F. ) ;
#4484 = ORIENTED_EDGE ( 'NONE', *, *, #6844, .F. ) ;
#4485 = LINE ( 'NONE', #7992, #5522 ) ;
#4486 = CARTESIAN_POINT ( 'NONE',  ( -2.274999999999999911, 0.6000000000000024203, 1.375000000000002442 ) ) ;
#4487 = EDGE_LOOP ( 'NONE', ( #3761, #986, #444, #7103 ) ) ;
#4488 = VERTEX_POINT ( 'NONE', #6205 ) ;
#4489 = FACE_OUTER_BOUND ( 'NONE', #3191, .T. ) ;
#4490 = ORIENTED_EDGE ( 'NONE', *, *, #2776, .F. ) ;
#4491 = DIRECTION ( 'NONE',  ( 1.000000000000000000, 0.0000000000000000000, 0.0000000000000000000 ) ) ;
#4492 = CARTESIAN_POINT ( 'NONE',  ( -0.7349999999999999867, 1.649999999999999911, -1.025000000000000133 ) ) ;
#4493 = EDGE_CURVE ( 'NONE', #8938, #2729, #8917, .T. ) ;
#4494 = DIRECTION ( 'NONE',  ( 0.0000000000000000000, 0.0000000000000000000, -1.000000000000000000 ) ) ;
#4495 = PRESENTATION_LAYER_ASSIGNMENT (  '', '', ( #3818 ) ) ;
#4496 = DIRECTION ( 'NONE',  ( 0.0000000000000000000, -1.000000000000000000, 0.0000000000000000000 ) ) ;
#4497 = ORIENTED_EDGE ( 'NONE', *, *, #9133, .T. ) ;
#4498 = LINE ( 'NONE', #8735, #1473 ) ;
#4499 = LINE ( 'NONE', #2911, #2517 ) ;
#4500 = ORIENTED_EDGE ( 'NONE', *, *, #8711, .F. ) ;
#4501 = ORIENTED_EDGE ( 'NONE', *, *, #7325, .T. ) ;
#4502 = CARTESIAN_POINT ( 'NONE',  ( -0.5250000000000000222, 0.0000000000000000000, 2.024999999999999911 ) ) ;
#4503 = ORIENTED_EDGE ( 'NONE', *, *, #4707, .T. ) ;
#4504 = UNCERTAINTY_MEASURE_WITH_UNIT (LENGTH_MEASURE( 1.000000000000000082E-05 ), #9235, 'distance_accuracy_value', 'NONE');
#4505 =( GEOMETRIC_REPRESENTATION_CONTEXT ( 3 ) GLOBAL_UNCERTAINTY_ASSIGNED_CONTEXT ( ( #2767 ) ) GLOBAL_UNIT_ASSIGNED_CONTEXT ( ( #2780, #7930, #3604 ) ) REPRESENTATION_CONTEXT ( 'NONE', 'WORKASPACE' ) );
#4506 = MECHANICAL_DESIGN_GEOMETRIC_PRESENTATION_REPRESENTATION (  '', ( #5675 ), #3192 ) ;
#4507 = ORIENTED_EDGE ( 'NONE', *, *, #7136, .T. ) ;
#4508 = CARTESIAN_POINT ( 'NONE',  ( 1.775000000000000133, 1.649999999999999911, -1.474999999999999867 ) ) ;
#4509 = LINE ( 'NONE', #2715, #5060 ) ;
#4510 = VECTOR ( 'NONE', #4543, 1000.000000000000000 ) ;
#4511 = VERTEX_POINT ( 'NONE', #8424 ) ;
#4512 = SURFACE_STYLE_USAGE ( .BOTH. , #8928 ) ;
#4513 = ORIENTED_EDGE ( 'NONE', *, *, #8997, .F. ) ;
#4514 = PLANE ( 'NONE',  #4814 ) ;
#4515 = ORIENTED_EDGE ( 'NONE', *, *, #78, .F. ) ;
#4516 = PLANE ( 'NONE',  #2642 ) ;
#4517 =( NAMED_UNIT ( * ) PLANE_ANGLE_UNIT ( ) SI_UNIT ( $, .RADIAN. ) );
#4518 = ORIENTED_EDGE ( 'NONE', *, *, #823, .F. ) ;
#4519 = LINE ( 'NONE', #9290, #6788 ) ;
#4520 = STYLED_ITEM ( 'NONE', ( #1084 ), #4906 ) ;
#4521 = VECTOR ( 'NONE', #5704, 1000.000000000000000 ) ;
#4522 = ORIENTED_EDGE ( 'NONE', *, *, #417, .F. ) ;
#4523 = LINE ( 'NONE', #7999, #2541 ) ;
#4524 = EDGE_CURVE ( 'NONE', #4526, #1227, #6825, .T. ) ;
#4525 = AXIS2_PLACEMENT_3D ( 'NONE', #854, #6729, #2260 ) ;
#4526 = VERTEX_POINT ( 'NONE', #3373 ) ;
#4527 = LINE ( 'NONE', #2155, #1849 ) ;
#4528 = LINE ( 'NONE', #5325, #2549 ) ;
#4529 = LINE ( 'NONE', #5450, #7739 ) ;
#4530 = DIRECTION ( 'NONE',  ( 1.000000000000000000, 0.0000000000000000000, 0.0000000000000000000 ) ) ;
#4531 = ORIENTED_EDGE ( 'NONE', *, *, #819, .T. ) ;
#4532 = ORIENTED_EDGE ( 'NONE', *, *, #6436, .T. ) ;
#4533 = EDGE_CURVE ( 'NONE', #7868, #8496, #6953, .T. ) ;
#4534 = VECTOR ( 'NONE', #2272, 1000.000000000000114 ) ;
#4535 = FACE_OUTER_BOUND ( 'NONE', #3817, .T. ) ;
#4536 = FACE_OUTER_BOUND ( 'NONE', #7126, .T. ) ;
#4537 = EDGE_CURVE ( 'NONE', #1689, #3010, #3394, .T. ) ;
#4538 = DIRECTION ( 'NONE',  ( 1.000000000000000000, 0.0000000000000000000, 0.0000000000000000000 ) ) ;
#4539 = ORIENTED_EDGE ( 'NONE', *, *, #4403, .T. ) ;
#4540 = LINE ( 'NONE', #6916, #954 ) ;
#4541 = DIRECTION ( 'NONE',  ( 0.0000000000000000000, 0.0000000000000000000, -1.000000000000000000 ) ) ;
#4542 = DIRECTION ( 'NONE',  ( -1.000000000000000000, 0.0000000000000000000, 0.0000000000000000000 ) ) ;
#4543 = DIRECTION ( 'NONE',  ( 0.0000000000000000000, 1.000000000000000000, 0.0000000000000000000 ) ) ;
#4544 = SURFACE_STYLE_FILL_AREA ( #5049 ) ;
#4545 = CARTESIAN_POINT ( 'NONE',  ( 5.725000000000000533, 1.315130797599999957, 1.171117220399999770 ) ) ;
#4546 = VECTOR ( 'NONE', #7283, 1000.000000000000000 ) ;
#4547 = ORIENTED_EDGE ( 'NONE', *, *, #8711, .T. ) ;
#4548 = EDGE_CURVE ( 'NONE', #7834, #1364, #4888, .T. ) ;
#4549 = EDGE_CURVE ( 'NONE', #2308, #3994, #5111, .T. ) ;
#4550 = CARTESIAN_POINT ( 'NONE',  ( 4.474999999999999645, -0.6500000000000000222, -1.775000000000000133 ) ) ;
#4551 = ORIENTED_EDGE ( 'NONE', *, *, #1538, .F. ) ;
#4552 = LINE ( 'NONE', #8430, #9023 ) ;
#4553 = CARTESIAN_POINT ( 'NONE',  ( 0.7250000000000000888, 1.850000000000000089, -1.025000000000000133 ) ) ;
#4554 = LINE ( 'NONE', #1051, #6048 ) ;
#4555 = LINE ( 'NONE', #6545, #8686 ) ;
#4556 = VECTOR ( 'NONE', #2667, 1000.000000000000000 ) ;
#4557 = STYLED_ITEM ( 'NONE', ( #7982 ), #7541 ) ;
#4558 = EDGE_CURVE ( 'NONE', #6446, #3124, #411, .T. ) ;
#4559 = CARTESIAN_POINT ( 'NONE',  ( 0.7349999999999999867, 1.850000000000000089, -2.024999999999999911 ) ) ;
#4560 = LINE ( 'NONE', #9410, #1196 ) ;
#4561 = SURFACE_STYLE_USAGE ( .BOTH. , #8821 ) ;
#4562 = ADVANCED_FACE ( 'NONE', ( #1193 ), #3436, .T. ) ;
#4563 = VECTOR ( 'NONE', #8602, 1000.000000000000000 ) ;
#4564 = VECTOR ( 'NONE', #55, 1000.000000000000000 ) ;
#4565 = CARTESIAN_POINT ( 'NONE',  ( 5.875000000000000888, 3.750000000000000000, -2.024999999999999911 ) ) ;
#4566 = LINE ( 'NONE', #5106, #2593 ) ;
#4567 = CARTESIAN_POINT ( 'NONE',  ( -1.875000000000000000, 3.750000000000000000, 0.02500000000000000139 ) ) ;
#4568 = CARTESIAN_POINT ( 'NONE',  ( 4.474999999999999645, -0.6500000000000000222, -2.075000000000000178 ) ) ;
#4569 = CARTESIAN_POINT ( 'NONE',  ( 3.324999999999999734, 1.649999999999999911, -1.698606797699999893 ) ) ;
#4570 = EDGE_CURVE ( 'NONE', #7408, #1746, #5243, .T. ) ;
#4571 = DIRECTION ( 'NONE',  ( 0.0000000000000000000, 0.0000000000000000000, 1.000000000000000000 ) ) ;
#4572 = CARTESIAN_POINT ( 'NONE',  ( 1.775000000000000133, 1.850000000000000089, -1.698606797699999893 ) ) ;
#4573 = VECTOR ( 'NONE', #3342, 1000.000000000000000 ) ;
#4574 = VECTOR ( 'NONE', #6967, 1000.000000000000000 ) ;
#4575 = DIRECTION ( 'NONE',  ( 0.0000000000000000000, 1.000000000000000000, 0.0000000000000000000 ) ) ;
#4576 = EDGE_LOOP ( 'NONE', ( #4802, #4423, #2833, #2626, #808, #4647, #7794, #8182 ) ) ;
#4577 = PLANE ( 'NONE',  #6638 ) ;
#4578 = ADVANCED_FACE ( 'NONE', ( #3508 ), #1322, .T. ) ;
#4579 = EDGE_CURVE ( 'NONE', #2156, #4511, #4555, .T. ) ;
#4580 = ORIENTED_EDGE ( 'NONE', *, *, #6567, .F. ) ;
#4581 = VERTEX_POINT ( 'NONE', #7205 ) ;
#4582 = EDGE_CURVE ( 'NONE', #7630, #3092, #7994, .T. ) ;
#4583 = ORIENTED_EDGE ( 'NONE', *, *, #7516, .T. ) ;
#4584 = PLANE ( 'NONE',  #7138 ) ;
#4585 = VERTEX_POINT ( 'NONE', #9494 ) ;
#4586 = ORIENTED_EDGE ( 'NONE', *, *, #3904, .F. ) ;
#4587 = CARTESIAN_POINT ( 'NONE',  ( 5.525000000000000355, 0.5000000000000000000, 2.024999999999999911 ) ) ;
#4588 = LINE ( 'NONE', #4508, #673 ) ;
#4589 = EDGE_LOOP ( 'NONE', ( #2423, #3288, #4945, #477 ) ) ;
#4590 = AXIS2_PLACEMENT_3D ( 'NONE', #1114, #3282, #2662 ) ;
#4591 = ORIENTED_EDGE ( 'NONE', *, *, #6924, .F. ) ;
#4592 = EDGE_CURVE ( 'NONE', #4298, #2783, #5016, .T. ) ;
#4593 = DIRECTION ( 'NONE',  ( 0.0000000000000000000, 0.0000000000000000000, -1.000000000000000000 ) ) ;
#4594 = VERTEX_POINT ( 'NONE', #4987 ) ;
#4595 = EDGE_CURVE ( 'NONE', #3667, #9329, #5601, .T. ) ;
#4596 = VECTOR ( 'NONE', #3740, 1000.000000000000000 ) ;
#4597 = LINE ( 'NONE', #6043, #7345 ) ;
#4598 = EDGE_LOOP ( 'NONE', ( #5057, #2759, #9070, #5843 ) ) ;
#4599 = DIRECTION ( 'NONE',  ( 0.0000000000000000000, 1.000000000000000000, 0.0000000000000000000 ) ) ;
#4600 = ORIENTED_EDGE ( 'NONE', *, *, #6144, .F. ) ;
#4601 = DIRECTION ( 'NONE',  ( -1.000000000000000000, 0.0000000000000000000, 0.0000000000000000000 ) ) ;
#4602 = ORIENTED_EDGE ( 'NONE', *, *, #7288, .F. ) ;
#4603 = LINE ( 'NONE', #9326, #6060 ) ;
#4604 = PLANE ( 'NONE',  #1512 ) ;
#4605 = EDGE_CURVE ( 'NONE', #9192, #2976, #2245, .T. ) ;
#4606 = LINE ( 'NONE', #4880, #8290 ) ;
#4607 = ORIENTED_EDGE ( 'NONE', *, *, #4288, .F. ) ;
#4608 = CARTESIAN_POINT ( 'NONE',  ( 7.275000000000001243, 3.599999999999999201, -0.07500000000000128786 ) ) ;
#4609 = ORIENTED_EDGE ( 'NONE', *, *, #1074, .F. ) ;
#4610 = VERTEX_POINT ( 'NONE', #6042 ) ;
#4611 = ORIENTED_EDGE ( 'NONE', *, *, #2611, .T. ) ;
#4612 = EDGE_LOOP ( 'NONE', ( #7595, #8264, #8851, #5862 ) ) ;
#4613 = VECTOR ( 'NONE', #274, 1000.000000000000000 ) ;
#4614 = CARTESIAN_POINT ( 'NONE',  ( -0.5250000000000000222, 1.850000000000000089, 2.024999999999999911 ) ) ;
#4615 = LINE ( 'NONE', #2814, #4398 ) ;
#4616 = ORIENTED_EDGE ( 'NONE', *, *, #8816, .T. ) ;
#4617 = STYLED_ITEM ( 'NONE', ( #6072 ), #3627 ) ;
#4618 = ORIENTED_EDGE ( 'NONE', *, *, #761, .F. ) ;
#4619 = DIRECTION ( 'NONE',  ( -0.0000000000000000000, 1.000000000000000000, 0.0000000000000000000 ) ) ;
#4620 = AXIS2_PLACEMENT_3D ( 'NONE', #3608, #2847, #4959 ) ;
#4621 = AXIS2_PLACEMENT_3D ( 'NONE', #1804, #381, #4817 ) ;
#4622 = ORIENTED_EDGE ( 'NONE', *, *, #1416, .T. ) ;
#4623 = FACE_OUTER_BOUND ( 'NONE', #7086, .T. ) ;
#4624 = CARTESIAN_POINT ( 'NONE',  ( 2.075000000000000178, 1.850000000000000089, -1.698606797699999893 ) ) ;
#4625 = ADVANCED_FACE ( 'NONE', ( #7303 ), #2363, .F. ) ;
#4626 = VECTOR ( 'NONE', #3995, 1000.000000000000000 ) ;
#4627 = CARTESIAN_POINT ( 'NONE',  ( 1.984999999999999876, 1.850000000000000089, -1.025000000000000133 ) ) ;
#4628 = CARTESIAN_POINT ( 'NONE',  ( -2.875000000000000000, 0.6000000000000076383, -0.2249999999999982014 ) ) ;
#4629 = DIRECTION ( 'NONE',  ( 0.0000000000000000000, 0.0000000000000000000, -1.000000000000000000 ) ) ;
#4630 = MECHANICAL_DESIGN_GEOMETRIC_PRESENTATION_REPRESENTATION (  '', ( #3658 ), #5260 ) ;
#4631 = ORIENTED_EDGE ( 'NONE', *, *, #5474, .T. ) ;
#4632 = VECTOR ( 'NONE', #3922, 1000.000000000000000 ) ;
#4633 = VECTOR ( 'NONE', #3756, 1000.000000000000000 ) ;
#4634 = DIRECTION ( 'NONE',  ( 0.0000000000000000000, 0.0000000000000000000, 1.000000000000000000 ) ) ;
#4635 = PRESENTATION_LAYER_ASSIGNMENT (  '', '', ( #4151 ) ) ;
#4636 = CARTESIAN_POINT ( 'NONE',  ( 0.07499999999999998335, 1.850000000000000089, -1.474999999999999867 ) ) ;
#4637 = CARTESIAN_POINT ( 'NONE',  ( 7.275000000000001243, 2.250000000000000000, -1.925000000000000711 ) ) ;
#4638 = ORIENTED_EDGE ( 'NONE', *, *, #5138, .F. ) ;
#4639 = VECTOR ( 'NONE', #3185, 1000.000000000000000 ) ;
#4640 = ORIENTED_EDGE ( 'NONE', *, *, #3962, .T. ) ;
#4641 = CARTESIAN_POINT ( 'NONE',  ( 4.474999999999999645, 0.5000000000000000000, 2.024999999999999911 ) ) ;
#4642 = ORIENTED_EDGE ( 'NONE', *, *, #947, .F. ) ;
#4643 = VECTOR ( 'NONE', #4843, 1000.000000000000000 ) ;
#4644 = DIRECTION ( 'NONE',  ( 0.0000000000000000000, 1.000000000000000000, 0.0000000000000000000 ) ) ;
#4645 = AXIS2_PLACEMENT_3D ( 'NONE', #551, #4218, #9349 ) ;
#4646 = VECTOR ( 'NONE', #8343, 1000.000000000000000 ) ;
#4647 = ORIENTED_EDGE ( 'NONE', *, *, #2622, .F. ) ;
#4648 = EDGE_CURVE ( 'NONE', #2316, #598, #8126, .T. ) ;
#4649 = LINE ( 'NONE', #762, #5008 ) ;
#4650 = ADVANCED_FACE ( 'NONE', ( #7654 ), #208, .T. ) ;
#4651 = DIRECTION ( 'NONE',  ( 0.0000000000000000000, 1.000000000000000000, 3.558407130208835834E-15 ) ) ;
#4652 = VECTOR ( 'NONE', #8276, 1000.000000000000000 ) ;
#4653 = DIRECTION ( 'NONE',  ( 1.000000000000000000, 0.0000000000000000000, 0.0000000000000000000 ) ) ;
#4654 = DIRECTION ( 'NONE',  ( -1.000000000000000000, 0.0000000000000000000, 0.0000000000000000000 ) ) ;
#4655 = VECTOR ( 'NONE', #6912, 1000.000000000000000 ) ;
#4656 = ORIENTED_EDGE ( 'NONE', *, *, #4792, .F. ) ;
#4657 = CARTESIAN_POINT ( 'NONE',  ( 7.275000000000001243, 2.000000000000000000, -2.024999999999999911 ) ) ;
#4658 = ORIENTED_EDGE ( 'NONE', *, *, #1613, .T. ) ;
#4659 = VECTOR ( 'NONE', #2149, 1000.000000000000000 ) ;
#4660 = EDGE_CURVE ( 'NONE', #5309, #4143, #3979, .T. ) ;
#4661 = EDGE_CURVE ( 'NONE', #7860, #1398, #5710, .T. ) ;
#4662 = VECTOR ( 'NONE', #2908, 1000.000000000000000 ) ;
#4663 = CARTESIAN_POINT ( 'NONE',  ( 1.975000000000000089, 0.5000000000000000000, 0.0000000000000000000 ) ) ;
#4664 = FACE_OUTER_BOUND ( 'NONE', #2303, .T. ) ;
#4665 = DIRECTION ( 'NONE',  ( 1.000000000000000000, 0.0000000000000000000, 0.0000000000000000000 ) ) ;
#4666 = LINE ( 'NONE', #7148, #1428 ) ;
#4667 = EDGE_LOOP ( 'NONE', ( #9422, #4362, #1453, #694 ) ) ;
#4668 = ADVANCED_FACE ( 'NONE', ( #5121 ), #9019, .T. ) ;
#4669 = CARTESIAN_POINT ( 'NONE',  ( -2.024999999999999911, 2.250000000000000000, -1.925000000000000044 ) ) ;
#4670 = VECTOR ( 'NONE', #7263, 1000.000000000000000 ) ;
#4671 = DIRECTION ( 'NONE',  ( 0.0000000000000000000, -1.000000000000000000, 0.0000000000000000000 ) ) ;
#4672 = FILL_AREA_STYLE ('',( #3317 ) ) ;
#4673 = AXIS2_PLACEMENT_3D ( 'NONE', #6071, #3206, #2396 ) ;
#4674 = MECHANICAL_DESIGN_GEOMETRIC_PRESENTATION_REPRESENTATION (  '', ( #9105 ), #1161 ) ;
#4675 = DIRECTION ( 'NONE',  ( 1.000000000000000000, 0.0000000000000000000, 0.0000000000000000000 ) ) ;
#4676 = CARTESIAN_POINT ( 'NONE',  ( 0.8249999999999999556, 1.850000000000000089, -1.698606797699999893 ) ) ;
#4677 = CARTESIAN_POINT ( 'NONE',  ( -0.5250000000000000222, -0.6500000000000000222, -1.775000000000000133 ) ) ;
#4678 = LINE ( 'NONE', #7309, #3418 ) ;
#4679 = VECTOR ( 'NONE', #7315, 1000.000000000000000 ) ;
#4680 = DIRECTION ( 'NONE',  ( 0.0000000000000000000, 0.0000000000000000000, -1.000000000000000000 ) ) ;
#4681 =( NAMED_UNIT ( * ) PLANE_ANGLE_UNIT ( ) SI_UNIT ( $, .RADIAN. ) );
#4682 = SURFACE_STYLE_USAGE ( .BOTH. , #6106 ) ;
#4683 = DIRECTION ( 'NONE',  ( 0.0000000000000000000, -1.000000000000000000, 3.295974604355854593E-17 ) ) ;
#4684 = VECTOR ( 'NONE', #6992, 1000.000000000000000 ) ;
#4685 = ORIENTED_EDGE ( 'NONE', *, *, #1989, .T. ) ;
#4686 = EDGE_CURVE ( 'NONE', #6422, #7483, #7883, .T. ) ;
#4687 = EDGE_LOOP ( 'NONE', ( #3783, #1919, #3476, #7122 ) ) ;
#4688 = ORIENTED_EDGE ( 'NONE', *, *, #2351, .F. ) ;
#4689 = PRESENTATION_LAYER_ASSIGNMENT (  '', '', ( #4248 ) ) ;
#4690 = CARTESIAN_POINT ( 'NONE',  ( 5.514999999999999680, 1.850000000000000089, -1.025000000000000133 ) ) ;
#4691 = ADVANCED_FACE ( 'NONE', ( #5369 ), #1835, .F. ) ;
#4692 = VECTOR ( 'NONE', #5595, 1000.000000000000000 ) ;
#4693 = VERTEX_POINT ( 'NONE', #244 ) ;
#4694 = ORIENTED_EDGE ( 'NONE', *, *, #2113, .T. ) ;
#4695 = PLANE ( 'NONE',  #5646 ) ;
#4696 = EDGE_LOOP ( 'NONE', ( #4975, #7259, #6987, #1146 ) ) ;
#4697 = DIRECTION ( 'NONE',  ( -1.000000000000000000, 0.0000000000000000000, -0.0000000000000000000 ) ) ;
#4698 = ORIENTED_EDGE ( 'NONE', *, *, #3868, .F. ) ;
#4699 = DIRECTION ( 'NONE',  ( 0.0000000000000000000, 1.000000000000000000, 0.0000000000000000000 ) ) ;
#4700 = CARTESIAN_POINT ( 'NONE',  ( 1.974999999999999867, 0.3500000000000000333, -2.024999999999999911 ) ) ;
#4701 = EDGE_CURVE ( 'NONE', #205, #3081, #5934, .T. ) ;
#4702 = CARTESIAN_POINT ( 'NONE',  ( 7.875000000000000000, 0.6000000000000076383, -0.2249999999999982014 ) ) ;
#4703 = ORIENTED_EDGE ( 'NONE', *, *, #7532, .T. ) ;
#4704 = VECTOR ( 'NONE', #3829, 1000.000000000000000 ) ;
#4705 = ORIENTED_EDGE ( 'NONE', *, *, #7609, .F. ) ;
#4706 = ORIENTED_EDGE ( 'NONE', *, *, #4686, .T. ) ;
#4707 = EDGE_CURVE ( 'NONE', #8529, #9396, #60, .T. ) ;
#4708 = FACE_OUTER_BOUND ( 'NONE', #6990, .T. ) ;
#4709 =( NAMED_UNIT ( * ) SI_UNIT ( $, .STERADIAN. ) SOLID_ANGLE_UNIT ( ) );
#4710 = EDGE_LOOP ( 'NONE', ( #8720, #268, #2422, #8158, #6976, #6307 ) ) ;
#4711 = DIRECTION ( 'NONE',  ( -0.0000000000000000000, 1.000000000000000000, -0.0000000000000000000 ) ) ;
#4712 = CARTESIAN_POINT ( 'NONE',  ( -0.4249999999999999889, 1.649999999999999911, -1.474999999999999867 ) ) ;
#4713 = ORIENTED_EDGE ( 'NONE', *, *, #5394, .T. ) ;
#4714 = LINE ( 'NONE', #5133, #2742 ) ;
#4715 = EDGE_LOOP ( 'NONE', ( #729, #664, #9485, #4156 ) ) ;
#4716 = LINE ( 'NONE', #8797, #2744 ) ;
#4717 = ORIENTED_EDGE ( 'NONE', *, *, #7338, .F. ) ;
#4718 = ADVANCED_FACE ( 'NONE', ( #3510 ), #3484, .T. ) ;
#4719 = EDGE_LOOP ( 'NONE', ( #9064, #8727, #5874, #4824, #2645, #3450 ) ) ;
#4720 = EDGE_CURVE ( 'NONE', #8070, #466, #5487, .T. ) ;
#4721 = VERTEX_POINT ( 'NONE', #8119 ) ;
#4722 = DIRECTION ( 'NONE',  ( 1.000000000000000000, 0.0000000000000000000, 0.0000000000000000000 ) ) ;
#4723 = EDGE_CURVE ( 'NONE', #5685, #8603, #4327, .T. ) ;
#4724 = CARTESIAN_POINT ( 'NONE',  ( 5.875000000000000888, 3.750000000000000000, 2.024999999999999911 ) ) ;
#4725 = DIRECTION ( 'NONE',  ( -0.0000000000000000000, 1.000000000000000000, -0.0000000000000000000 ) ) ;
#4726 = DIRECTION ( 'NONE',  ( 0.0000000000000000000, 0.0000000000000000000, 1.000000000000000000 ) ) ;
#4727 = ORIENTED_EDGE ( 'NONE', *, *, #3437, .T. ) ;
#4728 = VECTOR ( 'NONE', #760, 1000.000000000000000 ) ;
#4729 = CARTESIAN_POINT ( 'NONE',  ( 4.275000000000000355, 0.0000000000000000000, -1.525000000000000133 ) ) ;
#4730 = LINE ( 'NONE', #9115, #2062 ) ;
#4731 = ORIENTED_EDGE ( 'NONE', *, *, #7661, .T. ) ;
#4732 = DIRECTION ( 'NONE',  ( 0.0000000000000000000, 0.0000000000000000000, -1.000000000000000000 ) ) ;
#4733 = ORIENTED_EDGE ( 'NONE', *, *, #2083, .T. ) ;
#4734 = SURFACE_STYLE_USAGE ( .BOTH. , #3158 ) ;
#4735 = VERTEX_POINT ( 'NONE', #6626 ) ;
#4736 = CARTESIAN_POINT ( 'NONE',  ( -2.274999999999999911, 2.000000000000000000, -1.425000000000000044 ) ) ;
#4737 = CARTESIAN_POINT ( 'NONE',  ( -0.3750000000000000000, 2.250000000000000000, -0.4749999999999999778 ) ) ;
#4738 = AXIS2_PLACEMENT_3D ( 'NONE', #7657, #6783, #6814 ) ;
#4739 = VERTEX_POINT ( 'NONE', #8222 ) ;
#4740 = CARTESIAN_POINT ( 'NONE',  ( 4.485000000000000320, 1.000000000000000000, -2.024999999999999911 ) ) ;
#4741 = LINE ( 'NONE', #2096, #1963 ) ;
#4742 = EDGE_CURVE ( 'NONE', #982, #721, #3404, .T. ) ;
#4743 = CARTESIAN_POINT ( 'NONE',  ( 5.735000000000000320, 1.850000000000000089, -1.025000000000000133 ) ) ;
#4744 = LINE ( 'NONE', #6593, #6115 ) ;
#4745 = ORIENTED_EDGE ( 'NONE', *, *, #8726, .T. ) ;
#4746 = CARTESIAN_POINT ( 'NONE',  ( 4.125000000000000000, 1.000000000000000000, -1.525000000000000133 ) ) ;
#4747 = DIRECTION ( 'NONE',  ( 0.0000000000000000000, 4.003208021484939327E-15, -1.000000000000000000 ) ) ;
#4748 = VERTEX_POINT ( 'NONE', #3128 ) ;
#4749 = DIRECTION ( 'NONE',  ( 0.0000000000000000000, -1.000000000000000000, 0.0000000000000000000 ) ) ;
#4750 = DIRECTION ( 'NONE',  ( 0.0000000000000000000, 4.003208021484939327E-15, -1.000000000000000000 ) ) ;
#4751 = ADVANCED_FACE ( 'NONE', ( #3758 ), #6940, .F. ) ;
#4752 = AXIS2_PLACEMENT_3D ( 'NONE', #6011, #3019, #4474 ) ;
#4753 = LINE ( 'NONE', #8754, #35 ) ;
#4754 =( NAMED_UNIT ( * ) SI_UNIT ( $, .STERADIAN. ) SOLID_ANGLE_UNIT ( ) );
#4755 = EDGE_CURVE ( 'NONE', #9318, #8292, #177, .T. ) ;
#4756 = PLANE ( 'NONE',  #9024 ) ;
#4757 = VERTEX_POINT ( 'NONE', #4892 ) ;
#4758 = CARTESIAN_POINT ( 'NONE',  ( 0.5150000000000000133, 1.649999999999999911, -1.025000000000000133 ) ) ;
#4759 = LINE ( 'NONE', #7514, #6130 ) ;
#4760 = EDGE_LOOP ( 'NONE', ( #7605, #4936, #3544, #3834 ) ) ;
#4761 = DIRECTION ( 'NONE',  ( -1.000000000000000000, 0.0000000000000000000, 0.0000000000000000000 ) ) ;
#4762 = DIRECTION ( 'NONE',  ( -1.000000000000000000, 0.0000000000000000000, 0.0000000000000000000 ) ) ;
#4763 = FILL_AREA_STYLE ('',( #5509 ) ) ;
#4764 = DIRECTION ( 'NONE',  ( 0.0000000000000000000, -0.6650335612228979176, -0.7468134723257140450 ) ) ;
#4765 = ORIENTED_EDGE ( 'NONE', *, *, #5932, .F. ) ;
#4766 = EDGE_CURVE ( 'NONE', #6946, #5091, #2469, .T. ) ;
#4767 = EDGE_LOOP ( 'NONE', ( #8156, #1138, #6497, #2926, #7391, #6749, #677 ) ) ;
#4768 = VERTEX_POINT ( 'NONE', #2665 ) ;
#4769 = FACE_OUTER_BOUND ( 'NONE', #3259, .T. ) ;
#4770 = VECTOR ( 'NONE', #5203, 1000.000000000000000 ) ;
#4771 = EDGE_CURVE ( 'NONE', #22, #7017, #1202, .T. ) ;
#4772 = CARTESIAN_POINT ( 'NONE',  ( -0.5250000000000000222, 0.0000000000000000000, -1.525000000000000133 ) ) ;
#4773 = ADVANCED_FACE ( 'NONE', ( #2944 ), #8049, .T. ) ;
#4774 = DIRECTION ( 'NONE',  ( 1.000000000000000000, 0.0000000000000000000, 0.0000000000000000000 ) ) ;
#4775 = DIRECTION ( 'NONE',  ( 0.0000000000000000000, 1.000000000000000000, 0.0000000000000000000 ) ) ;
#4776 = LINE ( 'NONE', #8109, #2232 ) ;
#4777 = ORIENTED_EDGE ( 'NONE', *, *, #3967, .T. ) ;
#4778 = DIRECTION ( 'NONE',  ( -1.000000000000000000, 0.0000000000000000000, 0.0000000000000000000 ) ) ;
#4779 = DIRECTION ( 'NONE',  ( 0.0000000000000000000, -0.0000000000000000000, -1.000000000000000000 ) ) ;
#4780 = VECTOR ( 'NONE', #4461, 1000.000000000000000 ) ;
#4781 = EDGE_CURVE ( 'NONE', #6316, #9188, #6162, .T. ) ;
#4782 = ADVANCED_FACE ( 'NONE', ( #1767 ), #8272, .T. ) ;
#4783 = EDGE_CURVE ( 'NONE', #5097, #8964, #7071, .T. ) ;
#4784 = FACE_OUTER_BOUND ( 'NONE', #3454, .T. ) ;
#4785 = ORIENTED_EDGE ( 'NONE', *, *, #1440, .F. ) ;
#4786 = LINE ( 'NONE', #844, #8346 ) ;
#4787 = CARTESIAN_POINT ( 'NONE',  ( 4.174999999999999822, 1.850000000000000089, -1.698606797699999893 ) ) ;
#4788 = CARTESIAN_POINT ( 'NONE',  ( 7.275000000000001243, 3.600000000000000977, -0.07499999999999998335 ) ) ;
#4789 = LINE ( 'NONE', #976, #1095 ) ;
#4790 = PLANE ( 'NONE',  #9111 ) ;
#4791 = LINE ( 'NONE', #544, #875 ) ;
#4792 = EDGE_CURVE ( 'NONE', #7017, #4367, #6837, .T. ) ;
#4793 = ADVANCED_FACE ( 'NONE', ( #4664 ), #329, .F. ) ;
#4794 = ORIENTED_EDGE ( 'NONE', *, *, #4886, .T. ) ;
#4795 = CARTESIAN_POINT ( 'NONE',  ( 0.5250000000000000222, -0.004464445899999999919, 0.003975566199999999890 ) ) ;
#4796 = LINE ( 'NONE', #9163, #4904 ) ;
#4797 = PLANE ( 'NONE',  #3238 ) ;
#4798 = DIRECTION ( 'NONE',  ( 0.0000000000000000000, 2.148487149506091871E-16, 1.000000000000000000 ) ) ;
#4799 =( NAMED_UNIT ( * ) SI_UNIT ( $, .STERADIAN. ) SOLID_ANGLE_UNIT ( ) );
#4800 = CARTESIAN_POINT ( 'NONE',  ( -2.024999999999999911, 2.250000000000000000, -1.925000000000000044 ) ) ;
#4801 = VECTOR ( 'NONE', #6240, 1000.000000000000000 ) ;
#4802 = ORIENTED_EDGE ( 'NONE', *, *, #1845, .T. ) ;
#4803 =( NAMED_UNIT ( * ) PLANE_ANGLE_UNIT ( ) SI_UNIT ( $, .RADIAN. ) );
#4804 = AXIS2_PLACEMENT_3D ( 'NONE', #5758, #8703, #5039 ) ;
#4805 = VERTEX_POINT ( 'NONE', #955 ) ;
#4806 = CARTESIAN_POINT ( 'NONE',  ( -0.8249999999999999556, 1.850000000000000089, 2.024999999999999911 ) ) ;
#4807 = DIRECTION ( 'NONE',  ( 1.000000000000000000, 0.0000000000000000000, 0.0000000000000000000 ) ) ;
#4808 = AXIS2_PLACEMENT_3D ( 'NONE', #6178, #1751, #6911 ) ;
#4809 = FILL_AREA_STYLE ('',( #9228 ) ) ;
#4810 = COLOUR_RGB ( '',0.6470588235294117974, 0.6196078431372549211, 0.5882352941176470784 ) ;
#4811 = ORIENTED_EDGE ( 'NONE', *, *, #8971, .T. ) ;
#4812 = ORIENTED_EDGE ( 'NONE', *, *, #1342, .F. ) ;
#4813 = ORIENTED_EDGE ( 'NONE', *, *, #2673, .F. ) ;
#4814 = AXIS2_PLACEMENT_3D ( 'NONE', #8833, #834, #85 ) ;
#4815 = DIRECTION ( 'NONE',  ( 1.000000000000000000, 0.0000000000000000000, 0.0000000000000000000 ) ) ;
#4816 = VERTEX_POINT ( 'NONE', #6780 ) ;
#4817 = DIRECTION ( 'NONE',  ( 0.0000000000000000000, 0.0000000000000000000, -1.000000000000000000 ) ) ;
#4818 = DIRECTION ( 'NONE',  ( -1.000000000000000000, 0.0000000000000000000, 0.0000000000000000000 ) ) ;
#4819 = VECTOR ( 'NONE', #977, 1000.000000000000000 ) ;
#4820 = ORIENTED_EDGE ( 'NONE', *, *, #7749, .T. ) ;
#4821 = CARTESIAN_POINT ( 'NONE',  ( -0.5250000000000000222, 0.5000000000000000000, 0.0000000000000000000 ) ) ;
#4822 = ORIENTED_EDGE ( 'NONE', *, *, #273, .T. ) ;
#4823 = AXIS2_PLACEMENT_3D ( 'NONE', #3602, #8732, #1389 ) ;
#4824 = ORIENTED_EDGE ( 'NONE', *, *, #1536, .F. ) ;
#4825 = DIRECTION ( 'NONE',  ( 0.0000000000000000000, -1.000000000000000000, 0.0000000000000000000 ) ) ;
#4826 = CARTESIAN_POINT ( 'NONE',  ( 7.875000000000000000, 2.000000000000000000, -1.425000000000000044 ) ) ;
#4827 = ORIENTED_EDGE ( 'NONE', *, *, #3850, .F. ) ;
#4828 = DIRECTION ( 'NONE',  ( 0.0000000000000000000, -2.148487149506095815E-16, -1.000000000000000000 ) ) ;
#4829 = PLANE ( 'NONE',  #6667 ) ;
#4830 = LINE ( 'NONE', #2597, #7112 ) ;
#4831 = EDGE_LOOP ( 'NONE', ( #7910, #7575, #8171, #1603 ) ) ;
#4832 = DIRECTION ( 'NONE',  ( 0.0000000000000000000, 0.0000000000000000000, 1.000000000000000000 ) ) ;
#4833 = FACE_OUTER_BOUND ( 'NONE', #3816, .T. ) ;
#4834 = ORIENTED_EDGE ( 'NONE', *, *, #5029, .T. ) ;
#4835 = DIRECTION ( 'NONE',  ( 0.0000000000000000000, -1.000000000000000000, 0.0000000000000000000 ) ) ;
#4836 = EDGE_CURVE ( 'NONE', #6566, #1444, #1894, .T. ) ;
#4837 = VERTEX_POINT ( 'NONE', #5385 ) ;
#4838 = CARTESIAN_POINT ( 'NONE',  ( 3.225000000000000089, 0.5000000000000000000, 2.024999999999999911 ) ) ;
#4839 = EDGE_LOOP ( 'NONE', ( #2098, #8280, #2979, #4381 ) ) ;
#4840 = EDGE_CURVE ( 'NONE', #3277, #1924, #8350, .T. ) ;
#4841 = VECTOR ( 'NONE', #6169, 1000.000000000000000 ) ;
#4842 = VERTEX_POINT ( 'NONE', #6347 ) ;
#4843 = DIRECTION ( 'NONE',  ( 1.000000000000000000, 0.0000000000000000000, 0.0000000000000000000 ) ) ;
#4844 = ORIENTED_EDGE ( 'NONE', *, *, #2445, .T. ) ;
#4845 = ORIENTED_EDGE ( 'NONE', *, *, #2259, .F. ) ;
#4846 = ORIENTED_EDGE ( 'NONE', *, *, #4479, .T. ) ;
#4847 = ORIENTED_EDGE ( 'NONE', *, *, #322, .T. ) ;
#4848 = ORIENTED_EDGE ( 'NONE', *, *, #4766, .T. ) ;
#4849 = VECTOR ( 'NONE', #2476, 1000.000000000000000 ) ;
#4850 = EDGE_CURVE ( 'NONE', #4748, #2903, #4450, .T. ) ;
#4851 = LINE ( 'NONE', #840, #1954 ) ;
#4852 = VERTEX_POINT ( 'NONE', #1914 ) ;
#4853 = VERTEX_POINT ( 'NONE', #5701 ) ;
#4854 = AXIS2_PLACEMENT_3D ( 'NONE', #2950, #5786, #9497 ) ;
#4855 = EDGE_CURVE ( 'NONE', #7980, #8756, #2366, .T. ) ;
#4856 = DIRECTION ( 'NONE',  ( 0.0000000000000000000, 0.0000000000000000000, -1.000000000000000000 ) ) ;
#4857 = PLANE ( 'NONE',  #5167 ) ;
#4858 = VERTEX_POINT ( 'NONE', #837 ) ;
#4859 = CARTESIAN_POINT ( 'NONE',  ( 0.8249999999999999556, 1.649999999999999911, 2.024999999999999911 ) ) ;
#4860 = VECTOR ( 'NONE', #396, 1000.000000000000000 ) ;
#4861 = PLANE ( 'NONE',  #4590 ) ;
#4862 = CARTESIAN_POINT ( 'NONE',  ( 4.485000000000000320, 1.850000000000000089, -2.024999999999999911 ) ) ;
#4863 = VECTOR ( 'NONE', #2585, 1000.000000000000114 ) ;
#4864 = CARTESIAN_POINT ( 'NONE',  ( 1.675000000000000044, 1.649999999999999911, -1.474999999999999867 ) ) ;
#4865 = AXIS2_PLACEMENT_3D ( 'NONE', #7727, #2536, #9158 ) ;
#4866 = CARTESIAN_POINT ( 'NONE',  ( 0.7249999999999999778, 1.795247431900000024, 2.024999999999999911 ) ) ;
#4867 = CARTESIAN_POINT ( 'NONE',  ( 7.275000000000001243, 2.000000000000000000, -1.425000000000000044 ) ) ;
#4868 = ORIENTED_EDGE ( 'NONE', *, *, #2309, .F. ) ;
#4869 = VECTOR ( 'NONE', #529, 1000.000000000000000 ) ;
#4870 = VECTOR ( 'NONE', #5256, 1000.000000000000000 ) ;
#4871 = DIRECTION ( 'NONE',  ( 0.0000000000000000000, 0.0000000000000000000, 1.000000000000000000 ) ) ;
#4872 = CARTESIAN_POINT ( 'NONE',  ( 3.015000000000000124, 1.000000000000000000, -1.025000000000000133 ) ) ;
#4873 = AXIS2_PLACEMENT_3D ( 'NONE', #5116, #5028, #2824 ) ;
#4874 = ORIENTED_EDGE ( 'NONE', *, *, #5600, .F. ) ;
#4875 = EDGE_LOOP ( 'NONE', ( #5342, #2393, #5126, #2215 ) ) ;
#4876 = EDGE_CURVE ( 'NONE', #7834, #2217, #9040, .T. ) ;
#4877 = VECTOR ( 'NONE', #5080, 1000.000000000000000 ) ;
#4878 = ORIENTED_EDGE ( 'NONE', *, *, #8543, .F. ) ;
#4879 = LINE ( 'NONE', #6880, #5224 ) ;
#4880 = CARTESIAN_POINT ( 'NONE',  ( 5.724999999999999645, -0.6500000000000000222, -2.075000000000000178 ) ) ;
#4881 = LINE ( 'NONE', #5857, #3963 ) ;
#4882 = ORIENTED_EDGE ( 'NONE', *, *, #937, .F. ) ;
#4883 = ADVANCED_FACE ( 'NONE', ( #7778 ), #8298, .T. ) ;
#4884 = VECTOR ( 'NONE', #2388, 1000.000000000000000 ) ;
#4885 = ADVANCED_FACE ( 'NONE', ( #2703 ), #285, .T. ) ;
#4886 = EDGE_CURVE ( 'NONE', #105, #8529, #525, .T. ) ;
#4887 = CARTESIAN_POINT ( 'NONE',  ( 5.825000000000001066, 1.649999999999999911, -1.698606797699999893 ) ) ;
#4888 = LINE ( 'NONE', #9269, #168 ) ;
#4889 = DIRECTION ( 'NONE',  ( 0.0000000000000000000, -1.000000000000000000, -3.219646771412953967E-15 ) ) ;
#4890 = DIRECTION ( 'NONE',  ( -1.000000000000000000, -0.0000000000000000000, -0.0000000000000000000 ) ) ;
#4891 = FACE_OUTER_BOUND ( 'NONE', #4760, .T. ) ;
#4892 = CARTESIAN_POINT ( 'NONE',  ( -0.5150000000000000133, 1.850000000000000089, -1.025000000000000133 ) ) ;
#4893 = EDGE_CURVE ( 'NONE', #5905, #577, #6287, .T. ) ;
#4894 = EDGE_CURVE ( 'NONE', #2321, #7700, #4107, .T. ) ;
#4895 = DIRECTION ( 'NONE',  ( 0.0000000000000000000, 0.3162277660168379412, -0.9486832980505138790 ) ) ;
#4896 = DIRECTION ( 'NONE',  ( 0.0000000000000000000, -0.0000000000000000000, 1.000000000000000000 ) ) ;
#4897 = LINE ( 'NONE', #779, #1091 ) ;
#4898 = LINE ( 'NONE', #1555, #964 ) ;
#4899 = VECTOR ( 'NONE', #1468, 1000.000000000000000 ) ;
#4900 = CARTESIAN_POINT ( 'NONE',  ( 4.474999999999999645, 0.05000000000000002359, -1.775000000000000133 ) ) ;
#4901 =( GEOMETRIC_REPRESENTATION_CONTEXT ( 3 ) GLOBAL_UNCERTAINTY_ASSIGNED_CONTEXT ( ( #2362 ) ) GLOBAL_UNIT_ASSIGNED_CONTEXT ( ( #1047, #294, #7626 ) ) REPRESENTATION_CONTEXT ( 'NONE', 'WORKASPACE' ) );
#4902 = VECTOR ( 'NONE', #9446, 1000.000000000000114 ) ;
#4903 = VERTEX_POINT ( 'NONE', #3273 ) ;
#4904 = VECTOR ( 'NONE', #7732, 1000.000000000000000 ) ;
#4905 = EDGE_CURVE ( 'NONE', #9274, #7499, #7538, .T. ) ;
#4906 = MANIFOLD_SOLID_BREP ( 'Combine8', #4470 ) ;
#4907 = DIRECTION ( 'NONE',  ( 0.0000000000000000000, 1.000000000000000000, 0.0000000000000000000 ) ) ;
#4908 = EDGE_CURVE ( 'NONE', #290, #9079, #8569, .T. ) ;
#4909 = ADVANCED_FACE ( 'NONE', ( #1886 ), #2674, .F. ) ;
#4910 = FACE_OUTER_BOUND ( 'NONE', #8164, .T. ) ;
#4911 = ORIENTED_EDGE ( 'NONE', *, *, #7282, .F. ) ;
#4912 = LINE ( 'NONE', #6588, #6511 ) ;
#4913 = CARTESIAN_POINT ( 'NONE',  ( 0.5250000000000000222, 1.649999999999999911, -1.474999999999999867 ) ) ;
#4914 = EDGE_CURVE ( 'NONE', #4917, #4970, #9139, .T. ) ;
#4915 = CARTESIAN_POINT ( 'NONE',  ( 1.774999999999999911, -0.6500000000000000222, -1.775000000000000133 ) ) ;
#4916 = DIRECTION ( 'NONE',  ( 0.0000000000000000000, 0.0000000000000000000, -1.000000000000000000 ) ) ;
#4917 = VERTEX_POINT ( 'NONE', #2861 ) ;
#4918 = CARTESIAN_POINT ( 'NONE',  ( -2.274999999999999911, 1.949999999999999512, 2.025000000000007017 ) ) ;
#4919 = VERTEX_POINT ( 'NONE', #720 ) ;
#4920 = ORIENTED_EDGE ( 'NONE', *, *, #4648, .F. ) ;
#4921 = DIRECTION ( 'NONE',  ( 1.000000000000000000, 0.0000000000000000000, 0.0000000000000000000 ) ) ;
#4922 = DIRECTION ( 'NONE',  ( 0.0000000000000000000, -1.000000000000000000, 0.0000000000000000000 ) ) ;
#4923 = AXIS2_PLACEMENT_3D ( 'NONE', #6370, #6426, #4951 ) ;
#4924 = ORIENTED_EDGE ( 'NONE', *, *, #1633, .F. ) ;
#4925 = DIRECTION ( 'NONE',  ( 0.0000000000000000000, 0.0000000000000000000, -1.000000000000000000 ) ) ;
#4926 =( GEOMETRIC_REPRESENTATION_CONTEXT ( 3 ) GLOBAL_UNCERTAINTY_ASSIGNED_CONTEXT ( ( #8498 ) ) GLOBAL_UNIT_ASSIGNED_CONTEXT ( ( #8470, #4803, #8438 ) ) REPRESENTATION_CONTEXT ( 'NONE', 'WORKASPACE' ) );
#4927 = ORIENTED_EDGE ( 'NONE', *, *, #1342, .T. ) ;
#4928 = DIRECTION ( 'NONE',  ( 0.0000000000000000000, 1.000000000000000000, -1.084202172485501673E-15 ) ) ;
#4929 = VERTEX_POINT ( 'NONE', #8620 ) ;
#4930 =( NAMED_UNIT ( * ) PLANE_ANGLE_UNIT ( ) SI_UNIT ( $, .RADIAN. ) );
#4931 = VERTEX_POINT ( 'NONE', #3512 ) ;
#4932 = CARTESIAN_POINT ( 'NONE',  ( 2.875000000000000000, 1.000000000000000000, -1.525000000000000133 ) ) ;
#4933 = ORIENTED_EDGE ( 'NONE', *, *, #4558, .F. ) ;
#4934 = VECTOR ( 'NONE', #884, 1000.000000000000000 ) ;
#4935 = CARTESIAN_POINT ( 'NONE',  ( -1.175000000000000044, 1.850000000000000089, -1.474999999999999867 ) ) ;
#4936 = ORIENTED_EDGE ( 'NONE', *, *, #6904, .T. ) ;
#4937 = ORIENTED_EDGE ( 'NONE', *, *, #5409, .F. ) ;
#4938 = LINE ( 'NONE', #2090, #5297 ) ;
#4939 = EDGE_LOOP ( 'NONE', ( #3137, #2236, #4047, #1127 ) ) ;
#4940 = CARTESIAN_POINT ( 'NONE',  ( -2.475000000000000089, 3.600000000000000089, -1.425000000000000933 ) ) ;
#4941 = DIRECTION ( 'NONE',  ( 0.0000000000000000000, -1.000000000000000000, 0.0000000000000000000 ) ) ;
#4942 = EDGE_CURVE ( 'NONE', #6444, #2258, #2694, .T. ) ;
#4943 = DIRECTION ( 'NONE',  ( 1.000000000000000000, 0.0000000000000000000, 0.0000000000000000000 ) ) ;
#4944 = ORIENTED_EDGE ( 'NONE', *, *, #6377, .F. ) ;
#4945 = ORIENTED_EDGE ( 'NONE', *, *, #7241, .T. ) ;
#4946 = LINE ( 'NONE', #3050, #9300 ) ;
#4947 = CLOSED_SHELL ( 'NONE', ( #7496, #5341, #1727, #308, #4578, #3078, #8641, #5657, #4339, #4229, #6643, #4123, #930, #6952, #1290, #2246, #4773, #2726 ) ) ;
#4948 = EDGE_CURVE ( 'NONE', #6802, #7065, #3055, .T. ) ;
#4949 = VECTOR ( 'NONE', #1971, 1000.000000000000000 ) ;
#4950 = VERTEX_POINT ( 'NONE', #4428 ) ;
#4951 = DIRECTION ( 'NONE',  ( 0.0000000000000000000, 0.0000000000000000000, -1.000000000000000000 ) ) ;
#4952 = ORIENTED_EDGE ( 'NONE', *, *, #2095, .F. ) ;
#4953 = CARTESIAN_POINT ( 'NONE',  ( 4.174999999999999822, 1.649999999999999911, -1.474999999999999867 ) ) ;
#4954 = DIRECTION ( 'NONE',  ( 1.000000000000000000, 0.0000000000000000000, 0.0000000000000000000 ) ) ;
#4955 = EDGE_LOOP ( 'NONE', ( #4874, #393, #8437, #17 ) ) ;
#4956 = CARTESIAN_POINT ( 'NONE',  ( -2.875000000000000000, 1.000000000000000000, -1.525000000000000133 ) ) ;
#4957 = FILL_AREA_STYLE_COLOUR ( '', #3609 ) ;
#4958 = FILL_AREA_STYLE ('',( #3311 ) ) ;
#4959 = DIRECTION ( 'NONE',  ( 0.0000000000000000000, 1.000000000000000000, 0.0000000000000000000 ) ) ;
#4960 = ORIENTED_EDGE ( 'NONE', *, *, #8971, .F. ) ;
#4961 = DIRECTION ( 'NONE',  ( 0.0000000000000000000, 1.000000000000000000, 0.0000000000000000000 ) ) ;
#4962 = VECTOR ( 'NONE', #2387, 1000.000000000000000 ) ;
#4963 = ADVANCED_FACE ( 'NONE', ( #5246 ), #5145, .T. ) ;
#4964 = CARTESIAN_POINT ( 'NONE',  ( -0.5250000000000000222, 0.05000000000000002359, -1.775000000000000133 ) ) ;
#4965 = AXIS2_PLACEMENT_3D ( 'NONE', #9257, #4928, #1960 ) ;
#4966 = LINE ( 'NONE', #5539, #8745 ) ;
#4967 = EDGE_LOOP ( 'NONE', ( #1589, #1565, #8751, #1295 ) ) ;
#4968 = UNCERTAINTY_MEASURE_WITH_UNIT (LENGTH_MEASURE( 1.000000000000000082E-05 ), #3144, 'distance_accuracy_value', 'NONE');
#4969 = CARTESIAN_POINT ( 'NONE',  ( 0.7250000000000000888, -0.6500000000000000222, -1.775000000000000133 ) ) ;
#4970 = VERTEX_POINT ( 'NONE', #7329 ) ;
#4971 = EDGE_LOOP ( 'NONE', ( #6084, #6772, #2264, #4868 ) ) ;
#4972 = DIRECTION ( 'NONE',  ( 0.0000000000000000000, 2.997602166487923448E-15, -1.000000000000000000 ) ) ;
#4973 = EDGE_CURVE ( 'NONE', #6203, #5295, #169, .T. ) ;
#4974 = CARTESIAN_POINT ( 'NONE',  ( 4.474999999999999645, 1.000000000000000000, 1.525000000000000133 ) ) ;
#4975 = ORIENTED_EDGE ( 'NONE', *, *, #5724, .F. ) ;
#4976 = CARTESIAN_POINT ( 'NONE',  ( 1.775000000000000133, 1.850000000000000089, -1.025000000000000133 ) ) ;
#4977 = VECTOR ( 'NONE', #4832, 1000.000000000000000 ) ;
#4978 = ORIENTED_EDGE ( 'NONE', *, *, #7487, .F. ) ;
#4979 = LINE ( 'NONE', #708, #1040 ) ;
#4980 = EDGE_LOOP ( 'NONE', ( #2276, #858, #1446, #4705, #8309, #4202, #362, #8511, #3892, #5446, #6249, #993, #5656, #1990, #1006, #5199 ) ) ;
#4981 = VECTOR ( 'NONE', #1418, 1000.000000000000000 ) ;
#4982 = EDGE_CURVE ( 'NONE', #8029, #5004, #3164, .T. ) ;
#4983 = CARTESIAN_POINT ( 'NONE',  ( 3.024999999999999911, 0.0000000000000000000, -2.024999999999999911 ) ) ;
#4984 = DIRECTION ( 'NONE',  ( -1.000000000000000000, 0.0000000000000000000, 0.0000000000000000000 ) ) ;
#4985 = VECTOR ( 'NONE', #8082, 1000.000000000000000 ) ;
#4986 = LINE ( 'NONE', #6707, #9217 ) ;
#4987 = CARTESIAN_POINT ( 'NONE',  ( 3.024999999999999911, 1.850000000000000089, 2.024999999999999911 ) ) ;
#4988 = ADVANCED_FACE ( 'NONE', ( #3395 ), #2967, .F. ) ;
#4989 = DIRECTION ( 'NONE',  ( 0.0000000000000000000, 0.0000000000000000000, -1.000000000000000000 ) ) ;
#4990 = ORIENTED_EDGE ( 'NONE', *, *, #2042, .F. ) ;
#4991 = VECTOR ( 'NONE', #836, 1000.000000000000000 ) ;
#4992 = DIRECTION ( 'NONE',  ( 0.0000000000000000000, 1.000000000000000000, 0.0000000000000000000 ) ) ;
#4993 = AXIS2_PLACEMENT_3D ( 'NONE', #2066, #698, #2807 ) ;
#4994 = DIRECTION ( 'NONE',  ( 0.0000000000000000000, 0.0000000000000000000, -1.000000000000000000 ) ) ;
#4995 = DIRECTION ( 'NONE',  ( 0.0000000000000000000, -1.000000000000000000, 0.0000000000000000000 ) ) ;
#4996 = DIRECTION ( 'NONE',  ( 0.0000000000000000000, 0.0000000000000000000, 1.000000000000000000 ) ) ;
#4997 = AXIS2_PLACEMENT_3D ( 'NONE', #4636, #7591, #6813 ) ;
#4998 = SURFACE_STYLE_FILL_AREA ( #4809 ) ;
#4999 = CARTESIAN_POINT ( 'NONE',  ( -2.375000000000000000, 3.750000000000000000, 0.02500000000000000139 ) ) ;
#5000 = CARTESIAN_POINT ( 'NONE',  ( 7.275000000000001243, 1.980741759643274369, -1.925000000000000711 ) ) ;
#5001 = CARTESIAN_POINT ( 'NONE',  ( -2.274999999999999911, 3.599999999999999201, -0.07500000000000128786 ) ) ;
#5002 = CARTESIAN_POINT ( 'NONE',  ( 4.275000000000000355, 1.850000000000000089, 0.0000000000000000000 ) ) ;
#5003 = AXIS2_PLACEMENT_3D ( 'NONE', #9190, #6279, #2630 ) ;
#5004 = VERTEX_POINT ( 'NONE', #8849 ) ;
#5005 = VERTEX_POINT ( 'NONE', #9006 ) ;
#5006 = LINE ( 'NONE', #3574, #3041 ) ;
#5007 = DIRECTION ( 'NONE',  ( 1.000000000000000000, 0.0000000000000000000, 0.0000000000000000000 ) ) ;
#5008 = VECTOR ( 'NONE', #3788, 1000.000000000000000 ) ;
#5009 = DIRECTION ( 'NONE',  ( 0.0000000000000000000, 0.0000000000000000000, 1.000000000000000000 ) ) ;
#5010 = AXIS2_PLACEMENT_3D ( 'NONE', #4084, #7769, #5686 ) ;
#5011 = VECTOR ( 'NONE', #8680, 1000.000000000000000 ) ;
#5012 = DIRECTION ( 'NONE',  ( 0.0000000000000000000, 0.0000000000000000000, -1.000000000000000000 ) ) ;
#5013 = EDGE_CURVE ( 'NONE', #3398, #6329, #748, .T. ) ;
#5014 = SURFACE_STYLE_FILL_AREA ( #6086 ) ;
#5015 = DIRECTION ( 'NONE',  ( -1.000000000000000000, 0.0000000000000000000, 0.0000000000000000000 ) ) ;
#5016 = LINE ( 'NONE', #763, #6725 ) ;
#5017 = ORIENTED_EDGE ( 'NONE', *, *, #1526, .F. ) ;
#5018 = STYLED_ITEM ( 'NONE', ( #5956 ), #13 ) ;
#5019 = CARTESIAN_POINT ( 'NONE',  ( 4.474999999999999645, 1.315130797599999957, 1.171117220399999770 ) ) ;
#5020 = CARTESIAN_POINT ( 'NONE',  ( 7.375000000000001776, 3.750000000000000000, 0.02500000000000000139 ) ) ;
#5021 = EDGE_CURVE ( 'NONE', #8262, #1860, #5112, .T. ) ;
#5022 = DIRECTION ( 'NONE',  ( 0.0000000000000000000, 0.0000000000000000000, 1.000000000000000000 ) ) ;
#5023 = FILL_AREA_STYLE ('',( #2011 ) ) ;
#5024 = DIRECTION ( 'NONE',  ( 0.0000000000000000000, -1.000000000000000000, 0.0000000000000000000 ) ) ;
#5025 = VECTOR ( 'NONE', #4379, 1000.000000000000000 ) ;
#5026 = DIRECTION ( 'NONE',  ( 0.0000000000000000000, 0.0000000000000000000, 1.000000000000000000 ) ) ;
#5027 = DIRECTION ( 'NONE',  ( 0.0000000000000000000, -1.000000000000000000, 0.0000000000000000000 ) ) ;
#5028 = DIRECTION ( 'NONE',  ( 0.0000000000000000000, 0.0000000000000000000, 1.000000000000000000 ) ) ;
#5029 = EDGE_CURVE ( 'NONE', #6542, #6223, #7770, .T. ) ;
#5030 = EDGE_CURVE ( 'NONE', #1631, #4243, #959, .T. ) ;
#5031 =( NAMED_UNIT ( * ) PLANE_ANGLE_UNIT ( ) SI_UNIT ( $, .RADIAN. ) );
#5032 = VECTOR ( 'NONE', #8258, 999.9999999999998863 ) ;
#5033 = ORIENTED_EDGE ( 'NONE', *, *, #4783, .F. ) ;
#5034 = ORIENTED_EDGE ( 'NONE', *, *, #1737, .F. ) ;
#5035 = AXIS2_PLACEMENT_3D ( 'NONE', #2145, #3612, #8743 ) ;
#5036 = DIRECTION ( 'NONE',  ( -1.000000000000000000, 0.0000000000000000000, 0.0000000000000000000 ) ) ;
#5037 = EDGE_CURVE ( 'NONE', #1929, #8985, #9482, .T. ) ;
#5038 = ORIENTED_EDGE ( 'NONE', *, *, #6453, .F. ) ;
#5039 = DIRECTION ( 'NONE',  ( 1.000000000000000000, 0.0000000000000000000, 0.0000000000000000000 ) ) ;
#5040 = CARTESIAN_POINT ( 'NONE',  ( 3.234999999999999876, 1.850000000000000089, -1.025000000000000133 ) ) ;
#5041 = ORIENTED_EDGE ( 'NONE', *, *, #839, .F. ) ;
#5042 = DIRECTION ( 'NONE',  ( -0.0000000000000000000, 1.000000000000000000, -0.0000000000000000000 ) ) ;
#5043 = CARTESIAN_POINT ( 'NONE',  ( 3.750000000000000000, 0.0000000000000000000, -1.025000000000000133 ) ) ;
#5044 = LINE ( 'NONE', #5350, #4819 ) ;
#5045 = CARTESIAN_POINT ( 'NONE',  ( 6.375000000000000888, 3.750000000000000000, 0.02500000000000000139 ) ) ;
#5046 = ORIENTED_EDGE ( 'NONE', *, *, #3798, .F. ) ;
#5047 = CARTESIAN_POINT ( 'NONE',  ( 7.275000000000001243, 0.0000000000000000000, 2.024999999999999911 ) ) ;
#5048 = EDGE_LOOP ( 'NONE', ( #8193, #3215, #171, #789 ) ) ;
#5049 = FILL_AREA_STYLE ('',( #9448 ) ) ;
#5050 = ORIENTED_EDGE ( 'NONE', *, *, #9362, .F. ) ;
#5051 = LINE ( 'NONE', #7932, #3101 ) ;
#5052 = EDGE_CURVE ( 'NONE', #4917, #6583, #4100, .T. ) ;
#5053 = ORIENTED_EDGE ( 'NONE', *, *, #7476, .F. ) ;
#5054 = VECTOR ( 'NONE', #2338, 1000.000000000000000 ) ;
#5055 = EDGE_LOOP ( 'NONE', ( #9299, #9062, #5061, #4609 ) ) ;
#5056 = PLANE ( 'NONE',  #2638 ) ;
#5057 = ORIENTED_EDGE ( 'NONE', *, *, #6808, .F. ) ;
#5058 = ADVANCED_FACE ( 'NONE', ( #3635 ), #1889, .T. ) ;
#5059 = ORIENTED_EDGE ( 'NONE', *, *, #1875, .T. ) ;
#5060 = VECTOR ( 'NONE', #6458, 1000.000000000000000 ) ;
#5061 = ORIENTED_EDGE ( 'NONE', *, *, #2622, .T. ) ;
#5062 = EDGE_LOOP ( 'NONE', ( #5671, #5401, #6773, #8081 ) ) ;
#5063 = DIRECTION ( 'NONE',  ( 0.0000000000000000000, 0.0000000000000000000, -1.000000000000000000 ) ) ;
#5064 = EDGE_CURVE ( 'NONE', #5865, #1936, #6828, .T. ) ;
#5065 = ORIENTED_EDGE ( 'NONE', *, *, #5013, .T. ) ;
#5066 = DIRECTION ( 'NONE',  ( 0.0000000000000000000, 1.000000000000000000, -1.084202172485501673E-15 ) ) ;
#5067 = VERTEX_POINT ( 'NONE', #2569 ) ;
#5068 = EDGE_CURVE ( 'NONE', #5293, #4929, #7293, .T. ) ;
#5069 = DIRECTION ( 'NONE',  ( 1.000000000000000000, 0.0000000000000000000, -0.0000000000000000000 ) ) ;
#5070 = VECTOR ( 'NONE', #3071, 1000.000000000000000 ) ;
#5071 = ADVANCED_FACE ( 'NONE', ( #4891 ), #5554, .T. ) ;
#5072 = DIRECTION ( 'NONE',  ( 0.0000000000000000000, -1.000000000000000000, -3.219646771412953967E-15 ) ) ;
#5073 = FACE_OUTER_BOUND ( 'NONE', #112, .T. ) ;
#5074 = ORIENTED_EDGE ( 'NONE', *, *, #1781, .F. ) ;
#5075 = UNCERTAINTY_MEASURE_WITH_UNIT (LENGTH_MEASURE( 1.000000000000000082E-05 ), #6659, 'distance_accuracy_value', 'NONE');
#5076 = ORIENTED_EDGE ( 'NONE', *, *, #1053, .T. ) ;
#5077 = CARTESIAN_POINT ( 'NONE',  ( -1.875000000000000000, 3.149999999999999911, 2.025999999999999801 ) ) ;
#5078 = DIRECTION ( 'NONE',  ( -1.000000000000000000, 0.0000000000000000000, 0.0000000000000000000 ) ) ;
#5079 = PLANE ( 'NONE',  #8071 ) ;
#5080 = DIRECTION ( 'NONE',  ( 0.0000000000000000000, 0.0000000000000000000, 1.000000000000000000 ) ) ;
#5081 = ORIENTED_EDGE ( 'NONE', *, *, #3907, .T. ) ;
#5082 = AXIS2_PLACEMENT_3D ( 'NONE', #6752, #3911, #907 ) ;
#5083 = EDGE_CURVE ( 'NONE', #5847, #4748, #9247, .T. ) ;
#5084 = VECTOR ( 'NONE', #2666, 1000.000000000000000 ) ;
#5085 = LINE ( 'NONE', #9207, #8660 ) ;
#5086 = EDGE_CURVE ( 'NONE', #7483, #2411, #1640, .T. ) ;
#5087 = ORIENTED_EDGE ( 'NONE', *, *, #3413, .F. ) ;
#5088 = VERTEX_POINT ( 'NONE', #1281 ) ;
#5089 = CARTESIAN_POINT ( 'NONE',  ( 5.000000000000000000, 0.0000000000000000000, -1.025000000000000133 ) ) ;
#5090 = VECTOR ( 'NONE', #7350, 1000.000000000000000 ) ;
#5091 = VERTEX_POINT ( 'NONE', #5001 ) ;
#5092 = DIRECTION ( 'NONE',  ( 0.0000000000000000000, -1.000000000000000000, 0.0000000000000000000 ) ) ;
#5093 = VERTEX_POINT ( 'NONE', #9402 ) ;
#5094 = VECTOR ( 'NONE', #2557, 1000.000000000000000 ) ;
#5095 = VECTOR ( 'NONE', #6553, 1000.000000000000000 ) ;
#5096 = EDGE_CURVE ( 'NONE', #3667, #6226, #9031, .T. ) ;
#5097 = VERTEX_POINT ( 'NONE', #9279 ) ;
#5098 = DIRECTION ( 'NONE',  ( 0.0000000000000000000, 1.000000000000000000, 0.0000000000000000000 ) ) ;
#5099 = PLANE ( 'NONE',  #4993 ) ;
#5100 = ORIENTED_EDGE ( 'NONE', *, *, #3480, .F. ) ;
#5101 = FACE_OUTER_BOUND ( 'NONE', #7046, .T. ) ;
#5102 = CARTESIAN_POINT ( 'NONE',  ( 1.324999999999999956, 1.850000000000000089, -1.474999999999999867 ) ) ;
#5103 = DIRECTION ( 'NONE',  ( 0.0000000000000000000, 0.0000000000000000000, -1.000000000000000000 ) ) ;
#5104 = AXIS2_PLACEMENT_3D ( 'NONE', #2181, #5253, #843 ) ;
#5105 = CARTESIAN_POINT ( 'NONE',  ( 1.975000000000000089, 0.0000000000000000000, 2.024999999999999911 ) ) ;
#5106 = CARTESIAN_POINT ( 'NONE',  ( 0.5250000000000000222, 0.0000000000000000000, -2.024999999999999911 ) ) ;
#5107 = CARTESIAN_POINT ( 'NONE',  ( -1.875000000000000000, 2.550000000000000266, -1.474999999999999867 ) ) ;
#5108 = AXIS2_PLACEMENT_3D ( 'NONE', #6618, #2208, #2958 ) ;
#5109 = CARTESIAN_POINT ( 'NONE',  ( 1.975000000000000089, 0.3499999999999999778, -2.075000000000000178 ) ) ;
#5110 = LINE ( 'NONE', #4608, #8342 ) ;
#5111 = LINE ( 'NONE', #7082, #3163 ) ;
#5112 = LINE ( 'NONE', #196, #8919 ) ;
#5113 = ORIENTED_EDGE ( 'NONE', *, *, #6328, .T. ) ;
#5114 = ADVANCED_FACE ( 'NONE', ( #4784 ), #4244, .T. ) ;
#5115 = ORIENTED_EDGE ( 'NONE', *, *, #283, .F. ) ;
#5116 = CARTESIAN_POINT ( 'NONE',  ( 4.474999999999999645, 0.0000000000000000000, -1.525000000000000133 ) ) ;
#5117 = LINE ( 'NONE', #4550, #8694 ) ;
#5118 = DIRECTION ( 'NONE',  ( 0.0000000000000000000, -1.000000000000000000, 0.0000000000000000000 ) ) ;
#5119 = DIRECTION ( 'NONE',  ( 0.0000000000000000000, -0.0000000000000000000, 1.000000000000000000 ) ) ;
#5120 = LINE ( 'NONE', #1339, #57 ) ;
#5121 = FACE_OUTER_BOUND ( 'NONE', #7397, .T. ) ;
#5122 = VECTOR ( 'NONE', #2210, 1000.000000000000000 ) ;
#5123 = PLANE ( 'NONE',  #4024 ) ;
#5124 = DIRECTION ( 'NONE',  ( 0.0000000000000000000, 0.0000000000000000000, -1.000000000000000000 ) ) ;
#5125 = CARTESIAN_POINT ( 'NONE',  ( 7.475000000000000533, 1.999999999999997780, -2.075000000000008615 ) ) ;
#5126 = ORIENTED_EDGE ( 'NONE', *, *, #7229, .F. ) ;
#5127 = CARTESIAN_POINT ( 'NONE',  ( 1.975000000000000089, -0.004464445899999999919, 0.003975566199999999890 ) ) ;
#5128 = DIRECTION ( 'NONE',  ( 1.000000000000000000, -0.0000000000000000000, 0.0000000000000000000 ) ) ;
#5129 = AXIS2_PLACEMENT_3D ( 'NONE', #1451, #8069, #2142 ) ;
#5130 = VECTOR ( 'NONE', #3077, 1000.000000000000000 ) ;
#5131 = CARTESIAN_POINT ( 'NONE',  ( 1.975000000000000089, 0.0000000000000000000, -1.525000000000000133 ) ) ;
#5132 = DIRECTION ( 'NONE',  ( 0.0000000000000000000, 1.000000000000000000, 0.0000000000000000000 ) ) ;
#5133 = CARTESIAN_POINT ( 'NONE',  ( 6.875000000000000888, 3.750000000000000000, -2.024999999999999911 ) ) ;
#5134 = LINE ( 'NONE', #1304, #7078 ) ;
#5135 = DIRECTION ( 'NONE',  ( -1.000000000000000000, 0.0000000000000000000, 0.0000000000000000000 ) ) ;
#5136 = CARTESIAN_POINT ( 'NONE',  ( -0.5250000000000000222, 0.5547525681000000652, 2.024999999999999911 ) ) ;
#5137 = CARTESIAN_POINT ( 'NONE',  ( 5.525000000000000355, 1.850000000000000089, -1.025000000000000133 ) ) ;
#5138 = EDGE_CURVE ( 'NONE', #5398, #2505, #2581, .T. ) ;
#5139 = DIRECTION ( 'NONE',  ( 1.000000000000000000, 0.0000000000000000000, -0.0000000000000000000 ) ) ;
#5140 = CARTESIAN_POINT ( 'NONE',  ( -2.475000000000000089, 4.249999999999992895, -0.07499999999999976130 ) ) ;
#5141 = SURFACE_STYLE_FILL_AREA ( #8306 ) ;
#5142 = ORIENTED_EDGE ( 'NONE', *, *, #5030, .F. ) ;
#5143 = CARTESIAN_POINT ( 'NONE',  ( -0.7249999999999999778, 0.0000000000000000000, 2.024999999999999911 ) ) ;
#5144 = ORIENTED_EDGE ( 'NONE', *, *, #357, .F. ) ;
#5145 = PLANE ( 'NONE',  #3207 ) ;
#5146 = ORIENTED_EDGE ( 'NONE', *, *, #3240, .F. ) ;
#5147 = DIRECTION ( 'NONE',  ( 0.0000000000000000000, 1.000000000000000000, 0.0000000000000000000 ) ) ;
#5148 = DIRECTION ( 'NONE',  ( 0.0000000000000000000, 1.000000000000000000, 0.0000000000000000000 ) ) ;
#5149 = EDGE_CURVE ( 'NONE', #3425, #3828, #1414, .T. ) ;
#5150 = ADVANCED_FACE ( 'NONE', ( #6277 ), #2751, .T. ) ;
#5151 = DIRECTION ( 'NONE',  ( 1.000000000000000000, 0.0000000000000000000, 0.0000000000000000000 ) ) ;
#5152 = ORIENTED_EDGE ( 'NONE', *, *, #6317, .T. ) ;
#5153 = EDGE_CURVE ( 'NONE', #8288, #4270, #868, .T. ) ;
#5154 = LINE ( 'NONE', #1864, #547 ) ;
#5155 = DIRECTION ( 'NONE',  ( 0.0000000000000000000, -1.000000000000000000, 0.0000000000000000000 ) ) ;
#5156 = VERTEX_POINT ( 'NONE', #8614 ) ;
#5157 = ORIENTED_EDGE ( 'NONE', *, *, #2059, .T. ) ;
#5158 = ORIENTED_EDGE ( 'NONE', *, *, #4284, .T. ) ;
#5159 = ORIENTED_EDGE ( 'NONE', *, *, #9462, .F. ) ;
#5160 = DIRECTION ( 'NONE',  ( -0.0000000000000000000, 1.000000000000000000, 0.0000000000000000000 ) ) ;
#5161 = DIRECTION ( 'NONE',  ( 0.0000000000000000000, 0.0000000000000000000, 1.000000000000000000 ) ) ;
#5162 = AXIS2_PLACEMENT_3D ( 'NONE', #5723, #2655, #8670 ) ;
#5163 = VERTEX_POINT ( 'NONE', #3504 ) ;
#5164 = FACE_OUTER_BOUND ( 'NONE', #201, .T. ) ;
#5165 = ORIENTED_EDGE ( 'NONE', *, *, #4114, .F. ) ;
#5166 = ADVANCED_FACE ( 'NONE', ( #2359 ), #7906, .T. ) ;
#5167 = AXIS2_PLACEMENT_3D ( 'NONE', #6988, #2588, #7747 ) ;
#5168 = ORIENTED_EDGE ( 'NONE', *, *, #4059, .T. ) ;
#5169 = CARTESIAN_POINT ( 'NONE',  ( 5.514999999999999680, 0.0000000000000000000, -1.474999999999999867 ) ) ;
#5170 = FACE_OUTER_BOUND ( 'NONE', #3014, .T. ) ;
#5171 = VERTEX_POINT ( 'NONE', #8653 ) ;
#5172 = FILL_AREA_STYLE_COLOUR ( '', #7354 ) ;
#5173 = CARTESIAN_POINT ( 'NONE',  ( 1.975000000000000089, 1.795247431900000024, 2.024999999999999911 ) ) ;
#5174 = DIRECTION ( 'NONE',  ( 1.000000000000000000, 0.0000000000000000000, 0.0000000000000000000 ) ) ;
#5175 = VERTEX_POINT ( 'NONE', #7846 ) ;
#5176 = CARTESIAN_POINT ( 'NONE',  ( 5.525000000000000355, -0.004464445899999999919, 0.003975566199999999890 ) ) ;
#5177 = DIRECTION ( 'NONE',  ( 0.0000000000000000000, 0.0000000000000000000, 1.000000000000000000 ) ) ;
#5178 = VECTOR ( 'NONE', #5124, 1000.000000000000000 ) ;
#5179 = ORIENTED_EDGE ( 'NONE', *, *, #4948, .F. ) ;
#5180 = CARTESIAN_POINT ( 'NONE',  ( 3.024999999999999911, -0.6500000000000000222, -2.075000000000000178 ) ) ;
#5181 = VECTOR ( 'NONE', #5226, 1000.000000000000000 ) ;
#5182 = ORIENTED_EDGE ( 'NONE', *, *, #3908, .F. ) ;
#5183 = VERTEX_POINT ( 'NONE', #3444 ) ;
#5184 = ORIENTED_EDGE ( 'NONE', *, *, #5333, .F. ) ;
#5185 = CARTESIAN_POINT ( 'NONE',  ( 5.424999999999999822, 1.649999999999999911, 2.024999999999999911 ) ) ;
#5186 = EDGE_CURVE ( 'NONE', #5156, #9195, #7995, .T. ) ;
#5187 = DIRECTION ( 'NONE',  ( -0.0000000000000000000, 1.000000000000000000, 3.252606517456512513E-15 ) ) ;
#5188 = CARTESIAN_POINT ( 'NONE',  ( 7.875000000000000000, 3.600000000000000977, -1.425000000000000044 ) ) ;
#5189 = ORIENTED_EDGE ( 'NONE', *, *, #2988, .T. ) ;
#5190 = CARTESIAN_POINT ( 'NONE',  ( 0.5150000000000000133, 1.649999999999999911, -1.474999999999999867 ) ) ;
#5191 = LINE ( 'NONE', #4614, #4962 ) ;
#5192 =( GEOMETRIC_REPRESENTATION_CONTEXT ( 3 ) GLOBAL_UNCERTAINTY_ASSIGNED_CONTEXT ( ( #6660 ) ) GLOBAL_UNIT_ASSIGNED_CONTEXT ( ( #2964, #5896, #1460 ) ) REPRESENTATION_CONTEXT ( 'NONE', 'WORKASPACE' ) );
#5193 = DIRECTION ( 'NONE',  ( -0.0000000000000000000, -1.000000000000000000, -3.219646771412953967E-15 ) ) ;
#5194 = FACE_OUTER_BOUND ( 'NONE', #7075, .T. ) ;
#5195 = ADVANCED_FACE ( 'NONE', ( #6954 ), #5079, .F. ) ;
#5196 = ORIENTED_EDGE ( 'NONE', *, *, #73, .F. ) ;
#5197 = ORIENTED_EDGE ( 'NONE', *, *, #6491, .T. ) ;
#5198 = ORIENTED_EDGE ( 'NONE', *, *, #5473, .F. ) ;
#5199 = ORIENTED_EDGE ( 'NONE', *, *, #9180, .T. ) ;
#5200 = VECTOR ( 'NONE', #4725, 1000.000000000000000 ) ;
#5201 = DIRECTION ( 'NONE',  ( 0.0000000000000000000, 0.0000000000000000000, -1.000000000000000000 ) ) ;
#5202 = MECHANICAL_DESIGN_GEOMETRIC_PRESENTATION_REPRESENTATION (  '', ( #5018 ), #5696 ) ;
#5203 = DIRECTION ( 'NONE',  ( 0.0000000000000000000, 0.0000000000000000000, 1.000000000000000000 ) ) ;
#5204 = SURFACE_STYLE_FILL_AREA ( #9277 ) ;
#5205 = ORIENTED_EDGE ( 'NONE', *, *, #8955, .F. ) ;
#5206 = UNCERTAINTY_MEASURE_WITH_UNIT (LENGTH_MEASURE( 1.000000000000000082E-05 ), #5561, 'distance_accuracy_value', 'NONE');
#5207 = EDGE_CURVE ( 'NONE', #9295, #5888, #3971, .T. ) ;
#5208 = DIRECTION ( 'NONE',  ( 1.000000000000000000, 0.0000000000000000000, 0.0000000000000000000 ) ) ;
#5209 = ORIENTED_EDGE ( 'NONE', *, *, #4465, .F. ) ;
#5210 = VECTOR ( 'NONE', #4464, 1000.000000000000000 ) ;
#5211 = DIRECTION ( 'NONE',  ( 0.0000000000000000000, -0.6650335612228979176, -0.7468134723257140450 ) ) ;
#5212 = VECTOR ( 'NONE', #5866, 1000.000000000000000 ) ;
#5213 = VECTOR ( 'NONE', #5889, 1000.000000000000000 ) ;
#5214 = CARTESIAN_POINT ( 'NONE',  ( 5.514999999999999680, 1.000000000000000000, -1.525000000000000133 ) ) ;
#5215 = PLANE ( 'NONE',  #5492 ) ;
#5216 = PRESENTATION_LAYER_ASSIGNMENT (  '', '', ( #6385 ) ) ;
#5217 = ORIENTED_EDGE ( 'NONE', *, *, #9170, .F. ) ;
#5218 = FACE_BOUND ( 'NONE', #2763, .T. ) ;
#5219 = ORIENTED_EDGE ( 'NONE', *, *, #7798, .T. ) ;
#5220 = EDGE_CURVE ( 'NONE', #90, #786, #4776, .T. ) ;
#5221 = DIRECTION ( 'NONE',  ( 0.0000000000000000000, -3.219646771412953967E-15, 1.000000000000000000 ) ) ;
#5222 = EDGE_CURVE ( 'NONE', #6583, #9126, #7990, .T. ) ;
#5223 = VECTOR ( 'NONE', #1108, 1000.000000000000000 ) ;
#5224 = VECTOR ( 'NONE', #3976, 1000.000000000000000 ) ;
#5225 = EDGE_LOOP ( 'NONE', ( #6459, #8866, #9470, #1950 ) ) ;
#5226 = DIRECTION ( 'NONE',  ( 0.0000000000000000000, 1.000000000000000000, 0.0000000000000000000 ) ) ;
#5227 = ORIENTED_EDGE ( 'NONE', *, *, #3244, .F. ) ;
#5228 = VERTEX_POINT ( 'NONE', #4451 ) ;
#5229 =( LENGTH_UNIT ( ) NAMED_UNIT ( * ) SI_UNIT ( .MILLI., .METRE. ) );
#5230 = PRESENTATION_LAYER_ASSIGNMENT (  '', '', ( #1385 ) ) ;
#5231 = FACE_OUTER_BOUND ( 'NONE', #4104, .T. ) ;
#5232 = EDGE_CURVE ( 'NONE', #1369, #5865, #9132, .T. ) ;
#5233 = DIRECTION ( 'NONE',  ( 0.0000000000000000000, -1.000000000000000000, 0.0000000000000000000 ) ) ;
#5234 = FACE_OUTER_BOUND ( 'NONE', #8638, .T. ) ;
#5235 = ORIENTED_EDGE ( 'NONE', *, *, #9359, .F. ) ;
#5236 = DIRECTION ( 'NONE',  ( 0.0000000000000000000, -1.000000000000000000, -3.219646771412953967E-15 ) ) ;
#5237 = LINE ( 'NONE', #3308, #8237 ) ;
#5238 = ADVANCED_FACE ( 'NONE', ( #5234 ), #5278, .F. ) ;
#5239 = CARTESIAN_POINT ( 'NONE',  ( 5.875000000000000888, 3.750000000000000000, -2.024999999999999911 ) ) ;
#5240 = AXIS2_PLACEMENT_3D ( 'NONE', #1519, #2960, #6113 ) ;
#5241 = LINE ( 'NONE', #2868, #3402 ) ;
#5242 = DIRECTION ( 'NONE',  ( 0.0000000000000000000, 1.000000000000000000, 0.0000000000000000000 ) ) ;
#5243 = LINE ( 'NONE', #8765, #1883 ) ;
#5244 = PLANE ( 'NONE',  #5108 ) ;
#5245 = AXIS2_PLACEMENT_3D ( 'NONE', #3225, #4038, #3292 ) ;
#5246 = FACE_OUTER_BOUND ( 'NONE', #3380, .T. ) ;
#5247 = EDGE_CURVE ( 'NONE', #1517, #6018, #1758, .T. ) ;
#5248 = FILL_AREA_STYLE ('',( #185 ) ) ;
#5249 = VECTOR ( 'NONE', #3179, 1000.000000000000000 ) ;
#5250 = VERTEX_POINT ( 'NONE', #1190 ) ;
#5251 = ORIENTED_EDGE ( 'NONE', *, *, #2609, .T. ) ;
#5252 = VECTOR ( 'NONE', #7493, 1000.000000000000000 ) ;
#5253 = DIRECTION ( 'NONE',  ( -0.0000000000000000000, 1.000000000000000000, 0.0000000000000000000 ) ) ;
#5254 = ORIENTED_EDGE ( 'NONE', *, *, #8902, .T. ) ;
#5255 = CARTESIAN_POINT ( 'NONE',  ( 1.775000000000000133, 1.649999999999999911, -1.698606797699999893 ) ) ;
#5256 = DIRECTION ( 'NONE',  ( 0.0000000000000000000, 0.0000000000000000000, 1.000000000000000000 ) ) ;
#5257 = DIRECTION ( 'NONE',  ( 0.0000000000000000000, -1.000000000000000000, 0.0000000000000000000 ) ) ;
#5258 = VECTOR ( 'NONE', #4890, 1000.000000000000000 ) ;
#5259 = EDGE_CURVE ( 'NONE', #6434, #1597, #8113, .T. ) ;
#5260 =( GEOMETRIC_REPRESENTATION_CONTEXT ( 3 ) GLOBAL_UNCERTAINTY_ASSIGNED_CONTEXT ( ( #775 ) ) GLOBAL_UNIT_ASSIGNED_CONTEXT ( ( #8159, #3069, #6037 ) ) REPRESENTATION_CONTEXT ( 'NONE', 'WORKASPACE' ) );
#5261 = EDGE_CURVE ( 'NONE', #2647, #8398, #628, .T. ) ;
#5262 = FILL_AREA_STYLE_COLOUR ( '', #4174 ) ;
#5263 = CARTESIAN_POINT ( 'NONE',  ( 5.424999999999999822, 1.850000000000000089, -1.698606797699999893 ) ) ;
#5264 = FACE_OUTER_BOUND ( 'NONE', #1664, .T. ) ;
#5265 = ORIENTED_EDGE ( 'NONE', *, *, #9156, .F. ) ;
#5266 = DIRECTION ( 'NONE',  ( -0.0000000000000000000, 1.000000000000000000, 0.0000000000000000000 ) ) ;
#5267 = EDGE_LOOP ( 'NONE', ( #2709, #6136, #3455, #5034, #4600, #4990 ) ) ;
#5268 = CARTESIAN_POINT ( 'NONE',  ( 3.024999999999999911, 1.350000000000000089, 0.0000000000000000000 ) ) ;
#5269 = AXIS2_PLACEMENT_3D ( 'NONE', #4486, #5187, #4456 ) ;
#5270 =( LENGTH_UNIT ( ) NAMED_UNIT ( * ) SI_UNIT ( .MILLI., .METRE. ) );
#5271 = CARTESIAN_POINT ( 'NONE',  ( 3.225000000000000089, 0.0000000000000000000, -1.525000000000000133 ) ) ;
#5272 = FACE_OUTER_BOUND ( 'NONE', #4480, .T. ) ;
#5273 = EDGE_CURVE ( 'NONE', #404, #6422, #6496, .T. ) ;
#5274 = CARTESIAN_POINT ( 'NONE',  ( 4.485000000000000320, 1.850000000000000089, -1.025000000000000133 ) ) ;
#5275 = VERTEX_POINT ( 'NONE', #4838 ) ;
#5276 = EDGE_CURVE ( 'NONE', #2505, #6807, #2801, .T. ) ;
#5277 = CARTESIAN_POINT ( 'NONE',  ( 7.875000000000000000, 1.000000000000000000, -1.525000000000000133 ) ) ;
#5278 = PLANE ( 'NONE',  #7565 ) ;
#5279 = ORIENTED_EDGE ( 'NONE', *, *, #3223, .T. ) ;
#5280 = CARTESIAN_POINT ( 'NONE',  ( 0.7250000000000000888, 0.5547525681000000652, 2.024999999999999911 ) ) ;
#5281 = ORIENTED_EDGE ( 'NONE', *, *, #6508, .F. ) ;
#5282 = CARTESIAN_POINT ( 'NONE',  ( 5.724999999999999645, 0.0000000000000000000, -1.525000000000000133 ) ) ;
#5283 = ORIENTED_EDGE ( 'NONE', *, *, #8124, .F. ) ;
#5284 = LINE ( 'NONE', #4862, #6975 ) ;
#5285 = DIRECTION ( 'NONE',  ( 0.0000000000000000000, -1.000000000000000000, 0.0000000000000000000 ) ) ;
#5286 = ORIENTED_EDGE ( 'NONE', *, *, #2252, .T. ) ;
#5287 = SURFACE_STYLE_FILL_AREA ( #6884 ) ;
#5288 = ORIENTED_EDGE ( 'NONE', *, *, #6973, .T. ) ;
#5289 = CARTESIAN_POINT ( 'NONE',  ( 5.875000000000000888, 2.250000000000000000, -2.024999999999999911 ) ) ;
#5290 = EDGE_CURVE ( 'NONE', #3999, #1010, #1994, .T. ) ;
#5291 = CARTESIAN_POINT ( 'NONE',  ( 3.024999999999999911, 1.850000000000000089, -1.698606797699999893 ) ) ;
#5292 = ORIENTED_EDGE ( 'NONE', *, *, #6736, .T. ) ;
#5293 = VERTEX_POINT ( 'NONE', #2727 ) ;
#5294 = LINE ( 'NONE', #4300, #1351 ) ;
#5295 = VERTEX_POINT ( 'NONE', #3419 ) ;
#5296 = CARTESIAN_POINT ( 'NONE',  ( 4.474999999999999645, 1.850000000000000089, 2.024999999999999911 ) ) ;
#5297 = VECTOR ( 'NONE', #5388, 1000.000000000000114 ) ;
#5298 = ORIENTED_EDGE ( 'NONE', *, *, #9447, .T. ) ;
#5299 = DIRECTION ( 'NONE',  ( 0.0000000000000000000, 0.0000000000000000000, 1.000000000000000000 ) ) ;
#5300 = PLANE ( 'NONE',  #5082 ) ;
#5301 = ORIENTED_EDGE ( 'NONE', *, *, #5861, .F. ) ;
#5302 =( GEOMETRIC_REPRESENTATION_CONTEXT ( 3 ) GLOBAL_UNCERTAINTY_ASSIGNED_CONTEXT ( ( #7179 ) ) GLOBAL_UNIT_ASSIGNED_CONTEXT ( ( #5270, #1515, #83 ) ) REPRESENTATION_CONTEXT ( 'NONE', 'WORKASPACE' ) );
#5303 = AXIS2_PLACEMENT_3D ( 'NONE', #9041, #6151, #5386 ) ;
#5304 = ORIENTED_EDGE ( 'NONE', *, *, #3351, .F. ) ;
#5305 = VECTOR ( 'NONE', #5628, 1000.000000000000000 ) ;
#5306 = ORIENTED_EDGE ( 'NONE', *, *, #5909, .T. ) ;
#5307 = DIRECTION ( 'NONE',  ( -1.000000000000000000, 0.0000000000000000000, 0.0000000000000000000 ) ) ;
#5308 = AXIS2_PLACEMENT_3D ( 'NONE', #7938, #8652, #579 ) ;
#5309 = VERTEX_POINT ( 'NONE', #7127 ) ;
#5310 = CARTESIAN_POINT ( 'NONE',  ( 4.485000000000000320, 1.649999999999999911, -1.474999999999999867 ) ) ;
#5311 = ADVANCED_FACE ( 'NONE', ( #514 ), #2636, .F. ) ;
#5312 = ORIENTED_EDGE ( 'NONE', *, *, #4252, .F. ) ;
#5313 = ORIENTED_EDGE ( 'NONE', *, *, #659, .T. ) ;
#5314 = DIRECTION ( 'NONE',  ( -1.000000000000000000, 0.0000000000000000000, 0.0000000000000000000 ) ) ;
#5315 = VERTEX_POINT ( 'NONE', #5681 ) ;
#5316 = VECTOR ( 'NONE', #7560, 1000.000000000000000 ) ;
#5317 = AXIS2_PLACEMENT_3D ( 'NONE', #7652, #2468, #7628 ) ;
#5318 = VECTOR ( 'NONE', #8037, 1000.000000000000000 ) ;
#5319 = VERTEX_POINT ( 'NONE', #8616 ) ;
#5320 = ORIENTED_EDGE ( 'NONE', *, *, #7862, .T. ) ;
#5321 = CARTESIAN_POINT ( 'NONE',  ( 1.324999999999999956, 1.850000000000000089, 2.024999999999999911 ) ) ;
#5322 = AXIS2_PLACEMENT_3D ( 'NONE', #737, #3705, #4825 ) ;
#5323 = DIRECTION ( 'NONE',  ( 0.0000000000000000000, 1.000000000000000000, 0.0000000000000000000 ) ) ;
#5324 = ORIENTED_EDGE ( 'NONE', *, *, #7913, .F. ) ;
#5325 = CARTESIAN_POINT ( 'NONE',  ( 3.225000000000000089, 0.0000000000000000000, -1.525000000000000133 ) ) ;
#5326 = DIRECTION ( 'NONE',  ( 0.0000000000000000000, 1.000000000000000000, 0.0000000000000000000 ) ) ;
#5327 = FACE_OUTER_BOUND ( 'NONE', #69, .T. ) ;
#5328 = VECTOR ( 'NONE', #3954, 1000.000000000000000 ) ;
#5329 = EDGE_LOOP ( 'NONE', ( #54, #380, #8842, #8768 ) ) ;
#5330 = FILL_AREA_STYLE_COLOUR ( '', #3649 ) ;
#5331 = VERTEX_POINT ( 'NONE', #4169 ) ;
#5332 = CARTESIAN_POINT ( 'NONE',  ( 0.7349999999999999867, 1.850000000000000089, -2.024999999999999911 ) ) ;
#5333 = EDGE_CURVE ( 'NONE', #3330, #3483, #49, .T. ) ;
#5334 = DIRECTION ( 'NONE',  ( 0.0000000000000000000, 1.000000000000000000, 0.0000000000000000000 ) ) ;
#5335 = FACE_OUTER_BOUND ( 'NONE', #7371, .T. ) ;
#5336 = ORIENTED_EDGE ( 'NONE', *, *, #1133, .F. ) ;
#5337 = PRESENTATION_STYLE_ASSIGNMENT (( #3724 ) ) ;
#5338 = LINE ( 'NONE', #751, #7975 ) ;
#5339 = EDGE_CURVE ( 'NONE', #3666, #8788, #3853, .T. ) ;
#5340 = DIRECTION ( 'NONE',  ( 0.0000000000000000000, 0.4999999999932618899, -0.8660254037883288181 ) ) ;
#5341 = ADVANCED_FACE ( 'NONE', ( #403 ), #9253, .T. ) ;
#5342 = ORIENTED_EDGE ( 'NONE', *, *, #2898, .F. ) ;
#5343 = ORIENTED_EDGE ( 'NONE', *, *, #5935, .F. ) ;
#5344 = CARTESIAN_POINT ( 'NONE',  ( 1.984999999999999876, 1.000000000000000000, -1.025000000000000133 ) ) ;
#5345 = CARTESIAN_POINT ( 'NONE',  ( -0.7349999999999999867, 1.850000000000000089, -1.025000000000000133 ) ) ;
#5346 = DIRECTION ( 'NONE',  ( 1.000000000000000000, 0.0000000000000000000, 0.0000000000000000000 ) ) ;
#5347 = EDGE_LOOP ( 'NONE', ( #1675, #7153, #2490, #5752 ) ) ;
#5348 = LINE ( 'NONE', #8263, #2346 ) ;
#5349 = DIRECTION ( 'NONE',  ( -1.000000000000000000, 0.0000000000000000000, 0.0000000000000000000 ) ) ;
#5350 = CARTESIAN_POINT ( 'NONE',  ( -0.5250000000000000222, 0.5000000000000000000, -1.525000000000000133 ) ) ;
#5351 = EDGE_CURVE ( 'NONE', #4194, #6326, #5593, .T. ) ;
#5352 = EDGE_CURVE ( 'NONE', #5228, #7116, #6268, .T. ) ;
#5353 = ORIENTED_EDGE ( 'NONE', *, *, #3749, .T. ) ;
#5354 = CARTESIAN_POINT ( 'NONE',  ( 7.875000000000000000, 1.000000000000000000, -1.525000000000000133 ) ) ;
#5355 = DIRECTION ( 'NONE',  ( 0.0000000000000000000, 2.148487149506091871E-16, 1.000000000000000000 ) ) ;
#5356 = FACE_OUTER_BOUND ( 'NONE', #2828, .T. ) ;
#5357 = PLANE ( 'NONE',  #1826 ) ;
#5358 = CARTESIAN_POINT ( 'NONE',  ( 0.7249999999999999778, 1.350000000000000089, 1.525000000000000133 ) ) ;
#5359 = FACE_OUTER_BOUND ( 'NONE', #2295, .T. ) ;
#5360 = VECTOR ( 'NONE', #6404, 1000.000000000000000 ) ;
#5361 = VERTEX_POINT ( 'NONE', #7759 ) ;
#5362 = STYLED_ITEM ( 'NONE', ( #6824 ), #7277 ) ;
#5363 = CARTESIAN_POINT ( 'NONE',  ( 5.525000000000000355, 0.05000000000000002359, -1.775000000000000133 ) ) ;
#5364 = ORIENTED_EDGE ( 'NONE', *, *, #2946, .T. ) ;
#5365 = VECTOR ( 'NONE', #4575, 1000.000000000000000 ) ;
#5366 = CARTESIAN_POINT ( 'NONE',  ( 4.485000000000000320, 1.000000000000000000, -1.525000000000000133 ) ) ;
#5367 = DIRECTION ( 'NONE',  ( 1.000000000000000000, 0.0000000000000000000, 0.0000000000000000000 ) ) ;
#5368 = LINE ( 'NONE', #9513, #8685 ) ;
#5369 = FACE_OUTER_BOUND ( 'NONE', #2552, .T. ) ;
#5370 = DIRECTION ( 'NONE',  ( 0.0000000000000000000, 3.252606517456512119E-15, -1.000000000000000000 ) ) ;
#5371 = VECTOR ( 'NONE', #5370, 1000.000000000000000 ) ;
#5372 = ORIENTED_EDGE ( 'NONE', *, *, #2436, .F. ) ;
#5373 = DIRECTION ( 'NONE',  ( 0.0000000000000000000, 0.0000000000000000000, -1.000000000000000000 ) ) ;
#5374 = ORIENTED_EDGE ( 'NONE', *, *, #8666, .T. ) ;
#5375 = CARTESIAN_POINT ( 'NONE',  ( 4.474999999999999645, 1.850000000000000089, -2.024999999999999911 ) ) ;
#5376 = EDGE_CURVE ( 'NONE', #3355, #4391, #9355, .T. ) ;
#5377 = CARTESIAN_POINT ( 'NONE',  ( 1.765000000000000124, 1.850000000000000089, -1.025000000000000133 ) ) ;
#5378 = DIRECTION ( 'NONE',  ( 0.0000000000000000000, 0.0000000000000000000, 1.000000000000000000 ) ) ;
#5379 = DIRECTION ( 'NONE',  ( 1.000000000000000000, 0.0000000000000000000, 0.0000000000000000000 ) ) ;
#5380 = VECTOR ( 'NONE', #7873, 1000.000000000000000 ) ;
#5381 = UNCERTAINTY_MEASURE_WITH_UNIT (LENGTH_MEASURE( 1.000000000000000082E-05 ), #3064, 'distance_accuracy_value', 'NONE');
#5382 = LINE ( 'NONE', #7934, #979 ) ;
#5383 = DIRECTION ( 'NONE',  ( 0.0000000000000000000, 1.000000000000000000, 0.0000000000000000000 ) ) ;
#5384 = DIRECTION ( 'NONE',  ( 0.0000000000000000000, -0.0000000000000000000, 1.000000000000000000 ) ) ;
#5385 = CARTESIAN_POINT ( 'NONE',  ( 4.264999999999999680, 1.850000000000000089, -1.025000000000000133 ) ) ;
#5386 = DIRECTION ( 'NONE',  ( 0.0000000000000000000, 0.0000000000000000000, -1.000000000000000000 ) ) ;
#5387 = ADVANCED_FACE ( 'NONE', ( #5480 ), #1891, .T. ) ;
#5388 = DIRECTION ( 'NONE',  ( 0.0000000000000000000, -0.6650335612228979176, -0.7468134723257140450 ) ) ;
#5389 = EDGE_CURVE ( 'NONE', #2613, #3312, #1630, .T. ) ;
#5390 = LINE ( 'NONE', #5363, #2382 ) ;
#5391 = CARTESIAN_POINT ( 'NONE',  ( 4.474999999999999645, 1.795247431900000024, 2.024999999999999911 ) ) ;
#5392 = ORIENTED_EDGE ( 'NONE', *, *, #5247, .T. ) ;
#5393 = ORIENTED_EDGE ( 'NONE', *, *, #6529, .T. ) ;
#5394 = EDGE_CURVE ( 'NONE', #3124, #3666, #7405, .T. ) ;
#5395 = VERTEX_POINT ( 'NONE', #522 ) ;
#5396 = CARTESIAN_POINT ( 'NONE',  ( 1.975000000000000089, 1.350000000000000089, -1.525000000000000133 ) ) ;
#5397 = DIRECTION ( 'NONE',  ( 0.0000000000000000000, -1.000000000000000000, 0.0000000000000000000 ) ) ;
#5398 = VERTEX_POINT ( 'NONE', #8537 ) ;
#5399 = VECTOR ( 'NONE', #4599, 1000.000000000000000 ) ;
#5400 = ORIENTED_EDGE ( 'NONE', *, *, #7415, .F. ) ;
#5401 = ORIENTED_EDGE ( 'NONE', *, *, #3619, .T. ) ;
#5402 = LINE ( 'NONE', #8415, #99 ) ;
#5403 = VERTEX_POINT ( 'NONE', #8559 ) ;
#5404 = AXIS2_PLACEMENT_3D ( 'NONE', #7210, #5886, #5132 ) ;
#5405 = FILL_AREA_STYLE_COLOUR ( '', #5411 ) ;
#5406 = EDGE_CURVE ( 'NONE', #2871, #6427, #7164, .T. ) ;
#5407 = DIRECTION ( 'NONE',  ( 1.000000000000000000, 0.0000000000000000000, 0.0000000000000000000 ) ) ;
#5408 = ORIENTED_EDGE ( 'NONE', *, *, #9028, .F. ) ;
#5409 = EDGE_CURVE ( 'NONE', #7980, #1624, #9237, .T. ) ;
#5410 = PLANE ( 'NONE',  #9405 ) ;
#5411 = COLOUR_RGB ( '',1.000000000000000000, 1.000000000000000000, 1.000000000000000000 ) ;
#5412 = ORIENTED_EDGE ( 'NONE', *, *, #4201, .T. ) ;
#5413 = CARTESIAN_POINT ( 'NONE',  ( 1.975000000000000089, 1.000000000000000000, 1.525000000000000133 ) ) ;
#5414 = VERTEX_POINT ( 'NONE', #2146 ) ;
#5415 = FACE_OUTER_BOUND ( 'NONE', #9176, .T. ) ;
#5416 = EDGE_LOOP ( 'NONE', ( #4075, #2835, #9231, #5581 ) ) ;
#5417 = CARTESIAN_POINT ( 'NONE',  ( 1.975000000000000089, -0.004464445899999999919, 0.003975566199999999890 ) ) ;
#5418 =( LENGTH_UNIT ( ) NAMED_UNIT ( * ) SI_UNIT ( .MILLI., .METRE. ) );
#5419 = PLANE ( 'NONE',  #2248 ) ;
#5420 = ORIENTED_EDGE ( 'NONE', *, *, #3102, .F. ) ;
#5421 = PLANE ( 'NONE',  #5317 ) ;
#5422 = CARTESIAN_POINT ( 'NONE',  ( -0.5250000000000000222, 1.649999999999999911, -1.025000000000000133 ) ) ;
#5423 = PRESENTATION_STYLE_ASSIGNMENT (( #4512 ) ) ;
#5424 = PLANE ( 'NONE',  #8687 ) ;
#5425 = EDGE_CURVE ( 'NONE', #8788, #1337, #2573, .T. ) ;
#5426 = DIRECTION ( 'NONE',  ( 1.000000000000000000, 0.0000000000000000000, 0.0000000000000000000 ) ) ;
#5427 = VERTEX_POINT ( 'NONE', #1429 ) ;
#5428 = CARTESIAN_POINT ( 'NONE',  ( 1.774999999999999911, 0.05000000000000002359, -1.775000000000000133 ) ) ;
#5429 = ORIENTED_EDGE ( 'NONE', *, *, #5083, .T. ) ;
#5430 = DIRECTION ( 'NONE',  ( -1.000000000000000000, 0.0000000000000000000, 0.0000000000000000000 ) ) ;
#5431 = EDGE_LOOP ( 'NONE', ( #7733, #4515, #6259, #4497 ) ) ;
#5432 = CARTESIAN_POINT ( 'NONE',  ( 7.456138830084191760, 2.250000000000000000, 1.025000000000000133 ) ) ;
#5433 = ORIENTED_EDGE ( 'NONE', *, *, #578, .F. ) ;
#5434 = LINE ( 'NONE', #5435, #9088 ) ;
#5435 = CARTESIAN_POINT ( 'NONE',  ( 1.975000000000000089, 1.850000000000000089, 2.024999999999999911 ) ) ;
#5436 = PLANE ( 'NONE',  #5598 ) ;
#5437 = FACE_OUTER_BOUND ( 'NONE', #4116, .T. ) ;
#5438 = ORIENTED_EDGE ( 'NONE', *, *, #4358, .T. ) ;
#5439 = ADVANCED_FACE ( 'NONE', ( #8452 ), #3613, .F. ) ;
#5440 =( GEOMETRIC_REPRESENTATION_CONTEXT ( 3 ) GLOBAL_UNCERTAINTY_ASSIGNED_CONTEXT ( ( #6494 ) ) GLOBAL_UNIT_ASSIGNED_CONTEXT ( ( #6775, #2375, #3895 ) ) REPRESENTATION_CONTEXT ( 'NONE', 'WORKASPACE' ) );
#5441 = ORIENTED_EDGE ( 'NONE', *, *, #3212, .T. ) ;
#5442 = ORIENTED_EDGE ( 'NONE', *, *, #6361, .F. ) ;
#5443 = ORIENTED_EDGE ( 'NONE', *, *, #7554, .F. ) ;
#5444 = AXIS2_PLACEMENT_3D ( 'NONE', #4746, #4077, #3970 ) ;
#5445 = APPLICATION_PROTOCOL_DEFINITION ( 'draft international standard', 'automotive_design', 1998, #1659 ) ;
#5446 = ORIENTED_EDGE ( 'NONE', *, *, #5261, .F. ) ;
#5447 = CARTESIAN_POINT ( 'NONE',  ( 1.975000000000000089, 1.350000000000000089, 1.525000000000000133 ) ) ;
#5448 = LINE ( 'NONE', #957, #4175 ) ;
#5449 = CARTESIAN_POINT ( 'NONE',  ( 1.765000000000000124, 1.000000000000000000, -1.474999999999999867 ) ) ;
#5450 = CARTESIAN_POINT ( 'NONE',  ( 7.875000000000000000, 3.600000000000000977, -0.07499999999999998335 ) ) ;
#5451 = DIRECTION ( 'NONE',  ( 1.000000000000000000, 0.0000000000000000000, 0.0000000000000000000 ) ) ;
#5452 = DIRECTION ( 'NONE',  ( 0.0000000000000000000, 0.0000000000000000000, 1.000000000000000000 ) ) ;
#5453 = ORIENTED_EDGE ( 'NONE', *, *, #4595, .T. ) ;
#5454 = LINE ( 'NONE', #5819, #7957 ) ;
#5455 = EDGE_CURVE ( 'NONE', #1597, #4050, #2925, .T. ) ;
#5456 = VECTOR ( 'NONE', #722, 1000.000000000000000 ) ;
#5457 = DIRECTION ( 'NONE',  ( 1.000000000000000000, 0.0000000000000000000, 0.0000000000000000000 ) ) ;
#5458 = DIRECTION ( 'NONE',  ( -0.0000000000000000000, 2.552445434498790050E-15, -1.000000000000000000 ) ) ;
#5459 = CARTESIAN_POINT ( 'NONE',  ( -1.375000000000000000, 3.149999999999999911, 0.02500000000000000139 ) ) ;
#5460 = EDGE_CURVE ( 'NONE', #3108, #5679, #7396, .T. ) ;
#5461 = DIRECTION ( 'NONE',  ( 0.0000000000000000000, 1.000000000000000000, -1.084202172485501673E-15 ) ) ;
#5462 = DIRECTION ( 'NONE',  ( 0.0000000000000000000, 1.000000000000000000, -1.339206523454102177E-15 ) ) ;
#5463 = CARTESIAN_POINT ( 'NONE',  ( 1.975000000000000089, 1.649999999999999911, 2.024999999999999911 ) ) ;
#5464 = ORIENTED_EDGE ( 'NONE', *, *, #3044, .F. ) ;
#5465 = FACE_OUTER_BOUND ( 'NONE', #5532, .T. ) ;
#5466 = PLANE ( 'NONE',  #311 ) ;
#5467 = SURFACE_STYLE_FILL_AREA ( #2121 ) ;
#5468 = CARTESIAN_POINT ( 'NONE',  ( 3.234999999999999876, 1.850000000000000089, -1.025000000000000133 ) ) ;
#5469 = LINE ( 'NONE', #5741, #2221 ) ;
#5470 = CARTESIAN_POINT ( 'NONE',  ( 7.275000000000001243, 4.249999999999998224, -2.075000000000001510 ) ) ;
#5471 = CARTESIAN_POINT ( 'NONE',  ( -0.5150000000000000133, 1.850000000000000089, -2.024999999999999911 ) ) ;
#5472 = PLANE ( 'NONE',  #7043 ) ;
#5473 = EDGE_CURVE ( 'NONE', #1148, #2510, #1988, .T. ) ;
#5474 = EDGE_CURVE ( 'NONE', #5403, #6018, #4881, .T. ) ;
#5475 = LINE ( 'NONE', #6040, #8447 ) ;
#5476 = VECTOR ( 'NONE', #6470, 1000.000000000000000 ) ;
#5477 = CARTESIAN_POINT ( 'NONE',  ( -1.375000000000000000, 3.750000000000000000, 2.024999999999999911 ) ) ;
#5478 = DIRECTION ( 'NONE',  ( -1.000000000000000000, 0.0000000000000000000, 0.0000000000000000000 ) ) ;
#5479 = CARTESIAN_POINT ( 'NONE',  ( -2.375000000000000000, 3.149999999999999911, 2.024999999999999911 ) ) ;
#5480 = FACE_OUTER_BOUND ( 'NONE', #8175, .T. ) ;
#5481 = DIRECTION ( 'NONE',  ( -1.000000000000000000, 0.0000000000000000000, 0.0000000000000000000 ) ) ;
#5482 = DIRECTION ( 'NONE',  ( 0.0000000000000000000, 0.0000000000000000000, -1.000000000000000000 ) ) ;
#5483 = LINE ( 'NONE', #7808, #6045 ) ;
#5484 = EDGE_CURVE ( 'NONE', #2980, #9087, #1185, .T. ) ;
#5485 = ADVANCED_FACE ( 'NONE', ( #9020 ), #3506, .T. ) ;
#5486 = LINE ( 'NONE', #5906, #5933 ) ;
#5487 = LINE ( 'NONE', #8884, #645 ) ;
#5488 = CARTESIAN_POINT ( 'NONE',  ( 5.725000000000000533, 0.3499999999999999778, -2.075000000000000178 ) ) ;
#5489 = VECTOR ( 'NONE', #8357, 1000.000000000000114 ) ;
#5490 = AXIS2_PLACEMENT_3D ( 'NONE', #5693, #3523, #1174 ) ;
#5491 = PLANE ( 'NONE',  #8896 ) ;
#5492 = AXIS2_PLACEMENT_3D ( 'NONE', #8837, #1395, #6558 ) ;
#5493 = DIRECTION ( 'NONE',  ( 0.0000000000000000000, 0.0000000000000000000, 1.000000000000000000 ) ) ;
#5494 = DIRECTION ( 'NONE',  ( 0.0000000000000000000, 0.0000000000000000000, 1.000000000000000000 ) ) ;
#5495 = VECTOR ( 'NONE', #1387, 1000.000000000000000 ) ;
#5496 = FACE_OUTER_BOUND ( 'NONE', #5603, .T. ) ;
#5497 = APPLICATION_CONTEXT ( 'automotive_design' ) ;
#5498 = ADVANCED_FACE ( 'NONE', ( #3494 ), #5828, .F. ) ;
#5499 = AXIS2_PLACEMENT_3D ( 'NONE', #6395, #1976, #2101 ) ;
#5500 = UNCERTAINTY_MEASURE_WITH_UNIT (LENGTH_MEASURE( 1.000000000000000082E-05 ), #8238, 'distance_accuracy_value', 'NONE');
#5501 = FACE_OUTER_BOUND ( 'NONE', #4589, .T. ) ;
#5502 = CARTESIAN_POINT ( 'NONE',  ( -0.7349999999999999867, 1.850000000000000089, -2.024999999999999911 ) ) ;
#5503 = EDGE_CURVE ( 'NONE', #7952, #2402, #8561, .T. ) ;
#5504 = EDGE_LOOP ( 'NONE', ( #5775, #8899, #2891, #8383 ) ) ;
#5505 = PLANE ( 'NONE',  #7081 ) ;
#5506 = DIRECTION ( 'NONE',  ( -1.000000000000000000, 0.0000000000000000000, 0.0000000000000000000 ) ) ;
#5507 = ORIENTED_EDGE ( 'NONE', *, *, #5339, .T. ) ;
#5508 = MECHANICAL_DESIGN_GEOMETRIC_PRESENTATION_REPRESENTATION (  '', ( #8150 ), #3340 ) ;
#5509 = FILL_AREA_STYLE_COLOUR ( '', #633 ) ;
#5510 = CARTESIAN_POINT ( 'NONE',  ( -0.7249999999999999778, 1.649999999999999911, -1.698606797699999893 ) ) ;
#5511 = VECTOR ( 'NONE', #170, 1000.000000000000000 ) ;
#5512 = VERTEX_POINT ( 'NONE', #6002 ) ;
#5513 = DIRECTION ( 'NONE',  ( 0.0000000000000000000, 0.0000000000000000000, 1.000000000000000000 ) ) ;
#5514 = ORIENTED_EDGE ( 'NONE', *, *, #8937, .F. ) ;
#5515 = VERTEX_POINT ( 'NONE', #4348 ) ;
#5516 = CARTESIAN_POINT ( 'NONE',  ( 3.024999999999999911, 1.315130797599999957, 1.171117220399999770 ) ) ;
#5517 = CARTESIAN_POINT ( 'NONE',  ( 4.275000000000000355, 1.850000000000000089, -2.024999999999999911 ) ) ;
#5518 = EDGE_CURVE ( 'NONE', #2454, #3103, #6935, .T. ) ;
#5519 = ORIENTED_EDGE ( 'NONE', *, *, #5600, .T. ) ;
#5520 = PLANE ( 'NONE',  #5245 ) ;
#5521 = VERTEX_POINT ( 'NONE', #8314 ) ;
#5522 = VECTOR ( 'NONE', #4365, 1000.000000000000000 ) ;
#5523 = CARTESIAN_POINT ( 'NONE',  ( 3.225000000000000089, 1.350000000000000089, 1.525000000000000133 ) ) ;
#5524 = ORIENTED_EDGE ( 'NONE', *, *, #6372, .T. ) ;
#5525 = EDGE_CURVE ( 'NONE', #7369, #9087, #1745, .T. ) ;
#5526 = DIRECTION ( 'NONE',  ( -1.000000000000000000, 0.0000000000000000000, 0.0000000000000000000 ) ) ;
#5527 = ORIENTED_EDGE ( 'NONE', *, *, #9213, .T. ) ;
#5528 = DIRECTION ( 'NONE',  ( 0.0000000000000000000, -0.0000000000000000000, 1.000000000000000000 ) ) ;
#5529 = ADVANCED_FACE ( 'NONE', ( #2343 ), #5520, .F. ) ;
#5530 = CARTESIAN_POINT ( 'NONE',  ( -2.024999999999999911, 4.250000000000000000, -2.024999999999999911 ) ) ;
#5531 = ORIENTED_EDGE ( 'NONE', *, *, #4172, .F. ) ;
#5532 = EDGE_LOOP ( 'NONE', ( #5041, #1857, #670, #4698 ) ) ;
#5533 = LINE ( 'NONE', #8676, #3560 ) ;
#5534 = VECTOR ( 'NONE', #1139, 1000.000000000000000 ) ;
#5535 = ORIENTED_EDGE ( 'NONE', *, *, #1671, .F. ) ;
#5536 = EDGE_CURVE ( 'NONE', #945, #8505, #2562, .T. ) ;
#5537 = ORIENTED_EDGE ( 'NONE', *, *, #6023, .T. ) ;
#5538 = EDGE_CURVE ( 'NONE', #2508, #1150, #849, .T. ) ;
#5539 = CARTESIAN_POINT ( 'NONE',  ( 3.015000000000000124, 1.000000000000000000, -1.025000000000000133 ) ) ;
#5540 = CARTESIAN_POINT ( 'NONE',  ( -0.5150000000000000133, 1.000000000000000000, -1.025000000000000133 ) ) ;
#5541 = EDGE_LOOP ( 'NONE', ( #1692, #9068, #4049, #447 ) ) ;
#5542 = VECTOR ( 'NONE', #6419, 1000.000000000000000 ) ;
#5543 = FILL_AREA_STYLE_COLOUR ( '', #6501 ) ;
#5544 = ORIENTED_EDGE ( 'NONE', *, *, #4850, .F. ) ;
#5545 = CARTESIAN_POINT ( 'NONE',  ( -0.8750000000000000000, 3.750000000000000000, -2.024999999999999911 ) ) ;
#5546 = VERTEX_POINT ( 'NONE', #6217 ) ;
#5547 = DIRECTION ( 'NONE',  ( 0.0000000000000000000, 0.0000000000000000000, -1.000000000000000000 ) ) ;
#5548 = ORIENTED_EDGE ( 'NONE', *, *, #2377, .F. ) ;
#5549 = DIRECTION ( 'NONE',  ( 0.0000000000000000000, -1.000000000000000000, 0.0000000000000000000 ) ) ;
#5550 = PRESENTATION_LAYER_ASSIGNMENT (  '', '', ( #4557 ) ) ;
#5551 = ORIENTED_EDGE ( 'NONE', *, *, #8286, .F. ) ;
#5552 = LINE ( 'NONE', #3195, #1838 ) ;
#5553 = EDGE_CURVE ( 'NONE', #7101, #8964, #8104, .T. ) ;
#5554 = PLANE ( 'NONE',  #7132 ) ;
#5555 = SURFACE_STYLE_USAGE ( .BOTH. , #3383 ) ;
#5556 = ORIENTED_EDGE ( 'NONE', *, *, #3256, .T. ) ;
#5557 = VERTEX_POINT ( 'NONE', #6944 ) ;
#5558 = ORIENTED_EDGE ( 'NONE', *, *, #3491, .F. ) ;
#5559 = DIRECTION ( 'NONE',  ( 0.0000000000000000000, -1.000000000000000000, 0.0000000000000000000 ) ) ;
#5560 = EDGE_LOOP ( 'NONE', ( #1856, #9304, #629, #1552 ) ) ;
#5561 =( LENGTH_UNIT ( ) NAMED_UNIT ( * ) SI_UNIT ( .MILLI., .METRE. ) );
#5562 = UNCERTAINTY_MEASURE_WITH_UNIT (LENGTH_MEASURE( 1.000000000000000082E-05 ), #1067, 'distance_accuracy_value', 'NONE');
#5563 = PRESENTATION_LAYER_ASSIGNMENT (  '', '', ( #8208 ) ) ;
#5564 = FACE_OUTER_BOUND ( 'NONE', #3453, .T. ) ;
#5565 = LINE ( 'NONE', #2484, #139 ) ;
#5566 = EDGE_CURVE ( 'NONE', #7703, #7091, #7638, .T. ) ;
#5567 = EDGE_LOOP ( 'NONE', ( #8421, #7093, #2518, #4848 ) ) ;
#5568 = ORIENTED_EDGE ( 'NONE', *, *, #3733, .F. ) ;
#5569 = CARTESIAN_POINT ( 'NONE',  ( -0.4249999999999999889, 1.850000000000000089, 2.024999999999999911 ) ) ;
#5570 = LINE ( 'NONE', #5344, #1619 ) ;
#5571 = CARTESIAN_POINT ( 'NONE',  ( 3.225000000000000089, -0.6500000000000000222, -1.775000000000000133 ) ) ;
#5572 = CARTESIAN_POINT ( 'NONE',  ( -0.5150000000000000133, 1.850000000000000089, -1.025000000000000133 ) ) ;
#5573 = FACE_OUTER_BOUND ( 'NONE', #3542, .T. ) ;
#5574 = CARTESIAN_POINT ( 'NONE',  ( 4.474999999999999645, 0.05000000000000002359, -1.524999999999999689 ) ) ;
#5575 = LINE ( 'NONE', #3722, #6484 ) ;
#5576 = ADVANCED_FACE ( 'NONE', ( #2453 ), #1093, .F. ) ;
#5577 = CARTESIAN_POINT ( 'NONE',  ( 5.724999999999999645, -0.6500000000000000222, -1.775000000000000133 ) ) ;
#5578 = ORIENTED_EDGE ( 'NONE', *, *, #3748, .T. ) ;
#5579 = EDGE_CURVE ( 'NONE', #3553, #9316, #4540, .T. ) ;
#5580 = LINE ( 'NONE', #4311, #9009 ) ;
#5581 = ORIENTED_EDGE ( 'NONE', *, *, #6686, .F. ) ;
#5582 = PRESENTATION_LAYER_ASSIGNMENT (  '', '', ( #3835 ) ) ;
#5583 = PLANE ( 'NONE',  #2051 ) ;
#5584 = ORIENTED_EDGE ( 'NONE', *, *, #5352, .F. ) ;
#5585 = DIRECTION ( 'NONE',  ( 1.000000000000000000, 0.0000000000000000000, 0.0000000000000000000 ) ) ;
#5586 = CARTESIAN_POINT ( 'NONE',  ( 3.024999999999999911, 1.850000000000000089, 0.0000000000000000000 ) ) ;
#5587 = FACE_OUTER_BOUND ( 'NONE', #9229, .T. ) ;
#5588 = PRESENTATION_STYLE_ASSIGNMENT (( #433 ) ) ;
#5589 = EDGE_CURVE ( 'NONE', #8184, #8985, #4193, .T. ) ;
#5590 =( NAMED_UNIT ( * ) SI_UNIT ( $, .STERADIAN. ) SOLID_ANGLE_UNIT ( ) );
#5591 = VECTOR ( 'NONE', #8558, 1000.000000000000000 ) ;
#5592 = DIRECTION ( 'NONE',  ( 0.0000000000000000000, -1.000000000000000000, 0.0000000000000000000 ) ) ;
#5593 = LINE ( 'NONE', #9317, #5810 ) ;
#5594 = ORIENTED_EDGE ( 'NONE', *, *, #2055, .T. ) ;
#5595 = DIRECTION ( 'NONE',  ( 0.0000000000000000000, 0.0000000000000000000, 1.000000000000000000 ) ) ;
#5596 = PLANE ( 'NONE',  #3670 ) ;
#5597 = LINE ( 'NONE', #1850, #7410 ) ;
#5598 = AXIS2_PLACEMENT_3D ( 'NONE', #4677, #1688, #7603 ) ;
#5599 = VECTOR ( 'NONE', #2634, 1000.000000000000000 ) ;
#5600 = EDGE_CURVE ( 'NONE', #3089, #4950, #4432, .T. ) ;
#5601 = LINE ( 'NONE', #7341, #5608 ) ;
#5602 = EDGE_CURVE ( 'NONE', #5093, #3836, #8226, .T. ) ;
#5603 = EDGE_LOOP ( 'NONE', ( #1587, #1490, #8068, #2417 ) ) ;
#5604 = ADVANCED_FACE ( 'NONE', ( #6147 ), #2501, .F. ) ;
#5605 = CARTESIAN_POINT ( 'NONE',  ( 5.724999999999999645, 0.0000000000000000000, -1.525000000000000133 ) ) ;
#5606 = CARTESIAN_POINT ( 'NONE',  ( 6.375000000000000888, 3.750000000000000000, -2.024999999999999911 ) ) ;
#5607 = FACE_OUTER_BOUND ( 'NONE', #8508, .T. ) ;
#5608 = VECTOR ( 'NONE', #5973, 1000.000000000000000 ) ;
#5609 = VECTOR ( 'NONE', #1394, 1000.000000000000000 ) ;
#5610 = EDGE_CURVE ( 'NONE', #2404, #5903, #9114, .T. ) ;
#5611 = COLOUR_RGB ( '',0.6470588235294117974, 0.6196078431372549211, 0.5882352941176470784 ) ;
#5612 = DIRECTION ( 'NONE',  ( 0.0000000000000000000, 0.0000000000000000000, 1.000000000000000000 ) ) ;
#5613 = ADVANCED_FACE ( 'NONE', ( #2914, #732, #1733, #5218, #4186 ), #5466, .F. ) ;
#5614 = DIRECTION ( 'NONE',  ( 0.0000000000000000000, -1.000000000000000000, -3.212450881438532635E-15 ) ) ;
#5615 = CARTESIAN_POINT ( 'NONE',  ( 4.275000000000000355, 1.350000000000000089, 0.0000000000000000000 ) ) ;
#5616 = DIRECTION ( 'NONE',  ( 0.0000000000000000000, -0.0000000000000000000, -1.000000000000000000 ) ) ;
#5617 = VECTOR ( 'NONE', #8675, 1000.000000000000000 ) ;
#5618 = ORIENTED_EDGE ( 'NONE', *, *, #2171, .T. ) ;
#5619 = AXIS2_PLACEMENT_3D ( 'NONE', #6716, #2317, #7453 ) ;
#5620 = ORIENTED_EDGE ( 'NONE', *, *, #7528, .F. ) ;
#5621 = DIRECTION ( 'NONE',  ( 1.000000000000000000, 0.0000000000000000000, 0.0000000000000000000 ) ) ;
#5622 = ADVANCED_FACE ( 'NONE', ( #38 ), #6968, .F. ) ;
#5623 = ORIENTED_EDGE ( 'NONE', *, *, #8482, .F. ) ;
#5624 = VERTEX_POINT ( 'NONE', #4737 ) ;
#5625 = ORIENTED_EDGE ( 'NONE', *, *, #5834, .T. ) ;
#5626 = ORIENTED_EDGE ( 'NONE', *, *, #9265, .T. ) ;
#5627 = SURFACE_STYLE_USAGE ( .BOTH. , #6417 ) ;
#5628 = DIRECTION ( 'NONE',  ( 0.0000000000000000000, 0.0000000000000000000, 1.000000000000000000 ) ) ;
#5629 = VECTOR ( 'NONE', #2575, 1000.000000000000000 ) ;
#5630 = ORIENTED_EDGE ( 'NONE', *, *, #1734, .T. ) ;
#5631 = ORIENTED_EDGE ( 'NONE', *, *, #9376, .T. ) ;
#5632 = AXIS2_PLACEMENT_3D ( 'NONE', #6709, #4542, #5762 ) ;
#5633 = VERTEX_POINT ( 'NONE', #5488 ) ;
#5634 = CARTESIAN_POINT ( 'NONE',  ( -2.875000000000000000, 4.250000000000000000, -0.07499999999999998335 ) ) ;
#5635 = CARTESIAN_POINT ( 'NONE',  ( 3.324999999999999734, 1.850000000000000089, -1.474999999999999867 ) ) ;
#5636 = CARTESIAN_POINT ( 'NONE',  ( -0.8750000000000000000, 3.750000000000000000, -2.024999999999999911 ) ) ;
#5637 = ORIENTED_EDGE ( 'NONE', *, *, #8107, .T. ) ;
#5638 = VECTOR ( 'NONE', #4530, 1000.000000000000000 ) ;
#5639 = ORIENTED_EDGE ( 'NONE', *, *, #8145, .T. ) ;
#5640 = CARTESIAN_POINT ( 'NONE',  ( 1.974999999999999867, 0.05000000000000002359, -1.524999999999999689 ) ) ;
#5641 = ORIENTED_EDGE ( 'NONE', *, *, #4436, .F. ) ;
#5642 = SURFACE_SIDE_STYLE ('',( #5204 ) ) ;
#5643 = VECTOR ( 'NONE', #5340, 1000.000000000000114 ) ;
#5644 = ORIENTED_EDGE ( 'NONE', *, *, #9496, .T. ) ;
#5645 = DIRECTION ( 'NONE',  ( 0.0000000000000000000, 0.0000000000000000000, 1.000000000000000000 ) ) ;
#5646 = AXIS2_PLACEMENT_3D ( 'NONE', #7653, #5549, #4070 ) ;
#5647 = EDGE_LOOP ( 'NONE', ( #7838, #8157, #6131, #9278 ) ) ;
#5648 = DIRECTION ( 'NONE',  ( -1.000000000000000000, 0.0000000000000000000, 0.0000000000000000000 ) ) ;
#5649 = EDGE_LOOP ( 'NONE', ( #8445, #2078, #9457, #1878 ) ) ;
#5650 = EDGE_CURVE ( 'NONE', #782, #2308, #1979, .T. ) ;
#5651 = FACE_OUTER_BOUND ( 'NONE', #6486, .T. ) ;
#5652 = CARTESIAN_POINT ( 'NONE',  ( 4.474999999999999645, 1.649999999999999911, -1.025000000000000133 ) ) ;
#5653 = LINE ( 'NONE', #1348, #8395 ) ;
#5654 = ORIENTED_EDGE ( 'NONE', *, *, #9387, .F. ) ;
#5655 = VERTEX_POINT ( 'NONE', #6177 ) ;
#5656 = ORIENTED_EDGE ( 'NONE', *, *, #7659, .F. ) ;
#5657 = ADVANCED_FACE ( 'NONE', ( #5465 ), #5424, .T. ) ;
#5658 = CARTESIAN_POINT ( 'NONE',  ( 4.474999999999999645, 1.000000000000000000, 0.0000000000000000000 ) ) ;
#5659 = VERTEX_POINT ( 'NONE', #6149 ) ;
#5660 = VECTOR ( 'NONE', #5493, 1000.000000000000000 ) ;
#5661 = EDGE_CURVE ( 'NONE', #5395, #5515, #9230, .T. ) ;
#5662 = LINE ( 'NONE', #6738, #5997 ) ;
#5663 = EDGE_LOOP ( 'NONE', ( #2766, #7334, #8494, #1666, #1020, #1926, #2974, #2288, #1415, #3558, #5958, #900, #5165, #3937, #2521, #4255 ) ) ;
#5664 = ORIENTED_EDGE ( 'NONE', *, *, #8524, .F. ) ;
#5665 = EDGE_CURVE ( 'NONE', #4585, #5853, #7047, .T. ) ;
#5666 = DIRECTION ( 'NONE',  ( -1.000000000000000000, 0.0000000000000000000, 0.0000000000000000000 ) ) ;
#5667 = CARTESIAN_POINT ( 'NONE',  ( 3.024999999999999911, 0.3500000000000000333, -2.024999999999999911 ) ) ;
#5668 = ORIENTED_EDGE ( 'NONE', *, *, #5724, .T. ) ;
#5669 = DIRECTION ( 'NONE',  ( -1.000000000000000000, 0.0000000000000000000, 0.0000000000000000000 ) ) ;
#5670 = ADVANCED_FACE ( 'NONE', ( #3149 ), #6555, .F. ) ;
#5671 = ORIENTED_EDGE ( 'NONE', *, *, #342, .T. ) ;
#5672 = FACE_OUTER_BOUND ( 'NONE', #8512, .T. ) ;
#5673 =( NAMED_UNIT ( * ) PLANE_ANGLE_UNIT ( ) SI_UNIT ( $, .RADIAN. ) );
#5674 = CARTESIAN_POINT ( 'NONE',  ( 5.525000000000000355, 1.649999999999999911, 2.024999999999999911 ) ) ;
#5675 = STYLED_ITEM ( 'NONE', ( #2207 ), #8152 ) ;
#5676 = DIRECTION ( 'NONE',  ( -1.000000000000000000, 0.0000000000000000000, 0.0000000000000000000 ) ) ;
#5677 = ORIENTED_EDGE ( 'NONE', *, *, #778, .F. ) ;
#5678 = LINE ( 'NONE', #5884, #2079 ) ;
#5679 = VERTEX_POINT ( 'NONE', #7590 ) ;
#5680 = UNCERTAINTY_MEASURE_WITH_UNIT (LENGTH_MEASURE( 1.000000000000000082E-05 ), #5999, 'distance_accuracy_value', 'NONE');
#5681 = CARTESIAN_POINT ( 'NONE',  ( 3.024999999999999911, 1.350000000000000089, -1.525000000000000133 ) ) ;
#5682 = LINE ( 'NONE', #1405, #5212 ) ;
#5683 = LINE ( 'NONE', #1488, #2082 ) ;
#5684 = DIRECTION ( 'NONE',  ( -0.0000000000000000000, 1.000000000000000000, 0.0000000000000000000 ) ) ;
#5685 = VERTEX_POINT ( 'NONE', #7216 ) ;
#5686 = DIRECTION ( 'NONE',  ( 1.000000000000000000, 0.0000000000000000000, 8.673617379884027583E-16 ) ) ;
#5687 = DIRECTION ( 'NONE',  ( 1.000000000000000000, 0.0000000000000000000, 0.0000000000000000000 ) ) ;
#5688 = EDGE_CURVE ( 'NONE', #8839, #1577, #6029, .T. ) ;
#5689 = LINE ( 'NONE', #1725, #9473 ) ;
#5690 =( GEOMETRIC_REPRESENTATION_CONTEXT ( 3 ) GLOBAL_UNCERTAINTY_ASSIGNED_CONTEXT ( ( #6951 ) ) GLOBAL_UNIT_ASSIGNED_CONTEXT ( ( #3260, #4000, #9131 ) ) REPRESENTATION_CONTEXT ( 'NONE', 'WORKASPACE' ) );
#5691 = CARTESIAN_POINT ( 'NONE',  ( 6.375000000000000888, 3.149999999999999911, 0.02500000000000000139 ) ) ;
#5692 = DIRECTION ( 'NONE',  ( -0.0000000000000000000, 0.0000000000000000000, 1.000000000000000000 ) ) ;
#5693 = CARTESIAN_POINT ( 'NONE',  ( 7.025000000000001243, 1.980741759643274369, -1.925000000000000933 ) ) ;
#5694 = VECTOR ( 'NONE', #8230, 1000.000000000000000 ) ;
#5695 = SURFACE_STYLE_USAGE ( .BOTH. , #5725 ) ;
#5696 =( GEOMETRIC_REPRESENTATION_CONTEXT ( 3 ) GLOBAL_UNCERTAINTY_ASSIGNED_CONTEXT ( ( #8328 ) ) GLOBAL_UNIT_ASSIGNED_CONTEXT ( ( #3993, #1012, #6176 ) ) REPRESENTATION_CONTEXT ( 'NONE', 'WORKASPACE' ) );
#5697 = LINE ( 'NONE', #4800, #6273 ) ;
#5698 = DIRECTION ( 'NONE',  ( 0.0000000000000000000, -1.000000000000000000, 0.0000000000000000000 ) ) ;
#5699 = PRESENTATION_STYLE_ASSIGNMENT (( #6052 ) ) ;
#5700 = ORIENTED_EDGE ( 'NONE', *, *, #3733, .T. ) ;
#5701 = CARTESIAN_POINT ( 'NONE',  ( 3.234999999999999876, 1.000000000000000000, -1.474999999999999867 ) ) ;
#5702 = DIRECTION ( 'NONE',  ( 1.000000000000000000, 0.0000000000000000000, 0.0000000000000000000 ) ) ;
#5703 = EDGE_CURVE ( 'NONE', #1227, #7713, #2678, .T. ) ;
#5704 = DIRECTION ( 'NONE',  ( 0.0000000000000000000, 1.000000000000000000, 3.558407130208835834E-15 ) ) ;
#5705 = ORIENTED_EDGE ( 'NONE', *, *, #7609, .T. ) ;
#5706 =( NAMED_UNIT ( * ) SI_UNIT ( $, .STERADIAN. ) SOLID_ANGLE_UNIT ( ) );
#5707 = VECTOR ( 'NONE', #8555, 1000.000000000000000 ) ;
#5708 = VECTOR ( 'NONE', #43, 1000.000000000000000 ) ;
#5709 = CARTESIAN_POINT ( 'NONE',  ( 5.375000000000000888, 2.750000000000000000, -0.4749999999999999778 ) ) ;
#5710 = LINE ( 'NONE', #2907, #2002 ) ;
#5711 = PLANE ( 'NONE',  #4965 ) ;
#5712 = MECHANICAL_DESIGN_GEOMETRIC_PRESENTATION_REPRESENTATION (  '', ( #6385 ), #6194 ) ;
#5713 = CARTESIAN_POINT ( 'NONE',  ( 1.975000000000000089, 0.5000000000000000000, -1.525000000000000133 ) ) ;
#5714 = VECTOR ( 'NONE', #6962, 1000.000000000000000 ) ;
#5715 = ORIENTED_EDGE ( 'NONE', *, *, #9145, .T. ) ;
#5716 = VECTOR ( 'NONE', #4871, 1000.000000000000000 ) ;
#5717 = EDGE_CURVE ( 'NONE', #7891, #7235, #6137, .T. ) ;
#5718 =( LENGTH_UNIT ( ) NAMED_UNIT ( * ) SI_UNIT ( .MILLI., .METRE. ) );
#5719 = EDGE_CURVE ( 'NONE', #5275, #8871, #502, .T. ) ;
#5720 = LINE ( 'NONE', #3111, #7077 ) ;
#5721 = FACE_OUTER_BOUND ( 'NONE', #806, .T. ) ;
#5722 = DIRECTION ( 'NONE',  ( 0.0000000000000000000, 0.0000000000000000000, -1.000000000000000000 ) ) ;
#5723 = CARTESIAN_POINT ( 'NONE',  ( 1.775000000000000133, 0.0000000000000000000, 0.0000000000000000000 ) ) ;
#5724 = EDGE_CURVE ( 'NONE', #4025, #7931, #152, .T. ) ;
#5725 = SURFACE_SIDE_STYLE ('',( #2019 ) ) ;
#5726 = COLOUR_RGB ( '',1.000000000000000000, 1.000000000000000000, 1.000000000000000000 ) ;
#5727 = ORIENTED_EDGE ( 'NONE', *, *, #225, .T. ) ;
#5728 = CARTESIAN_POINT ( 'NONE',  ( 1.975000000000000089, 1.850000000000000089, -1.025000000000000133 ) ) ;
#5729 = DIRECTION ( 'NONE',  ( 0.0000000000000000000, 1.000000000000000000, 0.0000000000000000000 ) ) ;
#5730 = ORIENTED_EDGE ( 'NONE', *, *, #1598, .F. ) ;
#5731 = CARTESIAN_POINT ( 'NONE',  ( 6.875000000000000888, 2.550000000000000266, -1.474999999999999867 ) ) ;
#5732 = ORIENTED_EDGE ( 'NONE', *, *, #6722, .F. ) ;
#5733 = DIRECTION ( 'NONE',  ( 0.0000000000000000000, -1.000000000000000000, 0.0000000000000000000 ) ) ;
#5734 = SURFACE_STYLE_USAGE ( .BOTH. , #8656 ) ;
#5735 = PRESENTATION_LAYER_ASSIGNMENT (  '', '', ( #3768 ) ) ;
#5736 = LINE ( 'NONE', #5674, #3885 ) ;
#5737 = FILL_AREA_STYLE ('',( #8750 ) ) ;
#5738 = ORIENTED_EDGE ( 'NONE', *, *, #1718, .T. ) ;
#5739 = EDGE_CURVE ( 'NONE', #4089, #3398, #7752, .T. ) ;
#5740 = VERTEX_POINT ( 'NONE', #2889 ) ;
#5741 = CARTESIAN_POINT ( 'NONE',  ( 4.485000000000000320, 1.000000000000000000, -1.025000000000000133 ) ) ;
#5742 = ORIENTED_EDGE ( 'NONE', *, *, #1300, .F. ) ;
#5743 = ORIENTED_EDGE ( 'NONE', *, *, #7976, .F. ) ;
#5744 = LINE ( 'NONE', #4641, #8607 ) ;
#5745 = ORIENTED_EDGE ( 'NONE', *, *, #635, .T. ) ;
#5746 = COLOUR_RGB ( '',1.000000000000000000, 0.8039215686274510109, 0.4980392156862745168 ) ;
#5747 = ORIENTED_EDGE ( 'NONE', *, *, #5096, .F. ) ;
#5748 = DIRECTION ( 'NONE',  ( 0.0000000000000000000, 0.0000000000000000000, 1.000000000000000000 ) ) ;
#5749 = EDGE_CURVE ( 'NONE', #7065, #2995, #3844, .T. ) ;
#5750 = EDGE_LOOP ( 'NONE', ( #1690, #3696, #82, #7475, #6876, #6891, #848, #8619, #7795, #8373, #4433, #9285, #9306, #4820, #1797, #9045, #2047, #8043, #3154, #481, #7956, #2887, #8396, #4777, #6089, #4611, #7722, #4547, #710, #5438, #320, #8084, #2644, #3375, #2654, #1014, #997, #6201, #4048, #7858, #5623, #8377, #6445, #7670, #7234, #5301, #2073, #9516, #9083, #7812, #9528, #905, #4127, #7824, #7337, #4631 ) ) ;
#5751 = AXIS2_PLACEMENT_3D ( 'NONE', #9263, #7105, #8593 ) ;
#5752 = ORIENTED_EDGE ( 'NONE', *, *, #7362, .F. ) ;
#5753 = VECTOR ( 'NONE', #33, 1000.000000000000000 ) ;
#5754 = EDGE_CURVE ( 'NONE', #3804, #5067, #5801, .T. ) ;
#5755 = LINE ( 'NONE', #660, #6104 ) ;
#5756 = ORIENTED_EDGE ( 'NONE', *, *, #8844, .F. ) ;
#5757 = ADVANCED_FACE ( 'NONE', ( #1625 ), #8648, .T. ) ;
#5758 = CARTESIAN_POINT ( 'NONE',  ( -0.8750000000000000000, 3.750000000000000000, -2.024999999999999911 ) ) ;
#5759 = EDGE_LOOP ( 'NONE', ( #1004, #6230, #1089, #6198 ) ) ;
#5760 = CARTESIAN_POINT ( 'NONE',  ( 5.724999999999999645, 1.795247431900000024, 2.024999999999999911 ) ) ;
#5761 = CARTESIAN_POINT ( 'NONE',  ( -0.3750000000000000000, 0.0000000000000000000, 0.0000000000000000000 ) ) ;
#5762 = DIRECTION ( 'NONE',  ( 0.0000000000000000000, 0.0000000000000000000, 1.000000000000000000 ) ) ;
#5763 = ORIENTED_EDGE ( 'NONE', *, *, #8543, .T. ) ;
#5764 = DIRECTION ( 'NONE',  ( -1.000000000000000000, -0.0000000000000000000, -0.0000000000000000000 ) ) ;
#5765 = CARTESIAN_POINT ( 'NONE',  ( 6.375000000000000888, 3.149999999999999911, 0.02500000000000000139 ) ) ;
#5766 = VECTOR ( 'NONE', #5878, 1000.000000000000000 ) ;
#5767 = PRESENTATION_LAYER_ASSIGNMENT (  '', '', ( #1308 ) ) ;
#5768 = VECTOR ( 'NONE', #4018, 1000.000000000000000 ) ;
#5769 = ORIENTED_EDGE ( 'NONE', *, *, #5784, .F. ) ;
#5770 = ORIENTED_EDGE ( 'NONE', *, *, #4115, .T. ) ;
#5771 = EDGE_CURVE ( 'NONE', #4693, #8496, #3615, .T. ) ;
#5772 = EDGE_LOOP ( 'NONE', ( #5631, #8944, #5957, #6669 ) ) ;
#5773 = EDGE_CURVE ( 'NONE', #569, #8657, #5580, .T. ) ;
#5774 = CARTESIAN_POINT ( 'NONE',  ( 5.525000000000000355, -0.6500000000000000222, -2.075000000000000178 ) ) ;
#5775 = ORIENTED_EDGE ( 'NONE', *, *, #879, .F. ) ;
#5776 = FACE_OUTER_BOUND ( 'NONE', #6214, .T. ) ;
#5777 = VECTOR ( 'NONE', #8108, 1000.000000000000000 ) ;
#5778 = ADVANCED_FACE ( 'NONE', ( #2448 ), #8106, .T. ) ;
#5779 = ORIENTED_EDGE ( 'NONE', *, *, #8251, .T. ) ;
#5780 = DIRECTION ( 'NONE',  ( -1.000000000000000000, 0.0000000000000000000, 0.0000000000000000000 ) ) ;
#5781 = ADVANCED_FACE ( 'NONE', ( #6930 ), #7416, .F. ) ;
#5782 = EDGE_LOOP ( 'NONE', ( #8734, #938, #8105, #5817 ) ) ;
#5783 = VECTOR ( 'NONE', #1257, 1000.000000000000000 ) ;
#5784 = EDGE_CURVE ( 'NONE', #6182, #1148, #145, .T. ) ;
#5785 = CARTESIAN_POINT ( 'NONE',  ( -1.875000000000000000, 1.850000000000000089, -1.474999999999999867 ) ) ;
#5786 = DIRECTION ( 'NONE',  ( 1.000000000000000000, 0.0000000000000000000, 0.0000000000000000000 ) ) ;
#5787 = EDGE_LOOP ( 'NONE', ( #5535, #5626, #470, #6425 ) ) ;
#5788 = ORIENTED_EDGE ( 'NONE', *, *, #2042, .T. ) ;
#5789 = VECTOR ( 'NONE', #7446, 1000.000000000000000 ) ;
#5790 = VERTEX_POINT ( 'NONE', #740 ) ;
#5791 = PLANE ( 'NONE',  #1022 ) ;
#5792 = UNCERTAINTY_MEASURE_WITH_UNIT (LENGTH_MEASURE( 1.000000000000000082E-05 ), #5418, 'distance_accuracy_value', 'NONE');
#5793 = CARTESIAN_POINT ( 'NONE',  ( -2.875000000000000000, 8.673617379884035472E-15, -0.2250000000000008105 ) ) ;
#5794 = ORIENTED_EDGE ( 'NONE', *, *, #469, .F. ) ;
#5795 = VECTOR ( 'NONE', #7646, 1000.000000000000000 ) ;
#5796 = VECTOR ( 'NONE', #5585, 1000.000000000000000 ) ;
#5798 = ORIENTED_EDGE ( 'NONE', *, *, #3408, .T. ) ;
#5797 = DIRECTION ( 'NONE',  ( 0.0000000000000000000, -1.000000000000000000, 0.0000000000000000000 ) ) ;
#5799 = DIRECTION ( 'NONE',  ( 0.0000000000000000000, 0.0000000000000000000, -1.000000000000000000 ) ) ;
#5800 = ORIENTED_EDGE ( 'NONE', *, *, #141, .T. ) ;
#5801 = LINE ( 'NONE', #4380, #8096 ) ;
#5802 = ORIENTED_EDGE ( 'NONE', *, *, #4605, .T. ) ;
#5803 = CARTESIAN_POINT ( 'NONE',  ( 1.984999999999999876, 1.000000000000000000, -2.024999999999999911 ) ) ;
#5804 = LINE ( 'NONE', #1544, #3622 ) ;
#5805 = DIRECTION ( 'NONE',  ( 0.0000000000000000000, -0.0000000000000000000, -1.000000000000000000 ) ) ;
#5806 = ORIENTED_EDGE ( 'NONE', *, *, #5703, .T. ) ;
#5807 = VECTOR ( 'NONE', #7092, 1000.000000000000000 ) ;
#5808 = CARTESIAN_POINT ( 'NONE',  ( 7.275000000000001243, 4.239999999999999325, -1.925000000000000711 ) ) ;
#5809 = DIRECTION ( 'NONE',  ( 0.0000000000000000000, 0.0000000000000000000, -1.000000000000000000 ) ) ;
#5810 = VECTOR ( 'NONE', #1243, 1000.000000000000000 ) ;
#5811 = ORIENTED_EDGE ( 'NONE', *, *, #6246, .T. ) ;
#5812 = AXIS2_PLACEMENT_3D ( 'NONE', #1291, #8405, #4199 ) ;
#5813 = VECTOR ( 'NONE', #5346, 1000.000000000000000 ) ;
#5814 = ORIENTED_EDGE ( 'NONE', *, *, #774, .F. ) ;
#5815 = VECTOR ( 'NONE', #397, 1000.000000000000000 ) ;
#5816 =( NAMED_UNIT ( * ) PLANE_ANGLE_UNIT ( ) SI_UNIT ( $, .RADIAN. ) );
#5817 = ORIENTED_EDGE ( 'NONE', *, *, #2414, .F. ) ;
#5818 = FACE_OUTER_BOUND ( 'NONE', #9415, .T. ) ;
#5819 = CARTESIAN_POINT ( 'NONE',  ( 5.724999999999999645, 1.850000000000000089, -2.024999999999999911 ) ) ;
#5820 = EDGE_CURVE ( 'NONE', #4227, #5982, #4179, .T. ) ;
#5821 = DIRECTION ( 'NONE',  ( 0.0000000000000000000, 0.0000000000000000000, 1.000000000000000000 ) ) ;
#5822 = DIRECTION ( 'NONE',  ( 0.0000000000000000000, 0.0000000000000000000, 1.000000000000000000 ) ) ;
#5823 = EDGE_CURVE ( 'NONE', #617, #7116, #2779, .T. ) ;
#5824 = CARTESIAN_POINT ( 'NONE',  ( -0.7349999999999999867, 1.000000000000000000, -1.025000000000000133 ) ) ;
#5825 = VECTOR ( 'NONE', #1723, 1000.000000000000000 ) ;
#5826 =( NAMED_UNIT ( * ) PLANE_ANGLE_UNIT ( ) SI_UNIT ( $, .RADIAN. ) );
#5827 = LINE ( 'NONE', #5020, #1098 ) ;
#5828 = PLANE ( 'NONE',  #3950 ) ;
#5829 = FACE_OUTER_BOUND ( 'NONE', #3782, .T. ) ;
#5830 = CARTESIAN_POINT ( 'NONE',  ( 3.225000000000000089, 1.850000000000000089, -1.698606797699999893 ) ) ;
#5831 = PLANE ( 'NONE',  #4166 ) ;
#5832 = DIRECTION ( 'NONE',  ( 0.0000000000000000000, 1.000000000000000000, 0.0000000000000000000 ) ) ;
#5833 = LINE ( 'NONE', #7175, #7184 ) ;
#5834 = EDGE_CURVE ( 'NONE', #8292, #3689, #8217, .T. ) ;
#5835 = ADVANCED_FACE ( 'NONE', ( #5335 ), #711, .T. ) ;
#5836 = CARTESIAN_POINT ( 'NONE',  ( 4.474999999999999645, 0.3500000000000000333, -2.024999999999999911 ) ) ;
#5837 = EDGE_CURVE ( 'NONE', #3089, #4768, #3838, .T. ) ;
#5838 = UNCERTAINTY_MEASURE_WITH_UNIT (LENGTH_MEASURE( 1.000000000000000082E-05 ), #9058, 'distance_accuracy_value', 'NONE');
#5839 = CARTESIAN_POINT ( 'NONE',  ( -0.7249999999999999778, 1.350000000000000089, 0.0000000000000000000 ) ) ;
#5840 = DIRECTION ( 'NONE',  ( 0.0000000000000000000, 1.000000000000000000, 0.0000000000000000000 ) ) ;
#5841 = VECTOR ( 'NONE', #2459, 1000.000000000000000 ) ;
#5842 = ORIENTED_EDGE ( 'NONE', *, *, #8303, .F. ) ;
#5843 = ORIENTED_EDGE ( 'NONE', *, *, #4209, .F. ) ;
#5844 = CARTESIAN_POINT ( 'NONE',  ( 4.474999999999999645, 0.3500000000000000333, -2.024999999999999911 ) ) ;
#5845 = ADVANCED_FACE ( 'NONE', ( #6251 ), #5244, .F. ) ;
#5846 = CARTESIAN_POINT ( 'NONE',  ( -0.7349999999999999867, 1.000000000000000000, -1.525000000000000133 ) ) ;
#5847 = VERTEX_POINT ( 'NONE', #3711 ) ;
#5848 = PLANE ( 'NONE',  #4823 ) ;
#5849 = DIRECTION ( 'NONE',  ( 1.000000000000000000, 0.0000000000000000000, 0.0000000000000000000 ) ) ;
#5850 = ORIENTED_EDGE ( 'NONE', *, *, #3280, .T. ) ;
#5851 = DIRECTION ( 'NONE',  ( 0.0000000000000000000, 0.0000000000000000000, -1.000000000000000000 ) ) ;
#5852 = VECTOR ( 'NONE', #7098, 1000.000000000000000 ) ;
#5853 = VERTEX_POINT ( 'NONE', #6765 ) ;
#5854 = VECTOR ( 'NONE', #176, 1000.000000000000000 ) ;
#5855 = ORIENTED_EDGE ( 'NONE', *, *, #9387, .T. ) ;
#5856 = SURFACE_SIDE_STYLE ('',( #4544 ) ) ;
#5857 = CARTESIAN_POINT ( 'NONE',  ( -0.7249999999999999778, 1.850000000000000089, 2.024999999999999911 ) ) ;
#5858 = AXIS2_PLACEMENT_3D ( 'NONE', #6122, #3938, #1714 ) ;
#5859 = EDGE_LOOP ( 'NONE', ( #159, #2395, #831, #5514 ) ) ;
#5860 = LINE ( 'NONE', #8293, #4934 ) ;
#5861 = EDGE_CURVE ( 'NONE', #5515, #2067, #7744, .T. ) ;
#5862 = ORIENTED_EDGE ( 'NONE', *, *, #9116, .F. ) ;
#5863 = ORIENTED_EDGE ( 'NONE', *, *, #8286, .T. ) ;
#5864 = LINE ( 'NONE', #6672, #1352 ) ;
#5865 = VERTEX_POINT ( 'NONE', #3151 ) ;
#5866 = DIRECTION ( 'NONE',  ( -1.000000000000000000, 0.0000000000000000000, 0.0000000000000000000 ) ) ;
#5867 = EDGE_LOOP ( 'NONE', ( #1724, #4727, #1558 ) ) ;
#5868 = DIRECTION ( 'NONE',  ( 0.0000000000000000000, 1.000000000000000000, 0.0000000000000000000 ) ) ;
#5869 = CARTESIAN_POINT ( 'NONE',  ( -0.7349999999999999867, 1.649999999999999911, -1.698606797699999893 ) ) ;
#5870 = DIRECTION ( 'NONE',  ( -0.0000000000000000000, -3.295974604355854593E-17, -1.000000000000000000 ) ) ;
#5871 = VERTEX_POINT ( 'NONE', #155 ) ;
#5872 = VECTOR ( 'NONE', #7110, 1000.000000000000000 ) ;
#5873 = VECTOR ( 'NONE', #4231, 1000.000000000000000 ) ;
#5874 = ORIENTED_EDGE ( 'NONE', *, *, #4840, .T. ) ;
#5875 = ORIENTED_EDGE ( 'NONE', *, *, #3550, .T. ) ;
#5876 = CARTESIAN_POINT ( 'NONE',  ( 0.8249999999999999556, 1.850000000000000089, 2.024999999999999911 ) ) ;
#5877 = EDGE_CURVE ( 'NONE', #7550, #4581, #6701, .T. ) ;
#5878 = DIRECTION ( 'NONE',  ( 0.0000000000000000000, -1.000000000000000000, 0.0000000000000000000 ) ) ;
#5879 = VERTEX_POINT ( 'NONE', #5274 ) ;
#5880 = VERTEX_POINT ( 'NONE', #3831 ) ;
#5881 = EDGE_CURVE ( 'NONE', #7408, #9383, #2906, .T. ) ;
#5882 = FACE_OUTER_BOUND ( 'NONE', #6652, .T. ) ;
#5883 = DIRECTION ( 'NONE',  ( -0.0000000000000000000, 1.000000000000000000, -0.0000000000000000000 ) ) ;
#5884 = CARTESIAN_POINT ( 'NONE',  ( -0.3750000000000000000, 2.750000000000000000, -0.4749999999999999778 ) ) ;
#5885 = LINE ( 'NONE', #7289, #5318 ) ;
#5886 = DIRECTION ( 'NONE',  ( 1.000000000000000000, 0.0000000000000000000, 0.0000000000000000000 ) ) ;
#5887 = ORIENTED_EDGE ( 'NONE', *, *, #6829, .F. ) ;
#5888 = VERTEX_POINT ( 'NONE', #4567 ) ;
#5889 = DIRECTION ( 'NONE',  ( 0.0000000000000000000, 0.0000000000000000000, 1.000000000000000000 ) ) ;
#5890 = DIRECTION ( 'NONE',  ( 0.0000000000000000000, 0.0000000000000000000, -1.000000000000000000 ) ) ;
#5891 = ORIENTED_EDGE ( 'NONE', *, *, #5273, .F. ) ;
#5892 = CARTESIAN_POINT ( 'NONE',  ( 7.275000000000001243, 0.6000000000000024203, 1.375000000000002442 ) ) ;
#5893 = DIRECTION ( 'NONE',  ( 1.000000000000000000, 0.0000000000000000000, 0.0000000000000000000 ) ) ;
#5894 = DIRECTION ( 'NONE',  ( 0.0000000000000000000, -1.000000000000000000, 0.0000000000000000000 ) ) ;
#5895 = EDGE_LOOP ( 'NONE', ( #5743, #8855, #7207, #4064 ) ) ;
#5896 =( NAMED_UNIT ( * ) PLANE_ANGLE_UNIT ( ) SI_UNIT ( $, .RADIAN. ) );
#5897 = EDGE_CURVE ( 'NONE', #5309, #2169, #2441, .T. ) ;
#5898 = LINE ( 'NONE', #8465, #4977 ) ;
#5899 = CARTESIAN_POINT ( 'NONE',  ( -2.274999999999999911, 0.6000000000000024203, 1.375000000000002442 ) ) ;
#5900 = EDGE_CURVE ( 'NONE', #1948, #3616, #5570, .T. ) ;
#5901 = CARTESIAN_POINT ( 'NONE',  ( 3.225000000000000089, 0.5547525681000000652, 2.024999999999999911 ) ) ;
#5902 = CARTESIAN_POINT ( 'NONE',  ( 3.225000000000000089, 0.3500000000000000333, -2.024999999999999911 ) ) ;
#5903 = VERTEX_POINT ( 'NONE', #184 ) ;
#5904 = VECTOR ( 'NONE', #4496, 1000.000000000000000 ) ;
#5905 = VERTEX_POINT ( 'NONE', #2344 ) ;
#5906 = CARTESIAN_POINT ( 'NONE',  ( 3.234999999999999876, 1.000000000000000000, -1.025000000000000133 ) ) ;
#5907 = LINE ( 'NONE', #8190, #496 ) ;
#5908 = VERTEX_POINT ( 'NONE', #2433 ) ;
#5909 = EDGE_CURVE ( 'NONE', #5361, #6111, #9460, .T. ) ;
#5910 = ORIENTED_EDGE ( 'NONE', *, *, #4755, .T. ) ;
#5911 = CARTESIAN_POINT ( 'NONE',  ( -0.7249999999999999778, 0.0000000000000000000, -1.525000000000000133 ) ) ;
#5912 = PLANE ( 'NONE',  #7156 ) ;
#5913 = LINE ( 'NONE', #3304, #7270 ) ;
#5914 = DIRECTION ( 'NONE',  ( 0.0000000000000000000, 0.0000000000000000000, 1.000000000000000000 ) ) ;
#5915 = LINE ( 'NONE', #4712, #3957 ) ;
#5916 = ADVANCED_FACE ( 'NONE', ( #6584 ), #3117, .T. ) ;
#5917 = PLANE ( 'NONE',  #9395 ) ;
#5918 = VECTOR ( 'NONE', #9194, 1000.000000000000000 ) ;
#5919 = VERTEX_POINT ( 'NONE', #3175 ) ;
#5920 = DIRECTION ( 'NONE',  ( -1.000000000000000000, 0.0000000000000000000, 0.0000000000000000000 ) ) ;
#5921 = CARTESIAN_POINT ( 'NONE',  ( 0.7250000000000000888, -0.6500000000000000222, -2.075000000000000178 ) ) ;
#5922 = ADVANCED_FACE ( 'NONE', ( #3363 ), #916, .F. ) ;
#5923 = DIRECTION ( 'NONE',  ( 1.000000000000000000, 0.0000000000000000000, 0.0000000000000000000 ) ) ;
#5924 = VECTOR ( 'NONE', #8201, 1000.000000000000000 ) ;
#5925 = LINE ( 'NONE', #1623, #281 ) ;
#5926 = VECTOR ( 'NONE', #7158, 1000.000000000000000 ) ;
#5927 = DIRECTION ( 'NONE',  ( -1.000000000000000000, 0.0000000000000000000, 0.0000000000000000000 ) ) ;
#5928 = ORIENTED_EDGE ( 'NONE', *, *, #931, .T. ) ;
#5929 = LINE ( 'NONE', #9038, #7993 ) ;
#5930 = DIRECTION ( 'NONE',  ( 0.0000000000000000000, 0.0000000000000000000, -1.000000000000000000 ) ) ;
#5931 = ADVANCED_FACE ( 'NONE', ( #723 ), #867, .T. ) ;
#5932 = EDGE_CURVE ( 'NONE', #4931, #4858, #4759, .T. ) ;
#5933 = VECTOR ( 'NONE', #4431, 1000.000000000000000 ) ;
#5934 = LINE ( 'NONE', #2390, #8811 ) ;
#5935 = EDGE_CURVE ( 'NONE', #5097, #3554, #2203, .T. ) ;
#5936 = VECTOR ( 'NONE', #3718, 1000.000000000000000 ) ;
#5937 = VECTOR ( 'NONE', #6356, 1000.000000000000000 ) ;
#5938 = DIRECTION ( 'NONE',  ( 1.000000000000000000, 0.0000000000000000000, 0.0000000000000000000 ) ) ;
#5939 = PLANE ( 'NONE',  #2606 ) ;
#5940 = DIRECTION ( 'NONE',  ( -1.000000000000000000, -0.0000000000000000000, 0.0000000000000000000 ) ) ;
#5941 = CARTESIAN_POINT ( 'NONE',  ( -2.274999999999999911, 0.6000000000000024203, 1.375000000000002442 ) ) ;
#5942 = AXIS2_PLACEMENT_3D ( 'NONE', #2997, #65, #1009 ) ;
#5943 = LINE ( 'NONE', #3639, #6173 ) ;
#5944 = CARTESIAN_POINT ( 'NONE',  ( -2.274999999999999911, 1.949999999999999512, 2.025000000000007017 ) ) ;
#5945 = VECTOR ( 'NONE', #4308, 1000.000000000000000 ) ;
#5946 = EDGE_CURVE ( 'NONE', #5919, #6807, #842, .T. ) ;
#5947 = DIRECTION ( 'NONE',  ( 0.0000000000000000000, -1.000000000000000000, 0.0000000000000000000 ) ) ;
#5948 = CARTESIAN_POINT ( 'NONE',  ( -2.875000000000000000, 4.250000000000000000, -0.07499999999999998335 ) ) ;
#5949 = EDGE_CURVE ( 'NONE', #1888, #617, #7268, .T. ) ;
#5950 = CARTESIAN_POINT ( 'NONE',  ( -0.7249999999999999778, 0.3499999999999999778, -2.075000000000000178 ) ) ;
#5951 = ORIENTED_EDGE ( 'NONE', *, *, #7788, .F. ) ;
#5952 = CARTESIAN_POINT ( 'NONE',  ( 5.725000000000000533, 0.0000000000000000000, -1.525000000000000133 ) ) ;
#5953 = LINE ( 'NONE', #6624, #3998 ) ;
#5954 = ORIENTED_EDGE ( 'NONE', *, *, #8674, .F. ) ;
#5955 = EDGE_LOOP ( 'NONE', ( #3345, #1327, #9200, #7430, #31, #7945 ) ) ;
#5956 = PRESENTATION_STYLE_ASSIGNMENT (( #981 ) ) ;
#5957 = ORIENTED_EDGE ( 'NONE', *, *, #9327, .F. ) ;
#5958 = ORIENTED_EDGE ( 'NONE', *, *, #1007, .T. ) ;
#5959 = VERTEX_POINT ( 'NONE', #1638 ) ;
#5960 = FILL_AREA_STYLE_COLOUR ( '', #6132 ) ;
#5961 = EDGE_CURVE ( 'NONE', #9383, #3819, #2334, .T. ) ;
#5962 = UNCERTAINTY_MEASURE_WITH_UNIT (LENGTH_MEASURE( 1.000000000000000082E-05 ), #1309, 'distance_accuracy_value', 'NONE');
#5963 = CARTESIAN_POINT ( 'NONE',  ( 7.375000000000001776, 3.750000000000000000, 0.02500000000000000139 ) ) ;
#5964 = LINE ( 'NONE', #2081, #4009 ) ;
#5965 =( NAMED_UNIT ( * ) SI_UNIT ( $, .STERADIAN. ) SOLID_ANGLE_UNIT ( ) );
#5966 = ORIENTED_EDGE ( 'NONE', *, *, #4267, .F. ) ;
#5967 = ORIENTED_EDGE ( 'NONE', *, *, #3691, .T. ) ;
#5968 = EDGE_LOOP ( 'NONE', ( #5144, #7806, #7502, #8015 ) ) ;
#5969 = PLANE ( 'NONE',  #2832 ) ;
#5970 = PLANE ( 'NONE',  #9140 ) ;
#5971 = ORIENTED_EDGE ( 'NONE', *, *, #6999, .T. ) ;
#5972 = VECTOR ( 'NONE', #3918, 1000.000000000000000 ) ;
#5973 = DIRECTION ( 'NONE',  ( -1.000000000000000000, 0.0000000000000000000, 0.0000000000000000000 ) ) ;
#5974 = AXIS2_PLACEMENT_3D ( 'NONE', #3805, #804, #7450 ) ;
#5975 = VERTEX_POINT ( 'NONE', #6856 ) ;
#5976 = VERTEX_POINT ( 'NONE', #1038 ) ;
#5977 = CARTESIAN_POINT ( 'NONE',  ( -0.8750000000000000000, 3.750000000000000000, -2.024999999999999911 ) ) ;
#5978 = DIRECTION ( 'NONE',  ( -1.000000000000000000, -0.0000000000000000000, -0.0000000000000000000 ) ) ;
#5979 = CARTESIAN_POINT ( 'NONE',  ( 7.275000000000001243, 1.950000000000002176, 1.375000000000006883 ) ) ;
#5980 = EDGE_LOOP ( 'NONE', ( #8978, #234, #5537, #11 ) ) ;
#5981 = EDGE_LOOP ( 'NONE', ( #3495, #8367, #6107, #1494, #3145, #3397, #1232, #3028 ) ) ;
#5982 = VERTEX_POINT ( 'NONE', #1001 ) ;
#5983 = PLANE ( 'NONE',  #2012 ) ;
#5984 = VECTOR ( 'NONE', #6642, 1000.000000000000000 ) ;
#5985 = EDGE_LOOP ( 'NONE', ( #5584, #4532, #6883, #2151 ) ) ;
#5986 = CARTESIAN_POINT ( 'NONE',  ( 6.375000000000000888, 3.149999999999999911, -2.024999999999999911 ) ) ;
#5987 = LINE ( 'NONE', #6366, #7927 ) ;
#5988 = VERTEX_POINT ( 'NONE', #8376 ) ;
#5989 = AXIS2_PLACEMENT_3D ( 'NONE', #3026, #8176, #3893 ) ;
#5990 = ORIENTED_EDGE ( 'NONE', *, *, #5834, .F. ) ;
#5991 = EDGE_CURVE ( 'NONE', #4399, #1818, #7966, .T. ) ;
#5992 = CARTESIAN_POINT ( 'NONE',  ( -0.5250000000000000222, -0.6500000000000000222, -1.775000000000000133 ) ) ;
#5993 = ORIENTED_EDGE ( 'NONE', *, *, #5566, .T. ) ;
#5994 = DIRECTION ( 'NONE',  ( 0.0000000000000000000, 0.0000000000000000000, 1.000000000000000000 ) ) ;
#5995 = VECTOR ( 'NONE', #2913, 1000.000000000000000 ) ;
#5996 = AXIS2_PLACEMENT_3D ( 'NONE', #3167, #3877, #939 ) ;
#5997 = VECTOR ( 'NONE', #253, 1000.000000000000000 ) ;
#5998 = ORIENTED_EDGE ( 'NONE', *, *, #7840, .T. ) ;
#5999 =( LENGTH_UNIT ( ) NAMED_UNIT ( * ) SI_UNIT ( .MILLI., .METRE. ) );
#6000 = VERTEX_POINT ( 'NONE', #1735 ) ;
#6001 = ORIENTED_EDGE ( 'NONE', *, *, #1133, .T. ) ;
#6002 = CARTESIAN_POINT ( 'NONE',  ( -0.7349999999999999867, 1.850000000000000089, -2.024999999999999911 ) ) ;
#6003 = ORIENTED_EDGE ( 'NONE', *, *, #383, .T. ) ;
#6004 = LINE ( 'NONE', #8684, #8640 ) ;
#6005 = CARTESIAN_POINT ( 'NONE',  ( 6.875000000000000888, 2.550000000000000266, -1.474999999999999867 ) ) ;
#6006 = PRESENTATION_LAYER_ASSIGNMENT (  '', '', ( #5018 ) ) ;
#6007 = LINE ( 'NONE', #3536, #4056 ) ;
#6008 = ORIENTED_EDGE ( 'NONE', *, *, #7057, .F. ) ;
#6009 = EDGE_CURVE ( 'NONE', #7627, #6542, #379, .T. ) ;
#6010 = CARTESIAN_POINT ( 'NONE',  ( 5.525000000000000355, -0.6500000000000000222, -1.775000000000000133 ) ) ;
#6011 = CARTESIAN_POINT ( 'NONE',  ( 4.474999999999999645, -0.004464445899999999919, 0.003975566199999999890 ) ) ;
#6012 = EDGE_LOOP ( 'NONE', ( #8600, #4011, #2531, #1604 ) ) ;
#6013 = FACE_OUTER_BOUND ( 'NONE', #2635, .T. ) ;
#6014 = DIRECTION ( 'NONE',  ( -0.0000000000000000000, 1.000000000000000000, 0.0000000000000000000 ) ) ;
#6015 = LINE ( 'NONE', #3569, #934 ) ;
#6016 = CARTESIAN_POINT ( 'NONE',  ( 3.024999999999999911, 0.0000000000000000000, -1.525000000000000133 ) ) ;
#6017 = CARTESIAN_POINT ( 'NONE',  ( -0.5250000000000000222, 1.850000000000000089, -1.698606797699999893 ) ) ;
#6018 = VERTEX_POINT ( 'NONE', #2462 ) ;
#6019 = VERTEX_POINT ( 'NONE', #5449 ) ;
#6020 = DIRECTION ( 'NONE',  ( 0.0000000000000000000, 0.0000000000000000000, -1.000000000000000000 ) ) ;
#6021 = LINE ( 'NONE', #8722, #8319 ) ;
#6022 = EDGE_CURVE ( 'NONE', #3689, #982, #2671, .T. ) ;
#6023 = EDGE_CURVE ( 'NONE', #792, #5908, #6480, .T. ) ;
#6024 = LINE ( 'NONE', #3337, #3955 ) ;
#6025 =( NAMED_UNIT ( * ) SI_UNIT ( $, .STERADIAN. ) SOLID_ANGLE_UNIT ( ) );
#6026 = FACE_OUTER_BOUND ( 'NONE', #6822, .T. ) ;
#6027 = CARTESIAN_POINT ( 'NONE',  ( 5.514999999999999680, 1.850000000000000089, -1.025000000000000133 ) ) ;
#6028 = EDGE_LOOP ( 'NONE', ( #7944, #4392, #1732, #1800 ) ) ;
#6029 = LINE ( 'NONE', #1676, #8325 ) ;
#6030 = ORIENTED_EDGE ( 'NONE', *, *, #5771, .F. ) ;
#6031 = UNCERTAINTY_MEASURE_WITH_UNIT (LENGTH_MEASURE( 1.000000000000000082E-05 ), #1336, 'distance_accuracy_value', 'NONE');
#6032 = CARTESIAN_POINT ( 'NONE',  ( 0.5250000000000000222, 0.0000000000000000000, -1.525000000000000133 ) ) ;
#6033 = ORIENTED_EDGE ( 'NONE', *, *, #3047, .F. ) ;
#6034 = VECTOR ( 'NONE', #3650, 1000.000000000000000 ) ;
#6035 =( GEOMETRIC_REPRESENTATION_CONTEXT ( 3 ) GLOBAL_UNCERTAINTY_ASSIGNED_CONTEXT ( ( #9488 ) ) GLOBAL_UNIT_ASSIGNED_CONTEXT ( ( #1122, #1855, #7693 ) ) REPRESENTATION_CONTEXT ( 'NONE', 'WORKASPACE' ) );
#6036 = VECTOR ( 'NONE', #3138, 1000.000000000000000 ) ;
#6037 =( NAMED_UNIT ( * ) SI_UNIT ( $, .STERADIAN. ) SOLID_ANGLE_UNIT ( ) );
#6038 = EDGE_CURVE ( 'NONE', #243, #663, #3139, .T. ) ;
#6039 = CARTESIAN_POINT ( 'NONE',  ( 5.525000000000000355, 1.649999999999999911, -1.025000000000000133 ) ) ;
#6040 = CARTESIAN_POINT ( 'NONE',  ( 0.5250000000000000222, 1.315130797599999957, 1.171117220399999770 ) ) ;
#6041 = VECTOR ( 'NONE', #6381, 1000.000000000000000 ) ;
#6042 = CARTESIAN_POINT ( 'NONE',  ( -0.8750000000000000000, 1.949999999999999956, 2.024999999999999911 ) ) ;
#6043 = CARTESIAN_POINT ( 'NONE',  ( 5.724999999999999645, 1.000000000000000000, -1.525000000000000133 ) ) ;
#6044 = CARTESIAN_POINT ( 'NONE',  ( 7.275000000000001243, 4.249999999999998224, -2.075000000000001510 ) ) ;
#6045 = VECTOR ( 'NONE', #450, 1000.000000000000000 ) ;
#6046 = DIRECTION ( 'NONE',  ( -1.000000000000000000, 0.0000000000000000000, 0.0000000000000000000 ) ) ;
#6047 = AXIS2_PLACEMENT_3D ( 'NONE', #1525, #5221, #8078 ) ;
#6048 = VECTOR ( 'NONE', #1156, 1000.000000000000000 ) ;
#6049 = LINE ( 'NONE', #3959, #3861 ) ;
#6050 = CARTESIAN_POINT ( 'NONE',  ( 4.264999999999999680, 1.649999999999999911, -1.474999999999999867 ) ) ;
#6051 = EDGE_CURVE ( 'NONE', #7255, #1792, #7038, .T. ) ;
#6052 = SURFACE_STYLE_USAGE ( .BOTH. , #2311 ) ;
#6053 = DIRECTION ( 'NONE',  ( 0.0000000000000000000, 0.6650335612228979176, -0.7468134723257140450 ) ) ;
#6054 = LINE ( 'NONE', #895, #962 ) ;
#6055 = DIRECTION ( 'NONE',  ( 0.0000000000000000000, 1.000000000000000000, 0.0000000000000000000 ) ) ;
#6056 = CARTESIAN_POINT ( 'NONE',  ( 5.875000000000000888, 3.750000000000000000, -2.024999999999999911 ) ) ;
#6057 = VECTOR ( 'NONE', #339, 1000.000000000000000 ) ;
#6058 = DIRECTION ( 'NONE',  ( 1.000000000000000000, 0.0000000000000000000, 0.0000000000000000000 ) ) ;
#6059 = CARTESIAN_POINT ( 'NONE',  ( 3.234999999999999876, 1.000000000000000000, -1.025000000000000133 ) ) ;
#6060 = VECTOR ( 'NONE', #1763, 1000.000000000000000 ) ;
#6061 = VERTEX_POINT ( 'NONE', #7196 ) ;
#6062 = PRESENTATION_STYLE_ASSIGNMENT (( #304 ) ) ;
#6063 = EDGE_CURVE ( 'NONE', #5546, #5982, #2554, .T. ) ;
#6064 = ORIENTED_EDGE ( 'NONE', *, *, #2400, .T. ) ;
#6065 = EDGE_CURVE ( 'NONE', #8716, #7434, #2088, .T. ) ;
#6066 = PLANE ( 'NONE',  #5996 ) ;
#6067 = LINE ( 'NONE', #3469, #6963 ) ;
#6068 = LINE ( 'NONE', #8389, #4574 ) ;
#6069 = PLANE ( 'NONE',  #8596 ) ;
#6070 = PRESENTATION_LAYER_ASSIGNMENT (  '', '', ( #3915 ) ) ;
#6071 = CARTESIAN_POINT ( 'NONE',  ( 7.375000000000001776, 3.750000000000000000, 0.02500000000000000139 ) ) ;
#6072 = PRESENTATION_STYLE_ASSIGNMENT (( #2796 ) ) ;
#6073 = EDGE_CURVE ( 'NONE', #1369, #2406, #1171, .T. ) ;
#6074 = CARTESIAN_POINT ( 'NONE',  ( 5.525000000000000355, 1.649999999999999911, -1.474999999999999867 ) ) ;
#6075 = ORIENTED_EDGE ( 'NONE', *, *, #7034, .T. ) ;
#6076 = EDGE_CURVE ( 'NONE', #22, #5361, #6806, .T. ) ;
#6077 = DIRECTION ( 'NONE',  ( -0.0000000000000000000, 1.000000000000000000, 0.0000000000000000000 ) ) ;
#6078 = DIRECTION ( 'NONE',  ( 0.0000000000000000000, -1.000000000000000000, 0.0000000000000000000 ) ) ;
#6079 = VERTEX_POINT ( 'NONE', #4226 ) ;
#6080 = DIRECTION ( 'NONE',  ( 0.0000000000000000000, 0.6650335612228979176, -0.7468134723257140450 ) ) ;
#6081 = EDGE_LOOP ( 'NONE', ( #5442, #7815, #5408, #2183 ) ) ;
#6082 = SURFACE_STYLE_USAGE ( .BOTH. , #7521 ) ;
#6083 = UNCERTAINTY_MEASURE_WITH_UNIT (LENGTH_MEASURE( 1.000000000000000082E-05 ), #3382, 'distance_accuracy_value', 'NONE');
#6084 = ORIENTED_EDGE ( 'NONE', *, *, #1930, .F. ) ;
#6085 = VECTOR ( 'NONE', #7486, 1000.000000000000000 ) ;
#6086 = FILL_AREA_STYLE ('',( #1782 ) ) ;
#6087 = ORIENTED_EDGE ( 'NONE', *, *, #2523, .F. ) ;
#6088 = VERTEX_POINT ( 'NONE', #7955 ) ;
#6089 = ORIENTED_EDGE ( 'NONE', *, *, #936, .F. ) ;
#6090 = DIRECTION ( 'NONE',  ( 0.0000000000000000000, 0.0000000000000000000, -1.000000000000000000 ) ) ;
#6091 = EDGE_CURVE ( 'NONE', #2758, #4805, #6364, .T. ) ;
#6092 = ORIENTED_EDGE ( 'NONE', *, *, #2491, .T. ) ;
#6093 = VECTOR ( 'NONE', #944, 1000.000000000000000 ) ;
#6094 = CLOSED_SHELL ( 'NONE', ( #5311, #7104, #1167, #4988, #2057, #1754, #6569, #1361 ) ) ;
#6095 = ORIENTED_EDGE ( 'NONE', *, *, #5037, .F. ) ;
#6096 = LINE ( 'NONE', #702, #3563 ) ;
#6097 = ORIENTED_EDGE ( 'NONE', *, *, #1798, .F. ) ;
#6098 = FILL_AREA_STYLE ('',( #6848 ) ) ;
#6099 = ORIENTED_EDGE ( 'NONE', *, *, #6317, .F. ) ;
#6100 = AXIS2_PLACEMENT_3D ( 'NONE', #7571, #7616, #885 ) ;
#6101 = ORIENTED_EDGE ( 'NONE', *, *, #5665, .T. ) ;
#6102 = LINE ( 'NONE', #5540, #9196 ) ;
#6103 = EDGE_LOOP ( 'NONE', ( #8950, #2529, #3953, #4878 ) ) ;
#6104 = VECTOR ( 'NONE', #9519, 1000.000000000000000 ) ;
#6105 = ORIENTED_EDGE ( 'NONE', *, *, #5149, .F. ) ;
#6106 = SURFACE_SIDE_STYLE ('',( #6323 ) ) ;
#6107 = ORIENTED_EDGE ( 'NONE', *, *, #7492, .F. ) ;
#6108 = DIRECTION ( 'NONE',  ( 0.0000000000000000000, -1.000000000000000000, 0.0000000000000000000 ) ) ;
#6109 = VERTEX_POINT ( 'NONE', #3552 ) ;
#6110 = DIRECTION ( 'NONE',  ( 1.000000000000000000, 0.0000000000000000000, 0.0000000000000000000 ) ) ;
#6111 = VERTEX_POINT ( 'NONE', #9421 ) ;
#6112 = VECTOR ( 'NONE', #3294, 1000.000000000000000 ) ;
#6113 = DIRECTION ( 'NONE',  ( 1.000000000000000000, 0.0000000000000000000, 0.0000000000000000000 ) ) ;
#6114 = DIRECTION ( 'NONE',  ( 1.000000000000000000, 0.0000000000000000000, 0.0000000000000000000 ) ) ;
#6115 = VECTOR ( 'NONE', #6646, 1000.000000000000000 ) ;
#6116 = EDGE_LOOP ( 'NONE', ( #6533, #695, #3174, #9162 ) ) ;
#6117 = VERTEX_POINT ( 'NONE', #2023 ) ;
#6118 = CARTESIAN_POINT ( 'NONE',  ( 4.474999999999999645, 1.000000000000000000, -1.525000000000000133 ) ) ;
#6119 = ORIENTED_EDGE ( 'NONE', *, *, #4595, .F. ) ;
#6120 = DIRECTION ( 'NONE',  ( 0.0000000000000000000, 0.0000000000000000000, -1.000000000000000000 ) ) ;
#6121 = ORIENTED_EDGE ( 'NONE', *, *, #3720, .F. ) ;
#6122 = CARTESIAN_POINT ( 'NONE',  ( 2.575000000000000178, 1.850000000000000089, -1.474999999999999867 ) ) ;
#6123 = SURFACE_SIDE_STYLE ('',( #4414 ) ) ;
#6124 = FACE_OUTER_BOUND ( 'NONE', #7351, .T. ) ;
#6125 = PLANE ( 'NONE',  #1887 ) ;
#6126 = SURFACE_STYLE_FILL_AREA ( #2922 ) ;
#6127 = DIRECTION ( 'NONE',  ( -1.000000000000000000, 0.0000000000000000000, 0.0000000000000000000 ) ) ;
#6128 = ORIENTED_EDGE ( 'NONE', *, *, #9420, .F. ) ;
#6129 =( NAMED_UNIT ( * ) PLANE_ANGLE_UNIT ( ) SI_UNIT ( $, .RADIAN. ) );
#6130 = VECTOR ( 'NONE', #2397, 1000.000000000000000 ) ;
#6131 = ORIENTED_EDGE ( 'NONE', *, *, #1296, .T. ) ;
#6132 = COLOUR_RGB ( '',1.000000000000000000, 1.000000000000000000, 1.000000000000000000 ) ;
#6133 = EDGE_CURVE ( 'NONE', #5790, #1674, #6021, .T. ) ;
#6134 = CARTESIAN_POINT ( 'NONE',  ( 7.275000000000001243, 1.950000000000001732, 2.024999999999999911 ) ) ;
#6135 = DIRECTION ( 'NONE',  ( 0.0000000000000000000, 0.0000000000000000000, 1.000000000000000000 ) ) ;
#6136 = ORIENTED_EDGE ( 'NONE', *, *, #2234, .T. ) ;
#6137 = LINE ( 'NONE', #8004, #1179 ) ;
#6138 = ORIENTED_EDGE ( 'NONE', *, *, #2609, .F. ) ;
#6139 = CARTESIAN_POINT ( 'NONE',  ( 6.625000000000000000, 1.000000000000000000, -2.024999999999999911 ) ) ;
#6140 = VECTOR ( 'NONE', #8243, 1000.000000000000000 ) ;
#6141 = CARTESIAN_POINT ( 'NONE',  ( -2.375000000000000000, 3.750000000000000000, 0.02500000000000000139 ) ) ;
#6142 = VECTOR ( 'NONE', #9164, 1000.000000000000000 ) ;
#6143 = CARTESIAN_POINT ( 'NONE',  ( 7.475000000000000533, 1.999999999999997780, -2.075000000000008615 ) ) ;
#6144 = EDGE_CURVE ( 'NONE', #6371, #4140, #7734, .T. ) ;
#6145 = ADVANCED_FACE ( 'NONE', ( #8990 ), #7137, .F. ) ;
#6146 = EDGE_CURVE ( 'NONE', #4233, #3601, #4527, .T. ) ;
#6147 = FACE_OUTER_BOUND ( 'NONE', #2384, .T. ) ;
#6148 = DIRECTION ( 'NONE',  ( 0.0000000000000000000, 1.000000000000000000, 0.0000000000000000000 ) ) ;
#6149 = CARTESIAN_POINT ( 'NONE',  ( 1.975000000000000089, -0.6500000000000000222, -2.075000000000000178 ) ) ;
#6150 = SURFACE_STYLE_FILL_AREA ( #6098 ) ;
#6151 = DIRECTION ( 'NONE',  ( 0.0000000000000000000, -1.000000000000000000, 0.0000000000000000000 ) ) ;
#6152 = CARTESIAN_POINT ( 'NONE',  ( 3.024999999999999911, 1.850000000000000089, -1.698606797699999893 ) ) ;
#6153 = SURFACE_STYLE_FILL_AREA ( #7816 ) ;
#6154 = CARTESIAN_POINT ( 'NONE',  ( 0.5150000000000000133, 1.850000000000000089, -1.025000000000000133 ) ) ;
#6155 = SURFACE_SIDE_STYLE ('',( #739 ) ) ;
#6156 = VECTOR ( 'NONE', #7852, 1000.000000000000000 ) ;
#6157 = AXIS2_PLACEMENT_3D ( 'NONE', #7777, #6333, #7712 ) ;
#6158 = ORIENTED_EDGE ( 'NONE', *, *, #4181, .F. ) ;
#6159 = LINE ( 'NONE', #3582, #640 ) ;
#6160 = CARTESIAN_POINT ( 'NONE',  ( 7.475000000000000533, 2.224999999999998757, -2.025000000000007905 ) ) ;
#6161 =( NAMED_UNIT ( * ) PLANE_ANGLE_UNIT ( ) SI_UNIT ( $, .RADIAN. ) );
#6162 = LINE ( 'NONE', #5902, #4899 ) ;
#6163 = LINE ( 'NONE', #5468, #5936 ) ;
#6164 = DIRECTION ( 'NONE',  ( 0.0000000000000000000, -1.000000000000000000, 0.0000000000000000000 ) ) ;
#6165 = AXIS2_PLACEMENT_3D ( 'NONE', #1753, #7036, #3315 ) ;
#6166 = LINE ( 'NONE', #1895, #4454 ) ;
#6167 = PLANE ( 'NONE',  #8265 ) ;
#6168 = CARTESIAN_POINT ( 'NONE',  ( 0.7249999999999998668, 0.3500000000000000333, -2.024999999999999911 ) ) ;
#6169 = DIRECTION ( 'NONE',  ( 0.0000000000000000000, 1.000000000000000000, 0.0000000000000000000 ) ) ;
#6170 = EDGE_CURVE ( 'NONE', #8505, #1227, #3725, .T. ) ;
#6171 = CARTESIAN_POINT ( 'NONE',  ( 7.875000000000000000, 3.600000000000000977, -1.425000000000000044 ) ) ;
#6172 = PLANE ( 'NONE',  #3884 ) ;
#6173 = VECTOR ( 'NONE', #6759, 1000.000000000000000 ) ;
#6174 = LINE ( 'NONE', #9368, #5258 ) ;
#6175 = DIRECTION ( 'NONE',  ( 0.0000000000000000000, 4.003208021484939327E-15, -1.000000000000000000 ) ) ;
#6176 =( NAMED_UNIT ( * ) SI_UNIT ( $, .STERADIAN. ) SOLID_ANGLE_UNIT ( ) );
#6177 = CARTESIAN_POINT ( 'NONE',  ( 0.7250000000000000888, 1.850000000000000089, 2.024999999999999911 ) ) ;
#6178 = CARTESIAN_POINT ( 'NONE',  ( -1.175000000000000044, 1.850000000000000089, -1.474999999999999867 ) ) ;
#6179 = CARTESIAN_POINT ( 'NONE',  ( 2.125000000000000888, 4.250000000000000000, 2.024999999999999911 ) ) ;
#6180 = VECTOR ( 'NONE', #1880, 1000.000000000000000 ) ;
#6181 = CARTESIAN_POINT ( 'NONE',  ( 0.5250000000000000222, 1.649999999999999911, 2.024999999999999911 ) ) ;
#6182 = VERTEX_POINT ( 'NONE', #7333 ) ;
#6183 = ORIENTED_EDGE ( 'NONE', *, *, #3631, .T. ) ;
#6184 = EDGE_CURVE ( 'NONE', #5908, #8036, #1726, .T. ) ;
#6185 = EDGE_LOOP ( 'NONE', ( #1233, #1344, #1059, #5235 ) ) ;
#6186 = CARTESIAN_POINT ( 'NONE',  ( 4.275000000000000355, 1.649999999999999911, 2.024999999999999911 ) ) ;
#6187 = CARTESIAN_POINT ( 'NONE',  ( -0.8249999999999999556, 1.850000000000000089, -1.698606797699999893 ) ) ;
#6188 = ADVANCED_FACE ( 'NONE', ( #3130 ), #2193, .T. ) ;
#6189 = LINE ( 'NONE', #549, #6746 ) ;
#6190 = ORIENTED_EDGE ( 'NONE', *, *, #4781, .T. ) ;
#6191 = ORIENTED_EDGE ( 'NONE', *, *, #6960, .T. ) ;
#6192 = DIRECTION ( 'NONE',  ( 0.0000000000000000000, 0.0000000000000000000, 1.000000000000000000 ) ) ;
#6193 = ORIENTED_EDGE ( 'NONE', *, *, #9508, .F. ) ;
#6194 =( GEOMETRIC_REPRESENTATION_CONTEXT ( 3 ) GLOBAL_UNCERTAINTY_ASSIGNED_CONTEXT ( ( #5206 ) ) GLOBAL_UNIT_ASSIGNED_CONTEXT ( ( #5561, #1129, #7768 ) ) REPRESENTATION_CONTEXT ( 'NONE', 'WORKASPACE' ) );
#6195 = ORIENTED_EDGE ( 'NONE', *, *, #6547, .T. ) ;
#6196 = EDGE_CURVE ( 'NONE', #7564, #850, #2772, .T. ) ;
#6197 = MANIFOLD_SOLID_BREP ( 'Combine1', #1479 ) ;
#6198 = ORIENTED_EDGE ( 'NONE', *, *, #165, .F. ) ;
#6199 = EDGE_CURVE ( 'NONE', #569, #4837, #8206, .T. ) ;
#6200 = CARTESIAN_POINT ( 'NONE',  ( 3.225000000000000089, 1.000000000000000000, -1.525000000000000133 ) ) ;
#6201 = ORIENTED_EDGE ( 'NONE', *, *, #650, .T. ) ;
#6202 = CARTESIAN_POINT ( 'NONE',  ( 0.5249999999999999112, 0.3500000000000000333, -2.024999999999999911 ) ) ;
#6203 = VERTEX_POINT ( 'NONE', #3943 ) ;
#6204 = ORIENTED_EDGE ( 'NONE', *, *, #138, .F. ) ;
#6205 = CARTESIAN_POINT ( 'NONE',  ( 7.275000000000001243, 3.600000000000000977, -0.07499999999999998335 ) ) ;
#6206 = CARTESIAN_POINT ( 'NONE',  ( 5.525000000000000355, 1.850000000000000089, 0.0000000000000000000 ) ) ;
#6207 = EDGE_LOOP ( 'NONE', ( #1355, #127, #1662, #3845 ) ) ;
#6208 = DIRECTION ( 'NONE',  ( 1.000000000000000000, 0.0000000000000000000, -0.0000000000000000000 ) ) ;
#6209 = FACE_OUTER_BOUND ( 'NONE', #207, .T. ) ;
#6210 = AXIS2_PLACEMENT_3D ( 'NONE', #4191, #6380, #7152 ) ;
#6211 = DIRECTION ( 'NONE',  ( 0.0000000000000000000, 1.000000000000000000, 0.0000000000000000000 ) ) ;
#6212 = EDGE_CURVE ( 'NONE', #1686, #6326, #1970, .T. ) ;
#6213 = VECTOR ( 'NONE', #565, 1000.000000000000000 ) ;
#6214 = EDGE_LOOP ( 'NONE', ( #4260, #5113, #4717, #8050, #1024, #790, #4813 ) ) ;
#6215 = VERTEX_POINT ( 'NONE', #3781 ) ;
#6216 = ORIENTED_EDGE ( 'NONE', *, *, #7395, .F. ) ;
#6217 = CARTESIAN_POINT ( 'NONE',  ( -2.274999999999999911, 1.999999999999997780, -2.075000000000008615 ) ) ;
#6218 = ORIENTED_EDGE ( 'NONE', *, *, #2912, .F. ) ;
#6219 = FACE_OUTER_BOUND ( 'NONE', #5504, .T. ) ;
#6220 = DIRECTION ( 'NONE',  ( 0.0000000000000000000, -1.000000000000000000, -3.219646771412953967E-15 ) ) ;
#6221 = PLANE ( 'NONE',  #7107 ) ;
#6222 = LINE ( 'NONE', #1107, #3706 ) ;
#6223 = VERTEX_POINT ( 'NONE', #1092 ) ;
#6224 =( GEOMETRIC_REPRESENTATION_CONTEXT ( 3 ) GLOBAL_UNCERTAINTY_ASSIGNED_CONTEXT ( ( #9193 ) ) GLOBAL_UNIT_ASSIGNED_CONTEXT ( ( #7115, #5673, #2716 ) ) REPRESENTATION_CONTEXT ( 'NONE', 'WORKASPACE' ) );
#6225 = ORIENTED_EDGE ( 'NONE', *, *, #1256, .F. ) ;
#6226 = VERTEX_POINT ( 'NONE', #5391 ) ;
#6227 = STYLED_ITEM ( 'NONE', ( #6602 ), #5498 ) ;
#6228 = CARTESIAN_POINT ( 'NONE',  ( 5.825000000000001066, 1.649999999999999911, -1.698606797699999893 ) ) ;
#6229 = EDGE_CURVE ( 'NONE', #2032, #941, #7622, .T. ) ;
#6230 = ORIENTED_EDGE ( 'NONE', *, *, #2803, .T. ) ;
#6231 = CARTESIAN_POINT ( 'NONE',  ( 3.024999999999999911, 0.3499999999999999778, -2.075000000000000178 ) ) ;
#6232 = VECTOR ( 'NONE', #6523, 1000.000000000000000 ) ;
#6233 = ORIENTED_EDGE ( 'NONE', *, *, #41, .F. ) ;
#6234 = PRESENTATION_STYLE_ASSIGNMENT (( #9393 ) ) ;
#6235 = DIRECTION ( 'NONE',  ( 0.0000000000000000000, 1.000000000000000000, 0.0000000000000000000 ) ) ;
#6236 = DIRECTION ( 'NONE',  ( 0.0000000000000000000, -1.000000000000000000, -4.336808689942024836E-15 ) ) ;
#6237 = DIRECTION ( 'NONE',  ( 0.0000000000000000000, -1.000000000000000000, 0.0000000000000000000 ) ) ;
#6238 = EDGE_LOOP ( 'NONE', ( #7129, #222, #4023, #9514 ) ) ;
#6239 = ADVANCED_FACE ( 'NONE', ( #30 ), #5848, .T. ) ;
#6240 = DIRECTION ( 'NONE',  ( 0.0000000000000000000, 1.000000000000000000, 0.0000000000000000000 ) ) ;
#6241 = EDGE_CURVE ( 'NONE', #9318, #3269, #5454, .T. ) ;
#6242 = LINE ( 'NONE', #164, #7384 ) ;
#6243 = AXIS2_PLACEMENT_3D ( 'NONE', #7857, #6532, #1435 ) ;
#6244 = FACE_OUTER_BOUND ( 'NONE', #6887, .T. ) ;
#6245 = DIRECTION ( 'NONE',  ( 0.0000000000000000000, -1.000000000000000000, 0.0000000000000000000 ) ) ;
#6246 = EDGE_CURVE ( 'NONE', #8938, #3657, #7141, .T. ) ;
#6247 = PLANE ( 'NONE',  #2507 ) ;
#6248 = ORIENTED_EDGE ( 'NONE', *, *, #3299, .F. ) ;
#6249 = ORIENTED_EDGE ( 'NONE', *, *, #8587, .F. ) ;
#6250 = EDGE_LOOP ( 'NONE', ( #5732, #8662, #1367, #2778, #3432, #2204 ) ) ;
#6251 = FACE_OUTER_BOUND ( 'NONE', #9303, .T. ) ;
#6252 = DIRECTION ( 'NONE',  ( 0.0000000000000000000, 0.0000000000000000000, 1.000000000000000000 ) ) ;
#6253 = ORIENTED_EDGE ( 'NONE', *, *, #749, .F. ) ;
#6254 = LINE ( 'NONE', #8423, #1863 ) ;
#6255 = CARTESIAN_POINT ( 'NONE',  ( 4.474999999999999645, 0.0000000000000000000, -1.525000000000000133 ) ) ;
#6256 = CARTESIAN_POINT ( 'NONE',  ( 3.234999999999999876, 1.850000000000000089, -1.025000000000000133 ) ) ;
#6257 = AXIS2_PLACEMENT_3D ( 'NONE', #7684, #295, #9125 ) ;
#6258 = PLANE ( 'NONE',  #1927 ) ;
#6259 = ORIENTED_EDGE ( 'NONE', *, *, #3855, .F. ) ;
#6260 = COLOUR_RGB ( '',1.000000000000000000, 1.000000000000000000, 1.000000000000000000 ) ;
#6261 = ORIENTED_EDGE ( 'NONE', *, *, #4982, .T. ) ;
#6262 = EDGE_CURVE ( 'NONE', #8639, #3836, #5678, .T. ) ;
#6263 = EDGE_CURVE ( 'NONE', #487, #467, #2547, .T. ) ;
#6264 = VECTOR ( 'NONE', #6803, 1000.000000000000000 ) ;
#6265 = VECTOR ( 'NONE', #4750, 1000.000000000000000 ) ;
#6266 = LINE ( 'NONE', #3538, #3271 ) ;
#6267 = DIRECTION ( 'NONE',  ( -1.000000000000000000, 0.0000000000000000000, -8.673617379884027583E-16 ) ) ;
#6268 = LINE ( 'NONE', #1159, #3629 ) ;
#6269 =( NAMED_UNIT ( * ) SI_UNIT ( $, .STERADIAN. ) SOLID_ANGLE_UNIT ( ) );
#6270 = LINE ( 'NONE', #4028, #3389 ) ;
#6271 = EDGE_CURVE ( 'NONE', #8492, #6524, #1045, .T. ) ;
#6272 = FILL_AREA_STYLE_COLOUR ( '', #4468 ) ;
#6273 = VECTOR ( 'NONE', #8467, 1000.000000000000000 ) ;
#6274 = CARTESIAN_POINT ( 'NONE',  ( 3.234999999999999876, 1.850000000000000089, -1.025000000000000133 ) ) ;
#6275 = LINE ( 'NONE', #4729, #1533 ) ;
#6276 = CARTESIAN_POINT ( 'NONE',  ( 7.475000000000000533, 3.600000000000000089, -1.425000000000000933 ) ) ;
#6277 = FACE_OUTER_BOUND ( 'NONE', #4402, .T. ) ;
#6278 = DIRECTION ( 'NONE',  ( 0.0000000000000000000, -1.000000000000000000, 0.0000000000000000000 ) ) ;
#6279 = DIRECTION ( 'NONE',  ( 0.0000000000000000000, 0.0000000000000000000, 1.000000000000000000 ) ) ;
#6280 = CARTESIAN_POINT ( 'NONE',  ( 0.7249999999999998668, 0.3499999999999999778, -2.075000000000000178 ) ) ;
#6281 = ORIENTED_EDGE ( 'NONE', *, *, #8386, .T. ) ;
#6282 = DIRECTION ( 'NONE',  ( 0.0000000000000000000, -0.0000000000000000000, 1.000000000000000000 ) ) ;
#6283 = FACE_OUTER_BOUND ( 'NONE', #438, .T. ) ;
#6284 = CARTESIAN_POINT ( 'NONE',  ( 7.275000000000001243, 4.249999999999992895, -0.07499999999999976130 ) ) ;
#6285 = MECHANICAL_DESIGN_GEOMETRIC_PRESENTATION_REPRESENTATION (  '', ( #856 ), #7760 ) ;
#6286 =( GEOMETRIC_REPRESENTATION_CONTEXT ( 3 ) GLOBAL_UNCERTAINTY_ASSIGNED_CONTEXT ( ( #5075 ) ) GLOBAL_UNIT_ASSIGNED_CONTEXT ( ( #6659, #2905, #4430 ) ) REPRESENTATION_CONTEXT ( 'NONE', 'WORKASPACE' ) );
#6287 = LINE ( 'NONE', #9084, #8006 ) ;
#6288 = PLANE ( 'NONE',  #7222 ) ;
#6289 = PRESENTATION_LAYER_ASSIGNMENT (  '', '', ( #8566 ) ) ;
#6290 = VECTOR ( 'NONE', #2927, 1000.000000000000000 ) ;
#6291 = ADVANCED_FACE ( 'NONE', ( #4282 ), #2134, .F. ) ;
#6292 = FACE_OUTER_BOUND ( 'NONE', #4576, .T. ) ;
#6293 = AXIS2_PLACEMENT_3D ( 'NONE', #5105, #1, #769 ) ;
#6294 = DIRECTION ( 'NONE',  ( -1.000000000000000000, 0.0000000000000000000, 0.0000000000000000000 ) ) ;
#6295 = LINE ( 'NONE', #1813, #4335 ) ;
#6296 = ORIENTED_EDGE ( 'NONE', *, *, #571, .F. ) ;
#6297 = ORIENTED_EDGE ( 'NONE', *, *, #6970, .F. ) ;
#6298 = DIRECTION ( 'NONE',  ( 1.000000000000000000, 0.0000000000000000000, 0.0000000000000000000 ) ) ;
#6299 = CARTESIAN_POINT ( 'NONE',  ( 3.225000000000000089, 1.000000000000000000, 1.525000000000000133 ) ) ;
#6300 = CARTESIAN_POINT ( 'NONE',  ( 1.975000000000000089, 1.649999999999999911, -1.025000000000000133 ) ) ;
#6301 =( GEOMETRIC_REPRESENTATION_CONTEXT ( 3 ) GLOBAL_UNCERTAINTY_ASSIGNED_CONTEXT ( ( #7244 ) ) GLOBAL_UNIT_ASSIGNED_CONTEXT ( ( #7165, #5031, #2257 ) ) REPRESENTATION_CONTEXT ( 'NONE', 'WORKASPACE' ) );
#6302 = DIRECTION ( 'NONE',  ( -1.000000000000000000, 0.0000000000000000000, 0.0000000000000000000 ) ) ;
#6303 = DIRECTION ( 'NONE',  ( 0.0000000000000000000, 1.000000000000000000, 0.0000000000000000000 ) ) ;
#6304 = LINE ( 'NONE', #1208, #7322 ) ;
#6305 = CARTESIAN_POINT ( 'NONE',  ( -0.5150000000000000133, 0.0000000000000000000, -1.474999999999999867 ) ) ;
#6306 = ORIENTED_EDGE ( 'NONE', *, *, #6629, .T. ) ;
#6307 = ORIENTED_EDGE ( 'NONE', *, *, #2543, .F. ) ;
#6308 = ORIENTED_EDGE ( 'NONE', *, *, #3907, .F. ) ;
#6309 = ADVANCED_FACE ( 'NONE', ( #2658 ), #9526, .T. ) ;
#6310 = CARTESIAN_POINT ( 'NONE',  ( 6.375000000000000888, 3.750000000000000000, 2.024999999999999911 ) ) ;
#6311 = EDGE_CURVE ( 'NONE', #7513, #2975, #6359, .T. ) ;
#6312 = DIRECTION ( 'NONE',  ( 0.0000000000000000000, 1.000000000000000000, 0.0000000000000000000 ) ) ;
#6313 = ORIENTED_EDGE ( 'NONE', *, *, #3119, .T. ) ;
#6314 = LINE ( 'NONE', #214, #4692 ) ;
#6315 = DIRECTION ( 'NONE',  ( 0.0000000000000000000, 1.000000000000000000, 0.0000000000000000000 ) ) ;
#6316 = VERTEX_POINT ( 'NONE', #3202 ) ;
#6317 = EDGE_CURVE ( 'NONE', #4816, #9295, #4272, .T. ) ;
#6318 = VECTOR ( 'NONE', #6927, 1000.000000000000000 ) ;
#6319 = FILL_AREA_STYLE ('',( #337 ) ) ;
#6320 = ORIENTED_EDGE ( 'NONE', *, *, #4836, .F. ) ;
#6321 = CARTESIAN_POINT ( 'NONE',  ( 5.735000000000000320, 1.000000000000000000, -1.025000000000000133 ) ) ;
#6322 = VERTEX_POINT ( 'NONE', #277 ) ;
#6323 = SURFACE_STYLE_FILL_AREA ( #8991 ) ;
#6324 = ORIENTED_EDGE ( 'NONE', *, *, #4720, .T. ) ;
#6325 = LINE ( 'NONE', #2161, #1583 ) ;
#6326 = VERTEX_POINT ( 'NONE', #535 ) ;
#6327 = DIRECTION ( 'NONE',  ( -0.0000000000000000000, -1.000000000000000000, -0.0000000000000000000 ) ) ;
#6328 = EDGE_CURVE ( 'NONE', #7700, #3081, #1034, .T. ) ;
#6329 = VERTEX_POINT ( 'NONE', #6171 ) ;
#6330 = EDGE_CURVE ( 'NONE', #5959, #6434, #7726, .T. ) ;
#6331 = PLANE ( 'NONE',  #2511 ) ;
#6332 = DIRECTION ( 'NONE',  ( -1.000000000000000000, 0.0000000000000000000, 0.0000000000000000000 ) ) ;
#6333 = DIRECTION ( 'NONE',  ( -0.0000000000000000000, 1.000000000000000000, 0.0000000000000000000 ) ) ;
#6334 = ORIENTED_EDGE ( 'NONE', *, *, #2776, .T. ) ;
#6335 = LINE ( 'NONE', #2587, #230 ) ;
#6336 = CARTESIAN_POINT ( 'NONE',  ( 1.975000000000000089, -0.6500000000000000222, -1.775000000000000133 ) ) ;
#6337 = VECTOR ( 'NONE', #2617, 1000.000000000000000 ) ;
#6338 = ORIENTED_EDGE ( 'NONE', *, *, #6311, .T. ) ;
#6339 = ADVANCED_FACE ( 'NONE', ( #3468 ), #7316, .F. ) ;
#6340 = VERTEX_POINT ( 'NONE', #2959 ) ;
#6341 = CARTESIAN_POINT ( 'NONE',  ( 5.735000000000000320, 1.850000000000000089, -1.025000000000000133 ) ) ;
#6342 = ORIENTED_EDGE ( 'NONE', *, *, #8714, .T. ) ;
#6343 = CARTESIAN_POINT ( 'NONE',  ( 0.7349999999999999867, 1.000000000000000000, -2.024999999999999911 ) ) ;
#6344 = ORIENTED_EDGE ( 'NONE', *, *, #3760, .F. ) ;
#6345 = DIRECTION ( 'NONE',  ( 1.000000000000000000, 0.0000000000000000000, 0.0000000000000000000 ) ) ;
#6346 = DIRECTION ( 'NONE',  ( 0.0000000000000000000, 0.0000000000000000000, -1.000000000000000000 ) ) ;
#6347 = CARTESIAN_POINT ( 'NONE',  ( 4.474999999999999645, 1.350000000000000089, -1.525000000000000133 ) ) ;
#6348 = VERTEX_POINT ( 'NONE', #7974 ) ;
#6349 = CARTESIAN_POINT ( 'NONE',  ( 0.7250000000000000888, 1.350000000000000089, 1.525000000000000133 ) ) ;
#6350 = VECTOR ( 'NONE', #7402, 1000.000000000000000 ) ;
#6351 = PLANE ( 'NONE',  #9276 ) ;
#6352 = LINE ( 'NONE', #8612, #6463 ) ;
#6353 = EDGE_LOOP ( 'NONE', ( #3556, #8911, #4500, #2108 ) ) ;
#6354 = DIRECTION ( 'NONE',  ( -1.000000000000000000, 0.0000000000000000000, 0.0000000000000000000 ) ) ;
#6355 = EDGE_LOOP ( 'NONE', ( #328, #7828, #5179, #4412 ) ) ;
#6356 = DIRECTION ( 'NONE',  ( -1.000000000000000000, 0.0000000000000000000, 0.0000000000000000000 ) ) ;
#6357 = ORIENTED_EDGE ( 'NONE', *, *, #5394, .F. ) ;
#6358 = DIRECTION ( 'NONE',  ( 1.000000000000000000, 0.0000000000000000000, 0.0000000000000000000 ) ) ;
#6359 = LINE ( 'NONE', #537, #482 ) ;
#6360 = FACE_OUTER_BOUND ( 'NONE', #777, .T. ) ;
#6361 = EDGE_CURVE ( 'NONE', #8979, #6878, #7613, .T. ) ;
#6362 = ORIENTED_EDGE ( 'NONE', *, *, #3351, .T. ) ;
#6363 =( NAMED_UNIT ( * ) SI_UNIT ( $, .STERADIAN. ) SOLID_ANGLE_UNIT ( ) );
#6364 = LINE ( 'NONE', #4295, #4411 ) ;
#6365 = ORIENTED_EDGE ( 'NONE', *, *, #7989, .F. ) ;
#6366 = CARTESIAN_POINT ( 'NONE',  ( 7.025000000000001243, 2.250000000000000000, -1.925000000000000933 ) ) ;
#6367 = PLANE ( 'NONE',  #5162 ) ;
#6368 = FACE_OUTER_BOUND ( 'NONE', #8713, .T. ) ;
#6369 = VECTOR ( 'NONE', #1288, 1000.000000000000000 ) ;
#6370 = CARTESIAN_POINT ( 'NONE',  ( 4.275000000000000355, 1.649999999999999911, -1.698606797699999893 ) ) ;
#6371 = VERTEX_POINT ( 'NONE', #4953 ) ;
#6372 = EDGE_CURVE ( 'NONE', #4931, #8863, #1495, .T. ) ;
#6373 = CARTESIAN_POINT ( 'NONE',  ( 7.275000000000001243, 3.600000000000000089, -1.425000000000000933 ) ) ;
#6374 = ADVANCED_FACE ( 'NONE', ( #4623 ), #6522, .F. ) ;
#6375 = LINE ( 'NONE', #5002, #6598 ) ;
#6376 = VECTOR ( 'NONE', #3482, 1000.000000000000000 ) ;
#6377 = EDGE_CURVE ( 'NONE', #803, #1297, #6004, .T. ) ;
#6378 =( NAMED_UNIT ( * ) PLANE_ANGLE_UNIT ( ) SI_UNIT ( $, .RADIAN. ) );
#6379 = DIRECTION ( 'NONE',  ( 1.000000000000000000, 0.0000000000000000000, -0.0000000000000000000 ) ) ;
#6380 = DIRECTION ( 'NONE',  ( 0.0000000000000000000, 1.000000000000000000, -2.148487149506095815E-16 ) ) ;
#6381 = DIRECTION ( 'NONE',  ( -1.000000000000000000, 0.0000000000000000000, 0.0000000000000000000 ) ) ;
#6382 = VECTOR ( 'NONE', #4283, 1000.000000000000000 ) ;
#6383 = CARTESIAN_POINT ( 'NONE',  ( 3.225000000000000089, 0.05000000000000002359, -1.775000000000000133 ) ) ;
#6384 = LINE ( 'NONE', #1023, #1299 ) ;
#6385 = STYLED_ITEM ( 'NONE', ( #5588 ), #1576 ) ;
#6386 = CARTESIAN_POINT ( 'NONE',  ( 5.725000000000000533, 1.850000000000000089, 0.0000000000000000000 ) ) ;
#6387 = COLOUR_RGB ( '',1.000000000000000000, 1.000000000000000000, 1.000000000000000000 ) ;
#6388 = EDGE_CURVE ( 'NONE', #5171, #8748, #3239, .T. ) ;
#6389 = EDGE_CURVE ( 'NONE', #3554, #5250, #2426, .T. ) ;
#6390 = ORIENTED_EDGE ( 'NONE', *, *, #8643, .F. ) ;
#6391 = LINE ( 'NONE', #162, #5252 ) ;
#6392 = VECTOR ( 'NONE', #4326, 1000.000000000000000 ) ;
#6393 = CARTESIAN_POINT ( 'NONE',  ( -2.475000000000000089, 1.999999999999997780, -2.075000000000008615 ) ) ;
#6394 = VECTOR ( 'NONE', #6058, 1000.000000000000000 ) ;
#6395 = CARTESIAN_POINT ( 'NONE',  ( 3.024999999999999911, 1.649999999999999911, -1.698606797699999893 ) ) ;
#6396 = COLOUR_RGB ( '',0.6470588235294117974, 0.6196078431372549211, 0.5882352941176470784 ) ;
#6397 = EDGE_CURVE ( 'NONE', #6182, #7534, #2314, .T. ) ;
#6398 = CARTESIAN_POINT ( 'NONE',  ( 5.724999999999999645, 1.315130797599999957, 1.171117220399999770 ) ) ;
#6399 = VECTOR ( 'NONE', #2220, 1000.000000000000000 ) ;
#6400 = CARTESIAN_POINT ( 'NONE',  ( 4.575000000000000178, 1.850000000000000089, -1.698606797699999893 ) ) ;
#6401 = PLANE ( 'NONE',  #870 ) ;
#6402 = DIRECTION ( 'NONE',  ( -1.000000000000000000, 0.0000000000000000000, 0.0000000000000000000 ) ) ;
#6403 = ORIENTED_EDGE ( 'NONE', *, *, #4284, .F. ) ;
#6404 = DIRECTION ( 'NONE',  ( 0.0000000000000000000, 1.000000000000000000, 0.0000000000000000000 ) ) ;
#6405 = CARTESIAN_POINT ( 'NONE',  ( 1.775000000000000133, 0.5000000000000000000, 2.024999999999999911 ) ) ;
#6406 = LINE ( 'NONE', #4915, #9372 ) ;
#6407 = CARTESIAN_POINT ( 'NONE',  ( 5.825000000000001066, 1.850000000000000089, -1.698606797699999893 ) ) ;
#6408 = LINE ( 'NONE', #9501, #1319 ) ;
#6409 = VERTEX_POINT ( 'NONE', #8116 ) ;
#6410 = LINE ( 'NONE', #4795, #1545 ) ;
#6411 = ADVANCED_FACE ( 'NONE', ( #5672 ), #8563, .T. ) ;
#6412 = PLANE ( 'NONE',  #5812 ) ;
#6413 = FACE_OUTER_BOUND ( 'NONE', #5567, .T. ) ;
#6414 = ORIENTED_EDGE ( 'NONE', *, *, #3030, .T. ) ;
#6415 = ORIENTED_EDGE ( 'NONE', *, *, #7547, .F. ) ;
#6416 = PLANE ( 'NONE',  #632 ) ;
#6417 = SURFACE_SIDE_STYLE ('',( #3575 ) ) ;
#6418 = EDGE_CURVE ( 'NONE', #5293, #1241, #4741, .T. ) ;
#6419 = DIRECTION ( 'NONE',  ( 0.0000000000000000000, -1.000000000000000000, 0.0000000000000000000 ) ) ;
#6420 = LINE ( 'NONE', #7581, #4476 ) ;
#6421 = EDGE_LOOP ( 'NONE', ( #1803, #5747, #5453, #7197 ) ) ;
#6422 = VERTEX_POINT ( 'NONE', #8777 ) ;
#6423 = ADVANCED_FACE ( 'NONE', ( #5776 ), #5505, .F. ) ;
#6424 = EDGE_CURVE ( 'NONE', #2738, #2273, #128, .T. ) ;
#6425 = ORIENTED_EDGE ( 'NONE', *, *, #1072, .F. ) ;
#6426 = DIRECTION ( 'NONE',  ( 0.0000000000000000000, -1.000000000000000000, 0.0000000000000000000 ) ) ;
#6427 = VERTEX_POINT ( 'NONE', #6284 ) ;
#6428 = PLANE ( 'NONE',  #2670 ) ;
#6429 = DIRECTION ( 'NONE',  ( 0.0000000000000000000, 0.0000000000000000000, 1.000000000000000000 ) ) ;
#6430 = VERTEX_POINT ( 'NONE', #741 ) ;
#6431 = VERTEX_POINT ( 'NONE', #4312 ) ;
#6432 = CARTESIAN_POINT ( 'NONE',  ( 2.075000000000000178, 1.850000000000000089, -1.698606797699999893 ) ) ;
#6433 = LINE ( 'NONE', #3637, #2631 ) ;
#6434 = VERTEX_POINT ( 'NONE', #1773 ) ;
#6435 = CARTESIAN_POINT ( 'NONE',  ( 0.5250000000000000222, 1.000000000000000000, -1.525000000000000133 ) ) ;
#6436 = EDGE_CURVE ( 'NONE', #5228, #8938, #1270, .T. ) ;
#6437 = PLANE ( 'NONE',  #6047 ) ;
#6438 = ORIENTED_EDGE ( 'NONE', *, *, #3962, .F. ) ;
#6439 = EDGE_CURVE ( 'NONE', #8788, #2321, #9323, .T. ) ;
#6440 = LINE ( 'NONE', #5040, #4251 ) ;
#6441 = CARTESIAN_POINT ( 'NONE',  ( -0.7249999999999999778, 0.5547525681000000652, 2.024999999999999911 ) ) ;
#6442 = ORIENTED_EDGE ( 'NONE', *, *, #7050, .F. ) ;
#6443 = LINE ( 'NONE', #2714, #8180 ) ;
#6444 = VERTEX_POINT ( 'NONE', #8094 ) ;
#6445 = ORIENTED_EDGE ( 'NONE', *, *, #1431, .T. ) ;
#6446 = VERTEX_POINT ( 'NONE', #6005 ) ;
#6447 = CARTESIAN_POINT ( 'NONE',  ( 4.275000000000000355, 1.350000000000000089, 1.525000000000000133 ) ) ;
#6448 = ORIENTED_EDGE ( 'NONE', *, *, #5688, .T. ) ;
#6449 = VECTOR ( 'NONE', #382, 1000.000000000000000 ) ;
#6450 = CARTESIAN_POINT ( 'NONE',  ( 1.975000000000000089, 0.05000000000000002359, -1.775000000000000133 ) ) ;
#6451 = ADVANCED_FACE ( 'NONE', ( #6124 ), #5123, .F. ) ;
#6452 = CARTESIAN_POINT ( 'NONE',  ( 7.475000000000000533, 4.249999999999992895, -0.07499999999999976130 ) ) ;
#6453 = EDGE_CURVE ( 'NONE', #4291, #3999, #8076, .T. ) ;
#6454 = LINE ( 'NONE', #3863, #4046 ) ;
#6455 = ORIENTED_EDGE ( 'NONE', *, *, #5086, .F. ) ;
#6456 = ORIENTED_EDGE ( 'NONE', *, *, #6330, .F. ) ;
#6457 = DIRECTION ( 'NONE',  ( 0.0000000000000000000, -0.6650335612228979176, -0.7468134723257140450 ) ) ;
#6458 = DIRECTION ( 'NONE',  ( -0.0000000000000000000, 1.000000000000000000, -0.0000000000000000000 ) ) ;
#6459 = ORIENTED_EDGE ( 'NONE', *, *, #5991, .T. ) ;
#6460 = ORIENTED_EDGE ( 'NONE', *, *, #7025, .F. ) ;
#6461 = LINE ( 'NONE', #6607, #824 ) ;
#6462 = DIRECTION ( 'NONE',  ( 0.0000000000000000000, 0.0000000000000000000, -1.000000000000000000 ) ) ;
#6463 = VECTOR ( 'NONE', #2852, 1000.000000000000000 ) ;
#6464 = DIRECTION ( 'NONE',  ( -1.000000000000000000, 0.0000000000000000000, 0.0000000000000000000 ) ) ;
#6465 = ORIENTED_EDGE ( 'NONE', *, *, #9204, .T. ) ;
#6466 = DIRECTION ( 'NONE',  ( 0.0000000000000000000, 0.0000000000000000000, 1.000000000000000000 ) ) ;
#6467 =( NAMED_UNIT ( * ) PLANE_ANGLE_UNIT ( ) SI_UNIT ( $, .RADIAN. ) );
#6468 = CARTESIAN_POINT ( 'NONE',  ( 0.4249999999999999889, 1.850000000000000089, -1.474999999999999867 ) ) ;
#6469 = CARTESIAN_POINT ( 'NONE',  ( 3.324999999999999734, 1.649999999999999911, -1.474999999999999867 ) ) ;
#6470 = DIRECTION ( 'NONE',  ( 0.0000000000000000000, 0.0000000000000000000, 1.000000000000000000 ) ) ;
#6471 = AXIS2_PLACEMENT_3D ( 'NONE', #6168, #1738, #3985 ) ;
#6472 = ORIENTED_EDGE ( 'NONE', *, *, #4720, .F. ) ;
#6473 = LINE ( 'NONE', #7527, #1974 ) ;
#6474 = CARTESIAN_POINT ( 'NONE',  ( 1.765000000000000124, 1.000000000000000000, -1.525000000000000133 ) ) ;
#6475 = VECTOR ( 'NONE', #6958, 1000.000000000000000 ) ;
#6476 = CARTESIAN_POINT ( 'NONE',  ( -0.7249999999999999778, 1.850000000000000089, -2.024999999999999911 ) ) ;
#6477 = CARTESIAN_POINT ( 'NONE',  ( -1.875000000000000000, 3.750000000000000000, 2.025999999999999801 ) ) ;
#6478 = ADVANCED_FACE ( 'NONE', ( #591 ), #5969, .F. ) ;
#6479 = EDGE_LOOP ( 'NONE', ( #7491, #6817, #6920, #1237, #6934, #3682, #2442, #8093, #3428, #8271, #3776, #1294, #5065, #219 ) ) ;
#6480 = LINE ( 'NONE', #1377, #9221 ) ;
#6481 = CARTESIAN_POINT ( 'NONE',  ( 0.5250000000000000222, 1.649999999999999911, -1.698606797699999893 ) ) ;
#6482 = EDGE_CURVE ( 'NONE', #6841, #6340, #6461, .T. ) ;
#6483 = LINE ( 'NONE', #1703, #4078 ) ;
#6484 = VECTOR ( 'NONE', #2999, 1000.000000000000000 ) ;
#6485 = STYLED_ITEM ( 'NONE', ( #1166 ), #6291 ) ;
#6486 = EDGE_LOOP ( 'NONE', ( #9418, #5811, #7147, #5087 ) ) ;
#6487 = CARTESIAN_POINT ( 'NONE',  ( -2.875000000000000000, 0.6000000000000024203, 1.375000000000002442 ) ) ;
#6488 = ORIENTED_EDGE ( 'NONE', *, *, #3535, .F. ) ;
#6489 = LINE ( 'NONE', #890, #8332 ) ;
#6490 = VECTOR ( 'NONE', #4954, 1000.000000000000000 ) ;
#6491 = EDGE_CURVE ( 'NONE', #2545, #376, #2535, .T. ) ;
#6492 = VECTOR ( 'NONE', #4835, 1000.000000000000000 ) ;
#6493 = SURFACE_SIDE_STYLE ('',( #6126 ) ) ;
#6494 = UNCERTAINTY_MEASURE_WITH_UNIT (LENGTH_MEASURE( 1.000000000000000082E-05 ), #6775, 'distance_accuracy_value', 'NONE');
#6495 = DIRECTION ( 'NONE',  ( 0.0000000000000000000, 1.000000000000000000, 0.0000000000000000000 ) ) ;
#6496 = LINE ( 'NONE', #3478, #6041 ) ;
#6497 = ORIENTED_EDGE ( 'NONE', *, *, #1358, .F. ) ;
#6498 = EDGE_CURVE ( 'NONE', #3347, #321, #3821, .T. ) ;
#6499 = FACE_OUTER_BOUND ( 'NONE', #4875, .T. ) ;
#6500 = LINE ( 'NONE', #2412, #2806 ) ;
#6501 = COLOUR_RGB ( '',1.000000000000000000, 1.000000000000000000, 1.000000000000000000 ) ;
#6502 = VECTOR ( 'NONE', #4675, 1000.000000000000000 ) ;
#6503 = DIRECTION ( 'NONE',  ( -1.000000000000000000, 0.0000000000000000000, 0.0000000000000000000 ) ) ;
#6504 = LINE ( 'NONE', #6625, #3058 ) ;
#6505 = EDGE_CURVE ( 'NONE', #3242, #994, #8533, .T. ) ;
#6506 = ADVANCED_FACE ( 'NONE', ( #1599 ), #6700, .F. ) ;
#6507 = DIRECTION ( 'NONE',  ( 0.0000000000000000000, -1.000000000000000000, 0.0000000000000000000 ) ) ;
#6508 = EDGE_CURVE ( 'NONE', #6902, #6841, #3703, .T. ) ;
#6509 = DIRECTION ( 'NONE',  ( 0.0000000000000000000, 1.339206523454101388E-15, 1.000000000000000000 ) ) ;
#6510 = LINE ( 'NONE', #3618, #6839 ) ;
#6511 = VECTOR ( 'NONE', #5890, 1000.000000000000000 ) ;
#6512 = ORIENTED_EDGE ( 'NONE', *, *, #1526, .T. ) ;
#6513 = STYLED_ITEM ( 'NONE', ( #7522 ), #7378 ) ;
#6514 = DIRECTION ( 'NONE',  ( 0.0000000000000000000, 1.000000000000000000, 0.0000000000000000000 ) ) ;
#6515 = EDGE_CURVE ( 'NONE', #2032, #1682, #2882, .T. ) ;
#6516 = ADVANCED_FACE ( 'NONE', ( #1259 ), #7431, .T. ) ;
#6517 = LINE ( 'NONE', #8143, #4220 ) ;
#6518 = CARTESIAN_POINT ( 'NONE',  ( -1.875000000000000000, 2.550000000000000266, 2.024999999999999911 ) ) ;
#6519 = CARTESIAN_POINT ( 'NONE',  ( 2.075000000000000178, 1.850000000000000089, 2.024999999999999911 ) ) ;
#6520 = DIRECTION ( 'NONE',  ( -0.0000000000000000000, 1.000000000000000000, 0.0000000000000000000 ) ) ;
#6521 = DIRECTION ( 'NONE',  ( -1.000000000000000000, 0.0000000000000000000, 0.0000000000000000000 ) ) ;
#6522 = PLANE ( 'NONE',  #193 ) ;
#6523 = DIRECTION ( 'NONE',  ( 1.000000000000000000, 0.0000000000000000000, 0.0000000000000000000 ) ) ;
#6524 = VERTEX_POINT ( 'NONE', #8233 ) ;
#6525 = DIRECTION ( 'NONE',  ( -0.0000000000000000000, -1.339206523454102177E-15, -1.000000000000000000 ) ) ;
#6526 = VECTOR ( 'NONE', #4318, 1000.000000000000000 ) ;
#6527 =( NAMED_UNIT ( * ) SI_UNIT ( $, .STERADIAN. ) SOLID_ANGLE_UNIT ( ) );
#6528 = VERTEX_POINT ( 'NONE', #3822 ) ;
#6529 = EDGE_CURVE ( 'NONE', #4585, #229, #1025, .T. ) ;
#6530 = CARTESIAN_POINT ( 'NONE',  ( 5.725000000000000533, 1.850000000000000089, 2.024999999999999911 ) ) ;
#6531 = VERTEX_POINT ( 'NONE', #5876 ) ;
#6532 = DIRECTION ( 'NONE',  ( 0.0000000000000000000, 0.0000000000000000000, 1.000000000000000000 ) ) ;
#6533 = ORIENTED_EDGE ( 'NONE', *, *, #2543, .T. ) ;
#6534 = CARTESIAN_POINT ( 'NONE',  ( -2.475000000000000089, 3.599999999999999201, -0.07500000000000128786 ) ) ;
#6535 = ORIENTED_EDGE ( 'NONE', *, *, #2171, .F. ) ;
#6536 = LINE ( 'NONE', #1585, #3090 ) ;
#6537 = EDGE_LOOP ( 'NONE', ( #7742, #454, #1505, #8862 ) ) ;
#6538 = ORIENTED_EDGE ( 'NONE', *, *, #1300, .T. ) ;
#6539 = DIRECTION ( 'NONE',  ( 0.0000000000000000000, 1.000000000000000000, 0.0000000000000000000 ) ) ;
#6540 = EDGE_CURVE ( 'NONE', #7931, #5679, #2420, .T. ) ;
#6541 = ORIENTED_EDGE ( 'NONE', *, *, #2594, .F. ) ;
#6542 = VERTEX_POINT ( 'NONE', #3105 ) ;
#6543 = LINE ( 'NONE', #2341, #8856 ) ;
#6544 = VERTEX_POINT ( 'NONE', #5366 ) ;
#6545 = CARTESIAN_POINT ( 'NONE',  ( 3.750000000000000000, 1.000000000000000000, -1.474999999999999867 ) ) ;
#6546 = ORIENTED_EDGE ( 'NONE', *, *, #5536, .T. ) ;
#6547 = EDGE_CURVE ( 'NONE', #8863, #7294, #3000, .T. ) ;
#6548 =( NAMED_UNIT ( * ) SI_UNIT ( $, .STERADIAN. ) SOLID_ANGLE_UNIT ( ) );
#6549 = VECTOR ( 'NONE', #6731, 1000.000000000000000 ) ;
#6550 = ORIENTED_EDGE ( 'NONE', *, *, #8664, .F. ) ;
#6551 = ORIENTED_EDGE ( 'NONE', *, *, #5409, .T. ) ;
#6552 = DIRECTION ( 'NONE',  ( 0.0000000000000000000, -1.000000000000000000, 0.0000000000000000000 ) ) ;
#6553 = DIRECTION ( 'NONE',  ( 0.0000000000000000000, 0.0000000000000000000, -1.000000000000000000 ) ) ;
#6554 = PLANE ( 'NONE',  #7411 ) ;
#6555 = PLANE ( 'NONE',  #4620 ) ;
#6556 = ORIENTED_EDGE ( 'NONE', *, *, #8628, .F. ) ;
#6557 = DIRECTION ( 'NONE',  ( 0.0000000000000000000, 0.0000000000000000000, -1.000000000000000000 ) ) ;
#6558 = DIRECTION ( 'NONE',  ( 0.0000000000000000000, 1.000000000000000000, 0.0000000000000000000 ) ) ;
#6559 = LINE ( 'NONE', #1441, #8053 ) ;
#6560 = DIRECTION ( 'NONE',  ( -0.0000000000000000000, 1.000000000000000000, 0.0000000000000000000 ) ) ;
#6561 = LINE ( 'NONE', #1663, #3815 ) ;
#6562 = ORIENTED_EDGE ( 'NONE', *, *, #2555, .T. ) ;
#6563 = DIRECTION ( 'NONE',  ( -1.000000000000000000, 0.0000000000000000000, 0.0000000000000000000 ) ) ;
#6564 = VERTEX_POINT ( 'NONE', #7535 ) ;
#6565 = EDGE_CURVE ( 'NONE', #3277, #1594, #8869, .T. ) ;
#6566 = VERTEX_POINT ( 'NONE', #1654 ) ;
#6567 = EDGE_CURVE ( 'NONE', #6570, #1044, #9313, .T. ) ;
#6568 = DIRECTION ( 'NONE',  ( 0.0000000000000000000, 0.0000000000000000000, 1.000000000000000000 ) ) ;
#6569 = ADVANCED_FACE ( 'NONE', ( #9206 ), #4584, .T. ) ;
#6570 = VERTEX_POINT ( 'NONE', #3947 ) ;
#6571 = DIRECTION ( 'NONE',  ( 1.000000000000000000, 0.0000000000000000000, 0.0000000000000000000 ) ) ;
#6572 = LINE ( 'NONE', #5396, #3349 ) ;
#6573 = VECTOR ( 'NONE', #4345, 1000.000000000000000 ) ;
#6574 = ORIENTED_EDGE ( 'NONE', *, *, #1058, .F. ) ;
#6575 = ORIENTED_EDGE ( 'NONE', *, *, #5425, .F. ) ;
#6576 = VERTEX_POINT ( 'NONE', #6847 ) ;
#6577 = VECTOR ( 'NONE', #8416, 1000.000000000000000 ) ;
#6578 = EDGE_CURVE ( 'NONE', #3125, #6531, #2185, .T. ) ;
#6579 = PLANE ( 'NONE',  #3020 ) ;
#6580 = LINE ( 'NONE', #1086, #2200 ) ;
#6581 = COLOUR_RGB ( '',1.000000000000000000, 1.000000000000000000, 1.000000000000000000 ) ;
#6582 = DIRECTION ( 'NONE',  ( -0.0000000000000000000, 1.000000000000000000, 0.0000000000000000000 ) ) ;
#6583 = VERTEX_POINT ( 'NONE', #8347 ) ;
#6584 = FACE_OUTER_BOUND ( 'NONE', #6353, .T. ) ;
#6585 = CARTESIAN_POINT ( 'NONE',  ( 1.975000000000000089, 1.850000000000000089, 2.024999999999999911 ) ) ;
#6586 = CARTESIAN_POINT ( 'NONE',  ( 5.875000000000000888, 2.250000000000000000, -2.024999999999999911 ) ) ;
#6587 = AXIS2_PLACEMENT_3D ( 'NONE', #8172, #8895, #1484 ) ;
#6588 = CARTESIAN_POINT ( 'NONE',  ( 4.264999999999999680, 1.850000000000000089, -1.025000000000000133 ) ) ;
#6589 = CARTESIAN_POINT ( 'NONE',  ( 3.225000000000000089, -0.6500000000000000222, -2.075000000000000178 ) ) ;
#6590 = MECHANICAL_DESIGN_GEOMETRIC_PRESENTATION_REPRESENTATION (  '', ( #1454 ), #7070 ) ;
#6591 = FACE_OUTER_BOUND ( 'NONE', #8284, .T. ) ;
#6592 = CARTESIAN_POINT ( 'NONE',  ( -2.875000000000000000, 3.600000000000000977, -1.425000000000000044 ) ) ;
#6593 = CARTESIAN_POINT ( 'NONE',  ( -0.5250000000000000222, 1.850000000000000089, -2.024999999999999911 ) ) ;
#6594 = CARTESIAN_POINT ( 'NONE',  ( -1.875000000000000000, 2.550000000000000266, -1.474999999999999867 ) ) ;
#6595 = VERTEX_POINT ( 'NONE', #3229 ) ;
#6596 = VECTOR ( 'NONE', #1050, 1000.000000000000000 ) ;
#6597 = EDGE_LOOP ( 'NONE', ( #94, #2735, #3331, #9293, #7374, #7089, #2614 ) ) ;
#6598 = VECTOR ( 'NONE', #6621, 1000.000000000000000 ) ;
#6599 = LINE ( 'NONE', #6477, #6376 ) ;
#6600 = ADVANCED_FACE ( 'NONE', ( #5882 ), #2451, .F. ) ;
#6601 = DIRECTION ( 'NONE',  ( 0.0000000000000000000, 1.000000000000000000, 0.0000000000000000000 ) ) ;
#6602 = PRESENTATION_STYLE_ASSIGNMENT (( #744 ) ) ;
#6603 = ORIENTED_EDGE ( 'NONE', *, *, #5820, .F. ) ;
#6604 = DIRECTION ( 'NONE',  ( 1.000000000000000000, 0.0000000000000000000, 0.0000000000000000000 ) ) ;
#6605 = PRESENTATION_LAYER_ASSIGNMENT (  '', '', ( #6485 ) ) ;
#6606 = FACE_OUTER_BOUND ( 'NONE', #46, .T. ) ;
#6607 = CARTESIAN_POINT ( 'NONE',  ( 0.0000000000000000000, 1.000000000000000000, -1.474999999999999867 ) ) ;
#6608 = LINE ( 'NONE', #7555, #3393 ) ;
#6609 = DIRECTION ( 'NONE',  ( 0.0000000000000000000, 0.0000000000000000000, 1.000000000000000000 ) ) ;
#6610 = ORIENTED_EDGE ( 'NONE', *, *, #1400, .T. ) ;
#6611 = EDGE_LOOP ( 'NONE', ( #2064, #1221, #566, #9477 ) ) ;
#6612 = LINE ( 'NONE', #5321, #3630 ) ;
#6613 = DIRECTION ( 'NONE',  ( -1.000000000000000000, 0.0000000000000000000, 0.0000000000000000000 ) ) ;
#6614 = AXIS2_PLACEMENT_3D ( 'NONE', #7821, #9377, #5621 ) ;
#6615 = DIRECTION ( 'NONE',  ( 0.0000000000000000000, 0.0000000000000000000, 1.000000000000000000 ) ) ;
#6616 = SURFACE_STYLE_FILL_AREA ( #71 ) ;
#6617 = CARTESIAN_POINT ( 'NONE',  ( 2.500000000000000000, 0.0000000000000000000, -1.025000000000000133 ) ) ;
#6618 = CARTESIAN_POINT ( 'NONE',  ( -1.375000000000000000, 3.750000000000000000, 0.02500000000000000139 ) ) ;
#6619 = EDGE_CURVE ( 'NONE', #9079, #1128, #7365, .T. ) ;
#6620 = VECTOR ( 'NONE', #6908, 1000.000000000000000 ) ;
#6621 = DIRECTION ( 'NONE',  ( 0.0000000000000000000, 0.0000000000000000000, -1.000000000000000000 ) ) ;
#6622 = LINE ( 'NONE', #5921, #6290 ) ;
#6623 = LINE ( 'NONE', #7884, #4670 ) ;
#6624 = CARTESIAN_POINT ( 'NONE',  ( 1.775000000000000133, 1.850000000000000089, -1.698606797699999893 ) ) ;
#6625 = CARTESIAN_POINT ( 'NONE',  ( 3.024999999999999911, 0.05000000000000002359, -1.775000000000000133 ) ) ;
#6626 = CARTESIAN_POINT ( 'NONE',  ( 0.7250000000000000888, 0.5000000000000000000, 2.024999999999999911 ) ) ;
#6627 = DIRECTION ( 'NONE',  ( 0.0000000000000000000, 0.0000000000000000000, 1.000000000000000000 ) ) ;
#6628 = VECTOR ( 'NONE', #9241, 1000.000000000000000 ) ;
#6629 = EDGE_CURVE ( 'NONE', #5427, #3004, #6572, .T. ) ;
#6630 = CARTESIAN_POINT ( 'NONE',  ( 7.475000000000000533, 4.249999999999998224, -2.075000000000001510 ) ) ;
#6631 = LINE ( 'NONE', #7285, #4679 ) ;
#6632 = EDGE_CURVE ( 'NONE', #1487, #3905, #5434, .T. ) ;
#6633 = EDGE_LOOP ( 'NONE', ( #2752, #4014, #8514, #6253 ) ) ;
#6634 = LINE ( 'NONE', #5510, #4684 ) ;
#6635 = AXIS2_PLACEMENT_3D ( 'NONE', #9529, #1542, #2983 ) ;
#6636 = ORIENTED_EDGE ( 'NONE', *, *, #6632, .F. ) ;
#6637 = ORIENTED_EDGE ( 'NONE', *, *, #8532, .F. ) ;
#6638 = AXIS2_PLACEMENT_3D ( 'NONE', #195, #1648, #67 ) ;
#6639 = DIRECTION ( 'NONE',  ( -1.000000000000000000, 0.0000000000000000000, 0.0000000000000000000 ) ) ;
#6640 = ORIENTED_EDGE ( 'NONE', *, *, #5946, .F. ) ;
#6641 = DIRECTION ( 'NONE',  ( 0.0000000000000000000, 0.0000000000000000000, -1.000000000000000000 ) ) ;
#6642 = DIRECTION ( 'NONE',  ( 0.0000000000000000000, 0.0000000000000000000, -1.000000000000000000 ) ) ;
#6643 = ADVANCED_FACE ( 'NONE', ( #1952 ), #6066, .F. ) ;
#6644 = ORIENTED_EDGE ( 'NONE', *, *, #5935, .T. ) ;
#6645 = EDGE_LOOP ( 'NONE', ( #212, #584, #2266, #121, #2657, #550, #282, #7051, #3958, #1378, #4490, #4029 ) ) ;
#6646 = DIRECTION ( 'NONE',  ( -1.000000000000000000, 0.0000000000000000000, 0.0000000000000000000 ) ) ;
#6647 =( LENGTH_UNIT ( ) NAMED_UNIT ( * ) SI_UNIT ( .MILLI., .METRE. ) );
#6648 = ORIENTED_EDGE ( 'NONE', *, *, #5897, .F. ) ;
#6649 = CARTESIAN_POINT ( 'NONE',  ( -1.175000000000000044, 2.550000000000000266, -1.474999999999999867 ) ) ;
#6650 = ORIENTED_EDGE ( 'NONE', *, *, #6698, .T. ) ;
#6651 = CARTESIAN_POINT ( 'NONE',  ( -0.8750000000000000000, 3.750000000000000000, 2.024999999999999911 ) ) ;
#6652 = EDGE_LOOP ( 'NONE', ( #924, #3701, #2794, #1574 ) ) ;
#6653 = EDGE_CURVE ( 'NONE', #4391, #341, #5552, .T. ) ;
#6654 = PLANE ( 'NONE',  #7602 ) ;
#6655 = ADVANCED_FACE ( 'NONE', ( #7123 ), #6819, .T. ) ;
#6656 = DIRECTION ( 'NONE',  ( -0.0000000000000000000, 1.000000000000000000, -0.0000000000000000000 ) ) ;
#6657 = ORIENTED_EDGE ( 'NONE', *, *, #4905, .T. ) ;
#6658 = ORIENTED_EDGE ( 'NONE', *, *, #7844, .F. ) ;
#6659 =( LENGTH_UNIT ( ) NAMED_UNIT ( * ) SI_UNIT ( .MILLI., .METRE. ) );
#6660 = UNCERTAINTY_MEASURE_WITH_UNIT (LENGTH_MEASURE( 1.000000000000000082E-05 ), #2964, 'distance_accuracy_value', 'NONE');
#6661 = PLANE ( 'NONE',  #603 ) ;
#6662 = ORIENTED_EDGE ( 'NONE', *, *, #7476, .T. ) ;
#6663 = VECTOR ( 'NONE', #6552, 1000.000000000000000 ) ;
#6664 = EDGE_LOOP ( 'NONE', ( #6936, #6281, #4703, #2488, #3874, #1052, #2998 ) ) ;
#6665 = VERTEX_POINT ( 'NONE', #7635 ) ;
#6666 = ORIENTED_EDGE ( 'NONE', *, *, #7149, .F. ) ;
#6667 = AXIS2_PLACEMENT_3D ( 'NONE', #6994, #5458, #9153 ) ;
#6668 = CARTESIAN_POINT ( 'NONE',  ( 0.7349999999999999867, 1.850000000000000089, -1.025000000000000133 ) ) ;
#6669 = ORIENTED_EDGE ( 'NONE', *, *, #2071, .T. ) ;
#6670 = ORIENTED_EDGE ( 'NONE', *, *, #7725, .T. ) ;
#6671 = EDGE_CURVE ( 'NONE', #22, #243, #6896, .T. ) ;
#6672 = CARTESIAN_POINT ( 'NONE',  ( 5.725000000000000533, -0.004464445899999999919, 0.003975566199999999890 ) ) ;
#6673 = PRESENTATION_STYLE_ASSIGNMENT (( #4007 ) ) ;
#6674 = PLANE ( 'NONE',  #2954 ) ;
#6675 = ORIENTED_EDGE ( 'NONE', *, *, #5339, .F. ) ;
#6676 = DIRECTION ( 'NONE',  ( 0.0000000000000000000, 0.0000000000000000000, 1.000000000000000000 ) ) ;
#6677 = EDGE_LOOP ( 'NONE', ( #9096, #6862, #364, #5814 ) ) ;
#6678 = DIRECTION ( 'NONE',  ( 0.0000000000000000000, -3.212450881438532635E-15, 1.000000000000000000 ) ) ;
#6679 = CARTESIAN_POINT ( 'NONE',  ( -2.475000000000000089, 1.999999999999998668, -1.425000000000000933 ) ) ;
#6680 = ORIENTED_EDGE ( 'NONE', *, *, #4036, .F. ) ;
#6681 = CARTESIAN_POINT ( 'NONE',  ( 4.125000000000000000, 1.000000000000000000, -1.525000000000000133 ) ) ;
#6682 = PLANE ( 'NONE',  #8925 ) ;
#6683 = DIRECTION ( 'NONE',  ( 1.000000000000000000, 0.0000000000000000000, 0.0000000000000000000 ) ) ;
#6684 = ORIENTED_EDGE ( 'NONE', *, *, #6246, .F. ) ;
#6685 = VECTOR ( 'NONE', #9099, 1000.000000000000000 ) ;
#6686 = EDGE_CURVE ( 'NONE', #1517, #270, #5191, .T. ) ;
#6687 = FACE_OUTER_BOUND ( 'NONE', #8724, .T. ) ;
#6688 = ORIENTED_EDGE ( 'NONE', *, *, #7829, .T. ) ;
#6689 = VECTOR ( 'NONE', #6464, 1000.000000000000000 ) ;
#6690 = EDGE_CURVE ( 'NONE', #3361, #3553, #3228, .T. ) ;
#6691 = ORIENTED_EDGE ( 'NONE', *, *, #5739, .T. ) ;
#6692 = CARTESIAN_POINT ( 'NONE',  ( 4.474999999999999645, 1.850000000000000089, -2.024999999999999911 ) ) ;
#6693 = ADVANCED_FACE ( 'NONE', ( #2648 ), #2734, .T. ) ;
#6694 = SURFACE_SIDE_STYLE ('',( #6616 ) ) ;
#6695 = DIRECTION ( 'NONE',  ( 0.0000000000000000000, 1.000000000000000000, 0.0000000000000000000 ) ) ;
#6696 = FACE_OUTER_BOUND ( 'NONE', #7751, .T. ) ;
#6697 = FACE_OUTER_BOUND ( 'NONE', #6977, .T. ) ;
#6698 = EDGE_CURVE ( 'NONE', #4931, #37, #8063, .T. ) ;
#6699 = ORIENTED_EDGE ( 'NONE', *, *, #1874, .T. ) ;
#6700 = PLANE ( 'NONE',  #4525 ) ;
#6701 = LINE ( 'NONE', #3209, #8083 ) ;
#6702 = LINE ( 'NONE', #4788, #385 ) ;
#6703 = VECTOR ( 'NONE', #7032, 1000.000000000000000 ) ;
#6704 = DIRECTION ( 'NONE',  ( -0.0000000000000000000, 1.000000000000000000, 0.0000000000000000000 ) ) ;
#6705 = AXIS2_PLACEMENT_3D ( 'NONE', #5282, #3867, #953 ) ;
#6706 = ORIENTED_EDGE ( 'NONE', *, *, #7528, .T. ) ;
#6707 = CARTESIAN_POINT ( 'NONE',  ( 7.875000000000000000, 2.000000000000000000, -1.425000000000000044 ) ) ;
#6708 = ORIENTED_EDGE ( 'NONE', *, *, #2841, .T. ) ;
#6709 = CARTESIAN_POINT ( 'NONE',  ( -0.7349999999999999867, 1.850000000000000089, -1.025000000000000133 ) ) ;
#6710 = CARTESIAN_POINT ( 'NONE',  ( 5.375000000000000000, 1.000000000000000000, -2.024999999999999911 ) ) ;
#6711 = EDGE_CURVE ( 'NONE', #3312, #4353, #3929, .T. ) ;
#6712 = VECTOR ( 'NONE', #6053, 1000.000000000000114 ) ;
#6713 = DIRECTION ( 'NONE',  ( 0.0000000000000000000, 0.7468134723257140450, -0.6650335612228979176 ) ) ;
#6714 = LINE ( 'NONE', #7504, #853 ) ;
#6715 = FACE_OUTER_BOUND ( 'NONE', #3898, .T. ) ;
#6716 = CARTESIAN_POINT ( 'NONE',  ( 7.275000000000001243, 0.6000000000000076383, -0.2249999999999982014 ) ) ;
#6717 = PRESENTATION_STYLE_ASSIGNMENT (( #5734 ) ) ;
#6718 = CARTESIAN_POINT ( 'NONE',  ( -0.5250000000000000222, 0.3499999999999999778, -2.075000000000000178 ) ) ;
#6719 = CARTESIAN_POINT ( 'NONE',  ( 5.735000000000000320, 1.850000000000000089, -1.025000000000000133 ) ) ;
#6720 = VECTOR ( 'NONE', #3126, 1000.000000000000000 ) ;
#6721 = DIRECTION ( 'NONE',  ( 0.0000000000000000000, 0.0000000000000000000, 1.000000000000000000 ) ) ;
#6722 = EDGE_CURVE ( 'NONE', #994, #3489, #4163, .T. ) ;
#6723 = FACE_OUTER_BOUND ( 'NONE', #8784, .T. ) ;
#6724 = AXIS2_PLACEMENT_3D ( 'NONE', #4321, #7157, #7885 ) ;
#6725 = VECTOR ( 'NONE', #5914, 1000.000000000000000 ) ;
#6726 = VECTOR ( 'NONE', #5426, 1000.000000000000000 ) ;
#6727 = EDGE_CURVE ( 'NONE', #1746, #8317, #2526, .T. ) ;
#6728 = VECTOR ( 'NONE', #1550, 1000.000000000000000 ) ;
#6729 = DIRECTION ( 'NONE',  ( -1.000000000000000000, 0.0000000000000000000, 0.0000000000000000000 ) ) ;
#6730 = DIRECTION ( 'NONE',  ( 0.0000000000000000000, 0.0000000000000000000, 1.000000000000000000 ) ) ;
#6731 = DIRECTION ( 'NONE',  ( 0.0000000000000000000, 0.0000000000000000000, -1.000000000000000000 ) ) ;
#6732 = PRESENTATION_STYLE_ASSIGNMENT (( #2559 ) ) ;
#6733 = VECTOR ( 'NONE', #1455, 1000.000000000000000 ) ;
#6734 = CARTESIAN_POINT ( 'NONE',  ( 0.7250000000000000888, 1.000000000000000000, 1.525000000000000133 ) ) ;
#6735 = LINE ( 'NONE', #4211, #4462 ) ;
#6736 = EDGE_CURVE ( 'NONE', #4903, #5740, #206, .T. ) ;
#6737 = EDGE_CURVE ( 'NONE', #2730, #3894, #4215, .T. ) ;
#6738 = CARTESIAN_POINT ( 'NONE',  ( 3.324999999999999734, 1.850000000000000089, 2.024999999999999911 ) ) ;
#6739 = DIRECTION ( 'NONE',  ( 0.0000000000000000000, 1.000000000000000000, 0.0000000000000000000 ) ) ;
#6740 = PLANE ( 'NONE',  #6705 ) ;
#6741 = VECTOR ( 'NONE', #3678, 1000.000000000000000 ) ;
#6742 = ORIENTED_EDGE ( 'NONE', *, *, #5900, .F. ) ;
#6743 = DIRECTION ( 'NONE',  ( -0.0000000000000000000, -1.000000000000000000, -3.219646771412953967E-15 ) ) ;
#6744 = EDGE_CURVE ( 'NONE', #2510, #8961, #2945, .T. ) ;
#6745 = CARTESIAN_POINT ( 'NONE',  ( 2.500000000000000000, 1.000000000000000000, -1.474999999999999867 ) ) ;
#6746 = VECTOR ( 'NONE', #621, 1000.000000000000000 ) ;
#6747 = DIRECTION ( 'NONE',  ( -1.000000000000000000, 0.0000000000000000000, 0.0000000000000000000 ) ) ;
#6748 = ORIENTED_EDGE ( 'NONE', *, *, #6498, .F. ) ;
#6749 = ORIENTED_EDGE ( 'NONE', *, *, #2972, .F. ) ;
#6750 = EDGE_LOOP ( 'NONE', ( #5227, #3323, #12, #1486 ) ) ;
#6751 = DIRECTION ( 'NONE',  ( 0.0000000000000000000, -1.000000000000000000, -3.219646771412953967E-15 ) ) ;
#6752 = CARTESIAN_POINT ( 'NONE',  ( -0.5250000000000000222, 0.0000000000000000000, -1.525000000000000133 ) ) ;
#6753 = AXIS2_PLACEMENT_3D ( 'NONE', #7542, #6164, #5373 ) ;
#6754 = ORIENTED_EDGE ( 'NONE', *, *, #6262, .F. ) ;
#6755 = VECTOR ( 'NONE', #9000, 1000.000000000000000 ) ;
#6756 = AXIS2_PLACEMENT_3D ( 'NONE', #6141, #5506, #4726 ) ;
#6757 = EDGE_LOOP ( 'NONE', ( #1245, #7607, #246, #2030 ) ) ;
#6758 = ORIENTED_EDGE ( 'NONE', *, *, #456, .T. ) ;
#6759 = DIRECTION ( 'NONE',  ( 0.0000000000000000000, 1.000000000000000000, 0.0000000000000000000 ) ) ;
#6760 = MECHANICAL_DESIGN_GEOMETRIC_PRESENTATION_REPRESENTATION (  '', ( #8566 ), #7258 ) ;
#6761 = ADVANCED_FACE ( 'NONE', ( #3283 ), #6412, .F. ) ;
#6762 = DIRECTION ( 'NONE',  ( 1.000000000000000000, 0.0000000000000000000, 0.0000000000000000000 ) ) ;
#6763 = ORIENTED_EDGE ( 'NONE', *, *, #1311, .F. ) ;
#6764 = VERTEX_POINT ( 'NONE', #6186 ) ;
#6765 = CARTESIAN_POINT ( 'NONE',  ( 7.500000000000001776, 4.250000000000000000, 2.024999999999999911 ) ) ;
#6766 = ORIENTED_EDGE ( 'NONE', *, *, #3526, .T. ) ;
#6767 = DIRECTION ( 'NONE',  ( 0.0000000000000000000, 0.0000000000000000000, -1.000000000000000000 ) ) ;
#6768 = VECTOR ( 'NONE', #6676, 1000.000000000000000 ) ;
#6769 = VERTEX_POINT ( 'NONE', #6447 ) ;
#6770 = ORIENTED_EDGE ( 'NONE', *, *, #3676, .T. ) ;
#6771 = LINE ( 'NONE', #6796, #3214 ) ;
#6772 = ORIENTED_EDGE ( 'NONE', *, *, #6388, .T. ) ;
#6773 = ORIENTED_EDGE ( 'NONE', *, *, #1622, .F. ) ;
#6774 = UNCERTAINTY_MEASURE_WITH_UNIT (LENGTH_MEASURE( 1.000000000000000082E-05 ), #2077, 'distance_accuracy_value', 'NONE');
#6775 =( LENGTH_UNIT ( ) NAMED_UNIT ( * ) SI_UNIT ( .MILLI., .METRE. ) );
#6776 = CARTESIAN_POINT ( 'NONE',  ( 0.5250000000000000222, 0.5000000000000000000, 2.024999999999999911 ) ) ;
#6777 = ORIENTED_EDGE ( 'NONE', *, *, #8169, .T. ) ;
#6778 = VECTOR ( 'NONE', #4984, 1000.000000000000000 ) ;
#6779 = AXIS2_PLACEMENT_3D ( 'NONE', #2943, #7429, #8087 ) ;
#6780 = CARTESIAN_POINT ( 'NONE',  ( -2.375000000000000000, 3.149999999999999911, 0.02500000000000000139 ) ) ;
#6781 = CARTESIAN_POINT ( 'NONE',  ( -2.875000000000000000, 2.000000000000000000, -1.425000000000000044 ) ) ;
#6782 = ORIENTED_EDGE ( 'NONE', *, *, #1669, .T. ) ;
#6783 = DIRECTION ( 'NONE',  ( 0.0000000000000000000, -1.000000000000000000, 0.0000000000000000000 ) ) ;
#6784 = VERTEX_POINT ( 'NONE', #9354 ) ;
#6785 = ORIENTED_EDGE ( 'NONE', *, *, #7862, .F. ) ;
#6786 = EDGE_LOOP ( 'NONE', ( #6365, #9212, #7144, #925 ) ) ;
#6787 = ORIENTED_EDGE ( 'NONE', *, *, #8551, .T. ) ;
#6788 = VECTOR ( 'NONE', #5687, 1000.000000000000000 ) ;
#6789 = FILL_AREA_STYLE ('',( #5330 ) ) ;
#6790 = EDGE_CURVE ( 'NONE', #186, #3804, #3376, .T. ) ;
#6791 = CARTESIAN_POINT ( 'NONE',  ( -2.274999999999999911, 3.600000000000000977, -0.07499999999999998335 ) ) ;
#6792 = VECTOR ( 'NONE', #3771, 1000.000000000000000 ) ;
#6793 = ORIENTED_EDGE ( 'NONE', *, *, #7034, .F. ) ;
#6794 = ORIENTED_EDGE ( 'NONE', *, *, #6330, .T. ) ;
#6795 = EDGE_CURVE ( 'NONE', #4858, #4585, #4519, .T. ) ;
#6796 = CARTESIAN_POINT ( 'NONE',  ( 3.225000000000000089, 0.0000000000000000000, 2.024999999999999911 ) ) ;
#6797 = EDGE_LOOP ( 'NONE', ( #1231, #4052, #1388, #5715 ) ) ;
#6798 = DIRECTION ( 'NONE',  ( 1.000000000000000000, 0.0000000000000000000, 0.0000000000000000000 ) ) ;
#6799 = VECTOR ( 'NONE', #3219, 1000.000000000000000 ) ;
#6800 = LINE ( 'NONE', #7889, #2896 ) ;
#6802 = VERTEX_POINT ( 'NONE', #1027 ) ;
#6801 = DIRECTION ( 'NONE',  ( 0.0000000000000000000, 0.0000000000000000000, -1.000000000000000000 ) ) ;
#6803 = DIRECTION ( 'NONE',  ( 0.0000000000000000000, -1.000000000000000000, 0.0000000000000000000 ) ) ;
#6804 = CLOSED_SHELL ( 'NONE', ( #13, #6291, #3627, #5439, #6145, #7378, #6693, #9340 ) ) ;
#6805 = DIRECTION ( 'NONE',  ( 0.0000000000000000000, -1.000000000000000000, 0.0000000000000000000 ) ) ;
#6806 = LINE ( 'NONE', #2870, #940 ) ;
#6807 = VERTEX_POINT ( 'NONE', #7663 ) ;
#6808 = EDGE_CURVE ( 'NONE', #3199, #9, #2039, .T. ) ;
#6809 = EDGE_CURVE ( 'NONE', #229, #7559, #1204, .T. ) ;
#6810 = FACE_OUTER_BOUND ( 'NONE', #9205, .T. ) ;
#6811 = DIRECTION ( 'NONE',  ( 0.0000000000000000000, 1.000000000000000000, 0.0000000000000000000 ) ) ;
#6812 = FACE_OUTER_BOUND ( 'NONE', #7278, .T. ) ;
#6813 = DIRECTION ( 'NONE',  ( 1.000000000000000000, 0.0000000000000000000, 0.0000000000000000000 ) ) ;
#6814 = DIRECTION ( 'NONE',  ( 0.0000000000000000000, 0.0000000000000000000, -1.000000000000000000 ) ) ;
#6815 = ORIENTED_EDGE ( 'NONE', *, *, #9015, .T. ) ;
#6816 = CARTESIAN_POINT ( 'NONE',  ( -0.5250000000000000222, 0.05000000000000002359, -1.524999999999999689 ) ) ;
#6817 = ORIENTED_EDGE ( 'NONE', *, *, #2869, .F. ) ;
#6818 = CARTESIAN_POINT ( 'NONE',  ( 2.875000000000000000, 1.000000000000000000, -1.525000000000000133 ) ) ;
#6819 = PLANE ( 'NONE',  #66 ) ;
#6820 =( NAMED_UNIT ( * ) SI_UNIT ( $, .STERADIAN. ) SOLID_ANGLE_UNIT ( ) );
#6821 = CARTESIAN_POINT ( 'NONE',  ( -0.7249999999999999778, 1.850000000000000089, -1.698606797699999893 ) ) ;
#6822 = EDGE_LOOP ( 'NONE', ( #257, #7327, #8671, #3919, #5283, #2154, #1258, #2592, #8326, #4845, #9095, #5074, #4882, #1333 ) ) ;
#6823 = COLOUR_RGB ( '',1.000000000000000000, 1.000000000000000000, 1.000000000000000000 ) ;
#6824 = PRESENTATION_STYLE_ASSIGNMENT (( #3290 ) ) ;
#6825 = LINE ( 'NONE', #7021, #2114 ) ;
#6826 = DIRECTION ( 'NONE',  ( 0.0000000000000000000, 0.0000000000000000000, 1.000000000000000000 ) ) ;
#6827 = DIRECTION ( 'NONE',  ( 1.000000000000000000, 0.0000000000000000000, 0.0000000000000000000 ) ) ;
#6828 = LINE ( 'NONE', #7692, #1312 ) ;
#6829 = EDGE_CURVE ( 'NONE', #292, #4739, #412, .T. ) ;
#6830 = DIRECTION ( 'NONE',  ( -1.000000000000000000, 0.0000000000000000000, 0.0000000000000000000 ) ) ;
#6831 = DIRECTION ( 'NONE',  ( -0.0000000000000000000, 1.000000000000000000, -0.0000000000000000000 ) ) ;
#6832 = ORIENTED_EDGE ( 'NONE', *, *, #2022, .T. ) ;
#6833 = LINE ( 'NONE', #5992, #2939 ) ;
#6834 = DIRECTION ( 'NONE',  ( 1.000000000000000000, 0.0000000000000000000, 0.0000000000000000000 ) ) ;
#6835 = LINE ( 'NONE', #8887, #3757 ) ;
#6836 = CARTESIAN_POINT ( 'NONE',  ( 4.274999999999999467, 0.05000000000000002359, -1.775000000000000133 ) ) ;
#6837 = LINE ( 'NONE', #6719, #6394 ) ;
#6838 = CARTESIAN_POINT ( 'NONE',  ( 0.5250000000000000222, 1.850000000000000089, 2.024999999999999911 ) ) ;
#6839 = VECTOR ( 'NONE', #2076, 1000.000000000000114 ) ;
#6840 = DIRECTION ( 'NONE',  ( 0.0000000000000000000, -1.000000000000000000, -3.212450881438532635E-15 ) ) ;
#6841 = VERTEX_POINT ( 'NONE', #2512 ) ;
#6842 = CARTESIAN_POINT ( 'NONE',  ( -2.274999999999999911, 2.000000000000000000, -1.425000000000000044 ) ) ;
#6843 = FACE_OUTER_BOUND ( 'NONE', #476, .T. ) ;
#6844 = EDGE_CURVE ( 'NONE', #4757, #292, #4603, .T. ) ;
#6845 = EDGE_CURVE ( 'NONE', #7499, #598, #7599, .T. ) ;
#6846 = ORIENTED_EDGE ( 'NONE', *, *, #3617, .F. ) ;
#6847 = CARTESIAN_POINT ( 'NONE',  ( 3.015000000000000124, 1.850000000000000089, -2.024999999999999911 ) ) ;
#6848 = FILL_AREA_STYLE_COLOUR ( '', #6823 ) ;
#6849 = LINE ( 'NONE', #2888, #533 ) ;
#6850 = ORIENTED_EDGE ( 'NONE', *, *, #7241, .F. ) ;
#6851 = CARTESIAN_POINT ( 'NONE',  ( 7.500000000000001776, 4.250000000000000000, -2.024999999999999911 ) ) ;
#6852 = AXIS2_PLACEMENT_3D ( 'NONE', #3358, #3390, #6358 ) ;
#6853 = DIRECTION ( 'NONE',  ( 1.000000000000000000, 0.0000000000000000000, 0.0000000000000000000 ) ) ;
#6854 = VECTOR ( 'NONE', #8845, 1000.000000000000000 ) ;
#6855 = EDGE_CURVE ( 'NONE', #1592, #1260, #7056, .T. ) ;
#6856 = CARTESIAN_POINT ( 'NONE',  ( -0.5250000000000000222, 1.850000000000000089, -2.024999999999999911 ) ) ;
#6857 = EDGE_LOOP ( 'NONE', ( #8935, #28, #5770, #5343 ) ) ;
#6858 = EDGE_CURVE ( 'NONE', #6902, #6430, #2764, .T. ) ;
#6859 = DIRECTION ( 'NONE',  ( 0.0000000000000000000, 1.000000000000000000, 0.0000000000000000000 ) ) ;
#6860 = EDGE_LOOP ( 'NONE', ( #8310, #427, #9177, #2621, #7695, #8654 ) ) ;
#6861 = CARTESIAN_POINT ( 'NONE',  ( -0.7249999999999999778, -0.6500000000000000222, -1.775000000000000133 ) ) ;
#6862 = ORIENTED_EDGE ( 'NONE', *, *, #8341, .T. ) ;
#6863 = CARTESIAN_POINT ( 'NONE',  ( 5.525000000000000355, 0.0000000000000000000, 2.024999999999999911 ) ) ;
#6864 = DIRECTION ( 'NONE',  ( 0.0000000000000000000, 0.0000000000000000000, 1.000000000000000000 ) ) ;
#6865 = VERTEX_POINT ( 'NONE', #3690 ) ;
#6866 = SURFACE_STYLE_FILL_AREA ( #3157 ) ;
#6867 = ORIENTED_EDGE ( 'NONE', *, *, #2732, .F. ) ;
#6868 = SURFACE_SIDE_STYLE ('',( #1789 ) ) ;
#6869 = VERTEX_POINT ( 'NONE', #9419 ) ;
#6870 = CARTESIAN_POINT ( 'NONE',  ( 0.7249999999999999778, 0.5000000000000000000, 2.024999999999999911 ) ) ;
#6871 = EDGE_CURVE ( 'NONE', #348, #2613, #1081, .T. ) ;
#6872 = ORIENTED_EDGE ( 'NONE', *, *, #7893, .F. ) ;
#6873 = CARTESIAN_POINT ( 'NONE',  ( 6.875000000000000888, 3.750000000000000000, 2.025999999999999801 ) ) ;
#6874 = ORIENTED_EDGE ( 'NONE', *, *, #6436, .F. ) ;
#6875 = DIRECTION ( 'NONE',  ( 0.0000000000000000000, 0.6650335612228979176, -0.7468134723257140450 ) ) ;
#6876 = ORIENTED_EDGE ( 'NONE', *, *, #5064, .F. ) ;
#6877 = VECTOR ( 'NONE', #8868, 1000.000000000000000 ) ;
#6878 = VERTEX_POINT ( 'NONE', #8695 ) ;
#6879 =( NAMED_UNIT ( * ) PLANE_ANGLE_UNIT ( ) SI_UNIT ( $, .RADIAN. ) );
#6880 = CARTESIAN_POINT ( 'NONE',  ( -0.4249999999999999889, 1.850000000000000089, -1.698606797699999893 ) ) ;
#6881 = AXIS2_PLACEMENT_3D ( 'NONE', #5127, #7208, #9435 ) ;
#6882 = AXIS2_PLACEMENT_3D ( 'NONE', #8783, #5024, #615 ) ;
#6883 = ORIENTED_EDGE ( 'NONE', *, *, #4493, .T. ) ;
#6884 = FILL_AREA_STYLE ('',( #3170 ) ) ;
#6885 = LINE ( 'NONE', #5239, #4596 ) ;
#6886 = VECTOR ( 'NONE', #4118, 1000.000000000000000 ) ;
#6887 = EDGE_LOOP ( 'NONE', ( #5197, #8228, #7494, #7912, #6204, #123, #2180, #5182, #3913, #5769, #2447, #1457, #5664, #2160, #1801, #5412 ) ) ;
#6888 = PLANE ( 'NONE',  #4673 ) ;
#6889 = ORIENTED_EDGE ( 'NONE', *, *, #3002, .T. ) ;
#6890 = DIRECTION ( 'NONE',  ( 0.0000000000000000000, -1.084202172485501673E-15, -1.000000000000000000 ) ) ;
#6891 = ORIENTED_EDGE ( 'NONE', *, *, #8594, .T. ) ;
#6892 = CARTESIAN_POINT ( 'NONE',  ( 5.525000000000000355, 1.315130797599999957, 1.171117220399999770 ) ) ;
#6893 = CARTESIAN_POINT ( 'NONE',  ( 2.875000000000000000, 1.000000000000000000, -2.024999999999999911 ) ) ;
#6894 = DIRECTION ( 'NONE',  ( 0.0000000000000000000, 1.084202172485501673E-15, 1.000000000000000000 ) ) ;
#6895 = ORIENTED_EDGE ( 'NONE', *, *, #7012, .F. ) ;
#6896 = LINE ( 'NONE', #6039, #5316 ) ;
#6897 =( NAMED_UNIT ( * ) SI_UNIT ( $, .STERADIAN. ) SOLID_ANGLE_UNIT ( ) );
#6898 = LINE ( 'NONE', #5277, #9425 ) ;
#6899 = ORIENTED_EDGE ( 'NONE', *, *, #5900, .T. ) ;
#6900 = ADVANCED_FACE ( 'NONE', ( #5607 ), #687, .T. ) ;
#6901 = CARTESIAN_POINT ( 'NONE',  ( 5.725000000000000533, 0.0000000000000000000, -1.525000000000000133 ) ) ;
#6902 = VERTEX_POINT ( 'NONE', #8818 ) ;
#6903 = ORIENTED_EDGE ( 'NONE', *, *, #7659, .T. ) ;
#6904 = EDGE_CURVE ( 'NONE', #4903, #3372, #2942, .T. ) ;
#6905 = CARTESIAN_POINT ( 'NONE',  ( 4.275000000000000355, 0.0000000000000000000, 2.024999999999999911 ) ) ;
#6906 = ORIENTED_EDGE ( 'NONE', *, *, #5021, .T. ) ;
#6907 = PLANE ( 'NONE',  #2299 ) ;
#6908 = DIRECTION ( 'NONE',  ( 0.0000000000000000000, 0.0000000000000000000, 1.000000000000000000 ) ) ;
#6909 = EDGE_LOOP ( 'NONE', ( #1677, #4350, #7010, #7915, #8880, #985 ) ) ;
#6910 = EDGE_CURVE ( 'NONE', #8057, #465, #9037, .T. ) ;
#6911 = DIRECTION ( 'NONE',  ( 1.000000000000000000, 0.0000000000000000000, 0.0000000000000000000 ) ) ;
#6912 = DIRECTION ( 'NONE',  ( 1.000000000000000000, 0.0000000000000000000, 0.0000000000000000000 ) ) ;
#6913 = PLANE ( 'NONE',  #4865 ) ;
#6914 = LINE ( 'NONE', #6870, #8763 ) ;
#6915 = ORIENTED_EDGE ( 'NONE', *, *, #7840, .F. ) ;
#6916 = CARTESIAN_POINT ( 'NONE',  ( 1.975000000000000089, 0.5547525681000000652, 2.024999999999999911 ) ) ;
#6917 = PRESENTATION_STYLE_ASSIGNMENT (( #2227 ) ) ;
#6918 = VERTEX_POINT ( 'NONE', #9463 ) ;
#6919 = CARTESIAN_POINT ( 'NONE',  ( -0.3750000000000000000, 2.250000000000000000, 1.025000000000000133 ) ) ;
#6920 = ORIENTED_EDGE ( 'NONE', *, *, #1610, .T. ) ;
#6921 = SURFACE_SIDE_STYLE ('',( #9434 ) ) ;
#6922 =( GEOMETRIC_REPRESENTATION_CONTEXT ( 3 ) GLOBAL_UNCERTAINTY_ASSIGNED_CONTEXT ( ( #7738 ) ) GLOBAL_UNIT_ASSIGNED_CONTEXT ( ( #9309, #3500, #541 ) ) REPRESENTATION_CONTEXT ( 'NONE', 'WORKASPACE' ) );
#6923 = DIRECTION ( 'NONE',  ( 0.0000000000000000000, 0.0000000000000000000, 1.000000000000000000 ) ) ;
#6924 = EDGE_CURVE ( 'NONE', #8057, #6902, #7169, .T. ) ;
#6925 = LINE ( 'NONE', #3255, #3024 ) ;
#6926 = EDGE_CURVE ( 'NONE', #5903, #7703, #1421, .T. ) ;
#6927 = DIRECTION ( 'NONE',  ( 0.0000000000000000000, 1.000000000000000000, -3.295974604355814534E-17 ) ) ;
#6928 = CARTESIAN_POINT ( 'NONE',  ( 2.075000000000000178, 1.850000000000000089, -1.474999999999999867 ) ) ;
#6929 = ORIENTED_EDGE ( 'NONE', *, *, #4114, .T. ) ;
#6930 = FACE_OUTER_BOUND ( 'NONE', #1169, .T. ) ;
#6931 = ORIENTED_EDGE ( 'NONE', *, *, #1915, .T. ) ;
#6932 = EDGE_CURVE ( 'NONE', #465, #6409, #3507, .T. ) ;
#6933 = MECHANICAL_DESIGN_GEOMETRIC_PRESENTATION_REPRESENTATION (  '', ( #7300 ), #1502 ) ;
#6934 = ORIENTED_EDGE ( 'NONE', *, *, #210, .T. ) ;
#6935 = LINE ( 'NONE', #8918, #1066 ) ;
#6936 = ORIENTED_EDGE ( 'NONE', *, *, #6508, .T. ) ;
#6937 = CARTESIAN_POINT ( 'NONE',  ( 0.5250000000000000222, 0.0000000000000000000, 2.024999999999999911 ) ) ;
#6938 = LINE ( 'NONE', #2991, #9471 ) ;
#6939 = VECTOR ( 'NONE', #2718, 1000.000000000000000 ) ;
#6940 = PLANE ( 'NONE',  #5858 ) ;
#6941 = PLANE ( 'NONE',  #3326 ) ;
#6942 = FILL_AREA_STYLE ('',( #398 ) ) ;
#6943 = VECTOR ( 'NONE', #5645, 1000.000000000000000 ) ;
#6944 = CARTESIAN_POINT ( 'NONE',  ( 7.875000000000000000, 4.250000000000000000, 2.024999999999999911 ) ) ;
#6945 = VECTOR ( 'NONE', #6354, 1000.000000000000000 ) ;
#6946 = VERTEX_POINT ( 'NONE', #6534 ) ;
#6947 = AXIS2_PLACEMENT_3D ( 'NONE', #3161, #3968, #4697 ) ;
#6948 = CARTESIAN_POINT ( 'NONE',  ( -0.7249999999999999778, 1.649999999999999911, -1.025000000000000133 ) ) ;
#6949 =( NAMED_UNIT ( * ) SI_UNIT ( $, .STERADIAN. ) SOLID_ANGLE_UNIT ( ) );
#6950 = LINE ( 'NONE', #1910, #8458 ) ;
#6951 = UNCERTAINTY_MEASURE_WITH_UNIT (LENGTH_MEASURE( 1.000000000000000082E-05 ), #3260, 'distance_accuracy_value', 'NONE');
#6952 = ADVANCED_FACE ( 'NONE', ( #9254 ), #2153, .T. ) ;
#6953 = LINE ( 'NONE', #1176, #4563 ) ;
#6954 = FACE_OUTER_BOUND ( 'NONE', #6537, .T. ) ;
#6955 = EDGE_LOOP ( 'NONE', ( #8374, #4264, #4269, #6415 ) ) ;
#6956 = PRESENTATION_LAYER_ASSIGNMENT (  '', '', ( #9416 ) ) ;
#6957 = LINE ( 'NONE', #8881, #5365 ) ;
#6958 = DIRECTION ( 'NONE',  ( 0.0000000000000000000, -1.000000000000000000, 0.0000000000000000000 ) ) ;
#6959 = CARTESIAN_POINT ( 'NONE',  ( -2.274999999999999911, 4.249999999999998224, -2.075000000000001510 ) ) ;
#6960 = EDGE_CURVE ( 'NONE', #4245, #5427, #5120, .T. ) ;
#6961 = AXIS2_PLACEMENT_3D ( 'NONE', #9136, #3456, #6220 ) ;
#6962 = DIRECTION ( 'NONE',  ( -1.000000000000000000, 0.0000000000000000000, 0.0000000000000000000 ) ) ;
#6963 = VECTOR ( 'NONE', #6462, 1000.000000000000000 ) ;
#6964 = CARTESIAN_POINT ( 'NONE',  ( 7.875000000000000000, 1.949999999999999512, 2.025000000000007017 ) ) ;
#6965 = LINE ( 'NONE', #2, #5025 ) ;
#6966 = PLANE ( 'NONE',  #8540 ) ;
#6967 = DIRECTION ( 'NONE',  ( 0.0000000000000000000, -1.084202172485501673E-15, -1.000000000000000000 ) ) ;
#6968 = PLANE ( 'NONE',  #2274 ) ;
#6969 = DIRECTION ( 'NONE',  ( 0.0000000000000000000, 0.6650335612228979176, -0.7468134723257140450 ) ) ;
#6970 = EDGE_CURVE ( 'NONE', #4842, #1252, #7651, .T. ) ;
#6971 = FACE_OUTER_BOUND ( 'NONE', #7743, .T. ) ;
#6972 = VERTEX_POINT ( 'NONE', #8792 ) ;
#6973 = EDGE_CURVE ( 'NONE', #8262, #9034, #8349, .T. ) ;
#6974 = CARTESIAN_POINT ( 'NONE',  ( -2.875000000000000000, 2.000000000000000000, -1.425000000000000044 ) ) ;
#6975 = VECTOR ( 'NONE', #1980, 1000.000000000000000 ) ;
#6976 = ORIENTED_EDGE ( 'NONE', *, *, #9008, .F. ) ;
#6977 = EDGE_LOOP ( 'NONE', ( #1030, #1853, #6906, #4539 ) ) ;
#6978 = ORIENTED_EDGE ( 'NONE', *, *, #5771, .T. ) ;
#6979 = CARTESIAN_POINT ( 'NONE',  ( -0.5250000000000000222, -0.004464445899999999919, 0.003975566199999999890 ) ) ;
#6980 = EDGE_CURVE ( 'NONE', #9321, #5088, #5241, .T. ) ;
#6981 = VERTEX_POINT ( 'NONE', #8757 ) ;
#6982 = EDGE_CURVE ( 'NONE', #5959, #8141, #5368, .T. ) ;
#6983 = CARTESIAN_POINT ( 'NONE',  ( -0.4249999999999999889, 1.850000000000000089, 2.024999999999999911 ) ) ;
#6984 = CARTESIAN_POINT ( 'NONE',  ( -2.274999999999999911, 3.600000000000000977, -0.07499999999999998335 ) ) ;
#6985 = LINE ( 'NONE', #2603, #1125 ) ;
#6986 = ORIENTED_EDGE ( 'NONE', *, *, #417, .T. ) ;
#6987 = ORIENTED_EDGE ( 'NONE', *, *, #5460, .T. ) ;
#6988 = CARTESIAN_POINT ( 'NONE',  ( 7.275000000000001243, 0.0000000000000000000, 0.0000000000000000000 ) ) ;
#6989 = ORIENTED_EDGE ( 'NONE', *, *, #1669, .F. ) ;
#6990 = EDGE_LOOP ( 'NONE', ( #8391, #1616, #2856, #2089 ) ) ;
#6991 = ADVANCED_FACE ( 'NONE', ( #4444 ), #1315, .T. ) ;
#6992 = DIRECTION ( 'NONE',  ( 0.0000000000000000000, 0.0000000000000000000, 1.000000000000000000 ) ) ;
#6993 = ORIENTED_EDGE ( 'NONE', *, *, #948, .F. ) ;
#6994 = CARTESIAN_POINT ( 'NONE',  ( -2.475000000000000089, 3.599999999999999201, -0.07500000000000128786 ) ) ;
#6995 = FACE_OUTER_BOUND ( 'NONE', #1383, .T. ) ;
#6996 = ORIENTED_EDGE ( 'NONE', *, *, #8341, .F. ) ;
#6997 = CARTESIAN_POINT ( 'NONE',  ( -2.475000000000000089, 3.599999999999999201, -0.07500000000000128786 ) ) ;
#6998 = DIRECTION ( 'NONE',  ( 0.0000000000000000000, -1.000000000000000000, 0.0000000000000000000 ) ) ;
#6999 = EDGE_CURVE ( 'NONE', #8756, #8716, #293, .T. ) ;
#7000 = SURFACE_STYLE_FILL_AREA ( #8132 ) ;
#7001 = ORIENTED_EDGE ( 'NONE', *, *, #839, .T. ) ;
#7002 = VERTEX_POINT ( 'NONE', #8194 ) ;
#7003 = DIRECTION ( 'NONE',  ( 0.0000000000000000000, 1.000000000000000000, 0.0000000000000000000 ) ) ;
#7004 = DIRECTION ( 'NONE',  ( 0.0000000000000000000, 1.000000000000000000, 0.0000000000000000000 ) ) ;
#7005 = ORIENTED_EDGE ( 'NONE', *, *, #5013, .F. ) ;
#7006 = FACE_OUTER_BOUND ( 'NONE', #4715, .T. ) ;
#7007 = DIRECTION ( 'NONE',  ( 0.0000000000000000000, 0.0000000000000000000, -1.000000000000000000 ) ) ;
#7008 = EDGE_LOOP ( 'NONE', ( #2174, #1164, #4531, #5763, #8065, #4331, #8160, #8518, #4685, #8059, #2877, #2044, #2285, #8630, #4440, #4385 ) ) ;
#7009 = ORIENTED_EDGE ( 'NONE', *, *, #3116, .T. ) ;
#7010 = ORIENTED_EDGE ( 'NONE', *, *, #9506, .T. ) ;
#7011 = ORIENTED_EDGE ( 'NONE', *, *, #7472, .F. ) ;
#7012 = EDGE_CURVE ( 'NONE', #607, #8961, #523, .T. ) ;
#7013 = EDGE_LOOP ( 'NONE', ( #2848, #9442, #209, #2745 ) ) ;
#7014 = DIRECTION ( 'NONE',  ( 0.0000000000000000000, 1.000000000000000000, 0.0000000000000000000 ) ) ;
#7015 = VECTOR ( 'NONE', #2437, 1000.000000000000000 ) ;
#7016 = ORIENTED_EDGE ( 'NONE', *, *, #650, .F. ) ;
#7017 = VERTEX_POINT ( 'NONE', #6027 ) ;
#7018 = CARTESIAN_POINT ( 'NONE',  ( 4.275000000000000355, 0.0000000000000000000, 2.024999999999999911 ) ) ;
#7019 = CARTESIAN_POINT ( 'NONE',  ( 2.925000000000000266, 1.850000000000000089, -1.474999999999999867 ) ) ;
#7020 = DIRECTION ( 'NONE',  ( 0.0000000000000000000, 0.0000000000000000000, 1.000000000000000000 ) ) ;
#7021 = CARTESIAN_POINT ( 'NONE',  ( -0.5250000000000000222, -0.6500000000000000222, -2.075000000000000178 ) ) ;
#7022 = ORIENTED_EDGE ( 'NONE', *, *, #7624, .T. ) ;
#7023 = COLOUR_RGB ( '',0.6470588235294117974, 0.6196078431372549211, 0.5882352941176470784 ) ;
#7024 = CARTESIAN_POINT ( 'NONE',  ( 4.275000000000000355, 1.649999999999999911, -1.698606797699999893 ) ) ;
#7025 = EDGE_CURVE ( 'NONE', #503, #6865, #1892, .T. ) ;
#7026 = LINE ( 'NONE', #8394, #4626 ) ;
#7027 = STYLED_ITEM ( 'NONE', ( #8889 ), #1884 ) ;
#7028 = DIRECTION ( 'NONE',  ( 0.0000000000000000000, -1.000000000000000000, 0.0000000000000000000 ) ) ;
#7029 = CARTESIAN_POINT ( 'NONE',  ( 4.474999999999999645, 1.850000000000000089, -1.025000000000000133 ) ) ;
#7030 = ADVANCED_FACE ( 'NONE', ( #7069 ), #3727, .F. ) ;
#7031 = LINE ( 'NONE', #1840, #3135 ) ;
#7032 = DIRECTION ( 'NONE',  ( -1.000000000000000000, 0.0000000000000000000, 0.0000000000000000000 ) ) ;
#7033 = PLANE ( 'NONE',  #647 ) ;
#7034 = EDGE_CURVE ( 'NONE', #3330, #542, #6835, .T. ) ;
#7035 = EDGE_CURVE ( 'NONE', #7851, #151, #9360, .T. ) ;
#7036 = DIRECTION ( 'NONE',  ( -0.0000000000000000000, 0.7468134723257140450, 0.6650335612228979176 ) ) ;
#7037 = ORIENTED_EDGE ( 'NONE', *, *, #95, .F. ) ;
#7038 = LINE ( 'NONE', #9465, #8663 ) ;
#7039 = ORIENTED_EDGE ( 'NONE', *, *, #5290, .F. ) ;
#7040 = LINE ( 'NONE', #4482, #3141 ) ;
#7041 = DIRECTION ( 'NONE',  ( 1.000000000000000000, 0.0000000000000000000, 0.0000000000000000000 ) ) ;
#7042 = FACE_OUTER_BOUND ( 'NONE', #7276, .T. ) ;
#7043 = AXIS2_PLACEMENT_3D ( 'NONE', #6187, #7664, #3265 ) ;
#7044 = PLANE ( 'NONE',  #3421 ) ;
#7045 = ADVANCED_FACE ( 'NONE', ( #6723 ), #2286, .T. ) ;
#7046 = EDGE_LOOP ( 'NONE', ( #1462, #1283, #9484, #9467 ) ) ;
#7047 = LINE ( 'NONE', #297, #6596 ) ;
#7048 = ORIENTED_EDGE ( 'NONE', *, *, #4235, .T. ) ;
#7049 = EDGE_CURVE ( 'NONE', #1142, #4594, #4206, .T. ) ;
#7050 = EDGE_CURVE ( 'NONE', #4853, #5959, #5486, .T. ) ;
#7051 = ORIENTED_EDGE ( 'NONE', *, *, #8345, .T. ) ;
#7052 = VECTOR ( 'NONE', #91, 1000.000000000000000 ) ;
#7053 = LINE ( 'NONE', #9352, #2917 ) ;
#7054 = DIRECTION ( 'NONE',  ( 1.000000000000000000, 0.0000000000000000000, 0.0000000000000000000 ) ) ;
#7055 = CARTESIAN_POINT ( 'NONE',  ( -0.5250000000000000222, 0.05000000000000002359, -1.775000000000000133 ) ) ;
#7056 = LINE ( 'NONE', #5658, #6057 ) ;
#7057 = EDGE_CURVE ( 'NONE', #4143, #6446, #4898, .T. ) ;
#7058 = DIRECTION ( 'NONE',  ( -0.0000000000000000000, 0.7468134723257140450, 0.6650335612228979176 ) ) ;
#7059 = FACE_OUTER_BOUND ( 'NONE', #4276, .T. ) ;
#7060 = DIRECTION ( 'NONE',  ( 0.0000000000000000000, -1.000000000000000000, 0.0000000000000000000 ) ) ;
#7061 = CARTESIAN_POINT ( 'NONE',  ( -2.024999999999999911, 4.250000000000000000, -1.925000000000000044 ) ) ;
#7062 = CARTESIAN_POINT ( 'NONE',  ( 1.775000000000000133, 1.649999999999999911, -1.698606797699999893 ) ) ;
#7063 = CARTESIAN_POINT ( 'NONE',  ( -0.8249999999999999556, 1.649999999999999911, 2.024999999999999911 ) ) ;
#7064 = CARTESIAN_POINT ( 'NONE',  ( 4.474999999999999645, 0.0000000000000000000, 2.024999999999999911 ) ) ;
#7065 = VERTEX_POINT ( 'NONE', #754 ) ;
#7066 = LINE ( 'NONE', #810, #6728 ) ;
#7067 = UNCERTAINTY_MEASURE_WITH_UNIT (LENGTH_MEASURE( 1.000000000000000082E-05 ), #1061, 'distance_accuracy_value', 'NONE');
#7068 = CARTESIAN_POINT ( 'NONE',  ( 1.975000000000000089, 0.0000000000000000000, -1.525000000000000133 ) ) ;
#7069 = FACE_OUTER_BOUND ( 'NONE', #4129, .T. ) ;
#7070 =( GEOMETRIC_REPRESENTATION_CONTEXT ( 3 ) GLOBAL_UNCERTAINTY_ASSIGNED_CONTEXT ( ( #8791 ) ) GLOBAL_UNIT_ASSIGNED_CONTEXT ( ( #6647, #4517, #3056 ) ) REPRESENTATION_CONTEXT ( 'NONE', 'WORKASPACE' ) );
#7071 = LINE ( 'NONE', #7366, #6620 ) ;
#7072 = CARTESIAN_POINT ( 'NONE',  ( -2.274999999999999911, 8.673617379884035472E-15, -0.2250000000000008105 ) ) ;
#7073 = FACE_OUTER_BOUND ( 'NONE', #7876, .T. ) ;
#7074 = LINE ( 'NONE', #408, #2473 ) ;
#7075 = EDGE_LOOP ( 'NONE', ( #9104, #3561, #6308, #7810 ) ) ;
#7076 = CARTESIAN_POINT ( 'NONE',  ( -2.274999999999999911, 2.000000000000000000, -2.024999999999999911 ) ) ;
#7077 = VECTOR ( 'NONE', #6641, 1000.000000000000000 ) ;
#7078 = VECTOR ( 'NONE', #2038, 1000.000000000000000 ) ;
#7079 = CARTESIAN_POINT ( 'NONE',  ( 3.324999999999999734, 1.649999999999999911, -1.025000000000000133 ) ) ;
#7080 = CARTESIAN_POINT ( 'NONE',  ( -0.5250000000000000222, 0.5000000000000000000, 0.0000000000000000000 ) ) ;
#7081 = AXIS2_PLACEMENT_3D ( 'NONE', #6341, #9498, #8481 ) ;
#7082 = CARTESIAN_POINT ( 'NONE',  ( 3.225000000000000089, 1.000000000000000000, 0.0000000000000000000 ) ) ;
#7083 = ORIENTED_EDGE ( 'NONE', *, *, #2192, .F. ) ;
#7084 = ADVANCED_FACE ( 'NONE', ( #8574 ), #8223, .F. ) ;
#7085 = DIRECTION ( 'NONE',  ( 0.0000000000000000000, 1.000000000000000000, 0.0000000000000000000 ) ) ;
#7086 = EDGE_LOOP ( 'NONE', ( #9337, #6832, #6535, #3150 ) ) ;
#7087 = CARTESIAN_POINT ( 'NONE',  ( 4.275000000000000355, 1.649999999999999911, 2.024999999999999911 ) ) ;
#7088 = SURFACE_SIDE_STYLE ('',( #8144 ) ) ;
#7089 = ORIENTED_EDGE ( 'NONE', *, *, #344, .F. ) ;
#7090 = CARTESIAN_POINT ( 'NONE',  ( 0.8249999999999999556, 1.649999999999999911, 2.024999999999999911 ) ) ;
#7091 = VERTEX_POINT ( 'NONE', #8122 ) ;
#7092 = DIRECTION ( 'NONE',  ( 0.0000000000000000000, 0.0000000000000000000, -1.000000000000000000 ) ) ;
#7093 = ORIENTED_EDGE ( 'NONE', *, *, #1271, .F. ) ;
#7094 = LINE ( 'NONE', #6255, #7332 ) ;
#7095 = EDGE_LOOP ( 'NONE', ( #1335, #8295, #3854, #4713, #5507, #182, #1481, #8940, #6248, #7562, #5306, #4616, #8976, #8196, #5802, #2699, #3442, #7640, #5788, #458, #3492, #4239, #517, #6872, #9101, #4357, #5928, #3794, #8873, #6889, #3928, #1709, #6488, #1136, #7730, #472, #8883, #8381, #8972, #7557, #4483, #5677, #6064, #5800, #9408, #7339, #6512, #1657, #9392, #5281, #1498, #2965, #5668, #5081, #2471, #338 ) ) ;
#7096 = EDGE_CURVE ( 'NONE', #4395, #4853, #3051, .T. ) ;
#7097 = ORIENTED_EDGE ( 'NONE', *, *, #6038, .T. ) ;
#7098 = DIRECTION ( 'NONE',  ( -1.000000000000000000, 0.0000000000000000000, 0.0000000000000000000 ) ) ;
#7099 = ORIENTED_EDGE ( 'NONE', *, *, #3298, .F. ) ;
#7100 = VECTOR ( 'NONE', #6853, 1000.000000000000000 ) ;
#7101 = VERTEX_POINT ( 'NONE', #3066 ) ;
#7102 = DIRECTION ( 'NONE',  ( -0.0000000000000000000, 1.000000000000000000, -0.0000000000000000000 ) ) ;
#7103 = ORIENTED_EDGE ( 'NONE', *, *, #5029, .F. ) ;
#7104 = ADVANCED_FACE ( 'NONE', ( #746 ), #6661, .F. ) ;
#7105 = DIRECTION ( 'NONE',  ( 0.0000000000000000000, -0.8660254037883289291, -0.4999999999932619454 ) ) ;
#7106 = EDGE_CURVE ( 'NONE', #260, #8756, #2242, .T. ) ;
#7107 = AXIS2_PLACEMENT_3D ( 'NONE', #1181, #5036, #736 ) ;
#7108 = EDGE_CURVE ( 'NONE', #3089, #205, #7874, .T. ) ;
#7109 = DIRECTION ( 'NONE',  ( 0.0000000000000000000, -0.0000000000000000000, -1.000000000000000000 ) ) ;
#7110 = DIRECTION ( 'NONE',  ( 0.0000000000000000000, 0.0000000000000000000, 1.000000000000000000 ) ) ;
#7111 = ORIENTED_EDGE ( 'NONE', *, *, #2599, .T. ) ;
#7112 = VECTOR ( 'NONE', #350, 1000.000000000000000 ) ;
#7113 = LINE ( 'NONE', #3401, #4033 ) ;
#7114 = ORIENTED_EDGE ( 'NONE', *, *, #6855, .T. ) ;
#7115 =( LENGTH_UNIT ( ) NAMED_UNIT ( * ) SI_UNIT ( .MILLI., .METRE. ) );
#7116 = VERTEX_POINT ( 'NONE', #3133 ) ;
#7117 = ORIENTED_EDGE ( 'NONE', *, *, #6671, .T. ) ;
#7118 = CARTESIAN_POINT ( 'NONE',  ( -2.475000000000000089, 1.999999999999997780, -2.075000000000008615 ) ) ;
#7119 = ADVANCED_FACE ( 'NONE', ( #8461 ), #2500, .F. ) ;
#7120 = AXIS2_PLACEMENT_3D ( 'NONE', #4019, #2618, #317 ) ;
#7121 = CARTESIAN_POINT ( 'NONE',  ( 7.500000000000001776, 4.240000000000000213, -0.07499999999999998335 ) ) ;
#7122 = ORIENTED_EDGE ( 'NONE', *, *, #9506, .F. ) ;
#7123 = FACE_OUTER_BOUND ( 'NONE', #3100, .T. ) ;
#7124 = CARTESIAN_POINT ( 'NONE',  ( 0.7250000000000000888, 1.850000000000000089, 2.024999999999999911 ) ) ;
#7125 = LINE ( 'NONE', #5375, #2873 ) ;
#7126 = EDGE_LOOP ( 'NONE', ( #7228, #1946, #2705, #701 ) ) ;
#7127 = CARTESIAN_POINT ( 'NONE',  ( -1.875000000000000000, 0.5000000000000000000, -1.474999999999999867 ) ) ;
#7128 = EDGE_LOOP ( 'NONE', ( #5620, #2335, #6650, #2063, #9378, #3037 ) ) ;
#7129 = ORIENTED_EDGE ( 'NONE', *, *, #7801, .F. ) ;
#7130 = CARTESIAN_POINT ( 'NONE',  ( 0.5150000000000000133, 1.000000000000000000, -1.525000000000000133 ) ) ;
#7131 = EDGE_LOOP ( 'NONE', ( #7331, #7266, #4658, #8203 ) ) ;
#7132 = AXIS2_PLACEMENT_3D ( 'NONE', #6280, #2499, #3257 ) ;
#7133 = ORIENTED_EDGE ( 'NONE', *, *, #5232, .F. ) ;
#7134 = DIRECTION ( 'NONE',  ( 0.0000000000000000000, 0.0000000000000000000, 1.000000000000000000 ) ) ;
#7135 = SURFACE_STYLE_FILL_AREA ( #506 ) ;
#7136 = EDGE_CURVE ( 'NONE', #2191, #6061, #5925, .T. ) ;
#7137 = PLANE ( 'NONE',  #4328 ) ;
#7138 = AXIS2_PLACEMENT_3D ( 'NONE', #6160, #2360, #6751 ) ;
#7139 = EDGE_LOOP ( 'NONE', ( #2190, #5855, #9074, #1120 ) ) ;
#7140 = SURFACE_SIDE_STYLE ('',( #7377 ) ) ;
#7141 = LINE ( 'NONE', #2163, #1284 ) ;
#7142 = LINE ( 'NONE', #1518, #8994 ) ;
#7143 = DIRECTION ( 'NONE',  ( 0.0000000000000000000, -1.000000000000000000, 0.0000000000000000000 ) ) ;
#7144 = ORIENTED_EDGE ( 'NONE', *, *, #8027, .T. ) ;
#7145 = CARTESIAN_POINT ( 'NONE',  ( 1.774999999999999911, -0.6500000000000000222, -2.075000000000000178 ) ) ;
#7146 = PLANE ( 'NONE',  #832 ) ;
#7147 = ORIENTED_EDGE ( 'NONE', *, *, #9311, .T. ) ;
#7148 = CARTESIAN_POINT ( 'NONE',  ( -2.274999999999999911, 2.000000000000000000, -2.024999999999999911 ) ) ;
#7149 = EDGE_CURVE ( 'NONE', #1760, #2416, #2461, .T. ) ;
#7150 = CARTESIAN_POINT ( 'NONE',  ( -1.375000000000000000, 3.149999999999999911, 2.024999999999999911 ) ) ;
#7151 = ADVANCED_FACE ( 'NONE', ( #512 ), #983, .T. ) ;
#7152 = DIRECTION ( 'NONE',  ( -0.0000000000000000000, -2.148487149506095815E-16, -1.000000000000000000 ) ) ;
#7153 = ORIENTED_EDGE ( 'NONE', *, *, #2374, .T. ) ;
#7154 = CARTESIAN_POINT ( 'NONE',  ( 4.264999999999999680, 1.649999999999999911, -1.025000000000000133 ) ) ;
#7155 = LINE ( 'NONE', #3012, #3270 ) ;
#7156 = AXIS2_PLACEMENT_3D ( 'NONE', #2231, #8865, #1564 ) ;
#7157 = DIRECTION ( 'NONE',  ( -0.0000000000000000000, 0.7468134723257140450, 0.6650335612228979176 ) ) ;
#7158 = DIRECTION ( 'NONE',  ( -1.000000000000000000, 0.0000000000000000000, 0.0000000000000000000 ) ) ;
#7159 = LINE ( 'NONE', #4246, #5807 ) ;
#7160 = EDGE_CURVE ( 'NONE', #5853, #5557, #1993, .T. ) ;
#7161 = ADVANCED_FACE ( 'NONE', ( #5359 ), #2446, .T. ) ;
#7162 = CARTESIAN_POINT ( 'NONE',  ( 7.500000000000001776, 4.009511388567677415, -0.07499999999999998335 ) ) ;
#7163 = EDGE_CURVE ( 'NONE', #5847, #6528, #6500, .T. ) ;
#7164 = LINE ( 'NONE', #494, #1075 ) ;
#7165 =( LENGTH_UNIT ( ) NAMED_UNIT ( * ) SI_UNIT ( .MILLI., .METRE. ) );
#7166 = ORIENTED_EDGE ( 'NONE', *, *, #7719, .T. ) ;
#7167 = FACE_OUTER_BOUND ( 'NONE', #8595, .T. ) ;
#7168 = DIRECTION ( 'NONE',  ( 0.0000000000000000000, 0.0000000000000000000, 1.000000000000000000 ) ) ;
#7169 = LINE ( 'NONE', #5869, #755 ) ;
#7170 = VECTOR ( 'NONE', #6302, 1000.000000000000000 ) ;
#7171 = VECTOR ( 'NONE', #8080, 1000.000000000000000 ) ;
#7172 = AXIS2_PLACEMENT_3D ( 'NONE', #2175, #6560, #5923 ) ;
#7173 = LINE ( 'NONE', #4690, #7656 ) ;
#7174 = EDGE_CURVE ( 'NONE', #5659, #1689, #6608, .T. ) ;
#7175 = CARTESIAN_POINT ( 'NONE',  ( 4.274999999999999467, -0.6500000000000000222, -1.775000000000000133 ) ) ;
#7176 = LINE ( 'NONE', #4006, #1653 ) ;
#7177 = FILL_AREA_STYLE_COLOUR ( '', #596 ) ;
#7178 = PLANE ( 'NONE',  #5404 ) ;
#7179 = UNCERTAINTY_MEASURE_WITH_UNIT (LENGTH_MEASURE( 1.000000000000000082E-05 ), #5270, 'distance_accuracy_value', 'NONE');
#7180 = CARTESIAN_POINT ( 'NONE',  ( 0.7250000000000000888, 1.649999999999999911, -1.025000000000000133 ) ) ;
#7181 = SURFACE_STYLE_USAGE ( .BOTH. , #7088 ) ;
#7182 = CARTESIAN_POINT ( 'NONE',  ( 1.775000000000000133, 1.795247431900000024, 2.024999999999999911 ) ) ;
#7183 = CARTESIAN_POINT ( 'NONE',  ( 1.984999999999999876, 0.0000000000000000000, -1.474999999999999867 ) ) ;
#7184 = VECTOR ( 'NONE', #7929, 1000.000000000000000 ) ;
#7185 = FILL_AREA_STYLE_COLOUR ( '', #4309 ) ;
#7186 = MECHANICAL_DESIGN_GEOMETRIC_PRESENTATION_REPRESENTATION (  '', ( #3768 ), #2893 ) ;
#7187 = FACE_OUTER_BOUND ( 'NONE', #7447, .T. ) ;
#7188 = AXIS2_PLACEMENT_3D ( 'NONE', #3653, #2046, #6525 ) ;
#7189 = SURFACE_SIDE_STYLE ('',( #2834 ) ) ;
#7190 = EDGE_CURVE ( 'NONE', #8070, #2730, #864, .T. ) ;
#7191 = CARTESIAN_POINT ( 'NONE',  ( 6.875000000000000888, 0.5000000000000000000, -1.474999999999999867 ) ) ;
#7192 = CARTESIAN_POINT ( 'NONE',  ( 5.724999999999999645, -0.6500000000000000222, -2.075000000000000178 ) ) ;
#7193 = DIRECTION ( 'NONE',  ( 0.0000000000000000000, 0.0000000000000000000, 1.000000000000000000 ) ) ;
#7194 = CARTESIAN_POINT ( 'NONE',  ( 7.275000000000001243, 1.950000000000002176, 1.375000000000006883 ) ) ;
#7195 = COLOUR_RGB ( '',0.6470588235294117974, 0.6196078431372549211, 0.5882352941176470784 ) ;
#7196 = CARTESIAN_POINT ( 'NONE',  ( 7.275000000000001243, 3.599999999999999201, -0.07500000000000128786 ) ) ;
#7197 = ORIENTED_EDGE ( 'NONE', *, *, #9016, .T. ) ;
#7198 = ORIENTED_EDGE ( 'NONE', *, *, #5754, .T. ) ;
#7199 = EDGE_CURVE ( 'NONE', #9384, #2404, #4316, .T. ) ;
#7200 = CARTESIAN_POINT ( 'NONE',  ( -0.5250000000000000222, 0.0000000000000000000, -1.525000000000000133 ) ) ;
#7201 = VECTOR ( 'NONE', #2895, 1000.000000000000000 ) ;
#7202 = PRESENTATION_LAYER_ASSIGNMENT (  '', '', ( #1338 ) ) ;
#7203 = ORIENTED_EDGE ( 'NONE', *, *, #6361, .T. ) ;
#7204 = EDGE_LOOP ( 'NONE', ( #3791, #6706, #7764, #8039 ) ) ;
#7205 = CARTESIAN_POINT ( 'NONE',  ( 5.725000000000000533, 1.000000000000000000, -1.525000000000000133 ) ) ;
#7206 = EDGE_CURVE ( 'NONE', #8317, #2980, #3633, .T. ) ;
#7207 = ORIENTED_EDGE ( 'NONE', *, *, #283, .T. ) ;
#7208 = DIRECTION ( 'NONE',  ( 0.0000000000000000000, 0.7468134723257140450, -0.6650335612228979176 ) ) ;
#7209 = CARTESIAN_POINT ( 'NONE',  ( -2.274999999999999911, 0.6000000000000024203, 1.375000000000002442 ) ) ;
#7210 = CARTESIAN_POINT ( 'NONE',  ( 3.234999999999999876, 1.850000000000000089, -1.025000000000000133 ) ) ;
#7211 = PLANE ( 'NONE',  #1326 ) ;
#7212 = ORIENTED_EDGE ( 'NONE', *, *, #6389, .F. ) ;
#7213 = SURFACE_SIDE_STYLE ('',( #2444 ) ) ;
#7214 = DIRECTION ( 'NONE',  ( 0.0000000000000000000, 0.0000000000000000000, -1.000000000000000000 ) ) ;
#7215 = VECTOR ( 'NONE', #3837, 1000.000000000000000 ) ;
#7216 = CARTESIAN_POINT ( 'NONE',  ( 4.474999999999999645, 0.5000000000000000000, 2.024999999999999911 ) ) ;
#7217 = DIRECTION ( 'NONE',  ( -1.000000000000000000, 0.0000000000000000000, 0.0000000000000000000 ) ) ;
#7218 = ORIENTED_EDGE ( 'NONE', *, *, #4344, .T. ) ;
#7219 = CARTESIAN_POINT ( 'NONE',  ( 0.4249999999999999889, 1.850000000000000089, -1.698606797699999893 ) ) ;
#7220 = ORIENTED_EDGE ( 'NONE', *, *, #5589, .T. ) ;
#7221 = CARTESIAN_POINT ( 'NONE',  ( 6.175000000000000711, 1.850000000000000089, -1.474999999999999867 ) ) ;
#7222 = AXIS2_PLACEMENT_3D ( 'NONE', #2604, #4043, #1096 ) ;
#7223 = FILL_AREA_STYLE ('',( #1397 ) ) ;
#7224 = DIRECTION ( 'NONE',  ( -1.000000000000000000, 0.0000000000000000000, 0.0000000000000000000 ) ) ;
#7225 = ORIENTED_EDGE ( 'NONE', *, *, #1376, .T. ) ;
#7226 = EDGE_CURVE ( 'NONE', #6061, #6427, #5110, .T. ) ;
#7227 = DIRECTION ( 'NONE',  ( 0.0000000000000000000, 1.000000000000000000, 0.0000000000000000000 ) ) ;
#7228 = ORIENTED_EDGE ( 'NONE', *, *, #4101, .T. ) ;
#7229 = EDGE_CURVE ( 'NONE', #3934, #6531, #1191, .T. ) ;
#7230 = FACE_OUTER_BOUND ( 'NONE', #3614, .T. ) ;
#7231 = DIRECTION ( 'NONE',  ( -1.000000000000000000, -0.0000000000000000000, -0.0000000000000000000 ) ) ;
#7232 = PLANE ( 'NONE',  #6243 ) ;
#7233 = VECTOR ( 'NONE', #6639, 1000.000000000000000 ) ;
#7234 = ORIENTED_EDGE ( 'NONE', *, *, #3676, .F. ) ;
#7235 = VERTEX_POINT ( 'NONE', #5463 ) ;
#7236 = DIRECTION ( 'NONE',  ( 1.000000000000000000, 0.0000000000000000000, 0.0000000000000000000 ) ) ;
#7237 = DIRECTION ( 'NONE',  ( -1.000000000000000000, 0.0000000000000000000, 0.0000000000000000000 ) ) ;
#7238 = SURFACE_SIDE_STYLE ('',( #9450 ) ) ;
#7239 = ORIENTED_EDGE ( 'NONE', *, *, #881, .F. ) ;
#7240 = VECTOR ( 'NONE', #4762, 1000.000000000000000 ) ;
#7241 = EDGE_CURVE ( 'NONE', #8317, #5988, #8798, .T. ) ;
#7242 = PRESENTATION_STYLE_ASSIGNMENT (( #5627 ) ) ;
#7243 = VERTEX_POINT ( 'NONE', #4637 ) ;
#7244 = UNCERTAINTY_MEASURE_WITH_UNIT (LENGTH_MEASURE( 1.000000000000000082E-05 ), #7165, 'distance_accuracy_value', 'NONE');
#7245 = ORIENTED_EDGE ( 'NONE', *, *, #9436, .F. ) ;
#7246 = VERTEX_POINT ( 'NONE', #8313 ) ;
#7247 = ORIENTED_EDGE ( 'NONE', *, *, #6146, .T. ) ;
#7248 = ORIENTED_EDGE ( 'NONE', *, *, #6515, .F. ) ;
#7249 = CARTESIAN_POINT ( 'NONE',  ( -1.875000000000000000, 3.149999999999999911, 0.02500000000000000139 ) ) ;
#7250 = VECTOR ( 'NONE', #9071, 1000.000000000000000 ) ;
#7251 = CARTESIAN_POINT ( 'NONE',  ( 7.375000000000001776, 3.750000000000000000, 2.024999999999999911 ) ) ;
#7252 = VECTOR ( 'NONE', #2928, 1000.000000000000000 ) ;
#7253 = ORIENTED_EDGE ( 'NONE', *, *, #1041, .F. ) ;
#7254 = VERTEX_POINT ( 'NONE', #4669 ) ;
#7255 = VERTEX_POINT ( 'NONE', #1680 ) ;
#7256 = CARTESIAN_POINT ( 'NONE',  ( 4.575000000000000178, 1.850000000000000089, 2.024999999999999911 ) ) ;
#7257 = PLANE ( 'NONE',  #5035 ) ;
#7258 =( GEOMETRIC_REPRESENTATION_CONTEXT ( 3 ) GLOBAL_UNCERTAINTY_ASSIGNED_CONTEXT ( ( #2652 ) ) GLOBAL_UNIT_ASSIGNED_CONTEXT ( ( #4205, #1200, #8597 ) ) REPRESENTATION_CONTEXT ( 'NONE', 'WORKASPACE' ) );
#7259 = ORIENTED_EDGE ( 'NONE', *, *, #7533, .T. ) ;
#7260 = CARTESIAN_POINT ( 'NONE',  ( 3.225000000000000089, -0.6500000000000000222, -1.775000000000000133 ) ) ;
#7261 = DIRECTION ( 'NONE',  ( 1.000000000000000000, 0.0000000000000000000, 0.0000000000000000000 ) ) ;
#7262 = LINE ( 'NONE', #3208, #5328 ) ;
#7263 = DIRECTION ( 'NONE',  ( 0.0000000000000000000, -1.000000000000000000, 0.0000000000000000000 ) ) ;
#7264 = ORIENTED_EDGE ( 'NONE', *, *, #8020, .F. ) ;
#7265 = AXIS2_PLACEMENT_3D ( 'NONE', #2553, #4092, #4683 ) ;
#7266 = ORIENTED_EDGE ( 'NONE', *, *, #2774, .T. ) ;
#7267 = CARTESIAN_POINT ( 'NONE',  ( 3.024999999999999911, 0.0000000000000000000, 2.024999999999999911 ) ) ;
#7268 = LINE ( 'NONE', #215, #4632 ) ;
#7269 = ADVANCED_FACE ( 'NONE', ( #1881 ), #6125, .F. ) ;
#7270 = VECTOR ( 'NONE', #1846, 1000.000000000000000 ) ;
#7271 = VECTOR ( 'NONE', #8002, 1000.000000000000000 ) ;
#7272 = MECHANICAL_DESIGN_GEOMETRIC_PRESENTATION_REPRESENTATION (  '', ( #8760 ), #7589 ) ;
#7273 = ORIENTED_EDGE ( 'NONE', *, *, #6022, .T. ) ;
#7274 = DIRECTION ( 'NONE',  ( 0.0000000000000000000, 0.0000000000000000000, 1.000000000000000000 ) ) ;
#7275 = VECTOR ( 'NONE', #642, 1000.000000000000000 ) ;
#7276 = EDGE_LOOP ( 'NONE', ( #1262, #6324, #3533, #1955 ) ) ;
#7277 = ADVANCED_FACE ( 'NONE', ( #8112, #9025, #7059, #1636 ), #6913, .F. ) ;
#7278 = EDGE_LOOP ( 'NONE', ( #3742, #9517, #1713, #6993 ) ) ;
#7279 = LINE ( 'NONE', #2704, #1514 ) ;
#7280 = ADVANCED_FACE ( 'NONE', ( #7642 ), #1822, .T. ) ;
#7281 = DIRECTION ( 'NONE',  ( 0.0000000000000000000, -0.3162277660168379412, 0.9486832980505138790 ) ) ;
#7282 = EDGE_CURVE ( 'NONE', #7564, #945, #2690, .T. ) ;
#7283 = DIRECTION ( 'NONE',  ( -1.000000000000000000, -0.0000000000000000000, -0.0000000000000000000 ) ) ;
#7284 = FILL_AREA_STYLE ('',( #4957 ) ) ;
#7285 = CARTESIAN_POINT ( 'NONE',  ( 3.015000000000000124, 0.0000000000000000000, -1.474999999999999867 ) ) ;
#7286 = VECTOR ( 'NONE', #8742, 1000.000000000000000 ) ;
#7287 = ORIENTED_EDGE ( 'NONE', *, *, #2071, .F. ) ;
#7288 = EDGE_CURVE ( 'NONE', #7254, #7483, #5697, .T. ) ;
#7289 = CARTESIAN_POINT ( 'NONE',  ( 4.125000000000000000, 1.000000000000000000, -1.525000000000000133 ) ) ;
#7290 = LINE ( 'NONE', #8268, #3973 ) ;
#7291 = VECTOR ( 'NONE', #5326, 1000.000000000000000 ) ;
#7292 = DIRECTION ( 'NONE',  ( 0.0000000000000000000, -1.000000000000000000, 0.0000000000000000000 ) ) ;
#7293 = LINE ( 'NONE', #1121, #4655 ) ;
#7294 = VERTEX_POINT ( 'NONE', #3417 ) ;
#7295 = VECTOR ( 'NONE', #7457, 1000.000000000000000 ) ;
#7296 = CARTESIAN_POINT ( 'NONE',  ( 6.375000000000000888, 3.149999999999999911, -2.024999999999999911 ) ) ;
#7297 = EDGE_CURVE ( 'NONE', #6088, #6576, #4554, .T. ) ;
#7298 = ADVANCED_FACE ( 'NONE', ( #410 ), #6351, .T. ) ;
#7299 = DIRECTION ( 'NONE',  ( 1.000000000000000000, 0.0000000000000000000, 0.0000000000000000000 ) ) ;
#7300 = STYLED_ITEM ( 'NONE', ( #4142 ), #9340 ) ;
#7301 = EDGE_CURVE ( 'NONE', #2449, #2036, #9242, .T. ) ;
#7302 = VECTOR ( 'NONE', #3590, 1000.000000000000000 ) ;
#7303 = FACE_OUTER_BOUND ( 'NONE', #3684, .T. ) ;
#7304 = LINE ( 'NONE', #771, #5122 ) ;
#7305 = EDGE_LOOP ( 'NONE', ( #8730, #2741, #7762, #6680, #8056, #9522 ) ) ;
#7306 = MANIFOLD_SOLID_BREP ( 'Body-Move/Copy2[3]', #6094 ) ;
#7307 = PLANE ( 'NONE',  #1318 ) ;
#7308 = VERTEX_POINT ( 'NONE', #4130 ) ;
#7309 = CARTESIAN_POINT ( 'NONE',  ( 0.8249999999999999556, 1.649999999999999911, -1.698606797699999893 ) ) ;
#7310 = VECTOR ( 'NONE', #2777, 1000.000000000000000 ) ;
#7311 = DIRECTION ( 'NONE',  ( 1.000000000000000000, 0.0000000000000000000, 0.0000000000000000000 ) ) ;
#7312 = CARTESIAN_POINT ( 'NONE',  ( 5.525000000000000355, 0.0000000000000000000, 0.0000000000000000000 ) ) ;
#7313 = ADVANCED_FACE ( 'NONE', ( #2357 ), #9250, .T. ) ;
#7314 = VECTOR ( 'NONE', #1867, 1000.000000000000000 ) ;
#7315 = DIRECTION ( 'NONE',  ( 0.0000000000000000000, -1.000000000000000000, 0.0000000000000000000 ) ) ;
#7316 = PLANE ( 'NONE',  #5632 ) ;
#7317 = CARTESIAN_POINT ( 'NONE',  ( -2.274999999999999911, 0.6000000000000076383, -0.2249999999999982014 ) ) ;
#7318 = CARTESIAN_POINT ( 'NONE',  ( -0.3750000000000000000, 2.750000000000000000, -0.4749999999999999778 ) ) ;
#7319 = ORIENTED_EDGE ( 'NONE', *, *, #7456, .F. ) ;
#7320 = CARTESIAN_POINT ( 'NONE',  ( 3.225000000000000089, 0.5000000000000000000, -1.525000000000000133 ) ) ;
#7321 =( GEOMETRIC_REPRESENTATION_CONTEXT ( 3 ) GLOBAL_UNCERTAINTY_ASSIGNED_CONTEXT ( ( #7067 ) ) GLOBAL_UNIT_ASSIGNED_CONTEXT ( ( #1061, #6879, #6949 ) ) REPRESENTATION_CONTEXT ( 'NONE', 'WORKASPACE' ) );
#7322 = VECTOR ( 'NONE', #1949, 1000.000000000000000 ) ;
#7323 = CARTESIAN_POINT ( 'NONE',  ( 6.175000000000000711, 1.850000000000000089, -1.474999999999999867 ) ) ;
#7324 = ORIENTED_EDGE ( 'NONE', *, *, #5052, .T. ) ;
#7325 = EDGE_CURVE ( 'NONE', #7860, #8617, #4091, .T. ) ;
#7326 = DIRECTION ( 'NONE',  ( -1.000000000000000000, 0.0000000000000000000, -0.0000000000000000000 ) ) ;
#7327 = ORIENTED_EDGE ( 'NONE', *, *, #3989, .F. ) ;
#7328 = ADVANCED_FACE ( 'NONE', ( #1524 ), #7758, .F. ) ;
#7329 = CARTESIAN_POINT ( 'NONE',  ( 5.525000000000000355, 1.350000000000000089, 1.525000000000000133 ) ) ;
#7330 = ORIENTED_EDGE ( 'NONE', *, *, #2418, .T. ) ;
#7331 = ORIENTED_EDGE ( 'NONE', *, *, #3306, .T. ) ;
#7332 = VECTOR ( 'NONE', #6315, 1000.000000000000000 ) ;
#7333 = CARTESIAN_POINT ( 'NONE',  ( 3.225000000000000089, -0.6500000000000000222, -2.075000000000000178 ) ) ;
#7334 = ORIENTED_EDGE ( 'NONE', *, *, #7301, .T. ) ;
#7335 = ORIENTED_EDGE ( 'NONE', *, *, #3814, .T. ) ;
#7336 = LINE ( 'NONE', #7667, #6318 ) ;
#7337 = ORIENTED_EDGE ( 'NONE', *, *, #483, .T. ) ;
#7338 = EDGE_CURVE ( 'NONE', #4768, #3081, #9475, .T. ) ;
#7339 = ORIENTED_EDGE ( 'NONE', *, *, #2795, .T. ) ;
#7340 = VECTOR ( 'NONE', #3952, 1000.000000000000000 ) ;
#7341 = CARTESIAN_POINT ( 'NONE',  ( 4.474999999999999645, 1.850000000000000089, 2.024999999999999911 ) ) ;
#7342 = VERTEX_POINT ( 'NONE', #4105 ) ;
#7343 = EDGE_CURVE ( 'NONE', #8496, #2402, #8908, .T. ) ;
#7344 = FILL_AREA_STYLE_COLOUR ( '', #221 ) ;
#7345 = VECTOR ( 'NONE', #1605, 1000.000000000000000 ) ;
#7346 = ORIENTED_EDGE ( 'NONE', *, *, #7456, .T. ) ;
#7347 = DIRECTION ( 'NONE',  ( -1.000000000000000000, 0.0000000000000000000, 0.0000000000000000000 ) ) ;
#7348 = ADVANCED_FACE ( 'NONE', ( #3497 ), #614, .T. ) ;
#7349 = CARTESIAN_POINT ( 'NONE',  ( 3.225000000000000089, 0.5000000000000000000, 0.0000000000000000000 ) ) ;
#7350 = DIRECTION ( 'NONE',  ( 1.000000000000000000, 0.0000000000000000000, -0.0000000000000000000 ) ) ;
#7351 = EDGE_LOOP ( 'NONE', ( #6782, #4409, #1132, #3353 ) ) ;
#7352 = DIRECTION ( 'NONE',  ( -1.000000000000000000, -0.0000000000000000000, -0.0000000000000000000 ) ) ;
#7353 = CARTESIAN_POINT ( 'NONE',  ( 4.474999999999999645, 0.3499999999999999778, -2.075000000000000178 ) ) ;
#7354 = COLOUR_RGB ( '',1.000000000000000000, 1.000000000000000000, 1.000000000000000000 ) ;
#7355 = DIRECTION ( 'NONE',  ( 0.0000000000000000000, 0.6650335612228979176, -0.7468134723257140450 ) ) ;
#7356 = VECTOR ( 'NONE', #8762, 1000.000000000000000 ) ;
#7357 = VERTEX_POINT ( 'NONE', #5517 ) ;
#7358 = VERTEX_POINT ( 'NONE', #3475 ) ;
#7359 = EDGE_CURVE ( 'NONE', #3905, #2747, #2350, .T. ) ;
#7360 = ORIENTED_EDGE ( 'NONE', *, *, #273, .F. ) ;
#7361 = CARTESIAN_POINT ( 'NONE',  ( 5.525000000000000355, 0.3500000000000000333, -2.024999999999999911 ) ) ;
#7362 = EDGE_CURVE ( 'NONE', #6079, #7342, #2104, .T. ) ;
#7363 = DIRECTION ( 'NONE',  ( 1.000000000000000000, 0.0000000000000000000, 0.0000000000000000000 ) ) ;
#7364 = ORIENTED_EDGE ( 'NONE', *, *, #7725, .F. ) ;
#7365 = LINE ( 'NONE', #5332, #4613 ) ;
#7366 = CARTESIAN_POINT ( 'NONE',  ( 0.5250000000000000222, 1.649999999999999911, -1.698606797699999893 ) ) ;
#7367 = CARTESIAN_POINT ( 'NONE',  ( -2.475000000000000089, 3.599999999999999201, -0.07500000000000128786 ) ) ;
#7368 = LINE ( 'NONE', #8378, #7479 ) ;
#7369 = VERTEX_POINT ( 'NONE', #6435 ) ;
#7370 = ADVANCED_FACE ( 'NONE', ( #3851 ), #4165, .T. ) ;
#7371 = EDGE_LOOP ( 'NONE', ( #390, #4794, #4503, #5756 ) ) ;
#7372 = ORIENTED_EDGE ( 'NONE', *, *, #3356, .F. ) ;
#7373 = PRESENTATION_LAYER_ASSIGNMENT (  '', '', ( #6513 ) ) ;
#7374 = ORIENTED_EDGE ( 'NONE', *, *, #6829, .T. ) ;
#7375 = EDGE_CURVE ( 'NONE', #2416, #509, #9353, .T. ) ;
#7376 = CARTESIAN_POINT ( 'NONE',  ( 5.825000000000001066, 1.850000000000000089, -1.474999999999999867 ) ) ;
#7377 = SURFACE_STYLE_FILL_AREA ( #3490 ) ;
#7378 = ADVANCED_FACE ( 'NONE', ( #3625 ), #1214, .F. ) ;
#7379 = DIRECTION ( 'NONE',  ( -1.000000000000000000, 0.0000000000000000000, 0.0000000000000000000 ) ) ;
#7380 = CARTESIAN_POINT ( 'NONE',  ( 1.984999999999999876, 1.850000000000000089, -1.025000000000000133 ) ) ;
#7381 = ORIENTED_EDGE ( 'NONE', *, *, #6076, .F. ) ;
#7382 = DIRECTION ( 'NONE',  ( -0.0000000000000000000, 1.000000000000000000, 0.0000000000000000000 ) ) ;
#7383 = DIRECTION ( 'NONE',  ( 0.0000000000000000000, 0.0000000000000000000, 1.000000000000000000 ) ) ;
#7384 = VECTOR ( 'NONE', #6743, 1000.000000000000000 ) ;
#7385 = LINE ( 'NONE', #798, #4287 ) ;
#7386 = CARTESIAN_POINT ( 'NONE',  ( 3.015000000000000124, 1.000000000000000000, -1.474999999999999867 ) ) ;
#7387 = DIRECTION ( 'NONE',  ( 0.0000000000000000000, 1.000000000000000000, 0.0000000000000000000 ) ) ;
#7388 = CARTESIAN_POINT ( 'NONE',  ( 7.275000000000001243, 1.999999999999997780, -2.024999999999999911 ) ) ;
#7389 = ORIENTED_EDGE ( 'NONE', *, *, #3737, .T. ) ;
#7390 = DIRECTION ( 'NONE',  ( -1.000000000000000000, 0.0000000000000000000, 0.0000000000000000000 ) ) ;
#7391 = ORIENTED_EDGE ( 'NONE', *, *, #6619, .T. ) ;
#7392 = VECTOR ( 'NONE', #1868, 1000.000000000000000 ) ;
#7393 = CARTESIAN_POINT ( 'NONE',  ( 5.525000000000000355, 0.05000000000000002359, -1.775000000000000133 ) ) ;
#7394 = CARTESIAN_POINT ( 'NONE',  ( 5.725000000000000533, 1.850000000000000089, -1.025000000000000133 ) ) ;
#7395 = EDGE_CURVE ( 'NONE', #3666, #2067, #1404, .T. ) ;
#7396 = LINE ( 'NONE', #8682, #6382 ) ;
#7397 = EDGE_LOOP ( 'NONE', ( #5568, #998, #9203, #4030 ) ) ;
#7398 = CARTESIAN_POINT ( 'NONE',  ( 4.264999999999999680, 1.850000000000000089, -1.025000000000000133 ) ) ;
#7399 = DIRECTION ( 'NONE',  ( -1.000000000000000000, 0.0000000000000000000, 0.0000000000000000000 ) ) ;
#7400 = LINE ( 'NONE', #9339, #6490 ) ;
#7401 = EDGE_CURVE ( 'NONE', #2157, #7235, #3384, .T. ) ;
#7402 = DIRECTION ( 'NONE',  ( 0.0000000000000000000, 0.0000000000000000000, -1.000000000000000000 ) ) ;
#7403 = VECTOR ( 'NONE', #5733, 1000.000000000000000 ) ;
#7404 = CARTESIAN_POINT ( 'NONE',  ( 0.4249999999999999889, 1.850000000000000089, -1.474999999999999867 ) ) ;
#7405 = LINE ( 'NONE', #7818, #3501 ) ;
#7406 = ORIENTED_EDGE ( 'NONE', *, *, #1546, .F. ) ;
#7407 = CLOSED_SHELL ( 'NONE', ( #2816, #1325, #1679, #2006, #626, #261, #2189, #6900, #1554, #391, #7328, #7593, #7953, #4885, #2435, #1965, #7348, #7084 ) ) ;
#7408 = VERTEX_POINT ( 'NONE', #7124 ) ;
#7409 = PLANE ( 'NONE',  #4752 ) ;
#7410 = VECTOR ( 'NONE', #1149, 1000.000000000000000 ) ;
#7411 = AXIS2_PLACEMENT_3D ( 'NONE', #5019, #4277, #2812 ) ;
#7412 = ADVANCED_FACE ( 'NONE', ( #6715 ), #9280, .T. ) ;
#7413 = VECTOR ( 'NONE', #8016, 1000.000000000000000 ) ;
#7414 = DIRECTION ( 'NONE',  ( 0.0000000000000000000, -1.000000000000000000, 0.0000000000000000000 ) ) ;
#7415 = EDGE_CURVE ( 'NONE', #3199, #4757, #6266, .T. ) ;
#7416 = PLANE ( 'NONE',  #1102 ) ;
#7417 = DIRECTION ( 'NONE',  ( 0.0000000000000000000, -0.0000000000000000000, -1.000000000000000000 ) ) ;
#7418 = EDGE_CURVE ( 'NONE', #1924, #3576, #4304, .T. ) ;
#7419 = CARTESIAN_POINT ( 'NONE',  ( 7.025000000000001243, 4.240000000000000213, -1.925000000000000933 ) ) ;
#7420 = VECTOR ( 'NONE', #5147, 1000.000000000000000 ) ;
#7421 = CARTESIAN_POINT ( 'NONE',  ( 7.500000000000001776, 4.250000000000000000, -0.07499999999999998335 ) ) ;
#7422 = LINE ( 'NONE', #5417, #5489 ) ;
#7423 = FACE_OUTER_BOUND ( 'NONE', #5055, .T. ) ;
#7424 = FILL_AREA_STYLE_COLOUR ( '', #4106 ) ;
#7425 = CARTESIAN_POINT ( 'NONE',  ( 2.925000000000000266, 1.850000000000000089, 2.024999999999999911 ) ) ;
#7426 = LINE ( 'NONE', #9271, #6628 ) ;
#7427 = EDGE_CURVE ( 'NONE', #5331, #7369, #7159, .T. ) ;
#7428 = VECTOR ( 'NONE', #3023, 1000.000000000000000 ) ;
#7429 = DIRECTION ( 'NONE',  ( -0.0000000000000000000, 1.000000000000000000, 0.0000000000000000000 ) ) ;
#7430 = ORIENTED_EDGE ( 'NONE', *, *, #9267, .F. ) ;
#7431 = PLANE ( 'NONE',  #691 ) ;
#7432 = DIRECTION ( 'NONE',  ( 0.0000000000000000000, -1.000000000000000000, 0.0000000000000000000 ) ) ;
#7433 = LINE ( 'NONE', #6206, #880 ) ;
#7434 = VERTEX_POINT ( 'NONE', #6405 ) ;
#7435 = PRESENTATION_STYLE_ASSIGNMENT (( #7181 ) ) ;
#7436 = ORIENTED_EDGE ( 'NONE', *, *, #1400, .F. ) ;
#7437 = DIRECTION ( 'NONE',  ( -1.000000000000000000, 0.0000000000000000000, 0.0000000000000000000 ) ) ;
#7438 = PRESENTATION_LAYER_ASSIGNMENT (  '', '', ( #4189 ) ) ;
#7439 = CARTESIAN_POINT ( 'NONE',  ( 7.275000000000001243, 3.600000000000000977, -0.07499999999999998335 ) ) ;
#7440 = ORIENTED_EDGE ( 'NONE', *, *, #3183, .F. ) ;
#7441 = CARTESIAN_POINT ( 'NONE',  ( 4.474999999999999645, 1.850000000000000089, 0.0000000000000000000 ) ) ;
#7442 = MECHANICAL_DESIGN_GEOMETRIC_PRESENTATION_REPRESENTATION (  '', ( #179 ), #676 ) ;
#7443 = CARTESIAN_POINT ( 'NONE',  ( -2.274999999999999911, 1.949999999999999512, 2.025000000000007017 ) ) ;
#7444 = SURFACE_SIDE_STYLE ('',( #1286 ) ) ;
#7445 = VECTOR ( 'NONE', #7261, 1000.000000000000000 ) ;
#7446 = DIRECTION ( 'NONE',  ( -1.000000000000000000, 0.0000000000000000000, 0.0000000000000000000 ) ) ;
#7447 = EDGE_LOOP ( 'NONE', ( #2024, #7440, #6097, #7756 ) ) ;
#7448 = CARTESIAN_POINT ( 'NONE',  ( 1.774999999999999911, 0.05000000000000002359, -1.524999999999999689 ) ) ;
#7449 = VERTEX_POINT ( 'NONE', #2045 ) ;
#7450 = DIRECTION ( 'NONE',  ( 1.000000000000000000, 0.0000000000000000000, 0.0000000000000000000 ) ) ;
#7451 = VERTEX_POINT ( 'NONE', #519 ) ;
#7452 = PRESENTATION_LAYER_ASSIGNMENT (  '', '', ( #4520 ) ) ;
#7453 = DIRECTION ( 'NONE',  ( 0.0000000000000000000, -1.000000000000000000, -4.336808689942024836E-15 ) ) ;
#7454 = ORIENTED_EDGE ( 'NONE', *, *, #5186, .T. ) ;
#7455 = FACE_OUTER_BOUND ( 'NONE', #3716, .T. ) ;
#7456 = EDGE_CURVE ( 'NONE', #9329, #7357, #6375, .T. ) ;
#7457 = DIRECTION ( 'NONE',  ( 0.0000000000000000000, 0.0000000000000000000, 1.000000000000000000 ) ) ;
#7458 = VERTEX_POINT ( 'NONE', #7940 ) ;
#7459 = ORIENTED_EDGE ( 'NONE', *, *, #7706, .F. ) ;
#7460 = CARTESIAN_POINT ( 'NONE',  ( 7.275000000000001243, 3.600000000000000089, -1.425000000000000933 ) ) ;
#7461 = EDGE_LOOP ( 'NONE', ( #3564, #8562, #915, #1944 ) ) ;
#7462 = CARTESIAN_POINT ( 'NONE',  ( 5.725000000000000533, 0.0000000000000000000, 0.0000000000000000000 ) ) ;
#7463 = DIRECTION ( 'NONE',  ( 0.0000000000000000000, -1.000000000000000000, 0.0000000000000000000 ) ) ;
#7464 = ADVANCED_FACE ( 'NONE', ( #7986 ), #8840, .T. ) ;
#7465 = DIRECTION ( 'NONE',  ( -0.0000000000000000000, -1.000000000000000000, -3.219646771412953967E-15 ) ) ;
#7466 = EDGE_LOOP ( 'NONE', ( #7381, #7117, #7097, #7372, #331, #1124 ) ) ;
#7467 = ADVANCED_FACE ( 'NONE', ( #4426 ), #1427, .F. ) ;
#7468 = ORIENTED_EDGE ( 'NONE', *, *, #7623, .T. ) ;
#7469 = LINE ( 'NONE', #5571, #5534 ) ;
#7470 = VERTEX_POINT ( 'NONE', #5140 ) ;
#7471 = DIRECTION ( 'NONE',  ( -1.000000000000000000, 0.0000000000000000000, 0.0000000000000000000 ) ) ;
#7472 = EDGE_CURVE ( 'NONE', #1180, #2505, #1298, .T. ) ;
#7473 = CARTESIAN_POINT ( 'NONE',  ( -2.274999999999999911, 1.949999999999999512, 2.025000000000007017 ) ) ;
#7474 = ORIENTED_EDGE ( 'NONE', *, *, #9436, .T. ) ;
#7475 = ORIENTED_EDGE ( 'NONE', *, *, #8822, .T. ) ;
#7476 = EDGE_CURVE ( 'NONE', #7458, #2508, #2219, .T. ) ;
#7477 = CARTESIAN_POINT ( 'NONE',  ( -0.8750000000000000000, 4.153701442700000079, -1.791922863399999954 ) ) ;
#7478 = FACE_OUTER_BOUND ( 'NONE', #7925, .T. ) ;
#7479 = VECTOR ( 'NONE', #1937, 1000.000000000000000 ) ;
#7480 = ORIENTED_EDGE ( 'NONE', *, *, #6690, .F. ) ;
#7481 = CARTESIAN_POINT ( 'NONE',  ( 1.975000000000000089, 0.3500000000000000333, -2.024999999999999911 ) ) ;
#7482 = ORIENTED_EDGE ( 'NONE', *, *, #1416, .F. ) ;
#7483 = VERTEX_POINT ( 'NONE', #1396 ) ;
#7484 = PLANE ( 'NONE',  #968 ) ;
#7485 = VERTEX_POINT ( 'NONE', #7320 ) ;
#7486 = DIRECTION ( 'NONE',  ( -1.000000000000000000, 0.0000000000000000000, 0.0000000000000000000 ) ) ;
#7487 = EDGE_CURVE ( 'NONE', #721, #1978, #6938, .T. ) ;
#7488 = VECTOR ( 'NONE', #8876, 1000.000000000000000 ) ;
#7489 = VERTEX_POINT ( 'NONE', #2930 ) ;
#7490 = ADVANCED_FACE ( 'NONE', ( #950 ), #2854, .F. ) ;
#7491 = ORIENTED_EDGE ( 'NONE', *, *, #1866, .T. ) ;
#7492 = EDGE_CURVE ( 'NONE', #6000, #5903, #394, .T. ) ;
#7493 = DIRECTION ( 'NONE',  ( -1.000000000000000000, 0.0000000000000000000, 0.0000000000000000000 ) ) ;
#7494 = ORIENTED_EDGE ( 'NONE', *, *, #4549, .F. ) ;
#7495 = CARTESIAN_POINT ( 'NONE',  ( 1.975000000000000089, 1.850000000000000089, -2.024999999999999911 ) ) ;
#7496 = ADVANCED_FACE ( 'NONE', ( #733 ), #7257, .T. ) ;
#7497 = CARTESIAN_POINT ( 'NONE',  ( -0.5150000000000000133, 1.000000000000000000, -1.025000000000000133 ) ) ;
#7498 = VECTOR ( 'NONE', #6211, 1000.000000000000000 ) ;
#7499 = VERTEX_POINT ( 'NONE', #2963 ) ;
#7500 = AXIS2_PLACEMENT_3D ( 'NONE', #2941, #5119, #8051 ) ;
#7501 = ORIENTED_EDGE ( 'NONE', *, *, #73, .T. ) ;
#7502 = ORIENTED_EDGE ( 'NONE', *, *, #4855, .T. ) ;
#7503 = DIRECTION ( 'NONE',  ( 0.0000000000000000000, 0.0000000000000000000, 1.000000000000000000 ) ) ;
#7504 = CARTESIAN_POINT ( 'NONE',  ( 5.724999999999999645, 0.5547525681000000652, 2.024999999999999911 ) ) ;
#7505 = VECTOR ( 'NONE', #6826, 1000.000000000000000 ) ;
#7506 = FACE_OUTER_BOUND ( 'NONE', #515, .T. ) ;
#7507 = DIRECTION ( 'NONE',  ( 0.0000000000000000000, 1.000000000000000000, 0.0000000000000000000 ) ) ;
#7508 = ORIENTED_EDGE ( 'NONE', *, *, #1354, .F. ) ;
#7509 = CARTESIAN_POINT ( 'NONE',  ( 4.275000000000000355, 1.000000000000000000, -1.525000000000000133 ) ) ;
#7510 =( NAMED_UNIT ( * ) SI_UNIT ( $, .STERADIAN. ) SOLID_ANGLE_UNIT ( ) );
#7511 = ORIENTED_EDGE ( 'NONE', *, *, #6229, .F. ) ;
#7512 = VECTOR ( 'NONE', #6429, 1000.000000000000000 ) ;
#7513 = VERTEX_POINT ( 'NONE', #6594 ) ;
#7514 = CARTESIAN_POINT ( 'NONE',  ( -2.500000000000000000, 4.240000000000000213, -2.024999999999999911 ) ) ;
#7515 = EDGE_LOOP ( 'NONE', ( #5115, #9319, #7001, #6915 ) ) ;
#7516 = EDGE_CURVE ( 'NONE', #9449, #6329, #2100, .T. ) ;
#7517 = EDGE_LOOP ( 'NONE', ( #4911, #3445, #3334, #3789 ) ) ;
#7518 = COLOUR_RGB ( '',1.000000000000000000, 1.000000000000000000, 1.000000000000000000 ) ;
#7519 = CARTESIAN_POINT ( 'NONE',  ( 1.324999999999999956, 1.850000000000000089, 2.024999999999999911 ) ) ;
#7520 = COLOUR_RGB ( '',0.6470588235294117974, 0.6196078431372549211, 0.5882352941176470784 ) ;
#7521 = SURFACE_SIDE_STYLE ('',( #6866 ) ) ;
#7522 = PRESENTATION_STYLE_ASSIGNMENT (( #490 ) ) ;
#7523 = VERTEX_POINT ( 'NONE', #6649 ) ;
#7524 = DIRECTION ( 'NONE',  ( 0.0000000000000000000, 0.0000000000000000000, 1.000000000000000000 ) ) ;
#7525 = CARTESIAN_POINT ( 'NONE',  ( -2.875000000000000000, 0.0000000000000000000, 0.0000000000000000000 ) ) ;
#7526 = LINE ( 'NONE', #6305, #862 ) ;
#7527 = CARTESIAN_POINT ( 'NONE',  ( -1.375000000000000000, 3.750000000000000000, 0.02500000000000000139 ) ) ;
#7528 = EDGE_CURVE ( 'NONE', #8863, #4298, #8098, .T. ) ;
#7529 = VECTOR ( 'NONE', #8364, 1000.000000000000000 ) ;
#7530 = VECTOR ( 'NONE', #4711, 1000.000000000000000 ) ;
#7531 = VECTOR ( 'NONE', #6969, 1000.000000000000114 ) ;
#7532 = EDGE_CURVE ( 'NONE', #9274, #2633, #5006, .T. ) ;
#7533 = EDGE_CURVE ( 'NONE', #4025, #3108, #8446, .T. ) ;
#7534 = VERTEX_POINT ( 'NONE', #5180 ) ;
#7535 = CARTESIAN_POINT ( 'NONE',  ( 4.474999999999999645, 0.3499999999999999778, -2.075000000000000178 ) ) ;
#7536 = CARTESIAN_POINT ( 'NONE',  ( 1.984999999999999876, 1.649999999999999911, -1.698606797699999893 ) ) ;
#7537 = CARTESIAN_POINT ( 'NONE',  ( 1.765000000000000124, 1.000000000000000000, -1.025000000000000133 ) ) ;
#7538 = LINE ( 'NONE', #6818, #6502 ) ;
#7539 = LINE ( 'NONE', #5941, #5371 ) ;
#7540 = CARTESIAN_POINT ( 'NONE',  ( 7.275000000000001243, 4.250000000000000000, -0.07499999999999998335 ) ) ;
#7541 = ADVANCED_FACE ( 'NONE', ( #4088 ), #4315, .T. ) ;
#7542 = CARTESIAN_POINT ( 'NONE',  ( -0.8750000000000000000, 2.250000000000000000, -2.024999999999999911 ) ) ;
#7543 = ORIENTED_EDGE ( 'NONE', *, *, #8213, .F. ) ;
#7544 = VECTOR ( 'NONE', #499, 1000.000000000000000 ) ;
#7545 = EDGE_CURVE ( 'NONE', #638, #3277, #5348, .T. ) ;
#7546 = CARTESIAN_POINT ( 'NONE',  ( 0.5250000000000000222, 1.850000000000000089, -1.025000000000000133 ) ) ;
#7547 = EDGE_CURVE ( 'NONE', #1158, #4721, #6489, .T. ) ;
#7548 = DIRECTION ( 'NONE',  ( 0.0000000000000000000, -1.000000000000000000, 0.0000000000000000000 ) ) ;
#7549 = DIRECTION ( 'NONE',  ( -1.000000000000000000, 0.0000000000000000000, 0.0000000000000000000 ) ) ;
#7550 = VERTEX_POINT ( 'NONE', #4420 ) ;
#7551 = VECTOR ( 'NONE', #484, 1000.000000000000000 ) ;
#7552 = FILL_AREA_STYLE_COLOUR ( '', #5726 ) ;
#7553 = VECTOR ( 'NONE', #2533, 1000.000000000000000 ) ;
#7554 = EDGE_CURVE ( 'NONE', #5521, #7550, #8672, .T. ) ;
#7555 = CARTESIAN_POINT ( 'NONE',  ( 1.975000000000000089, -0.6500000000000000222, -2.075000000000000178 ) ) ;
#7556 = VECTOR ( 'NONE', #8659, 1000.000000000000000 ) ;
#7557 = ORIENTED_EDGE ( 'NONE', *, *, #9043, .F. ) ;
#7558 = ORIENTED_EDGE ( 'NONE', *, *, #7288, .T. ) ;
#7559 = VERTEX_POINT ( 'NONE', #7421 ) ;
#7560 = DIRECTION ( 'NONE',  ( 1.000000000000000000, 0.0000000000000000000, 0.0000000000000000000 ) ) ;
#7561 = AXIS2_PLACEMENT_3D ( 'NONE', #651, #3509, #7227 ) ;
#7562 = ORIENTED_EDGE ( 'NONE', *, *, #9324, .F. ) ;
#7563 = VECTOR ( 'NONE', #3517, 1000.000000000000000 ) ;
#7564 = VERTEX_POINT ( 'NONE', #869 ) ;
#7565 = AXIS2_PLACEMENT_3D ( 'NONE', #5377, #7549, #8300 ) ;
#7566 = ORIENTED_EDGE ( 'NONE', *, *, #6790, .F. ) ;
#7567 = PLANE ( 'NONE',  #8428 ) ;
#7568 = ORIENTED_EDGE ( 'NONE', *, *, #5823, .T. ) ;
#7569 = CARTESIAN_POINT ( 'NONE',  ( 0.7250000000000000888, 0.5000000000000000000, -1.525000000000000133 ) ) ;
#7570 = AXIS2_PLACEMENT_3D ( 'NONE', #4330, #2027, #2158 ) ;
#7571 = CARTESIAN_POINT ( 'NONE',  ( 3.324999999999999734, 1.850000000000000089, -1.698606797699999893 ) ) ;
#7572 = ORIENTED_EDGE ( 'NONE', *, *, #7690, .T. ) ;
#7573 = DIRECTION ( 'NONE',  ( 0.0000000000000000000, 1.000000000000000000, 0.0000000000000000000 ) ) ;
#7574 = LINE ( 'NONE', #473, #1003 ) ;
#7575 = ORIENTED_EDGE ( 'NONE', *, *, #300, .T. ) ;
#7576 = CARTESIAN_POINT ( 'NONE',  ( -0.5250000000000000222, 0.5547525681000000652, 2.024999999999999911 ) ) ;
#7577 = ORIENTED_EDGE ( 'NONE', *, *, #5739, .F. ) ;
#7578 = VECTOR ( 'NONE', #8257, 1000.000000000000000 ) ;
#7579 = ORIENTED_EDGE ( 'NONE', *, *, #7108, .F. ) ;
#7580 = PLANE ( 'NONE',  #5240 ) ;
#7581 = CARTESIAN_POINT ( 'NONE',  ( -0.8750000000000000000, 2.250000000000000000, -2.024999999999999911 ) ) ;
#7582 = ORIENTED_EDGE ( 'NONE', *, *, #3940, .F. ) ;
#7583 = ADVANCED_FACE ( 'NONE', ( #4769 ), #126, .F. ) ;
#7584 = CARTESIAN_POINT ( 'NONE',  ( 5.735000000000000320, 1.850000000000000089, -2.024999999999999911 ) ) ;
#7585 = CARTESIAN_POINT ( 'NONE',  ( 3.024999999999999911, 1.000000000000000000, 0.0000000000000000000 ) ) ;
#7586 = ORIENTED_EDGE ( 'NONE', *, *, #2599, .F. ) ;
#7587 = CARTESIAN_POINT ( 'NONE',  ( 0.5150000000000000133, 1.000000000000000000, -1.025000000000000133 ) ) ;
#7588 = LINE ( 'NONE', #5572, #911 ) ;
#7589 =( GEOMETRIC_REPRESENTATION_CONTEXT ( 3 ) GLOBAL_UNCERTAINTY_ASSIGNED_CONTEXT ( ( #9072 ) ) GLOBAL_UNIT_ASSIGNED_CONTEXT ( ( #3787, #3732, #8948 ) ) REPRESENTATION_CONTEXT ( 'NONE', 'WORKASPACE' ) );
#7590 = CARTESIAN_POINT ( 'NONE',  ( -1.175000000000000044, 1.850000000000000089, 2.024999999999999911 ) ) ;
#7591 = DIRECTION ( 'NONE',  ( -0.0000000000000000000, 1.000000000000000000, 0.0000000000000000000 ) ) ;
#7592 = LINE ( 'NONE', #5606, #3452 ) ;
#7593 = ADVANCED_FACE ( 'NONE', ( #5587 ), #3865, .F. ) ;
#7594 = ORIENTED_EDGE ( 'NONE', *, *, #6199, .T. ) ;
#7595 = ORIENTED_EDGE ( 'NONE', *, *, #6671, .F. ) ;
#7596 = ORIENTED_EDGE ( 'NONE', *, *, #3030, .F. ) ;
#7597 = DIRECTION ( 'NONE',  ( 0.0000000000000000000, 1.000000000000000000, -3.295974604355814534E-17 ) ) ;
#7598 = ORIENTED_EDGE ( 'NONE', *, *, #6910, .F. ) ;
#7599 = LINE ( 'NONE', #4932, #1637 ) ;
#7600 = DIRECTION ( 'NONE',  ( 0.0000000000000000000, -1.000000000000000000, -4.336808689942024836E-15 ) ) ;
#7601 = CARTESIAN_POINT ( 'NONE',  ( 1.775000000000000133, 1.850000000000000089, -1.025000000000000133 ) ) ;
#7602 = AXIS2_PLACEMENT_3D ( 'NONE', #5255, #40, #133 ) ;
#7603 = DIRECTION ( 'NONE',  ( 1.000000000000000000, 0.0000000000000000000, -0.0000000000000000000 ) ) ;
#7604 = VECTOR ( 'NONE', #2109, 1000.000000000000000 ) ;
#7605 = ORIENTED_EDGE ( 'NONE', *, *, #6736, .F. ) ;
#7606 = EDGE_LOOP ( 'NONE', ( #9066, #1684, #800, #3435 ) ) ;
#7607 = ORIENTED_EDGE ( 'NONE', *, *, #622, .F. ) ;
#7608 = VERTEX_POINT ( 'NONE', #8998 ) ;
#7609 = EDGE_CURVE ( 'NONE', #8603, #1592, #1068, .T. ) ;
#7610 = DIRECTION ( 'NONE',  ( 0.0000000000000000000, 1.000000000000000000, 0.0000000000000000000 ) ) ;
#7611 = CARTESIAN_POINT ( 'NONE',  ( 3.015000000000000124, 1.850000000000000089, -1.025000000000000133 ) ) ;
#7612 = ORIENTED_EDGE ( 'NONE', *, *, #471, .T. ) ;
#7613 = LINE ( 'NONE', #576, #2892 ) ;
#7614 = CARTESIAN_POINT ( 'NONE',  ( -2.024999999999999911, 4.240000000000000213, -1.925000000000000044 ) ) ;
#7615 = LINE ( 'NONE', #3939, #4860 ) ;
#7616 = DIRECTION ( 'NONE',  ( 1.000000000000000000, 0.0000000000000000000, 0.0000000000000000000 ) ) ;
#7617 = FACE_OUTER_BOUND ( 'NONE', #9328, .T. ) ;
#7618 = PLANE ( 'NONE',  #1459 ) ;
#7619 = CARTESIAN_POINT ( 'NONE',  ( 4.274999999999999467, 0.05000000000000002359, -1.775000000000000133 ) ) ;
#7620 = DIRECTION ( 'NONE',  ( 1.000000000000000000, 0.0000000000000000000, 0.0000000000000000000 ) ) ;
#7621 = ORIENTED_EDGE ( 'NONE', *, *, #1875, .F. ) ;
#7622 = LINE ( 'NONE', #6154, #4981 ) ;
#7623 = EDGE_CURVE ( 'NONE', #1180, #1594, #504, .T. ) ;
#7624 = EDGE_CURVE ( 'NONE', #4837, #5976, #5804, .T. ) ;
#7625 = LINE ( 'NONE', #8789, #262 ) ;
#7626 =( NAMED_UNIT ( * ) SI_UNIT ( $, .STERADIAN. ) SOLID_ANGLE_UNIT ( ) );
#7627 = VERTEX_POINT ( 'NONE', #1615 ) ;
#7628 = DIRECTION ( 'NONE',  ( 1.000000000000000000, 0.0000000000000000000, 0.0000000000000000000 ) ) ;
#7629 = DIRECTION ( 'NONE',  ( 0.0000000000000000000, -0.6650335612228979176, -0.7468134723257140450 ) ) ;
#7630 = VERTEX_POINT ( 'NONE', #5280 ) ;
#7631 = CARTESIAN_POINT ( 'NONE',  ( -2.875000000000000000, 4.250000000000000000, 2.024999999999999911 ) ) ;
#7632 = AXIS2_PLACEMENT_3D ( 'NONE', #7080, #3465, #8598 ) ;
#7633 = VECTOR ( 'NONE', #5451, 1000.000000000000000 ) ;
#7634 = FACE_OUTER_BOUND ( 'NONE', #2532, .T. ) ;
#7635 = CARTESIAN_POINT ( 'NONE',  ( 4.474999999999999645, 1.350000000000000089, 1.525000000000000133 ) ) ;
#7636 = CARTESIAN_POINT ( 'NONE',  ( 2.075000000000000178, 1.850000000000000089, -1.474999999999999867 ) ) ;
#7637 = ADVANCED_FACE ( 'NONE', ( #5101 ), #3057, .F. ) ;
#7638 = LINE ( 'NONE', #2572, #8337 ) ;
#7639 = ORIENTED_EDGE ( 'NONE', *, *, #3526, .F. ) ;
#7640 = ORIENTED_EDGE ( 'NONE', *, *, #225, .F. ) ;
#7641 = FACE_OUTER_BOUND ( 'NONE', #3248, .T. ) ;
#7642 = FACE_OUTER_BOUND ( 'NONE', #909, .T. ) ;
#7643 = DIRECTION ( 'NONE',  ( 0.0000000000000000000, 0.6650335612228979176, -0.7468134723257140450 ) ) ;
#7644 = VECTOR ( 'NONE', #8838, 1000.000000000000000 ) ;
#7645 = EDGE_CURVE ( 'NONE', #7489, #7952, #852, .T. ) ;
#7646 = DIRECTION ( 'NONE',  ( 0.0000000000000000000, 0.0000000000000000000, 1.000000000000000000 ) ) ;
#7647 = CARTESIAN_POINT ( 'NONE',  ( -2.274999999999999911, 4.249999999999992895, -0.07499999999999976130 ) ) ;
#7648 = ORIENTED_EDGE ( 'NONE', *, *, #2419, .T. ) ;
#7649 = COLOUR_RGB ( '',1.000000000000000000, 1.000000000000000000, 1.000000000000000000 ) ;
#7650 = DIRECTION ( 'NONE',  ( 1.000000000000000000, 0.0000000000000000000, 0.0000000000000000000 ) ) ;
#7651 = LINE ( 'NONE', #2123, #7302 ) ;
#7652 = CARTESIAN_POINT ( 'NONE',  ( 4.474999999999999645, 0.0000000000000000000, 2.024999999999999911 ) ) ;
#7653 = CARTESIAN_POINT ( 'NONE',  ( -0.4249999999999999889, 1.649999999999999911, -1.698606797699999893 ) ) ;
#7654 = FACE_OUTER_BOUND ( 'NONE', #9391, .T. ) ;
#7655 = CARTESIAN_POINT ( 'NONE',  ( 4.275000000000000355, 1.850000000000000089, -1.025000000000000133 ) ) ;
#7656 = VECTOR ( 'NONE', #5482, 1000.000000000000000 ) ;
#7657 = CARTESIAN_POINT ( 'NONE',  ( 4.575000000000000178, 1.649999999999999911, -1.698606797699999893 ) ) ;
#7658 = VECTOR ( 'NONE', #9197, 1000.000000000000000 ) ;
#7659 = EDGE_CURVE ( 'NONE', #8052, #348, #2916, .T. ) ;
#7660 = CARTESIAN_POINT ( 'NONE',  ( -2.274999999999999911, 4.250000000000000000, -1.925000000000000044 ) ) ;
#7661 = EDGE_CURVE ( 'NONE', #8117, #2669, #2564, .T. ) ;
#7662 = CARTESIAN_POINT ( 'NONE',  ( 5.424999999999999822, 1.850000000000000089, -1.698606797699999893 ) ) ;
#7663 = CARTESIAN_POINT ( 'NONE',  ( 1.984999999999999876, 1.850000000000000089, -2.024999999999999911 ) ) ;
#7664 = DIRECTION ( 'NONE',  ( -1.000000000000000000, 0.0000000000000000000, 0.0000000000000000000 ) ) ;
#7665 = VECTOR ( 'NONE', #7134, 1000.000000000000000 ) ;
#7666 = LINE ( 'NONE', #7699, #7314 ) ;
#7667 = CARTESIAN_POINT ( 'NONE',  ( -2.475000000000000089, 1.999999999999998668, -1.425000000000000933 ) ) ;
#7668 = CARTESIAN_POINT ( 'NONE',  ( 3.225000000000000089, 0.0000000000000000000, 0.0000000000000000000 ) ) ;
#7669 = EDGE_CURVE ( 'NONE', #491, #6019, #8229, .T. ) ;
#7670 = ORIENTED_EDGE ( 'NONE', *, *, #4271, .T. ) ;
#7671 = CARTESIAN_POINT ( 'NONE',  ( 3.225000000000000089, 1.850000000000000089, 0.0000000000000000000 ) ) ;
#7672 = EDGE_CURVE ( 'NONE', #8492, #105, #1401, .T. ) ;
#7673 = DIRECTION ( 'NONE',  ( -1.000000000000000000, 0.0000000000000000000, 0.0000000000000000000 ) ) ;
#7674 = CARTESIAN_POINT ( 'NONE',  ( 7.475000000000000533, 4.249999999999998224, -2.075000000000001510 ) ) ;
#7675 = ORIENTED_EDGE ( 'NONE', *, *, #4059, .F. ) ;
#7676 = DIRECTION ( 'NONE',  ( 1.000000000000000000, 0.0000000000000000000, 0.0000000000000000000 ) ) ;
#7677 = CARTESIAN_POINT ( 'NONE',  ( 4.275000000000000355, 1.795247431900000024, 2.024999999999999911 ) ) ;
#7678 = ORIENTED_EDGE ( 'NONE', *, *, #4225, .F. ) ;
#7679 = ORIENTED_EDGE ( 'NONE', *, *, #4252, .T. ) ;
#7680 = ADVANCED_FACE ( 'NONE', ( #623 ), #8214, .T. ) ;
#7681 = VECTOR ( 'NONE', #8785, 1000.000000000000000 ) ;
#7682 = DIRECTION ( 'NONE',  ( 0.0000000000000000000, 1.000000000000000000, 0.0000000000000000000 ) ) ;
#7683 = ORIENTED_EDGE ( 'NONE', *, *, #7533, .F. ) ;
#7684 = CARTESIAN_POINT ( 'NONE',  ( 0.7249999999999999778, 1.350000000000000089, 0.0000000000000000000 ) ) ;
#7685 = CARTESIAN_POINT ( 'NONE',  ( 6.875000000000000888, 2.550000000000000266, 2.024999999999999911 ) ) ;
#7686 = EDGE_LOOP ( 'NONE', ( #6758, #7212, #3338, #9357, #3559, #134, #6472, #7741 ) ) ;
#7687 = DIRECTION ( 'NONE',  ( 0.0000000000000000000, 3.212450881438532635E-15, -1.000000000000000000 ) ) ;
#7688 = MECHANICAL_DESIGN_GEOMETRIC_PRESENTATION_REPRESENTATION (  '', ( #2880 ), #106 ) ;
#7689 = CARTESIAN_POINT ( 'NONE',  ( -2.274999999999999911, 2.250000000000000000, -1.925000000000000044 ) ) ;
#7690 = EDGE_CURVE ( 'NONE', #792, #8878, #7040, .T. ) ;
#7691 = EDGE_LOOP ( 'NONE', ( #3577, #6603, #5842, #3567 ) ) ;
#7692 = CARTESIAN_POINT ( 'NONE',  ( -1.175000000000000044, 1.850000000000000089, 2.024999999999999911 ) ) ;
#7693 =( NAMED_UNIT ( * ) SI_UNIT ( $, .STERADIAN. ) SOLID_ANGLE_UNIT ( ) );
#7694 = DIRECTION ( 'NONE',  ( -1.000000000000000000, 0.0000000000000000000, 0.0000000000000000000 ) ) ;
#7695 = ORIENTED_EDGE ( 'NONE', *, *, #5220, .F. ) ;
#7696 = VECTOR ( 'NONE', #6127, 1000.000000000000000 ) ;
#7697 = PLANE ( 'NONE',  #2502 ) ;
#7698 = ORIENTED_EDGE ( 'NONE', *, *, #8308, .T. ) ;
#7699 = CARTESIAN_POINT ( 'NONE',  ( -0.5150000000000000133, 1.850000000000000089, -2.024999999999999911 ) ) ;
#7700 = VERTEX_POINT ( 'NONE', #2489 ) ;
#7701 = DIRECTION ( 'NONE',  ( -1.000000000000000000, 0.0000000000000000000, 0.0000000000000000000 ) ) ;
#7702 = ORIENTED_EDGE ( 'NONE', *, *, #4537, .F. ) ;
#7703 = VERTEX_POINT ( 'NONE', #61 ) ;
#7704 = APPLICATION_PROTOCOL_DEFINITION ( 'draft international standard', 'automotive_design', 1998, #5497 ) ;
#7705 = LINE ( 'NONE', #6586, #6768 ) ;
#7706 = EDGE_CURVE ( 'NONE', #8466, #8591, #3839, .T. ) ;
#7707 = ORIENTED_EDGE ( 'NONE', *, *, #8308, .F. ) ;
#7708 = LINE ( 'NONE', #9428, #8622 ) ;
#7709 = ORIENTED_EDGE ( 'NONE', *, *, #6022, .F. ) ;
#7710 = VERTEX_POINT ( 'NONE', #7677 ) ;
#7711 = PLANE ( 'NONE',  #4621 ) ;
#7712 = DIRECTION ( 'NONE',  ( 1.000000000000000000, 0.0000000000000000000, 0.0000000000000000000 ) ) ;
#7713 = VERTEX_POINT ( 'NONE', #6861 ) ;
#7714 = LINE ( 'NONE', #2199, #5766 ) ;
#7715 = VECTOR ( 'NONE', #7643, 1000.000000000000114 ) ;
#7716 = ORIENTED_EDGE ( 'NONE', *, *, #4742, .T. ) ;
#7717 = DIRECTION ( 'NONE',  ( 0.0000000000000000000, 0.0000000000000000000, -1.000000000000000000 ) ) ;
#7718 = EDGE_LOOP ( 'NONE', ( #4290, #2987, #349, #8218 ) ) ;
#7719 = EDGE_CURVE ( 'NONE', #6869, #1948, #1740, .T. ) ;
#7720 = MECHANICAL_DESIGN_GEOMETRIC_PRESENTATION_REPRESENTATION (  '', ( #7027 ), #3332 ) ;
#7721 = CARTESIAN_POINT ( 'NONE',  ( -0.5150000000000000133, 1.850000000000000089, -1.025000000000000133 ) ) ;
#7722 = ORIENTED_EDGE ( 'NONE', *, *, #3595, .T. ) ;
#7723 = CARTESIAN_POINT ( 'NONE',  ( 5.725000000000000533, 0.5000000000000000000, -1.525000000000000133 ) ) ;
#7724 = ORIENTED_EDGE ( 'NONE', *, *, #5877, .F. ) ;
#7725 = EDGE_CURVE ( 'NONE', #8529, #5521, #6483, .T. ) ;
#7726 = LINE ( 'NONE', #3236, #929 ) ;
#7727 = CARTESIAN_POINT ( 'NONE',  ( -2.875000000000000000, 4.250000000000000000, -2.024999999999999911 ) ) ;
#7728 = DIRECTION ( 'NONE',  ( 0.0000000000000000000, 0.0000000000000000000, 1.000000000000000000 ) ) ;
#7729 = LINE ( 'NONE', #772, #7488 ) ;
#7730 = ORIENTED_EDGE ( 'NONE', *, *, #9483, .T. ) ;
#7731 = CARTESIAN_POINT ( 'NONE',  ( 3.024999999999999911, 0.3499999999999999778, -2.075000000000000178 ) ) ;
#7732 = DIRECTION ( 'NONE',  ( 0.0000000000000000000, -1.000000000000000000, 0.0000000000000000000 ) ) ;
#7733 = ORIENTED_EDGE ( 'NONE', *, *, #7035, .T. ) ;
#7734 = LINE ( 'NONE', #1343, #5783 ) ;
#7735 = ADVANCED_FACE ( 'NONE', ( #1175 ), #1741, .F. ) ;
#7736 = EDGE_CURVE ( 'NONE', #6111, #3662, #6254, .T. ) ;
#7737 = LINE ( 'NONE', #9248, #5084 ) ;
#7738 = UNCERTAINTY_MEASURE_WITH_UNIT (LENGTH_MEASURE( 1.000000000000000082E-05 ), #9309, 'distance_accuracy_value', 'NONE');
#7739 = VECTOR ( 'NONE', #3083, 1000.000000000000000 ) ;
#7740 = EDGE_CURVE ( 'NONE', #6784, #336, #9224, .T. ) ;
#7741 = ORIENTED_EDGE ( 'NONE', *, *, #1311, .T. ) ;
#7742 = ORIENTED_EDGE ( 'NONE', *, *, #2259, .T. ) ;
#7743 = EDGE_LOOP ( 'NONE', ( #1932, #6899, #1973, #9219 ) ) ;
#7744 = LINE ( 'NONE', #3080, #4292 ) ;
#7745 = DIRECTION ( 'NONE',  ( 0.0000000000000000000, 0.0000000000000000000, 1.000000000000000000 ) ) ;
#7746 = FACE_OUTER_BOUND ( 'NONE', #9461, .T. ) ;
#7747 = DIRECTION ( 'NONE',  ( 0.0000000000000000000, 0.0000000000000000000, -1.000000000000000000 ) ) ;
#7748 = SURFACE_STYLE_FILL_AREA ( #8589 ) ;
#7749 = EDGE_CURVE ( 'NONE', #5067, #5163, #271, .T. ) ;
#7750 = CARTESIAN_POINT ( 'NONE',  ( 0.5250000000000000222, 1.850000000000000089, -2.024999999999999911 ) ) ;
#7751 = EDGE_LOOP ( 'NONE', ( #5641, #1347, #6306, #5046 ) ) ;
#7752 = LINE ( 'NONE', #7973, #1508 ) ;
#7753 = DIRECTION ( 'NONE',  ( 1.000000000000000000, 0.0000000000000000000, 0.0000000000000000000 ) ) ;
#7754 = CARTESIAN_POINT ( 'NONE',  ( -0.5250000000000000222, -0.6500000000000000222, -1.775000000000000133 ) ) ;
#7755 = CARTESIAN_POINT ( 'NONE',  ( 1.974999999999999867, 0.3499999999999999778, -2.075000000000000178 ) ) ;
#7756 = ORIENTED_EDGE ( 'NONE', *, *, #455, .T. ) ;
#7757 = CARTESIAN_POINT ( 'NONE',  ( -1.875000000000000000, 0.5000000000000000000, -1.474999999999999867 ) ) ;
#7758 = PLANE ( 'NONE',  #9154 ) ;
#7759 = CARTESIAN_POINT ( 'NONE',  ( 5.514999999999999680, 1.649999999999999911, -1.474999999999999867 ) ) ;
#7760 =( GEOMETRIC_REPRESENTATION_CONTEXT ( 3 ) GLOBAL_UNCERTAINTY_ASSIGNED_CONTEXT ( ( #5500 ) ) GLOBAL_UNIT_ASSIGNED_CONTEXT ( ( #8238, #1731, #7510 ) ) REPRESENTATION_CONTEXT ( 'NONE', 'WORKASPACE' ) );
#7761 = VECTOR ( 'NONE', #4216, 1000.000000000000000 ) ;
#7762 = ORIENTED_EDGE ( 'NONE', *, *, #2309, .T. ) ;
#7763 = DIRECTION ( 'NONE',  ( 0.0000000000000000000, -1.000000000000000000, 0.0000000000000000000 ) ) ;
#7764 = ORIENTED_EDGE ( 'NONE', *, *, #4592, .T. ) ;
#7765 = CARTESIAN_POINT ( 'NONE',  ( 7.375000000000001776, 3.149999999999999911, 0.02500000000000000139 ) ) ;
#7766 = PRESENTATION_LAYER_ASSIGNMENT (  '', '', ( #179 ) ) ;
#7767 = FACE_OUTER_BOUND ( 'NONE', #4170, .T. ) ;
#7768 =( NAMED_UNIT ( * ) SI_UNIT ( $, .STERADIAN. ) SOLID_ANGLE_UNIT ( ) );
#7769 = DIRECTION ( 'NONE',  ( -8.673617379884027583E-16, 0.0000000000000000000, 1.000000000000000000 ) ) ;
#7770 = LINE ( 'NONE', #8312, #5815 ) ;
#7771 = ORIENTED_EDGE ( 'NONE', *, *, #93, .T. ) ;
#7772 = AXIS2_PLACEMENT_3D ( 'NONE', #7784, #6520, #1303 ) ;
#7773 = VECTOR ( 'NONE', #4289, 1000.000000000000000 ) ;
#7774 = DIRECTION ( 'NONE',  ( 0.0000000000000000000, 0.0000000000000000000, 1.000000000000000000 ) ) ;
#7775 = PLANE ( 'NONE',  #8744 ) ;
#7776 = DIRECTION ( 'NONE',  ( 0.0000000000000000000, 1.000000000000000000, 0.0000000000000000000 ) ) ;
#7777 = CARTESIAN_POINT ( 'NONE',  ( 7.875000000000000000, 1.000000000000000000, -1.525000000000000133 ) ) ;
#7778 = FACE_OUTER_BOUND ( 'NONE', #5867, .T. ) ;
#7779 = LINE ( 'NONE', #115, #3065 ) ;
#7780 = ADVANCED_FACE ( 'NONE', ( #7746 ), #3891, .T. ) ;
#7781 = ORIENTED_EDGE ( 'NONE', *, *, #141, .F. ) ;
#7782 = DIRECTION ( 'NONE',  ( 0.0000000000000000000, -1.000000000000000000, -0.0000000000000000000 ) ) ;
#7783 = CARTESIAN_POINT ( 'NONE',  ( 0.7250000000000000888, -0.6500000000000000222, -1.775000000000000133 ) ) ;
#7784 = CARTESIAN_POINT ( 'NONE',  ( -1.375000000000000000, 3.750000000000000000, 0.02500000000000000139 ) ) ;
#7785 = DIRECTION ( 'NONE',  ( -1.000000000000000000, 0.0000000000000000000, 0.0000000000000000000 ) ) ;
#7786 = CARTESIAN_POINT ( 'NONE',  ( 7.275000000000001243, 1.950000000000002176, 1.375000000000006883 ) ) ;
#7787 = FILL_AREA_STYLE_COLOUR ( '', #6387 ) ;
#7788 = EDGE_CURVE ( 'NONE', #1044, #8617, #3261, .T. ) ;
#7789 = UNCERTAINTY_MEASURE_WITH_UNIT (LENGTH_MEASURE( 1.000000000000000082E-05 ), #675, 'distance_accuracy_value', 'NONE');
#7790 = VECTOR ( 'NONE', #426, 1000.000000000000000 ) ;
#7791 = EDGE_CURVE ( 'NONE', #336, #617, #9466, .T. ) ;
#7792 = CARTESIAN_POINT ( 'NONE',  ( 1.775000000000000133, 1.649999999999999911, 2.024999999999999911 ) ) ;
#7793 = VERTEX_POINT ( 'NONE', #5413 ) ;
#7794 = ORIENTED_EDGE ( 'NONE', *, *, #7624, .F. ) ;
#7795 = ORIENTED_EDGE ( 'NONE', *, *, #456, .F. ) ;
#7796 = ADVANCED_FACE ( 'NONE', ( #7506 ), #3956, .F. ) ;
#7797 = VERTEX_POINT ( 'NONE', #9149 ) ;
#7798 = EDGE_CURVE ( 'NONE', #6223, #2280, #7863, .T. ) ;
#7799 = ORIENTED_EDGE ( 'NONE', *, *, #4707, .F. ) ;
#7800 = MECHANICAL_DESIGN_GEOMETRIC_PRESENTATION_REPRESENTATION (  '', ( #3818 ), #44 ) ;
#7801 = EDGE_CURVE ( 'NONE', #850, #8505, #9342, .T. ) ;
#7802 = CARTESIAN_POINT ( 'NONE',  ( 1.250000000000000000, 1.000000000000000000, -1.474999999999999867 ) ) ;
#7803 = CARTESIAN_POINT ( 'NONE',  ( -1.375000000000000000, 3.750000000000000000, -2.024999999999999911 ) ) ;
#7804 = ORIENTED_EDGE ( 'NONE', *, *, #6980, .F. ) ;
#7805 = VERTEX_POINT ( 'NONE', #9086 ) ;
#7806 = ORIENTED_EDGE ( 'NONE', *, *, #2033, .T. ) ;
#7807 = DIRECTION ( 'NONE',  ( 0.0000000000000000000, -1.000000000000000000, 0.0000000000000000000 ) ) ;
#7808 = CARTESIAN_POINT ( 'NONE',  ( 5.514999999999999680, 1.000000000000000000, -1.025000000000000133 ) ) ;
#7809 = ADVANCED_FACE ( 'NONE', ( #1511 ), #975, .F. ) ;
#7810 = ORIENTED_EDGE ( 'NONE', *, *, #6540, .T. ) ;
#7811 = DIRECTION ( 'NONE',  ( 0.0000000000000000000, 1.000000000000000000, 0.0000000000000000000 ) ) ;
#7812 = ORIENTED_EDGE ( 'NONE', *, *, #524, .F. ) ;
#7813 = AXIS2_PLACEMENT_3D ( 'NONE', #2570, #1090, #5616 ) ;
#7814 = FILL_AREA_STYLE_COLOUR ( '', #8644 ) ;
#7815 = ORIENTED_EDGE ( 'NONE', *, *, #2431, .F. ) ;
#7816 = FILL_AREA_STYLE ('',( #7787 ) ) ;
#7817 = ORIENTED_EDGE ( 'NONE', *, *, #4021, .T. ) ;
#7818 = CARTESIAN_POINT ( 'NONE',  ( 6.175000000000000711, 2.550000000000000266, -1.474999999999999867 ) ) ;
#7819 = VERTEX_POINT ( 'NONE', #6202 ) ;
#7820 = VECTOR ( 'NONE', #2685, 1000.000000000000000 ) ;
#7821 = CARTESIAN_POINT ( 'NONE',  ( 2.575000000000000178, 1.850000000000000089, -1.474999999999999867 ) ) ;
#7822 = PLANE ( 'NONE',  #174 ) ;
#7823 = VECTOR ( 'NONE', #5748, 1000.000000000000000 ) ;
#7824 = ORIENTED_EDGE ( 'NONE', *, *, #4355, .T. ) ;
#7825 = ADVANCED_FACE ( 'NONE', ( #5573 ), #354, .F. ) ;
#7826 = AXIS2_PLACEMENT_3D ( 'NONE', #4418, #8810, #7417 ) ;
#7827 = ORIENTED_EDGE ( 'NONE', *, *, #4973, .F. ) ;
#7828 = ORIENTED_EDGE ( 'NONE', *, *, #5749, .F. ) ;
#7829 = EDGE_CURVE ( 'NONE', #7002, #6784, #3735, .T. ) ;
#7830 = ORIENTED_EDGE ( 'NONE', *, *, #2400, .F. ) ;
#7831 = VECTOR ( 'NONE', #3697, 1000.000000000000000 ) ;
#7832 = LINE ( 'NONE', #7877, #7604 ) ;
#7833 = VERTEX_POINT ( 'NONE', #1906 ) ;
#7834 = VERTEX_POINT ( 'NONE', #445 ) ;
#7835 = CARTESIAN_POINT ( 'NONE',  ( -2.274999999999999911, 4.240000000000000213, -1.925000000000000044 ) ) ;
#7836 = CARTESIAN_POINT ( 'NONE',  ( 0.5150000000000000133, 1.850000000000000089, -1.025000000000000133 ) ) ;
#7837 = ORIENTED_EDGE ( 'NONE', *, *, #3798, .T. ) ;
#7838 = ORIENTED_EDGE ( 'NONE', *, *, #3691, .F. ) ;
#7839 = CARTESIAN_POINT ( 'NONE',  ( 0.4249999999999999889, 1.649999999999999911, -1.474999999999999867 ) ) ;
#7840 = EDGE_CURVE ( 'NONE', #4353, #5319, #39, .T. ) ;
#7841 = VECTOR ( 'NONE', #2697, 1000.000000000000000 ) ;
#7842 = FACE_OUTER_BOUND ( 'NONE', #1694, .T. ) ;
#7843 = PLANE ( 'NONE',  #8406 ) ;
#7844 = EDGE_CURVE ( 'NONE', #3237, #8305, #5913, .T. ) ;
#7845 = CARTESIAN_POINT ( 'NONE',  ( 7.456138830084191760, 2.750000000000000000, -0.4749999999999999778 ) ) ;
#7846 = CARTESIAN_POINT ( 'NONE',  ( 5.525000000000000355, 0.5000000000000000000, -1.525000000000000133 ) ) ;
#7847 = ADVANCED_FACE ( 'NONE', ( #3369 ), #9238, .F. ) ;
#7848 = DIRECTION ( 'NONE',  ( -0.0000000000000000000, 1.000000000000000000, 0.0000000000000000000 ) ) ;
#7849 = ORIENTED_EDGE ( 'NONE', *, *, #4533, .T. ) ;
#7850 = VECTOR ( 'NONE', #4593, 1000.000000000000000 ) ;
#7851 = VERTEX_POINT ( 'NONE', #319 ) ;
#7852 = DIRECTION ( 'NONE',  ( 0.0000000000000000000, 1.000000000000000000, 0.0000000000000000000 ) ) ;
#7853 = VECTOR ( 'NONE', #8885, 1000.000000000000000 ) ;
#7854 = VECTOR ( 'NONE', #8463, 1000.000000000000000 ) ;
#7855 = CARTESIAN_POINT ( 'NONE',  ( 0.5250000000000000222, 1.850000000000000089, 0.0000000000000000000 ) ) ;
#7856 = PRESENTATION_LAYER_ASSIGNMENT (  '', '', ( #8040 ) ) ;
#7857 = CARTESIAN_POINT ( 'NONE',  ( 0.0000000000000000000, 0.0000000000000000000, -1.474999999999999867 ) ) ;
#7858 = ORIENTED_EDGE ( 'NONE', *, *, #9305, .T. ) ;
#7859 = VECTOR ( 'NONE', #2785, 1000.000000000000000 ) ;
#7860 = VERTEX_POINT ( 'NONE', #5574 ) ;
#7861 = EDGE_CURVE ( 'NONE', #6431, #2263, #2336, .T. ) ;
#7862 = EDGE_CURVE ( 'NONE', #4488, #9511, #6702, .T. ) ;
#7863 = LINE ( 'NONE', #8333, #1292 ) ;
#7864 = LINE ( 'NONE', #9379, #8334 ) ;
#7865 = CARTESIAN_POINT ( 'NONE',  ( -2.274999999999999911, 4.250000000000000000, -0.07499999999999998335 ) ) ;
#7866 = CARTESIAN_POINT ( 'NONE',  ( 5.525000000000000355, 0.0000000000000000000, -1.525000000000000133 ) ) ;
#7867 = VECTOR ( 'NONE', #3540, 1000.000000000000000 ) ;
#7868 = VERTEX_POINT ( 'NONE', #3370 ) ;
#7869 = AXIS2_PLACEMENT_3D ( 'NONE', #6873, #2472, #4699 ) ;
#7870 = FACE_OUTER_BOUND ( 'NONE', #1330, .T. ) ;
#7871 = EDGE_CURVE ( 'NONE', #5879, #8454, #9117, .T. ) ;
#7872 = ADVANCED_FACE ( 'NONE', ( #3031 ), #4857, .T. ) ;
#7873 = DIRECTION ( 'NONE',  ( 0.0000000000000000000, 0.0000000000000000000, 1.000000000000000000 ) ) ;
#7874 = LINE ( 'NONE', #7394, #9480 ) ;
#7875 = PLANE ( 'NONE',  #521 ) ;
#7876 = EDGE_LOOP ( 'NONE', ( #8197, #2313, #4037, #3932 ) ) ;
#7877 = CARTESIAN_POINT ( 'NONE',  ( -1.875000000000000000, 1.850000000000000089, -1.474999999999999867 ) ) ;
#7878 = DIRECTION ( 'NONE',  ( -1.000000000000000000, 0.0000000000000000000, 0.0000000000000000000 ) ) ;
#7879 = VERTEX_POINT ( 'NONE', #9211 ) ;
#7880 = DIRECTION ( 'NONE',  ( 1.000000000000000000, 0.0000000000000000000, 0.0000000000000000000 ) ) ;
#7881 = CARTESIAN_POINT ( 'NONE',  ( 4.474999999999999645, 0.5000000000000000000, 0.0000000000000000000 ) ) ;
#7882 = AXIS2_PLACEMENT_3D ( 'NONE', #5830, #2820, #3580 ) ;
#7883 = LINE ( 'NONE', #5530, #966 ) ;
#7884 = CARTESIAN_POINT ( 'NONE',  ( 5.424999999999999822, 1.850000000000000089, 2.024999999999999911 ) ) ;
#7885 = DIRECTION ( 'NONE',  ( 1.000000000000000000, 0.0000000000000000000, 0.0000000000000000000 ) ) ;
#7886 = LINE ( 'NONE', #9033, #6733 ) ;
#7887 = VECTOR ( 'NONE', #5007, 1000.000000000000000 ) ;
#7888 = CARTESIAN_POINT ( 'NONE',  ( 0.7250000000000000888, 1.649999999999999911, -1.698606797699999893 ) ) ;
#7889 = CARTESIAN_POINT ( 'NONE',  ( -0.7249999999999999778, 1.000000000000000000, 0.0000000000000000000 ) ) ;
#7890 = LINE ( 'NONE', #3739, #3295 ) ;
#7891 = VERTEX_POINT ( 'NONE', #6300 ) ;
#7892 = VECTOR ( 'NONE', #9398, 1000.000000000000000 ) ;
#7893 = EDGE_CURVE ( 'NONE', #4853, #4270, #6024, .T. ) ;
#7894 = CARTESIAN_POINT ( 'NONE',  ( 3.024999999999999911, -0.6500000000000000222, -1.775000000000000133 ) ) ;
#7895 = EDGE_CURVE ( 'NONE', #6946, #7470, #2784, .T. ) ;
#7896 = CARTESIAN_POINT ( 'NONE',  ( 1.975000000000000089, 0.5000000000000000000, 2.024999999999999911 ) ) ;
#7897 = LINE ( 'NONE', #6901, #4801 ) ;
#7898 = MANIFOLD_SOLID_BREP ( 'Combine5', #9002 ) ;
#7899 = CARTESIAN_POINT ( 'NONE',  ( 1.975000000000000089, 1.315130797599999957, 1.171117220399999770 ) ) ;
#7900 = ADVANCED_FACE ( 'NONE', ( #4535 ), #3626, .T. ) ;
#7901 = FACE_OUTER_BOUND ( 'NONE', #5955, .T. ) ;
#7902 = DIRECTION ( 'NONE',  ( 0.0000000000000000000, 0.0000000000000000000, -1.000000000000000000 ) ) ;
#7903 = ORIENTED_EDGE ( 'NONE', *, *, #3223, .F. ) ;
#7904 = DIRECTION ( 'NONE',  ( -1.000000000000000000, 0.0000000000000000000, 0.0000000000000000000 ) ) ;
#7905 = ORIENTED_EDGE ( 'NONE', *, *, #3921, .F. ) ;
#7906 = PLANE ( 'NONE',  #9168 ) ;
#7907 = CARTESIAN_POINT ( 'NONE',  ( 4.275000000000000355, 0.5000000000000000000, 0.0000000000000000000 ) ) ;
#7908 = LINE ( 'NONE', #9406, #1442 ) ;
#7909 = EDGE_CURVE ( 'NONE', #8871, #1631, #8220, .T. ) ;
#7910 = ORIENTED_EDGE ( 'NONE', *, *, #7791, .F. ) ;
#7911 = CARTESIAN_POINT ( 'NONE',  ( 1.975000000000000089, 0.0000000000000000000, -2.024999999999999911 ) ) ;
#7912 = ORIENTED_EDGE ( 'NONE', *, *, #5650, .F. ) ;
#7913 = EDGE_CURVE ( 'NONE', #4919, #4903, #7625, .T. ) ;
#7914 = CARTESIAN_POINT ( 'NONE',  ( 7.025000000000001243, 1.980741759643274369, -2.024999999999999911 ) ) ;
#7915 = ORIENTED_EDGE ( 'NONE', *, *, #1431, .F. ) ;
#7916 = EDGE_LOOP ( 'NONE', ( #4847, #2771, #1265, #8411, #8409, #2677, #5313 ) ) ;
#7917 = ORIENTED_EDGE ( 'NONE', *, *, #1234, .T. ) ;
#7918 = ORIENTED_EDGE ( 'NONE', *, *, #2418, .F. ) ;
#7919 = VERTEX_POINT ( 'NONE', #2222 ) ;
#7920 = ORIENTED_EDGE ( 'NONE', *, *, #3772, .T. ) ;
#7921 = EDGE_CURVE ( 'NONE', #8398, #6570, #8658, .T. ) ;
#7922 =( GEOMETRIC_REPRESENTATION_CONTEXT ( 3 ) GLOBAL_UNCERTAINTY_ASSIGNED_CONTEXT ( ( #4968 ) ) GLOBAL_UNIT_ASSIGNED_CONTEXT ( ( #3144, #4681, #245 ) ) REPRESENTATION_CONTEXT ( 'NONE', 'WORKASPACE' ) );
#7923 = CARTESIAN_POINT ( 'NONE',  ( 3.225000000000000089, 0.3499999999999999778, -2.075000000000000178 ) ) ;
#7924 = ORIENTED_EDGE ( 'NONE', *, *, #4041, .T. ) ;
#7925 = EDGE_LOOP ( 'NONE', ( #9055, #2679, #98, #5998, #2014, #2126, #4622, #199, #4171, #7454, #2551, #1399, #4085, #1712, #9399, #7346 ) ) ;
#7926 = LINE ( 'NONE', #8898, #5984 ) ;
#7927 = VECTOR ( 'NONE', #4856, 1000.000000000000000 ) ;
#7928 = VERTEX_POINT ( 'NONE', #5808 ) ;
#7929 = DIRECTION ( 'NONE',  ( 0.0000000000000000000, 1.000000000000000000, 0.0000000000000000000 ) ) ;
#7930 =( NAMED_UNIT ( * ) PLANE_ANGLE_UNIT ( ) SI_UNIT ( $, .RADIAN. ) );
#7931 = VERTEX_POINT ( 'NONE', #2152 ) ;
#7932 = CARTESIAN_POINT ( 'NONE',  ( 5.725000000000000533, 1.850000000000000089, 2.024999999999999911 ) ) ;
#7933 = SURFACE_STYLE_USAGE ( .BOTH. , #7213 ) ;
#7934 = CARTESIAN_POINT ( 'NONE',  ( 6.875000000000000888, 3.750000000000000000, 0.02500000000000000139 ) ) ;
#7935 = DIRECTION ( 'NONE',  ( -1.000000000000000000, -0.0000000000000000000, -0.0000000000000000000 ) ) ;
#7936 = EDGE_LOOP ( 'NONE', ( #4161, #1685, #557, #2086 ) ) ;
#7937 = CARTESIAN_POINT ( 'NONE',  ( -0.4249999999999999889, 1.649999999999999911, -1.025000000000000133 ) ) ;
#7938 = CARTESIAN_POINT ( 'NONE',  ( 5.724999999999999645, -0.004464445899999999919, 0.003975566199999999890 ) ) ;
#7939 = VECTOR ( 'NONE', #9520, 1000.000000000000000 ) ;
#7940 = CARTESIAN_POINT ( 'NONE',  ( 7.275000000000001243, 1.999999999999997780, -2.075000000000008615 ) ) ;
#7941 = AXIS2_PLACEMENT_3D ( 'NONE', #7977, #1359, #8005 ) ;
#7942 = VECTOR ( 'NONE', #352, 1000.000000000000000 ) ;
#7943 = ORIENTED_EDGE ( 'NONE', *, *, #652, .T. ) ;
#7944 = ORIENTED_EDGE ( 'NONE', *, *, #6023, .F. ) ;
#7945 = ORIENTED_EDGE ( 'NONE', *, *, #9090, .F. ) ;
#7946 = VERTEX_POINT ( 'NONE', #9459 ) ;
#7947 = ORIENTED_EDGE ( 'NONE', *, *, #894, .T. ) ;
#7948 = VECTOR ( 'NONE', #8455, 1000.000000000000000 ) ;
#7949 =( GEOMETRIC_REPRESENTATION_CONTEXT ( 3 ) GLOBAL_UNCERTAINTY_ASSIGNED_CONTEXT ( ( #2240 ) ) GLOBAL_UNIT_ASSIGNED_CONTEXT ( ( #1775, #4063, #6269 ) ) REPRESENTATION_CONTEXT ( 'NONE', 'WORKASPACE' ) );
#7950 = CARTESIAN_POINT ( 'NONE',  ( -1.175000000000000044, 1.850000000000000089, 2.024999999999999911 ) ) ;
#7951 = VECTOR ( 'NONE', #3473, 1000.000000000000000 ) ;
#7952 = VERTEX_POINT ( 'NONE', #7296 ) ;
#7953 = ADVANCED_FACE ( 'NONE', ( #1728 ), #5056, .F. ) ;
#7954 = EDGE_CURVE ( 'NONE', #2994, #8365, #4753, .T. ) ;
#7955 = CARTESIAN_POINT ( 'NONE',  ( 3.015000000000000124, 1.000000000000000000, -2.024999999999999911 ) ) ;
#7956 = ORIENTED_EDGE ( 'NONE', *, *, #7661, .F. ) ;
#7957 = VECTOR ( 'NONE', #7347, 1000.000000000000000 ) ;
#7958 = UNCERTAINTY_MEASURE_WITH_UNIT (LENGTH_MEASURE( 1.000000000000000082E-05 ), #2409, 'distance_accuracy_value', 'NONE');
#7959 = CARTESIAN_POINT ( 'NONE',  ( 0.7349999999999999867, 1.850000000000000089, -2.024999999999999911 ) ) ;
#7960 = CARTESIAN_POINT ( 'NONE',  ( 4.474999999999999645, 1.350000000000000089, 0.0000000000000000000 ) ) ;
#7961 = COLOUR_RGB ( '',1.000000000000000000, 1.000000000000000000, 1.000000000000000000 ) ;
#7962 = ORIENTED_EDGE ( 'NONE', *, *, #2829, .F. ) ;
#7963 = ADVANCED_FACE ( 'NONE', ( #8550 ), #9512, .T. ) ;
#7964 = ORIENTED_EDGE ( 'NONE', *, *, #5207, .T. ) ;
#7965 = EDGE_CURVE ( 'NONE', #4526, #1760, #3728, .T. ) ;
#7966 = LINE ( 'NONE', #284, #8771 ) ;
#7967 = EDGE_LOOP ( 'NONE', ( #9169, #437, #5556, #6748 ) ) ;
#7968 = DIRECTION ( 'NONE',  ( 0.0000000000000000000, 0.0000000000000000000, 1.000000000000000000 ) ) ;
#7969 = CARTESIAN_POINT ( 'NONE',  ( -0.7249999999999999778, -0.6500000000000000222, -2.075000000000000178 ) ) ;
#7970 = DIRECTION ( 'NONE',  ( 0.0000000000000000000, -1.000000000000000000, 0.0000000000000000000 ) ) ;
#7971 = CARTESIAN_POINT ( 'NONE',  ( 7.875000000000000000, 4.250000000000000000, -0.07499999999999998335 ) ) ;
#7972 = VECTOR ( 'NONE', #5832, 1000.000000000000000 ) ;
#7973 = CARTESIAN_POINT ( 'NONE',  ( 7.275000000000001243, 2.000000000000000000, -1.425000000000000044 ) ) ;
#7974 = CARTESIAN_POINT ( 'NONE',  ( 4.575000000000000178, 1.649999999999999911, 2.024999999999999911 ) ) ;
#7975 = VECTOR ( 'NONE', #1370, 1000.000000000000000 ) ;
#7976 = EDGE_CURVE ( 'NONE', #6564, #3312, #5682, .T. ) ;
#7978 = ORIENTED_EDGE ( 'NONE', *, *, #7749, .F. ) ;
#7977 = CARTESIAN_POINT ( 'NONE',  ( 7.275000000000001243, 0.6000000000000024203, 1.375000000000002442 ) ) ;
#7979 = CARTESIAN_POINT ( 'NONE',  ( 0.0000000000000000000, 0.0000000000000000000, -1.925000000000000044 ) ) ;
#7980 = VERTEX_POINT ( 'NONE', #1469 ) ;
#7981 = DIRECTION ( 'NONE',  ( 1.000000000000000000, 0.0000000000000000000, 0.0000000000000000000 ) ) ;
#7982 = PRESENTATION_STYLE_ASSIGNMENT (( #646 ) ) ;
#7983 = DIRECTION ( 'NONE',  ( -1.000000000000000000, 0.0000000000000000000, 0.0000000000000000000 ) ) ;
#7984 = LINE ( 'NONE', #7536, #4884 ) ;
#7985 = DIRECTION ( 'NONE',  ( 0.0000000000000000000, 0.0000000000000000000, 1.000000000000000000 ) ) ;
#7986 = FACE_OUTER_BOUND ( 'NONE', #6857, .T. ) ;
#7987 = EDGE_CURVE ( 'NONE', #3600, #8639, #2909, .T. ) ;
#7988 = CARTESIAN_POINT ( 'NONE',  ( 0.7250000000000000888, 0.3499999999999999778, -2.075000000000000178 ) ) ;
#7989 = EDGE_CURVE ( 'NONE', #4103, #7458, #4285, .T. ) ;
#7990 = LINE ( 'NONE', #9478, #7644 ) ;
#7991 = CARTESIAN_POINT ( 'NONE',  ( 0.7249999999999999778, 0.0000000000000000000, -1.525000000000000133 ) ) ;
#7992 = CARTESIAN_POINT ( 'NONE',  ( -2.375000000000000000, 3.149999999999999911, 0.02500000000000000139 ) ) ;
#7993 = VECTOR ( 'NONE', #4634, 1000.000000000000000 ) ;
#7994 = LINE ( 'NONE', #700, #2358 ) ;
#7995 = LINE ( 'NONE', #8708, #4095 ) ;
#7996 = AXIS2_PLACEMENT_3D ( 'NONE', #8086, #725, #3661 ) ;
#7997 = CARTESIAN_POINT ( 'NONE',  ( 5.725000000000000533, 1.850000000000000089, -2.024999999999999911 ) ) ;
#7998 = CARTESIAN_POINT ( 'NONE',  ( 5.735000000000000320, 1.000000000000000000, -1.525000000000000133 ) ) ;
#7999 = CARTESIAN_POINT ( 'NONE',  ( -2.024999999999999911, 4.240000000000000213, 0.0000000000000000000 ) ) ;
#8000 = DIRECTION ( 'NONE',  ( 0.0000000000000000000, 0.0000000000000000000, 1.000000000000000000 ) ) ;
#8001 = ADVANCED_FACE ( 'NONE', ( #6810 ), #9487, .T. ) ;
#8002 = DIRECTION ( 'NONE',  ( 0.0000000000000000000, 0.0000000000000000000, 1.000000000000000000 ) ) ;
#8003 = CARTESIAN_POINT ( 'NONE',  ( 3.225000000000000089, 1.350000000000000089, -1.525000000000000133 ) ) ;
#8004 = CARTESIAN_POINT ( 'NONE',  ( 1.975000000000000089, 1.649999999999999911, -1.698606797699999893 ) ) ;
#8005 = DIRECTION ( 'NONE',  ( 0.0000000000000000000, 3.252606517456512513E-15, -1.000000000000000000 ) ) ;
#8006 = VECTOR ( 'NONE', #7600, 1000.000000000000000 ) ;
#8007 = DIRECTION ( 'NONE',  ( 1.000000000000000000, 0.0000000000000000000, 0.0000000000000000000 ) ) ;
#8008 = VECTOR ( 'NONE', #6831, 1000.000000000000000 ) ;
#8009 = CARTESIAN_POINT ( 'NONE',  ( 0.7249999999999999778, 1.350000000000000089, -1.525000000000000133 ) ) ;
#8010 = PRESENTATION_LAYER_ASSIGNMENT (  '', '', ( #8932 ) ) ;
#8011 = FACE_OUTER_BOUND ( 'NONE', #9181, .T. ) ;
#8012 = CARTESIAN_POINT ( 'NONE',  ( 7.475000000000000533, 1.999999999999998668, -1.425000000000000933 ) ) ;
#8013 = EDGE_CURVE ( 'NONE', #8982, #6542, #2080, .T. ) ;
#8014 = CARTESIAN_POINT ( 'NONE',  ( 1.775000000000000133, 0.0000000000000000000, 2.024999999999999911 ) ) ;
#8015 = ORIENTED_EDGE ( 'NONE', *, *, #7106, .F. ) ;
#8016 = DIRECTION ( 'NONE',  ( 1.000000000000000000, 0.0000000000000000000, 0.0000000000000000000 ) ) ;
#8017 = CARTESIAN_POINT ( 'NONE',  ( 5.525000000000000355, 1.649999999999999911, -1.698606797699999893 ) ) ;
#8018 = ORIENTED_EDGE ( 'NONE', *, *, #3437, .F. ) ;
#8019 = DIRECTION ( 'NONE',  ( 0.0000000000000000000, -1.000000000000000000, 0.0000000000000000000 ) ) ;
#8020 = EDGE_CURVE ( 'NONE', #3723, #7608, #1504, .T. ) ;
#8021 = VECTOR ( 'NONE', #4889, 1000.000000000000000 ) ;
#8022 = STYLED_ITEM ( 'NONE', ( #8315 ), #2118 ) ;
#8023 = UNCERTAINTY_MEASURE_WITH_UNIT (LENGTH_MEASURE( 1.000000000000000082E-05 ), #540, 'distance_accuracy_value', 'NONE');
#8024 = EDGE_LOOP ( 'NONE', ( #8927, #3923, #1830, #5320 ) ) ;
#8025 = ORIENTED_EDGE ( 'NONE', *, *, #8225, .T. ) ;
#8026 = EDGE_CURVE ( 'NONE', #554, #4852, #9332, .T. ) ;
#8027 = EDGE_CURVE ( 'NONE', #3204, #9321, #6242, .T. ) ;
#8028 = CARTESIAN_POINT ( 'NONE',  ( 4.474999999999999645, 1.850000000000000089, -1.698606797699999893 ) ) ;
#8029 = VERTEX_POINT ( 'NONE', #8941 ) ;
#8030 = DIRECTION ( 'NONE',  ( 0.0000000000000000000, 1.000000000000000000, 0.0000000000000000000 ) ) ;
#8031 = CARTESIAN_POINT ( 'NONE',  ( 5.724999999999999645, 0.05000000000000002359, -1.524999999999999689 ) ) ;
#8032 = CARTESIAN_POINT ( 'NONE',  ( 4.474999999999999645, 0.0000000000000000000, 0.0000000000000000000 ) ) ;
#8033 = ORIENTED_EDGE ( 'NONE', *, *, #7012, .T. ) ;
#8034 = CARTESIAN_POINT ( 'NONE',  ( 7.475000000000000533, 1.999999999999998668, -1.425000000000000933 ) ) ;
#8035 = PRESENTATION_STYLE_ASSIGNMENT (( #6082 ) ) ;
#8036 = VERTEX_POINT ( 'NONE', #874 ) ;
#8037 = DIRECTION ( 'NONE',  ( 1.000000000000000000, 0.0000000000000000000, 0.0000000000000000000 ) ) ;
#8038 = LINE ( 'NONE', #1032, #3434 ) ;
#8039 = ORIENTED_EDGE ( 'NONE', *, *, #3424, .T. ) ;
#8040 = STYLED_ITEM ( 'NONE', ( #4196 ), #1470 ) ;
#8041 = CARTESIAN_POINT ( 'NONE',  ( 4.264999999999999680, 1.850000000000000089, -2.024999999999999911 ) ) ;
#8042 = EDGE_CURVE ( 'NONE', #2273, #7255, #2672, .T. ) ;
#8043 = ORIENTED_EDGE ( 'NONE', *, *, #7401, .T. ) ;
#8044 = EDGE_CURVE ( 'NONE', #3355, #1158, #5907, .T. ) ;
#8045 = VECTOR ( 'NONE', #8323, 1000.000000000000000 ) ;
#8046 = ORIENTED_EDGE ( 'NONE', *, *, #3285, .F. ) ;
#8047 = LINE ( 'NONE', #5169, #8966 ) ;
#8048 = ORIENTED_EDGE ( 'NONE', *, *, #4771, .F. ) ;
#8049 = PLANE ( 'NONE',  #4873 ) ;
#8050 = ORIENTED_EDGE ( 'NONE', *, *, #1417, .T. ) ;
#8051 = DIRECTION ( 'NONE',  ( 1.000000000000000000, 0.0000000000000000000, -0.0000000000000000000 ) ) ;
#8052 = VERTEX_POINT ( 'NONE', #6692 ) ;
#8053 = VECTOR ( 'NONE', #1321, 1000.000000000000000 ) ;
#8054 = EDGE_CURVE ( 'NONE', #3994, #376, #4528, .T. ) ;
#8055 = VECTOR ( 'NONE', #4941, 1000.000000000000000 ) ;
#8056 = ORIENTED_EDGE ( 'NONE', *, *, #3084, .F. ) ;
#8057 = VERTEX_POINT ( 'NONE', #4492 ) ;
#8059 = ORIENTED_EDGE ( 'NONE', *, *, #1354, .T. ) ;
#8058 = CARTESIAN_POINT ( 'NONE',  ( 0.7250000000000000888, 0.0000000000000000000, -1.525000000000000133 ) ) ;
#8060 = CARTESIAN_POINT ( 'NONE',  ( 3.225000000000000089, 1.350000000000000089, -1.525000000000000133 ) ) ;
#8061 = VERTEX_POINT ( 'NONE', #7495 ) ;
#8062 = ORIENTED_EDGE ( 'NONE', *, *, #3116, .F. ) ;
#8063 = LINE ( 'NONE', #528, #6112 ) ;
#8064 = LINE ( 'NONE', #5731, #8420 ) ;
#8065 = ORIENTED_EDGE ( 'NONE', *, *, #7547, .T. ) ;
#8066 = CARTESIAN_POINT ( 'NONE',  ( 3.225000000000000089, 1.850000000000000089, 2.024999999999999911 ) ) ;
#8067 =( GEOMETRIC_REPRESENTATION_CONTEXT ( 3 ) GLOBAL_UNCERTAINTY_ASSIGNED_CONTEXT ( ( #3074 ) ) GLOBAL_UNIT_ASSIGNED_CONTEXT ( ( #9452, #9481, #6527 ) ) REPRESENTATION_CONTEXT ( 'NONE', 'WORKASPACE' ) );
#8068 = ORIENTED_EDGE ( 'NONE', *, *, #2682, .T. ) ;
#8069 = DIRECTION ( 'NONE',  ( -0.0000000000000000000, 0.0000000000000000000, -1.000000000000000000 ) ) ;
#8070 = VERTEX_POINT ( 'NONE', #4553 ) ;
#8071 = AXIS2_PLACEMENT_3D ( 'NONE', #1329, #2929, #8781 ) ;
#8072 = PLANE ( 'NONE',  #3147 ) ;
#8073 = DIRECTION ( 'NONE',  ( 0.0000000000000000000, 0.0000000000000000000, 1.000000000000000000 ) ) ;
#8074 = CARTESIAN_POINT ( 'NONE',  ( 7.275000000000001243, 3.600000000000000977, -1.425000000000000044 ) ) ;
#8075 = ORIENTED_EDGE ( 'NONE', *, *, #7645, .F. ) ;
#8076 = LINE ( 'NONE', #1563, #366 ) ;
#8077 = FACE_OUTER_BOUND ( 'NONE', #1274, .T. ) ;
#8078 = DIRECTION ( 'NONE',  ( 0.0000000000000000000, 1.000000000000000000, 3.219646771412953967E-15 ) ) ;
#8079 = CARTESIAN_POINT ( 'NONE',  ( 5.424999999999999822, 1.850000000000000089, -1.474999999999999867 ) ) ;
#8080 = DIRECTION ( 'NONE',  ( -1.000000000000000000, 0.0000000000000000000, 0.0000000000000000000 ) ) ;
#8081 = ORIENTED_EDGE ( 'NONE', *, *, #5207, .F. ) ;
#8082 = DIRECTION ( 'NONE',  ( 0.0000000000000000000, -1.000000000000000000, 0.0000000000000000000 ) ) ;
#8083 = VECTOR ( 'NONE', #4541, 1000.000000000000000 ) ;
#8084 = ORIENTED_EDGE ( 'NONE', *, *, #1074, .T. ) ;
#8085 = ADVANCED_FACE ( 'NONE', ( #2443 ), #8273, .F. ) ;
#8086 = CARTESIAN_POINT ( 'NONE',  ( 4.474999999999999645, 1.850000000000000089, 0.0000000000000000000 ) ) ;
#8087 = DIRECTION ( 'NONE',  ( 1.000000000000000000, 0.0000000000000000000, 0.0000000000000000000 ) ) ;
#8088 = FACE_OUTER_BOUND ( 'NONE', #4767, .T. ) ;
#8089 = ORIENTED_EDGE ( 'NONE', *, *, #6263, .F. ) ;
#8090 = DIRECTION ( 'NONE',  ( 1.000000000000000000, 0.0000000000000000000, 0.0000000000000000000 ) ) ;
#8091 = AXIS2_PLACEMENT_3D ( 'NONE', #5043, #8767, #3827 ) ;
#8092 = ADVANCED_FACE ( 'NONE', ( #6013 ), #4577, .F. ) ;
#8093 = ORIENTED_EDGE ( 'NONE', *, *, #6926, .T. ) ;
#8094 = CARTESIAN_POINT ( 'NONE',  ( -2.274999999999999911, 3.600000000000000977, -1.425000000000000044 ) ) ;
#8095 = PLANE ( 'NONE',  #3499 ) ;
#8096 = VECTOR ( 'NONE', #2008, 1000.000000000000000 ) ;
#8097 = ORIENTED_EDGE ( 'NONE', *, *, #154, .T. ) ;
#8098 = LINE ( 'NONE', #3715, #6034 ) ;
#8099 = LINE ( 'NONE', #4872, #3155 ) ;
#8100 = CARTESIAN_POINT ( 'NONE',  ( 1.775000000000000133, 1.350000000000000089, 0.0000000000000000000 ) ) ;
#8101 = DIRECTION ( 'NONE',  ( 0.0000000000000000000, 1.000000000000000000, 0.0000000000000000000 ) ) ;
#8102 = PRESENTATION_LAYER_ASSIGNMENT (  '', '', ( #29 ) ) ;
#8103 = ADVANCED_FACE ( 'NONE', ( #8088 ), #5357, .F. ) ;
#8104 = LINE ( 'NONE', #6181, #5918 ) ;
#8105 = ORIENTED_EDGE ( 'NONE', *, *, #5222, .T. ) ;
#8106 = PLANE ( 'NONE',  #124 ) ;
#8107 = EDGE_CURVE ( 'NONE', #5888, #8236, #6473, .T. ) ;
#8108 = DIRECTION ( 'NONE',  ( 0.0000000000000000000, -1.000000000000000000, 0.0000000000000000000 ) ) ;
#8109 = CARTESIAN_POINT ( 'NONE',  ( 2.925000000000000266, 1.649999999999999911, -1.698606797699999893 ) ) ;
#8110 = DIRECTION ( 'NONE',  ( 1.000000000000000000, 0.0000000000000000000, 0.0000000000000000000 ) ) ;
#8111 = VECTOR ( 'NONE', #9046, 1000.000000000000000 ) ;
#8112 = FACE_BOUND ( 'NONE', #7131, .T. ) ;
#8113 = LINE ( 'NONE', #2676, #3046 ) ;
#8114 = ORIENTED_EDGE ( 'NONE', *, *, #7893, .T. ) ;
#8115 = ADVANCED_FACE ( 'NONE', ( #942 ), #4604, .T. ) ;
#8116 = CARTESIAN_POINT ( 'NONE',  ( -0.7249999999999999778, 1.850000000000000089, -1.025000000000000133 ) ) ;
#8117 = VERTEX_POINT ( 'NONE', #7425 ) ;
#8118 = FACE_OUTER_BOUND ( 'NONE', #4719, .T. ) ;
#8119 = CARTESIAN_POINT ( 'NONE',  ( 0.5249999999999999112, 0.05000000000000002359, -1.775000000000000133 ) ) ;
#8120 = CARTESIAN_POINT ( 'NONE',  ( -0.5250000000000000222, -0.6500000000000000222, -2.075000000000000178 ) ) ;
#8121 = EDGE_CURVE ( 'NONE', #3828, #9034, #8429, .T. ) ;
#8122 = CARTESIAN_POINT ( 'NONE',  ( -2.875000000000000000, 0.0000000000000000000, -1.525000000000000133 ) ) ;
#8123 = AXIS2_PLACEMENT_3D ( 'NONE', #5102, #6582, #636 ) ;
#8124 = EDGE_CURVE ( 'NONE', #7308, #1577, #8776, .T. ) ;
#8125 = VECTOR ( 'NONE', #137, 1000.000000000000000 ) ;
#8126 = LINE ( 'NONE', #9073, #9361 ) ;
#8127 = DIRECTION ( 'NONE',  ( 0.0000000000000000000, 0.0000000000000000000, 1.000000000000000000 ) ) ;
#8128 = CARTESIAN_POINT ( 'NONE',  ( 0.5150000000000000133, 1.649999999999999911, -1.698606797699999893 ) ) ;
#8129 = CARTESIAN_POINT ( 'NONE',  ( 5.825000000000001066, 1.850000000000000089, 2.024999999999999911 ) ) ;
#8130 = AXIS2_PLACEMENT_3D ( 'NONE', #2205, #6704, #4475 ) ;
#8131 = AXIS2_PLACEMENT_3D ( 'NONE', #9118, #289, #5378 ) ;
#8132 = FILL_AREA_STYLE ('',( #7344 ) ) ;
#8133 = DIRECTION ( 'NONE',  ( 1.000000000000000000, 0.0000000000000000000, 0.0000000000000000000 ) ) ;
#8134 = FACE_OUTER_BOUND ( 'NONE', #4667, .T. ) ;
#8135 = CARTESIAN_POINT ( 'NONE',  ( 1.775000000000000133, 1.850000000000000089, -2.024999999999999911 ) ) ;
#8136 = LINE ( 'NONE', #8432, #1780 ) ;
#8137 = CARTESIAN_POINT ( 'NONE',  ( 7.275000000000001243, 0.6000000000000024203, 1.375000000000002442 ) ) ;
#8138 = CARTESIAN_POINT ( 'NONE',  ( 4.174999999999999822, 1.850000000000000089, 2.024999999999999911 ) ) ;
#8139 = CARTESIAN_POINT ( 'NONE',  ( 3.225000000000000089, 0.0000000000000000000, -2.024999999999999911 ) ) ;
#8140 = ADVANCED_FACE ( 'NONE', ( #6696 ), #6247, .T. ) ;
#8141 = VERTEX_POINT ( 'NONE', #2323 ) ;
#8142 = VECTOR ( 'NONE', #7650, 1000.000000000000000 ) ;
#8143 = CARTESIAN_POINT ( 'NONE',  ( 3.225000000000000089, 1.850000000000000089, -1.698606797699999893 ) ) ;
#8144 = SURFACE_STYLE_FILL_AREA ( #4958 ) ;
#8145 = EDGE_CURVE ( 'NONE', #6326, #9010, #6925, .T. ) ;
#8146 = VERTEX_POINT ( 'NONE', #5289 ) ;
#8147 = DIRECTION ( 'NONE',  ( 0.0000000000000000000, 0.0000000000000000000, 1.000000000000000000 ) ) ;
#8148 = CARTESIAN_POINT ( 'NONE',  ( 4.474999999999999645, 1.000000000000000000, -1.525000000000000133 ) ) ;
#8149 = VERTEX_POINT ( 'NONE', #4740 ) ;
#8150 = STYLED_ITEM ( 'NONE', ( #6673 ), #6693 ) ;
#8151 = DIRECTION ( 'NONE',  ( 0.0000000000000000000, 1.084202172485501673E-15, 1.000000000000000000 ) ) ;
#8152 = ADVANCED_FACE ( 'NONE', ( #6368 ), #266, .F. ) ;
#8153 = DIRECTION ( 'NONE',  ( -1.000000000000000000, 0.0000000000000000000, 0.0000000000000000000 ) ) ;
#8154 = VECTOR ( 'NONE', #8289, 1000.000000000000000 ) ;
#8155 = ORIENTED_EDGE ( 'NONE', *, *, #1058, .T. ) ;
#8156 = ORIENTED_EDGE ( 'NONE', *, *, #9043, .T. ) ;
#8157 = ORIENTED_EDGE ( 'NONE', *, *, #8240, .T. ) ;
#8158 = ORIENTED_EDGE ( 'NONE', *, *, #6063, .F. ) ;
#8159 =( LENGTH_UNIT ( ) NAMED_UNIT ( * ) SI_UNIT ( .MILLI., .METRE. ) );
#8160 = ORIENTED_EDGE ( 'NONE', *, *, #1072, .T. ) ;
#8161 = CARTESIAN_POINT ( 'NONE',  ( 2.875000000000000000, 1.000000000000000000, -1.525000000000000133 ) ) ;
#8162 = EDGE_CURVE ( 'NONE', #5790, #8492, #8993, .T. ) ;
#8163 = DIRECTION ( 'NONE',  ( 0.0000000000000000000, 0.0000000000000000000, 1.000000000000000000 ) ) ;
#8164 = EDGE_LOOP ( 'NONE', ( #9390, #4168, #7707, #2458, #3843, #6742, #9301 ) ) ;
#8165 = LINE ( 'NONE', #971, #7100 ) ;
#8166 = EDGE_LOOP ( 'NONE', ( #216, #2392, #2162, #6986 ) ) ;
#8167 = ADVANCED_FACE ( 'NONE', ( #5327 ), #365, .T. ) ;
#8168 = ORIENTED_EDGE ( 'NONE', *, *, #5518, .F. ) ;
#8169 = EDGE_CURVE ( 'NONE', #8466, #4089, #5448, .T. ) ;
#8170 = CARTESIAN_POINT ( 'NONE',  ( 0.7250000000000000888, 0.0000000000000000000, -2.024999999999999911 ) ) ;
#8171 = ORIENTED_EDGE ( 'NONE', *, *, #5352, .T. ) ;
#8172 = CARTESIAN_POINT ( 'NONE',  ( 0.7249999999999999778, 1.000000000000000000, 0.0000000000000000000 ) ) ;
#8173 = CARTESIAN_POINT ( 'NONE',  ( 3.024999999999999911, 1.000000000000000000, -1.525000000000000133 ) ) ;
#8174 = CARTESIAN_POINT ( 'NONE',  ( 5.724999999999999645, 0.3500000000000000333, -2.024999999999999911 ) ) ;
#8175 = EDGE_LOOP ( 'NONE', ( #4121, #6684, #6874, #783, #3039, #131, #3429, #440, #6666, #4338, #9364, #2610, #6438, #6225, #5429, #5594 ) ) ;
#8176 = DIRECTION ( 'NONE',  ( 0.0000000000000000000, -1.000000000000000000, 0.0000000000000000000 ) ) ;
#8177 = CARTESIAN_POINT ( 'NONE',  ( 0.5249999999999999112, -0.6500000000000000222, -2.075000000000000178 ) ) ;
#8178 = LINE ( 'NONE', #2268, #2048 ) ;
#8179 = AXIS2_PLACEMENT_3D ( 'NONE', #228, #324, #9124 ) ;
#8180 = VECTOR ( 'NONE', #6539, 1000.000000000000000 ) ;
#8181 = ORIENTED_EDGE ( 'NONE', *, *, #8027, .F. ) ;
#8182 = ORIENTED_EDGE ( 'NONE', *, *, #269, .T. ) ;
#8183 = EDGE_CURVE ( 'NONE', #8634, #8141, #7026, .T. ) ;
#8184 = VERTEX_POINT ( 'NONE', #7689 ) ;
#8185 = PLANE ( 'NONE',  #5104 ) ;
#8186 = EDGE_CURVE ( 'NONE', #4735, #896, #6914, .T. ) ;
#8187 =( NAMED_UNIT ( * ) PLANE_ANGLE_UNIT ( ) SI_UNIT ( $, .RADIAN. ) );
#8188 = VERTEX_POINT ( 'NONE', #6838 ) ;
#8189 = LINE ( 'NONE', #8379, #6 ) ;
#8190 = CARTESIAN_POINT ( 'NONE',  ( 0.7249999999999998668, -0.6500000000000000222, -1.775000000000000133 ) ) ;
#8191 = LINE ( 'NONE', #5345, #8408 ) ;
#8192 = ADVANCED_FACE ( 'NONE', ( #6360 ), #3286, .T. ) ;
#8193 = ORIENTED_EDGE ( 'NONE', *, *, #9189, .F. ) ;
#8194 = CARTESIAN_POINT ( 'NONE',  ( -0.5250000000000000222, 0.5000000000000000000, -1.525000000000000133 ) ) ;
#8195 = ORIENTED_EDGE ( 'NONE', *, *, #8891, .T. ) ;
#8196 = ORIENTED_EDGE ( 'NONE', *, *, #1930, .T. ) ;
#8197 = ORIENTED_EDGE ( 'NONE', *, *, #2480, .F. ) ;
#8198 = ADVANCED_FACE ( 'NONE', ( #1037 ), #1015, .F. ) ;
#8199 = ORIENTED_EDGE ( 'NONE', *, *, #4181, .T. ) ;
#8200 = EDGE_CURVE ( 'NONE', #435, #5976, #932, .T. ) ;
#8201 = DIRECTION ( 'NONE',  ( -0.0000000000000000000, -1.000000000000000000, -0.0000000000000000000 ) ) ;
#8202 = FACE_OUTER_BOUND ( 'NONE', #4696, .T. ) ;
#8203 = ORIENTED_EDGE ( 'NONE', *, *, #3760, .T. ) ;
#8204 = PLANE ( 'NONE',  #1198 ) ;
#8205 = ORIENTED_EDGE ( 'NONE', *, *, #5717, .F. ) ;
#8206 = LINE ( 'NONE', #7398, #3594 ) ;
#8207 = PLANE ( 'NONE',  #8130 ) ;
#8208 = STYLED_ITEM ( 'NONE', ( #8035 ), #3296 ) ;
#8209 = ADVANCED_FACE ( 'NONE', ( #9215 ), #6941, .T. ) ;
#8210 = DIRECTION ( 'NONE',  ( 1.000000000000000000, 0.0000000000000000000, 0.0000000000000000000 ) ) ;
#8211 = MECHANICAL_DESIGN_GEOMETRIC_PRESENTATION_REPRESENTATION (  '', ( #4248 ), #5690 ) ;
#8212 = LINE ( 'NONE', #8807, #3597 ) ;
#8213 = EDGE_CURVE ( 'NONE', #452, #5790, #6580, .T. ) ;
#8214 = PLANE ( 'NONE',  #1211 ) ;
#8215 = ORIENTED_EDGE ( 'NONE', *, *, #399, .F. ) ;
#8216 = ORIENTED_EDGE ( 'NONE', *, *, #5719, .T. ) ;
#8217 = LINE ( 'NONE', #8174, #5789 ) ;
#8218 = ORIENTED_EDGE ( 'NONE', *, *, #8688, .T. ) ;
#8219 = ORIENTED_EDGE ( 'NONE', *, *, #4850, .T. ) ;
#8220 = LINE ( 'NONE', #7267, #7972 ) ;
#8221 = FACE_OUTER_BOUND ( 'NONE', #7095, .T. ) ;
#8222 = CARTESIAN_POINT ( 'NONE',  ( -0.5150000000000000133, 1.000000000000000000, -2.024999999999999911 ) ) ;
#8223 = PLANE ( 'NONE',  #1268 ) ;
#8224 = ORIENTED_EDGE ( 'NONE', *, *, #6727, .T. ) ;
#8225 = EDGE_CURVE ( 'NONE', #8057, #14, #7615, .T. ) ;
#8226 = LINE ( 'NONE', #5432, #4646 ) ;
#8227 = ORIENTED_EDGE ( 'NONE', *, *, #4886, .F. ) ;
#8228 = ORIENTED_EDGE ( 'NONE', *, *, #8054, .F. ) ;
#8229 = LINE ( 'NONE', #2372, #6264 ) ;
#8230 = DIRECTION ( 'NONE',  ( 1.000000000000000000, 0.0000000000000000000, -0.0000000000000000000 ) ) ;
#8231 = FACE_OUTER_BOUND ( 'NONE', #7967, .T. ) ;
#8232 = EDGE_CURVE ( 'NONE', #509, #7002, #4404, .T. ) ;
#8233 = CARTESIAN_POINT ( 'NONE',  ( 5.525000000000000355, 0.05000000000000002359, -1.524999999999999689 ) ) ;
#8234 = CARTESIAN_POINT ( 'NONE',  ( 7.275000000000001243, 2.000000000000000000, -2.024999999999999911 ) ) ;
#8235 = VECTOR ( 'NONE', #2755, 1000.000000000000000 ) ;
#8236 = VERTEX_POINT ( 'NONE', #1155 ) ;
#8237 = VECTOR ( 'NONE', #7753, 1000.000000000000000 ) ;
#8238 =( LENGTH_UNIT ( ) NAMED_UNIT ( * ) SI_UNIT ( .MILLI., .METRE. ) );
#8239 = EDGE_CURVE ( 'NONE', #3894, #3934, #249, .T. ) ;
#8240 = EDGE_CURVE ( 'NONE', #487, #3210, #2661, .T. ) ;
#8241 = DIRECTION ( 'NONE',  ( 0.0000000000000000000, 1.000000000000000000, 0.0000000000000000000 ) ) ;
#8242 = VECTOR ( 'NONE', #7878, 1000.000000000000000 ) ;
#8243 = DIRECTION ( 'NONE',  ( 1.000000000000000000, 0.0000000000000000000, 0.0000000000000000000 ) ) ;
#8244 = ORIENTED_EDGE ( 'NONE', *, *, #5538, .F. ) ;
#8245 = PRESENTATION_STYLE_ASSIGNMENT (( #2253 ) ) ;
#8246 = FILL_AREA_STYLE_COLOUR ( '', #3320 ) ;
#8247 = FILL_AREA_STYLE ('',( #7424 ) ) ;
#8248 = VECTOR ( 'NONE', #2664, 1000.000000000000000 ) ;
#8249 = FILL_AREA_STYLE ('',( #5960 ) ) ;
#8250 = FACE_OUTER_BOUND ( 'NONE', #236, .T. ) ;
#8251 = EDGE_CURVE ( 'NONE', #1746, #8261, #3134, .T. ) ;
#8252 = VECTOR ( 'NONE', #9444, 1000.000000000000000 ) ;
#8253 = CARTESIAN_POINT ( 'NONE',  ( 6.375000000000000888, 3.149999999999999911, 0.02500000000000000139 ) ) ;
#8254 = CARTESIAN_POINT ( 'NONE',  ( 4.474999999999999645, 0.0000000000000000000, -2.024999999999999911 ) ) ;
#8255 = LINE ( 'NONE', #423, #75 ) ;
#8256 = ADVANCED_FACE ( 'NONE', ( #5564 ), #2567, .F. ) ;
#8257 = DIRECTION ( 'NONE',  ( 0.0000000000000000000, -1.000000000000000000, 0.0000000000000000000 ) ) ;
#8258 = DIRECTION ( 'NONE',  ( 0.0000000000000000000, -0.3162277660168379412, 0.9486832980505137680 ) ) ;
#8259 = AXIS2_PLACEMENT_3D ( 'NONE', #7845, #489, #4895 ) ;
#8260 = CARTESIAN_POINT ( 'NONE',  ( -0.7249999999999999778, 0.05000000000000002359, -1.775000000000000133 ) ) ;
#8261 = VERTEX_POINT ( 'NONE', #516 ) ;
#8262 = VERTEX_POINT ( 'NONE', #7786 ) ;
#8263 = CARTESIAN_POINT ( 'NONE',  ( 1.775000000000000133, 1.649999999999999911, -1.025000000000000133 ) ) ;
#8264 = ORIENTED_EDGE ( 'NONE', *, *, #4771, .T. ) ;
#8265 = AXIS2_PLACEMENT_3D ( 'NONE', #7668, #1873, #8479 ) ;
#8266 = ORIENTED_EDGE ( 'NONE', *, *, #4701, .F. ) ;
#8267 = LINE ( 'NONE', #224, #9515 ) ;
#8268 = CARTESIAN_POINT ( 'NONE',  ( 4.125000000000000000, 1.000000000000000000, -2.024999999999999911 ) ) ;
#8269 = ORIENTED_EDGE ( 'NONE', *, *, #2414, .T. ) ;
#8270 = VECTOR ( 'NONE', #8988, 1000.000000000000000 ) ;
#8271 = ORIENTED_EDGE ( 'NONE', *, *, #3921, .T. ) ;
#8272 = PLANE ( 'NONE',  #2519 ) ;
#8273 = PLANE ( 'NONE',  #4004 ) ;
#8274 = CARTESIAN_POINT ( 'NONE',  ( 7.475000000000000533, 1.999999999999997780, -2.024999999999999911 ) ) ;
#8275 = ADVANCED_FACE ( 'NONE', ( #8077 ), #4072, .F. ) ;
#8276 = DIRECTION ( 'NONE',  ( 0.0000000000000000000, 3.252606517456512119E-15, -1.000000000000000000 ) ) ;
#8277 = VERTEX_POINT ( 'NONE', #7063 ) ;
#8278 = VECTOR ( 'NONE', #6135, 1000.000000000000000 ) ;
#8279 = VECTOR ( 'NONE', #5092, 1000.000000000000000 ) ;
#8280 = ORIENTED_EDGE ( 'NONE', *, *, #3367, .T. ) ;
#8281 = DIRECTION ( 'NONE',  ( -1.000000000000000000, 0.0000000000000000000, 0.0000000000000000000 ) ) ;
#8282 = EDGE_CURVE ( 'NONE', #6769, #1252, #1964, .T. ) ;
#8283 = CARTESIAN_POINT ( 'NONE',  ( 4.275000000000000355, 0.0000000000000000000, -1.525000000000000133 ) ) ;
#8284 = EDGE_LOOP ( 'NONE', ( #4834, #5205, #586, #1877, #2867, #3224 ) ) ;
#8285 = VERTEX_POINT ( 'NONE', #4190 ) ;
#8286 = EDGE_CURVE ( 'NONE', #4270, #8285, #5898, .T. ) ;
#8287 = VECTOR ( 'NONE', #3403, 1000.000000000000000 ) ;
#8288 = VERTEX_POINT ( 'NONE', #9312 ) ;
#8289 = DIRECTION ( 'NONE',  ( 0.0000000000000000000, 0.0000000000000000000, -1.000000000000000000 ) ) ;
#8290 = VECTOR ( 'NONE', #5666, 1000.000000000000000 ) ;
#8291 = CARTESIAN_POINT ( 'NONE',  ( 1.775000000000000133, 1.315130797599999957, 1.171117220399999770 ) ) ;
#8292 = VERTEX_POINT ( 'NONE', #429 ) ;
#8293 = CARTESIAN_POINT ( 'NONE',  ( 7.875000000000000000, 1.000000000000000000, -2.024999999999999911 ) ) ;
#8294 = ADVANCED_FACE ( 'NONE', ( #8879 ), #3313, .T. ) ;
#8295 = ORIENTED_EDGE ( 'NONE', *, *, #7057, .T. ) ;
#8296 = DIRECTION ( 'NONE',  ( 0.0000000000000000000, 1.000000000000000000, 0.0000000000000000000 ) ) ;
#8297 = ORIENTED_EDGE ( 'NONE', *, *, #2234, .F. ) ;
#8298 = PLANE ( 'NONE',  #248 ) ;
#8299 = DIRECTION ( 'NONE',  ( -1.000000000000000000, 0.0000000000000000000, 0.0000000000000000000 ) ) ;
#8300 = DIRECTION ( 'NONE',  ( 0.0000000000000000000, 0.0000000000000000000, 1.000000000000000000 ) ) ;
#8301 = ORIENTED_EDGE ( 'NONE', *, *, #1595, .F. ) ;
#8302 =( NAMED_UNIT ( * ) PLANE_ANGLE_UNIT ( ) SI_UNIT ( $, .RADIAN. ) );
#8303 = EDGE_CURVE ( 'NONE', #2389, #4227, #9100, .T. ) ;
#8304 = LINE ( 'NONE', #2277, #2765 ) ;
#8305 = VERTEX_POINT ( 'NONE', #1182 ) ;
#8306 = FILL_AREA_STYLE ('',( #7552 ) ) ;
#8307 = ORIENTED_EDGE ( 'NONE', *, *, #8345, .F. ) ;
#8308 = EDGE_CURVE ( 'NONE', #5919, #2875, #1272, .T. ) ;
#8309 = ORIENTED_EDGE ( 'NONE', *, *, #4723, .F. ) ;
#8310 = ORIENTED_EDGE ( 'NONE', *, *, #659, .F. ) ;
#8311 = DIRECTION ( 'NONE',  ( 0.0000000000000000000, 1.000000000000000000, 0.0000000000000000000 ) ) ;
#8312 = CARTESIAN_POINT ( 'NONE',  ( -1.375000000000000000, 3.750000000000000000, 2.024999999999999911 ) ) ;
#8313 = CARTESIAN_POINT ( 'NONE',  ( 5.514999999999999680, 1.000000000000000000, -1.474999999999999867 ) ) ;
#8314 = CARTESIAN_POINT ( 'NONE',  ( 5.725000000000000533, 0.5547525681000000652, 2.024999999999999911 ) ) ;
#8315 = PRESENTATION_STYLE_ASSIGNMENT (( #474 ) ) ;
#8316 = CARTESIAN_POINT ( 'NONE',  ( 1.675000000000000044, 1.850000000000000089, -1.698606797699999893 ) ) ;
#8317 = VERTEX_POINT ( 'NONE', #6349 ) ;
#8318 = CARTESIAN_POINT ( 'NONE',  ( 1.975000000000000089, 0.0000000000000000000, 2.024999999999999911 ) ) ;
#8319 = VECTOR ( 'NONE', #5780, 1000.000000000000000 ) ;
#8320 = LINE ( 'NONE', #9184, #6703 ) ;
#8321 = CARTESIAN_POINT ( 'NONE',  ( 5.735000000000000320, 1.649999999999999911, -1.698606797699999893 ) ) ;
#8322 = CARTESIAN_POINT ( 'NONE',  ( -2.875000000000000000, 4.250000000000000000, 2.024999999999999911 ) ) ;
#8323 = DIRECTION ( 'NONE',  ( 0.0000000000000000000, 0.0000000000000000000, -1.000000000000000000 ) ) ;
#8324 = ORIENTED_EDGE ( 'NONE', *, *, #6698, .F. ) ;
#8325 = VECTOR ( 'NONE', #7935, 1000.000000000000000 ) ;
#8326 = ORIENTED_EDGE ( 'NONE', *, *, #1916, .T. ) ;
#8327 = DIRECTION ( 'NONE',  ( -1.000000000000000000, 0.0000000000000000000, 0.0000000000000000000 ) ) ;
#8328 = UNCERTAINTY_MEASURE_WITH_UNIT (LENGTH_MEASURE( 1.000000000000000082E-05 ), #3993, 'distance_accuracy_value', 'NONE');
#8329 = CARTESIAN_POINT ( 'NONE',  ( 0.7249999999999998668, -0.6500000000000000222, -2.075000000000000178 ) ) ;
#8330 = DIRECTION ( 'NONE',  ( 1.000000000000000000, 0.0000000000000000000, 0.0000000000000000000 ) ) ;
#8331 = EDGE_CURVE ( 'NONE', #6918, #3600, #7737, .T. ) ;
#8332 = VECTOR ( 'NONE', #6739, 1000.000000000000000 ) ;
#8333 = CARTESIAN_POINT ( 'NONE',  ( -2.375000000000000000, 3.750000000000000000, 2.024999999999999911 ) ) ;
#8334 = VECTOR ( 'NONE', #2085, 1000.000000000000000 ) ;
#8335 = DIRECTION ( 'NONE',  ( 0.0000000000000000000, 0.0000000000000000000, 1.000000000000000000 ) ) ;
#8336 = CARTESIAN_POINT ( 'NONE',  ( 1.775000000000000133, 1.649999999999999911, -1.025000000000000133 ) ) ;
#8337 = VECTOR ( 'NONE', #2540, 1000.000000000000000 ) ;
#8338 = DIRECTION ( 'NONE',  ( 0.0000000000000000000, 1.000000000000000000, 3.212450881438532635E-15 ) ) ;
#8339 = FACE_OUTER_BOUND ( 'NONE', #3972, .T. ) ;
#8340 = DIRECTION ( 'NONE',  ( 0.0000000000000000000, 0.0000000000000000000, 1.000000000000000000 ) ) ;
#8341 = EDGE_CURVE ( 'NONE', #3427, #4735, #8535, .T. ) ;
#8342 = VECTOR ( 'NONE', #1018, 1000.000000000000000 ) ;
#8343 = DIRECTION ( 'NONE',  ( -1.000000000000000000, -0.0000000000000000000, -0.0000000000000000000 ) ) ;
#8344 = VECTOR ( 'NONE', #4164, 1000.000000000000000 ) ;
#8345 = EDGE_CURVE ( 'NONE', #4858, #7294, #6352, .T. ) ;
#8346 = VECTOR ( 'NONE', #2320, 1000.000000000000000 ) ;
#8347 = CARTESIAN_POINT ( 'NONE',  ( 5.725000000000000533, 1.350000000000000089, -1.525000000000000133 ) ) ;
#8348 = DIRECTION ( 'NONE',  ( -1.000000000000000000, -0.0000000000000000000, -0.0000000000000000000 ) ) ;
#8349 = LINE ( 'NONE', #7194, #7413 ) ;
#8350 = LINE ( 'NONE', #7062, #8248 ) ;
#8351 = LINE ( 'NONE', #4999, #5609 ) ;
#8352 = LINE ( 'NONE', #3543, #6399 ) ;
#8353 = DIRECTION ( 'NONE',  ( -0.0000000000000000000, 0.7468134723257140450, 0.6650335612228979176 ) ) ;
#8354 = EDGE_CURVE ( 'NONE', #6446, #5395, #8064, .T. ) ;
#8355 = EDGE_CURVE ( 'NONE', #8521, #3425, #3824, .T. ) ;
#8356 = PLANE ( 'NONE',  #6471 ) ;
#8357 = DIRECTION ( 'NONE',  ( 0.0000000000000000000, -0.6650335612228979176, -0.7468134723257140450 ) ) ;
#8358 = DIRECTION ( 'NONE',  ( 0.0000000000000000000, 0.6650335612228979176, -0.7468134723257140450 ) ) ;
#8359 = VECTOR ( 'NONE', #5614, 1000.000000000000000 ) ;
#8360 = CARTESIAN_POINT ( 'NONE',  ( 0.5250000000000000222, 0.0000000000000000000, -1.525000000000000133 ) ) ;
#8361 = AXIS2_PLACEMENT_3D ( 'NONE', #546, #4214, #7880 ) ;
#8362 = DIRECTION ( 'NONE',  ( -1.000000000000000000, 0.0000000000000000000, 0.0000000000000000000 ) ) ;
#8363 = EDGE_CURVE ( 'NONE', #4478, #503, #923, .T. ) ;
#8364 = DIRECTION ( 'NONE',  ( 0.0000000000000000000, 0.0000000000000000000, -1.000000000000000000 ) ) ;
#8365 = VERTEX_POINT ( 'NONE', #4102 ) ;
#8366 = ORIENTED_EDGE ( 'NONE', *, *, #469, .T. ) ;
#8367 = ORIENTED_EDGE ( 'NONE', *, *, #6926, .F. ) ;
#8368 = DIRECTION ( 'NONE',  ( 0.0000000000000000000, 0.0000000000000000000, -1.000000000000000000 ) ) ;
#8369 = MECHANICAL_DESIGN_GEOMETRIC_PRESENTATION_REPRESENTATION (  '', ( #8560 ), #5440 ) ;
#8370 = ORIENTED_EDGE ( 'NONE', *, *, #4548, .T. ) ;
#8371 = PRESENTATION_LAYER_ASSIGNMENT (  '', '', ( #3647 ) ) ;
#8372 = VERTEX_POINT ( 'NONE', #4162 ) ;
#8373 = ORIENTED_EDGE ( 'NONE', *, *, #2556, .T. ) ;
#8374 = ORIENTED_EDGE ( 'NONE', *, *, #8044, .F. ) ;
#8375 = ADVANCED_FACE ( 'NONE', ( #2072 ), #1280, .T. ) ;
#8376 = CARTESIAN_POINT ( 'NONE',  ( 0.5250000000000000222, 1.350000000000000089, 1.525000000000000133 ) ) ;
#8377 = ORIENTED_EDGE ( 'NONE', *, *, #2708, .T. ) ;
#8378 = CARTESIAN_POINT ( 'NONE',  ( 4.474999999999999645, 1.350000000000000089, 1.525000000000000133 ) ) ;
#8379 = CARTESIAN_POINT ( 'NONE',  ( 1.765000000000000124, 1.649999999999999911, -1.698606797699999893 ) ) ;
#8380 = LINE ( 'NONE', #4624, #8278 ) ;
#8381 = ORIENTED_EDGE ( 'NONE', *, *, #2898, .T. ) ;
#8382 = LINE ( 'NONE', #9523, #4371 ) ;
#8383 = ORIENTED_EDGE ( 'NONE', *, *, #8026, .F. ) ;
#8384 = CARTESIAN_POINT ( 'NONE',  ( 0.07499999999999998335, 1.850000000000000089, -1.474999999999999867 ) ) ;
#8385 = CARTESIAN_POINT ( 'NONE',  ( 7.875000000000000000, 4.250000000000000000, -2.024999999999999911 ) ) ;
#8386 = EDGE_CURVE ( 'NONE', #6841, #9274, #2315, .T. ) ;
#8387 = CARTESIAN_POINT ( 'NONE',  ( 1.975000000000000089, 1.350000000000000089, 0.0000000000000000000 ) ) ;
#8388 = ORIENTED_EDGE ( 'NONE', *, *, #5086, .T. ) ;
#8389 = CARTESIAN_POINT ( 'NONE',  ( 0.5249999999999999112, 0.3500000000000000333, -2.024999999999999911 ) ) ;
#8390 = FACE_OUTER_BOUND ( 'NONE', #7461, .T. ) ;
#8391 = ORIENTED_EDGE ( 'NONE', *, *, #4524, .F. ) ;
#8392 = CARTESIAN_POINT ( 'NONE',  ( -2.274999999999999911, 1.950000000000002176, 1.375000000000006883 ) ) ;
#8393 = EDGE_CURVE ( 'NONE', #6869, #3103, #2538, .T. ) ;
#8394 = CARTESIAN_POINT ( 'NONE',  ( 3.234999999999999876, 1.850000000000000089, -2.024999999999999911 ) ) ;
#8395 = VECTOR ( 'NONE', #5063, 1000.000000000000000 ) ;
#8396 = ORIENTED_EDGE ( 'NONE', *, *, #3396, .T. ) ;
#8397 = CARTESIAN_POINT ( 'NONE',  ( -0.5250000000000000222, -0.6500000000000000222, -1.775000000000000133 ) ) ;
#8398 = VERTEX_POINT ( 'NONE', #9345 ) ;
#8399 = EDGE_LOOP ( 'NONE', ( #5551, #1017, #5738, #2653, #2620, #8829 ) ) ;
#8400 = CARTESIAN_POINT ( 'NONE',  ( 0.5250000000000000222, 0.0000000000000000000, 0.0000000000000000000 ) ) ;
#8401 = ORIENTED_EDGE ( 'NONE', *, *, #4942, .T. ) ;
#8402 = FACE_OUTER_BOUND ( 'NONE', #1192, .T. ) ;
#8403 = CARTESIAN_POINT ( 'NONE',  ( 7.275000000000001243, 1.949999999999999512, 2.025000000000007017 ) ) ;
#8404 = SURFACE_SIDE_STYLE ('',( #1646 ) ) ;
#8405 = DIRECTION ( 'NONE',  ( -0.0000000000000000000, 1.000000000000000000, 0.0000000000000000000 ) ) ;
#8406 = AXIS2_PLACEMENT_3D ( 'NONE', #6617, #5851, #8808 ) ;
#8407 = CARTESIAN_POINT ( 'NONE',  ( 5.724999999999999645, 1.000000000000000000, 1.525000000000000133 ) ) ;
#8408 = VECTOR ( 'NONE', #6767, 1000.000000000000000 ) ;
#8409 = ORIENTED_EDGE ( 'NONE', *, *, #3414, .F. ) ;
#8410 = ADVANCED_FACE ( 'NONE', ( #9437 ), #1328, .T. ) ;
#8411 = ORIENTED_EDGE ( 'NONE', *, *, #7297, .T. ) ;
#8412 = EDGE_CURVE ( 'NONE', #7710, #6769, #2421, .T. ) ;
#8413 = ORIENTED_EDGE ( 'NONE', *, *, #4021, .F. ) ;
#8414 = EDGE_CURVE ( 'NONE', #2280, #7627, #4274, .T. ) ;
#8415 = CARTESIAN_POINT ( 'NONE',  ( 5.525000000000000355, 1.350000000000000089, 0.0000000000000000000 ) ) ;
#8416 = DIRECTION ( 'NONE',  ( 1.000000000000000000, 0.0000000000000000000, 0.0000000000000000000 ) ) ;
#8417 = ORIENTED_EDGE ( 'NONE', *, *, #4973, .T. ) ;
#8418 = VECTOR ( 'NONE', #7728, 1000.000000000000000 ) ;
#8419 = DIRECTION ( 'NONE',  ( 0.0000000000000000000, -1.000000000000000000, 0.0000000000000000000 ) ) ;
#8420 = VECTOR ( 'NONE', #5022, 1000.000000000000000 ) ;
#8421 = ORIENTED_EDGE ( 'NONE', *, *, #872, .T. ) ;
#8422 = VECTOR ( 'NONE', #2681, 1000.000000000000000 ) ;
#8423 = CARTESIAN_POINT ( 'NONE',  ( 5.424999999999999822, 1.649999999999999911, -1.698606797699999893 ) ) ;
#8424 = CARTESIAN_POINT ( 'NONE',  ( 4.485000000000000320, 1.000000000000000000, -1.474999999999999867 ) ) ;
#8425 = ORIENTED_EDGE ( 'NONE', *, *, #8827, .T. ) ;
#8426 = EDGE_CURVE ( 'NONE', #6348, #8748, #3123, .T. ) ;
#8427 = DIRECTION ( 'NONE',  ( 0.0000000000000000000, 0.0000000000000000000, -1.000000000000000000 ) ) ;
#8428 = AXIS2_PLACEMENT_3D ( 'NONE', #312, #2457, #7610 ) ;
#8429 = LINE ( 'NONE', #8913, #1046 ) ;
#8430 = CARTESIAN_POINT ( 'NONE',  ( 0.7349999999999999867, 1.850000000000000089, -1.025000000000000133 ) ) ;
#8431 = FACE_OUTER_BOUND ( 'NONE', #2293, .T. ) ;
#8432 = CARTESIAN_POINT ( 'NONE',  ( -2.274999999999999911, 1.999999999999998668, -1.425000000000000933 ) ) ;
#8433 =( NAMED_UNIT ( * ) SI_UNIT ( $, .STERADIAN. ) SOLID_ANGLE_UNIT ( ) );
#8434 =( LENGTH_UNIT ( ) NAMED_UNIT ( * ) SI_UNIT ( .MILLI., .METRE. ) );
#8435 = EDGE_LOOP ( 'NONE', ( #9160, #3460, #2982, #6785, #1391, #2284 ) ) ;
#8436 = VECTOR ( 'NONE', #3984, 1000.000000000000000 ) ;
#8437 = ORIENTED_EDGE ( 'NONE', *, *, #8790, .T. ) ;
#8438 =( NAMED_UNIT ( * ) SI_UNIT ( $, .STERADIAN. ) SOLID_ANGLE_UNIT ( ) );
#8439 = AXIS2_PLACEMENT_3D ( 'NONE', #7200, #731, #3596 ) ;
#8440 = CARTESIAN_POINT ( 'NONE',  ( -0.4249999999999999889, 1.850000000000000089, -1.698606797699999893 ) ) ;
#8441 = VECTOR ( 'NONE', #5513, 1000.000000000000000 ) ;
#8442 = PLANE ( 'NONE',  #4219 ) ;
#8443 = VERTEX_POINT ( 'NONE', #9369 ) ;
#8444 = ORIENTED_EDGE ( 'NONE', *, *, #2743, .F. ) ;
#8445 = ORIENTED_EDGE ( 'NONE', *, *, #7163, .F. ) ;
#8446 = LINE ( 'NONE', #4347, #4877 ) ;
#8447 = VECTOR ( 'NONE', #1507, 1000.000000000000114 ) ;
#8448 = MECHANICAL_DESIGN_GEOMETRIC_PRESENTATION_REPRESENTATION (  '', ( #9416 ), #1523 ) ;
#8449 = DIRECTION ( 'NONE',  ( -1.000000000000000000, 0.0000000000000000000, 0.0000000000000000000 ) ) ;
#8450 = CARTESIAN_POINT ( 'NONE',  ( -2.500000000000000000, 4.250000000000000000, -0.07499999999999998335 ) ) ;
#8451 = DIRECTION ( 'NONE',  ( 0.0000000000000000000, 0.0000000000000000000, -1.000000000000000000 ) ) ;
#8452 = FACE_OUTER_BOUND ( 'NONE', #7691, .T. ) ;
#8453 = EDGE_CURVE ( 'NONE', #7513, #5309, #7832, .T. ) ;
#8454 = VERTEX_POINT ( 'NONE', #4278 ) ;
#8455 = DIRECTION ( 'NONE',  ( 0.0000000000000000000, 0.0000000000000000000, 1.000000000000000000 ) ) ;
#8456 = CARTESIAN_POINT ( 'NONE',  ( -0.5150000000000000133, 1.649999999999999911, -1.698606797699999893 ) ) ;
#8457 = AXIS2_PLACEMENT_3D ( 'NONE', #2921, #5072, #5128 ) ;
#8458 = VECTOR ( 'NONE', #1816, 1000.000000000000000 ) ;
#8459 = ADVANCED_FACE ( 'NONE', ( #5073 ), #2723, .F. ) ;
#8460 = CARTESIAN_POINT ( 'NONE',  ( -0.3750000000000000000, 2.250000000000000000, 1.025000000000000133 ) ) ;
#8461 = FACE_OUTER_BOUND ( 'NONE', #5759, .T. ) ;
#8462 = DIRECTION ( 'NONE',  ( -0.0000000000000000000, 1.000000000000000000, -0.0000000000000000000 ) ) ;
#8463 = DIRECTION ( 'NONE',  ( 0.0000000000000000000, 0.0000000000000000000, -1.000000000000000000 ) ) ;
#8464 = CARTESIAN_POINT ( 'NONE',  ( -0.7349999999999999867, 1.850000000000000089, -1.025000000000000133 ) ) ;
#8465 = CARTESIAN_POINT ( 'NONE',  ( 3.234999999999999876, 1.649999999999999911, -1.698606797699999893 ) ) ;
#8466 = VERTEX_POINT ( 'NONE', #3611 ) ;
#8467 = DIRECTION ( 'NONE',  ( 0.0000000000000000000, 0.0000000000000000000, -1.000000000000000000 ) ) ;
#8468 = LINE ( 'NONE', #3833, #5813 ) ;
#8469 = EDGE_CURVE ( 'NONE', #7243, #7928, #827, .T. ) ;
#8470 =( LENGTH_UNIT ( ) NAMED_UNIT ( * ) SI_UNIT ( .MILLI., .METRE. ) );
#8471 = DIRECTION ( 'NONE',  ( 0.0000000000000000000, -1.000000000000000000, 0.0000000000000000000 ) ) ;
#8472 = EDGE_CURVE ( 'NONE', #8979, #7627, #6007, .T. ) ;
#8473 = PRESENTATION_STYLE_ASSIGNMENT (( #256 ) ) ;
#8474 = DIRECTION ( 'NONE',  ( -1.000000000000000000, 0.0000000000000000000, 0.0000000000000000000 ) ) ;
#8475 = DIRECTION ( 'NONE',  ( 0.0000000000000000000, 0.0000000000000000000, 1.000000000000000000 ) ) ;
#8476 = LINE ( 'NONE', #2849, #2249 ) ;
#8477 = LINE ( 'NONE', #7061, #1438 ) ;
#8478 = ORIENTED_EDGE ( 'NONE', *, *, #6424, .F. ) ;
#8479 = DIRECTION ( 'NONE',  ( 0.0000000000000000000, 1.000000000000000000, 0.0000000000000000000 ) ) ;
#8480 = VECTOR ( 'NONE', #360, 1000.000000000000000 ) ;
#8481 = DIRECTION ( 'NONE',  ( 0.0000000000000000000, 1.000000000000000000, 0.0000000000000000000 ) ) ;
#8482 = EDGE_CURVE ( 'NONE', #4950, #3231, #2188, .T. ) ;
#8483 = EDGE_CURVE ( 'NONE', #3483, #6981, #4615, .T. ) ;
#8484 = CARTESIAN_POINT ( 'NONE',  ( 5.725000000000000533, 1.795247431900000024, 2.024999999999999911 ) ) ;
#8485 = CARTESIAN_POINT ( 'NONE',  ( 2.575000000000000178, 1.850000000000000089, 2.024999999999999911 ) ) ;
#8486 = DIRECTION ( 'NONE',  ( 0.0000000000000000000, 0.0000000000000000000, 1.000000000000000000 ) ) ;
#8487 = CARTESIAN_POINT ( 'NONE',  ( 4.274999999999999467, -0.6500000000000000222, -2.075000000000000178 ) ) ;
#8488 = ORIENTED_EDGE ( 'NONE', *, *, #6271, .T. ) ;
#8489 = CARTESIAN_POINT ( 'NONE',  ( 0.8249999999999999556, 1.649999999999999911, -1.025000000000000133 ) ) ;
#8490 = VECTOR ( 'NONE', #3146, 1000.000000000000000 ) ;
#8491 = ADVANCED_FACE ( 'NONE', ( #6687 ), #8904, .T. ) ;
#8492 = VERTEX_POINT ( 'NONE', #3503 ) ;
#8493 = DIRECTION ( 'NONE',  ( 0.0000000000000000000, 1.000000000000000000, -2.148487149506095815E-16 ) ) ;
#8494 = ORIENTED_EDGE ( 'NONE', *, *, #3183, .T. ) ;
#8495 = DIRECTION ( 'NONE',  ( 0.0000000000000000000, -2.997602166487923448E-15, 1.000000000000000000 ) ) ;
#8496 = VERTEX_POINT ( 'NONE', #5 ) ;
#8497 = CARTESIAN_POINT ( 'NONE',  ( 3.225000000000000089, 1.350000000000000089, 0.0000000000000000000 ) ) ;
#8498 = UNCERTAINTY_MEASURE_WITH_UNIT (LENGTH_MEASURE( 1.000000000000000082E-05 ), #8470, 'distance_accuracy_value', 'NONE');
#8499 = DIRECTION ( 'NONE',  ( 0.0000000000000000000, -1.084202172485501673E-15, -1.000000000000000000 ) ) ;
#8500 = ORIENTED_EDGE ( 'NONE', *, *, #6009, .T. ) ;
#8501 = LINE ( 'NONE', #1643, #3897 ) ;
#8502 = CARTESIAN_POINT ( 'NONE',  ( 1.984999999999999876, 1.649999999999999911, -1.474999999999999867 ) ) ;
#8503 = ORIENTED_EDGE ( 'NONE', *, *, #3298, .T. ) ;
#8504 = DIRECTION ( 'NONE',  ( 0.0000000000000000000, 0.0000000000000000000, 1.000000000000000000 ) ) ;
#8505 = VERTEX_POINT ( 'NONE', #5950 ) ;
#8506 = ADVANCED_FACE ( 'NONE', ( #8755 ), #4516, .F. ) ;
#8507 = AXIS2_PLACEMENT_3D ( 'NONE', #3949, #4619, #3880 ) ;
#8508 = EDGE_LOOP ( 'NONE', ( #8033, #8936, #5198, #4133 ) ) ;
#8509 = FACE_OUTER_BOUND ( 'NONE', #822, .T. ) ;
#8510 = EDGE_CURVE ( 'NONE', #5975, #545, #4744, .T. ) ;
#8511 = ORIENTED_EDGE ( 'NONE', *, *, #597, .F. ) ;
#8512 = EDGE_LOOP ( 'NONE', ( #8297, #7594, #7022, #3677 ) ) ;
#8513 = DIRECTION ( 'NONE',  ( 0.0000000000000000000, 0.0000000000000000000, 1.000000000000000000 ) ) ;
#8514 = ORIENTED_EDGE ( 'NONE', *, *, #5579, .T. ) ;
#8515 = DIRECTION ( 'NONE',  ( 1.000000000000000000, 0.0000000000000000000, 0.0000000000000000000 ) ) ;
#8516 = CARTESIAN_POINT ( 'NONE',  ( 0.7249999999999999778, 0.5000000000000000000, -1.525000000000000133 ) ) ;
#8517 = CARTESIAN_POINT ( 'NONE',  ( 4.485000000000000320, 1.850000000000000089, -1.025000000000000133 ) ) ;
#8518 = ORIENTED_EDGE ( 'NONE', *, *, #774, .T. ) ;
#8519 = VECTOR ( 'NONE', #2131, 1000.000000000000000 ) ;
#8520 = VECTOR ( 'NONE', #217, 1000.000000000000000 ) ;
#8521 = VERTEX_POINT ( 'NONE', #2989 ) ;
#8522 = DIRECTION ( 'NONE',  ( 0.0000000000000000000, -1.000000000000000000, 0.0000000000000000000 ) ) ;
#8523 = ORIENTED_EDGE ( 'NONE', *, *, #4355, .F. ) ;
#8524 = EDGE_CURVE ( 'NONE', #7851, #6316, #593, .T. ) ;
#8525 = DIRECTION ( 'NONE',  ( -0.0000000000000000000, 0.0000000000000000000, -1.000000000000000000 ) ) ;
#8526 = ORIENTED_EDGE ( 'NONE', *, *, #4876, .T. ) ;
#8527 = CARTESIAN_POINT ( 'NONE',  ( -0.7249999999999999778, 0.05000000000000002359, -1.524999999999999689 ) ) ;
#8528 = CARTESIAN_POINT ( 'NONE',  ( -2.274999999999999911, 4.240000000000000213, -0.07499999999999998335 ) ) ;
#8529 = VERTEX_POINT ( 'NONE', #89 ) ;
#8530 = CARTESIAN_POINT ( 'NONE',  ( 5.514999999999999680, 1.850000000000000089, -1.025000000000000133 ) ) ;
#8531 = EDGE_CURVE ( 'NONE', #404, #6117, #4167, .T. ) ;
#8532 = EDGE_CURVE ( 'NONE', #7485, #2995, #7729, .T. ) ;
#8533 = LINE ( 'NONE', #1535, #7831 ) ;
#8534 = CARTESIAN_POINT ( 'NONE',  ( 3.024999999999999911, 0.3500000000000000333, -2.024999999999999911 ) ) ;
#8535 = LINE ( 'NONE', #8556, #6573 ) ;
#8536 = ORIENTED_EDGE ( 'NONE', *, *, #7338, .T. ) ;
#8537 = CARTESIAN_POINT ( 'NONE',  ( 1.765000000000000124, 1.000000000000000000, -2.024999999999999911 ) ) ;
#8538 = ORIENTED_EDGE ( 'NONE', *, *, #5610, .F. ) ;
#8539 = VERTEX_POINT ( 'NONE', #5109 ) ;
#8540 = AXIS2_PLACEMENT_3D ( 'NONE', #3409, #1882, #9182 ) ;
#8541 = CARTESIAN_POINT ( 'NONE',  ( 1.324999999999999956, 1.850000000000000089, -1.474999999999999867 ) ) ;
#8542 = VECTOR ( 'NONE', #3022, 1000.000000000000000 ) ;
#8543 = EDGE_CURVE ( 'NONE', #371, #1158, #707, .T. ) ;
#8544 = ADVANCED_FACE ( 'NONE', ( #3931 ), #5215, .F. ) ;
#8545 = EDGE_CURVE ( 'NONE', #3601, #1948, #5885, .T. ) ;
#8546 = ORIENTED_EDGE ( 'NONE', *, *, #2865, .T. ) ;
#8547 = VECTOR ( 'NONE', #4907, 1000.000000000000000 ) ;
#8548 = CARTESIAN_POINT ( 'NONE',  ( 3.024999999999999911, 1.350000000000000089, 1.525000000000000133 ) ) ;
#8549 = PLANE ( 'NONE',  #7632 ) ;
#8550 = FACE_OUTER_BOUND ( 'NONE', #4612, .T. ) ;
#8551 = EDGE_CURVE ( 'NONE', #3890, #4610, #4851, .T. ) ;
#8552 = ADVANCED_FACE ( 'NONE', ( #8202 ), #6682, .F. ) ;
#8553 = ORIENTED_EDGE ( 'NONE', *, *, #2682, .F. ) ;
#8554 = VERTEX_POINT ( 'NONE', #1520 ) ;
#8555 = DIRECTION ( 'NONE',  ( 0.0000000000000000000, 1.000000000000000000, 0.0000000000000000000 ) ) ;
#8556 = CARTESIAN_POINT ( 'NONE',  ( 0.7250000000000000888, 0.5000000000000000000, 0.0000000000000000000 ) ) ;
#8557 = DIRECTION ( 'NONE',  ( 0.0000000000000000000, 0.0000000000000000000, -1.000000000000000000 ) ) ;
#8558 = DIRECTION ( 'NONE',  ( 0.0000000000000000000, 0.0000000000000000000, -1.000000000000000000 ) ) ;
#8559 = CARTESIAN_POINT ( 'NONE',  ( -0.7249999999999999778, 1.649999999999999911, 2.024999999999999911 ) ) ;
#8560 = STYLED_ITEM ( 'NONE', ( #773 ), #3726 ) ;
#8561 = LINE ( 'NONE', #8253, #3741 ) ;
#8562 = ORIENTED_EDGE ( 'NONE', *, *, #1007, .F. ) ;
#8563 = PLANE ( 'NONE',  #8091 ) ;
#8564 =( GEOMETRIC_REPRESENTATION_CONTEXT ( 3 ) GLOBAL_UNCERTAINTY_ASSIGNED_CONTEXT ( ( #5962 ) ) GLOBAL_UNIT_ASSIGNED_CONTEXT ( ( #1309, #1365, #2791 ) ) REPRESENTATION_CONTEXT ( 'NONE', 'WORKASPACE' ) );
#8565 = DIRECTION ( 'NONE',  ( 0.0000000000000000000, 0.0000000000000000000, 1.000000000000000000 ) ) ;
#8566 = STYLED_ITEM ( 'NONE', ( #7242 ), #8909 ) ;
#8567 = LINE ( 'NONE', #8291, #47 ) ;
#8568 = CARTESIAN_POINT ( 'NONE',  ( 0.7249999999999998668, 0.3499999999999999778, -2.075000000000000178 ) ) ;
#8569 = LINE ( 'NONE', #4559, #3864 ) ;
#8570 = ORIENTED_EDGE ( 'NONE', *, *, #3240, .T. ) ;
#8571 = VECTOR ( 'NONE', #7231, 1000.000000000000000 ) ;
#8572 = DIRECTION ( 'NONE',  ( 1.000000000000000000, 0.0000000000000000000, 0.0000000000000000000 ) ) ;
#8573 = DIRECTION ( 'NONE',  ( 0.0000000000000000000, -1.000000000000000000, 0.0000000000000000000 ) ) ;
#8574 = FACE_OUTER_BOUND ( 'NONE', #5663, .T. ) ;
#8575 = CARTESIAN_POINT ( 'NONE',  ( -0.8750000000000000000, 2.250000000000000000, -2.024999999999999911 ) ) ;
#8576 = CARTESIAN_POINT ( 'NONE',  ( -1.375000000000000000, 3.149999999999999911, 0.02500000000000000139 ) ) ;
#8577 = VECTOR ( 'NONE', #7437, 1000.000000000000000 ) ;
#8578 = LINE ( 'NONE', #1540, #4564 ) ;
#8579 = ORIENTED_EDGE ( 'NONE', *, *, #3908, .T. ) ;
#8580 = DIRECTION ( 'NONE',  ( 0.0000000000000000000, -0.0000000000000000000, -1.000000000000000000 ) ) ;
#8581 = LINE ( 'NONE', #464, #7887 ) ;
#8582 = DIRECTION ( 'NONE',  ( 0.0000000000000000000, -1.000000000000000000, 0.0000000000000000000 ) ) ;
#8583 = DIRECTION ( 'NONE',  ( -0.0000000000000000000, 1.000000000000000000, 0.0000000000000000000 ) ) ;
#8584 = LINE ( 'NONE', #9365, #7310 ) ;
#8585 = CARTESIAN_POINT ( 'NONE',  ( 7.475000000000000533, 3.599999999999999201, -0.07500000000000128786 ) ) ;
#8586 = VECTOR ( 'NONE', #7214, 1000.000000000000000 ) ;
#8587 = EDGE_CURVE ( 'NONE', #6564, #2647, #3352, .T. ) ;
#8588 = CARTESIAN_POINT ( 'NONE',  ( -0.5250000000000000222, 0.05000000000000002359, -1.524999999999999689 ) ) ;
#8589 = FILL_AREA_STYLE ('',( #8691 ) ) ;
#8590 = ORIENTED_EDGE ( 'NONE', *, *, #592, .T. ) ;
#8591 = VERTEX_POINT ( 'NONE', #3714 ) ;
#8592 = ORIENTED_EDGE ( 'NONE', *, *, #7050, .T. ) ;
#8593 = DIRECTION ( 'NONE',  ( 0.0000000000000000000, 0.4999999999932618899, -0.8660254037883288181 ) ) ;
#8594 = EDGE_CURVE ( 'NONE', #5865, #7101, #8304, .T. ) ;
#8595 = EDGE_LOOP ( 'NONE', ( #6456, #4242, #5254, #9021 ) ) ;
#8596 = AXIS2_PLACEMENT_3D ( 'NONE', #113, #3075, #793 ) ;
#8597 =( NAMED_UNIT ( * ) SI_UNIT ( $, .STERADIAN. ) SOLID_ANGLE_UNIT ( ) );
#8598 = DIRECTION ( 'NONE',  ( 0.0000000000000000000, 0.0000000000000000000, -1.000000000000000000 ) ) ;
#8599 = VECTOR ( 'NONE', #7004, 1000.000000000000000 ) ;
#8600 = ORIENTED_EDGE ( 'NONE', *, *, #8186, .F. ) ;
#8601 = ORIENTED_EDGE ( 'NONE', *, *, #7136, .F. ) ;
#8602 = DIRECTION ( 'NONE',  ( -1.000000000000000000, 0.0000000000000000000, 0.0000000000000000000 ) ) ;
#8603 = VERTEX_POINT ( 'NONE', #4382 ) ;
#8604 = FILL_AREA_STYLE ('',( #6272 ) ) ;
#8605 = ORIENTED_EDGE ( 'NONE', *, *, #5455, .T. ) ;
#8606 = CARTESIAN_POINT ( 'NONE',  ( 1.975000000000000089, 1.850000000000000089, -2.024999999999999911 ) ) ;
#8607 = VECTOR ( 'NONE', #935, 1000.000000000000000 ) ;
#8608 = ORIENTED_EDGE ( 'NONE', *, *, #4358, .F. ) ;
#8609 = AXIS2_PLACEMENT_3D ( 'NONE', #753, #2940, #5930 ) ;
#8610 = CARTESIAN_POINT ( 'NONE',  ( 5.875000000000000888, 4.153701442700000079, -1.791922863399999954 ) ) ;
#8611 = ORIENTED_EDGE ( 'NONE', *, *, #8354, .T. ) ;
#8612 = CARTESIAN_POINT ( 'NONE',  ( -2.500000000000000000, 4.240000000000000213, 2.024999999999999911 ) ) ;
#8613 = LINE ( 'NONE', #1445, #2981 ) ;
#8614 = CARTESIAN_POINT ( 'NONE',  ( 4.275000000000000355, 0.5547525681000000652, 2.024999999999999911 ) ) ;
#8615 = ORIENTED_EDGE ( 'NONE', *, *, #6453, .T. ) ;
#8616 = CARTESIAN_POINT ( 'NONE',  ( 4.274999999999999467, -0.6500000000000000222, -1.775000000000000133 ) ) ;
#8617 = VERTEX_POINT ( 'NONE', #4449 ) ;
#8618 = LINE ( 'NONE', #7960, #5178 ) ;
#8619 = ORIENTED_EDGE ( 'NONE', *, *, #3940, .T. ) ;
#8620 = CARTESIAN_POINT ( 'NONE',  ( 3.024999999999999911, 1.649999999999999911, -1.025000000000000133 ) ) ;
#8621 = CARTESIAN_POINT ( 'NONE',  ( 4.264999999999999680, 1.000000000000000000, -2.024999999999999911 ) ) ;
#8622 = VECTOR ( 'NONE', #8699, 1000.000000000000000 ) ;
#8623 = ORIENTED_EDGE ( 'NONE', *, *, #2251, .T. ) ;
#8624 = AXIS2_PLACEMENT_3D ( 'NONE', #2789, #3474, #8557 ) ;
#8625 = ORIENTED_EDGE ( 'NONE', *, *, #9420, .T. ) ;
#8626 = ORIENTED_EDGE ( 'NONE', *, *, #8888, .T. ) ;
#8627 = DIRECTION ( 'NONE',  ( 0.0000000000000000000, 1.000000000000000000, 0.0000000000000000000 ) ) ;
#8628 = EDGE_CURVE ( 'NONE', #6524, #5175, #9208, .T. ) ;
#8629 = SURFACE_STYLE_USAGE ( .BOTH. , #7238 ) ;
#8630 = ORIENTED_EDGE ( 'NONE', *, *, #3748, .F. ) ;
#8631 = COLOUR_RGB ( '',0.6470588235294117974, 0.6196078431372549211, 0.5882352941176470784 ) ;
#8632 = ORIENTED_EDGE ( 'NONE', *, *, #823, .T. ) ;
#8633 = LINE ( 'NONE', #6016, #4510 ) ;
#8634 = VERTEX_POINT ( 'NONE', #2890 ) ;
#8635 = ORIENTED_EDGE ( 'NONE', *, *, #1372, .F. ) ;
#8636 = CARTESIAN_POINT ( 'NONE',  ( 0.5250000000000000222, 1.649999999999999911, 2.024999999999999911 ) ) ;
#8637 = DIRECTION ( 'NONE',  ( 0.0000000000000000000, 1.000000000000000000, 0.0000000000000000000 ) ) ;
#8638 = EDGE_LOOP ( 'NONE', ( #1962, #7335, #7474, #9427, #7011, #50, #8623 ) ) ;
#8639 = VERTEX_POINT ( 'NONE', #7318 ) ;
#8640 = VECTOR ( 'NONE', #1285, 1000.000000000000000 ) ;
#8641 = ADVANCED_FACE ( 'NONE', ( #1841 ), #8072, .T. ) ;
#8642 = PLANE ( 'NONE',  #4923 ) ;
#8643 = EDGE_CURVE ( 'NONE', #8839, #6444, #8984, .T. ) ;
#8644 = COLOUR_RGB ( '',1.000000000000000000, 1.000000000000000000, 1.000000000000000000 ) ;
#8645 = ORIENTED_EDGE ( 'NONE', *, *, #8551, .F. ) ;
#8646 = DIRECTION ( 'NONE',  ( 1.000000000000000000, 0.0000000000000000000, 0.0000000000000000000 ) ) ;
#8647 = CARTESIAN_POINT ( 'NONE',  ( 0.0000000000000000000, 0.0000000000000000000, -1.025000000000000133 ) ) ;
#8648 = PLANE ( 'NONE',  #620 ) ;
#8649 = PRODUCT_DEFINITION_CONTEXT ( 'detailed design', #5497, 'design' ) ;
#8650 = DIRECTION ( 'NONE',  ( 1.000000000000000000, 0.0000000000000000000, 0.0000000000000000000 ) ) ;
#8651 = EDGE_CURVE ( 'NONE', #3616, #6088, #1157, .T. ) ;
#8652 = DIRECTION ( 'NONE',  ( 0.0000000000000000000, 0.7468134723257140450, -0.6650335612228979176 ) ) ;
#8653 = CARTESIAN_POINT ( 'NONE',  ( 4.575000000000000178, 1.850000000000000089, -1.474999999999999867 ) ) ;
#8654 = ORIENTED_EDGE ( 'NONE', *, *, #931, .F. ) ;
#8655 = VECTOR ( 'NONE', #6613, 1000.000000000000000 ) ;
#8656 = SURFACE_SIDE_STYLE ('',( #4200 ) ) ;
#8657 = VERTEX_POINT ( 'NONE', #6050 ) ;
#8658 = LINE ( 'NONE', #3659, #2327 ) ;
#8659 = DIRECTION ( 'NONE',  ( -1.000000000000000000, 0.0000000000000000000, 0.0000000000000000000 ) ) ;
#8660 = VECTOR ( 'NONE', #9144, 1000.000000000000000 ) ;
#8661 = DIRECTION ( 'NONE',  ( 1.000000000000000000, 0.0000000000000000000, 0.0000000000000000000 ) ) ;
#8662 = ORIENTED_EDGE ( 'NONE', *, *, #6505, .F. ) ;
#8663 = VECTOR ( 'NONE', #9382, 1000.000000000000000 ) ;
#8664 = EDGE_CURVE ( 'NONE', #8052, #7357, #7125, .T. ) ;
#8665 = CARTESIAN_POINT ( 'NONE',  ( 4.274999999999999467, 0.3499999999999999778, -2.075000000000000178 ) ) ;
#8666 = EDGE_CURVE ( 'NONE', #14, #5512, #8191, .T. ) ;
#8667 = VECTOR ( 'NONE', #420, 1000.000000000000000 ) ;
#8668 = VERTEX_POINT ( 'NONE', #3082 ) ;
#8669 = PLANE ( 'NONE',  #7570 ) ;
#8670 = DIRECTION ( 'NONE',  ( 0.0000000000000000000, 1.000000000000000000, 0.0000000000000000000 ) ) ;
#8671 = ORIENTED_EDGE ( 'NONE', *, *, #5991, .F. ) ;
#8672 = LINE ( 'NONE', #4545, #6712 ) ;
#8673 = LINE ( 'NONE', #6668, #3496 ) ;
#8674 = EDGE_CURVE ( 'NONE', #6117, #7928, #1261, .T. ) ;
#8675 = DIRECTION ( 'NONE',  ( 0.0000000000000000000, 0.0000000000000000000, -1.000000000000000000 ) ) ;
#8676 = CARTESIAN_POINT ( 'NONE',  ( -0.5250000000000000222, 1.649999999999999911, -1.698606797699999893 ) ) ;
#8677 = ADVANCED_FACE ( 'NONE', ( #8975 ), #2370, .T. ) ;
#8678 = CARTESIAN_POINT ( 'NONE',  ( 5.725000000000000533, 1.649999999999999911, -1.025000000000000133 ) ) ;
#8679 = CARTESIAN_POINT ( 'NONE',  ( -1.250000000000000000, 0.0000000000000000000, -1.025000000000000133 ) ) ;
#8680 = DIRECTION ( 'NONE',  ( 0.0000000000000000000, -1.000000000000000000, 0.0000000000000000000 ) ) ;
#8681 = VECTOR ( 'NONE', #3252, 1000.000000000000000 ) ;
#8682 = CARTESIAN_POINT ( 'NONE',  ( -1.175000000000000044, 1.850000000000000089, 2.024999999999999911 ) ) ;
#8683 = PRESENTATION_LAYER_ASSIGNMENT (  '', '', ( #1099 ) ) ;
#8684 = CARTESIAN_POINT ( 'NONE',  ( 4.174999999999999822, 1.850000000000000089, -1.698606797699999893 ) ) ;
#8685 = VECTOR ( 'NONE', #2827, 1000.000000000000000 ) ;
#8686 = VECTOR ( 'NONE', #2132, 1000.000000000000000 ) ;
#8687 = AXIS2_PLACEMENT_3D ( 'NONE', #1749, #5384, #1783 ) ;
#8688 = EDGE_CURVE ( 'NONE', #7358, #2404, #6454, .T. ) ;
#8689 = DIRECTION ( 'NONE',  ( 1.000000000000000000, 0.0000000000000000000, 0.0000000000000000000 ) ) ;
#8690 = ADVANCED_FACE ( 'NONE', ( #1831 ), #5410, .T. ) ;
#8691 = FILL_AREA_STYLE_COLOUR ( '', #611 ) ;
#8692 = ADVANCED_FACE ( 'NONE', ( #912 ), #3888, .F. ) ;
#8693 = VERTEX_POINT ( 'NONE', #4628 ) ;
#8694 = VECTOR ( 'NONE', #2352, 1000.000000000000000 ) ;
#8695 = CARTESIAN_POINT ( 'NONE',  ( -1.875000000000000000, 3.149999999999999911, -2.024999999999999911 ) ) ;
#8696 = CARTESIAN_POINT ( 'NONE',  ( 1.775000000000000133, 0.5000000000000000000, 0.0000000000000000000 ) ) ;
#8697 = FACE_OUTER_BOUND ( 'NONE', #9249, .T. ) ;
#8698 = FACE_OUTER_BOUND ( 'NONE', #325, .T. ) ;
#8699 = DIRECTION ( 'NONE',  ( 0.0000000000000000000, 1.000000000000000000, 0.0000000000000000000 ) ) ;
#8700 = EDGE_CURVE ( 'NONE', #3483, #7946, #6561, .T. ) ;
#8701 = EDGE_CURVE ( 'NONE', #1862, #5315, #8633, .T. ) ;
#8702 = VECTOR ( 'NONE', #1744, 1000.000000000000000 ) ;
#8703 = DIRECTION ( 'NONE',  ( -0.0000000000000000000, 1.000000000000000000, 0.0000000000000000000 ) ) ;
#8704 = ADVANCED_FACE ( 'NONE', ( #5437 ), #5983, .T. ) ;
#8705 = CARTESIAN_POINT ( 'NONE',  ( 4.275000000000000355, 1.850000000000000089, -1.698606797699999893 ) ) ;
#8706 = CARTESIAN_POINT ( 'NONE',  ( 5.525000000000000355, 1.000000000000000000, -1.525000000000000133 ) ) ;
#8707 = CARTESIAN_POINT ( 'NONE',  ( 1.974999999999999867, 0.05000000000000002359, -1.775000000000000133 ) ) ;
#8708 = CARTESIAN_POINT ( 'NONE',  ( 4.275000000000000355, 1.315130797599999957, 1.171117220399999770 ) ) ;
#8709 = MECHANICAL_DESIGN_GEOMETRIC_PRESENTATION_REPRESENTATION (  '', ( #1308 ), #706 ) ;
#8710 = LINE ( 'NONE', #1721, #7681 ) ;
#8711 = EDGE_CURVE ( 'NONE', #5005, #2004, #5662, .T. ) ;
#8712 = CARTESIAN_POINT ( 'NONE',  ( 3.324999999999999734, 1.649999999999999911, 2.024999999999999911 ) ) ;
#8713 = EDGE_LOOP ( 'NONE', ( #7947, #1366, #8046, #7198 ) ) ;
#8714 = EDGE_CURVE ( 'NONE', #6544, #4291, #6898, .T. ) ;
#8715 = DIRECTION ( 'NONE',  ( -1.000000000000000000, 0.0000000000000000000, 0.0000000000000000000 ) ) ;
#8716 = VERTEX_POINT ( 'NONE', #8995 ) ;
#8717 = EDGE_LOOP ( 'NONE', ( #4694, #4513, #3033, #8800 ) ) ;
#8718 = CARTESIAN_POINT ( 'NONE',  ( 3.225000000000000089, 0.0000000000000000000, 2.024999999999999911 ) ) ;
#8719 = ADVANCED_FACE ( 'NONE', ( #5194 ), #7484, .F. ) ;
#8720 = ORIENTED_EDGE ( 'NONE', *, *, #872, .F. ) ;
#8721 = LINE ( 'NONE', #7731, #1452 ) ;
#8722 = CARTESIAN_POINT ( 'NONE',  ( 5.724999999999999645, 0.05000000000000002359, -1.775000000000000133 ) ) ;
#8723 = ORIENTED_EDGE ( 'NONE', *, *, #6389, .T. ) ;
#8724 = EDGE_LOOP ( 'NONE', ( #5033, #6644, #8723, #7582 ) ) ;
#8725 = ORIENTED_EDGE ( 'NONE', *, *, #6904, .F. ) ;
#8726 = EDGE_CURVE ( 'NONE', #6226, #7710, #4262, .T. ) ;
#8727 = ORIENTED_EDGE ( 'NONE', *, *, #7545, .T. ) ;
#8728 = FACE_OUTER_BOUND ( 'NONE', #4980, .T. ) ;
#8729 = FACE_OUTER_BOUND ( 'NONE', #4710, .T. ) ;
#8730 = ORIENTED_EDGE ( 'NONE', *, *, #1796, .F. ) ;
#8731 = ADVANCED_FACE ( 'NONE', ( #3112 ), #7711, .F. ) ;
#8732 = DIRECTION ( 'NONE',  ( 0.0000000000000000000, 0.0000000000000000000, 1.000000000000000000 ) ) ;
#8733 = CARTESIAN_POINT ( 'NONE',  ( 4.264999999999999680, 1.000000000000000000, -1.474999999999999867 ) ) ;
#8734 = ORIENTED_EDGE ( 'NONE', *, *, #9447, .F. ) ;
#8735 = CARTESIAN_POINT ( 'NONE',  ( 3.225000000000000089, 1.850000000000000089, 2.024999999999999911 ) ) ;
#8736 = MECHANICAL_DESIGN_GEOMETRIC_PRESENTATION_REPRESENTATION (  '', ( #1825 ), #4505 ) ;
#8737 = CARTESIAN_POINT ( 'NONE',  ( 5.525000000000000355, 1.000000000000000000, 0.0000000000000000000 ) ) ;
#8738 = CARTESIAN_POINT ( 'NONE',  ( -1.175000000000000044, 1.850000000000000089, -1.474999999999999867 ) ) ;
#8739 = ORIENTED_EDGE ( 'NONE', *, *, #6629, .F. ) ;
#8740 = DIRECTION ( 'NONE',  ( 0.0000000000000000000, 1.000000000000000000, 0.0000000000000000000 ) ) ;
#8741 = LINE ( 'NONE', #1381, #5995 ) ;
#8742 = DIRECTION ( 'NONE',  ( 0.0000000000000000000, 1.000000000000000000, 0.0000000000000000000 ) ) ;
#8743 = DIRECTION ( 'NONE',  ( 1.000000000000000000, 0.0000000000000000000, 0.0000000000000000000 ) ) ;
#8744 = AXIS2_PLACEMENT_3D ( 'NONE', #7865, #5692, #4147 ) ;
#8745 = VECTOR ( 'NONE', #2522, 1000.000000000000000 ) ;
#8746 = ORIENTED_EDGE ( 'NONE', *, *, #2803, .F. ) ;
#8747 = VERTEX_POINT ( 'NONE', #9174 ) ;
#8748 = VERTEX_POINT ( 'NONE', #4093 ) ;
#8749 = ORIENTED_EDGE ( 'NONE', *, *, #1845, .F. ) ;
#8750 = FILL_AREA_STYLE_COLOUR ( '', #4810 ) ;
#8751 = ORIENTED_EDGE ( 'NONE', *, *, #6424, .T. ) ;
#8752 = CARTESIAN_POINT ( 'NONE',  ( 4.474999999999999645, 0.5000000000000000000, -1.525000000000000133 ) ) ;
#8753 = AXIS2_PLACEMENT_3D ( 'NONE', #2026, #8513, #7054 ) ;
#8754 = CARTESIAN_POINT ( 'NONE',  ( 5.514999999999999680, 1.850000000000000089, -2.024999999999999911 ) ) ;
#8755 = FACE_OUTER_BOUND ( 'NONE', #921, .T. ) ;
#8756 = VERTEX_POINT ( 'NONE', #7448 ) ;
#8757 = CARTESIAN_POINT ( 'NONE',  ( 4.474999999999999645, 1.649999999999999911, 2.024999999999999911 ) ) ;
#8758 = ORIENTED_EDGE ( 'NONE', *, *, #1942, .F. ) ;
#8759 = DIRECTION ( 'NONE',  ( 0.0000000000000000000, 0.0000000000000000000, -1.000000000000000000 ) ) ;
#8760 = STYLED_ITEM ( 'NONE', ( #2197 ), #6478 ) ;
#8761 = ORIENTED_EDGE ( 'NONE', *, *, #1942, .T. ) ;
#8762 = DIRECTION ( 'NONE',  ( 0.0000000000000000000, -1.000000000000000000, 0.0000000000000000000 ) ) ;
#8763 = VECTOR ( 'NONE', #8362, 1000.000000000000000 ) ;
#8764 = FACE_OUTER_BOUND ( 'NONE', #117, .T. ) ;
#8765 = CARTESIAN_POINT ( 'NONE',  ( 0.7250000000000000888, 0.0000000000000000000, 2.024999999999999911 ) ) ;
#8766 = DIRECTION ( 'NONE',  ( 0.0000000000000000000, 0.0000000000000000000, -1.000000000000000000 ) ) ;
#8767 = DIRECTION ( 'NONE',  ( 0.0000000000000000000, 0.0000000000000000000, -1.000000000000000000 ) ) ;
#8768 = ORIENTED_EDGE ( 'NONE', *, *, #9147, .F. ) ;
#8769 = SURFACE_SIDE_STYLE ('',( #599 ) ) ;
#8770 = AXIS2_PLACEMENT_3D ( 'NONE', #7755, #3346, #7785 ) ;
#8771 = VECTOR ( 'NONE', #316, 1000.000000000000000 ) ;
#8772 = CARTESIAN_POINT ( 'NONE',  ( 7.475000000000000533, 3.599999999999999201, -0.07500000000000128786 ) ) ;
#8773 = PLANE ( 'NONE',  #4001 ) ;
#8774 = CARTESIAN_POINT ( 'NONE',  ( -0.7249999999999999778, 0.5000000000000000000, 2.024999999999999911 ) ) ;
#8775 = CARTESIAN_POINT ( 'NONE',  ( -0.5150000000000000133, 1.850000000000000089, -2.024999999999999911 ) ) ;
#8776 = LINE ( 'NONE', #6781, #4633 ) ;
#8777 = CARTESIAN_POINT ( 'NONE',  ( -2.024999999999999911, 4.240000000000000213, -2.024999999999999911 ) ) ;
#8778 = VECTOR ( 'NONE', #9456, 1000.000000000000000 ) ;
#8779 = PLANE ( 'NONE',  #7826 ) ;
#8780 = EDGE_CURVE ( 'NONE', #8539, #5659, #2528, .T. ) ;
#8781 = DIRECTION ( 'NONE',  ( 0.0000000000000000000, 1.000000000000000000, 4.336808689942024836E-15 ) ) ;
#8782 = DIRECTION ( 'NONE',  ( 0.0000000000000000000, 0.0000000000000000000, 1.000000000000000000 ) ) ;
#8783 = CARTESIAN_POINT ( 'NONE',  ( 1.974999999999999867, -0.6500000000000000222, -2.075000000000000178 ) ) ;
#8784 = EDGE_LOOP ( 'NONE', ( #6657, #8954, #7218, #7247, #1031, #5364, #6414, #6794, #5618, #6342, #8615, #1375, #3485, #5993, #7225, #865 ) ) ;
#8785 = DIRECTION ( 'NONE',  ( 1.000000000000000000, -0.0000000000000000000, 0.0000000000000000000 ) ) ;
#8786 = ORIENTED_EDGE ( 'NONE', *, *, #5406, .T. ) ;
#8787 = VECTOR ( 'NONE', #2247, 1000.000000000000000 ) ;
#8788 = VERTEX_POINT ( 'NONE', #4060 ) ;
#8789 = CARTESIAN_POINT ( 'NONE',  ( 0.7250000000000000888, 0.3500000000000000333, -2.024999999999999911 ) ) ;
#8790 = EDGE_CURVE ( 'NONE', #205, #5183, #9199, .T. ) ;
#8791 = UNCERTAINTY_MEASURE_WITH_UNIT (LENGTH_MEASURE( 1.000000000000000082E-05 ), #6647, 'distance_accuracy_value', 'NONE');
#8792 = CARTESIAN_POINT ( 'NONE',  ( -0.4249999999999999889, 1.649999999999999911, -1.474999999999999867 ) ) ;
#8793 = AXIS2_PLACEMENT_3D ( 'NONE', #4051, #3235, #3201 ) ;
#8794 = EDGE_CURVE ( 'NONE', #3994, #1862, #358, .T. ) ;
#8795 = SURFACE_STYLE_FILL_AREA ( #7223 ) ;
#8796 = VECTOR ( 'NONE', #5367, 1000.000000000000000 ) ;
#8797 = CARTESIAN_POINT ( 'NONE',  ( 4.474999999999999645, -0.004464445899999999919, 0.003975566199999999890 ) ) ;
#8798 = LINE ( 'NONE', #5358, #2230 ) ;
#8799 = VECTOR ( 'NONE', #9044, 1000.000000000000000 ) ;
#8800 = ORIENTED_EDGE ( 'NONE', *, *, #8524, .T. ) ;
#8801 =( GEOMETRIC_REPRESENTATION_CONTEXT ( 3 ) GLOBAL_UNCERTAINTY_ASSIGNED_CONTEXT ( ( #6774 ) ) GLOBAL_UNIT_ASSIGNED_CONTEXT ( ( #2077, #3446, #5706 ) ) REPRESENTATION_CONTEXT ( 'NONE', 'WORKASPACE' ) );
#8802 = CARTESIAN_POINT ( 'NONE',  ( 7.275000000000001243, 0.6000000000000024203, 1.375000000000002442 ) ) ;
#8803 = ORIENTED_EDGE ( 'NONE', *, *, #1899, .F. ) ;
#8804 = CARTESIAN_POINT ( 'NONE',  ( 6.625000000000000000, 1.000000000000000000, -1.525000000000000133 ) ) ;
#8805 = DIRECTION ( 'NONE',  ( 0.0000000000000000000, -1.000000000000000000, 0.0000000000000000000 ) ) ;
#8806 = VECTOR ( 'NONE', #6721, 1000.000000000000000 ) ;
#8807 = CARTESIAN_POINT ( 'NONE',  ( 0.5150000000000000133, 1.850000000000000089, -2.024999999999999911 ) ) ;
#8808 = DIRECTION ( 'NONE',  ( 0.0000000000000000000, -1.000000000000000000, 0.0000000000000000000 ) ) ;
#8809 = CARTESIAN_POINT ( 'NONE',  ( -0.5250000000000000222, 0.05000000000000002359, -1.775000000000000133 ) ) ;
#8810 = DIRECTION ( 'NONE',  ( 0.0000000000000000000, -1.000000000000000000, 0.0000000000000000000 ) ) ;
#8811 = VECTOR ( 'NONE', #373, 1000.000000000000000 ) ;
#8812 =( NAMED_UNIT ( * ) SI_UNIT ( $, .STERADIAN. ) SOLID_ANGLE_UNIT ( ) );
#8813 = VECTOR ( 'NONE', #8650, 1000.000000000000000 ) ;
#8814 = MECHANICAL_DESIGN_GEOMETRIC_PRESENTATION_REPRESENTATION (  '', ( #8932 ), #7949 ) ;
#8815 = LINE ( 'NONE', #9320, #2707 ) ;
#8816 = EDGE_CURVE ( 'NONE', #6111, #656, #6222, .T. ) ;
#8817 = VECTOR ( 'NONE', #3438, 1000.000000000000000 ) ;
#8818 = CARTESIAN_POINT ( 'NONE',  ( -0.7349999999999999867, 1.649999999999999911, -1.474999999999999867 ) ) ;
#8819 = VECTOR ( 'NONE', #3570, 1000.000000000000000 ) ;
#8820 = FILL_AREA_STYLE_COLOUR ( '', #4065 ) ;
#8821 = SURFACE_SIDE_STYLE ('',( #1716 ) ) ;
#8822 = EDGE_CURVE ( 'NONE', #2060, #1936, #1485, .T. ) ;
#8823 = CARTESIAN_POINT ( 'NONE',  ( 3.825000000000000178, 1.850000000000000089, -1.474999999999999867 ) ) ;
#8824 = LINE ( 'NONE', #9151, #8480 ) ;
#8825 = ORIENTED_EDGE ( 'NONE', *, *, #3491, .T. ) ;
#8826 = ORIENTED_EDGE ( 'NONE', *, *, #4755, .F. ) ;
#8827 = EDGE_CURVE ( 'NONE', #7408, #8188, #2753, .T. ) ;
#8828 = DIRECTION ( 'NONE',  ( 0.0000000000000000000, 1.000000000000000000, 0.0000000000000000000 ) ) ;
#8829 = ORIENTED_EDGE ( 'NONE', *, *, #8937, .T. ) ;
#8830 = DIRECTION ( 'NONE',  ( 1.000000000000000000, 0.0000000000000000000, 0.0000000000000000000 ) ) ;
#8831 = SURFACE_STYLE_USAGE ( .BOTH. , #8769 ) ;
#8832 = ORIENTED_EDGE ( 'NONE', *, *, #1874, .F. ) ;
#8833 = CARTESIAN_POINT ( 'NONE',  ( 0.7249999999999999778, 0.0000000000000000000, 2.024999999999999911 ) ) ;
#8834 = LINE ( 'NONE', #5523, #5629 ) ;
#8835 = SURFACE_STYLE_USAGE ( .BOTH. , #8875 ) ;
#8836 = ORIENTED_EDGE ( 'NONE', *, *, #7623, .F. ) ;
#8837 = CARTESIAN_POINT ( 'NONE',  ( -0.7249999999999999778, 0.0000000000000000000, 0.0000000000000000000 ) ) ;
#8838 = DIRECTION ( 'NONE',  ( -1.000000000000000000, 0.0000000000000000000, 0.0000000000000000000 ) ) ;
#8839 = VERTEX_POINT ( 'NONE', #418 ) ;
#8840 = PLANE ( 'NONE',  #4071 ) ;
#8841 = MECHANICAL_DESIGN_GEOMETRIC_PRESENTATION_REPRESENTATION (  '', ( #3915 ), #4901 ) ;
#8842 = ORIENTED_EDGE ( 'NONE', *, *, #9202, .F. ) ;
#8843 = DIRECTION ( 'NONE',  ( 0.0000000000000000000, -1.000000000000000000, 0.0000000000000000000 ) ) ;
#8844 = EDGE_CURVE ( 'NONE', #5175, #9396, #4730, .T. ) ;
#8845 = DIRECTION ( 'NONE',  ( -1.000000000000000000, 0.0000000000000000000, 0.0000000000000000000 ) ) ;
#8846 = ORIENTED_EDGE ( 'NONE', *, *, #8162, .F. ) ;
#8847 = EDGE_CURVE ( 'NONE', #2633, #5512, #1590, .T. ) ;
#8848 = DIRECTION ( 'NONE',  ( 0.0000000000000000000, -1.084202172485501673E-15, -1.000000000000000000 ) ) ;
#8849 = CARTESIAN_POINT ( 'NONE',  ( 7.275000000000001243, 2.250000000000000000, -2.024999999999999911 ) ) ;
#8850 = ORIENTED_EDGE ( 'NONE', *, *, #6076, .T. ) ;
#8851 = ORIENTED_EDGE ( 'NONE', *, *, #4792, .T. ) ;
#8852 = CARTESIAN_POINT ( 'NONE',  ( 7.456138830084191760, 2.750000000000000000, -0.4749999999999999778 ) ) ;
#8853 = CARTESIAN_POINT ( 'NONE',  ( 3.225000000000000089, 1.850000000000000089, -2.024999999999999911 ) ) ;
#8854 = CARTESIAN_POINT ( 'NONE',  ( -0.7249999999999999778, 0.3499999999999999778, -2.075000000000000178 ) ) ;
#8855 = ORIENTED_EDGE ( 'NONE', *, *, #8587, .T. ) ;
#8856 = VECTOR ( 'NONE', #6615, 1000.000000000000000 ) ;
#8857 = DIRECTION ( 'NONE',  ( 1.000000000000000000, 0.0000000000000000000, 0.0000000000000000000 ) ) ;
#8858 = ORIENTED_EDGE ( 'NONE', *, *, #4183, .F. ) ;
#8859 = AXIS2_PLACEMENT_3D ( 'NONE', #1953, #7848, #4921 ) ;
#8860 = EDGE_CURVE ( 'NONE', #3784, #6088, #4966, .T. ) ;
#8861 = VECTOR ( 'NONE', #9297, 1000.000000000000000 ) ;
#8862 = ORIENTED_EDGE ( 'NONE', *, *, #4393, .T. ) ;
#8863 = VERTEX_POINT ( 'NONE', #8450 ) ;
#8864 = FILL_AREA_STYLE ('',( #5262 ) ) ;
#8865 = DIRECTION ( 'NONE',  ( 0.0000000000000000000, -1.000000000000000000, 0.0000000000000000000 ) ) ;
#8866 = ORIENTED_EDGE ( 'NONE', *, *, #1432, .F. ) ;
#8867 = ORIENTED_EDGE ( 'NONE', *, *, #6199, .F. ) ;
#8868 = DIRECTION ( 'NONE',  ( 0.0000000000000000000, 3.252606517456512119E-15, -1.000000000000000000 ) ) ;
#8869 = LINE ( 'NONE', #7601, #4396 ) ;
#8870 = LINE ( 'NONE', #1701, #1708 ) ;
#8871 = VERTEX_POINT ( 'NONE', #3335 ) ;
#8872 = ORIENTED_EDGE ( 'NONE', *, *, #7174, .F. ) ;
#8873 = ORIENTED_EDGE ( 'NONE', *, *, #4836, .T. ) ;
#8874 = MECHANICAL_DESIGN_GEOMETRIC_PRESENTATION_REPRESENTATION (  '', ( #6227 ), #5192 ) ;
#8875 = SURFACE_SIDE_STYLE ('',( #180 ) ) ;
#8876 = DIRECTION ( 'NONE',  ( -1.000000000000000000, 0.0000000000000000000, 0.0000000000000000000 ) ) ;
#8877 = DIRECTION ( 'NONE',  ( 0.0000000000000000000, 0.0000000000000000000, 1.000000000000000000 ) ) ;
#8878 = VERTEX_POINT ( 'NONE', #8484 ) ;
#8879 = FACE_OUTER_BOUND ( 'NONE', #4222, .T. ) ;
#8880 = ORIENTED_EDGE ( 'NONE', *, *, #8790, .F. ) ;
#8881 = CARTESIAN_POINT ( 'NONE',  ( 6.875000000000000888, 1.850000000000000089, 2.024999999999999911 ) ) ;
#8882 = ADVANCED_FACE ( 'NONE', ( #3003 ), #7618, .T. ) ;
#8883 = ORIENTED_EDGE ( 'NONE', *, *, #3285, .T. ) ;
#8884 = CARTESIAN_POINT ( 'NONE',  ( 0.7349999999999999867, 1.850000000000000089, -1.025000000000000133 ) ) ;
#8885 = DIRECTION ( 'NONE',  ( 0.0000000000000000000, 0.0000000000000000000, -1.000000000000000000 ) ) ;
#8886 = COLOUR_RGB ( '',0.6470588235294117974, 0.6196078431372549211, 0.5882352941176470784 ) ;
#8887 = CARTESIAN_POINT ( 'NONE',  ( 4.474999999999999645, 1.850000000000000089, -1.025000000000000133 ) ) ;
#8888 = EDGE_CURVE ( 'NONE', #7243, #1154, #8870, .T. ) ;
#8889 = PRESENTATION_STYLE_ASSIGNMENT (( #3052 ) ) ;
#8890 = ORIENTED_EDGE ( 'NONE', *, *, #8628, .T. ) ;
#8891 = EDGE_CURVE ( 'NONE', #4157, #2616, #814, .T. ) ;
#8892 = ORIENTED_EDGE ( 'NONE', *, *, #9327, .T. ) ;
#8893 = VECTOR ( 'NONE', #303, 1000.000000000000000 ) ;
#8894 = COLOUR_RGB ( '',0.6470588235294117974, 0.6196078431372549211, 0.5882352941176470784 ) ;
#8895 = DIRECTION ( 'NONE',  ( -0.0000000000000000000, 1.000000000000000000, 0.0000000000000000000 ) ) ;
#8896 = AXIS2_PLACEMENT_3D ( 'NONE', #1060, #8661, #2017 ) ;
#8897 = ADVANCED_FACE ( 'NONE', ( #1028 ), #8356, .T. ) ;
#8898 = CARTESIAN_POINT ( 'NONE',  ( 7.275000000000001243, 4.240000000000000213, 0.0000000000000000000 ) ) ;
#8899 = ORIENTED_EDGE ( 'NONE', *, *, #9518, .T. ) ;
#8900 = DIRECTION ( 'NONE',  ( 0.0000000000000000000, -1.000000000000000000, -3.212450881438532635E-15 ) ) ;
#8901 = VECTOR ( 'NONE', #6563, 1000.000000000000000 ) ;
#8902 = EDGE_CURVE ( 'NONE', #8141, #1597, #9315, .T. ) ;
#8903 = EDGE_CURVE ( 'NONE', #6665, #6769, #7368, .T. ) ;
#8904 = PLANE ( 'NONE',  #2818 ) ;
#8905 = VECTOR ( 'NONE', #9504, 1000.000000000000000 ) ;
#8906 = DIRECTION ( 'NONE',  ( 0.0000000000000000000, -1.000000000000000000, 0.0000000000000000000 ) ) ;
#8907 = LINE ( 'NONE', #8234, #5924 ) ;
#8908 = LINE ( 'NONE', #6310, #5011 ) ;
#8909 = MANIFOLD_SOLID_BREP ( 'Combine3', #3107 ) ;
#8910 = VECTOR ( 'NONE', #2371, 1000.000000000000000 ) ;
#8911 = ORIENTED_EDGE ( 'NONE', *, *, #622, .T. ) ;
#8912 = LINE ( 'NONE', #7585, #6720 ) ;
#8913 = CARTESIAN_POINT ( 'NONE',  ( 7.875000000000000000, 1.949999999999999512, 2.025000000000007017 ) ) ;
#8914 = EDGE_CURVE ( 'NONE', #1154, #8029, #5987, .T. ) ;
#8915 = SURFACE_STYLE_USAGE ( .BOTH. , #6694 ) ;
#8916 = AXIS2_PLACEMENT_3D ( 'NONE', #8028, #7379, #6609 ) ;
#8917 = LINE ( 'NONE', #3247, #7170 ) ;
#8918 = CARTESIAN_POINT ( 'NONE',  ( 2.075000000000000178, 1.649999999999999911, -1.474999999999999867 ) ) ;
#8919 = VECTOR ( 'NONE', #6840, 1000.000000000000000 ) ;
#8920 = CARTESIAN_POINT ( 'NONE',  ( 0.5249999999999999112, 0.05000000000000002359, -1.775000000000000133 ) ) ;
#8921 = FACE_OUTER_BOUND ( 'NONE', #6421, .T. ) ;
#8922 = MECHANICAL_DESIGN_GEOMETRIC_PRESENTATION_REPRESENTATION (  '', ( #1510 ), #5302 ) ;
#8923 = DIRECTION ( 'NONE',  ( 0.0000000000000000000, -0.6650335612228979176, -0.7468134723257140450 ) ) ;
#8924 = CARTESIAN_POINT ( 'NONE',  ( -2.875000000000000000, 1.949999999999999512, 2.025000000000007017 ) ) ;
#8925 = AXIS2_PLACEMENT_3D ( 'NONE', #1425, #59, #2244 ) ;
#8926 = FACE_OUTER_BOUND ( 'NONE', #7606, .T. ) ;
#8927 = ORIENTED_EDGE ( 'NONE', *, *, #2229, .F. ) ;
#8928 = SURFACE_SIDE_STYLE ('',( #567 ) ) ;
#8929 = LINE ( 'NONE', #5760, #7428 ) ;
#8930 = CARTESIAN_POINT ( 'NONE',  ( 3.750000000000000000, 0.0000000000000000000, -1.025000000000000133 ) ) ;
#8931 = CARTESIAN_POINT ( 'NONE',  ( -2.024999999999999911, 4.250000000000000000, -1.925000000000000044 ) ) ;
#8932 = STYLED_ITEM ( 'NONE', ( #6732 ), #4457 ) ;
#8933 = CARTESIAN_POINT ( 'NONE',  ( -2.274999999999999911, 4.250000000000000000, -0.07499999999999998335 ) ) ;
#8934 = FACE_OUTER_BOUND ( 'NONE', #7139, .T. ) ;
#8935 = ORIENTED_EDGE ( 'NONE', *, *, #1144, .F. ) ;
#8936 = ORIENTED_EDGE ( 'NONE', *, *, #6744, .F. ) ;
#8937 = EDGE_CURVE ( 'NONE', #3210, #8285, #1249, .T. ) ;
#8938 = VERTEX_POINT ( 'NONE', #3493 ) ;
#8939 = MECHANICAL_DESIGN_GEOMETRIC_PRESENTATION_REPRESENTATION (  '', ( #6485 ), #2656 ) ;
#8940 = ORIENTED_EDGE ( 'NONE', *, *, #4122, .F. ) ;
#8941 = CARTESIAN_POINT ( 'NONE',  ( 7.025000000000001243, 2.250000000000000000, -2.024999999999999911 ) ) ;
#8942 = DIRECTION ( 'NONE',  ( -1.000000000000000000, 0.0000000000000000000, 0.0000000000000000000 ) ) ;
#8943 = VECTOR ( 'NONE', #7292, 1000.000000000000000 ) ;
#8944 = ORIENTED_EDGE ( 'NONE', *, *, #4766, .F. ) ;
#8945 = ORIENTED_EDGE ( 'NONE', *, *, #3814, .F. ) ;
#8946 = ORIENTED_EDGE ( 'NONE', *, *, #2988, .F. ) ;
#8947 = ORIENTED_EDGE ( 'NONE', *, *, #5650, .T. ) ;
#8948 =( NAMED_UNIT ( * ) SI_UNIT ( $, .STERADIAN. ) SOLID_ANGLE_UNIT ( ) );
#8949 = EDGE_CURVE ( 'NONE', #4693, #7449, #7592, .T. ) ;
#8950 = ORIENTED_EDGE ( 'NONE', *, *, #2797, .F. ) ;
#8951 = CARTESIAN_POINT ( 'NONE',  ( 7.275000000000001243, 2.224999999999998757, -2.025000000000007905 ) ) ;
#8952 = ORIENTED_EDGE ( 'NONE', *, *, #7645, .T. ) ;
#8953 = FACE_OUTER_BOUND ( 'NONE', #2025, .T. ) ;
#8954 = ORIENTED_EDGE ( 'NONE', *, *, #6845, .T. ) ;
#8955 = EDGE_CURVE ( 'NONE', #8236, #6223, #4153, .T. ) ;
#8956 = CARTESIAN_POINT ( 'NONE',  ( -0.5250000000000000222, -0.004464445899999999919, 0.003975566199999999890 ) ) ;
#8957 = LINE ( 'NONE', #2481, #897 ) ;
#8958 = ORIENTED_EDGE ( 'NONE', *, *, #5837, .F. ) ;
#8959 = CARTESIAN_POINT ( 'NONE',  ( 5.525000000000000355, 0.5547525681000000652, 2.024999999999999911 ) ) ;
#8960 = ADVANCED_FACE ( 'NONE', ( #805 ), #7775, .F. ) ;
#8961 = VERTEX_POINT ( 'NONE', #441 ) ;
#8962 = PLANE ( 'NONE',  #2637 ) ;
#8963 = LINE ( 'NONE', #9039, #9076 ) ;
#8964 = VERTEX_POINT ( 'NONE', #8636 ) ;
#8965 = CARTESIAN_POINT ( 'NONE',  ( 1.984999999999999876, 1.850000000000000089, -1.025000000000000133 ) ) ;
#8966 = VECTOR ( 'NONE', #765, 1000.000000000000000 ) ;
#8967 = ORIENTED_EDGE ( 'NONE', *, *, #8949, .T. ) ;
#8968 = CARTESIAN_POINT ( 'NONE',  ( -0.8750000000000000000, 3.750000000000000000, 2.024999999999999911 ) ) ;
#8969 = EDGE_CURVE ( 'NONE', #1148, #607, #7469, .T. ) ;
#8970 = ORIENTED_EDGE ( 'NONE', *, *, #8453, .F. ) ;
#8971 = EDGE_CURVE ( 'NONE', #7833, #452, #9302, .T. ) ;
#8972 = ORIENTED_EDGE ( 'NONE', *, *, #6505, .T. ) ;
#8973 = LINE ( 'NONE', #8060, #7939 ) ;
#8974 =( NAMED_UNIT ( * ) SI_UNIT ( $, .STERADIAN. ) SOLID_ANGLE_UNIT ( ) );
#8975 = FACE_OUTER_BOUND ( 'NONE', #6103, .T. ) ;
#8976 = ORIENTED_EDGE ( 'NONE', *, *, #2523, .T. ) ;
#8977 = DIRECTION ( 'NONE',  ( -1.000000000000000000, 0.0000000000000000000, 0.0000000000000000000 ) ) ;
#8978 = ORIENTED_EDGE ( 'NONE', *, *, #383, .F. ) ;
#8979 = VERTEX_POINT ( 'NONE', #9331 ) ;
#8980 = DIRECTION ( 'NONE',  ( 0.0000000000000000000, 0.0000000000000000000, -1.000000000000000000 ) ) ;
#8981 = AXIS2_PLACEMENT_3D ( 'NONE', #4867, #1920, #6282 ) ;
#8982 = VERTEX_POINT ( 'NONE', #1173 ) ;
#8983 = CARTESIAN_POINT ( 'NONE',  ( 0.7250000000000000888, 1.850000000000000089, -1.698606797699999893 ) ) ;
#8984 = LINE ( 'NONE', #9029, #7015 ) ;
#8985 = VERTEX_POINT ( 'NONE', #7835 ) ;
#8986 = ADVANCED_FACE ( 'NONE', ( #108 ), #6331, .F. ) ;
#8987 = ORIENTED_EDGE ( 'NONE', *, *, #4686, .F. ) ;
#8988 = DIRECTION ( 'NONE',  ( 0.0000000000000000000, 0.0000000000000000000, 1.000000000000000000 ) ) ;
#8989 = ORIENTED_EDGE ( 'NONE', *, *, #1928, .T. ) ;
#8990 = FACE_OUTER_BOUND ( 'NONE', #2093, .T. ) ;
#8991 = FILL_AREA_STYLE ('',( #5405 ) ) ;
#8992 = AXIS2_PLACEMENT_3D ( 'NONE', #2455, #1101, #4086 ) ;
#8993 = LINE ( 'NONE', #2470, #6799 ) ;
#8994 = VECTOR ( 'NONE', #7414, 1000.000000000000000 ) ;
#8996 = ORIENTED_EDGE ( 'NONE', *, *, #2774, .F. ) ;
#8995 = CARTESIAN_POINT ( 'NONE',  ( 1.775000000000000133, 0.5000000000000000000, -1.525000000000000133 ) ) ;
#8997 = EDGE_CURVE ( 'NONE', #151, #2449, #1943, .T. ) ;
#8998 = CARTESIAN_POINT ( 'NONE',  ( 5.735000000000000320, 1.000000000000000000, -2.024999999999999911 ) ) ;
#8999 = ORIENTED_EDGE ( 'NONE', *, *, #1785, .T. ) ;
#9000 = DIRECTION ( 'NONE',  ( -1.000000000000000000, 0.0000000000000000000, 0.0000000000000000000 ) ) ;
#9001 = VECTOR ( 'NONE', #2830, 1000.000000000000000 ) ;
#9002 = CLOSED_SHELL ( 'NONE', ( #2514, #8167, #1911, #5058, #7780, #51, #5485, #5150, #3902, #8140, #1008, #4026, #166, #1567, #6309, #2427, #2138, #5931 ) ) ;
#9003 = PLANE ( 'NONE',  #4421 ) ;
#9004 = LINE ( 'NONE', #2845, #2209 ) ;
#9005 = DIRECTION ( 'NONE',  ( 0.0000000000000000000, 0.0000000000000000000, -1.000000000000000000 ) ) ;
#9006 = CARTESIAN_POINT ( 'NONE',  ( 3.324999999999999734, 1.649999999999999911, 2.024999999999999911 ) ) ;
#9007 = VERTEX_POINT ( 'NONE', #3430 ) ;
#9008 = EDGE_CURVE ( 'NONE', #2278, #5546, #7113, .T. ) ;
#9009 = VECTOR ( 'NONE', #1278, 1000.000000000000000 ) ;
#9010 = VERTEX_POINT ( 'NONE', #8548 ) ;
#9011 = AXIS2_PLACEMENT_3D ( 'NONE', #2615, #1802, #8419 ) ;
#9012 = VECTOR ( 'NONE', #5349, 1000.000000000000000 ) ;
#9013 = CARTESIAN_POINT ( 'NONE',  ( 0.7349999999999999867, 1.649999999999999911, -1.025000000000000133 ) ) ;
#9014 = LINE ( 'NONE', #9198, #272 ) ;
#9015 = EDGE_CURVE ( 'NONE', #2316, #9510, #2176, .T. ) ;
#9016 = EDGE_CURVE ( 'NONE', #9329, #7710, #2053, .T. ) ;
#9017 = FILL_AREA_STYLE_COLOUR ( '', #8631 ) ;
#9018 = CARTESIAN_POINT ( 'NONE',  ( 5.825000000000001066, 1.649999999999999911, 2.024999999999999911 ) ) ;
#9019 = PLANE ( 'NONE',  #1897 ) ;
#9020 = FACE_OUTER_BOUND ( 'NONE', #5048, .T. ) ;
#9021 = ORIENTED_EDGE ( 'NONE', *, *, #5259, .F. ) ;
#9022 = DIRECTION ( 'NONE',  ( -1.000000000000000000, 0.0000000000000000000, 0.0000000000000000000 ) ) ;
#9023 = VECTOR ( 'NONE', #1207, 1000.000000000000000 ) ;
#9024 = AXIS2_PLACEMENT_3D ( 'NONE', #7991, #8127, #8090 ) ;
#9025 = FACE_BOUND ( 'NONE', #6081, .T. ) ;
#9026 = EDGE_CURVE ( 'NONE', #7833, #721, #4606, .T. ) ;
#9027 = VECTOR ( 'NONE', #3405, 1000.000000000000000 ) ;
#9028 = EDGE_CURVE ( 'NONE', #9429, #8982, #4387, .T. ) ;
#9029 = CARTESIAN_POINT ( 'NONE',  ( -2.274999999999999911, 3.600000000000000977, -1.425000000000000044 ) ) ;
#9030 = DIRECTION ( 'NONE',  ( 0.0000000000000000000, 0.0000000000000000000, -1.000000000000000000 ) ) ;
#9031 = LINE ( 'NONE', #7064, #4556 ) ;
#9032 = CARTESIAN_POINT ( 'NONE',  ( -2.500000000000000000, 4.009511388567677415, -0.07499999999999998335 ) ) ;
#9033 = CARTESIAN_POINT ( 'NONE',  ( 0.7250000000000000888, 0.0000000000000000000, 2.024999999999999911 ) ) ;
#9034 = VERTEX_POINT ( 'NONE', #478 ) ;
#9035 = PLANE ( 'NONE',  #4443 ) ;
#9036 = CARTESIAN_POINT ( 'NONE',  ( 3.024999999999999911, 1.850000000000000089, 2.024999999999999911 ) ) ;
#9037 = LINE ( 'NONE', #4400, #9137 ) ;
#9038 = CARTESIAN_POINT ( 'NONE',  ( 0.4249999999999999889, 1.649999999999999911, -1.698606797699999893 ) ) ;
#9039 = CARTESIAN_POINT ( 'NONE',  ( 1.975000000000000089, 0.5000000000000000000, -1.525000000000000133 ) ) ;
#9040 = LINE ( 'NONE', #2463, #9490 ) ;
#9041 = CARTESIAN_POINT ( 'NONE',  ( 1.975000000000000089, 0.5000000000000000000, 0.0000000000000000000 ) ) ;
#9042 = PRESENTATION_STYLE_ASSIGNMENT (( #8835 ) ) ;
#9043 = EDGE_CURVE ( 'NONE', #9510, #994, #6443, .T. ) ;
#9044 = DIRECTION ( 'NONE',  ( -1.000000000000000000, 0.0000000000000000000, 0.0000000000000000000 ) ) ;
#9045 = ORIENTED_EDGE ( 'NONE', *, *, #7418, .T. ) ;
#9046 = DIRECTION ( 'NONE',  ( -1.000000000000000000, 0.0000000000000000000, 0.0000000000000000000 ) ) ;
#9047 = LINE ( 'NONE', #7251, #530 ) ;
#9048 = PRESENTATION_LAYER_ASSIGNMENT (  '', '', ( #8560 ) ) ;
#9049 = LINE ( 'NONE', #770, #768 ) ;
#9050 = AXIS2_PLACEMENT_3D ( 'NONE', #6432, #1984, #8740 ) ;
#9051 = PLANE ( 'NONE',  #669 ) ;
#9052 = VECTOR ( 'NONE', #967, 1000.000000000000000 ) ;
#9053 = DIRECTION ( 'NONE',  ( 0.0000000000000000000, 0.0000000000000000000, -1.000000000000000000 ) ) ;
#9054 = ORIENTED_EDGE ( 'NONE', *, *, #5688, .F. ) ;
#9055 = ORIENTED_EDGE ( 'NONE', *, *, #2912, .T. ) ;
#9056 = DIRECTION ( 'NONE',  ( 0.0000000000000000000, -1.000000000000000000, 0.0000000000000000000 ) ) ;
#9057 = ORIENTED_EDGE ( 'NONE', *, *, #6858, .F. ) ;
#9058 =( LENGTH_UNIT ( ) NAMED_UNIT ( * ) SI_UNIT ( .MILLI., .METRE. ) );
#9059 = ORIENTED_EDGE ( 'NONE', *, *, #7987, .F. ) ;
#9060 = LINE ( 'NONE', #405, #2728 ) ;
#9061 = CARTESIAN_POINT ( 'NONE',  ( 3.024999999999999911, 1.649999999999999911, -1.474999999999999867 ) ) ;
#9062 = ORIENTED_EDGE ( 'NONE', *, *, #8200, .T. ) ;
#9063 = FILL_AREA_STYLE ('',( #3159 ) ) ;
#9064 = ORIENTED_EDGE ( 'NONE', *, *, #2251, .F. ) ;
#9065 = CARTESIAN_POINT ( 'NONE',  ( 7.875000000000000000, 0.6000000000000024203, 1.375000000000002442 ) ) ;
#9066 = ORIENTED_EDGE ( 'NONE', *, *, #1317, .F. ) ;
#9067 = LINE ( 'NONE', #1609, #1931 ) ;
#9068 = ORIENTED_EDGE ( 'NONE', *, *, #846, .T. ) ;
#9069 = LINE ( 'NONE', #8802, #6877 ) ;
#9070 = ORIENTED_EDGE ( 'NONE', *, *, #1103, .T. ) ;
#9071 = DIRECTION ( 'NONE',  ( -1.000000000000000000, 0.0000000000000000000, 0.0000000000000000000 ) ) ;
#9072 = UNCERTAINTY_MEASURE_WITH_UNIT (LENGTH_MEASURE( 1.000000000000000082E-05 ), #3787, 'distance_accuracy_value', 'NONE');
#9073 = CARTESIAN_POINT ( 'NONE',  ( 0.5150000000000000133, 1.000000000000000000, -1.025000000000000133 ) ) ;
#9074 = ORIENTED_EDGE ( 'NONE', *, *, #531, .T. ) ;
#9075 = EDGE_CURVE ( 'NONE', #8305, #2639, #1016, .T. ) ;
#9076 = VECTOR ( 'NONE', #1660, 1000.000000000000000 ) ;
#9077 = ORIENTED_EDGE ( 'NONE', *, *, #7149, .T. ) ;
#9078 = VECTOR ( 'NONE', #7274, 1000.000000000000000 ) ;
#9079 = VERTEX_POINT ( 'NONE', #7959 ) ;
#9080 = CARTESIAN_POINT ( 'NONE',  ( 0.8249999999999999556, 1.850000000000000089, -1.474999999999999867 ) ) ;
#9081 = ORIENTED_EDGE ( 'NONE', *, *, #5961, .T. ) ;
#9082 = DIRECTION ( 'NONE',  ( -1.000000000000000000, 0.0000000000000000000, 0.0000000000000000000 ) ) ;
#9083 = ORIENTED_EDGE ( 'NONE', *, *, #3562, .F. ) ;
#9084 = CARTESIAN_POINT ( 'NONE',  ( -2.274999999999999911, 0.6000000000000076383, -0.2249999999999982014 ) ) ;
#9085 = CARTESIAN_POINT ( 'NONE',  ( 0.7249999999999999778, 1.850000000000000089, 2.024999999999999911 ) ) ;
#9086 = CARTESIAN_POINT ( 'NONE',  ( -2.475000000000000089, 3.600000000000000089, -1.425000000000000933 ) ) ;
#9087 = VERTEX_POINT ( 'NONE', #1410 ) ;
#9088 = VECTOR ( 'NONE', #906, 1000.000000000000000 ) ;
#9089 = DIRECTION ( 'NONE',  ( -1.000000000000000000, 0.0000000000000000000, 0.0000000000000000000 ) ) ;
#9090 = EDGE_CURVE ( 'NONE', #3425, #8262, #3916, .T. ) ;
#9091 = VECTOR ( 'NONE', #6110, 1000.000000000000000 ) ;
#9092 = ORIENTED_EDGE ( 'NONE', *, *, #9464, .F. ) ;
#9093 = EDGE_LOOP ( 'NONE', ( #6191, #4607, #3094, #361, #7480, #4642, #4937, #689, #7702, #8872, #1135, #5196, #6846, #5146, #3797, #3 ) ) ;
#9094 = CARTESIAN_POINT ( 'NONE',  ( 3.024999999999999911, 1.850000000000000089, -1.025000000000000133 ) ) ;
#9095 = ORIENTED_EDGE ( 'NONE', *, *, #1131, .F. ) ;
#9096 = ORIENTED_EDGE ( 'NONE', *, *, #2364, .F. ) ;
#9097 = DIRECTION ( 'NONE',  ( -0.0000000000000000000, -0.0000000000000000000, 1.000000000000000000 ) ) ;
#9098 = ADVANCED_FACE ( 'NONE', ( #8 ), #8669, .T. ) ;
#9099 = DIRECTION ( 'NONE',  ( 0.0000000000000000000, 0.0000000000000000000, -1.000000000000000000 ) ) ;
#9100 = LINE ( 'NONE', #1852, #3013 ) ;
#9101 = ORIENTED_EDGE ( 'NONE', *, *, #7096, .F. ) ;
#9102 = AXIS2_PLACEMENT_3D ( 'NONE', #479, #1201, #1229 ) ;
#9103 = VECTOR ( 'NONE', #4117, 1000.000000000000000 ) ;
#9104 = ORIENTED_EDGE ( 'NONE', *, *, #1310, .T. ) ;
#9105 = STYLED_ITEM ( 'NONE', ( #3479 ), #8103 ) ;
#9106 = SURFACE_SIDE_STYLE ('',( #183 ) ) ;
#9107 = ORIENTED_EDGE ( 'NONE', *, *, #958, .T. ) ;
#9108 = DIRECTION ( 'NONE',  ( -1.000000000000000000, 0.0000000000000000000, 0.0000000000000000000 ) ) ;
#9109 = VECTOR ( 'NONE', #813, 1000.000000000000000 ) ;
#9110 = LINE ( 'NONE', #1450, #6475 ) ;
#9111 = AXIS2_PLACEMENT_3D ( 'NONE', #2590, #6237, #1810 ) ;
#9112 = ORIENTED_EDGE ( 'NONE', *, *, #5949, .T. ) ;
#9113 = CARTESIAN_POINT ( 'NONE',  ( -0.4249999999999999889, 1.649999999999999911, 2.024999999999999911 ) ) ;
#9114 = LINE ( 'NONE', #4702, #8893 ) ;
#9115 = CARTESIAN_POINT ( 'NONE',  ( 5.525000000000000355, 0.5000000000000000000, 0.0000000000000000000 ) ) ;
#9116 = EDGE_CURVE ( 'NONE', #243, #4367, #7708, .T. ) ;
#9117 = LINE ( 'NONE', #8517, #5223 ) ;
#9118 = CARTESIAN_POINT ( 'NONE',  ( -1.875000000000000000, 3.750000000000000000, 2.025999999999999801 ) ) ;
#9119 = LINE ( 'NONE', #7792, #4643 ) ;
#9120 = DIRECTION ( 'NONE',  ( 1.000000000000000000, 0.0000000000000000000, 0.0000000000000000000 ) ) ;
#9121 = ADVANCED_FACE ( 'NONE', ( #568 ), #2094, .F. ) ;
#9122 = EDGE_LOOP ( 'NONE', ( #8758, #8635, #3364, #5527 ) ) ;
#9123 = ORIENTED_EDGE ( 'NONE', *, *, #4221, .F. ) ;
#9124 = DIRECTION ( 'NONE',  ( 0.0000000000000000000, 1.000000000000000000, 0.0000000000000000000 ) ) ;
#9125 = DIRECTION ( 'NONE',  ( 1.000000000000000000, 0.0000000000000000000, 0.0000000000000000000 ) ) ;
#9126 = VERTEX_POINT ( 'NONE', #4299 ) ;
#9127 = FACE_OUTER_BOUND ( 'NONE', #5985, .T. ) ;
#9128 = FILL_AREA_STYLE_COLOUR ( '', #727 ) ;
#9129 = DIRECTION ( 'NONE',  ( -1.000000000000000000, 0.0000000000000000000, 0.0000000000000000000 ) ) ;
#9130 = EDGE_CURVE ( 'NONE', #850, #4526, #2643, .T. ) ;
#9131 =( NAMED_UNIT ( * ) SI_UNIT ( $, .STERADIAN. ) SOLID_ANGLE_UNIT ( ) );
#9132 = LINE ( 'NONE', #7219, #8910 ) ;
#9133 = EDGE_CURVE ( 'NONE', #2757, #7851, #5653, .T. ) ;
#9134 = DIRECTION ( 'NONE',  ( 0.0000000000000000000, -1.000000000000000000, -4.003208021484939327E-15 ) ) ;
#9135 = VECTOR ( 'NONE', #7028, 1000.000000000000000 ) ;
#9136 = CARTESIAN_POINT ( 'NONE',  ( -2.475000000000000089, 2.224999999999998757, -2.025000000000007905 ) ) ;
#9137 = VECTOR ( 'NONE', #1406, 1000.000000000000000 ) ;
#9138 = DIRECTION ( 'NONE',  ( 0.0000000000000000000, 0.0000000000000000000, -1.000000000000000000 ) ) ;
#9139 = LINE ( 'NONE', #682, #4439 ) ;
#9140 = AXIS2_PLACEMENT_3D ( 'NONE', #74, #110, #826 ) ;
#9141 = LINE ( 'NONE', #5892, #3513 ) ;
#9142 = ADVANCED_FACE ( 'NONE', ( #1475 ), #6579, .T. ) ;
#9143 = VECTOR ( 'NONE', #1218, 1000.000000000000000 ) ;
#9144 = DIRECTION ( 'NONE',  ( 0.0000000000000000000, 0.0000000000000000000, -1.000000000000000000 ) ) ;
#9145 = EDGE_CURVE ( 'NONE', #3800, #2278, #5755, .T. ) ;
#9146 = CARTESIAN_POINT ( 'NONE',  ( 5.725000000000000533, 0.5000000000000000000, 0.0000000000000000000 ) ) ;
#9147 = EDGE_CURVE ( 'NONE', #2454, #8747, #2410, .T. ) ;
#9148 = FILL_AREA_STYLE_COLOUR ( '', #1363 ) ;
#9149 = CARTESIAN_POINT ( 'NONE',  ( 7.475000000000000533, 3.600000000000000089, -1.425000000000000933 ) ) ;
#9150 = CARTESIAN_POINT ( 'NONE',  ( 1.975000000000000089, 1.000000000000000000, -1.525000000000000133 ) ) ;
#9151 = CARTESIAN_POINT ( 'NONE',  ( 7.275000000000001243, 0.6000000000000076383, -0.2249999999999982014 ) ) ;
#9152 = LINE ( 'NONE', #1761, #2819 ) ;
#9153 = DIRECTION ( 'NONE',  ( 0.0000000000000000000, -1.000000000000000000, -2.552445434498790050E-15 ) ) ;
#9154 = AXIS2_PLACEMENT_3D ( 'NONE', #8497, #332, #4774 ) ;
#9155 = DIRECTION ( 'NONE',  ( 0.0000000000000000000, 1.084202172485501673E-15, 1.000000000000000000 ) ) ;
#9156 = EDGE_CURVE ( 'NONE', #2411, #8184, #1693, .T. ) ;
#9157 = CARTESIAN_POINT ( 'NONE',  ( 5.725000000000000533, 1.350000000000000089, 0.0000000000000000000 ) ) ;
#9158 = DIRECTION ( 'NONE',  ( -1.000000000000000000, 0.0000000000000000000, 0.0000000000000000000 ) ) ;
#9159 = LINE ( 'NONE', #6276, #2602 ) ;
#9160 = ORIENTED_EDGE ( 'NONE', *, *, #6809, .T. ) ;
#9161 = DIRECTION ( 'NONE',  ( 0.0000000000000000000, 0.0000000000000000000, 1.000000000000000000 ) ) ;
#9162 = ORIENTED_EDGE ( 'NONE', *, *, #1271, .T. ) ;
#9163 = CARTESIAN_POINT ( 'NONE',  ( 4.485000000000000320, 1.850000000000000089, -1.025000000000000133 ) ) ;
#9164 = DIRECTION ( 'NONE',  ( 0.0000000000000000000, -1.000000000000000000, 0.0000000000000000000 ) ) ;
#9165 = ADVANCED_FACE ( 'NONE', ( #2992 ), #1320, .T. ) ;
#9166 =( GEOMETRIC_REPRESENTATION_CONTEXT ( 3 ) GLOBAL_UNCERTAINTY_ASSIGNED_CONTEXT ( ( #5792 ) ) GLOBAL_UNIT_ASSIGNED_CONTEXT ( ( #5418, #8302, #2403 ) ) REPRESENTATION_CONTEXT ( 'NONE', 'WORKASPACE' ) );
#9167 = LINE ( 'NONE', #7911, #8943 ) ;
#9168 = AXIS2_PLACEMENT_3D ( 'NONE', #4213, #8583, #581 ) ;
#9169 = ORIENTED_EDGE ( 'NONE', *, *, #3070, .F. ) ;
#9170 = EDGE_CURVE ( 'NONE', #4805, #2980, #3694, .T. ) ;
#9171 = ORIENTED_EDGE ( 'NONE', *, *, #1702, .F. ) ;
#9172 = ORIENTED_EDGE ( 'NONE', *, *, #5589, .F. ) ;
#9173 = VERTEX_POINT ( 'NONE', #6487 ) ;
#9174 = CARTESIAN_POINT ( 'NONE',  ( 2.075000000000000178, 1.649999999999999911, 2.024999999999999911 ) ) ;
#9175 = VECTOR ( 'NONE', #6020, 1000.000000000000000 ) ;
#9176 = EDGE_LOOP ( 'NONE', ( #3515, #333, #2383, #1968, #6362, #5730, #3343 ) ) ;
#9177 = ORIENTED_EDGE ( 'NONE', *, *, #1501, .T. ) ;
#9178 = CARTESIAN_POINT ( 'NONE',  ( 0.07499999999999998335, 1.850000000000000089, -1.474999999999999867 ) ) ;
#9179 = CARTESIAN_POINT ( 'NONE',  ( 3.015000000000000124, 1.000000000000000000, -1.525000000000000133 ) ) ;
#9180 = EDGE_CURVE ( 'NONE', #6226, #6665, #4716, .T. ) ;
#9181 = EDGE_LOOP ( 'NONE', ( #4152, #9172, #5265, #4434, #2853, #2520, #8401, #5441 ) ) ;
#9182 = DIRECTION ( 'NONE',  ( 0.0000000000000000000, 1.000000000000000000, 3.219646771412953967E-15 ) ) ;
#9183 = ORIENTED_EDGE ( 'NONE', *, *, #8844, .T. ) ;
#9184 = CARTESIAN_POINT ( 'NONE',  ( 0.07499999999999998335, 1.850000000000000089, 2.024999999999999911 ) ) ;
#9185 = PLANE ( 'NONE',  #6257 ) ;
#9186 = VECTOR ( 'NONE', #2923, 1000.000000000000000 ) ;
#9187 = DIRECTION ( 'NONE',  ( 0.0000000000000000000, 0.6650335612228979176, -0.7468134723257140450 ) ) ;
#9188 = VERTEX_POINT ( 'NONE', #7923 ) ;
#9189 = EDGE_CURVE ( 'NONE', #5659, #1792, #4499, .T. ) ;
#9190 = CARTESIAN_POINT ( 'NONE',  ( 5.000000000000000888, 0.0000000000000000000, 0.02500000000000000139 ) ) ;
#9191 = ORIENTED_EDGE ( 'NONE', *, *, #6133, .T. ) ;
#9192 = VERTEX_POINT ( 'NONE', #2805 ) ;
#9193 = UNCERTAINTY_MEASURE_WITH_UNIT (LENGTH_MEASURE( 1.000000000000000082E-05 ), #7115, 'distance_accuracy_value', 'NONE');
#9194 = DIRECTION ( 'NONE',  ( 1.000000000000000000, 0.0000000000000000000, 0.0000000000000000000 ) ) ;
#9195 = VERTEX_POINT ( 'NONE', #2773 ) ;
#9196 = VECTOR ( 'NONE', #2487, 1000.000000000000000 ) ;
#9197 = DIRECTION ( 'NONE',  ( -0.0000000000000000000, 2.997602166487923448E-15, -1.000000000000000000 ) ) ;
#9198 = CARTESIAN_POINT ( 'NONE',  ( -1.175000000000000044, 2.550000000000000266, -1.474999999999999867 ) ) ;
#9199 = LINE ( 'NONE', #2486, #3459 ) ;
#9200 = ORIENTED_EDGE ( 'NONE', *, *, #3772, .F. ) ;
#9201 = EDGE_LOOP ( 'NONE', ( #3203, #355, #7203, #1913, #6099, #194 ) ) ;
#9202 = EDGE_CURVE ( 'NONE', #8747, #2669, #9414, .T. ) ;
#9203 = ORIENTED_EDGE ( 'NONE', *, *, #9508, .T. ) ;
#9204 = EDGE_CURVE ( 'NONE', #4203, #8554, #4938, .T. ) ;
#9205 = EDGE_LOOP ( 'NONE', ( #4591, #2879, #5700, #343, #7918, #9057 ) ) ;
#9206 = FACE_OUTER_BOUND ( 'NONE', #560, .T. ) ;
#9207 = CARTESIAN_POINT ( 'NONE',  ( 4.485000000000000320, 1.000000000000000000, -1.025000000000000133 ) ) ;
#9208 = LINE ( 'NONE', #713, #7252 ) ;
#9209 = ORIENTED_EDGE ( 'NONE', *, *, #3097, .T. ) ;
#9210 = ORIENTED_EDGE ( 'NONE', *, *, #3967, .F. ) ;
#9211 = CARTESIAN_POINT ( 'NONE',  ( 7.275000000000001243, 4.240000000000000213, -0.07499999999999998335 ) ) ;
#9212 = ORIENTED_EDGE ( 'NONE', *, *, #2361, .F. ) ;
#9213 = EDGE_CURVE ( 'NONE', #3905, #4203, #794, .T. ) ;
#9214 = ADVANCED_FACE ( 'NONE', ( #683 ), #6221, .T. ) ;
#9215 = FACE_OUTER_BOUND ( 'NONE', #4149, .T. ) ;
#9216 = CARTESIAN_POINT ( 'NONE',  ( -0.5250000000000000222, 1.000000000000000000, 0.0000000000000000000 ) ) ;
#9217 = VECTOR ( 'NONE', #2167, 1000.000000000000000 ) ;
#9218 = CARTESIAN_POINT ( 'NONE',  ( -0.5250000000000000222, 0.5000000000000000000, 2.024999999999999911 ) ) ;
#9219 = ORIENTED_EDGE ( 'NONE', *, *, #8860, .F. ) ;
#9220 = ORIENTED_EDGE ( 'NONE', *, *, #9324, .T. ) ;
#9221 = VECTOR ( 'NONE', #3487, 1000.000000000000000 ) ;
#9222 = CARTESIAN_POINT ( 'NONE',  ( 1.984999999999999876, 1.850000000000000089, -2.024999999999999911 ) ) ;
#9223 = AXIS2_PLACEMENT_3D ( 'NONE', #692, #1791, #4778 ) ;
#9224 = LINE ( 'NONE', #3178, #5094 ) ;
#9225 = AXIS2_PLACEMENT_3D ( 'NONE', #158, #3120, #4571 ) ;
#9226 = LINE ( 'NONE', #2811, #728 ) ;
#9227 = PLANE ( 'NONE',  #1070 ) ;
#9228 = FILL_AREA_STYLE_COLOUR ( '', #7520 ) ;
#9229 = EDGE_LOOP ( 'NONE', ( #254, #5639, #4472, #3820 ) ) ;
#9230 = LINE ( 'NONE', #7685, #4639 ) ;
#9231 = ORIENTED_EDGE ( 'NONE', *, *, #2722, .T. ) ;
#9232 = VECTOR ( 'NONE', #8110, 1000.000000000000000 ) ;
#9233 = ORIENTED_EDGE ( 'NONE', *, *, #5861, .T. ) ;
#9234 = VECTOR ( 'NONE', #9129, 1000.000000000000000 ) ;
#9235 =( LENGTH_UNIT ( ) NAMED_UNIT ( * ) SI_UNIT ( .MILLI., .METRE. ) );
#9236 = CARTESIAN_POINT ( 'NONE',  ( 4.575000000000000178, 1.649999999999999911, -1.698606797699999893 ) ) ;
#9237 = LINE ( 'NONE', #7068, #6156 ) ;
#9238 = PLANE ( 'NONE',  #6157 ) ;
#9239 = AXIS2_PLACEMENT_3D ( 'NONE', #988, #3849, #144 ) ;
#9240 = LINE ( 'NONE', #263, #1079 ) ;
#9241 = DIRECTION ( 'NONE',  ( 0.0000000000000000000, 1.000000000000000000, 0.0000000000000000000 ) ) ;
#9242 = LINE ( 'NONE', #8534, #5599 ) ;
#9243 = CARTESIAN_POINT ( 'NONE',  ( -0.5250000000000000222, 0.0000000000000000000, -2.024999999999999911 ) ) ;
#9244 = SURFACE_STYLE_FILL_AREA ( #4763 ) ;
#9245 = ADVANCED_FACE ( 'NONE', ( #5170 ), #1482, .F. ) ;
#9246 = CARTESIAN_POINT ( 'NONE',  ( 5.525000000000000355, 1.649999999999999911, -1.025000000000000133 ) ) ;
#9247 = LINE ( 'NONE', #1854, #8344 ) ;
#9248 = CARTESIAN_POINT ( 'NONE',  ( 5.375000000000000888, 2.250000000000000000, -0.4749999999999999778 ) ) ;
#9249 = EDGE_LOOP ( 'NONE', ( #2225, #6640, #4518, #3113, #5630, #6121, #8836, #780 ) ) ;
#9250 = PLANE ( 'NONE',  #8981 ) ;
#9251 = LINE ( 'NONE', #3623, #4659 ) ;
#9252 = MECHANICAL_DESIGN_GEOMETRIC_PRESENTATION_REPRESENTATION (  '', ( #3796 ), #203 ) ;
#9253 = PLANE ( 'NONE',  #497 ) ;
#9254 = FACE_OUTER_BOUND ( 'NONE', #1250, .T. ) ;
#9255 = EDGE_CURVE ( 'NONE', #2389, #5546, #8613, .T. ) ;
#9256 = VECTOR ( 'NONE', #2322, 1000.000000000000000 ) ;
#9257 = CARTESIAN_POINT ( 'NONE',  ( 3.225000000000000089, 0.3500000000000000333, -2.024999999999999911 ) ) ;
#9258 = DIRECTION ( 'NONE',  ( -1.000000000000000000, 0.0000000000000000000, 0.0000000000000000000 ) ) ;
#9259 = FACE_OUTER_BOUND ( 'NONE', #9411, .T. ) ;
#9260 = ADVANCED_FACE ( 'NONE', ( #5415 ), #3702, .F. ) ;
#9261 = ORIENTED_EDGE ( 'NONE', *, *, #3779, .F. ) ;
#9262 = VECTOR ( 'NONE', #526, 1000.000000000000000 ) ;
#9263 = CARTESIAN_POINT ( 'NONE',  ( -0.8750000000000000000, 2.250000000000000000, 1.505384757699999909 ) ) ;
#9264 = VECTOR ( 'NONE', #639, 1000.000000000000000 ) ;
#9265 = EDGE_CURVE ( 'NONE', #341, #3427, #6325, .T. ) ;
#9266 = LINE ( 'NONE', #9218, #657 ) ;
#9267 = EDGE_CURVE ( 'NONE', #1860, #7358, #9069, .T. ) ;
#9268 = CARTESIAN_POINT ( 'NONE',  ( -0.8249999999999999556, 1.649999999999999911, -1.698606797699999893 ) ) ;
#9269 = CARTESIAN_POINT ( 'NONE',  ( -2.274999999999999911, 1.950000000000002176, 1.375000000000006883 ) ) ;
#9270 = ORIENTED_EDGE ( 'NONE', *, *, #7987, .T. ) ;
#9271 = CARTESIAN_POINT ( 'NONE',  ( 0.5250000000000000222, 1.850000000000000089, 2.024999999999999911 ) ) ;
#9272 = LINE ( 'NONE', #7611, #9052 ) ;
#9273 = CARTESIAN_POINT ( 'NONE',  ( 1.765000000000000124, 1.850000000000000089, -1.025000000000000133 ) ) ;
#9274 = VERTEX_POINT ( 'NONE', #5846 ) ;
#9275 = ORIENTED_EDGE ( 'NONE', *, *, #726, .F. ) ;
#9276 = AXIS2_PLACEMENT_3D ( 'NONE', #3997, #2668, #1890 ) ;
#9277 = FILL_AREA_STYLE ('',( #7814 ) ) ;
#9278 = ORIENTED_EDGE ( 'NONE', *, *, #2611, .F. ) ;
#9279 = CARTESIAN_POINT ( 'NONE',  ( 0.5250000000000000222, 1.649999999999999911, -1.025000000000000133 ) ) ;
#9280 = PLANE ( 'NONE',  #8859 ) ;
#9281 = ORIENTED_EDGE ( 'NONE', *, *, #4742, .F. ) ;
#9282 = LINE ( 'NONE', #8933, #7215 ) ;
#9283 = ORIENTED_EDGE ( 'NONE', *, *, #6144, .T. ) ;
#9284 = DIRECTION ( 'NONE',  ( 0.0000000000000000000, 0.0000000000000000000, 1.000000000000000000 ) ) ;
#9285 = ORIENTED_EDGE ( 'NONE', *, *, #7229, .T. ) ;
#9286 = LINE ( 'NONE', #7439, #1570 ) ;
#9287 = VERTEX_POINT ( 'NONE', #2235 ) ;
#9288 = AXIS2_PLACEMENT_3D ( 'NONE', #8392, #7687, #8338 ) ;
#9289 = ADVANCED_FACE ( 'NONE', ( #4489 ), #4408, .T. ) ;
#9290 = CARTESIAN_POINT ( 'NONE',  ( -2.500000000000000000, 4.240000000000000213, 2.024999999999999911 ) ) ;
#9291 = EDGE_LOOP ( 'NONE', ( #4731, #1551, #6320, #5745 ) ) ;
#9292 = EDGE_CURVE ( 'NONE', #3269, #3689, #8382, .T. ) ;
#9293 = ORIENTED_EDGE ( 'NONE', *, *, #6844, .T. ) ;
#9294 = FACE_OUTER_BOUND ( 'NONE', #3809, .T. ) ;
#9295 = VERTEX_POINT ( 'NONE', #7249 ) ;
#9296 = CARTESIAN_POINT ( 'NONE',  ( 6.175000000000000711, 1.850000000000000089, 2.024999999999999911 ) ) ;
#9297 = DIRECTION ( 'NONE',  ( 1.000000000000000000, 0.0000000000000000000, 0.0000000000000000000 ) ) ;
#9298 = CARTESIAN_POINT ( 'NONE',  ( 2.075000000000000178, 1.649999999999999911, -1.474999999999999867 ) ) ;
#9299 = ORIENTED_EDGE ( 'NONE', *, *, #3869, .F. ) ;
#9300 = VECTOR ( 'NONE', #8805, 1000.000000000000000 ) ;
#9301 = ORIENTED_EDGE ( 'NONE', *, *, #7719, .F. ) ;
#9302 = LINE ( 'NONE', #3462, #5873 ) ;
#9303 = EDGE_LOOP ( 'NONE', ( #8500, #2863, #318, #1547 ) ) ;
#9304 = ORIENTED_EDGE ( 'NONE', *, *, #7740, .T. ) ;
#9305 = EDGE_CURVE ( 'NONE', #663, #3231, #457, .T. ) ;
#9306 = ORIENTED_EDGE ( 'NONE', *, *, #894, .F. ) ;
#9307 = CARTESIAN_POINT ( 'NONE',  ( -0.7249999999999999778, 1.850000000000000089, 0.0000000000000000000 ) ) ;
#9308 = CARTESIAN_POINT ( 'NONE',  ( 7.475000000000000533, 3.600000000000000089, -1.425000000000000933 ) ) ;
#9309 =( LENGTH_UNIT ( ) NAMED_UNIT ( * ) SI_UNIT ( .MILLI., .METRE. ) );
#9310 = ORIENTED_EDGE ( 'NONE', *, *, #6388, .F. ) ;
#9311 = EDGE_CURVE ( 'NONE', #3657, #2639, #1005, .T. ) ;
#9312 = CARTESIAN_POINT ( 'NONE',  ( 3.324999999999999734, 1.649999999999999911, -1.474999999999999867 ) ) ;
#9313 = LINE ( 'NONE', #1687, #7250 ) ;
#9314 = DIRECTION ( 'NONE',  ( 0.0000000000000000000, 1.000000000000000000, 0.0000000000000000000 ) ) ;
#9315 = LINE ( 'NONE', #6139, #5768 ) ;
#9316 = VERTEX_POINT ( 'NONE', #9474 ) ;
#9317 = CARTESIAN_POINT ( 'NONE',  ( 3.024999999999999911, 0.0000000000000000000, 2.024999999999999911 ) ) ;
#9318 = VERTEX_POINT ( 'NONE', #7997 ) ;
#9319 = ORIENTED_EDGE ( 'NONE', *, *, #5261, .T. ) ;
#9320 = CARTESIAN_POINT ( 'NONE',  ( 3.324999999999999734, 1.850000000000000089, -1.698606797699999893 ) ) ;
#9321 = VERTEX_POINT ( 'NONE', #5125 ) ;
#9322 = SURFACE_STYLE_USAGE ( .BOTH. , #1992 ) ;
#9323 = LINE ( 'NONE', #7376, #3717 ) ;
#9324 = EDGE_CURVE ( 'NONE', #5361, #7246, #8047, .T. ) ;
#9325 = VECTOR ( 'NONE', #1820, 1000.000000000000000 ) ;
#9326 = CARTESIAN_POINT ( 'NONE',  ( -0.5150000000000000133, 1.850000000000000089, -1.025000000000000133 ) ) ;
#9327 = EDGE_CURVE ( 'NONE', #7805, #6946, #6096, .T. ) ;
#9328 = EDGE_LOOP ( 'NONE', ( #1340, #1477, #5850, #6138 ) ) ;
#9329 = VERTEX_POINT ( 'NONE', #4332 ) ;
#9330 = CARTESIAN_POINT ( 'NONE',  ( 0.7249999999999999778, 1.000000000000000000, -1.525000000000000133 ) ) ;
#9331 = CARTESIAN_POINT ( 'NONE',  ( -1.375000000000000000, 3.149999999999999911, -2.024999999999999911 ) ) ;
#9332 = LINE ( 'NONE', #3813, #7853 ) ;
#9333 = ORIENTED_EDGE ( 'NONE', *, *, #9265, .F. ) ;
#9334 = AXIS2_PLACEMENT_3D ( 'NONE', #6481, #6507, #4356 ) ;
#9335 = EDGE_CURVE ( 'NONE', #5093, #6918, #6433, .T. ) ;
#9336 = DIRECTION ( 'NONE',  ( 0.0000000000000000000, -1.000000000000000000, 0.0000000000000000000 ) ) ;
#9337 = ORIENTED_EDGE ( 'NONE', *, *, #4579, .T. ) ;
#9338 = VECTOR ( 'NONE', #9187, 1000.000000000000114 ) ;
#9339 = CARTESIAN_POINT ( 'NONE',  ( 2.875000000000000000, 1.000000000000000000, -1.525000000000000133 ) ) ;
#9340 = ADVANCED_FACE ( 'NONE', ( #8729 ), #7307, .F. ) ;
#9341 = DIRECTION ( 'NONE',  ( 0.0000000000000000000, 1.000000000000000000, 0.0000000000000000000 ) ) ;
#9342 = LINE ( 'NONE', #951, #4296 ) ;
#9343 = LINE ( 'NONE', #6321, #7392 ) ;
#9344 = DIRECTION ( 'NONE',  ( 0.0000000000000000000, 0.0000000000000000000, 1.000000000000000000 ) ) ;
#9345 = CARTESIAN_POINT ( 'NONE',  ( 4.474999999999999645, -0.6500000000000000222, -1.775000000000000133 ) ) ;
#9346 = CARTESIAN_POINT ( 'NONE',  ( 3.825000000000001066, 1.850000000000000089, -1.474999999999999867 ) ) ;
#9347 = AXIS2_PLACEMENT_3D ( 'NONE', #3525, #7807, #4989 ) ;
#9348 = VECTOR ( 'NONE', #3189, 1000.000000000000000 ) ;
#9349 = DIRECTION ( 'NONE',  ( 1.000000000000000000, 0.0000000000000000000, 0.0000000000000000000 ) ) ;
#9350 = CARTESIAN_POINT ( 'NONE',  ( 0.7249999999999999778, -0.004464445899999999919, 0.003975566199999999890 ) ) ;
#9351 = FACE_OUTER_BOUND ( 'NONE', #3457, .T. ) ;
#9352 = CARTESIAN_POINT ( 'NONE',  ( 7.875000000000000000, 4.250000000000000000, 2.024999999999999911 ) ) ;
#9353 = LINE ( 'NONE', #4964, #5476 ) ;
#9354 = CARTESIAN_POINT ( 'NONE',  ( -0.5250000000000000222, 0.5000000000000000000, 2.024999999999999911 ) ) ;
#9355 = LINE ( 'NONE', #4969, #1407 ) ;
#9356 = EDGE_LOOP ( 'NONE', ( #2496, #3583, #7558, #8388 ) ) ;
#9357 = ORIENTED_EDGE ( 'NONE', *, *, #2436, .T. ) ;
#9358 = LINE ( 'NONE', #6118, #4096 ) ;
#9359 = EDGE_CURVE ( 'NONE', #2757, #1686, #6771, .T. ) ;
#9360 = LINE ( 'NONE', #8853, #2466 ) ;
#9361 = VECTOR ( 'NONE', #4680, 1000.000000000000000 ) ;
#9362 = EDGE_CURVE ( 'NONE', #8878, #4917, #5864, .T. ) ;
#9363 = LINE ( 'NONE', #6143, #5249 ) ;
#9364 = ORIENTED_EDGE ( 'NONE', *, *, #9130, .F. ) ;
#9365 = CARTESIAN_POINT ( 'NONE',  ( 3.225000000000000089, 0.05000000000000002359, -1.775000000000000133 ) ) ;
#9366 = FACE_OUTER_BOUND ( 'NONE', #1806, .T. ) ;
#9367 = CARTESIAN_POINT ( 'NONE',  ( -0.7249999999999999778, 1.000000000000000000, -1.525000000000000133 ) ) ;
#9368 = CARTESIAN_POINT ( 'NONE',  ( -2.274999999999999911, 8.673617379884035472E-15, -0.2250000000000008105 ) ) ;
#9369 = CARTESIAN_POINT ( 'NONE',  ( 7.875000000000000000, 4.250000000000000000, -0.07499999999999998335 ) ) ;
#9370 = ADVANCED_FACE ( 'NONE', ( #4833 ), #3881, .F. ) ;
#9371 = PRESENTATION_LAYER_ASSIGNMENT (  '', '', ( #3796 ) ) ;
#9372 = VECTOR ( 'NONE', #511, 1000.000000000000000 ) ;
#9373 = LINE ( 'NONE', #453, #8359 ) ;
#9374 = EDGE_CURVE ( 'NONE', #1978, #1674, #2862, .T. ) ;
#9375 = DIRECTION ( 'NONE',  ( -1.000000000000000000, 0.0000000000000000000, 0.0000000000000000000 ) ) ;
#9376 = EDGE_CURVE ( 'NONE', #898, #5091, #1240, .T. ) ;
#9377 = DIRECTION ( 'NONE',  ( -0.0000000000000000000, 1.000000000000000000, 0.0000000000000000000 ) ) ;
#9378 = ORIENTED_EDGE ( 'NONE', *, *, #1432, .T. ) ;
#9379 = CARTESIAN_POINT ( 'NONE',  ( -0.8750000000000000000, 3.750000000000000000, -2.024999999999999911 ) ) ;
#9380 = PRESENTATION_STYLE_ASSIGNMENT (( #5695 ) ) ;
#9381 = ORIENTED_EDGE ( 'NONE', *, *, #9026, .F. ) ;
#9382 = DIRECTION ( 'NONE',  ( 0.0000000000000000000, -1.000000000000000000, 0.0000000000000000000 ) ) ;
#9383 = VERTEX_POINT ( 'NONE', #3018 ) ;
#9384 = VERTEX_POINT ( 'NONE', #3109 ) ;
#9385 = ORIENTED_EDGE ( 'NONE', *, *, #4982, .F. ) ;
#9386 = ORIENTED_EDGE ( 'NONE', *, *, #7049, .T. ) ;
#9387 = EDGE_CURVE ( 'NONE', #9383, #4919, #1933, .T. ) ;
#9388 = PRESENTATION_LAYER_ASSIGNMENT (  '', '', ( #7300 ) ) ;
#9389 = LINE ( 'NONE', #8012, #7556 ) ;
#9390 = ORIENTED_EDGE ( 'NONE', *, *, #8393, .T. ) ;
#9391 = EDGE_LOOP ( 'NONE', ( #226, #1697, #9191, #828 ) ) ;
#9392 = ORIENTED_EDGE ( 'NONE', *, *, #6482, .F. ) ;
#9393 = SURFACE_STYLE_USAGE ( .BOTH. , #6493 ) ;
#9394 = DIRECTION ( 'NONE',  ( 1.000000000000000000, 0.0000000000000000000, 0.0000000000000000000 ) ) ;
#9395 = AXIS2_PLACEMENT_3D ( 'NONE', #56, #7382, #6798 ) ;
#9396 = VERTEX_POINT ( 'NONE', #4587 ) ;
#9397 = CARTESIAN_POINT ( 'NONE',  ( 4.485000000000000320, 1.649999999999999911, -1.698606797699999893 ) ) ;
#9398 = DIRECTION ( 'NONE',  ( 0.0000000000000000000, 1.000000000000000000, -3.295974604355814534E-17 ) ) ;
#9399 = ORIENTED_EDGE ( 'NONE', *, *, #9016, .F. ) ;
#9400 = DIRECTION ( 'NONE',  ( 0.0000000000000000000, 0.0000000000000000000, 1.000000000000000000 ) ) ;
#9401 = SHAPE_DEFINITION_REPRESENTATION ( #335, #3960 ) ;
#9402 = CARTESIAN_POINT ( 'NONE',  ( 5.375000000000000888, 2.250000000000000000, 1.024999999999999911 ) ) ;
#9403 = ORIENTED_EDGE ( 'NONE', *, *, #1501, .F. ) ;
#9404 = DIRECTION ( 'NONE',  ( 0.0000000000000000000, -1.000000000000000000, 0.0000000000000000000 ) ) ;
#9405 = AXIS2_PLACEMENT_3D ( 'NONE', #8930, #6801, #157 ) ;
#9406 = CARTESIAN_POINT ( 'NONE',  ( 1.975000000000000089, 1.850000000000000089, -1.698606797699999893 ) ) ;
#9407 = ORIENTED_EDGE ( 'NONE', *, *, #4582, .F. ) ;
#9408 = ORIENTED_EDGE ( 'NONE', *, *, #6073, .T. ) ;
#9409 = FACE_OUTER_BOUND ( 'NONE', #4137, .T. ) ;
#9410 = CARTESIAN_POINT ( 'NONE',  ( 0.5250000000000000222, 0.5000000000000000000, 0.0000000000000000000 ) ) ;
#9411 = EDGE_LOOP ( 'NONE', ( #4580, #3197, #4501, #5951 ) ) ;
#9412 = CARTESIAN_POINT ( 'NONE',  ( 3.225000000000000089, 0.05000000000000002359, -1.524999999999999689 ) ) ;
#9413 =( NAMED_UNIT ( * ) SI_UNIT ( $, .STERADIAN. ) SOLID_ANGLE_UNIT ( ) );
#9414 = LINE ( 'NONE', #3522, #5181 ) ;
#9415 = EDGE_LOOP ( 'NONE', ( #7781, #4257, #3222, #7133 ) ) ;
#9416 = STYLED_ITEM ( 'NONE', ( #8473 ), #4481 ) ;
#9417 = CARTESIAN_POINT ( 'NONE',  ( 4.575000000000000178, 1.850000000000000089, -1.698606797699999893 ) ) ;
#9418 = ORIENTED_EDGE ( 'NONE', *, *, #4493, .F. ) ;
#9419 = CARTESIAN_POINT ( 'NONE',  ( 1.984999999999999876, 1.000000000000000000, -1.474999999999999867 ) ) ;
#9420 = EDGE_CURVE ( 'NONE', #4610, #6203, #3909, .T. ) ;
#9421 = CARTESIAN_POINT ( 'NONE',  ( 5.424999999999999822, 1.649999999999999911, -1.474999999999999867 ) ) ;
#9422 = ORIENTED_EDGE ( 'NONE', *, *, #448, .F. ) ;
#9423 = LINE ( 'NONE', #9268, #5305 ) ;
#9424 = ADVANCED_FACE ( 'NONE', ( #1466 ), #8204, .T. ) ;
#9425 = VECTOR ( 'NONE', #3054, 1000.000000000000000 ) ;
#9426 = ORIENTED_EDGE ( 'NONE', *, *, #1858, .T. ) ;
#9427 = ORIENTED_EDGE ( 'NONE', *, *, #5138, .T. ) ;
#9429 = VERTEX_POINT ( 'NONE', #1569 ) ;
#9428 = CARTESIAN_POINT ( 'NONE',  ( 5.525000000000000355, 1.850000000000000089, -1.025000000000000133 ) ) ;
#9430 = ORIENTED_EDGE ( 'NONE', *, *, #2717, .T. ) ;
#9431 = UNCERTAINTY_MEASURE_WITH_UNIT (LENGTH_MEASURE( 1.000000000000000082E-05 ), #873, 'distance_accuracy_value', 'NONE');
#9432 = DIRECTION ( 'NONE',  ( 0.0000000000000000000, 1.084202172485501673E-15, 1.000000000000000000 ) ) ;
#9433 = ORIENTED_EDGE ( 'NONE', *, *, #8483, .F. ) ;
#9434 = SURFACE_STYLE_FILL_AREA ( #3486 ) ;
#9435 = DIRECTION ( 'NONE',  ( -1.000000000000000000, 0.0000000000000000000, 0.0000000000000000000 ) ) ;
#9436 = EDGE_CURVE ( 'NONE', #3601, #5398, #3685, .T. ) ;
#9437 = FACE_OUTER_BOUND ( 'NONE', #5329, .T. ) ;
#9438 = EDGE_LOOP ( 'NONE', ( #5053, #3448, #960, #6766 ) ) ;
#9439 = CARTESIAN_POINT ( 'NONE',  ( 5.525000000000000355, 1.000000000000000000, 1.525000000000000133 ) ) ;
#9440 = ADVANCED_FACE ( 'NONE', ( #4708 ), #6069, .T. ) ;
#9441 = VECTOR ( 'NONE', #2739, 1000.000000000000000 ) ;
#9442 = ORIENTED_EDGE ( 'NONE', *, *, #6565, .T. ) ;
#9443 = DIRECTION ( 'NONE',  ( 1.000000000000000000, 0.0000000000000000000, 0.0000000000000000000 ) ) ;
#9444 = DIRECTION ( 'NONE',  ( 0.0000000000000000000, 0.0000000000000000000, -1.000000000000000000 ) ) ;
#9445 = CARTESIAN_POINT ( 'NONE',  ( 3.024999999999999911, 0.0000000000000000000, -1.525000000000000133 ) ) ;
#9446 = DIRECTION ( 'NONE',  ( 0.0000000000000000000, -0.4999999999932618899, 0.8660254037883288181 ) ) ;
#9447 = EDGE_CURVE ( 'NONE', #4581, #1842, #4597, .T. ) ;
#9448 = FILL_AREA_STYLE_COLOUR ( '', #7518 ) ;
#9449 = VERTEX_POINT ( 'NONE', #79 ) ;
#9450 = SURFACE_STYLE_FILL_AREA ( #1995 ) ;
#9451 = DIRECTION ( 'NONE',  ( -1.000000000000000000, 0.0000000000000000000, 0.0000000000000000000 ) ) ;
#9452 =( LENGTH_UNIT ( ) NAMED_UNIT ( * ) SI_UNIT ( .MILLI., .METRE. ) );
#9453 = VECTOR ( 'NONE', #8449, 1000.000000000000000 ) ;
#9454 = CARTESIAN_POINT ( 'NONE',  ( 4.485000000000000320, 1.850000000000000089, -1.025000000000000133 ) ) ;
#9455 = ADVANCED_FACE ( 'NONE', ( #9294 ), #2394, .F. ) ;
#9456 = DIRECTION ( 'NONE',  ( -1.000000000000000000, 0.0000000000000000000, 0.0000000000000000000 ) ) ;
#9457 = ORIENTED_EDGE ( 'NONE', *, *, #8510, .T. ) ;
#9458 = ORIENTED_EDGE ( 'NONE', *, *, #5222, .F. ) ;
#9459 = CARTESIAN_POINT ( 'NONE',  ( 4.275000000000000355, 1.850000000000000089, 2.024999999999999911 ) ) ;
#9460 = LINE ( 'NONE', #6074, #1054 ) ;
#9461 = EDGE_LOOP ( 'NONE', ( #8478, #7501, #6313, #1019 ) ) ;
#9462 = EDGE_CURVE ( 'NONE', #841, #2342, #3324, .T. ) ;
#9463 = CARTESIAN_POINT ( 'NONE',  ( 5.375000000000000888, 2.250000000000000000, -0.4749999999999999778 ) ) ;
#9464 = EDGE_CURVE ( 'NONE', #9449, #4488, #9286, .T. ) ;
#9465 = CARTESIAN_POINT ( 'NONE',  ( 1.774999999999999911, 0.3499999999999999778, -2.075000000000000178 ) ) ;
#9466 = LINE ( 'NONE', #7576, #1056 ) ;
#9467 = ORIENTED_EDGE ( 'NONE', *, *, #9075, .T. ) ;
#9468 = CARTESIAN_POINT ( 'NONE',  ( -0.5250000000000000222, 0.3499999999999999778, -2.075000000000000178 ) ) ;
#9469 = COLOUR_RGB ( '',1.000000000000000000, 1.000000000000000000, 1.000000000000000000 ) ;
#9470 = ORIENTED_EDGE ( 'NONE', *, *, #4942, .F. ) ;
#9471 = VECTOR ( 'NONE', #8782, 1000.000000000000000 ) ;
#9472 = MECHANICAL_DESIGN_GEOMETRIC_PRESENTATION_REPRESENTATION (  '', ( #1385 ), #6035 ) ;
#9473 = VECTOR ( 'NONE', #6923, 1000.000000000000000 ) ;
#9474 = CARTESIAN_POINT ( 'NONE',  ( 1.775000000000000133, 0.5547525681000000652, 2.024999999999999911 ) ) ;
#9475 = LINE ( 'NONE', #4743, #6492 ) ;
#9476 = VECTOR ( 'NONE', #8073, 1000.000000000000000 ) ;
#9477 = ORIENTED_EDGE ( 'NONE', *, *, #5232, .T. ) ;
#9478 = CARTESIAN_POINT ( 'NONE',  ( 5.724999999999999645, 1.350000000000000089, -1.525000000000000133 ) ) ;
#9479 = VECTOR ( 'NONE', #425, 1000.000000000000000 ) ;
#9480 = VECTOR ( 'NONE', #2381, 1000.000000000000000 ) ;
#9481 =( NAMED_UNIT ( * ) PLANE_ANGLE_UNIT ( ) SI_UNIT ( $, .RADIAN. ) );
#9482 = LINE ( 'NONE', #3901, #8799 ) ;
#9483 = EDGE_CURVE ( 'NONE', #491, #186, #4588, .T. ) ;
#9484 = ORIENTED_EDGE ( 'NONE', *, *, #7844, .T. ) ;
#9485 = ORIENTED_EDGE ( 'NONE', *, *, #8531, .T. ) ;
#9486 = LINE ( 'NONE', #1334, #8571 ) ;
#9487 = PLANE ( 'NONE',  #8609 ) ;
#9488 = UNCERTAINTY_MEASURE_WITH_UNIT (LENGTH_MEASURE( 1.000000000000000082E-05 ), #1122, 'distance_accuracy_value', 'NONE');
#9489 = PRESENTATION_STYLE_ASSIGNMENT (( #8915 ) ) ;
#9490 = VECTOR ( 'NONE', #1073, 1000.000000000000000 ) ;
#9491 = LINE ( 'NONE', #6681, #4208 ) ;
#9492 = ORIENTED_EDGE ( 'NONE', *, *, #4041, .F. ) ;
#9493 = EDGE_CURVE ( 'NONE', #1064, #8288, #4363, .T. ) ;
#9494 = CARTESIAN_POINT ( 'NONE',  ( 7.500000000000001776, 4.240000000000000213, 2.024999999999999911 ) ) ;
#9495 = EDGE_CURVE ( 'NONE', #4970, #9126, #5402, .T. ) ;
#9496 = EDGE_CURVE ( 'NONE', #4227, #7805, #7336, .T. ) ;
#9497 = DIRECTION ( 'NONE',  ( 0.0000000000000000000, 1.000000000000000000, 0.0000000000000000000 ) ) ;
#9498 = DIRECTION ( 'NONE',  ( 1.000000000000000000, 0.0000000000000000000, 0.0000000000000000000 ) ) ;
#9499 = LINE ( 'NONE', #1977, #7551 ) ;
#9500 = CARTESIAN_POINT ( 'NONE',  ( 4.474999999999999645, -0.6500000000000000222, -2.075000000000000178 ) ) ;
#9501 = CARTESIAN_POINT ( 'NONE',  ( -0.5250000000000000222, 1.315130797599999957, 1.171117220399999770 ) ) ;
#9502 =( NAMED_UNIT ( * ) SI_UNIT ( $, .STERADIAN. ) SOLID_ANGLE_UNIT ( ) );
#9503 = DIRECTION ( 'NONE',  ( 0.0000000000000000000, -1.000000000000000000, 0.0000000000000000000 ) ) ;
#9504 = DIRECTION ( 'NONE',  ( 0.0000000000000000000, 1.339206523454101388E-15, 1.000000000000000000 ) ) ;
#9505 = LINE ( 'NONE', #140, #323 ) ;
#9506 = EDGE_CURVE ( 'NONE', #2321, #1213, #1345, .T. ) ;
#9507 = EDGE_LOOP ( 'NONE', ( #572, #4234, #2966, #8832 ) ) ;
#9508 = EDGE_CURVE ( 'NONE', #6409, #6018, #8038, .T. ) ;
#9509 = DIRECTION ( 'NONE',  ( 0.0000000000000000000, 1.000000000000000000, 0.0000000000000000000 ) ) ;
#9510 = VERTEX_POINT ( 'NONE', #829 ) ;
#9511 = VERTEX_POINT ( 'NONE', #4012 ) ;
#9512 = PLANE ( 'NONE',  #2696 ) ;
#9513 = CARTESIAN_POINT ( 'NONE',  ( 3.234999999999999876, 1.000000000000000000, -1.025000000000000133 ) ) ;
#9514 = ORIENTED_EDGE ( 'NONE', *, *, #6170, .F. ) ;
#9515 = VECTOR ( 'NONE', #6834, 1000.000000000000000 ) ;
#9516 = ORIENTED_EDGE ( 'NONE', *, *, #919, .F. ) ;
#9517 = ORIENTED_EDGE ( 'NONE', *, *, #4723, .T. ) ;
#9518 = EDGE_CURVE ( 'NONE', #7793, #6215, #8957, .T. ) ;
#9519 = DIRECTION ( 'NONE',  ( 1.000000000000000000, 0.0000000000000000000, -0.0000000000000000000 ) ) ;
#9520 = DIRECTION ( 'NONE',  ( -1.000000000000000000, 0.0000000000000000000, 0.0000000000000000000 ) ) ;
#9521 = EDGE_LOOP ( 'NONE', ( #2398, #7166, #2897, #8945 ) ) ;
#9522 = ORIENTED_EDGE ( 'NONE', *, *, #578, .T. ) ;
#9523 = CARTESIAN_POINT ( 'NONE',  ( 5.525000000000000355, 0.0000000000000000000, -2.024999999999999911 ) ) ;
#9524 = VECTOR ( 'NONE', #6514, 1000.000000000000000 ) ;
#9525 = ORIENTED_EDGE ( 'NONE', *, *, #9496, .F. ) ;
#9526 = PLANE ( 'NONE',  #5322 ) ;
#9527 = DIRECTION ( 'NONE',  ( 0.0000000000000000000, 0.0000000000000000000, -1.000000000000000000 ) ) ;
#9528 = ORIENTED_EDGE ( 'NONE', *, *, #1222, .F. ) ;
#9529 = CARTESIAN_POINT ( 'NONE',  ( -0.5250000000000000222, 0.3499999999999999778, -2.075000000000000178 ) ) ;
#9530 = ADVANCED_FACE ( 'NONE', ( #2509 ), #7567, .T. ) ;
#9531 = AXIS2_PLACEMENT_3D ( 'NONE', #3374, #7717, #2530 ) ;
ENDSEC;
END-ISO-10303-21;
