ISO-10303-21;
HEADER;
FILE_DESCRIPTION (( 'STEP AP214' ),
    '1' );
FILE_NAME ('B08MB-GHS-TBT.STEP',
    '2019-04-07T09:17:43',
    ( '' ),
    ( '' ),
    'SwSTEP 2.0',
    'SolidWorks 2018',
    '' );
FILE_SCHEMA (( 'AUTOMOTIVE_DESIGN' ));
ENDSEC;

DATA;
#1 = DIRECTION ( 'NONE',  ( 0.0000000000000000000, -1.000000000000000000, 0.0000000000000000000 ) ) ;
#2 = ORIENTED_EDGE ( 'NONE', *, *, #6109, .F. ) ;
#3 = ORIENTED_EDGE ( 'NONE', *, *, #4402, .T. ) ;
#4 = VERTEX_POINT ( 'NONE', #8215 ) ;
#5 = ORIENTED_EDGE ( 'NONE', *, *, #9172, .T. ) ;
#6 = COLOUR_RGB ( '',0.6470588235294117974, 0.6196078431372549211, 0.5882352941176470784 ) ;
#7 = SURFACE_STYLE_USAGE ( .BOTH. , #928 ) ;
#8 = AXIS2_PLACEMENT_3D ( 'NONE', #6256, #9848, #10753 ) ;
#9 = FACE_OUTER_BOUND ( 'NONE', #4373, .T. ) ;
#10 = CARTESIAN_POINT ( 'NONE',  ( 4.474999999999999645, 0.0000000000000000000, -1.525000000000000133 ) ) ;
#11 = AXIS2_PLACEMENT_3D ( 'NONE', #9702, #7019, #8789 ) ;
#12 = UNCERTAINTY_MEASURE_WITH_UNIT (LENGTH_MEASURE( 1.000000000000000082E-05 ), #6899, 'distance_accuracy_value', 'NONE');
#13 = VERTEX_POINT ( 'NONE', #3974 ) ;
#14 = CARTESIAN_POINT ( 'NONE',  ( -0.8750000000000000000, 2.250000000000000000, 1.505384757699999909 ) ) ;
#15 = PLANE ( 'NONE',  #7865 ) ;
#16 = ORIENTED_EDGE ( 'NONE', *, *, #4658, .T. ) ;
#17 = VECTOR ( 'NONE', #3572, 1000.000000000000000 ) ;
#18 = FACE_OUTER_BOUND ( 'NONE', #8272, .T. ) ;
#19 = CARTESIAN_POINT ( 'NONE',  ( 9.375000000000001776, 1.850000000000000089, 2.024999999999999911 ) ) ;
#20 = VECTOR ( 'NONE', #7056, 1000.000000000000000 ) ;
#21 = CARTESIAN_POINT ( 'NONE',  ( 10.00000000000000178, 4.250000000000000000, 2.024999999999999911 ) ) ;
#22 = VERTEX_POINT ( 'NONE', #10361 ) ;
#23 = DIRECTION ( 'NONE',  ( 0.0000000000000000000, 0.0000000000000000000, -1.000000000000000000 ) ) ;
#24 = EDGE_LOOP ( 'NONE', ( #11074, #2344, #6601, #7129 ) ) ;
#25 = CARTESIAN_POINT ( 'NONE',  ( 5.525000000000000355, 1.350000000000000089, -1.525000000000000133 ) ) ;
#26 = AXIS2_PLACEMENT_3D ( 'NONE', #379, #1245, #6645 ) ;
#27 = DIRECTION ( 'NONE',  ( -1.000000000000000000, 0.0000000000000000000, 0.0000000000000000000 ) ) ;
#28 = DIRECTION ( 'NONE',  ( 0.0000000000000000000, 0.6650335612228979176, -0.7468134723257140450 ) ) ;
#29 = CARTESIAN_POINT ( 'NONE',  ( 8.875000000000003553, 3.149999999999999911, 0.02500000000000000139 ) ) ;
#30 = VECTOR ( 'NONE', #9338, 1000.000000000000000 ) ;
#31 = LINE ( 'NONE', #3121, #4642 ) ;
#32 = EDGE_CURVE ( 'NONE', #7403, #7441, #3207, .T. ) ;
#33 = PLANE ( 'NONE',  #4890 ) ;
#34 = VERTEX_POINT ( 'NONE', #5728 ) ;
#35 = VECTOR ( 'NONE', #8001, 1000.000000000000000 ) ;
#36 = EDGE_CURVE ( 'NONE', #5647, #9365, #7376, .T. ) ;
#37 = CARTESIAN_POINT ( 'NONE',  ( -0.5250000000000000222, 1.850000000000000089, 2.024999999999999911 ) ) ;
#38 = ORIENTED_EDGE ( 'NONE', *, *, #806, .T. ) ;
#39 = DIRECTION ( 'NONE',  ( 0.0000000000000000000, 0.0000000000000000000, -1.000000000000000000 ) ) ;
#40 = CARTESIAN_POINT ( 'NONE',  ( 0.7249999999999998668, 0.3500000000000000333, -2.024999999999999911 ) ) ;
#41 = VECTOR ( 'NONE', #3387, 1000.000000000000000 ) ;
#42 = DIRECTION ( 'NONE',  ( 0.0000000000000000000, 2.997602166487923448E-15, -1.000000000000000000 ) ) ;
#43 = VECTOR ( 'NONE', #5707, 1000.000000000000000 ) ;
#44 = VERTEX_POINT ( 'NONE', #2251 ) ;
#45 = LINE ( 'NONE', #694, #2142 ) ;
#46 = ORIENTED_EDGE ( 'NONE', *, *, #4658, .F. ) ;
#47 = AXIS2_PLACEMENT_3D ( 'NONE', #10248, #4987, #11193 ) ;
#48 = EDGE_CURVE ( 'NONE', #7403, #8770, #9928, .T. ) ;
#49 = AXIS2_PLACEMENT_3D ( 'NONE', #1777, #4394, #8828 ) ;
#50 = LINE ( 'NONE', #4074, #11130 ) ;
#51 = LINE ( 'NONE', #2899, #768 ) ;
#52 = ADVANCED_FACE ( 'NONE', ( #5294 ), #7553, .F. ) ;
#53 = ORIENTED_EDGE ( 'NONE', *, *, #1944, .T. ) ;
#54 = LINE ( 'NONE', #7506, #4956 ) ;
#55 = ORIENTED_EDGE ( 'NONE', *, *, #10106, .F. ) ;
#56 = DIRECTION ( 'NONE',  ( 1.000000000000000000, 0.0000000000000000000, 0.0000000000000000000 ) ) ;
#57 = DIRECTION ( 'NONE',  ( 1.000000000000000000, 0.0000000000000000000, 0.0000000000000000000 ) ) ;
#58 = LINE ( 'NONE', #8950, #9322 ) ;
#59 = AXIS2_PLACEMENT_3D ( 'NONE', #11230, #6790, #6709 ) ;
#60 = VECTOR ( 'NONE', #5576, 1000.000000000000000 ) ;
#61 = EDGE_CURVE ( 'NONE', #376, #2280, #9789, .T. ) ;
#62 = CARTESIAN_POINT ( 'NONE',  ( 8.225000000000003197, 0.5000000000000000000, 2.024999999999999911 ) ) ;
#63 = SURFACE_SIDE_STYLE ('',( #4976 ) ) ;
#64 = EDGE_LOOP ( 'NONE', ( #2398, #3604, #1218, #1663, #2218, #789, #5603, #5613, #1841, #719, #2495, #7479, #3519, #9996, #5365, #2406 ) ) ;
#65 = LINE ( 'NONE', #10277, #9327 ) ;
#66 = ORIENTED_EDGE ( 'NONE', *, *, #3200, .T. ) ;
#67 = FILL_AREA_STYLE ('',( #102 ) ) ;
#68 = EDGE_LOOP ( 'NONE', ( #1087, #1330, #7127, #10266 ) ) ;
#69 = ADVANCED_FACE ( 'NONE', ( #1367 ), #5843, .T. ) ;
#70 = CARTESIAN_POINT ( 'NONE',  ( -2.875000000000000000, 3.600000000000000977, -1.425000000000000044 ) ) ;
#71 = VECTOR ( 'NONE', #3281, 1000.000000000000000 ) ;
#72 = FACE_OUTER_BOUND ( 'NONE', #1360, .T. ) ;
#73 = AXIS2_PLACEMENT_3D ( 'NONE', #6067, #7911, #1710 ) ;
#74 = PLANE ( 'NONE',  #8098 ) ;
#75 = ORIENTED_EDGE ( 'NONE', *, *, #9796, .F. ) ;
#76 = AXIS2_PLACEMENT_3D ( 'NONE', #7295, #11145, #7438 ) ;
#77 = ORIENTED_EDGE ( 'NONE', *, *, #261, .F. ) ;
#78 = EDGE_CURVE ( 'NONE', #6406, #8731, #11468, .T. ) ;
#79 = CARTESIAN_POINT ( 'NONE',  ( 3.225000000000000089, 0.5000000000000000000, -1.525000000000000133 ) ) ;
#80 = EDGE_CURVE ( 'NONE', #8281, #34, #7107, .T. ) ;
#81 = LINE ( 'NONE', #9684, #4572 ) ;
#82 = LINE ( 'NONE', #11436, #9346 ) ;
#83 = LINE ( 'NONE', #11336, #3591 ) ;
#84 = ORIENTED_EDGE ( 'NONE', *, *, #11192, .T. ) ;
#85 = DIRECTION ( 'NONE',  ( 1.000000000000000000, -0.0000000000000000000, 8.673617379884027583E-16 ) ) ;
#86 = VERTEX_POINT ( 'NONE', #6789 ) ;
#87 = CARTESIAN_POINT ( 'NONE',  ( 6.675000000000000711, 1.649999999999999911, -1.698606797699999893 ) ) ;
#88 = ORIENTED_EDGE ( 'NONE', *, *, #6201, .F. ) ;
#89 = AXIS2_PLACEMENT_3D ( 'NONE', #8515, #4855, #3031 ) ;
#90 = PLANE ( 'NONE',  #1460 ) ;
#91 = VERTEX_POINT ( 'NONE', #3160 ) ;
#92 = VECTOR ( 'NONE', #8948, 1000.000000000000000 ) ;
#93 =( NAMED_UNIT ( * ) PLANE_ANGLE_UNIT ( ) SI_UNIT ( $, .RADIAN. ) );
#94 = VECTOR ( 'NONE', #5269, 1000.000000000000000 ) ;
#95 = ORIENTED_EDGE ( 'NONE', *, *, #3386, .T. ) ;
#96 = DIRECTION ( 'NONE',  ( 0.0000000000000000000, -1.000000000000000000, 0.0000000000000000000 ) ) ;
#97 = CARTESIAN_POINT ( 'NONE',  ( 1.775000000000000133, 1.000000000000000000, 1.525000000000000133 ) ) ;
#98 = EDGE_CURVE ( 'NONE', #2951, #9856, #3477, .T. ) ;
#99 = ORIENTED_EDGE ( 'NONE', *, *, #8472, .T. ) ;
#100 = DIRECTION ( 'NONE',  ( 1.000000000000000000, 0.0000000000000000000, 0.0000000000000000000 ) ) ;
#101 = CARTESIAN_POINT ( 'NONE',  ( 4.125000000000000000, 1.000000000000000000, -1.525000000000000133 ) ) ;
#102 = FILL_AREA_STYLE_COLOUR ( '', #2658 ) ;
#103 = VERTEX_POINT ( 'NONE', #7673 ) ;
#104 = VECTOR ( 'NONE', #10403, 1000.000000000000000 ) ;
#105 = FACE_OUTER_BOUND ( 'NONE', #10088, .T. ) ;
#106 = LINE ( 'NONE', #10581, #9933 ) ;
#107 = ORIENTED_EDGE ( 'NONE', *, *, #11084, .T. ) ;
#108 = ORIENTED_EDGE ( 'NONE', *, *, #6342, .F. ) ;
#109 = MECHANICAL_DESIGN_GEOMETRIC_PRESENTATION_REPRESENTATION (  '', ( #6550 ), #7372 ) ;
#110 = ADVANCED_FACE ( 'NONE', ( #384 ), #5884, .T. ) ;
#111 = PLANE ( 'NONE',  #5641 ) ;
#112 = DIRECTION ( 'NONE',  ( 0.0000000000000000000, 0.0000000000000000000, 1.000000000000000000 ) ) ;
#113 = ORIENTED_EDGE ( 'NONE', *, *, #8842, .F. ) ;
#114 = EDGE_LOOP ( 'NONE', ( #8300, #2037, #1471, #5356, #1353, #10096, #2679, #4984, #11019, #4716, #4519, #6286, #10492, #1688, #1701, #3926 ) ) ;
#115 = EDGE_CURVE ( 'NONE', #9098, #5525, #4999, .T. ) ;
#116 = ORIENTED_EDGE ( 'NONE', *, *, #11637, .F. ) ;
#117 = EDGE_CURVE ( 'NONE', #7978, #2431, #5148, .T. ) ;
#118 = ORIENTED_EDGE ( 'NONE', *, *, #9906, .F. ) ;
#119 = VECTOR ( 'NONE', #6294, 1000.000000000000000 ) ;
#120 = DIRECTION ( 'NONE',  ( 1.000000000000000000, 0.0000000000000000000, 0.0000000000000000000 ) ) ;
#121 = VECTOR ( 'NONE', #5749, 1000.000000000000000 ) ;
#122 = PRESENTATION_LAYER_ASSIGNMENT (  '', '', ( #5306 ) ) ;
#123 =( LENGTH_UNIT ( ) NAMED_UNIT ( * ) SI_UNIT ( .MILLI., .METRE. ) );
#124 = VERTEX_POINT ( 'NONE', #9349 ) ;
#125 = ORIENTED_EDGE ( 'NONE', *, *, #2849, .F. ) ;
#126 = ORIENTED_EDGE ( 'NONE', *, *, #838, .T. ) ;
#127 = CARTESIAN_POINT ( 'NONE',  ( 8.235000000000002984, 1.000000000000000000, -1.474999999999999867 ) ) ;
#128 = EDGE_LOOP ( 'NONE', ( #600, #8315, #5244, #5315, #1318, #2810, #6432, #5296, #9809, #4901, #11472, #9494, #2071, #6708, #4717, #1250 ) ) ;
#129 = VECTOR ( 'NONE', #7573, 1000.000000000000000 ) ;
#130 = ADVANCED_FACE ( 'NONE', ( #1094 ), #8560, .T. ) ;
#131 = EDGE_CURVE ( 'NONE', #8050, #3722, #8954, .T. ) ;
#132 = CARTESIAN_POINT ( 'NONE',  ( 0.5250000000000000222, 0.0000000000000000000, -1.525000000000000133 ) ) ;
#133 = ORIENTED_EDGE ( 'NONE', *, *, #61, .T. ) ;
#134 = ORIENTED_EDGE ( 'NONE', *, *, #7474, .T. ) ;
#135 = ORIENTED_EDGE ( 'NONE', *, *, #5339, .F. ) ;
#136 = ORIENTED_EDGE ( 'NONE', *, *, #5961, .T. ) ;
#137 = FACE_OUTER_BOUND ( 'NONE', #6696, .T. ) ;
#138 = DIRECTION ( 'NONE',  ( 0.0000000000000000000, 1.000000000000000000, 0.0000000000000000000 ) ) ;
#139 = VECTOR ( 'NONE', #4386, 1000.000000000000000 ) ;
#140 = CARTESIAN_POINT ( 'NONE',  ( 8.325000000000002842, 1.850000000000000089, -1.474999999999999867 ) ) ;
#141 = DIRECTION ( 'NONE',  ( 0.0000000000000000000, 1.000000000000000000, 0.0000000000000000000 ) ) ;
#142 = ORIENTED_EDGE ( 'NONE', *, *, #8283, .T. ) ;
#143 = ORIENTED_EDGE ( 'NONE', *, *, #5231, .F. ) ;
#144 = LINE ( 'NONE', #9540, #5899 ) ;
#145 = EDGE_CURVE ( 'NONE', #11487, #3890, #6402, .T. ) ;
#146 = DIRECTION ( 'NONE',  ( 0.0000000000000000000, 0.0000000000000000000, -1.000000000000000000 ) ) ;
#147 = PLANE ( 'NONE',  #1828 ) ;
#148 = EDGE_CURVE ( 'NONE', #7576, #8703, #2782, .T. ) ;
#149 = SURFACE_STYLE_FILL_AREA ( #5918 ) ;
#150 = LINE ( 'NONE', #665, #9980 ) ;
#151 = UNCERTAINTY_MEASURE_WITH_UNIT (LENGTH_MEASURE( 1.000000000000000082E-05 ), #7174, 'distance_accuracy_value', 'NONE');
#152 = VERTEX_POINT ( 'NONE', #3310 ) ;
#153 = CARTESIAN_POINT ( 'NONE',  ( 0.5249999999999999112, 0.05000000000000002359, -1.775000000000000133 ) ) ;
#154 = VERTEX_POINT ( 'NONE', #8648 ) ;
#155 = AXIS2_PLACEMENT_3D ( 'NONE', #9476, #10367, #8439 ) ;
#156 = ORIENTED_EDGE ( 'NONE', *, *, #4027, .T. ) ;
#157 = VECTOR ( 'NONE', #834, 1000.000000000000000 ) ;
#158 = LINE ( 'NONE', #2836, #9291 ) ;
#159 = DIRECTION ( 'NONE',  ( 0.0000000000000000000, 0.0000000000000000000, -1.000000000000000000 ) ) ;
#160 = LINE ( 'NONE', #11265, #10555 ) ;
#161 = DIRECTION ( 'NONE',  ( 1.000000000000000000, 0.0000000000000000000, 0.0000000000000000000 ) ) ;
#162 = EDGE_LOOP ( 'NONE', ( #7607, #9893, #3657, #4001 ) ) ;
#163 = ADVANCED_FACE ( 'NONE', ( #10340 ), #2205, .F. ) ;
#164 = VERTEX_POINT ( 'NONE', #11381 ) ;
#165 = EDGE_CURVE ( 'NONE', #6898, #2687, #2503, .T. ) ;
#166 = CARTESIAN_POINT ( 'NONE',  ( -0.5250000000000000222, 0.5000000000000000000, -1.525000000000000133 ) ) ;
#167 = COLOUR_RGB ( '',0.6470588235294117974, 0.6196078431372549211, 0.5882352941176470784 ) ;
#168 = LINE ( 'NONE', #3607, #2277 ) ;
#169 = DIRECTION ( 'NONE',  ( 0.0000000000000000000, -1.000000000000000000, -3.219646771412953967E-15 ) ) ;
#170 = ORIENTED_EDGE ( 'NONE', *, *, #10811, .T. ) ;
#171 = CARTESIAN_POINT ( 'NONE',  ( 5.525000000000000355, 1.850000000000000089, 2.024999999999999911 ) ) ;
#172 = AXIS2_PLACEMENT_3D ( 'NONE', #6541, #10302, #5293 ) ;
#173 = DIRECTION ( 'NONE',  ( 0.0000000000000000000, 0.0000000000000000000, 1.000000000000000000 ) ) ;
#174 = DIRECTION ( 'NONE',  ( 0.0000000000000000000, 0.0000000000000000000, -1.000000000000000000 ) ) ;
#175 = ORIENTED_EDGE ( 'NONE', *, *, #6934, .F. ) ;
#176 = DIRECTION ( 'NONE',  ( -1.000000000000000000, 0.0000000000000000000, 0.0000000000000000000 ) ) ;
#177 = VECTOR ( 'NONE', #634, 1000.000000000000000 ) ;
#178 = LINE ( 'NONE', #10236, #8589 ) ;
#179 = EDGE_CURVE ( 'NONE', #8144, #11254, #4452, .T. ) ;
#180 = EDGE_CURVE ( 'NONE', #7746, #7009, #2648, .T. ) ;
#181 = FACE_OUTER_BOUND ( 'NONE', #1541, .T. ) ;
#182 = VECTOR ( 'NONE', #8148, 1000.000000000000000 ) ;
#183 = EDGE_CURVE ( 'NONE', #1097, #7150, #819, .T. ) ;
#184 = ADVANCED_FACE ( 'NONE', ( #4038 ), #7795, .T. ) ;
#185 = CARTESIAN_POINT ( 'NONE',  ( 1.775000000000000133, 1.350000000000000089, -1.525000000000000133 ) ) ;
#186 = ORIENTED_EDGE ( 'NONE', *, *, #7021, .F. ) ;
#187 = LINE ( 'NONE', #10196, #8031 ) ;
#188 = CARTESIAN_POINT ( 'NONE',  ( 4.474999999999999645, 0.3500000000000000333, -2.024999999999999911 ) ) ;
#189 = CARTESIAN_POINT ( 'NONE',  ( -2.274999999999999911, 0.6000000000000076383, -0.2249999999999982014 ) ) ;
#190 = ORIENTED_EDGE ( 'NONE', *, *, #701, .F. ) ;
#191 = CARTESIAN_POINT ( 'NONE',  ( 5.724999999999999645, 0.0000000000000000000, 2.024999999999999911 ) ) ;
#192 = DIRECTION ( 'NONE',  ( 1.000000000000000000, 0.0000000000000000000, 0.0000000000000000000 ) ) ;
#193 = LINE ( 'NONE', #8585, #5103 ) ;
#194 = VECTOR ( 'NONE', #9273, 1000.000000000000000 ) ;
#195 = PRESENTATION_LAYER_ASSIGNMENT (  '', '', ( #11244 ) ) ;
#196 = ORIENTED_EDGE ( 'NONE', *, *, #1558, .T. ) ;
#197 = VECTOR ( 'NONE', #8805, 1000.000000000000000 ) ;
#198 = EDGE_CURVE ( 'NONE', #8657, #10653, #10061, .T. ) ;
#199 = CARTESIAN_POINT ( 'NONE',  ( 6.765000000000000568, 1.850000000000000089, -1.025000000000000133 ) ) ;
#200 = ORIENTED_EDGE ( 'NONE', *, *, #4550, .F. ) ;
#201 = AXIS2_PLACEMENT_3D ( 'NONE', #2453, #10690, #6316 ) ;
#202 = VECTOR ( 'NONE', #532, 1000.000000000000000 ) ;
#203 = LINE ( 'NONE', #1723, #7473 ) ;
#204 = FILL_AREA_STYLE ('',( #10952 ) ) ;
#205 = ORIENTED_EDGE ( 'NONE', *, *, #4209, .F. ) ;
#206 = ORIENTED_EDGE ( 'NONE', *, *, #10184, .F. ) ;
#207 = CARTESIAN_POINT ( 'NONE',  ( 3.015000000000000124, 1.850000000000000089, -2.024999999999999911 ) ) ;
#208 = CARTESIAN_POINT ( 'NONE',  ( 8.225000000000001421, 0.3499999999999999778, -2.075000000000000178 ) ) ;
#209 = EDGE_CURVE ( 'NONE', #10526, #1392, #4318, .T. ) ;
#210 = CARTESIAN_POINT ( 'NONE',  ( 4.264999999999999680, 1.000000000000000000, -1.025000000000000133 ) ) ;
#211 = CARTESIAN_POINT ( 'NONE',  ( -0.5150000000000000133, 1.000000000000000000, -1.025000000000000133 ) ) ;
#212 = EDGE_CURVE ( 'NONE', #4619, #641, #233, .T. ) ;
#213 = VECTOR ( 'NONE', #8350, 1000.000000000000000 ) ;
#214 = DIRECTION ( 'NONE',  ( 0.0000000000000000000, -1.000000000000000000, 0.0000000000000000000 ) ) ;
#215 = VECTOR ( 'NONE', #6705, 1000.000000000000000 ) ;
#216 = ORIENTED_EDGE ( 'NONE', *, *, #3695, .T. ) ;
#217 = VERTEX_POINT ( 'NONE', #2450 ) ;
#218 = ADVANCED_FACE ( 'NONE', ( #11321 ), #5058, .T. ) ;
#219 = CARTESIAN_POINT ( 'NONE',  ( -0.7249999999999999778, 1.850000000000000089, -1.698606797699999893 ) ) ;
#220 = CARTESIAN_POINT ( 'NONE',  ( 3.024999999999999911, -0.6500000000000000222, -1.775000000000000133 ) ) ;
#221 = CARTESIAN_POINT ( 'NONE',  ( 8.224999999999999645, 0.05000000000000002359, -1.775000000000000133 ) ) ;
#222 = DIRECTION ( 'NONE',  ( 0.0000000000000000000, 0.0000000000000000000, -1.000000000000000000 ) ) ;
#223 = LINE ( 'NONE', #10583, #1500 ) ;
#224 = VECTOR ( 'NONE', #1529, 1000.000000000000000 ) ;
#225 = AXIS2_PLACEMENT_3D ( 'NONE', #3531, #4276, #2684 ) ;
#226 = DIRECTION ( 'NONE',  ( 1.000000000000000000, 0.0000000000000000000, 0.0000000000000000000 ) ) ;
#227 = ORIENTED_EDGE ( 'NONE', *, *, #6542, .T. ) ;
#228 = DIRECTION ( 'NONE',  ( 1.000000000000000000, 0.0000000000000000000, 0.0000000000000000000 ) ) ;
#229 = EDGE_CURVE ( 'NONE', #3059, #3999, #10908, .T. ) ;
#230 = PLANE ( 'NONE',  #8885 ) ;
#231 = CARTESIAN_POINT ( 'NONE',  ( 6.775000000000000355, 0.0000000000000000000, 2.024999999999999911 ) ) ;
#232 = DIRECTION ( 'NONE',  ( -1.000000000000000000, 0.0000000000000000000, 0.0000000000000000000 ) ) ;
#233 = LINE ( 'NONE', #1472, #104 ) ;
#234 = LINE ( 'NONE', #5228, #94 ) ;
#235 = ORIENTED_EDGE ( 'NONE', *, *, #10057, .F. ) ;
#236 = STYLED_ITEM ( 'NONE', ( #3188 ), #11501 ) ;
#237 = CARTESIAN_POINT ( 'NONE',  ( 3.324999999999999734, 1.850000000000000089, 2.024999999999999911 ) ) ;
#238 = ADVANCED_FACE ( 'NONE', ( #8519 ), #6041, .F. ) ;
#239 = VERTEX_POINT ( 'NONE', #2492 ) ;
#240 = SURFACE_STYLE_USAGE ( .BOTH. , #9941 ) ;
#241 = ORIENTED_EDGE ( 'NONE', *, *, #9485, .T. ) ;
#242 = EDGE_LOOP ( 'NONE', ( #9340, #10689, #5677, #9737 ) ) ;
#243 = LINE ( 'NONE', #4505, #5852 ) ;
#244 = LINE ( 'NONE', #3809, #1950 ) ;
#245 = DIRECTION ( 'NONE',  ( -0.0000000000000000000, 1.000000000000000000, 3.252606517456512513E-15 ) ) ;
#246 = DIRECTION ( 'NONE',  ( 0.0000000000000000000, -1.000000000000000000, 0.0000000000000000000 ) ) ;
#247 = EDGE_CURVE ( 'NONE', #1844, #3633, #9091, .T. ) ;
#248 = CARTESIAN_POINT ( 'NONE',  ( 5.724999999999999645, 0.0000000000000000000, 0.0000000000000000000 ) ) ;
#249 = VERTEX_POINT ( 'NONE', #4288 ) ;
#250 = VERTEX_POINT ( 'NONE', #735 ) ;
#251 = ORIENTED_EDGE ( 'NONE', *, *, #7847, .T. ) ;
#252 = ORIENTED_EDGE ( 'NONE', *, *, #2337, .T. ) ;
#253 = ORIENTED_EDGE ( 'NONE', *, *, #1857, .F. ) ;
#254 = ORIENTED_EDGE ( 'NONE', *, *, #890, .T. ) ;
#255 = VECTOR ( 'NONE', #4233, 1000.000000000000000 ) ;
#256 = VECTOR ( 'NONE', #6272, 1000.000000000000000 ) ;
#257 = DIRECTION ( 'NONE',  ( -1.000000000000000000, 0.0000000000000000000, 0.0000000000000000000 ) ) ;
#258 = VERTEX_POINT ( 'NONE', #9748 ) ;
#259 = EDGE_CURVE ( 'NONE', #9111, #10668, #8811, .T. ) ;
#260 = VERTEX_POINT ( 'NONE', #10606 ) ;
#261 = EDGE_CURVE ( 'NONE', #6659, #6678, #4589, .T. ) ;
#262 = ORIENTED_EDGE ( 'NONE', *, *, #10508, .F. ) ;
#263 = ORIENTED_EDGE ( 'NONE', *, *, #4503, .T. ) ;
#264 = DIRECTION ( 'NONE',  ( 0.0000000000000000000, -1.000000000000000000, -3.212450881438532635E-15 ) ) ;
#265 = AXIS2_PLACEMENT_3D ( 'NONE', #6134, #10752, #795 ) ;
#266 = CARTESIAN_POINT ( 'NONE',  ( -1.875000000000000000, 3.750000000000000000, 2.025999999999999801 ) ) ;
#267 = LINE ( 'NONE', #9969, #7688 ) ;
#268 = FACE_OUTER_BOUND ( 'NONE', #8782, .T. ) ;
#269 = CARTESIAN_POINT ( 'NONE',  ( 3.225000000000000089, 1.850000000000000089, 2.024999999999999911 ) ) ;
#270 = ORIENTED_EDGE ( 'NONE', *, *, #7749, .T. ) ;
#271 = ORIENTED_EDGE ( 'NONE', *, *, #9734, .F. ) ;
#272 = VERTEX_POINT ( 'NONE', #2619 ) ;
#273 = ADVANCED_FACE ( 'NONE', ( #681 ), #5912, .T. ) ;
#274 = CARTESIAN_POINT ( 'NONE',  ( 7.875000000000000000, 1.000000000000000000, -2.024999999999999911 ) ) ;
#275 = AXIS2_PLACEMENT_3D ( 'NONE', #1913, #6325, #96 ) ;
#276 = LINE ( 'NONE', #8513, #10391 ) ;
#277 = EDGE_CURVE ( 'NONE', #11351, #3899, #6977, .T. ) ;
#278 = LINE ( 'NONE', #3140, #9563 ) ;
#279 = DIRECTION ( 'NONE',  ( 0.0000000000000000000, 0.0000000000000000000, 1.000000000000000000 ) ) ;
#280 = DIRECTION ( 'NONE',  ( 0.0000000000000000000, -1.000000000000000000, 0.0000000000000000000 ) ) ;
#281 = ORIENTED_EDGE ( 'NONE', *, *, #2496, .F. ) ;
#282 = DIRECTION ( 'NONE',  ( -1.000000000000000000, 0.0000000000000000000, 0.0000000000000000000 ) ) ;
#283 = ORIENTED_EDGE ( 'NONE', *, *, #4610, .F. ) ;
#284 = DIRECTION ( 'NONE',  ( 0.0000000000000000000, 0.0000000000000000000, 1.000000000000000000 ) ) ;
#285 =( LENGTH_UNIT ( ) NAMED_UNIT ( * ) SI_UNIT ( .MILLI., .METRE. ) );
#286 = DIRECTION ( 'NONE',  ( -1.000000000000000000, 0.0000000000000000000, 0.0000000000000000000 ) ) ;
#287 = LINE ( 'NONE', #2640, #9570 ) ;
#288 = LINE ( 'NONE', #2358, #6323 ) ;
#289 = DIRECTION ( 'NONE',  ( 0.0000000000000000000, 0.0000000000000000000, -1.000000000000000000 ) ) ;
#290 = ORIENTED_EDGE ( 'NONE', *, *, #11504, .T. ) ;
#291 = EDGE_CURVE ( 'NONE', #8489, #1906, #11184, .T. ) ;
#292 =( LENGTH_UNIT ( ) NAMED_UNIT ( * ) SI_UNIT ( .MILLI., .METRE. ) );
#293 = ADVANCED_FACE ( 'NONE', ( #10632 ), #1321, .T. ) ;
#294 = ORIENTED_EDGE ( 'NONE', *, *, #1516, .F. ) ;
#295 = EDGE_CURVE ( 'NONE', #7138, #6912, #2201, .T. ) ;
#296 = VECTOR ( 'NONE', #8727, 1000.000000000000000 ) ;
#297 = DIRECTION ( 'NONE',  ( 0.0000000000000000000, -1.000000000000000000, 0.0000000000000000000 ) ) ;
#298 = CARTESIAN_POINT ( 'NONE',  ( 2.875000000000000000, 1.000000000000000000, -1.525000000000000133 ) ) ;
#299 = VECTOR ( 'NONE', #2115, 1000.000000000000000 ) ;
#300 = DIRECTION ( 'NONE',  ( 0.0000000000000000000, 0.0000000000000000000, 1.000000000000000000 ) ) ;
#301 = CARTESIAN_POINT ( 'NONE',  ( 8.875000000000003553, 3.750000000000000000, 0.02500000000000000139 ) ) ;
#302 = CARTESIAN_POINT ( 'NONE',  ( 0.7250000000000000888, 1.000000000000000000, 0.0000000000000000000 ) ) ;
#303 = VERTEX_POINT ( 'NONE', #2221 ) ;
#304 = LINE ( 'NONE', #7178, #6052 ) ;
#305 = MECHANICAL_DESIGN_GEOMETRIC_PRESENTATION_REPRESENTATION (  '', ( #10912 ), #938 ) ;
#306 = ORIENTED_EDGE ( 'NONE', *, *, #9673, .T. ) ;
#307 = VECTOR ( 'NONE', #2785, 1000.000000000000000 ) ;
#308 = CARTESIAN_POINT ( 'NONE',  ( 9.375000000000001776, 3.750000000000000000, 2.025999999999999801 ) ) ;
#309 = LINE ( 'NONE', #5254, #4104 ) ;
#310 = LINE ( 'NONE', #5035, #7324 ) ;
#311 = ORIENTED_EDGE ( 'NONE', *, *, #5579, .T. ) ;
#312 = EDGE_CURVE ( 'NONE', #576, #8943, #2061, .T. ) ;
#313 = VERTEX_POINT ( 'NONE', #4874 ) ;
#314 = CARTESIAN_POINT ( 'NONE',  ( 5.375000000000000000, 1.000000000000000000, -2.024999999999999911 ) ) ;
#315 = CARTESIAN_POINT ( 'NONE',  ( 4.275000000000000355, 1.850000000000000089, 2.024999999999999911 ) ) ;
#316 = COLOUR_RGB ( '',1.000000000000000000, 1.000000000000000000, 1.000000000000000000 ) ;
#317 = LINE ( 'NONE', #6581, #7197 ) ;
#318 = PLANE ( 'NONE',  #8074 ) ;
#319 = CARTESIAN_POINT ( 'NONE',  ( -2.274999999999999911, 1.999999999999998668, -1.425000000000000933 ) ) ;
#320 = DIRECTION ( 'NONE',  ( 0.0000000000000000000, 1.000000000000000000, 0.0000000000000000000 ) ) ;
#321 = ORIENTED_EDGE ( 'NONE', *, *, #11298, .T. ) ;
#322 = LINE ( 'NONE', #4383, #8914 ) ;
#323 = DIRECTION ( 'NONE',  ( 0.0000000000000000000, -4.003208021484939327E-15, 1.000000000000000000 ) ) ;
#324 = VERTEX_POINT ( 'NONE', #3290 ) ;
#325 = EDGE_CURVE ( 'NONE', #9239, #10172, #1939, .T. ) ;
#326 = DIRECTION ( 'NONE',  ( -1.000000000000000000, 0.0000000000000000000, 0.0000000000000000000 ) ) ;
#327 = EDGE_CURVE ( 'NONE', #8097, #7309, #7640, .T. ) ;
#328 = ADVANCED_FACE ( 'NONE', ( #8507 ), #11314, .F. ) ;
#329 = DIRECTION ( 'NONE',  ( 1.000000000000000000, 0.0000000000000000000, -0.0000000000000000000 ) ) ;
#330 = EDGE_CURVE ( 'NONE', #2959, #11158, #9079, .T. ) ;
#331 = CARTESIAN_POINT ( 'NONE',  ( 3.225000000000000089, 1.649999999999999911, 2.024999999999999911 ) ) ;
#332 = VECTOR ( 'NONE', #6906, 1000.000000000000000 ) ;
#333 = VECTOR ( 'NONE', #2361, 1000.000000000000000 ) ;
#334 = ORIENTED_EDGE ( 'NONE', *, *, #7170, .T. ) ;
#335 = CARTESIAN_POINT ( 'NONE',  ( 7.875000000000001776, 2.750000000000000000, -0.4749999999999999778 ) ) ;
#336 = CARTESIAN_POINT ( 'NONE',  ( 5.724999999999999645, -0.6500000000000000222, -1.775000000000000133 ) ) ;
#337 = CARTESIAN_POINT ( 'NONE',  ( 5.724999999999999645, 0.5000000000000000000, 0.0000000000000000000 ) ) ;
#338 = EDGE_LOOP ( 'NONE', ( #4408, #3259, #84, #8710, #6282, #7605 ) ) ;
#339 = DIRECTION ( 'NONE',  ( 0.0000000000000000000, -1.084202172485501673E-15, -1.000000000000000000 ) ) ;
#340 = VECTOR ( 'NONE', #1836, 1000.000000000000000 ) ;
#341 = CARTESIAN_POINT ( 'NONE',  ( -1.875000000000000000, 3.149999999999999911, 2.025999999999999801 ) ) ;
#342 = ORIENTED_EDGE ( 'NONE', *, *, #6778, .F. ) ;
#343 = CARTESIAN_POINT ( 'NONE',  ( 5.825000000000000178, 1.850000000000000089, 2.024999999999999911 ) ) ;
#344 = EDGE_LOOP ( 'NONE', ( #11597, #11578, #1732, #5186 ) ) ;
#345 = CARTESIAN_POINT ( 'NONE',  ( 1.765000000000000124, 1.000000000000000000, -1.525000000000000133 ) ) ;
#346 = PLANE ( 'NONE',  #11360 ) ;
#347 = VECTOR ( 'NONE', #5277, 1000.000000000000114 ) ;
#348 = LINE ( 'NONE', #6551, #10455 ) ;
#349 = EDGE_CURVE ( 'NONE', #1120, #10118, #2490, .T. ) ;
#350 = DIRECTION ( 'NONE',  ( 0.0000000000000000000, 0.0000000000000000000, 1.000000000000000000 ) ) ;
#351 = ORIENTED_EDGE ( 'NONE', *, *, #7833, .F. ) ;
#352 = DIRECTION ( 'NONE',  ( -0.0000000000000000000, 1.000000000000000000, 0.0000000000000000000 ) ) ;
#353 = ORIENTED_EDGE ( 'NONE', *, *, #6372, .F. ) ;
#354 = ADVANCED_FACE ( 'NONE', ( #8664 ), #6832, .T. ) ;
#355 = CARTESIAN_POINT ( 'NONE',  ( 8.224999999999999645, 0.0000000000000000000, -1.525000000000000133 ) ) ;
#356 = CARTESIAN_POINT ( 'NONE',  ( 6.774999999999999467, 0.3499999999999999778, -2.075000000000000178 ) ) ;
#357 = VECTOR ( 'NONE', #5039, 1000.000000000000000 ) ;
#358 = DIRECTION ( 'NONE',  ( 0.0000000000000000000, -1.000000000000000000, 0.0000000000000000000 ) ) ;
#359 = LINE ( 'NONE', #4776, #9501 ) ;
#360 = UNCERTAINTY_MEASURE_WITH_UNIT (LENGTH_MEASURE( 1.000000000000000082E-05 ), #123, 'distance_accuracy_value', 'NONE');
#361 = CARTESIAN_POINT ( 'NONE',  ( -1.175000000000000044, 2.550000000000000266, -1.474999999999999867 ) ) ;
#362 = EDGE_LOOP ( 'NONE', ( #6103, #5743, #6526, #4396 ) ) ;
#363 = CARTESIAN_POINT ( 'NONE',  ( 3.024999999999999911, 1.850000000000000089, 2.024999999999999911 ) ) ;
#364 = CARTESIAN_POINT ( 'NONE',  ( 8.224999999999999645, 0.3500000000000000333, -2.024999999999999911 ) ) ;
#365 = ORIENTED_EDGE ( 'NONE', *, *, #11452, .F. ) ;
#366 = CARTESIAN_POINT ( 'NONE',  ( 7.074999999999999289, 1.649999999999999911, -1.474999999999999867 ) ) ;
#367 = EDGE_CURVE ( 'NONE', #6615, #260, #1654, .T. ) ;
#368 = VERTEX_POINT ( 'NONE', #9486 ) ;
#369 = ORIENTED_EDGE ( 'NONE', *, *, #10030, .T. ) ;
#370 = DIRECTION ( 'NONE',  ( 0.0000000000000000000, -1.000000000000000000, 0.0000000000000000000 ) ) ;
#371 = EDGE_CURVE ( 'NONE', #1192, #1001, #807, .T. ) ;
#372 = DIRECTION ( 'NONE',  ( 0.0000000000000000000, -1.000000000000000000, -3.212450881438532635E-15 ) ) ;
#373 = VECTOR ( 'NONE', #10375, 1000.000000000000000 ) ;
#374 = FACE_OUTER_BOUND ( 'NONE', #9689, .T. ) ;
#375 = LINE ( 'NONE', #8931, #3616 ) ;
#376 = VERTEX_POINT ( 'NONE', #6010 ) ;
#377 = ORIENTED_EDGE ( 'NONE', *, *, #4020, .T. ) ;
#378 =( GEOMETRIC_REPRESENTATION_CONTEXT ( 3 ) GLOBAL_UNCERTAINTY_ASSIGNED_CONTEXT ( ( #1956 ) ) GLOBAL_UNIT_ASSIGNED_CONTEXT ( ( #9825, #3472, #7104 ) ) REPRESENTATION_CONTEXT ( 'NONE', 'WORKASPACE' ) );
#379 = CARTESIAN_POINT ( 'NONE',  ( 7.500000000000002665, 0.0000000000000000000, 0.02500000000000000139 ) ) ;
#380 = DIRECTION ( 'NONE',  ( -1.000000000000000000, 0.0000000000000000000, 0.0000000000000000000 ) ) ;
#381 = PRESENTATION_LAYER_ASSIGNMENT (  '', '', ( #1830 ) ) ;
#382 = PLANE ( 'NONE',  #3014 ) ;
#383 = ORIENTED_EDGE ( 'NONE', *, *, #8677, .T. ) ;
#384 = FACE_OUTER_BOUND ( 'NONE', #464, .T. ) ;
#385 = DIRECTION ( 'NONE',  ( 1.000000000000000000, 0.0000000000000000000, 0.0000000000000000000 ) ) ;
#386 = FACE_OUTER_BOUND ( 'NONE', #3363, .T. ) ;
#387 = PLANE ( 'NONE',  #2182 ) ;
#388 = ADVANCED_FACE ( 'NONE', ( #6967 ), #3171, .T. ) ;
#389 = ORIENTED_EDGE ( 'NONE', *, *, #1630, .F. ) ;
#390 = ORIENTED_EDGE ( 'NONE', *, *, #9520, .F. ) ;
#391 = EDGE_LOOP ( 'NONE', ( #3183, #108, #8164, #9379 ) ) ;
#392 = EDGE_LOOP ( 'NONE', ( #6949, #10654, #7824, #1540 ) ) ;
#393 = DIRECTION ( 'NONE',  ( 0.0000000000000000000, 0.0000000000000000000, 1.000000000000000000 ) ) ;
#394 = ORIENTED_EDGE ( 'NONE', *, *, #3524, .F. ) ;
#395 = VECTOR ( 'NONE', #1617, 1000.000000000000000 ) ;
#396 = ADVANCED_FACE ( 'NONE', ( #6107 ), #10335, .F. ) ;
#397 = LINE ( 'NONE', #9139, #7962 ) ;
#398 = ORIENTED_EDGE ( 'NONE', *, *, #5561, .T. ) ;
#399 = CARTESIAN_POINT ( 'NONE',  ( 1.975000000000000089, 1.350000000000000089, 1.525000000000000133 ) ) ;
#400 = PLANE ( 'NONE',  #1019 ) ;
#401 = ORIENTED_EDGE ( 'NONE', *, *, #9141, .F. ) ;
#402 = VERTEX_POINT ( 'NONE', #784 ) ;
#403 = VERTEX_POINT ( 'NONE', #6161 ) ;
#404 = EDGE_CURVE ( 'NONE', #1259, #402, #10619, .T. ) ;
#405 = CARTESIAN_POINT ( 'NONE',  ( 8.235000000000002984, 0.0000000000000000000, -1.474999999999999867 ) ) ;
#406 = DIRECTION ( 'NONE',  ( 1.000000000000000000, 0.0000000000000000000, 0.0000000000000000000 ) ) ;
#407 = ORIENTED_EDGE ( 'NONE', *, *, #291, .F. ) ;
#408 = FACE_OUTER_BOUND ( 'NONE', #11177, .T. ) ;
#409 =( NAMED_UNIT ( * ) PLANE_ANGLE_UNIT ( ) SI_UNIT ( $, .RADIAN. ) );
#410 = DIRECTION ( 'NONE',  ( 0.0000000000000000000, 0.0000000000000000000, 1.000000000000000000 ) ) ;
#411 = LINE ( 'NONE', #5774, #2533 ) ;
#412 = EDGE_CURVE ( 'NONE', #10013, #6811, #10773, .T. ) ;
#413 = FILL_AREA_STYLE ('',( #2380 ) ) ;
#414 = ORIENTED_EDGE ( 'NONE', *, *, #8642, .T. ) ;
#415 = CARTESIAN_POINT ( 'NONE',  ( -2.475000000000000089, 2.224999999999998757, -2.025000000000007905 ) ) ;
#416 = ORIENTED_EDGE ( 'NONE', *, *, #5706, .T. ) ;
#417 = ORIENTED_EDGE ( 'NONE', *, *, #330, .T. ) ;
#418 = ORIENTED_EDGE ( 'NONE', *, *, #32, .F. ) ;
#419 = VERTEX_POINT ( 'NONE', #8044 ) ;
#420 = ADVANCED_FACE ( 'NONE', ( #3743 ), #2441, .F. ) ;
#421 = LINE ( 'NONE', #10517, #5479 ) ;
#422 = LINE ( 'NONE', #2850, #9697 ) ;
#423 = AXIS2_PLACEMENT_3D ( 'NONE', #11426, #702, #584 ) ;
#424 = DIRECTION ( 'NONE',  ( -1.000000000000000000, 0.0000000000000000000, 0.0000000000000000000 ) ) ;
#425 = EDGE_CURVE ( 'NONE', #9226, #6898, #5133, .T. ) ;
#426 = DIRECTION ( 'NONE',  ( 0.0000000000000000000, 0.0000000000000000000, -1.000000000000000000 ) ) ;
#427 = ORIENTED_EDGE ( 'NONE', *, *, #10031, .F. ) ;
#428 = PLANE ( 'NONE',  #3794 ) ;
#429 = SURFACE_STYLE_USAGE ( .BOTH. , #3021 ) ;
#430 = ORIENTED_EDGE ( 'NONE', *, *, #980, .T. ) ;
#431 = LINE ( 'NONE', #2231, #10245 ) ;
#432 = DIRECTION ( 'NONE',  ( 0.0000000000000000000, 0.0000000000000000000, 1.000000000000000000 ) ) ;
#433 = FACE_OUTER_BOUND ( 'NONE', #3284, .T. ) ;
#434 = LINE ( 'NONE', #8626, #9708 ) ;
#435 = ORIENTED_EDGE ( 'NONE', *, *, #7377, .T. ) ;
#436 = ORIENTED_EDGE ( 'NONE', *, *, #1396, .T. ) ;
#437 = EDGE_CURVE ( 'NONE', #5525, #9914, #1927, .T. ) ;
#438 = CARTESIAN_POINT ( 'NONE',  ( 4.474999999999999645, 0.05000000000000002359, -1.775000000000000133 ) ) ;
#439 = VECTOR ( 'NONE', #4335, 1000.000000000000000 ) ;
#440 = LINE ( 'NONE', #5985, #5363 ) ;
#441 = CARTESIAN_POINT ( 'NONE',  ( 10.37500000000000178, 0.0000000000000000000, 2.024999999999999911 ) ) ;
#442 = VECTOR ( 'NONE', #526, 1000.000000000000000 ) ;
#443 = DIRECTION ( 'NONE',  ( 0.0000000000000000000, 1.084202172485501673E-15, 1.000000000000000000 ) ) ;
#444 = ADVANCED_FACE ( 'NONE', ( #8796 ), #5328, .T. ) ;
#445 = ORIENTED_EDGE ( 'NONE', *, *, #8625, .F. ) ;
#446 = DIRECTION ( 'NONE',  ( 0.0000000000000000000, 0.0000000000000000000, 1.000000000000000000 ) ) ;
#447 = CARTESIAN_POINT ( 'NONE',  ( 2.925000000000000266, 1.649999999999999911, -1.698606797699999893 ) ) ;
#448 = DIRECTION ( 'NONE',  ( -0.0000000000000000000, 1.000000000000000000, 0.0000000000000000000 ) ) ;
#449 = ORIENTED_EDGE ( 'NONE', *, *, #32, .T. ) ;
#450 = DIRECTION ( 'NONE',  ( 0.0000000000000000000, -0.0000000000000000000, 1.000000000000000000 ) ) ;
#451 = LINE ( 'NONE', #2639, #10563 ) ;
#452 = VECTOR ( 'NONE', #8062, 1000.000000000000000 ) ;
#453 = LINE ( 'NONE', #3009, #9730 ) ;
#454 = EDGE_CURVE ( 'NONE', #7712, #3581, #10897, .T. ) ;
#455 = ADVANCED_FACE ( 'NONE', ( #10327 ), #10715, .F. ) ;
#456 = EDGE_CURVE ( 'NONE', #7931, #3356, #7937, .T. ) ;
#457 = ORIENTED_EDGE ( 'NONE', *, *, #611, .T. ) ;
#458 = DIRECTION ( 'NONE',  ( 0.0000000000000000000, 0.0000000000000000000, -1.000000000000000000 ) ) ;
#459 = CLOSED_SHELL ( 'NONE', ( #3825, #4467, #6854, #8468, #455, #9633, #9575, #3726 ) ) ;
#460 = DIRECTION ( 'NONE',  ( 0.0000000000000000000, 1.000000000000000000, 0.0000000000000000000 ) ) ;
#461 = CARTESIAN_POINT ( 'NONE',  ( 8.675000000000002487, 1.850000000000000089, 2.024999999999999911 ) ) ;
#462 = VERTEX_POINT ( 'NONE', #836 ) ;
#463 = CARTESIAN_POINT ( 'NONE',  ( 0.4249999999999999889, 1.850000000000000089, 2.024999999999999911 ) ) ;
#464 = EDGE_LOOP ( 'NONE', ( #11006, #8442, #7517, #6829 ) ) ;
#465 = DIRECTION ( 'NONE',  ( 0.0000000000000000000, 1.000000000000000000, 0.0000000000000000000 ) ) ;
#466 = DIRECTION ( 'NONE',  ( 1.000000000000000000, 0.0000000000000000000, 0.0000000000000000000 ) ) ;
#467 = DIRECTION ( 'NONE',  ( 0.0000000000000000000, -1.000000000000000000, 0.0000000000000000000 ) ) ;
#468 =( NAMED_UNIT ( * ) PLANE_ANGLE_UNIT ( ) SI_UNIT ( $, .RADIAN. ) );
#469 = FACE_OUTER_BOUND ( 'NONE', #5709, .T. ) ;
#470 = VECTOR ( 'NONE', #6413, 1000.000000000000000 ) ;
#471 = PRESENTATION_LAYER_ASSIGNMENT (  '', '', ( #11515 ) ) ;
#472 =( NAMED_UNIT ( * ) PLANE_ANGLE_UNIT ( ) SI_UNIT ( $, .RADIAN. ) );
#473 = ORIENTED_EDGE ( 'NONE', *, *, #10716, .T. ) ;
#474 = LINE ( 'NONE', #6631, #1174 ) ;
#475 = PRESENTATION_LAYER_ASSIGNMENT (  '', '', ( #11135 ) ) ;
#476 = CARTESIAN_POINT ( 'NONE',  ( 0.7249999999999998668, 0.05000000000000002359, -1.775000000000000133 ) ) ;
#477 = ORIENTED_EDGE ( 'NONE', *, *, #5067, .F. ) ;
#478 = DIRECTION ( 'NONE',  ( 1.000000000000000000, 0.0000000000000000000, 0.0000000000000000000 ) ) ;
#479 = ORIENTED_EDGE ( 'NONE', *, *, #499, .T. ) ;
#480 = SURFACE_STYLE_USAGE ( .BOTH. , #1379 ) ;
#481 = LINE ( 'NONE', #725, #9890 ) ;
#482 = LINE ( 'NONE', #4243, #5801 ) ;
#483 = CARTESIAN_POINT ( 'NONE',  ( 3.225000000000000089, -0.6500000000000000222, -1.775000000000000133 ) ) ;
#484 = EDGE_CURVE ( 'NONE', #1946, #7375, #5700, .T. ) ;
#485 = DIRECTION ( 'NONE',  ( 0.0000000000000000000, 0.0000000000000000000, -1.000000000000000000 ) ) ;
#486 = CARTESIAN_POINT ( 'NONE',  ( 3.225000000000000089, -0.004464445899999999919, 0.003975566199999999890 ) ) ;
#487 = ORIENTED_EDGE ( 'NONE', *, *, #9071, .F. ) ;
#488 = LINE ( 'NONE', #207, #10869 ) ;
#489 = ORIENTED_EDGE ( 'NONE', *, *, #7954, .F. ) ;
#490 = CARTESIAN_POINT ( 'NONE',  ( 2.925000000000000266, 1.850000000000000089, -1.698606797699999893 ) ) ;
#491 = DIRECTION ( 'NONE',  ( 0.0000000000000000000, -1.000000000000000000, 0.0000000000000000000 ) ) ;
#492 = DIRECTION ( 'NONE',  ( 0.0000000000000000000, -1.000000000000000000, 0.0000000000000000000 ) ) ;
#493 = DIRECTION ( 'NONE',  ( 0.0000000000000000000, 1.000000000000000000, 0.0000000000000000000 ) ) ;
#494 = CARTESIAN_POINT ( 'NONE',  ( 0.5249999999999999112, -0.6500000000000000222, -1.775000000000000133 ) ) ;
#495 = FACE_OUTER_BOUND ( 'NONE', #5930, .T. ) ;
#496 = LINE ( 'NONE', #4782, #7350 ) ;
#497 = VERTEX_POINT ( 'NONE', #11600 ) ;
#498 = EDGE_CURVE ( 'NONE', #1764, #6995, #6260, .T. ) ;
#499 = EDGE_CURVE ( 'NONE', #5313, #9668, #3186, .T. ) ;
#500 = ORIENTED_EDGE ( 'NONE', *, *, #5302, .T. ) ;
#501 = CARTESIAN_POINT ( 'NONE',  ( 10.37499999999999822, 1.000000000000000000, -1.525000000000000133 ) ) ;
#502 = CARTESIAN_POINT ( 'NONE',  ( 8.875000000000003553, 3.149999999999999911, 2.024999999999999911 ) ) ;
#503 = CARTESIAN_POINT ( 'NONE',  ( 4.275000000000000355, 1.649999999999999911, 2.024999999999999911 ) ) ;
#504 = VECTOR ( 'NONE', #11027, 1000.000000000000000 ) ;
#505 = PRESENTATION_STYLE_ASSIGNMENT (( #9727 ) ) ;
#506 = FILL_AREA_STYLE ('',( #4077 ) ) ;
#507 = VECTOR ( 'NONE', #4166, 1000.000000000000000 ) ;
#508 = DIRECTION ( 'NONE',  ( 1.000000000000000000, 0.0000000000000000000, 0.0000000000000000000 ) ) ;
#509 = ORIENTED_EDGE ( 'NONE', *, *, #80, .F. ) ;
#510 = CARTESIAN_POINT ( 'NONE',  ( 8.225000000000001421, 0.3500000000000000333, -2.024999999999999911 ) ) ;
#511 = DIRECTION ( 'NONE',  ( -1.000000000000000000, 0.0000000000000000000, 0.0000000000000000000 ) ) ;
#512 = VERTEX_POINT ( 'NONE', #7908 ) ;
#513 = ADVANCED_FACE ( 'NONE', ( #8355 ), #5249, .T. ) ;
#514 = CARTESIAN_POINT ( 'NONE',  ( 1.774999999999999911, -0.6500000000000000222, -2.075000000000000178 ) ) ;
#515 = STYLED_ITEM ( 'NONE', ( #10737 ), #8123 ) ;
#516 = EDGE_CURVE ( 'NONE', #8033, #1097, #3613, .T. ) ;
#517 = VECTOR ( 'NONE', #1660, 1000.000000000000000 ) ;
#518 = VECTOR ( 'NONE', #631, 1000.000000000000000 ) ;
#519 = VECTOR ( 'NONE', #7294, 1000.000000000000000 ) ;
#520 = ORIENTED_EDGE ( 'NONE', *, *, #7136, .T. ) ;
#521 = ADVANCED_FACE ( 'NONE', ( #3331 ), #880, .F. ) ;
#522 = DIRECTION ( 'NONE',  ( 0.0000000000000000000, 0.0000000000000000000, -1.000000000000000000 ) ) ;
#523 = ORIENTED_EDGE ( 'NONE', *, *, #8795, .F. ) ;
#524 = CARTESIAN_POINT ( 'NONE',  ( 8.235000000000002984, 1.000000000000000000, -1.525000000000000133 ) ) ;
#525 = ORIENTED_EDGE ( 'NONE', *, *, #9520, .T. ) ;
#526 = DIRECTION ( 'NONE',  ( -1.000000000000000000, -0.0000000000000000000, -0.0000000000000000000 ) ) ;
#527 = VECTOR ( 'NONE', #3432, 1000.000000000000000 ) ;
#528 = VECTOR ( 'NONE', #5225, 1000.000000000000000 ) ;
#530 = DIRECTION ( 'NONE',  ( 0.0000000000000000000, -0.0000000000000000000, -1.000000000000000000 ) ) ;
#529 = FACE_OUTER_BOUND ( 'NONE', #7903, .T. ) ;
#531 = CARTESIAN_POINT ( 'NONE',  ( -0.7249999999999999778, 1.649999999999999911, -1.698606797699999893 ) ) ;
#532 = DIRECTION ( 'NONE',  ( 0.0000000000000000000, -1.000000000000000000, 0.0000000000000000000 ) ) ;
#533 = ORIENTED_EDGE ( 'NONE', *, *, #9376, .T. ) ;
#534 = EDGE_CURVE ( 'NONE', #6162, #3476, #11034, .T. ) ;
#535 = CARTESIAN_POINT ( 'NONE',  ( 5.424999999999999822, 1.649999999999999911, 2.024999999999999911 ) ) ;
#536 = DIRECTION ( 'NONE',  ( 0.0000000000000000000, -1.000000000000000000, 0.0000000000000000000 ) ) ;
#537 = EDGE_CURVE ( 'NONE', #7011, #8259, #3045, .T. ) ;
#538 = CARTESIAN_POINT ( 'NONE',  ( 6.985000000000000320, 1.850000000000000089, -1.025000000000000133 ) ) ;
#539 = ORIENTED_EDGE ( 'NONE', *, *, #9878, .F. ) ;
#540 = ORIENTED_EDGE ( 'NONE', *, *, #10419, .F. ) ;
#541 = EDGE_LOOP ( 'NONE', ( #9143, #3169, #10494, #4669 ) ) ;
#542 = FACE_OUTER_BOUND ( 'NONE', #8510, .T. ) ;
#543 = CARTESIAN_POINT ( 'NONE',  ( 5.514999999999999680, 1.000000000000000000, -1.025000000000000133 ) ) ;
#544 = LINE ( 'NONE', #2179, #1812 ) ;
#545 = CARTESIAN_POINT ( 'NONE',  ( 3.024999999999999911, 0.3500000000000000333, -2.024999999999999911 ) ) ;
#546 = PRESENTATION_LAYER_ASSIGNMENT (  '', '', ( #4723 ) ) ;
#547 = DIRECTION ( 'NONE',  ( 1.000000000000000000, 0.0000000000000000000, 0.0000000000000000000 ) ) ;
#548 =( LENGTH_UNIT ( ) NAMED_UNIT ( * ) SI_UNIT ( .MILLI., .METRE. ) );
#549 =( GEOMETRIC_REPRESENTATION_CONTEXT ( 3 ) GLOBAL_UNCERTAINTY_ASSIGNED_CONTEXT ( ( #3112 ) ) GLOBAL_UNIT_ASSIGNED_CONTEXT ( ( #11520, #875, #7119 ) ) REPRESENTATION_CONTEXT ( 'NONE', 'WORKASPACE' ) );
#550 = CARTESIAN_POINT ( 'NONE',  ( 2.075000000000000178, 1.850000000000000089, 2.024999999999999911 ) ) ;
#551 = DIRECTION ( 'NONE',  ( 0.0000000000000000000, 0.0000000000000000000, 1.000000000000000000 ) ) ;
#552 = ORIENTED_EDGE ( 'NONE', *, *, #1538, .T. ) ;
#553 = ORIENTED_EDGE ( 'NONE', *, *, #9695, .T. ) ;
#554 = ORIENTED_EDGE ( 'NONE', *, *, #787, .F. ) ;
#555 = CARTESIAN_POINT ( 'NONE',  ( 4.474999999999999645, 1.350000000000000089, 1.525000000000000133 ) ) ;
#556 = EDGE_LOOP ( 'NONE', ( #5957, #7683, #8532, #7655 ) ) ;
#557 = ORIENTED_EDGE ( 'NONE', *, *, #4485, .T. ) ;
#558 = LINE ( 'NONE', #9533, #1537 ) ;
#559 = LINE ( 'NONE', #7841, #6845 ) ;
#560 = DIRECTION ( 'NONE',  ( -1.000000000000000000, 0.0000000000000000000, 0.0000000000000000000 ) ) ;
#561 = EDGE_CURVE ( 'NONE', #4036, #402, #5433, .T. ) ;
#562 = CARTESIAN_POINT ( 'NONE',  ( 4.474999999999999645, -0.004464445899999999919, 0.003975566199999999890 ) ) ;
#563 = DIRECTION ( 'NONE',  ( -0.0000000000000000000, 1.000000000000000000, 0.0000000000000000000 ) ) ;
#564 = EDGE_LOOP ( 'NONE', ( #10078, #842, #11231, #3801 ) ) ;
#565 = ORIENTED_EDGE ( 'NONE', *, *, #131, .T. ) ;
#566 = VERTEX_POINT ( 'NONE', #9140 ) ;
#567 = ORIENTED_EDGE ( 'NONE', *, *, #893, .F. ) ;
#568 = FACE_OUTER_BOUND ( 'NONE', #6188, .T. ) ;
#569 = DIRECTION ( 'NONE',  ( 0.0000000000000000000, -1.000000000000000000, 0.0000000000000000000 ) ) ;
#570 = FACE_OUTER_BOUND ( 'NONE', #6579, .T. ) ;
#571 = CARTESIAN_POINT ( 'NONE',  ( 0.7349999999999999867, 1.649999999999999911, -1.698606797699999893 ) ) ;
#572 = ORIENTED_EDGE ( 'NONE', *, *, #3163, .T. ) ;
#573 = EDGE_CURVE ( 'NONE', #4934, #2974, #7238, .T. ) ;
#574 = DIRECTION ( 'NONE',  ( 1.000000000000000000, 0.0000000000000000000, 0.0000000000000000000 ) ) ;
#575 = CARTESIAN_POINT ( 'NONE',  ( 5.525000000000000355, 1.649999999999999911, -1.025000000000000133 ) ) ;
#576 = VERTEX_POINT ( 'NONE', #10146 ) ;
#577 = EDGE_CURVE ( 'NONE', #8973, #4549, #10465, .T. ) ;
#578 = VERTEX_POINT ( 'NONE', #1101 ) ;
#579 = ADVANCED_FACE ( 'NONE', ( #4831 ), #9249, .T. ) ;
#580 = CARTESIAN_POINT ( 'NONE',  ( -2.475000000000000089, 3.600000000000000089, -1.425000000000000933 ) ) ;
#581 = AXIS2_PLACEMENT_3D ( 'NONE', #4094, #9512, #443 ) ;
#582 = CARTESIAN_POINT ( 'NONE',  ( 3.324999999999999734, 1.850000000000000089, -1.698606797699999893 ) ) ;
#583 = COLOUR_RGB ( '',1.000000000000000000, 1.000000000000000000, 1.000000000000000000 ) ;
#584 = DIRECTION ( 'NONE',  ( 0.0000000000000000000, 0.0000000000000000000, -1.000000000000000000 ) ) ;
#585 = LINE ( 'NONE', #9368, #3248 ) ;
#586 = EDGE_LOOP ( 'NONE', ( #4688, #9416, #5162, #1266 ) ) ;
#587 = CARTESIAN_POINT ( 'NONE',  ( 9.775000000000002132, 3.600000000000000977, -1.425000000000000044 ) ) ;
#588 = DIRECTION ( 'NONE',  ( 0.0000000000000000000, 0.0000000000000000000, -1.000000000000000000 ) ) ;
#589 = VERTEX_POINT ( 'NONE', #4652 ) ;
#590 = VECTOR ( 'NONE', #9064, 1000.000000000000000 ) ;
#591 = LINE ( 'NONE', #4466, #5628 ) ;
#592 = CARTESIAN_POINT ( 'NONE',  ( 7.924999999999999822, 1.649999999999999911, 2.024999999999999911 ) ) ;
#593 = EDGE_CURVE ( 'NONE', #7151, #5220, #6665, .T. ) ;
#594 = DIRECTION ( 'NONE',  ( -1.000000000000000000, 0.0000000000000000000, 0.0000000000000000000 ) ) ;
#595 = VECTOR ( 'NONE', #5410, 1000.000000000000000 ) ;
#596 = CARTESIAN_POINT ( 'NONE',  ( -0.7249999999999999778, 0.05000000000000002359, -1.775000000000000133 ) ) ;
#597 = DIRECTION ( 'NONE',  ( 1.000000000000000000, 0.0000000000000000000, 0.0000000000000000000 ) ) ;
#598 = FILL_AREA_STYLE_COLOUR ( '', #3659 ) ;
#599 = ORIENTED_EDGE ( 'NONE', *, *, #9000, .T. ) ;
#600 = ORIENTED_EDGE ( 'NONE', *, *, #6679, .T. ) ;
#601 = CARTESIAN_POINT ( 'NONE',  ( 3.024999999999999911, 1.649999999999999911, 2.024999999999999911 ) ) ;
#602 = PLANE ( 'NONE',  #172 ) ;
#603 = DIRECTION ( 'NONE',  ( 1.000000000000000000, 0.0000000000000000000, 0.0000000000000000000 ) ) ;
#604 = LINE ( 'NONE', #8809, #6192 ) ;
#605 = LINE ( 'NONE', #7621, #10553 ) ;
#606 = ORIENTED_EDGE ( 'NONE', *, *, #3163, .F. ) ;
#607 = FACE_OUTER_BOUND ( 'NONE', #10049, .T. ) ;
#608 = EDGE_CURVE ( 'NONE', #8770, #9120, #3599, .T. ) ;
#609 =( NAMED_UNIT ( * ) PLANE_ANGLE_UNIT ( ) SI_UNIT ( $, .RADIAN. ) );
#610 = ORIENTED_EDGE ( 'NONE', *, *, #7173, .F. ) ;
#611 = EDGE_CURVE ( 'NONE', #3069, #10013, #1643, .T. ) ;
#612 = DIRECTION ( 'NONE',  ( 0.0000000000000000000, -1.000000000000000000, 0.0000000000000000000 ) ) ;
#613 = VECTOR ( 'NONE', #1750, 1000.000000000000000 ) ;
#614 = CARTESIAN_POINT ( 'NONE',  ( 3.225000000000000089, 0.0000000000000000000, 2.024999999999999911 ) ) ;
#615 = DIRECTION ( 'NONE',  ( 0.0000000000000000000, 1.000000000000000000, 0.0000000000000000000 ) ) ;
#616 = VECTOR ( 'NONE', #5329, 1000.000000000000000 ) ;
#617 = DIRECTION ( 'NONE',  ( 1.000000000000000000, 0.0000000000000000000, 0.0000000000000000000 ) ) ;
#618 = CARTESIAN_POINT ( 'NONE',  ( -2.274999999999999911, 4.250000000000000000, -0.07499999999999998335 ) ) ;
#619 =( LENGTH_UNIT ( ) NAMED_UNIT ( * ) SI_UNIT ( .MILLI., .METRE. ) );
#620 = EDGE_LOOP ( 'NONE', ( #8872, #11417, #107, #383 ) ) ;
#621 = FACE_OUTER_BOUND ( 'NONE', #10916, .T. ) ;
#622 = CARTESIAN_POINT ( 'NONE',  ( -0.5150000000000000133, 1.000000000000000000, -1.525000000000000133 ) ) ;
#623 = ORIENTED_EDGE ( 'NONE', *, *, #8761, .F. ) ;
#624 = AXIS2_PLACEMENT_3D ( 'NONE', #11209, #8545, #2108 ) ;
#625 = DIRECTION ( 'NONE',  ( -0.0000000000000000000, 1.000000000000000000, 0.0000000000000000000 ) ) ;
#626 = LINE ( 'NONE', #8512, #9882 ) ;
#627 = DIRECTION ( 'NONE',  ( 0.0000000000000000000, 0.0000000000000000000, -1.000000000000000000 ) ) ;
#628 = ORIENTED_EDGE ( 'NONE', *, *, #3213, .F. ) ;
#629 = LINE ( 'NONE', #3703, #3296 ) ;
#630 = DIRECTION ( 'NONE',  ( 0.0000000000000000000, 0.0000000000000000000, 1.000000000000000000 ) ) ;
#631 = DIRECTION ( 'NONE',  ( 0.0000000000000000000, -1.000000000000000000, -4.336808689942024836E-15 ) ) ;
#632 = ORIENTED_EDGE ( 'NONE', *, *, #5376, .F. ) ;
#633 = ADVANCED_FACE ( 'NONE', ( #5689 ), #8411, .F. ) ;
#634 = DIRECTION ( 'NONE',  ( 0.0000000000000000000, 1.000000000000000000, 0.0000000000000000000 ) ) ;
#635 = LINE ( 'NONE', #9186, #5669 ) ;
#636 = LINE ( 'NONE', #2610, #2616 ) ;
#637 = AXIS2_PLACEMENT_3D ( 'NONE', #6410, #9246, #3914 ) ;
#638 = CARTESIAN_POINT ( 'NONE',  ( 4.275000000000000355, 1.350000000000000089, 1.525000000000000133 ) ) ;
#639 = VERTEX_POINT ( 'NONE', #463 ) ;
#640 = VECTOR ( 'NONE', #10648, 1000.000000000000000 ) ;
#641 = VERTEX_POINT ( 'NONE', #10257 ) ;
#642 = EDGE_CURVE ( 'NONE', #5872, #7403, #10176, .T. ) ;
#643 = ADVANCED_FACE ( 'NONE', ( #5967 ), #5751, .F. ) ;
#644 = EDGE_CURVE ( 'NONE', #4301, #8222, #3317, .T. ) ;
#645 = SURFACE_STYLE_USAGE ( .BOTH. , #2327 ) ;
#646 = ORIENTED_EDGE ( 'NONE', *, *, #4817, .T. ) ;
#647 = DIRECTION ( 'NONE',  ( 1.000000000000000000, 0.0000000000000000000, 0.0000000000000000000 ) ) ;
#648 = DIRECTION ( 'NONE',  ( 0.0000000000000000000, 0.0000000000000000000, 1.000000000000000000 ) ) ;
#649 = DIRECTION ( 'NONE',  ( 0.0000000000000000000, -1.084202172485501673E-15, -1.000000000000000000 ) ) ;
#650 = ORIENTED_EDGE ( 'NONE', *, *, #772, .F. ) ;
#651 = DIRECTION ( 'NONE',  ( -0.0000000000000000000, 1.000000000000000000, 0.0000000000000000000 ) ) ;
#652 = DIRECTION ( 'NONE',  ( -1.000000000000000000, 0.0000000000000000000, 0.0000000000000000000 ) ) ;
#653 = SURFACE_STYLE_USAGE ( .BOTH. , #9635 ) ;
#654 = CARTESIAN_POINT ( 'NONE',  ( 5.724999999999999645, 1.350000000000000089, 0.0000000000000000000 ) ) ;
#655 = AXIS2_PLACEMENT_3D ( 'NONE', #415, #11276, #4102 ) ;
#656 = LINE ( 'NONE', #5939, #518 ) ;
#657 = EDGE_CURVE ( 'NONE', #8638, #6678, #4298, .T. ) ;
#658 = SURFACE_SIDE_STYLE ('',( #9289 ) ) ;
#659 = VECTOR ( 'NONE', #9312, 1000.000000000000000 ) ;
#660 = CARTESIAN_POINT ( 'NONE',  ( 8.224999999999999645, 1.795247431900000024, 2.024999999999999911 ) ) ;
#661 = ORIENTED_EDGE ( 'NONE', *, *, #2683, .T. ) ;
#662 = DIRECTION ( 'NONE',  ( 0.0000000000000000000, 0.0000000000000000000, 1.000000000000000000 ) ) ;
#663 = ORIENTED_EDGE ( 'NONE', *, *, #1421, .F. ) ;
#664 = PLANE ( 'NONE',  #10733 ) ;
#665 = CARTESIAN_POINT ( 'NONE',  ( 3.324999999999999734, 1.850000000000000089, 2.024999999999999911 ) ) ;
#666 = ORIENTED_EDGE ( 'NONE', *, *, #4242, .T. ) ;
#667 = CARTESIAN_POINT ( 'NONE',  ( 4.474999999999999645, 0.5547525681000000652, 2.024999999999999911 ) ) ;
#668 = VECTOR ( 'NONE', #339, 1000.000000000000000 ) ;
#669 = VECTOR ( 'NONE', #2381, 1000.000000000000000 ) ;
#670 = CARTESIAN_POINT ( 'NONE',  ( 5.724999999999999645, 1.649999999999999911, -1.698606797699999893 ) ) ;
#671 = VECTOR ( 'NONE', #10774, 1000.000000000000000 ) ;
#672 = ORIENTED_EDGE ( 'NONE', *, *, #5811, .T. ) ;
#673 = ORIENTED_EDGE ( 'NONE', *, *, #1683, .T. ) ;
#674 = CARTESIAN_POINT ( 'NONE',  ( -2.475000000000000089, 3.599999999999999201, -0.07500000000000128786 ) ) ;
#675 = MECHANICAL_DESIGN_GEOMETRIC_PRESENTATION_REPRESENTATION (  '', ( #7185 ), #3075 ) ;
#676 = EDGE_CURVE ( 'NONE', #3364, #11619, #7492, .T. ) ;
#677 = DIRECTION ( 'NONE',  ( 0.0000000000000000000, -1.000000000000000000, 0.0000000000000000000 ) ) ;
#678 = CARTESIAN_POINT ( 'NONE',  ( 2.925000000000000266, 1.850000000000000089, 2.024999999999999911 ) ) ;
#679 = ORIENTED_EDGE ( 'NONE', *, *, #7718, .F. ) ;
#680 = CARTESIAN_POINT ( 'NONE',  ( 9.775000000000002132, 1.999999999999997780, -2.024999999999999911 ) ) ;
#681 = FACE_OUTER_BOUND ( 'NONE', #3645, .T. ) ;
#682 = LINE ( 'NONE', #4640, #9930 ) ;
#683 = DIRECTION ( 'NONE',  ( 0.0000000000000000000, -1.000000000000000000, 0.0000000000000000000 ) ) ;
#684 = ORIENTED_EDGE ( 'NONE', *, *, #2499, .T. ) ;
#685 = DIRECTION ( 'NONE',  ( 0.0000000000000000000, 1.000000000000000000, 0.0000000000000000000 ) ) ;
#686 = CARTESIAN_POINT ( 'NONE',  ( -0.5250000000000000222, 0.05000000000000002359, -1.775000000000000133 ) ) ;
#687 = PRODUCT_CONTEXT ( 'NONE', #1634, 'mechanical' ) ;
#688 = STYLED_ITEM ( 'NONE', ( #9865 ), #8871 ) ;
#689 = ORIENTED_EDGE ( 'NONE', *, *, #9627, .T. ) ;
#690 = ORIENTED_EDGE ( 'NONE', *, *, #3313, .F. ) ;
#691 = VERTEX_POINT ( 'NONE', #7493 ) ;
#692 = ORIENTED_EDGE ( 'NONE', *, *, #9717, .T. ) ;
#693 = DIRECTION ( 'NONE',  ( 1.000000000000000000, 0.0000000000000000000, 0.0000000000000000000 ) ) ;
#694 = CARTESIAN_POINT ( 'NONE',  ( 4.474999999999999645, 0.5000000000000000000, 0.0000000000000000000 ) ) ;
#695 = ADVANCED_FACE ( 'NONE', ( #5423 ), #3953, .F. ) ;
#696 = ORIENTED_EDGE ( 'NONE', *, *, #10138, .T. ) ;
#697 = DIRECTION ( 'NONE',  ( -1.000000000000000000, -0.0000000000000000000, -0.0000000000000000000 ) ) ;
#698 = EDGE_CURVE ( 'NONE', #589, #2733, #81, .T. ) ;
#699 = LINE ( 'NONE', #7754, #8979 ) ;
#700 = CARTESIAN_POINT ( 'NONE',  ( 5.724999999999999645, 0.05000000000000002359, -1.775000000000000133 ) ) ;
#701 = EDGE_CURVE ( 'NONE', #164, #11340, #7097, .T. ) ;
#702 = DIRECTION ( 'NONE',  ( 0.0000000000000000000, -1.000000000000000000, 0.0000000000000000000 ) ) ;
#703 = ORIENTED_EDGE ( 'NONE', *, *, #9357, .F. ) ;
#704 = ORIENTED_EDGE ( 'NONE', *, *, #11192, .F. ) ;
#705 = ORIENTED_EDGE ( 'NONE', *, *, #8208, .F. ) ;
#706 = ADVANCED_FACE ( 'NONE', ( #2633 ), #664, .T. ) ;
#707 = ORIENTED_EDGE ( 'NONE', *, *, #456, .T. ) ;
#708 = FILL_AREA_STYLE ('',( #10376 ) ) ;
#709 = VECTOR ( 'NONE', #2865, 1000.000000000000000 ) ;
#710 = ORIENTED_EDGE ( 'NONE', *, *, #10030, .F. ) ;
#711 = SURFACE_STYLE_USAGE ( .BOTH. , #1612 ) ;
#712 = CARTESIAN_POINT ( 'NONE',  ( -2.375000000000000000, 3.750000000000000000, 2.024999999999999911 ) ) ;
#713 = PRESENTATION_LAYER_ASSIGNMENT (  '', '', ( #3328 ) ) ;
#714 = CARTESIAN_POINT ( 'NONE',  ( 3.225000000000000089, 1.000000000000000000, 1.525000000000000133 ) ) ;
#715 = VERTEX_POINT ( 'NONE', #5935 ) ;
#716 = DIRECTION ( 'NONE',  ( 0.0000000000000000000, 0.0000000000000000000, -1.000000000000000000 ) ) ;
#717 = EDGE_LOOP ( 'NONE', ( #1505, #1544, #4587, #3242 ) ) ;
#718 = ORIENTED_EDGE ( 'NONE', *, *, #3386, .F. ) ;
#719 = ORIENTED_EDGE ( 'NONE', *, *, #11380, .F. ) ;
#720 = DIRECTION ( 'NONE',  ( 0.0000000000000000000, 0.0000000000000000000, 1.000000000000000000 ) ) ;
#721 = VECTOR ( 'NONE', #770, 1000.000000000000000 ) ;
#722 = VECTOR ( 'NONE', #7192, 1000.000000000000000 ) ;
#723 = EDGE_CURVE ( 'NONE', #1141, #3298, #6522, .T. ) ;
#724 = CARTESIAN_POINT ( 'NONE',  ( -1.875000000000000000, 2.550000000000000266, -1.474999999999999867 ) ) ;
#725 = CARTESIAN_POINT ( 'NONE',  ( 9.375000000000001776, 2.550000000000000266, -1.474999999999999867 ) ) ;
#726 = CARTESIAN_POINT ( 'NONE',  ( 4.125000000000000000, 1.000000000000000000, -1.525000000000000133 ) ) ;
#727 = EDGE_LOOP ( 'NONE', ( #10527, #3206, #4910, #5042 ) ) ;
#728 = CARTESIAN_POINT ( 'NONE',  ( 0.7349999999999999867, 1.850000000000000089, -1.025000000000000133 ) ) ;
#729 = VERTEX_POINT ( 'NONE', #6094 ) ;
#730 = LINE ( 'NONE', #562, #4225 ) ;
#731 = CARTESIAN_POINT ( 'NONE',  ( -2.500000000000000000, 4.240000000000000213, 2.024999999999999911 ) ) ;
#732 = FILL_AREA_STYLE_COLOUR ( '', #6616 ) ;
#733 = LINE ( 'NONE', #1466, #9561 ) ;
#734 = EDGE_CURVE ( 'NONE', #7106, #6824, #223, .T. ) ;
#735 = CARTESIAN_POINT ( 'NONE',  ( 8.024999999999998579, 0.3499999999999999778, -2.075000000000000178 ) ) ;
#736 = DIRECTION ( 'NONE',  ( 0.0000000000000000000, 0.0000000000000000000, 1.000000000000000000 ) ) ;
#737 = EDGE_CURVE ( 'NONE', #2088, #3485, #9638, .T. ) ;
#738 = EDGE_LOOP ( 'NONE', ( #3305, #38, #10005, #1328 ) ) ;
#739 = CARTESIAN_POINT ( 'NONE',  ( -0.7249999999999999778, 1.350000000000000089, -1.525000000000000133 ) ) ;
#740 = CARTESIAN_POINT ( 'NONE',  ( 10.37500000000000178, 3.600000000000000977, -1.425000000000000044 ) ) ;
#741 = VERTEX_POINT ( 'NONE', #712 ) ;
#742 = DIRECTION ( 'NONE',  ( -1.000000000000000000, 0.0000000000000000000, 0.0000000000000000000 ) ) ;
#743 = VECTOR ( 'NONE', #393, 1000.000000000000000 ) ;
#744 = VECTOR ( 'NONE', #4085, 1000.000000000000000 ) ;
#745 = FACE_OUTER_BOUND ( 'NONE', #2562, .T. ) ;
#746 = VERTEX_POINT ( 'NONE', #9611 ) ;
#747 =( NAMED_UNIT ( * ) SI_UNIT ( $, .STERADIAN. ) SOLID_ANGLE_UNIT ( ) );
#748 = ORIENTED_EDGE ( 'NONE', *, *, #1497, .F. ) ;
#749 =( GEOMETRIC_REPRESENTATION_CONTEXT ( 3 ) GLOBAL_UNCERTAINTY_ASSIGNED_CONTEXT ( ( #10281 ) ) GLOBAL_UNIT_ASSIGNED_CONTEXT ( ( #9908, #4605, #3641 ) ) REPRESENTATION_CONTEXT ( 'NONE', 'WORKASPACE' ) );
#750 = DIRECTION ( 'NONE',  ( -1.000000000000000000, 0.0000000000000000000, 0.0000000000000000000 ) ) ;
#751 = ORIENTED_EDGE ( 'NONE', *, *, #8056, .T. ) ;
#752 = EDGE_CURVE ( 'NONE', #3883, #7973, #9344, .T. ) ;
#753 = LINE ( 'NONE', #1958, #11112 ) ;
#754 = DIRECTION ( 'NONE',  ( 0.0000000000000000000, 0.0000000000000000000, -1.000000000000000000 ) ) ;
#755 = PLANE ( 'NONE',  #2767 ) ;
#756 = LINE ( 'NONE', #2938, #9302 ) ;
#757 = FILL_AREA_STYLE_COLOUR ( '', #11212 ) ;
#758 = FACE_OUTER_BOUND ( 'NONE', #4568, .T. ) ;
#759 = ADVANCED_FACE ( 'NONE', ( #9068 ), #3327, .F. ) ;
#760 = PLANE ( 'NONE',  #8969 ) ;
#761 = ORIENTED_EDGE ( 'NONE', *, *, #4089, .F. ) ;
#762 = VECTOR ( 'NONE', #11267, 1000.000000000000000 ) ;
#763 = CARTESIAN_POINT ( 'NONE',  ( 4.474999999999999645, 0.3500000000000000333, -2.024999999999999911 ) ) ;
#764 = ORIENTED_EDGE ( 'NONE', *, *, #10567, .T. ) ;
#765 = LINE ( 'NONE', #4003, #10860 ) ;
#766 = DIRECTION ( 'NONE',  ( -0.0000000000000000000, 1.000000000000000000, 0.0000000000000000000 ) ) ;
#767 = LINE ( 'NONE', #8704, #10724 ) ;
#768 = VECTOR ( 'NONE', #2828, 1000.000000000000000 ) ;
#769 = EDGE_CURVE ( 'NONE', #839, #2431, #4444, .T. ) ;
#770 = DIRECTION ( 'NONE',  ( 0.0000000000000000000, 0.0000000000000000000, 1.000000000000000000 ) ) ;
#771 = PLANE ( 'NONE',  #3555 ) ;
#772 = EDGE_CURVE ( 'NONE', #5310, #86, #4015, .T. ) ;
#773 = ORIENTED_EDGE ( 'NONE', *, *, #6328, .F. ) ;
#774 = ORIENTED_EDGE ( 'NONE', *, *, #8858, .F. ) ;
#775 = CARTESIAN_POINT ( 'NONE',  ( 5.724999999999999645, -0.6500000000000000222, -1.775000000000000133 ) ) ;
#776 = CARTESIAN_POINT ( 'NONE',  ( 4.474999999999999645, -0.6500000000000000222, -2.075000000000000178 ) ) ;
#777 = CARTESIAN_POINT ( 'NONE',  ( 8.024999999999998579, 1.649999999999999911, 2.024999999999999911 ) ) ;
#778 = VECTOR ( 'NONE', #5290, 1000.000000000000000 ) ;
#779 = LINE ( 'NONE', #810, #6215 ) ;
#780 = AXIS2_PLACEMENT_3D ( 'NONE', #1313, #5100, #652 ) ;
#781 = ORIENTED_EDGE ( 'NONE', *, *, #9487, .F. ) ;
#782 = AXIS2_PLACEMENT_3D ( 'NONE', #6538, #11094, #7429 ) ;
#783 = VERTEX_POINT ( 'NONE', #592 ) ;
#784 = CARTESIAN_POINT ( 'NONE',  ( 4.274999999999999467, 0.3499999999999999778, -2.075000000000000178 ) ) ;
#785 = CARTESIAN_POINT ( 'NONE',  ( -2.475000000000000089, 4.249999999999998224, -2.075000000000001510 ) ) ;
#786 = VECTOR ( 'NONE', #1433, 1000.000000000000000 ) ;
#787 = EDGE_CURVE ( 'NONE', #1121, #11182, #2180, .T. ) ;
#788 = DIRECTION ( 'NONE',  ( 0.0000000000000000000, -1.000000000000000000, 0.0000000000000000000 ) ) ;
#789 = ORIENTED_EDGE ( 'NONE', *, *, #8056, .F. ) ;
#790 = DIRECTION ( 'NONE',  ( -0.0000000000000000000, 1.000000000000000000, 0.0000000000000000000 ) ) ;
#791 = ORIENTED_EDGE ( 'NONE', *, *, #1734, .F. ) ;
#792 = AXIS2_PLACEMENT_3D ( 'NONE', #6746, #10355, #4975 ) ;
#793 = CARTESIAN_POINT ( 'NONE',  ( 5.735000000000000320, 1.000000000000000000, -1.025000000000000133 ) ) ;
#794 = PRESENTATION_LAYER_ASSIGNMENT (  '', '', ( #9426 ) ) ;
#795 = DIRECTION ( 'NONE',  ( 1.000000000000000000, 0.0000000000000000000, 0.0000000000000000000 ) ) ;
#796 = CARTESIAN_POINT ( 'NONE',  ( 5.514999999999999680, 1.850000000000000089, -2.024999999999999911 ) ) ;
#797 = VECTOR ( 'NONE', #9124, 1000.000000000000000 ) ;
#798 = VECTOR ( 'NONE', #11629, 1000.000000000000000 ) ;
#799 = VECTOR ( 'NONE', #7708, 1000.000000000000114 ) ;
#800 = CARTESIAN_POINT ( 'NONE',  ( 8.224999999999999645, 0.3499999999999999778, -2.075000000000000178 ) ) ;
#801 = PLANE ( 'NONE',  #11429 ) ;
#802 = ORIENTED_EDGE ( 'NONE', *, *, #3037, .T. ) ;
#803 = EDGE_CURVE ( 'NONE', #5618, #1259, #10888, .T. ) ;
#804 = DIRECTION ( 'NONE',  ( 1.000000000000000000, 0.0000000000000000000, 0.0000000000000000000 ) ) ;
#805 = ORIENTED_EDGE ( 'NONE', *, *, #6265, .F. ) ;
#806 = EDGE_CURVE ( 'NONE', #8065, #5618, #6954, .T. ) ;
#807 = LINE ( 'NONE', #5855, #2896 ) ;
#808 = VECTOR ( 'NONE', #2312, 1000.000000000000114 ) ;
#809 = DIRECTION ( 'NONE',  ( -1.000000000000000000, -0.0000000000000000000, -0.0000000000000000000 ) ) ;
#810 = CARTESIAN_POINT ( 'NONE',  ( 2.075000000000000178, 1.649999999999999911, 2.024999999999999911 ) ) ;
#811 = CARTESIAN_POINT ( 'NONE',  ( 9.775000000000002132, 0.0000000000000000000, 2.024999999999999911 ) ) ;
#812 = ORIENTED_EDGE ( 'NONE', *, *, #10346, .T. ) ;
#813 = CARTESIAN_POINT ( 'NONE',  ( 0.8249999999999999556, 1.850000000000000089, 2.024999999999999911 ) ) ;
#814 = PLANE ( 'NONE',  #6605 ) ;
#815 = VERTEX_POINT ( 'NONE', #7690 ) ;
#816 =( GEOMETRIC_REPRESENTATION_CONTEXT ( 3 ) GLOBAL_UNCERTAINTY_ASSIGNED_CONTEXT ( ( #9211 ) ) GLOBAL_UNIT_ASSIGNED_CONTEXT ( ( #4906, #9318, #8527 ) ) REPRESENTATION_CONTEXT ( 'NONE', 'WORKASPACE' ) );
#817 = EDGE_CURVE ( 'NONE', #9746, #5764, #11021, .T. ) ;
#818 = VERTEX_POINT ( 'NONE', #8623 ) ;
#819 = LINE ( 'NONE', #8799, #2353 ) ;
#820 = SURFACE_SIDE_STYLE ('',( #10899 ) ) ;
#821 = VECTOR ( 'NONE', #4066, 1000.000000000000000 ) ;
#822 = STYLED_ITEM ( 'NONE', ( #2149 ), #1639 ) ;
#823 = UNCERTAINTY_MEASURE_WITH_UNIT (LENGTH_MEASURE( 1.000000000000000082E-05 ), #3299, 'distance_accuracy_value', 'NONE');
#824 = ORIENTED_EDGE ( 'NONE', *, *, #11189, .F. ) ;
#825 = CARTESIAN_POINT ( 'NONE',  ( 1.774999999999999911, -0.6500000000000000222, -2.075000000000000178 ) ) ;
#826 = CARTESIAN_POINT ( 'NONE',  ( -0.7249999999999999778, 1.850000000000000089, -2.024999999999999911 ) ) ;
#827 = DIRECTION ( 'NONE',  ( 0.0000000000000000000, 1.000000000000000000, 0.0000000000000000000 ) ) ;
#828 = DIRECTION ( 'NONE',  ( 0.0000000000000000000, 0.0000000000000000000, -1.000000000000000000 ) ) ;
#829 = ORIENTED_EDGE ( 'NONE', *, *, #3313, .T. ) ;
#830 = CARTESIAN_POINT ( 'NONE',  ( 4.474999999999999645, 1.000000000000000000, 0.0000000000000000000 ) ) ;
#831 = ORIENTED_EDGE ( 'NONE', *, *, #4313, .F. ) ;
#832 = LINE ( 'NONE', #1202, #2219 ) ;
#833 = VECTOR ( 'NONE', #6450, 1000.000000000000000 ) ;
#834 = DIRECTION ( 'NONE',  ( 0.0000000000000000000, 1.000000000000000000, 0.0000000000000000000 ) ) ;
#835 = EDGE_CURVE ( 'NONE', #6173, #3644, #1789, .T. ) ;
#836 = CARTESIAN_POINT ( 'NONE',  ( 0.7349999999999999867, 1.000000000000000000, -1.525000000000000133 ) ) ;
#837 = CARTESIAN_POINT ( 'NONE',  ( -2.500000000000000000, 4.009511388567677415, -0.07499999999999998335 ) ) ;
#838 = EDGE_CURVE ( 'NONE', #3656, #2129, #5953, .T. ) ;
#839 = VERTEX_POINT ( 'NONE', #7045 ) ;
#840 = VERTEX_POINT ( 'NONE', #2556 ) ;
#841 = CARTESIAN_POINT ( 'NONE',  ( 4.575000000000000178, 1.850000000000000089, 2.024999999999999911 ) ) ;
#842 = ORIENTED_EDGE ( 'NONE', *, *, #8322, .T. ) ;
#843 = EDGE_LOOP ( 'NONE', ( #10047, #8147, #4803, #11062, #7739, #6139, #6104, #5851 ) ) ;
#844 = EDGE_LOOP ( 'NONE', ( #1479, #6683, #4499, #2400, #170, #610, #3528, #2529 ) ) ;
#845 = LINE ( 'NONE', #7050, #8547 ) ;
#846 = CARTESIAN_POINT ( 'NONE',  ( 1.975000000000000089, 1.000000000000000000, 1.525000000000000133 ) ) ;
#847 =( NAMED_UNIT ( * ) PLANE_ANGLE_UNIT ( ) SI_UNIT ( $, .RADIAN. ) );
#848 = ORIENTED_EDGE ( 'NONE', *, *, #7923, .F. ) ;
#849 = AXIS2_PLACEMENT_3D ( 'NONE', #892, #5462, #5427 ) ;
#850 = EDGE_LOOP ( 'NONE', ( #10927, #4080, #7182, #2840 ) ) ;
#851 = CARTESIAN_POINT ( 'NONE',  ( 6.775000000000000355, 0.0000000000000000000, -1.525000000000000133 ) ) ;
#852 = DIRECTION ( 'NONE',  ( -1.000000000000000000, 0.0000000000000000000, 0.0000000000000000000 ) ) ;
#853 = DIRECTION ( 'NONE',  ( -1.000000000000000000, 0.0000000000000000000, 0.0000000000000000000 ) ) ;
#854 = ORIENTED_EDGE ( 'NONE', *, *, #9025, .F. ) ;
#855 = ORIENTED_EDGE ( 'NONE', *, *, #9467, .F. ) ;
#856 = ORIENTED_EDGE ( 'NONE', *, *, #11607, .F. ) ;
#857 = DIRECTION ( 'NONE',  ( 0.0000000000000000000, 0.0000000000000000000, 1.000000000000000000 ) ) ;
#858 = DIRECTION ( 'NONE',  ( 0.0000000000000000000, 0.0000000000000000000, -1.000000000000000000 ) ) ;
#859 = EDGE_CURVE ( 'NONE', #1906, #10087, #11300, .T. ) ;
#860 = FACE_OUTER_BOUND ( 'NONE', #3579, .T. ) ;
#861 =( LENGTH_UNIT ( ) NAMED_UNIT ( * ) SI_UNIT ( .MILLI., .METRE. ) );
#862 = CARTESIAN_POINT ( 'NONE',  ( -2.875000000000000000, 4.250000000000000000, -0.02500000000000000139 ) ) ;
#863 = ORIENTED_EDGE ( 'NONE', *, *, #1961, .F. ) ;
#864 = SURFACE_STYLE_USAGE ( .BOTH. , #1842 ) ;
#865 = VERTEX_POINT ( 'NONE', #826 ) ;
#866 = ORIENTED_EDGE ( 'NONE', *, *, #7439, .T. ) ;
#867 = PRESENTATION_LAYER_ASSIGNMENT (  '', '', ( #4601 ) ) ;
#868 = PLANE ( 'NONE',  #7933 ) ;
#869 = VECTOR ( 'NONE', #8844, 1000.000000000000000 ) ;
#870 = AXIS2_PLACEMENT_3D ( 'NONE', #7123, #11598, #4391 ) ;
#871 = DIRECTION ( 'NONE',  ( 1.000000000000000000, 0.0000000000000000000, 0.0000000000000000000 ) ) ;
#872 = VECTOR ( 'NONE', #10381, 1000.000000000000000 ) ;
#873 = DIRECTION ( 'NONE',  ( 1.000000000000000000, 0.0000000000000000000, 0.0000000000000000000 ) ) ;
#874 = CARTESIAN_POINT ( 'NONE',  ( 1.774999999999999911, 0.05000000000000002359, -1.775000000000000133 ) ) ;
#875 =( NAMED_UNIT ( * ) PLANE_ANGLE_UNIT ( ) SI_UNIT ( $, .RADIAN. ) );
#876 = ORIENTED_EDGE ( 'NONE', *, *, #4877, .F. ) ;
#877 = VERTEX_POINT ( 'NONE', #1733 ) ;
#878 = CARTESIAN_POINT ( 'NONE',  ( 5.724999999999999645, 1.315130797599999957, 1.171117220399999770 ) ) ;
#879 = LINE ( 'NONE', #6340, #9009 ) ;
#880 = PLANE ( 'NONE',  #265 ) ;
#881 = EDGE_CURVE ( 'NONE', #9564, #6828, #4988, .T. ) ;
#882 = DIRECTION ( 'NONE',  ( 1.000000000000000000, 0.0000000000000000000, 0.0000000000000000000 ) ) ;
#883 = VECTOR ( 'NONE', #6371, 1000.000000000000000 ) ;
#884 = FILL_AREA_STYLE_COLOUR ( '', #167 ) ;
#885 = ORIENTED_EDGE ( 'NONE', *, *, #8993, .T. ) ;
#886 = CARTESIAN_POINT ( 'NONE',  ( 3.225000000000000089, 1.000000000000000000, -1.525000000000000133 ) ) ;
#887 = ORIENTED_EDGE ( 'NONE', *, *, #11246, .T. ) ;
#888 = LINE ( 'NONE', #11227, #4935 ) ;
#889 = LINE ( 'NONE', #7468, #743 ) ;
#890 = EDGE_CURVE ( 'NONE', #7455, #6384, #6511, .T. ) ;
#891 = LINE ( 'NONE', #8506, #9431 ) ;
#892 = CARTESIAN_POINT ( 'NONE',  ( 0.0000000000000000000, 0.0000000000000000000, -1.925000000000000044 ) ) ;
#893 = EDGE_CURVE ( 'NONE', #3202, #8491, #4145, .T. ) ;
#894 = VECTOR ( 'NONE', #5607, 1000.000000000000000 ) ;
#895 = UNCERTAINTY_MEASURE_WITH_UNIT (LENGTH_MEASURE( 1.000000000000000082E-05 ), #4884, 'distance_accuracy_value', 'NONE');
#896 = PLANE ( 'NONE',  #2178 ) ;
#897 = PRESENTATION_LAYER_ASSIGNMENT (  '', '', ( #3133 ) ) ;
#898 = PLANE ( 'NONE',  #9152 ) ;
#899 = ORIENTED_EDGE ( 'NONE', *, *, #277, .F. ) ;
#900 = ADVANCED_FACE ( 'NONE', ( #1346 ), #9794, .T. ) ;
#901 = SURFACE_STYLE_USAGE ( .BOTH. , #2624 ) ;
#902 = VERTEX_POINT ( 'NONE', #3597 ) ;
#903 = FACE_OUTER_BOUND ( 'NONE', #2488, .T. ) ;
#904 = PLANE ( 'NONE',  #5866 ) ;
#905 = LINE ( 'NONE', #7589, #3841 ) ;
#906 = VECTOR ( 'NONE', #4224, 1000.000000000000000 ) ;
#907 = DIRECTION ( 'NONE',  ( -1.000000000000000000, 0.0000000000000000000, 0.0000000000000000000 ) ) ;
#908 = AXIS2_PLACEMENT_3D ( 'NONE', #10322, #11304, #8605 ) ;
#909 = ORIENTED_EDGE ( 'NONE', *, *, #1717, .T. ) ;
#910 = FACE_OUTER_BOUND ( 'NONE', #2929, .T. ) ;
#911 = EDGE_CURVE ( 'NONE', #7279, #10772, #10454, .T. ) ;
#912 = DIRECTION ( 'NONE',  ( -0.0000000000000000000, -1.000000000000000000, -0.0000000000000000000 ) ) ;
#913 = CARTESIAN_POINT ( 'NONE',  ( 3.225000000000000089, 1.850000000000000089, 2.024999999999999911 ) ) ;
#914 = ORIENTED_EDGE ( 'NONE', *, *, #2099, .F. ) ;
#915 = DIRECTION ( 'NONE',  ( 0.0000000000000000000, 1.000000000000000000, 0.0000000000000000000 ) ) ;
#916 = ORIENTED_EDGE ( 'NONE', *, *, #1199, .F. ) ;
#917 = LINE ( 'NONE', #3689, #5385 ) ;
#918 = CARTESIAN_POINT ( 'NONE',  ( -2.274999999999999911, 3.600000000000000977, -0.07499999999999998335 ) ) ;
#919 = LINE ( 'NONE', #5383, #11283 ) ;
#920 = DIRECTION ( 'NONE',  ( 0.0000000000000000000, 0.0000000000000000000, -1.000000000000000000 ) ) ;
#921 = CARTESIAN_POINT ( 'NONE',  ( -2.875000000000000000, 1.950000000000002176, 1.375000000000006883 ) ) ;
#922 = CARTESIAN_POINT ( 'NONE',  ( 5.525000000000000355, 0.3499999999999999778, -2.075000000000000178 ) ) ;
#923 = VERTEX_POINT ( 'NONE', #8817 ) ;
#924 = SURFACE_SIDE_STYLE ('',( #6618 ) ) ;
#925 = ORIENTED_EDGE ( 'NONE', *, *, #806, .F. ) ;
#926 = DIRECTION ( 'NONE',  ( 0.0000000000000000000, -1.000000000000000000, 0.0000000000000000000 ) ) ;
#927 = EDGE_CURVE ( 'NONE', #1904, #8933, #2754, .T. ) ;
#928 = SURFACE_SIDE_STYLE ('',( #5509 ) ) ;
#929 = EDGE_CURVE ( 'NONE', #13, #9976, #4974, .T. ) ;
#930 = LINE ( 'NONE', #10789, #1190 ) ;
#931 = VECTOR ( 'NONE', #11410, 1000.000000000000000 ) ;
#932 = VERTEX_POINT ( 'NONE', #25 ) ;
#933 = VECTOR ( 'NONE', #10843, 1000.000000000000000 ) ;
#934 = CARTESIAN_POINT ( 'NONE',  ( 6.985000000000000320, 1.000000000000000000, -2.024999999999999911 ) ) ;
#935 = ORIENTED_EDGE ( 'NONE', *, *, #10903, .T. ) ;
#936 = CARTESIAN_POINT ( 'NONE',  ( 4.274999999999999467, -0.6500000000000000222, -1.775000000000000133 ) ) ;
#937 = CARTESIAN_POINT ( 'NONE',  ( 5.724999999999999645, 1.350000000000000089, 0.0000000000000000000 ) ) ;
#938 =( GEOMETRIC_REPRESENTATION_CONTEXT ( 3 ) GLOBAL_UNCERTAINTY_ASSIGNED_CONTEXT ( ( #4882 ) ) GLOBAL_UNIT_ASSIGNED_CONTEXT ( ( #2878, #93, #3674 ) ) REPRESENTATION_CONTEXT ( 'NONE', 'WORKASPACE' ) );
#939 = VECTOR ( 'NONE', #10745, 1000.000000000000000 ) ;
#940 = VECTOR ( 'NONE', #536, 1000.000000000000000 ) ;
#941 = MECHANICAL_DESIGN_GEOMETRIC_PRESENTATION_REPRESENTATION (  '', ( #11135 ), #5715 ) ;
#942 = DIRECTION ( 'NONE',  ( 0.0000000000000000000, -1.000000000000000000, 0.0000000000000000000 ) ) ;
#943 = EDGE_LOOP ( 'NONE', ( #2163, #200, #8020, #1064, #9223, #2705, #2484, #7543, #4525, #9274, #5632, #2360, #5337, #705, #3734, #4047 ) ) ;
#944 = ORIENTED_EDGE ( 'NONE', *, *, #3866, .T. ) ;
#945 = CARTESIAN_POINT ( 'NONE',  ( 1.975000000000000089, 1.850000000000000089, 0.0000000000000000000 ) ) ;
#946 = CARTESIAN_POINT ( 'NONE',  ( 6.774999999999999467, -0.6500000000000000222, -2.075000000000000178 ) ) ;
#947 = EDGE_CURVE ( 'NONE', #7727, #11487, #8928, .T. ) ;
#948 = DIRECTION ( 'NONE',  ( -1.000000000000000000, 0.0000000000000000000, 0.0000000000000000000 ) ) ;
#949 = LINE ( 'NONE', #4920, #5691 ) ;
#950 = DIRECTION ( 'NONE',  ( 0.0000000000000000000, 0.0000000000000000000, -1.000000000000000000 ) ) ;
#951 = LINE ( 'NONE', #314, #7494 ) ;
#952 = VERTEX_POINT ( 'NONE', #6209 ) ;
#953 = ORIENTED_EDGE ( 'NONE', *, *, #9830, .T. ) ;
#954 = AXIS2_PLACEMENT_3D ( 'NONE', #5217, #7064, #10559 ) ;
#955 = ADVANCED_FACE ( 'NONE', ( #7358 ), #1652, .T. ) ;
#956 = DIRECTION ( 'NONE',  ( 0.0000000000000000000, 0.0000000000000000000, -1.000000000000000000 ) ) ;
#957 = PLANE ( 'NONE',  #3247 ) ;
#958 = CARTESIAN_POINT ( 'NONE',  ( -2.500000000000000000, 4.240000000000000213, -2.024999999999999911 ) ) ;
#959 = DIRECTION ( 'NONE',  ( -1.000000000000000000, 0.0000000000000000000, 0.0000000000000000000 ) ) ;
#960 = CARTESIAN_POINT ( 'NONE',  ( 6.974999999999999645, 1.000000000000000000, -1.525000000000000133 ) ) ;
#961 = VECTOR ( 'NONE', #10627, 1000.000000000000000 ) ;
#962 = FACE_OUTER_BOUND ( 'NONE', #3789, .T. ) ;
#963 = EDGE_CURVE ( 'NONE', #1946, #3777, #7091, .T. ) ;
#964 = FACE_OUTER_BOUND ( 'NONE', #1954, .T. ) ;
#965 = ORIENTED_EDGE ( 'NONE', *, *, #7200, .T. ) ;
#966 = EDGE_CURVE ( 'NONE', #7379, #839, #1778, .T. ) ;
#967 = ORIENTED_EDGE ( 'NONE', *, *, #2627, .F. ) ;
#968 = PLANE ( 'NONE',  #9352 ) ;
#969 = EDGE_CURVE ( 'NONE', #3069, #8961, #8495, .T. ) ;
#970 = VERTEX_POINT ( 'NONE', #9018 ) ;
#971 = CARTESIAN_POINT ( 'NONE',  ( -2.274999999999999911, 1.950000000000002176, 1.375000000000006883 ) ) ;
#972 = PLANE ( 'NONE',  #8412 ) ;
#973 = ORIENTED_EDGE ( 'NONE', *, *, #1090, .T. ) ;
#974 = LINE ( 'NONE', #8765, #10194 ) ;
#975 = DIRECTION ( 'NONE',  ( 1.000000000000000000, 0.0000000000000000000, 0.0000000000000000000 ) ) ;
#976 = LINE ( 'NONE', #9647, #7948 ) ;
#977 = DIRECTION ( 'NONE',  ( 0.0000000000000000000, -1.084202172485501673E-15, -1.000000000000000000 ) ) ;
#978 = VERTEX_POINT ( 'NONE', #9948 ) ;
#979 = ADVANCED_FACE ( 'NONE', ( #5681 ), #10056, .T. ) ;
#980 = EDGE_CURVE ( 'NONE', #5441, #1388, #6100, .T. ) ;
#981 =( NAMED_UNIT ( * ) PLANE_ANGLE_UNIT ( ) SI_UNIT ( $, .RADIAN. ) );
#982 = VERTEX_POINT ( 'NONE', #97 ) ;
#983 = VERTEX_POINT ( 'NONE', #2881 ) ;
#984 = ORIENTED_EDGE ( 'NONE', *, *, #3878, .F. ) ;
#985 = VERTEX_POINT ( 'NONE', #10821 ) ;
#986 = VECTOR ( 'NONE', #10481, 1000.000000000000000 ) ;
#987 = DIRECTION ( 'NONE',  ( 0.0000000000000000000, -0.6650335612228979176, -0.7468134723257140450 ) ) ;
#988 = SURFACE_STYLE_USAGE ( .BOTH. , #3718 ) ;
#989 = CARTESIAN_POINT ( 'NONE',  ( 5.724999999999999645, 0.0000000000000000000, 2.024999999999999911 ) ) ;
#990 = CARTESIAN_POINT ( 'NONE',  ( 3.024999999999999911, 1.850000000000000089, -1.025000000000000133 ) ) ;
#991 = VERTEX_POINT ( 'NONE', #3639 ) ;
#992 = ORIENTED_EDGE ( 'NONE', *, *, #9557, .T. ) ;
#993 = ORIENTED_EDGE ( 'NONE', *, *, #5481, .T. ) ;
#994 = ORIENTED_EDGE ( 'NONE', *, *, #3056, .F. ) ;
#995 = VECTOR ( 'NONE', #11208, 1000.000000000000000 ) ;
#996 = EDGE_CURVE ( 'NONE', #2829, #10925, #3737, .T. ) ;
#997 = LINE ( 'NONE', #5552, #9548 ) ;
#998 = DIRECTION ( 'NONE',  ( 0.0000000000000000000, 0.0000000000000000000, -1.000000000000000000 ) ) ;
#999 = DIRECTION ( 'NONE',  ( 1.000000000000000000, 0.0000000000000000000, 0.0000000000000000000 ) ) ;
#1000 = EDGE_CURVE ( 'NONE', #7746, #5784, #5820, .T. ) ;
#1001 = VERTEX_POINT ( 'NONE', #171 ) ;
#1002 = VERTEX_POINT ( 'NONE', #6327 ) ;
#1003 = VERTEX_POINT ( 'NONE', #3749 ) ;
#1004 = ORIENTED_EDGE ( 'NONE', *, *, #1751, .F. ) ;
#1005 = CARTESIAN_POINT ( 'NONE',  ( 6.975000000000000533, 0.5000000000000000000, 0.0000000000000000000 ) ) ;
#1006 = FACE_OUTER_BOUND ( 'NONE', #10251, .T. ) ;
#1007 = LINE ( 'NONE', #7901, #10535 ) ;
#1008 = CARTESIAN_POINT ( 'NONE',  ( 8.235000000000002984, 1.850000000000000089, -1.025000000000000133 ) ) ;
#1009 = CARTESIAN_POINT ( 'NONE',  ( 0.7249999999999999778, 1.350000000000000089, 1.525000000000000133 ) ) ;
#1010 = ORIENTED_EDGE ( 'NONE', *, *, #6488, .F. ) ;
#1011 = DIRECTION ( 'NONE',  ( 0.0000000000000000000, 0.0000000000000000000, 1.000000000000000000 ) ) ;
#1012 = VERTEX_POINT ( 'NONE', #2847 ) ;
#1013 = LINE ( 'NONE', #7206, #9977 ) ;
#1014 = ADVANCED_FACE ( 'NONE', ( #6802 ), #2777, .T. ) ;
#1015 = DIRECTION ( 'NONE',  ( 1.000000000000000000, 0.0000000000000000000, 0.0000000000000000000 ) ) ;
#1016 = FACE_OUTER_BOUND ( 'NONE', #620, .T. ) ;
#1017 = DIRECTION ( 'NONE',  ( -1.000000000000000000, 0.0000000000000000000, 0.0000000000000000000 ) ) ;
#1018 = ORIENTED_EDGE ( 'NONE', *, *, #3338, .F. ) ;
#1019 = AXIS2_PLACEMENT_3D ( 'NONE', #10237, #612, #9429 ) ;
#1020 = DIRECTION ( 'NONE',  ( -1.000000000000000000, -0.0000000000000000000, 0.0000000000000000000 ) ) ;
#1021 = ORIENTED_EDGE ( 'NONE', *, *, #3355, .T. ) ;
#1022 = PLANE ( 'NONE',  #6874 ) ;
#1023 = DIRECTION ( 'NONE',  ( 0.0000000000000000000, 0.0000000000000000000, 1.000000000000000000 ) ) ;
#1024 = CARTESIAN_POINT ( 'NONE',  ( 8.014999999999998792, 1.000000000000000000, -1.025000000000000133 ) ) ;
#1025 = LINE ( 'NONE', #5194, #5210 ) ;
#1026 = DIRECTION ( 'NONE',  ( -1.000000000000000000, 0.0000000000000000000, 0.0000000000000000000 ) ) ;
#1027 = LINE ( 'NONE', #1009, #30 ) ;
#1028 = VECTOR ( 'NONE', #9215, 1000.000000000000000 ) ;
#1029 = EDGE_CURVE ( 'NONE', #239, #9542, #5554, .T. ) ;
#1030 = EDGE_LOOP ( 'NONE', ( #2582, #9645, #11556, #6377 ) ) ;
#1031 = EDGE_CURVE ( 'NONE', #3776, #2809, #10316, .T. ) ;
#1032 = DIRECTION ( 'NONE',  ( 0.0000000000000000000, -1.000000000000000000, 0.0000000000000000000 ) ) ;
#1033 = ADVANCED_FACE ( 'NONE', ( #4692 ), #1022, .F. ) ;
#1034 = CARTESIAN_POINT ( 'NONE',  ( 5.724999999999999645, -0.6500000000000000222, -2.075000000000000178 ) ) ;
#1035 = ORIENTED_EDGE ( 'NONE', *, *, #9750, .F. ) ;
#1036 = CARTESIAN_POINT ( 'NONE',  ( -0.8750000000000000000, 3.750000000000000000, 2.024999999999999911 ) ) ;
#1037 = VECTOR ( 'NONE', #1739, 1000.000000000000000 ) ;
#1038 = CARTESIAN_POINT ( 'NONE',  ( 3.225000000000000089, 0.0000000000000000000, -2.024999999999999911 ) ) ;
#1039 = CARTESIAN_POINT ( 'NONE',  ( 0.7349999999999999867, 1.000000000000000000, -1.025000000000000133 ) ) ;
#1040 = FACE_OUTER_BOUND ( 'NONE', #8077, .T. ) ;
#1041 = CARTESIAN_POINT ( 'NONE',  ( 5.424999999999999822, 1.850000000000000089, 2.024999999999999911 ) ) ;
#1042 = ORIENTED_EDGE ( 'NONE', *, *, #8283, .F. ) ;
#1043 = VECTOR ( 'NONE', #10282, 1000.000000000000000 ) ;
#1044 = ORIENTED_EDGE ( 'NONE', *, *, #5773, .F. ) ;
#1045 = EDGE_CURVE ( 'NONE', #3059, #3714, #3455, .T. ) ;
#1046 = CARTESIAN_POINT ( 'NONE',  ( 0.7249999999999999778, -0.004464445899999999919, 0.003975566199999999890 ) ) ;
#1047 = CARTESIAN_POINT ( 'NONE',  ( 3.225000000000000089, -0.6500000000000000222, -1.775000000000000133 ) ) ;
#1048 = VECTOR ( 'NONE', #9973, 1000.000000000000000 ) ;
#1049 = ORIENTED_EDGE ( 'NONE', *, *, #2707, .T. ) ;
#1050 = FACE_OUTER_BOUND ( 'NONE', #2272, .T. ) ;
#1051 = VERTEX_POINT ( 'NONE', #4638 ) ;
#1052 = CARTESIAN_POINT ( 'NONE',  ( 6.975000000000000533, 1.000000000000000000, 1.525000000000000133 ) ) ;
#1053 = DIRECTION ( 'NONE',  ( 0.0000000000000000000, 1.000000000000000000, 0.0000000000000000000 ) ) ;
#1054 = LINE ( 'NONE', #936, #10590 ) ;
#1055 = LINE ( 'NONE', #5011, #10296 ) ;
#1056 = CARTESIAN_POINT ( 'NONE',  ( 8.325000000000002842, 1.850000000000000089, -1.474999999999999867 ) ) ;
#1057 = EDGE_CURVE ( 'NONE', #8454, #8961, #8643, .T. ) ;
#1058 = DIRECTION ( 'NONE',  ( 0.0000000000000000000, -1.000000000000000000, 0.0000000000000000000 ) ) ;
#1059 = CARTESIAN_POINT ( 'NONE',  ( 1.975000000000000089, 1.649999999999999911, -1.025000000000000133 ) ) ;
#1060 = ORIENTED_EDGE ( 'NONE', *, *, #7054, .T. ) ;
#1061 = COLOUR_RGB ( '',0.6470588235294117974, 0.6196078431372549211, 0.5882352941176470784 ) ;
#1062 = PLANE ( 'NONE',  #2458 ) ;
#1063 = ORIENTED_EDGE ( 'NONE', *, *, #9233, .F. ) ;
#1064 = ORIENTED_EDGE ( 'NONE', *, *, #4027, .F. ) ;
#1065 = ADVANCED_FACE ( 'NONE', ( #3867 ), #2960, .F. ) ;
#1066 = CARTESIAN_POINT ( 'NONE',  ( 10.37500000000000178, 4.250000000000000000, -0.07499999999999998335 ) ) ;
#1067 = LINE ( 'NONE', #2999, #5541 ) ;
#1068 = LINE ( 'NONE', #4747, #7919 ) ;
#1069 = AXIS2_PLACEMENT_3D ( 'NONE', #4523, #11579, #1831 ) ;
#1070 = DIRECTION ( 'NONE',  ( 0.0000000000000000000, 0.0000000000000000000, -1.000000000000000000 ) ) ;
#1071 = ORIENTED_EDGE ( 'NONE', *, *, #7749, .F. ) ;
#1072 = ORIENTED_EDGE ( 'NONE', *, *, #1373, .T. ) ;
#1073 = EDGE_CURVE ( 'NONE', #419, #11340, #5270, .T. ) ;
#1074 = CARTESIAN_POINT ( 'NONE',  ( 5.525000000000000355, -0.6500000000000000222, -2.075000000000000178 ) ) ;
#1075 = EDGE_CURVE ( 'NONE', #1113, #4806, #8203, .T. ) ;
#1076 = DIRECTION ( 'NONE',  ( 0.0000000000000000000, 1.000000000000000000, 0.0000000000000000000 ) ) ;
#1077 = VECTOR ( 'NONE', #5361, 1000.000000000000000 ) ;
#1078 = SURFACE_STYLE_FILL_AREA ( #7630 ) ;
#1079 = CARTESIAN_POINT ( 'NONE',  ( 8.225000000000003197, 0.5547525681000000652, 2.024999999999999911 ) ) ;
#1080 = VERTEX_POINT ( 'NONE', #2094 ) ;
#1081 = CARTESIAN_POINT ( 'NONE',  ( -0.5250000000000000222, -0.6500000000000000222, -1.775000000000000133 ) ) ;
#1082 = ORIENTED_EDGE ( 'NONE', *, *, #9420, .F. ) ;
#1083 =( GEOMETRIC_REPRESENTATION_CONTEXT ( 3 ) GLOBAL_UNCERTAINTY_ASSIGNED_CONTEXT ( ( #1609 ) ) GLOBAL_UNIT_ASSIGNED_CONTEXT ( ( #10850, #8278, #7332 ) ) REPRESENTATION_CONTEXT ( 'NONE', 'WORKASPACE' ) );
#1084 = ADVANCED_FACE ( 'NONE', ( #3174 ), #2130, .T. ) ;
#1085 = DIRECTION ( 'NONE',  ( -1.000000000000000000, 0.0000000000000000000, 0.0000000000000000000 ) ) ;
#1086 = LINE ( 'NONE', #11181, #5692 ) ;
#1087 = ORIENTED_EDGE ( 'NONE', *, *, #7681, .F. ) ;
#1088 = CARTESIAN_POINT ( 'NONE',  ( 9.775000000000002132, 4.250000000000000000, -0.07499999999999998335 ) ) ;
#1089 = CARTESIAN_POINT ( 'NONE',  ( 5.724999999999999645, 1.850000000000000089, -2.024999999999999911 ) ) ;
#1090 = EDGE_CURVE ( 'NONE', #4617, #877, #1067, .T. ) ;
#1091 = DIRECTION ( 'NONE',  ( 0.0000000000000000000, 0.0000000000000000000, 1.000000000000000000 ) ) ;
#1092 = CARTESIAN_POINT ( 'NONE',  ( 3.225000000000000089, 0.0000000000000000000, 0.0000000000000000000 ) ) ;
#1093 = EDGE_LOOP ( 'NONE', ( #704, #5719, #6190, #3635 ) ) ;
#1094 = FACE_OUTER_BOUND ( 'NONE', #9939, .T. ) ;
#1095 = LINE ( 'NONE', #9480, #3479 ) ;
#1096 = LINE ( 'NONE', #3294, #5151 ) ;
#1097 = VERTEX_POINT ( 'NONE', #3864 ) ;
#1098 = CARTESIAN_POINT ( 'NONE',  ( 6.775000000000000355, 1.000000000000000000, 0.0000000000000000000 ) ) ;
#1099 = DIRECTION ( 'NONE',  ( 0.0000000000000000000, 1.000000000000000000, -1.084202172485501673E-15 ) ) ;
#1100 = ORIENTED_EDGE ( 'NONE', *, *, #4261, .T. ) ;
#1101 = CARTESIAN_POINT ( 'NONE',  ( 6.765000000000000568, 1.000000000000000000, -2.024999999999999911 ) ) ;
#1102 = EDGE_CURVE ( 'NONE', #10417, #9237, #5257, .T. ) ;
#1103 = VERTEX_POINT ( 'NONE', #5621 ) ;
#1104 = EDGE_CURVE ( 'NONE', #86, #5784, #3857, .T. ) ;
#1105 = ORIENTED_EDGE ( 'NONE', *, *, #9202, .T. ) ;
#1106 = LINE ( 'NONE', #10028, #10351 ) ;
#1107 = LINE ( 'NONE', #4953, #10353 ) ;
#1108 = CARTESIAN_POINT ( 'NONE',  ( 3.225000000000000089, 0.0000000000000000000, -1.525000000000000133 ) ) ;
#1109 = ORIENTED_EDGE ( 'NONE', *, *, #5529, .F. ) ;
#1110 = ORIENTED_EDGE ( 'NONE', *, *, #6403, .T. ) ;
#1111 = VERTEX_POINT ( 'NONE', #2023 ) ;
#1112 = ORIENTED_EDGE ( 'NONE', *, *, #7281, .T. ) ;
#1113 = VERTEX_POINT ( 'NONE', #7371 ) ;
#1114 = ADVANCED_FACE ( 'NONE', ( #4964 ), #318, .F. ) ;
#1115 = LINE ( 'NONE', #5926, #256 ) ;
#1116 = ORIENTED_EDGE ( 'NONE', *, *, #2758, .F. ) ;
#1117 = EDGE_CURVE ( 'NONE', #5444, #4547, #11575, .T. ) ;
#1118 = ORIENTED_EDGE ( 'NONE', *, *, #11229, .T. ) ;
#1119 =( LENGTH_UNIT ( ) NAMED_UNIT ( * ) SI_UNIT ( .MILLI., .METRE. ) );
#1120 = VERTEX_POINT ( 'NONE', #9314 ) ;
#1121 = VERTEX_POINT ( 'NONE', #366 ) ;
#1122 = EDGE_LOOP ( 'NONE', ( #9122, #10252, #457, #4506 ) ) ;
#1123 = CARTESIAN_POINT ( 'NONE',  ( 10.37500000000000178, 1.949999999999999512, 2.025000000000007017 ) ) ;
#1124 = LINE ( 'NONE', #5755, #10377 ) ;
#1125 = DIRECTION ( 'NONE',  ( 0.0000000000000000000, -1.000000000000000000, 0.0000000000000000000 ) ) ;
#1126 = CARTESIAN_POINT ( 'NONE',  ( -0.8249999999999999556, 1.850000000000000089, 2.024999999999999911 ) ) ;
#1127 = PLANE ( 'NONE',  #1335 ) ;
#1128 = DIRECTION ( 'NONE',  ( 1.000000000000000000, 0.0000000000000000000, 0.0000000000000000000 ) ) ;
#1129 = VERTEX_POINT ( 'NONE', #10129 ) ;
#1130 = ORIENTED_EDGE ( 'NONE', *, *, #3540, .T. ) ;
#1131 = EDGE_LOOP ( 'NONE', ( #2756, #3562, #1177, #10192 ) ) ;
#1132 = EDGE_CURVE ( 'NONE', #10512, #10311, #9478, .T. ) ;
#1133 = PLANE ( 'NONE',  #8034 ) ;
#1134 = ADVANCED_FACE ( 'NONE', ( #6373 ), #6590, .F. ) ;
#1135 = EDGE_CURVE ( 'NONE', #639, #7712, #8323, .T. ) ;
#1136 = VECTOR ( 'NONE', #4207, 1000.000000000000000 ) ;
#1137 = VECTOR ( 'NONE', #594, 1000.000000000000000 ) ;
#1138 = CARTESIAN_POINT ( 'NONE',  ( 1.765000000000000124, 1.649999999999999911, -1.474999999999999867 ) ) ;
#1139 = CARTESIAN_POINT ( 'NONE',  ( 5.735000000000000320, 1.850000000000000089, -1.025000000000000133 ) ) ;
#1140 = CARTESIAN_POINT ( 'NONE',  ( 3.225000000000000089, 1.850000000000000089, 0.0000000000000000000 ) ) ;
#1141 = VERTEX_POINT ( 'NONE', #3937 ) ;
#1142 = CARTESIAN_POINT ( 'NONE',  ( -2.274999999999999911, 1.950000000000002176, 1.375000000000006883 ) ) ;
#1143 = VERTEX_POINT ( 'NONE', #8437 ) ;
#1144 = CARTESIAN_POINT ( 'NONE',  ( 8.235000000000002984, 1.649999999999999911, -1.474999999999999867 ) ) ;
#1145 = LINE ( 'NONE', #1180, #17 ) ;
#1146 =( GEOMETRIC_REPRESENTATION_CONTEXT ( 3 ) GLOBAL_UNCERTAINTY_ASSIGNED_CONTEXT ( ( #9929 ) ) GLOBAL_UNIT_ASSIGNED_CONTEXT ( ( #285, #1233, #2132 ) ) REPRESENTATION_CONTEXT ( 'NONE', 'WORKASPACE' ) );
#1147 = FACE_OUTER_BOUND ( 'NONE', #7537, .T. ) ;
#1148 = VECTOR ( 'NONE', #9061, 1000.000000000000000 ) ;
#1149 = VECTOR ( 'NONE', #5945, 1000.000000000000000 ) ;
#1150 = VERTEX_POINT ( 'NONE', #6475 ) ;
#1151 = EDGE_LOOP ( 'NONE', ( #7546, #6671, #7932, #5730, #1623, #2399, #10997 ) ) ;
#1152 = FACE_OUTER_BOUND ( 'NONE', #6553, .T. ) ;
#1153 = EDGE_CURVE ( 'NONE', #6007, #9823, #4137, .T. ) ;
#1154 = DIRECTION ( 'NONE',  ( 0.0000000000000000000, 1.000000000000000000, 0.0000000000000000000 ) ) ;
#1155 = LINE ( 'NONE', #2143, #10839 ) ;
#1156 = LINE ( 'NONE', #199, #3954 ) ;
#1157 = VECTOR ( 'NONE', #10895, 1000.000000000000000 ) ;
#1158 = VERTEX_POINT ( 'NONE', #4743 ) ;
#1159 = VECTOR ( 'NONE', #9072, 1000.000000000000000 ) ;
#1160 = AXIS2_PLACEMENT_3D ( 'NONE', #9493, #9454, #2397 ) ;
#1161 = CARTESIAN_POINT ( 'NONE',  ( 6.775000000000000355, 1.649999999999999911, -1.698606797699999893 ) ) ;
#1162 = CARTESIAN_POINT ( 'NONE',  ( 8.024999999999998579, 0.5000000000000000000, 2.024999999999999911 ) ) ;
#1163 = ORIENTED_EDGE ( 'NONE', *, *, #6031, .F. ) ;
#1164 = FACE_BOUND ( 'NONE', #1131, .T. ) ;
#1165 = LINE ( 'NONE', #4165, #296 ) ;
#1166 = EDGE_CURVE ( 'NONE', #7433, #2959, #6942, .T. ) ;
#1167 = EDGE_CURVE ( 'NONE', #4097, #5928, #4562, .T. ) ;
#1168 = VECTOR ( 'NONE', #2604, 1000.000000000000000 ) ;
#1169 = UNCERTAINTY_MEASURE_WITH_UNIT (LENGTH_MEASURE( 1.000000000000000082E-05 ), #1381, 'distance_accuracy_value', 'NONE');
#1170 = ADVANCED_FACE ( 'NONE', ( #1477 ), #8651, .F. ) ;
#1171 = EDGE_CURVE ( 'NONE', #1542, #8100, #4004, .T. ) ;
#1172 = DIRECTION ( 'NONE',  ( 1.000000000000000000, 0.0000000000000000000, 0.0000000000000000000 ) ) ;
#1173 = EDGE_LOOP ( 'NONE', ( #6140, #5312, #4840, #7590 ) ) ;
#1174 = VECTOR ( 'NONE', #282, 1000.000000000000000 ) ;
#1175 = DIRECTION ( 'NONE',  ( 0.0000000000000000000, -1.000000000000000000, 0.0000000000000000000 ) ) ;
#1176 = CARTESIAN_POINT ( 'NONE',  ( 0.5150000000000000133, 1.000000000000000000, -1.525000000000000133 ) ) ;
#1177 = ORIENTED_EDGE ( 'NONE', *, *, #3573, .T. ) ;
#1178 = CARTESIAN_POINT ( 'NONE',  ( 9.775000000000002132, 2.250000000000000000, -1.925000000000000711 ) ) ;
#1179 = DIRECTION ( 'NONE',  ( 0.0000000000000000000, 0.0000000000000000000, 1.000000000000000000 ) ) ;
#1180 = CARTESIAN_POINT ( 'NONE',  ( 6.985000000000000320, 1.000000000000000000, -1.025000000000000133 ) ) ;
#1181 = LINE ( 'NONE', #2325, #2868 ) ;
#1182 = ORIENTED_EDGE ( 'NONE', *, *, #4156, .F. ) ;
#1183 = VECTOR ( 'NONE', #3930, 1000.000000000000000 ) ;
#1184 = EDGE_CURVE ( 'NONE', #10225, #4460, #10036, .T. ) ;
#1185 = DIRECTION ( 'NONE',  ( 0.0000000000000000000, 3.212450881438532635E-15, -1.000000000000000000 ) ) ;
#1186 = ORIENTED_EDGE ( 'NONE', *, *, #4469, .F. ) ;
#1187 = AXIS2_PLACEMENT_3D ( 'NONE', #9395, #9556, #6752 ) ;
#1188 = DIRECTION ( 'NONE',  ( 0.0000000000000000000, 0.0000000000000000000, -1.000000000000000000 ) ) ;
#1189 = ADVANCED_FACE ( 'NONE', ( #7619 ), #8523, .F. ) ;
#1190 = VECTOR ( 'NONE', #9096, 1000.000000000000000 ) ;
#1191 = VECTOR ( 'NONE', #9671, 1000.000000000000000 ) ;
#1192 = VERTEX_POINT ( 'NONE', #2294 ) ;
#1193 = VECTOR ( 'NONE', #9786, 1000.000000000000000 ) ;
#1194 = ORIENTED_EDGE ( 'NONE', *, *, #1932, .F. ) ;
#1195 = DIRECTION ( 'NONE',  ( 0.0000000000000000000, 0.0000000000000000000, 1.000000000000000000 ) ) ;
#1196 = EDGE_CURVE ( 'NONE', #2526, #7106, #2615, .T. ) ;
#1197 = FILL_AREA_STYLE_COLOUR ( '', #10518 ) ;
#1198 = DIRECTION ( 'NONE',  ( 0.0000000000000000000, -1.000000000000000000, 0.0000000000000000000 ) ) ;
#1199 = EDGE_CURVE ( 'NONE', #7441, #9886, #7349, .T. ) ;
#1200 = VECTOR ( 'NONE', #1952, 1000.000000000000000 ) ;
#1201 = LINE ( 'NONE', #2026, #9336 ) ;
#1202 = CARTESIAN_POINT ( 'NONE',  ( -2.475000000000000089, 3.600000000000000089, -1.425000000000000933 ) ) ;
#1203 = VECTOR ( 'NONE', #10474, 1000.000000000000000 ) ;
#1204 = VERTEX_POINT ( 'NONE', #4025 ) ;
#1205 = ORIENTED_EDGE ( 'NONE', *, *, #7173, .T. ) ;
#1206 = DIRECTION ( 'NONE',  ( 0.0000000000000000000, -0.0000000000000000000, 1.000000000000000000 ) ) ;
#1207 = AXIS2_PLACEMENT_3D ( 'NONE', #2405, #8671, #9582 ) ;
#1208 = CARTESIAN_POINT ( 'NONE',  ( 1.975000000000000089, 1.649999999999999911, 2.024999999999999911 ) ) ;
#1209 = VECTOR ( 'NONE', #3058, 1000.000000000000000 ) ;
#1210 = STYLED_ITEM ( 'NONE', ( #8714 ), #2875 ) ;
#1211 = LINE ( 'NONE', #3860, #659 ) ;
#1212 = DIRECTION ( 'NONE',  ( 0.0000000000000000000, 0.0000000000000000000, -1.000000000000000000 ) ) ;
#1213 = ORIENTED_EDGE ( 'NONE', *, *, #911, .T. ) ;
#1214 = DIRECTION ( 'NONE',  ( 1.000000000000000000, 0.0000000000000000000, 0.0000000000000000000 ) ) ;
#1215 = PLANE ( 'NONE',  #624 ) ;
#1216 = EDGE_LOOP ( 'NONE', ( #7675, #7265, #4476, #6884 ) ) ;
#1217 = DIRECTION ( 'NONE',  ( 0.0000000000000000000, 0.0000000000000000000, 1.000000000000000000 ) ) ;
#1218 = ORIENTED_EDGE ( 'NONE', *, *, #4275, .F. ) ;
#1219 = CARTESIAN_POINT ( 'NONE',  ( -0.7249999999999999778, 0.5000000000000000000, -1.525000000000000133 ) ) ;
#1220 = VECTOR ( 'NONE', #4432, 1000.000000000000000 ) ;
#1221 = LINE ( 'NONE', #2863, #5701 ) ;
#1222 = ORIENTED_EDGE ( 'NONE', *, *, #9884, .T. ) ;
#1223 = ADVANCED_FACE ( 'NONE', ( #495 ), #9514, .F. ) ;
#1224 = AXIS2_PLACEMENT_3D ( 'NONE', #11466, #6116, #1684 ) ;
#1225 = FILL_AREA_STYLE_COLOUR ( '', #6817 ) ;
#1226 = ORIENTED_EDGE ( 'NONE', *, *, #3407, .F. ) ;
#1227 = ORIENTED_EDGE ( 'NONE', *, *, #4553, .F. ) ;
#1228 = UNCERTAINTY_MEASURE_WITH_UNIT (LENGTH_MEASURE( 1.000000000000000082E-05 ), #3475, 'distance_accuracy_value', 'NONE');
#1229 = VECTOR ( 'NONE', #6441, 1000.000000000000000 ) ;
#1230 = EDGE_CURVE ( 'NONE', #4498, #91, #4824, .T. ) ;
#1231 = CARTESIAN_POINT ( 'NONE',  ( 9.525000000000002132, 2.250000000000000000, -1.925000000000000933 ) ) ;
#1232 = ORIENTED_EDGE ( 'NONE', *, *, #11326, .T. ) ;
#1233 =( NAMED_UNIT ( * ) PLANE_ANGLE_UNIT ( ) SI_UNIT ( $, .RADIAN. ) );
#1234 = EDGE_CURVE ( 'NONE', #2793, #2199, #1334, .T. ) ;
#1235 = DIRECTION ( 'NONE',  ( -8.673617379884027583E-16, 0.0000000000000000000, 1.000000000000000000 ) ) ;
#1236 = VERTEX_POINT ( 'NONE', #7601 ) ;
#1237 = ORIENTED_EDGE ( 'NONE', *, *, #10999, .F. ) ;
#1238 = ORIENTED_EDGE ( 'NONE', *, *, #3805, .T. ) ;
#1239 = ORIENTED_EDGE ( 'NONE', *, *, #3117, .F. ) ;
#1240 = ORIENTED_EDGE ( 'NONE', *, *, #7866, .F. ) ;
#1241 = VECTOR ( 'NONE', #716, 1000.000000000000000 ) ;
#1242 = VECTOR ( 'NONE', #3765, 1000.000000000000114 ) ;
#1243 = CARTESIAN_POINT ( 'NONE',  ( 8.225000000000003197, 0.0000000000000000000, -2.024999999999999911 ) ) ;
#1244 = ADVANCED_FACE ( 'NONE', ( #3727 ), #2336, .T. ) ;
#1245 = DIRECTION ( 'NONE',  ( 0.0000000000000000000, 0.0000000000000000000, 1.000000000000000000 ) ) ;
#1246 = CARTESIAN_POINT ( 'NONE',  ( -1.875000000000000000, 2.550000000000000266, 2.024999999999999911 ) ) ;
#1247 = AXIS2_PLACEMENT_3D ( 'NONE', #2422, #4297, #5966 ) ;
#1248 = EDGE_CURVE ( 'NONE', #10515, #3595, #8193, .T. ) ;
#1249 = DIRECTION ( 'NONE',  ( -1.000000000000000000, 0.0000000000000000000, 0.0000000000000000000 ) ) ;
#1250 = ORIENTED_EDGE ( 'NONE', *, *, #11236, .T. ) ;
#1251 = ORIENTED_EDGE ( 'NONE', *, *, #7507, .T. ) ;
#1252 = ORIENTED_EDGE ( 'NONE', *, *, #367, .F. ) ;
#1253 = DIRECTION ( 'NONE',  ( -1.000000000000000000, 0.0000000000000000000, 0.0000000000000000000 ) ) ;
#1254 = AXIS2_PLACEMENT_3D ( 'NONE', #9409, #9450, #4033 ) ;
#1255 = CARTESIAN_POINT ( 'NONE',  ( 1.975000000000000089, -0.004464445899999999919, 0.003975566199999999890 ) ) ;
#1256 = VERTEX_POINT ( 'NONE', #4370 ) ;
#1257 = LINE ( 'NONE', #7604, #3357 ) ;
#1258 = ORIENTED_EDGE ( 'NONE', *, *, #657, .F. ) ;
#1259 = VERTEX_POINT ( 'NONE', #11386 ) ;
#1260 = ORIENTED_EDGE ( 'NONE', *, *, #10431, .T. ) ;
#1261 = AXIS2_PLACEMENT_3D ( 'NONE', #4861, #7480, #3083 ) ;
#1262 = LINE ( 'NONE', #10799, #7012 ) ;
#1263 = EDGE_CURVE ( 'NONE', #8346, #4321, #2317, .T. ) ;
#1264 = LINE ( 'NONE', #7224, #7549 ) ;
#1265 = PLANE ( 'NONE',  #89 ) ;
#1266 = ORIENTED_EDGE ( 'NONE', *, *, #212, .F. ) ;
#1267 = CARTESIAN_POINT ( 'NONE',  ( 5.525000000000000355, 1.315130797599999957, 1.171117220399999770 ) ) ;
#1268 = CARTESIAN_POINT ( 'NONE',  ( 5.724999999999999645, 0.05000000000000002359, -1.775000000000000133 ) ) ;
#1269 = ORIENTED_EDGE ( 'NONE', *, *, #8103, .F. ) ;
#1270 = ADVANCED_FACE ( 'NONE', ( #7080 ), #9634, .T. ) ;
#1271 = CARTESIAN_POINT ( 'NONE',  ( 6.775000000000000355, 0.0000000000000000000, 2.024999999999999911 ) ) ;
#1272 = VECTOR ( 'NONE', #1422, 1000.000000000000000 ) ;
#1273 = CARTESIAN_POINT ( 'NONE',  ( -2.875000000000000000, 1.950000000000002176, 1.375000000000006883 ) ) ;
#1274 = AXIS2_PLACEMENT_3D ( 'NONE', #1374, #563, #9541 ) ;
#1275 = VECTOR ( 'NONE', #8949, 1000.000000000000000 ) ;
#1276 = AXIS2_PLACEMENT_3D ( 'NONE', #5645, #1863, #8953 ) ;
#1277 = ORIENTED_EDGE ( 'NONE', *, *, #2707, .F. ) ;
#1278 = EDGE_CURVE ( 'NONE', #10653, #4959, #6795, .T. ) ;
#1279 = ADVANCED_FACE ( 'NONE', ( #6501 ), #6081, .T. ) ;
#1280 = ORIENTED_EDGE ( 'NONE', *, *, #4769, .T. ) ;
#1281 = EDGE_CURVE ( 'NONE', #3920, #7796, #8632, .T. ) ;
#1282 = PLANE ( 'NONE',  #2815 ) ;
#1283 = CARTESIAN_POINT ( 'NONE',  ( 7.924999999999999822, 1.649999999999999911, -1.698606797699999893 ) ) ;
#1284 = LINE ( 'NONE', #6520, #7568 ) ;
#1285 = CARTESIAN_POINT ( 'NONE',  ( 3.225000000000000089, 1.795247431900000024, 2.024999999999999911 ) ) ;
#1286 = CARTESIAN_POINT ( 'NONE',  ( 4.474999999999999645, 1.000000000000000000, 1.525000000000000133 ) ) ;
#1287 = VECTOR ( 'NONE', #7428, 1000.000000000000000 ) ;
#1288 = PLANE ( 'NONE',  #9978 ) ;
#1289 = DIRECTION ( 'NONE',  ( -1.000000000000000000, 0.0000000000000000000, 0.0000000000000000000 ) ) ;
#1290 = ORIENTED_EDGE ( 'NONE', *, *, #10634, .T. ) ;
#1291 = FACE_OUTER_BOUND ( 'NONE', #556, .T. ) ;
#1292 = AXIS2_PLACEMENT_3D ( 'NONE', #3025, #2322, #5368 ) ;
#1293 = ORIENTED_EDGE ( 'NONE', *, *, #9997, .T. ) ;
#1294 = LINE ( 'NONE', #9057, #9441 ) ;
#1295 = LINE ( 'NONE', #1926, #2276 ) ;
#1296 = CARTESIAN_POINT ( 'NONE',  ( 3.024999999999999911, 1.850000000000000089, -2.024999999999999911 ) ) ;
#1297 = COLOUR_RGB ( '',1.000000000000000000, 1.000000000000000000, 1.000000000000000000 ) ;
#1298 = ADVANCED_FACE ( 'NONE', ( #2469 ), #4291, .F. ) ;
#1299 = EDGE_LOOP ( 'NONE', ( #1531, #1105, #1554, #4729 ) ) ;
#1300 = LINE ( 'NONE', #8561, #762 ) ;
#1301 = CARTESIAN_POINT ( 'NONE',  ( -2.875000000000000000, 0.6000000000000024203, 1.375000000000002442 ) ) ;
#1302 = EDGE_CURVE ( 'NONE', #9326, #9551, #9050, .T. ) ;
#1303 = DIRECTION ( 'NONE',  ( 0.0000000000000000000, 0.0000000000000000000, 1.000000000000000000 ) ) ;
#1304 = ORIENTED_EDGE ( 'NONE', *, *, #4550, .T. ) ;
#1305 =( LENGTH_UNIT ( ) NAMED_UNIT ( * ) SI_UNIT ( .MILLI., .METRE. ) );
#1306 = VECTOR ( 'NONE', #4236, 1000.000000000000000 ) ;
#1307 = CARTESIAN_POINT ( 'NONE',  ( -0.7249999999999999778, 1.649999999999999911, 2.024999999999999911 ) ) ;
#1308 = CARTESIAN_POINT ( 'NONE',  ( 3.225000000000000089, 1.795247431900000024, 2.024999999999999911 ) ) ;
#1309 = LINE ( 'NONE', #958, #6919 ) ;
#1310 = FACE_OUTER_BOUND ( 'NONE', #8339, .T. ) ;
#1311 = CARTESIAN_POINT ( 'NONE',  ( 0.5249999999999999112, 0.3500000000000000333, -2.024999999999999911 ) ) ;
#1312 = AXIS2_PLACEMENT_3D ( 'NONE', #1092, #1991, #10095 ) ;
#1313 = CARTESIAN_POINT ( 'NONE',  ( 3.225000000000000089, 0.3499999999999999778, -2.075000000000000178 ) ) ;
#1314 =( NAMED_UNIT ( * ) SI_UNIT ( $, .STERADIAN. ) SOLID_ANGLE_UNIT ( ) );
#1315 = DIRECTION ( 'NONE',  ( -1.000000000000000000, 0.0000000000000000000, 0.0000000000000000000 ) ) ;
#1316 = VERTEX_POINT ( 'NONE', #1678 ) ;
#1317 = FACE_OUTER_BOUND ( 'NONE', #5776, .T. ) ;
#1318 = ORIENTED_EDGE ( 'NONE', *, *, #9966, .F. ) ;
#1319 = EDGE_CURVE ( 'NONE', #4814, #3686, #6932, .T. ) ;
#1320 = EDGE_CURVE ( 'NONE', #7159, #9758, #1323, .T. ) ;
#1321 = PLANE ( 'NONE',  #9295 ) ;
#1322 = MECHANICAL_DESIGN_GEOMETRIC_PRESENTATION_REPRESENTATION (  '', ( #3133 ), #10942 ) ;
#1323 = LINE ( 'NONE', #2580, #332 ) ;
#1324 = DIRECTION ( 'NONE',  ( -1.000000000000000000, 0.0000000000000000000, 0.0000000000000000000 ) ) ;
#1325 = EDGE_LOOP ( 'NONE', ( #4329, #9680, #10729, #7126 ) ) ;
#1326 = CARTESIAN_POINT ( 'NONE',  ( 0.4249999999999999889, 1.850000000000000089, -1.698606797699999893 ) ) ;
#1327 = CARTESIAN_POINT ( 'NONE',  ( 6.325000000000002842, 1.850000000000000089, -1.474999999999999867 ) ) ;
#1328 = ORIENTED_EDGE ( 'NONE', *, *, #3943, .F. ) ;
#1329 = DIRECTION ( 'NONE',  ( 0.0000000000000000000, -1.000000000000000000, 0.0000000000000000000 ) ) ;
#1330 = ORIENTED_EDGE ( 'NONE', *, *, #8373, .T. ) ;
#1331 = DIRECTION ( 'NONE',  ( 0.0000000000000000000, -1.000000000000000000, 0.0000000000000000000 ) ) ;
#1332 = ADVANCED_FACE ( 'NONE', ( #1618 ), #9752, .T. ) ;
#1333 = CARTESIAN_POINT ( 'NONE',  ( 4.474999999999999645, 0.5000000000000000000, 0.0000000000000000000 ) ) ;
#1334 = LINE ( 'NONE', #6712, #786 ) ;
#1335 = AXIS2_PLACEMENT_3D ( 'NONE', #3940, #1235, #8285 ) ;
#1336 = VECTOR ( 'NONE', #8653, 1000.000000000000000 ) ;
#1337 = EDGE_CURVE ( 'NONE', #5299, #10513, #1054, .T. ) ;
#1338 = CARTESIAN_POINT ( 'NONE',  ( 0.7250000000000000888, 0.05000000000000002359, -1.775000000000000133 ) ) ;
#1339 = ORIENTED_EDGE ( 'NONE', *, *, #11098, .T. ) ;
#1340 = ORIENTED_EDGE ( 'NONE', *, *, #4418, .T. ) ;
#1341 = ADVANCED_FACE ( 'NONE', ( #9754 ), #1555, .T. ) ;
#1342 =( NAMED_UNIT ( * ) PLANE_ANGLE_UNIT ( ) SI_UNIT ( $, .RADIAN. ) );
#1343 = CARTESIAN_POINT ( 'NONE',  ( 3.225000000000000089, 1.850000000000000089, -2.024999999999999911 ) ) ;
#1344 = CARTESIAN_POINT ( 'NONE',  ( 4.274999999999999467, -0.6500000000000000222, -1.775000000000000133 ) ) ;
#1345 = CARTESIAN_POINT ( 'NONE',  ( 4.274999999999999467, 0.05000000000000002359, -1.524999999999999689 ) ) ;
#1346 = FACE_OUTER_BOUND ( 'NONE', #2665, .T. ) ;
#1347 = DIRECTION ( 'NONE',  ( 1.000000000000000000, 0.0000000000000000000, 0.0000000000000000000 ) ) ;
#1348 = VECTOR ( 'NONE', #873, 1000.000000000000000 ) ;
#1349 = LINE ( 'NONE', #11538, #7930 ) ;
#1350 = CARTESIAN_POINT ( 'NONE',  ( 1.974999999999999867, 0.3500000000000000333, -2.024999999999999911 ) ) ;
#1351 = EDGE_LOOP ( 'NONE', ( #8390, #1304, #4019, #5301 ) ) ;
#1352 = CARTESIAN_POINT ( 'NONE',  ( -0.7249999999999999778, 1.350000000000000089, 0.0000000000000000000 ) ) ;
#1353 = ORIENTED_EDGE ( 'NONE', *, *, #10258, .T. ) ;
#1354 = EDGE_CURVE ( 'NONE', #5132, #3450, #8183, .T. ) ;
#1355 = CARTESIAN_POINT ( 'NONE',  ( 5.514999999999999680, 1.000000000000000000, -2.024999999999999911 ) ) ;
#1356 = EDGE_CURVE ( 'NONE', #9375, #7244, #10157, .T. ) ;
#1357 = CARTESIAN_POINT ( 'NONE',  ( 3.225000000000000089, 0.5000000000000000000, -1.525000000000000133 ) ) ;
#1358 = VECTOR ( 'NONE', #7731, 1000.000000000000000 ) ;
#1359 = VECTOR ( 'NONE', #1154, 1000.000000000000000 ) ;
#1360 = EDGE_LOOP ( 'NONE', ( #8916, #7815, #271, #3382 ) ) ;
#1361 = CARTESIAN_POINT ( 'NONE',  ( 0.0000000000000000000, 0.0000000000000000000, 0.0000000000000000000 ) ) ;
#1362 = FILL_AREA_STYLE ('',( #2102 ) ) ;
#1363 = CARTESIAN_POINT ( 'NONE',  ( 5.525000000000000355, 0.0000000000000000000, -1.525000000000000133 ) ) ;
#1364 = DIRECTION ( 'NONE',  ( 0.0000000000000000000, 0.0000000000000000000, -1.000000000000000000 ) ) ;
#1365 = CARTESIAN_POINT ( 'NONE',  ( 8.325000000000002842, 1.850000000000000089, 2.024999999999999911 ) ) ;
#1366 = ORIENTED_EDGE ( 'NONE', *, *, #7156, .F. ) ;
#1367 = FACE_OUTER_BOUND ( 'NONE', #5052, .T. ) ;
#1368 = VECTOR ( 'NONE', #176, 1000.000000000000000 ) ;
#1369 = VECTOR ( 'NONE', #11318, 1000.000000000000000 ) ;
#1370 =( NAMED_UNIT ( * ) SI_UNIT ( $, .STERADIAN. ) SOLID_ANGLE_UNIT ( ) );
#1371 = VERTEX_POINT ( 'NONE', #1872 ) ;
#1372 = DIRECTION ( 'NONE',  ( 0.0000000000000000000, -1.000000000000000000, 0.0000000000000000000 ) ) ;
#1373 = EDGE_CURVE ( 'NONE', #217, #8701, #7757, .T. ) ;
#1374 = CARTESIAN_POINT ( 'NONE',  ( -1.375000000000000000, 3.750000000000000000, 0.02500000000000000139 ) ) ;
#1375 = VERTEX_POINT ( 'NONE', #9931 ) ;
#1376 = VERTEX_POINT ( 'NONE', #8003 ) ;
#1377 = VERTEX_POINT ( 'NONE', #8926 ) ;
#1378 = LINE ( 'NONE', #8051, #7526 ) ;
#1379 = SURFACE_SIDE_STYLE ('',( #2022 ) ) ;
#1380 = VECTOR ( 'NONE', #8741, 1000.000000000000000 ) ;
#1381 =( LENGTH_UNIT ( ) NAMED_UNIT ( * ) SI_UNIT ( .MILLI., .METRE. ) );
#1382 = CARTESIAN_POINT ( 'NONE',  ( -2.475000000000000089, 1.999999999999998668, -1.425000000000000933 ) ) ;
#1383 = DIRECTION ( 'NONE',  ( 1.000000000000000000, 0.0000000000000000000, 0.0000000000000000000 ) ) ;
#1384 = ORIENTED_EDGE ( 'NONE', *, *, #11449, .T. ) ;
#1385 = VERTEX_POINT ( 'NONE', #9039 ) ;
#1386 = ORIENTED_EDGE ( 'NONE', *, *, #4822, .F. ) ;
#1387 = EDGE_CURVE ( 'NONE', #3656, #3298, #3011, .T. ) ;
#1388 = VERTEX_POINT ( 'NONE', #9073 ) ;
#1389 = DIRECTION ( 'NONE',  ( 0.0000000000000000000, -1.000000000000000000, 0.0000000000000000000 ) ) ;
#1390 = CARTESIAN_POINT ( 'NONE',  ( 5.724999999999999645, -0.6500000000000000222, -1.775000000000000133 ) ) ;
#1391 = ADVANCED_FACE ( 'NONE', ( #8767 ), #9110, .F. ) ;
#1392 = VERTEX_POINT ( 'NONE', #811 ) ;
#1393 = DIRECTION ( 'NONE',  ( -0.0000000000000000000, 1.000000000000000000, 0.0000000000000000000 ) ) ;
#1394 = CARTESIAN_POINT ( 'NONE',  ( 6.974999999999999645, 0.3499999999999999778, -2.075000000000000178 ) ) ;
#1395 = FACE_OUTER_BOUND ( 'NONE', #4490, .T. ) ;
#1396 = EDGE_CURVE ( 'NONE', #9976, #6430, #635, .T. ) ;
#1397 = CARTESIAN_POINT ( 'NONE',  ( -0.5250000000000000222, 0.3500000000000000333, -2.024999999999999911 ) ) ;
#1398 = CARTESIAN_POINT ( 'NONE',  ( 8.014999999999998792, 1.649999999999999911, -1.698606797699999893 ) ) ;
#1399 = EDGE_LOOP ( 'NONE', ( #10006, #8245, #1492, #8422 ) ) ;
#1400 = VERTEX_POINT ( 'NONE', #11581 ) ;
#1401 = ORIENTED_EDGE ( 'NONE', *, *, #4700, .F. ) ;
#1402 = VERTEX_POINT ( 'NONE', #10310 ) ;
#1403 = ADVANCED_FACE ( 'NONE', ( #1901 ), #9263, .F. ) ;
#1404 = VECTOR ( 'NONE', #8840, 1000.000000000000000 ) ;
#1405 = VECTOR ( 'NONE', #5515, 1000.000000000000000 ) ;
#1406 = CARTESIAN_POINT ( 'NONE',  ( -0.5250000000000000222, -0.6500000000000000222, -2.075000000000000178 ) ) ;
#1407 = AXIS2_PLACEMENT_3D ( 'NONE', #8244, #7483, #8487 ) ;
#1408 = CARTESIAN_POINT ( 'NONE',  ( 6.775000000000000355, 1.350000000000000089, 0.0000000000000000000 ) ) ;
#1409 = EDGE_CURVE ( 'NONE', #10118, #5693, #3153, .T. ) ;
#1410 = DIRECTION ( 'NONE',  ( 0.0000000000000000000, 0.0000000000000000000, 1.000000000000000000 ) ) ;
#1411 = ORIENTED_EDGE ( 'NONE', *, *, #5773, .T. ) ;
#1412 = CARTESIAN_POINT ( 'NONE',  ( -0.5150000000000000133, 1.649999999999999911, -1.025000000000000133 ) ) ;
#1413 =( GEOMETRIC_REPRESENTATION_CONTEXT ( 3 ) GLOBAL_UNCERTAINTY_ASSIGNED_CONTEXT ( ( #6905 ) ) GLOBAL_UNIT_ASSIGNED_CONTEXT ( ( #10867, #5413, #5493 ) ) REPRESENTATION_CONTEXT ( 'NONE', 'WORKASPACE' ) );
#1414 = EDGE_LOOP ( 'NONE', ( #533, #3113, #646, #11067, #5488 ) ) ;
#1415 = ORIENTED_EDGE ( 'NONE', *, *, #36, .T. ) ;
#1416 = PLANE ( 'NONE',  #7500 ) ;
#1417 = FACE_OUTER_BOUND ( 'NONE', #8586, .T. ) ;
#1418 = DIRECTION ( 'NONE',  ( 1.000000000000000000, 0.0000000000000000000, 0.0000000000000000000 ) ) ;
#1419 = ORIENTED_EDGE ( 'NONE', *, *, #6491, .T. ) ;
#1420 = ORIENTED_EDGE ( 'NONE', *, *, #4580, .T. ) ;
#1421 = EDGE_CURVE ( 'NONE', #3714, #512, #8469, .T. ) ;
#1422 = DIRECTION ( 'NONE',  ( 0.0000000000000000000, 1.000000000000000000, 0.0000000000000000000 ) ) ;
#1423 = CARTESIAN_POINT ( 'NONE',  ( 1.975000000000000089, -0.004464445899999999919, 0.003975566199999999890 ) ) ;
#1424 = EDGE_CURVE ( 'NONE', #5928, #1542, #3988, .T. ) ;
#1425 = DIRECTION ( 'NONE',  ( 0.0000000000000000000, 0.0000000000000000000, 1.000000000000000000 ) ) ;
#1426 = VECTOR ( 'NONE', #3556, 1000.000000000000000 ) ;
#1427 = VECTOR ( 'NONE', #5124, 1000.000000000000000 ) ;
#1428 = DIRECTION ( 'NONE',  ( 0.0000000000000000000, -1.000000000000000000, 0.0000000000000000000 ) ) ;
#1429 = LINE ( 'NONE', #2321, #10699 ) ;
#1430 = DIRECTION ( 'NONE',  ( 0.0000000000000000000, 0.0000000000000000000, 1.000000000000000000 ) ) ;
#1431 = DIRECTION ( 'NONE',  ( -1.000000000000000000, -0.0000000000000000000, -0.0000000000000000000 ) ) ;
#1432 = ORIENTED_EDGE ( 'NONE', *, *, #7684, .T. ) ;
#1433 = DIRECTION ( 'NONE',  ( 1.000000000000000000, 0.0000000000000000000, 0.0000000000000000000 ) ) ;
#1434 = PLANE ( 'NONE',  #6200 ) ;
#1435 = VERTEX_POINT ( 'NONE', #5087 ) ;
#1436 = DIRECTION ( 'NONE',  ( 0.0000000000000000000, 0.0000000000000000000, 1.000000000000000000 ) ) ;
#1437 = AXIS2_PLACEMENT_3D ( 'NONE', #2237, #1185, #8464 ) ;
#1438 = LINE ( 'NONE', #6897, #3541 ) ;
#1439 = LINE ( 'NONE', #11430, #2977 ) ;
#1440 = AXIS2_PLACEMENT_3D ( 'NONE', #5532, #3773, #6418 ) ;
#1441 = VECTOR ( 'NONE', #5704, 1000.000000000000000 ) ;
#1442 = EDGE_CURVE ( 'NONE', #746, #3780, #3436, .T. ) ;
#1443 = CARTESIAN_POINT ( 'NONE',  ( -2.375000000000000000, 3.750000000000000000, 2.024999999999999911 ) ) ;
#1444 = ORIENTED_EDGE ( 'NONE', *, *, #2245, .F. ) ;
#1445 = LINE ( 'NONE', #2620, #10714 ) ;
#1446 = CARTESIAN_POINT ( 'NONE',  ( -0.5150000000000000133, 1.000000000000000000, -1.025000000000000133 ) ) ;
#1447 = ORIENTED_EDGE ( 'NONE', *, *, #7474, .F. ) ;
#1448 = CARTESIAN_POINT ( 'NONE',  ( 4.474999999999999645, 0.3500000000000000333, -2.024999999999999911 ) ) ;
#1449 = LINE ( 'NONE', #6931, #177 ) ;
#1450 = DIRECTION ( 'NONE',  ( -1.000000000000000000, 0.0000000000000000000, 0.0000000000000000000 ) ) ;
#1451 = CARTESIAN_POINT ( 'NONE',  ( 5.724999999999999645, 0.0000000000000000000, -1.525000000000000133 ) ) ;
#1452 = LINE ( 'NONE', #5767, #5358 ) ;
#1453 = CARTESIAN_POINT ( 'NONE',  ( 6.775000000000000355, 1.850000000000000089, -1.698606797699999893 ) ) ;
#1454 = PLANE ( 'NONE',  #10448 ) ;
#1455 = LINE ( 'NONE', #10493, #4664 ) ;
#1456 = ADVANCED_FACE ( 'NONE', ( #5397 ), #10348, .T. ) ;
#1457 = DIRECTION ( 'NONE',  ( 0.0000000000000000000, 1.000000000000000000, 0.0000000000000000000 ) ) ;
#1458 = ORIENTED_EDGE ( 'NONE', *, *, #8143, .T. ) ;
#1459 = FACE_OUTER_BOUND ( 'NONE', #6459, .T. ) ;
#1460 = AXIS2_PLACEMENT_3D ( 'NONE', #2664, #1015, #7251 ) ;
#1461 = DIRECTION ( 'NONE',  ( -1.000000000000000000, 0.0000000000000000000, 0.0000000000000000000 ) ) ;
#1462 = ORIENTED_EDGE ( 'NONE', *, *, #7409, .F. ) ;
#1463 = ADVANCED_FACE ( 'NONE', ( #10022 ), #7659, .F. ) ;
#1464 = SURFACE_STYLE_FILL_AREA ( #1362 ) ;
#1465 = LINE ( 'NONE', #6894, #4950 ) ;
#1466 = CARTESIAN_POINT ( 'NONE',  ( 1.974999999999999867, 0.05000000000000002359, -1.775000000000000133 ) ) ;
#1467 = EDGE_CURVE ( 'NONE', #1377, #9792, #2867, .T. ) ;
#1468 = CARTESIAN_POINT ( 'NONE',  ( -0.7249999999999999778, 0.0000000000000000000, -2.024999999999999911 ) ) ;
#1469 = ORIENTED_EDGE ( 'NONE', *, *, #2121, .T. ) ;
#1470 = COLOUR_RGB ( '',0.6470588235294117974, 0.6196078431372549211, 0.5882352941176470784 ) ;
#1471 = ORIENTED_EDGE ( 'NONE', *, *, #7522, .T. ) ;
#1472 = CARTESIAN_POINT ( 'NONE',  ( -0.7349999999999999867, 1.000000000000000000, -1.025000000000000133 ) ) ;
#1473 = PLANE ( 'NONE',  #59 ) ;
#1474 = DIRECTION ( 'NONE',  ( 0.0000000000000000000, 1.000000000000000000, -2.148487149506095815E-16 ) ) ;
#1475 = CARTESIAN_POINT ( 'NONE',  ( 6.765000000000000568, 1.850000000000000089, -1.025000000000000133 ) ) ;
#1476 = DIRECTION ( 'NONE',  ( -0.0000000000000000000, 1.000000000000000000, 0.0000000000000000000 ) ) ;
#1477 = FACE_OUTER_BOUND ( 'NONE', #8370, .T. ) ;
#1478 = FACE_OUTER_BOUND ( 'NONE', #8302, .T. ) ;
#1479 = ORIENTED_EDGE ( 'NONE', *, *, #8294, .T. ) ;
#1480 = ORIENTED_EDGE ( 'NONE', *, *, #2024, .F. ) ;
#1481 = FACE_OUTER_BOUND ( 'NONE', #2759, .T. ) ;
#1482 = EDGE_CURVE ( 'NONE', #7956, #4442, #3577, .T. ) ;
#1483 = EDGE_CURVE ( 'NONE', #3643, #9768, #11424, .T. ) ;
#1484 = ORIENTED_EDGE ( 'NONE', *, *, #9308, .F. ) ;
#1485 = CARTESIAN_POINT ( 'NONE',  ( 5.724999999999999645, 0.3500000000000000333, -2.024999999999999911 ) ) ;
#1486 = FILL_AREA_STYLE_COLOUR ( '', #1586 ) ;
#1487 = FACE_OUTER_BOUND ( 'NONE', #3044, .T. ) ;
#1488 = CARTESIAN_POINT ( 'NONE',  ( 0.7250000000000000888, 0.0000000000000000000, -1.525000000000000133 ) ) ;
#1489 = CARTESIAN_POINT ( 'NONE',  ( 6.774999999999999467, 0.05000000000000002359, -1.524999999999999689 ) ) ;
#1490 = SURFACE_STYLE_FILL_AREA ( #11453 ) ;
#1491 = DIRECTION ( 'NONE',  ( 0.0000000000000000000, 0.0000000000000000000, -1.000000000000000000 ) ) ;
#1492 = ORIENTED_EDGE ( 'NONE', *, *, #8590, .T. ) ;
#1493 = FILL_AREA_STYLE ('',( #598 ) ) ;
#1494 = ORIENTED_EDGE ( 'NONE', *, *, #5378, .F. ) ;
#1495 = DIRECTION ( 'NONE',  ( 1.000000000000000000, 0.0000000000000000000, 0.0000000000000000000 ) ) ;
#1496 = AXIS2_PLACEMENT_3D ( 'NONE', #3584, #4412, #7144 ) ;
#1497 = EDGE_CURVE ( 'NONE', #8657, #1204, #3716, .T. ) ;
#1498 = CARTESIAN_POINT ( 'NONE',  ( 3.024999999999999911, 1.350000000000000089, -1.525000000000000133 ) ) ;
#1499 = CARTESIAN_POINT ( 'NONE',  ( 8.014999999999998792, 1.000000000000000000, -1.525000000000000133 ) ) ;
#1500 = VECTOR ( 'NONE', #11319, 1000.000000000000000 ) ;
#1501 = LINE ( 'NONE', #10422, #1358 ) ;
#1502 = VECTOR ( 'NONE', #2328, 1000.000000000000000 ) ;
#1503 = EDGE_LOOP ( 'NONE', ( #9403, #196, #1420, #11024 ) ) ;
#1504 = VERTEX_POINT ( 'NONE', #9773 ) ;
#1505 = ORIENTED_EDGE ( 'NONE', *, *, #9712, .F. ) ;
#1506 = CARTESIAN_POINT ( 'NONE',  ( 4.275000000000000355, -0.004464445899999999919, 0.003975566199999999890 ) ) ;
#1507 = EDGE_LOOP ( 'NONE', ( #7830, #7141, #11537, #3927 ) ) ;
#1508 = VECTOR ( 'NONE', #4468, 1000.000000000000000 ) ;
#1509 = LINE ( 'NONE', #9210, #2773 ) ;
#1511 = DIRECTION ( 'NONE',  ( 0.0000000000000000000, 0.0000000000000000000, 1.000000000000000000 ) ) ;
#1510 = VECTOR ( 'NONE', #1085, 1000.000000000000000 ) ;
#1512 = CARTESIAN_POINT ( 'NONE',  ( -0.4249999999999999889, 1.649999999999999911, -1.474999999999999867 ) ) ;
#1513 = ADVANCED_FACE ( 'NONE', ( #4273 ), #8752, .F. ) ;
#1514 = CARTESIAN_POINT ( 'NONE',  ( 0.7249999999999998668, 0.3499999999999999778, -2.075000000000000178 ) ) ;
#1515 = ORIENTED_EDGE ( 'NONE', *, *, #577, .F. ) ;
#1516 = EDGE_CURVE ( 'NONE', #2243, #3476, #5533, .T. ) ;
#1517 = DIRECTION ( 'NONE',  ( 0.0000000000000000000, 1.000000000000000000, 0.0000000000000000000 ) ) ;
#1518 =( NAMED_UNIT ( * ) SI_UNIT ( $, .STERADIAN. ) SOLID_ANGLE_UNIT ( ) );
#1519 = EDGE_CURVE ( 'NONE', #729, #6355, #7906, .T. ) ;
#1520 = DIRECTION ( 'NONE',  ( 0.0000000000000000000, 0.0000000000000000000, 1.000000000000000000 ) ) ;
#1521 = EDGE_LOOP ( 'NONE', ( #5754, #3790, #3502, #10913, #10141, #4575, #3105 ) ) ;
#1522 = ORIENTED_EDGE ( 'NONE', *, *, #2933, .T. ) ;
#1523 = DIRECTION ( 'NONE',  ( 0.0000000000000000000, -1.000000000000000000, -3.212450881438532635E-15 ) ) ;
#1524 = LINE ( 'NONE', #2214, #5988 ) ;
#1525 = DIRECTION ( 'NONE',  ( 0.0000000000000000000, -1.000000000000000000, 0.0000000000000000000 ) ) ;
#1526 = FACE_OUTER_BOUND ( 'NONE', #2463, .T. ) ;
#1527 = ORIENTED_EDGE ( 'NONE', *, *, #3731, .F. ) ;
#1528 = PLANE ( 'NONE',  #6994 ) ;
#1529 = DIRECTION ( 'NONE',  ( 0.0000000000000000000, -1.084202172485501673E-15, -1.000000000000000000 ) ) ;
#1530 = ORIENTED_EDGE ( 'NONE', *, *, #11558, .F. ) ;
#1531 = ORIENTED_EDGE ( 'NONE', *, *, #6369, .F. ) ;
#1532 = ORIENTED_EDGE ( 'NONE', *, *, #3800, .T. ) ;
#1533 = ORIENTED_EDGE ( 'NONE', *, *, #1932, .T. ) ;
#1534 = CARTESIAN_POINT ( 'NONE',  ( -0.7249999999999999778, 0.3499999999999999778, -2.075000000000000178 ) ) ;
#1535 = ORIENTED_EDGE ( 'NONE', *, *, #6719, .F. ) ;
#1536 = UNCERTAINTY_MEASURE_WITH_UNIT (LENGTH_MEASURE( 1.000000000000000082E-05 ), #548, 'distance_accuracy_value', 'NONE');
#1537 = VECTOR ( 'NONE', #3219, 1000.000000000000000 ) ;
#1538 = EDGE_CURVE ( 'NONE', #6428, #6999, #5942, .T. ) ;
#1539 = CARTESIAN_POINT ( 'NONE',  ( 8.234999999999999432, 1.850000000000000089, -1.025000000000000133 ) ) ;
#1540 = ORIENTED_EDGE ( 'NONE', *, *, #5977, .F. ) ;
#1541 = EDGE_LOOP ( 'NONE', ( #6295, #9517, #2738, #944 ) ) ;
#1542 = VERTEX_POINT ( 'NONE', #678 ) ;
#1543 = VERTEX_POINT ( 'NONE', #5125 ) ;
#1544 = ORIENTED_EDGE ( 'NONE', *, *, #9190, .T. ) ;
#1545 = SURFACE_STYLE_FILL_AREA ( #6653 ) ;
#1546 = AXIS2_PLACEMENT_3D ( 'NONE', #11492, #3347, #11451 ) ;
#1547 = DIRECTION ( 'NONE',  ( 1.000000000000000000, 0.0000000000000000000, 0.0000000000000000000 ) ) ;
#1548 =( NAMED_UNIT ( * ) PLANE_ANGLE_UNIT ( ) SI_UNIT ( $, .RADIAN. ) );
#1549 = ORIENTED_EDGE ( 'NONE', *, *, #9320, .T. ) ;
#1550 = ORIENTED_EDGE ( 'NONE', *, *, #8549, .T. ) ;
#1551 = EDGE_CURVE ( 'NONE', #9041, #2459, #481, .T. ) ;
#1552 = CARTESIAN_POINT ( 'NONE',  ( 5.525000000000000355, 1.850000000000000089, -1.698606797699999893 ) ) ;
#1553 = ORIENTED_EDGE ( 'NONE', *, *, #7909, .T. ) ;
#1554 = ORIENTED_EDGE ( 'NONE', *, *, #4156, .T. ) ;
#1555 = PLANE ( 'NONE',  #201 ) ;
#1556 = LINE ( 'NONE', #6655, #10818 ) ;
#1557 = CARTESIAN_POINT ( 'NONE',  ( -0.7349999999999999867, 1.000000000000000000, -1.025000000000000133 ) ) ;
#1558 = EDGE_CURVE ( 'NONE', #7966, #2195, #9465, .T. ) ;
#1559 = CARTESIAN_POINT ( 'NONE',  ( -2.375000000000000000, 3.149999999999999911, 2.024999999999999911 ) ) ;
#1560 = CARTESIAN_POINT ( 'NONE',  ( 0.5250000000000000222, 1.850000000000000089, 2.024999999999999911 ) ) ;
#1561 = DIRECTION ( 'NONE',  ( 0.0000000000000000000, 0.0000000000000000000, -1.000000000000000000 ) ) ;
#1562 = LINE ( 'NONE', #7356, #709 ) ;
#1563 = DIRECTION ( 'NONE',  ( 1.000000000000000000, 0.0000000000000000000, 0.0000000000000000000 ) ) ;
#1564 = VECTOR ( 'NONE', #1884, 1000.000000000000000 ) ;
#1565 = DIRECTION ( 'NONE',  ( -1.000000000000000000, 0.0000000000000000000, 0.0000000000000000000 ) ) ;
#1566 = VERTEX_POINT ( 'NONE', #4314 ) ;
#1567 = ORIENTED_EDGE ( 'NONE', *, *, #10329, .T. ) ;
#1568 = CARTESIAN_POINT ( 'NONE',  ( 8.235000000000002984, 1.000000000000000000, -1.025000000000000133 ) ) ;
#1569 = VECTOR ( 'NONE', #9811, 1000.000000000000000 ) ;
#1570 = FILL_AREA_STYLE ('',( #3326 ) ) ;
#1571 =( GEOMETRIC_REPRESENTATION_CONTEXT ( 3 ) GLOBAL_UNCERTAINTY_ASSIGNED_CONTEXT ( ( #4182 ) ) GLOBAL_UNIT_ASSIGNED_CONTEXT ( ( #1885, #5442, #1916 ) ) REPRESENTATION_CONTEXT ( 'NONE', 'WORKASPACE' ) );
#1572 = EDGE_CURVE ( 'NONE', #1259, #4484, #8046, .T. ) ;
#1573 = CARTESIAN_POINT ( 'NONE',  ( 1.765000000000000124, 1.000000000000000000, -1.474999999999999867 ) ) ;
#1574 = LINE ( 'NONE', #10593, #9147 ) ;
#1575 = DIRECTION ( 'NONE',  ( 0.0000000000000000000, -1.000000000000000000, 0.0000000000000000000 ) ) ;
#1576 = ADVANCED_FACE ( 'NONE', ( #7471 ), #1893, .F. ) ;
#1577 = ORIENTED_EDGE ( 'NONE', *, *, #9625, .T. ) ;
#1578 = ORIENTED_EDGE ( 'NONE', *, *, #437, .T. ) ;
#1579 = CARTESIAN_POINT ( 'NONE',  ( -1.375000000000000000, 3.750000000000000000, 0.02500000000000000139 ) ) ;
#1580 = DIRECTION ( 'NONE',  ( 0.0000000000000000000, -1.000000000000000000, 0.0000000000000000000 ) ) ;
#1581 = FACE_OUTER_BOUND ( 'NONE', #9604, .T. ) ;
#1582 = LINE ( 'NONE', #269, #1287 ) ;
#1583 = DIRECTION ( 'NONE',  ( -1.000000000000000000, 0.0000000000000000000, 0.0000000000000000000 ) ) ;
#1584 = DIRECTION ( 'NONE',  ( 0.0000000000000000000, 0.0000000000000000000, -1.000000000000000000 ) ) ;
#1585 = DIRECTION ( 'NONE',  ( 0.0000000000000000000, -1.000000000000000000, 0.0000000000000000000 ) ) ;
#1586 = COLOUR_RGB ( '',1.000000000000000000, 1.000000000000000000, 1.000000000000000000 ) ;
#1587 = ADVANCED_FACE ( 'NONE', ( #2601 ), #1780, .T. ) ;
#1588 = CARTESIAN_POINT ( 'NONE',  ( 10.37500000000000178, 2.000000000000000000, -1.425000000000000044 ) ) ;
#1589 = ORIENTED_EDGE ( 'NONE', *, *, #8158, .F. ) ;
#1590 = LINE ( 'NONE', #7213, #2131 ) ;
#1591 = EDGE_CURVE ( 'NONE', #9976, #9798, #930, .T. ) ;
#1592 = CARTESIAN_POINT ( 'NONE',  ( 6.974999999999999645, 1.850000000000000089, -1.025000000000000133 ) ) ;
#1593 = CARTESIAN_POINT ( 'NONE',  ( 5.525000000000000355, 1.000000000000000000, 0.0000000000000000000 ) ) ;
#1594 = ORIENTED_EDGE ( 'NONE', *, *, #1679, .F. ) ;
#1595 = EDGE_CURVE ( 'NONE', #11254, #8113, #7208, .T. ) ;
#1596 = CARTESIAN_POINT ( 'NONE',  ( 1.775000000000000133, 1.649999999999999911, 2.024999999999999911 ) ) ;
#1597 = DIRECTION ( 'NONE',  ( 0.0000000000000000000, -1.000000000000000000, 0.0000000000000000000 ) ) ;
#1598 = LINE ( 'NONE', #3873, #4251 ) ;
#1599 = CARTESIAN_POINT ( 'NONE',  ( -0.5150000000000000133, 1.000000000000000000, -1.474999999999999867 ) ) ;
#1600 = LINE ( 'NONE', #4615, #1157 ) ;
#1601 = DIRECTION ( 'NONE',  ( -1.000000000000000000, 0.0000000000000000000, 0.0000000000000000000 ) ) ;
#1602 = CARTESIAN_POINT ( 'NONE',  ( 3.225000000000000089, 0.0000000000000000000, -1.525000000000000133 ) ) ;
#1603 = ORIENTED_EDGE ( 'NONE', *, *, #8792, .T. ) ;
#1604 = FACE_OUTER_BOUND ( 'NONE', #10915, .T. ) ;
#1605 = DIRECTION ( 'NONE',  ( 0.0000000000000000000, 0.0000000000000000000, -1.000000000000000000 ) ) ;
#1606 = VERTEX_POINT ( 'NONE', #9917 ) ;
#1607 = PRESENTATION_LAYER_ASSIGNMENT (  '', '', ( #6005 ) ) ;
#1608 = LINE ( 'NONE', #10390, #6349 ) ;
#1609 = UNCERTAINTY_MEASURE_WITH_UNIT (LENGTH_MEASURE( 1.000000000000000082E-05 ), #10850, 'distance_accuracy_value', 'NONE');
#1610 = VECTOR ( 'NONE', #5331, 1000.000000000000000 ) ;
#1611 = LINE ( 'NONE', #8371, #11270 ) ;
#1612 = SURFACE_SIDE_STYLE ('',( #2506 ) ) ;
#1613 = ORIENTED_EDGE ( 'NONE', *, *, #8208, .T. ) ;
#1614 = LINE ( 'NONE', #2776, #5929 ) ;
#1615 = CARTESIAN_POINT ( 'NONE',  ( 9.775000000000002132, 4.240000000000000213, -0.07499999999999998335 ) ) ;
#1616 = ORIENTED_EDGE ( 'NONE', *, *, #4520, .T. ) ;
#1617 = DIRECTION ( 'NONE',  ( 0.0000000000000000000, -1.000000000000000000, -4.336808689942024836E-15 ) ) ;
#1618 = FACE_OUTER_BOUND ( 'NONE', #3352, .T. ) ;
#1619 = FACE_OUTER_BOUND ( 'NONE', #3102, .T. ) ;
#1620 = AXIS2_PLACEMENT_3D ( 'NONE', #11564, #10751, #6175 ) ;
#1621 = CARTESIAN_POINT ( 'NONE',  ( 1.975000000000000089, 0.0000000000000000000, 0.0000000000000000000 ) ) ;
#1622 = DIRECTION ( 'NONE',  ( 0.0000000000000000000, 1.000000000000000000, 0.0000000000000000000 ) ) ;
#1623 = ORIENTED_EDGE ( 'NONE', *, *, #1467, .F. ) ;
#1624 = LINE ( 'NONE', #6233, #3017 ) ;
#1625 = PLANE ( 'NONE',  #9874 ) ;
#1626 = VERTEX_POINT ( 'NONE', #1036 ) ;
#1627 = EDGE_CURVE ( 'NONE', #2869, #877, #58, .T. ) ;
#1628 = CARTESIAN_POINT ( 'NONE',  ( 1.774999999999999911, 0.05000000000000002359, -1.524999999999999689 ) ) ;
#1629 = DIRECTION ( 'NONE',  ( -0.0000000000000000000, 0.7468134723257140450, 0.6650335612228979176 ) ) ;
#1630 = EDGE_CURVE ( 'NONE', #7837, #9436, #917, .T. ) ;
#1631 = FILL_AREA_STYLE ('',( #732 ) ) ;
#1632 = ORIENTED_EDGE ( 'NONE', *, *, #6757, .T. ) ;
#1633 = VECTOR ( 'NONE', #446, 1000.000000000000000 ) ;
#1634 = APPLICATION_CONTEXT ( 'automotive_design' ) ;
#1635 = VECTOR ( 'NONE', #2339, 1000.000000000000000 ) ;
#1636 = ORIENTED_EDGE ( 'NONE', *, *, #5176, .F. ) ;
#1637 = CARTESIAN_POINT ( 'NONE',  ( 9.775000000000002132, 8.673617379884035472E-15, -0.2250000000000008105 ) ) ;
#1638 = VERTEX_POINT ( 'NONE', #8024 ) ;
#1639 = ADVANCED_FACE ( 'NONE', ( #6213 ), #4472, .F. ) ;
#1640 = ORIENTED_EDGE ( 'NONE', *, *, #11383, .F. ) ;
#1641 = CARTESIAN_POINT ( 'NONE',  ( 5.735000000000000320, 1.000000000000000000, -1.025000000000000133 ) ) ;
#1642 = CARTESIAN_POINT ( 'NONE',  ( 4.474999999999999645, 1.850000000000000089, 0.0000000000000000000 ) ) ;
#1643 = LINE ( 'NONE', #11286, #9498 ) ;
#1644 = LINE ( 'NONE', #6882, #2479 ) ;
#1645 = EDGE_CURVE ( 'NONE', #2516, #2951, #1309, .T. ) ;
#1646 = LINE ( 'NONE', #2249, #1203 ) ;
#1647 = DIRECTION ( 'NONE',  ( 0.0000000000000000000, 0.0000000000000000000, 1.000000000000000000 ) ) ;
#1648 = ORIENTED_EDGE ( 'NONE', *, *, #5374, .T. ) ;
#1649 = AXIS2_PLACEMENT_3D ( 'NONE', #1568, #8619, #7809 ) ;
#1650 = ORIENTED_EDGE ( 'NONE', *, *, #6143, .T. ) ;
#1651 = CARTESIAN_POINT ( 'NONE',  ( 9.775000000000002132, 4.249999999999998224, -2.075000000000001510 ) ) ;
#1652 = PLANE ( 'NONE',  #7926 ) ;
#1653 = FILL_AREA_STYLE ('',( #5400 ) ) ;
#1654 = LINE ( 'NONE', #7763, #5830 ) ;
#1655 = VECTOR ( 'NONE', #6452, 1000.000000000000000 ) ;
#1656 = CARTESIAN_POINT ( 'NONE',  ( 3.225000000000000089, 0.0000000000000000000, 2.024999999999999911 ) ) ;
#1657 = LINE ( 'NONE', #5394, #3746 ) ;
#1658 = ORIENTED_EDGE ( 'NONE', *, *, #9233, .T. ) ;
#1659 = EDGE_CURVE ( 'NONE', #9758, #7339, #8907, .T. ) ;
#1660 = DIRECTION ( 'NONE',  ( 0.0000000000000000000, 0.0000000000000000000, 1.000000000000000000 ) ) ;
#1661 = CARTESIAN_POINT ( 'NONE',  ( 0.5249999999999999112, -0.6500000000000000222, -1.775000000000000133 ) ) ;
#1662 = CARTESIAN_POINT ( 'NONE',  ( 5.525000000000000355, 1.350000000000000089, 1.525000000000000133 ) ) ;
#1663 = ORIENTED_EDGE ( 'NONE', *, *, #3838, .F. ) ;
#1664 = VECTOR ( 'NONE', #11266, 1000.000000000000000 ) ;
#1665 = VECTOR ( 'NONE', #11032, 1000.000000000000000 ) ;
#1666 = DIRECTION ( 'NONE',  ( 0.0000000000000000000, 0.0000000000000000000, -1.000000000000000000 ) ) ;
#1667 = VECTOR ( 'NONE', #10416, 1000.000000000000000 ) ;
#1668 = ORIENTED_EDGE ( 'NONE', *, *, #9362, .F. ) ;
#1669 = ORIENTED_EDGE ( 'NONE', *, *, #7365, .T. ) ;
#1670 = DIRECTION ( 'NONE',  ( 0.0000000000000000000, 0.6650335612228979176, -0.7468134723257140450 ) ) ;
#1671 = AXIS2_PLACEMENT_3D ( 'NONE', #10642, #5260, #6079 ) ;
#1672 = ORIENTED_EDGE ( 'NONE', *, *, #2834, .T. ) ;
#1673 = EDGE_LOOP ( 'NONE', ( #3458, #6545, #9236, #10387 ) ) ;
#1674 = AXIS2_PLACEMENT_3D ( 'NONE', #11078, #2971, #5598 ) ;
#1675 = ORIENTED_EDGE ( 'NONE', *, *, #2522, .F. ) ;
#1676 = ORIENTED_EDGE ( 'NONE', *, *, #7099, .F. ) ;
#1677 = LINE ( 'NONE', #8131, #119 ) ;
#1678 = CARTESIAN_POINT ( 'NONE',  ( 1.975000000000000089, 1.000000000000000000, 1.525000000000000133 ) ) ;
#1679 = EDGE_CURVE ( 'NONE', #4409, #589, #10862, .T. ) ;
#1680 = VECTOR ( 'NONE', #10379, 1000.000000000000000 ) ;
#1681 = FILL_AREA_STYLE_COLOUR ( '', #1061 ) ;
#1682 = CARTESIAN_POINT ( 'NONE',  ( 8.024999999999998579, -0.6500000000000000222, -1.775000000000000133 ) ) ;
#1683 = EDGE_CURVE ( 'NONE', #1111, #11500, #9606, .T. ) ;
#1684 = DIRECTION ( 'NONE',  ( 0.0000000000000000000, 1.000000000000000000, 0.0000000000000000000 ) ) ;
#1685 = ORIENTED_EDGE ( 'NONE', *, *, #6574, .F. ) ;
#1686 = ORIENTED_EDGE ( 'NONE', *, *, #11311, .F. ) ;
#1687 = CARTESIAN_POINT ( 'NONE',  ( 9.525000000000002132, 4.240000000000000213, -1.925000000000000933 ) ) ;
#1688 = ORIENTED_EDGE ( 'NONE', *, *, #11412, .F. ) ;
#1689 = ORIENTED_EDGE ( 'NONE', *, *, #10966, .T. ) ;
#1690 = EDGE_LOOP ( 'NONE', ( #262, #4899, #4353, #3489 ) ) ;
#1691 = FACE_OUTER_BOUND ( 'NONE', #7797, .T. ) ;
#1692 = STYLED_ITEM ( 'NONE', ( #6688 ), #10948 ) ;
#1693 = FACE_OUTER_BOUND ( 'NONE', #2949, .T. ) ;
#1694 = ORIENTED_EDGE ( 'NONE', *, *, #11312, .F. ) ;
#1695 = DIRECTION ( 'NONE',  ( -0.0000000000000000000, 2.997602166487923448E-15, -1.000000000000000000 ) ) ;
#1696 = CARTESIAN_POINT ( 'NONE',  ( 9.775000000000002132, 2.250000000000000000, -2.024999999999999911 ) ) ;
#1697 = AXIS2_PLACEMENT_3D ( 'NONE', #10223, #4120, #4842 ) ;
#1698 = CARTESIAN_POINT ( 'NONE',  ( 4.264999999999999680, 1.850000000000000089, -2.024999999999999911 ) ) ;
#1699 = CARTESIAN_POINT ( 'NONE',  ( 0.7249999999999998668, -0.6500000000000000222, -2.075000000000000178 ) ) ;
#1700 = ORIENTED_EDGE ( 'NONE', *, *, #1373, .F. ) ;
#1701 = ORIENTED_EDGE ( 'NONE', *, *, #4752, .F. ) ;
#1702 = ORIENTED_EDGE ( 'NONE', *, *, #1497, .T. ) ;
#1703 = ADVANCED_FACE ( 'NONE', ( #10735 ), #2973, .F. ) ;
#1704 = ORIENTED_EDGE ( 'NONE', *, *, #2302, .F. ) ;
#1705 = VECTOR ( 'NONE', #5775, 1000.000000000000000 ) ;
#1706 = SURFACE_STYLE_FILL_AREA ( #10058 ) ;
#1707 = EDGE_CURVE ( 'NONE', #3643, #10500, #1888, .T. ) ;
#1708 = DIRECTION ( 'NONE',  ( -1.000000000000000000, 0.0000000000000000000, 0.0000000000000000000 ) ) ;
#1709 = VERTEX_POINT ( 'NONE', #502 ) ;
#1710 = DIRECTION ( 'NONE',  ( 0.0000000000000000000, 0.0000000000000000000, 1.000000000000000000 ) ) ;
#1711 = VERTEX_POINT ( 'NONE', #3097 ) ;
#1712 = ADVANCED_FACE ( 'NONE', ( #2997, #4126 ), #3135, .F. ) ;
#1713 = ORIENTED_EDGE ( 'NONE', *, *, #8795, .T. ) ;
#1714 = CARTESIAN_POINT ( 'NONE',  ( -0.7349999999999999867, 1.850000000000000089, -2.024999999999999911 ) ) ;
#1715 = LINE ( 'NONE', #5951, #4634 ) ;
#1716 = LINE ( 'NONE', #4229, #7700 ) ;
#1717 = EDGE_CURVE ( 'NONE', #5547, #10853, #6632, .T. ) ;
#1718 = DIRECTION ( 'NONE',  ( 1.000000000000000000, 0.0000000000000000000, 0.0000000000000000000 ) ) ;
#1719 = EDGE_CURVE ( 'NONE', #11196, #303, #4264, .T. ) ;
#1720 = VERTEX_POINT ( 'NONE', #5780 ) ;
#1721 = DIRECTION ( 'NONE',  ( 0.0000000000000000000, 1.000000000000000000, 0.0000000000000000000 ) ) ;
#1722 = ORIENTED_EDGE ( 'NONE', *, *, #11118, .T. ) ;
#1723 = CARTESIAN_POINT ( 'NONE',  ( 5.825000000000000178, 1.649999999999999911, -1.474999999999999867 ) ) ;
#1724 = EDGE_LOOP ( 'NONE', ( #5983, #10573, #10793, #2852 ) ) ;
#1725 = VECTOR ( 'NONE', #8952, 1000.000000000000000 ) ;
#1726 = LINE ( 'NONE', #5451, #595 ) ;
#1727 = LINE ( 'NONE', #2438, #10401 ) ;
#1728 =( NAMED_UNIT ( * ) PLANE_ANGLE_UNIT ( ) SI_UNIT ( $, .RADIAN. ) );
#1729 = ORIENTED_EDGE ( 'NONE', *, *, #1630, .T. ) ;
#1730 = DIRECTION ( 'NONE',  ( 0.0000000000000000000, 0.0000000000000000000, -1.000000000000000000 ) ) ;
#1731 = DIRECTION ( 'NONE',  ( 0.0000000000000000000, -1.000000000000000000, 0.0000000000000000000 ) ) ;
#1732 = ORIENTED_EDGE ( 'NONE', *, *, #3440, .T. ) ;
#1733 = CARTESIAN_POINT ( 'NONE',  ( 1.765000000000000124, 1.000000000000000000, -2.024999999999999911 ) ) ;
#1734 = EDGE_CURVE ( 'NONE', #4203, #7397, #50, .T. ) ;
#1735 = VECTOR ( 'NONE', #10682, 1000.000000000000000 ) ;
#1736 = DIRECTION ( 'NONE',  ( 0.0000000000000000000, 1.000000000000000000, -3.295974604355814534E-17 ) ) ;
#1737 = LINE ( 'NONE', #4399, #2576 ) ;
#1738 = CARTESIAN_POINT ( 'NONE',  ( 0.7349999999999999867, 1.000000000000000000, -1.025000000000000133 ) ) ;
#1739 = DIRECTION ( 'NONE',  ( -1.000000000000000000, 0.0000000000000000000, 0.0000000000000000000 ) ) ;
#1740 = PLANE ( 'NONE',  #870 ) ;
#1741 = ORIENTED_EDGE ( 'NONE', *, *, #1354, .T. ) ;
#1742 = VECTOR ( 'NONE', #10803, 1000.000000000000000 ) ;
#1743 = DIRECTION ( 'NONE',  ( 1.000000000000000000, 0.0000000000000000000, 0.0000000000000000000 ) ) ;
#1744 = VERTEX_POINT ( 'NONE', #8494 ) ;
#1745 = DIRECTION ( 'NONE',  ( 0.0000000000000000000, 0.0000000000000000000, -1.000000000000000000 ) ) ;
#1746 = FACE_BOUND ( 'NONE', #10076, .T. ) ;
#1747 = DIRECTION ( 'NONE',  ( -1.000000000000000000, 0.0000000000000000000, 0.0000000000000000000 ) ) ;
#1748 = VECTOR ( 'NONE', #8787, 1000.000000000000000 ) ;
#1749 = EDGE_CURVE ( 'NONE', #10321, #8675, #8171, .T. ) ;
#1750 = DIRECTION ( 'NONE',  ( -1.000000000000000000, 0.0000000000000000000, 0.0000000000000000000 ) ) ;
#1751 = EDGE_CURVE ( 'NONE', #1371, #4607, #10579, .T. ) ;
#1752 = ORIENTED_EDGE ( 'NONE', *, *, #4551, .T. ) ;
#1753 = LINE ( 'NONE', #5658, #4407 ) ;
#1754 = ORIENTED_EDGE ( 'NONE', *, *, #6065, .F. ) ;
#1755 = CARTESIAN_POINT ( 'NONE',  ( 10.37500000000000178, 1.000000000000000000, -2.024999999999999911 ) ) ;
#1756 = CARTESIAN_POINT ( 'NONE',  ( 3.024999999999999911, 1.649999999999999911, -1.025000000000000133 ) ) ;
#1757 = FILL_AREA_STYLE ('',( #2420 ) ) ;
#1758 = CARTESIAN_POINT ( 'NONE',  ( 0.5250000000000000222, 1.649999999999999911, -1.698606797699999893 ) ) ;
#1759 = VECTOR ( 'NONE', #4914, 1000.000000000000000 ) ;
#1760 = LINE ( 'NONE', #11498, #10150 ) ;
#1761 = AXIS2_PLACEMENT_3D ( 'NONE', #8652, #9516, #4135 ) ;
#1762 = ORIENTED_EDGE ( 'NONE', *, *, #2264, .T. ) ;
#1763 = LINE ( 'NONE', #10234, #3853 ) ;
#1764 = VERTEX_POINT ( 'NONE', #6763 ) ;
#1765 =( NAMED_UNIT ( * ) SI_UNIT ( $, .STERADIAN. ) SOLID_ANGLE_UNIT ( ) );
#1766 = DIRECTION ( 'NONE',  ( 0.0000000000000000000, -1.000000000000000000, 0.0000000000000000000 ) ) ;
#1767 = LINE ( 'NONE', #11073, #3705 ) ;
#1768 = LINE ( 'NONE', #8554, #3858 ) ;
#1769 = DIRECTION ( 'NONE',  ( 0.0000000000000000000, -1.000000000000000000, 0.0000000000000000000 ) ) ;
#1770 = EDGE_CURVE ( 'NONE', #4981, #5455, #6494, .T. ) ;
#1771 = CARTESIAN_POINT ( 'NONE',  ( 5.424999999999999822, 1.649999999999999911, -1.698606797699999893 ) ) ;
#1772 = ORIENTED_EDGE ( 'NONE', *, *, #412, .F. ) ;
#1773 = LINE ( 'NONE', #8191, #6366 ) ;
#1774 = ORIENTED_EDGE ( 'NONE', *, *, #2898, .F. ) ;
#1775 = CARTESIAN_POINT ( 'NONE',  ( 2.500000000000000000, 1.000000000000000000, -1.474999999999999867 ) ) ;
#1776 = ADVANCED_FACE ( 'NONE', ( #8037 ), #3051, .T. ) ;
#1777 = CARTESIAN_POINT ( 'NONE',  ( 8.225000000000003197, 0.0000000000000000000, 0.0000000000000000000 ) ) ;
#1778 = LINE ( 'NONE', #1056, #9771 ) ;
#1779 = FACE_OUTER_BOUND ( 'NONE', #9918, .T. ) ;
#1780 = PLANE ( 'NONE',  #10048 ) ;
#1781 = PLANE ( 'NONE',  #637 ) ;
#1782 = ORIENTED_EDGE ( 'NONE', *, *, #5892, .T. ) ;
#1783 = EDGE_CURVE ( 'NONE', #1236, #8973, #2021, .T. ) ;
#1784 = EDGE_CURVE ( 'NONE', #6384, #2217, #3850, .T. ) ;
#1785 = ORIENTED_EDGE ( 'NONE', *, *, #8263, .F. ) ;
#1786 = DIRECTION ( 'NONE',  ( 0.0000000000000000000, 1.000000000000000000, 0.0000000000000000000 ) ) ;
#1787 = EDGE_CURVE ( 'NONE', #4409, #10937, #3292, .T. ) ;
#1788 = CARTESIAN_POINT ( 'NONE',  ( -0.5250000000000000222, 0.0000000000000000000, -2.024999999999999911 ) ) ;
#1789 = LINE ( 'NONE', #8662, #3875 ) ;
#1790 = VECTOR ( 'NONE', #8584, 1000.000000000000114 ) ;
#1791 = ORIENTED_EDGE ( 'NONE', *, *, #2371, .T. ) ;
#1792 = PLANE ( 'NONE',  #1069 ) ;
#1793 = PLANE ( 'NONE',  #4957 ) ;
#1794 = ORIENTED_EDGE ( 'NONE', *, *, #9308, .T. ) ;
#1795 = DIRECTION ( 'NONE',  ( 0.0000000000000000000, 1.000000000000000000, 0.0000000000000000000 ) ) ;
#1796 = DIRECTION ( 'NONE',  ( 0.0000000000000000000, 0.0000000000000000000, -1.000000000000000000 ) ) ;
#1797 = ORIENTED_EDGE ( 'NONE', *, *, #4054, .T. ) ;
#1798 = EDGE_CURVE ( 'NONE', #313, #7455, #5236, .T. ) ;
#1799 =( NAMED_UNIT ( * ) PLANE_ANGLE_UNIT ( ) SI_UNIT ( $, .RADIAN. ) );
#1800 = VERTEX_POINT ( 'NONE', #7687 ) ;
#1801 = VECTOR ( 'NONE', #959, 1000.000000000000000 ) ;
#1802 = CARTESIAN_POINT ( 'NONE',  ( 4.474999999999999645, 1.850000000000000089, 2.024999999999999911 ) ) ;
#1803 = DIRECTION ( 'NONE',  ( 0.0000000000000000000, 3.252606517456512119E-15, -1.000000000000000000 ) ) ;
#1804 = ORIENTED_EDGE ( 'NONE', *, *, #412, .T. ) ;
#1805 = DIRECTION ( 'NONE',  ( 0.0000000000000000000, 0.0000000000000000000, 1.000000000000000000 ) ) ;
#1806 = CARTESIAN_POINT ( 'NONE',  ( 9.775000000000002132, 4.250000000000000000, -0.07499999999999998335 ) ) ;
#1807 = ORIENTED_EDGE ( 'NONE', *, *, #11065, .F. ) ;
#1808 = DIRECTION ( 'NONE',  ( 1.000000000000000000, 0.0000000000000000000, 0.0000000000000000000 ) ) ;
#1809 = EDGE_LOOP ( 'NONE', ( #4044, #7838, #5794, #11522, #6089, #1668, #8905, #3767, #4151, #206, #1947, #10848, #7945, #88, #11480, #6258 ) ) ;
#1810 = ORIENTED_EDGE ( 'NONE', *, *, #608, .T. ) ;
#1811 = LINE ( 'NONE', #3941, #8676 ) ;
#1812 = VECTOR ( 'NONE', #8578, 1000.000000000000000 ) ;
#1813 = DIRECTION ( 'NONE',  ( 0.0000000000000000000, 1.000000000000000000, 0.0000000000000000000 ) ) ;
#1814 = CARTESIAN_POINT ( 'NONE',  ( 4.474999999999999645, -0.004464445899999999919, 0.003975566199999999890 ) ) ;
#1815 = EDGE_CURVE ( 'NONE', #6751, #6895, #5520, .T. ) ;
#1816 = CARTESIAN_POINT ( 'NONE',  ( 9.375000000000001776, 1.850000000000000089, -1.474999999999999867 ) ) ;
#1817 = CARTESIAN_POINT ( 'NONE',  ( 1.775000000000000133, 0.5000000000000000000, 2.024999999999999911 ) ) ;
#1818 = EDGE_CURVE ( 'NONE', #8377, #11064, #310, .T. ) ;
#1819 = ORIENTED_EDGE ( 'NONE', *, *, #5807, .T. ) ;
#1820 = ORIENTED_EDGE ( 'NONE', *, *, #8981, .F. ) ;
#1821 = CARTESIAN_POINT ( 'NONE',  ( 3.234999999999999876, 1.000000000000000000, -2.024999999999999911 ) ) ;
#1822 = ORIENTED_EDGE ( 'NONE', *, *, #11542, .T. ) ;
#1823 = ORIENTED_EDGE ( 'NONE', *, *, #2392, .T. ) ;
#1824 = ORIENTED_EDGE ( 'NONE', *, *, #2787, .T. ) ;
#1825 = LINE ( 'NONE', #555, #2932 ) ;
#1826 = DIRECTION ( 'NONE',  ( 0.0000000000000000000, 0.0000000000000000000, 1.000000000000000000 ) ) ;
#1827 =( NAMED_UNIT ( * ) PLANE_ANGLE_UNIT ( ) SI_UNIT ( $, .RADIAN. ) );
#1828 = AXIS2_PLACEMENT_3D ( 'NONE', #2226, #5823, #4616 ) ;
#1829 = VERTEX_POINT ( 'NONE', #7764 ) ;
#1830 = STYLED_ITEM ( 'NONE', ( #8864 ), #2952 ) ;
#1831 = DIRECTION ( 'NONE',  ( 0.0000000000000000000, 1.000000000000000000, 0.0000000000000000000 ) ) ;
#1832 = CARTESIAN_POINT ( 'NONE',  ( -1.250000000000000000, 0.0000000000000000000, -1.025000000000000133 ) ) ;
#1833 = ORIENTED_EDGE ( 'NONE', *, *, #11171, .F. ) ;
#1834 = ORIENTED_EDGE ( 'NONE', *, *, #5761, .T. ) ;
#1835 = ORIENTED_EDGE ( 'NONE', *, *, #4503, .F. ) ;
#1836 = DIRECTION ( 'NONE',  ( -1.000000000000000000, 0.0000000000000000000, 0.0000000000000000000 ) ) ;
#1837 = ADVANCED_FACE ( 'NONE', ( #9303, #6206, #4534, #3143 ), #5973, .F. ) ;
#1838 = LINE ( 'NONE', #4293, #4613 ) ;
#1839 = CARTESIAN_POINT ( 'NONE',  ( 0.8249999999999999556, 1.649999999999999911, -1.698606797699999893 ) ) ;
#1840 = DIRECTION ( 'NONE',  ( 0.0000000000000000000, 1.000000000000000000, 0.0000000000000000000 ) ) ;
#1841 = ORIENTED_EDGE ( 'NONE', *, *, #3315, .F. ) ;
#1842 = SURFACE_SIDE_STYLE ('',( #1993 ) ) ;
#1843 = ORIENTED_EDGE ( 'NONE', *, *, #4123, .F. ) ;
#1844 = VERTEX_POINT ( 'NONE', #6876 ) ;
#1845 = LINE ( 'NONE', #6883, #3521 ) ;
#1846 =( GEOMETRIC_REPRESENTATION_CONTEXT ( 3 ) GLOBAL_UNCERTAINTY_ASSIGNED_CONTEXT ( ( #11147 ) ) GLOBAL_UNIT_ASSIGNED_CONTEXT ( ( #1305, #2198, #6629 ) ) REPRESENTATION_CONTEXT ( 'NONE', 'WORKASPACE' ) );
#1847 = CARTESIAN_POINT ( 'NONE',  ( -2.274999999999999911, 4.240000000000000213, -1.925000000000000044 ) ) ;
#1848 = VECTOR ( 'NONE', #2650, 1000.000000000000000 ) ;
#1849 = DIRECTION ( 'NONE',  ( 0.0000000000000000000, -1.000000000000000000, 0.0000000000000000000 ) ) ;
#1850 = DIRECTION ( 'NONE',  ( 0.0000000000000000000, 0.0000000000000000000, -1.000000000000000000 ) ) ;
#1851 = CARTESIAN_POINT ( 'NONE',  ( 6.675000000000000711, 1.649999999999999911, 2.024999999999999911 ) ) ;
#1852 = PLANE ( 'NONE',  #9069 ) ;
#1853 = ORIENTED_EDGE ( 'NONE', *, *, #1787, .T. ) ;
#1854 = EDGE_CURVE ( 'NONE', #497, #7150, #7188, .T. ) ;
#1855 = ORIENTED_EDGE ( 'NONE', *, *, #1248, .F. ) ;
#1856 = VECTOR ( 'NONE', #10835, 1000.000000000000000 ) ;
#1857 = EDGE_CURVE ( 'NONE', #9173, #2930, #4788, .T. ) ;
#1858 = DIRECTION ( 'NONE',  ( 0.0000000000000000000, -1.000000000000000000, 0.0000000000000000000 ) ) ;
#1859 = DIRECTION ( 'NONE',  ( -0.0000000000000000000, 1.000000000000000000, 0.0000000000000000000 ) ) ;
#1860 = VECTOR ( 'NONE', #5431, 1000.000000000000000 ) ;
#1861 = VECTOR ( 'NONE', #3379, 1000.000000000000000 ) ;
#1862 = PLANE ( 'NONE',  #3262 ) ;
#1863 = DIRECTION ( 'NONE',  ( 1.000000000000000000, 0.0000000000000000000, 0.0000000000000000000 ) ) ;
#1864 = ORIENTED_EDGE ( 'NONE', *, *, #8071, .T. ) ;
#1865 = DIRECTION ( 'NONE',  ( -1.000000000000000000, 0.0000000000000000000, 0.0000000000000000000 ) ) ;
#1866 = ORIENTED_EDGE ( 'NONE', *, *, #6083, .F. ) ;
#1867 =( GEOMETRIC_REPRESENTATION_CONTEXT ( 3 ) GLOBAL_UNCERTAINTY_ASSIGNED_CONTEXT ( ( #1228 ) ) GLOBAL_UNIT_ASSIGNED_CONTEXT ( ( #3475, #4374, #9755 ) ) REPRESENTATION_CONTEXT ( 'NONE', 'WORKASPACE' ) );
#1868 = LINE ( 'NONE', #5232, #10256 ) ;
#1869 = EDGE_CURVE ( 'NONE', #9530, #1504, #767, .T. ) ;
#1870 = DIRECTION ( 'NONE',  ( 0.0000000000000000000, 1.000000000000000000, 0.0000000000000000000 ) ) ;
#1871 = LINE ( 'NONE', #1108, #2981 ) ;
#1872 = CARTESIAN_POINT ( 'NONE',  ( 5.735000000000000320, 1.850000000000000089, -1.025000000000000133 ) ) ;
#1873 = ORIENTED_EDGE ( 'NONE', *, *, #963, .T. ) ;
#1874 = VECTOR ( 'NONE', #1870, 1000.000000000000000 ) ;
#1875 = ORIENTED_EDGE ( 'NONE', *, *, #1073, .F. ) ;
#1876 = FILL_AREA_STYLE_COLOUR ( '', #4777 ) ;
#1877 = PLANE ( 'NONE',  #4887 ) ;
#1878 = VECTOR ( 'NONE', #7307, 1000.000000000000000 ) ;
#1879 = DIRECTION ( 'NONE',  ( 0.0000000000000000000, -0.0000000000000000000, -1.000000000000000000 ) ) ;
#1880 = AXIS2_PLACEMENT_3D ( 'NONE', #4937, #3241, #9553 ) ;
#1881 = ORIENTED_EDGE ( 'NONE', *, *, #1117, .F. ) ;
#1882 = LINE ( 'NONE', #11341, #8452 ) ;
#1883 = EDGE_CURVE ( 'NONE', #7958, #10086, #1455, .T. ) ;
#1884 = DIRECTION ( 'NONE',  ( 0.0000000000000000000, 0.0000000000000000000, 1.000000000000000000 ) ) ;
#1885 =( LENGTH_UNIT ( ) NAMED_UNIT ( * ) SI_UNIT ( .MILLI., .METRE. ) );
#1886 = ORIENTED_EDGE ( 'NONE', *, *, #10728, .T. ) ;
#1887 = VECTOR ( 'NONE', #8631, 1000.000000000000000 ) ;
#1888 = LINE ( 'NONE', #9445, #10990 ) ;
#1889 = LINE ( 'NONE', #9260, #3977 ) ;
#1890 = ADVANCED_FACE ( 'NONE', ( #2013 ), #6012, .F. ) ;
#1891 = CARTESIAN_POINT ( 'NONE',  ( 1.975000000000000089, 1.000000000000000000, 0.0000000000000000000 ) ) ;
#1892 = DIRECTION ( 'NONE',  ( -1.000000000000000000, 0.0000000000000000000, 0.0000000000000000000 ) ) ;
#1893 = PLANE ( 'NONE',  #11252 ) ;
#1894 = ORIENTED_EDGE ( 'NONE', *, *, #4685, .F. ) ;
#1895 = VECTOR ( 'NONE', #2996, 1000.000000000000000 ) ;
#1896 = EDGE_LOOP ( 'NONE', ( #8635, #6198, #1239, #6990 ) ) ;
#1897 = AXIS2_PLACEMENT_3D ( 'NONE', #3923, #1217, #8299 ) ;
#1898 = UNCERTAINTY_MEASURE_WITH_UNIT (LENGTH_MEASURE( 1.000000000000000082E-05 ), #9157, 'distance_accuracy_value', 'NONE');
#1899 = EDGE_CURVE ( 'NONE', #2119, #11053, #10137, .T. ) ;
#1900 = EDGE_CURVE ( 'NONE', #741, #7680, #9869, .T. ) ;
#1901 = FACE_OUTER_BOUND ( 'NONE', #7287, .T. ) ;
#1902 = LINE ( 'NONE', #6197, #8324 ) ;
#1903 = CARTESIAN_POINT ( 'NONE',  ( -0.7349999999999999867, 0.0000000000000000000, -1.474999999999999867 ) ) ;
#1904 = VERTEX_POINT ( 'NONE', #2345 ) ;
#1905 = DIRECTION ( 'NONE',  ( -1.000000000000000000, 0.0000000000000000000, 0.0000000000000000000 ) ) ;
#1906 = VERTEX_POINT ( 'NONE', #2740 ) ;
#1907 = ADVANCED_FACE ( 'NONE', ( #181 ), #7334, .T. ) ;
#1908 = VECTOR ( 'NONE', #1198, 1000.000000000000000 ) ;
#1909 = AXIS2_PLACEMENT_3D ( 'NONE', #9506, #3237, #9469 ) ;
#1910 = PLANE ( 'NONE',  #11440 ) ;
#1911 = ORIENTED_EDGE ( 'NONE', *, *, #9320, .F. ) ;
#1912 = ORIENTED_EDGE ( 'NONE', *, *, #9518, .T. ) ;
#1913 = CARTESIAN_POINT ( 'NONE',  ( 1.250000000000000000, 0.0000000000000000000, -1.025000000000000133 ) ) ;
#1914 = DIRECTION ( 'NONE',  ( -1.000000000000000000, 0.0000000000000000000, -0.0000000000000000000 ) ) ;
#1915 = EDGE_CURVE ( 'NONE', #9023, #1829, #2991, .T. ) ;
#1916 =( NAMED_UNIT ( * ) SI_UNIT ( $, .STERADIAN. ) SOLID_ANGLE_UNIT ( ) );
#1917 = PRESENTATION_STYLE_ASSIGNMENT (( #7648 ) ) ;
#1918 = LINE ( 'NONE', #9986, #11162 ) ;
#1919 = CARTESIAN_POINT ( 'NONE',  ( 8.235000000000002984, 1.000000000000000000, -1.025000000000000133 ) ) ;
#1920 = ORIENTED_EDGE ( 'NONE', *, *, #7524, .F. ) ;
#1921 = ORIENTED_EDGE ( 'NONE', *, *, #8642, .F. ) ;
#1922 = STYLED_ITEM ( 'NONE', ( #9919 ), #6741 ) ;
#1923 = CARTESIAN_POINT ( 'NONE',  ( 8.225000000000003197, 1.350000000000000089, 0.0000000000000000000 ) ) ;
#1924 = CARTESIAN_POINT ( 'NONE',  ( -0.5250000000000000222, 1.000000000000000000, -1.525000000000000133 ) ) ;
#1925 = SURFACE_STYLE_USAGE ( .BOTH. , #6304 ) ;
#1926 = CARTESIAN_POINT ( 'NONE',  ( -0.5250000000000000222, 1.850000000000000089, -1.698606797699999893 ) ) ;
#1927 = LINE ( 'NONE', #7867, #5980 ) ;
#1928 = LINE ( 'NONE', #11349, #7239 ) ;
#1929 = EDGE_CURVE ( 'NONE', #5618, #4036, #4119, .T. ) ;
#1930 = LINE ( 'NONE', #10813, #3333 ) ;
#1931 = ORIENTED_EDGE ( 'NONE', *, *, #2009, .T. ) ;
#1932 = EDGE_CURVE ( 'NONE', #2041, #6307, #7893, .T. ) ;
#1933 = ORIENTED_EDGE ( 'NONE', *, *, #6788, .T. ) ;
#1934 = DIRECTION ( 'NONE',  ( -0.0000000000000000000, 0.7468134723257140450, 0.6650335612228979176 ) ) ;
#1935 = ADVANCED_FACE ( 'NONE', ( #469 ), #4433, .F. ) ;
#1936 = ORIENTED_EDGE ( 'NONE', *, *, #1337, .T. ) ;
#1937 = EDGE_LOOP ( 'NONE', ( #8398, #11464, #2715, #2791, #10205, #3, #6623, #10557, #1762, #7774, #263, #10802, #8091, #2647, #1071, #11467 ) ) ;
#1938 = CARTESIAN_POINT ( 'NONE',  ( 3.225000000000000089, 1.000000000000000000, -1.525000000000000133 ) ) ;
#1939 = LINE ( 'NONE', #543, #3754 ) ;
#1940 = DIRECTION ( 'NONE',  ( -1.000000000000000000, 0.0000000000000000000, 0.0000000000000000000 ) ) ;
#1941 = ORIENTED_EDGE ( 'NONE', *, *, #4897, .T. ) ;
#1942 = ADVANCED_FACE ( 'NONE', ( #2590 ), #10717, .F. ) ;
#1943 = AXIS2_PLACEMENT_3D ( 'NONE', #7115, #7936, #7048 ) ;
#1944 = EDGE_CURVE ( 'NONE', #2869, #7264, #11553, .T. ) ;
#1945 = EDGE_LOOP ( 'NONE', ( #5737, #1251, #6433, #7077 ) ) ;
#1946 = VERTEX_POINT ( 'NONE', #11526 ) ;
#1947 = ORIENTED_EDGE ( 'NONE', *, *, #608, .F. ) ;
#1948 = ORIENTED_EDGE ( 'NONE', *, *, #10366, .T. ) ;
#1949 = LINE ( 'NONE', #9687, #2519 ) ;
#1950 = VECTOR ( 'NONE', #8217, 1000.000000000000000 ) ;
#1951 = PLANE ( 'NONE',  #9305 ) ;
#1952 = DIRECTION ( 'NONE',  ( 0.0000000000000000000, -2.997602166487923448E-15, 1.000000000000000000 ) ) ;
#1953 = PLANE ( 'NONE',  #5976 ) ;
#1954 = EDGE_LOOP ( 'NONE', ( #1752, #6333, #7193, #4191, #4636, #6149, #9534, #6326, #6996, #7130, #500, #2737, #6981, #5273, #4719, #3350 ) ) ;
#1955 = ORIENTED_EDGE ( 'NONE', *, *, #9071, .T. ) ;
#1956 = UNCERTAINTY_MEASURE_WITH_UNIT (LENGTH_MEASURE( 1.000000000000000082E-05 ), #9825, 'distance_accuracy_value', 'NONE');
#1957 = EDGE_LOOP ( 'NONE', ( #10870, #435, #7470, #885, #9380, #5620, #9688 ) ) ;
#1958 = CARTESIAN_POINT ( 'NONE',  ( 9.956138830084190872, 2.250000000000000000, 1.025000000000000133 ) ) ;
#1959 = ORIENTED_EDGE ( 'NONE', *, *, #4073, .T. ) ;
#1960 = LINE ( 'NONE', #5187, #6698 ) ;
#1961 = EDGE_CURVE ( 'NONE', #8712, #10637, #6774, .T. ) ;
#1962 = LINE ( 'NONE', #1126, #4888 ) ;
#1963 = CARTESIAN_POINT ( 'NONE',  ( 5.825000000000000178, 1.649999999999999911, -1.698606797699999893 ) ) ;
#1964 = ADVANCED_FACE ( 'NONE', ( #8306 ), #8829, .T. ) ;
#1965 = EDGE_CURVE ( 'NONE', #9065, #11602, #9166, .T. ) ;
#1966 = ORIENTED_EDGE ( 'NONE', *, *, #7886, .T. ) ;
#1967 = DIRECTION ( 'NONE',  ( 0.0000000000000000000, 1.000000000000000000, 0.0000000000000000000 ) ) ;
#1968 = ORIENTED_EDGE ( 'NONE', *, *, #10921, .F. ) ;
#1969 = ORIENTED_EDGE ( 'NONE', *, *, #3360, .F. ) ;
#1970 = ORIENTED_EDGE ( 'NONE', *, *, #2642, .T. ) ;
#1971 = EDGE_LOOP ( 'NONE', ( #11316, #9776, #365, #1535 ) ) ;
#1972 = DIRECTION ( 'NONE',  ( -1.000000000000000000, 0.0000000000000000000, 0.0000000000000000000 ) ) ;
#1973 = PRESENTATION_STYLE_ASSIGNMENT (( #2761 ) ) ;
#1974 = FACE_OUTER_BOUND ( 'NONE', #8863, .T. ) ;
#1975 = AXIS2_PLACEMENT_3D ( 'NONE', #9090, #6911, #2116 ) ;
#1976 = ORIENTED_EDGE ( 'NONE', *, *, #4418, .F. ) ;
#1977 = EDGE_LOOP ( 'NONE', ( #5346, #6394, #866, #10363 ) ) ;
#1978 = PLANE ( 'NONE',  #782 ) ;
#1979 = FACE_OUTER_BOUND ( 'NONE', #8612, .T. ) ;
#1980 = VECTOR ( 'NONE', #10599, 1000.000000000000000 ) ;
#1981 = LINE ( 'NONE', #3448, #6026 ) ;
#1982 = EDGE_CURVE ( 'NONE', #4049, #8210, #2292, .T. ) ;
#1983 = DIRECTION ( 'NONE',  ( -1.000000000000000000, 0.0000000000000000000, 0.0000000000000000000 ) ) ;
#1984 = EDGE_LOOP ( 'NONE', ( #11167, #2542, #10760, #3881 ) ) ;
#1985 = DIRECTION ( 'NONE',  ( 0.0000000000000000000, 0.0000000000000000000, 1.000000000000000000 ) ) ;
#1986 = ORIENTED_EDGE ( 'NONE', *, *, #9172, .F. ) ;
#1987 =( NAMED_UNIT ( * ) PLANE_ANGLE_UNIT ( ) SI_UNIT ( $, .RADIAN. ) );
#1988 = MECHANICAL_DESIGN_GEOMETRIC_PRESENTATION_REPRESENTATION (  '', ( #9426 ), #2603 ) ;
#1989 = FILL_AREA_STYLE ('',( #1197 ) ) ;
#1990 = LINE ( 'NONE', #6280, #8418 ) ;
#1991 = DIRECTION ( 'NONE',  ( 1.000000000000000000, 0.0000000000000000000, 0.0000000000000000000 ) ) ;
#1992 = LINE ( 'NONE', #8875, #8877 ) ;
#1993 = SURFACE_STYLE_FILL_AREA ( #5314 ) ;
#1994 = EDGE_CURVE ( 'NONE', #3485, #6702, #8607, .T. ) ;
#1995 = ORIENTED_EDGE ( 'NONE', *, *, #1595, .F. ) ;
#1996 = ADVANCED_FACE ( 'NONE', ( #3560 ), #10549, .T. ) ;
#1997 = DIRECTION ( 'NONE',  ( 1.000000000000000000, 0.0000000000000000000, 0.0000000000000000000 ) ) ;
#1998 = CARTESIAN_POINT ( 'NONE',  ( 8.225000000000003197, 0.5000000000000000000, -1.525000000000000133 ) ) ;
#1999 = ORIENTED_EDGE ( 'NONE', *, *, #9505, .F. ) ;
#2000 = LINE ( 'NONE', #7135, #9154 ) ;
#2001 = CARTESIAN_POINT ( 'NONE',  ( -2.475000000000000089, 1.999999999999997780, -2.075000000000008615 ) ) ;
#2002 = DIRECTION ( 'NONE',  ( 0.0000000000000000000, 0.0000000000000000000, 1.000000000000000000 ) ) ;
#2003 = LINE ( 'NONE', #10399, #2843 ) ;
#2004 = VECTOR ( 'NONE', #5668, 1000.000000000000000 ) ;
#2005 = DIRECTION ( 'NONE',  ( -0.0000000000000000000, 0.7468134723257140450, 0.6650335612228979176 ) ) ;
#2006 = DIRECTION ( 'NONE',  ( -1.000000000000000000, 0.0000000000000000000, 0.0000000000000000000 ) ) ;
#2007 = ORIENTED_EDGE ( 'NONE', *, *, #8529, .F. ) ;
#2008 = ORIENTED_EDGE ( 'NONE', *, *, #4675, .F. ) ;
#2009 = EDGE_CURVE ( 'NONE', #10853, #6733, #10982, .T. ) ;
#2010 = LINE ( 'NONE', #4924, #10008 ) ;
#2011 = DIRECTION ( 'NONE',  ( 1.000000000000000000, 0.0000000000000000000, 0.0000000000000000000 ) ) ;
#2012 =( GEOMETRIC_REPRESENTATION_CONTEXT ( 3 ) GLOBAL_UNCERTAINTY_ASSIGNED_CONTEXT ( ( #9015 ) ) GLOBAL_UNIT_ASSIGNED_CONTEXT ( ( #4829, #9324, #3950 ) ) REPRESENTATION_CONTEXT ( 'NONE', 'WORKASPACE' ) );
#2013 = FACE_OUTER_BOUND ( 'NONE', #2514, .T. ) ;
#2014 = VECTOR ( 'NONE', #1666, 1000.000000000000000 ) ;
#2015 = ADVANCED_FACE ( 'NONE', ( #5512 ), #3416, .T. ) ;
#2016 = ORIENTED_EDGE ( 'NONE', *, *, #537, .T. ) ;
#2017 = SURFACE_STYLE_FILL_AREA ( #5549 ) ;
#2018 = ORIENTED_EDGE ( 'NONE', *, *, #5964, .F. ) ;
#2019 = ORIENTED_EDGE ( 'NONE', *, *, #6888, .T. ) ;
#2020 = DIRECTION ( 'NONE',  ( 1.000000000000000000, 0.0000000000000000000, 0.0000000000000000000 ) ) ;
#2021 = LINE ( 'NONE', #11200, #11282 ) ;
#2022 = SURFACE_STYLE_FILL_AREA ( #3891 ) ;
#2023 = CARTESIAN_POINT ( 'NONE',  ( 0.5150000000000000133, 1.000000000000000000, -2.024999999999999911 ) ) ;
#2024 = EDGE_CURVE ( 'NONE', #4930, #5996, #6620, .T. ) ;
#2025 = CARTESIAN_POINT ( 'NONE',  ( 1.975000000000000089, -0.6500000000000000222, -1.775000000000000133 ) ) ;
#2026 = CARTESIAN_POINT ( 'NONE',  ( -0.8750000000000000000, 3.750000000000000000, -2.024999999999999911 ) ) ;
#2027 = EDGE_CURVE ( 'NONE', #1316, #10614, #2844, .T. ) ;
#2028 = ORIENTED_EDGE ( 'NONE', *, *, #1171, .F. ) ;
#2029 = LINE ( 'NONE', #7202, #7203 ) ;
#2030 = DIRECTION ( 'NONE',  ( -0.0000000000000000000, 1.000000000000000000, 4.003208021484939327E-15 ) ) ;
#2031 = ORIENTED_EDGE ( 'NONE', *, *, #3370, .T. ) ;
#2032 = SURFACE_SIDE_STYLE ('',( #10412 ) ) ;
#2033 = VECTOR ( 'NONE', #492, 1000.000000000000000 ) ;
#2034 = VECTOR ( 'NONE', #8879, 1000.000000000000000 ) ;
#2035 = AXIS2_PLACEMENT_3D ( 'NONE', #8634, #4277, #11485 ) ;
#2036 = CARTESIAN_POINT ( 'NONE',  ( 4.474999999999999645, -0.6500000000000000222, -1.775000000000000133 ) ) ;
#2037 = ORIENTED_EDGE ( 'NONE', *, *, #7231, .T. ) ;
#2038 = LINE ( 'NONE', #7323, #5673 ) ;
#2039 = AXIS2_PLACEMENT_3D ( 'NONE', #9698, #10592, #11484 ) ;
#2040 = DIRECTION ( 'NONE',  ( 1.000000000000000000, 0.0000000000000000000, 0.0000000000000000000 ) ) ;
#2041 = VERTEX_POINT ( 'NONE', #9847 ) ;
#2042 = CARTESIAN_POINT ( 'NONE',  ( 1.774999999999999911, -0.6500000000000000222, -1.775000000000000133 ) ) ;
#2043 = EDGE_CURVE ( 'NONE', #2222, #5196, #6760, .T. ) ;
#2044 = CARTESIAN_POINT ( 'NONE',  ( 0.7349999999999999867, 1.850000000000000089, -2.024999999999999911 ) ) ;
#2045 = VECTOR ( 'NONE', #9571, 1000.000000000000000 ) ;
#2046 = VECTOR ( 'NONE', #9765, 1000.000000000000000 ) ;
#2047 = CARTESIAN_POINT ( 'NONE',  ( 3.225000000000000089, 0.5000000000000000000, 0.0000000000000000000 ) ) ;
#2048 = VERTEX_POINT ( 'NONE', #9915 ) ;
#2049 = ORIENTED_EDGE ( 'NONE', *, *, #3338, .T. ) ;
#2050 = ADVANCED_FACE ( 'NONE', ( #10272 ), #111, .F. ) ;
#2051 = AXIS2_PLACEMENT_3D ( 'NONE', #7495, #5753, #2184 ) ;
#2052 = VECTOR ( 'NONE', #6769, 1000.000000000000000 ) ;
#2053 = DIRECTION ( 'NONE',  ( 0.0000000000000000000, -0.6650335612228979176, -0.7468134723257140450 ) ) ;
#2054 = VECTOR ( 'NONE', #4836, 1000.000000000000000 ) ;
#2055 = ORIENTED_EDGE ( 'NONE', *, *, #7088, .T. ) ;
#2056 = VERTEX_POINT ( 'NONE', #10830 ) ;
#2057 = DIRECTION ( 'NONE',  ( -0.0000000000000000000, -0.0000000000000000000, 1.000000000000000000 ) ) ;
#2058 = EDGE_CURVE ( 'NONE', #7736, #2516, #2138, .T. ) ;
#2059 = DIRECTION ( 'NONE',  ( 0.0000000000000000000, -1.000000000000000000, 0.0000000000000000000 ) ) ;
#2060 = ORIENTED_EDGE ( 'NONE', *, *, #7558, .T. ) ;
#2061 = LINE ( 'NONE', #587, #11455 ) ;
#2062 = LINE ( 'NONE', #7719, #669 ) ;
#2063 = PRESENTATION_STYLE_ASSIGNMENT (( #240 ) ) ;
#2064 = ORIENTED_EDGE ( 'NONE', *, *, #4435, .T. ) ;
#2065 = DIRECTION ( 'NONE',  ( 1.000000000000000000, 0.0000000000000000000, -0.0000000000000000000 ) ) ;
#2066 = ADVANCED_FACE ( 'NONE', ( #3545 ), #9095, .T. ) ;
#2067 = VERTEX_POINT ( 'NONE', #3725 ) ;
#2068 = CARTESIAN_POINT ( 'NONE',  ( 6.775000000000000355, -0.004464445899999999919, 0.003975566199999999890 ) ) ;
#2069 = CARTESIAN_POINT ( 'NONE',  ( 1.975000000000000089, 0.3500000000000000333, -2.024999999999999911 ) ) ;
#2070 = EDGE_CURVE ( 'NONE', #2747, #6659, #1600, .T. ) ;
#2071 = ORIENTED_EDGE ( 'NONE', *, *, #2866, .F. ) ;
#2072 = CARTESIAN_POINT ( 'NONE',  ( 4.575000000000000178, 1.649999999999999911, 2.024999999999999911 ) ) ;
#2073 = EDGE_CURVE ( 'NONE', #3890, #6097, #6194, .T. ) ;
#2074 = ORIENTED_EDGE ( 'NONE', *, *, #5268, .T. ) ;
#2075 = CARTESIAN_POINT ( 'NONE',  ( 3.225000000000000089, 0.3500000000000000333, -2.024999999999999911 ) ) ;
#2076 = VECTOR ( 'NONE', #460, 1000.000000000000000 ) ;
#2077 = CARTESIAN_POINT ( 'NONE',  ( 9.775000000000002132, 2.250000000000000000, -2.024999999999999911 ) ) ;
#2078 = DIRECTION ( 'NONE',  ( 0.0000000000000000000, 1.000000000000000000, 0.0000000000000000000 ) ) ;
#2079 = EDGE_LOOP ( 'NONE', ( #8834, #856, #487, #1213 ) ) ;
#2080 = ORIENTED_EDGE ( 'NONE', *, *, #4822, .T. ) ;
#2081 = ORIENTED_EDGE ( 'NONE', *, *, #3130, .F. ) ;
#2082 = ORIENTED_EDGE ( 'NONE', *, *, #10200, .F. ) ;
#2083 = DIRECTION ( 'NONE',  ( 0.0000000000000000000, -0.0000000000000000000, 1.000000000000000000 ) ) ;
#2084 = VERTEX_POINT ( 'NONE', #9060 ) ;
#2085 = LINE ( 'NONE', #11251, #3782 ) ;
#2086 = VECTOR ( 'NONE', #1721, 1000.000000000000000 ) ;
#2087 = EDGE_CURVE ( 'NONE', #4216, #11500, #8162, .T. ) ;
#2088 = VERTEX_POINT ( 'NONE', #8213 ) ;
#2089 = VERTEX_POINT ( 'NONE', #2788 ) ;
#2090 = ORIENTED_EDGE ( 'NONE', *, *, #10276, .T. ) ;
#2091 = ORIENTED_EDGE ( 'NONE', *, *, #277, .T. ) ;
#2092 = ORIENTED_EDGE ( 'NONE', *, *, #9796, .T. ) ;
#2093 = VECTOR ( 'NONE', #8458, 1000.000000000000000 ) ;
#2094 = CARTESIAN_POINT ( 'NONE',  ( -2.500000000000000000, 4.250000000000000000, -0.07499999999999998335 ) ) ;
#2095 = PLANE ( 'NONE',  #5783 ) ;
#2096 = ORIENTED_EDGE ( 'NONE', *, *, #929, .F. ) ;
#2097 = EDGE_LOOP ( 'NONE', ( #2699, #10358, #3036, #5009, #5207, #3787, #1194, #1864 ) ) ;
#2098 = EDGE_LOOP ( 'NONE', ( #7411, #3741, #5174, #8553 ) ) ;
#2099 = EDGE_CURVE ( 'NONE', #3068, #9393, #5915, .T. ) ;
#2100 = ADVANCED_FACE ( 'NONE', ( #7316 ), #2857, .T. ) ;
#2101 = EDGE_CURVE ( 'NONE', #3510, #10278, #6343, .T. ) ;
#2102 = FILL_AREA_STYLE_COLOUR ( '', #316 ) ;
#2103 = VECTOR ( 'NONE', #4996, 1000.000000000000000 ) ;
#2104 = DIRECTION ( 'NONE',  ( -0.0000000000000000000, 1.000000000000000000, 0.0000000000000000000 ) ) ;
#2105 = PLANE ( 'NONE',  #7034 ) ;
#2106 = ORIENTED_EDGE ( 'NONE', *, *, #9190, .F. ) ;
#2107 =( NAMED_UNIT ( * ) SI_UNIT ( $, .STERADIAN. ) SOLID_ANGLE_UNIT ( ) );
#2108 = DIRECTION ( 'NONE',  ( -0.0000000000000000000, -1.339206523454102177E-15, -1.000000000000000000 ) ) ;
#2109 = EDGE_LOOP ( 'NONE', ( #4679, #10947, #4046, #7585 ) ) ;
#2110 = VECTOR ( 'NONE', #3691, 1000.000000000000114 ) ;
#2111 = MECHANICAL_DESIGN_GEOMETRIC_PRESENTATION_REPRESENTATION (  '', ( #11515 ), #1083 ) ;
#2112 = LINE ( 'NONE', #4932, #5352 ) ;
#2113 = AXIS2_PLACEMENT_3D ( 'NONE', #7508, #3118, #8384 ) ;
#2114 = VECTOR ( 'NONE', #7271, 1000.000000000000000 ) ;
#2115 = DIRECTION ( 'NONE',  ( 0.0000000000000000000, 0.0000000000000000000, 1.000000000000000000 ) ) ;
#2116 = DIRECTION ( 'NONE',  ( 0.0000000000000000000, 0.3162277660168379412, -0.9486832980505138790 ) ) ;
#2117 = ORIENTED_EDGE ( 'NONE', *, *, #7315, .T. ) ;
#2118 = ADVANCED_FACE ( 'NONE', ( #3132 ), #8057, .F. ) ;
#2119 = VERTEX_POINT ( 'NONE', #9994 ) ;
#2120 = DIRECTION ( 'NONE',  ( 0.0000000000000000000, 0.0000000000000000000, 1.000000000000000000 ) ) ;
#2121 = EDGE_CURVE ( 'NONE', #3780, #10925, #4929, .T. ) ;
#2122 = PLANE ( 'NONE',  #2113 ) ;
#2123 = CARTESIAN_POINT ( 'NONE',  ( -0.8750000000000000000, 1.949999999999999956, 2.024999999999999911 ) ) ;
#2124 = VECTOR ( 'NONE', #5671, 1000.000000000000000 ) ;
#2125 = VECTOR ( 'NONE', #3066, 1000.000000000000000 ) ;
#2126 = LINE ( 'NONE', #302, #894 ) ;
#2127 = DIRECTION ( 'NONE',  ( 0.0000000000000000000, 0.0000000000000000000, 1.000000000000000000 ) ) ;
#2128 = DIRECTION ( 'NONE',  ( 1.000000000000000000, 0.0000000000000000000, 0.0000000000000000000 ) ) ;
#2129 = VERTEX_POINT ( 'NONE', #4511 ) ;
#2130 = PLANE ( 'NONE',  #6113 ) ;
#2131 = VECTOR ( 'NONE', #3665, 1000.000000000000000 ) ;
#2132 =( NAMED_UNIT ( * ) SI_UNIT ( $, .STERADIAN. ) SOLID_ANGLE_UNIT ( ) );
#2133 = ORIENTED_EDGE ( 'NONE', *, *, #2822, .T. ) ;
#2134 = CARTESIAN_POINT ( 'NONE',  ( 3.024999999999999911, 0.0000000000000000000, -1.525000000000000133 ) ) ;
#2135 = VECTOR ( 'NONE', #9779, 1000.000000000000000 ) ;
#2136 = LINE ( 'NONE', #4090, #4928 ) ;
#2137 = EDGE_CURVE ( 'NONE', #818, #4547, #5779, .T. ) ;
#2138 = LINE ( 'NONE', #7270, #5643 ) ;
#2139 = AXIS2_PLACEMENT_3D ( 'NONE', #490, #5771, #1430 ) ;
#2140 = DIRECTION ( 'NONE',  ( 0.0000000000000000000, 1.000000000000000000, 0.0000000000000000000 ) ) ;
#2141 = ORIENTED_EDGE ( 'NONE', *, *, #6099, .F. ) ;
#2142 = VECTOR ( 'NONE', #5222, 1000.000000000000000 ) ;
#2143 = CARTESIAN_POINT ( 'NONE',  ( 0.7249999999999999778, 0.5000000000000000000, -1.525000000000000133 ) ) ;
#2144 = DIRECTION ( 'NONE',  ( 0.0000000000000000000, 0.0000000000000000000, -1.000000000000000000 ) ) ;
#2145 = ORIENTED_EDGE ( 'NONE', *, *, #10832, .F. ) ;
#2146 = DIRECTION ( 'NONE',  ( 1.000000000000000000, 0.0000000000000000000, 0.0000000000000000000 ) ) ;
#2147 = DIRECTION ( 'NONE',  ( 0.0000000000000000000, 1.000000000000000000, 0.0000000000000000000 ) ) ;
#2148 = DIRECTION ( 'NONE',  ( 0.0000000000000000000, 0.7468134723257140450, -0.6650335612228979176 ) ) ;
#2149 = PRESENTATION_STYLE_ASSIGNMENT (( #1925 ) ) ;
#2150 = LINE ( 'NONE', #3278, #470 ) ;
#2151 = DIRECTION ( 'NONE',  ( 1.000000000000000000, 0.0000000000000000000, 0.0000000000000000000 ) ) ;
#2152 = ORIENTED_EDGE ( 'NONE', *, *, #2790, .F. ) ;
#2153 = EDGE_CURVE ( 'NONE', #8388, #11055, #168, .T. ) ;
#2154 = DIRECTION ( 'NONE',  ( -1.000000000000000000, 0.0000000000000000000, 0.0000000000000000000 ) ) ;
#2155 = ORIENTED_EDGE ( 'NONE', *, *, #5374, .F. ) ;
#2156 = CARTESIAN_POINT ( 'NONE',  ( 9.375000000000001776, 3.750000000000000000, 2.025999999999999801 ) ) ;
#2157 = ADVANCED_FACE ( 'NONE', ( #7583 ), #2936, .F. ) ;
#2158 = VECTOR ( 'NONE', #7960, 1000.000000000000000 ) ;
#2159 = FACE_OUTER_BOUND ( 'NONE', #10806, .T. ) ;
#2160 = DIRECTION ( 'NONE',  ( 0.0000000000000000000, 0.0000000000000000000, 1.000000000000000000 ) ) ;
#2161 = CARTESIAN_POINT ( 'NONE',  ( 4.275000000000000355, 0.5000000000000000000, 0.0000000000000000000 ) ) ;
#2162 = CARTESIAN_POINT ( 'NONE',  ( 5.825000000000000178, 1.850000000000000089, -1.698606797699999893 ) ) ;
#2163 = ORIENTED_EDGE ( 'NONE', *, *, #6342, .T. ) ;
#2164 = FACE_OUTER_BOUND ( 'NONE', #8587, .T. ) ;
#2165 = ORIENTED_EDGE ( 'NONE', *, *, #1784, .T. ) ;
#2166 = DIRECTION ( 'NONE',  ( 0.0000000000000000000, -1.000000000000000000, 0.0000000000000000000 ) ) ;
#2167 = EDGE_CURVE ( 'NONE', #985, #8454, #6060, .T. ) ;
#2168 = DIRECTION ( 'NONE',  ( 0.0000000000000000000, 1.000000000000000000, 0.0000000000000000000 ) ) ;
#2169 = DIRECTION ( 'NONE',  ( 0.0000000000000000000, 0.0000000000000000000, -1.000000000000000000 ) ) ;
#2170 = EDGE_CURVE ( 'NONE', #5259, #11431, #9442, .T. ) ;
#2171 = COLOUR_RGB ( '',0.6470588235294117974, 0.6196078431372549211, 0.5882352941176470784 ) ;
#2172 = LINE ( 'NONE', #1024, #7620 ) ;
#2173 = PLANE ( 'NONE',  #10043 ) ;
#2174 = ORIENTED_EDGE ( 'NONE', *, *, #5099, .T. ) ;
#2175 = ORIENTED_EDGE ( 'NONE', *, *, #9321, .F. ) ;
#2176 = DIRECTION ( 'NONE',  ( 0.0000000000000000000, -0.0000000000000000000, -1.000000000000000000 ) ) ;
#2177 = ADVANCED_FACE ( 'NONE', ( #758 ), #9170, .T. ) ;
#2178 = AXIS2_PLACEMENT_3D ( 'NONE', #3514, #7030, #8035 ) ;
#2179 = CARTESIAN_POINT ( 'NONE',  ( 9.975000000000003197, 3.600000000000000089, -1.425000000000000933 ) ) ;
#2180 = LINE ( 'NONE', #11399, #11309 ) ;
#2181 = DIRECTION ( 'NONE',  ( 0.0000000000000000000, -1.000000000000000000, 0.0000000000000000000 ) ) ;
#2182 = AXIS2_PLACEMENT_3D ( 'NONE', #301, #8502, #7574 ) ;
#2183 = DIRECTION ( 'NONE',  ( 1.000000000000000000, 0.0000000000000000000, 0.0000000000000000000 ) ) ;
#2184 = DIRECTION ( 'NONE',  ( 0.0000000000000000000, 1.000000000000000000, 0.0000000000000000000 ) ) ;
#2185 = DIRECTION ( 'NONE',  ( -1.000000000000000000, 0.0000000000000000000, 0.0000000000000000000 ) ) ;
#2186 = ORIENTED_EDGE ( 'NONE', *, *, #10329, .F. ) ;
#2187 = CARTESIAN_POINT ( 'NONE',  ( 1.775000000000000133, 1.850000000000000089, 2.024999999999999911 ) ) ;
#2188 = ORIENTED_EDGE ( 'NONE', *, *, #10963, .T. ) ;
#2189 = EDGE_LOOP ( 'NONE', ( #1240, #10868, #5288, #394 ) ) ;
#2190 = ORIENTED_EDGE ( 'NONE', *, *, #4576, .T. ) ;
#2191 = DIRECTION ( 'NONE',  ( 0.0000000000000000000, 1.000000000000000000, 0.0000000000000000000 ) ) ;
#2192 = VECTOR ( 'NONE', #1520, 1000.000000000000000 ) ;
#2193 = LINE ( 'NONE', #5272, #8798 ) ;
#2194 = CARTESIAN_POINT ( 'NONE',  ( 5.375000000000000000, 1.000000000000000000, -1.525000000000000133 ) ) ;
#2195 = VERTEX_POINT ( 'NONE', #6600 ) ;
#2196 = CARTESIAN_POINT ( 'NONE',  ( 3.015000000000000124, 1.649999999999999911, -1.025000000000000133 ) ) ;
#2197 = DIRECTION ( 'NONE',  ( 0.0000000000000000000, -1.000000000000000000, 0.0000000000000000000 ) ) ;
#2198 =( NAMED_UNIT ( * ) PLANE_ANGLE_UNIT ( ) SI_UNIT ( $, .RADIAN. ) );
#2199 = VERTEX_POINT ( 'NONE', #4713 ) ;
#2200 = CARTESIAN_POINT ( 'NONE',  ( 3.024999999999999911, 0.05000000000000002359, -1.775000000000000133 ) ) ;
#2201 = LINE ( 'NONE', #3946, #9509 ) ;
#2202 = LINE ( 'NONE', #10169, #9658 ) ;
#2203 = EDGE_CURVE ( 'NONE', #10668, #3844, #11543, .T. ) ;
#2205 = PLANE ( 'NONE',  #10800 ) ;
#2204 = LINE ( 'NONE', #7002, #1667 ) ;
#2206 = PLANE ( 'NONE',  #1880 ) ;
#2207 = EDGE_CURVE ( 'NONE', #4731, #8945, #11405, .T. ) ;
#2208 = ADVANCED_FACE ( 'NONE', ( #3694 ), #7415, .T. ) ;
#2209 = DIRECTION ( 'NONE',  ( 0.0000000000000000000, -1.084202172485501673E-15, -1.000000000000000000 ) ) ;
#2210 = VERTEX_POINT ( 'NONE', #331 ) ;
#2211 = PLANE ( 'NONE',  #11201 ) ;
#2212 = EDGE_CURVE ( 'NONE', #3898, #6007, #3410, .T. ) ;
#2213 = CARTESIAN_POINT ( 'NONE',  ( 1.774999999999999911, 0.3499999999999999778, -2.075000000000000178 ) ) ;
#2214 = CARTESIAN_POINT ( 'NONE',  ( 8.225000000000003197, 1.850000000000000089, -1.025000000000000133 ) ) ;
#2215 = ORIENTED_EDGE ( 'NONE', *, *, #11380, .T. ) ;
#2216 = ORIENTED_EDGE ( 'NONE', *, *, #7954, .T. ) ;
#2217 = VERTEX_POINT ( 'NONE', #220 ) ;
#2218 = ORIENTED_EDGE ( 'NONE', *, *, #7934, .F. ) ;
#2219 = VECTOR ( 'NONE', #2853, 1000.000000000000000 ) ;
#2220 = ADVANCED_FACE ( 'NONE', ( #10001 ), #3050, .F. ) ;
#2221 = CARTESIAN_POINT ( 'NONE',  ( 10.37500000000000178, 4.250000000000000000, 2.024999999999999911 ) ) ;
#2222 = VERTEX_POINT ( 'NONE', #3872 ) ;
#2223 = STYLED_ITEM ( 'NONE', ( #6968 ), #6761 ) ;
#2224 = CARTESIAN_POINT ( 'NONE',  ( 0.7250000000000000888, 0.3499999999999999778, -2.075000000000000178 ) ) ;
#2225 = EDGE_CURVE ( 'NONE', #260, #4259, #9155, .T. ) ;
#2226 = CARTESIAN_POINT ( 'NONE',  ( 3.825000000000000178, 1.850000000000000089, -1.474999999999999867 ) ) ;
#2227 = DIRECTION ( 'NONE',  ( 0.0000000000000000000, 1.000000000000000000, 3.558407130208835834E-15 ) ) ;
#2228 = ORIENTED_EDGE ( 'NONE', *, *, #6082, .F. ) ;
#2229 = ORIENTED_EDGE ( 'NONE', *, *, #425, .F. ) ;
#2230 = ORIENTED_EDGE ( 'NONE', *, *, #3982, .F. ) ;
#2231 = CARTESIAN_POINT ( 'NONE',  ( 9.775000000000002132, 8.673617379884035472E-15, -0.2250000000000008105 ) ) ;
#2232 = ORIENTED_EDGE ( 'NONE', *, *, #2170, .F. ) ;
#2233 = VECTOR ( 'NONE', #7085, 1000.000000000000000 ) ;
#2234 = FACE_OUTER_BOUND ( 'NONE', #4223, .T. ) ;
#2235 = DIRECTION ( 'NONE',  ( 0.0000000000000000000, 0.0000000000000000000, -1.000000000000000000 ) ) ;
#2236 = ORIENTED_EDGE ( 'NONE', *, *, #1659, .F. ) ;
#2237 = CARTESIAN_POINT ( 'NONE',  ( -2.274999999999999911, 1.950000000000002176, 1.375000000000006883 ) ) ;
#2238 = ORIENTED_EDGE ( 'NONE', *, *, #11348, .T. ) ;
#2239 = CARTESIAN_POINT ( 'NONE',  ( 8.375000000000001776, 3.750000000000000000, 2.024999999999999911 ) ) ;
#2240 = VERTEX_POINT ( 'NONE', #5634 ) ;
#2241 = ORIENTED_EDGE ( 'NONE', *, *, #2137, .T. ) ;
#2242 = UNCERTAINTY_MEASURE_WITH_UNIT (LENGTH_MEASURE( 1.000000000000000082E-05 ), #8467, 'distance_accuracy_value', 'NONE');
#2243 = VERTEX_POINT ( 'NONE', #10931 ) ;
#2244 = VECTOR ( 'NONE', #1786, 1000.000000000000000 ) ;
#2245 = EDGE_CURVE ( 'NONE', #4547, #10977, #453, .T. ) ;
#2246 = DIRECTION ( 'NONE',  ( 0.0000000000000000000, 0.0000000000000000000, -1.000000000000000000 ) ) ;
#2247 = FACE_OUTER_BOUND ( 'NONE', #5591, .T. ) ;
#2248 = CARTESIAN_POINT ( 'NONE',  ( 8.235000000000002984, 1.649999999999999911, -1.025000000000000133 ) ) ;
#2249 = CARTESIAN_POINT ( 'NONE',  ( 5.724999999999999645, 0.5000000000000000000, -1.525000000000000133 ) ) ;
#2250 = ORIENTED_EDGE ( 'NONE', *, *, #4247, .F. ) ;
#2251 = CARTESIAN_POINT ( 'NONE',  ( 6.774999999999999467, 0.05000000000000002359, -1.775000000000000133 ) ) ;
#2252 = PLANE ( 'NONE',  #10119 ) ;
#2253 = ORIENTED_EDGE ( 'NONE', *, *, #7348, .T. ) ;
#2254 = DIRECTION ( 'NONE',  ( 0.0000000000000000000, 0.0000000000000000000, -1.000000000000000000 ) ) ;
#2255 = LINE ( 'NONE', #1596, #869 ) ;
#2256 = DIRECTION ( 'NONE',  ( 0.0000000000000000000, -1.000000000000000000, 0.0000000000000000000 ) ) ;
#2257 = AXIS2_PLACEMENT_3D ( 'NONE', #1552, #9749, #2577 ) ;
#2258 = FACE_OUTER_BOUND ( 'NONE', #5325, .T. ) ;
#2259 = AXIS2_PLACEMENT_3D ( 'NONE', #8321, #3760, #3912 ) ;
#2260 = ORIENTED_EDGE ( 'NONE', *, *, #6419, .T. ) ;
#2261 = EDGE_CURVE ( 'NONE', #3644, #2811, #11256, .T. ) ;
#2262 = DIRECTION ( 'NONE',  ( 0.0000000000000000000, 0.0000000000000000000, -1.000000000000000000 ) ) ;
#2263 = ORIENTED_EDGE ( 'NONE', *, *, #5893, .F. ) ;
#2264 = EDGE_CURVE ( 'NONE', #7150, #8281, #5223, .T. ) ;
#2265 = DIRECTION ( 'NONE',  ( -1.000000000000000000, 0.0000000000000000000, 0.0000000000000000000 ) ) ;
#2266 = LINE ( 'NONE', #918, #2965 ) ;
#2267 = VECTOR ( 'NONE', #3854, 1000.000000000000000 ) ;
#2268 = DIRECTION ( 'NONE',  ( 0.0000000000000000000, -1.000000000000000000, 0.0000000000000000000 ) ) ;
#2269 = CARTESIAN_POINT ( 'NONE',  ( 0.8249999999999999556, 1.649999999999999911, -1.025000000000000133 ) ) ;
#2270 = ADVANCED_FACE ( 'NONE', ( #10710 ), #1133, .T. ) ;
#2271 = ORIENTED_EDGE ( 'NONE', *, *, #7246, .F. ) ;
#2272 = EDGE_LOOP ( 'NONE', ( #6346, #7256, #3179, #5321 ) ) ;
#2273 = CARTESIAN_POINT ( 'NONE',  ( 3.225000000000000089, 1.350000000000000089, 1.525000000000000133 ) ) ;
#2274 = VECTOR ( 'NONE', #11573, 1000.000000000000000 ) ;
#2275 = DIRECTION ( 'NONE',  ( 0.0000000000000000000, -1.000000000000000000, 0.0000000000000000000 ) ) ;
#2276 = VECTOR ( 'NONE', #4618, 1000.000000000000000 ) ;
#2277 = VECTOR ( 'NONE', #5409, 1000.000000000000000 ) ;
#2278 = ADVANCED_FACE ( 'NONE', ( #6048 ), #9048, .T. ) ;
#2279 = DIRECTION ( 'NONE',  ( 0.0000000000000000000, -1.000000000000000000, 0.0000000000000000000 ) ) ;
#2280 = VERTEX_POINT ( 'NONE', #3323 ) ;
#2281 = EDGE_LOOP ( 'NONE', ( #7836, #696, #3048, #8363 ) ) ;
#2282 = LINE ( 'NONE', #9475, #5782 ) ;
#2283 = PLANE ( 'NONE',  #5130 ) ;
#2284 = EDGE_CURVE ( 'NONE', #4301, #9341, #2837, .T. ) ;
#2285 = CARTESIAN_POINT ( 'NONE',  ( 9.775000000000002132, 4.250000000000000000, -0.07499999999999998335 ) ) ;
#2286 = ORIENTED_EDGE ( 'NONE', *, *, #6216, .F. ) ;
#2287 = SURFACE_SIDE_STYLE ('',( #1078 ) ) ;
#2288 = ORIENTED_EDGE ( 'NONE', *, *, #2834, .F. ) ;
#2289 = DIRECTION ( 'NONE',  ( 0.0000000000000000000, 1.000000000000000000, 0.0000000000000000000 ) ) ;
#2290 = DIRECTION ( 'NONE',  ( 0.0000000000000000000, -1.000000000000000000, 0.0000000000000000000 ) ) ;
#2291 = CARTESIAN_POINT ( 'NONE',  ( 5.724999999999999645, 1.649999999999999911, -1.025000000000000133 ) ) ;
#2292 = LINE ( 'NONE', #7089, #616 ) ;
#2293 = VECTOR ( 'NONE', #4319, 1000.000000000000000 ) ;
#2294 = CARTESIAN_POINT ( 'NONE',  ( 5.525000000000000355, 1.850000000000000089, -1.025000000000000133 ) ) ;
#2295 = CARTESIAN_POINT ( 'NONE',  ( -1.175000000000000044, 1.850000000000000089, 2.024999999999999911 ) ) ;
#2296 = DIRECTION ( 'NONE',  ( 0.0000000000000000000, -1.000000000000000000, 0.0000000000000000000 ) ) ;
#2297 = ORIENTED_EDGE ( 'NONE', *, *, #9013, .F. ) ;
#2298 = VECTOR ( 'NONE', #987, 1000.000000000000114 ) ;
#2299 = DIRECTION ( 'NONE',  ( 0.0000000000000000000, 0.0000000000000000000, 1.000000000000000000 ) ) ;
#2300 = VERTEX_POINT ( 'NONE', #6786 ) ;
#2301 = EDGE_CURVE ( 'NONE', #6428, #3606, #160, .T. ) ;
#2302 = EDGE_CURVE ( 'NONE', #1371, #7887, #9721, .T. ) ;
#2303 = DIRECTION ( 'NONE',  ( -1.000000000000000000, 0.0000000000000000000, 0.0000000000000000000 ) ) ;
#2304 = PRESENTATION_STYLE_ASSIGNMENT (( #11119 ) ) ;
#2305 = LINE ( 'NONE', #10525, #10430 ) ;
#2306 = DIRECTION ( 'NONE',  ( 0.0000000000000000000, 0.0000000000000000000, 1.000000000000000000 ) ) ;
#2307 = CARTESIAN_POINT ( 'NONE',  ( -0.7249999999999999778, 1.000000000000000000, -1.525000000000000133 ) ) ;
#2308 = VERTEX_POINT ( 'NONE', #7668 ) ;
#2309 =( NAMED_UNIT ( * ) SI_UNIT ( $, .STERADIAN. ) SOLID_ANGLE_UNIT ( ) );
#2310 = VECTOR ( 'NONE', #2704, 1000.000000000000000 ) ;
#2311 = CARTESIAN_POINT ( 'NONE',  ( 9.975000000000003197, 4.249999999999992895, -0.07499999999999976130 ) ) ;
#2312 = DIRECTION ( 'NONE',  ( 0.0000000000000000000, 0.4999999999932618899, -0.8660254037883288181 ) ) ;
#2313 = ORIENTED_EDGE ( 'NONE', *, *, #2627, .T. ) ;
#2314 = CARTESIAN_POINT ( 'NONE',  ( 5.525000000000000355, 1.850000000000000089, -2.024999999999999911 ) ) ;
#2315 = CARTESIAN_POINT ( 'NONE',  ( 0.8249999999999999556, 1.850000000000000089, -1.474999999999999867 ) ) ;
#2316 = DIRECTION ( 'NONE',  ( -1.000000000000000000, 0.0000000000000000000, 0.0000000000000000000 ) ) ;
#2317 = LINE ( 'NONE', #11460, #10880 ) ;
#2318 = LINE ( 'NONE', #5750, #4423 ) ;
#2319 = EDGE_CURVE ( 'NONE', #419, #6465, #3400, .T. ) ;
#2320 = PLANE ( 'NONE',  #8670 ) ;
#2321 = CARTESIAN_POINT ( 'NONE',  ( -2.274999999999999911, 3.600000000000000089, -1.425000000000000933 ) ) ;
#2322 = DIRECTION ( 'NONE',  ( 0.0000000000000000000, -0.0000000000000000000, 1.000000000000000000 ) ) ;
#2323 = EDGE_LOOP ( 'NONE', ( #46, #3345, #2688, #6270 ) ) ;
#2324 = ORIENTED_EDGE ( 'NONE', *, *, #4072, .F. ) ;
#2325 = CARTESIAN_POINT ( 'NONE',  ( -2.274999999999999911, 2.000000000000000000, -1.425000000000000044 ) ) ;
#2326 = CARTESIAN_POINT ( 'NONE',  ( -0.5250000000000000222, 0.0000000000000000000, 2.024999999999999911 ) ) ;
#2327 = SURFACE_SIDE_STYLE ('',( #3827 ) ) ;
#2328 = DIRECTION ( 'NONE',  ( -1.000000000000000000, 0.0000000000000000000, 0.0000000000000000000 ) ) ;
#2329 = FACE_OUTER_BOUND ( 'NONE', #3376, .T. ) ;
#2330 = CARTESIAN_POINT ( 'NONE',  ( 0.5250000000000000222, 1.850000000000000089, 2.024999999999999911 ) ) ;
#2331 = VERTEX_POINT ( 'NONE', #2330 ) ;
#2332 = CARTESIAN_POINT ( 'NONE',  ( 3.225000000000000089, 0.0000000000000000000, -1.525000000000000133 ) ) ;
#2333 = CARTESIAN_POINT ( 'NONE',  ( -2.274999999999999911, 4.249999999999992895, -0.07499999999999976130 ) ) ;
#2334 = ORIENTED_EDGE ( 'NONE', *, *, #1961, .T. ) ;
#2335 = ADVANCED_FACE ( 'NONE', ( #6893 ), #5839, .T. ) ;
#2336 = PLANE ( 'NONE',  #8013 ) ;
#2337 = EDGE_CURVE ( 'NONE', #6875, #7424, #9863, .T. ) ;
#2338 = DIRECTION ( 'NONE',  ( 0.0000000000000000000, 0.0000000000000000000, -1.000000000000000000 ) ) ;
#2339 = DIRECTION ( 'NONE',  ( 1.000000000000000000, 0.0000000000000000000, 0.0000000000000000000 ) ) ;
#2340 = EDGE_CURVE ( 'NONE', #4806, #983, #31, .T. ) ;
#2341 = CARTESIAN_POINT ( 'NONE',  ( -1.175000000000000044, 1.850000000000000089, -1.474999999999999867 ) ) ;
#2342 = VECTOR ( 'NONE', #3178, 1000.000000000000000 ) ;
#2343 = LINE ( 'NONE', #10989, #8219 ) ;
#2344 = ORIENTED_EDGE ( 'NONE', *, *, #198, .T. ) ;
#2345 = CARTESIAN_POINT ( 'NONE',  ( 5.724999999999999645, 0.5547525681000000652, 2.024999999999999911 ) ) ;
#2346 = MECHANICAL_DESIGN_GEOMETRIC_PRESENTATION_REPRESENTATION (  '', ( #4723 ), #378 ) ;
#2347 = ORIENTED_EDGE ( 'NONE', *, *, #11574, .F. ) ;
#2348 = CARTESIAN_POINT ( 'NONE',  ( -0.4249999999999999889, 1.649999999999999911, 2.024999999999999911 ) ) ;
#2349 = AXIS2_PLACEMENT_3D ( 'NONE', #4355, #11523, #7983 ) ;
#2350 = CARTESIAN_POINT ( 'NONE',  ( 4.474999999999999645, 1.850000000000000089, -1.698606797699999893 ) ) ;
#2351 = ORIENTED_EDGE ( 'NONE', *, *, #10903, .F. ) ;
#2352 = CARTESIAN_POINT ( 'NONE',  ( 5.525000000000000355, 0.5000000000000000000, 2.024999999999999911 ) ) ;
#2353 = VECTOR ( 'NONE', #5998, 1000.000000000000000 ) ;
#2354 = FACE_OUTER_BOUND ( 'NONE', #391, .T. ) ;
#2355 = VERTEX_POINT ( 'NONE', #8478 ) ;
#2356 = EDGE_CURVE ( 'NONE', #10515, #5907, #7305, .T. ) ;
#2357 = DIRECTION ( 'NONE',  ( 0.0000000000000000000, 1.000000000000000000, 0.0000000000000000000 ) ) ;
#2358 = CARTESIAN_POINT ( 'NONE',  ( 6.974999999999999645, 0.0000000000000000000, 2.024999999999999911 ) ) ;
#2359 = ORIENTED_EDGE ( 'NONE', *, *, #10671, .T. ) ;
#2360 = ORIENTED_EDGE ( 'NONE', *, *, #537, .F. ) ;
#2361 = DIRECTION ( 'NONE',  ( 0.0000000000000000000, 0.0000000000000000000, -1.000000000000000000 ) ) ;
#2362 = ORIENTED_EDGE ( 'NONE', *, *, #8142, .T. ) ;
#2363 = LINE ( 'NONE', #8205, #7121 ) ;
#2364 = LINE ( 'NONE', #10969, #6417 ) ;
#2365 = AXIS2_PLACEMENT_3D ( 'NONE', #1453, #11364, #6773 ) ;
#2366 = CARTESIAN_POINT ( 'NONE',  ( 0.7250000000000000888, 1.850000000000000089, -1.698606797699999893 ) ) ;
#2367 = DIRECTION ( 'NONE',  ( 1.000000000000000000, 0.0000000000000000000, 0.0000000000000000000 ) ) ;
#2368 = ORIENTED_EDGE ( 'NONE', *, *, #9290, .F. ) ;
#2369 = VERTEX_POINT ( 'NONE', #4018 ) ;
#2370 = ORIENTED_EDGE ( 'NONE', *, *, #7070, .F. ) ;
#2371 = EDGE_CURVE ( 'NONE', #7504, #8835, #5364, .T. ) ;
#2372 = VERTEX_POINT ( 'NONE', #8558 ) ;
#2373 = CARTESIAN_POINT ( 'NONE',  ( 4.474999999999999645, 0.05000000000000002359, -1.775000000000000133 ) ) ;
#2374 = ORIENTED_EDGE ( 'NONE', *, *, #1707, .F. ) ;
#2375 = LINE ( 'NONE', #5863, #6426 ) ;
#2376 = FILL_AREA_STYLE ('',( #11187 ) ) ;
#2377 = DIRECTION ( 'NONE',  ( 0.0000000000000000000, 0.0000000000000000000, -1.000000000000000000 ) ) ;
#2378 = VECTOR ( 'NONE', #8852, 1000.000000000000000 ) ;
#2379 = EDGE_CURVE ( 'NONE', #7011, #10086, #11534, .T. ) ;
#2380 = FILL_AREA_STYLE_COLOUR ( '', #10284 ) ;
#2381 = DIRECTION ( 'NONE',  ( 1.000000000000000000, 0.0000000000000000000, 0.0000000000000000000 ) ) ;
#2382 = EDGE_LOOP ( 'NONE', ( #5546, #3961, #1986, #1226, #9508, #6638, #4684, #7783, #3093, #1044, #3057, #10782, #6281, #1063, #5140, #142 ) ) ;
#2383 = EDGE_LOOP ( 'NONE', ( #632, #4740, #6575, #6011 ) ) ;
#2384 = VERTEX_POINT ( 'NONE', #9432 ) ;
#2385 = ORIENTED_EDGE ( 'NONE', *, *, #2915, .F. ) ;
#2386 = CARTESIAN_POINT ( 'NONE',  ( 1.975000000000000089, 0.0000000000000000000, 2.024999999999999911 ) ) ;
#2387 = CARTESIAN_POINT ( 'NONE',  ( 4.275000000000000355, 0.0000000000000000000, 2.024999999999999911 ) ) ;
#2388 = VECTOR ( 'NONE', #7317, 1000.000000000000000 ) ;
#2389 = VECTOR ( 'NONE', #6793, 1000.000000000000000 ) ;
#2390 =( NAMED_UNIT ( * ) PLANE_ANGLE_UNIT ( ) SI_UNIT ( $, .RADIAN. ) );
#2391 = AXIS2_PLACEMENT_3D ( 'NONE', #6364, #8167, #9088 ) ;
#2392 = EDGE_CURVE ( 'NONE', #8774, #4112, #9293, .T. ) ;
#2393 = CARTESIAN_POINT ( 'NONE',  ( 4.575000000000000178, 1.850000000000000089, -1.474999999999999867 ) ) ;
#2394 = DIRECTION ( 'NONE',  ( -1.000000000000000000, 0.0000000000000000000, 0.0000000000000000000 ) ) ;
#2395 = ORIENTED_EDGE ( 'NONE', *, *, #4292, .T. ) ;
#2396 = VERTEX_POINT ( 'NONE', #5680 ) ;
#2397 = DIRECTION ( 'NONE',  ( 0.0000000000000000000, -1.000000000000000000, 0.0000000000000000000 ) ) ;
#2398 = ORIENTED_EDGE ( 'NONE', *, *, #2073, .T. ) ;
#2399 = ORIENTED_EDGE ( 'NONE', *, *, #3576, .F. ) ;
#2400 = ORIENTED_EDGE ( 'NONE', *, *, #9712, .T. ) ;
#2401 = ADVANCED_FACE ( 'NONE', ( #7572 ), #230, .F. ) ;
#2402 = FACE_OUTER_BOUND ( 'NONE', #1325, .T. ) ;
#2403 = FACE_OUTER_BOUND ( 'NONE', #3028, .T. ) ;
#2404 = DIRECTION ( 'NONE',  ( 0.0000000000000000000, 0.0000000000000000000, -1.000000000000000000 ) ) ;
#2405 = CARTESIAN_POINT ( 'NONE',  ( 6.325000000000000178, 1.850000000000000089, -1.474999999999999867 ) ) ;
#2406 = ORIENTED_EDGE ( 'NONE', *, *, #145, .T. ) ;
#2407 = ADVANCED_FACE ( 'NONE', ( #9022 ), #3884, .T. ) ;
#2408 = ORIENTED_EDGE ( 'NONE', *, *, #4735, .T. ) ;
#2409 = VECTOR ( 'NONE', #8027, 1000.000000000000000 ) ;
#2410 = EDGE_CURVE ( 'NONE', #6702, #589, #6609, .T. ) ;
#2411 =( NAMED_UNIT ( * ) PLANE_ANGLE_UNIT ( ) SI_UNIT ( $, .RADIAN. ) );
#2412 = FILL_AREA_STYLE_COLOUR ( '', #10705 ) ;
#2413 = EDGE_CURVE ( 'NONE', #4281, #1143, #11104, .T. ) ;
#2414 = FILL_AREA_STYLE_COLOUR ( '', #6237 ) ;
#2415 = LINE ( 'NONE', #6023, #7427 ) ;
#2416 = VECTOR ( 'NONE', #9497, 1000.000000000000000 ) ;
#2417 = DIRECTION ( 'NONE',  ( 0.0000000000000000000, 1.000000000000000000, 0.0000000000000000000 ) ) ;
#2418 = CARTESIAN_POINT ( 'NONE',  ( 6.775000000000000355, 1.350000000000000089, 1.525000000000000133 ) ) ;
#2419 = EDGE_LOOP ( 'NONE', ( #10546, #7647, #7205, #353, #7633, #9800 ) ) ;
#2420 = FILL_AREA_STYLE_COLOUR ( '', #4198 ) ;
#2421 = ORIENTED_EDGE ( 'NONE', *, *, #3524, .T. ) ;
#2422 = CARTESIAN_POINT ( 'NONE',  ( 2.500000000000000000, 0.0000000000000000000, -1.025000000000000133 ) ) ;
#2423 = STYLED_ITEM ( 'NONE', ( #10945 ), #10064 ) ;
#2424 = FACE_OUTER_BOUND ( 'NONE', #4354, .T. ) ;
#2425 = AXIS2_PLACEMENT_3D ( 'NONE', #6940, #1585, #3499 ) ;
#2426 = LINE ( 'NONE', #11328, #744 ) ;
#2427 = VECTOR ( 'NONE', #4056, 1000.000000000000000 ) ;
#2428 = DIRECTION ( 'NONE',  ( 0.0000000000000000000, -1.084202172485501673E-15, -1.000000000000000000 ) ) ;
#2429 = EDGE_LOOP ( 'NONE', ( #6723, #8340, #1533, #854 ) ) ;
#2430 = LINE ( 'NONE', #9184, #4641 ) ;
#2431 = VERTEX_POINT ( 'NONE', #1144 ) ;
#2432 = CARTESIAN_POINT ( 'NONE',  ( -2.024999999999999911, 2.250000000000000000, -1.925000000000000044 ) ) ;
#2433 = LINE ( 'NONE', #3428, #2274 ) ;
#2434 = CARTESIAN_POINT ( 'NONE',  ( 3.225000000000000089, -0.6500000000000000222, -2.075000000000000178 ) ) ;
#2435 = VECTOR ( 'NONE', #1583, 1000.000000000000000 ) ;
#2436 = EDGE_LOOP ( 'NONE', ( #6117, #156, #10480, #2609 ) ) ;
#2437 = LINE ( 'NONE', #4214, #9307 ) ;
#2438 = CARTESIAN_POINT ( 'NONE',  ( 8.224999999999999645, 0.5000000000000000000, -1.525000000000000133 ) ) ;
#2439 = DIRECTION ( 'NONE',  ( 1.000000000000000000, 0.0000000000000000000, 0.0000000000000000000 ) ) ;
#2440 = ORIENTED_EDGE ( 'NONE', *, *, #11574, .T. ) ;
#2441 = PLANE ( 'NONE',  #10491 ) ;
#2442 = EDGE_CURVE ( 'NONE', #6924, #2858, #7872, .T. ) ;
#2443 = VECTOR ( 'NONE', #4724, 1000.000000000000000 ) ;
#2444 = PLANE ( 'NONE',  #1546 ) ;
#2445 = EDGE_CURVE ( 'NONE', #4619, #8622, #4241, .T. ) ;
#2446 = DIRECTION ( 'NONE',  ( 0.0000000000000000000, 0.0000000000000000000, 1.000000000000000000 ) ) ;
#2447 = VERTEX_POINT ( 'NONE', #9179 ) ;
#2448 = VECTOR ( 'NONE', #11592, 1000.000000000000000 ) ;
#2449 = ORIENTED_EDGE ( 'NONE', *, *, #4489, .F. ) ;
#2450 = CARTESIAN_POINT ( 'NONE',  ( 1.975000000000000089, 1.850000000000000089, 2.024999999999999911 ) ) ;
#2451 = DIRECTION ( 'NONE',  ( 0.0000000000000000000, -0.0000000000000000000, -1.000000000000000000 ) ) ;
#2452 = ADVANCED_FACE ( 'NONE', ( #3122 ), #10148, .F. ) ;
#2453 = CARTESIAN_POINT ( 'NONE',  ( 9.775000000000002132, 2.000000000000000000, -1.425000000000000044 ) ) ;
#2454 = DIRECTION ( 'NONE',  ( 0.0000000000000000000, 0.0000000000000000000, -1.000000000000000000 ) ) ;
#2455 = VECTOR ( 'NONE', #9463, 1000.000000000000000 ) ;
#2456 = FACE_OUTER_BOUND ( 'NONE', #2281, .T. ) ;
#2457 = CARTESIAN_POINT ( 'NONE',  ( 1.324999999999999956, 1.850000000000000089, 2.024999999999999911 ) ) ;
#2458 = AXIS2_PLACEMENT_3D ( 'NONE', #4541, #1808, #10890 ) ;
#2459 = VERTEX_POINT ( 'NONE', #2945 ) ;
#2460 = VECTOR ( 'NONE', #161, 1000.000000000000000 ) ;
#2461 = EDGE_CURVE ( 'NONE', #983, #3656, #2126, .T. ) ;
#2462 = SURFACE_STYLE_USAGE ( .BOTH. , #658 ) ;
#2463 = EDGE_LOOP ( 'NONE', ( #9897, #6202, #553, #11438, #5120, #4142 ) ) ;
#2464 = UNCERTAINTY_MEASURE_WITH_UNIT (LENGTH_MEASURE( 1.000000000000000082E-05 ), #3676, 'distance_accuracy_value', 'NONE');
#2465 = DIRECTION ( 'NONE',  ( 0.0000000000000000000, 0.0000000000000000000, -1.000000000000000000 ) ) ;
#2466 = ADVANCED_FACE ( 'NONE', ( #9433 ), #5646, .F. ) ;
#2467 = AXIS2_PLACEMENT_3D ( 'NONE', #7272, #6375, #2721 ) ;
#2468 = CARTESIAN_POINT ( 'NONE',  ( 5.514999999999999680, 1.000000000000000000, -1.474999999999999867 ) ) ;
#2469 = FACE_OUTER_BOUND ( 'NONE', #7110, .T. ) ;
#2470 = LINE ( 'NONE', #7638, #2755 ) ;
#2471 = DIRECTION ( 'NONE',  ( 0.0000000000000000000, -1.084202172485501673E-15, -1.000000000000000000 ) ) ;
#2472 = CARTESIAN_POINT ( 'NONE',  ( 8.224999999999999645, 0.0000000000000000000, 2.024999999999999911 ) ) ;
#2473 = EDGE_LOOP ( 'NONE', ( #5718, #10613, #10217, #2638 ) ) ;
#2474 = CARTESIAN_POINT ( 'NONE',  ( 1.975000000000000089, 1.000000000000000000, -1.525000000000000133 ) ) ;
#2475 = ORIENTED_EDGE ( 'NONE', *, *, #10731, .F. ) ;
#2476 = CARTESIAN_POINT ( 'NONE',  ( -0.4249999999999999889, 1.850000000000000089, -1.474999999999999867 ) ) ;
#2477 = EDGE_CURVE ( 'NONE', #2747, #7333, #4921, .T. ) ;
#2478 = VECTOR ( 'NONE', #424, 1000.000000000000000 ) ;
#2479 = VECTOR ( 'NONE', #6807, 1000.000000000000000 ) ;
#2480 = LINE ( 'NONE', #7509, #9783 ) ;
#2481 = CARTESIAN_POINT ( 'NONE',  ( 0.7249999999999999778, 1.850000000000000089, -2.024999999999999911 ) ) ;
#2482 = VERTEX_POINT ( 'NONE', #2044 ) ;
#2483 = CARTESIAN_POINT ( 'NONE',  ( 3.234999999999999876, 1.850000000000000089, -1.025000000000000133 ) ) ;
#2484 = ORIENTED_EDGE ( 'NONE', *, *, #7909, .F. ) ;
#2485 = DIRECTION ( 'NONE',  ( 0.0000000000000000000, 0.0000000000000000000, 1.000000000000000000 ) ) ;
#2486 = DIRECTION ( 'NONE',  ( 0.0000000000000000000, -1.000000000000000000, 0.0000000000000000000 ) ) ;
#2487 = AXIS2_PLACEMENT_3D ( 'NONE', #4035, #11164, #3101 ) ;
#2488 = EDGE_LOOP ( 'NONE', ( #5226, #4087, #2696, #5008 ) ) ;
#2489 = CARTESIAN_POINT ( 'NONE',  ( 10.37500000000000178, 0.6000000000000024203, 1.375000000000002442 ) ) ;
#2490 = LINE ( 'NONE', #5931, #10476 ) ;
#2491 = AXIS2_PLACEMENT_3D ( 'NONE', #3655, #4475, #926 ) ;
#2492 = CARTESIAN_POINT ( 'NONE',  ( 1.975000000000000089, 1.350000000000000089, -1.525000000000000133 ) ) ;
#2493 = VERTEX_POINT ( 'NONE', #11048 ) ;
#2494 = CARTESIAN_POINT ( 'NONE',  ( 4.575000000000000178, 1.649999999999999911, 2.024999999999999911 ) ) ;
#2495 = ORIENTED_EDGE ( 'NONE', *, *, #980, .F. ) ;
#2496 = EDGE_CURVE ( 'NONE', #4607, #1375, #9990, .T. ) ;
#2497 = DIRECTION ( 'NONE',  ( 0.0000000000000000000, -1.000000000000000000, 0.0000000000000000000 ) ) ;
#2498 = DIRECTION ( 'NONE',  ( 0.0000000000000000000, -1.000000000000000000, 0.0000000000000000000 ) ) ;
#2499 = EDGE_CURVE ( 'NONE', #11521, #6565, #1871, .T. ) ;
#2500 = CARTESIAN_POINT ( 'NONE',  ( 4.264999999999999680, 1.000000000000000000, -1.525000000000000133 ) ) ;
#2501 = ORIENTED_EDGE ( 'NONE', *, *, #7994, .T. ) ;
#2502 = EDGE_LOOP ( 'NONE', ( #6264, #4339, #6578, #4922 ) ) ;
#2503 = LINE ( 'NONE', #1307, #7248 ) ;
#2504 = DIRECTION ( 'NONE',  ( 0.0000000000000000000, 1.000000000000000000, 0.0000000000000000000 ) ) ;
#2505 = LINE ( 'NONE', #2966, #1368 ) ;
#2506 = SURFACE_STYLE_FILL_AREA ( #1570 ) ;
#2507 = ORIENTED_EDGE ( 'NONE', *, *, #6372, .T. ) ;
#2508 = CARTESIAN_POINT ( 'NONE',  ( -2.475000000000000089, 1.999999999999997780, -2.024999999999999911 ) ) ;
#2509 = DIRECTION ( 'NONE',  ( 0.0000000000000000000, 0.0000000000000000000, -1.000000000000000000 ) ) ;
#2510 = MECHANICAL_DESIGN_GEOMETRIC_PRESENTATION_REPRESENTATION (  '', ( #7147 ), #4147 ) ;
#2511 = CARTESIAN_POINT ( 'NONE',  ( 0.5249999999999999112, 0.3499999999999999778, -2.075000000000000178 ) ) ;
#2512 = CARTESIAN_POINT ( 'NONE',  ( 4.474999999999999645, 1.850000000000000089, 2.024999999999999911 ) ) ;
#2513 = EDGE_LOOP ( 'NONE', ( #10182, #5031, #6443, #5379 ) ) ;
#2514 = EDGE_LOOP ( 'NONE', ( #9203, #9282, #812, #10962 ) ) ;
#2515 = CARTESIAN_POINT ( 'NONE',  ( 6.775000000000000355, 1.850000000000000089, -1.698606797699999893 ) ) ;
#2516 = VERTEX_POINT ( 'NONE', #7425 ) ;
#2517 = ADVANCED_FACE ( 'NONE', ( #745 ), #10904, .T. ) ;
#2518 = ORIENTED_EDGE ( 'NONE', *, *, #3894, .T. ) ;
#2519 = VECTOR ( 'NONE', #7904, 1000.000000000000000 ) ;
#2520 = VECTOR ( 'NONE', #380, 1000.000000000000000 ) ;
#2521 = CARTESIAN_POINT ( 'NONE',  ( 0.7250000000000000888, 1.795247431900000024, 2.024999999999999911 ) ) ;
#2522 = EDGE_CURVE ( 'NONE', #10787, #10311, #2713, .T. ) ;
#2523 = DIRECTION ( 'NONE',  ( 1.000000000000000000, 0.0000000000000000000, 0.0000000000000000000 ) ) ;
#2524 = CARTESIAN_POINT ( 'NONE',  ( 4.474999999999999645, 0.3499999999999999778, -2.075000000000000178 ) ) ;
#2525 = CARTESIAN_POINT ( 'NONE',  ( -0.3750000000000000000, 0.0000000000000000000, 0.0000000000000000000 ) ) ;
#2526 = VERTEX_POINT ( 'NONE', #9146 ) ;
#2527 = ORIENTED_EDGE ( 'NONE', *, *, #7828, .T. ) ;
#2528 = ORIENTED_EDGE ( 'NONE', *, *, #5218, .F. ) ;
#2529 = ORIENTED_EDGE ( 'NONE', *, *, #1467, .T. ) ;
#2530 = VECTOR ( 'NONE', #4255, 1000.000000000000000 ) ;
#2531 = PRESENTATION_LAYER_ASSIGNMENT (  '', '', ( #2223 ) ) ;
#2532 = CARTESIAN_POINT ( 'NONE',  ( 4.174999999999999822, 1.850000000000000089, -1.698606797699999893 ) ) ;
#2533 = VECTOR ( 'NONE', #7637, 1000.000000000000000 ) ;
#2534 = CARTESIAN_POINT ( 'NONE',  ( 0.5250000000000000222, 1.795247431900000024, 2.024999999999999911 ) ) ;
#2535 = ORIENTED_EDGE ( 'NONE', *, *, #11504, .F. ) ;
#2536 = EDGE_CURVE ( 'NONE', #2606, #6097, #10961, .T. ) ;
#2537 = DIRECTION ( 'NONE',  ( 1.000000000000000000, 0.0000000000000000000, 0.0000000000000000000 ) ) ;
#2538 = EDGE_LOOP ( 'NONE', ( #8559, #4516, #5537, #6959 ) ) ;
#2539 = EDGE_CURVE ( 'NONE', #8880, #5740, #4093, .T. ) ;
#2540 = ORIENTED_EDGE ( 'NONE', *, *, #6951, .T. ) ;
#2541 = DIRECTION ( 'NONE',  ( 0.0000000000000000000, 1.000000000000000000, 0.0000000000000000000 ) ) ;
#2542 = ORIENTED_EDGE ( 'NONE', *, *, #7390, .F. ) ;
#2543 = CARTESIAN_POINT ( 'NONE',  ( 2.499999999999999556, 0.0000000000000000000, -1.025000000000000133 ) ) ;
#2544 = AXIS2_PLACEMENT_3D ( 'NONE', #219, #10032, #10894 ) ;
#2545 = DIRECTION ( 'NONE',  ( 0.0000000000000000000, -1.000000000000000000, 0.0000000000000000000 ) ) ;
#2546 = LINE ( 'NONE', #846, #6583 ) ;
#2547 = FILL_AREA_STYLE ('',( #2583 ) ) ;
#2548 = VECTOR ( 'NONE', #7004, 1000.000000000000000 ) ;
#2549 = DIRECTION ( 'NONE',  ( -1.000000000000000000, 0.0000000000000000000, 0.0000000000000000000 ) ) ;
#2550 = CARTESIAN_POINT ( 'NONE',  ( 10.37500000000000178, 1.000000000000000000, -1.525000000000000133 ) ) ;
#2551 = ORIENTED_EDGE ( 'NONE', *, *, #9599, .T. ) ;
#2552 = ORIENTED_EDGE ( 'NONE', *, *, #3351, .F. ) ;
#2553 = DIRECTION ( 'NONE',  ( 0.0000000000000000000, 1.000000000000000000, 0.0000000000000000000 ) ) ;
#2554 = AXIS2_PLACEMENT_3D ( 'NONE', #1699, #788, #5280 ) ;
#2555 = LINE ( 'NONE', #4065, #1705 ) ;
#2556 = CARTESIAN_POINT ( 'NONE',  ( 9.375000000000001776, 3.149999999999999911, -2.024999999999999911 ) ) ;
#2557 = EDGE_CURVE ( 'NONE', #9577, #8530, #1727, .T. ) ;
#2558 = CARTESIAN_POINT ( 'NONE',  ( -2.875000000000000000, 4.250000000000000000, -0.07499999999999998335 ) ) ;
#2559 = FACE_OUTER_BOUND ( 'NONE', #1724, .T. ) ;
#2560 = DIRECTION ( 'NONE',  ( 0.0000000000000000000, 0.0000000000000000000, 1.000000000000000000 ) ) ;
#2561 = SURFACE_SIDE_STYLE ('',( #4062 ) ) ;
#2562 = EDGE_LOOP ( 'NONE', ( #10511, #1553, #1550, #3747 ) ) ;
#2563 = ORIENTED_EDGE ( 'NONE', *, *, #179, .F. ) ;
#2564 = EDGE_LOOP ( 'NONE', ( #6318, #10576, #973, #3983 ) ) ;
#2565 = PLANE ( 'NONE',  #9097 ) ;
#2566 = VECTOR ( 'NONE', #7475, 1000.000000000000000 ) ;
#2567 = DIRECTION ( 'NONE',  ( 0.0000000000000000000, -1.000000000000000000, 0.0000000000000000000 ) ) ;
#2568 = VECTOR ( 'NONE', #9107, 1000.000000000000000 ) ;
#2569 = DIRECTION ( 'NONE',  ( 0.0000000000000000000, -1.000000000000000000, 0.0000000000000000000 ) ) ;
#2570 = ORIENTED_EDGE ( 'NONE', *, *, #7444, .T. ) ;
#2571 = EDGE_CURVE ( 'NONE', #7275, #9530, #5904, .T. ) ;
#2572 = CARTESIAN_POINT ( 'NONE',  ( -0.5250000000000000222, 1.850000000000000089, -1.025000000000000133 ) ) ;
#2573 = CLOSED_SHELL ( 'NONE', ( #3222, #3010, #7536, #5705, #1964, #1332, #7216, #6518, #7654, #8155, #1576, #8870, #8320, #3871, #7488, #2579, #1014, #10231 ) ) ;
#2574 = EDGE_CURVE ( 'NONE', #3776, #5381, #3821, .T. ) ;
#2575 = LINE ( 'NONE', #7998, #1735 ) ;
#2576 = VECTOR ( 'NONE', #10675, 1000.000000000000000 ) ;
#2577 = DIRECTION ( 'NONE',  ( 0.0000000000000000000, 1.000000000000000000, 0.0000000000000000000 ) ) ;
#2578 = VECTOR ( 'NONE', #5490, 1000.000000000000114 ) ;
#2579 = ADVANCED_FACE ( 'NONE', ( #11250 ), #10394, .F. ) ;
#2580 = CARTESIAN_POINT ( 'NONE',  ( 5.724999999999999645, 0.3499999999999999778, -2.075000000000000178 ) ) ;
#2581 = CARTESIAN_POINT ( 'NONE',  ( 8.225000000000003197, 1.850000000000000089, 2.024999999999999911 ) ) ;
#2582 = ORIENTED_EDGE ( 'NONE', *, *, #10159, .F. ) ;
#2583 = FILL_AREA_STYLE_COLOUR ( '', #4169 ) ;
#2584 = ORIENTED_EDGE ( 'NONE', *, *, #6804, .F. ) ;
#2585 = CARTESIAN_POINT ( 'NONE',  ( 8.235000000000002984, 1.850000000000000089, -2.024999999999999911 ) ) ;
#2586 = VECTOR ( 'NONE', #10463, 1000.000000000000000 ) ;
#2587 = CARTESIAN_POINT ( 'NONE',  ( -2.375000000000000000, 3.750000000000000000, 0.02500000000000000139 ) ) ;
#2588 = LINE ( 'NONE', #2161, #8897 ) ;
#2589 = ADVANCED_FACE ( 'NONE', ( #3535 ), #11090, .T. ) ;
#2590 = FACE_OUTER_BOUND ( 'NONE', #4463, .T. ) ;
#2591 = FACE_OUTER_BOUND ( 'NONE', #1351, .T. ) ;
#2592 = CARTESIAN_POINT ( 'NONE',  ( 8.024999999999998579, 1.850000000000000089, -1.025000000000000133 ) ) ;
#2593 = ORIENTED_EDGE ( 'NONE', *, *, #9201, .T. ) ;
#2594 = DIRECTION ( 'NONE',  ( 1.000000000000000000, 0.0000000000000000000, 0.0000000000000000000 ) ) ;
#2595 = DIRECTION ( 'NONE',  ( 1.000000000000000000, 0.0000000000000000000, -0.0000000000000000000 ) ) ;
#2596 = EDGE_CURVE ( 'NONE', #6784, #3202, #1429, .T. ) ;
#2597 = CARTESIAN_POINT ( 'NONE',  ( 1.984999999999999876, 1.000000000000000000, -1.525000000000000133 ) ) ;
#2598 = ORIENTED_EDGE ( 'NONE', *, *, #7113, .F. ) ;
#2599 = PLANE ( 'NONE',  #8224 ) ;
#2600 = CARTESIAN_POINT ( 'NONE',  ( -2.274999999999999911, 0.6000000000000024203, 1.375000000000002442 ) ) ;
#2601 = FACE_OUTER_BOUND ( 'NONE', #6411, .T. ) ;
#2602 = VECTOR ( 'NONE', #10369, 1000.000000000000000 ) ;
#2603 =( GEOMETRIC_REPRESENTATION_CONTEXT ( 3 ) GLOBAL_UNCERTAINTY_ASSIGNED_CONTEXT ( ( #895 ) ) GLOBAL_UNIT_ASSIGNED_CONTEXT ( ( #4884, #7460, #2107 ) ) REPRESENTATION_CONTEXT ( 'NONE', 'WORKASPACE' ) );
#2604 = DIRECTION ( 'NONE',  ( 0.0000000000000000000, 0.0000000000000000000, -1.000000000000000000 ) ) ;
#2605 = CARTESIAN_POINT ( 'NONE',  ( 3.225000000000000089, 1.350000000000000089, -1.525000000000000133 ) ) ;
#2606 = VERTEX_POINT ( 'NONE', #9619 ) ;
#2607 = VECTOR ( 'NONE', #1940, 1000.000000000000000 ) ;
#2608 = CARTESIAN_POINT ( 'NONE',  ( 6.325000000000000178, 1.850000000000000089, 2.024999999999999911 ) ) ;
#2609 = ORIENTED_EDGE ( 'NONE', *, *, #5559, .F. ) ;
#2610 = CARTESIAN_POINT ( 'NONE',  ( 9.975000000000003197, 4.249999999999998224, -2.075000000000001510 ) ) ;
#2611 = EDGE_CURVE ( 'NONE', #991, #7412, #730, .T. ) ;
#2612 = EDGE_CURVE ( 'NONE', #462, #4617, #6877, .T. ) ;
#2613 = CARTESIAN_POINT ( 'NONE',  ( -2.875000000000000000, 8.673617379884035472E-15, -0.2250000000000008105 ) ) ;
#2614 = AXIS2_PLACEMENT_3D ( 'NONE', #5021, #5181, #1511 ) ;
#2615 = LINE ( 'NONE', #4982, #202 ) ;
#2616 = VECTOR ( 'NONE', #1289, 1000.000000000000000 ) ;
#2617 = DIRECTION ( 'NONE',  ( -0.0000000000000000000, -0.0000000000000000000, 1.000000000000000000 ) ) ;
#2618 = ORIENTED_EDGE ( 'NONE', *, *, #11415, .T. ) ;
#2619 = CARTESIAN_POINT ( 'NONE',  ( 0.7349999999999999867, 1.850000000000000089, -1.025000000000000133 ) ) ;
#2620 = CARTESIAN_POINT ( 'NONE',  ( 6.974999999999999645, -0.6500000000000000222, -2.075000000000000178 ) ) ;
#2621 = ORIENTED_EDGE ( 'NONE', *, *, #10585, .F. ) ;
#2622 = DIRECTION ( 'NONE',  ( -1.000000000000000000, 0.0000000000000000000, 0.0000000000000000000 ) ) ;
#2623 = DIRECTION ( 'NONE',  ( -0.0000000000000000000, 1.000000000000000000, 0.0000000000000000000 ) ) ;
#2624 = SURFACE_SIDE_STYLE ('',( #7734 ) ) ;
#2625 = VECTOR ( 'NONE', #5586, 1000.000000000000000 ) ;
#2626 = AXIS2_PLACEMENT_3D ( 'NONE', #6675, #2299, #7679 ) ;
#2627 = EDGE_CURVE ( 'NONE', #10995, #11253, #144, .T. ) ;
#2628 = VECTOR ( 'NONE', #9507, 1000.000000000000000 ) ;
#2629 = CARTESIAN_POINT ( 'NONE',  ( 3.024999999999999911, 1.649999999999999911, -1.698606797699999893 ) ) ;
#2630 = VERTEX_POINT ( 'NONE', #1498 ) ;
#2631 = ORIENTED_EDGE ( 'NONE', *, *, #10473, .F. ) ;
#2632 = DIRECTION ( 'NONE',  ( 0.0000000000000000000, -1.000000000000000000, 0.0000000000000000000 ) ) ;
#2633 = FACE_OUTER_BOUND ( 'NONE', #1971, .T. ) ;
#2634 = LINE ( 'NONE', #7770, #2897 ) ;
#2635 = DIRECTION ( 'NONE',  ( -1.000000000000000000, 0.0000000000000000000, 0.0000000000000000000 ) ) ;
#2636 = VECTOR ( 'NONE', #5690, 1000.000000000000000 ) ;
#2637 = FILL_AREA_STYLE_COLOUR ( '', #6 ) ;
#2638 = ORIENTED_EDGE ( 'NONE', *, *, #5738, .F. ) ;
#2639 = CARTESIAN_POINT ( 'NONE',  ( 8.224999999999999645, -0.6500000000000000222, -2.075000000000000178 ) ) ;
#2640 = CARTESIAN_POINT ( 'NONE',  ( 2.075000000000000178, 1.649999999999999911, -1.025000000000000133 ) ) ;
#2641 = CLOSED_SHELL ( 'NONE', ( #11224, #10064, #5088, #521, #8563, #10983, #5491, #11159, #11036, #11384, #4096, #2335, #5633, #7775, #5274, #4154, #9077, #9187 ) ) ;
#2642 = EDGE_CURVE ( 'NONE', #8656, #9926, #8725, .T. ) ;
#2643 = CARTESIAN_POINT ( 'NONE',  ( 0.5250000000000000222, 1.649999999999999911, 2.024999999999999911 ) ) ;
#2644 = CARTESIAN_POINT ( 'NONE',  ( 3.234999999999999876, 1.850000000000000089, -1.025000000000000133 ) ) ;
#2645 = DIRECTION ( 'NONE',  ( -1.000000000000000000, 0.0000000000000000000, 0.0000000000000000000 ) ) ;
#2646 = EDGE_CURVE ( 'NONE', #91, #8703, #3938, .T. ) ;
#2647 = ORIENTED_EDGE ( 'NONE', *, *, #8400, .F. ) ;
#2648 = LINE ( 'NONE', #6988, #3194 ) ;
#2649 = EDGE_LOOP ( 'NONE', ( #8984, #99, #6421, #5262 ) ) ;
#2650 = DIRECTION ( 'NONE',  ( 0.0000000000000000000, 0.0000000000000000000, 1.000000000000000000 ) ) ;
#2651 = CARTESIAN_POINT ( 'NONE',  ( 9.875000000000001776, 3.149999999999999911, 0.02500000000000000139 ) ) ;
#2652 = AXIS2_PLACEMENT_3D ( 'NONE', #9807, #4360, #4434 ) ;
#2653 = ORIENTED_EDGE ( 'NONE', *, *, #454, .F. ) ;
#2654 = AXIS2_PLACEMENT_3D ( 'NONE', #4800, #6027, #2357 ) ;
#2655 = ORIENTED_EDGE ( 'NONE', *, *, #9000, .F. ) ;
#2656 = DIRECTION ( 'NONE',  ( 0.0000000000000000000, 0.0000000000000000000, 1.000000000000000000 ) ) ;
#2657 = ORIENTED_EDGE ( 'NONE', *, *, #3355, .F. ) ;
#2658 = COLOUR_RGB ( '',1.000000000000000000, 1.000000000000000000, 1.000000000000000000 ) ;
#2659 = CARTESIAN_POINT ( 'NONE',  ( -2.274999999999999911, 3.600000000000000977, -0.07499999999999998335 ) ) ;
#2660 = LINE ( 'NONE', #10211, #11333 ) ;
#2661 = CARTESIAN_POINT ( 'NONE',  ( 4.474999999999999645, 1.350000000000000089, -1.525000000000000133 ) ) ;
#2662 = EDGE_CURVE ( 'NONE', #9185, #10017, #5758, .T. ) ;
#2663 = DIRECTION ( 'NONE',  ( 1.000000000000000000, 0.0000000000000000000, 0.0000000000000000000 ) ) ;
#2664 = CARTESIAN_POINT ( 'NONE',  ( 8.024999999999998579, 0.0000000000000000000, 0.0000000000000000000 ) ) ;
#2665 = EDGE_LOOP ( 'NONE', ( #7140, #4637, #661, #77 ) ) ;
#2666 = ORIENTED_EDGE ( 'NONE', *, *, #1000, .T. ) ;
#2667 = DIRECTION ( 'NONE',  ( 0.0000000000000000000, 0.0000000000000000000, -1.000000000000000000 ) ) ;
#2668 = ORIENTED_EDGE ( 'NONE', *, *, #10239, .T. ) ;
#2669 = ORIENTED_EDGE ( 'NONE', *, *, #2445, .F. ) ;
#2670 = ORIENTED_EDGE ( 'NONE', *, *, #7833, .T. ) ;
#2671 = VECTOR ( 'NONE', #5077, 1000.000000000000000 ) ;
#2672 = VECTOR ( 'NONE', #1795, 1000.000000000000000 ) ;
#2673 =( NAMED_UNIT ( * ) PLANE_ANGLE_UNIT ( ) SI_UNIT ( $, .RADIAN. ) );
#2674 = DIRECTION ( 'NONE',  ( 0.0000000000000000000, 0.0000000000000000000, 1.000000000000000000 ) ) ;
#2675 = ORIENTED_EDGE ( 'NONE', *, *, #180, .T. ) ;
#2676 = CARTESIAN_POINT ( 'NONE',  ( 8.325000000000002842, 1.649999999999999911, -1.698606797699999893 ) ) ;
#2677 = ORIENTED_EDGE ( 'NONE', *, *, #3664, .T. ) ;
#2678 = ORIENTED_EDGE ( 'NONE', *, *, #8173, .F. ) ;
#2679 = ORIENTED_EDGE ( 'NONE', *, *, #2261, .T. ) ;
#2680 = VECTOR ( 'NONE', #11128, 1000.000000000000000 ) ;
#2681 = CARTESIAN_POINT ( 'NONE',  ( 3.234999999999999876, 1.850000000000000089, -1.025000000000000133 ) ) ;
#2682 = VECTOR ( 'NONE', #173, 1000.000000000000000 ) ;
#2683 = EDGE_CURVE ( 'NONE', #7333, #6678, #7706, .T. ) ;
#2684 = DIRECTION ( 'NONE',  ( 0.0000000000000000000, 1.084202172485501673E-15, 1.000000000000000000 ) ) ;
#2685 = DIRECTION ( 'NONE',  ( 0.0000000000000000000, 0.0000000000000000000, 1.000000000000000000 ) ) ;
#2686 = ORIENTED_EDGE ( 'NONE', *, *, #6757, .F. ) ;
#2687 = VERTEX_POINT ( 'NONE', #10721 ) ;
#2688 = ORIENTED_EDGE ( 'NONE', *, *, #1117, .T. ) ;
#2689 = COLOUR_RGB ( '',0.6470588235294117974, 0.6196078431372549211, 0.5882352941176470784 ) ;
#2690 = DIRECTION ( 'NONE',  ( 0.0000000000000000000, 0.0000000000000000000, -1.000000000000000000 ) ) ;
#2691 = DIRECTION ( 'NONE',  ( -0.0000000000000000000, -3.295974604355854593E-17, -1.000000000000000000 ) ) ;
#2692 = LINE ( 'NONE', #10259, #8277 ) ;
#2693 = EDGE_CURVE ( 'NONE', #7103, #1001, #1013, .T. ) ;
#2694 = CARTESIAN_POINT ( 'NONE',  ( 5.825000000000000178, 1.649999999999999911, -1.698606797699999893 ) ) ;
#2695 = EDGE_CURVE ( 'NONE', #8022, #1141, #7557, .T. ) ;
#2696 = ORIENTED_EDGE ( 'NONE', *, *, #2070, .T. ) ;
#2697 = MECHANICAL_DESIGN_GEOMETRIC_PRESENTATION_REPRESENTATION (  '', ( #5306 ), #3291 ) ;
#2698 = PLANE ( 'NONE',  #3302 ) ;
#2699 = ORIENTED_EDGE ( 'NONE', *, *, #7528, .T. ) ;
#2700 = DIRECTION ( 'NONE',  ( 0.0000000000000000000, 0.0000000000000000000, -1.000000000000000000 ) ) ;
#2701 = LINE ( 'NONE', #5251, #1861 ) ;
#2702 = PLANE ( 'NONE',  #3108 ) ;
#2703 = ORIENTED_EDGE ( 'NONE', *, *, #10393, .F. ) ;
#2704 = DIRECTION ( 'NONE',  ( 1.000000000000000000, 0.0000000000000000000, -0.0000000000000000000 ) ) ;
#2705 = ORIENTED_EDGE ( 'NONE', *, *, #1166, .F. ) ;
#2706 = CARTESIAN_POINT ( 'NONE',  ( 4.275000000000000355, 1.649999999999999911, -1.698606797699999893 ) ) ;
#2707 = EDGE_CURVE ( 'NONE', #2372, #8932, #3530, .T. ) ;
#2708 = LINE ( 'NONE', #5804, #9164 ) ;
#2709 = PLANE ( 'NONE',  #6766 ) ;
#2710 = CARTESIAN_POINT ( 'NONE',  ( 0.7249999999999998668, 0.05000000000000002359, -1.524999999999999689 ) ) ;
#2711 = CARTESIAN_POINT ( 'NONE',  ( 4.275000000000000355, 0.0000000000000000000, -1.525000000000000133 ) ) ;
#2712 = VECTOR ( 'NONE', #10980, 1000.000000000000000 ) ;
#2713 = LINE ( 'NONE', #4624, #9585 ) ;
#2714 = CARTESIAN_POINT ( 'NONE',  ( 5.525000000000000355, 1.850000000000000089, -1.025000000000000133 ) ) ;
#2715 = ORIENTED_EDGE ( 'NONE', *, *, #1659, .T. ) ;
#2716 = VECTOR ( 'NONE', #6420, 1000.000000000000000 ) ;
#2717 = ADVANCED_FACE ( 'NONE', ( #3385 ), #74, .T. ) ;
#2718 = DIRECTION ( 'NONE',  ( 1.000000000000000000, 0.0000000000000000000, 0.0000000000000000000 ) ) ;
#2719 = CARTESIAN_POINT ( 'NONE',  ( 4.275000000000000355, 1.850000000000000089, -1.698606797699999893 ) ) ;
#2720 = EDGE_LOOP ( 'NONE', ( #4727, #7057, #5160, #9266 ) ) ;
#2721 = DIRECTION ( 'NONE',  ( 0.0000000000000000000, 0.4999999999932618899, -0.8660254037883288181 ) ) ;
#2722 = FACE_OUTER_BOUND ( 'NONE', #24, .T. ) ;
#2723 =( LENGTH_UNIT ( ) NAMED_UNIT ( * ) SI_UNIT ( .MILLI., .METRE. ) );
#2724 = CARTESIAN_POINT ( 'NONE',  ( 1.984999999999999876, 1.850000000000000089, -1.025000000000000133 ) ) ;
#2725 = LINE ( 'NONE', #9999, #3967 ) ;
#2726 = SURFACE_STYLE_FILL_AREA ( #708 ) ;
#2727 = EDGE_CURVE ( 'NONE', #9711, #5672, #5198, .T. ) ;
#2728 = DIRECTION ( 'NONE',  ( 0.0000000000000000000, -1.000000000000000000, 0.0000000000000000000 ) ) ;
#2729 = CARTESIAN_POINT ( 'NONE',  ( -0.5250000000000000222, 0.5000000000000000000, 2.024999999999999911 ) ) ;
#2730 = EDGE_CURVE ( 'NONE', #7520, #8791, #1145, .T. ) ;
#2731 = CLOSED_SHELL ( 'NONE', ( #9058, #1114, #6621, #5599, #8639, #3452, #273, #6409, #11150, #1391, #1223, #2100, #2270, #3671, #1463, #5205, #633, #9244, #8511, #1712, #8117, #10099, #7431, #9010, #52, #759, #2466, #9115, #3948, #10050, #11210, #10207, #10334, #5653, #8747, #5139, #1837, #3892, #10948, #11179, #1639, #10847, #420, #2278, #5906, #4527, #1890, #10623, #9363, #1270, #7711, #6917, #3649, #4809, #10174, #5034, #3585, #5408, #2841, #1403, #9457, #2050, #10265, #2118, #3049, #6130, #9936, #238, #7505, #6279, #8447, #9332, #6701, #7547, #10504, #10012, #1341, #1907, #8435, #1776, #2821, #5350, #6741, #11638, #6335, #7326, #4961, #979, #7346, #11269, #11501, #2992, #2934, #8630, #695, #7608, #3170, #9392, #4625, #7400, #4789, #7915, #3232, #11323, #3114, #1587, #706, #10635, #9958, #7850, #1298, #4577, #8211, #218, #6641, #2766, #8174, #11096, #4902, #9523, #130, #5799, #4841, #5744, #8291, #5263, #10324, #1279, #2015, #9404, #11058, #6841, #7599, #163, #5470, #955, #7839, #1065, #9342, #4633, #4340, #9283, #2789, #8573, #6904, #4680, #8802, #9134, #3976, #7235, #11000, #7028, #4051, #9464, #7165, #6560, #4272, #6032, #3707, #2066, #8689, #1513, #8755, #2717, #4733, #2220, #10896, #5844, #2177, #9993, #3929, #5963, #11117, #3162, #10929, #9169, #4331, #6444, #328, #1134 ) ) ;
#2732 = VECTOR ( 'NONE', #3433, 1000.000000000000000 ) ;
#2733 = VERTEX_POINT ( 'NONE', #4440 ) ;
#2734 = DIRECTION ( 'NONE',  ( 0.0000000000000000000, 3.252606517456512119E-15, -1.000000000000000000 ) ) ;
#2735 = CARTESIAN_POINT ( 'NONE',  ( 10.37500000000000178, 8.673617379884035472E-15, -0.2250000000000008105 ) ) ;
#2736 = MECHANICAL_DESIGN_GEOMETRIC_PRESENTATION_REPRESENTATION (  '', ( #1692 ), #3925 ) ;
#2737 = ORIENTED_EDGE ( 'NONE', *, *, #2522, .T. ) ;
#2738 = ORIENTED_EDGE ( 'NONE', *, *, #312, .T. ) ;
#2739 = PLANE ( 'NONE',  #8968 ) ;
#2740 = CARTESIAN_POINT ( 'NONE',  ( -2.274999999999999911, 1.999999999999997780, -2.075000000000008615 ) ) ;
#2741 = VECTOR ( 'NONE', #2685, 1000.000000000000000 ) ;
#2742 = LINE ( 'NONE', #10981, #333 ) ;
#2743 = DIRECTION ( 'NONE',  ( 1.000000000000000000, 0.0000000000000000000, 0.0000000000000000000 ) ) ;
#2744 = CARTESIAN_POINT ( 'NONE',  ( 9.775000000000002132, 2.000000000000000000, -2.024999999999999911 ) ) ;
#2745 = EDGE_CURVE ( 'NONE', #7375, #10666, #879, .T. ) ;
#2746 = DIRECTION ( 'NONE',  ( -0.0000000000000000000, 1.000000000000000000, 0.0000000000000000000 ) ) ;
#2747 = VERTEX_POINT ( 'NONE', #960 ) ;
#2748 = LINE ( 'NONE', #6196, #340 ) ;
#2749 = ORIENTED_EDGE ( 'NONE', *, *, #10258, .F. ) ;
#2750 = CARTESIAN_POINT ( 'NONE',  ( 0.7250000000000000888, 0.0000000000000000000, -1.525000000000000133 ) ) ;
#2751 = AXIS2_PLACEMENT_3D ( 'NONE', #3029, #3152, #11414 ) ;
#2752 = DIRECTION ( 'NONE',  ( 0.0000000000000000000, 0.0000000000000000000, 1.000000000000000000 ) ) ;
#2753 = DIRECTION ( 'NONE',  ( 1.000000000000000000, 0.0000000000000000000, -0.0000000000000000000 ) ) ;
#2754 = LINE ( 'NONE', #11628, #347 ) ;
#2755 = VECTOR ( 'NONE', #2296, 1000.000000000000000 ) ;
#2756 = ORIENTED_EDGE ( 'NONE', *, *, #4023, .F. ) ;
#2757 = EDGE_CURVE ( 'NONE', #7736, #9564, #3670, .T. ) ;
#2758 = EDGE_CURVE ( 'NONE', #7266, #6824, #7288, .T. ) ;
#2759 = EDGE_LOOP ( 'NONE', ( #4392, #9601, #3273, #3520 ) ) ;
#2760 = UNCERTAINTY_MEASURE_WITH_UNIT (LENGTH_MEASURE( 1.000000000000000082E-05 ), #5826, 'distance_accuracy_value', 'NONE');
#2761 = SURFACE_STYLE_USAGE ( .BOTH. , #7207 ) ;
#2762 = VECTOR ( 'NONE', #1983, 1000.000000000000000 ) ;
#2763 = PLANE ( 'NONE',  #8032 ) ;
#2764 = ORIENTED_EDGE ( 'NONE', *, *, #325, .T. ) ;
#2765 = EDGE_LOOP ( 'NONE', ( #6414, #377, #5900, #427 ) ) ;
#2766 = ADVANCED_FACE ( 'NONE', ( #9567 ), #4721, .T. ) ;
#2767 = AXIS2_PLACEMENT_3D ( 'NONE', #4349, #7902, #828 ) ;
#2768 = EDGE_CURVE ( 'NONE', #7264, #8097, #11374, .T. ) ;
#2769 = CARTESIAN_POINT ( 'NONE',  ( 8.014999999999998792, 0.0000000000000000000, -1.474999999999999867 ) ) ;
#2770 = ORIENTED_EDGE ( 'NONE', *, *, #10431, .F. ) ;
#2771 = VECTOR ( 'NONE', #3877, 1000.000000000000000 ) ;
#2772 = FILL_AREA_STYLE_COLOUR ( '', #7109 ) ;
#2773 = VECTOR ( 'NONE', #3917, 1000.000000000000000 ) ;
#2774 = VECTOR ( 'NONE', #5581, 1000.000000000000000 ) ;
#2775 = ORIENTED_EDGE ( 'NONE', *, *, #2499, .F. ) ;
#2776 = CARTESIAN_POINT ( 'NONE',  ( 6.775000000000000355, 0.0000000000000000000, -1.525000000000000133 ) ) ;
#2777 = PLANE ( 'NONE',  #4493 ) ;
#2778 = DIRECTION ( 'NONE',  ( 0.0000000000000000000, 0.0000000000000000000, 1.000000000000000000 ) ) ;
#2779 = DIRECTION ( 'NONE',  ( 1.000000000000000000, 0.0000000000000000000, 0.0000000000000000000 ) ) ;
#2780 = DIRECTION ( 'NONE',  ( 0.0000000000000000000, -1.000000000000000000, 0.0000000000000000000 ) ) ;
#2781 = EDGE_LOOP ( 'NONE', ( #1419, #8893, #3626 ) ) ;
#2782 = LINE ( 'NONE', #3123, #6823 ) ;
#2783 = LINE ( 'NONE', #4826, #8520 ) ;
#2784 = VECTOR ( 'NONE', #3478, 1000.000000000000000 ) ;
#2785 = DIRECTION ( 'NONE',  ( 0.0000000000000000000, 0.0000000000000000000, 1.000000000000000000 ) ) ;
#2786 = ORIENTED_EDGE ( 'NONE', *, *, #3471, .T. ) ;
#2787 = EDGE_CURVE ( 'NONE', #9982, #6020, #8417, .T. ) ;
#2788 = CARTESIAN_POINT ( 'NONE',  ( -0.7249999999999999778, -0.6500000000000000222, -1.775000000000000133 ) ) ;
#2789 = ADVANCED_FACE ( 'NONE', ( #11091 ), #9031, .T. ) ;
#2790 = EDGE_CURVE ( 'NONE', #7798, #10666, #6591, .T. ) ;
#2791 = ORIENTED_EDGE ( 'NONE', *, *, #5777, .T. ) ;
#2792 = CARTESIAN_POINT ( 'NONE',  ( 1.975000000000000089, 1.850000000000000089, 2.024999999999999911 ) ) ;
#2793 = VERTEX_POINT ( 'NONE', #1821 ) ;
#2794 = ORIENTED_EDGE ( 'NONE', *, *, #2646, .T. ) ;
#2795 = ORIENTED_EDGE ( 'NONE', *, *, #247, .F. ) ;
#2796 = LINE ( 'NONE', #2134, #4600 ) ;
#2797 = CARTESIAN_POINT ( 'NONE',  ( 0.5250000000000000222, 1.649999999999999911, -1.025000000000000133 ) ) ;
#2798 = VECTOR ( 'NONE', #4683, 1000.000000000000000 ) ;
#2799 = CARTESIAN_POINT ( 'NONE',  ( 9.975000000000003197, 4.249999999999992895, -0.07499999999999976130 ) ) ;
#2800 = VERTEX_POINT ( 'NONE', #5415 ) ;
#2801 = EDGE_LOOP ( 'NONE', ( #2657, #8760, #4846, #2670 ) ) ;
#2802 = ORIENTED_EDGE ( 'NONE', *, *, #6753, .F. ) ;
#2803 = CARTESIAN_POINT ( 'NONE',  ( 9.775000000000002132, 0.6000000000000024203, 1.375000000000002442 ) ) ;
#2804 = ORIENTED_EDGE ( 'NONE', *, *, #2557, .F. ) ;
#2805 = LINE ( 'NONE', #1074, #2388 ) ;
#2806 = VECTOR ( 'NONE', #4864, 1000.000000000000000 ) ;
#2807 = CARTESIAN_POINT ( 'NONE',  ( 5.724999999999999645, 1.850000000000000089, -2.024999999999999911 ) ) ;
#2808 = EDGE_LOOP ( 'NONE', ( #606, #10560, #11228, #1772, #9623, #5507 ) ) ;
#2809 = VERTEX_POINT ( 'NONE', #9962 ) ;
#2810 = ORIENTED_EDGE ( 'NONE', *, *, #516, .F. ) ;
#2811 = VERTEX_POINT ( 'NONE', #11010 ) ;
#2812 = DIRECTION ( 'NONE',  ( 0.0000000000000000000, 1.000000000000000000, 0.0000000000000000000 ) ) ;
#2813 = VECTOR ( 'NONE', #3503, 1000.000000000000000 ) ;
#2814 = DIRECTION ( 'NONE',  ( 0.0000000000000000000, -1.000000000000000000, 0.0000000000000000000 ) ) ;
#2815 = AXIS2_PLACEMENT_3D ( 'NONE', #7529, #10210, #4830 ) ;
#2816 = LINE ( 'NONE', #8903, #7986 ) ;
#2817 = DIRECTION ( 'NONE',  ( 0.0000000000000000000, -1.000000000000000000, 0.0000000000000000000 ) ) ;
#2818 = VERTEX_POINT ( 'NONE', #5679 ) ;
#2819 = EDGE_CURVE ( 'NONE', #10526, #8774, #431, .T. ) ;
#2820 = ORIENTED_EDGE ( 'NONE', *, *, #5977, .T. ) ;
#2821 = ADVANCED_FACE ( 'NONE', ( #8134 ), #6732, .T. ) ;
#2822 = EDGE_CURVE ( 'NONE', #2830, #3068, #8006, .T. ) ;
#2823 = CARTESIAN_POINT ( 'NONE',  ( 1.775000000000000133, 1.795247431900000024, 2.024999999999999911 ) ) ;
#2824 = CARTESIAN_POINT ( 'NONE',  ( 0.7249999999999999778, 1.350000000000000089, 0.0000000000000000000 ) ) ;
#2825 = VECTOR ( 'NONE', #9584, 1000.000000000000114 ) ;
#2826 = VECTOR ( 'NONE', #11559, 1000.000000000000000 ) ;
#2827 = DIRECTION ( 'NONE',  ( -0.0000000000000000000, 0.7468134723257140450, 0.6650335612228979176 ) ) ;
#2828 = DIRECTION ( 'NONE',  ( -1.000000000000000000, 0.0000000000000000000, 0.0000000000000000000 ) ) ;
#2829 = VERTEX_POINT ( 'NONE', #5756 ) ;
#2830 = VERTEX_POINT ( 'NONE', #10264 ) ;
#2831 = CARTESIAN_POINT ( 'NONE',  ( 1.984999999999999876, 1.850000000000000089, -1.025000000000000133 ) ) ;
#2832 = AXIS2_PLACEMENT_3D ( 'NONE', #1140, #4718, #8257 ) ;
#2833 = FACE_OUTER_BOUND ( 'NONE', #5487, .T. ) ;
#2834 = EDGE_CURVE ( 'NONE', #9775, #11053, #7163, .T. ) ;
#2835 = LINE ( 'NONE', #6497, #8019 ) ;
#2836 = CARTESIAN_POINT ( 'NONE',  ( 9.775000000000002132, 4.240000000000000213, -1.925000000000000711 ) ) ;
#2837 = LINE ( 'NONE', #9760, #8152 ) ;
#2838 = DIRECTION ( 'NONE',  ( 0.0000000000000000000, 0.0000000000000000000, -1.000000000000000000 ) ) ;
#2839 = CARTESIAN_POINT ( 'NONE',  ( 9.775000000000002132, 1.950000000000002176, 1.375000000000006883 ) ) ;
#2840 = ORIENTED_EDGE ( 'NONE', *, *, #11171, .T. ) ;
#2841 = ADVANCED_FACE ( 'NONE', ( #7426 ), #387, .F. ) ;
#2842 = ORIENTED_EDGE ( 'NONE', *, *, #5446, .T. ) ;
#2843 = VECTOR ( 'NONE', #11299, 1000.000000000000000 ) ;
#2844 = LINE ( 'NONE', #1891, #10851 ) ;
#2845 = CARTESIAN_POINT ( 'NONE',  ( -0.5250000000000000222, -0.004464445899999999919, 0.003975566199999999890 ) ) ;
#2846 = EDGE_LOOP ( 'NONE', ( #7704, #2618, #11042, #4540 ) ) ;
#2847 = CARTESIAN_POINT ( 'NONE',  ( 9.775000000000002132, 1.999999999999998668, -1.425000000000000933 ) ) ;
#2848 = VECTOR ( 'NONE', #5059, 1000.000000000000000 ) ;
#2849 = EDGE_CURVE ( 'NONE', #952, #3780, #6580, .T. ) ;
#2850 = CARTESIAN_POINT ( 'NONE',  ( 6.975000000000000533, 0.3500000000000000333, -2.024999999999999911 ) ) ;
#2851 = CARTESIAN_POINT ( 'NONE',  ( 7.074999999999999289, 1.850000000000000089, 2.024999999999999911 ) ) ;
#2852 = ORIENTED_EDGE ( 'NONE', *, *, #11115, .F. ) ;
#2853 = DIRECTION ( 'NONE',  ( 0.0000000000000000000, 2.148487149506091871E-16, 1.000000000000000000 ) ) ;
#2854 = CARTESIAN_POINT ( 'NONE',  ( 8.224999999999999645, 1.000000000000000000, 1.525000000000000133 ) ) ;
#2855 = VECTOR ( 'NONE', #6178, 1000.000000000000000 ) ;
#2856 = FACE_OUTER_BOUND ( 'NONE', #8106, .T. ) ;
#2857 = PLANE ( 'NONE',  #7880 ) ;
#2858 = VERTEX_POINT ( 'NONE', #9374 ) ;
#2859 = CARTESIAN_POINT ( 'NONE',  ( 0.7250000000000000888, 0.5547525681000000652, 2.024999999999999911 ) ) ;
#2860 = DIRECTION ( 'NONE',  ( 0.0000000000000000000, 0.0000000000000000000, -1.000000000000000000 ) ) ;
#2861 = ORIENTED_EDGE ( 'NONE', *, *, #8909, .F. ) ;
#2862 = PRESENTATION_LAYER_ASSIGNMENT (  '', '', ( #11496 ) ) ;
#2863 = CARTESIAN_POINT ( 'NONE',  ( 8.024999999999998579, -0.6500000000000000222, -2.075000000000000178 ) ) ;
#2864 = EDGE_CURVE ( 'NONE', #9365, #2630, #7695, .T. ) ;
#2865 = DIRECTION ( 'NONE',  ( 1.000000000000000000, 0.0000000000000000000, 0.0000000000000000000 ) ) ;
#2866 = EDGE_CURVE ( 'NONE', #10128, #5259, #1556, .T. ) ;
#2867 = LINE ( 'NONE', #10510, #9617 ) ;
#2868 = VECTOR ( 'NONE', #10352, 1000.000000000000000 ) ;
#2869 = VERTEX_POINT ( 'NONE', #345 ) ;
#2870 = VECTOR ( 'NONE', #1053, 1000.000000000000000 ) ;
#2871 = DIRECTION ( 'NONE',  ( -0.0000000000000000000, 0.0000000000000000000, -1.000000000000000000 ) ) ;
#2872 = ORIENTED_EDGE ( 'NONE', *, *, #1899, .F. ) ;
#2873 = CARTESIAN_POINT ( 'NONE',  ( -2.375000000000000000, 3.750000000000000000, 0.02500000000000000139 ) ) ;
#2874 = CARTESIAN_POINT ( 'NONE',  ( 9.775000000000002132, 2.224999999999998757, -2.025000000000007905 ) ) ;
#2875 = ADVANCED_FACE ( 'NONE', ( #5614 ), #1215, .F. ) ;
#2876 = VECTOR ( 'NONE', #2779, 1000.000000000000000 ) ;
#2877 = AXIS2_PLACEMENT_3D ( 'NONE', #1333, #1372, #10268 ) ;
#2878 =( LENGTH_UNIT ( ) NAMED_UNIT ( * ) SI_UNIT ( .MILLI., .METRE. ) );
#2879 = ORIENTED_EDGE ( 'NONE', *, *, #2170, .T. ) ;
#2880 = EDGE_LOOP ( 'NONE', ( #389, #4677, #1072, #5206 ) ) ;
#2881 = CARTESIAN_POINT ( 'NONE',  ( 0.7250000000000000888, 1.000000000000000000, 1.525000000000000133 ) ) ;
#2882 = PLANE ( 'NONE',  #4952 ) ;
#2883 = EDGE_CURVE ( 'NONE', #1764, #2331, #6865, .T. ) ;
#2884 = CARTESIAN_POINT ( 'NONE',  ( 6.325000000000002842, 1.850000000000000089, 2.024999999999999911 ) ) ;
#2885 = VECTOR ( 'NONE', #9872, 1000.000000000000000 ) ;
#2886 = COLOUR_RGB ( '',1.000000000000000000, 1.000000000000000000, 1.000000000000000000 ) ;
#2887 = DIRECTION ( 'NONE',  ( 0.0000000000000000000, 1.000000000000000000, 0.0000000000000000000 ) ) ;
#2888 = SHAPE_DEFINITION_REPRESENTATION ( #4232, #7826 ) ;
#2889 = DIRECTION ( 'NONE',  ( 0.0000000000000000000, 0.0000000000000000000, 1.000000000000000000 ) ) ;
#2890 = ORIENTED_EDGE ( 'NONE', *, *, #8819, .F. ) ;
#2891 = ORIENTED_EDGE ( 'NONE', *, *, #3805, .F. ) ;
#2892 = UNCERTAINTY_MEASURE_WITH_UNIT (LENGTH_MEASURE( 1.000000000000000082E-05 ), #292, 'distance_accuracy_value', 'NONE');
#2893 = ADVANCED_FACE ( 'NONE', ( #1979 ), #6612, .F. ) ;
#2894 = CARTESIAN_POINT ( 'NONE',  ( 1.775000000000000133, 1.350000000000000089, 0.0000000000000000000 ) ) ;
#2895 = DIRECTION ( 'NONE',  ( 0.0000000000000000000, 0.0000000000000000000, -1.000000000000000000 ) ) ;
#2896 = VECTOR ( 'NONE', #662, 1000.000000000000000 ) ;
#2897 = VECTOR ( 'NONE', #4307, 1000.000000000000000 ) ;
#2898 = EDGE_CURVE ( 'NONE', #9545, #324, #1845, .T. ) ;
#2899 = CARTESIAN_POINT ( 'NONE',  ( 9.975000000000003197, 3.599999999999999201, -0.07500000000000128786 ) ) ;
#2900 = SURFACE_STYLE_USAGE ( .BOTH. , #8806 ) ;
#2901 = EDGE_CURVE ( 'NONE', #7973, #4529, #8564, .T. ) ;
#2902 = ORIENTED_EDGE ( 'NONE', *, *, #10950, .F. ) ;
#2903 = AXIS2_PLACEMENT_3D ( 'NONE', #9846, #6177, #11524 ) ;
#2904 = DIRECTION ( 'NONE',  ( 0.0000000000000000000, 2.997602166487923448E-15, -1.000000000000000000 ) ) ;
#2905 = DIRECTION ( 'NONE',  ( 1.000000000000000000, 0.0000000000000000000, 0.0000000000000000000 ) ) ;
#2906 = PRODUCT ( 'B08MB-GHS-TBT', 'B08MB-GHS-TBT', '', ( #687 ) ) ;
#2907 = ORIENTED_EDGE ( 'NONE', *, *, #7558, .F. ) ;
#2908 = DIRECTION ( 'NONE',  ( 0.0000000000000000000, -1.000000000000000000, -3.219646771412953967E-15 ) ) ;
#2909 = VECTOR ( 'NONE', #5959, 1000.000000000000000 ) ;
#2910 = LINE ( 'NONE', #11509, #4454 ) ;
#2911 =( NAMED_UNIT ( * ) SI_UNIT ( $, .STERADIAN. ) SOLID_ANGLE_UNIT ( ) );
#2912 = FACE_OUTER_BOUND ( 'NONE', #8971, .T. ) ;
#2913 = EDGE_LOOP ( 'NONE', ( #10098, #9942, #6141, #6053 ) ) ;
#2914 = AXIS2_PLACEMENT_3D ( 'NONE', #5318, #6165, #3561 ) ;
#2915 = EDGE_CURVE ( 'NONE', #7009, #8638, #11234, .T. ) ;
#2916 = ORIENTED_EDGE ( 'NONE', *, *, #561, .T. ) ;
#2917 = CARTESIAN_POINT ( 'NONE',  ( 0.5150000000000000133, 1.649999999999999911, -1.698606797699999893 ) ) ;
#2918 = ORIENTED_EDGE ( 'NONE', *, *, #2101, .T. ) ;
#2919 = ORIENTED_EDGE ( 'NONE', *, *, #9106, .T. ) ;
#2920 = SURFACE_STYLE_FILL_AREA ( #67 ) ;
#2921 = VECTOR ( 'NONE', #2860, 1000.000000000000000 ) ;
#2922 = DIRECTION ( 'NONE',  ( -1.000000000000000000, 0.0000000000000000000, 0.0000000000000000000 ) ) ;
#2923 = DIRECTION ( 'NONE',  ( 0.0000000000000000000, -1.000000000000000000, 0.0000000000000000000 ) ) ;
#2924 = CARTESIAN_POINT ( 'NONE',  ( 6.985000000000000320, 1.000000000000000000, -1.525000000000000133 ) ) ;
#2925 = DIRECTION ( 'NONE',  ( -0.0000000000000000000, 1.000000000000000000, 0.0000000000000000000 ) ) ;
#2926 = PLANE ( 'NONE',  #1407 ) ;
#2927 = ORIENTED_EDGE ( 'NONE', *, *, #7088, .F. ) ;
#2928 = VERTEX_POINT ( 'NONE', #2315 ) ;
#2929 = EDGE_LOOP ( 'NONE', ( #567, #10845, #11075, #11488, #5127, #5970 ) ) ;
#2930 = VERTEX_POINT ( 'NONE', #4195 ) ;
#2931 = ORIENTED_EDGE ( 'NONE', *, *, #3589, .F. ) ;
#2932 = VECTOR ( 'NONE', #10460, 1000.000000000000000 ) ;
#2933 = EDGE_CURVE ( 'NONE', #9886, #8964, #7152, .T. ) ;
#2934 = ADVANCED_FACE ( 'NONE', ( #2402 ), #1454, .F. ) ;
#2935 = PRESENTATION_STYLE_ASSIGNMENT (( #11615 ) ) ;
#2936 = PLANE ( 'NONE',  #9709 ) ;
#2937 = EDGE_CURVE ( 'NONE', #9111, #124, #9267, .T. ) ;
#2938 = CARTESIAN_POINT ( 'NONE',  ( 3.225000000000000089, 1.350000000000000089, 0.0000000000000000000 ) ) ;
#2939 = DIRECTION ( 'NONE',  ( -1.000000000000000000, 0.0000000000000000000, 0.0000000000000000000 ) ) ;
#2940 = ORIENTED_EDGE ( 'NONE', *, *, #10508, .T. ) ;
#2941 = DIRECTION ( 'NONE',  ( 0.0000000000000000000, -1.000000000000000000, 0.0000000000000000000 ) ) ;
#2942 = ORIENTED_EDGE ( 'NONE', *, *, #4187, .F. ) ;
#2943 = ORIENTED_EDGE ( 'NONE', *, *, #3979, .T. ) ;
#2944 = VERTEX_POINT ( 'NONE', #11563 ) ;
#2945 = CARTESIAN_POINT ( 'NONE',  ( 8.675000000000002487, 2.550000000000000266, -1.474999999999999867 ) ) ;
#2946 = LINE ( 'NONE', #2269, #10221 ) ;
#2947 = FACE_OUTER_BOUND ( 'NONE', #3418, .T. ) ;
#2948 = CARTESIAN_POINT ( 'NONE',  ( 5.724999999999999645, 1.000000000000000000, 1.525000000000000133 ) ) ;
#2949 = EDGE_LOOP ( 'NONE', ( #4773, #5766, #8279, #10062 ) ) ;
#2950 = ORIENTED_EDGE ( 'NONE', *, *, #1679, .T. ) ;
#2951 = VERTEX_POINT ( 'NONE', #8906 ) ;
#2952 = ADVANCED_FACE ( 'NONE', ( #9132 ), #7979, .F. ) ;
#2953 = VECTOR ( 'NONE', #5835, 1000.000000000000114 ) ;
#2954 = LINE ( 'NONE', #2350, #2103 ) ;
#2955 = EDGE_CURVE ( 'NONE', #7727, #3898, #7792, .T. ) ;
#2956 = UNCERTAINTY_MEASURE_WITH_UNIT (LENGTH_MEASURE( 1.000000000000000082E-05 ), #4226, 'distance_accuracy_value', 'NONE');
#2957 = ORIENTED_EDGE ( 'NONE', *, *, #4780, .F. ) ;
#2958 = CARTESIAN_POINT ( 'NONE',  ( -0.5250000000000000222, 1.000000000000000000, 1.525000000000000133 ) ) ;
#2959 = VERTEX_POINT ( 'NONE', #9163 ) ;
#2960 = PLANE ( 'NONE',  #4912 ) ;
#2961 = VECTOR ( 'NONE', #1997, 1000.000000000000000 ) ;
#2962 = CARTESIAN_POINT ( 'NONE',  ( 0.7249999999999998668, -0.6500000000000000222, -1.775000000000000133 ) ) ;
#2963 = ORIENTED_EDGE ( 'NONE', *, *, #6419, .F. ) ;
#2964 = CARTESIAN_POINT ( 'NONE',  ( 6.765000000000000568, 1.850000000000000089, -2.024999999999999911 ) ) ;
#2965 = VECTOR ( 'NONE', #5326, 1000.000000000000000 ) ;
#2966 = CARTESIAN_POINT ( 'NONE',  ( 8.224999999999999645, 0.3499999999999999778, -2.075000000000000178 ) ) ;
#2967 = LINE ( 'NONE', #6217, #3819 ) ;
#2968 = EDGE_CURVE ( 'NONE', #6465, #7010, #8334, .T. ) ;
#2969 = ORIENTED_EDGE ( 'NONE', *, *, #7132, .F. ) ;
#2970 = EDGE_CURVE ( 'NONE', #11089, #741, #193, .T. ) ;
#2971 = DIRECTION ( 'NONE',  ( 0.0000000000000000000, 0.0000000000000000000, -1.000000000000000000 ) ) ;
#2972 = ORIENTED_EDGE ( 'NONE', *, *, #5746, .T. ) ;
#2973 = PLANE ( 'NONE',  #5002 ) ;
#2974 = VERTEX_POINT ( 'NONE', #3007 ) ;
#2975 = LINE ( 'NONE', #9310, #6205 ) ;
#2976 = DIRECTION ( 'NONE',  ( -1.000000000000000000, 0.0000000000000000000, 0.0000000000000000000 ) ) ;
#2977 = VECTOR ( 'NONE', #9787, 1000.000000000000000 ) ;
#2978 = DIRECTION ( 'NONE',  ( 0.0000000000000000000, 1.000000000000000000, 0.0000000000000000000 ) ) ;
#2979 = VECTOR ( 'NONE', #8550, 1000.000000000000000 ) ;
#2980 = CARTESIAN_POINT ( 'NONE',  ( 5.825000000000000178, 1.649999999999999911, -1.025000000000000133 ) ) ;
#2981 = VECTOR ( 'NONE', #3022, 1000.000000000000000 ) ;
#2982 =( NAMED_UNIT ( * ) SI_UNIT ( $, .STERADIAN. ) SOLID_ANGLE_UNIT ( ) );
#2983 = ORIENTED_EDGE ( 'NONE', *, *, #9813, .F. ) ;
#2984 = SURFACE_STYLE_FILL_AREA ( #8151 ) ;
#2985 = ORIENTED_EDGE ( 'NONE', *, *, #6201, .T. ) ;
#2986 = EDGE_CURVE ( 'NONE', #1002, #22, #1767, .T. ) ;
#2987 = LINE ( 'NONE', #6735, #8170 ) ;
#2988 = CARTESIAN_POINT ( 'NONE',  ( 9.375000000000001776, 2.550000000000000266, -1.474999999999999867 ) ) ;
#2989 = VECTOR ( 'NONE', #4014, 1000.000000000000000 ) ;
#2990 = AXIS2_PLACEMENT_3D ( 'NONE', #9738, #6135, #9700 ) ;
#2991 = LINE ( 'NONE', #3055, #9456 ) ;
#2992 = ADVANCED_FACE ( 'NONE', ( #4810 ), #4947, .F. ) ;
#2993 = ORIENTED_EDGE ( 'NONE', *, *, #7023, .F. ) ;
#2994 = ORIENTED_EDGE ( 'NONE', *, *, #10565, .F. ) ;
#2995 = PLANE ( 'NONE',  #9424 ) ;
#2996 = DIRECTION ( 'NONE',  ( 0.0000000000000000000, 0.0000000000000000000, -1.000000000000000000 ) ) ;
#2997 = FACE_OUTER_BOUND ( 'NONE', #11366, .T. ) ;
#2998 = LINE ( 'NONE', #274, #4801 ) ;
#2999 = CARTESIAN_POINT ( 'NONE',  ( 4.125000000000000000, 1.000000000000000000, -2.024999999999999911 ) ) ;
#3000 = EDGE_CURVE ( 'NONE', #9814, #3883, #6382, .T. ) ;
#3001 = CARTESIAN_POINT ( 'NONE',  ( -2.500000000000000000, 4.240000000000000213, 2.024999999999999911 ) ) ;
#3002 = DIRECTION ( 'NONE',  ( 0.0000000000000000000, -1.000000000000000000, 0.0000000000000000000 ) ) ;
#3003 = EDGE_CURVE ( 'NONE', #9402, #10512, #9051, .T. ) ;
#3004 = ORIENTED_EDGE ( 'NONE', *, *, #4469, .T. ) ;
#3005 = LINE ( 'NONE', #2592, #2870 ) ;
#3006 = CARTESIAN_POINT ( 'NONE',  ( 9.775000000000002132, 4.239999999999999325, -1.925000000000000711 ) ) ;
#3007 = CARTESIAN_POINT ( 'NONE',  ( -0.7349999999999999867, 1.850000000000000089, -1.025000000000000133 ) ) ;
#3008 = ORIENTED_EDGE ( 'NONE', *, *, #5411, .T. ) ;
#3009 = CARTESIAN_POINT ( 'NONE',  ( -0.4249999999999999889, 1.649999999999999911, 2.024999999999999911 ) ) ;
#3010 = ADVANCED_FACE ( 'NONE', ( #3578 ), #6715, .T. ) ;
#3011 = LINE ( 'NONE', #3546, #10442 ) ;
#3012 = LINE ( 'NONE', #8466, #10443 ) ;
#3013 = CARTESIAN_POINT ( 'NONE',  ( 6.975000000000000533, 0.0000000000000000000, 2.024999999999999911 ) ) ;
#3014 = AXIS2_PLACEMENT_3D ( 'NONE', #3177, #5560, #2183 ) ;
#3015 = DIRECTION ( 'NONE',  ( 1.000000000000000000, -0.0000000000000000000, 0.0000000000000000000 ) ) ;
#3016 = CLOSED_SHELL ( 'NONE', ( #11280, #10439, #2952, #2875, #4217, #1170, #6582, #8233 ) ) ;
#3017 = VECTOR ( 'NONE', #10808, 1000.000000000000000 ) ;
#3018 = DIRECTION ( 'NONE',  ( 0.0000000000000000000, 1.000000000000000000, 0.0000000000000000000 ) ) ;
#3019 = ORIENTED_EDGE ( 'NONE', *, *, #11071, .F. ) ;
#3020 = CARTESIAN_POINT ( 'NONE',  ( -2.875000000000000000, 3.600000000000000977, -0.07499999999999998335 ) ) ;
#3021 = SURFACE_SIDE_STYLE ('',( #3804 ) ) ;
#3022 = DIRECTION ( 'NONE',  ( 0.0000000000000000000, 1.000000000000000000, 0.0000000000000000000 ) ) ;
#3023 = VECTOR ( 'NONE', #10615, 1000.000000000000000 ) ;
#3024 = LINE ( 'NONE', #8441, #6236 ) ;
#3025 = CARTESIAN_POINT ( 'NONE',  ( -0.5250000000000000222, -0.6500000000000000222, -1.775000000000000133 ) ) ;
#3026 = DIRECTION ( 'NONE',  ( 1.000000000000000000, 0.0000000000000000000, 0.0000000000000000000 ) ) ;
#3027 = EDGE_LOOP ( 'NONE', ( #5018, #4486, #7095, #3312, #5601, #4332, #5997, #8976 ) ) ;
#3028 = EDGE_LOOP ( 'NONE', ( #3217, #9382, #2271, #7636, #10727, #8807 ) ) ;
#3029 = CARTESIAN_POINT ( 'NONE',  ( 5.724999999999999645, 0.0000000000000000000, 2.024999999999999911 ) ) ;
#3030 = CARTESIAN_POINT ( 'NONE',  ( -0.5250000000000000222, 0.05000000000000002359, -1.775000000000000133 ) ) ;
#3031 = DIRECTION ( 'NONE',  ( 0.0000000000000000000, -1.000000000000000000, 0.0000000000000000000 ) ) ;
#3032 = VECTOR ( 'NONE', #1364, 1000.000000000000000 ) ;
#3033 = DIRECTION ( 'NONE',  ( 0.0000000000000000000, 1.000000000000000000, 0.0000000000000000000 ) ) ;
#3034 = FACE_OUTER_BOUND ( 'NONE', #1945, .T. ) ;
#3035 = LINE ( 'NONE', #3744, #1359 ) ;
#3036 = ORIENTED_EDGE ( 'NONE', *, *, #3605, .F. ) ;
#3037 = EDGE_CURVE ( 'NONE', #4959, #578, #8047, .T. ) ;
#3038 = EDGE_LOOP ( 'NONE', ( #3047, #8552, #5883, #1794, #2551, #3322, #7484 ) ) ;
#3039 = DIRECTION ( 'NONE',  ( 0.0000000000000000000, 0.0000000000000000000, 1.000000000000000000 ) ) ;
#3040 = CARTESIAN_POINT ( 'NONE',  ( -2.274999999999999911, 2.000000000000000000, -1.425000000000000044 ) ) ;
#3041 = EDGE_CURVE ( 'NONE', #566, #3501, #11003, .T. ) ;
#3042 = CARTESIAN_POINT ( 'NONE',  ( 3.024999999999999911, 0.3499999999999999778, -2.075000000000000178 ) ) ;
#3043 = SURFACE_STYLE_USAGE ( .BOTH. , #11238 ) ;
#3044 = EDGE_LOOP ( 'NONE', ( #10768, #6722, #9225, #2983 ) ) ;
#3045 = LINE ( 'NONE', #2069, #668 ) ;
#3046 = VECTOR ( 'NONE', #1605, 1000.000000000000000 ) ;
#3047 = ORIENTED_EDGE ( 'NONE', *, *, #3453, .T. ) ;
#3048 = ORIENTED_EDGE ( 'NONE', *, *, #1302, .F. ) ;
#3049 = ADVANCED_FACE ( 'NONE', ( #2456 ), #814, .T. ) ;
#3050 = PLANE ( 'NONE',  #2259 ) ;
#3051 = PLANE ( 'NONE',  #6654 ) ;
#3052 = CARTESIAN_POINT ( 'NONE',  ( 6.974999999999999645, 1.850000000000000089, 2.024999999999999911 ) ) ;
#3053 = CARTESIAN_POINT ( 'NONE',  ( 4.274999999999999467, -0.6500000000000000222, -2.075000000000000178 ) ) ;
#3054 = AXIS2_PLACEMENT_3D ( 'NONE', #9911, #5403, #6246 ) ;
#3055 = CARTESIAN_POINT ( 'NONE',  ( -2.274999999999999911, 8.673617379884035472E-15, -0.2250000000000008105 ) ) ;
#3056 = EDGE_CURVE ( 'NONE', #3150, #10783, #8920, .T. ) ;
#3057 = ORIENTED_EDGE ( 'NONE', *, *, #10617, .F. ) ;
#3058 = DIRECTION ( 'NONE',  ( -1.000000000000000000, 0.0000000000000000000, 0.0000000000000000000 ) ) ;
#3059 = VERTEX_POINT ( 'NONE', #3704 ) ;
#3060 = VECTOR ( 'NONE', #6004, 1000.000000000000000 ) ;
#3061 = VECTOR ( 'NONE', #8620, 1000.000000000000000 ) ;
#3062 = AXIS2_PLACEMENT_3D ( 'NONE', #7611, #8575, #3990 ) ;
#3063 = CARTESIAN_POINT ( 'NONE',  ( 10.37500000000000178, 3.600000000000000977, -0.07499999999999998335 ) ) ;
#3064 = ORIENTED_EDGE ( 'NONE', *, *, #9830, .F. ) ;
#3065 = ORIENTED_EDGE ( 'NONE', *, *, #9106, .F. ) ;
#3066 = DIRECTION ( 'NONE',  ( 0.0000000000000000000, 1.000000000000000000, 0.0000000000000000000 ) ) ;
#3067 = VERTEX_POINT ( 'NONE', #10844 ) ;
#3068 = VERTEX_POINT ( 'NONE', #3823 ) ;
#3069 = VERTEX_POINT ( 'NONE', #2839 ) ;
#3070 = PLANE ( 'NONE',  #3622 ) ;
#3071 = ORIENTED_EDGE ( 'NONE', *, *, #7457, .F. ) ;
#3072 = VECTOR ( 'NONE', #7227, 1000.000000000000000 ) ;
#3073 = VECTOR ( 'NONE', #1517, 1000.000000000000000 ) ;
#3074 = ADVANCED_FACE ( 'NONE', ( #5670 ), #1978, .F. ) ;
#3075 =( GEOMETRIC_REPRESENTATION_CONTEXT ( 3 ) GLOBAL_UNCERTAINTY_ASSIGNED_CONTEXT ( ( #3320 ) ) GLOBAL_UNIT_ASSIGNED_CONTEXT ( ( #619, #6867, #1518 ) ) REPRESENTATION_CONTEXT ( 'NONE', 'WORKASPACE' ) );
#3076 = EDGE_CURVE ( 'NONE', #6697, #2447, #3012, .T. ) ;
#3077 = CARTESIAN_POINT ( 'NONE',  ( 3.015000000000000124, 1.850000000000000089, -1.025000000000000133 ) ) ;
#3078 = DIRECTION ( 'NONE',  ( 0.0000000000000000000, 0.6650335612228979176, -0.7468134723257140450 ) ) ;
#3079 = ORIENTED_EDGE ( 'NONE', *, *, #10469, .F. ) ;
#3080 = ORIENTED_EDGE ( 'NONE', *, *, #5811, .F. ) ;
#3081 = ORIENTED_EDGE ( 'NONE', *, *, #2371, .F. ) ;
#3082 = DIRECTION ( 'NONE',  ( 0.0000000000000000000, 0.0000000000000000000, 1.000000000000000000 ) ) ;
#3083 = DIRECTION ( 'NONE',  ( -1.000000000000000000, 0.0000000000000000000, 0.0000000000000000000 ) ) ;
#3084 = EDGE_LOOP ( 'NONE', ( #6885, #9284, #11590, #4608, #2919, #7565, #3677, #2117 ) ) ;
#3085 = LINE ( 'NONE', #9330, #8393 ) ;
#3086 = DIRECTION ( 'NONE',  ( -1.000000000000000000, 0.0000000000000000000, 0.0000000000000000000 ) ) ;
#3087 = LINE ( 'NONE', #9353, #4343 ) ;
#3088 = DIRECTION ( 'NONE',  ( 0.0000000000000000000, 1.000000000000000000, 0.0000000000000000000 ) ) ;
#3089 = FILL_AREA_STYLE_COLOUR ( '', #5150 ) ;
#3090 = EDGE_LOOP ( 'NONE', ( #9921, #6150, #9621, #6862, #7552, #11433 ) ) ;
#3091 = PRESENTATION_LAYER_ASSIGNMENT (  '', '', ( #9920 ) ) ;
#3092 = ORIENTED_EDGE ( 'NONE', *, *, #9399, .T. ) ;
#3093 = ORIENTED_EDGE ( 'NONE', *, *, #1482, .F. ) ;
#3094 = ORIENTED_EDGE ( 'NONE', *, *, #7132, .T. ) ;
#3095 = EDGE_CURVE ( 'NONE', #2431, #4321, #6643, .T. ) ;
#3096 = EDGE_CURVE ( 'NONE', #985, #3069, #1768, .T. ) ;
#3097 = CARTESIAN_POINT ( 'NONE',  ( 4.474999999999999645, 1.649999999999999911, -1.025000000000000133 ) ) ;
#3098 = FACE_OUTER_BOUND ( 'NONE', #1299, .T. ) ;
#3099 = LINE ( 'NONE', #5242, #2548 ) ;
#3100 = CARTESIAN_POINT ( 'NONE',  ( 2.575000000000000178, 1.850000000000000089, 2.024999999999999911 ) ) ;
#3101 = DIRECTION ( 'NONE',  ( 1.000000000000000000, 0.0000000000000000000, 0.0000000000000000000 ) ) ;
#3102 = EDGE_LOOP ( 'NONE', ( #1632, #1484, #6324, #6137, #3250, #9160, #7218, #10109 ) ) ;
#3103 = CARTESIAN_POINT ( 'NONE',  ( 3.024999999999999911, 1.649999999999999911, -1.698606797699999893 ) ) ;
#3104 = DIRECTION ( 'NONE',  ( 1.000000000000000000, 0.0000000000000000000, 0.0000000000000000000 ) ) ;
#3105 = ORIENTED_EDGE ( 'NONE', *, *, #6291, .F. ) ;
#3106 = ADVANCED_FACE ( 'NONE', ( #1478 ), #3230, .F. ) ;
#3107 = PRESENTATION_STYLE_ASSIGNMENT (( #3882 ) ) ;
#3108 = AXIS2_PLACEMENT_3D ( 'NONE', #7148, #7217, #3558 ) ;
#3109 = SURFACE_STYLE_USAGE ( .BOTH. , #7656 ) ;
#3110 = LINE ( 'NONE', #9135, #7026 ) ;
#3111 = PLANE ( 'NONE',  #1437 ) ;
#3112 = UNCERTAINTY_MEASURE_WITH_UNIT (LENGTH_MEASURE( 1.000000000000000082E-05 ), #11520, 'distance_accuracy_value', 'NONE');
#3113 = ORIENTED_EDGE ( 'NONE', *, *, #9086, .T. ) ;
#3114 = ADVANCED_FACE ( 'NONE', ( #6796 ), #5171, .F. ) ;
#3115 = ORIENTED_EDGE ( 'NONE', *, *, #10103, .F. ) ;
#3116 = DIRECTION ( 'NONE',  ( 0.0000000000000000000, 1.000000000000000000, 0.0000000000000000000 ) ) ;
#3117 = EDGE_CURVE ( 'NONE', #8675, #5672, #9618, .T. ) ;
#3118 = DIRECTION ( 'NONE',  ( -1.000000000000000000, 0.0000000000000000000, 0.0000000000000000000 ) ) ;
#3119 = FACE_OUTER_BOUND ( 'NONE', #7384, .T. ) ;
#3120 = FACE_OUTER_BOUND ( 'NONE', #5152, .T. ) ;
#3121 = CARTESIAN_POINT ( 'NONE',  ( 0.7250000000000000888, 1.315130797599999957, 1.171117220399999770 ) ) ;
#3122 = FACE_OUTER_BOUND ( 'NONE', #114, .T. ) ;
#3123 = CARTESIAN_POINT ( 'NONE',  ( 10.37500000000000178, 4.250000000000000000, -2.024999999999999911 ) ) ;
#3124 = DIRECTION ( 'NONE',  ( 0.0000000000000000000, 0.0000000000000000000, -1.000000000000000000 ) ) ;
#3125 = ORIENTED_EDGE ( 'NONE', *, *, #10828, .T. ) ;
#3126 = DIRECTION ( 'NONE',  ( 0.0000000000000000000, 4.336808689942024836E-15, -1.000000000000000000 ) ) ;
#3127 = EDGE_LOOP ( 'NONE', ( #4326, #6442, #1290, #9253 ) ) ;
#3128 = CARTESIAN_POINT ( 'NONE',  ( 0.7249999999999999778, 0.5000000000000000000, 0.0000000000000000000 ) ) ;
#3129 = VECTOR ( 'NONE', #7312, 1000.000000000000000 ) ;
#3130 = EDGE_CURVE ( 'NONE', #4959, #7520, #4138, .T. ) ;
#3131 = EDGE_CURVE ( 'NONE', #10321, #10937, #4274, .T. ) ;
#3132 = FACE_OUTER_BOUND ( 'NONE', #6546, .T. ) ;
#3133 = STYLED_ITEM ( 'NONE', ( #10052 ), #420 ) ;
#3134 = ADVANCED_FACE ( 'NONE', ( #7758 ), #801, .F. ) ;
#3135 = PLANE ( 'NONE',  #3062 ) ;
#3136 = VERTEX_POINT ( 'NONE', #3421 ) ;
#3137 = FACE_OUTER_BOUND ( 'NONE', #6030, .T. ) ;
#3138 = ORIENTED_EDGE ( 'NONE', *, *, #10779, .T. ) ;
#3139 = LINE ( 'NONE', #2714, #3419 ) ;
#3140 = CARTESIAN_POINT ( 'NONE',  ( -0.8249999999999999556, 1.850000000000000089, -1.474999999999999867 ) ) ;
#3141 = CARTESIAN_POINT ( 'NONE',  ( 0.7349999999999999867, 1.850000000000000089, -1.025000000000000133 ) ) ;
#3142 = DIRECTION ( 'NONE',  ( -1.000000000000000000, 0.0000000000000000000, 0.0000000000000000000 ) ) ;
#3143 = FACE_BOUND ( 'NONE', #8663, .T. ) ;
#3144 = VECTOR ( 'NONE', #5417, 1000.000000000000000 ) ;
#3145 = DIRECTION ( 'NONE',  ( 0.0000000000000000000, -1.000000000000000000, -2.552445434498790050E-15 ) ) ;
#3146 = AXIS2_PLACEMENT_3D ( 'NONE', #6490, #466, #6772 ) ;
#3147 = ORIENTED_EDGE ( 'NONE', *, *, #5853, .T. ) ;
#3148 = LINE ( 'NONE', #7259, #10426 ) ;
#3149 = EDGE_CURVE ( 'NONE', #5381, #1012, #9189, .T. ) ;
#3150 = VERTEX_POINT ( 'NONE', #3381 ) ;
#3151 = DIRECTION ( 'NONE',  ( -1.000000000000000000, 0.0000000000000000000, 0.0000000000000000000 ) ) ;
#3152 = DIRECTION ( 'NONE',  ( 0.0000000000000000000, 0.0000000000000000000, 1.000000000000000000 ) ) ;
#3153 = LINE ( 'NONE', #7780, #2455 ) ;
#3154 = LINE ( 'NONE', #5173, #7337 ) ;
#3155 = DIRECTION ( 'NONE',  ( 0.0000000000000000000, 1.000000000000000000, 0.0000000000000000000 ) ) ;
#3156 = CARTESIAN_POINT ( 'NONE',  ( 9.375000000000001776, 2.550000000000000266, -1.474999999999999867 ) ) ;
#3157 = ORIENTED_EDGE ( 'NONE', *, *, #5738, .T. ) ;
#3158 = FACE_OUTER_BOUND ( 'NONE', #10229, .T. ) ;
#3159 = ORIENTED_EDGE ( 'NONE', *, *, #9663, .T. ) ;
#3160 = CARTESIAN_POINT ( 'NONE',  ( 8.235000000000002984, 1.000000000000000000, -2.024999999999999911 ) ) ;
#3161 = DIRECTION ( 'NONE',  ( 0.0000000000000000000, -1.000000000000000000, 0.0000000000000000000 ) ) ;
#3162 = ADVANCED_FACE ( 'NONE', ( #10744 ), #8917, .T. ) ;
#3163 = EDGE_CURVE ( 'NONE', #1392, #985, #10873, .T. ) ;
#3164 = DIRECTION ( 'NONE',  ( 0.0000000000000000000, 1.000000000000000000, 0.0000000000000000000 ) ) ;
#3165 = EDGE_CURVE ( 'NONE', #5740, #403, #636, .T. ) ;
#3166 = FACE_OUTER_BOUND ( 'NONE', #3658, .T. ) ;
#3167 = PLANE ( 'NONE',  #1247 ) ;
#3168 = ORIENTED_EDGE ( 'NONE', *, *, #7596, .F. ) ;
#3169 = ORIENTED_EDGE ( 'NONE', *, *, #2337, .F. ) ;
#3170 = ADVANCED_FACE ( 'NONE', ( #2159 ), #4240, .F. ) ;
#3171 = PLANE ( 'NONE',  #8298 ) ;
#3172 = CARTESIAN_POINT ( 'NONE',  ( 4.625000000000002665, 4.250000000000000000, 2.024999999999999911 ) ) ;
#3173 = CARTESIAN_POINT ( 'NONE',  ( 8.024999999999998579, 0.0000000000000000000, 2.024999999999999911 ) ) ;
#3174 = FACE_OUTER_BOUND ( 'NONE', #9766, .T. ) ;
#3175 = LINE ( 'NONE', #9649, #6955 ) ;
#3176 = CARTESIAN_POINT ( 'NONE',  ( 0.7250000000000000888, 0.0000000000000000000, -2.024999999999999911 ) ) ;
#3177 = CARTESIAN_POINT ( 'NONE',  ( 1.324999999999999956, 1.850000000000000089, -1.474999999999999867 ) ) ;
#3178 = DIRECTION ( 'NONE',  ( 0.0000000000000000000, 0.0000000000000000000, -1.000000000000000000 ) ) ;
#3179 = ORIENTED_EDGE ( 'NONE', *, *, #1045, .T. ) ;
#3180 = PLANE ( 'NONE',  #10024 ) ;
#3181 =( NAMED_UNIT ( * ) PLANE_ANGLE_UNIT ( ) SI_UNIT ( $, .RADIAN. ) );
#3182 = VERTEX_POINT ( 'NONE', #6154 ) ;
#3183 = ORIENTED_EDGE ( 'NONE', *, *, #1029, .F. ) ;
#3184 = EDGE_CURVE ( 'NONE', #2959, #9427, #5943, .T. ) ;
#3185 = PLANE ( 'NONE',  #9481 ) ;
#3186 = LINE ( 'NONE', #9733, #92 ) ;
#3187 = VECTOR ( 'NONE', #10339, 1000.000000000000000 ) ;
#3188 = PRESENTATION_STYLE_ASSIGNMENT (( #10279 ) ) ;
#3189 = ORIENTED_EDGE ( 'NONE', *, *, #10691, .T. ) ;
#3190 = ORIENTED_EDGE ( 'NONE', *, *, #291, .T. ) ;
#3191 = DIRECTION ( 'NONE',  ( -0.0000000000000000000, 1.000000000000000000, -0.0000000000000000000 ) ) ;
#3192 = SURFACE_STYLE_USAGE ( .BOTH. , #2287 ) ;
#3193 = ORIENTED_EDGE ( 'NONE', *, *, #5202, .T. ) ;
#3194 = VECTOR ( 'NONE', #11457, 1000.000000000000114 ) ;
#3195 = EDGE_CURVE ( 'NONE', #8901, #9515, #9479, .T. ) ;
#3197 = CARTESIAN_POINT ( 'NONE',  ( 0.7349999999999999867, 0.0000000000000000000, -1.474999999999999867 ) ) ;
#3196 = VECTOR ( 'NONE', #4338, 1000.000000000000000 ) ;
#3198 = CARTESIAN_POINT ( 'NONE',  ( 8.024999999999998579, 0.5000000000000000000, -1.525000000000000133 ) ) ;
#3199 = DIRECTION ( 'NONE',  ( -1.000000000000000000, 0.0000000000000000000, 0.0000000000000000000 ) ) ;
#3200 = EDGE_CURVE ( 'NONE', #5259, #7159, #1902, .T. ) ;
#3201 = DIRECTION ( 'NONE',  ( 0.0000000000000000000, 1.000000000000000000, 0.0000000000000000000 ) ) ;
#3202 = VERTEX_POINT ( 'NONE', #7181 ) ;
#3203 = DIRECTION ( 'NONE',  ( 1.000000000000000000, 0.0000000000000000000, 0.0000000000000000000 ) ) ;
#3204 = SURFACE_STYLE_USAGE ( .BOTH. , #4942 ) ;
#3205 = ORIENTED_EDGE ( 'NONE', *, *, #6454, .F. ) ;
#3206 = ORIENTED_EDGE ( 'NONE', *, *, #3427, .T. ) ;
#3207 = LINE ( 'NONE', #40, #1801 ) ;
#3208 = LINE ( 'NONE', #11631, #4050 ) ;
#3209 = FACE_OUTER_BOUND ( 'NONE', #5816, .T. ) ;
#3210 = ORIENTED_EDGE ( 'NONE', *, *, #9142, .T. ) ;
#3211 = CARTESIAN_POINT ( 'NONE',  ( 5.735000000000000320, 1.850000000000000089, -1.025000000000000133 ) ) ;
#3212 = AXIS2_PLACEMENT_3D ( 'NONE', #9603, #7800, #8735 ) ;
#3213 = EDGE_CURVE ( 'NONE', #691, #1204, #203, .T. ) ;
#3214 = CARTESIAN_POINT ( 'NONE',  ( 7.924999999999999822, 1.649999999999999911, -1.474999999999999867 ) ) ;
#3215 = CARTESIAN_POINT ( 'NONE',  ( -0.7249999999999999778, -0.004464445899999999919, 0.003975566199999999890 ) ) ;
#3216 = ORIENTED_EDGE ( 'NONE', *, *, #10691, .F. ) ;
#3217 = ORIENTED_EDGE ( 'NONE', *, *, #8959, .F. ) ;
#3218 = ORIENTED_EDGE ( 'NONE', *, *, #5627, .T. ) ;
#3219 = DIRECTION ( 'NONE',  ( 1.000000000000000000, 0.0000000000000000000, 0.0000000000000000000 ) ) ;
#3220 = ORIENTED_EDGE ( 'NONE', *, *, #5925, .F. ) ;
#3221 = AXIS2_PLACEMENT_3D ( 'NONE', #4253, #11502, #6001 ) ;
#3222 = ADVANCED_FACE ( 'NONE', ( #9891 ), #8192, .T. ) ;
#3223 = ORIENTED_EDGE ( 'NONE', *, *, #3964, .T. ) ;
#3224 = VECTOR ( 'NONE', #7117, 1000.000000000000000 ) ;
#3225 = LINE ( 'NONE', #11307, #11346 ) ;
#3226 = DIRECTION ( 'NONE',  ( 0.0000000000000000000, -0.6650335612228979176, -0.7468134723257140450 ) ) ;
#3227 = ORIENTED_EDGE ( 'NONE', *, *, #4105, .T. ) ;
#3228 = ORIENTED_EDGE ( 'NONE', *, *, #5122, .F. ) ;
#3229 = ORIENTED_EDGE ( 'NONE', *, *, #5706, .F. ) ;
#3230 = PLANE ( 'NONE',  #11041 ) ;
#3231 = ORIENTED_EDGE ( 'NONE', *, *, #3564, .T. ) ;
#3232 = ADVANCED_FACE ( 'NONE', ( #7209 ), #3070, .T. ) ;
#3233 = LINE ( 'NONE', #6731, #129 ) ;
#3234 = EDGE_CURVE ( 'NONE', #6999, #9823, #4555, .T. ) ;
#3235 = PLANE ( 'NONE',  #6176 ) ;
#3236 = VECTOR ( 'NONE', #7154, 1000.000000000000000 ) ;
#3237 = DIRECTION ( 'NONE',  ( -0.0000000000000000000, -1.000000000000000000, -3.219646771412953967E-15 ) ) ;
#3238 = EDGE_CURVE ( 'NONE', #6284, #10512, #2742, .T. ) ;
#3239 = CARTESIAN_POINT ( 'NONE',  ( 3.234999999999999876, 1.000000000000000000, -1.025000000000000133 ) ) ;
#3240 = ORIENTED_EDGE ( 'NONE', *, *, #259, .T. ) ;
#3241 = DIRECTION ( 'NONE',  ( 0.0000000000000000000, 1.000000000000000000, -1.339206523454102177E-15 ) ) ;
#3242 = ORIENTED_EDGE ( 'NONE', *, *, #1519, .F. ) ;
#3243 = VERTEX_POINT ( 'NONE', #8637 ) ;
#3244 = PLANE ( 'NONE',  #1761 ) ;
#3245 = CARTESIAN_POINT ( 'NONE',  ( 0.5250000000000000222, 0.0000000000000000000, -2.024999999999999911 ) ) ;
#3246 = VECTOR ( 'NONE', #10313, 1000.000000000000000 ) ;
#3247 = AXIS2_PLACEMENT_3D ( 'NONE', #6336, #6303, #2753 ) ;
#3248 = VECTOR ( 'NONE', #7569, 1000.000000000000000 ) ;
#3249 = ORIENTED_EDGE ( 'NONE', *, *, #10276, .F. ) ;
#3250 = ORIENTED_EDGE ( 'NONE', *, *, #3835, .T. ) ;
#3251 = DIRECTION ( 'NONE',  ( 0.0000000000000000000, -1.000000000000000000, 0.0000000000000000000 ) ) ;
#3252 = VECTOR ( 'NONE', #1331, 1000.000000000000000 ) ;
#3253 = CARTESIAN_POINT ( 'NONE',  ( 4.485000000000000320, 1.649999999999999911, -1.474999999999999867 ) ) ;
#3254 = LINE ( 'NONE', #6684, #6879 ) ;
#3255 = CARTESIAN_POINT ( 'NONE',  ( 4.474999999999999645, 0.0000000000000000000, -2.024999999999999911 ) ) ;
#3256 = LINE ( 'NONE', #70, #883 ) ;
#3257 = CARTESIAN_POINT ( 'NONE',  ( -0.7249999999999999778, 0.05000000000000002359, -1.775000000000000133 ) ) ;
#3258 = UNCERTAINTY_MEASURE_WITH_UNIT (LENGTH_MEASURE( 1.000000000000000082E-05 ), #861, 'distance_accuracy_value', 'NONE');
#3259 = ORIENTED_EDGE ( 'NONE', *, *, #5597, .T. ) ;
#3260 = ORIENTED_EDGE ( 'NONE', *, *, #6778, .T. ) ;
#3261 = PLANE ( 'NONE',  #5116 ) ;
#3262 = AXIS2_PLACEMENT_3D ( 'NONE', #6222, #9961, #6305 ) ;
#3263 = LINE ( 'NONE', #438, #10722 ) ;
#3264 = DIRECTION ( 'NONE',  ( 1.000000000000000000, 0.0000000000000000000, 0.0000000000000000000 ) ) ;
#3265 = CARTESIAN_POINT ( 'NONE',  ( 3.225000000000000089, 0.0000000000000000000, -1.525000000000000133 ) ) ;
#3266 = LINE ( 'NONE', #9261, #7722 ) ;
#3267 = CARTESIAN_POINT ( 'NONE',  ( 4.474999999999999645, 0.0000000000000000000, 2.024999999999999911 ) ) ;
#3268 = DIRECTION ( 'NONE',  ( 0.0000000000000000000, 0.0000000000000000000, -1.000000000000000000 ) ) ;
#3269 = ORIENTED_EDGE ( 'NONE', *, *, #3165, .T. ) ;
#3270 = CARTESIAN_POINT ( 'NONE',  ( 0.7250000000000000888, 0.05000000000000002359, -1.775000000000000133 ) ) ;
#3271 = EDGE_CURVE ( 'NONE', #2687, #8318, #11139, .T. ) ;
#3272 = DIRECTION ( 'NONE',  ( 0.0000000000000000000, 0.0000000000000000000, 1.000000000000000000 ) ) ;
#3273 = ORIENTED_EDGE ( 'NONE', *, *, #7755, .T. ) ;
#3274 = CARTESIAN_POINT ( 'NONE',  ( -1.375000000000000000, 3.149999999999999911, 2.024999999999999911 ) ) ;
#3275 = LINE ( 'NONE', #514, #10420 ) ;
#3276 = VECTOR ( 'NONE', #2446, 1000.000000000000000 ) ;
#3277 = CARTESIAN_POINT ( 'NONE',  ( 1.775000000000000133, 1.850000000000000089, 0.0000000000000000000 ) ) ;
#3278 = CARTESIAN_POINT ( 'NONE',  ( 3.324999999999999734, 1.649999999999999911, 2.024999999999999911 ) ) ;
#3279 = VECTOR ( 'NONE', #7015, 1000.000000000000000 ) ;
#3280 = ADVANCED_FACE ( 'NONE', ( #11425 ), #7204, .T. ) ;
#3281 = DIRECTION ( 'NONE',  ( -1.000000000000000000, 0.0000000000000000000, 0.0000000000000000000 ) ) ;
#3282 = DIRECTION ( 'NONE',  ( 0.0000000000000000000, 0.0000000000000000000, -1.000000000000000000 ) ) ;
#3283 = DIRECTION ( 'NONE',  ( 0.0000000000000000000, -1.000000000000000000, 0.0000000000000000000 ) ) ;
#3284 = EDGE_LOOP ( 'NONE', ( #9902, #1685, #11076, #8845 ) ) ;
#3285 = CARTESIAN_POINT ( 'NONE',  ( 6.775000000000000355, 1.350000000000000089, -1.525000000000000133 ) ) ;
#3286 = ORIENTED_EDGE ( 'NONE', *, *, #8071, .F. ) ;
#3287 = EDGE_CURVE ( 'NONE', #8050, #462, #6085, .T. ) ;
#3288 = EDGE_CURVE ( 'NONE', #5825, #9065, #9323, .T. ) ;
#3289 = PLANE ( 'NONE',  #11132 ) ;
#3290 = CARTESIAN_POINT ( 'NONE',  ( 6.974999999999999645, 0.05000000000000002359, -1.775000000000000133 ) ) ;
#3291 =( GEOMETRIC_REPRESENTATION_CONTEXT ( 3 ) GLOBAL_UNCERTAINTY_ASSIGNED_CONTEXT ( ( #1898 ) ) GLOBAL_UNIT_ASSIGNED_CONTEXT ( ( #9157, #1987, #3793 ) ) REPRESENTATION_CONTEXT ( 'NONE', 'WORKASPACE' ) );
#3292 = LINE ( 'NONE', #5858, #43 ) ;
#3293 = LINE ( 'NONE', #1363, #194 ) ;
#3294 = CARTESIAN_POINT ( 'NONE',  ( 0.7249999999999999778, 1.000000000000000000, 1.525000000000000133 ) ) ;
#3295 = EDGE_LOOP ( 'NONE', ( #2891, #9723, #2501, #11137 ) ) ;
#3296 = VECTOR ( 'NONE', #1011, 1000.000000000000000 ) ;
#3297 = PLANE ( 'NONE',  #4925 ) ;
#3298 = VERTEX_POINT ( 'NONE', #10144 ) ;
#3299 =( LENGTH_UNIT ( ) NAMED_UNIT ( * ) SI_UNIT ( .MILLI., .METRE. ) );
#3300 = DIRECTION ( 'NONE',  ( 1.000000000000000000, 0.0000000000000000000, 0.0000000000000000000 ) ) ;
#3301 = VECTOR ( 'NONE', #9960, 1000.000000000000000 ) ;
#3302 = AXIS2_PLACEMENT_3D ( 'NONE', #3629, #2623, #8036 ) ;
#3303 = VECTOR ( 'NONE', #1747, 1000.000000000000000 ) ;
#3304 = EDGE_CURVE ( 'NONE', #11170, #991, #8768, .T. ) ;
#3305 = ORIENTED_EDGE ( 'NONE', *, *, #9059, .F. ) ;
#3306 = VERTEX_POINT ( 'NONE', #461 ) ;
#3307 = PRESENTATION_STYLE_ASSIGNMENT (( #988 ) ) ;
#3308 = VECTOR ( 'NONE', #2059, 1000.000000000000000 ) ;
#3309 = ORIENTED_EDGE ( 'NONE', *, *, #8011, .F. ) ;
#3310 = CARTESIAN_POINT ( 'NONE',  ( 0.7250000000000000888, 0.05000000000000002359, -1.524999999999999689 ) ) ;
#3311 = DIRECTION ( 'NONE',  ( -0.0000000000000000000, 0.0000000000000000000, 1.000000000000000000 ) ) ;
#3312 = ORIENTED_EDGE ( 'NONE', *, *, #10074, .F. ) ;
#3313 = EDGE_CURVE ( 'NONE', #10163, #5299, #4965, .T. ) ;
#3314 = CARTESIAN_POINT ( 'NONE',  ( -0.7249999999999999778, 1.649999999999999911, -1.025000000000000133 ) ) ;
#3315 = EDGE_CURVE ( 'NONE', #1638, #8656, #2318, .T. ) ;
#3316 = PLANE ( 'NONE',  #423 ) ;
#3317 = LINE ( 'NONE', #4994, #7778 ) ;
#3318 = LINE ( 'NONE', #4686, #6245 ) ;
#3319 = LINE ( 'NONE', #2917, #3466 ) ;
#3320 = UNCERTAINTY_MEASURE_WITH_UNIT (LENGTH_MEASURE( 1.000000000000000082E-05 ), #619, 'distance_accuracy_value', 'NONE');
#3321 = VERTEX_POINT ( 'NONE', #11083 ) ;
#3322 = ORIENTED_EDGE ( 'NONE', *, *, #4173, .F. ) ;
#3323 = CARTESIAN_POINT ( 'NONE',  ( 3.024999999999999911, 1.850000000000000089, 2.024999999999999911 ) ) ;
#3324 = ORIENTED_EDGE ( 'NONE', *, *, #10469, .T. ) ;
#3325 = DIRECTION ( 'NONE',  ( 0.0000000000000000000, 0.0000000000000000000, -1.000000000000000000 ) ) ;
#3326 = FILL_AREA_STYLE_COLOUR ( '', #7378 ) ;
#3327 = PLANE ( 'NONE',  #11315 ) ;
#3328 = STYLED_ITEM ( 'NONE', ( #7720 ), #4479 ) ;
#3329 = CARTESIAN_POINT ( 'NONE',  ( 8.024999999999998579, 0.5000000000000000000, 0.0000000000000000000 ) ) ;
#3330 = EDGE_LOOP ( 'NONE', ( #7827, #2228, #5074, #10884 ) ) ;
#3331 = FACE_OUTER_BOUND ( 'NONE', #6423, .T. ) ;
#3332 = LINE ( 'NONE', #5675, #7793 ) ;
#3333 = VECTOR ( 'NONE', #9047, 1000.000000000000000 ) ;
#3334 = EDGE_LOOP ( 'NONE', ( #5389, #1833, #8402, #8016 ) ) ;
#3335 = ADVANCED_FACE ( 'NONE', ( #6362 ), #6563, .T. ) ;
#3336 = EDGE_LOOP ( 'NONE', ( #10331, #10068, #1205, #11054 ) ) ;
#3337 = DIRECTION ( 'NONE',  ( 0.0000000000000000000, -0.6650335612228979176, -0.7468134723257140450 ) ) ;
#3338 = EDGE_CURVE ( 'NONE', #5547, #11622, #11565, .T. ) ;
#3339 = CARTESIAN_POINT ( 'NONE',  ( 1.765000000000000124, 1.850000000000000089, -1.025000000000000133 ) ) ;
#3340 = VERTEX_POINT ( 'NONE', #5695 ) ;
#3341 = ORIENTED_EDGE ( 'NONE', *, *, #7790, .F. ) ;
#3342 = LINE ( 'NONE', #700, #528 ) ;
#3343 = CARTESIAN_POINT ( 'NONE',  ( 8.875000000000003553, 3.149999999999999911, 0.02500000000000000139 ) ) ;
#3344 = VECTOR ( 'NONE', #9605, 1000.000000000000000 ) ;
#3345 = ORIENTED_EDGE ( 'NONE', *, *, #5516, .T. ) ;
#3346 = AXIS2_PLACEMENT_3D ( 'NONE', #7242, #9889, #2690 ) ;
#3347 = DIRECTION ( 'NONE',  ( 0.0000000000000000000, 0.0000000000000000000, 1.000000000000000000 ) ) ;
#3348 = CARTESIAN_POINT ( 'NONE',  ( 6.975000000000000533, 1.315130797599999957, 1.171117220399999770 ) ) ;
#3349 = ORIENTED_EDGE ( 'NONE', *, *, #9435, .F. ) ;
#3350 = ORIENTED_EDGE ( 'NONE', *, *, #11383, .T. ) ;
#3351 = EDGE_CURVE ( 'NONE', #5455, #497, #3293, .T. ) ;
#3352 = EDGE_LOOP ( 'NONE', ( #10003, #1810, #1222, #6199 ) ) ;
#3353 = CARTESIAN_POINT ( 'NONE',  ( 2.575000000000000178, 1.850000000000000089, -1.474999999999999867 ) ) ;
#3354 = CARTESIAN_POINT ( 'NONE',  ( 4.474999999999999645, -0.6500000000000000222, -2.075000000000000178 ) ) ;
#3355 = EDGE_CURVE ( 'NONE', #2129, #9250, #7075, .T. ) ;
#3356 = VERTEX_POINT ( 'NONE', #6473 ) ;
#3357 = VECTOR ( 'NONE', #9439, 1000.000000000000114 ) ;
#3358 = DIRECTION ( 'NONE',  ( 0.0000000000000000000, 0.0000000000000000000, -1.000000000000000000 ) ) ;
#3359 = VECTOR ( 'NONE', #3358, 1000.000000000000000 ) ;
#3360 = EDGE_CURVE ( 'NONE', #8945, #815, #7742, .T. ) ;
#3361 = CARTESIAN_POINT ( 'NONE',  ( 0.4249999999999999889, 1.649999999999999911, 2.024999999999999911 ) ) ;
#3362 = DIRECTION ( 'NONE',  ( 0.0000000000000000000, 0.0000000000000000000, 1.000000000000000000 ) ) ;
#3363 = EDGE_LOOP ( 'NONE', ( #4536, #11337, #9532, #8599, #3908, #8873, #2230 ) ) ;
#3364 = VERTEX_POINT ( 'NONE', #1308 ) ;
#3365 = DIRECTION ( 'NONE',  ( 1.000000000000000000, 0.0000000000000000000, 0.0000000000000000000 ) ) ;
#3366 = ORIENTED_EDGE ( 'NONE', *, *, #3117, .T. ) ;
#3367 = ORIENTED_EDGE ( 'NONE', *, *, #7390, .T. ) ;
#3368 =( LENGTH_UNIT ( ) NAMED_UNIT ( * ) SI_UNIT ( .MILLI., .METRE. ) );
#3369 = LINE ( 'NONE', #4941, #7832 ) ;
#3370 = EDGE_CURVE ( 'NONE', #6007, #5441, #6502, .T. ) ;
#3371 = DIRECTION ( 'NONE',  ( 0.0000000000000000000, -0.0000000000000000000, -1.000000000000000000 ) ) ;
#3372 = VERTEX_POINT ( 'NONE', #4289 ) ;
#3373 = DIRECTION ( 'NONE',  ( 1.000000000000000000, 0.0000000000000000000, 0.0000000000000000000 ) ) ;
#3374 = ORIENTED_EDGE ( 'NONE', *, *, #8549, .F. ) ;
#3375 = EDGE_LOOP ( 'NONE', ( #5465, #3429, #2621, #1227 ) ) ;
#3376 = EDGE_LOOP ( 'NONE', ( #4140, #10154, #10622, #5698, #5430, #2678 ) ) ;
#3377 = LINE ( 'NONE', #7788, #721 ) ;
#3378 = LINE ( 'NONE', #5279, #3931 ) ;
#3379 = DIRECTION ( 'NONE',  ( 1.000000000000000000, 0.0000000000000000000, -0.0000000000000000000 ) ) ;
#3380 = CARTESIAN_POINT ( 'NONE',  ( -2.875000000000000000, 1.000000000000000000, 2.024999999999999911 ) ) ;
#3381 = CARTESIAN_POINT ( 'NONE',  ( 4.174999999999999822, 1.649999999999999911, 2.024999999999999911 ) ) ;
#3382 = ORIENTED_EDGE ( 'NONE', *, *, #5015, .F. ) ;
#3383 = CARTESIAN_POINT ( 'NONE',  ( -1.175000000000000044, 1.850000000000000089, -1.474999999999999867 ) ) ;
#3384 = ORIENTED_EDGE ( 'NONE', *, *, #6124, .F. ) ;
#3385 = FACE_OUTER_BOUND ( 'NONE', #8848, .T. ) ;
#3386 = EDGE_CURVE ( 'NONE', #10937, #9341, #919, .T. ) ;
#3387 = DIRECTION ( 'NONE',  ( 0.0000000000000000000, 0.0000000000000000000, -1.000000000000000000 ) ) ;
#3388 = EDGE_CURVE ( 'NONE', #10797, #4419, #6781, .T. ) ;
#3389 = LINE ( 'NONE', #5878, #10247 ) ;
#3390 = VECTOR ( 'NONE', #6890, 1000.000000000000000 ) ;
#3391 = CARTESIAN_POINT ( 'NONE',  ( 0.4249999999999999889, 1.850000000000000089, -1.474999999999999867 ) ) ;
#3392 = ADVANCED_FACE ( 'NONE', ( #5386 ), #1793, .F. ) ;
#3393 = ORIENTED_EDGE ( 'NONE', *, *, #11189, .T. ) ;
#3394 = ORIENTED_EDGE ( 'NONE', *, *, #6630, .F. ) ;
#3395 = CARTESIAN_POINT ( 'NONE',  ( 6.765000000000000568, 1.000000000000000000, -1.025000000000000133 ) ) ;
#3396 = FILL_AREA_STYLE ('',( #9637 ) ) ;
#3397 = VECTOR ( 'NONE', #1070, 1000.000000000000000 ) ;
#3398 = DIRECTION ( 'NONE',  ( 0.0000000000000000000, -1.000000000000000000, 0.0000000000000000000 ) ) ;
#3399 = LINE ( 'NONE', #1539, #5503 ) ;
#3400 = LINE ( 'NONE', #8601, #5068 ) ;
#3401 = CARTESIAN_POINT ( 'NONE',  ( 10.37500000000000178, 1.950000000000002176, 1.375000000000006883 ) ) ;
#3402 = EDGE_LOOP ( 'NONE', ( #7816, #4968, #9731, #10703 ) ) ;
#3403 = ORIENTED_EDGE ( 'NONE', *, *, #1751, .T. ) ;
#3404 = CARTESIAN_POINT ( 'NONE',  ( 0.5250000000000000222, 1.000000000000000000, 0.0000000000000000000 ) ) ;
#3405 = FACE_OUTER_BOUND ( 'NONE', #564, .T. ) ;
#3406 = CARTESIAN_POINT ( 'NONE',  ( 9.775000000000002132, 1.980741759643274369, -1.925000000000000711 ) ) ;
#3407 = EDGE_CURVE ( 'NONE', #9544, #8386, #2305, .T. ) ;
#3408 = DIRECTION ( 'NONE',  ( 0.0000000000000000000, 0.0000000000000000000, -1.000000000000000000 ) ) ;
#3409 = CARTESIAN_POINT ( 'NONE',  ( 6.985000000000000320, 1.850000000000000089, -2.024999999999999911 ) ) ;
#3410 = LINE ( 'NONE', #1243, #4390 ) ;
#3411 =( GEOMETRIC_REPRESENTATION_CONTEXT ( 3 ) GLOBAL_UNCERTAINTY_ASSIGNED_CONTEXT ( ( #5032 ) ) GLOBAL_UNIT_ASSIGNED_CONTEXT ( ( #5178, #847, #5298 ) ) REPRESENTATION_CONTEXT ( 'NONE', 'WORKASPACE' ) );
#3412 = DIRECTION ( 'NONE',  ( 1.000000000000000000, 0.0000000000000000000, 0.0000000000000000000 ) ) ;
#3413 = ORIENTED_EDGE ( 'NONE', *, *, #1982, .T. ) ;
#3414 = VECTOR ( 'NONE', #7881, 1000.000000000000000 ) ;
#3415 = CARTESIAN_POINT ( 'NONE',  ( 5.724999999999999645, 0.5000000000000000000, 0.0000000000000000000 ) ) ;
#3416 = PLANE ( 'NONE',  #2039 ) ;
#3417 = ORIENTED_EDGE ( 'NONE', *, *, #4328, .F. ) ;
#3418 = EDGE_LOOP ( 'NONE', ( #1458, #4350, #2598, #11535 ) ) ;
#3419 = VECTOR ( 'NONE', #1813, 1000.000000000000000 ) ;
#3420 = CARTESIAN_POINT ( 'NONE',  ( -0.7349999999999999867, 1.000000000000000000, -1.474999999999999867 ) ) ;
#3421 = CARTESIAN_POINT ( 'NONE',  ( 5.825000000000000178, 1.649999999999999911, 2.024999999999999911 ) ) ;
#3422 = EDGE_CURVE ( 'NONE', #10666, #5497, #779, .T. ) ;
#3423 = CARTESIAN_POINT ( 'NONE',  ( 9.375000000000001776, 0.5000000000000000000, -1.474999999999999867 ) ) ;
#3424 = EDGE_CURVE ( 'NONE', #6811, #2818, #1760, .T. ) ;
#3425 = COLOUR_RGB ( '',1.000000000000000000, 1.000000000000000000, 1.000000000000000000 ) ;
#3426 = VECTOR ( 'NONE', #11332, 1000.000000000000000 ) ;
#3427 = EDGE_CURVE ( 'NONE', #9926, #9577, #7463, .T. ) ;
#3428 = CARTESIAN_POINT ( 'NONE',  ( -2.274999999999999911, 1.949999999999999512, 2.025000000000007017 ) ) ;
#3429 = ORIENTED_EDGE ( 'NONE', *, *, #10332, .F. ) ;
#3430 = LINE ( 'NONE', #1268, #9461 ) ;
#3431 = VERTEX_POINT ( 'NONE', #1756 ) ;
#3432 = DIRECTION ( 'NONE',  ( 0.0000000000000000000, -3.854941057726236322E-15, 1.000000000000000000 ) ) ;
#3433 = DIRECTION ( 'NONE',  ( -1.000000000000000000, 0.0000000000000000000, 0.0000000000000000000 ) ) ;
#3434 = CARTESIAN_POINT ( 'NONE',  ( 9.125000000000001776, 1.000000000000000000, -1.525000000000000133 ) ) ;
#3435 = CARTESIAN_POINT ( 'NONE',  ( -0.5250000000000000222, 0.5000000000000000000, 2.024999999999999911 ) ) ;
#3436 = LINE ( 'NONE', #9301, #6361 ) ;
#3437 = LINE ( 'NONE', #11257, #5247 ) ;
#3438 = ORIENTED_EDGE ( 'NONE', *, *, #2866, .T. ) ;
#3439 = FACE_OUTER_BOUND ( 'NONE', #4566, .T. ) ;
#3440 = EDGE_CURVE ( 'NONE', #6811, #10526, #9607, .T. ) ;
#3441 = ORIENTED_EDGE ( 'NONE', *, *, #5461, .F. ) ;
#3442 = DIRECTION ( 'NONE',  ( 1.000000000000000000, 0.0000000000000000000, 0.0000000000000000000 ) ) ;
#3443 = ORIENTED_EDGE ( 'NONE', *, *, #3095, .F. ) ;
#3444 = AXIS2_PLACEMENT_3D ( 'NONE', #9945, #3900, #10126 ) ;
#3445 = VECTOR ( 'NONE', #2922, 1000.000000000000000 ) ;
#3446 = FACE_OUTER_BOUND ( 'NONE', #541, .T. ) ;
#3447 = CARTESIAN_POINT ( 'NONE',  ( 6.975000000000000533, 0.0000000000000000000, -1.525000000000000133 ) ) ;
#3448 = CARTESIAN_POINT ( 'NONE',  ( 9.975000000000003197, 1.999999999999997780, -2.075000000000008615 ) ) ;
#3449 = SURFACE_SIDE_STYLE ('',( #10318 ) ) ;
#3450 = VERTEX_POINT ( 'NONE', #9004 ) ;
#3451 = ORIENTED_EDGE ( 'NONE', *, *, #1230, .T. ) ;
#3452 = ADVANCED_FACE ( 'NONE', ( #8618 ), #10116, .T. ) ;
#3453 = EDGE_CURVE ( 'NONE', #2240, #4259, #317, .T. ) ;
#3454 = CARTESIAN_POINT ( 'NONE',  ( 5.514999999999999680, 1.000000000000000000, -1.525000000000000133 ) ) ;
#3455 = LINE ( 'NONE', #10854, #797 ) ;
#3456 = PRESENTATION_STYLE_ASSIGNMENT (( #10059 ) ) ;
#3457 = DIRECTION ( 'NONE',  ( 0.0000000000000000000, 1.000000000000000000, 0.0000000000000000000 ) ) ;
#3458 = ORIENTED_EDGE ( 'NONE', *, *, #3573, .F. ) ;
#3459 = ADVANCED_FACE ( 'NONE', ( #3851 ), #972, .F. ) ;
#3460 = ORIENTED_EDGE ( 'NONE', *, *, #115, .T. ) ;
#3461 = CARTESIAN_POINT ( 'NONE',  ( 0.7249999999999999778, 1.795247431900000024, 2.024999999999999911 ) ) ;
#3462 =( NAMED_UNIT ( * ) PLANE_ANGLE_UNIT ( ) SI_UNIT ( $, .RADIAN. ) );
#3463 = PLANE ( 'NONE',  #9572 ) ;
#3464 = LINE ( 'NONE', #6057, #4702 ) ;
#3465 = STYLED_ITEM ( 'NONE', ( #7179 ), #2278 ) ;
#3466 = VECTOR ( 'NONE', #3828, 1000.000000000000000 ) ;
#3467 = ORIENTED_EDGE ( 'NONE', *, *, #1815, .T. ) ;
#3468 =( NAMED_UNIT ( * ) PLANE_ANGLE_UNIT ( ) SI_UNIT ( $, .RADIAN. ) );
#3469 = MANIFOLD_SOLID_BREP ( 'Combine8', #11476 ) ;
#3470 = ORIENTED_EDGE ( 'NONE', *, *, #9153, .T. ) ;
#3471 = EDGE_CURVE ( 'NONE', #1236, #5477, #1181, .T. ) ;
#3472 =( NAMED_UNIT ( * ) PLANE_ANGLE_UNIT ( ) SI_UNIT ( $, .RADIAN. ) );
#3473 = DIRECTION ( 'NONE',  ( 0.0000000000000000000, -1.000000000000000000, 0.0000000000000000000 ) ) ;
#3474 = EDGE_CURVE ( 'NONE', #2733, #10172, #2998, .T. ) ;
#3475 =( LENGTH_UNIT ( ) NAMED_UNIT ( * ) SI_UNIT ( .MILLI., .METRE. ) );
#3476 = VERTEX_POINT ( 'NONE', #237 ) ;
#3477 = LINE ( 'NONE', #4936, #5840 ) ;
#3478 = DIRECTION ( 'NONE',  ( 0.0000000000000000000, 0.0000000000000000000, -1.000000000000000000 ) ) ;
#3479 = VECTOR ( 'NONE', #9354, 1000.000000000000000 ) ;
#3480 = VECTOR ( 'NONE', #1647, 1000.000000000000000 ) ;
#3481 = ORIENTED_EDGE ( 'NONE', *, *, #7156, .T. ) ;
#3482 = PRESENTATION_LAYER_ASSIGNMENT (  '', '', ( #1692 ) ) ;
#3483 = DIRECTION ( 'NONE',  ( 1.000000000000000000, 0.0000000000000000000, -0.0000000000000000000 ) ) ;
#3484 = CARTESIAN_POINT ( 'NONE',  ( 3.015000000000000124, 0.0000000000000000000, -1.474999999999999867 ) ) ;
#3485 = VERTEX_POINT ( 'NONE', #7626 ) ;
#3486 = FILL_AREA_STYLE ('',( #757 ) ) ;
#3487 = VERTEX_POINT ( 'NONE', #8595 ) ;
#3488 = DIRECTION ( 'NONE',  ( 0.0000000000000000000, -1.000000000000000000, 0.0000000000000000000 ) ) ;
#3489 = ORIENTED_EDGE ( 'NONE', *, *, #8309, .F. ) ;
#3490 = VECTOR ( 'NONE', #6331, 1000.000000000000000 ) ;
#3491 = VECTOR ( 'NONE', #7612, 1000.000000000000000 ) ;
#3492 = CARTESIAN_POINT ( 'NONE',  ( -0.8750000000000000000, 3.750000000000000000, 2.024999999999999911 ) ) ;
#3493 = EDGE_CURVE ( 'NONE', #8365, #7007, #626, .T. ) ;
#3494 = CARTESIAN_POINT ( 'NONE',  ( 8.375000000000001776, 3.750000000000000000, -2.024999999999999911 ) ) ;
#3495 = DIRECTION ( 'NONE',  ( 0.0000000000000000000, 1.000000000000000000, 0.0000000000000000000 ) ) ;
#3496 = DIRECTION ( 'NONE',  ( 0.0000000000000000000, 0.0000000000000000000, 1.000000000000000000 ) ) ;
#3497 = EDGE_LOOP ( 'NONE', ( #4082, #1339, #2842, #2749 ) ) ;
#3498 = ORIENTED_EDGE ( 'NONE', *, *, #5834, .F. ) ;
#3499 = DIRECTION ( 'NONE',  ( 0.0000000000000000000, 0.0000000000000000000, -1.000000000000000000 ) ) ;
#3500 = ORIENTED_EDGE ( 'NONE', *, *, #657, .T. ) ;
#3501 = VERTEX_POINT ( 'NONE', #8424 ) ;
#3502 = ORIENTED_EDGE ( 'NONE', *, *, #5761, .F. ) ;
#3503 = DIRECTION ( 'NONE',  ( 0.0000000000000000000, 0.0000000000000000000, 1.000000000000000000 ) ) ;
#3504 = LINE ( 'NONE', #6002, #9818 ) ;
#3505 = DIRECTION ( 'NONE',  ( 0.0000000000000000000, 0.0000000000000000000, -1.000000000000000000 ) ) ;
#3506 = ORIENTED_EDGE ( 'NONE', *, *, #10671, .F. ) ;
#3507 = ORIENTED_EDGE ( 'NONE', *, *, #8432, .T. ) ;
#3508 = EDGE_CURVE ( 'NONE', #6162, #7190, #3717, .T. ) ;
#3509 = DIRECTION ( 'NONE',  ( 1.000000000000000000, 0.0000000000000000000, 0.0000000000000000000 ) ) ;
#3510 = VERTEX_POINT ( 'NONE', #11178 ) ;
#3511 = EDGE_CURVE ( 'NONE', #10940, #8657, #1055, .T. ) ;
#3512 = ORIENTED_EDGE ( 'NONE', *, *, #9599, .F. ) ;
#3513 = ORIENTED_EDGE ( 'NONE', *, *, #1707, .T. ) ;
#3514 = CARTESIAN_POINT ( 'NONE',  ( -2.475000000000000089, 4.249999999999998224, -2.075000000000001510 ) ) ;
#3515 = FACE_OUTER_BOUND ( 'NONE', #242, .T. ) ;
#3516 = VECTOR ( 'NONE', #8781, 1000.000000000000000 ) ;
#3517 = CARTESIAN_POINT ( 'NONE',  ( 8.225000000000003197, 1.649999999999999911, 2.024999999999999911 ) ) ;
#3518 = ORIENTED_EDGE ( 'NONE', *, *, #10762, .T. ) ;
#3519 = ORIENTED_EDGE ( 'NONE', *, *, #2212, .F. ) ;
#3520 = ORIENTED_EDGE ( 'NONE', *, *, #11400, .F. ) ;
#3521 = VECTOR ( 'NONE', #7653, 1000.000000000000000 ) ;
#3522 = PLANE ( 'NONE',  #4699 ) ;
#3523 = VECTOR ( 'NONE', #7835, 1000.000000000000000 ) ;
#3524 = EDGE_CURVE ( 'NONE', #6020, #44, #3437, .T. ) ;
#3525 = CARTESIAN_POINT ( 'NONE',  ( 6.975000000000000533, -0.6500000000000000222, -1.775000000000000133 ) ) ;
#3526 = FACE_OUTER_BOUND ( 'NONE', #5589, .T. ) ;
#3527 = CARTESIAN_POINT ( 'NONE',  ( 3.234999999999999876, 1.649999999999999911, -1.474999999999999867 ) ) ;
#3528 = ORIENTED_EDGE ( 'NONE', *, *, #9278, .F. ) ;
#3529 = ORIENTED_EDGE ( 'NONE', *, *, #7315, .F. ) ;
#3530 = LINE ( 'NONE', #6528, #2409 ) ;
#3531 = CARTESIAN_POINT ( 'NONE',  ( 0.7249999999999998668, 0.3500000000000000333, -2.024999999999999911 ) ) ;
#3532 = DIRECTION ( 'NONE',  ( -1.000000000000000000, 0.0000000000000000000, 0.0000000000000000000 ) ) ;
#3533 = VECTOR ( 'NONE', #11601, 1000.000000000000000 ) ;
#3534 = CARTESIAN_POINT ( 'NONE',  ( 6.974999999999999645, 0.0000000000000000000, -2.024999999999999911 ) ) ;
#3535 = FACE_OUTER_BOUND ( 'NONE', #9099, .T. ) ;
#3536 = ORIENTED_EDGE ( 'NONE', *, *, #1278, .T. ) ;
#3537 = EDGE_CURVE ( 'NONE', #6615, #9007, #482, .T. ) ;
#3538 = PLANE ( 'NONE',  #5367 ) ;
#3539 = ORIENTED_EDGE ( 'NONE', *, *, #8732, .T. ) ;
#3540 = EDGE_CURVE ( 'NONE', #3764, #1121, #3154, .T. ) ;
#3541 = VECTOR ( 'NONE', #4248, 1000.000000000000000 ) ;
#3542 = LINE ( 'NONE', #10932, #6891 ) ;
#3543 = CARTESIAN_POINT ( 'NONE',  ( 5.525000000000000355, 1.350000000000000089, 0.0000000000000000000 ) ) ;
#3544 = CARTESIAN_POINT ( 'NONE',  ( 8.224999999999999645, 0.0000000000000000000, 2.024999999999999911 ) ) ;
#3545 = FACE_OUTER_BOUND ( 'NONE', #8425, .T. ) ;
#3546 = CARTESIAN_POINT ( 'NONE',  ( 0.7249999999999999778, 1.000000000000000000, -1.525000000000000133 ) ) ;
#3547 = CARTESIAN_POINT ( 'NONE',  ( 9.775000000000002132, 0.0000000000000000000, 0.0000000000000000000 ) ) ;
#3548 = CARTESIAN_POINT ( 'NONE',  ( -1.175000000000000044, 2.550000000000000266, 2.024999999999999911 ) ) ;
#3549 = DIRECTION ( 'NONE',  ( 0.0000000000000000000, 1.000000000000000000, 0.0000000000000000000 ) ) ;
#3550 = ORIENTED_EDGE ( 'NONE', *, *, #9518, .F. ) ;
#3551 = LINE ( 'NONE', #1938, #1159 ) ;
#3552 = PRESENTATION_LAYER_ASSIGNMENT (  '', '', ( #2423 ) ) ;
#3553 =( NAMED_UNIT ( * ) SI_UNIT ( $, .STERADIAN. ) SOLID_ANGLE_UNIT ( ) );
#3554 = EDGE_LOOP ( 'NONE', ( #8039, #805, #3634, #5948, #9810, #523, #4954, #3081, #7525, #8571, #10988, #3394, #914, #10791 ) ) ;
#3555 = AXIS2_PLACEMENT_3D ( 'NONE', #5420, #2691, #8958 ) ;
#3556 = DIRECTION ( 'NONE',  ( 0.0000000000000000000, -1.000000000000000000, 0.0000000000000000000 ) ) ;
#3557 = VECTOR ( 'NONE', #6846, 1000.000000000000000 ) ;
#3558 = DIRECTION ( 'NONE',  ( 0.0000000000000000000, 1.000000000000000000, 0.0000000000000000000 ) ) ;
#3559 = LINE ( 'NONE', #2285, #4401 ) ;
#3560 = FACE_OUTER_BOUND ( 'NONE', #943, .T. ) ;
#3561 = DIRECTION ( 'NONE',  ( 1.000000000000000000, 0.0000000000000000000, 0.0000000000000000000 ) ) ;
#3562 = ORIENTED_EDGE ( 'NONE', *, *, #4817, .F. ) ;
#3563 = DIRECTION ( 'NONE',  ( 0.0000000000000000000, 0.0000000000000000000, 1.000000000000000000 ) ) ;
#3564 = EDGE_CURVE ( 'NONE', #3321, #865, #1465, .T. ) ;
#3565 = ORIENTED_EDGE ( 'NONE', *, *, #1184, .F. ) ;
#3566 =( NAMED_UNIT ( * ) SI_UNIT ( $, .STERADIAN. ) SOLID_ANGLE_UNIT ( ) );
#3567 = CARTESIAN_POINT ( 'NONE',  ( 0.7250000000000000888, 1.850000000000000089, 2.024999999999999911 ) ) ;
#3568 = PLANE ( 'NONE',  #8 ) ;
#3569 = ORIENTED_EDGE ( 'NONE', *, *, #8209, .T. ) ;
#3570 = LINE ( 'NONE', #11099, #9471 ) ;
#3571 = VERTEX_POINT ( 'NONE', #1588 ) ;
#3572 = DIRECTION ( 'NONE',  ( 0.0000000000000000000, 0.0000000000000000000, -1.000000000000000000 ) ) ;
#3573 = EDGE_CURVE ( 'NONE', #3067, #11473, #9466, .T. ) ;
#3574 = CARTESIAN_POINT ( 'NONE',  ( 4.174999999999999822, 1.850000000000000089, -1.698606797699999893 ) ) ;
#3575 = CARTESIAN_POINT ( 'NONE',  ( 4.575000000000000178, 1.850000000000000089, 2.024999999999999911 ) ) ;
#3576 = EDGE_CURVE ( 'NONE', #5716, #1377, #4665, .T. ) ;
#3577 = LINE ( 'NONE', #7622, #10872 ) ;
#3578 = FACE_OUTER_BOUND ( 'NONE', #7076, .T. ) ;
#3579 = EDGE_LOOP ( 'NONE', ( #9715, #10405, #6293, #4131 ) ) ;
#3580 = DIRECTION ( 'NONE',  ( 0.0000000000000000000, 0.0000000000000000000, 1.000000000000000000 ) ) ;
#3581 = VERTEX_POINT ( 'NONE', #6033 ) ;
#3582 = DIRECTION ( 'NONE',  ( 0.0000000000000000000, 1.000000000000000000, 0.0000000000000000000 ) ) ;
#3583 = CARTESIAN_POINT ( 'NONE',  ( 4.274999999999999467, 0.05000000000000002359, -1.775000000000000133 ) ) ;
#3584 = CARTESIAN_POINT ( 'NONE',  ( -0.5250000000000000222, 0.5000000000000000000, 0.0000000000000000000 ) ) ;
#3585 = ADVANCED_FACE ( 'NONE', ( #5534 ), #4162, .F. ) ;
#3586 = VECTOR ( 'NONE', #8127, 1000.000000000000000 ) ;
#3587 = AXIS2_PLACEMENT_3D ( 'NONE', #9670, #3473, #7756 ) ;
#3588 = LINE ( 'NONE', #3245, #940 ) ;
#3589 = EDGE_CURVE ( 'NONE', #9530, #3510, #7063, .T. ) ;
#3590 = DIRECTION ( 'NONE',  ( -1.000000000000000000, 0.0000000000000000000, 0.0000000000000000000 ) ) ;
#3591 = VECTOR ( 'NONE', #8644, 1000.000000000000000 ) ;
#3592 = PLANE ( 'NONE',  #7289 ) ;
#3593 = VERTEX_POINT ( 'NONE', #10429 ) ;
#3594 = MECHANICAL_DESIGN_GEOMETRIC_PRESENTATION_REPRESENTATION (  '', ( #822 ), #1413 ) ;
#3595 = VERTEX_POINT ( 'NONE', #5051 ) ;
#3596 = CARTESIAN_POINT ( 'NONE',  ( 2.925000000000000266, 1.649999999999999911, 2.024999999999999911 ) ) ;
#3597 = CARTESIAN_POINT ( 'NONE',  ( 4.275000000000000355, 1.850000000000000089, 2.024999999999999911 ) ) ;
#3598 = PLANE ( 'NONE',  #1943 ) ;
#3599 = LINE ( 'NONE', #2224, #8068 ) ;
#3600 = LINE ( 'NONE', #6651, #5424 ) ;
#3601 = CARTESIAN_POINT ( 'NONE',  ( 1.975000000000000089, 1.350000000000000089, 0.0000000000000000000 ) ) ;
#3602 = ORIENTED_EDGE ( 'NONE', *, *, #7036, .F. ) ;
#3603 = CARTESIAN_POINT ( 'NONE',  ( 1.975000000000000089, 1.315130797599999957, 1.171117220399999770 ) ) ;
#3604 = ORIENTED_EDGE ( 'NONE', *, *, #2536, .F. ) ;
#3605 = EDGE_CURVE ( 'NONE', #2526, #7931, #9741, .T. ) ;
#3606 = VERTEX_POINT ( 'NONE', #4282 ) ;
#3607 = CARTESIAN_POINT ( 'NONE',  ( 5.514999999999999680, 1.850000000000000089, -1.025000000000000133 ) ) ;
#3608 = EDGE_CURVE ( 'NONE', #1376, #6661, #7894, .T. ) ;
#3609 = DIRECTION ( 'NONE',  ( 0.0000000000000000000, 0.0000000000000000000, -1.000000000000000000 ) ) ;
#3610 =( NAMED_UNIT ( * ) SI_UNIT ( $, .STERADIAN. ) SOLID_ANGLE_UNIT ( ) );
#3611 = CARTESIAN_POINT ( 'NONE',  ( 9.525000000000002132, 4.240000000000000213, -1.925000000000000933 ) ) ;
#3612 = DIRECTION ( 'NONE',  ( 1.000000000000000000, 0.0000000000000000000, 0.0000000000000000000 ) ) ;
#3613 = LINE ( 'NONE', #3415, #1220 ) ;
#3614 = VECTOR ( 'NONE', #7314, 1000.000000000000114 ) ;
#3615 = CARTESIAN_POINT ( 'NONE',  ( -0.3750000000000000000, 2.750000000000000000, -0.4749999999999999778 ) ) ;
#3616 = VECTOR ( 'NONE', #1840, 1000.000000000000000 ) ;
#3617 = ORIENTED_EDGE ( 'NONE', *, *, #6407, .T. ) ;
#3618 = UNCERTAINTY_MEASURE_WITH_UNIT (LENGTH_MEASURE( 1.000000000000000082E-05 ), #9932, 'distance_accuracy_value', 'NONE');
#3619 = ORIENTED_EDGE ( 'NONE', *, *, #3880, .F. ) ;
#3620 = AXIS2_PLACEMENT_3D ( 'NONE', #2472, #630, #6771 ) ;
#3621 = DIRECTION ( 'NONE',  ( 1.000000000000000000, 0.0000000000000000000, 0.0000000000000000000 ) ) ;
#3622 = AXIS2_PLACEMENT_3D ( 'NONE', #6537, #1188, #10155 ) ;
#3623 = ORIENTED_EDGE ( 'NONE', *, *, #4330, .T. ) ;
#3624 = CARTESIAN_POINT ( 'NONE',  ( 0.7250000000000000888, -0.6500000000000000222, -1.775000000000000133 ) ) ;
#3625 = DIRECTION ( 'NONE',  ( 0.0000000000000000000, 0.0000000000000000000, -1.000000000000000000 ) ) ;
#3626 = ORIENTED_EDGE ( 'NONE', *, *, #5177, .T. ) ;
#3627 = SURFACE_STYLE_FILL_AREA ( #11111 ) ;
#3628 = VECTOR ( 'NONE', #5149, 1000.000000000000000 ) ;
#3629 = CARTESIAN_POINT ( 'NONE',  ( 6.625000000000000000, 1.000000000000000000, -1.525000000000000133 ) ) ;
#3630 = EDGE_LOOP ( 'NONE', ( #4661, #3019, #848, #6985 ) ) ;
#3631 = ORIENTED_EDGE ( 'NONE', *, *, #1900, .F. ) ;
#3632 = CARTESIAN_POINT ( 'NONE',  ( 9.975000000000003197, 1.999999999999998668, -1.425000000000000933 ) ) ;
#3633 = VERTEX_POINT ( 'NONE', #9660 ) ;
#3634 = ORIENTED_EDGE ( 'NONE', *, *, #4106, .F. ) ;
#3635 = ORIENTED_EDGE ( 'NONE', *, *, #61, .F. ) ;
#3636 = VECTOR ( 'NONE', #9799, 1000.000000000000000 ) ;
#3637 = MECHANICAL_DESIGN_GEOMETRIC_PRESENTATION_REPRESENTATION (  '', ( #4010 ), #10230 ) ;
#3638 = DIRECTION ( 'NONE',  ( 0.0000000000000000000, 1.000000000000000000, 0.0000000000000000000 ) ) ;
#3639 = CARTESIAN_POINT ( 'NONE',  ( 4.474999999999999645, 1.795247431900000024, 2.024999999999999911 ) ) ;
#3640 = MECHANICAL_DESIGN_GEOMETRIC_PRESENTATION_REPRESENTATION (  '', ( #7434 ), #10233 ) ;
#3641 =( NAMED_UNIT ( * ) SI_UNIT ( $, .STERADIAN. ) SOLID_ANGLE_UNIT ( ) );
#3642 = CARTESIAN_POINT ( 'NONE',  ( -0.5250000000000000222, 1.350000000000000089, 1.525000000000000133 ) ) ;
#3643 = VERTEX_POINT ( 'NONE', #5949 ) ;
#3644 = VERTEX_POINT ( 'NONE', #1628 ) ;
#3645 = EDGE_LOOP ( 'NONE', ( #2324, #7950, #4451, #10274 ) ) ;
#3646 = EDGE_CURVE ( 'NONE', #272, #2482, #7600, .T. ) ;
#3647 = VERTEX_POINT ( 'NONE', #3423 ) ;
#3648 = LINE ( 'NONE', #1041, #5327 ) ;
#3649 = ADVANCED_FACE ( 'NONE', ( #11554 ), #10723, .F. ) ;
#3650 = EDGE_CURVE ( 'NONE', #7009, #7333, #8898, .T. ) ;
#3651 = DIRECTION ( 'NONE',  ( -1.000000000000000000, 0.0000000000000000000, 0.0000000000000000000 ) ) ;
#3652 = DIRECTION ( 'NONE',  ( 0.0000000000000000000, -1.084202172485501673E-15, -1.000000000000000000 ) ) ;
#3653 = DIRECTION ( 'NONE',  ( 0.0000000000000000000, -1.000000000000000000, 0.0000000000000000000 ) ) ;
#3654 = CARTESIAN_POINT ( 'NONE',  ( 5.724999999999999645, 0.0000000000000000000, -2.024999999999999911 ) ) ;
#3655 = CARTESIAN_POINT ( 'NONE',  ( 5.000000000000000000, 0.0000000000000000000, -1.025000000000000133 ) ) ;
#3656 = VERTEX_POINT ( 'NONE', #8994 ) ;
#3657 = ORIENTED_EDGE ( 'NONE', *, *, #8959, .T. ) ;
#3658 = EDGE_LOOP ( 'NONE', ( #4278, #10459, #4843, #10817 ) ) ;
#3659 = COLOUR_RGB ( '',1.000000000000000000, 1.000000000000000000, 1.000000000000000000 ) ;
#3660 = DIRECTION ( 'NONE',  ( 0.0000000000000000000, 1.000000000000000000, 0.0000000000000000000 ) ) ;
#3661 = LINE ( 'NONE', #4481, #4895 ) ;
#3662 = LINE ( 'NONE', #989, #5191 ) ;
#3663 = MECHANICAL_DESIGN_GEOMETRIC_PRESENTATION_REPRESENTATION (  '', ( #10650 ), #3816 ) ;
#3664 = EDGE_CURVE ( 'NONE', #4632, #11619, #5521, .T. ) ;
#3665 = DIRECTION ( 'NONE',  ( 1.000000000000000000, 0.0000000000000000000, 0.0000000000000000000 ) ) ;
#3666 = ORIENTED_EDGE ( 'NONE', *, *, #752, .F. ) ;
#3667 = CARTESIAN_POINT ( 'NONE',  ( 5.724999999999999645, 1.000000000000000000, -1.525000000000000133 ) ) ;
#3668 = CARTESIAN_POINT ( 'NONE',  ( 1.975000000000000089, 1.850000000000000089, 2.024999999999999911 ) ) ;
#3669 = ORIENTED_EDGE ( 'NONE', *, *, #5084, .F. ) ;
#3670 = LINE ( 'NONE', #2077, #9276 ) ;
#3671 = ADVANCED_FACE ( 'NONE', ( #1310 ), #11570, .F. ) ;
#3672 = LINE ( 'NONE', #8556, #5342 ) ;
#3673 = FACE_OUTER_BOUND ( 'NONE', #2649, .T. ) ;
#3674 =( NAMED_UNIT ( * ) SI_UNIT ( $, .STERADIAN. ) SOLID_ANGLE_UNIT ( ) );
#3675 = EDGE_LOOP ( 'NONE', ( #2931, #7230, #1100, #6818 ) ) ;
#3676 =( LENGTH_UNIT ( ) NAMED_UNIT ( * ) SI_UNIT ( .MILLI., .METRE. ) );
#3677 = ORIENTED_EDGE ( 'NONE', *, *, #5065, .F. ) ;
#3678 = PRESENTATION_LAYER_ASSIGNMENT (  '', '', ( #7185 ) ) ;
#3679 = DIRECTION ( 'NONE',  ( 0.0000000000000000000, -1.000000000000000000, 0.0000000000000000000 ) ) ;
#3680 = EDGE_CURVE ( 'NONE', #5986, #2243, #5237, .T. ) ;
#3681 = DIRECTION ( 'NONE',  ( 0.0000000000000000000, 1.000000000000000000, 0.0000000000000000000 ) ) ;
#3682 = CARTESIAN_POINT ( 'NONE',  ( 3.024999999999999911, 0.0000000000000000000, -2.024999999999999911 ) ) ;
#3683 = LINE ( 'NONE', #3763, #6330 ) ;
#3684 = CARTESIAN_POINT ( 'NONE',  ( 4.474999999999999645, 1.649999999999999911, 2.024999999999999911 ) ) ;
#3685 = VECTOR ( 'NONE', #350, 1000.000000000000000 ) ;
#3686 = VERTEX_POINT ( 'NONE', #3615 ) ;
#3687 = LINE ( 'NONE', #3543, #11108 ) ;
#3688 = EDGE_LOOP ( 'NONE', ( #6018, #9089, #6973, #4061 ) ) ;
#3689 = CARTESIAN_POINT ( 'NONE',  ( 1.975000000000000089, 1.795247431900000024, 2.024999999999999911 ) ) ;
#3690 = VECTOR ( 'NONE', #8843, 1000.000000000000000 ) ;
#3691 = DIRECTION ( 'NONE',  ( 0.0000000000000000000, 0.6650335612228979176, -0.7468134723257140450 ) ) ;
#3692 = LINE ( 'NONE', #1038, #8161 ) ;
#3693 = MECHANICAL_DESIGN_GEOMETRIC_PRESENTATION_REPRESENTATION (  '', ( #9920 ), #6078 ) ;
#3694 = FACE_OUTER_BOUND ( 'NONE', #8008, .T. ) ;
#3695 = EDGE_CURVE ( 'NONE', #1402, #7840, #51, .T. ) ;
#3696 = CARTESIAN_POINT ( 'NONE',  ( 3.024999999999999911, 1.649999999999999911, -1.025000000000000133 ) ) ;
#3697 = EDGE_CURVE ( 'NONE', #5805, #3243, #9167, .T. ) ;
#3698 = ORIENTED_EDGE ( 'NONE', *, *, #1045, .F. ) ;
#3699 = PRESENTATION_STYLE_ASSIGNMENT (( #10524 ) ) ;
#3700 = ORIENTED_EDGE ( 'NONE', *, *, #11609, .F. ) ;
#3701 = LINE ( 'NONE', #7696, #1306 ) ;
#3702 = FILL_AREA_STYLE_COLOUR ( '', #9024 ) ;
#3703 = CARTESIAN_POINT ( 'NONE',  ( 4.474999999999999645, 1.649999999999999911, -1.698606797699999893 ) ) ;
#3704 = CARTESIAN_POINT ( 'NONE',  ( 0.7250000000000000888, 1.850000000000000089, 2.024999999999999911 ) ) ;
#3705 = VECTOR ( 'NONE', #3753, 1000.000000000000000 ) ;
#3706 = VECTOR ( 'NONE', #8333, 1000.000000000000000 ) ;
#3707 = ADVANCED_FACE ( 'NONE', ( #2856 ), #3766, .F. ) ;
#3708 =( GEOMETRIC_REPRESENTATION_CONTEXT ( 3 ) GLOBAL_UNCERTAINTY_ASSIGNED_CONTEXT ( ( #8190 ) ) GLOBAL_UNIT_ASSIGNED_CONTEXT ( ( #7078, #1728, #1765 ) ) REPRESENTATION_CONTEXT ( 'NONE', 'WORKASPACE' ) );
#3709 = EDGE_LOOP ( 'NONE', ( #8168, #10957, #10923, #3168 ) ) ;
#3710 = LINE ( 'NONE', #8280, #1895 ) ;
#3711 = ORIENTED_EDGE ( 'NONE', *, *, #4089, .T. ) ;
#3712 = DIRECTION ( 'NONE',  ( 0.0000000000000000000, -1.000000000000000000, 0.0000000000000000000 ) ) ;
#3713 = ORIENTED_EDGE ( 'NONE', *, *, #4749, .F. ) ;
#3714 = VERTEX_POINT ( 'NONE', #1560 ) ;
#3715 = CARTESIAN_POINT ( 'NONE',  ( -2.274999999999999911, 2.224999999999998757, -2.025000000000007905 ) ) ;
#3716 = LINE ( 'NONE', #11486, #4554 ) ;
#3717 = LINE ( 'NONE', #4052, #10591 ) ;
#3718 = SURFACE_SIDE_STYLE ('',( #7629 ) ) ;
#3719 = CARTESIAN_POINT ( 'NONE',  ( 9.375000000000001776, 3.750000000000000000, -2.024999999999999911 ) ) ;
#3720 = EDGE_CURVE ( 'NONE', #8622, #154, #7325, .T. ) ;
#3721 = CARTESIAN_POINT ( 'NONE',  ( 8.225000000000003197, 1.649999999999999911, -1.698606797699999893 ) ) ;
#3722 = VERTEX_POINT ( 'NONE', #6868 ) ;
#3723 = VECTOR ( 'NONE', #5965, 1000.000000000000000 ) ;
#3724 = VERTEX_POINT ( 'NONE', #9636 ) ;
#3725 = CARTESIAN_POINT ( 'NONE',  ( -0.8249999999999999556, 1.850000000000000089, 2.024999999999999911 ) ) ;
#3726 = ADVANCED_FACE ( 'NONE', ( #4543 ), #8099, .F. ) ;
#3727 = FACE_OUTER_BOUND ( 'NONE', #7693, .T. ) ;
#3728 = VECTOR ( 'NONE', #10166, 1000.000000000000000 ) ;
#3729 = DIRECTION ( 'NONE',  ( -1.000000000000000000, 0.0000000000000000000, 0.0000000000000000000 ) ) ;
#3730 = ORIENTED_EDGE ( 'NONE', *, *, #10597, .F. ) ;
#3731 = EDGE_CURVE ( 'NONE', #2210, #11133, #2150, .T. ) ;
#3732 = CARTESIAN_POINT ( 'NONE',  ( 0.5249999999999999112, 0.05000000000000002359, -1.775000000000000133 ) ) ;
#3733 = EDGE_CURVE ( 'NONE', #7966, #272, #11411, .T. ) ;
#3734 = ORIENTED_EDGE ( 'NONE', *, *, #4909, .T. ) ;
#3735 = DIRECTION ( 'NONE',  ( 0.0000000000000000000, 0.0000000000000000000, 1.000000000000000000 ) ) ;
#3736 = AXIS2_PLACEMENT_3D ( 'NONE', #9696, #9770, #4357 ) ;
#3737 = LINE ( 'NONE', #1088, #9198 ) ;
#3738 = LINE ( 'NONE', #10780, #798 ) ;
#3739 = CARTESIAN_POINT ( 'NONE',  ( 5.424999999999999822, 1.850000000000000089, -1.474999999999999867 ) ) ;
#3740 = ORIENTED_EDGE ( 'NONE', *, *, #295, .F. ) ;
#3741 = ORIENTED_EDGE ( 'NONE', *, *, #2167, .F. ) ;
#3742 = EDGE_CURVE ( 'NONE', #8791, #2930, #10011, .T. ) ;
#3743 = FACE_OUTER_BOUND ( 'NONE', #5291, .T. ) ;
#3744 = CARTESIAN_POINT ( 'NONE',  ( 0.4249999999999999889, 1.850000000000000089, -1.474999999999999867 ) ) ;
#3745 = VECTOR ( 'NONE', #9453, 1000.000000000000000 ) ;
#3746 = VECTOR ( 'NONE', #942, 1000.000000000000000 ) ;
#3747 = ORIENTED_EDGE ( 'NONE', *, *, #2261, .F. ) ;
#3748 = DIRECTION ( 'NONE',  ( 0.0000000000000000000, -1.000000000000000000, 0.0000000000000000000 ) ) ;
#3749 = CARTESIAN_POINT ( 'NONE',  ( 8.024999999999998579, 1.000000000000000000, 1.525000000000000133 ) ) ;
#3750 = DIRECTION ( 'NONE',  ( 0.0000000000000000000, -0.0000000000000000000, -1.000000000000000000 ) ) ;
#3751 = PLANE ( 'NONE',  #8157 ) ;
#3752 = ORIENTED_EDGE ( 'NONE', *, *, #10402, .F. ) ;
#3753 = DIRECTION ( 'NONE',  ( -1.000000000000000000, 0.0000000000000000000, 0.0000000000000000000 ) ) ;
#3754 = VECTOR ( 'NONE', #2262, 1000.000000000000000 ) ;
#3755 = VECTOR ( 'NONE', #10289, 1000.000000000000000 ) ;
#3756 = LINE ( 'NONE', #3401, #8230 ) ;
#3757 = ORIENTED_EDGE ( 'NONE', *, *, #4926, .F. ) ;
#3758 = EDGE_CURVE ( 'NONE', #8945, #9711, #4939, .T. ) ;
#3759 = ADVANCED_FACE ( 'NONE', ( #10863 ), #10763, .T. ) ;
#3760 = DIRECTION ( 'NONE',  ( -1.000000000000000000, 0.0000000000000000000, 0.0000000000000000000 ) ) ;
#3761 = CARTESIAN_POINT ( 'NONE',  ( 6.675000000000000711, 1.649999999999999911, -1.474999999999999867 ) ) ;
#3762 = EDGE_CURVE ( 'NONE', #6495, #4619, #11131, .T. ) ;
#3763 = CARTESIAN_POINT ( 'NONE',  ( 0.5250000000000000222, 0.0000000000000000000, 2.024999999999999911 ) ) ;
#3764 = VERTEX_POINT ( 'NONE', #8108 ) ;
#3765 = DIRECTION ( 'NONE',  ( 0.0000000000000000000, -0.6650335612228979176, -0.7468134723257140450 ) ) ;
#3766 = PLANE ( 'NONE',  #8336 ) ;
#3767 = ORIENTED_EDGE ( 'NONE', *, *, #9055, .F. ) ;
#3768 = CARTESIAN_POINT ( 'NONE',  ( 3.234999999999999876, 1.850000000000000089, -2.024999999999999911 ) ) ;
#3769 = ORIENTED_EDGE ( 'NONE', *, *, #6269, .F. ) ;
#3770 = VECTOR ( 'NONE', #4573, 1000.000000000000000 ) ;
#3771 = LINE ( 'NONE', #9608, #1380 ) ;
#3772 = VERTEX_POINT ( 'NONE', #1008 ) ;
#3773 = DIRECTION ( 'NONE',  ( 0.0000000000000000000, 0.0000000000000000000, 1.000000000000000000 ) ) ;
#3774 = AXIS2_PLACEMENT_3D ( 'NONE', #2543, #3282, #7885 ) ;
#3775 = AXIS2_PLACEMENT_3D ( 'NONE', #7363, #8271, #8421 ) ;
#3776 = VERTEX_POINT ( 'NONE', #5422 ) ;
#3777 = VERTEX_POINT ( 'NONE', #2831 ) ;
#3778 =( NAMED_UNIT ( * ) PLANE_ANGLE_UNIT ( ) SI_UNIT ( $, .RADIAN. ) );
#3779 = ORIENTED_EDGE ( 'NONE', *, *, #4034, .T. ) ;
#3780 = VERTEX_POINT ( 'NONE', #5459 ) ;
#3781 = ORIENTED_EDGE ( 'NONE', *, *, #1900, .T. ) ;
#3782 = VECTOR ( 'NONE', #5905, 1000.000000000000000 ) ;
#3783 = ADVANCED_FACE ( 'NONE', ( #2591 ), #9216, .T. ) ;
#3784 = ORIENTED_EDGE ( 'NONE', *, *, #4136, .T. ) ;
#3785 = EDGE_CURVE ( 'NONE', #4611, #2084, #6775, .T. ) ;
#3786 = CARTESIAN_POINT ( 'NONE',  ( -2.274999999999999911, 2.250000000000000000, -1.925000000000000044 ) ) ;
#3787 = ORIENTED_EDGE ( 'NONE', *, *, #10998, .F. ) ;
#3788 = ORIENTED_EDGE ( 'NONE', *, *, #11370, .F. ) ;
#3789 = EDGE_LOOP ( 'NONE', ( #401, #11373, #10582, #6486 ) ) ;
#3790 = ORIENTED_EDGE ( 'NONE', *, *, #3095, .T. ) ;
#3791 = PLANE ( 'NONE',  #4851 ) ;
#3792 = CARTESIAN_POINT ( 'NONE',  ( 6.985000000000000320, 1.850000000000000089, -1.025000000000000133 ) ) ;
#3793 =( NAMED_UNIT ( * ) SI_UNIT ( $, .STERADIAN. ) SOLID_ANGLE_UNIT ( ) );
#3794 = AXIS2_PLACEMENT_3D ( 'NONE', #9294, #8367, #467 ) ;
#3795 = DIRECTION ( 'NONE',  ( 0.0000000000000000000, 0.0000000000000000000, -1.000000000000000000 ) ) ;
#3796 = LINE ( 'NONE', #8166, #1405 ) ;
#3797 = FILL_AREA_STYLE_COLOUR ( '', #10611 ) ;
#3798 = PLANE ( 'NONE',  #10484 ) ;
#3799 = ORIENTED_EDGE ( 'NONE', *, *, #7490, .F. ) ;
#3800 = EDGE_CURVE ( 'NONE', #877, #11477, #1889, .T. ) ;
#3801 = ORIENTED_EDGE ( 'NONE', *, *, #4551, .F. ) ;
#3802 = EDGE_CURVE ( 'NONE', #10238, #11521, #1611, .T. ) ;
#3803 = ORIENTED_EDGE ( 'NONE', *, *, #3650, .F. ) ;
#3804 = SURFACE_STYLE_FILL_AREA ( #5789 ) ;
#3805 = EDGE_CURVE ( 'NONE', #7956, #2089, #6073, .T. ) ;
#3806 = CARTESIAN_POINT ( 'NONE',  ( -2.274999999999999911, 0.6000000000000076383, -0.2249999999999982014 ) ) ;
#3807 = CARTESIAN_POINT ( 'NONE',  ( 6.974999999999999645, -0.6500000000000000222, -1.775000000000000133 ) ) ;
#3808 = LINE ( 'NONE', #1326, #872 ) ;
#3809 = CARTESIAN_POINT ( 'NONE',  ( -0.5250000000000000222, 0.3499999999999999778, -2.075000000000000178 ) ) ;
#3810 = CARTESIAN_POINT ( 'NONE',  ( 3.024999999999999911, 0.05000000000000002359, -1.775000000000000133 ) ) ;
#3811 = ORIENTED_EDGE ( 'NONE', *, *, #11157, .T. ) ;
#3812 = PLANE ( 'NONE',  #7164 ) ;
#3813 = ORIENTED_EDGE ( 'NONE', *, *, #4170, .F. ) ;
#3814 = DIRECTION ( 'NONE',  ( 0.0000000000000000000, 0.0000000000000000000, -1.000000000000000000 ) ) ;
#3815 = ORIENTED_EDGE ( 'NONE', *, *, #7627, .F. ) ;
#3816 =( GEOMETRIC_REPRESENTATION_CONTEXT ( 3 ) GLOBAL_UNCERTAINTY_ASSIGNED_CONTEXT ( ( #7459 ) ) GLOBAL_UNIT_ASSIGNED_CONTEXT ( ( #7158, #10823, #3566 ) ) REPRESENTATION_CONTEXT ( 'NONE', 'WORKASPACE' ) );
#3817 = LINE ( 'NONE', #1343, #7167 ) ;
#3818 = EDGE_CURVE ( 'NONE', #5764, #3764, #8172, .T. ) ;
#3819 = VECTOR ( 'NONE', #3652, 1000.000000000000000 ) ;
#3820 = DIRECTION ( 'NONE',  ( -1.000000000000000000, 0.0000000000000000000, 0.0000000000000000000 ) ) ;
#3821 = LINE ( 'NONE', #6813, #6463 ) ;
#3822 = AXIS2_PLACEMENT_3D ( 'NONE', #7869, #4397, #10551 ) ;
#3823 = CARTESIAN_POINT ( 'NONE',  ( -2.875000000000000000, 1.949999999999999512, 2.025000000000007017 ) ) ;
#3824 = VERTEX_POINT ( 'NONE', #9418 ) ;
#3825 = ADVANCED_FACE ( 'NONE', ( #4265 ), #346, .F. ) ;
#3826 = ORIENTED_EDGE ( 'NONE', *, *, #3304, .F. ) ;
#3827 = SURFACE_STYLE_FILL_AREA ( #9549 ) ;
#3828 = DIRECTION ( 'NONE',  ( 0.0000000000000000000, 0.0000000000000000000, -1.000000000000000000 ) ) ;
#3829 = FACE_OUTER_BOUND ( 'NONE', #3928, .T. ) ;
#3830 = VECTOR ( 'NONE', #920, 1000.000000000000000 ) ;
#3831 = CARTESIAN_POINT ( 'NONE',  ( 8.675000000000002487, 2.550000000000000266, -1.474999999999999867 ) ) ;
#3832 = ORIENTED_EDGE ( 'NONE', *, *, #3474, .T. ) ;
#3833 = CARTESIAN_POINT ( 'NONE',  ( 4.264999999999999680, 1.850000000000000089, -1.025000000000000133 ) ) ;
#3834 = VECTOR ( 'NONE', #3820, 1000.000000000000000 ) ;
#3835 = EDGE_CURVE ( 'NONE', #7798, #5860, #765, .T. ) ;
#3836 = SURFACE_STYLE_USAGE ( .BOTH. , #5662 ) ;
#3837 = EDGE_LOOP ( 'NONE', ( #10487, #7402, #4133, #4341, #7082, #9109, #2775, #9121, #4750, #9192, #6401, #7969, #5593, #5861, #9615, #5727 ) ) ;
#3838 = EDGE_CURVE ( 'NONE', #8925, #10409, #2987, .T. ) ;
#3839 = CARTESIAN_POINT ( 'NONE',  ( -2.375000000000000000, 3.149999999999999911, 0.02500000000000000139 ) ) ;
#3840 = LINE ( 'NONE', #8715, #8025 ) ;
#3841 = VECTOR ( 'NONE', #8474, 1000.000000000000000 ) ;
#3842 = DIRECTION ( 'NONE',  ( -0.0000000000000000000, 1.000000000000000000, 0.0000000000000000000 ) ) ;
#3843 = ADVANCED_FACE ( 'NONE', ( #9739 ), #9334, .T. ) ;
#3844 = VERTEX_POINT ( 'NONE', #8588 ) ;
#3845 = AXIS2_PLACEMENT_3D ( 'NONE', #2719, #999, #8175 ) ;
#3846 = PLANE ( 'NONE',  #6531 ) ;
#3847 = ORIENTED_EDGE ( 'NONE', *, *, #6146, .T. ) ;
#3848 = CARTESIAN_POINT ( 'NONE',  ( 3.225000000000000089, 1.315130797599999957, 1.171117220399999770 ) ) ;
#3849 = CARTESIAN_POINT ( 'NONE',  ( 1.775000000000000133, 0.5547525681000000652, 2.024999999999999911 ) ) ;
#3850 = LINE ( 'NONE', #6644, #5659 ) ;
#3851 = FACE_OUTER_BOUND ( 'NONE', #3330, .T. ) ;
#3852 = ORIENTED_EDGE ( 'NONE', *, *, #4173, .T. ) ;
#3853 = VECTOR ( 'NONE', #2838, 1000.000000000000000 ) ;
#3854 = DIRECTION ( 'NONE',  ( -1.000000000000000000, 0.0000000000000000000, 0.0000000000000000000 ) ) ;
#3855 = VERTEX_POINT ( 'NONE', #2273 ) ;
#3856 = MECHANICAL_DESIGN_GEOMETRIC_PRESENTATION_REPRESENTATION (  '', ( #236 ), #1846 ) ;
#3857 = LINE ( 'NONE', #1271, #10307 ) ;
#3858 = VECTOR ( 'NONE', #8594, 1000.000000000000000 ) ;
#3859 = STYLED_ITEM ( 'NONE', ( #5640 ), #4961 ) ;
#3860 = CARTESIAN_POINT ( 'NONE',  ( -0.7249999999999999778, 1.850000000000000089, 0.0000000000000000000 ) ) ;
#3861 = ORIENTED_EDGE ( 'NONE', *, *, #9539, .F. ) ;
#3862 = LINE ( 'NONE', #8853, #640 ) ;
#3863 = EDGE_LOOP ( 'NONE', ( #6238, #11350, #4473, #1894 ) ) ;
#3864 = CARTESIAN_POINT ( 'NONE',  ( 5.724999999999999645, 0.5000000000000000000, 2.024999999999999911 ) ) ;
#3865 = DIRECTION ( 'NONE',  ( 0.0000000000000000000, 1.000000000000000000, 0.0000000000000000000 ) ) ;
#3866 = EDGE_CURVE ( 'NONE', #8943, #952, #1608, .T. ) ;
#3867 = FACE_OUTER_BOUND ( 'NONE', #1151, .T. ) ;
#3868 = LINE ( 'NONE', #10958, #5412 ) ;
#3869 = ORIENTED_EDGE ( 'NONE', *, *, #8734, .T. ) ;
#3870 = ORIENTED_EDGE ( 'NONE', *, *, #5231, .T. ) ;
#3871 = ADVANCED_FACE ( 'NONE', ( #7321 ), #3962, .T. ) ;
#3872 = CARTESIAN_POINT ( 'NONE',  ( -0.7249999999999999778, 0.5547525681000000652, 2.024999999999999911 ) ) ;
#3873 = CARTESIAN_POINT ( 'NONE',  ( 9.775000000000002132, 1.999999999999998668, -1.425000000000000933 ) ) ;
#3874 = CARTESIAN_POINT ( 'NONE',  ( 8.224999999999999645, 0.5547525681000000652, 2.024999999999999911 ) ) ;
#3875 = VECTOR ( 'NONE', #11359, 1000.000000000000000 ) ;
#3876 = LINE ( 'NONE', #8413, #1209 ) ;
#3877 = DIRECTION ( 'NONE',  ( 0.0000000000000000000, -1.084202172485501673E-15, -1.000000000000000000 ) ) ;
#3878 = EDGE_CURVE ( 'NONE', #11089, #10677, #2010, .T. ) ;
#3879 = LINE ( 'NONE', #7745, #1502 ) ;
#3880 = EDGE_CURVE ( 'NONE', #8133, #5693, #3275, .T. ) ;
#3881 = ORIENTED_EDGE ( 'NONE', *, *, #4656, .T. ) ;
#3882 = SURFACE_STYLE_USAGE ( .BOTH. , #6689 ) ;
#3883 = VERTEX_POINT ( 'NONE', #7618 ) ;
#3884 = PLANE ( 'NONE',  #1897 ) ;
#3885 = ORIENTED_EDGE ( 'NONE', *, *, #1387, .T. ) ;
#3886 = DIRECTION ( 'NONE',  ( 0.0000000000000000000, -0.4999999999932618899, 0.8660254037883288181 ) ) ;
#3887 = VECTOR ( 'NONE', #1803, 1000.000000000000000 ) ;
#3888 = LINE ( 'NONE', #10740, #671 ) ;
#3889 = CARTESIAN_POINT ( 'NONE',  ( -1.175000000000000044, 2.550000000000000266, -1.474999999999999867 ) ) ;
#3890 = VERTEX_POINT ( 'NONE', #8461 ) ;
#3891 = FILL_AREA_STYLE ('',( #8110 ) ) ;
#3892 = ADVANCED_FACE ( 'NONE', ( #8600, #8895, #7891, #1164, #1746 ), #1416, .F. ) ;
#3893 = AXIS2_PLACEMENT_3D ( 'NONE', #11545, #8153, #2120 ) ;
#3894 = EDGE_CURVE ( 'NONE', #5003, #10985, #6203, .T. ) ;
#3895 = DIRECTION ( 'NONE',  ( 0.0000000000000000000, 1.000000000000000000, 0.0000000000000000000 ) ) ;
#3896 = ORIENTED_EDGE ( 'NONE', *, *, #3288, .F. ) ;
#3897 = CARTESIAN_POINT ( 'NONE',  ( 5.514999999999999680, 1.000000000000000000, -1.025000000000000133 ) ) ;
#3898 = VERTEX_POINT ( 'NONE', #9692 ) ;
#3899 = VERTEX_POINT ( 'NONE', #5793 ) ;
#3900 = DIRECTION ( 'NONE',  ( 0.0000000000000000000, 0.0000000000000000000, -1.000000000000000000 ) ) ;
#3901 = VECTOR ( 'NONE', #7561, 1000.000000000000000 ) ;
#3902 = CARTESIAN_POINT ( 'NONE',  ( 8.875000000000003553, 3.149999999999999911, 2.024999999999999911 ) ) ;
#3903 = ORIENTED_EDGE ( 'NONE', *, *, #165, .T. ) ;
#3904 = CARTESIAN_POINT ( 'NONE',  ( 5.724999999999999645, 0.0000000000000000000, -1.525000000000000133 ) ) ;
#3905 = CLOSED_SHELL ( 'NONE', ( #4011, #5578, #5540, #4546, #10388, #4043, #293, #9751, #8274, #900, #2157, #2401, #1703, #7268, #10156, #5854, #10450, #7905 ) ) ;
#3906 = ORIENTED_EDGE ( 'NONE', *, *, #2693, .F. ) ;
#3907 = EDGE_LOOP ( 'NONE', ( #3869, #6555, #9591, #5119 ) ) ;
#3908 = ORIENTED_EDGE ( 'NONE', *, *, #6099, .T. ) ;
#3909 = ORIENTED_EDGE ( 'NONE', *, *, #10246, .F. ) ;
#3910 = LINE ( 'NONE', #5001, #6000 ) ;
#3911 = EDGE_CURVE ( 'NONE', #8100, #376, #8753, .T. ) ;
#3912 = DIRECTION ( 'NONE',  ( 0.0000000000000000000, 0.0000000000000000000, 1.000000000000000000 ) ) ;
#3913 = EDGE_CURVE ( 'NONE', #6860, #4893, #6069, .T. ) ;
#3914 = DIRECTION ( 'NONE',  ( 0.0000000000000000000, 0.0000000000000000000, -1.000000000000000000 ) ) ;
#3915 = DIRECTION ( 'NONE',  ( 0.0000000000000000000, 0.0000000000000000000, -1.000000000000000000 ) ) ;
#3916 = EDGE_LOOP ( 'NONE', ( #5611, #2362, #7452, #7278, #5886, #7120 ) ) ;
#3917 = DIRECTION ( 'NONE',  ( 0.0000000000000000000, -1.000000000000000000, 0.0000000000000000000 ) ) ;
#3918 = ORIENTED_EDGE ( 'NONE', *, *, #10966, .F. ) ;
#3919 = ORIENTED_EDGE ( 'NONE', *, *, #644, .T. ) ;
#3920 = VERTEX_POINT ( 'NONE', #9578 ) ;
#3921 = CARTESIAN_POINT ( 'NONE',  ( 8.024999999999998579, 1.850000000000000089, 2.024999999999999911 ) ) ;
#3922 = CARTESIAN_POINT ( 'NONE',  ( 3.225000000000000089, 1.350000000000000089, -1.525000000000000133 ) ) ;
#3923 = CARTESIAN_POINT ( 'NONE',  ( 1.975000000000000089, 0.0000000000000000000, 2.024999999999999911 ) ) ;
#3924 = ORIENTED_EDGE ( 'NONE', *, *, #642, .T. ) ;
#3925 =( GEOMETRIC_REPRESENTATION_CONTEXT ( 3 ) GLOBAL_UNCERTAINTY_ASSIGNED_CONTEXT ( ( #2956 ) ) GLOBAL_UNIT_ASSIGNED_CONTEXT ( ( #4226, #2390, #747 ) ) REPRESENTATION_CONTEXT ( 'NONE', 'WORKASPACE' ) );
#3926 = ORIENTED_EDGE ( 'NONE', *, *, #8492, .T. ) ;
#3927 = ORIENTED_EDGE ( 'NONE', *, *, #1818, .F. ) ;
#3928 = EDGE_LOOP ( 'NONE', ( #2347, #5033, #3157, #5303, #9756, #672 ) ) ;
#3929 = ADVANCED_FACE ( 'NONE', ( #11550 ), #6972, .T. ) ;
#3930 = DIRECTION ( 'NONE',  ( 0.0000000000000000000, 3.252606517456512119E-15, -1.000000000000000000 ) ) ;
#3931 = VECTOR ( 'NONE', #6056, 1000.000000000000000 ) ;
#3932 = EDGE_CURVE ( 'NONE', #8249, #9542, #1449, .T. ) ;
#3933 = DIRECTION ( 'NONE',  ( -1.000000000000000000, 0.0000000000000000000, 0.0000000000000000000 ) ) ;
#3934 = DIRECTION ( 'NONE',  ( 1.000000000000000000, 0.0000000000000000000, 0.0000000000000000000 ) ) ;
#3935 = ORIENTED_EDGE ( 'NONE', *, *, #1483, .F. ) ;
#3936 = ORIENTED_EDGE ( 'NONE', *, *, #3650, .T. ) ;
#3937 = CARTESIAN_POINT ( 'NONE',  ( 0.5250000000000000222, 1.000000000000000000, 1.525000000000000133 ) ) ;
#3938 = LINE ( 'NONE', #9581, #2961 ) ;
#3939 = DIRECTION ( 'NONE',  ( 0.0000000000000000000, 0.0000000000000000000, 1.000000000000000000 ) ) ;
#3940 = CARTESIAN_POINT ( 'NONE',  ( 9.775000000000002132, 1.980741759643274369, -1.925000000000000711 ) ) ;
#3941 = CARTESIAN_POINT ( 'NONE',  ( 1.974999999999999867, 0.05000000000000002359, -1.524999999999999689 ) ) ;
#3942 = VECTOR ( 'NONE', #8058, 1000.000000000000000 ) ;
#3943 = EDGE_CURVE ( 'NONE', #7007, #4036, #11264, .T. ) ;
#3944 = EDGE_CURVE ( 'NONE', #3999, #11124, #3840, .T. ) ;
#3945 = ORIENTED_EDGE ( 'NONE', *, *, #11542, .F. ) ;
#3946 = CARTESIAN_POINT ( 'NONE',  ( 4.275000000000000355, 1.850000000000000089, -1.025000000000000133 ) ) ;
#3947 = EDGE_CURVE ( 'NONE', #7966, #1764, #3701, .T. ) ;
#3948 = ADVANCED_FACE ( 'NONE', ( #4113 ), #8785, .F. ) ;
#3949 = EDGE_LOOP ( 'NONE', ( #6690, #11061, #3349, #707, #2019, #7650, #1530 ) ) ;
#3950 =( NAMED_UNIT ( * ) SI_UNIT ( $, .STERADIAN. ) SOLID_ANGLE_UNIT ( ) );
#3951 = DIRECTION ( 'NONE',  ( 0.0000000000000000000, -1.000000000000000000, 0.0000000000000000000 ) ) ;
#3952 = DIRECTION ( 'NONE',  ( 0.0000000000000000000, -1.000000000000000000, 0.0000000000000000000 ) ) ;
#3953 = PLANE ( 'NONE',  #10571 ) ;
#3954 = VECTOR ( 'NONE', #159, 1000.000000000000000 ) ;
#3955 = CARTESIAN_POINT ( 'NONE',  ( 1.984999999999999876, 1.850000000000000089, -2.024999999999999911 ) ) ;
#3956 = VECTOR ( 'NONE', #2289, 1000.000000000000000 ) ;
#3957 = CARTESIAN_POINT ( 'NONE',  ( 6.775000000000000355, 0.0000000000000000000, 0.0000000000000000000 ) ) ;
#3958 = DIRECTION ( 'NONE',  ( 0.0000000000000000000, -1.000000000000000000, 0.0000000000000000000 ) ) ;
#3959 = ORIENTED_EDGE ( 'NONE', *, *, #78, .T. ) ;
#3960 = LINE ( 'NONE', #9821, #8301 ) ;
#3961 = ORIENTED_EDGE ( 'NONE', *, *, #3003, .F. ) ;
#3962 = PLANE ( 'NONE',  #1697 ) ;
#3963 = AXIS2_PLACEMENT_3D ( 'NONE', #10618, #2560, #10707 ) ;
#3964 = EDGE_CURVE ( 'NONE', #7520, #9173, #10979, .T. ) ;
#3965 = FACE_OUTER_BOUND ( 'NONE', #7284, .T. ) ;
#3966 = CARTESIAN_POINT ( 'NONE',  ( 2.075000000000000178, 1.850000000000000089, 2.024999999999999911 ) ) ;
#3967 = VECTOR ( 'NONE', #7453, 1000.000000000000000 ) ;
#3968 = PLANE ( 'NONE',  #11442 ) ;
#3969 = EDGE_LOOP ( 'NONE', ( #6936, #2297, #1875, #8882, #9566, #10475, #2174, #9238 ) ) ;
#3970 = CARTESIAN_POINT ( 'NONE',  ( 0.7349999999999999867, 1.000000000000000000, -1.474999999999999867 ) ) ;
#3971 = EDGE_LOOP ( 'NONE', ( #4161, #8960, #887, #6929 ) ) ;
#3972 = DIRECTION ( 'NONE',  ( 0.0000000000000000000, -0.0000000000000000000, -1.000000000000000000 ) ) ;
#3973 = SURFACE_STYLE_FILL_AREA ( #10306 ) ;
#3974 = CARTESIAN_POINT ( 'NONE',  ( 1.675000000000000044, 1.850000000000000089, -1.474999999999999867 ) ) ;
#3975 = CARTESIAN_POINT ( 'NONE',  ( 5.514999999999999680, 1.649999999999999911, -1.025000000000000133 ) ) ;
#3976 = ADVANCED_FACE ( 'NONE', ( #5920 ), #10547, .T. ) ;
#3977 = VECTOR ( 'NONE', #11049, 1000.000000000000000 ) ;
#3978 = DIRECTION ( 'NONE',  ( 0.0000000000000000000, 1.000000000000000000, 0.0000000000000000000 ) ) ;
#3979 = EDGE_CURVE ( 'NONE', #8562, #7973, #8303, .T. ) ;
#3980 = PLANE ( 'NONE',  #780 ) ;
#3981 = CARTESIAN_POINT ( 'NONE',  ( -2.875000000000000000, 0.0000000000000000000, -1.525000000000000133 ) ) ;
#3982 = EDGE_CURVE ( 'NONE', #3593, #7520, #6481, .T. ) ;
#3983 = ORIENTED_EDGE ( 'NONE', *, *, #1627, .F. ) ;
#3984 = VECTOR ( 'NONE', #10241, 1000.000000000000000 ) ;
#3985 = CARTESIAN_POINT ( 'NONE',  ( 4.125000000000000000, 1.000000000000000000, -1.525000000000000133 ) ) ;
#3986 = ORIENTED_EDGE ( 'NONE', *, *, #6389, .T. ) ;
#3987 = ADVANCED_FACE ( 'NONE', ( #5519 ), #3261, .T. ) ;
#3988 = LINE ( 'NONE', #8673, #5800 ) ;
#3989 = VECTOR ( 'NONE', #4916, 1000.000000000000000 ) ;
#3990 = DIRECTION ( 'NONE',  ( 0.0000000000000000000, 0.0000000000000000000, -1.000000000000000000 ) ) ;
#3991 =( GEOMETRIC_REPRESENTATION_CONTEXT ( 3 ) GLOBAL_UNCERTAINTY_ASSIGNED_CONTEXT ( ( #6248 ) ) GLOBAL_UNIT_ASSIGNED_CONTEXT ( ( #9277, #5587, #10992 ) ) REPRESENTATION_CONTEXT ( 'NONE', 'WORKASPACE' ) );
#3992 = CARTESIAN_POINT ( 'NONE',  ( 1.975000000000000089, 0.0000000000000000000, 2.024999999999999911 ) ) ;
#3993 = DIRECTION ( 'NONE',  ( 0.0000000000000000000, 0.0000000000000000000, 1.000000000000000000 ) ) ;
#3994 = ORIENTED_EDGE ( 'NONE', *, *, #454, .T. ) ;
#3995 = VECTOR ( 'NONE', #7215, 1000.000000000000000 ) ;
#3996 = MECHANICAL_DESIGN_GEOMETRIC_PRESENTATION_REPRESENTATION (  '', ( #10978 ), #6770 ) ;
#3997 = DIRECTION ( 'NONE',  ( 0.0000000000000000000, 0.0000000000000000000, -1.000000000000000000 ) ) ;
#3998 = CARTESIAN_POINT ( 'NONE',  ( -1.375000000000000000, 3.750000000000000000, 0.02500000000000000139 ) ) ;
#3999 = VERTEX_POINT ( 'NONE', #2521 ) ;
#4000 = DIRECTION ( 'NONE',  ( -1.000000000000000000, 0.0000000000000000000, 0.0000000000000000000 ) ) ;
#4001 = ORIENTED_EDGE ( 'NONE', *, *, #9750, .T. ) ;
#4002 =( NAMED_UNIT ( * ) SI_UNIT ( $, .STERADIAN. ) SOLID_ANGLE_UNIT ( ) );
#4003 = CARTESIAN_POINT ( 'NONE',  ( 0.07499999999999998335, 1.850000000000000089, 2.024999999999999911 ) ) ;
#4004 = LINE ( 'NONE', #6673, #2033 ) ;
#4005 = VECTOR ( 'NONE', #3002, 1000.000000000000000 ) ;
#4006 = EDGE_CURVE ( 'NONE', #8572, #8679, #10280, .T. ) ;
#4007 = CARTESIAN_POINT ( 'NONE',  ( 3.024999999999999911, 0.5547525681000000652, 2.024999999999999911 ) ) ;
#4008 = EDGE_LOOP ( 'NONE', ( #4567, #10805, #5063, #5216, #7949, #8846, #2570 ) ) ;
#4009 = ORIENTED_EDGE ( 'NONE', *, *, #2301, .T. ) ;
#4010 = STYLED_ITEM ( 'NONE', ( #10319 ), #11638 ) ;
#4011 = ADVANCED_FACE ( 'NONE', ( #903 ), #11325, .T. ) ;
#4012 = AXIS2_PLACEMENT_3D ( 'NONE', #878, #7087, #8055 ) ;
#4013 = DIRECTION ( 'NONE',  ( 0.0000000000000000000, 0.0000000000000000000, 1.000000000000000000 ) ) ;
#4014 = DIRECTION ( 'NONE',  ( 0.0000000000000000000, 0.0000000000000000000, -1.000000000000000000 ) ) ;
#4015 = LINE ( 'NONE', #6015, #4701 ) ;
#4016 = DIRECTION ( 'NONE',  ( -0.0000000000000000000, 0.7468134723257140450, 0.6650335612228979176 ) ) ;
#4017 = VECTOR ( 'NONE', #6169, 1000.000000000000000 ) ;
#4018 = CARTESIAN_POINT ( 'NONE',  ( 6.765000000000000568, 1.649999999999999911, -1.025000000000000133 ) ) ;
#4019 = ORIENTED_EDGE ( 'NONE', *, *, #1029, .T. ) ;
#4020 = EDGE_CURVE ( 'NONE', #8500, #1192, #3139, .T. ) ;
#4021 = CARTESIAN_POINT ( 'NONE',  ( 0.7250000000000000888, 0.3500000000000000333, -2.024999999999999911 ) ) ;
#4022 = CARTESIAN_POINT ( 'NONE',  ( 1.984999999999999876, 1.649999999999999911, -1.025000000000000133 ) ) ;
#4023 = EDGE_CURVE ( 'NONE', #4847, #1626, #5370, .T. ) ;
#4024 = EDGE_LOOP ( 'NONE', ( #8690, #5106, #6710, #10374 ) ) ;
#4025 = CARTESIAN_POINT ( 'NONE',  ( 5.735000000000000320, 1.649999999999999911, -1.474999999999999867 ) ) ;
#4026 = DIRECTION ( 'NONE',  ( 1.000000000000000000, 0.0000000000000000000, 0.0000000000000000000 ) ) ;
#4027 = EDGE_CURVE ( 'NONE', #11158, #1316, #9299, .T. ) ;
#4028 = DIRECTION ( 'NONE',  ( 1.000000000000000000, 0.0000000000000000000, -0.0000000000000000000 ) ) ;
#4029 = VECTOR ( 'NONE', #6801, 1000.000000000000000 ) ;
#4030 = LINE ( 'NONE', #8627, #8218 ) ;
#4031 = ORIENTED_EDGE ( 'NONE', *, *, #7439, .F. ) ;
#4032 = CARTESIAN_POINT ( 'NONE',  ( 3.024999999999999911, 0.0000000000000000000, 2.024999999999999911 ) ) ;
#4033 = DIRECTION ( 'NONE',  ( 0.0000000000000000000, 1.000000000000000000, 0.0000000000000000000 ) ) ;
#4034 = EDGE_CURVE ( 'NONE', #4112, #7504, #7447, .T. ) ;
#4035 = CARTESIAN_POINT ( 'NONE',  ( 1.975000000000000089, 1.850000000000000089, 0.0000000000000000000 ) ) ;
#4036 = VERTEX_POINT ( 'NONE', #6174 ) ;
#4037 = CARTESIAN_POINT ( 'NONE',  ( 0.7250000000000000888, 1.649999999999999911, 2.024999999999999911 ) ) ;
#4038 = FACE_OUTER_BOUND ( 'NONE', #1173, .T. ) ;
#4039 = FACE_OUTER_BOUND ( 'NONE', #6808, .T. ) ;
#4040 = CARTESIAN_POINT ( 'NONE',  ( 3.225000000000000089, 0.5547525681000000652, 2.024999999999999911 ) ) ;
#4041 = LINE ( 'NONE', #5267, #3480 ) ;
#4042 = AXIS2_PLACEMENT_3D ( 'NONE', #580, #1474, #7713 ) ;
#4043 = ADVANCED_FACE ( 'NONE', ( #3965 ), #7161, .T. ) ;
#4044 = ORIENTED_EDGE ( 'NONE', *, *, #9343, .T. ) ;
#4045 = DIRECTION ( 'NONE',  ( 0.0000000000000000000, 0.6650335612228979176, -0.7468134723257140450 ) ) ;
#4046 = ORIENTED_EDGE ( 'NONE', *, *, #9059, .T. ) ;
#4047 = ORIENTED_EDGE ( 'NONE', *, *, #5248, .T. ) ;
#4048 = ORIENTED_EDGE ( 'NONE', *, *, #4639, .T. ) ;
#4049 = VERTEX_POINT ( 'NONE', #8826 ) ;
#4050 = VECTOR ( 'NONE', #1026, 1000.000000000000000 ) ;
#4051 = ADVANCED_FACE ( 'NONE', ( #2722 ), #760, .F. ) ;
#4052 = CARTESIAN_POINT ( 'NONE',  ( 3.324999999999999734, 1.850000000000000089, -1.474999999999999867 ) ) ;
#4053 = FACE_OUTER_BOUND ( 'NONE', #10749, .T. ) ;
#4054 = EDGE_CURVE ( 'NONE', #5029, #5580, #753, .T. ) ;
#4055 = CARTESIAN_POINT ( 'NONE',  ( 6.974999999999999645, 1.315130797599999957, 1.171117220399999770 ) ) ;
#4056 = DIRECTION ( 'NONE',  ( 0.0000000000000000000, -1.000000000000000000, 0.0000000000000000000 ) ) ;
#4057 = EDGE_LOOP ( 'NONE', ( #2060, #2359, #7250, #7805, #4500, #5452, #6986, #6412, #10815, #11097, #4630, #6297, #7967, #1130, #5772, #3861, #9401, #2795, #3324, #8995, #9005, #8124, #4647, #748, #7685, #8723, #11324, #10816, #9824, #6613, #7819, #8120, #2, #11610, #11633, #11144, #3159, #10471, #311, #5393, #477, #8349, #5336, #10809, #7210, #4923, #11608, #7052, #7584, #3550, #2313, #953, #689, #10414, #520, #11428, #1807, #5255, #5590, #321, #4294, #9785, #10631, #11026, #2669, #5702, #8821, #525, #4596, #369, #5463, #1648 ) ) ;
#4058 = EDGE_LOOP ( 'NONE', ( #9963, #5159, #2764, #136, #3909, #4728, #2253 ) ) ;
#4059 = ORIENTED_EDGE ( 'NONE', *, *, #9127, .T. ) ;
#4060 = PLANE ( 'NONE',  #9762 ) ;
#4061 = ORIENTED_EDGE ( 'NONE', *, *, #9613, .F. ) ;
#4062 = SURFACE_STYLE_FILL_AREA ( #3486 ) ;
#4063 = SURFACE_SIDE_STYLE ('',( #9761 ) ) ;
#4064 = LINE ( 'NONE', #4449, #2378 ) ;
#4065 = CARTESIAN_POINT ( 'NONE',  ( -0.5150000000000000133, 1.850000000000000089, -1.025000000000000133 ) ) ;
#4066 = DIRECTION ( 'NONE',  ( 0.0000000000000000000, 0.0000000000000000000, 1.000000000000000000 ) ) ;
#4067 = EDGE_LOOP ( 'NONE', ( #10097, #417, #9298, #9725 ) ) ;
#4068 = AXIS2_PLACEMENT_3D ( 'NONE', #1816, #2718, #8093 ) ;
#4069 = ORIENTED_EDGE ( 'NONE', *, *, #2693, .T. ) ;
#4070 = EDGE_LOOP ( 'NONE', ( #3064, #10333, #8112, #2096 ) ) ;
#4071 = ORIENTED_EDGE ( 'NONE', *, *, #9845, .F. ) ;
#4072 = EDGE_CURVE ( 'NONE', #3340, #2687, #4103, .T. ) ;
#4073 = EDGE_CURVE ( 'NONE', #1388, #4696, #451, .T. ) ;
#4074 = CARTESIAN_POINT ( 'NONE',  ( 0.5250000000000000222, -0.004464445899999999919, 0.003975566199999999890 ) ) ;
#4075 = LINE ( 'NONE', #3696, #8408 ) ;
#4076 = COLOUR_RGB ( '',1.000000000000000000, 1.000000000000000000, 1.000000000000000000 ) ;
#4077 = FILL_AREA_STYLE_COLOUR ( '', #11444 ) ;
#4078 = DIRECTION ( 'NONE',  ( -1.000000000000000000, 0.0000000000000000000, 0.0000000000000000000 ) ) ;
#4079 = CARTESIAN_POINT ( 'NONE',  ( 5.525000000000000355, 1.850000000000000089, 0.0000000000000000000 ) ) ;
#4080 = ORIENTED_EDGE ( 'NONE', *, *, #2574, .F. ) ;
#4081 = CARTESIAN_POINT ( 'NONE',  ( 4.474999999999999645, 1.850000000000000089, -1.025000000000000133 ) ) ;
#4082 = ORIENTED_EDGE ( 'NONE', *, *, #1409, .F. ) ;
#4083 = LINE ( 'NONE', #4775, #11516 ) ;
#4084 = LINE ( 'NONE', #6805, #5201 ) ;
#4085 = DIRECTION ( 'NONE',  ( 0.0000000000000000000, 1.000000000000000000, 0.0000000000000000000 ) ) ;
#4086 = EDGE_LOOP ( 'NONE', ( #390, #8849, #55, #2007 ) ) ;
#4087 = ORIENTED_EDGE ( 'NONE', *, *, #6341, .T. ) ;
#4088 = DIRECTION ( 'NONE',  ( -1.000000000000000000, 0.0000000000000000000, 0.0000000000000000000 ) ) ;
#4089 = EDGE_CURVE ( 'NONE', #10409, #1003, #9998, .T. ) ;
#4090 = CARTESIAN_POINT ( 'NONE',  ( 1.975000000000000089, 0.0000000000000000000, -1.525000000000000133 ) ) ;
#4091 = VECTOR ( 'NONE', #6214, 1000.000000000000000 ) ;
#4092 = LINE ( 'NONE', #1034, #7709 ) ;
#4093 = LINE ( 'NONE', #8264, #8288 ) ;
#4094 = CARTESIAN_POINT ( 'NONE',  ( 1.974999999999999867, 0.3500000000000000333, -2.024999999999999911 ) ) ;
#4095 = CARTESIAN_POINT ( 'NONE',  ( -0.5250000000000000222, 0.05000000000000002359, -1.775000000000000133 ) ) ;
#4096 = ADVANCED_FACE ( 'NONE', ( #10849 ), #33, .T. ) ;
#4097 = VERTEX_POINT ( 'NONE', #10826 ) ;
#4098 = CARTESIAN_POINT ( 'NONE',  ( 2.925000000000000266, 1.850000000000000089, -1.474999999999999867 ) ) ;
#4099 = DIRECTION ( 'NONE',  ( -1.000000000000000000, 0.0000000000000000000, 0.0000000000000000000 ) ) ;
#4100 = CARTESIAN_POINT ( 'NONE',  ( 9.775000000000002132, 0.6000000000000076383, -0.2249999999999982014 ) ) ;
#4101 = ORIENTED_EDGE ( 'NONE', *, *, #5099, .F. ) ;
#4102 = DIRECTION ( 'NONE',  ( 0.0000000000000000000, -1.000000000000000000, -3.219646771412953967E-15 ) ) ;
#4103 = LINE ( 'NONE', #4430, #307 ) ;
#4104 = VECTOR ( 'NONE', #3457, 1000.000000000000000 ) ;
#4105 = EDGE_CURVE ( 'NONE', #152, #9968, #5778, .T. ) ;
#4106 = EDGE_CURVE ( 'NONE', #4549, #5907, #1294, .T. ) ;
#4107 = ADVANCED_FACE ( 'NONE', ( #8444 ), #3463, .T. ) ;
#4108 = FILL_AREA_STYLE_COLOUR ( '', #11174 ) ;
#4109 = AXIS2_PLACEMENT_3D ( 'NONE', #6451, #11125, #10380 ) ;
#4110 = ORIENTED_EDGE ( 'NONE', *, *, #8342, .T. ) ;
#4111 = FACE_OUTER_BOUND ( 'NONE', #2765, .T. ) ;
#4112 = VERTEX_POINT ( 'NONE', #5179 ) ;
#4113 = FACE_OUTER_BOUND ( 'NONE', #7020, .T. ) ;
#4114 = DIRECTION ( 'NONE',  ( 0.0000000000000000000, -1.000000000000000000, 0.0000000000000000000 ) ) ;
#4115 = CARTESIAN_POINT ( 'NONE',  ( 8.024999999999998579, 1.850000000000000089, -2.024999999999999911 ) ) ;
#4116 = FACE_OUTER_BOUND ( 'NONE', #8379, .T. ) ;
#4117 = CARTESIAN_POINT ( 'NONE',  ( 8.224999999999999645, 1.350000000000000089, 1.525000000000000133 ) ) ;
#4118 = CARTESIAN_POINT ( 'NONE',  ( 0.5249999999999999112, 0.3499999999999999778, -2.075000000000000178 ) ) ;
#4119 = LINE ( 'NONE', #763, #2855 ) ;
#4120 = DIRECTION ( 'NONE',  ( -0.0000000000000000000, 1.000000000000000000, 0.0000000000000000000 ) ) ;
#4121 = ORIENTED_EDGE ( 'NONE', *, *, #8456, .T. ) ;
#4122 = VECTOR ( 'NONE', #5729, 1000.000000000000114 ) ;
#4123 = EDGE_CURVE ( 'NONE', #6588, #2818, #8160, .T. ) ;
#4124 = ORIENTED_EDGE ( 'NONE', *, *, #10886, .F. ) ;
#4125 = VERTEX_POINT ( 'NONE', #4284 ) ;
#4126 = FACE_BOUND ( 'NONE', #7624, .T. ) ;
#4127 = VECTOR ( 'NONE', #3199, 1000.000000000000000 ) ;
#4128 = DIRECTION ( 'NONE',  ( -1.000000000000000000, 0.0000000000000000000, 0.0000000000000000000 ) ) ;
#4129 = DIRECTION ( 'NONE',  ( -1.000000000000000000, 0.0000000000000000000, 0.0000000000000000000 ) ) ;
#4130 = DIRECTION ( 'NONE',  ( 0.0000000000000000000, -0.6650335612228979176, -0.7468134723257140450 ) ) ;
#4131 = ORIENTED_EDGE ( 'NONE', *, *, #2009, .F. ) ;
#4132 = FACE_OUTER_BOUND ( 'NONE', #727, .T. ) ;
#4133 = ORIENTED_EDGE ( 'NONE', *, *, #10532, .F. ) ;
#4134 = EDGE_CURVE ( 'NONE', #103, #10814, #4531, .T. ) ;
#4135 = DIRECTION ( 'NONE',  ( 0.0000000000000000000, 1.084202172485501673E-15, 1.000000000000000000 ) ) ;
#4136 = EDGE_CURVE ( 'NONE', #11619, #9646, #9593, .T. ) ;
#4137 = LINE ( 'NONE', #4705, #7918 ) ;
#4138 = LINE ( 'NONE', #7946, #6933 ) ;
#4139 = PLANE ( 'NONE',  #3212 ) ;
#4140 = ORIENTED_EDGE ( 'NONE', *, *, #7348, .F. ) ;
#4141 = LINE ( 'NONE', #9934, #4428 ) ;
#4142 = ORIENTED_EDGE ( 'NONE', *, *, #5213, .T. ) ;
#4143 = AXIS2_PLACEMENT_3D ( 'NONE', #8609, #3203, #3164 ) ;
#4144 = CARTESIAN_POINT ( 'NONE',  ( 6.974999999999999645, 1.000000000000000000, 1.525000000000000133 ) ) ;
#4145 = LINE ( 'NONE', #7153, #10042 ) ;
#4146 = LINE ( 'NONE', #5243, #8204 ) ;
#4147 =( GEOMETRIC_REPRESENTATION_CONTEXT ( 3 ) GLOBAL_UNCERTAINTY_ASSIGNED_CONTEXT ( ( #10589 ) ) GLOBAL_UNIT_ASSIGNED_CONTEXT ( ( #9459, #472, #6691 ) ) REPRESENTATION_CONTEXT ( 'NONE', 'WORKASPACE' ) );
#4148 = CARTESIAN_POINT ( 'NONE',  ( 0.07499999999999998335, 1.850000000000000089, -1.474999999999999867 ) ) ;
#4149 = VECTOR ( 'NONE', #5954, 1000.000000000000114 ) ;
#4150 = CARTESIAN_POINT ( 'NONE',  ( 5.000000000000000000, 0.0000000000000000000, -1.025000000000000133 ) ) ;
#4151 = ORIENTED_EDGE ( 'NONE', *, *, #8780, .F. ) ;
#4152 = CARTESIAN_POINT ( 'NONE',  ( -0.7249999999999999778, 1.850000000000000089, -1.025000000000000133 ) ) ;
#4153 = ORIENTED_EDGE ( 'NONE', *, *, #9979, .F. ) ;
#4154 = ADVANCED_FACE ( 'NONE', ( #3405 ), #7065, .T. ) ;
#4155 = DIRECTION ( 'NONE',  ( 1.000000000000000000, 0.0000000000000000000, -0.0000000000000000000 ) ) ;
#4156 = EDGE_CURVE ( 'NONE', #4125, #2084, #4786, .T. ) ;
#4157 = DIRECTION ( 'NONE',  ( -1.000000000000000000, 0.0000000000000000000, 0.0000000000000000000 ) ) ;
#4158 = VECTOR ( 'NONE', #2471, 1000.000000000000000 ) ;
#4159 = FACE_OUTER_BOUND ( 'NONE', #10170, .T. ) ;
#4160 = CARTESIAN_POINT ( 'NONE',  ( -0.7249999999999999778, 1.850000000000000089, 2.024999999999999911 ) ) ;
#4161 = ORIENTED_EDGE ( 'NONE', *, *, #9659, .F. ) ;
#4162 = PLANE ( 'NONE',  #10309 ) ;
#4163 = ORIENTED_EDGE ( 'NONE', *, *, #6592, .F. ) ;
#4164 = AXIS2_PLACEMENT_3D ( 'NONE', #830, #790, #3373 ) ;
#4165 = CARTESIAN_POINT ( 'NONE',  ( 6.775000000000000355, 0.0000000000000000000, -2.024999999999999911 ) ) ;
#4166 = DIRECTION ( 'NONE',  ( 0.0000000000000000000, 0.0000000000000000000, -1.000000000000000000 ) ) ;
#4167 = ORIENTED_EDGE ( 'NONE', *, *, #9420, .T. ) ;
#4168 = VECTOR ( 'NONE', #2734, 1000.000000000000000 ) ;
#4169 = COLOUR_RGB ( '',0.6470588235294117974, 0.6196078431372549211, 0.5882352941176470784 ) ;
#4170 = EDGE_CURVE ( 'NONE', #2048, #9067, #4649, .T. ) ;
#4171 = VECTOR ( 'NONE', #8860, 1000.000000000000000 ) ;
#4172 = CARTESIAN_POINT ( 'NONE',  ( 5.724999999999999645, 0.3499999999999999778, -2.075000000000000178 ) ) ;
#4173 = EDGE_CURVE ( 'NONE', #7264, #11394, #7878, .T. ) ;
#4174 = EDGE_LOOP ( 'NONE', ( #7497, #2374, #8405, #935, #2668 ) ) ;
#4175 = CARTESIAN_POINT ( 'NONE',  ( 10.37500000000000178, 4.250000000000000000, 2.024999999999999911 ) ) ;
#4176 = EDGE_CURVE ( 'NONE', #4529, #2089, #2575, .T. ) ;
#4177 = CARTESIAN_POINT ( 'NONE',  ( 6.974999999999999645, 0.3499999999999999778, -2.075000000000000178 ) ) ;
#4178 = DIRECTION ( 'NONE',  ( -0.0000000000000000000, 1.000000000000000000, 0.0000000000000000000 ) ) ;
#4179 = VERTEX_POINT ( 'NONE', #9819 ) ;
#4180 = ORIENTED_EDGE ( 'NONE', *, *, #10031, .T. ) ;
#4181 = ORIENTED_EDGE ( 'NONE', *, *, #6185, .T. ) ;
#4182 = UNCERTAINTY_MEASURE_WITH_UNIT (LENGTH_MEASURE( 1.000000000000000082E-05 ), #1885, 'distance_accuracy_value', 'NONE');
#4183 = DIRECTION ( 'NONE',  ( 1.000000000000000000, 0.0000000000000000000, 0.0000000000000000000 ) ) ;
#4184 = VECTOR ( 'NONE', #5890, 1000.000000000000000 ) ;
#4185 = VECTOR ( 'NONE', #2939, 1000.000000000000000 ) ;
#4186 = CARTESIAN_POINT ( 'NONE',  ( -2.475000000000000089, 4.249999999999992895, -0.07499999999999976130 ) ) ;
#4187 = EDGE_CURVE ( 'NONE', #2800, #932, #2000, .T. ) ;
#4188 = CARTESIAN_POINT ( 'NONE',  ( 6.675000000000000711, 1.850000000000000089, 2.024999999999999911 ) ) ;
#4189 = CARTESIAN_POINT ( 'NONE',  ( 3.324999999999999734, 1.649999999999999911, -1.474999999999999867 ) ) ;
#4190 = ORIENTED_EDGE ( 'NONE', *, *, #1645, .F. ) ;
#4191 = ORIENTED_EDGE ( 'NONE', *, *, #4176, .T. ) ;
#4192 = ORIENTED_EDGE ( 'NONE', *, *, #5910, .T. ) ;
#4193 = PLANE ( 'NONE',  #4164 ) ;
#4194 = ORIENTED_EDGE ( 'NONE', *, *, #8309, .T. ) ;
#4195 = CARTESIAN_POINT ( 'NONE',  ( 8.014999999999998792, 1.000000000000000000, -2.024999999999999911 ) ) ;
#4196 = ORIENTED_EDGE ( 'NONE', *, *, #2087, .F. ) ;
#4197 = LINE ( 'NONE', #343, #9816 ) ;
#4198 = COLOUR_RGB ( '',0.6470588235294117974, 0.6196078431372549211, 0.5882352941176470784 ) ;
#4199 = CARTESIAN_POINT ( 'NONE',  ( 6.975000000000000533, 1.000000000000000000, 0.0000000000000000000 ) ) ;
#4200 = CARTESIAN_POINT ( 'NONE',  ( -0.5250000000000000222, 1.000000000000000000, 0.0000000000000000000 ) ) ;
#4201 = ORIENTED_EDGE ( 'NONE', *, *, #2611, .F. ) ;
#4202 = ORIENTED_EDGE ( 'NONE', *, *, #5084, .T. ) ;
#4203 = VERTEX_POINT ( 'NONE', #2534 ) ;
#4204 = ORIENTED_EDGE ( 'NONE', *, *, #8261, .F. ) ;
#4205 = CARTESIAN_POINT ( 'NONE',  ( 1.324999999999999956, 1.850000000000000089, -1.474999999999999867 ) ) ;
#4206 = EDGE_CURVE ( 'NONE', #9610, #7941, #2433, .T. ) ;
#4207 = DIRECTION ( 'NONE',  ( -1.000000000000000000, 0.0000000000000000000, 0.0000000000000000000 ) ) ;
#4208 = PLANE ( 'NONE',  #6025 ) ;
#4209 = EDGE_CURVE ( 'NONE', #1113, #4893, #7578, .T. ) ;
#4210 = DIRECTION ( 'NONE',  ( 1.000000000000000000, 0.0000000000000000000, 0.0000000000000000000 ) ) ;
#4211 = ORIENTED_EDGE ( 'NONE', *, *, #10473, .T. ) ;
#4212 = EDGE_LOOP ( 'NONE', ( #1694, #5170, #11419, #2653, #4892, #6387 ) ) ;
#4213 = DIRECTION ( 'NONE',  ( 0.0000000000000000000, -1.000000000000000000, 0.0000000000000000000 ) ) ;
#4214 = CARTESIAN_POINT ( 'NONE',  ( 8.024999999999998579, -0.004464445899999999919, 0.003975566199999999890 ) ) ;
#4215 = ORIENTED_EDGE ( 'NONE', *, *, #1770, .F. ) ;
#4216 = VERTEX_POINT ( 'NONE', #6106 ) ;
#4217 = ADVANCED_FACE ( 'NONE', ( #9030 ), #771, .F. ) ;
#4218 = DIRECTION ( 'NONE',  ( -1.000000000000000000, 0.0000000000000000000, 0.0000000000000000000 ) ) ;
#4219 = DIRECTION ( 'NONE',  ( 0.0000000000000000000, 0.0000000000000000000, -1.000000000000000000 ) ) ;
#4220 = AXIS2_PLACEMENT_3D ( 'NONE', #6754, #2338, #9397 ) ;
#4221 = CARTESIAN_POINT ( 'NONE',  ( 7.875000000000000000, 1.000000000000000000, -1.525000000000000133 ) ) ;
#4222 = EDGE_LOOP ( 'NONE', ( #1912, #10425, #11017, #1532, #679, #2655, #9835 ) ) ;
#4223 = EDGE_LOOP ( 'NONE', ( #1577, #5239, #7058, #4441 ) ) ;
#4224 = DIRECTION ( 'NONE',  ( 0.0000000000000000000, 0.0000000000000000000, 1.000000000000000000 ) ) ;
#4225 = VECTOR ( 'NONE', #3226, 1000.000000000000114 ) ;
#4226 =( LENGTH_UNIT ( ) NAMED_UNIT ( * ) SI_UNIT ( .MILLI., .METRE. ) );
#4227 = LINE ( 'NONE', #8403, #9851 ) ;
#4228 = CARTESIAN_POINT ( 'NONE',  ( 8.325000000000002842, 1.649999999999999911, -1.474999999999999867 ) ) ;
#4229 = CARTESIAN_POINT ( 'NONE',  ( 2.575000000000000178, 1.850000000000000089, -1.474999999999999867 ) ) ;
#4230 = LINE ( 'NONE', #11567, #1427 ) ;
#4231 = CARTESIAN_POINT ( 'NONE',  ( 5.724999999999999645, 1.850000000000000089, -1.025000000000000133 ) ) ;
#4232 = PRODUCT_DEFINITION_SHAPE ( 'NONE', 'NONE',  #7432 ) ;
#4233 = DIRECTION ( 'NONE',  ( 0.0000000000000000000, 1.000000000000000000, 0.0000000000000000000 ) ) ;
#4234 = ORIENTED_EDGE ( 'NONE', *, *, #11028, .T. ) ;
#4235 = VERTEX_POINT ( 'NONE', #2729 ) ;
#4236 = DIRECTION ( 'NONE',  ( 0.0000000000000000000, 0.0000000000000000000, 1.000000000000000000 ) ) ;
#4237 = CARTESIAN_POINT ( 'NONE',  ( -0.5250000000000000222, 0.0000000000000000000, 0.0000000000000000000 ) ) ;
#4238 = VECTOR ( 'NONE', #7491, 1000.000000000000000 ) ;
#4239 = LINE ( 'NONE', #5650, #2979 ) ;
#4240 = PLANE ( 'NONE',  #1975 ) ;
#4241 = LINE ( 'NONE', #10974, #1028 ) ;
#4242 = EDGE_CURVE ( 'NONE', #839, #9326, #7311, .T. ) ;
#4243 = CARTESIAN_POINT ( 'NONE',  ( 2.075000000000000178, 1.850000000000000089, -1.698606797699999893 ) ) ;
#4244 = ORIENTED_EDGE ( 'NONE', *, *, #1135, .T. ) ;
#4245 = LINE ( 'NONE', #4410, #4526 ) ;
#4246 = CARTESIAN_POINT ( 'NONE',  ( 3.015000000000000124, 1.850000000000000089, -1.025000000000000133 ) ) ;
#4247 = EDGE_CURVE ( 'NONE', #7504, #5500, #8883, .T. ) ;
#4248 = DIRECTION ( 'NONE',  ( 0.0000000000000000000, 0.0000000000000000000, 1.000000000000000000 ) ) ;
#4249 = ORIENTED_EDGE ( 'NONE', *, *, #3474, .F. ) ;
#4250 = PRESENTATION_STYLE_ASSIGNMENT (( #7 ) ) ;
#4251 = VECTOR ( 'NONE', #4795, 1000.000000000000000 ) ;
#4252 = CARTESIAN_POINT ( 'NONE',  ( 1.765000000000000124, 1.649999999999999911, -1.698606797699999893 ) ) ;
#4253 = CARTESIAN_POINT ( 'NONE',  ( 3.225000000000000089, 1.850000000000000089, -1.698606797699999893 ) ) ;
#4254 = CARTESIAN_POINT ( 'NONE',  ( 7.500000000000002665, 1.000000000000000000, -1.474999999999999867 ) ) ;
#4255 = DIRECTION ( 'NONE',  ( 0.0000000000000000000, 1.000000000000000000, 0.0000000000000000000 ) ) ;
#4256 = ORIENTED_EDGE ( 'NONE', *, *, #5156, .F. ) ;
#4257 = VECTOR ( 'NONE', #648, 1000.000000000000000 ) ;
#4258 = PLANE ( 'NONE',  #4322 ) ;
#4259 = VERTEX_POINT ( 'NONE', #7330 ) ;
#4260 = PRESENTATION_LAYER_ASSIGNMENT (  '', '', ( #1922 ) ) ;
#4261 = EDGE_CURVE ( 'NONE', #1504, #10278, #9868, .T. ) ;
#4262 = DIRECTION ( 'NONE',  ( -1.000000000000000000, 0.0000000000000000000, 0.0000000000000000000 ) ) ;
#4263 = AXIS2_PLACEMENT_3D ( 'NONE', #11271, #3126, #5026 ) ;
#4264 = LINE ( 'NONE', #3172, #8459 ) ;
#4265 = FACE_OUTER_BOUND ( 'NONE', #162, .T. ) ;
#4266 = CARTESIAN_POINT ( 'NONE',  ( 10.37500000000000178, 4.250000000000000000, -0.07499999999999998335 ) ) ;
#4267 = ORIENTED_EDGE ( 'NONE', *, *, #8858, .T. ) ;
#4268 = CARTESIAN_POINT ( 'NONE',  ( -2.475000000000000089, 3.600000000000000089, -1.425000000000000933 ) ) ;
#4269 = DIRECTION ( 'NONE',  ( 0.0000000000000000000, 0.0000000000000000000, 1.000000000000000000 ) ) ;
#4270 = ORIENTED_EDGE ( 'NONE', *, *, #2496, .T. ) ;
#4271 = DIRECTION ( 'NONE',  ( 0.0000000000000000000, 0.0000000000000000000, -1.000000000000000000 ) ) ;
#4272 = ADVANCED_FACE ( 'NONE', ( #11539 ), #6627, .T. ) ;
#4273 = FACE_OUTER_BOUND ( 'NONE', #9240, .T. ) ;
#4274 = LINE ( 'NONE', #4400, #3303 ) ;
#4275 = EDGE_CURVE ( 'NONE', #10409, #2606, #10967, .T. ) ;
#4276 = DIRECTION ( 'NONE',  ( 0.0000000000000000000, 1.000000000000000000, -1.084202172485501673E-15 ) ) ;
#4277 = DIRECTION ( 'NONE',  ( 0.0000000000000000000, 0.7468134723257140450, -0.6650335612228979176 ) ) ;
#4278 = ORIENTED_EDGE ( 'NONE', *, *, #2442, .T. ) ;
#4279 = LINE ( 'NONE', #2803, #2460 ) ;
#4280 = CARTESIAN_POINT ( 'NONE',  ( 6.775000000000000355, 0.5000000000000000000, 2.024999999999999911 ) ) ;
#4281 = VERTEX_POINT ( 'NONE', #10190 ) ;
#4282 = CARTESIAN_POINT ( 'NONE',  ( 8.024999999999998579, 1.795247431900000024, 2.024999999999999911 ) ) ;
#4283 = DIRECTION ( 'NONE',  ( -1.000000000000000000, 0.0000000000000000000, 0.0000000000000000000 ) ) ;
#4284 = CARTESIAN_POINT ( 'NONE',  ( 6.974999999999999645, 0.5547525681000000652, 2.024999999999999911 ) ) ;
#4285 = VECTOR ( 'NONE', #3201, 1000.000000000000000 ) ;
#4286 = LINE ( 'NONE', #9232, #5682 ) ;
#4287 = ORIENTED_EDGE ( 'NONE', *, *, #7522, .F. ) ;
#4288 = CARTESIAN_POINT ( 'NONE',  ( -0.3750000000000000000, 2.250000000000000000, -0.4749999999999999778 ) ) ;
#4289 = CARTESIAN_POINT ( 'NONE',  ( 5.825000000000000178, 1.850000000000000089, -1.474999999999999867 ) ) ;
#4290 = EDGE_LOOP ( 'NONE', ( #205, #9227, #11033, #8330 ) ) ;
#4291 = PLANE ( 'NONE',  #10658 ) ;
#4292 = EDGE_CURVE ( 'NONE', #6284, #5183, #5373, .T. ) ;
#4293 = CARTESIAN_POINT ( 'NONE',  ( 0.5150000000000000133, 1.000000000000000000, -1.025000000000000133 ) ) ;
#4294 = ORIENTED_EDGE ( 'NONE', *, *, #4749, .T. ) ;
#4295 = DIRECTION ( 'NONE',  ( 0.0000000000000000000, 0.0000000000000000000, 1.000000000000000000 ) ) ;
#4296 = EDGE_CURVE ( 'NONE', #5444, #5996, #1452, .T. ) ;
#4297 = DIRECTION ( 'NONE',  ( 0.0000000000000000000, 0.0000000000000000000, -1.000000000000000000 ) ) ;
#4298 = LINE ( 'NONE', #1408, #3032 ) ;
#4299 = PLANE ( 'NONE',  #10704 ) ;
#4300 = VECTOR ( 'NONE', #6822, 1000.000000000000000 ) ;
#4301 = VERTEX_POINT ( 'NONE', #5723 ) ;
#4302 = ORIENTED_EDGE ( 'NONE', *, *, #6437, .T. ) ;
#4303 = PRESENTATION_LAYER_ASSIGNMENT (  '', '', ( #10151 ) ) ;
#4304 = DIRECTION ( 'NONE',  ( -1.000000000000000000, 0.0000000000000000000, 0.0000000000000000000 ) ) ;
#4305 = DIRECTION ( 'NONE',  ( 0.0000000000000000000, 0.0000000000000000000, -1.000000000000000000 ) ) ;
#4306 = CARTESIAN_POINT ( 'NONE',  ( 3.225000000000000089, -0.6500000000000000222, -2.075000000000000178 ) ) ;
#4307 = DIRECTION ( 'NONE',  ( 0.0000000000000000000, -1.000000000000000000, 0.0000000000000000000 ) ) ;
#4308 = FACE_OUTER_BOUND ( 'NONE', #2109, .T. ) ;
#4309 = DIRECTION ( 'NONE',  ( 0.0000000000000000000, 0.0000000000000000000, -1.000000000000000000 ) ) ;
#4310 = VECTOR ( 'NONE', #2667, 1000.000000000000000 ) ;
#4311 = ORIENTED_EDGE ( 'NONE', *, *, #10485, .F. ) ;
#4312 = DIRECTION ( 'NONE',  ( 0.0000000000000000000, -1.000000000000000000, 0.0000000000000000000 ) ) ;
#4313 = EDGE_CURVE ( 'NONE', #11521, #7424, #905, .T. ) ;
#4314 = CARTESIAN_POINT ( 'NONE',  ( 3.225000000000000089, 1.850000000000000089, 2.024999999999999911 ) ) ;
#4315 = ORIENTED_EDGE ( 'NONE', *, *, #769, .F. ) ;
#4316 = DIRECTION ( 'NONE',  ( 1.000000000000000000, 0.0000000000000000000, 0.0000000000000000000 ) ) ;
#4317 = DIRECTION ( 'NONE',  ( 0.0000000000000000000, 0.0000000000000000000, -1.000000000000000000 ) ) ;
#4318 = LINE ( 'NONE', #1637, #527 ) ;
#4319 = DIRECTION ( 'NONE',  ( -1.000000000000000000, 0.0000000000000000000, 0.0000000000000000000 ) ) ;
#4320 = LINE ( 'NONE', #9683, #8814 ) ;
#4321 = VERTEX_POINT ( 'NONE', #2248 ) ;
#4322 = AXIS2_PLACEMENT_3D ( 'NONE', #9718, #7889, #10649 ) ;
#4323 = DIRECTION ( 'NONE',  ( 1.000000000000000000, 0.0000000000000000000, 0.0000000000000000000 ) ) ;
#4324 = DIRECTION ( 'NONE',  ( 0.0000000000000000000, -1.000000000000000000, 0.0000000000000000000 ) ) ;
#4325 = DIRECTION ( 'NONE',  ( 0.0000000000000000000, 0.0000000000000000000, 1.000000000000000000 ) ) ;
#4326 = ORIENTED_EDGE ( 'NONE', *, *, #4940, .F. ) ;
#4327 = ORIENTED_EDGE ( 'NONE', *, *, #1263, .T. ) ;
#4328 = EDGE_CURVE ( 'NONE', #6163, #10513, #3263, .T. ) ;
#4329 = ORIENTED_EDGE ( 'NONE', *, *, #6542, .F. ) ;
#4330 = EDGE_CURVE ( 'NONE', #1435, #8530, #11552, .T. ) ;
#4331 = ADVANCED_FACE ( 'NONE', ( #5921 ), #2122, .T. ) ;
#4332 = ORIENTED_EDGE ( 'NONE', *, *, #881, .T. ) ;
#4333 = CARTESIAN_POINT ( 'NONE',  ( 6.775000000000000355, 1.649999999999999911, -1.474999999999999867 ) ) ;
#4334 = LINE ( 'NONE', #4186, #8535 ) ;
#4335 = DIRECTION ( 'NONE',  ( -1.000000000000000000, 0.0000000000000000000, 0.0000000000000000000 ) ) ;
#4336 = ORIENTED_EDGE ( 'NONE', *, *, #1281, .F. ) ;
#4337 = EDGE_LOOP ( 'NONE', ( #1853, #95, #7236, #3919, #9213, #11437, #1594 ) ) ;
#4338 = DIRECTION ( 'NONE',  ( 1.000000000000000000, 0.0000000000000000000, 0.0000000000000000000 ) ) ;
#4339 = ORIENTED_EDGE ( 'NONE', *, *, #6185, .F. ) ;
#4340 = ADVANCED_FACE ( 'NONE', ( #4116 ), #1265, .T. ) ;
#4341 = ORIENTED_EDGE ( 'NONE', *, *, #6791, .F. ) ;
#4342 = VECTOR ( 'NONE', #5245, 1000.000000000000000 ) ;
#4343 = VECTOR ( 'NONE', #7559, 1000.000000000000000 ) ;
#4344 = CARTESIAN_POINT ( 'NONE',  ( 6.774999999999999467, 0.3500000000000000333, -2.024999999999999911 ) ) ;
#4345 = VERTEX_POINT ( 'NONE', #1382 ) ;
#4346 = DIRECTION ( 'NONE',  ( 0.0000000000000000000, 0.0000000000000000000, -1.000000000000000000 ) ) ;
#4347 = EDGE_CURVE ( 'NONE', #2606, #1051, #9579, .T. ) ;
#4348 = CARTESIAN_POINT ( 'NONE',  ( -0.7249999999999999778, 1.850000000000000089, 2.024999999999999911 ) ) ;
#4349 = CARTESIAN_POINT ( 'NONE',  ( 5.525000000000000355, 1.649999999999999911, -1.698606797699999893 ) ) ;
#4350 = ORIENTED_EDGE ( 'NONE', *, *, #3471, .F. ) ;
#4351 = CARTESIAN_POINT ( 'NONE',  ( 3.015000000000000124, 1.000000000000000000, -2.024999999999999911 ) ) ;
#4352 = ORIENTED_EDGE ( 'NONE', *, *, #5213, .F. ) ;
#4353 = ORIENTED_EDGE ( 'NONE', *, *, #5360, .T. ) ;
#4354 = EDGE_LOOP ( 'NONE', ( #8790, #5192, #7328, #10726 ) ) ;
#4355 = CARTESIAN_POINT ( 'NONE',  ( 6.975000000000000533, 0.3499999999999999778, -2.075000000000000178 ) ) ;
#4356 = LINE ( 'NONE', #5340, #1848 ) ;
#4357 = DIRECTION ( 'NONE',  ( 0.0000000000000000000, -1.000000000000000000, 3.295974604355854593E-17 ) ) ;
#4358 = FACE_OUTER_BOUND ( 'NONE', #10312, .T. ) ;
#4359 = CARTESIAN_POINT ( 'NONE',  ( 5.724999999999999645, -0.004464445899999999919, 0.003975566199999999890 ) ) ;
#4360 = DIRECTION ( 'NONE',  ( 0.0000000000000000000, -3.212450881438532635E-15, 1.000000000000000000 ) ) ;
#4361 = ORIENTED_EDGE ( 'NONE', *, *, #5300, .T. ) ;
#4362 = EDGE_LOOP ( 'NONE', ( #10461, #2527, #2940, #4204 ) ) ;
#4363 = EDGE_CURVE ( 'NONE', #1720, #6751, #2588, .T. ) ;
#4364 = CARTESIAN_POINT ( 'NONE',  ( 8.875000000000003553, 3.750000000000000000, 0.02500000000000000139 ) ) ;
#4365 = EDGE_CURVE ( 'NONE', #250, #4696, #2975, .T. ) ;
#4366 = LINE ( 'NONE', #9468, #3246 ) ;
#4367 = PLANE ( 'NONE',  #1671 ) ;
#4368 = DIRECTION ( 'NONE',  ( 0.0000000000000000000, 0.6650335612228979176, -0.7468134723257140450 ) ) ;
#4369 = ORIENTED_EDGE ( 'NONE', *, *, #9659, .T. ) ;
#4370 = CARTESIAN_POINT ( 'NONE',  ( 6.775000000000000355, 1.850000000000000089, -1.025000000000000133 ) ) ;
#4371 = CARTESIAN_POINT ( 'NONE',  ( 1.775000000000000133, 1.850000000000000089, -1.025000000000000133 ) ) ;
#4372 = FILL_AREA_STYLE ('',( #1681 ) ) ;
#4373 = EDGE_LOOP ( 'NONE', ( #1700, #1613, #8005, #10678 ) ) ;
#4374 =( NAMED_UNIT ( * ) PLANE_ANGLE_UNIT ( ) SI_UNIT ( $, .RADIAN. ) );
#4375 = AXIS2_PLACEMENT_3D ( 'NONE', #7114, #1769, #754 ) ;
#4376 = PRESENTATION_STYLE_ASSIGNMENT (( #9045 ) ) ;
#4377 = AXIS2_PLACEMENT_3D ( 'NONE', #337, #1731, #23 ) ;
#4378 = FILL_AREA_STYLE_COLOUR ( '', #6045 ) ;
#4379 = LINE ( 'NONE', #6779, #8287 ) ;
#4380 = VECTOR ( 'NONE', #3814, 1000.000000000000000 ) ;
#4381 = DIRECTION ( 'NONE',  ( 0.0000000000000000000, 0.0000000000000000000, 1.000000000000000000 ) ) ;
#4382 = ORIENTED_EDGE ( 'NONE', *, *, #4610, .T. ) ;
#4383 = CARTESIAN_POINT ( 'NONE',  ( 5.525000000000000355, 1.649999999999999911, -1.474999999999999867 ) ) ;
#4384 = ORIENTED_EDGE ( 'NONE', *, *, #2970, .T. ) ;
#4385 = DIRECTION ( 'NONE',  ( 0.0000000000000000000, 1.000000000000000000, 2.552445434498790050E-15 ) ) ;
#4386 = DIRECTION ( 'NONE',  ( 0.0000000000000000000, 1.000000000000000000, 0.0000000000000000000 ) ) ;
#4387 = EDGE_CURVE ( 'NONE', #9252, #4847, #178, .T. ) ;
#4388 = VECTOR ( 'NONE', #5332, 1000.000000000000000 ) ;
#4389 =( LENGTH_UNIT ( ) NAMED_UNIT ( * ) SI_UNIT ( .MILLI., .METRE. ) );
#4390 = VECTOR ( 'NONE', #8406, 1000.000000000000000 ) ;
#4391 = DIRECTION ( 'NONE',  ( 0.0000000000000000000, 1.000000000000000000, 0.0000000000000000000 ) ) ;
#4392 = ORIENTED_EDGE ( 'NONE', *, *, #11232, .F. ) ;
#4393 = SURFACE_STYLE_FILL_AREA ( #10607 ) ;
#4394 = DIRECTION ( 'NONE',  ( 1.000000000000000000, 0.0000000000000000000, 0.0000000000000000000 ) ) ;
#4395 = DIRECTION ( 'NONE',  ( 0.0000000000000000000, 0.0000000000000000000, 1.000000000000000000 ) ) ;
#4396 = ORIENTED_EDGE ( 'NONE', *, *, #5215, .F. ) ;
#4397 = DIRECTION ( 'NONE',  ( -0.0000000000000000000, 1.000000000000000000, 0.0000000000000000000 ) ) ;
#4398 = VECTOR ( 'NONE', #3412, 1000.000000000000000 ) ;
#4399 = CARTESIAN_POINT ( 'NONE',  ( 0.7249999999999999778, 0.5547525681000000652, 2.024999999999999911 ) ) ;
#4400 = CARTESIAN_POINT ( 'NONE',  ( 4.575000000000000178, 1.649999999999999911, -1.474999999999999867 ) ) ;
#4401 = VECTOR ( 'NONE', #3191, 1000.000000000000000 ) ;
#4402 = EDGE_CURVE ( 'NONE', #5145, #5455, #10135, .T. ) ;
#4403 = VECTOR ( 'NONE', #9735, 1000.000000000000114 ) ;
#4404 = VECTOR ( 'NONE', #9716, 1000.000000000000000 ) ;
#4405 = EDGE_CURVE ( 'NONE', #7727, #6428, #2708, .T. ) ;
#4406 = ORIENTED_EDGE ( 'NONE', *, *, #8909, .T. ) ;
#4407 = VECTOR ( 'NONE', #2020, 1000.000000000000000 ) ;
#4408 = ORIENTED_EDGE ( 'NONE', *, *, #9360, .F. ) ;
#4409 = VERTEX_POINT ( 'NONE', #9269 ) ;
#4410 = CARTESIAN_POINT ( 'NONE',  ( 9.775000000000002132, 3.600000000000000089, -1.425000000000000933 ) ) ;
#4411 = CARTESIAN_POINT ( 'NONE',  ( 6.974999999999999645, 0.05000000000000002359, -1.524999999999999689 ) ) ;
#4412 = DIRECTION ( 'NONE',  ( 0.0000000000000000000, -1.000000000000000000, 0.0000000000000000000 ) ) ;
#4413 = DIRECTION ( 'NONE',  ( 0.0000000000000000000, 0.0000000000000000000, 1.000000000000000000 ) ) ;
#4414 = COLOUR_RGB ( '',0.6470588235294117974, 0.6196078431372549211, 0.5882352941176470784 ) ;
#4415 = MECHANICAL_DESIGN_GEOMETRIC_PRESENTATION_REPRESENTATION (  '', ( #9011 ), #749 ) ;
#4416 = ORIENTED_EDGE ( 'NONE', *, *, #5138, .T. ) ;
#4417 = FACE_OUTER_BOUND ( 'NONE', #5999, .T. ) ;
#4418 = EDGE_CURVE ( 'NONE', #2048, #11580, #4663, .T. ) ;
#4419 = VERTEX_POINT ( 'NONE', #1345 ) ;
#4420 = CARTESIAN_POINT ( 'NONE',  ( -0.8750000000000000000, 3.750000000000000000, -2.024999999999999911 ) ) ;
#4421 =( GEOMETRIC_REPRESENTATION_CONTEXT ( 3 ) GLOBAL_UNCERTAINTY_ASSIGNED_CONTEXT ( ( #11077 ) ) GLOBAL_UNIT_ASSIGNED_CONTEXT ( ( #5809, #409, #7556 ) ) REPRESENTATION_CONTEXT ( 'NONE', 'WORKASPACE' ) );
#4422 = CARTESIAN_POINT ( 'NONE',  ( 1.765000000000000124, 1.649999999999999911, -1.025000000000000133 ) ) ;
#4423 = VECTOR ( 'NONE', #6727, 1000.000000000000000 ) ;
#4424 = CARTESIAN_POINT ( 'NONE',  ( 3.225000000000000089, 1.850000000000000089, 0.0000000000000000000 ) ) ;
#4425 = PLANE ( 'NONE',  #7566 ) ;
#4426 = CARTESIAN_POINT ( 'NONE',  ( 8.014999999999998792, 1.850000000000000089, -1.025000000000000133 ) ) ;
#4427 = ORIENTED_EDGE ( 'NONE', *, *, #8225, .T. ) ;
#4428 = VECTOR ( 'NONE', #9899, 1000.000000000000000 ) ;
#4429 = ORIENTED_EDGE ( 'NONE', *, *, #10861, .F. ) ;
#4430 = CARTESIAN_POINT ( 'NONE',  ( -0.7249999999999999778, 1.649999999999999911, -1.698606797699999893 ) ) ;
#4431 = EDGE_CURVE ( 'NONE', #9914, #1800, #888, .T. ) ;
#4432 = DIRECTION ( 'NONE',  ( 0.0000000000000000000, 0.0000000000000000000, 1.000000000000000000 ) ) ;
#4433 = PLANE ( 'NONE',  #7276 ) ;
#4434 = DIRECTION ( 'NONE',  ( 0.0000000000000000000, -1.000000000000000000, -3.212450881438532635E-15 ) ) ;
#4435 = EDGE_CURVE ( 'NONE', #746, #9775, #3559, .T. ) ;
#4436 = VECTOR ( 'NONE', #3978, 1000.000000000000000 ) ;
#4437 = VECTOR ( 'NONE', #2394, 1000.000000000000000 ) ;
#4438 = CARTESIAN_POINT ( 'NONE',  ( 0.5150000000000000133, 1.850000000000000089, -2.024999999999999911 ) ) ;
#4439 = DIRECTION ( 'NONE',  ( -1.000000000000000000, 0.0000000000000000000, 0.0000000000000000000 ) ) ;
#4440 = CARTESIAN_POINT ( 'NONE',  ( 4.485000000000000320, 1.000000000000000000, -2.024999999999999911 ) ) ;
#4441 = ORIENTED_EDGE ( 'NONE', *, *, #11609, .T. ) ;
#4442 = VERTEX_POINT ( 'NONE', #686 ) ;
#4443 = DIRECTION ( 'NONE',  ( 1.000000000000000000, 0.0000000000000000000, 0.0000000000000000000 ) ) ;
#4444 = LINE ( 'NONE', #4228, #8343 ) ;
#4445 = LINE ( 'NONE', #10936, #1655 ) ;
#4446 = LINE ( 'NONE', #8385, #4835 ) ;
#4447 = ORIENTED_EDGE ( 'NONE', *, *, #9217, .F. ) ;
#4448 = VERTEX_POINT ( 'NONE', #6038 ) ;
#4449 = CARTESIAN_POINT ( 'NONE',  ( 5.075000000000000178, 1.850000000000000089, 2.024999999999999911 ) ) ;
#4450 = DIRECTION ( 'NONE',  ( 0.0000000000000000000, -1.000000000000000000, 0.0000000000000000000 ) ) ;
#4451 = ORIENTED_EDGE ( 'NONE', *, *, #9029, .T. ) ;
#4452 = LINE ( 'NONE', #9552, #2909 ) ;
#4453 = DIRECTION ( 'NONE',  ( 1.000000000000000000, 0.0000000000000000000, 0.0000000000000000000 ) ) ;
#4454 = VECTOR ( 'NONE', #7033, 1000.000000000000000 ) ;
#4455 = SURFACE_STYLE_FILL_AREA ( #204 ) ;
#4456 = VERTEX_POINT ( 'NONE', #11180 ) ;
#4457 = PLANE ( 'NONE',  #2914 ) ;
#4458 = AXIS2_PLACEMENT_3D ( 'NONE', #1814, #8987, #8946 ) ;
#4459 = CARTESIAN_POINT ( 'NONE',  ( 8.225000000000003197, 1.850000000000000089, -1.698606797699999893 ) ) ;
#4460 = VERTEX_POINT ( 'NONE', #356 ) ;
#4461 = DIRECTION ( 'NONE',  ( 0.0000000000000000000, 1.000000000000000000, 0.0000000000000000000 ) ) ;
#4462 = ORIENTED_EDGE ( 'NONE', *, *, #6556, .F. ) ;
#4463 = EDGE_LOOP ( 'NONE', ( #3367, #9262, #254, #2165, #7669, #252, #10874, #5110, #5827, #9265, #8258, #3986, #10946, #10892, #8378, #5030 ) ) ;
#4464 = LINE ( 'NONE', #1919, #3072 ) ;
#4465 = LINE ( 'NONE', #10066, #833 ) ;
#4466 = CARTESIAN_POINT ( 'NONE',  ( -2.274999999999999911, 8.673617379884035472E-15, -0.2250000000000008105 ) ) ;
#4467 = ADVANCED_FACE ( 'NONE', ( #10121 ), #11262, .F. ) ;
#4468 = DIRECTION ( 'NONE',  ( 1.000000000000000000, 0.0000000000000000000, 0.0000000000000000000 ) ) ;
#4469 = EDGE_CURVE ( 'NONE', #6945, #8178, #1165, .T. ) ;
#4470 = DIRECTION ( 'NONE',  ( -0.0000000000000000000, 1.000000000000000000, -0.0000000000000000000 ) ) ;
#4471 = CARTESIAN_POINT ( 'NONE',  ( 6.765000000000000568, 1.850000000000000089, -1.025000000000000133 ) ) ;
#4472 = PLANE ( 'NONE',  #2467 ) ;
#4473 = ORIENTED_EDGE ( 'NONE', *, *, #2864, .F. ) ;
#4474 = ORIENTED_EDGE ( 'NONE', *, *, #9922, .T. ) ;
#4475 = DIRECTION ( 'NONE',  ( 0.0000000000000000000, 0.0000000000000000000, -1.000000000000000000 ) ) ;
#4476 = ORIENTED_EDGE ( 'NONE', *, *, #6477, .F. ) ;
#4477 = ORIENTED_EDGE ( 'NONE', *, *, #7487, .T. ) ;
#4478 = ORIENTED_EDGE ( 'NONE', *, *, #890, .F. ) ;
#4479 = MANIFOLD_SOLID_BREP ( 'Combine5', #6068 ) ;
#4480 = LINE ( 'NONE', #6930, #2671 ) ;
#4481 = CARTESIAN_POINT ( 'NONE',  ( 3.324999999999999734, 1.649999999999999911, -1.474999999999999867 ) ) ;
#4482 = LINE ( 'NONE', #10440, #3073 ) ;
#4483 = CARTESIAN_POINT ( 'NONE',  ( 10.37499999999999822, 1.000000000000000000, -2.024999999999999911 ) ) ;
#4484 = VERTEX_POINT ( 'NONE', #9590 ) ;
#4485 = EDGE_CURVE ( 'NONE', #10017, #5860, #5651, .T. ) ;
#4486 = ORIENTED_EDGE ( 'NONE', *, *, #9127, .F. ) ;
#4487 = CARTESIAN_POINT ( 'NONE',  ( -0.8750000000000000000, 2.250000000000000000, 1.505384757699999909 ) ) ;
#4488 = EDGE_LOOP ( 'NONE', ( #8977, #863, #2902, #11620 ) ) ;
#4489 = EDGE_CURVE ( 'NONE', #8113, #5860, #8028, .T. ) ;
#4490 = EDGE_LOOP ( 'NONE', ( #4153, #2055, #10796, #9576 ) ) ;
#4491 = VERTEX_POINT ( 'NONE', #5952 ) ;
#4492 = CARTESIAN_POINT ( 'NONE',  ( 6.975000000000000533, 0.05000000000000002359, -1.524999999999999689 ) ) ;
#4493 = AXIS2_PLACEMENT_3D ( 'NONE', #7222, #5480, #5551 ) ;
#4494 = CARTESIAN_POINT ( 'NONE',  ( 1.975000000000000089, 1.795247431900000024, 2.024999999999999911 ) ) ;
#4495 = LINE ( 'NONE', #10941, #7145 ) ;
#4496 = LINE ( 'NONE', #6950, #7539 ) ;
#4497 = DIRECTION ( 'NONE',  ( 1.000000000000000000, 0.0000000000000000000, 0.0000000000000000000 ) ) ;
#4498 = VERTEX_POINT ( 'NONE', #524 ) ;
#4499 = ORIENTED_EDGE ( 'NONE', *, *, #8792, .F. ) ;
#4500 = ORIENTED_EDGE ( 'NONE', *, *, #4908, .T. ) ;
#4501 = VECTOR ( 'NONE', #8629, 1000.000000000000000 ) ;
#4502 = VECTOR ( 'NONE', #1670, 1000.000000000000114 ) ;
#4503 = EDGE_CURVE ( 'NONE', #34, #3450, #8602, .T. ) ;
#4504 = LINE ( 'NONE', #5938, #1137 ) ;
#4505 = CARTESIAN_POINT ( 'NONE',  ( -0.7249999999999999778, -0.6500000000000000222, -1.775000000000000133 ) ) ;
#4506 = ORIENTED_EDGE ( 'NONE', *, *, #7921, .T. ) ;
#4507 = EDGE_LOOP ( 'NONE', ( #2018, #3451, #2794, #7128 ) ) ;
#4508 = DIRECTION ( 'NONE',  ( -1.000000000000000000, 0.0000000000000000000, 0.0000000000000000000 ) ) ;
#4509 = DIRECTION ( 'NONE',  ( 0.0000000000000000000, 0.0000000000000000000, -1.000000000000000000 ) ) ;
#4510 = VECTOR ( 'NONE', #9256, 1000.000000000000000 ) ;
#4511 = CARTESIAN_POINT ( 'NONE',  ( 0.7250000000000000888, 1.350000000000000089, -1.525000000000000133 ) ) ;
#4512 = PLANE ( 'NONE',  #7274 ) ;
#4513 = LINE ( 'NONE', #11532, #2566 ) ;
#4514 = FACE_OUTER_BOUND ( 'NONE', #6529, .T. ) ;
#4515 = DIRECTION ( 'NONE',  ( 0.0000000000000000000, 0.0000000000000000000, 1.000000000000000000 ) ) ;
#4516 = ORIENTED_EDGE ( 'NONE', *, *, #9357, .T. ) ;
#4517 = EDGE_CURVE ( 'NONE', #2459, #6138, #1438, .T. ) ;
#4518 = FILL_AREA_STYLE ('',( #9923 ) ) ;
#4519 = ORIENTED_EDGE ( 'NONE', *, *, #9906, .T. ) ;
#4520 = EDGE_CURVE ( 'NONE', #639, #2056, #8017, .T. ) ;
#4521 = CARTESIAN_POINT ( 'NONE',  ( 0.7349999999999999867, 1.850000000000000089, -1.025000000000000133 ) ) ;
#4522 = LINE ( 'NONE', #5573, #10411 ) ;
#4523 = CARTESIAN_POINT ( 'NONE',  ( 5.825000000000000178, 1.850000000000000089, -1.698606797699999893 ) ) ;
#4524 = PLANE ( 'NONE',  #1496 ) ;
#4525 = ORIENTED_EDGE ( 'NONE', *, *, #11098, .F. ) ;
#4526 = VECTOR ( 'NONE', #6231, 1000.000000000000000 ) ;
#4527 = ADVANCED_FACE ( 'NONE', ( #7732 ), #4208, .F. ) ;
#4528 = AXIS2_PLACEMENT_3D ( 'NONE', #7811, #5933, #6878 ) ;
#4529 = VERTEX_POINT ( 'NONE', #7789 ) ;
#4530 = AXIS2_PLACEMENT_3D ( 'NONE', #10, #4556, #3621 ) ;
#4531 = LINE ( 'NONE', #1714, #3690 ) ;
#4532 = DIRECTION ( 'NONE',  ( 1.000000000000000000, 0.0000000000000000000, 0.0000000000000000000 ) ) ;
#4533 = LINE ( 'NONE', #3534, #4388 ) ;
#4534 = FACE_OUTER_BOUND ( 'NONE', #9812, .T. ) ;
#4535 = CARTESIAN_POINT ( 'NONE',  ( 4.485000000000000320, 1.850000000000000089, -2.024999999999999911 ) ) ;
#4536 = ORIENTED_EDGE ( 'NONE', *, *, #9539, .T. ) ;
#4537 = CARTESIAN_POINT ( 'NONE',  ( 0.7250000000000000888, 0.5000000000000000000, -1.525000000000000133 ) ) ;
#4538 = EDGE_CURVE ( 'NONE', #2447, #1111, #2003, .T. ) ;
#4539 = DIRECTION ( 'NONE',  ( 1.000000000000000000, 0.0000000000000000000, 0.0000000000000000000 ) ) ;
#4540 = ORIENTED_EDGE ( 'NONE', *, *, #8698, .F. ) ;
#4541 = CARTESIAN_POINT ( 'NONE',  ( 1.775000000000000133, 1.850000000000000089, -1.698606797699999893 ) ) ;
#4542 = UNCERTAINTY_MEASURE_WITH_UNIT (LENGTH_MEASURE( 1.000000000000000082E-05 ), #5568, 'distance_accuracy_value', 'NONE');
#4543 = FACE_OUTER_BOUND ( 'NONE', #3916, .T. ) ;
#4544 = MECHANICAL_DESIGN_GEOMETRIC_PRESENTATION_REPRESENTATION (  '', ( #7743 ), #10626 ) ;
#4545 = DIRECTION ( 'NONE',  ( 0.0000000000000000000, 0.0000000000000000000, 1.000000000000000000 ) ) ;
#4546 = ADVANCED_FACE ( 'NONE', ( #1152 ), #6782, .T. ) ;
#4547 = VERTEX_POINT ( 'NONE', #7834 ) ;
#4548 = DIRECTION ( 'NONE',  ( 0.0000000000000000000, 0.0000000000000000000, 1.000000000000000000 ) ) ;
#4549 = VERTEX_POINT ( 'NONE', #7666 ) ;
#4550 = EDGE_CURVE ( 'NONE', #10614, #239, #2136, .T. ) ;
#4551 = EDGE_CURVE ( 'NONE', #865, #3883, #8445, .T. ) ;
#4552 = CARTESIAN_POINT ( 'NONE',  ( -0.3750000000000000000, 2.250000000000000000, 1.025000000000000133 ) ) ;
#4553 = EDGE_CURVE ( 'NONE', #4970, #8835, #8884, .T. ) ;
#4554 = VECTOR ( 'NONE', #3495, 1000.000000000000000 ) ;
#4555 = LINE ( 'NONE', #6851, #5104 ) ;
#4556 = DIRECTION ( 'NONE',  ( 0.0000000000000000000, 0.0000000000000000000, 1.000000000000000000 ) ) ;
#4557 = ORIENTED_EDGE ( 'NONE', *, *, #8606, .T. ) ;
#4558 = CARTESIAN_POINT ( 'NONE',  ( -2.875000000000000000, 4.250000000000000000, -2.024999999999999911 ) ) ;
#4559 = ORIENTED_EDGE ( 'NONE', *, *, #9777, .T. ) ;
#4560 = CARTESIAN_POINT ( 'NONE',  ( -1.375000000000000000, 3.750000000000000000, -2.024999999999999911 ) ) ;
#4561 = DIRECTION ( 'NONE',  ( 0.0000000000000000000, 1.000000000000000000, 0.0000000000000000000 ) ) ;
#4562 = LINE ( 'NONE', #4098, #4285 ) ;
#4563 = LINE ( 'NONE', #3721, #8194 ) ;
#4564 = EDGE_CURVE ( 'NONE', #4783, #2944, #309, .T. ) ;
#4565 = PLANE ( 'NONE',  #5506 ) ;
#4566 = EDGE_LOOP ( 'NONE', ( #2942, #10656, #5962, #6016 ) ) ;
#4567 = ORIENTED_EDGE ( 'NONE', *, *, #3762, .T. ) ;
#4568 = EDGE_LOOP ( 'NONE', ( #2008, #2049, #1112, #2802 ) ) ;
#4569 = CARTESIAN_POINT ( 'NONE',  ( 0.7349999999999999867, 1.850000000000000089, -2.024999999999999911 ) ) ;
#4570 = CARTESIAN_POINT ( 'NONE',  ( 9.975000000000003197, 1.999999999999997780, -2.024999999999999911 ) ) ;
#4571 = DIRECTION ( 'NONE',  ( -1.000000000000000000, 0.0000000000000000000, 0.0000000000000000000 ) ) ;
#4572 = VECTOR ( 'NONE', #4305, 1000.000000000000000 ) ;
#4573 = DIRECTION ( 'NONE',  ( 0.0000000000000000000, 0.0000000000000000000, -1.000000000000000000 ) ) ;
#4574 = ORIENTED_EDGE ( 'NONE', *, *, #4564, .T. ) ;
#4575 = ORIENTED_EDGE ( 'NONE', *, *, #1230, .F. ) ;
#4576 = EDGE_CURVE ( 'NONE', #5872, #512, #10000, .T. ) ;
#4577 = ADVANCED_FACE ( 'NONE', ( #4651 ), #10554, .F. ) ;
#4578 = DIRECTION ( 'NONE',  ( -0.0000000000000000000, 1.000000000000000000, -0.0000000000000000000 ) ) ;
#4579 = DIRECTION ( 'NONE',  ( 0.0000000000000000000, 0.0000000000000000000, -1.000000000000000000 ) ) ;
#4580 = EDGE_CURVE ( 'NONE', #2195, #6995, #7187, .T. ) ;
#4581 = ORIENTED_EDGE ( 'NONE', *, *, #6595, .F. ) ;
#4582 = FACE_OUTER_BOUND ( 'NONE', #2079, .T. ) ;
#4583 = PRESENTATION_STYLE_ASSIGNMENT (( #6504 ) ) ;
#4584 = ORIENTED_EDGE ( 'NONE', *, *, #2284, .T. ) ;
#4585 = PLANE ( 'NONE',  #11152 ) ;
#4586 = MECHANICAL_DESIGN_GEOMETRIC_PRESENTATION_REPRESENTATION (  '', ( #1210 ), #9410 ) ;
#4587 = ORIENTED_EDGE ( 'NONE', *, *, #8053, .T. ) ;
#4588 = CARTESIAN_POINT ( 'NONE',  ( 8.875000000000003553, 3.750000000000000000, -2.024999999999999911 ) ) ;
#4589 = LINE ( 'NONE', #851, #7651 ) ;
#4590 = LINE ( 'NONE', #8286, #1665 ) ;
#4591 = LINE ( 'NONE', #11469, #9081 ) ;
#4592 = EDGE_LOOP ( 'NONE', ( #8986, #8674, #11241, #1415 ) ) ;
#4593 = ADVANCED_FACE ( 'NONE', ( #1040 ), #11531, .T. ) ;
#4594 = EDGE_CURVE ( 'NONE', #4806, #8022, #1737, .T. ) ;
#4595 = ORIENTED_EDGE ( 'NONE', *, *, #9360, .T. ) ;
#4596 = ORIENTED_EDGE ( 'NONE', *, *, #3608, .T. ) ;
#4597 = VERTEX_POINT ( 'NONE', #8754 ) ;
#4598 = EDGE_LOOP ( 'NONE', ( #6086, #407, #5418, #11095 ) ) ;
#4599 = ORIENTED_EDGE ( 'NONE', *, *, #10731, .T. ) ;
#4600 = VECTOR ( 'NONE', #2887, 1000.000000000000000 ) ;
#4601 = STYLED_ITEM ( 'NONE', ( #11165 ), #7826 ) ;
#4602 = FACE_OUTER_BOUND ( 'NONE', #5535, .T. ) ;
#4603 =( NAMED_UNIT ( * ) SI_UNIT ( $, .STERADIAN. ) SOLID_ANGLE_UNIT ( ) );
#4604 = AXIS2_PLACEMENT_3D ( 'NONE', #11447, #2827, #8894 ) ;
#4605 =( NAMED_UNIT ( * ) PLANE_ANGLE_UNIT ( ) SI_UNIT ( $, .RADIAN. ) );
#4606 = ORIENTED_EDGE ( 'NONE', *, *, #2915, .T. ) ;
#4607 = VERTEX_POINT ( 'NONE', #7060 ) ;
#4608 = ORIENTED_EDGE ( 'NONE', *, *, #6405, .T. ) ;
#4609 = EDGE_CURVE ( 'NONE', #978, #10287, #6470, .T. ) ;
#4610 = EDGE_CURVE ( 'NONE', #4751, #7748, #4533, .T. ) ;
#4611 = VERTEX_POINT ( 'NONE', #4280 ) ;
#4612 = LINE ( 'NONE', #8501, #5608 ) ;
#4613 = VECTOR ( 'NONE', #2454, 1000.000000000000000 ) ;
#4614 = EDGE_CURVE ( 'NONE', #462, #2869, #7448, .T. ) ;
#4615 = CARTESIAN_POINT ( 'NONE',  ( 6.975000000000000533, 1.000000000000000000, -1.525000000000000133 ) ) ;
#4616 = DIRECTION ( 'NONE',  ( 1.000000000000000000, 0.0000000000000000000, 0.0000000000000000000 ) ) ;
#4617 = VERTEX_POINT ( 'NONE', #9774 ) ;
#4618 = DIRECTION ( 'NONE',  ( 0.0000000000000000000, 0.0000000000000000000, 1.000000000000000000 ) ) ;
#4619 = VERTEX_POINT ( 'NONE', #3420 ) ;
#4620 = ORIENTED_EDGE ( 'NONE', *, *, #8472, .F. ) ;
#4621 = VERTEX_POINT ( 'NONE', #9701 ) ;
#4622 = ORIENTED_EDGE ( 'NONE', *, *, #6946, .T. ) ;
#4623 = CARTESIAN_POINT ( 'NONE',  ( 7.924999999999999822, 1.850000000000000089, -1.474999999999999867 ) ) ;
#4624 = CARTESIAN_POINT ( 'NONE',  ( -0.7249999999999999778, 0.0000000000000000000, -1.525000000000000133 ) ) ;
#4625 = ADVANCED_FACE ( 'NONE', ( #6058 ), #1625, .T. ) ;
#4626 = COLOUR_RGB ( '',0.6470588235294117974, 0.6196078431372549211, 0.5882352941176470784 ) ;
#4627 = VECTOR ( 'NONE', #2923, 1000.000000000000000 ) ;
#4628 = EDGE_CURVE ( 'NONE', #8491, #4597, #4787, .T. ) ;
#4629 = CARTESIAN_POINT ( 'NONE',  ( 9.775000000000002132, 3.600000000000000977, -1.425000000000000044 ) ) ;
#4630 = ORIENTED_EDGE ( 'NONE', *, *, #7313, .T. ) ;
#4631 = AXIS2_PLACEMENT_3D ( 'NONE', #3265, #4967, #1418 ) ;
#4632 = VERTEX_POINT ( 'NONE', #8026 ) ;
#4633 = ADVANCED_FACE ( 'NONE', ( #9728 ), #1862, .F. ) ;
#4634 = VECTOR ( 'NONE', #2246, 1000.000000000000000 ) ;
#4635 = FACE_OUTER_BOUND ( 'NONE', #2189, .T. ) ;
#4636 = ORIENTED_EDGE ( 'NONE', *, *, #6311, .T. ) ;
#4637 = ORIENTED_EDGE ( 'NONE', *, *, #2477, .T. ) ;
#4638 = CARTESIAN_POINT ( 'NONE',  ( 8.024999999999998579, 1.000000000000000000, -1.525000000000000133 ) ) ;
#4639 = EDGE_CURVE ( 'NONE', #7309, #6702, #10970, .T. ) ;
#4640 = CARTESIAN_POINT ( 'NONE',  ( 8.224999999999999645, 1.850000000000000089, -2.024999999999999911 ) ) ;
#4641 = VECTOR ( 'NONE', #2011, 1000.000000000000000 ) ;
#4642 = VECTOR ( 'NONE', #7594, 1000.000000000000114 ) ;
#4643 = VERTEX_POINT ( 'NONE', #6376 ) ;
#4644 = CARTESIAN_POINT ( 'NONE',  ( 1.775000000000000133, 0.0000000000000000000, -1.525000000000000133 ) ) ;
#4645 = ADVANCED_FACE ( 'NONE', ( #10564 ), #9063, .T. ) ;
#4646 = DIRECTION ( 'NONE',  ( 0.0000000000000000000, -1.000000000000000000, 0.0000000000000000000 ) ) ;
#4647 = ORIENTED_EDGE ( 'NONE', *, *, #3213, .T. ) ;
#4648 = DIRECTION ( 'NONE',  ( 0.0000000000000000000, -3.854941057726236322E-15, 1.000000000000000000 ) ) ;
#4649 = LINE ( 'NONE', #2651, #2135 ) ;
#4650 = DIRECTION ( 'NONE',  ( -0.0000000000000000000, 1.000000000000000000, 0.0000000000000000000 ) ) ;
#4651 = FACE_OUTER_BOUND ( 'NONE', #11195, .T. ) ;
#4652 = CARTESIAN_POINT ( 'NONE',  ( 4.485000000000000320, 1.000000000000000000, -1.525000000000000133 ) ) ;
#4653 =( GEOMETRIC_REPRESENTATION_CONTEXT ( 3 ) GLOBAL_UNCERTAINTY_ASSIGNED_CONTEXT ( ( #5184 ) ) GLOBAL_UNIT_ASSIGNED_CONTEXT ( ( #1119, #7369, #5511 ) ) REPRESENTATION_CONTEXT ( 'NONE', 'WORKASPACE' ) );
#4654 = CARTESIAN_POINT ( 'NONE',  ( 4.275000000000000355, 0.5547525681000000652, 2.024999999999999911 ) ) ;
#4655 = VECTOR ( 'NONE', #2140, 1000.000000000000000 ) ;
#4656 = EDGE_CURVE ( 'NONE', #10772, #9098, #3692, .T. ) ;
#4657 = CARTESIAN_POINT ( 'NONE',  ( 0.8249999999999999556, 1.649999999999999911, -1.698606797699999893 ) ) ;
#4658 = EDGE_CURVE ( 'NONE', #5684, #818, #1295, .T. ) ;
#4659 = ORIENTED_EDGE ( 'NONE', *, *, #9673, .F. ) ;
#4660 = VECTOR ( 'NONE', #5960, 1000.000000000000000 ) ;
#4661 = ORIENTED_EDGE ( 'NONE', *, *, #8836, .T. ) ;
#4662 = SURFACE_STYLE_USAGE ( .BOTH. , #9974 ) ;
#4663 = LINE ( 'NONE', #6664, #6191 ) ;
#4664 = VECTOR ( 'NONE', #11393, 1000.000000000000000 ) ;
#4665 = LINE ( 'NONE', #9624, #8757 ) ;
#4666 = EDGE_LOOP ( 'NONE', ( #8101, #6707, #781, #8913 ) ) ;
#4667 = LINE ( 'NONE', #8125, #10986 ) ;
#4668 = DIRECTION ( 'NONE',  ( 0.0000000000000000000, 0.0000000000000000000, 1.000000000000000000 ) ) ;
#4669 = ORIENTED_EDGE ( 'NONE', *, *, #3802, .T. ) ;
#4670 = DIRECTION ( 'NONE',  ( -1.000000000000000000, 0.0000000000000000000, 0.0000000000000000000 ) ) ;
#4671 = MANIFOLD_SOLID_BREP ( 'Combine1', #2641 ) ;
#4672 = CARTESIAN_POINT ( 'NONE',  ( -0.5250000000000000222, 1.850000000000000089, 2.024999999999999911 ) ) ;
#4673 = VECTOR ( 'NONE', #8482, 1000.000000000000000 ) ;
#4674 = DIRECTION ( 'NONE',  ( 1.000000000000000000, 0.0000000000000000000, 0.0000000000000000000 ) ) ;
#4675 = EDGE_CURVE ( 'NONE', #5547, #3487, #2725, .T. ) ;
#4676 = CARTESIAN_POINT ( 'NONE',  ( 0.07499999999999998335, 1.850000000000000089, -1.474999999999999867 ) ) ;
#4677 = ORIENTED_EDGE ( 'NONE', *, *, #4909, .F. ) ;
#4678 = DIRECTION ( 'NONE',  ( 0.0000000000000000000, 1.000000000000000000, 0.0000000000000000000 ) ) ;
#4679 = ORIENTED_EDGE ( 'NONE', *, *, #7170, .F. ) ;
#4680 = ADVANCED_FACE ( 'NONE', ( #5076 ), #1781, .T. ) ;
#4681 = VECTOR ( 'NONE', #6234, 1000.000000000000000 ) ;
#4682 = CARTESIAN_POINT ( 'NONE',  ( -1.175000000000000044, 2.550000000000000266, 2.024999999999999911 ) ) ;
#4683 = DIRECTION ( 'NONE',  ( 1.000000000000000000, 0.0000000000000000000, 0.0000000000000000000 ) ) ;
#4684 = ORIENTED_EDGE ( 'NONE', *, *, #6254, .F. ) ;
#4685 = EDGE_CURVE ( 'NONE', #3855, #9365, #756, .T. ) ;
#4686 = CARTESIAN_POINT ( 'NONE',  ( 4.275000000000000355, 1.850000000000000089, 2.024999999999999911 ) ) ;
#4687 = EDGE_CURVE ( 'NONE', #1012, #7796, #1598, .T. ) ;
#4688 = ORIENTED_EDGE ( 'NONE', *, *, #2445, .T. ) ;
#4689 = CARTESIAN_POINT ( 'NONE',  ( 8.224999999999999645, 0.0000000000000000000, -1.525000000000000133 ) ) ;
#4690 =( GEOMETRIC_REPRESENTATION_CONTEXT ( 3 ) GLOBAL_UNCERTAINTY_ASSIGNED_CONTEXT ( ( #1536 ) ) GLOBAL_UNIT_ASSIGNED_CONTEXT ( ( #548, #10212, #2309 ) ) REPRESENTATION_CONTEXT ( 'NONE', 'WORKASPACE' ) );
#4691 = CARTESIAN_POINT ( 'NONE',  ( 6.625000000000000000, 1.000000000000000000, -1.525000000000000133 ) ) ;
#4692 = FACE_OUTER_BOUND ( 'NONE', #9654, .T. ) ;
#4693 = LINE ( 'NONE', #1771, #7631 ) ;
#4694 = LINE ( 'NONE', #5092, #507 ) ;
#4695 = CARTESIAN_POINT ( 'NONE',  ( 8.024999999999998579, -0.6500000000000000222, -1.775000000000000133 ) ) ;
#4696 = VERTEX_POINT ( 'NONE', #9206 ) ;
#4697 = EDGE_LOOP ( 'NONE', ( #5972, #9151, #10065, #6315 ) ) ;
#4698 = ADVANCED_FACE ( 'NONE', ( #11113 ), #9175, .T. ) ;
#4699 = AXIS2_PLACEMENT_3D ( 'NONE', #5395, #10742, #1766 ) ;
#4700 = EDGE_CURVE ( 'NONE', #10193, #7825, #6901, .T. ) ;
#4701 = VECTOR ( 'NONE', #750, 1000.000000000000000 ) ;
#4702 = VECTOR ( 'NONE', #7814, 1000.000000000000000 ) ;
#4703 = EDGE_LOOP ( 'NONE', ( #186, #11409, #4870, #3341 ) ) ;
#4704 = PLANE ( 'NONE',  #6062 ) ;
#4705 = CARTESIAN_POINT ( 'NONE',  ( 8.224999999999999645, 0.3500000000000000333, -2.024999999999999911 ) ) ;
#4706 = SURFACE_STYLE_USAGE ( .BOTH. , #4781 ) ;
#4707 = DIRECTION ( 'NONE',  ( 0.0000000000000000000, 0.0000000000000000000, -1.000000000000000000 ) ) ;
#4708 = EDGE_LOOP ( 'NONE', ( #7810, #6652, #9078, #8122 ) ) ;
#4709 = CARTESIAN_POINT ( 'NONE',  ( 8.225000000000003197, 1.850000000000000089, 0.0000000000000000000 ) ) ;
#4710 = VECTOR ( 'NONE', #8433, 1000.000000000000000 ) ;
#4711 = EDGE_LOOP ( 'NONE', ( #6285, #3803, #4606, #3500 ) ) ;
#4712 = EDGE_CURVE ( 'NONE', #7840, #4748, #8746, .T. ) ;
#4713 = CARTESIAN_POINT ( 'NONE',  ( 4.264999999999999680, 1.000000000000000000, -2.024999999999999911 ) ) ;
#4714 = EDGE_CURVE ( 'NONE', #4049, #2951, #5221, .T. ) ;
#4715 = CARTESIAN_POINT ( 'NONE',  ( -1.175000000000000044, 1.850000000000000089, -1.474999999999999867 ) ) ;
#4716 = ORIENTED_EDGE ( 'NONE', *, *, #5559, .T. ) ;
#4717 = ORIENTED_EDGE ( 'NONE', *, *, #593, .T. ) ;
#4718 = DIRECTION ( 'NONE',  ( -0.0000000000000000000, 1.000000000000000000, 0.0000000000000000000 ) ) ;
#4719 = ORIENTED_EDGE ( 'NONE', *, *, #5991, .F. ) ;
#4720 = LINE ( 'NONE', #11202, #2076 ) ;
#4721 = PLANE ( 'NONE',  #1276 ) ;
#4722 = CARTESIAN_POINT ( 'NONE',  ( 6.975000000000000533, -0.004464445899999999919, 0.003975566199999999890 ) ) ;
#4723 = STYLED_ITEM ( 'NONE', ( #2935 ), #10439 ) ;
#4724 = DIRECTION ( 'NONE',  ( 0.0000000000000000000, 1.000000000000000000, 0.0000000000000000000 ) ) ;
#4725 = AXIS2_PLACEMENT_3D ( 'NONE', #5335, #804, #9853 ) ;
#4726 = CARTESIAN_POINT ( 'NONE',  ( 8.875000000000003553, 3.750000000000000000, 2.024999999999999911 ) ) ;
#4727 = ORIENTED_EDGE ( 'NONE', *, *, #7381, .T. ) ;
#4728 = ORIENTED_EDGE ( 'NONE', *, *, #2153, .F. ) ;
#4729 = ORIENTED_EDGE ( 'NONE', *, *, #3785, .F. ) ;
#4730 = ORIENTED_EDGE ( 'NONE', *, *, #1057, .T. ) ;
#4731 = VERTEX_POINT ( 'NONE', #8216 ) ;
#4732 = LINE ( 'NONE', #2474, #7676 ) ;
#4733 = ADVANCED_FACE ( 'NONE', ( #2424 ), #7383, .F. ) ;
#4734 = CARTESIAN_POINT ( 'NONE',  ( 4.474999999999999645, 1.350000000000000089, 0.0000000000000000000 ) ) ;
#4735 = EDGE_CURVE ( 'NONE', #4893, #8022, #3683, .T. ) ;
#4736 = DIRECTION ( 'NONE',  ( 0.0000000000000000000, -0.6650335612228979176, -0.7468134723257140450 ) ) ;
#4737 = ORIENTED_EDGE ( 'NONE', *, *, #8996, .T. ) ;
#4738 = ORIENTED_EDGE ( 'NONE', *, *, #9434, .T. ) ;
#4739 = ORIENTED_EDGE ( 'NONE', *, *, #8456, .F. ) ;
#4740 = ORIENTED_EDGE ( 'NONE', *, *, #7073, .T. ) ;
#4741 = CARTESIAN_POINT ( 'NONE',  ( 0.7249999999999999778, 0.0000000000000000000, 2.024999999999999911 ) ) ;
#4742 = LINE ( 'NONE', #9255, #5731 ) ;
#4743 = CARTESIAN_POINT ( 'NONE',  ( 8.024999999999998579, 1.850000000000000089, -1.025000000000000133 ) ) ;
#4744 = CARTESIAN_POINT ( 'NONE',  ( -0.5250000000000000222, 0.0000000000000000000, 2.024999999999999911 ) ) ;
#4745 = LINE ( 'NONE', #11235, #10222 ) ;
#4746 = VERTEX_POINT ( 'NONE', #11004 ) ;
#4747 = CARTESIAN_POINT ( 'NONE',  ( -0.7349999999999999867, 1.649999999999999911, -1.698606797699999893 ) ) ;
#4748 = VERTEX_POINT ( 'NONE', #8361 ) ;
#4749 = EDGE_CURVE ( 'NONE', #8684, #8572, #7870, .T. ) ;
#4750 = ORIENTED_EDGE ( 'NONE', *, *, #8072, .F. ) ;
#4751 = VERTEX_POINT ( 'NONE', #9286 ) ;
#4752 = EDGE_CURVE ( 'NONE', #8701, #9436, #1284, .T. ) ;
#4753 = SURFACE_STYLE_USAGE ( .BOTH. , #2032 ) ;
#4754 = ADVANCED_FACE ( 'NONE', ( #1581 ), #11038, .T. ) ;
#4755 = DIRECTION ( 'NONE',  ( 0.0000000000000000000, 1.000000000000000000, 0.0000000000000000000 ) ) ;
#4756 = LINE ( 'NONE', #4364, #6435 ) ;
#4757 = LINE ( 'NONE', #1098, #5616 ) ;
#4758 = DIRECTION ( 'NONE',  ( 0.0000000000000000000, 1.084202172485501673E-15, 1.000000000000000000 ) ) ;
#4759 = CARTESIAN_POINT ( 'NONE',  ( -1.175000000000000044, 1.850000000000000089, -1.474999999999999867 ) ) ;
#4760 = CARTESIAN_POINT ( 'NONE',  ( -2.274999999999999911, 3.600000000000000977, -1.425000000000000044 ) ) ;
#4761 = CARTESIAN_POINT ( 'NONE',  ( 9.775000000000002132, 0.6000000000000076383, -0.2249999999999982014 ) ) ;
#4762 = ORIENTED_EDGE ( 'NONE', *, *, #7198, .T. ) ;
#4763 = DIRECTION ( 'NONE',  ( 0.0000000000000000000, 1.000000000000000000, 0.0000000000000000000 ) ) ;
#4764 = CARTESIAN_POINT ( 'NONE',  ( 9.775000000000002132, 4.240000000000000213, -0.07499999999999998335 ) ) ;
#4765 = ORIENTED_EDGE ( 'NONE', *, *, #7541, .T. ) ;
#4766 = CARTESIAN_POINT ( 'NONE',  ( 6.974999999999999645, 0.0000000000000000000, -1.525000000000000133 ) ) ;
#4767 = VECTOR ( 'NONE', #7535, 1000.000000000000000 ) ;
#4768 = VECTOR ( 'NONE', #11463, 1000.000000000000000 ) ;
#4769 = EDGE_CURVE ( 'NONE', #6842, #8489, #10552, .T. ) ;
#4770 = LINE ( 'NONE', #8830, #11093 ) ;
#4771 = CARTESIAN_POINT ( 'NONE',  ( 4.474999999999999645, 1.850000000000000089, -2.024999999999999911 ) ) ;
#4772 = CARTESIAN_POINT ( 'NONE',  ( 8.235000000000002984, 1.649999999999999911, -1.698606797699999893 ) ) ;
#4773 = ORIENTED_EDGE ( 'NONE', *, *, #1196, .F. ) ;
#4774 = ORIENTED_EDGE ( 'NONE', *, *, #11141, .F. ) ;
#4775 = CARTESIAN_POINT ( 'NONE',  ( 3.825000000000000178, 1.850000000000000089, 2.024999999999999911 ) ) ;
#4776 = CARTESIAN_POINT ( 'NONE',  ( 8.225000000000001421, -0.6500000000000000222, -2.075000000000000178 ) ) ;
#4777 = COLOUR_RGB ( '',0.6470588235294117974, 0.6196078431372549211, 0.5882352941176470784 ) ;
#4778 = PLANE ( 'NONE',  #5478 ) ;
#4779 = ORIENTED_EDGE ( 'NONE', *, *, #10198, .F. ) ;
#4780 = EDGE_CURVE ( 'NONE', #8964, #7555, #8149, .T. ) ;
#4781 = SURFACE_SIDE_STYLE ('',( #1706 ) ) ;
#4782 = CARTESIAN_POINT ( 'NONE',  ( -2.274999999999999911, 1.949999999999999512, 2.025000000000007017 ) ) ;
#4783 = VERTEX_POINT ( 'NONE', #7351 ) ;
#4784 = EDGE_CURVE ( 'NONE', #8365, #3724, #3542, .T. ) ;
#4785 = CARTESIAN_POINT ( 'NONE',  ( 5.724999999999999645, 0.05000000000000002359, -1.775000000000000133 ) ) ;
#4786 = LINE ( 'NONE', #8794, #613 ) ;
#4787 = LINE ( 'NONE', #9887, #5510 ) ;
#4788 = LINE ( 'NONE', #9488, #5078 ) ;
#4789 = ADVANCED_FACE ( 'NONE', ( #5502 ), #1282, .T. ) ;
#4790 = DIRECTION ( 'NONE',  ( -1.000000000000000000, 0.0000000000000000000, 0.0000000000000000000 ) ) ;
#4791 = DIRECTION ( 'NONE',  ( 0.0000000000000000000, 0.0000000000000000000, -1.000000000000000000 ) ) ;
#4792 = ORIENTED_EDGE ( 'NONE', *, *, #4106, .T. ) ;
#4793 = LINE ( 'NONE', #5137, #6347 ) ;
#4794 = AXIS2_PLACEMENT_3D ( 'NONE', #10778, #4571, #1023 ) ;
#4795 = DIRECTION ( 'NONE',  ( 0.0000000000000000000, 1.000000000000000000, -3.295974604355814534E-17 ) ) ;
#4796 = CARTESIAN_POINT ( 'NONE',  ( 1.975000000000000089, 1.000000000000000000, -1.525000000000000133 ) ) ;
#4797 = ORIENTED_EDGE ( 'NONE', *, *, #2571, .T. ) ;
#4798 = CARTESIAN_POINT ( 'NONE',  ( 0.5250000000000000222, 0.5000000000000000000, -1.525000000000000133 ) ) ;
#4799 = CARTESIAN_POINT ( 'NONE',  ( 4.474999999999999645, 0.0000000000000000000, 2.024999999999999911 ) ) ;
#4800 = CARTESIAN_POINT ( 'NONE',  ( 0.5250000000000000222, 0.0000000000000000000, 0.0000000000000000000 ) ) ;
#4801 = VECTOR ( 'NONE', #6742, 1000.000000000000000 ) ;
#4802 = DIRECTION ( 'NONE',  ( 0.0000000000000000000, 0.0000000000000000000, 1.000000000000000000 ) ) ;
#4803 = ORIENTED_EDGE ( 'NONE', *, *, #11157, .F. ) ;
#4804 = LINE ( 'NONE', #3077, #10996 ) ;
#4805 = DIRECTION ( 'NONE',  ( 0.0000000000000000000, 1.000000000000000000, 2.552445434498790050E-15 ) ) ;
#4806 = VERTEX_POINT ( 'NONE', #2859 ) ;
#4807 = UNCERTAINTY_MEASURE_WITH_UNIT (LENGTH_MEASURE( 1.000000000000000082E-05 ), #3368, 'distance_accuracy_value', 'NONE');
#4808 = PRODUCT_DEFINITION_FORMATION_WITH_SPECIFIED_SOURCE ( 'ANY', '', #2906, .NOT_KNOWN. ) ;
#4809 = ADVANCED_FACE ( 'NONE', ( #9719 ), #6602, .T. ) ;
#4810 = FACE_OUTER_BOUND ( 'NONE', #2564, .T. ) ;
#4811 = VECTOR ( 'NONE', #6938, 1000.000000000000000 ) ;
#4812 = AXIS2_PLACEMENT_3D ( 'NONE', #10101, #2104, #10968 ) ;
#4813 = CARTESIAN_POINT ( 'NONE',  ( 5.525000000000000355, 0.3500000000000000333, -2.024999999999999911 ) ) ;
#4814 = VERTEX_POINT ( 'NONE', #335 ) ;
#4815 = LINE ( 'NONE', #6153, #10447 ) ;
#4816 = ORIENTED_EDGE ( 'NONE', *, *, #1645, .T. ) ;
#4817 = EDGE_CURVE ( 'NONE', #3067, #4847, #8293, .T. ) ;
#4818 = DIRECTION ( 'NONE',  ( 0.0000000000000000000, 1.000000000000000000, 0.0000000000000000000 ) ) ;
#4819 = PLANE ( 'NONE',  #1261 ) ;
#4820 = CARTESIAN_POINT ( 'NONE',  ( -2.274999999999999911, 0.6000000000000024203, 1.375000000000002442 ) ) ;
#4821 = CARTESIAN_POINT ( 'NONE',  ( 8.325000000000002842, 1.850000000000000089, -1.698606797699999893 ) ) ;
#4822 = EDGE_CURVE ( 'NONE', #9968, #6860, #1155, .T. ) ;
#4823 = PLANE ( 'NONE',  #10810 ) ;
#4824 = LINE ( 'NONE', #5924, #8485 ) ;
#4825 = VECTOR ( 'NONE', #6755, 1000.000000000000000 ) ;
#4826 = CARTESIAN_POINT ( 'NONE',  ( 8.875000000000003553, 3.149999999999999911, 0.02500000000000000139 ) ) ;
#4827 = EDGE_LOOP ( 'NONE', ( #5818, #572, #4848, #7782, #10750, #1589, #8659, #11206, #10220, #2133, #3071, #10226 ) ) ;
#4828 = ORIENTED_EDGE ( 'NONE', *, *, #11326, .F. ) ;
#4829 =( LENGTH_UNIT ( ) NAMED_UNIT ( * ) SI_UNIT ( .MILLI., .METRE. ) );
#4830 = DIRECTION ( 'NONE',  ( 0.0000000000000000000, -1.000000000000000000, 0.0000000000000000000 ) ) ;
#4831 = FACE_OUTER_BOUND ( 'NONE', #1399, .T. ) ;
#4832 =( GEOMETRIC_REPRESENTATION_CONTEXT ( 3 ) GLOBAL_UNCERTAINTY_ASSIGNED_CONTEXT ( ( #8722 ) ) GLOBAL_UNIT_ASSIGNED_CONTEXT ( ( #4389, #10664, #5283 ) ) REPRESENTATION_CONTEXT ( 'NONE', 'WORKASPACE' ) );
#4833 = EDGE_CURVE ( 'NONE', #4814, #5029, #5769, .T. ) ;
#4834 = DIRECTION ( 'NONE',  ( 0.0000000000000000000, 1.000000000000000000, 0.0000000000000000000 ) ) ;
#4835 = VECTOR ( 'NONE', #279, 1000.000000000000000 ) ;
#4836 = DIRECTION ( 'NONE',  ( 0.0000000000000000000, 0.0000000000000000000, -1.000000000000000000 ) ) ;
#4837 = ORIENTED_EDGE ( 'NONE', *, *, #4405, .T. ) ;
#4838 = CARTESIAN_POINT ( 'NONE',  ( 5.724999999999999645, 0.0000000000000000000, -1.525000000000000133 ) ) ;
#4839 = DIRECTION ( 'NONE',  ( 0.0000000000000000000, 0.0000000000000000000, -1.000000000000000000 ) ) ;
#4840 = ORIENTED_EDGE ( 'NONE', *, *, #2442, .F. ) ;
#4841 = ADVANCED_FACE ( 'NONE', ( #3119 ), #3968, .F. ) ;
#4842 = DIRECTION ( 'NONE',  ( 1.000000000000000000, 0.0000000000000000000, 0.0000000000000000000 ) ) ;
#4843 = ORIENTED_EDGE ( 'NONE', *, *, #5610, .F. ) ;
#4844 = VECTOR ( 'NONE', #8786, 1000.000000000000000 ) ;
#4845 = COLOUR_RGB ( '',1.000000000000000000, 1.000000000000000000, 1.000000000000000000 ) ;
#4846 = ORIENTED_EDGE ( 'NONE', *, *, #8981, .T. ) ;
#4847 = VERTEX_POINT ( 'NONE', #2239 ) ;
#4848 = ORIENTED_EDGE ( 'NONE', *, *, #2167, .T. ) ;
#4849 = ADVANCED_FACE ( 'NONE', ( #6604 ), #8509, .T. ) ;
#4850 = DIRECTION ( 'NONE',  ( 1.000000000000000000, 0.0000000000000000000, 0.0000000000000000000 ) ) ;
#4851 = AXIS2_PLACEMENT_3D ( 'NONE', #3715, #1020, #169 ) ;
#4852 = EDGE_CURVE ( 'NONE', #11548, #10323, #889, .T. ) ;
#4853 = CARTESIAN_POINT ( 'NONE',  ( -1.875000000000000000, 3.149999999999999911, -2.024999999999999911 ) ) ;
#4854 = ORIENTED_EDGE ( 'NONE', *, *, #6031, .T. ) ;
#4855 = DIRECTION ( 'NONE',  ( 0.0000000000000000000, 0.0000000000000000000, -1.000000000000000000 ) ) ;
#4856 = CARTESIAN_POINT ( 'NONE',  ( -0.7249999999999999778, 0.5000000000000000000, 0.0000000000000000000 ) ) ;
#4857 = ORIENTED_EDGE ( 'NONE', *, *, #10901, .F. ) ;
#4858 = VECTOR ( 'NONE', #8604, 1000.000000000000000 ) ;
#4859 = VECTOR ( 'NONE', #6758, 1000.000000000000000 ) ;
#4860 = FACE_OUTER_BOUND ( 'NONE', #10911, .T. ) ;
#4861 = CARTESIAN_POINT ( 'NONE',  ( 1.974999999999999867, 0.3499999999999999778, -2.075000000000000178 ) ) ;
#4862 = DIRECTION ( 'NONE',  ( -1.000000000000000000, 0.0000000000000000000, 0.0000000000000000000 ) ) ;
#4863 = ORIENTED_EDGE ( 'NONE', *, *, #11345, .T. ) ;
#4864 = DIRECTION ( 'NONE',  ( 0.0000000000000000000, 0.0000000000000000000, 1.000000000000000000 ) ) ;
#4865 = DIRECTION ( 'NONE',  ( 0.0000000000000000000, 0.0000000000000000000, -1.000000000000000000 ) ) ;
#4866 = PLANE ( 'NONE',  #47 ) ;
#4867 = PRESENTATION_LAYER_ASSIGNMENT (  '', '', ( #688 ) ) ;
#4868 = ORIENTED_EDGE ( 'NONE', *, *, #11312, .T. ) ;
#4869 = VERTEX_POINT ( 'NONE', #1296 ) ;
#4870 = ORIENTED_EDGE ( 'NONE', *, *, #9849, .T. ) ;
#4871 = ORIENTED_EDGE ( 'NONE', *, *, #325, .F. ) ;
#4872 = FACE_OUTER_BOUND ( 'NONE', #1507, .T. ) ;
#4873 = EDGE_CURVE ( 'NONE', #9037, #7825, #9020, .T. ) ;
#4874 = CARTESIAN_POINT ( 'NONE',  ( 3.024999999999999911, 0.3500000000000000333, -2.024999999999999911 ) ) ;
#4875 = LINE ( 'NONE', #4032, #5584 ) ;
#4876 = ADVANCED_FACE ( 'NONE', ( #2833 ), #9264, .T. ) ;
#4877 = EDGE_CURVE ( 'NONE', #1904, #8281, #1868, .T. ) ;
#4878 = DIRECTION ( 'NONE',  ( 0.0000000000000000000, 0.0000000000000000000, -1.000000000000000000 ) ) ;
#4879 = CARTESIAN_POINT ( 'NONE',  ( 1.984999999999999876, 1.850000000000000089, -2.024999999999999911 ) ) ;
#4880 = ORIENTED_EDGE ( 'NONE', *, *, #1167, .F. ) ;
#4881 = ORIENTED_EDGE ( 'NONE', *, *, #2970, .F. ) ;
#4882 = UNCERTAINTY_MEASURE_WITH_UNIT (LENGTH_MEASURE( 1.000000000000000082E-05 ), #2878, 'distance_accuracy_value', 'NONE');
#4883 = ORIENTED_EDGE ( 'NONE', *, *, #9734, .T. ) ;
#4884 =( LENGTH_UNIT ( ) NAMED_UNIT ( * ) SI_UNIT ( .MILLI., .METRE. ) );
#4885 = CARTESIAN_POINT ( 'NONE',  ( 0.07499999999999998335, 1.850000000000000089, 2.024999999999999911 ) ) ;
#4886 = ORIENTED_EDGE ( 'NONE', *, *, #2073, .F. ) ;
#4887 = AXIS2_PLACEMENT_3D ( 'NONE', #6283, #5434, #4381 ) ;
#4888 = VECTOR ( 'NONE', #9159, 1000.000000000000000 ) ;
#4889 = EDGE_LOOP ( 'NONE', ( #2385, #9359, #2666, #5734 ) ) ;
#4890 = AXIS2_PLACEMENT_3D ( 'NONE', #5406, #6299, #7196 ) ;
#4891 = VERTEX_POINT ( 'NONE', #10697 ) ;
#4892 = ORIENTED_EDGE ( 'NONE', *, *, #9992, .F. ) ;
#4893 = VERTEX_POINT ( 'NONE', #10536 ) ;
#4894 = ORIENTED_EDGE ( 'NONE', *, *, #6517, .T. ) ;
#4895 = VECTOR ( 'NONE', #1865, 1000.000000000000000 ) ;
#4896 = LINE ( 'NONE', #9875, #11510 ) ;
#4897 = EDGE_CURVE ( 'NONE', #2974, #10814, #1025, .T. ) ;
#4898 = CARTESIAN_POINT ( 'NONE',  ( 8.024999999999998579, 0.0000000000000000000, -1.525000000000000133 ) ) ;
#4899 = ORIENTED_EDGE ( 'NONE', *, *, #5676, .T. ) ;
#4900 = DIRECTION ( 'NONE',  ( 0.0000000000000000000, -1.084202172485501673E-15, -1.000000000000000000 ) ) ;
#4901 = ORIENTED_EDGE ( 'NONE', *, *, #9399, .F. ) ;
#4902 = ADVANCED_FACE ( 'NONE', ( #11390 ), #7965, .T. ) ;
#4903 = DIRECTION ( 'NONE',  ( -1.000000000000000000, 0.0000000000000000000, 0.0000000000000000000 ) ) ;
#4904 = CARTESIAN_POINT ( 'NONE',  ( -2.500000000000000000, 4.240000000000000213, -2.024999999999999911 ) ) ;
#4905 = LINE ( 'NONE', #9742, #1404 ) ;
#4906 =( LENGTH_UNIT ( ) NAMED_UNIT ( * ) SI_UNIT ( .MILLI., .METRE. ) );
#4907 = LINE ( 'NONE', #4879, #6869 ) ;
#4908 = EDGE_CURVE ( 'NONE', #6515, #7379, #9987, .T. ) ;
#4909 = EDGE_CURVE ( 'NONE', #217, #7837, #1439, .T. ) ;
#4910 = ORIENTED_EDGE ( 'NONE', *, *, #2557, .T. ) ;
#4911 = ADVANCED_FACE ( 'NONE', ( #11102 ), #8771, .T. ) ;
#4912 = AXIS2_PLACEMENT_3D ( 'NONE', #3833, #3086, #1195 ) ;
#4913 = EDGE_LOOP ( 'NONE', ( #4110, #8185, #9446, #8189, #2064, #1672 ) ) ;
#4914 = DIRECTION ( 'NONE',  ( -1.000000000000000000, 0.0000000000000000000, 0.0000000000000000000 ) ) ;
#4915 = CARTESIAN_POINT ( 'NONE',  ( -1.875000000000000000, 2.550000000000000266, 2.024999999999999911 ) ) ;
#4916 = DIRECTION ( 'NONE',  ( -1.000000000000000000, 0.0000000000000000000, 0.0000000000000000000 ) ) ;
#4917 = VECTOR ( 'NONE', #4509, 1000.000000000000000 ) ;
#4918 = PLANE ( 'NONE',  #2487 ) ;
#4919 = VECTOR ( 'NONE', #11050, 1000.000000000000000 ) ;
#4920 = CARTESIAN_POINT ( 'NONE',  ( 8.675000000000002487, 2.550000000000000266, 2.024999999999999911 ) ) ;
#4921 = LINE ( 'NONE', #4766, #10125 ) ;
#4922 = ORIENTED_EDGE ( 'NONE', *, *, #1104, .T. ) ;
#4923 = ORIENTED_EDGE ( 'NONE', *, *, #367, .T. ) ;
#4924 = CARTESIAN_POINT ( 'NONE',  ( -2.375000000000000000, 3.750000000000000000, 0.02500000000000000139 ) ) ;
#4925 = AXIS2_PLACEMENT_3D ( 'NONE', #4150, #3408, #10498 ) ;
#4926 = EDGE_CURVE ( 'NONE', #1120, #8133, #604, .T. ) ;
#4927 = CARTESIAN_POINT ( 'NONE',  ( -2.274999999999999911, 4.250000000000000000, -1.925000000000000044 ) ) ;
#4928 = VECTOR ( 'NONE', #5131, 1000.000000000000000 ) ;
#4929 = LINE ( 'NONE', #1066, #8446 ) ;
#4930 = VERTEX_POINT ( 'NONE', #11511 ) ;
#4931 = VECTOR ( 'NONE', #7922, 1000.000000000000000 ) ;
#4932 = CARTESIAN_POINT ( 'NONE',  ( 3.324999999999999734, 1.649999999999999911, -1.698606797699999893 ) ) ;
#4933 = CARTESIAN_POINT ( 'NONE',  ( -0.5250000000000000222, 1.649999999999999911, -1.025000000000000133 ) ) ;
#4934 = VERTEX_POINT ( 'NONE', #6916 ) ;
#4935 = VECTOR ( 'NONE', #3272, 1000.000000000000000 ) ;
#4936 = CARTESIAN_POINT ( 'NONE',  ( -2.024999999999999911, 4.250000000000000000, -2.024999999999999911 ) ) ;
#4937 = CARTESIAN_POINT ( 'NONE',  ( 9.975000000000003197, 1.999999999999997780, -2.024999999999999911 ) ) ;
#4938 = ORIENTED_EDGE ( 'NONE', *, *, #927, .T. ) ;
#4939 = LINE ( 'NONE', #9925, #9042 ) ;
#4940 = EDGE_CURVE ( 'NONE', #9965, #7477, #8593, .T. ) ;
#4941 = CARTESIAN_POINT ( 'NONE',  ( 0.7250000000000000888, -0.6500000000000000222, -2.075000000000000178 ) ) ;
#4942 = SURFACE_SIDE_STYLE ('',( #8460 ) ) ;
#4943 = EDGE_CURVE ( 'NONE', #6378, #91, #10708, .T. ) ;
#4944 = EDGE_LOOP ( 'NONE', ( #4256, #5072, #4559, #7658 ) ) ;
#4945 = LINE ( 'NONE', #10852, #9745 ) ;
#4946 = CARTESIAN_POINT ( 'NONE',  ( 1.765000000000000124, 1.000000000000000000, -1.025000000000000133 ) ) ;
#4947 = PLANE ( 'NONE',  #7212 ) ;
#4948 = ORIENTED_EDGE ( 'NONE', *, *, #9278, .T. ) ;
#4949 = VECTOR ( 'NONE', #7944, 1000.000000000000000 ) ;
#4950 = VECTOR ( 'NONE', #7740, 1000.000000000000000 ) ;
#4951 = SURFACE_SIDE_STYLE ('',( #1464 ) ) ;
#4952 = AXIS2_PLACEMENT_3D ( 'NONE', #7443, #10092, #3795 ) ;
#4953 = CARTESIAN_POINT ( 'NONE',  ( 6.975000000000000533, 1.850000000000000089, -2.024999999999999911 ) ) ;
#4954 = ORIENTED_EDGE ( 'NONE', *, *, #4553, .T. ) ;
#4955 = DIRECTION ( 'NONE',  ( 0.0000000000000000000, -1.000000000000000000, 0.0000000000000000000 ) ) ;
#4956 = VECTOR ( 'NONE', #8473, 1000.000000000000000 ) ;
#4957 = AXIS2_PLACEMENT_3D ( 'NONE', #3544, #8963, #9862 ) ;
#4958 = DIRECTION ( 'NONE',  ( 0.0000000000000000000, 1.000000000000000000, -2.148487149506095815E-16 ) ) ;
#4959 = VERTEX_POINT ( 'NONE', #7803 ) ;
#4960 = DIRECTION ( 'NONE',  ( -1.000000000000000000, 0.0000000000000000000, 0.0000000000000000000 ) ) ;
#4961 = ADVANCED_FACE ( 'NONE', ( #3829 ), #4299, .T. ) ;
#4962 = MANIFOLD_SOLID_BREP ( 'Combine10', #5513 ) ;
#4963 = CARTESIAN_POINT ( 'NONE',  ( 6.325000000000000178, 1.850000000000000089, -1.474999999999999867 ) ) ;
#4964 = FACE_OUTER_BOUND ( 'NONE', #8751, .T. ) ;
#4965 = LINE ( 'NONE', #3053, #7081 ) ;
#4966 = EDGE_CURVE ( 'NONE', #7486, #8414, #6181, .T. ) ;
#4967 = DIRECTION ( 'NONE',  ( 0.0000000000000000000, 0.0000000000000000000, 1.000000000000000000 ) ) ;
#4968 = ORIENTED_EDGE ( 'NONE', *, *, #534, .F. ) ;
#4969 = ORIENTED_EDGE ( 'NONE', *, *, #11415, .F. ) ;
#4970 = VERTEX_POINT ( 'NONE', #10771 ) ;
#4971 = ADVANCED_FACE ( 'NONE', ( #1147 ), #90, .F. ) ;
#4972 = CARTESIAN_POINT ( 'NONE',  ( 9.775000000000002132, 1.999999999999997780, -2.075000000000008615 ) ) ;
#4973 = DIRECTION ( 'NONE',  ( 0.0000000000000000000, -1.000000000000000000, 0.0000000000000000000 ) ) ;
#4974 = LINE ( 'NONE', #6241, #3023 ) ;
#4975 = DIRECTION ( 'NONE',  ( 0.0000000000000000000, -1.000000000000000000, 0.0000000000000000000 ) ) ;
#4976 = SURFACE_STYLE_FILL_AREA ( #9128 ) ;
#4977 = CARTESIAN_POINT ( 'NONE',  ( 5.735000000000000320, 1.850000000000000089, -1.025000000000000133 ) ) ;
#4978 = ORIENTED_EDGE ( 'NONE', *, *, #5481, .F. ) ;
#4979 = EDGE_CURVE ( 'NONE', #3182, #4997, #11378, .T. ) ;
#4980 = EDGE_CURVE ( 'NONE', #11170, #8065, #1990, .T. ) ;
#4981 = VERTEX_POINT ( 'NONE', #10738 ) ;
#4982 = CARTESIAN_POINT ( 'NONE',  ( 3.225000000000000089, 1.850000000000000089, -1.025000000000000133 ) ) ;
#4983 = CARTESIAN_POINT ( 'NONE',  ( 4.275000000000000355, 1.000000000000000000, -1.525000000000000133 ) ) ;
#4984 = ORIENTED_EDGE ( 'NONE', *, *, #6519, .T. ) ;
#4985 = AXIS2_PLACEMENT_3D ( 'NONE', #7750, #693, #2417 ) ;
#4986 = PLANE ( 'NONE',  #8009 ) ;
#4987 = DIRECTION ( 'NONE',  ( -1.000000000000000000, 0.0000000000000000000, 0.0000000000000000000 ) ) ;
#4988 = LINE ( 'NONE', #1696, #10167 ) ;
#4989 = LINE ( 'NONE', #9370, #3745 ) ;
#4990 = ORIENTED_EDGE ( 'NONE', *, *, #2612, .F. ) ;
#4991 = ORIENTED_EDGE ( 'NONE', *, *, #4700, .T. ) ;
#4992 = DIRECTION ( 'NONE',  ( 0.0000000000000000000, 1.000000000000000000, 0.0000000000000000000 ) ) ;
#4993 = AXIS2_PLACEMENT_3D ( 'NONE', #4676, #2746, #4539 ) ;
#4994 = CARTESIAN_POINT ( 'NONE',  ( 4.485000000000000320, 1.850000000000000089, -1.025000000000000133 ) ) ;
#4995 = EDGE_CURVE ( 'NONE', #9329, #4607, #7303, .T. ) ;
#4996 = DIRECTION ( 'NONE',  ( 0.0000000000000000000, 0.0000000000000000000, 1.000000000000000000 ) ) ;
#4997 = VERTEX_POINT ( 'NONE', #8970 ) ;
#4998 = CARTESIAN_POINT ( 'NONE',  ( -2.875000000000000000, 2.000000000000000000, -2.024999999999999911 ) ) ;
#4999 = LINE ( 'NONE', #7514, #4710 ) ;
#5000 = LINE ( 'NONE', #654, #3046 ) ;
#5001 = CARTESIAN_POINT ( 'NONE',  ( 8.024999999999998579, 1.850000000000000089, -1.698606797699999893 ) ) ;
#5002 = AXIS2_PLACEMENT_3D ( 'NONE', #3013, #9285, #7310 ) ;
#5003 = VERTEX_POINT ( 'NONE', #5392 ) ;
#5004 = DIRECTION ( 'NONE',  ( 1.000000000000000000, 0.0000000000000000000, 0.0000000000000000000 ) ) ;
#5005 = CARTESIAN_POINT ( 'NONE',  ( 0.7349999999999999867, 1.000000000000000000, -1.025000000000000133 ) ) ;
#5006 = CARTESIAN_POINT ( 'NONE',  ( -0.5250000000000000222, 0.5000000000000000000, 0.0000000000000000000 ) ) ;
#5007 = ORIENTED_EDGE ( 'NONE', *, *, #10728, .F. ) ;
#5008 = ORIENTED_EDGE ( 'NONE', *, *, #9557, .F. ) ;
#5009 = ORIENTED_EDGE ( 'NONE', *, *, #7021, .T. ) ;
#5010 = LINE ( 'NONE', #2711, #5583 ) ;
#5011 = CARTESIAN_POINT ( 'NONE',  ( 5.000000000000000000, 1.000000000000000000, -1.474999999999999867 ) ) ;
#5012 = FACE_OUTER_BOUND ( 'NONE', #7086, .T. ) ;
#5013 = EDGE_CURVE ( 'NONE', #10772, #4869, #3817, .T. ) ;
#5014 = DIRECTION ( 'NONE',  ( -0.0000000000000000000, 1.000000000000000000, 0.0000000000000000000 ) ) ;
#5015 = EDGE_CURVE ( 'NONE', #7190, #11133, #2112, .T. ) ;
#5016 = CARTESIAN_POINT ( 'NONE',  ( 3.225000000000000089, 0.05000000000000002359, -1.524999999999999689 ) ) ;
#5017 = ORIENTED_EDGE ( 'NONE', *, *, #11483, .T. ) ;
#5018 = ORIENTED_EDGE ( 'NONE', *, *, #4435, .F. ) ;
#5019 = ORIENTED_EDGE ( 'NONE', *, *, #6341, .F. ) ;
#5020 = ORIENTED_EDGE ( 'NONE', *, *, #3733, .T. ) ;
#5021 = CARTESIAN_POINT ( 'NONE',  ( 1.975000000000000089, 1.850000000000000089, -1.698606797699999893 ) ) ;
#5022 = DIRECTION ( 'NONE',  ( 0.0000000000000000000, 0.0000000000000000000, 1.000000000000000000 ) ) ;
#5023 = ADVANCED_FACE ( 'NONE', ( #8876 ), #7162, .T. ) ;
#5024 = ORIENTED_EDGE ( 'NONE', *, *, #1104, .F. ) ;
#5025 = LINE ( 'NONE', #9616, #255 ) ;
#5026 = DIRECTION ( 'NONE',  ( 0.0000000000000000000, 1.000000000000000000, 4.336808689942024836E-15 ) ) ;
#5027 = DIRECTION ( 'NONE',  ( 0.0000000000000000000, 0.0000000000000000000, 1.000000000000000000 ) ) ;
#5028 = CARTESIAN_POINT ( 'NONE',  ( 8.024999999999998579, 1.649999999999999911, -1.025000000000000133 ) ) ;
#5029 = VERTEX_POINT ( 'NONE', #11635 ) ;
#5030 = ORIENTED_EDGE ( 'NONE', *, *, #11607, .T. ) ;
#5031 = ORIENTED_EDGE ( 'NONE', *, *, #516, .T. ) ;
#5032 = UNCERTAINTY_MEASURE_WITH_UNIT (LENGTH_MEASURE( 1.000000000000000082E-05 ), #5178, 'distance_accuracy_value', 'NONE');
#5033 = ORIENTED_EDGE ( 'NONE', *, *, #7136, .F. ) ;
#5034 = ADVANCED_FACE ( 'NONE', ( #11092 ), #1740, .F. ) ;
#5035 = CARTESIAN_POINT ( 'NONE',  ( 9.525000000000002132, 1.980741759643274369, -1.925000000000000933 ) ) ;
#5036 = LINE ( 'NONE', #4838, #2680 ) ;
#5037 = LINE ( 'NONE', #447, #2389 ) ;
#5038 = DIRECTION ( 'NONE',  ( 0.0000000000000000000, 0.0000000000000000000, -1.000000000000000000 ) ) ;
#5039 = DIRECTION ( 'NONE',  ( 0.0000000000000000000, -1.084202172485501673E-15, -1.000000000000000000 ) ) ;
#5040 = PLANE ( 'NONE',  #10183 ) ;
#5041 = EDGE_LOOP ( 'NONE', ( #8014, #1118, #802, #4854, #9391, #703, #4599 ) ) ;
#5042 = ORIENTED_EDGE ( 'NONE', *, *, #4330, .F. ) ;
#5043 = ORIENTED_EDGE ( 'NONE', *, *, #9290, .T. ) ;
#5044 = PRESENTATION_STYLE_ASSIGNMENT (( #7773 ) ) ;
#5045 = CARTESIAN_POINT ( 'NONE',  ( 10.37499999999999822, 1.000000000000000000, -1.525000000000000133 ) ) ;
#5046 = LINE ( 'NONE', #2326, #10949 ) ;
#5047 = VECTOR ( 'NONE', #4834, 1000.000000000000000 ) ;
#5048 = CARTESIAN_POINT ( 'NONE',  ( 8.225000000000003197, 0.0000000000000000000, -1.525000000000000133 ) ) ;
#5049 = DIRECTION ( 'NONE',  ( 1.000000000000000000, 0.0000000000000000000, 0.0000000000000000000 ) ) ;
#5050 = ORIENTED_EDGE ( 'NONE', *, *, #8641, .T. ) ;
#5051 = CARTESIAN_POINT ( 'NONE',  ( -2.274999999999999911, 4.240000000000000213, -0.07499999999999998335 ) ) ;
#5052 = EDGE_LOOP ( 'NONE', ( #10203, #2016, #2540, #8064 ) ) ;
#5053 = DIRECTION ( 'NONE',  ( 1.000000000000000000, 0.0000000000000000000, 0.0000000000000000000 ) ) ;
#5054 = EDGE_CURVE ( 'NONE', #9113, #9425, #6747, .T. ) ;
#5055 = CARTESIAN_POINT ( 'NONE',  ( 3.024999999999999911, 1.000000000000000000, 1.525000000000000133 ) ) ;
#5056 = LINE ( 'NONE', #7018, #10959 ) ;
#5057 = VECTOR ( 'NONE', #112, 1000.000000000000000 ) ;
#5058 = PLANE ( 'NONE',  #2614 ) ;
#5059 = DIRECTION ( 'NONE',  ( 0.0000000000000000000, -1.000000000000000000, 0.0000000000000000000 ) ) ;
#5060 = ORIENTED_EDGE ( 'NONE', *, *, #5287, .T. ) ;
#5061 = DIRECTION ( 'NONE',  ( 1.000000000000000000, 0.0000000000000000000, 0.0000000000000000000 ) ) ;
#5062 = DIRECTION ( 'NONE',  ( 1.000000000000000000, 0.0000000000000000000, 0.0000000000000000000 ) ) ;
#5063 = ORIENTED_EDGE ( 'NONE', *, *, #10332, .T. ) ;
#5064 = VECTOR ( 'NONE', #6586, 1000.000000000000000 ) ;
#5065 = EDGE_CURVE ( 'NONE', #7116, #3772, #10833, .T. ) ;
#5066 = VECTOR ( 'NONE', #2191, 1000.000000000000000 ) ;
#5067 = EDGE_CURVE ( 'NONE', #1543, #4621, #9430, .T. ) ;
#5068 = VECTOR ( 'NONE', #9388, 1000.000000000000000 ) ;
#5069 = CARTESIAN_POINT ( 'NONE',  ( -0.5250000000000000222, 0.0000000000000000000, -1.525000000000000133 ) ) ;
#5070 = AXIS2_PLACEMENT_3D ( 'NONE', #10885, #4674, #7260 ) ;
#5071 =( NAMED_UNIT ( * ) PLANE_ANGLE_UNIT ( ) SI_UNIT ( $, .RADIAN. ) );
#5072 = ORIENTED_EDGE ( 'NONE', *, *, #3165, .F. ) ;
#5073 = PLANE ( 'NONE',  #1292 ) ;
#5074 = ORIENTED_EDGE ( 'NONE', *, *, #6065, .T. ) ;
#5075 = VECTOR ( 'NONE', #5448, 1000.000000000000000 ) ;
#5076 = FACE_OUTER_BOUND ( 'NONE', #9087, .T. ) ;
#5077 = DIRECTION ( 'NONE',  ( 0.0000000000000000000, 1.000000000000000000, 0.0000000000000000000 ) ) ;
#5078 = VECTOR ( 'NONE', #6921, 1000.000000000000000 ) ;
#5079 = ADVANCED_FACE ( 'NONE', ( #6596 ), #6252, .F. ) ;
#5080 = CARTESIAN_POINT ( 'NONE',  ( -0.5250000000000000222, 0.3499999999999999778, -2.075000000000000178 ) ) ;
#5081 = AXIS2_PLACEMENT_3D ( 'NONE', #355, #2160, #8426 ) ;
#5082 = ORIENTED_EDGE ( 'NONE', *, *, #10140, .T. ) ;
#5083 = LINE ( 'NONE', #775, #2732 ) ;
#5084 = EDGE_CURVE ( 'NONE', #3581, #2331, #7035, .T. ) ;
#5085 = CARTESIAN_POINT ( 'NONE',  ( 9.775000000000002132, 3.600000000000000977, -0.07499999999999998335 ) ) ;
#5086 = ORIENTED_EDGE ( 'NONE', *, *, #10548, .T. ) ;
#5087 = CARTESIAN_POINT ( 'NONE',  ( 8.024999999999998579, 0.05000000000000002359, -1.524999999999999689 ) ) ;
#5088 = ADVANCED_FACE ( 'NONE', ( #6321 ), #10669, .F. ) ;
#5089 = VECTOR ( 'NONE', #6622, 1000.000000000000000 ) ;
#5090 = CARTESIAN_POINT ( 'NONE',  ( 3.225000000000000089, 0.3499999999999999778, -2.075000000000000178 ) ) ;
#5091 = CARTESIAN_POINT ( 'NONE',  ( -1.175000000000000044, 1.850000000000000089, 2.024999999999999911 ) ) ;
#5092 = CARTESIAN_POINT ( 'NONE',  ( 3.024999999999999911, 1.850000000000000089, 0.0000000000000000000 ) ) ;
#5093 = ORIENTED_EDGE ( 'NONE', *, *, #4296, .T. ) ;
#5094 = VECTOR ( 'NONE', #3483, 1000.000000000000000 ) ;
#5095 = EDGE_LOOP ( 'NONE', ( #5714, #7184, #5082, #2957 ) ) ;
#5096 = CARTESIAN_POINT ( 'NONE',  ( 5.735000000000000320, 1.000000000000000000, -1.025000000000000133 ) ) ;
#5097 = DIRECTION ( 'NONE',  ( 0.0000000000000000000, -0.6650335612228979176, -0.7468134723257140450 ) ) ;
#5098 = DIRECTION ( 'NONE',  ( -0.0000000000000000000, 1.000000000000000000, -0.0000000000000000000 ) ) ;
#5099 = EDGE_CURVE ( 'NONE', #8973, #10515, #2266, .T. ) ;
#5100 = DIRECTION ( 'NONE',  ( -0.0000000000000000000, 0.0000000000000000000, -1.000000000000000000 ) ) ;
#5101 = CARTESIAN_POINT ( 'NONE',  ( 6.974999999999999645, 1.795247431900000024, 2.024999999999999911 ) ) ;
#5102 = EDGE_CURVE ( 'NONE', #9023, #5500, #591, .T. ) ;
#5103 = VECTOR ( 'NONE', #2889, 1000.000000000000000 ) ;
#5104 = VECTOR ( 'NONE', #7703, 1000.000000000000000 ) ;
#5105 = CARTESIAN_POINT ( 'NONE',  ( 9.875000000000001776, 3.750000000000000000, 2.024999999999999911 ) ) ;
#5106 = ORIENTED_EDGE ( 'NONE', *, *, #10746, .T. ) ;
#5107 = FACE_OUTER_BOUND ( 'NONE', #4697, .T. ) ;
#5108 = EDGE_LOOP ( 'NONE', ( #1616, #8260, #3713, #9473 ) ) ;
#5109 = CARTESIAN_POINT ( 'NONE',  ( 5.514999999999999680, 1.850000000000000089, -1.025000000000000133 ) ) ;
#5110 = ORIENTED_EDGE ( 'NONE', *, *, #10695, .T. ) ;
#5111 = CARTESIAN_POINT ( 'NONE',  ( 5.525000000000000355, 1.850000000000000089, 2.024999999999999911 ) ) ;
#5112 = DIRECTION ( 'NONE',  ( -0.0000000000000000000, 1.000000000000000000, 0.0000000000000000000 ) ) ;
#5113 = VECTOR ( 'NONE', #6880, 1000.000000000000000 ) ;
#5114 = LINE ( 'NONE', #8313, #4005 ) ;
#5115 = DIRECTION ( 'NONE',  ( -1.000000000000000000, 0.0000000000000000000, 0.0000000000000000000 ) ) ;
#5116 = AXIS2_PLACEMENT_3D ( 'NONE', #9538, #7776, #4155 ) ;
#5117 = DIRECTION ( 'NONE',  ( 0.0000000000000000000, 0.0000000000000000000, 1.000000000000000000 ) ) ;
#5118 = CARTESIAN_POINT ( 'NONE',  ( 10.00000000000000178, 4.250000000000000000, -2.024999999999999911 ) ) ;
#5119 = ORIENTED_EDGE ( 'NONE', *, *, #8072, .T. ) ;
#5120 = ORIENTED_EDGE ( 'NONE', *, *, #2745, .F. ) ;
#5121 = CARTESIAN_POINT ( 'NONE',  ( 4.275000000000000355, 0.0000000000000000000, -2.024999999999999911 ) ) ;
#5122 = EDGE_CURVE ( 'NONE', #10797, #1129, #2415, .T. ) ;
#5123 = CARTESIAN_POINT ( 'NONE',  ( 8.225000000000001421, 0.05000000000000002359, -1.775000000000000133 ) ) ;
#5124 = DIRECTION ( 'NONE',  ( 0.0000000000000000000, 0.0000000000000000000, -1.000000000000000000 ) ) ;
#5125 = CARTESIAN_POINT ( 'NONE',  ( 3.015000000000000124, 1.000000000000000000, -1.474999999999999867 ) ) ;
#5126 = CARTESIAN_POINT ( 'NONE',  ( 9.775000000000002132, 0.0000000000000000000, 2.024999999999999911 ) ) ;
#5127 = ORIENTED_EDGE ( 'NONE', *, *, #8889, .F. ) ;
#5128 = DIRECTION ( 'NONE',  ( 0.0000000000000000000, 1.000000000000000000, 0.0000000000000000000 ) ) ;
#5129 = ORIENTED_EDGE ( 'NONE', *, *, #4520, .F. ) ;
#5130 = AXIS2_PLACEMENT_3D ( 'NONE', #2366, #4088, #9589 ) ;
#5131 = DIRECTION ( 'NONE',  ( 0.0000000000000000000, 1.000000000000000000, 0.0000000000000000000 ) ) ;
#5132 = VERTEX_POINT ( 'NONE', #10382 ) ;
#5133 = LINE ( 'NONE', #9119, #517 ) ;
#5134 = EDGE_CURVE ( 'NONE', #7275, #6895, #10696, .T. ) ;
#5136 = DIRECTION ( 'NONE',  ( -0.0000000000000000000, 1.000000000000000000, 0.0000000000000000000 ) ) ;
#5135 = LINE ( 'NONE', #10655, #2774 ) ;
#5137 = CARTESIAN_POINT ( 'NONE',  ( 5.724999999999999645, -0.6500000000000000222, -1.775000000000000133 ) ) ;
#5138 = EDGE_CURVE ( 'NONE', #991, #3724, #4227, .T. ) ;
#5139 = ADVANCED_FACE ( 'NONE', ( #11529 ), #6607, .F. ) ;
#5140 = ORIENTED_EDGE ( 'NONE', *, *, #7975, .T. ) ;
#5141 = PLANE ( 'NONE',  #10838 ) ;
#5142 = AXIS2_PLACEMENT_3D ( 'NONE', #614, #6902, #574 ) ;
#5143 = CARTESIAN_POINT ( 'NONE',  ( 1.975000000000000089, 0.5547525681000000652, 2.024999999999999911 ) ) ;
#5144 = CARTESIAN_POINT ( 'NONE',  ( 6.974999999999999645, 0.5000000000000000000, -1.525000000000000133 ) ) ;
#5145 = VERTEX_POINT ( 'NONE', #10457 ) ;
#5146 = CARTESIAN_POINT ( 'NONE',  ( 5.724999999999999645, 0.05000000000000002359, -1.775000000000000133 ) ) ;
#5147 = ORIENTED_EDGE ( 'NONE', *, *, #5880, .F. ) ;
#5148 = LINE ( 'NONE', #405, #5574 ) ;
#5149 = DIRECTION ( 'NONE',  ( 1.000000000000000000, 0.0000000000000000000, 0.0000000000000000000 ) ) ;
#5150 = COLOUR_RGB ( '',0.6470588235294117974, 0.6196078431372549211, 0.5882352941176470784 ) ;
#5151 = VECTOR ( 'NONE', #8453, 1000.000000000000000 ) ;
#5152 = EDGE_LOOP ( 'NONE', ( #5324, #10659, #8803, #2236 ) ) ;
#5153 = DIRECTION ( 'NONE',  ( 0.0000000000000000000, 2.997602166487923448E-15, -1.000000000000000000 ) ) ;
#5154 = AXIS2_PLACEMENT_3D ( 'NONE', #1327, #5787, #508 ) ;
#5155 = DIRECTION ( 'NONE',  ( -1.000000000000000000, 0.0000000000000000000, 0.0000000000000000000 ) ) ;
#5156 = EDGE_CURVE ( 'NONE', #403, #5381, #3254, .T. ) ;
#5157 = PLANE ( 'NONE',  #4375 ) ;
#5158 = CARTESIAN_POINT ( 'NONE',  ( 5.724999999999999645, 0.3499999999999999778, -2.075000000000000178 ) ) ;
#5159 = ORIENTED_EDGE ( 'NONE', *, *, #11465, .T. ) ;
#5160 = ORIENTED_EDGE ( 'NONE', *, *, #4908, .F. ) ;
#5161 = CARTESIAN_POINT ( 'NONE',  ( 4.474999999999999645, 0.05000000000000002359, -1.775000000000000133 ) ) ;
#5162 = ORIENTED_EDGE ( 'NONE', *, *, #8021, .F. ) ;
#5163 = EDGE_LOOP ( 'NONE', ( #8997, #5043, #3218, #3669 ) ) ;
#5164 = VECTOR ( 'NONE', #8086, 1000.000000000000000 ) ;
#5165 = VECTOR ( 'NONE', #5708, 1000.000000000000000 ) ;
#5166 = DIRECTION ( 'NONE',  ( 0.0000000000000000000, -1.000000000000000000, 0.0000000000000000000 ) ) ;
#5167 = CARTESIAN_POINT ( 'NONE',  ( 6.974999999999999645, 1.850000000000000089, 2.024999999999999911 ) ) ;
#5168 = PLANE ( 'NONE',  #6076 ) ;
#5169 = ORIENTED_EDGE ( 'NONE', *, *, #7997, .F. ) ;
#5170 = ORIENTED_EDGE ( 'NONE', *, *, #8874, .T. ) ;
#5171 = PLANE ( 'NONE',  #11 ) ;
#5172 = ORIENTED_EDGE ( 'NONE', *, *, #5964, .T. ) ;
#5173 = CARTESIAN_POINT ( 'NONE',  ( 7.074999999999999289, 1.850000000000000089, -1.474999999999999867 ) ) ;
#5174 = ORIENTED_EDGE ( 'NONE', *, *, #3096, .T. ) ;
#5175 = LINE ( 'NONE', #5788, #2093 ) ;
#5176 = EDGE_CURVE ( 'NONE', #2516, #11064, #6460, .T. ) ;
#5177 = EDGE_CURVE ( 'NONE', #5029, #1606, #5056, .T. ) ;
#5178 =( LENGTH_UNIT ( ) NAMED_UNIT ( * ) SI_UNIT ( .MILLI., .METRE. ) );
#5179 = CARTESIAN_POINT ( 'NONE',  ( 10.37500000000000178, 0.0000000000000000000, -1.525000000000000133 ) ) ;
#5180 = ORIENTED_EDGE ( 'NONE', *, *, #10293, .T. ) ;
#5181 = DIRECTION ( 'NONE',  ( -1.000000000000000000, 0.0000000000000000000, 0.0000000000000000000 ) ) ;
#5182 = ORIENTED_EDGE ( 'NONE', *, *, #6703, .T. ) ;
#5183 = VERTEX_POINT ( 'NONE', #9740 ) ;
#5184 = UNCERTAINTY_MEASURE_WITH_UNIT (LENGTH_MEASURE( 1.000000000000000082E-05 ), #1119, 'distance_accuracy_value', 'NONE');
#5185 = CARTESIAN_POINT ( 'NONE',  ( -2.274999999999999911, 4.250000000000000000, -0.07499999999999998335 ) ) ;
#5186 = ORIENTED_EDGE ( 'NONE', *, *, #2819, .T. ) ;
#5187 = CARTESIAN_POINT ( 'NONE',  ( 4.575000000000000178, 1.850000000000000089, -1.474999999999999867 ) ) ;
#5188 = VECTOR ( 'NONE', #9705, 1000.000000000000000 ) ;
#5189 = DIRECTION ( 'NONE',  ( -0.0000000000000000000, 1.000000000000000000, 0.0000000000000000000 ) ) ;
#5190 = STYLED_ITEM ( 'NONE', ( #8397 ), #10070 ) ;
#5191 = VECTOR ( 'NONE', #3681, 1000.000000000000000 ) ;
#5192 = ORIENTED_EDGE ( 'NONE', *, *, #7768, .T. ) ;
#5193 = AXIS2_PLACEMENT_3D ( 'NONE', #3128, #11507, #1561 ) ;
#5194 = CARTESIAN_POINT ( 'NONE',  ( -0.7349999999999999867, 1.850000000000000089, -1.025000000000000133 ) ) ;
#5195 = CARTESIAN_POINT ( 'NONE',  ( 1.975000000000000089, 0.5547525681000000652, 2.024999999999999911 ) ) ;
#5196 = VERTEX_POINT ( 'NONE', #8181 ) ;
#5197 = ORIENTED_EDGE ( 'NONE', *, *, #3424, .T. ) ;
#5198 = LINE ( 'NONE', #10758, #590 ) ;
#5199 = LINE ( 'NONE', #483, #8276 ) ;
#5200 = DIRECTION ( 'NONE',  ( 0.0000000000000000000, -1.000000000000000000, 0.0000000000000000000 ) ) ;
#5201 = VECTOR ( 'NONE', #7769, 1000.000000000000000 ) ;
#5202 = EDGE_CURVE ( 'NONE', #8933, #5132, #4513, .T. ) ;
#5203 = DIRECTION ( 'NONE',  ( -1.000000000000000000, 0.0000000000000000000, 0.0000000000000000000 ) ) ;
#5204 = DIRECTION ( 'NONE',  ( 0.0000000000000000000, 0.0000000000000000000, 1.000000000000000000 ) ) ;
#5205 = ADVANCED_FACE ( 'NONE', ( #8579 ), #2320, .F. ) ;
#5206 = ORIENTED_EDGE ( 'NONE', *, *, #4752, .T. ) ;
#5207 = ORIENTED_EDGE ( 'NONE', *, *, #6662, .T. ) ;
#5208 = MECHANICAL_DESIGN_GEOMETRIC_PRESENTATION_REPRESENTATION (  '', ( #3859 ), #9496 ) ;
#5209 = DIRECTION ( 'NONE',  ( 0.0000000000000000000, 0.0000000000000000000, 1.000000000000000000 ) ) ;
#5210 = VECTOR ( 'NONE', #8859, 1000.000000000000000 ) ;
#5211 = VECTOR ( 'NONE', #10395, 1000.000000000000000 ) ;
#5212 = VECTOR ( 'NONE', #6570, 1000.000000000000000 ) ;
#5213 = EDGE_CURVE ( 'NONE', #7375, #8524, #287, .T. ) ;
#5214 = ADVANCED_FACE ( 'NONE', ( #18 ), #5687, .T. ) ;
#5215 = EDGE_CURVE ( 'NONE', #7555, #5805, #9419, .T. ) ;
#5216 = ORIENTED_EDGE ( 'NONE', *, *, #4134, .T. ) ;
#5217 = CARTESIAN_POINT ( 'NONE',  ( -0.5250000000000000222, -0.6500000000000000222, -2.075000000000000178 ) ) ;
#5218 = EDGE_CURVE ( 'NONE', #815, #5672, #4083, .T. ) ;
#5219 = DIRECTION ( 'NONE',  ( -1.000000000000000000, 0.0000000000000000000, 0.0000000000000000000 ) ) ;
#5220 = VERTEX_POINT ( 'NONE', #7990 ) ;
#5221 = LINE ( 'NONE', #6562, #3397 ) ;
#5222 = DIRECTION ( 'NONE',  ( 0.0000000000000000000, 0.0000000000000000000, 1.000000000000000000 ) ) ;
#5223 = LINE ( 'NONE', #9243, #2004 ) ;
#5224 = CARTESIAN_POINT ( 'NONE',  ( 8.225000000000003197, 1.850000000000000089, -1.698606797699999893 ) ) ;
#5225 = DIRECTION ( 'NONE',  ( -1.000000000000000000, 0.0000000000000000000, 0.0000000000000000000 ) ) ;
#5226 = ORIENTED_EDGE ( 'NONE', *, *, #11281, .F. ) ;
#5227 = LINE ( 'NONE', #3277, #6064 ) ;
#5228 = CARTESIAN_POINT ( 'NONE',  ( 7.074999999999999289, 1.649999999999999911, -1.025000000000000133 ) ) ;
#5229 = EDGE_LOOP ( 'NONE', ( #4031, #7273, #7084, #2351 ) ) ;
#5230 = AXIS2_PLACEMENT_3D ( 'NONE', #9562, #4178, #6914 ) ;
#5231 = EDGE_CURVE ( 'NONE', #9798, #8113, #2255, .T. ) ;
#5232 = CARTESIAN_POINT ( 'NONE',  ( 5.724999999999999645, 0.5547525681000000652, 2.024999999999999911 ) ) ;
#5233 = PRESENTATION_STYLE_ASSIGNMENT (( #3109 ) ) ;
#5234 = CARTESIAN_POINT ( 'NONE',  ( 6.985000000000000320, 1.850000000000000089, -1.025000000000000133 ) ) ;
#5235 = AXIS2_PLACEMENT_3D ( 'NONE', #5224, #1601, #10479 ) ;
#5236 = LINE ( 'NONE', #545, #10283 ) ;
#5237 = LINE ( 'NONE', #3574, #6352 ) ;
#5238 = FILL_AREA_STYLE ('',( #10777 ) ) ;
#5239 = ORIENTED_EDGE ( 'NONE', *, *, #4517, .F. ) ;
#5240 = DIRECTION ( 'NONE',  ( 0.0000000000000000000, -1.000000000000000000, 0.0000000000000000000 ) ) ;
#5241 = VECTOR ( 'NONE', #9194, 1000.000000000000000 ) ;
#5242 = CARTESIAN_POINT ( 'NONE',  ( 4.575000000000000178, 1.649999999999999911, -1.025000000000000133 ) ) ;
#5243 = CARTESIAN_POINT ( 'NONE',  ( 1.774999999999999911, 0.3500000000000000333, -2.024999999999999911 ) ) ;
#5244 = ORIENTED_EDGE ( 'NONE', *, *, #5202, .F. ) ;
#5245 = DIRECTION ( 'NONE',  ( 0.0000000000000000000, 1.000000000000000000, 0.0000000000000000000 ) ) ;
#5246 = VECTOR ( 'NONE', #11219, 1000.000000000000000 ) ;
#5247 = VECTOR ( 'NONE', #9384, 1000.000000000000000 ) ;
#5248 = EDGE_CURVE ( 'NONE', #7837, #11479, #10541, .T. ) ;
#5249 = PLANE ( 'NONE',  #2903 ) ;
#5250 = CARTESIAN_POINT ( 'NONE',  ( 4.125000000000000000, 1.000000000000000000, -1.525000000000000133 ) ) ;
#5251 = CARTESIAN_POINT ( 'NONE',  ( -2.475000000000000089, 1.999999999999998668, -1.425000000000000933 ) ) ;
#5252 = VERTEX_POINT ( 'NONE', #11007 ) ;
#5253 = LINE ( 'NONE', #785, #5094 ) ;
#5254 = CARTESIAN_POINT ( 'NONE',  ( -1.375000000000000000, 3.750000000000000000, 2.024999999999999911 ) ) ;
#5255 = ORIENTED_EDGE ( 'NONE', *, *, #2413, .F. ) ;
#5256 = CARTESIAN_POINT ( 'NONE',  ( 5.525000000000000355, 0.05000000000000002359, -1.524999999999999689 ) ) ;
#5257 = LINE ( 'NONE', #6634, #8777 ) ;
#5258 = LINE ( 'NONE', #3682, #6657 ) ;
#5259 = VERTEX_POINT ( 'NONE', #7735 ) ;
#5260 = DIRECTION ( 'NONE',  ( -1.000000000000000000, 0.0000000000000000000, 0.0000000000000000000 ) ) ;
#5261 = CARTESIAN_POINT ( 'NONE',  ( 9.775000000000002132, 0.6000000000000076383, -0.2249999999999982014 ) ) ;
#5262 = ORIENTED_EDGE ( 'NONE', *, *, #1319, .F. ) ;
#5263 = ADVANCED_FACE ( 'NONE', ( #6737 ), #9381, .F. ) ;
#5264 = EDGE_CURVE ( 'NONE', #7717, #3182, #10684, .T. ) ;
#5265 = CARTESIAN_POINT ( 'NONE',  ( 8.875000000000003553, 3.149999999999999911, -2.024999999999999911 ) ) ;
#5266 = VERTEX_POINT ( 'NONE', #5111 ) ;
#5267 = CARTESIAN_POINT ( 'NONE',  ( 3.024999999999999911, 1.850000000000000089, -1.698606797699999893 ) ) ;
#5268 = EDGE_CURVE ( 'NONE', #258, #4643, #7999, .T. ) ;
#5269 = DIRECTION ( 'NONE',  ( 1.000000000000000000, 0.0000000000000000000, 0.0000000000000000000 ) ) ;
#5270 = LINE ( 'NONE', #9275, #504 ) ;
#5271 = VECTOR ( 'NONE', #11560, 1000.000000000000000 ) ;
#5272 = CARTESIAN_POINT ( 'NONE',  ( 0.7349999999999999867, 1.850000000000000089, -1.025000000000000133 ) ) ;
#5273 = ORIENTED_EDGE ( 'NONE', *, *, #6907, .F. ) ;
#5274 = ADVANCED_FACE ( 'NONE', ( #5615 ), #602, .T. ) ;
#5275 = ORIENTED_EDGE ( 'NONE', *, *, #6703, .F. ) ;
#5276 = DIRECTION ( 'NONE',  ( -1.000000000000000000, 0.0000000000000000000, 0.0000000000000000000 ) ) ;
#5277 = DIRECTION ( 'NONE',  ( 0.0000000000000000000, 0.6650335612228979176, -0.7468134723257140450 ) ) ;
#5278 = AXIS2_PLACEMENT_3D ( 'NONE', #6577, #2083, #11220 ) ;
#5279 = CARTESIAN_POINT ( 'NONE',  ( 1.675000000000000044, 1.850000000000000089, -1.474999999999999867 ) ) ;
#5280 = DIRECTION ( 'NONE',  ( 0.0000000000000000000, -0.0000000000000000000, -1.000000000000000000 ) ) ;
#5281 = VECTOR ( 'NONE', #5895, 1000.000000000000000 ) ;
#5282 = VECTOR ( 'NONE', #2227, 1000.000000000000000 ) ;
#5283 =( NAMED_UNIT ( * ) SI_UNIT ( $, .STERADIAN. ) SOLID_ANGLE_UNIT ( ) );
#5284 = EDGE_LOOP ( 'NONE', ( #4765, #10836, #1522, #11155, #10790, #9035, #6385, #10719, #2408, #6266, #5600, #1232, #351, #791, #5437, #8354 ) ) ;
#5285 = EDGE_LOOP ( 'NONE', ( #11285, #10766, #9056, #7370 ) ) ;
#5286 = CARTESIAN_POINT ( 'NONE',  ( 0.5250000000000000222, 1.850000000000000089, 2.024999999999999911 ) ) ;
#5287 = EDGE_CURVE ( 'NONE', #7394, #2396, #7025, .T. ) ;
#5288 = ORIENTED_EDGE ( 'NONE', *, *, #11525, .T. ) ;
#5289 = CARTESIAN_POINT ( 'NONE',  ( 4.484999999999999432, 1.000000000000000000, -1.025000000000000133 ) ) ;
#5290 = DIRECTION ( 'NONE',  ( 0.0000000000000000000, -1.000000000000000000, 0.0000000000000000000 ) ) ;
#5291 = EDGE_LOOP ( 'NONE', ( #6379, #7920, #2907, #11035 ) ) ;
#5292 = DIRECTION ( 'NONE',  ( -0.0000000000000000000, 0.0000000000000000000, -1.000000000000000000 ) ) ;
#5293 = DIRECTION ( 'NONE',  ( -1.000000000000000000, 0.0000000000000000000, 0.0000000000000000000 ) ) ;
#5294 = FACE_OUTER_BOUND ( 'NONE', #4008, .T. ) ;
#5295 = LINE ( 'NONE', #6008, #6121 ) ;
#5296 = ORIENTED_EDGE ( 'NONE', *, *, #8373, .F. ) ;
#5297 = CARTESIAN_POINT ( 'NONE',  ( 1.984999999999999876, 1.000000000000000000, -1.025000000000000133 ) ) ;
#5298 =( NAMED_UNIT ( * ) SI_UNIT ( $, .STERADIAN. ) SOLID_ANGLE_UNIT ( ) );
#5299 = VERTEX_POINT ( 'NONE', #1344 ) ;
#5300 = EDGE_CURVE ( 'NONE', #1800, #2217, #5199, .T. ) ;
#5301 = ORIENTED_EDGE ( 'NONE', *, *, #3932, .F. ) ;
#5302 = EDGE_CURVE ( 'NONE', #5196, #10787, #1715, .T. ) ;
#5303 = ORIENTED_EDGE ( 'NONE', *, *, #9201, .F. ) ;
#5304 = FACE_OUTER_BOUND ( 'NONE', #10060, .T. ) ;
#5305 = LINE ( 'NONE', #1283, #3491 ) ;
#5306 = STYLED_ITEM ( 'NONE', ( #3307 ), #979 ) ;
#5307 = DIRECTION ( 'NONE',  ( -0.0000000000000000000, 1.000000000000000000, 0.0000000000000000000 ) ) ;
#5308 = DIRECTION ( 'NONE',  ( 0.0000000000000000000, -1.000000000000000000, 0.0000000000000000000 ) ) ;
#5309 = ORIENTED_EDGE ( 'NONE', *, *, #5501, .T. ) ;
#5310 = VERTEX_POINT ( 'NONE', #6744 ) ;
#5311 = CARTESIAN_POINT ( 'NONE',  ( -0.5250000000000000222, 1.850000000000000089, 0.0000000000000000000 ) ) ;
#5312 = ORIENTED_EDGE ( 'NONE', *, *, #10794, .F. ) ;
#5313 = VERTEX_POINT ( 'NONE', #11334 ) ;
#5314 = FILL_AREA_STYLE ('',( #1486 ) ) ;
#5315 = ORIENTED_EDGE ( 'NONE', *, *, #927, .F. ) ;
#5316 = LINE ( 'NONE', #9729, #1241 ) ;
#5317 = LINE ( 'NONE', #3314, #986 ) ;
#5318 = CARTESIAN_POINT ( 'NONE',  ( 0.7249999999999999778, 0.0000000000000000000, -1.525000000000000133 ) ) ;
#5319 = EDGE_CURVE ( 'NONE', #7424, #10291, #4366, .T. ) ;
#5320 = DIRECTION ( 'NONE',  ( -1.000000000000000000, 0.0000000000000000000, 0.0000000000000000000 ) ) ;
#5321 = ORIENTED_EDGE ( 'NONE', *, *, #8084, .T. ) ;
#5322 = SURFACE_SIDE_STYLE ('',( #10680 ) ) ;
#5323 = ORIENTED_EDGE ( 'NONE', *, *, #7884, .T. ) ;
#5324 = ORIENTED_EDGE ( 'NONE', *, *, #1320, .F. ) ;
#5325 = EDGE_LOOP ( 'NONE', ( #9832, #1004, #2703, #5974, #4069, #7532, #1999, #6300 ) ) ;
#5326 = DIRECTION ( 'NONE',  ( -0.0000000000000000000, -0.0000000000000000000, 1.000000000000000000 ) ) ;
#5327 = VECTOR ( 'NONE', #5499, 1000.000000000000000 ) ;
#5328 = PLANE ( 'NONE',  #49 ) ;
#5329 = DIRECTION ( 'NONE',  ( -1.000000000000000000, 0.0000000000000000000, 0.0000000000000000000 ) ) ;
#5330 = CARTESIAN_POINT ( 'NONE',  ( 7.500000000000002665, 4.250000000000000000, 0.0000000000000000000 ) ) ;
#5331 = DIRECTION ( 'NONE',  ( 0.0000000000000000000, -1.000000000000000000, 0.0000000000000000000 ) ) ;
#5332 = DIRECTION ( 'NONE',  ( 0.0000000000000000000, -1.000000000000000000, 0.0000000000000000000 ) ) ;
#5333 = CARTESIAN_POINT ( 'NONE',  ( 3.234999999999999876, 1.649999999999999911, -1.698606797699999893 ) ) ;
#5334 = ORIENTED_EDGE ( 'NONE', *, *, #7790, .T. ) ;
#5335 = CARTESIAN_POINT ( 'NONE',  ( 10.00000000000000178, 4.240000000000000213, -2.024999999999999911 ) ) ;
#5336 = ORIENTED_EDGE ( 'NONE', *, *, #8241, .T. ) ;
#5337 = ORIENTED_EDGE ( 'NONE', *, *, #7261, .F. ) ;
#5338 = UNCERTAINTY_MEASURE_WITH_UNIT (LENGTH_MEASURE( 1.000000000000000082E-05 ), #11549, 'distance_accuracy_value', 'NONE');
#5339 = EDGE_CURVE ( 'NONE', #3724, #9113, #7416, .T. ) ;
#5340 = CARTESIAN_POINT ( 'NONE',  ( 0.5250000000000000222, 1.850000000000000089, -1.698606797699999893 ) ) ;
#5341 = EDGE_CURVE ( 'NONE', #4235, #9544, #5046, .T. ) ;
#5342 = VECTOR ( 'NONE', #6820, 1000.000000000000000 ) ;
#5343 = LINE ( 'NONE', #7730, #9839 ) ;
#5344 = DIRECTION ( 'NONE',  ( 0.0000000000000000000, 0.0000000000000000000, -1.000000000000000000 ) ) ;
#5345 = CARTESIAN_POINT ( 'NONE',  ( 8.024999999999998579, 1.350000000000000089, -1.525000000000000133 ) ) ;
#5346 = ORIENTED_EDGE ( 'NONE', *, *, #1483, .T. ) ;
#5347 = DIRECTION ( 'NONE',  ( -1.000000000000000000, 0.0000000000000000000, 0.0000000000000000000 ) ) ;
#5348 = DIRECTION ( 'NONE',  ( 0.0000000000000000000, -1.000000000000000000, 0.0000000000000000000 ) ) ;
#5349 = ORIENTED_EDGE ( 'NONE', *, *, #11449, .F. ) ;
#5350 = ADVANCED_FACE ( 'NONE', ( #8569 ), #2283, .T. ) ;
#5351 = AXIS2_PLACEMENT_3D ( 'NONE', #4744, #8396, #5624 ) ;
#5352 = VECTOR ( 'NONE', #8736, 1000.000000000000000 ) ;
#5353 = PRESENTATION_LAYER_ASSIGNMENT (  '', '', ( #7147 ) ) ;
#5354 = LINE ( 'NONE', #5492, #3533 ) ;
#5355 = DIRECTION ( 'NONE',  ( -0.0000000000000000000, 0.0000000000000000000, -1.000000000000000000 ) ) ;
#5356 = ORIENTED_EDGE ( 'NONE', *, *, #3880, .T. ) ;
#5357 = ORIENTED_EDGE ( 'NONE', *, *, #9717, .F. ) ;
#5358 = VECTOR ( 'NONE', #5836, 1000.000000000000000 ) ;
#5359 = PLANE ( 'NONE',  #4794 ) ;
#5360 = EDGE_CURVE ( 'NONE', #6695, #4179, #5889, .T. ) ;
#5361 = DIRECTION ( 'NONE',  ( 0.0000000000000000000, -1.000000000000000000, 0.0000000000000000000 ) ) ;
#5362 = VECTOR ( 'NONE', #9138, 1000.000000000000000 ) ;
#5363 = VECTOR ( 'NONE', #603, 1000.000000000000000 ) ;
#5364 = LINE ( 'NONE', #8518, #3956 ) ;
#5365 = ORIENTED_EDGE ( 'NONE', *, *, #947, .T. ) ;
#5366 = EDGE_LOOP ( 'NONE', ( #3004, #5323, #7613, #1824, #2421, #7149, #4194, #5464, #11634, #8800, #992, #8111, #1258, #2994, #5024, #1722 ) ) ;
#5367 = AXIS2_PLACEMENT_3D ( 'NONE', #8104, #1826, #10681 ) ;
#5368 = DIRECTION ( 'NONE',  ( 1.000000000000000000, 0.0000000000000000000, -0.0000000000000000000 ) ) ;
#5369 = ORIENTED_EDGE ( 'NONE', *, *, #3943, .T. ) ;
#5370 = LINE ( 'NONE', #3492, #7593 ) ;
#5371 = CARTESIAN_POINT ( 'NONE',  ( 6.625000000000000000, 1.000000000000000000, -1.525000000000000133 ) ) ;
#5372 = CARTESIAN_POINT ( 'NONE',  ( 0.5250000000000000222, 1.315130797599999957, 1.171117220399999770 ) ) ;
#5373 = LINE ( 'NONE', #7293, #7061 ) ;
#5374 = EDGE_CURVE ( 'NONE', #8712, #566, #9837, .T. ) ;
#5375 = CARTESIAN_POINT ( 'NONE',  ( 6.974999999999999645, 1.350000000000000089, 0.0000000000000000000 ) ) ;
#5376 = EDGE_CURVE ( 'NONE', #3824, #7103, #3672, .T. ) ;
#5377 = CARTESIAN_POINT ( 'NONE',  ( 4.474999999999999645, 0.3500000000000000333, -2.024999999999999911 ) ) ;
#5378 = EDGE_CURVE ( 'NONE', #9914, #6384, #276, .T. ) ;
#5379 = ORIENTED_EDGE ( 'NONE', *, *, #1854, .F. ) ;
#5380 = FACE_OUTER_BOUND ( 'NONE', #11146, .T. ) ;
#5381 = VERTEX_POINT ( 'NONE', #4972 ) ;
#5382 = DIRECTION ( 'NONE',  ( 0.0000000000000000000, 0.0000000000000000000, 1.000000000000000000 ) ) ;
#5383 = CARTESIAN_POINT ( 'NONE',  ( 4.485000000000000320, 1.649999999999999911, -1.698606797699999893 ) ) ;
#5384 = PLANE ( 'NONE',  #3893 ) ;
#5385 = VECTOR ( 'NONE', #8061, 1000.000000000000000 ) ;
#5386 = FACE_OUTER_BOUND ( 'NONE', #5652, .T. ) ;
#5387 =( LENGTH_UNIT ( ) NAMED_UNIT ( * ) SI_UNIT ( .MILLI., .METRE. ) );
#5388 = AXIS2_PLACEMENT_3D ( 'NONE', #1602, #4295, #7842 ) ;
#5389 = ORIENTED_EDGE ( 'NONE', *, *, #4687, .F. ) ;
#5390 = VECTOR ( 'NONE', #10021, 1000.000000000000000 ) ;
#5391 = EDGE_CURVE ( 'NONE', #9646, #2630, #8138, .T. ) ;
#5392 = CARTESIAN_POINT ( 'NONE',  ( -2.475000000000000089, 3.599999999999999201, -0.07500000000000128786 ) ) ;
#5393 = ORIENTED_EDGE ( 'NONE', *, *, #9780, .F. ) ;
#5394 = CARTESIAN_POINT ( 'NONE',  ( 0.8249999999999999556, 1.850000000000000089, -1.474999999999999867 ) ) ;
#5395 = CARTESIAN_POINT ( 'NONE',  ( 4.474999999999999645, 0.0000000000000000000, -2.024999999999999911 ) ) ;
#5396 = ORIENTED_EDGE ( 'NONE', *, *, #3680, .F. ) ;
#5397 = FACE_OUTER_BOUND ( 'NONE', #4592, .T. ) ;
#5398 = VECTOR ( 'NONE', #11533, 1000.000000000000000 ) ;
#5399 = CARTESIAN_POINT ( 'NONE',  ( 0.4249999999999999889, 1.850000000000000089, -1.698606797699999893 ) ) ;
#5400 = FILL_AREA_STYLE_COLOUR ( '', #2886 ) ;
#5401 = ORIENTED_EDGE ( 'NONE', *, *, #10094, .T. ) ;
#5402 = LINE ( 'NONE', #10734, #6506 ) ;
#5403 = DIRECTION ( 'NONE',  ( -1.000000000000000000, 0.0000000000000000000, -0.0000000000000000000 ) ) ;
#5404 = EDGE_LOOP ( 'NONE', ( #3757, #7510, #8615, #3619 ) ) ;
#5405 = UNCERTAINTY_MEASURE_WITH_UNIT (LENGTH_MEASURE( 1.000000000000000082E-05 ), #11382, 'distance_accuracy_value', 'NONE');
#5406 = CARTESIAN_POINT ( 'NONE',  ( -0.5250000000000000222, 1.000000000000000000, 0.0000000000000000000 ) ) ;
#5407 = EDGE_CURVE ( 'NONE', #1504, #5252, #6039, .T. ) ;
#5408 = ADVANCED_FACE ( 'NONE', ( #433 ), #3235, .F. ) ;
#5409 = DIRECTION ( 'NONE',  ( 0.0000000000000000000, 1.000000000000000000, 0.0000000000000000000 ) ) ;
#5410 = DIRECTION ( 'NONE',  ( 0.0000000000000000000, 0.0000000000000000000, 1.000000000000000000 ) ) ;
#5411 = EDGE_CURVE ( 'NONE', #576, #3571, #3389, .T. ) ;
#5412 = VECTOR ( 'NONE', #10857, 1000.000000000000000 ) ;
#5413 =( NAMED_UNIT ( * ) PLANE_ANGLE_UNIT ( ) SI_UNIT ( $, .RADIAN. ) );
#5414 = DIRECTION ( 'NONE',  ( -1.000000000000000000, 0.0000000000000000000, 0.0000000000000000000 ) ) ;
#5415 = CARTESIAN_POINT ( 'NONE',  ( 5.724999999999999645, 1.350000000000000089, -1.525000000000000133 ) ) ;
#5416 = VERTEX_POINT ( 'NONE', #3270 ) ;
#5417 = DIRECTION ( 'NONE',  ( 0.0000000000000000000, -1.000000000000000000, 0.0000000000000000000 ) ) ;
#5418 = ORIENTED_EDGE ( 'NONE', *, *, #4769, .F. ) ;
#5419 = DIRECTION ( 'NONE',  ( 1.000000000000000000, 0.0000000000000000000, -0.0000000000000000000 ) ) ;
#5420 = CARTESIAN_POINT ( 'NONE',  ( -2.475000000000000089, 1.999999999999998668, -1.425000000000000933 ) ) ;
#5421 = AXIS2_PLACEMENT_3D ( 'NONE', #1806, #8048, #1914 ) ;
#5422 = CARTESIAN_POINT ( 'NONE',  ( 9.975000000000003197, 1.999999999999997780, -2.075000000000008615 ) ) ;
#5423 = FACE_OUTER_BOUND ( 'NONE', #11546, .T. ) ;
#5424 = VECTOR ( 'NONE', #11166, 1000.000000000000000 ) ;
#5425 = AXIS2_PLACEMENT_3D ( 'NONE', #1832, #3625, #10804 ) ;
#5426 = LINE ( 'NONE', #1052, #2762 ) ;
#5427 = DIRECTION ( 'NONE',  ( 0.0000000000000000000, -1.000000000000000000, 0.0000000000000000000 ) ) ;
#5428 = EDGE_LOOP ( 'NONE', ( #5739, #6358, #8292, #1969 ) ) ;
#5429 = ORIENTED_EDGE ( 'NONE', *, *, #5610, .T. ) ;
#5430 = ORIENTED_EDGE ( 'NONE', *, *, #7301, .F. ) ;
#5431 = DIRECTION ( 'NONE',  ( 0.0000000000000000000, 1.000000000000000000, 0.0000000000000000000 ) ) ;
#5432 = ORIENTED_EDGE ( 'NONE', *, *, #10617, .T. ) ;
#5433 = LINE ( 'NONE', #9805, #2771 ) ;
#5434 = DIRECTION ( 'NONE',  ( -1.000000000000000000, 0.0000000000000000000, 0.0000000000000000000 ) ) ;
#5435 = LINE ( 'NONE', #2980, #8940 ) ;
#5436 = COLOUR_RGB ( '',1.000000000000000000, 1.000000000000000000, 1.000000000000000000 ) ;
#5437 = ORIENTED_EDGE ( 'NONE', *, *, #8084, .F. ) ;
#5438 = DIRECTION ( 'NONE',  ( -1.000000000000000000, 0.0000000000000000000, 0.0000000000000000000 ) ) ;
#5439 = CARTESIAN_POINT ( 'NONE',  ( 1.975000000000000089, 1.350000000000000089, -1.525000000000000133 ) ) ;
#5440 = CARTESIAN_POINT ( 'NONE',  ( -1.175000000000000044, 2.550000000000000266, -1.474999999999999867 ) ) ;
#5441 = VERTEX_POINT ( 'NONE', #9778 ) ;
#5442 =( NAMED_UNIT ( * ) PLANE_ANGLE_UNIT ( ) SI_UNIT ( $, .RADIAN. ) );
#5443 = ORIENTED_EDGE ( 'NONE', *, *, #11348, .F. ) ;
#5444 = VERTEX_POINT ( 'NONE', #4933 ) ;
#5445 = FACE_OUTER_BOUND ( 'NONE', #2383, .T. ) ;
#5446 = EDGE_CURVE ( 'NONE', #5557, #6173, #733, .T. ) ;
#5447 = VECTOR ( 'NONE', #11432, 1000.000000000000000 ) ;
#5448 = DIRECTION ( 'NONE',  ( 0.0000000000000000000, 1.000000000000000000, 0.0000000000000000000 ) ) ;
#5449 = ORIENTED_EDGE ( 'NONE', *, *, #3234, .F. ) ;
#5450 = EDGE_CURVE ( 'NONE', #7976, #2041, #7857, .T. ) ;
#5451 = CARTESIAN_POINT ( 'NONE',  ( 8.375000000000001776, 2.250000000000000000, -2.024999999999999911 ) ) ;
#5452 = ORIENTED_EDGE ( 'NONE', *, *, #966, .T. ) ;
#5453 = ORIENTED_EDGE ( 'NONE', *, *, #1153, .T. ) ;
#5454 = ORIENTED_EDGE ( 'NONE', *, *, #7714, .T. ) ;
#5455 = VERTEX_POINT ( 'NONE', #5256 ) ;
#5456 = FACE_OUTER_BOUND ( 'NONE', #128, .T. ) ;
#5457 = DIRECTION ( 'NONE',  ( -1.000000000000000000, 0.0000000000000000000, 0.0000000000000000000 ) ) ;
#5458 = VECTOR ( 'NONE', #5061, 1000.000000000000000 ) ;
#5459 = CARTESIAN_POINT ( 'NONE',  ( 10.37500000000000178, 3.600000000000000977, -0.07499999999999998335 ) ) ;
#5460 = AXIS2_PLACEMENT_3D ( 'NONE', #9280, #214, #9234 ) ;
#5461 = EDGE_CURVE ( 'NONE', #6097, #8731, #4905, .T. ) ;
#5462 = DIRECTION ( 'NONE',  ( 0.0000000000000000000, 0.0000000000000000000, -1.000000000000000000 ) ) ;
#5463 = ORIENTED_EDGE ( 'NONE', *, *, #10950, .T. ) ;
#5464 = ORIENTED_EDGE ( 'NONE', *, *, #8698, .T. ) ;
#5465 = ORIENTED_EDGE ( 'NONE', *, *, #6804, .T. ) ;
#5466 = DIRECTION ( 'NONE',  ( 0.0000000000000000000, 1.000000000000000000, 0.0000000000000000000 ) ) ;
#5467 = CARTESIAN_POINT ( 'NONE',  ( 4.275000000000000355, 1.649999999999999911, 2.024999999999999911 ) ) ;
#5468 = ORIENTED_EDGE ( 'NONE', *, *, #6650, .F. ) ;
#5469 = FACE_OUTER_BOUND ( 'NONE', #338, .T. ) ;
#5470 = ADVANCED_FACE ( 'NONE', ( #10670 ), #8793, .T. ) ;
#5471 = FACE_OUTER_BOUND ( 'NONE', #1809, .T. ) ;
#5472 = FILL_AREA_STYLE ('',( #1876 ) ) ;
#5473 = PLANE ( 'NONE',  #8198 ) ;
#5474 = ORIENTED_EDGE ( 'NONE', *, *, #8641, .F. ) ;
#5475 = ORIENTED_EDGE ( 'NONE', *, *, #11571, .T. ) ;
#5476 = ORIENTED_EDGE ( 'NONE', *, *, #6046, .T. ) ;
#5477 = VERTEX_POINT ( 'NONE', #10638 ) ;
#5478 = AXIS2_PLACEMENT_3D ( 'NONE', #4741, #10090, #9272 ) ;
#5479 = VECTOR ( 'NONE', #4283, 1000.000000000000000 ) ;
#5480 = DIRECTION ( 'NONE',  ( 0.0000000000000000000, 0.0000000000000000000, 1.000000000000000000 ) ) ;
#5481 = EDGE_CURVE ( 'NONE', #5684, #4930, #8854, .T. ) ;
#5482 = CARTESIAN_POINT ( 'NONE',  ( 8.325000000000002842, 1.649999999999999911, 2.024999999999999911 ) ) ;
#5483 = LINE ( 'NONE', #10616, #3516 ) ;
#5484 = ORIENTED_EDGE ( 'NONE', *, *, #7560, .T. ) ;
#5485 = DIRECTION ( 'NONE',  ( 0.0000000000000000000, -0.0000000000000000000, -1.000000000000000000 ) ) ;
#5486 = CARTESIAN_POINT ( 'NONE',  ( 4.474999999999999645, 0.0000000000000000000, 0.0000000000000000000 ) ) ;
#5487 = EDGE_LOOP ( 'NONE', ( #10807, #4797, #8252, #3815 ) ) ;
#5488 = ORIENTED_EDGE ( 'NONE', *, *, #9168, .F. ) ;
#5489 = VECTOR ( 'NONE', #10792, 1000.000000000000000 ) ;
#5490 = DIRECTION ( 'NONE',  ( 0.0000000000000000000, 0.6650335612228979176, -0.7468134723257140450 ) ) ;
#5491 = ADVANCED_FACE ( 'NONE', ( #9001 ), #11536, .T. ) ;
#5492 = CARTESIAN_POINT ( 'NONE',  ( 3.015000000000000124, 1.649999999999999911, -1.698606797699999893 ) ) ;
#5493 =( NAMED_UNIT ( * ) SI_UNIT ( $, .STERADIAN. ) SOLID_ANGLE_UNIT ( ) );
#5494 = VECTOR ( 'NONE', #6927, 1000.000000000000000 ) ;
#5495 = CARTESIAN_POINT ( 'NONE',  ( 3.225000000000000089, 0.5547525681000000652, 2.024999999999999911 ) ) ;
#5496 = AXIS2_PLACEMENT_3D ( 'NONE', #11183, #5882, #1383 ) ;
#5497 = VERTEX_POINT ( 'NONE', #7917 ) ;
#5498 = EDGE_CURVE ( 'NONE', #3764, #10287, #7548, .T. ) ;
#5499 = DIRECTION ( 'NONE',  ( 0.0000000000000000000, -1.000000000000000000, 0.0000000000000000000 ) ) ;
#5500 = VERTEX_POINT ( 'NONE', #2613 ) ;
#5501 = EDGE_CURVE ( 'NONE', #368, #4783, #3377, .T. ) ;
#5502 = FACE_OUTER_BOUND ( 'NONE', #7980, .T. ) ;
#5503 = VECTOR ( 'NONE', #5049, 1000.000000000000000 ) ;
#5504 = VECTOR ( 'NONE', #2006, 1000.000000000000000 ) ;
#5505 = ORIENTED_EDGE ( 'NONE', *, *, #6819, .F. ) ;
#5506 = AXIS2_PLACEMENT_3D ( 'NONE', #6391, #4670, #5617 ) ;
#5507 = ORIENTED_EDGE ( 'NONE', *, *, #3096, .F. ) ;
#5508 = MECHANICAL_DESIGN_GEOMETRIC_PRESENTATION_REPRESENTATION (  '', ( #3328 ), #8505 ) ;
#5509 = SURFACE_STYLE_FILL_AREA ( #1631 ) ;
#5510 = VECTOR ( 'NONE', #42, 1000.000000000000000 ) ;
#5511 =( NAMED_UNIT ( * ) SI_UNIT ( $, .STERADIAN. ) SOLID_ANGLE_UNIT ( ) );
#5512 = FACE_OUTER_BOUND ( 'NONE', #11363, .T. ) ;
#5513 = CLOSED_SHELL ( 'NONE', ( #1244, #9883, #9644, #5686, #8341, #4593, #6970, #513, #4698, #5791, #3106, #9224, #3392, #4645, #9304, #4971, #8038, #444 ) ) ;
#5514 = LINE ( 'NONE', #4252, #4931 ) ;
#5515 = DIRECTION ( 'NONE',  ( 0.0000000000000000000, 0.0000000000000000000, 1.000000000000000000 ) ) ;
#5516 = EDGE_CURVE ( 'NONE', #5684, #5444, #9971, .T. ) ;
#5517 = PLANE ( 'NONE',  #4993 ) ;
#5518 = EDGE_LOOP ( 'NONE', ( #3417, #4267, #7660, #5828 ) ) ;
#5519 = FACE_OUTER_BOUND ( 'NONE', #3907, .T. ) ;
#5520 = LINE ( 'NONE', #2387, #11268 ) ;
#5521 = LINE ( 'NONE', #10795, #3144 ) ;
#5522 = ADVANCED_FACE ( 'NONE', ( #11368 ), #6144, .T. ) ;
#5523 = CARTESIAN_POINT ( 'NONE',  ( 0.5150000000000000133, 1.850000000000000089, -1.025000000000000133 ) ) ;
#5524 = DIRECTION ( 'NONE',  ( 0.0000000000000000000, 1.000000000000000000, 0.0000000000000000000 ) ) ;
#5525 = VERTEX_POINT ( 'NONE', #5090 ) ;
#5526 = FACE_OUTER_BOUND ( 'NONE', #2098, .T. ) ;
#5527 = CARTESIAN_POINT ( 'NONE',  ( 9.775000000000002132, 3.599999999999999201, -0.07500000000000128786 ) ) ;
#5528 = ORIENTED_EDGE ( 'NONE', *, *, #2392, .F. ) ;
#5529 = EDGE_CURVE ( 'NONE', #9676, #8932, #4756, .T. ) ;
#5530 = EDGE_CURVE ( 'NONE', #1542, #9007, #421, .T. ) ;
#5531 = DIRECTION ( 'NONE',  ( 0.0000000000000000000, 1.084202172485501673E-15, 1.000000000000000000 ) ) ;
#5532 = CARTESIAN_POINT ( 'NONE',  ( 1.975000000000000089, 0.0000000000000000000, -1.525000000000000133 ) ) ;
#5533 = LINE ( 'NONE', #11528, #4949 ) ;
#5534 = FACE_OUTER_BOUND ( 'NONE', #10499, .T. ) ;
#5535 = EDGE_LOOP ( 'NONE', ( #4474, #11630, #2081, #8551 ) ) ;
#5536 = LINE ( 'NONE', #6240, #5666 ) ;
#5537 = ORIENTED_EDGE ( 'NONE', *, *, #6556, .T. ) ;
#5538 = ORIENTED_EDGE ( 'NONE', *, *, #5796, .T. ) ;
#5539 = CARTESIAN_POINT ( 'NONE',  ( 1.775000000000000133, 1.850000000000000089, -2.024999999999999911 ) ) ;
#5540 = ADVANCED_FACE ( 'NONE', ( #3098 ), #2444, .T. ) ;
#5541 = VECTOR ( 'NONE', #6508, 1000.000000000000000 ) ;
#5542 = PRESENTATION_LAYER_ASSIGNMENT (  '', '', ( #6736 ) ) ;
#5543 = FACE_OUTER_BOUND ( 'NONE', #5404, .T. ) ;
#5544 = EDGE_CURVE ( 'NONE', #10111, #2119, #8265, .T. ) ;
#5545 = SURFACE_SIDE_STYLE ('',( #6536 ) ) ;
#5546 = ORIENTED_EDGE ( 'NONE', *, *, #3238, .T. ) ;
#5547 = VERTEX_POINT ( 'NONE', #1592 ) ;
#5548 = UNCERTAINTY_MEASURE_WITH_UNIT (LENGTH_MEASURE( 1.000000000000000082E-05 ), #5881, 'distance_accuracy_value', 'NONE');
#5549 = FILL_AREA_STYLE ('',( #8082 ) ) ;
#5550 = CARTESIAN_POINT ( 'NONE',  ( 0.7249999999999999778, 1.350000000000000089, -1.525000000000000133 ) ) ;
#5551 = DIRECTION ( 'NONE',  ( 1.000000000000000000, 0.0000000000000000000, 0.0000000000000000000 ) ) ;
#5552 = CARTESIAN_POINT ( 'NONE',  ( 8.024999999999998579, 1.649999999999999911, -1.698606797699999893 ) ) ;
#5553 = CARTESIAN_POINT ( 'NONE',  ( 0.7250000000000000888, -0.6500000000000000222, -1.775000000000000133 ) ) ;
#5554 = LINE ( 'NONE', #5439, #10610 ) ;
#5555 = LINE ( 'NONE', #8868, #1348 ) ;
#5556 = CARTESIAN_POINT ( 'NONE',  ( 8.224999999999999645, -0.6500000000000000222, -1.775000000000000133 ) ) ;
#5557 = VERTEX_POINT ( 'NONE', #11375 ) ;
#5558 = EDGE_LOOP ( 'NONE', ( #8577, #6800, #824 ) ) ;
#5559 = EDGE_CURVE ( 'NONE', #5696, #982, #5877, .T. ) ;
#5560 = DIRECTION ( 'NONE',  ( -0.0000000000000000000, 1.000000000000000000, 0.0000000000000000000 ) ) ;
#5561 = EDGE_CURVE ( 'NONE', #3999, #4203, #6155, .T. ) ;
#5562 = CARTESIAN_POINT ( 'NONE',  ( 10.37500000000000178, 4.250000000000000000, 2.024999999999999911 ) ) ;
#5563 = DIRECTION ( 'NONE',  ( 0.0000000000000000000, -1.000000000000000000, 0.0000000000000000000 ) ) ;
#5564 = VECTOR ( 'NONE', #11566, 1000.000000000000000 ) ;
#5565 = LINE ( 'NONE', #3998, #3187 ) ;
#5566 = DIRECTION ( 'NONE',  ( -1.000000000000000000, -0.0000000000000000000, -0.0000000000000000000 ) ) ;
#5567 = LINE ( 'NONE', #3897, #7368 ) ;
#5568 =( LENGTH_UNIT ( ) NAMED_UNIT ( * ) SI_UNIT ( .MILLI., .METRE. ) );
#5569 = ORIENTED_EDGE ( 'NONE', *, *, #2203, .T. ) ;
#5570 = CARTESIAN_POINT ( 'NONE',  ( 1.775000000000000133, 0.0000000000000000000, 0.0000000000000000000 ) ) ;
#5571 = AXIS2_PLACEMENT_3D ( 'NONE', #11435, #10706, #8818 ) ;
#5572 = VERTEX_POINT ( 'NONE', #9817 ) ;
#5573 = CARTESIAN_POINT ( 'NONE',  ( 8.024999999999998579, 0.05000000000000002359, -1.775000000000000133 ) ) ;
#5574 = VECTOR ( 'NONE', #4818, 1000.000000000000000 ) ;
#5575 = LINE ( 'NONE', #7892, #3196 ) ;
#5576 = DIRECTION ( 'NONE',  ( 1.000000000000000000, 0.0000000000000000000, 0.0000000000000000000 ) ) ;
#5577 = ORIENTED_EDGE ( 'NONE', *, *, #561, .F. ) ;
#5578 = ADVANCED_FACE ( 'NONE', ( #9694 ), #6983, .T. ) ;
#5579 = EDGE_CURVE ( 'NONE', #7190, #7266, #3661, .T. ) ;
#5580 = VERTEX_POINT ( 'NONE', #4552 ) ;
#5581 = DIRECTION ( 'NONE',  ( 0.0000000000000000000, 0.0000000000000000000, 1.000000000000000000 ) ) ;
#5582 = ORIENTED_EDGE ( 'NONE', *, *, #6982, .F. ) ;
#5583 = VECTOR ( 'NONE', #141, 1000.000000000000000 ) ;
#5584 = VECTOR ( 'NONE', #4992, 1000.000000000000000 ) ;
#5585 = CARTESIAN_POINT ( 'NONE',  ( 1.975000000000000089, 0.3499999999999999778, -2.075000000000000178 ) ) ;
#5586 = DIRECTION ( 'NONE',  ( 1.000000000000000000, 0.0000000000000000000, 0.0000000000000000000 ) ) ;
#5587 =( NAMED_UNIT ( * ) PLANE_ANGLE_UNIT ( ) SI_UNIT ( $, .RADIAN. ) );
#5588 = CARTESIAN_POINT ( 'NONE',  ( 8.024999999999998579, 1.850000000000000089, 2.024999999999999911 ) ) ;
#5589 = EDGE_LOOP ( 'NONE', ( #4361, #9254, #1494, #8542 ) ) ;
#5590 = ORIENTED_EDGE ( 'NONE', *, *, #9560, .T. ) ;
#5591 = EDGE_LOOP ( 'NONE', ( #1822, #5897, #7563, #6668, #9248, #11207 ) ) ;
#5592 = EDGE_CURVE ( 'NONE', #1316, #982, #2546, .T. ) ;
#5593 = ORIENTED_EDGE ( 'NONE', *, *, #4656, .F. ) ;
#5594 = ORIENTED_EDGE ( 'NONE', *, *, #6254, .T. ) ;
#5595 = VECTOR ( 'NONE', #11404, 1000.000000000000000 ) ;
#5596 = FACE_OUTER_BOUND ( 'NONE', #8196, .T. ) ;
#5597 = EDGE_CURVE ( 'NONE', #7976, #3431, #4075, .T. ) ;
#5598 = DIRECTION ( 'NONE',  ( 0.0000000000000000000, -1.000000000000000000, 0.0000000000000000000 ) ) ;
#5599 = ADVANCED_FACE ( 'NONE', ( #1006 ), #968, .F. ) ;
#5600 = ORIENTED_EDGE ( 'NONE', *, *, #723, .T. ) ;
#5601 = ORIENTED_EDGE ( 'NONE', *, *, #10015, .F. ) ;
#5602 = PLANE ( 'NONE',  #3146 ) ;
#5603 = ORIENTED_EDGE ( 'NONE', *, *, #3427, .F. ) ;
#5604 = ORIENTED_EDGE ( 'NONE', *, *, #5498, .F. ) ;
#5605 = VERTEX_POINT ( 'NONE', #9855 ) ;
#5606 = DIRECTION ( 'NONE',  ( 0.0000000000000000000, -1.000000000000000000, 0.0000000000000000000 ) ) ;
#5607 = DIRECTION ( 'NONE',  ( 0.0000000000000000000, 0.0000000000000000000, -1.000000000000000000 ) ) ;
#5608 = VECTOR ( 'NONE', #1253, 1000.000000000000000 ) ;
#5609 = VECTOR ( 'NONE', #7859, 1000.000000000000000 ) ;
#5610 = EDGE_CURVE ( 'NONE', #6565, #10291, #6724, .T. ) ;
#5611 = ORIENTED_EDGE ( 'NONE', *, *, #4712, .T. ) ;
#5612 = EDGE_LOOP ( 'NONE', ( #1252, #6998, #5357, #10641 ) ) ;
#5613 = ORIENTED_EDGE ( 'NONE', *, *, #2642, .F. ) ;
#5614 = FACE_OUTER_BOUND ( 'NONE', #10953, .T. ) ;
#5615 = FACE_OUTER_BOUND ( 'NONE', #7761, .T. ) ;
#5616 = VECTOR ( 'NONE', #3997, 1000.000000000000000 ) ;
#5617 = DIRECTION ( 'NONE',  ( 0.0000000000000000000, 0.0000000000000000000, 1.000000000000000000 ) ) ;
#5618 = VERTEX_POINT ( 'NONE', #5377 ) ;
#5619 = DIRECTION ( 'NONE',  ( 0.0000000000000000000, 1.084202172485501673E-15, 1.000000000000000000 ) ) ;
#5620 = ORIENTED_EDGE ( 'NONE', *, *, #7200, .F. ) ;
#5621 = CARTESIAN_POINT ( 'NONE',  ( 0.4249999999999999889, 1.649999999999999911, -1.474999999999999867 ) ) ;
#5622 = VECTOR ( 'NONE', #2752, 1000.000000000000000 ) ;
#5623 = EDGE_CURVE ( 'NONE', #4891, #8972, #9405, .T. ) ;
#5624 = DIRECTION ( 'NONE',  ( 0.0000000000000000000, -1.000000000000000000, 0.0000000000000000000 ) ) ;
#5625 = ORIENTED_EDGE ( 'NONE', *, *, #6574, .T. ) ;
#5626 = DIRECTION ( 'NONE',  ( 0.0000000000000000000, 1.000000000000000000, 0.0000000000000000000 ) ) ;
#5627 = EDGE_CURVE ( 'NONE', #1150, #2331, #4356, .T. ) ;
#5628 = VECTOR ( 'NONE', #5869, 1000.000000000000000 ) ;
#5629 = CARTESIAN_POINT ( 'NONE',  ( 8.024999999999998579, 1.350000000000000089, 1.525000000000000133 ) ) ;
#5630 = LINE ( 'NONE', #10718, #6040 ) ;
#5631 = DIRECTION ( 'NONE',  ( -1.000000000000000000, -0.0000000000000000000, -0.0000000000000000000 ) ) ;
#5632 = ORIENTED_EDGE ( 'NONE', *, *, #10366, .F. ) ;
#5633 = ADVANCED_FACE ( 'NONE', ( #137 ), #3538, .T. ) ;
#5634 = CARTESIAN_POINT ( 'NONE',  ( 1.984999999999999876, 1.000000000000000000, -1.474999999999999867 ) ) ;
#5635 = ORIENTED_EDGE ( 'NONE', *, *, #3944, .F. ) ;
#5636 = AXIS2_PLACEMENT_3D ( 'NONE', #6974, #7823, #677 ) ;
#5637 = VECTOR ( 'NONE', #4129, 1000.000000000000000 ) ;
#5638 = DIRECTION ( 'NONE',  ( -1.000000000000000000, 0.0000000000000000000, 0.0000000000000000000 ) ) ;
#5639 = CARTESIAN_POINT ( 'NONE',  ( 5.724999999999999645, 1.850000000000000089, 0.0000000000000000000 ) ) ;
#5640 = PRESENTATION_STYLE_ASSIGNMENT (( #2462 ) ) ;
#5641 = AXIS2_PLACEMENT_3D ( 'NONE', #9026, #3651, #4545 ) ;
#5642 = LINE ( 'NONE', #10153, #9583 ) ;
#5643 = VECTOR ( 'NONE', #4578, 1000.000000000000000 ) ;
#5644 =( NAMED_UNIT ( * ) PLANE_ANGLE_UNIT ( ) SI_UNIT ( $, .RADIAN. ) );
#5645 = CARTESIAN_POINT ( 'NONE',  ( 3.024999999999999911, 1.850000000000000089, -1.698606797699999893 ) ) ;
#5646 = PLANE ( 'NONE',  #11279 ) ;
#5647 = VERTEX_POINT ( 'NONE', #886 ) ;
#5648 = LINE ( 'NONE', #7361, #3834 ) ;
#5649 = VERTEX_POINT ( 'NONE', #8957 ) ;
#5650 = CARTESIAN_POINT ( 'NONE',  ( -0.5250000000000000222, 0.3500000000000000333, -2.024999999999999911 ) ) ;
#5651 = LINE ( 'NONE', #11335, #3276 ) ;
#5652 = EDGE_LOOP ( 'NONE', ( #10185, #9662, #4837, #4009 ) ) ;
#5653 = ADVANCED_FACE ( 'NONE', ( #7843 ), #8999, .F. ) ;
#5654 = VERTEX_POINT ( 'NONE', #2797 ) ;
#5655 = LINE ( 'NONE', #11149, #11557 ) ;
#5656 = STYLED_ITEM ( 'NONE', ( #4376 ), #4962 ) ;
#5657 = ORIENTED_EDGE ( 'NONE', *, *, #8749, .F. ) ;
#5658 = CARTESIAN_POINT ( 'NONE',  ( 7.875000000000000000, 1.000000000000000000, -1.525000000000000133 ) ) ;
#5659 = VECTOR ( 'NONE', #2306, 1000.000000000000000 ) ;
#5660 = VECTOR ( 'NONE', #2128, 1000.000000000000000 ) ;
#5661 = CARTESIAN_POINT ( 'NONE',  ( 4.474999999999999645, 0.0000000000000000000, -1.525000000000000133 ) ) ;
#5662 = SURFACE_SIDE_STYLE ('',( #8841 ) ) ;
#5663 = EDGE_CURVE ( 'NONE', #5003, #3202, #1262, .T. ) ;
#5664 = CARTESIAN_POINT ( 'NONE',  ( 3.024999999999999911, 0.05000000000000002359, -1.524999999999999689 ) ) ;
#5665 = ORIENTED_EDGE ( 'NONE', *, *, #1171, .T. ) ;
#5666 = VECTOR ( 'NONE', #9724, 1000.000000000000000 ) ;
#5667 = ORIENTED_EDGE ( 'NONE', *, *, #5663, .F. ) ;
#5668 = DIRECTION ( 'NONE',  ( 0.0000000000000000000, 1.000000000000000000, 0.0000000000000000000 ) ) ;
#5669 = VECTOR ( 'NONE', #3151, 1000.000000000000000 ) ;
#5670 = FACE_OUTER_BOUND ( 'NONE', #1937, .T. ) ;
#5671 = DIRECTION ( 'NONE',  ( 0.0000000000000000000, 0.0000000000000000000, 1.000000000000000000 ) ) ;
#5672 = VERTEX_POINT ( 'NONE', #3575 ) ;
#5673 = VECTOR ( 'NONE', #6626, 1000.000000000000000 ) ;
#5674 = EDGE_CURVE ( 'NONE', #11431, #9758, #10944, .T. ) ;
#5675 = CARTESIAN_POINT ( 'NONE',  ( 2.875000000000000000, 1.000000000000000000, -2.024999999999999911 ) ) ;
#5676 = EDGE_CURVE ( 'NONE', #10468, #6695, #6313, .T. ) ;
#5677 = ORIENTED_EDGE ( 'NONE', *, *, #10987, .T. ) ;
#5678 = FILL_AREA_STYLE_COLOUR ( '', #11357 ) ;
#5679 = CARTESIAN_POINT ( 'NONE',  ( 10.37500000000000178, 0.6000000000000076383, -0.2249999999999982014 ) ) ;
#5680 = CARTESIAN_POINT ( 'NONE',  ( 6.775000000000000355, 1.649999999999999911, 2.024999999999999911 ) ) ;
#5681 = FACE_OUTER_BOUND ( 'NONE', #2473, .T. ) ;
#5682 = VECTOR ( 'NONE', #8399, 1000.000000000000000 ) ;
#5683 = ORIENTED_EDGE ( 'NONE', *, *, #1944, .F. ) ;
#5684 = VERTEX_POINT ( 'NONE', #7996 ) ;
#5685 = MANIFOLD_SOLID_BREP ( 'Combine7', #11063 ) ;
#5686 = ADVANCED_FACE ( 'NONE', ( #8716 ), #7096, .T. ) ;
#5687 = PLANE ( 'NONE',  #2751 ) ;
#5688 = EDGE_CURVE ( 'NONE', #4049, #164, #6024, .T. ) ;
#5689 = FACE_OUTER_BOUND ( 'NONE', #9094, .T. ) ;
#5690 = DIRECTION ( 'NONE',  ( 0.0000000000000000000, 0.0000000000000000000, 1.000000000000000000 ) ) ;
#5691 = VECTOR ( 'NONE', #11204, 1000.000000000000000 ) ;
#5692 = VECTOR ( 'NONE', #11101, 1000.000000000000000 ) ;
#5693 = VERTEX_POINT ( 'NONE', #2042 ) ;
#5694 = CARTESIAN_POINT ( 'NONE',  ( 6.974999999999999645, 1.850000000000000089, 0.0000000000000000000 ) ) ;
#5695 = CARTESIAN_POINT ( 'NONE',  ( -0.7249999999999999778, 1.649999999999999911, -1.025000000000000133 ) ) ;
#5696 = VERTEX_POINT ( 'NONE', #3849 ) ;
#5697 = CARTESIAN_POINT ( 'NONE',  ( 3.024999999999999911, -0.6500000000000000222, -2.075000000000000178 ) ) ;
#5698 = ORIENTED_EDGE ( 'NONE', *, *, #7280, .F. ) ;
#5699 = FILL_AREA_STYLE_COLOUR ( '', #8617 ) ;
#5700 = LINE ( 'NONE', #11639, #4844 ) ;
#5701 = VECTOR ( 'NONE', #300, 1000.000000000000000 ) ;
#5702 = ORIENTED_EDGE ( 'NONE', *, *, #3762, .F. ) ;
#5703 = EDGE_CURVE ( 'NONE', #589, #9239, #1562, .T. ) ;
#5704 = DIRECTION ( 'NONE',  ( 0.0000000000000000000, 1.000000000000000000, 0.0000000000000000000 ) ) ;
#5705 = ADVANCED_FACE ( 'NONE', ( #3515 ), #8262, .T. ) ;
#5706 = EDGE_CURVE ( 'NONE', #7941, #9111, #7538, .T. ) ;
#5707 = DIRECTION ( 'NONE',  ( 0.0000000000000000000, 1.000000000000000000, 0.0000000000000000000 ) ) ;
#5708 = DIRECTION ( 'NONE',  ( -1.000000000000000000, 0.0000000000000000000, 0.0000000000000000000 ) ) ;
#5709 = EDGE_LOOP ( 'NONE', ( #9691, #8436, #4167, #8992 ) ) ;
#5710 = DIRECTION ( 'NONE',  ( 0.0000000000000000000, 0.0000000000000000000, 1.000000000000000000 ) ) ;
#5711 = ORIENTED_EDGE ( 'NONE', *, *, #2968, .F. ) ;
#5712 = VECTOR ( 'NONE', #10575, 1000.000000000000000 ) ;
#5713 = FACE_OUTER_BOUND ( 'NONE', #3295, .T. ) ;
#5714 = ORIENTED_EDGE ( 'NONE', *, *, #9884, .F. ) ;
#5715 =( GEOMETRIC_REPRESENTATION_CONTEXT ( 3 ) GLOBAL_UNCERTAINTY_ASSIGNED_CONTEXT ( ( #151 ) ) GLOBAL_UNIT_ASSIGNED_CONTEXT ( ( #7174, #1827, #10801 ) ) REPRESENTATION_CONTEXT ( 'NONE', 'WORKASPACE' ) );
#5716 = VERTEX_POINT ( 'NONE', #6527 ) ;
#5717 = ORIENTED_EDGE ( 'NONE', *, *, #3720, .T. ) ;
#5718 = ORIENTED_EDGE ( 'NONE', *, *, #11216, .F. ) ;
#5719 = ORIENTED_EDGE ( 'NONE', *, *, #9025, .T. ) ;
#5720 = VECTOR ( 'NONE', #6128, 1000.000000000000000 ) ;
#5721 = DIRECTION ( 'NONE',  ( 0.0000000000000000000, -1.000000000000000000, 0.0000000000000000000 ) ) ;
#5722 = EDGE_CURVE ( 'NONE', #9502, #5313, #267, .T. ) ;
#5723 = CARTESIAN_POINT ( 'NONE',  ( 4.485000000000000320, 1.850000000000000089, -1.025000000000000133 ) ) ;
#5724 = CARTESIAN_POINT ( 'NONE',  ( -0.5250000000000000222, 1.315130797599999957, 1.171117220399999770 ) ) ;
#5725 = ORIENTED_EDGE ( 'NONE', *, *, #10171, .T. ) ;
#5726 = ORIENTED_EDGE ( 'NONE', *, *, #3422, .T. ) ;
#5727 = ORIENTED_EDGE ( 'NONE', *, *, #11605, .T. ) ;
#5728 = CARTESIAN_POINT ( 'NONE',  ( 5.525000000000000355, 1.000000000000000000, 1.525000000000000133 ) ) ;
#5729 = DIRECTION ( 'NONE',  ( 0.0000000000000000000, -0.6650335612228979176, -0.7468134723257140450 ) ) ;
#5730 = ORIENTED_EDGE ( 'NONE', *, *, #9845, .T. ) ;
#5731 = VECTOR ( 'NONE', #10871, 1000.000000000000000 ) ;
#5732 = AXIS2_PLACEMENT_3D ( 'NONE', #11413, #1629, #10472 ) ;
#5733 = LINE ( 'NONE', #10920, #2682 ) ;
#5734 = ORIENTED_EDGE ( 'NONE', *, *, #10565, .T. ) ;
#5735 = PLANE ( 'NONE',  #11398 ) ;
#5736 = CARTESIAN_POINT ( 'NONE',  ( 10.37500000000000178, 0.6000000000000024203, 1.375000000000002442 ) ) ;
#5737 = ORIENTED_EDGE ( 'NONE', *, *, #1354, .F. ) ;
#5738 = EDGE_CURVE ( 'NONE', #923, #9675, #9956, .T. ) ;
#5739 = ORIENTED_EDGE ( 'NONE', *, *, #2207, .F. ) ;
#5740 = VERTEX_POINT ( 'NONE', #10002 ) ;
#5741 = EDGE_CURVE ( 'NONE', #2369, #11025, #4495, .T. ) ;
#5742 = ORIENTED_EDGE ( 'NONE', *, *, #6146, .F. ) ;
#5743 = ORIENTED_EDGE ( 'NONE', *, *, #8780, .T. ) ;
#5744 = ADVANCED_FACE ( 'NONE', ( #11068 ), #4585, .F. ) ;
#5745 = DIRECTION ( 'NONE',  ( 0.0000000000000000000, -1.000000000000000000, 0.0000000000000000000 ) ) ;
#5746 = EDGE_CURVE ( 'NONE', #815, #10243, #3648, .T. ) ;
#5747 = VECTOR ( 'NONE', #10598, 1000.000000000000000 ) ;
#5748 = FACE_OUTER_BOUND ( 'NONE', #3688, .T. ) ;
#5749 = DIRECTION ( 'NONE',  ( 0.0000000000000000000, -1.000000000000000000, 0.0000000000000000000 ) ) ;
#5750 = CARTESIAN_POINT ( 'NONE',  ( 8.225000000000001421, -0.6500000000000000222, -1.775000000000000133 ) ) ;
#5751 = PLANE ( 'NONE',  #1254 ) ;
#5752 = DIRECTION ( 'NONE',  ( 1.000000000000000000, 0.0000000000000000000, 0.0000000000000000000 ) ) ;
#5753 = DIRECTION ( 'NONE',  ( 1.000000000000000000, 0.0000000000000000000, 0.0000000000000000000 ) ) ;
#5754 = ORIENTED_EDGE ( 'NONE', *, *, #117, .T. ) ;
#5755 = CARTESIAN_POINT ( 'NONE',  ( 0.5150000000000000133, 1.850000000000000089, -1.025000000000000133 ) ) ;
#5756 = CARTESIAN_POINT ( 'NONE',  ( 10.00000000000000178, 4.250000000000000000, -0.07499999999999998335 ) ) ;
#5757 = ORIENTED_EDGE ( 'NONE', *, *, #8158, .T. ) ;
#5758 = LINE ( 'NONE', #2724, #1569 ) ;
#5759 = AXIS2_PLACEMENT_3D ( 'NONE', #10441, #5847, #7716 ) ;
#5760 = VECTOR ( 'NONE', #522, 1000.000000000000000 ) ;
#5761 = EDGE_CURVE ( 'NONE', #3772, #4321, #4742, .T. ) ;
#5762 = VECTOR ( 'NONE', #1461, 1000.000000000000000 ) ;
#5763 = CARTESIAN_POINT ( 'NONE',  ( -1.175000000000000044, 2.550000000000000266, -1.474999999999999867 ) ) ;
#5764 = VERTEX_POINT ( 'NONE', #4623 ) ;
#5765 = ADVANCED_FACE ( 'NONE', ( #8705 ), #9104, .T. ) ;
#5766 = ORIENTED_EDGE ( 'NONE', *, *, #3605, .T. ) ;
#5767 = CARTESIAN_POINT ( 'NONE',  ( -0.4249999999999999889, 1.649999999999999911, -1.025000000000000133 ) ) ;
#5768 = DIRECTION ( 'NONE',  ( 0.0000000000000000000, 0.0000000000000000000, 1.000000000000000000 ) ) ;
#5769 = LINE ( 'NONE', #8409, #8429 ) ;
#5770 = LINE ( 'NONE', #7392, #2267 ) ;
#5771 = DIRECTION ( 'NONE',  ( -1.000000000000000000, 0.0000000000000000000, 0.0000000000000000000 ) ) ;
#5772 = ORIENTED_EDGE ( 'NONE', *, *, #7738, .T. ) ;
#5773 = EDGE_CURVE ( 'NONE', #10824, #7956, #7985, .T. ) ;
#5774 = CARTESIAN_POINT ( 'NONE',  ( -0.8750000000000000000, 3.750000000000000000, 2.024999999999999911 ) ) ;
#5775 = DIRECTION ( 'NONE',  ( 0.0000000000000000000, 0.0000000000000000000, -1.000000000000000000 ) ) ;
#5776 = EDGE_LOOP ( 'NONE', ( #11632, #7523, #5798, #1968 ) ) ;
#5777 = EDGE_CURVE ( 'NONE', #7339, #8892, #2805, .T. ) ;
#5778 = LINE ( 'NONE', #2750, #5075 ) ;
#5779 = LINE ( 'NONE', #37, #11114 ) ;
#5780 = CARTESIAN_POINT ( 'NONE',  ( 4.275000000000000355, 0.5000000000000000000, -1.525000000000000133 ) ) ;
#5781 = ORIENTED_EDGE ( 'NONE', *, *, #1320, .T. ) ;
#5782 = VECTOR ( 'NONE', #11186, 1000.000000000000000 ) ;
#5783 = AXIS2_PLACEMENT_3D ( 'NONE', #3040, #246, #3750 ) ;
#5784 = VERTEX_POINT ( 'NONE', #6416 ) ;
#5785 = DIRECTION ( 'NONE',  ( 0.0000000000000000000, -1.000000000000000000, -3.212450881438532635E-15 ) ) ;
#5786 = CARTESIAN_POINT ( 'NONE',  ( 6.985000000000000320, 0.0000000000000000000, -1.474999999999999867 ) ) ;
#5787 = DIRECTION ( 'NONE',  ( -0.0000000000000000000, 1.000000000000000000, 0.0000000000000000000 ) ) ;
#5788 = CARTESIAN_POINT ( 'NONE',  ( -1.875000000000000000, 0.5000000000000000000, 2.024999999999999911 ) ) ;
#5789 = FILL_AREA_STYLE ('',( #11169 ) ) ;
#5790 = VECTOR ( 'NONE', #10297, 1000.000000000000000 ) ;
#5791 = ADVANCED_FACE ( 'NONE', ( #7831 ), #3812, .T. ) ;
#5792 = VECTOR ( 'NONE', #5868, 1000.000000000000000 ) ;
#5793 = CARTESIAN_POINT ( 'NONE',  ( -0.7249999999999999778, 1.795247431900000024, 2.024999999999999911 ) ) ;
#5794 = ORIENTED_EDGE ( 'NONE', *, *, #2461, .F. ) ;
#5795 = VECTOR ( 'NONE', #9229, 1000.000000000000000 ) ;
#5796 = EDGE_CURVE ( 'NONE', #3844, #5500, #9394, .T. ) ;
#5797 = CARTESIAN_POINT ( 'NONE',  ( 9.875000000000001776, 3.149999999999999911, 2.024999999999999911 ) ) ;
#5798 = ORIENTED_EDGE ( 'NONE', *, *, #327, .F. ) ;
#5799 = ADVANCED_FACE ( 'NONE', ( #5469 ), #8415, .T. ) ;
#5800 = VECTOR ( 'NONE', #9500, 1000.000000000000000 ) ;
#5801 = VECTOR ( 'NONE', #10514, 1000.000000000000000 ) ;
#5802 = AXIS2_PLACEMENT_3D ( 'NONE', #5146, #5308, #6088 ) ;
#5803 =( NAMED_UNIT ( * ) SI_UNIT ( $, .STERADIAN. ) SOLID_ANGLE_UNIT ( ) );
#5804 = CARTESIAN_POINT ( 'NONE',  ( 8.224999999999999645, 1.850000000000000089, 2.024999999999999911 ) ) ;
#5805 = VERTEX_POINT ( 'NONE', #153 ) ;
#5806 = ORIENTED_EDGE ( 'NONE', *, *, #5688, .F. ) ;
#5807 = EDGE_CURVE ( 'NONE', #8656, #9515, #3233, .T. ) ;
#5808 = DIRECTION ( 'NONE',  ( -1.000000000000000000, 0.0000000000000000000, 0.0000000000000000000 ) ) ;
#5809 =( LENGTH_UNIT ( ) NAMED_UNIT ( * ) SI_UNIT ( .MILLI., .METRE. ) );
#5810 = CARTESIAN_POINT ( 'NONE',  ( 3.225000000000000089, 0.05000000000000002359, -1.775000000000000133 ) ) ;
#5811 = EDGE_CURVE ( 'NONE', #2195, #4746, #2946, .T. ) ;
#5812 = CARTESIAN_POINT ( 'NONE',  ( -0.7249999999999999778, 1.850000000000000089, -1.025000000000000133 ) ) ;
#5813 = VECTOR ( 'NONE', #5098, 1000.000000000000000 ) ;
#5814 = FACE_OUTER_BOUND ( 'NONE', #2781, .T. ) ;
#5815 = CARTESIAN_POINT ( 'NONE',  ( 8.675000000000002487, 1.850000000000000089, -1.474999999999999867 ) ) ;
#5816 = EDGE_LOOP ( 'NONE', ( #1921, #6249, #8392, #7544 ) ) ;
#5817 = ORIENTED_EDGE ( 'NONE', *, *, #1302, .T. ) ;
#5818 = ORIENTED_EDGE ( 'NONE', *, *, #7407, .T. ) ;
#5819 = DIRECTION ( 'NONE',  ( 1.000000000000000000, 0.0000000000000000000, 0.0000000000000000000 ) ) ;
#5820 = LINE ( 'NONE', #10955, #6235 ) ;
#5821 = VECTOR ( 'NONE', #1736, 1000.000000000000000 ) ;
#5822 = EDGE_CURVE ( 'NONE', #6495, #9226, #7000, .T. ) ;
#5823 = DIRECTION ( 'NONE',  ( -0.0000000000000000000, 1.000000000000000000, 0.0000000000000000000 ) ) ;
#5824 = CARTESIAN_POINT ( 'NONE',  ( -2.274999999999999911, 0.0000000000000000000, 2.024999999999999911 ) ) ;
#5825 = VERTEX_POINT ( 'NONE', #4040 ) ;
#5826 =( LENGTH_UNIT ( ) NAMED_UNIT ( * ) SI_UNIT ( .MILLI., .METRE. ) );
#5827 = ORIENTED_EDGE ( 'NONE', *, *, #10794, .T. ) ;
#5828 = ORIENTED_EDGE ( 'NONE', *, *, #7102, .F. ) ;
#5829 = CARTESIAN_POINT ( 'NONE',  ( -0.5250000000000000222, -0.6500000000000000222, -2.075000000000000178 ) ) ;
#5830 = VECTOR ( 'NONE', #7609, 1000.000000000000000 ) ;
#5831 = LINE ( 'NONE', #7571, #808 ) ;
#5832 = LINE ( 'NONE', #10123, #8942 ) ;
#5833 = ORIENTED_EDGE ( 'NONE', *, *, #5407, .F. ) ;
#5834 = EDGE_CURVE ( 'NONE', #10825, #7275, #7406, .T. ) ;
#5835 = DIRECTION ( 'NONE',  ( 0.0000000000000000000, -0.6650335612228979176, -0.7468134723257140450 ) ) ;
#5836 = DIRECTION ( 'NONE',  ( 1.000000000000000000, 0.0000000000000000000, 0.0000000000000000000 ) ) ;
#5837 = DIRECTION ( 'NONE',  ( 0.0000000000000000000, 0.0000000000000000000, 1.000000000000000000 ) ) ;
#5838 = ORIENTED_EDGE ( 'NONE', *, *, #2356, .F. ) ;
#5839 = PLANE ( 'NONE',  #5496 ) ;
#5840 = VECTOR ( 'NONE', #2290, 1000.000000000000000 ) ;
#5841 = LINE ( 'NONE', #6480, #6979 ) ;
#5843 = PLANE ( 'NONE',  #581 ) ;
#5842 = VECTOR ( 'NONE', #7848, 1000.000000000000000 ) ;
#5844 = ADVANCED_FACE ( 'NONE', ( #568 ), #6611, .F. ) ;
#5845 = ORIENTED_EDGE ( 'NONE', *, *, #11618, .F. ) ;
#5846 = PLANE ( 'NONE',  #9181 ) ;
#5847 = DIRECTION ( 'NONE',  ( 0.0000000000000000000, -1.000000000000000000, 0.0000000000000000000 ) ) ;
#5848 = AXIS2_PLACEMENT_3D ( 'NONE', #8688, #3311, #2537 ) ;
#5849 = ORIENTED_EDGE ( 'NONE', *, *, #3979, .F. ) ;
#5850 = ORIENTED_EDGE ( 'NONE', *, *, #9595, .F. ) ;
#5851 = ORIENTED_EDGE ( 'NONE', *, *, #3947, .T. ) ;
#5852 = VECTOR ( 'NONE', #915, 1000.000000000000000 ) ;
#5853 = EDGE_CURVE ( 'NONE', #9880, #4216, #1124, .T. ) ;
#5854 = ADVANCED_FACE ( 'NONE', ( #9681 ), #3180, .F. ) ;
#5855 = CARTESIAN_POINT ( 'NONE',  ( 5.525000000000000355, 1.850000000000000089, -1.698606797699999893 ) ) ;
#5856 = LINE ( 'NONE', #6521, #4185 ) ;
#5857 = EDGE_CURVE ( 'NONE', #4981, #8033, #5036, .T. ) ;
#5858 = CARTESIAN_POINT ( 'NONE',  ( 4.485000000000000320, 0.0000000000000000000, -1.474999999999999867 ) ) ;
#5859 = CARTESIAN_POINT ( 'NONE',  ( 3.225000000000000089, 1.850000000000000089, -2.024999999999999911 ) ) ;
#5860 = VERTEX_POINT ( 'NONE', #2187 ) ;
#5861 = ORIENTED_EDGE ( 'NONE', *, *, #911, .F. ) ;
#5862 = ORIENTED_EDGE ( 'NONE', *, *, #6963, .F. ) ;
#5863 = CARTESIAN_POINT ( 'NONE',  ( 4.275000000000000355, 1.649999999999999911, -1.474999999999999867 ) ) ;
#5864 = ORIENTED_EDGE ( 'NONE', *, *, #6948, .F. ) ;
#5865 = ORIENTED_EDGE ( 'NONE', *, *, #1337, .F. ) ;
#5866 = AXIS2_PLACEMENT_3D ( 'NONE', #862, #6159, #5355 ) ;
#5867 = VECTOR ( 'NONE', #3015, 1000.000000000000000 ) ;
#5868 = DIRECTION ( 'NONE',  ( -1.000000000000000000, 0.0000000000000000000, 0.0000000000000000000 ) ) ;
#5869 = DIRECTION ( 'NONE',  ( -1.000000000000000000, -0.0000000000000000000, -0.0000000000000000000 ) ) ;
#5870 = AXIS2_PLACEMENT_3D ( 'NONE', #8915, #6136, #9808 ) ;
#5871 = CARTESIAN_POINT ( 'NONE',  ( 5.724999999999999645, 1.000000000000000000, 0.0000000000000000000 ) ) ;
#5872 = VERTEX_POINT ( 'NONE', #9414 ) ;
#5873 = ORIENTED_EDGE ( 'NONE', *, *, #1424, .F. ) ;
#5874 = ORIENTED_EDGE ( 'NONE', *, *, #4072, .T. ) ;
#5875 = ORIENTED_EDGE ( 'NONE', *, *, #9895, .T. ) ;
#5876 = ORIENTED_EDGE ( 'NONE', *, *, #4206, .F. ) ;
#5877 = LINE ( 'NONE', #7024, #4502 ) ;
#5878 = CARTESIAN_POINT ( 'NONE',  ( 9.775000000000002132, 2.000000000000000000, -1.425000000000000044 ) ) ;
#5879 = LINE ( 'NONE', #8866, #5609 ) ;
#5880 = EDGE_CURVE ( 'NONE', #8933, #34, #3085, .T. ) ;
#5881 =( LENGTH_UNIT ( ) NAMED_UNIT ( * ) SI_UNIT ( .MILLI., .METRE. ) );
#5882 = DIRECTION ( 'NONE',  ( 0.0000000000000000000, 0.0000000000000000000, 1.000000000000000000 ) ) ;
#5883 = ORIENTED_EDGE ( 'NONE', *, *, #7487, .F. ) ;
#5884 = PLANE ( 'NONE',  #10033 ) ;
#5885 = CARTESIAN_POINT ( 'NONE',  ( 4.174999999999999822, 1.649999999999999911, -1.698606797699999893 ) ) ;
#5886 = ORIENTED_EDGE ( 'NONE', *, *, #4687, .T. ) ;
#5887 = EDGE_LOOP ( 'NONE', ( #11320, #11330, #1976, #5919 ) ) ;
#5888 = CARTESIAN_POINT ( 'NONE',  ( 6.975000000000000533, 0.3499999999999999778, -2.075000000000000178 ) ) ;
#5889 = LINE ( 'NONE', #7628, #1136 ) ;
#5890 = DIRECTION ( 'NONE',  ( 0.0000000000000000000, 0.0000000000000000000, -1.000000000000000000 ) ) ;
#5891 = FACE_OUTER_BOUND ( 'NONE', #1216, .T. ) ;
#5892 = EDGE_CURVE ( 'NONE', #9544, #2222, #4612, .T. ) ;
#5893 = EDGE_CURVE ( 'NONE', #3501, #7486, #5175, .T. ) ;
#5894 = ORIENTED_EDGE ( 'NONE', *, *, #404, .T. ) ;
#5895 = DIRECTION ( 'NONE',  ( 1.000000000000000000, 0.0000000000000000000, 0.0000000000000000000 ) ) ;
#5896 = PRESENTATION_LAYER_ASSIGNMENT (  '', '', ( #7318 ) ) ;
#5897 = ORIENTED_EDGE ( 'NONE', *, *, #5501, .F. ) ;
#5898 = DIRECTION ( 'NONE',  ( 0.0000000000000000000, 0.0000000000000000000, -1.000000000000000000 ) ) ;
#5899 = VECTOR ( 'NONE', #4157, 1000.000000000000000 ) ;
#5900 = ORIENTED_EDGE ( 'NONE', *, *, #371, .T. ) ;
#5901 = DIRECTION ( 'NONE',  ( -0.0000000000000000000, 1.000000000000000000, 0.0000000000000000000 ) ) ;
#5902 = LINE ( 'NONE', #837, #6461 ) ;
#5903 = PLANE ( 'NONE',  #5154 ) ;
#5904 = LINE ( 'NONE', #6847, #6184 ) ;
#5905 = DIRECTION ( 'NONE',  ( 0.0000000000000000000, 1.000000000000000000, 0.0000000000000000000 ) ) ;
#5906 = ADVANCED_FACE ( 'NONE', ( #408 ), #428, .T. ) ;
#5907 = VERTEX_POINT ( 'NONE', #3020 ) ;
#5908 = ORIENTED_EDGE ( 'NONE', *, *, #11483, .F. ) ;
#5909 = DIRECTION ( 'NONE',  ( -1.000000000000000000, 0.0000000000000000000, 0.0000000000000000000 ) ) ;
#5910 = EDGE_CURVE ( 'NONE', #4448, #22, #8115, .T. ) ;
#5911 = VECTOR ( 'NONE', #8598, 1000.000000000000000 ) ;
#5912 = PLANE ( 'NONE',  #2544 ) ;
#5913 = PLANE ( 'NONE',  #2035 ) ;
#5914 = VECTOR ( 'NONE', #1565, 1000.000000000000000 ) ;
#5915 = LINE ( 'NONE', #7234, #1878 ) ;
#5916 = ORIENTED_EDGE ( 'NONE', *, *, #2539, .T. ) ;
#5917 = LINE ( 'NONE', #4558, #1874 ) ;
#5918 = FILL_AREA_STYLE ('',( #7707 ) ) ;
#5919 = ORIENTED_EDGE ( 'NONE', *, *, #4170, .T. ) ;
#5920 = FACE_OUTER_BOUND ( 'NONE', #5428, .T. ) ;
#5921 = FACE_OUTER_BOUND ( 'NONE', #4024, .T. ) ;
#5922 = CARTESIAN_POINT ( 'NONE',  ( 8.225000000000001421, 0.3500000000000000333, -2.024999999999999911 ) ) ;
#5923 = PRESENTATION_STYLE_ASSIGNMENT (( #901 ) ) ;
#5924 = CARTESIAN_POINT ( 'NONE',  ( 8.235000000000002984, 1.000000000000000000, -1.025000000000000133 ) ) ;
#5925 = EDGE_CURVE ( 'NONE', #3136, #5572, #4197, .T. ) ;
#5926 = CARTESIAN_POINT ( 'NONE',  ( -0.5150000000000000133, 1.850000000000000089, -1.025000000000000133 ) ) ;
#5927 = EDGE_CURVE ( 'NONE', #8479, #4, #10082, .T. ) ;
#5928 = VERTEX_POINT ( 'NONE', #7772 ) ;
#5929 = VECTOR ( 'NONE', #9049, 1000.000000000000000 ) ;
#5930 = EDGE_LOOP ( 'NONE', ( #5538, #8156, #8838, #5569 ) ) ;
#5931 = CARTESIAN_POINT ( 'NONE',  ( 1.975000000000000089, -0.6500000000000000222, -2.075000000000000178 ) ) ;
#5932 = DIRECTION ( 'NONE',  ( 0.0000000000000000000, 1.000000000000000000, 0.0000000000000000000 ) ) ;
#5933 = DIRECTION ( 'NONE',  ( 1.000000000000000000, 0.0000000000000000000, 0.0000000000000000000 ) ) ;
#5934 = ORIENTED_EDGE ( 'NONE', *, *, #4363, .T. ) ;
#5935 = CARTESIAN_POINT ( 'NONE',  ( 6.974999999999999645, -0.6500000000000000222, -2.075000000000000178 ) ) ;
#5936 = FACE_OUTER_BOUND ( 'NONE', #3038, .T. ) ;
#5937 = AXIS2_PLACEMENT_3D ( 'NONE', #1579, #6886, #1457 ) ;
#5938 = CARTESIAN_POINT ( 'NONE',  ( 9.375000000000001776, 2.550000000000000266, 2.024999999999999911 ) ) ;
#5939 = CARTESIAN_POINT ( 'NONE',  ( 10.37500000000000178, 0.6000000000000076383, -0.2249999999999982014 ) ) ;
#5940 = ORIENTED_EDGE ( 'NONE', *, *, #6519, .F. ) ;
#5941 = DIRECTION ( 'NONE',  ( -0.0000000000000000000, 1.000000000000000000, 0.0000000000000000000 ) ) ;
#5942 = LINE ( 'NONE', #7092, #7336 ) ;
#5943 = LINE ( 'NONE', #9827, #4681 ) ;
#5944 = EDGE_CURVE ( 'NONE', #2482, #4617, #10506, .T. ) ;
#5945 = DIRECTION ( 'NONE',  ( 0.0000000000000000000, 1.000000000000000000, 0.0000000000000000000 ) ) ;
#5946 = ORIENTED_EDGE ( 'NONE', *, *, #11540, .T. ) ;
#5947 = LINE ( 'NONE', #9753, #8636 ) ;
#5948 = ORIENTED_EDGE ( 'NONE', *, *, #9438, .F. ) ;
#5949 = CARTESIAN_POINT ( 'NONE',  ( -0.8750000000000000000, 2.250000000000000000, -2.024999999999999911 ) ) ;
#5950 = AXIS2_PLACEMENT_3D ( 'NONE', #4205, #1476, #8387 ) ;
#5951 = CARTESIAN_POINT ( 'NONE',  ( -0.7249999999999999778, 1.000000000000000000, 0.0000000000000000000 ) ) ;
#5952 = CARTESIAN_POINT ( 'NONE',  ( 9.375000000000001776, 3.149999999999999911, 0.02500000000000000139 ) ) ;
#5953 = LINE ( 'NONE', #1488, #5113 ) ;
#5954 = DIRECTION ( 'NONE',  ( 0.0000000000000000000, 0.6650335612228979176, -0.7468134723257140450 ) ) ;
#5955 = LINE ( 'NONE', #10131, #1908 ) ;
#5956 = FACE_OUTER_BOUND ( 'NONE', #9913, .T. ) ;
#5957 = ORIENTED_EDGE ( 'NONE', *, *, #5722, .F. ) ;
#5958 = EDGE_CURVE ( 'NONE', #2088, #2355, #2375, .T. ) ;
#5959 = DIRECTION ( 'NONE',  ( 1.000000000000000000, 0.0000000000000000000, 0.0000000000000000000 ) ) ;
#5960 = DIRECTION ( 'NONE',  ( 0.0000000000000000000, -1.000000000000000000, 0.0000000000000000000 ) ) ;
#5961 = EDGE_CURVE ( 'NONE', #10172, #9329, #5025, .T. ) ;
#5962 = ORIENTED_EDGE ( 'NONE', *, *, #1102, .T. ) ;
#5963 = ADVANCED_FACE ( 'NONE', ( #8102 ), #7817, .T. ) ;
#5964 = EDGE_CURVE ( 'NONE', #4498, #9270, #558, .T. ) ;
#5965 = DIRECTION ( 'NONE',  ( -1.000000000000000000, 0.0000000000000000000, 0.0000000000000000000 ) ) ;
#5966 = DIRECTION ( 'NONE',  ( 0.0000000000000000000, -1.000000000000000000, 0.0000000000000000000 ) ) ;
#5967 = FACE_OUTER_BOUND ( 'NONE', #7445, .T. ) ;
#5968 = FACE_OUTER_BOUND ( 'NONE', #2720, .T. ) ;
#5969 = CARTESIAN_POINT ( 'NONE',  ( 2.075000000000000178, 1.649999999999999911, -1.698606797699999893 ) ) ;
#5970 = ORIENTED_EDGE ( 'NONE', *, *, #4628, .F. ) ;
#5971 = CARTESIAN_POINT ( 'NONE',  ( 5.724999999999999645, -0.6500000000000000222, -2.075000000000000178 ) ) ;
#5972 = ORIENTED_EDGE ( 'NONE', *, *, #4639, .F. ) ;
#5973 = PLANE ( 'NONE',  #11471 ) ;
#5974 = ORIENTED_EDGE ( 'NONE', *, *, #5376, .T. ) ;
#5975 = DIRECTION ( 'NONE',  ( 1.000000000000000000, 0.0000000000000000000, 0.0000000000000000000 ) ) ;
#5976 = AXIS2_PLACEMENT_3D ( 'NONE', #8243, #2817, #5485 ) ;
#5977 = EDGE_CURVE ( 'NONE', #2384, #1385, #4480, .T. ) ;
#5978 = PLANE ( 'NONE',  #3620 ) ;
#5979 = VERTEX_POINT ( 'NONE', #4152 ) ;
#5980 = VECTOR ( 'NONE', #4312, 1000.000000000000000 ) ;
#5981 = LINE ( 'NONE', #3848, #3614 ) ;
#5982 = DIRECTION ( 'NONE',  ( 0.0000000000000000000, 1.000000000000000000, 0.0000000000000000000 ) ) ;
#5983 = ORIENTED_EDGE ( 'NONE', *, *, #881, .F. ) ;
#5984 = DIRECTION ( 'NONE',  ( 0.0000000000000000000, 0.0000000000000000000, -1.000000000000000000 ) ) ;
#5985 = CARTESIAN_POINT ( 'NONE',  ( 8.235000000000002984, 1.850000000000000089, -2.024999999999999911 ) ) ;
#5986 = VERTEX_POINT ( 'NONE', #10501 ) ;
#5987 = ORIENTED_EDGE ( 'NONE', *, *, #6738, .F. ) ;
#5988 = VECTOR ( 'NONE', #2256, 1000.000000000000000 ) ;
#5989 = VECTOR ( 'NONE', #8661, 1000.000000000000000 ) ;
#5990 = EDGE_LOOP ( 'NONE', ( #8073, #5050, #11385, #7970 ) ) ;
#5991 = EDGE_CURVE ( 'NONE', #9877, #3899, #7131, .T. ) ;
#5992 = DIRECTION ( 'NONE',  ( 0.0000000000000000000, 1.000000000000000000, 0.0000000000000000000 ) ) ;
#5993 = EDGE_CURVE ( 'NONE', #10614, #8249, #4732, .T. ) ;
#5994 = CARTESIAN_POINT ( 'NONE',  ( 9.875000000000001776, 3.750000000000000000, 0.02500000000000000139 ) ) ;
#5995 = ORIENTED_EDGE ( 'NONE', *, *, #6269, .T. ) ;
#5996 = VERTEX_POINT ( 'NONE', #1412 ) ;
#5997 = ORIENTED_EDGE ( 'NONE', *, *, #9813, .T. ) ;
#5998 = DIRECTION ( 'NONE',  ( -1.000000000000000000, 0.0000000000000000000, 0.0000000000000000000 ) ) ;
#5999 = EDGE_LOOP ( 'NONE', ( #7724, #126, #1021, #4828 ) ) ;
#6000 = VECTOR ( 'NONE', #11290, 1000.000000000000000 ) ;
#6001 = DIRECTION ( 'NONE',  ( 0.0000000000000000000, 0.0000000000000000000, 1.000000000000000000 ) ) ;
#6002 = CARTESIAN_POINT ( 'NONE',  ( -0.3750000000000000000, 2.250000000000000000, -0.4749999999999999778 ) ) ;
#6003 = LINE ( 'NONE', #776, #9946 ) ;
#6004 = DIRECTION ( 'NONE',  ( -1.000000000000000000, 0.0000000000000000000, 0.0000000000000000000 ) ) ;
#6005 = STYLED_ITEM ( 'NONE', ( #8184 ), #3469 ) ;
#6006 = ORIENTED_EDGE ( 'NONE', *, *, #1558, .F. ) ;
#6007 = VERTEX_POINT ( 'NONE', #510 ) ;
#6008 = CARTESIAN_POINT ( 'NONE',  ( 1.984999999999999876, 1.000000000000000000, -1.025000000000000133 ) ) ;
#6009 = ORIENTED_EDGE ( 'NONE', *, *, #4517, .T. ) ;
#6010 = CARTESIAN_POINT ( 'NONE',  ( 3.024999999999999911, 1.649999999999999911, 2.024999999999999911 ) ) ;
#6011 = ORIENTED_EDGE ( 'NONE', *, *, #7579, .F. ) ;
#6012 = PLANE ( 'NONE',  #1649 ) ;
#6013 = FACE_OUTER_BOUND ( 'NONE', #4507, .T. ) ;
#6014 = PLANE ( 'NONE',  #6091 ) ;
#6015 = CARTESIAN_POINT ( 'NONE',  ( 6.975000000000000533, 1.850000000000000089, 2.024999999999999911 ) ) ;
#6016 = ORIENTED_EDGE ( 'NONE', *, *, #8696, .T. ) ;
#6017 = DIRECTION ( 'NONE',  ( 0.0000000000000000000, -1.000000000000000000, 0.0000000000000000000 ) ) ;
#6018 = ORIENTED_EDGE ( 'NONE', *, *, #11298, .F. ) ;
#6019 = ORIENTED_EDGE ( 'NONE', *, *, #2571, .F. ) ;
#6020 = VERTEX_POINT ( 'NONE', #7733 ) ;
#6021 = ADVANCED_FACE ( 'NONE', ( #1691 ), #9574, .T. ) ;
#6022 = VECTOR ( 'NONE', #8369, 1000.000000000000000 ) ;
#6023 = CARTESIAN_POINT ( 'NONE',  ( 4.474999999999999645, 0.0000000000000000000, -1.525000000000000133 ) ) ;
#6024 = LINE ( 'NONE', #9214, #8126 ) ;
#6025 = AXIS2_PLACEMENT_3D ( 'NONE', #11376, #5014, #1547 ) ;
#6026 = VECTOR ( 'NONE', #9726, 1000.000000000000000 ) ;
#6027 = DIRECTION ( 'NONE',  ( 1.000000000000000000, 0.0000000000000000000, 0.0000000000000000000 ) ) ;
#6028 = CARTESIAN_POINT ( 'NONE',  ( 10.37500000000000178, 1.000000000000000000, -1.525000000000000133 ) ) ;
#6029 = DIRECTION ( 'NONE',  ( -1.000000000000000000, 0.0000000000000000000, 0.0000000000000000000 ) ) ;
#6030 = EDGE_LOOP ( 'NONE', ( #7343, #8528, #5874, #9296, #2229, #8121 ) ) ;
#6031 = EDGE_CURVE ( 'NONE', #578, #7421, #2085, .T. ) ;
#6032 = ADVANCED_FACE ( 'NONE', ( #8839 ), #10342, .T. ) ;
#6033 = CARTESIAN_POINT ( 'NONE',  ( 0.5250000000000000222, 1.649999999999999911, 2.024999999999999911 ) ) ;
#6034 = ORIENTED_EDGE ( 'NONE', *, *, #3407, .T. ) ;
#6035 = COLOUR_RGB ( '',1.000000000000000000, 1.000000000000000000, 1.000000000000000000 ) ;
#6036 = DIRECTION ( 'NONE',  ( 1.000000000000000000, 0.0000000000000000000, 0.0000000000000000000 ) ) ;
#6037 = EDGE_CURVE ( 'NONE', #3890, #6406, #10798, .T. ) ;
#6038 = CARTESIAN_POINT ( 'NONE',  ( 8.024999999999998579, 1.649999999999999911, 2.024999999999999911 ) ) ;
#6039 = LINE ( 'NONE', #10354, #1272 ) ;
#6040 = VECTOR ( 'NONE', #10866, 1000.000000000000000 ) ;
#6041 = PLANE ( 'NONE',  #4985 ) ;
#6042 = EDGE_LOOP ( 'NONE', ( #7029, #10228, #8030, #773 ) ) ;
#6043 = DIRECTION ( 'NONE',  ( 1.000000000000000000, 0.0000000000000000000, 0.0000000000000000000 ) ) ;
#6044 = VERTEX_POINT ( 'NONE', #4081 ) ;
#6045 = COLOUR_RGB ( '',1.000000000000000000, 1.000000000000000000, 1.000000000000000000 ) ;
#6046 = EDGE_CURVE ( 'NONE', #1158, #22, #3910, .T. ) ;
#6047 = VECTOR ( 'NONE', #4805, 1000.000000000000000 ) ;
#6048 = FACE_OUTER_BOUND ( 'NONE', #4057, .T. ) ;
#6049 = PLANE ( 'NONE',  #6922 ) ;
#6050 = AXIS2_PLACEMENT_3D ( 'NONE', #2873, #6499, #9339 ) ;
#6051 = VERTEX_POINT ( 'NONE', #2314 ) ;
#6052 = VECTOR ( 'NONE', #2656, 1000.000000000000000 ) ;
#6053 = ORIENTED_EDGE ( 'NONE', *, *, #1815, .F. ) ;
#6054 = DIRECTION ( 'NONE',  ( 0.0000000000000000000, 0.0000000000000000000, 1.000000000000000000 ) ) ;
#6055 = VECTOR ( 'NONE', #9879, 1000.000000000000114 ) ;
#6056 = DIRECTION ( 'NONE',  ( 0.0000000000000000000, 1.000000000000000000, 0.0000000000000000000 ) ) ;
#6057 = CARTESIAN_POINT ( 'NONE',  ( -2.274999999999999911, 2.000000000000000000, -1.425000000000000044 ) ) ;
#6058 = FACE_OUTER_BOUND ( 'NONE', #5558, .T. ) ;
#6059 = DIRECTION ( 'NONE',  ( 0.0000000000000000000, 0.0000000000000000000, -1.000000000000000000 ) ) ;
#6060 = LINE ( 'NONE', #7489, #8887 ) ;
#6061 = DIRECTION ( 'NONE',  ( 0.0000000000000000000, -1.000000000000000000, 0.0000000000000000000 ) ) ;
#6062 = AXIS2_PLACEMENT_3D ( 'NONE', #9350, #8391, #406 ) ;
#6063 = ORIENTED_EDGE ( 'NONE', *, *, #8996, .F. ) ;
#6064 = VECTOR ( 'NONE', #3124, 1000.000000000000000 ) ;
#6065 = EDGE_CURVE ( 'NONE', #7412, #9113, #1825, .T. ) ;
#6066 = DIRECTION ( 'NONE',  ( 0.0000000000000000000, -1.000000000000000000, 0.0000000000000000000 ) ) ;
#6067 = CARTESIAN_POINT ( 'NONE',  ( -0.8249999999999999556, 1.850000000000000089, -1.698606797699999893 ) ) ;
#6068 = CLOSED_SHELL ( 'NONE', ( #10879, #6734, #2407, #5522, #69, #8381, #7451, #4849, #110, #3783, #6672, #2893, #10769, #9513, #6021, #2452, #2517, #1996 ) ) ;
#6069 = LINE ( 'NONE', #7864, #9162 ) ;
#6070 = DIRECTION ( 'NONE',  ( 1.000000000000000000, 0.0000000000000000000, 0.0000000000000000000 ) ) ;
#6071 = CARTESIAN_POINT ( 'NONE',  ( 4.474999999999999645, 1.000000000000000000, 1.525000000000000133 ) ) ;
#6072 = VECTOR ( 'NONE', #8536, 1000.000000000000000 ) ;
#6073 = LINE ( 'NONE', #11012, #3706 ) ;
#6074 = ORIENTED_EDGE ( 'NONE', *, *, #8319, .T. ) ;
#6075 = VECTOR ( 'NONE', #6472, 1000.000000000000000 ) ;
#6076 = AXIS2_PLACEMENT_3D ( 'NONE', #5289, #1580, #11443 ) ;
#6077 = ORIENTED_EDGE ( 'NONE', *, *, #5378, .T. ) ;
#6078 =( GEOMETRIC_REPRESENTATION_CONTEXT ( 3 ) GLOBAL_UNCERTAINTY_ASSIGNED_CONTEXT ( ( #10364 ) ) GLOBAL_UNIT_ASSIGNED_CONTEXT ( ( #11129, #3181, #4002 ) ) REPRESENTATION_CONTEXT ( 'NONE', 'WORKASPACE' ) );
#6079 = DIRECTION ( 'NONE',  ( 0.0000000000000000000, 0.0000000000000000000, 1.000000000000000000 ) ) ;
#6080 = ADVANCED_FACE ( 'NONE', ( #7398 ), #4193, .T. ) ;
#6081 = PLANE ( 'NONE',  #3221 ) ;
#6082 = EDGE_CURVE ( 'NONE', #7412, #5252, #5316, .T. ) ;
#6083 = EDGE_CURVE ( 'NONE', #8248, #9877, #11343, .T. ) ;
#6084 = VECTOR ( 'NONE', #2541, 1000.000000000000000 ) ;
#6085 = LINE ( 'NONE', #1039, #11292 ) ;
#6086 = ORIENTED_EDGE ( 'NONE', *, *, #8889, .T. ) ;
#6087 = VECTOR ( 'NONE', #858, 1000.000000000000000 ) ;
#6088 = DIRECTION ( 'NONE',  ( 0.0000000000000000000, -0.0000000000000000000, -1.000000000000000000 ) ) ;
#6089 = ORIENTED_EDGE ( 'NONE', *, *, #1075, .F. ) ;
#6090 = CARTESIAN_POINT ( 'NONE',  ( 0.7250000000000000888, 1.350000000000000089, 1.525000000000000133 ) ) ;
#6091 = AXIS2_PLACEMENT_3D ( 'NONE', #11396, #5112, #5975 ) ;
#6092 = VECTOR ( 'NONE', #3039, 1000.000000000000000 ) ;
#6093 = FACE_OUTER_BOUND ( 'NONE', #3554, .T. ) ;
#6094 = CARTESIAN_POINT ( 'NONE',  ( 4.474999999999999645, 1.850000000000000089, 2.024999999999999911 ) ) ;
#6095 = CARTESIAN_POINT ( 'NONE',  ( -2.024999999999999911, 2.250000000000000000, -2.024999999999999911 ) ) ;
#6096 = CARTESIAN_POINT ( 'NONE',  ( 5.724999999999999645, 1.850000000000000089, 2.024999999999999911 ) ) ;
#6097 = VERTEX_POINT ( 'NONE', #7939 ) ;
#6098 = ORIENTED_EDGE ( 'NONE', *, *, #6910, .T. ) ;
#6099 = EDGE_CURVE ( 'NONE', #2493, #8791, #11056, .T. ) ;
#6100 = LINE ( 'NONE', #208, #11585 ) ;
#6101 = LINE ( 'NONE', #4055, #4149 ) ;
#6102 = UNCERTAINTY_MEASURE_WITH_UNIT (LENGTH_MEASURE( 1.000000000000000082E-05 ), #11273, 'distance_accuracy_value', 'NONE');
#6103 = ORIENTED_EDGE ( 'NONE', *, *, #10140, .F. ) ;
#6104 = ORIENTED_EDGE ( 'NONE', *, *, #3733, .F. ) ;
#6105 = CARTESIAN_POINT ( 'NONE',  ( 7.074999999999999289, 1.850000000000000089, -1.698606797699999893 ) ) ;
#6106 = CARTESIAN_POINT ( 'NONE',  ( 0.5150000000000000133, 1.850000000000000089, -1.025000000000000133 ) ) ;
#6107 = FACE_OUTER_BOUND ( 'NONE', #6211, .T. ) ;
#6108 = LINE ( 'NONE', #8709, #10620 ) ;
#6109 = EDGE_CURVE ( 'NONE', #3485, #4409, #8691, .T. ) ;
#6110 = FACE_OUTER_BOUND ( 'NONE', #9423, .T. ) ;
#6111 = EDGE_CURVE ( 'NONE', #7309, #2793, #10365, .T. ) ;
#6112 = ORIENTED_EDGE ( 'NONE', *, *, #7005, .F. ) ;
#6113 = AXIS2_PLACEMENT_3D ( 'NONE', #5661, #284, #7442 ) ;
#6114 = CARTESIAN_POINT ( 'NONE',  ( 9.525000000000002132, 2.250000000000000000, -2.024999999999999911 ) ) ;
#6115 = SURFACE_SIDE_STYLE ('',( #11175 ) ) ;
#6116 = DIRECTION ( 'NONE',  ( 1.000000000000000000, 0.0000000000000000000, 0.0000000000000000000 ) ) ;
#6117 = ORIENTED_EDGE ( 'NONE', *, *, #7643, .F. ) ;
#6118 = VECTOR ( 'NONE', #329, 1000.000000000000000 ) ;
#6119 = DIRECTION ( 'NONE',  ( 1.000000000000000000, 0.0000000000000000000, 0.0000000000000000000 ) ) ;
#6120 = PRESENTATION_STYLE_ASSIGNMENT (( #3043 ) ) ;
#6121 = VECTOR ( 'NONE', #10612, 1000.000000000000000 ) ;
#6122 = ORIENTED_EDGE ( 'NONE', *, *, #4054, .F. ) ;
#6123 = CARTESIAN_POINT ( 'NONE',  ( -2.475000000000000089, 3.600000000000000089, -1.425000000000000933 ) ) ;
#6124 = EDGE_CURVE ( 'NONE', #8097, #6127, #6287, .T. ) ;
#6125 = CARTESIAN_POINT ( 'NONE',  ( 3.234999999999999876, 0.0000000000000000000, -1.474999999999999867 ) ) ;
#6126 = CARTESIAN_POINT ( 'NONE',  ( 1.975000000000000089, 0.0000000000000000000, -2.024999999999999911 ) ) ;
#6127 = VERTEX_POINT ( 'NONE', #4351 ) ;
#6128 = DIRECTION ( 'NONE',  ( 0.0000000000000000000, 0.0000000000000000000, -1.000000000000000000 ) ) ;
#6129 = ORIENTED_EDGE ( 'NONE', *, *, #7560, .F. ) ;
#6130 = ADVANCED_FACE ( 'NONE', ( #11625 ), #2599, .T. ) ;
#6131 = EDGE_LOOP ( 'NONE', ( #6836, #7003, #6554, #10663 ) ) ;
#6132 = LINE ( 'NONE', #10859, #11614 ) ;
#6133 = VECTOR ( 'NONE', #3915, 1000.000000000000000 ) ;
#6134 = CARTESIAN_POINT ( 'NONE',  ( -0.5250000000000000222, 1.350000000000000089, 0.0000000000000000000 ) ) ;
#6135 = DIRECTION ( 'NONE',  ( -0.0000000000000000000, 1.000000000000000000, 0.0000000000000000000 ) ) ;
#6136 = DIRECTION ( 'NONE',  ( -1.000000000000000000, 0.0000000000000000000, 0.0000000000000000000 ) ) ;
#6137 = ORIENTED_EDGE ( 'NONE', *, *, #7036, .T. ) ;
#6138 = VERTEX_POINT ( 'NONE', #9652 ) ;
#6139 = ORIENTED_EDGE ( 'NONE', *, *, #3646, .F. ) ;
#6140 = ORIENTED_EDGE ( 'NONE', *, *, #3288, .T. ) ;
#6141 = ORIENTED_EDGE ( 'NONE', *, *, #5134, .T. ) ;
#6142 = PRESENTATION_STYLE_ASSIGNMENT (( #9767 ) ) ;
#6143 = EDGE_CURVE ( 'NONE', #1256, #9943, #6711, .T. ) ;
#6144 = PLANE ( 'NONE',  #5732 ) ;
#6145 = LINE ( 'NONE', #813, #2086 ) ;
#6146 = EDGE_CURVE ( 'NONE', #7151, #5266, #845, .T. ) ;
#6147 = ORIENTED_EDGE ( 'NONE', *, *, #3866, .F. ) ;
#6148 = DIRECTION ( 'NONE',  ( 0.0000000000000000000, 1.000000000000000000, 0.0000000000000000000 ) ) ;
#6149 = ORIENTED_EDGE ( 'NONE', *, *, #7186, .T. ) ;
#6150 = ORIENTED_EDGE ( 'NONE', *, *, #10832, .T. ) ;
#6151 = ORIENTED_EDGE ( 'NONE', *, *, #10585, .T. ) ;
#6152 = DIRECTION ( 'NONE',  ( 0.0000000000000000000, 0.0000000000000000000, 1.000000000000000000 ) ) ;
#6153 = CARTESIAN_POINT ( 'NONE',  ( 1.975000000000000089, 0.0000000000000000000, -1.525000000000000133 ) ) ;
#6154 = CARTESIAN_POINT ( 'NONE',  ( 8.014999999999998792, 1.649999999999999911, -1.474999999999999867 ) ) ;
#6155 = LINE ( 'NONE', #3461, #7282 ) ;
#6156 = MECHANICAL_DESIGN_GEOMETRIC_PRESENTATION_REPRESENTATION (  '', ( #5190 ), #1146 ) ;
#6157 = LINE ( 'NONE', #10586, #7845 ) ;
#6158 = AXIS2_PLACEMENT_3D ( 'NONE', #9331, #4839, #3958 ) ;
#6159 = DIRECTION ( 'NONE',  ( 0.0000000000000000000, -1.000000000000000000, -0.0000000000000000000 ) ) ;
#6160 = ORIENTED_EDGE ( 'NONE', *, *, #1090, .F. ) ;
#6161 = CARTESIAN_POINT ( 'NONE',  ( 9.775000000000002132, 4.249999999999998224, -2.075000000000001510 ) ) ;
#6162 = VERTEX_POINT ( 'NONE', #8869 ) ;
#6163 = VERTEX_POINT ( 'NONE', #5161 ) ;
#6164 = VECTOR ( 'NONE', #511, 1000.000000000000000 ) ;
#6165 = DIRECTION ( 'NONE',  ( 0.0000000000000000000, 0.0000000000000000000, 1.000000000000000000 ) ) ;
#6166 = CARTESIAN_POINT ( 'NONE',  ( 8.375000000000001776, 2.250000000000000000, -2.024999999999999911 ) ) ;
#6167 = LINE ( 'NONE', #5786, #8000 ) ;
#6168 = EDGE_CURVE ( 'NONE', #6924, #5825, #9114, .T. ) ;
#6169 = DIRECTION ( 'NONE',  ( 0.0000000000000000000, 1.000000000000000000, 0.0000000000000000000 ) ) ;
#6170 = CARTESIAN_POINT ( 'NONE',  ( -0.5250000000000000222, 0.0000000000000000000, -1.525000000000000133 ) ) ;
#6171 =( NAMED_UNIT ( * ) SI_UNIT ( $, .STERADIAN. ) SOLID_ANGLE_UNIT ( ) );
#6172 = ORIENTED_EDGE ( 'NONE', *, *, #10761, .T. ) ;
#6173 = VERTEX_POINT ( 'NONE', #874 ) ;
#6174 = CARTESIAN_POINT ( 'NONE',  ( 4.274999999999999467, 0.3500000000000000333, -2.024999999999999911 ) ) ;
#6175 = DIRECTION ( 'NONE',  ( -1.000000000000000000, 0.0000000000000000000, 0.0000000000000000000 ) ) ;
#6176 = AXIS2_PLACEMENT_3D ( 'NONE', #9504, #4128, #10398 ) ;
#6177 = DIRECTION ( 'NONE',  ( 0.0000000000000000000, -0.0000000000000000000, 1.000000000000000000 ) ) ;
#6178 = DIRECTION ( 'NONE',  ( -1.000000000000000000, 0.0000000000000000000, 0.0000000000000000000 ) ) ;
#6179 = ORIENTED_EDGE ( 'NONE', *, *, #6858, .F. ) ;
#6180 = PLANE ( 'NONE',  #5636 ) ;
#6181 = LINE ( 'NONE', #19, #1860 ) ;
#6182 = VECTOR ( 'NONE', #1892, 1000.000000000000000 ) ;
#6183 = CARTESIAN_POINT ( 'NONE',  ( 4.474999999999999645, 0.0000000000000000000, 2.024999999999999911 ) ) ;
#6184 = VECTOR ( 'NONE', #9655, 1000.000000000000114 ) ;
#6185 = EDGE_CURVE ( 'NONE', #5310, #7746, #10928, .T. ) ;
#6186 = DIRECTION ( 'NONE',  ( 0.0000000000000000000, 0.0000000000000000000, 1.000000000000000000 ) ) ;
#6187 = MANIFOLD_SOLID_BREP ( 'Body-Move/Copy4[2]', #3016 ) ;
#6188 = EDGE_LOOP ( 'NONE', ( #7533, #7705, #1018, #909, #7355, #8983, #4462, #6740 ) ) ;
#6189 = DIRECTION ( 'NONE',  ( 0.0000000000000000000, -1.084202172485501673E-15, -1.000000000000000000 ) ) ;
#6190 = ORIENTED_EDGE ( 'NONE', *, *, #10998, .T. ) ;
#6191 = VECTOR ( 'NONE', #3895, 1000.000000000000000 ) ;
#6192 = VECTOR ( 'NONE', #2549, 1000.000000000000000 ) ;
#6193 = CARTESIAN_POINT ( 'NONE',  ( 1.775000000000000133, 1.850000000000000089, 2.024999999999999911 ) ) ;
#6194 = LINE ( 'NONE', #1923, #7882 ) ;
#6195 = DIRECTION ( 'NONE',  ( -1.000000000000000000, 0.0000000000000000000, 0.0000000000000000000 ) ) ;
#6196 = CARTESIAN_POINT ( 'NONE',  ( 6.975000000000000533, -0.6500000000000000222, -1.775000000000000133 ) ) ;
#6197 = CARTESIAN_POINT ( 'NONE',  ( 5.724999999999999645, 0.3500000000000000333, -2.024999999999999911 ) ) ;
#6198 = ORIENTED_EDGE ( 'NONE', *, *, #2727, .T. ) ;
#6199 = ORIENTED_EDGE ( 'NONE', *, *, #2933, .F. ) ;
#6200 = AXIS2_PLACEMENT_3D ( 'NONE', #4100, #9559, #8484 ) ;
#6201 = EDGE_CURVE ( 'NONE', #3059, #5872, #6831, .T. ) ;
#6202 = ORIENTED_EDGE ( 'NONE', *, *, #2225, .F. ) ;
#6203 = LINE ( 'NONE', #674, #2586 ) ;
#6204 = CARTESIAN_POINT ( 'NONE',  ( -0.8750000000000000000, 3.750000000000000000, -2.024999999999999911 ) ) ;
#6205 = VECTOR ( 'NONE', #6745, 1000.000000000000000 ) ;
#6206 = FACE_BOUND ( 'NONE', #6492, .T. ) ;
#6207 = CARTESIAN_POINT ( 'NONE',  ( 10.00000000000000178, 4.240000000000000213, 2.024999999999999911 ) ) ;
#6208 = EDGE_LOOP ( 'NONE', ( #4447, #1411, #1238, #7686 ) ) ;
#6209 = CARTESIAN_POINT ( 'NONE',  ( 10.37500000000000178, 3.600000000000000977, -1.425000000000000044 ) ) ;
#6210 = CARTESIAN_POINT ( 'NONE',  ( 6.985000000000000320, 1.850000000000000089, -2.024999999999999911 ) ) ;
#6211 = EDGE_LOOP ( 'NONE', ( #9704, #3784, #1269, #9066 ) ) ;
#6212 = DIRECTION ( 'NONE',  ( 0.0000000000000000000, 1.000000000000000000, 0.0000000000000000000 ) ) ;
#6213 = FACE_OUTER_BOUND ( 'NONE', #1673, .T. ) ;
#6214 = DIRECTION ( 'NONE',  ( 1.000000000000000000, 0.0000000000000000000, 0.0000000000000000000 ) ) ;
#6215 = VECTOR ( 'NONE', #8801, 1000.000000000000000 ) ;
#6216 = EDGE_CURVE ( 'NONE', #8932, #1709, #1949, .T. ) ;
#6217 = CARTESIAN_POINT ( 'NONE',  ( 8.024999999999998579, 0.3500000000000000333, -2.024999999999999911 ) ) ;
#6218 = EDGE_CURVE ( 'NONE', #10668, #9023, #8238, .T. ) ;
#6219 = CARTESIAN_POINT ( 'NONE',  ( 4.485000000000000320, 1.000000000000000000, -1.025000000000000133 ) ) ;
#6220 = ORIENTED_EDGE ( 'NONE', *, *, #7073, .F. ) ;
#6221 = LINE ( 'NONE', #3030, #2607 ) ;
#6222 = CARTESIAN_POINT ( 'NONE',  ( 2.575000000000000178, 1.850000000000000089, -1.474999999999999867 ) ) ;
#6223 = EDGE_LOOP ( 'NONE', ( #3698, #2985, #2190, #663 ) ) ;
#6224 = DIRECTION ( 'NONE',  ( 0.0000000000000000000, -1.000000000000000000, 0.0000000000000000000 ) ) ;
#6225 = DIRECTION ( 'NONE',  ( 0.0000000000000000000, 0.0000000000000000000, -1.000000000000000000 ) ) ;
#6226 = VECTOR ( 'NONE', #7469, 1000.000000000000000 ) ;
#6227 = MECHANICAL_DESIGN_GEOMETRIC_PRESENTATION_REPRESENTATION (  '', ( #10445 ), #10520 ) ;
#6228 = ORIENTED_EDGE ( 'NONE', *, *, #7070, .T. ) ;
#6229 = LINE ( 'NONE', #9006, #6087 ) ;
#6230 = MECHANICAL_DESIGN_GEOMETRIC_PRESENTATION_REPRESENTATION (  '', ( #11496 ), #9483 ) ;
#6231 = DIRECTION ( 'NONE',  ( 0.0000000000000000000, 2.148487149506091871E-16, 1.000000000000000000 ) ) ;
#6232 = ORIENTED_EDGE ( 'NONE', *, *, #2024, .T. ) ;
#6233 = CARTESIAN_POINT ( 'NONE',  ( 6.974999999999999645, 0.05000000000000002359, -1.775000000000000133 ) ) ;
#6234 = DIRECTION ( 'NONE',  ( -1.000000000000000000, 0.0000000000000000000, 0.0000000000000000000 ) ) ;
#6235 = VECTOR ( 'NONE', #7299, 1000.000000000000000 ) ;
#6236 = VECTOR ( 'NONE', #320, 1000.000000000000000 ) ;
#6237 = COLOUR_RGB ( '',1.000000000000000000, 1.000000000000000000, 1.000000000000000000 ) ;
#6238 = ORIENTED_EDGE ( 'NONE', *, *, #8103, .T. ) ;
#6239 = ORIENTED_EDGE ( 'NONE', *, *, #498, .T. ) ;
#6240 = CARTESIAN_POINT ( 'NONE',  ( 1.775000000000000133, 0.0000000000000000000, 2.024999999999999911 ) ) ;
#6241 = CARTESIAN_POINT ( 'NONE',  ( 1.675000000000000044, 1.850000000000000089, -1.698606797699999893 ) ) ;
#6242 = PRESENTATION_LAYER_ASSIGNMENT (  '', '', ( #3859 ) ) ;
#6243 = DIRECTION ( 'NONE',  ( 1.000000000000000000, 0.0000000000000000000, 0.0000000000000000000 ) ) ;
#6244 = CARTESIAN_POINT ( 'NONE',  ( 6.775000000000000355, 1.315130797599999957, 1.171117220399999770 ) ) ;
#6245 = VECTOR ( 'NONE', #3018, 1000.000000000000000 ) ;
#6246 = DIRECTION ( 'NONE',  ( -0.0000000000000000000, 0.0000000000000000000, 1.000000000000000000 ) ) ;
#6247 = FACE_OUTER_BOUND ( 'NONE', #5163, .T. ) ;
#6248 = UNCERTAINTY_MEASURE_WITH_UNIT (LENGTH_MEASURE( 1.000000000000000082E-05 ), #9277, 'distance_accuracy_value', 'NONE');
#6249 = ORIENTED_EDGE ( 'NONE', *, *, #8681, .T. ) ;
#6250 = EDGE_LOOP ( 'NONE', ( #11513, #2031, #4302, #11454 ) ) ;
#6251 = ORIENTED_EDGE ( 'NONE', *, *, #1783, .F. ) ;
#6252 = PLANE ( 'NONE',  #4458 ) ;
#6253 = CARTESIAN_POINT ( 'NONE',  ( 3.324999999999999734, 1.850000000000000089, -1.698606797699999893 ) ) ;
#6254 = EDGE_CURVE ( 'NONE', #9674, #11339, #7387, .T. ) ;
#6255 = CARTESIAN_POINT ( 'NONE',  ( 4.275000000000000355, 1.000000000000000000, 0.0000000000000000000 ) ) ;
#6256 = CARTESIAN_POINT ( 'NONE',  ( 9.775000000000002132, 2.250000000000000000, -2.024999999999999911 ) ) ;
#6257 = DIRECTION ( 'NONE',  ( 1.000000000000000000, 0.0000000000000000000, 0.0000000000000000000 ) ) ;
#6258 = ORIENTED_EDGE ( 'NONE', *, *, #3944, .T. ) ;
#6259 = FILL_AREA_STYLE ('',( #884 ) ) ;
#6260 = LINE ( 'NONE', #3567, #961 ) ;
#6261 = FACE_OUTER_BOUND ( 'NONE', #6337, .T. ) ;
#6262 = DIRECTION ( 'NONE',  ( -1.000000000000000000, 0.0000000000000000000, 0.0000000000000000000 ) ) ;
#6263 = ORIENTED_EDGE ( 'NONE', *, *, #7528, .F. ) ;
#6264 = ORIENTED_EDGE ( 'NONE', *, *, #1000, .F. ) ;
#6265 = EDGE_CURVE ( 'NONE', #5907, #9854, #9383, .T. ) ;
#6266 = ORIENTED_EDGE ( 'NONE', *, *, #2695, .T. ) ;
#6267 = CARTESIAN_POINT ( 'NONE',  ( 0.7250000000000000888, 0.3499999999999999778, -2.075000000000000178 ) ) ;
#6268 = CARTESIAN_POINT ( 'NONE',  ( 4.474999999999999645, 0.05000000000000002359, -1.524999999999999689 ) ) ;
#6269 = EDGE_CURVE ( 'NONE', #4491, #2048, #7257, .T. ) ;
#6270 = ORIENTED_EDGE ( 'NONE', *, *, #2137, .F. ) ;
#6271 = VECTOR ( 'NONE', #11423, 1000.000000000000000 ) ;
#6272 = DIRECTION ( 'NONE',  ( 1.000000000000000000, 0.0000000000000000000, 0.0000000000000000000 ) ) ;
#6273 = LINE ( 'NONE', #3874, #11482 ) ;
#6274 = AXIS2_PLACEMENT_3D ( 'NONE', #11107, #4862, #7516 ) ;
#6275 = CARTESIAN_POINT ( 'NONE',  ( 6.974999999999999645, 0.0000000000000000000, 0.0000000000000000000 ) ) ;
#6276 = DIRECTION ( 'NONE',  ( 0.0000000000000000000, 1.000000000000000000, 0.0000000000000000000 ) ) ;
#6277 = CARTESIAN_POINT ( 'NONE',  ( -1.875000000000000000, 0.5000000000000000000, -1.474999999999999867 ) ) ;
#6278 = ORIENTED_EDGE ( 'NONE', *, *, #5268, .F. ) ;
#6279 = ADVANCED_FACE ( 'NONE', ( #4872 ), #10748, .F. ) ;
#6280 = CARTESIAN_POINT ( 'NONE',  ( 4.474999999999999645, 1.850000000000000089, 0.0000000000000000000 ) ) ;
#6281 = ORIENTED_EDGE ( 'NONE', *, *, #8322, .F. ) ;
#6282 = ORIENTED_EDGE ( 'NONE', *, *, #10171, .F. ) ;
#6283 = CARTESIAN_POINT ( 'NONE',  ( -0.8750000000000000000, 3.750000000000000000, -2.024999999999999911 ) ) ;
#6284 = VERTEX_POINT ( 'NONE', #3642 ) ;
#6285 = ORIENTED_EDGE ( 'NONE', *, *, #2683, .F. ) ;
#6286 = ORIENTED_EDGE ( 'NONE', *, *, #3932, .T. ) ;
#6287 = LINE ( 'NONE', #7008, #5720 ) ;
#6288 = DIRECTION ( 'NONE',  ( 0.0000000000000000000, -1.000000000000000000, 0.0000000000000000000 ) ) ;
#6289 = MECHANICAL_DESIGN_GEOMETRIC_PRESENTATION_REPRESENTATION (  '', ( #515 ), #7111 ) ;
#6290 = CARTESIAN_POINT ( 'NONE',  ( 8.225000000000003197, 0.0000000000000000000, 2.024999999999999911 ) ) ;
#6291 = EDGE_CURVE ( 'NONE', #7978, #4498, #4464, .T. ) ;
#6292 = CARTESIAN_POINT ( 'NONE',  ( 6.675000000000000711, 1.850000000000000089, 2.024999999999999911 ) ) ;
#6293 = ORIENTED_EDGE ( 'NONE', *, *, #10639, .T. ) ;
#6294 = DIRECTION ( 'NONE',  ( 0.0000000000000000000, 0.0000000000000000000, 1.000000000000000000 ) ) ;
#6295 = ORIENTED_EDGE ( 'NONE', *, *, #7714, .F. ) ;
#6296 = ORIENTED_EDGE ( 'NONE', *, *, #11260, .T. ) ;
#6297 = ORIENTED_EDGE ( 'NONE', *, *, #817, .T. ) ;
#6298 = ORIENTED_EDGE ( 'NONE', *, *, #1719, .T. ) ;
#6299 = DIRECTION ( 'NONE',  ( -0.0000000000000000000, 1.000000000000000000, 0.0000000000000000000 ) ) ;
#6300 = ORIENTED_EDGE ( 'NONE', *, *, #10246, .T. ) ;
#6301 = VECTOR ( 'NONE', #4000, 1000.000000000000000 ) ;
#6302 = LINE ( 'NONE', #4821, #2806 ) ;
#6303 = DIRECTION ( 'NONE',  ( 0.0000000000000000000, 0.0000000000000000000, 1.000000000000000000 ) ) ;
#6304 = SURFACE_SIDE_STYLE ('',( #8756 ) ) ;
#6305 = DIRECTION ( 'NONE',  ( 1.000000000000000000, 0.0000000000000000000, 0.0000000000000000000 ) ) ;
#6306 = CARTESIAN_POINT ( 'NONE',  ( 6.775000000000000355, 1.649999999999999911, -1.698606797699999893 ) ) ;
#6307 = VERTEX_POINT ( 'NONE', #990 ) ;
#6308 = AXIS2_PLACEMENT_3D ( 'NONE', #5570, #192, #2078 ) ;
#6309 = ORIENTED_EDGE ( 'NONE', *, *, #6948, .T. ) ;
#6310 = ORIENTED_EDGE ( 'NONE', *, *, #3234, .T. ) ;
#6311 = EDGE_CURVE ( 'NONE', #2089, #7068, #243, .T. ) ;
#6312 = EDGE_CURVE ( 'NONE', #8572, #2056, #1677, .T. ) ;
#6313 = LINE ( 'NONE', #8918, #2244 ) ;
#6314 = DIRECTION ( 'NONE',  ( 1.000000000000000000, 0.0000000000000000000, 0.0000000000000000000 ) ) ;
#6315 = ORIENTED_EDGE ( 'NONE', *, *, #10120, .F. ) ;
#6316 = DIRECTION ( 'NONE',  ( 0.0000000000000000000, -0.0000000000000000000, 1.000000000000000000 ) ) ;
#6317 = CARTESIAN_POINT ( 'NONE',  ( 5.735000000000000320, 1.649999999999999911, -1.025000000000000133 ) ) ;
#6318 = ORIENTED_EDGE ( 'NONE', *, *, #4614, .F. ) ;
#6319 = VECTOR ( 'NONE', #2404, 1000.000000000000000 ) ;
#6320 = AXIS2_PLACEMENT_3D ( 'NONE', #6923, #11358, #5038 ) ;
#6321 = FACE_OUTER_BOUND ( 'NONE', #6830, .T. ) ;
#6322 = AXIS2_PLACEMENT_3D ( 'NONE', #7476, #485, #2197 ) ;
#6323 = VECTOR ( 'NONE', #6814, 1000.000000000000000 ) ;
#6324 = ORIENTED_EDGE ( 'NONE', *, *, #963, .F. ) ;
#6325 = DIRECTION ( 'NONE',  ( 0.0000000000000000000, 0.0000000000000000000, -1.000000000000000000 ) ) ;
#6326 = ORIENTED_EDGE ( 'NONE', *, *, #11400, .T. ) ;
#6327 = CARTESIAN_POINT ( 'NONE',  ( 8.225000000000003197, 1.850000000000000089, 2.024999999999999911 ) ) ;
#6328 = EDGE_CURVE ( 'NONE', #10278, #9425, #5010, .T. ) ;
#6329 = CARTESIAN_POINT ( 'NONE',  ( 7.875000000000001776, 3.750000000000000000, -2.024999999999999911 ) ) ;
#6330 = VECTOR ( 'NONE', #6485, 1000.000000000000000 ) ;
#6331 = DIRECTION ( 'NONE',  ( 1.000000000000000000, 0.0000000000000000000, 0.0000000000000000000 ) ) ;
#6332 = LINE ( 'NONE', #2047, #2568 ) ;
#6333 = ORIENTED_EDGE ( 'NONE', *, *, #752, .T. ) ;
#6334 = LINE ( 'NONE', #2694, #10976 ) ;
#6335 = ADVANCED_FACE ( 'NONE', ( #5304 ), #1062, .T. ) ;
#6336 = CARTESIAN_POINT ( 'NONE',  ( 9.956138830084190872, 2.250000000000000000, -0.4749999999999999778 ) ) ;
#6337 = EDGE_LOOP ( 'NONE', ( #1116, #6965, #10397, #1527, #8088, #7413 ) ) ;
#6338 = CARTESIAN_POINT ( 'NONE',  ( -0.4249999999999999889, 1.649999999999999911, -1.698606797699999893 ) ) ;
#6339 = VECTOR ( 'NONE', #4668, 1000.000000000000000 ) ;
#6340 = CARTESIAN_POINT ( 'NONE',  ( 1.975000000000000089, 1.649999999999999911, -1.698606797699999893 ) ) ;
#6341 = EDGE_CURVE ( 'NONE', #10939, #2747, #2363, .T. ) ;
#6342 = EDGE_CURVE ( 'NONE', #11479, #239, #9522, .T. ) ;
#6343 = LINE ( 'NONE', #6255, #3830 ) ;
#6344 = CARTESIAN_POINT ( 'NONE',  ( 5.525000000000000355, 0.3500000000000000333, -2.024999999999999911 ) ) ;
#6345 = EDGE_CURVE ( 'NONE', #7244, #368, #10206, .T. ) ;
#6346 = ORIENTED_EDGE ( 'NONE', *, *, #5561, .F. ) ;
#6347 = VECTOR ( 'NONE', #6148, 1000.000000000000000 ) ;
#6348 = EDGE_LOOP ( 'NONE', ( #9317, #5528, #11458, #10446, #9076, #10900, #10713, #2250 ) ) ;
#6349 = VECTOR ( 'NONE', #2151, 1000.000000000000000 ) ;
#6350 =( NAMED_UNIT ( * ) PLANE_ANGLE_UNIT ( ) SI_UNIT ( $, .RADIAN. ) );
#6351 = CARTESIAN_POINT ( 'NONE',  ( 5.724999999999999645, 0.5000000000000000000, -1.525000000000000133 ) ) ;
#6352 = VECTOR ( 'NONE', #8837, 1000.000000000000000 ) ;
#6353 = ADVANCED_FACE ( 'NONE', ( #542 ), #1852, .T. ) ;
#6354 =( GEOMETRIC_REPRESENTATION_CONTEXT ( 3 ) GLOBAL_UNCERTAINTY_ASSIGNED_CONTEXT ( ( #6102 ) ) GLOBAL_UNIT_ASSIGNED_CONTEXT ( ( #11273, #6674, #1314 ) ) REPRESENTATION_CONTEXT ( 'NONE', 'WORKASPACE' ) );
#6355 = VERTEX_POINT ( 'NONE', #3684 ) ;
#6356 = EDGE_CURVE ( 'NONE', #10677, #2384, #6132, .T. ) ;
#6357 =( NAMED_UNIT ( * ) SI_UNIT ( $, .STERADIAN. ) SOLID_ANGLE_UNIT ( ) );
#6358 = ORIENTED_EDGE ( 'NONE', *, *, #7301, .T. ) ;
#6359 = CARTESIAN_POINT ( 'NONE',  ( 3.225000000000000089, 0.3500000000000000333, -2.024999999999999911 ) ) ;
#6360 = DIRECTION ( 'NONE',  ( 1.000000000000000000, 0.0000000000000000000, 0.0000000000000000000 ) ) ;
#6361 = VECTOR ( 'NONE', #478, 1000.000000000000000 ) ;
#6362 = FACE_OUTER_BOUND ( 'NONE', #2513, .T. ) ;
#6363 = CARTESIAN_POINT ( 'NONE',  ( 9.375000000000001776, 3.750000000000000000, 0.02500000000000000139 ) ) ;
#6364 = CARTESIAN_POINT ( 'NONE',  ( 0.7349999999999999867, 1.850000000000000089, -1.025000000000000133 ) ) ;
#6365 = ORIENTED_EDGE ( 'NONE', *, *, #4940, .T. ) ;
#6366 = VECTOR ( 'NONE', #5721, 1000.000000000000000 ) ;
#6367 = DIRECTION ( 'NONE',  ( 1.000000000000000000, 0.0000000000000000000, 0.0000000000000000000 ) ) ;
#6368 = ORIENTED_EDGE ( 'NONE', *, *, #7994, .F. ) ;
#6369 = EDGE_CURVE ( 'NONE', #970, #4611, #3208, .T. ) ;
#6370 = DIRECTION ( 'NONE',  ( -1.000000000000000000, 0.0000000000000000000, 0.0000000000000000000 ) ) ;
#6371 = DIRECTION ( 'NONE',  ( -0.0000000000000000000, 1.000000000000000000, -0.0000000000000000000 ) ) ;
#6372 = EDGE_CURVE ( 'NONE', #6733, #11182, #1378, .T. ) ;
#6373 = FACE_OUTER_BOUND ( 'NONE', #1957, .T. ) ;
#6374 = LINE ( 'NONE', #3904, #10755 ) ;
#6375 = DIRECTION ( 'NONE',  ( 0.0000000000000000000, -0.8660254037883289291, -0.4999999999932619454 ) ) ;
#6376 = CARTESIAN_POINT ( 'NONE',  ( 9.375000000000001776, 3.750000000000000000, -2.024999999999999911 ) ) ;
#6377 = ORIENTED_EDGE ( 'NONE', *, *, #4020, .F. ) ;
#6378 = VERTEX_POINT ( 'NONE', #10781 ) ;
#6379 = ORIENTED_EDGE ( 'NONE', *, *, #5893, .T. ) ;
#6380 = CARTESIAN_POINT ( 'NONE',  ( 0.7249999999999999778, 1.315130797599999957, 1.171117220399999770 ) ) ;
#6381 = MECHANICAL_DESIGN_GEOMETRIC_PRESENTATION_REPRESENTATION (  '', ( #2423 ), #3991 ) ;
#6382 = LINE ( 'NONE', #1397, #10754 ) ;
#6383 = LINE ( 'NONE', #4426, #4017 ) ;
#6384 = VERTEX_POINT ( 'NONE', #5697 ) ;
#6385 = ORIENTED_EDGE ( 'NONE', *, *, #7458, .T. ) ;
#6386 = CARTESIAN_POINT ( 'NONE',  ( 3.024999999999999911, -0.6500000000000000222, -1.775000000000000133 ) ) ;
#6387 = ORIENTED_EDGE ( 'NONE', *, *, #9560, .F. ) ;
#6388 = ADVANCED_FACE ( 'NONE', ( #5456 ), #6513, .T. ) ;
#6389 = EDGE_CURVE ( 'NONE', #2308, #2630, #2796, .T. ) ;
#6390 = VECTOR ( 'NONE', #2978, 1000.000000000000000 ) ;
#6391 = CARTESIAN_POINT ( 'NONE',  ( 1.675000000000000044, 1.850000000000000089, -1.698606797699999893 ) ) ;
#6392 = LINE ( 'NONE', #10971, #2342 ) ;
#6393 = FACE_OUTER_BOUND ( 'NONE', #5229, .T. ) ;
#6394 = ORIENTED_EDGE ( 'NONE', *, *, #9168, .T. ) ;
#6395 = SURFACE_STYLE_USAGE ( .BOTH. , #9947 ) ;
#6396 = CARTESIAN_POINT ( 'NONE',  ( 10.37500000000000178, 1.949999999999999512, 2.025000000000007017 ) ) ;
#6397 = AXIS2_PLACEMENT_3D ( 'NONE', #3348, #10519, #2367 ) ;
#6398 = CARTESIAN_POINT ( 'NONE',  ( 6.775000000000000355, 1.850000000000000089, 2.024999999999999911 ) ) ;
#6399 = DIRECTION ( 'NONE',  ( -1.000000000000000000, 0.0000000000000000000, 0.0000000000000000000 ) ) ;
#6400 = SURFACE_SIDE_STYLE ('',( #2920 ) ) ;
#6401 = ORIENTED_EDGE ( 'NONE', *, *, #437, .F. ) ;
#6402 = LINE ( 'NONE', #6669, #7947 ) ;
#6403 = EDGE_CURVE ( 'NONE', #2243, #3150, #1106, .T. ) ;
#6404 = LINE ( 'NONE', #7726, #5989 ) ;
#6405 = EDGE_CURVE ( 'NONE', #6558, #9118, #7662, .T. ) ;
#6406 = VERTEX_POINT ( 'NONE', #5629 ) ;
#6407 = EDGE_CURVE ( 'NONE', #9864, #5003, #832, .T. ) ;
#6408 = CARTESIAN_POINT ( 'NONE',  ( -0.7249999999999999778, 1.315130797599999957, 1.171117220399999770 ) ) ;
#6409 = ADVANCED_FACE ( 'NONE', ( #11481 ), #3798, .F. ) ;
#6410 = CARTESIAN_POINT ( 'NONE',  ( 4.575000000000000178, 1.649999999999999911, -1.698606797699999893 ) ) ;
#6411 = EDGE_LOOP ( 'NONE', ( #6730, #4779, #8389, #1444, #1881, #5093 ) ) ;
#6412 = ORIENTED_EDGE ( 'NONE', *, *, #117, .F. ) ;
#6413 = DIRECTION ( 'NONE',  ( 1.000000000000000000, 0.0000000000000000000, 0.0000000000000000000 ) ) ;
#6414 = ORIENTED_EDGE ( 'NONE', *, *, #10938, .F. ) ;
#6415 = ORIENTED_EDGE ( 'NONE', *, *, #2757, .T. ) ;
#6416 = CARTESIAN_POINT ( 'NONE',  ( 6.775000000000000355, 1.795247431900000024, 2.024999999999999911 ) ) ;
#6417 = VECTOR ( 'NONE', #2002, 1000.000000000000000 ) ;
#6418 = DIRECTION ( 'NONE',  ( 1.000000000000000000, 0.0000000000000000000, 0.0000000000000000000 ) ) ;
#6419 = EDGE_CURVE ( 'NONE', #3898, #6999, #682, .T. ) ;
#6420 = DIRECTION ( 'NONE',  ( 0.0000000000000000000, 0.0000000000000000000, 1.000000000000000000 ) ) ;
#6421 = ORIENTED_EDGE ( 'NONE', *, *, #10294, .T. ) ;
#6422 = ORIENTED_EDGE ( 'NONE', *, *, #9997, .F. ) ;
#6423 = EDGE_LOOP ( 'NONE', ( #6425, #10965, #2395, #6647 ) ) ;
#6424 = CARTESIAN_POINT ( 'NONE',  ( 4.474999999999999645, -0.6500000000000000222, -1.775000000000000133 ) ) ;
#6425 = ORIENTED_EDGE ( 'NONE', *, *, #1132, .F. ) ;
#6426 = VECTOR ( 'NONE', #4960, 1000.000000000000000 ) ;
#6427 = LINE ( 'NONE', #7715, #10507 ) ;
#6428 = VERTEX_POINT ( 'NONE', #5588 ) ;
#6429 = CARTESIAN_POINT ( 'NONE',  ( 4.474999999999999645, -0.6500000000000000222, -1.775000000000000133 ) ) ;
#6430 = VERTEX_POINT ( 'NONE', #7410 ) ;
#6431 = ORIENTED_EDGE ( 'NONE', *, *, #6794, .F. ) ;
#6432 = ORIENTED_EDGE ( 'NONE', *, *, #5857, .F. ) ;
#6433 = ORIENTED_EDGE ( 'NONE', *, *, #4187, .T. ) ;
#6434 = DIRECTION ( 'NONE',  ( 0.0000000000000000000, 0.0000000000000000000, -1.000000000000000000 ) ) ;
#6435 = VECTOR ( 'NONE', #2485, 1000.000000000000000 ) ;
#6436 = DIRECTION ( 'NONE',  ( -1.000000000000000000, 0.0000000000000000000, 0.0000000000000000000 ) ) ;
#6437 = EDGE_CURVE ( 'NONE', #5441, #250, #2505, .T. ) ;
#6438 = DIRECTION ( 'NONE',  ( 0.0000000000000000000, 0.0000000000000000000, 1.000000000000000000 ) ) ;
#6439 = LINE ( 'NONE', #2744, #10822 ) ;
#6440 = CARTESIAN_POINT ( 'NONE',  ( -2.875000000000000000, 0.0000000000000000000, 2.024999999999999911 ) ) ;
#6441 = DIRECTION ( 'NONE',  ( -1.000000000000000000, 0.0000000000000000000, 0.0000000000000000000 ) ) ;
#6442 = ORIENTED_EDGE ( 'NONE', *, *, #7934, .T. ) ;
#6443 = ORIENTED_EDGE ( 'NONE', *, *, #183, .T. ) ;
#6444 = ADVANCED_FACE ( 'NONE', ( #11470 ), #7341, .T. ) ;
#6445 = DIRECTION ( 'NONE',  ( 1.000000000000000000, 0.0000000000000000000, 0.0000000000000000000 ) ) ;
#6446 = CARTESIAN_POINT ( 'NONE',  ( -0.5250000000000000222, 0.5547525681000000652, 2.024999999999999911 ) ) ;
#6447 = VECTOR ( 'NONE', #10603, 1000.000000000000000 ) ;
#6448 = PRESENTATION_LAYER_ASSIGNMENT (  '', '', ( #10445 ) ) ;
#6449 = VECTOR ( 'NONE', #4078, 1000.000000000000000 ) ;
#6450 = DIRECTION ( 'NONE',  ( 0.0000000000000000000, 0.0000000000000000000, 1.000000000000000000 ) ) ;
#6451 = CARTESIAN_POINT ( 'NONE',  ( 4.474999999999999645, 0.3499999999999999778, -2.075000000000000178 ) ) ;
#6452 = DIRECTION ( 'NONE',  ( -1.000000000000000000, 0.0000000000000000000, 0.0000000000000000000 ) ) ;
#6453 = ORIENTED_EDGE ( 'NONE', *, *, #3878, .T. ) ;
#6454 = EDGE_CURVE ( 'NONE', #1638, #8901, #7512, .T. ) ;
#6455 = CARTESIAN_POINT ( 'NONE',  ( -2.875000000000000000, 0.6000000000000076383, -0.2249999999999982014 ) ) ;
#6456 = ORIENTED_EDGE ( 'NONE', *, *, #8493, .T. ) ;
#6457 = EDGE_CURVE ( 'NONE', #10677, #7680, #10633, .T. ) ;
#6458 = DIRECTION ( 'NONE',  ( -1.000000000000000000, 0.0000000000000000000, 0.0000000000000000000 ) ) ;
#6459 = EDGE_LOOP ( 'NONE', ( #10029, #1948, #7897, #4287 ) ) ;
#6460 = LINE ( 'NONE', #3611, #1725 ) ;
#6461 = VECTOR ( 'NONE', #11527, 1000.000000000000000 ) ;
#6462 = CARTESIAN_POINT ( 'NONE',  ( -2.875000000000000000, 1.000000000000000000, -1.525000000000000133 ) ) ;
#6463 = VECTOR ( 'NONE', #6889, 1000.000000000000000 ) ;
#6464 = DIRECTION ( 'NONE',  ( 1.000000000000000000, 0.0000000000000000000, 0.0000000000000000000 ) ) ;
#6465 = VERTEX_POINT ( 'NONE', #9129 ) ;
#6466 = AXIS2_PLACEMENT_3D ( 'NONE', #10645, #6152, #7143 ) ;
#6467 = ADVANCED_FACE ( 'NONE', ( #8229 ), #10922, .T. ) ;
#6468 = EDGE_LOOP ( 'NONE', ( #9074, #3147, #3811, #2368 ) ) ;
#6469 = CARTESIAN_POINT ( 'NONE',  ( -2.475000000000000089, 3.599999999999999201, -0.07500000000000128786 ) ) ;
#6470 = LINE ( 'NONE', #2608, #10271 ) ;
#6471 = VECTOR ( 'NONE', #8290, 1000.000000000000000 ) ;
#6472 = DIRECTION ( 'NONE',  ( 0.0000000000000000000, -1.000000000000000000, 0.0000000000000000000 ) ) ;
#6473 = CARTESIAN_POINT ( 'NONE',  ( 3.234999999999999876, 1.850000000000000089, -2.024999999999999911 ) ) ;
#6474 = ORIENTED_EDGE ( 'NONE', *, *, #8717, .F. ) ;
#6475 = CARTESIAN_POINT ( 'NONE',  ( 0.5250000000000000222, 1.850000000000000089, -1.025000000000000133 ) ) ;
#6476 = DIRECTION ( 'NONE',  ( -0.0000000000000000000, 0.7468134723257140450, 0.6650335612228979176 ) ) ;
#6477 = EDGE_CURVE ( 'NONE', #5928, #6615, #4590, .T. ) ;
#6478 = CARTESIAN_POINT ( 'NONE',  ( 4.474999999999999645, 1.350000000000000089, 1.525000000000000133 ) ) ;
#6479 = EDGE_LOOP ( 'NONE', ( #11263, #6716, #1782, #8784 ) ) ;
#6480 = CARTESIAN_POINT ( 'NONE',  ( 9.125000000000001776, 1.000000000000000000, -2.024999999999999911 ) ) ;
#6481 = LINE ( 'NONE', #6812, #3557 ) ;
#6482 = VECTOR ( 'NONE', #7550, 1000.000000000000000 ) ;
#6483 = VERTEX_POINT ( 'NONE', #4785 ) ;
#6484 = LINE ( 'NONE', #11105, #4122 ) ;
#6485 = DIRECTION ( 'NONE',  ( 0.0000000000000000000, 1.000000000000000000, 0.0000000000000000000 ) ) ;
#6486 = ORIENTED_EDGE ( 'NONE', *, *, #3697, .F. ) ;
#6487 = CARTESIAN_POINT ( 'NONE',  ( -0.7349999999999999867, 1.850000000000000089, -1.025000000000000133 ) ) ;
#6488 = EDGE_CURVE ( 'NONE', #1375, #578, #5841, .T. ) ;
#6489 = ORIENTED_EDGE ( 'NONE', *, *, #48, .T. ) ;
#6490 = CARTESIAN_POINT ( 'NONE',  ( 4.485000000000000320, 1.850000000000000089, -1.025000000000000133 ) ) ;
#6491 = EDGE_CURVE ( 'NONE', #1606, #4814, #2202, .T. ) ;
#6492 = EDGE_LOOP ( 'NONE', ( #2993, #10188, #10040, #116 ) ) ;
#6493 = DIRECTION ( 'NONE',  ( 1.000000000000000000, 0.0000000000000000000, 0.0000000000000000000 ) ) ;
#6494 = LINE ( 'NONE', #7646, #1759 ) ;
#6495 = VERTEX_POINT ( 'NONE', #11072 ) ;
#6496 = LINE ( 'NONE', #945, #5390 ) ;
#6497 = CARTESIAN_POINT ( 'NONE',  ( -2.274999999999999911, 1.999999999999997780, -2.075000000000008615 ) ) ;
#6498 = EDGE_LOOP ( 'NONE', ( #7232, #1970, #9054, #7241 ) ) ;
#6499 = DIRECTION ( 'NONE',  ( -1.000000000000000000, 0.0000000000000000000, 0.0000000000000000000 ) ) ;
#6500 = ADVANCED_FACE ( 'NONE', ( #105 ), #2926, .T. ) ;
#6501 = FACE_OUTER_BOUND ( 'NONE', #4703, .T. ) ;
#6502 = LINE ( 'NONE', #5922, #9180 ) ;
#6503 = EDGE_CURVE ( 'NONE', #2928, #6430, #1095, .T. ) ;
#6504 = SURFACE_STYLE_USAGE ( .BOTH. , #5545 ) ;
#6505 = ORIENTED_EDGE ( 'NONE', *, *, #4206, .T. ) ;
#6506 = VECTOR ( 'NONE', #5348, 1000.000000000000000 ) ;
#6507 = EDGE_LOOP ( 'NONE', ( #6077, #4478, #2535, #1578 ) ) ;
#6508 = DIRECTION ( 'NONE',  ( 1.000000000000000000, 0.0000000000000000000, 0.0000000000000000000 ) ) ;
#6509 = PLANE ( 'NONE',  #9406 ) ;
#6510 = DIRECTION ( 'NONE',  ( -1.000000000000000000, -0.0000000000000000000, -0.0000000000000000000 ) ) ;
#6511 = LINE ( 'NONE', #7112, #9628 ) ;
#6512 = LINE ( 'NONE', #2710, #2046 ) ;
#6513 = PLANE ( 'NONE',  #8694 ) ;
#6514 = LINE ( 'NONE', #3239, #2628 ) ;
#6515 = VERTEX_POINT ( 'NONE', #5815 ) ;
#6516 = VERTEX_POINT ( 'NONE', #3006 ) ;
#6517 = EDGE_CURVE ( 'NONE', #10637, #3501, #8089, .T. ) ;
#6518 = ADVANCED_FACE ( 'NONE', ( #6687 ), #2173, .T. ) ;
#6519 = EDGE_CURVE ( 'NONE', #2811, #9427, #10909, .T. ) ;
#6520 = CARTESIAN_POINT ( 'NONE',  ( 1.775000000000000133, 0.0000000000000000000, 2.024999999999999911 ) ) ;
#6521 = CARTESIAN_POINT ( 'NONE',  ( 8.875000000000003553, 3.750000000000000000, 0.02500000000000000139 ) ) ;
#6522 = LINE ( 'NONE', #3404, #9781 ) ;
#6523 = FACE_OUTER_BOUND ( 'NONE', #4337, .T. ) ;
#6524 = SURFACE_STYLE_FILL_AREA ( #6666 ) ;
#6525 = CARTESIAN_POINT ( 'NONE',  ( 3.234999999999999876, 1.649999999999999911, -1.025000000000000133 ) ) ;
#6526 = ORIENTED_EDGE ( 'NONE', *, *, #9141, .T. ) ;
#6527 = CARTESIAN_POINT ( 'NONE',  ( 4.264999999999999680, 1.649999999999999911, -1.025000000000000133 ) ) ;
#6528 = CARTESIAN_POINT ( 'NONE',  ( 8.875000000000003553, 3.750000000000000000, 2.024999999999999911 ) ) ;
#6529 = EDGE_LOOP ( 'NONE', ( #8861, #2950, #7623, #8810 ) ) ;
#6530 = DIRECTION ( 'NONE',  ( 0.0000000000000000000, 1.000000000000000000, 0.0000000000000000000 ) ) ;
#6531 = AXIS2_PLACEMENT_3D ( 'NONE', #336, #9176, #11005 ) ;
#6532 = AXIS2_PLACEMENT_3D ( 'NONE', #11291, #560, #720 ) ;
#6533 = CLOSED_SHELL ( 'NONE', ( #9759, #7564, #184, #10117, #5765, #10273, #9690, #3987, #7380, #1456, #10829, #396, #1189, #6792, #4107, #6467, #7663, #1942 ) ) ;
#6534 = DIRECTION ( 'NONE',  ( -0.0000000000000000000, 1.000000000000000000, 0.0000000000000000000 ) ) ;
#6535 = VECTOR ( 'NONE', #8480, 1000.000000000000000 ) ;
#6536 = SURFACE_STYLE_FILL_AREA ( #10914 ) ;
#6537 = CARTESIAN_POINT ( 'NONE',  ( 0.0000000000000000000, 0.0000000000000000000, -1.025000000000000133 ) ) ;
#6538 = CARTESIAN_POINT ( 'NONE',  ( 5.525000000000000355, 0.0000000000000000000, 0.0000000000000000000 ) ) ;
#6539 = ORIENTED_EDGE ( 'NONE', *, *, #2937, .T. ) ;
#6540 = DIRECTION ( 'NONE',  ( 1.000000000000000000, 0.0000000000000000000, 0.0000000000000000000 ) ) ;
#6541 = CARTESIAN_POINT ( 'NONE',  ( -0.5250000000000000222, 0.3499999999999999778, -2.075000000000000178 ) ) ;
#6542 = EDGE_CURVE ( 'NONE', #10608, #462, #10341, .T. ) ;
#6543 = ORIENTED_EDGE ( 'NONE', *, *, #6630, .T. ) ;
#6544 = CARTESIAN_POINT ( 'NONE',  ( 4.474999999999999645, -0.6500000000000000222, -2.075000000000000178 ) ) ;
#6545 = ORIENTED_EDGE ( 'NONE', *, *, #9086, .F. ) ;
#6546 = EDGE_LOOP ( 'NONE', ( #7296, #3700, #3506, #5401 ) ) ;
#6547 = LINE ( 'NONE', #4946, #4184 ) ;
#6548 = LINE ( 'NONE', #6603, #7122 ) ;
#6549 = DIRECTION ( 'NONE',  ( -0.0000000000000000000, 1.000000000000000000, -0.0000000000000000000 ) ) ;
#6550 = STYLED_ITEM ( 'NONE', ( #1973 ), #5685 ) ;
#6551 = CARTESIAN_POINT ( 'NONE',  ( 4.275000000000000355, 0.0000000000000000000, -1.525000000000000133 ) ) ;
#6552 = CARTESIAN_POINT ( 'NONE',  ( -2.274999999999999911, 1.949999999999999512, 2.025000000000007017 ) ) ;
#6553 = EDGE_LOOP ( 'NONE', ( #1182, #9632, #8207, #9046 ) ) ;
#6554 = ORIENTED_EDGE ( 'NONE', *, *, #3894, .F. ) ;
#6555 = ORIENTED_EDGE ( 'NONE', *, *, #7992, .F. ) ;
#6556 = EDGE_CURVE ( 'NONE', #10359, #1256, #9092, .T. ) ;
#6557 = EDGE_LOOP ( 'NONE', ( #2145, #965, #3470, #8247 ) ) ;
#6558 = VERTEX_POINT ( 'NONE', #6717 ) ;
#6559 = VECTOR ( 'NONE', #11595, 1000.000000000000000 ) ;
#6560 = ADVANCED_FACE ( 'NONE', ( #5445 ), #4866, .T. ) ;
#6561 = FACE_OUTER_BOUND ( 'NONE', #9178, .T. ) ;
#6562 = CARTESIAN_POINT ( 'NONE',  ( -2.024999999999999911, 4.240000000000000213, 0.0000000000000000000 ) ) ;
#6563 = PLANE ( 'NONE',  #4377 ) ;
#6564 = VERTEX_POINT ( 'NONE', #8443 ) ;
#6565 = VERTEX_POINT ( 'NONE', #1357 ) ;
#6566 = ORIENTED_EDGE ( 'NONE', *, *, #2099, .T. ) ;
#6567 = ORIENTED_EDGE ( 'NONE', *, *, #7458, .F. ) ;
#6568 = SURFACE_STYLE_USAGE ( .BOTH. , #10263 ) ;
#6569 = FILL_AREA_STYLE ('',( #10181 ) ) ;
#6570 = DIRECTION ( 'NONE',  ( 0.0000000000000000000, -1.000000000000000000, 0.0000000000000000000 ) ) ;
#6571 = VECTOR ( 'NONE', #10072, 1000.000000000000000 ) ;
#6572 = FACE_OUTER_BOUND ( 'NONE', #9871, .T. ) ;
#6573 = AXIS2_PLACEMENT_3D ( 'NONE', #7616, #2268, #8539 ) ;
#6574 = EDGE_CURVE ( 'NONE', #10437, #1709, #2783, .T. ) ;
#6575 = ORIENTED_EDGE ( 'NONE', *, *, #5927, .T. ) ;
#6576 = DIRECTION ( 'NONE',  ( 0.0000000000000000000, 1.000000000000000000, 0.0000000000000000000 ) ) ;
#6577 = CARTESIAN_POINT ( 'NONE',  ( 1.974999999999999867, -0.6500000000000000222, -1.775000000000000133 ) ) ;
#6578 = ORIENTED_EDGE ( 'NONE', *, *, #772, .T. ) ;
#6579 = EDGE_LOOP ( 'NONE', ( #10372, #8742, #3896, #8975 ) ) ;
#6580 = LINE ( 'NONE', #3063, #11367 ) ;
#6581 = CARTESIAN_POINT ( 'NONE',  ( 1.984999999999999876, 0.0000000000000000000, -1.474999999999999867 ) ) ;
#6582 = ADVANCED_FACE ( 'NONE', ( #8813 ), #11154, .T. ) ;
#6583 = VECTOR ( 'NONE', #11572, 1000.000000000000000 ) ;
#6584 = DIRECTION ( 'NONE',  ( -1.000000000000000000, 0.0000000000000000000, 0.0000000000000000000 ) ) ;
#6585 = LINE ( 'NONE', #3719, #4627 ) ;
#6586 = DIRECTION ( 'NONE',  ( -1.000000000000000000, 0.0000000000000000000, 0.0000000000000000000 ) ) ;
#6587 = CARTESIAN_POINT ( 'NONE',  ( 1.975000000000000089, 1.350000000000000089, 1.525000000000000133 ) ) ;
#6588 = VERTEX_POINT ( 'NONE', #5736 ) ;
#6589 = ORIENTED_EDGE ( 'NONE', *, *, #10987, .F. ) ;
#6590 = PLANE ( 'NONE',  #6274 ) ;
#6591 = LINE ( 'NONE', #2792, #10827 ) ;
#6592 = EDGE_CURVE ( 'NONE', #7116, #8346, #1524, .T. ) ;
#6593 = FILL_AREA_STYLE_COLOUR ( '', #4076 ) ;
#6594 = CARTESIAN_POINT ( 'NONE',  ( 9.375000000000001776, 0.5000000000000000000, 2.024999999999999911 ) ) ;
#6595 = EDGE_CURVE ( 'NONE', #9703, #2869, #6547, .T. ) ;
#6596 = FACE_OUTER_BOUND ( 'NONE', #9519, .T. ) ;
#6597 = LINE ( 'NONE', #5006, #2416 ) ;
#6598 = CARTESIAN_POINT ( 'NONE',  ( -0.5250000000000000222, 0.0000000000000000000, -1.525000000000000133 ) ) ;
#6599 = EDGE_LOOP ( 'NONE', ( #6006, #5020, #6309, #3080 ) ) ;
#6600 = CARTESIAN_POINT ( 'NONE',  ( 0.7250000000000000888, 1.649999999999999911, -1.025000000000000133 ) ) ;
#6601 = ORIENTED_EDGE ( 'NONE', *, *, #8432, .F. ) ;
#6602 = PLANE ( 'NONE',  #26 ) ;
#6603 = CARTESIAN_POINT ( 'NONE',  ( 9.375000000000001776, 1.850000000000000089, -1.474999999999999867 ) ) ;
#6604 = FACE_OUTER_BOUND ( 'NONE', #3497, .T. ) ;
#6605 = AXIS2_PLACEMENT_3D ( 'NONE', #7105, #2663, #3549 ) ;
#6606 = VECTOR ( 'NONE', #2154, 1000.000000000000000 ) ;
#6607 = PLANE ( 'NONE',  #2051 ) ;
#6608 = CARTESIAN_POINT ( 'NONE',  ( -0.8249999999999999556, 1.649999999999999911, 2.024999999999999911 ) ) ;
#6609 = LINE ( 'NONE', #4691, #7038 ) ;
#6610 = UNCERTAINTY_MEASURE_WITH_UNIT (LENGTH_MEASURE( 1.000000000000000082E-05 ), #8728, 'distance_accuracy_value', 'NONE');
#6611 = PLANE ( 'NONE',  #9195 ) ;
#6612 = PLANE ( 'NONE',  #9859 ) ;
#6613 = ORIENTED_EDGE ( 'NONE', *, *, #7699, .T. ) ;
#6614 = LINE ( 'NONE', #971, #10415 ) ;
#6615 = VERTEX_POINT ( 'NONE', #10201 ) ;
#6616 = COLOUR_RGB ( '',0.6470588235294117974, 0.6196078431372549211, 0.5882352941176470784 ) ;
#6617 = CARTESIAN_POINT ( 'NONE',  ( -0.7249999999999999778, 1.850000000000000089, -1.698606797699999893 ) ) ;
#6618 = SURFACE_STYLE_FILL_AREA ( #6259 ) ;
#6619 = DIRECTION ( 'NONE',  ( 1.000000000000000000, 0.0000000000000000000, 0.0000000000000000000 ) ) ;
#6620 = LINE ( 'NONE', #7910, #10568 ) ;
#6621 = ADVANCED_FACE ( 'NONE', ( #4039 ), #10326, .T. ) ;
#6622 = DIRECTION ( 'NONE',  ( 0.0000000000000000000, 1.000000000000000000, 0.0000000000000000000 ) ) ;
#6623 = ORIENTED_EDGE ( 'NONE', *, *, #3351, .T. ) ;
#6624 = LINE ( 'NONE', #4172, #2848 ) ;
#6625 = PRESENTATION_LAYER_ASSIGNMENT (  '', '', ( #5656 ) ) ;
#6626 = DIRECTION ( 'NONE',  ( -1.000000000000000000, 0.0000000000000000000, 0.0000000000000000000 ) ) ;
#6627 = PLANE ( 'NONE',  #6322 ) ;
#6628 = ORIENTED_EDGE ( 'NONE', *, *, #1356, .T. ) ;
#6629 =( NAMED_UNIT ( * ) SI_UNIT ( $, .STERADIAN. ) SOLID_ANGLE_UNIT ( ) );
#6630 = EDGE_CURVE ( 'NONE', #9393, #124, #8366, .T. ) ;
#6631 = CARTESIAN_POINT ( 'NONE',  ( 0.7249999999999998668, 0.3499999999999999778, -2.075000000000000178 ) ) ;
#6632 = LINE ( 'NONE', #11160, #6072 ) ;
#6633 = VECTOR ( 'NONE', #7353, 1000.000000000000000 ) ;
#6634 = CARTESIAN_POINT ( 'NONE',  ( 5.724999999999999645, 1.350000000000000089, 1.525000000000000133 ) ) ;
#6635 = CARTESIAN_POINT ( 'NONE',  ( 1.774999999999999911, -0.6500000000000000222, -1.775000000000000133 ) ) ;
#6636 = EDGE_CURVE ( 'NONE', #10486, #3644, #1811, .T. ) ;
#6637 = CARTESIAN_POINT ( 'NONE',  ( 0.5249999999999999112, 0.3500000000000000333, -2.024999999999999911 ) ) ;
#6638 = ORIENTED_EDGE ( 'NONE', *, *, #9204, .F. ) ;
#6639 = VECTOR ( 'NONE', #5276, 1000.000000000000000 ) ;
#6640 = ORIENTED_EDGE ( 'NONE', *, *, #6083, .T. ) ;
#6641 = ADVANCED_FACE ( 'NONE', ( #8965 ), #3167, .T. ) ;
#6642 = VECTOR ( 'NONE', #10630, 1000.000000000000000 ) ;
#6643 = LINE ( 'NONE', #4772, #6226 ) ;
#6644 = CARTESIAN_POINT ( 'NONE',  ( 3.024999999999999911, -0.6500000000000000222, -2.075000000000000178 ) ) ;
#6645 = DIRECTION ( 'NONE',  ( 1.000000000000000000, 0.0000000000000000000, 0.0000000000000000000 ) ) ;
#6646 = DIRECTION ( 'NONE',  ( 1.000000000000000000, 0.0000000000000000000, -0.0000000000000000000 ) ) ;
#6647 = ORIENTED_EDGE ( 'NONE', *, *, #8568, .T. ) ;
#6648 = DIRECTION ( 'NONE',  ( 0.0000000000000000000, 0.0000000000000000000, -1.000000000000000000 ) ) ;
#6649 = LINE ( 'NONE', #6424, #8922 ) ;
#6650 = EDGE_CURVE ( 'NONE', #1080, #9854, #10488, .T. ) ;
#6651 = CARTESIAN_POINT ( 'NONE',  ( 1.975000000000000089, 1.850000000000000089, -1.698606797699999893 ) ) ;
#6652 = ORIENTED_EDGE ( 'NONE', *, *, #701, .T. ) ;
#6653 = FILL_AREA_STYLE ('',( #5678 ) ) ;
#6654 = AXIS2_PLACEMENT_3D ( 'NONE', #11079, #5819, #458 ) ;
#6655 = CARTESIAN_POINT ( 'NONE',  ( 5.724999999999999645, 0.0000000000000000000, -2.024999999999999911 ) ) ;
#6656 = VECTOR ( 'NONE', #2209, 1000.000000000000000 ) ;
#6657 = VECTOR ( 'NONE', #7338, 1000.000000000000000 ) ;
#6658 = CARTESIAN_POINT ( 'NONE',  ( 3.024999999999999911, 1.850000000000000089, -1.025000000000000133 ) ) ;
#6659 = VERTEX_POINT ( 'NONE', #8693 ) ;
#6660 = DIRECTION ( 'NONE',  ( 0.0000000000000000000, 0.0000000000000000000, 1.000000000000000000 ) ) ;
#6661 = VERTEX_POINT ( 'NONE', #2341 ) ;
#6662 = EDGE_CURVE ( 'NONE', #1566, #2280, #7807, .T. ) ;
#6663 = CARTESIAN_POINT ( 'NONE',  ( 0.5250000000000000222, 0.5547525681000000652, 2.024999999999999911 ) ) ;
#6664 = CARTESIAN_POINT ( 'NONE',  ( 9.875000000000001776, 3.750000000000000000, 0.02500000000000000139 ) ) ;
#6665 = LINE ( 'NONE', #191, #2052 ) ;
#6666 = FILL_AREA_STYLE ('',( #1225 ) ) ;
#6667 = LINE ( 'NONE', #10317, #4300 ) ;
#6668 = ORIENTED_EDGE ( 'NONE', *, *, #6872, .F. ) ;
#6669 = CARTESIAN_POINT ( 'NONE',  ( 8.225000000000003197, -0.004464445899999999919, 0.003975566199999999890 ) ) ;
#6670 = CARTESIAN_POINT ( 'NONE',  ( -2.475000000000000089, 1.999999999999997780, -2.075000000000008615 ) ) ;
#6671 = ORIENTED_EDGE ( 'NONE', *, *, #1994, .T. ) ;
#6672 = ADVANCED_FACE ( 'NONE', ( #2354 ), #6827, .F. ) ;
#6673 = CARTESIAN_POINT ( 'NONE',  ( 2.925000000000000266, 1.850000000000000089, 2.024999999999999911 ) ) ;
#6674 =( NAMED_UNIT ( * ) PLANE_ANGLE_UNIT ( ) SI_UNIT ( $, .RADIAN. ) );
#6675 = CARTESIAN_POINT ( 'NONE',  ( 0.0000000000000000000, 0.0000000000000000000, 0.02500000000000000139 ) ) ;
#6676 = AXIS2_PLACEMENT_3D ( 'NONE', #1046, #8304, #232 ) ;
#6677 = LINE ( 'NONE', #11308, #10477 ) ;
#6678 = VERTEX_POINT ( 'NONE', #3285 ) ;
#6679 = EDGE_CURVE ( 'NONE', #10417, #2800, #5000, .T. ) ;
#6680 = ADVANCED_FACE ( 'NONE', ( #4308 ), #7844, .T. ) ;
#6681 = EDGE_CURVE ( 'NONE', #10434, #7339, #1928, .T. ) ;
#6682 = ORIENTED_EDGE ( 'NONE', *, *, #2264, .F. ) ;
#6683 = ORIENTED_EDGE ( 'NONE', *, *, #644, .F. ) ;
#6684 = CARTESIAN_POINT ( 'NONE',  ( 9.775000000000002132, 1.999999999999997780, -2.075000000000008615 ) ) ;
#6685 = CARTESIAN_POINT ( 'NONE',  ( 4.275000000000000355, 1.850000000000000089, -1.025000000000000133 ) ) ;
#6686 = VECTOR ( 'NONE', #11116, 1000.000000000000000 ) ;
#6687 = FACE_OUTER_BOUND ( 'NONE', #362, .T. ) ;
#6688 = PRESENTATION_STYLE_ASSIGNMENT (( #711 ) ) ;
#6689 = SURFACE_SIDE_STYLE ('',( #9844 ) ) ;
#6690 = ORIENTED_EDGE ( 'NONE', *, *, #9780, .T. ) ;
#6691 =( NAMED_UNIT ( * ) SI_UNIT ( $, .STERADIAN. ) SOLID_ANGLE_UNIT ( ) );
#6692 = AXIS2_PLACEMENT_3D ( 'NONE', #4199, #5941, #3300 ) ;
#6693 = DIRECTION ( 'NONE',  ( 0.0000000000000000000, 1.000000000000000000, 0.0000000000000000000 ) ) ;
#6694 = VERTEX_POINT ( 'NONE', #5028 ) ;
#6695 = VERTEX_POINT ( 'NONE', #5144 ) ;
#6696 = EDGE_LOOP ( 'NONE', ( #5850, #5594, #8327, #11569 ) ) ;
#6697 = VERTEX_POINT ( 'NONE', #622 ) ;
#6698 = VECTOR ( 'NONE', #2498, 1000.000000000000000 ) ;
#6699 =( NAMED_UNIT ( * ) SI_UNIT ( $, .STERADIAN. ) SOLID_ANGLE_UNIT ( ) );
#6700 = LINE ( 'NONE', #3100, #8967 ) ;
#6701 = ADVANCED_FACE ( 'NONE', ( #11456 ), #4139, .T. ) ;
#6702 = VERTEX_POINT ( 'NONE', #2500 ) ;
#6703 = EDGE_CURVE ( 'NONE', #1204, #7887, #6677, .T. ) ;
#6704 = CARTESIAN_POINT ( 'NONE',  ( 8.225000000000003197, 1.000000000000000000, 0.0000000000000000000 ) ) ;
#6705 = DIRECTION ( 'NONE',  ( -1.000000000000000000, 0.0000000000000000000, 0.0000000000000000000 ) ) ;
#6706 = ORIENTED_EDGE ( 'NONE', *, *, #8395, .F. ) ;
#6707 = ORIENTED_EDGE ( 'NONE', *, *, #8107, .F. ) ;
#6708 = ORIENTED_EDGE ( 'NONE', *, *, #10636, .F. ) ;
#6709 = DIRECTION ( 'NONE',  ( 0.0000000000000000000, -0.0000000000000000000, 1.000000000000000000 ) ) ;
#6710 = ORIENTED_EDGE ( 'NONE', *, *, #10876, .F. ) ;
#6711 = LINE ( 'NONE', #2515, #8380 ) ;
#6712 = CARTESIAN_POINT ( 'NONE',  ( 6.625000000000000000, 1.000000000000000000, -2.024999999999999911 ) ) ;
#6713 = VECTOR ( 'NONE', #4099, 1000.000000000000000 ) ;
#6714 = DIRECTION ( 'NONE',  ( 1.000000000000000000, 0.0000000000000000000, 0.0000000000000000000 ) ) ;
#6715 = PLANE ( 'NONE',  #5193 ) ;
#6716 = ORIENTED_EDGE ( 'NONE', *, *, #5341, .T. ) ;
#6717 = CARTESIAN_POINT ( 'NONE',  ( 8.014999999999998792, 1.850000000000000089, -1.025000000000000133 ) ) ;
#6718 = ORIENTED_EDGE ( 'NONE', *, *, #5516, .F. ) ;
#6719 = EDGE_CURVE ( 'NONE', #8679, #10977, #11604, .T. ) ;
#6720 = ORIENTED_EDGE ( 'NONE', *, *, #9595, .T. ) ;
#6721 = EDGE_CURVE ( 'NONE', #9067, #2372, #7108, .T. ) ;
#6722 = ORIENTED_EDGE ( 'NONE', *, *, #1818, .T. ) ;
#6723 = ORIENTED_EDGE ( 'NONE', *, *, #5597, .F. ) ;
#6724 = LINE ( 'NONE', #79, #11080 ) ;
#6725 = FACE_OUTER_BOUND ( 'NONE', #4913, .T. ) ;
#6726 = DIRECTION ( 'NONE',  ( 0.0000000000000000000, 0.0000000000000000000, 1.000000000000000000 ) ) ;
#6727 = DIRECTION ( 'NONE',  ( 0.0000000000000000000, 1.000000000000000000, 0.0000000000000000000 ) ) ;
#6728 = DIRECTION ( 'NONE',  ( 0.0000000000000000000, -1.000000000000000000, 0.0000000000000000000 ) ) ;
#6729 = DIRECTION ( 'NONE',  ( 1.000000000000000000, 0.0000000000000000000, 0.0000000000000000000 ) ) ;
#6730 = ORIENTED_EDGE ( 'NONE', *, *, #7886, .F. ) ;
#6731 = CARTESIAN_POINT ( 'NONE',  ( 8.224999999999999645, 0.05000000000000002359, -1.775000000000000133 ) ) ;
#6732 = PLANE ( 'NONE',  #6158 ) ;
#6733 = VERTEX_POINT ( 'NONE', #10534 ) ;
#6734 = ADVANCED_FACE ( 'NONE', ( #374 ), #3316, .T. ) ;
#6735 = CARTESIAN_POINT ( 'NONE',  ( 8.225000000000003197, 1.315130797599999957, 1.171117220399999770 ) ) ;
#6736 = STYLED_ITEM ( 'NONE', ( #505 ), #7326 ) ;
#6737 = FACE_OUTER_BOUND ( 'NONE', #2097, .T. ) ;
#6738 = EDGE_CURVE ( 'NONE', #4, #3136, #2062, .T. ) ;
#6739 = VECTOR ( 'NONE', #2632, 1000.000000000000000 ) ;
#6740 = ORIENTED_EDGE ( 'NONE', *, *, #8956, .T. ) ;
#6741 = ADVANCED_FACE ( 'NONE', ( #9651 ), #4258, .F. ) ;
#6742 = DIRECTION ( 'NONE',  ( 1.000000000000000000, 0.0000000000000000000, 0.0000000000000000000 ) ) ;
#6743 = ORIENTED_EDGE ( 'NONE', *, *, #5674, .F. ) ;
#6744 = CARTESIAN_POINT ( 'NONE',  ( 6.974999999999999645, 1.850000000000000089, 2.024999999999999911 ) ) ;
#6745 = DIRECTION ( 'NONE',  ( 0.0000000000000000000, -1.000000000000000000, 0.0000000000000000000 ) ) ;
#6746 = CARTESIAN_POINT ( 'NONE',  ( 1.250000000000000000, 0.0000000000000000000, -1.025000000000000133 ) ) ;
#6747 = LINE ( 'NONE', #7984, #4917 ) ;
#6748 = FACE_OUTER_BOUND ( 'NONE', #4086, .T. ) ;
#6749 = DIRECTION ( 'NONE',  ( 0.0000000000000000000, -0.6650335612228979176, -0.7468134723257140450 ) ) ;
#6750 = PLANE ( 'NONE',  #8935 ) ;
#6751 = VERTEX_POINT ( 'NONE', #8769 ) ;
#6752 = DIRECTION ( 'NONE',  ( 0.0000000000000000000, -1.000000000000000000, 0.0000000000000000000 ) ) ;
#6753 = EDGE_CURVE ( 'NONE', #3487, #10323, #234, .T. ) ;
#6754 = CARTESIAN_POINT ( 'NONE',  ( 6.975000000000000533, 0.0000000000000000000, -2.024999999999999911 ) ) ;
#6755 = DIRECTION ( 'NONE',  ( 0.0000000000000000000, -1.000000000000000000, 0.0000000000000000000 ) ) ;
#6756 = ORIENTED_EDGE ( 'NONE', *, *, #10886, .T. ) ;
#6757 = EDGE_CURVE ( 'NONE', #11477, #7032, #2910, .T. ) ;
#6758 = DIRECTION ( 'NONE',  ( 1.000000000000000000, 0.0000000000000000000, 0.0000000000000000000 ) ) ;
#6759 = VECTOR ( 'NONE', #10016, 1000.000000000000000 ) ;
#6760 = LINE ( 'NONE', #6408, #2578 ) ;
#6761 = MANIFOLD_SOLID_BREP ( 'Combine6', #6533 ) ;
#6762 = CARTESIAN_POINT ( 'NONE',  ( 3.225000000000000089, -0.004464445899999999919, 0.003975566199999999890 ) ) ;
#6763 = CARTESIAN_POINT ( 'NONE',  ( 0.7250000000000000888, 1.850000000000000089, 2.024999999999999911 ) ) ;
#6764 = EDGE_LOOP ( 'NONE', ( #8087, #3945, #3631, #3249 ) ) ;
#6765 = LINE ( 'NONE', #7635, #8165 ) ;
#6766 = AXIS2_PLACEMENT_3D ( 'NONE', #5399, #27, #2778 ) ;
#6767 = CARTESIAN_POINT ( 'NONE',  ( -0.7349999999999999867, 1.850000000000000089, -2.024999999999999911 ) ) ;
#6768 = ORIENTED_EDGE ( 'NONE', *, *, #6403, .F. ) ;
#6769 = DIRECTION ( 'NONE',  ( 0.0000000000000000000, -1.000000000000000000, 0.0000000000000000000 ) ) ;
#6770 =( GEOMETRIC_REPRESENTATION_CONTEXT ( 3 ) GLOBAL_UNCERTAINTY_ASSIGNED_CONTEXT ( ( #823 ) ) GLOBAL_UNIT_ASSIGNED_CONTEXT ( ( #3299, #10503, #6171 ) ) REPRESENTATION_CONTEXT ( 'NONE', 'WORKASPACE' ) );
#6771 = DIRECTION ( 'NONE',  ( 1.000000000000000000, 0.0000000000000000000, 0.0000000000000000000 ) ) ;
#6772 = DIRECTION ( 'NONE',  ( 0.0000000000000000000, 1.000000000000000000, 0.0000000000000000000 ) ) ;
#6773 = DIRECTION ( 'NONE',  ( 0.0000000000000000000, 1.000000000000000000, 0.0000000000000000000 ) ) ;
#6774 = LINE ( 'NONE', #724, #3279 ) ;
#6775 = LINE ( 'NONE', #231, #2443 ) ;
#6776 = EDGE_LOOP ( 'NONE', ( #7849, #3826, #334, #9678 ) ) ;
#6777 = LINE ( 'NONE', #3831, #8613 ) ;
#6778 = EDGE_CURVE ( 'NONE', #6355, #8675, #8665, .T. ) ;
#6779 = CARTESIAN_POINT ( 'NONE',  ( 0.8249999999999999556, 1.649999999999999911, 2.024999999999999911 ) ) ;
#6780 = ORIENTED_EDGE ( 'NONE', *, *, #9979, .T. ) ;
#6781 = LINE ( 'NONE', #6268, #10991 ) ;
#6782 = PLANE ( 'NONE',  #6397 ) ;
#6783 = CARTESIAN_POINT ( 'NONE',  ( 3.024999999999999911, 1.795247431900000024, 2.024999999999999911 ) ) ;
#6784 = VERTEX_POINT ( 'NONE', #7928 ) ;
#6785 = LINE ( 'NONE', #7896, #9757 ) ;
#6786 = CARTESIAN_POINT ( 'NONE',  ( -0.7249999999999999778, 0.5000000000000000000, 2.024999999999999911 ) ) ;
#6787 = ORIENTED_EDGE ( 'NONE', *, *, #9434, .F. ) ;
#6788 = EDGE_CURVE ( 'NONE', #402, #10163, #1509, .T. ) ;
#6789 = CARTESIAN_POINT ( 'NONE',  ( 6.775000000000000355, 1.850000000000000089, 2.024999999999999911 ) ) ;
#6790 = DIRECTION ( 'NONE',  ( -0.0000000000000000000, 1.000000000000000000, 0.0000000000000000000 ) ) ;
#6791 = EDGE_CURVE ( 'NONE', #5825, #7219, #5981, .T. ) ;
#6792 = ADVANCED_FACE ( 'NONE', ( #4582 ), #10179, .T. ) ;
#6793 = DIRECTION ( 'NONE',  ( 0.0000000000000000000, 0.0000000000000000000, 1.000000000000000000 ) ) ;
#6794 = EDGE_CURVE ( 'NONE', #4696, #8901, #1221, .T. ) ;
#6795 = LINE ( 'NONE', #3434, #11002 ) ;
#6796 = FACE_OUTER_BOUND ( 'NONE', #6798, .T. ) ;
#6797 = CARTESIAN_POINT ( 'NONE',  ( 0.7249999999999998668, -0.6500000000000000222, -1.775000000000000133 ) ) ;
#6798 = EDGE_LOOP ( 'NONE', ( #5717, #1966, #1480, #11389, #6228, #8359, #3799 ) ) ;
#6799 = VECTOR ( 'NONE', #977, 1000.000000000000000 ) ;
#6800 = ORIENTED_EDGE ( 'NONE', *, *, #10294, .F. ) ;
#6801 = DIRECTION ( 'NONE',  ( 0.0000000000000000000, 1.000000000000000000, 0.0000000000000000000 ) ) ;
#6802 = FACE_OUTER_BOUND ( 'NONE', #7692, .T. ) ;
#6803 = LINE ( 'NONE', #3257, #11586 ) ;
#6804 = EDGE_CURVE ( 'NONE', #4970, #103, #3332, .T. ) ;
#6805 = CARTESIAN_POINT ( 'NONE',  ( -2.500000000000000000, 4.250000000000000000, -2.024999999999999911 ) ) ;
#6806 = LINE ( 'NONE', #486, #9491 ) ;
#6807 = DIRECTION ( 'NONE',  ( 1.000000000000000000, 0.0000000000000000000, 0.0000000000000000000 ) ) ;
#6808 = EDGE_LOOP ( 'NONE', ( #8052, #2820, #4762, #6453 ) ) ;
#6809 = CARTESIAN_POINT ( 'NONE',  ( -0.5250000000000000222, 1.850000000000000089, 2.024999999999999911 ) ) ;
#6810 = MECHANICAL_DESIGN_GEOMETRIC_PRESENTATION_REPRESENTATION (  '', ( #8231 ), #2012 ) ;
#6811 = VERTEX_POINT ( 'NONE', #4761 ) ;
#6812 = CARTESIAN_POINT ( 'NONE',  ( 6.985000000000000320, 1.000000000000000000, -1.025000000000000133 ) ) ;
#6813 = CARTESIAN_POINT ( 'NONE',  ( 9.975000000000003197, 1.999999999999997780, -2.075000000000008615 ) ) ;
#6814 = DIRECTION ( 'NONE',  ( 0.0000000000000000000, 1.000000000000000000, 0.0000000000000000000 ) ) ;
#6815 = VECTOR ( 'NONE', #5566, 1000.000000000000000 ) ;
#6816 = VECTOR ( 'NONE', #8221, 1000.000000000000000 ) ;
#6817 = COLOUR_RGB ( '',1.000000000000000000, 1.000000000000000000, 1.000000000000000000 ) ;
#6818 = ORIENTED_EDGE ( 'NONE', *, *, #2101, .F. ) ;
#6819 = EDGE_CURVE ( 'NONE', #8479, #7887, #5435, .T. ) ;
#6820 = DIRECTION ( 'NONE',  ( 0.0000000000000000000, 0.0000000000000000000, 1.000000000000000000 ) ) ;
#6821 = EDGE_CURVE ( 'NONE', #840, #10437, #4445, .T. ) ;
#6822 = DIRECTION ( 'NONE',  ( 0.0000000000000000000, 0.0000000000000000000, 1.000000000000000000 ) ) ;
#6823 = VECTOR ( 'NONE', #1389, 1000.000000000000000 ) ;
#6824 = VERTEX_POINT ( 'NONE', #6525 ) ;
#6825 = CARTESIAN_POINT ( 'NONE',  ( 4.575000000000000178, 1.649999999999999911, -1.474999999999999867 ) ) ;
#6826 = CARTESIAN_POINT ( 'NONE',  ( 0.7249999999999999778, 0.0000000000000000000, 2.024999999999999911 ) ) ;
#6827 = PLANE ( 'NONE',  #5230 ) ;
#6828 = VERTEX_POINT ( 'NONE', #1178 ) ;
#6829 = ORIENTED_EDGE ( 'NONE', *, *, #835, .F. ) ;
#6830 = EDGE_LOOP ( 'NONE', ( #10640, #1042, #2091, #9586 ) ) ;
#6831 = LINE ( 'NONE', #11519, #9802 ) ;
#6832 = PLANE ( 'NONE',  #9526 ) ;
#6833 = LINE ( 'NONE', #2036, #5165 ) ;
#6834 = CARTESIAN_POINT ( 'NONE',  ( 4.264999999999999680, 0.0000000000000000000, -1.474999999999999867 ) ) ;
#6835 = CARTESIAN_POINT ( 'NONE',  ( 6.974999999999999645, 0.3500000000000000333, -2.024999999999999911 ) ) ;
#6836 = ORIENTED_EDGE ( 'NONE', *, *, #893, .T. ) ;
#6837 = ORIENTED_EDGE ( 'NONE', *, *, #929, .T. ) ;
#6838 = ORIENTED_EDGE ( 'NONE', *, *, #4209, .T. ) ;
#6839 = DIRECTION ( 'NONE',  ( 0.0000000000000000000, 0.0000000000000000000, 1.000000000000000000 ) ) ;
#6840 = ORIENTED_EDGE ( 'NONE', *, *, #10876, .T. ) ;
#6841 = ADVANCED_FACE ( 'NONE', ( #6261 ), #7354, .T. ) ;
#6842 = VERTEX_POINT ( 'NONE', #8295 ) ;
#6843 = VECTOR ( 'NONE', #6017, 1000.000000000000000 ) ;
#6844 = PRESENTATION_LAYER_ASSIGNMENT (  '', '', ( #4010 ) ) ;
#6845 = VECTOR ( 'NONE', #2497, 1000.000000000000000 ) ;
#6846 = DIRECTION ( 'NONE',  ( 0.0000000000000000000, 0.0000000000000000000, -1.000000000000000000 ) ) ;
#6847 = CARTESIAN_POINT ( 'NONE',  ( 4.474999999999999645, 1.315130797599999957, 1.171117220399999770 ) ) ;
#6848 = DIRECTION ( 'NONE',  ( -1.000000000000000000, 0.0000000000000000000, 0.0000000000000000000 ) ) ;
#6849 = ORIENTED_EDGE ( 'NONE', *, *, #3056, .T. ) ;
#6850 = ORIENTED_EDGE ( 'NONE', *, *, #1132, .T. ) ;
#6851 = CARTESIAN_POINT ( 'NONE',  ( 8.024999999999998579, 0.0000000000000000000, -2.024999999999999911 ) ) ;
#6852 = ORIENTED_EDGE ( 'NONE', *, *, #5461, .T. ) ;
#6853 = ORIENTED_EDGE ( 'NONE', *, *, #5892, .F. ) ;
#6854 = ADVANCED_FACE ( 'NONE', ( #10177 ), #2105, .F. ) ;
#6855 = DIRECTION ( 'NONE',  ( 0.0000000000000000000, 0.0000000000000000000, -1.000000000000000000 ) ) ;
#6856 = SURFACE_SIDE_STYLE ('',( #149 ) ) ;
#6857 = LINE ( 'NONE', #2962, #7146 ) ;
#6858 = EDGE_CURVE ( 'NONE', #9306, #10111, #7779, .T. ) ;
#6859 = CARTESIAN_POINT ( 'NONE',  ( -1.875000000000000000, 3.750000000000000000, -2.024999999999999911 ) ) ;
#6860 = VERTEX_POINT ( 'NONE', #4798 ) ;
#6861 = FILL_AREA_STYLE_COLOUR ( '', #11121 ) ;
#6862 = ORIENTED_EDGE ( 'NONE', *, *, #7684, .F. ) ;
#6863 = ORIENTED_EDGE ( 'NONE', *, *, #8296, .F. ) ;
#6864 = DIRECTION ( 'NONE',  ( 1.000000000000000000, 0.0000000000000000000, 0.0000000000000000000 ) ) ;
#6865 = LINE ( 'NONE', #4885, #6022 ) ;
#6866 = DIRECTION ( 'NONE',  ( 1.000000000000000000, 0.0000000000000000000, 0.0000000000000000000 ) ) ;
#6867 =( NAMED_UNIT ( * ) PLANE_ANGLE_UNIT ( ) SI_UNIT ( $, .RADIAN. ) );
#6868 = CARTESIAN_POINT ( 'NONE',  ( 0.7349999999999999867, 1.649999999999999911, -1.474999999999999867 ) ) ;
#6869 = VECTOR ( 'NONE', #4114, 1000.000000000000000 ) ;
#6870 = MECHANICAL_DESIGN_GEOMETRIC_PRESENTATION_REPRESENTATION (  '', ( #2223 ), #7456 ) ;
#6871 = EDGE_CURVE ( 'NONE', #10783, #902, #3318, .T. ) ;
#6872 = EDGE_CURVE ( 'NONE', #2384, #7942, #9208, .T. ) ;
#6873 = ORIENTED_EDGE ( 'NONE', *, *, #3742, .F. ) ;
#6874 = AXIS2_PLACEMENT_3D ( 'NONE', #9984, #9905, #3679 ) ;
#6875 = VERTEX_POINT ( 'NONE', #3810 ) ;
#6876 = CARTESIAN_POINT ( 'NONE',  ( 6.765000000000000568, 1.649999999999999911, -1.474999999999999867 ) ) ;
#6877 = LINE ( 'NONE', #5005, #6319 ) ;
#6878 = DIRECTION ( 'NONE',  ( 0.0000000000000000000, 1.000000000000000000, 0.0000000000000000000 ) ) ;
#6879 = VECTOR ( 'NONE', #10676, 1000.000000000000000 ) ;
#6880 = DIRECTION ( 'NONE',  ( 0.0000000000000000000, 1.000000000000000000, 0.0000000000000000000 ) ) ;
#6881 = VECTOR ( 'NONE', #10550, 1000.000000000000000 ) ;
#6882 = CARTESIAN_POINT ( 'NONE',  ( 9.775000000000002132, 2.000000000000000000, -2.024999999999999911 ) ) ;
#6883 = CARTESIAN_POINT ( 'NONE',  ( 6.974999999999999645, -0.6500000000000000222, -1.775000000000000133 ) ) ;
#6884 = ORIENTED_EDGE ( 'NONE', *, *, #1424, .T. ) ;
#6885 = ORIENTED_EDGE ( 'NONE', *, *, #2986, .T. ) ;
#6886 = DIRECTION ( 'NONE',  ( 1.000000000000000000, 0.0000000000000000000, 0.0000000000000000000 ) ) ;
#6887 = PRESENTATION_LAYER_ASSIGNMENT (  '', '', ( #9084 ) ) ;
#6888 = EDGE_CURVE ( 'NONE', #3356, #2793, #9782, .T. ) ;
#6889 = DIRECTION ( 'NONE',  ( -1.000000000000000000, 0.0000000000000000000, 0.0000000000000000000 ) ) ;
#6890 = DIRECTION ( 'NONE',  ( 0.0000000000000000000, 0.0000000000000000000, -1.000000000000000000 ) ) ;
#6891 = VECTOR ( 'NONE', #3951, 1000.000000000000000 ) ;
#6892 = FACE_OUTER_BOUND ( 'NONE', #3375, .T. ) ;
#6893 = FACE_OUTER_BOUND ( 'NONE', #6479, .T. ) ;
#6894 = CARTESIAN_POINT ( 'NONE',  ( -0.5250000000000000222, 1.850000000000000089, -2.024999999999999911 ) ) ;
#6895 = VERTEX_POINT ( 'NONE', #4654 ) ;
#6896 = FACE_OUTER_BOUND ( 'NONE', #4708, .T. ) ;
#6897 = CARTESIAN_POINT ( 'NONE',  ( 8.675000000000002487, 2.550000000000000266, -1.474999999999999867 ) ) ;
#6898 = VERTEX_POINT ( 'NONE', #6608 ) ;
#6899 =( LENGTH_UNIT ( ) NAMED_UNIT ( * ) SI_UNIT ( .MILLI., .METRE. ) );
#6900 = VECTOR ( 'NONE', #8881, 1000.000000000000114 ) ;
#6901 = LINE ( 'NONE', #4682, #7879 ) ;
#6902 = DIRECTION ( 'NONE',  ( 0.0000000000000000000, 0.0000000000000000000, 1.000000000000000000 ) ) ;
#6903 = VECTOR ( 'NONE', #3251, 1000.000000000000000 ) ;
#6904 = ADVANCED_FACE ( 'NONE', ( #6523 ), #5602, .F. ) ;
#6905 = UNCERTAINTY_MEASURE_WITH_UNIT (LENGTH_MEASURE( 1.000000000000000082E-05 ), #10867, 'distance_accuracy_value', 'NONE');
#6906 = DIRECTION ( 'NONE',  ( -1.000000000000000000, 0.0000000000000000000, 0.0000000000000000000 ) ) ;
#6907 = EDGE_CURVE ( 'NONE', #3899, #5183, #7938, .T. ) ;
#6908 = DIRECTION ( 'NONE',  ( 0.0000000000000000000, 1.000000000000000000, 0.0000000000000000000 ) ) ;
#6909 = DIRECTION ( 'NONE',  ( 0.0000000000000000000, 0.0000000000000000000, -1.000000000000000000 ) ) ;
#6910 = EDGE_CURVE ( 'NONE', #1003, #1051, #6392, .T. ) ;
#6911 = DIRECTION ( 'NONE',  ( 0.0000000000000000000, -0.9486832980505138790, -0.3162277660168379412 ) ) ;
#6912 = VERTEX_POINT ( 'NONE', #6685 ) ;
#6913 = LINE ( 'NONE', #7674, #1043 ) ;
#6914 = DIRECTION ( 'NONE',  ( 1.000000000000000000, 0.0000000000000000000, 0.0000000000000000000 ) ) ;
#6915 = ORIENTED_EDGE ( 'NONE', *, *, #4628, .T. ) ;
#6916 = CARTESIAN_POINT ( 'NONE',  ( -0.7349999999999999867, 1.649999999999999911, -1.025000000000000133 ) ) ;
#6917 = ADVANCED_FACE ( 'NONE', ( #5968 ), #5903, .F. ) ;
#6918 = ORIENTED_EDGE ( 'NONE', *, *, #11260, .F. ) ;
#6919 = VECTOR ( 'NONE', #3729, 1000.000000000000000 ) ;
#6920 = VECTOR ( 'NONE', #6855, 1000.000000000000000 ) ;
#6921 = DIRECTION ( 'NONE',  ( 0.0000000000000000000, 0.0000000000000000000, -1.000000000000000000 ) ) ;
#6922 = AXIS2_PLACEMENT_3D ( 'NONE', #5069, #8812, #3442 ) ;
#6923 = CARTESIAN_POINT ( 'NONE',  ( 6.985000000000000320, 1.000000000000000000, -1.025000000000000133 ) ) ;
#6924 = VERTEX_POINT ( 'NONE', #10383 ) ;
#6925 = DIRECTION ( 'NONE',  ( 1.000000000000000000, 0.0000000000000000000, 0.0000000000000000000 ) ) ;
#6926 = LINE ( 'NONE', #1301, #1183 ) ;
#6927 = DIRECTION ( 'NONE',  ( 0.0000000000000000000, 1.000000000000000000, 0.0000000000000000000 ) ) ;
#6928 = CARTESIAN_POINT ( 'NONE',  ( 3.225000000000000089, 1.649999999999999911, -1.025000000000000133 ) ) ;
#6929 = ORIENTED_EDGE ( 'NONE', *, *, #7595, .T. ) ;
#6930 = CARTESIAN_POINT ( 'NONE',  ( -1.875000000000000000, 3.750000000000000000, 0.02500000000000000139 ) ) ;
#6931 = CARTESIAN_POINT ( 'NONE',  ( 1.775000000000000133, 0.0000000000000000000, -1.525000000000000133 ) ) ;
#6932 = LINE ( 'NONE', #10644, #11138 ) ;
#6933 = VECTOR ( 'NONE', #7093, 1000.000000000000000 ) ;
#6934 = EDGE_CURVE ( 'NONE', #6138, #3306, #949, .T. ) ;
#6935 = CARTESIAN_POINT ( 'NONE',  ( 4.474999999999999645, 1.850000000000000089, -1.698606797699999893 ) ) ;
#6936 = ORIENTED_EDGE ( 'NONE', *, *, #10761, .F. ) ;
#6937 = LINE ( 'NONE', #3435, #9622 ) ;
#6938 = DIRECTION ( 'NONE',  ( 0.0000000000000000000, 1.000000000000000000, 0.0000000000000000000 ) ) ;
#6939 = EDGE_LOOP ( 'NONE', ( #3189, #7362, #4978, #16, #9521, #9389, #540, #1941 ) ) ;
#6940 = CARTESIAN_POINT ( 'NONE',  ( 7.074999999999999289, 1.649999999999999911, -1.698606797699999893 ) ) ;
#6941 = PRESENTATION_LAYER_ASSIGNMENT (  '', '', ( #6550 ) ) ;
#6942 = LINE ( 'NONE', #11151, #1633 ) ;
#6943 = APPLICATION_CONTEXT ( 'automotive_design' ) ;
#6944 = LINE ( 'NONE', #5812, #1336 ) ;
#6945 = VERTEX_POINT ( 'NONE', #11127 ) ;
#6946 = EDGE_CURVE ( 'NONE', #1829, #9610, #7641, .T. ) ;
#6947 = CARTESIAN_POINT ( 'NONE',  ( -0.4249999999999999889, 1.850000000000000089, -1.474999999999999867 ) ) ;
#6948 = EDGE_CURVE ( 'NONE', #272, #4746, #8345, .T. ) ;
#6949 = ORIENTED_EDGE ( 'NONE', *, *, #6872, .T. ) ;
#6950 = CARTESIAN_POINT ( 'NONE',  ( -1.375000000000000000, 3.750000000000000000, 2.024999999999999911 ) ) ;
#6951 = EDGE_CURVE ( 'NONE', #8259, #7545, #4989, .T. ) ;
#6952 = PLANE ( 'NONE',  #7765 ) ;
#6953 = DIRECTION ( 'NONE',  ( 0.0000000000000000000, 1.000000000000000000, 0.0000000000000000000 ) ) ;
#6954 = LINE ( 'NONE', #3255, #7366 ) ;
#6955 = VECTOR ( 'NONE', #9529, 1000.000000000000000 ) ;
#6956 = LINE ( 'NONE', #3274, #8206 ) ;
#6957 = DIRECTION ( 'NONE',  ( 0.0000000000000000000, 0.0000000000000000000, -1.000000000000000000 ) ) ;
#6958 = ORIENTED_EDGE ( 'NONE', *, *, #10921, .T. ) ;
#6959 = ORIENTED_EDGE ( 'NONE', *, *, #8225, .F. ) ;
#6960 = SURFACE_SIDE_STYLE ('',( #2726 ) ) ;
#6961 = CARTESIAN_POINT ( 'NONE',  ( 0.0000000000000000000, 4.240000000000000213, 0.0000000000000000000 ) ) ;
#6962 = CARTESIAN_POINT ( 'NONE',  ( -0.7249999999999999778, 0.3500000000000000333, -2.024999999999999911 ) ) ;
#6963 = EDGE_CURVE ( 'NONE', #5266, #6051, #10764, .T. ) ;
#6964 = PLANE ( 'NONE',  #5571 ) ;
#6965 = ORIENTED_EDGE ( 'NONE', *, *, #5579, .F. ) ;
#6966 = CARTESIAN_POINT ( 'NONE',  ( 4.275000000000000355, 1.649999999999999911, -1.025000000000000133 ) ) ;
#6967 = FACE_OUTER_BOUND ( 'NONE', #8076, .T. ) ;
#6968 = PRESENTATION_STYLE_ASSIGNMENT (( #2900 ) ) ;
#6969 = LINE ( 'NONE', #3632, #4171 ) ;
#6970 = ADVANCED_FACE ( 'NONE', ( #4159 ), #8499, .T. ) ;
#6971 = ORIENTED_EDGE ( 'NONE', *, *, #4609, .T. ) ;
#6972 = PLANE ( 'NONE',  #8118 ) ;
#6973 = ORIENTED_EDGE ( 'NONE', *, *, #1135, .F. ) ;
#6974 = CARTESIAN_POINT ( 'NONE',  ( 8.224999999999999645, 0.0000000000000000000, -2.024999999999999911 ) ) ;
#6975 = DIRECTION ( 'NONE',  ( 0.0000000000000000000, -1.000000000000000000, 0.0000000000000000000 ) ) ;
#6976 = EDGE_LOOP ( 'NONE', ( #565, #2440, #5864, #7531, #8042, #4990, #11495 ) ) ;
#6977 = LINE ( 'NONE', #8962, #6686 ) ;
#6978 = UNCERTAINTY_MEASURE_WITH_UNIT (LENGTH_MEASURE( 1.000000000000000082E-05 ), #8900, 'distance_accuracy_value', 'NONE');
#6979 = VECTOR ( 'NONE', #9161, 1000.000000000000000 ) ;
#6980 = LINE ( 'NONE', #660, #3344 ) ;
#6981 = ORIENTED_EDGE ( 'NONE', *, *, #8568, .F. ) ;
#6982 = EDGE_CURVE ( 'NONE', #7244, #2944, #5565, .T. ) ;
#6983 = PLANE ( 'NONE',  #10788 ) ;
#6984 = EDGE_CURVE ( 'NONE', #11473, #10500, #5831, .T. ) ;
#6985 = ORIENTED_EDGE ( 'NONE', *, *, #10532, .T. ) ;
#6986 = ORIENTED_EDGE ( 'NONE', *, *, #769, .T. ) ;
#6987 = EDGE_LOOP ( 'NONE', ( #1955, #2677, #7066, #9648 ) ) ;
#6988 = CARTESIAN_POINT ( 'NONE',  ( 6.974999999999999645, -0.004464445899999999919, 0.003975566199999999890 ) ) ;
#6989 = PLANE ( 'NONE',  #5848 ) ;
#6990 = ORIENTED_EDGE ( 'NONE', *, *, #1749, .F. ) ;
#6991 = CARTESIAN_POINT ( 'NONE',  ( 2.875000000000000000, 1.000000000000000000, -1.525000000000000133 ) ) ;
#6992 = LINE ( 'NONE', #11123, #121 ) ;
#6993 = PLANE ( 'NONE',  #3587 ) ;
#6994 = AXIS2_PLACEMENT_3D ( 'NONE', #2434, #11402, #3371 ) ;
#6995 = VERTEX_POINT ( 'NONE', #4037 ) ;
#6996 = ORIENTED_EDGE ( 'NONE', *, *, #9950, .T. ) ;
#6997 = CARTESIAN_POINT ( 'NONE',  ( 6.775000000000000355, 1.850000000000000089, 0.0000000000000000000 ) ) ;
#6998 = ORIENTED_EDGE ( 'NONE', *, *, #3537, .T. ) ;
#6999 = VERTEX_POINT ( 'NONE', #4115 ) ;
#7000 = LINE ( 'NONE', #10147, #6301 ) ;
#7001 = LINE ( 'NONE', #7602, #11640 ) ;
#7002 = CARTESIAN_POINT ( 'NONE',  ( -1.175000000000000044, 1.850000000000000089, -1.474999999999999867 ) ) ;
#7003 = ORIENTED_EDGE ( 'NONE', *, *, #10864, .F. ) ;
#7004 = DIRECTION ( 'NONE',  ( 1.000000000000000000, 0.0000000000000000000, 0.0000000000000000000 ) ) ;
#7005 = EDGE_CURVE ( 'NONE', #715, #9982, #11022, .T. ) ;
#7006 = PLANE ( 'NONE',  #3963 ) ;
#7007 = VERTEX_POINT ( 'NONE', #10214 ) ;
#7008 = CARTESIAN_POINT ( 'NONE',  ( 3.015000000000000124, 1.000000000000000000, -1.025000000000000133 ) ) ;
#7009 = VERTEX_POINT ( 'NONE', #9328 ) ;
#7010 = VERTEX_POINT ( 'NONE', #4998 ) ;
#7011 = VERTEX_POINT ( 'NONE', #7496 ) ;
#7012 = VECTOR ( 'NONE', #5419, 1000.000000000000000 ) ;
#7013 = PRESENTATION_LAYER_ASSIGNMENT (  '', '', ( #7434 ) ) ;
#7014 = VECTOR ( 'NONE', #138, 1000.000000000000000 ) ;
#7015 = DIRECTION ( 'NONE',  ( 0.0000000000000000000, 0.0000000000000000000, 1.000000000000000000 ) ) ;
#7016 = CARTESIAN_POINT ( 'NONE',  ( 5.825000000000000178, 1.850000000000000089, -1.474999999999999867 ) ) ;
#7017 = CARTESIAN_POINT ( 'NONE',  ( 0.7250000000000000888, 1.649999999999999911, -1.698606797699999893 ) ) ;
#7018 = CARTESIAN_POINT ( 'NONE',  ( 7.875000000000001776, 2.250000000000000000, 1.025000000000000133 ) ) ;
#7019 = DIRECTION ( 'NONE',  ( 1.000000000000000000, 0.0000000000000000000, 0.0000000000000000000 ) ) ;
#7020 = EDGE_LOOP ( 'NONE', ( #4574, #5582, #10350, #5309 ) ) ;
#7021 = EDGE_CURVE ( 'NONE', #2526, #1566, #8070, .T. ) ;
#7022 = ORIENTED_EDGE ( 'NONE', *, *, #10015, .T. ) ;
#7023 = EDGE_CURVE ( 'NONE', #368, #7942, #3876, .T. ) ;
#7024 = CARTESIAN_POINT ( 'NONE',  ( 1.775000000000000133, 1.315130797599999957, 1.171117220399999770 ) ) ;
#7025 = LINE ( 'NONE', #10432, #8865 ) ;
#7026 = VECTOR ( 'NONE', #6729, 1000.000000000000000 ) ;
#7027 = PLANE ( 'NONE',  #2257 ) ;
#7028 = ADVANCED_FACE ( 'NONE', ( #10466 ), #1288, .F. ) ;
#7029 = ORIENTED_EDGE ( 'NONE', *, *, #4261, .F. ) ;
#7030 = DIRECTION ( 'NONE',  ( 0.0000000000000000000, -1.000000000000000000, -3.219646771412953967E-15 ) ) ;
#7031 = CARTESIAN_POINT ( 'NONE',  ( 7.074999999999999289, 1.649999999999999911, -1.474999999999999867 ) ) ;
#7032 = VERTEX_POINT ( 'NONE', #3955 ) ;
#7033 = DIRECTION ( 'NONE',  ( 1.000000000000000000, 0.0000000000000000000, 0.0000000000000000000 ) ) ;
#7034 = AXIS2_PLACEMENT_3D ( 'NONE', #11085, #9292, #7420 ) ;
#7035 = LINE ( 'NONE', #5286, #157 ) ;
#7036 = EDGE_CURVE ( 'NONE', #1946, #7798, #3600, .T. ) ;
#7037 = LINE ( 'NONE', #6658, #5066 ) ;
#7038 = VECTOR ( 'NONE', #6493, 1000.000000000000000 ) ;
#7039 = PLANE ( 'NONE',  #7725 ) ;
#7040 = ADVANCED_FACE ( 'NONE', ( #3034 ), #5040, .T. ) ;
#7041 = AXIS2_PLACEMENT_3D ( 'NONE', #1514, #7753, #4218 ) ;
#7042 = ORIENTED_EDGE ( 'NONE', *, *, #1442, .T. ) ;
#7043 = DIRECTION ( 'NONE',  ( 0.0000000000000000000, 1.000000000000000000, 0.0000000000000000000 ) ) ;
#7044 = ORIENTED_EDGE ( 'NONE', *, *, #10548, .F. ) ;
#7045 = CARTESIAN_POINT ( 'NONE',  ( 8.325000000000002842, 1.649999999999999911, -1.474999999999999867 ) ) ;
#7046 = VECTOR ( 'NONE', #4508, 1000.000000000000000 ) ;
#7047 = DIRECTION ( 'NONE',  ( 0.0000000000000000000, 0.0000000000000000000, 1.000000000000000000 ) ) ;
#7048 = DIRECTION ( 'NONE',  ( 1.000000000000000000, 0.0000000000000000000, 0.0000000000000000000 ) ) ;
#7049 = PRESENTATION_STYLE_ASSIGNMENT (( #7169 ) ) ;
#7050 = CARTESIAN_POINT ( 'NONE',  ( 5.724999999999999645, 1.850000000000000089, 2.024999999999999911 ) ) ;
#7051 = VECTOR ( 'NONE', #4790, 1000.000000000000000 ) ;
#7052 = ORIENTED_EDGE ( 'NONE', *, *, #3453, .F. ) ;
#7053 = LINE ( 'NONE', #7710, #4660 ) ;
#7054 = EDGE_CURVE ( 'NONE', #2818, #8774, #656, .T. ) ;
#7055 = DIRECTION ( 'NONE',  ( 0.0000000000000000000, 0.7468134723257140450, -0.6650335612228979176 ) ) ;
#7056 = DIRECTION ( 'NONE',  ( 0.0000000000000000000, -1.000000000000000000, 0.0000000000000000000 ) ) ;
#7057 = ORIENTED_EDGE ( 'NONE', *, *, #10138, .F. ) ;
#7058 = ORIENTED_EDGE ( 'NONE', *, *, #1551, .F. ) ;
#7059 = VECTOR ( 'NONE', #5909, 1000.000000000000000 ) ;
#7060 = CARTESIAN_POINT ( 'NONE',  ( 5.735000000000000320, 1.850000000000000089, -2.024999999999999911 ) ) ;
#7061 = VECTOR ( 'NONE', #11100, 1000.000000000000000 ) ;
#7062 = ORIENTED_EDGE ( 'NONE', *, *, #2301, .F. ) ;
#7063 = LINE ( 'NONE', #6071, #2293 ) ;
#7064 = DIRECTION ( 'NONE',  ( 0.0000000000000000000, -1.000000000000000000, 0.0000000000000000000 ) ) ;
#7065 = PLANE ( 'NONE',  #7900 ) ;
#7066 = ORIENTED_EDGE ( 'NONE', *, *, #676, .F. ) ;
#7067 = LINE ( 'NONE', #2845, #2298 ) ;
#7068 = VERTEX_POINT ( 'NONE', #596 ) ;
#7069 = AXIS2_PLACEMENT_3D ( 'NONE', #10063, #1206, #2065 ) ;
#7070 = EDGE_CURVE ( 'NONE', #6564, #2447, #2634, .T. ) ;
#7071 = DIRECTION ( 'NONE',  ( 0.0000000000000000000, -1.000000000000000000, 0.0000000000000000000 ) ) ;
#7072 = DIRECTION ( 'NONE',  ( 0.0000000000000000000, 1.000000000000000000, 0.0000000000000000000 ) ) ;
#7073 = EDGE_CURVE ( 'NONE', #3824, #8479, #7367, .T. ) ;
#7074 = VECTOR ( 'NONE', #6975, 1000.000000000000000 ) ;
#7075 = LINE ( 'NONE', #5550, #4127 ) ;
#7076 = EDGE_LOOP ( 'NONE', ( #1386, #9369, #6838, #10605 ) ) ;
#7077 = ORIENTED_EDGE ( 'NONE', *, *, #8603, .F. ) ;
#7078 =( LENGTH_UNIT ( ) NAMED_UNIT ( * ) SI_UNIT ( .MILLI., .METRE. ) );
#7079 = AXIS2_PLACEMENT_3D ( 'NONE', #1446, #10254, #4878 ) ;
#7080 = FACE_OUTER_BOUND ( 'NONE', #8347, .T. ) ;
#7081 = VECTOR ( 'NONE', #3993, 1000.000000000000000 ) ;
#7082 = ORIENTED_EDGE ( 'NONE', *, *, #6168, .F. ) ;
#7083 = CARTESIAN_POINT ( 'NONE',  ( -1.375000000000000000, 3.750000000000000000, -2.024999999999999911 ) ) ;
#7084 = ORIENTED_EDGE ( 'NONE', *, *, #4023, .T. ) ;
#7085 = DIRECTION ( 'NONE',  ( 0.0000000000000000000, -1.000000000000000000, 0.0000000000000000000 ) ) ;
#7086 = EDGE_LOOP ( 'NONE', ( #9543, #11086, #8851, #118 ) ) ;
#7087 = DIRECTION ( 'NONE',  ( -0.0000000000000000000, 0.7468134723257140450, 0.6650335612228979176 ) ) ;
#7088 = EDGE_CURVE ( 'NONE', #7748, #10225, #9910, .T. ) ;
#7089 = CARTESIAN_POINT ( 'NONE',  ( 0.0000000000000000000, 4.240000000000000213, -1.925000000000000044 ) ) ;
#7090 = CARTESIAN_POINT ( 'NONE',  ( 4.485000000000000320, 1.649999999999999911, -1.025000000000000133 ) ) ;
#7091 = LINE ( 'NONE', #8083, #3586 ) ;
#7092 = CARTESIAN_POINT ( 'NONE',  ( 8.024999999999998579, 1.850000000000000089, 0.0000000000000000000 ) ) ;
#7093 = DIRECTION ( 'NONE',  ( 1.000000000000000000, 0.0000000000000000000, 0.0000000000000000000 ) ) ;
#7094 = ORIENTED_EDGE ( 'NONE', *, *, #2043, .F. ) ;
#7095 = ORIENTED_EDGE ( 'NONE', *, *, #312, .F. ) ;
#7096 = PLANE ( 'NONE',  #8135 ) ;
#7097 = LINE ( 'NONE', #2432, #8939 ) ;
#7098 = LINE ( 'NONE', #740, #10069 ) ;
#7099 = EDGE_CURVE ( 'NONE', #11196, #2829, #10898, .T. ) ;
#7100 = VECTOR ( 'NONE', #1017, 1000.000000000000000 ) ;
#7101 = CARTESIAN_POINT ( 'NONE',  ( 8.224999999999999645, 0.05000000000000002359, -1.524999999999999689 ) ) ;
#7102 = EDGE_CURVE ( 'NONE', #10513, #4419, #1501, .T. ) ;
#7103 = VERTEX_POINT ( 'NONE', #11403 ) ;
#7104 =( NAMED_UNIT ( * ) SI_UNIT ( $, .STERADIAN. ) SOLID_ANGLE_UNIT ( ) );
#7105 = CARTESIAN_POINT ( 'NONE',  ( 8.325000000000002842, 1.850000000000000089, -1.698606797699999893 ) ) ;
#7106 = VERTEX_POINT ( 'NONE', #6928 ) ;
#7107 = LINE ( 'NONE', #1267, #7511 ) ;
#7108 = LINE ( 'NONE', #5105, #9220 ) ;
#7109 = COLOUR_RGB ( '',1.000000000000000000, 1.000000000000000000, 1.000000000000000000 ) ;
#7110 = EDGE_LOOP ( 'NONE', ( #4774, #10924, #11503, #2969 ) ) ;
#7111 =( GEOMETRIC_REPRESENTATION_CONTEXT ( 3 ) GLOBAL_UNCERTAINTY_ASSIGNED_CONTEXT ( ( #6978 ) ) GLOBAL_UNIT_ASSIGNED_CONTEXT ( ( #8900, #2673, #8934 ) ) REPRESENTATION_CONTEXT ( 'NONE', 'WORKASPACE' ) );
#7112 = CARTESIAN_POINT ( 'NONE',  ( 3.024999999999999911, 0.3499999999999999778, -2.075000000000000178 ) ) ;
#7113 = EDGE_CURVE ( 'NONE', #6465, #1236, #3464, .T. ) ;
#7114 = CARTESIAN_POINT ( 'NONE',  ( 8.224999999999999645, 0.5000000000000000000, 0.0000000000000000000 ) ) ;
#7115 = CARTESIAN_POINT ( 'NONE',  ( 6.975000000000000533, 1.850000000000000089, 0.0000000000000000000 ) ) ;
#7116 = VERTEX_POINT ( 'NONE', #11475 ) ;
#7117 = DIRECTION ( 'NONE',  ( -1.000000000000000000, 0.0000000000000000000, 0.0000000000000000000 ) ) ;
#7118 = ORIENTED_EDGE ( 'NONE', *, *, #9217, .T. ) ;
#7119 =( NAMED_UNIT ( * ) SI_UNIT ( $, .STERADIAN. ) SOLID_ANGLE_UNIT ( ) );
#7120 = ORIENTED_EDGE ( 'NONE', *, *, #8749, .T. ) ;
#7121 = VECTOR ( 'NONE', #950, 1000.000000000000000 ) ;
#7122 = VECTOR ( 'NONE', #10933, 1000.000000000000000 ) ;
#7123 = CARTESIAN_POINT ( 'NONE',  ( 9.875000000000001776, 3.750000000000000000, 0.02500000000000000139 ) ) ;
#7124 = DIRECTION ( 'NONE',  ( 1.000000000000000000, 0.0000000000000000000, 0.0000000000000000000 ) ) ;
#7125 = PLANE ( 'NONE',  #3845 ) ;
#7126 = ORIENTED_EDGE ( 'NONE', *, *, #3287, .T. ) ;
#7127 = ORIENTED_EDGE ( 'NONE', *, *, #1770, .T. ) ;
#7128 = ORIENTED_EDGE ( 'NONE', *, *, #7847, .F. ) ;
#7129 = ORIENTED_EDGE ( 'NONE', *, *, #11465, .F. ) ;
#7130 = ORIENTED_EDGE ( 'NONE', *, *, #2043, .T. ) ;
#7131 = LINE ( 'NONE', #8666, #8978 ) ;
#7132 = EDGE_CURVE ( 'NONE', #10608, #1111, #6108, .T. ) ;
#7133 = CARTESIAN_POINT ( 'NONE',  ( -2.274999999999999911, 3.600000000000000977, -0.07499999999999998335 ) ) ;
#7134 = FACE_OUTER_BOUND ( 'NONE', #2808, .T. ) ;
#7135 = CARTESIAN_POINT ( 'NONE',  ( 5.724999999999999645, 1.350000000000000089, -1.525000000000000133 ) ) ;
#7136 = EDGE_CURVE ( 'NONE', #923, #3722, #4030, .T. ) ;
#7137 = ORIENTED_EDGE ( 'NONE', *, *, #2410, .T. ) ;
#7138 = VERTEX_POINT ( 'NONE', #6966 ) ;
#7139 = CARTESIAN_POINT ( 'NONE',  ( -1.875000000000000000, 2.550000000000000266, -1.474999999999999867 ) ) ;
#7140 = ORIENTED_EDGE ( 'NONE', *, *, #2070, .F. ) ;
#7141 = ORIENTED_EDGE ( 'NONE', *, *, #2058, .T. ) ;
#7142 = ORIENTED_EDGE ( 'NONE', *, *, #5944, .F. ) ;
#7143 = DIRECTION ( 'NONE',  ( 1.000000000000000000, 0.0000000000000000000, 0.0000000000000000000 ) ) ;
#7144 = DIRECTION ( 'NONE',  ( 0.0000000000000000000, 0.0000000000000000000, -1.000000000000000000 ) ) ;
#7145 = VECTOR ( 'NONE', #7422, 1000.000000000000000 ) ;
#7146 = VECTOR ( 'NONE', #11029, 1000.000000000000000 ) ;
#7147 = STYLED_ITEM ( 'NONE', ( #5233 ), #3892 ) ;
#7148 = CARTESIAN_POINT ( 'NONE',  ( -0.7249999999999999778, 0.0000000000000000000, 0.0000000000000000000 ) ) ;
#7149 = ORIENTED_EDGE ( 'NONE', *, *, #8261, .T. ) ;
#7150 = VERTEX_POINT ( 'NONE', #2352 ) ;
#7151 = VERTEX_POINT ( 'NONE', #6096 ) ;
#7152 = LINE ( 'NONE', #4118, #4501 ) ;
#7153 = CARTESIAN_POINT ( 'NONE',  ( -2.274999999999999911, 3.599999999999999201, -0.07500000000000128786 ) ) ;
#7154 = DIRECTION ( 'NONE',  ( 1.000000000000000000, 0.0000000000000000000, 0.0000000000000000000 ) ) ;
#7155 = LINE ( 'NONE', #11203, #6449 ) ;
#7156 = EDGE_CURVE ( 'NONE', #1744, #7576, #1644, .T. ) ;
#7157 = CARTESIAN_POINT ( 'NONE',  ( 6.985000000000000320, 1.850000000000000089, -1.025000000000000133 ) ) ;
#7158 =( LENGTH_UNIT ( ) NAMED_UNIT ( * ) SI_UNIT ( .MILLI., .METRE. ) );
#7159 = VERTEX_POINT ( 'NONE', #5158 ) ;
#7160 = VERTEX_POINT ( 'NONE', #10544 ) ;
#7161 = PLANE ( 'NONE',  #2349 ) ;
#7162 = PLANE ( 'NONE',  #4012 ) ;
#7163 = LINE ( 'NONE', #4764, #4767 ) ;
#7164 = AXIS2_PLACEMENT_3D ( 'NONE', #4689, #10973, #228 ) ;
#7165 = ADVANCED_FACE ( 'NONE', ( #9499 ), #3297, .T. ) ;
#7166 = DIRECTION ( 'NONE',  ( 0.0000000000000000000, 0.0000000000000000000, -1.000000000000000000 ) ) ;
#7167 = VECTOR ( 'NONE', #6584, 1000.000000000000000 ) ;
#7168 = LINE ( 'NONE', #8137, #1148 ) ;
#7169 = SURFACE_STYLE_USAGE ( .BOTH. , #924 ) ;
#7170 = EDGE_CURVE ( 'NONE', #11170, #8365, #8929, .T. ) ;
#7171 = ORIENTED_EDGE ( 'NONE', *, *, #6662, .F. ) ;
#7172 = DIRECTION ( 'NONE',  ( -1.000000000000000000, 0.0000000000000000000, 0.0000000000000000000 ) ) ;
#7173 = EDGE_CURVE ( 'NONE', #6912, #902, #3175, .T. ) ;
#7174 =( LENGTH_UNIT ( ) NAMED_UNIT ( * ) SI_UNIT ( .MILLI., .METRE. ) );
#7175 = ORIENTED_EDGE ( 'NONE', *, *, #8764, .T. ) ;
#7176 = VECTOR ( 'NONE', #6660, 1000.000000000000000 ) ;
#7177 = LINE ( 'NONE', #4588, #2712 ) ;
#7178 = CARTESIAN_POINT ( 'NONE',  ( 6.775000000000000355, 0.5000000000000000000, 0.0000000000000000000 ) ) ;
#7179 = PRESENTATION_STYLE_ASSIGNMENT (( #864 ) ) ;
#7180 = DIRECTION ( 'NONE',  ( 1.000000000000000000, 0.0000000000000000000, 0.0000000000000000000 ) ) ;
#7181 = CARTESIAN_POINT ( 'NONE',  ( -2.274999999999999911, 3.599999999999999201, -0.07500000000000128786 ) ) ;
#7182 = ORIENTED_EDGE ( 'NONE', *, *, #1031, .T. ) ;
#7183 = LINE ( 'NONE', #7101, #10558 ) ;
#7184 = ORIENTED_EDGE ( 'NONE', *, *, #10184, .T. ) ;
#7185 = STYLED_ITEM ( 'NONE', ( #9894 ), #7752 ) ;
#7186 = EDGE_CURVE ( 'NONE', #7068, #4891, #6803, .T. ) ;
#7187 = LINE ( 'NONE', #7017, #9032 ) ;
#7188 = LINE ( 'NONE', #11356, #906 ) ;
#7189 = CARTESIAN_POINT ( 'NONE',  ( 5.514999999999999680, 0.0000000000000000000, -1.474999999999999867 ) ) ;
#7190 = VERTEX_POINT ( 'NONE', #4189 ) ;
#7191 = VECTOR ( 'NONE', #11420, 1000.000000000000000 ) ;
#7192 = DIRECTION ( 'NONE',  ( 0.0000000000000000000, -1.000000000000000000, 0.0000000000000000000 ) ) ;
#7193 = ORIENTED_EDGE ( 'NONE', *, *, #2901, .T. ) ;
#7194 = DIRECTION ( 'NONE',  ( 1.000000000000000000, 0.0000000000000000000, 0.0000000000000000000 ) ) ;
#7195 = DIRECTION ( 'NONE',  ( 0.0000000000000000000, -3.219646771412953967E-15, 1.000000000000000000 ) ) ;
#7196 = DIRECTION ( 'NONE',  ( 1.000000000000000000, 0.0000000000000000000, 0.0000000000000000000 ) ) ;
#7197 = VECTOR ( 'NONE', #11020, 1000.000000000000000 ) ;
#7198 = EDGE_CURVE ( 'NONE', #1385, #11089, #82, .T. ) ;
#7199 = CARTESIAN_POINT ( 'NONE',  ( 4.275000000000000355, 1.350000000000000089, -1.525000000000000133 ) ) ;
#7200 = EDGE_CURVE ( 'NONE', #7717, #6558, #6383, .T. ) ;
#7201 = ORIENTED_EDGE ( 'NONE', *, *, #6457, .F. ) ;
#7202 = CARTESIAN_POINT ( 'NONE',  ( 0.5250000000000000222, 0.0000000000000000000, 2.024999999999999911 ) ) ;
#7203 = VECTOR ( 'NONE', #3283, 1000.000000000000000 ) ;
#7204 = PLANE ( 'NONE',  #7802 ) ;
#7205 = ORIENTED_EDGE ( 'NONE', *, *, #787, .T. ) ;
#7206 = CARTESIAN_POINT ( 'NONE',  ( 3.825000000000000178, 1.850000000000000089, 2.024999999999999911 ) ) ;
#7207 = SURFACE_SIDE_STYLE ('',( #11508 ) ) ;
#7208 = LINE ( 'NONE', #9850, #2741 ) ;
#7209 = FACE_OUTER_BOUND ( 'NONE', #6468, .T. ) ;
#7210 = ORIENTED_EDGE ( 'NONE', *, *, #6477, .T. ) ;
#7211 = FACE_OUTER_BOUND ( 'NONE', #2323, .T. ) ;
#7212 = AXIS2_PLACEMENT_3D ( 'NONE', #101, #2925, #10994 ) ;
#7213 = CARTESIAN_POINT ( 'NONE',  ( 4.485000000000000320, 1.850000000000000089, -1.025000000000000133 ) ) ;
#7214 = ORIENTED_EDGE ( 'NONE', *, *, #1572, .F. ) ;
#7215 = DIRECTION ( 'NONE',  ( -1.000000000000000000, 0.0000000000000000000, 0.0000000000000000000 ) ) ;
#7216 = ADVANCED_FACE ( 'NONE', ( #9772 ), #8904, .T. ) ;
#7217 = DIRECTION ( 'NONE',  ( 1.000000000000000000, 0.0000000000000000000, 0.0000000000000000000 ) ) ;
#7218 = ORIENTED_EDGE ( 'NONE', *, *, #2662, .F. ) ;
#7219 = VERTEX_POINT ( 'NONE', #714 ) ;
#7220 = AXIS2_PLACEMENT_3D ( 'NONE', #6544, #358, #3972 ) ;
#7221 = PLANE ( 'NONE',  #8307 ) ;
#7222 = CARTESIAN_POINT ( 'NONE',  ( 0.7249999999999999778, 0.0000000000000000000, -1.525000000000000133 ) ) ;
#7223 = AXIS2_PLACEMENT_3D ( 'NONE', #8180, #8140, #10757 ) ;
#7224 = CARTESIAN_POINT ( 'NONE',  ( -0.7249999999999999778, 0.0000000000000000000, 2.024999999999999911 ) ) ;
#7225 = CARTESIAN_POINT ( 'NONE',  ( 5.525000000000000355, -0.6500000000000000222, -2.075000000000000178 ) ) ;
#7226 = VECTOR ( 'NONE', #5200, 1000.000000000000000 ) ;
#7227 = DIRECTION ( 'NONE',  ( 0.0000000000000000000, 0.0000000000000000000, -1.000000000000000000 ) ) ;
#7228 = FACE_OUTER_BOUND ( 'NONE', #7672, .T. ) ;
#7229 = CARTESIAN_POINT ( 'NONE',  ( -2.475000000000000089, 1.999999999999997780, -2.075000000000008615 ) ) ;
#7230 = ORIENTED_EDGE ( 'NONE', *, *, #1869, .T. ) ;
#7231 = EDGE_CURVE ( 'NONE', #10086, #7545, #4146, .T. ) ;
#7232 = ORIENTED_EDGE ( 'NONE', *, *, #5807, .F. ) ;
#7233 = EDGE_CURVE ( 'NONE', #152, #3243, #6512, .T. ) ;
#7234 = CARTESIAN_POINT ( 'NONE',  ( -2.875000000000000000, 1.949999999999999512, 2.025000000000007017 ) ) ;
#7235 = ADVANCED_FACE ( 'NONE', ( #2329 ), #755, .T. ) ;
#7236 = ORIENTED_EDGE ( 'NONE', *, *, #2284, .F. ) ;
#7237 = CARTESIAN_POINT ( 'NONE',  ( 5.375000000000000000, 1.000000000000000000, -1.525000000000000133 ) ) ;
#7238 = LINE ( 'NONE', #6487, #6390 ) ;
#7239 = VECTOR ( 'NONE', #8614, 1000.000000000000000 ) ;
#7240 = VECTOR ( 'NONE', #2053, 1000.000000000000114 ) ;
#7241 = ORIENTED_EDGE ( 'NONE', *, *, #8936, .F. ) ;
#7242 = CARTESIAN_POINT ( 'NONE',  ( -2.274999999999999911, 0.0000000000000000000, 0.0000000000000000000 ) ) ;
#7243 = ORIENTED_EDGE ( 'NONE', *, *, #1234, .F. ) ;
#7244 = VERTEX_POINT ( 'NONE', #7083 ) ;
#7245 = MECHANICAL_DESIGN_GEOMETRIC_PRESENTATION_REPRESENTATION (  '', ( #1922 ), #1867 ) ;
#7246 = EDGE_CURVE ( 'NONE', #2809, #3920, #10044, .T. ) ;
#7247 = EDGE_LOOP ( 'NONE', ( #290, #10545, #1686, #3460 ) ) ;
#7248 = VECTOR ( 'NONE', #10523, 1000.000000000000000 ) ;
#7249 =( GEOMETRIC_REPRESENTATION_CONTEXT ( 3 ) GLOBAL_UNCERTAINTY_ASSIGNED_CONTEXT ( ( #4807 ) ) GLOBAL_UNIT_ASSIGNED_CONTEXT ( ( #3368, #5071, #7854 ) ) REPRESENTATION_CONTEXT ( 'NONE', 'WORKASPACE' ) );
#7250 = ORIENTED_EDGE ( 'NONE', *, *, #1551, .T. ) ;
#7251 = DIRECTION ( 'NONE',  ( 0.0000000000000000000, 1.000000000000000000, 0.0000000000000000000 ) ) ;
#7252 = ORIENTED_EDGE ( 'NONE', *, *, #7975, .F. ) ;
#7253 = DIRECTION ( 'NONE',  ( 1.000000000000000000, 0.0000000000000000000, 0.0000000000000000000 ) ) ;
#7254 = ORIENTED_EDGE ( 'NONE', *, *, #4966, .F. ) ;
#7255 = ORIENTED_EDGE ( 'NONE', *, *, #10529, .T. ) ;
#7256 = ORIENTED_EDGE ( 'NONE', *, *, #229, .F. ) ;
#7257 = LINE ( 'NONE', #29, #3490 ) ;
#7258 = LINE ( 'NONE', #3173, #1680 ) ;
#7259 = CARTESIAN_POINT ( 'NONE',  ( 6.775000000000000355, 1.850000000000000089, -1.025000000000000133 ) ) ;
#7260 = DIRECTION ( 'NONE',  ( 0.0000000000000000000, 1.000000000000000000, 0.0000000000000000000 ) ) ;
#7261 = EDGE_CURVE ( 'NONE', #10975, #7011, #11301, .T. ) ;
#7262 = DIRECTION ( 'NONE',  ( 0.0000000000000000000, 1.000000000000000000, 3.219646771412953967E-15 ) ) ;
#7263 = ORIENTED_EDGE ( 'NONE', *, *, #5450, .F. ) ;
#7264 = VERTEX_POINT ( 'NONE', #2597 ) ;
#7265 = ORIENTED_EDGE ( 'NONE', *, *, #3537, .F. ) ;
#7266 = VERTEX_POINT ( 'NONE', #3527 ) ;
#7267 = VECTOR ( 'NONE', #10218, 1000.000000000000000 ) ;
#7268 = ADVANCED_FACE ( 'NONE', ( #1779 ), #3598, .T. ) ;
#7269 = VECTOR ( 'NONE', #11069, 1000.000000000000000 ) ;
#7270 = CARTESIAN_POINT ( 'NONE',  ( 9.525000000000002132, 1.980741759643274369, -2.024999999999999911 ) ) ;
#7271 = DIRECTION ( 'NONE',  ( 0.0000000000000000000, 1.000000000000000000, 0.0000000000000000000 ) ) ;
#7272 = CARTESIAN_POINT ( 'NONE',  ( -0.8750000000000000000, 2.250000000000000000, 1.505384757699999909 ) ) ;
#7273 = ORIENTED_EDGE ( 'NONE', *, *, #4387, .T. ) ;
#7274 = AXIS2_PLACEMENT_3D ( 'NONE', #5330, #9995, #4579 ) ;
#7275 = VERTEX_POINT ( 'NONE', #8820 ) ;
#7276 = AXIS2_PLACEMENT_3D ( 'NONE', #4359, #7055, #1708 ) ;
#7277 = ORIENTED_EDGE ( 'NONE', *, *, #7102, .T. ) ;
#7278 = ORIENTED_EDGE ( 'NONE', *, *, #3149, .T. ) ;
#7279 = VERTEX_POINT ( 'NONE', #913 ) ;
#7280 = EDGE_CURVE ( 'NONE', #10243, #8503, #5555, .T. ) ;
#7281 = EDGE_CURVE ( 'NONE', #11622, #10323, #10889, .T. ) ;
#7282 = VECTOR ( 'NONE', #5457, 1000.000000000000000 ) ;
#7283 = VECTOR ( 'NONE', #7974, 1000.000000000000000 ) ;
#7284 = EDGE_LOOP ( 'NONE', ( #3565, #5484, #10736, #1920 ) ) ;
#7285 = DIRECTION ( 'NONE',  ( -1.000000000000000000, 0.0000000000000000000, 0.0000000000000000000 ) ) ;
#7286 = CARTESIAN_POINT ( 'NONE',  ( 4.474999999999999645, 1.850000000000000089, -2.024999999999999911 ) ) ;
#7287 = EDGE_LOOP ( 'NONE', ( #2074, #11008, #5443, #10954 ) ) ;
#7288 = LINE ( 'NONE', #5333, #1856 ) ;
#7289 = AXIS2_PLACEMENT_3D ( 'NONE', #4420, #10700, #8078 ) ;
#7290 = ADVANCED_FACE ( 'NONE', ( #8645 ), #7006, .T. ) ;
#7291 = VECTOR ( 'NONE', #685, 1000.000000000000000 ) ;
#7292 = VECTOR ( 'NONE', #7347, 1000.000000000000000 ) ;
#7293 = CARTESIAN_POINT ( 'NONE',  ( -0.5250000000000000222, 1.350000000000000089, 1.525000000000000133 ) ) ;
#7294 = DIRECTION ( 'NONE',  ( 0.0000000000000000000, 1.000000000000000000, 0.0000000000000000000 ) ) ;
#7295 = CARTESIAN_POINT ( 'NONE',  ( 0.0000000000000000000, 0.0000000000000000000, -1.474999999999999867 ) ) ;
#7296 = ORIENTED_EDGE ( 'NONE', *, *, #4966, .T. ) ;
#7297 = CARTESIAN_POINT ( 'NONE',  ( 1.775000000000000133, 1.000000000000000000, -1.525000000000000133 ) ) ;
#7298 = ORIENTED_EDGE ( 'NONE', *, *, #9627, .F. ) ;
#7299 = DIRECTION ( 'NONE',  ( -1.000000000000000000, 0.0000000000000000000, 0.0000000000000000000 ) ) ;
#7300 = CARTESIAN_POINT ( 'NONE',  ( 1.675000000000000044, 1.850000000000000089, 2.024999999999999911 ) ) ;
#7301 = EDGE_CURVE ( 'NONE', #4731, #10243, #4693, .T. ) ;
#7302 = CARTESIAN_POINT ( 'NONE',  ( 0.5250000000000000222, 1.350000000000000089, 1.525000000000000133 ) ) ;
#7303 = LINE ( 'NONE', #9867, #11245 ) ;
#7304 = LINE ( 'NONE', #11172, #6047 ) ;
#7305 = LINE ( 'NONE', #10356, #442 ) ;
#7306 = ORIENTED_EDGE ( 'NONE', *, *, #2787, .F. ) ;
#7307 = DIRECTION ( 'NONE',  ( 0.0000000000000000000, 4.003208021484939327E-15, -1.000000000000000000 ) ) ;
#7308 = CARTESIAN_POINT ( 'NONE',  ( 9.775000000000002132, 2.250000000000000000, -2.024999999999999911 ) ) ;
#7309 = VERTEX_POINT ( 'NONE', #8938 ) ;
#7310 = DIRECTION ( 'NONE',  ( 0.0000000000000000000, -1.000000000000000000, 0.0000000000000000000 ) ) ;
#7311 = LINE ( 'NONE', #10882, #6759 ) ;
#7312 = DIRECTION ( 'NONE',  ( 0.0000000000000000000, 1.000000000000000000, 2.552445434498790050E-15 ) ) ;
#7313 = EDGE_CURVE ( 'NONE', #3182, #9746, #3738, .T. ) ;
#7314 = DIRECTION ( 'NONE',  ( 0.0000000000000000000, 0.6650335612228979176, -0.7468134723257140450 ) ) ;
#7315 = EDGE_CURVE ( 'NONE', #7116, #1002, #11445, .T. ) ;
#7316 = FACE_OUTER_BOUND ( 'NONE', #8815, .T. ) ;
#7317 = DIRECTION ( 'NONE',  ( 0.0000000000000000000, 0.0000000000000000000, 1.000000000000000000 ) ) ;
#7318 = STYLED_ITEM ( 'NONE', ( #1917 ), #695 ) ;
#7319 = ORIENTED_EDGE ( 'NONE', *, *, #4995, .F. ) ;
#7320 = ORIENTED_EDGE ( 'NONE', *, *, #3195, .T. ) ;
#7321 = FACE_OUTER_BOUND ( 'NONE', #6223, .T. ) ;
#7322 = VECTOR ( 'NONE', #3933, 1000.000000000000000 ) ;
#7323 = CARTESIAN_POINT ( 'NONE',  ( 3.225000000000000089, 1.000000000000000000, 1.525000000000000133 ) ) ;
#7324 = VECTOR ( 'NONE', #8737, 1000.000000000000000 ) ;
#7325 = LINE ( 'NONE', #8766, #4404 ) ;
#7326 = ADVANCED_FACE ( 'NONE', ( #9070 ), #8982, .F. ) ;
#7327 = PRESENTATION_LAYER_ASSIGNMENT (  '', '', ( #9011 ) ) ;
#7328 = ORIENTED_EDGE ( 'NONE', *, *, #6488, .T. ) ;
#7329 = EDGE_CURVE ( 'NONE', #1129, #1720, #1918, .T. ) ;
#7330 = CARTESIAN_POINT ( 'NONE',  ( 1.984999999999999876, 1.649999999999999911, -1.474999999999999867 ) ) ;
#7331 = ORIENTED_EDGE ( 'NONE', *, *, #7768, .F. ) ;
#7332 =( NAMED_UNIT ( * ) SI_UNIT ( $, .STERADIAN. ) SOLID_ANGLE_UNIT ( ) );
#7333 = VERTEX_POINT ( 'NONE', #9951 ) ;
#7334 = PLANE ( 'NONE',  #3444 ) ;
#7335 = CARTESIAN_POINT ( 'NONE',  ( 6.975000000000000533, 0.05000000000000002359, -1.775000000000000133 ) ) ;
#7336 = VECTOR ( 'NONE', #1745, 1000.000000000000000 ) ;
#7337 = VECTOR ( 'NONE', #10470, 1000.000000000000000 ) ;
#7338 = DIRECTION ( 'NONE',  ( 0.0000000000000000000, -1.000000000000000000, 0.0000000000000000000 ) ) ;
#7339 = VERTEX_POINT ( 'NONE', #7225 ) ;
#7340 = VECTOR ( 'NONE', #4013, 1000.000000000000000 ) ;
#7341 = PLANE ( 'NONE',  #5460 ) ;
#7342 = CARTESIAN_POINT ( 'NONE',  ( -2.274999999999999911, 2.000000000000000000, -2.024999999999999911 ) ) ;
#7343 = ORIENTED_EDGE ( 'NONE', *, *, #7444, .F. ) ;
#7344 = EDGE_CURVE ( 'NONE', #2084, #4456, #9490, .T. ) ;
#7345 = FILL_AREA_STYLE ('',( #10139 ) ) ;
#7346 = ADVANCED_FACE ( 'NONE', ( #9639 ), #5517, .F. ) ;
#7347 = DIRECTION ( 'NONE',  ( 0.0000000000000000000, 1.000000000000000000, -3.295974604355814534E-17 ) ) ;
#7348 = EDGE_CURVE ( 'NONE', #8388, #9888, #3868, .T. ) ;
#7349 = LINE ( 'NONE', #1311, #6656 ) ;
#7350 = VECTOR ( 'NONE', #6510, 1000.000000000000000 ) ;
#7351 = CARTESIAN_POINT ( 'NONE',  ( -1.375000000000000000, 3.149999999999999911, 2.024999999999999911 ) ) ;
#7352 = ORIENTED_EDGE ( 'NONE', *, *, #4328, .T. ) ;
#7353 = DIRECTION ( 'NONE',  ( 0.0000000000000000000, 0.0000000000000000000, 1.000000000000000000 ) ) ;
#7354 = PLANE ( 'NONE',  #9288 ) ;
#7355 = ORIENTED_EDGE ( 'NONE', *, *, #8176, .T. ) ;
#7356 = CARTESIAN_POINT ( 'NONE',  ( 7.875000000000000000, 1.000000000000000000, -1.525000000000000133 ) ) ;
#7357 = DIRECTION ( 'NONE',  ( 0.0000000000000000000, 0.7468134723257140450, -0.6650335612228979176 ) ) ;
#7358 = FACE_OUTER_BOUND ( 'NONE', #8220, .T. ) ;
#7359 = VECTOR ( 'NONE', #28, 1000.000000000000114 ) ;
#7360 = COLOUR_RGB ( '',1.000000000000000000, 0.8039215686274510109, 0.4980392156862745168 ) ;
#7361 = CARTESIAN_POINT ( 'NONE',  ( -1.175000000000000044, 1.850000000000000089, 2.024999999999999911 ) ) ;
#7362 = ORIENTED_EDGE ( 'NONE', *, *, #7615, .F. ) ;
#7363 = CARTESIAN_POINT ( 'NONE',  ( 0.7249999999999999778, 1.000000000000000000, 0.0000000000000000000 ) ) ;
#7364 = VERTEX_POINT ( 'NONE', #5553 ) ;
#7365 = EDGE_CURVE ( 'NONE', #8346, #11221, #4563, .T. ) ;
#7366 = VECTOR ( 'NONE', #8743, 1000.000000000000000 ) ;
#7367 = LINE ( 'NONE', #4231, #8797 ) ;
#7368 = VECTOR ( 'NONE', #9387, 1000.000000000000000 ) ;
#7369 =( NAMED_UNIT ( * ) PLANE_ANGLE_UNIT ( ) SI_UNIT ( $, .RADIAN. ) );
#7370 = ORIENTED_EDGE ( 'NONE', *, *, #3360, .T. ) ;
#7371 = CARTESIAN_POINT ( 'NONE',  ( 0.7250000000000000888, 0.5000000000000000000, 2.024999999999999911 ) ) ;
#7372 =( GEOMETRIC_REPRESENTATION_CONTEXT ( 3 ) GLOBAL_UNCERTAINTY_ASSIGNED_CONTEXT ( ( #10741 ) ) GLOBAL_UNIT_ASSIGNED_CONTEXT ( ( #9034, #5644, #2982 ) ) REPRESENTATION_CONTEXT ( 'NONE', 'WORKASPACE' ) );
#7373 = DIRECTION ( 'NONE',  ( 1.000000000000000000, 0.0000000000000000000, 0.0000000000000000000 ) ) ;
#7374 = CARTESIAN_POINT ( 'NONE',  ( 1.974999999999999867, -0.6500000000000000222, -2.075000000000000178 ) ) ;
#7375 = VERTEX_POINT ( 'NONE', #1059 ) ;
#7376 = LINE ( 'NONE', #2332, #9657 ) ;
#7377 = EDGE_CURVE ( 'NONE', #4997, #9173, #2172, .T. ) ;
#7378 = COLOUR_RGB ( '',1.000000000000000000, 1.000000000000000000, 1.000000000000000000 ) ;
#7379 = VERTEX_POINT ( 'NONE', #140 ) ;
#7380 = ADVANCED_FACE ( 'NONE', ( #3446 ), #1953, .T. ) ;
#7381 = EDGE_CURVE ( 'NONE', #3306, #9551, #7766, .T. ) ;
#7382 = DIRECTION ( 'NONE',  ( 1.000000000000000000, 0.0000000000000000000, 0.0000000000000000000 ) ) ;
#7383 = PLANE ( 'NONE',  #4812 ) ;
#7384 = EDGE_LOOP ( 'NONE', ( #11302, #3852, #11448, #3384 ) ) ;
#7385 = EDGE_LOOP ( 'NONE', ( #1049, #1109, #4406, #6278, #3730, #4863 ) ) ;
#7386 = ORIENTED_EDGE ( 'NONE', *, *, #3003, .T. ) ;
#7387 = LINE ( 'NONE', #6170, #11198 ) ;
#7388 = LINE ( 'NONE', #298, #10646 ) ;
#7389 = DIRECTION ( 'NONE',  ( 0.0000000000000000000, 0.0000000000000000000, 1.000000000000000000 ) ) ;
#7390 = EDGE_CURVE ( 'NONE', #4869, #313, #5258, .T. ) ;
#7391 = ORIENTED_EDGE ( 'NONE', *, *, #327, .T. ) ;
#7392 = CARTESIAN_POINT ( 'NONE',  ( -0.5250000000000000222, 1.000000000000000000, 1.525000000000000133 ) ) ;
#7393 = ORIENTED_EDGE ( 'NONE', *, *, #723, .F. ) ;
#7394 = VERTEX_POINT ( 'NONE', #1851 ) ;
#7395 = EDGE_LOOP ( 'NONE', ( #8114, #10136, #2943, #3666 ) ) ;
#7396 = ORIENTED_EDGE ( 'NONE', *, *, #9271, .F. ) ;
#7397 = VERTEX_POINT ( 'NONE', #7302 ) ;
#7398 = FACE_OUTER_BOUND ( 'NONE', #3675, .T. ) ;
#7399 = LINE ( 'NONE', #4254, #5458 ) ;
#7400 = ADVANCED_FACE ( 'NONE', ( #5814 ), #3751, .T. ) ;
#7401 = ORIENTED_EDGE ( 'NONE', *, *, #2768, .T. ) ;
#7402 = ORIENTED_EDGE ( 'NONE', *, *, #36, .F. ) ;
#7403 = VERTEX_POINT ( 'NONE', #8202 ) ;
#7404 = ORIENTED_EDGE ( 'NONE', *, *, #2901, .F. ) ;
#7405 = ORIENTED_EDGE ( 'NONE', *, *, #2302, .T. ) ;
#7406 = LINE ( 'NONE', #4799, #7267 ) ;
#7407 = EDGE_CURVE ( 'NONE', #1829, #1392, #10168, .T. ) ;
#7408 = CARTESIAN_POINT ( 'NONE',  ( 1.774999999999999911, 0.3499999999999999778, -2.075000000000000178 ) ) ;
#7409 = EDGE_CURVE ( 'NONE', #11182, #10287, #10308, .T. ) ;
#7410 = CARTESIAN_POINT ( 'NONE',  ( 0.8249999999999999556, 1.850000000000000089, 2.024999999999999911 ) ) ;
#7411 = ORIENTED_EDGE ( 'NONE', *, *, #1057, .F. ) ;
#7412 = VERTEX_POINT ( 'NONE', #6478 ) ;
#7413 = ORIENTED_EDGE ( 'NONE', *, *, #734, .T. ) ;
#7414 = VECTOR ( 'NONE', #10665, 1000.000000000000000 ) ;
#7415 = PLANE ( 'NONE',  #7069 ) ;
#7416 = LINE ( 'NONE', #1506, #2953 ) ;
#7417 = VECTOR ( 'NONE', #10035, 1000.000000000000000 ) ;
#7418 = CARTESIAN_POINT ( 'NONE',  ( 0.5249999999999999112, -0.6500000000000000222, -2.075000000000000178 ) ) ;
#7419 = AXIS2_PLACEMENT_3D ( 'NONE', #1621, #1743, #8910 ) ;
#7420 = DIRECTION ( 'NONE',  ( 0.0000000000000000000, 1.000000000000000000, 3.219646771412953967E-15 ) ) ;
#7421 = VERTEX_POINT ( 'NONE', #2964 ) ;
#7422 = DIRECTION ( 'NONE',  ( 1.000000000000000000, 0.0000000000000000000, 0.0000000000000000000 ) ) ;
#7423 = CARTESIAN_POINT ( 'NONE',  ( 6.975000000000000533, 1.350000000000000089, -1.525000000000000133 ) ) ;
#7424 = VERTEX_POINT ( 'NONE', #5664 ) ;
#7425 = CARTESIAN_POINT ( 'NONE',  ( 9.525000000000002132, 4.240000000000000213, -2.024999999999999911 ) ) ;
#7426 = FACE_OUTER_BOUND ( 'NONE', #7385, .T. ) ;
#7427 = VECTOR ( 'NONE', #7697, 1000.000000000000000 ) ;
#7428 = DIRECTION ( 'NONE',  ( -1.000000000000000000, 0.0000000000000000000, 0.0000000000000000000 ) ) ;
#7429 = DIRECTION ( 'NONE',  ( 0.0000000000000000000, 1.000000000000000000, 0.0000000000000000000 ) ) ;
#7430 = ORIENTED_EDGE ( 'NONE', *, *, #7233, .F. ) ;
#7431 = ADVANCED_FACE ( 'NONE', ( #6093 ), #4823, .F. ) ;
#7432 = PRODUCT_DEFINITION ( 'UNKNOWN', '', #4808, #11173 ) ;
#7433 = VERTEX_POINT ( 'NONE', #11109 ) ;
#7434 = STYLED_ITEM ( 'NONE', ( #7049 ), #4671 ) ;
#7435 = VECTOR ( 'NONE', #5992, 1000.000000000000000 ) ;
#7436 = CARTESIAN_POINT ( 'NONE',  ( 1.984999999999999876, 1.000000000000000000, -2.024999999999999911 ) ) ;
#7437 = LINE ( 'NONE', #4927, #4919 ) ;
#7438 = DIRECTION ( 'NONE',  ( 1.000000000000000000, 0.0000000000000000000, 0.0000000000000000000 ) ) ;
#7439 = EDGE_CURVE ( 'NONE', #9252, #11240, #1201, .T. ) ;
#7440 = CARTESIAN_POINT ( 'NONE',  ( 8.225000000000003197, 1.649999999999999911, -1.025000000000000133 ) ) ;
#7441 = VERTEX_POINT ( 'NONE', #6637 ) ;
#7442 = DIRECTION ( 'NONE',  ( 1.000000000000000000, 0.0000000000000000000, 0.0000000000000000000 ) ) ;
#7443 = CARTESIAN_POINT ( 'NONE',  ( -1.375000000000000000, 3.149999999999999911, 0.02500000000000000139 ) ) ;
#7444 = EDGE_CURVE ( 'NONE', #4934, #6495, #1068, .T. ) ;
#7445 = EDGE_LOOP ( 'NONE', ( #5369, #2916, #1933, #829, #1936, #7277, #134, #5934, #3467, #10180, #2918, #7914, #8822, #135, #8132, #8054 ) ) ;
#7446 = DIRECTION ( 'NONE',  ( 0.0000000000000000000, -1.000000000000000000, 0.0000000000000000000 ) ) ;
#7447 = LINE ( 'NONE', #9803, #1037 ) ;
#7448 = LINE ( 'NONE', #726, #9594 ) ;
#7449 = PRESENTATION_STYLE_ASSIGNMENT (( #7723 ) ) ;
#7450 =( NAMED_UNIT ( * ) PLANE_ANGLE_UNIT ( ) SI_UNIT ( $, .RADIAN. ) );
#7451 = ADVANCED_FACE ( 'NONE', ( #5543 ), #11153, .T. ) ;
#7452 = ORIENTED_EDGE ( 'NONE', *, *, #5156, .T. ) ;
#7453 = DIRECTION ( 'NONE',  ( 0.0000000000000000000, -1.000000000000000000, 0.0000000000000000000 ) ) ;
#7454 = DIRECTION ( 'NONE',  ( 1.000000000000000000, 0.0000000000000000000, 0.0000000000000000000 ) ) ;
#7455 = VERTEX_POINT ( 'NONE', #3042 ) ;
#7456 =( GEOMETRIC_REPRESENTATION_CONTEXT ( 3 ) GLOBAL_UNCERTAINTY_ASSIGNED_CONTEXT ( ( #4542 ) ) GLOBAL_UNIT_ASSIGNED_CONTEXT ( ( #5568, #10105, #8364 ) ) REPRESENTATION_CONTEXT ( 'NONE', 'WORKASPACE' ) );
#7457 = EDGE_CURVE ( 'NONE', #9610, #3068, #496, .T. ) ;
#7458 = EDGE_CURVE ( 'NONE', #3243, #6860, #3024, .T. ) ;
#7459 = UNCERTAINTY_MEASURE_WITH_UNIT (LENGTH_MEASURE( 1.000000000000000082E-05 ), #7158, 'distance_accuracy_value', 'NONE');
#7460 =( NAMED_UNIT ( * ) PLANE_ANGLE_UNIT ( ) SI_UNIT ( $, .RADIAN. ) );
#7461 = AXIS2_PLACEMENT_3D ( 'NONE', #3447, #3563, #2594 ) ;
#7462 = VECTOR ( 'NONE', #4755, 1000.000000000000000 ) ;
#7463 = LINE ( 'NONE', #10688, #5089 ) ;
#7464 = EDGE_LOOP ( 'NONE', ( #3752, #4121, #6768, #5396 ) ) ;
#7465 = LINE ( 'NONE', #10702, #2448 ) ;
#7466 = PLANE ( 'NONE',  #11494 ) ;
#7467 = ORIENTED_EDGE ( 'NONE', *, *, #9487, .T. ) ;
#7468 = CARTESIAN_POINT ( 'NONE',  ( 6.985000000000000320, 1.649999999999999911, -1.698606797699999893 ) ) ;
#7469 = DIRECTION ( 'NONE',  ( 0.0000000000000000000, 0.0000000000000000000, 1.000000000000000000 ) ) ;
#7470 = ORIENTED_EDGE ( 'NONE', *, *, #1857, .T. ) ;
#7471 = FACE_OUTER_BOUND ( 'NONE', #2801, .T. ) ;
#7472 =( GEOMETRIC_REPRESENTATION_CONTEXT ( 3 ) GLOBAL_UNCERTAINTY_ASSIGNED_CONTEXT ( ( #2464 ) ) GLOBAL_UNIT_ASSIGNED_CONTEXT ( ( #3676, #8163, #4603 ) ) REPRESENTATION_CONTEXT ( 'NONE', 'WORKASPACE' ) );
#7473 = VECTOR ( 'NONE', #10080, 1000.000000000000000 ) ;
#7474 = EDGE_CURVE ( 'NONE', #4419, #1720, #348, .T. ) ;
#7475 = DIRECTION ( 'NONE',  ( 0.0000000000000000000, 0.0000000000000000000, -1.000000000000000000 ) ) ;
#7476 = CARTESIAN_POINT ( 'NONE',  ( 6.250000000000000000, 0.0000000000000000000, -1.025000000000000133 ) ) ;
#7477 = VERTEX_POINT ( 'NONE', #1162 ) ;
#7478 = SURFACE_STYLE_FILL_AREA ( #4372 ) ;
#7479 = ORIENTED_EDGE ( 'NONE', *, *, #3370, .F. ) ;
#7480 = DIRECTION ( 'NONE',  ( -0.0000000000000000000, 0.0000000000000000000, -1.000000000000000000 ) ) ;
#7481 = CARTESIAN_POINT ( 'NONE',  ( -0.5250000000000000222, 1.649999999999999911, -1.698606797699999893 ) ) ;
#7482 = LINE ( 'NONE', #4177, #4825 ) ;
#7483 = DIRECTION ( 'NONE',  ( 0.0000000000000000000, 0.0000000000000000000, 1.000000000000000000 ) ) ;
#7484 = ORIENTED_EDGE ( 'NONE', *, *, #11014, .F. ) ;
#7485 = AXIS2_PLACEMENT_3D ( 'NONE', #5871, #7701, #8719 ) ;
#7486 = VERTEX_POINT ( 'NONE', #6594 ) ;
#7487 = EDGE_CURVE ( 'NONE', #3777, #8524, #5955, .T. ) ;
#7488 = ADVANCED_FACE ( 'NONE', ( #9763 ), #5735, .T. ) ;
#7489 = CARTESIAN_POINT ( 'NONE',  ( 9.775000000000002132, 1.949999999999999512, 2.025000000000007017 ) ) ;
#7490 = EDGE_CURVE ( 'NONE', #8622, #6697, #8778, .T. ) ;
#7491 = DIRECTION ( 'NONE',  ( 0.0000000000000000000, 1.000000000000000000, 0.0000000000000000000 ) ) ;
#7492 = LINE ( 'NONE', #1285, #2478 ) ;
#7493 = CARTESIAN_POINT ( 'NONE',  ( 5.825000000000000178, 1.649999999999999911, -1.474999999999999867 ) ) ;
#7494 = VECTOR ( 'NONE', #3934, 1000.000000000000000 ) ;
#7495 = CARTESIAN_POINT ( 'NONE',  ( -2.024999999999999911, 4.250000000000000000, -1.925000000000000044 ) ) ;
#7496 = CARTESIAN_POINT ( 'NONE',  ( 1.975000000000000089, 0.3500000000000000333, -2.024999999999999911 ) ) ;
#7497 = ORIENTED_EDGE ( 'NONE', *, *, #6984, .T. ) ;
#7498 = DIRECTION ( 'NONE',  ( -0.0000000000000000000, 1.000000000000000000, 0.0000000000000000000 ) ) ;
#7499 = ORIENTED_EDGE ( 'NONE', *, *, #5857, .T. ) ;
#7500 = AXIS2_PLACEMENT_3D ( 'NONE', #7577, #2235, #11441 ) ;
#7501 = ORIENTED_EDGE ( 'NONE', *, *, #8993, .F. ) ;
#7502 = PLANE ( 'NONE',  #11277 ) ;
#7503 = FACE_OUTER_BOUND ( 'NONE', #4174, .T. ) ;
#7504 = VERTEX_POINT ( 'NONE', #3981 ) ;
#7505 = ADVANCED_FACE ( 'NONE', ( #1487 ), #1127, .F. ) ;
#7506 = CARTESIAN_POINT ( 'NONE',  ( 8.225000000000003197, 0.5000000000000000000, 0.0000000000000000000 ) ) ;
#7507 = EDGE_CURVE ( 'NONE', #5132, #2800, #6374, .T. ) ;
#7508 = CARTESIAN_POINT ( 'NONE',  ( 7.924999999999999822, 1.850000000000000089, -1.698606797699999893 ) ) ;
#7509 = CARTESIAN_POINT ( 'NONE',  ( 1.775000000000000133, -0.004464445899999999919, 0.003975566199999999890 ) ) ;
#7510 = ORIENTED_EDGE ( 'NONE', *, *, #349, .T. ) ;
#7511 = VECTOR ( 'NONE', #11148, 1000.000000000000114 ) ;
#7512 = LINE ( 'NONE', #5556, #1229 ) ;
#7514 = CARTESIAN_POINT ( 'NONE',  ( 3.225000000000000089, 0.3500000000000000333, -2.024999999999999911 ) ) ;
#7513 = VECTOR ( 'NONE', #11353, 1000.000000000000000 ) ;
#7515 = CARTESIAN_POINT ( 'NONE',  ( -0.8750000000000000000, 3.750000000000000000, -2.024999999999999911 ) ) ;
#7516 = DIRECTION ( 'NONE',  ( 0.0000000000000000000, 0.0000000000000000000, 1.000000000000000000 ) ) ;
#7517 = ORIENTED_EDGE ( 'NONE', *, *, #6636, .T. ) ;
#7518 = DIRECTION ( 'NONE',  ( 1.000000000000000000, 0.0000000000000000000, 0.0000000000000000000 ) ) ;
#7519 = DIRECTION ( 'NONE',  ( 0.0000000000000000000, -1.000000000000000000, 0.0000000000000000000 ) ) ;
#7520 = VERTEX_POINT ( 'NONE', #2924 ) ;
#7521 = ORIENTED_EDGE ( 'NONE', *, *, #10600, .T. ) ;
#7522 = EDGE_CURVE ( 'NONE', #7545, #8133, #8335, .T. ) ;
#7523 = ORIENTED_EDGE ( 'NONE', *, *, #11558, .T. ) ;
#7524 = EDGE_CURVE ( 'NONE', #4460, #9982, #5114, .T. ) ;
#7525 = ORIENTED_EDGE ( 'NONE', *, *, #4247, .T. ) ;
#7526 = VECTOR ( 'NONE', #7194, 1000.000000000000000 ) ;
#7527 = VECTOR ( 'NONE', #5347, 1000.000000000000000 ) ;
#7528 = EDGE_CURVE ( 'NONE', #1400, #3356, #4286, .T. ) ;
#7529 = CARTESIAN_POINT ( 'NONE',  ( -1.250000000000000000, 0.0000000000000000000, -1.025000000000000133 ) ) ;
#7530 = CARTESIAN_POINT ( 'NONE',  ( 5.514999999999999680, 1.850000000000000089, -1.025000000000000133 ) ) ;
#7531 = ORIENTED_EDGE ( 'NONE', *, *, #3646, .T. ) ;
#7532 = ORIENTED_EDGE ( 'NONE', *, *, #371, .F. ) ;
#7533 = ORIENTED_EDGE ( 'NONE', *, *, #9878, .T. ) ;
#7534 = CARTESIAN_POINT ( 'NONE',  ( 5.075000000000000178, 1.850000000000000089, -1.474999999999999867 ) ) ;
#7535 = DIRECTION ( 'NONE',  ( 1.000000000000000000, -0.0000000000000000000, 0.0000000000000000000 ) ) ;
#7536 = ADVANCED_FACE ( 'NONE', ( #9900 ), #10993, .T. ) ;
#7537 = EDGE_LOOP ( 'NONE', ( #6310, #8255, #8685, #9043, #7320, #11258, #3623, #306, #3138, #5017, #6098, #8237, #10292, #9108, #7062, #552 ) ) ;
#7538 = LINE ( 'NONE', #1142, #9258 ) ;
#7539 = VECTOR ( 'NONE', #9558, 1000.000000000000000 ) ;
#7540 = AXIS2_PLACEMENT_3D ( 'NONE', #11191, #448, #6714 ) ;
#7541 = EDGE_CURVE ( 'NONE', #512, #7441, #3588, .T. ) ;
#7542 = CARTESIAN_POINT ( 'NONE',  ( 2.875000000000000000, 1.000000000000000000, -1.525000000000000133 ) ) ;
#7543 = ORIENTED_EDGE ( 'NONE', *, *, #9964, .F. ) ;
#7544 = ORIENTED_EDGE ( 'NONE', *, *, #7665, .F. ) ;
#7545 = VERTEX_POINT ( 'NONE', #2213 ) ;
#7546 = ORIENTED_EDGE ( 'NONE', *, *, #737, .T. ) ;
#7547 = ADVANCED_FACE ( 'NONE', ( #10604 ), #1434, .T. ) ;
#7548 = LINE ( 'NONE', #6105, #2813 ) ;
#7549 = VECTOR ( 'NONE', #9019, 1000.000000000000000 ) ;
#7550 = DIRECTION ( 'NONE',  ( 0.0000000000000000000, 0.0000000000000000000, 1.000000000000000000 ) ) ;
#7551 = CARTESIAN_POINT ( 'NONE',  ( -0.5250000000000000222, 1.795247431900000024, 2.024999999999999911 ) ) ;
#7552 = ORIENTED_EDGE ( 'NONE', *, *, #10746, .F. ) ;
#7553 = PLANE ( 'NONE',  #10407 ) ;
#7554 = PLANE ( 'NONE',  #908 ) ;
#7555 = VERTEX_POINT ( 'NONE', #494 ) ;
#7556 =( NAMED_UNIT ( * ) SI_UNIT ( $, .STERADIAN. ) SOLID_ANGLE_UNIT ( ) );
#7557 = LINE ( 'NONE', #5372, #2110 ) ;
#7558 = EDGE_CURVE ( 'NONE', #566, #3647, #11434, .T. ) ;
#7559 = DIRECTION ( 'NONE',  ( -1.000000000000000000, 0.0000000000000000000, 0.0000000000000000000 ) ) ;
#7560 = EDGE_CURVE ( 'NONE', #10225, #715, #7482, .T. ) ;
#7561 = DIRECTION ( 'NONE',  ( 0.0000000000000000000, -1.000000000000000000, 0.0000000000000000000 ) ) ;
#7562 = LINE ( 'NONE', #2311, #2826 ) ;
#7563 = ORIENTED_EDGE ( 'NONE', *, *, #7023, .T. ) ;
#7564 = ADVANCED_FACE ( 'NONE', ( #3166 ), #10408, .T. ) ;
#7565 = ORIENTED_EDGE ( 'NONE', *, *, #8356, .F. ) ;
#7566 = AXIS2_PLACEMENT_3D ( 'NONE', #3525, #10662, #2595 ) ;
#7567 = CARTESIAN_POINT ( 'NONE',  ( 4.474999999999999645, 0.05000000000000002359, -1.524999999999999689 ) ) ;
#7568 = VECTOR ( 'NONE', #1175, 1000.000000000000000 ) ;
#7569 = DIRECTION ( 'NONE',  ( -1.000000000000000000, 0.0000000000000000000, 0.0000000000000000000 ) ) ;
#7570 = LINE ( 'NONE', #6617, #3685 ) ;
#7571 = CARTESIAN_POINT ( 'NONE',  ( -0.8750000000000000000, 4.153701442700000079, -1.791922863399999954 ) ) ;
#7572 = FACE_OUTER_BOUND ( 'NONE', #4889, .T. ) ;
#7573 = DIRECTION ( 'NONE',  ( -1.000000000000000000, 0.0000000000000000000, 0.0000000000000000000 ) ) ;
#7574 = DIRECTION ( 'NONE',  ( 1.000000000000000000, 0.0000000000000000000, 0.0000000000000000000 ) ) ;
#7575 = ORIENTED_EDGE ( 'NONE', *, *, #9376, .F. ) ;
#7576 = VERTEX_POINT ( 'NONE', #10325 ) ;
#7577 = CARTESIAN_POINT ( 'NONE',  ( -2.875000000000000000, 4.250000000000000000, 2.024999999999999911 ) ) ;
#7578 = LINE ( 'NONE', #10725, #11401 ) ;
#7579 = EDGE_CURVE ( 'NONE', #7103, #4, #2470, .T. ) ;
#7580 = CARTESIAN_POINT ( 'NONE',  ( -2.274999999999999911, 8.673617379884035472E-15, -0.2250000000000008105 ) ) ;
#7581 = VECTOR ( 'NONE', #4973, 1000.000000000000000 ) ;
#7582 = DIRECTION ( 'NONE',  ( -1.000000000000000000, 0.0000000000000000000, 0.0000000000000000000 ) ) ;
#7583 = FACE_OUTER_BOUND ( 'NONE', #4711, .T. ) ;
#7584 = ORIENTED_EDGE ( 'NONE', *, *, #9485, .F. ) ;
#7585 = ORIENTED_EDGE ( 'NONE', *, *, #3493, .F. ) ;
#7586 = LINE ( 'NONE', #11497, #7888 ) ;
#7587 = MECHANICAL_DESIGN_GEOMETRIC_PRESENTATION_REPRESENTATION (  '', ( #5656 ), #10085 ) ;
#7588 = CARTESIAN_POINT ( 'NONE',  ( 3.024999999999999911, 1.350000000000000089, 0.0000000000000000000 ) ) ;
#7589 = CARTESIAN_POINT ( 'NONE',  ( 3.225000000000000089, 0.05000000000000002359, -1.524999999999999689 ) ) ;
#7590 = ORIENTED_EDGE ( 'NONE', *, *, #6168, .T. ) ;
#7591 = CARTESIAN_POINT ( 'NONE',  ( -0.4249999999999999889, 1.850000000000000089, 2.024999999999999911 ) ) ;
#7592 = ORIENTED_EDGE ( 'NONE', *, *, #5319, .F. ) ;
#7593 = VECTOR ( 'NONE', #9843, 1000.000000000000000 ) ;
#7594 = DIRECTION ( 'NONE',  ( 0.0000000000000000000, 0.6650335612228979176, -0.7468134723257140450 ) ) ;
#7595 = EDGE_CURVE ( 'NONE', #2830, #9555, #10037, .T. ) ;
#7596 = EDGE_CURVE ( 'NONE', #3340, #5979, #6944, .T. ) ;
#7597 = ORIENTED_EDGE ( 'NONE', *, *, #98, .F. ) ;
#7598 = VECTOR ( 'NONE', #882, 1000.000000000000000 ) ;
#7599 = ADVANCED_FACE ( 'NONE', ( #72 ), #4986, .T. ) ;
#7600 = LINE ( 'NONE', #728, #6920 ) ;
#7601 = CARTESIAN_POINT ( 'NONE',  ( -2.274999999999999911, 2.000000000000000000, -1.425000000000000044 ) ) ;
#7602 = CARTESIAN_POINT ( 'NONE',  ( 5.514999999999999680, 1.850000000000000089, -1.025000000000000133 ) ) ;
#7603 = EDGE_CURVE ( 'NONE', #11622, #2493, #7907, .T. ) ;
#7604 = CARTESIAN_POINT ( 'NONE',  ( 4.275000000000000355, 1.315130797599999957, 1.171117220399999770 ) ) ;
#7605 = ORIENTED_EDGE ( 'NONE', *, *, #8241, .F. ) ;
#7606 = VECTOR ( 'NONE', #57, 1000.000000000000000 ) ;
#7607 = ORIENTED_EDGE ( 'NONE', *, *, #4712, .F. ) ;
#7608 = ADVANCED_FACE ( 'NONE', ( #1619 ), #10286, .F. ) ;
#7609 = DIRECTION ( 'NONE',  ( 0.0000000000000000000, -1.000000000000000000, 0.0000000000000000000 ) ) ;
#7610 = VECTOR ( 'NONE', #11544, 1000.000000000000000 ) ;
#7611 = CARTESIAN_POINT ( 'NONE',  ( -0.8750000000000000000, 2.250000000000000000, -2.024999999999999911 ) ) ;
#7612 = DIRECTION ( 'NONE',  ( 0.0000000000000000000, 0.0000000000000000000, 1.000000000000000000 ) ) ;
#7613 = ORIENTED_EDGE ( 'NONE', *, *, #7524, .T. ) ;
#7614 = LINE ( 'NONE', #6123, #2310 ) ;
#7615 = EDGE_CURVE ( 'NONE', #4930, #6564, #2555, .T. ) ;
#7616 = CARTESIAN_POINT ( 'NONE',  ( 8.224999999999999645, -0.6500000000000000222, -2.075000000000000178 ) ) ;
#7617 = ORIENTED_EDGE ( 'NONE', *, *, #259, .F. ) ;
#7618 = CARTESIAN_POINT ( 'NONE',  ( -0.7249999999999999778, 0.3500000000000000333, -2.024999999999999911 ) ) ;
#7619 = FACE_OUTER_BOUND ( 'NONE', #6987, .T. ) ;
#7620 = VECTOR ( 'NONE', #174, 1000.000000000000000 ) ;
#7621 = CARTESIAN_POINT ( 'NONE',  ( 10.37500000000000178, 4.250000000000000000, 2.024999999999999911 ) ) ;
#7622 = CARTESIAN_POINT ( 'NONE',  ( -0.5250000000000000222, -0.6500000000000000222, -1.775000000000000133 ) ) ;
#7623 = ORIENTED_EDGE ( 'NONE', *, *, #2410, .F. ) ;
#7624 = EDGE_LOOP ( 'NONE', ( #4620, #8921, #1797, #3393 ) ) ;
#7625 = CARTESIAN_POINT ( 'NONE',  ( 8.224999999999999645, 1.350000000000000089, 0.0000000000000000000 ) ) ;
#7626 = CARTESIAN_POINT ( 'NONE',  ( 4.264999999999999680, 1.000000000000000000, -1.474999999999999867 ) ) ;
#7627 = EDGE_CURVE ( 'NONE', #6895, #3510, #1257, .T. ) ;
#7628 = CARTESIAN_POINT ( 'NONE',  ( 6.975000000000000533, 0.5000000000000000000, -1.525000000000000133 ) ) ;
#7629 = SURFACE_STYLE_FILL_AREA ( #8240 ) ;
#7630 = FILL_AREA_STYLE ('',( #2414 ) ) ;
#7631 = VECTOR ( 'NONE', #2674, 1000.000000000000000 ) ;
#7632 = LINE ( 'NONE', #9550, #799 ) ;
#7633 = ORIENTED_EDGE ( 'NONE', *, *, #10639, .F. ) ;
#7634 = CARTESIAN_POINT ( 'NONE',  ( 8.024999999999998579, 1.350000000000000089, 0.0000000000000000000 ) ) ;
#7635 = CARTESIAN_POINT ( 'NONE',  ( -0.8249999999999999556, 1.850000000000000089, -1.698606797699999893 ) ) ;
#7636 = ORIENTED_EDGE ( 'NONE', *, *, #1031, .F. ) ;
#7637 = DIRECTION ( 'NONE',  ( 0.0000000000000000000, -1.000000000000000000, 0.0000000000000000000 ) ) ;
#7638 = CARTESIAN_POINT ( 'NONE',  ( 5.724999999999999645, 1.850000000000000089, 2.024999999999999911 ) ) ;
#7639 = CARTESIAN_POINT ( 'NONE',  ( 1.775000000000000133, 0.5000000000000000000, 0.0000000000000000000 ) ) ;
#7640 = LINE ( 'NONE', #11355, #5281 ) ;
#7641 = LINE ( 'NONE', #5824, #5282 ) ;
#7642 = ORIENTED_EDGE ( 'NONE', *, *, #7409, .T. ) ;
#7643 = EDGE_CURVE ( 'NONE', #11158, #5696, #7959, .T. ) ;
#7644 = DIRECTION ( 'NONE',  ( 0.0000000000000000000, 0.7468134723257140450, -0.6650335612228979176 ) ) ;
#7645 = EDGE_CURVE ( 'NONE', #10087, #6784, #974, .T. ) ;
#7646 = CARTESIAN_POINT ( 'NONE',  ( 5.724999999999999645, 0.05000000000000002359, -1.524999999999999689 ) ) ;
#7647 = ORIENTED_EDGE ( 'NONE', *, *, #7738, .F. ) ;
#7648 = SURFACE_STYLE_USAGE ( .BOTH. , #8580 ) ;
#7649 = CARTESIAN_POINT ( 'NONE',  ( 5.525000000000000355, 0.3499999999999999778, -2.075000000000000178 ) ) ;
#7650 = ORIENTED_EDGE ( 'NONE', *, *, #6111, .F. ) ;
#7651 = VECTOR ( 'NONE', #10687, 1000.000000000000000 ) ;
#7652 = DIRECTION ( 'NONE',  ( 0.0000000000000000000, -1.000000000000000000, 0.0000000000000000000 ) ) ;
#7653 = DIRECTION ( 'NONE',  ( 0.0000000000000000000, 1.000000000000000000, 0.0000000000000000000 ) ) ;
#7654 = ADVANCED_FACE ( 'NONE', ( #962 ), #6993, .T. ) ;
#7655 = ORIENTED_EDGE ( 'NONE', *, *, #499, .F. ) ;
#7656 = SURFACE_SIDE_STYLE ('',( #3973 ) ) ;
#7657 = CARTESIAN_POINT ( 'NONE',  ( -2.274999999999999911, 0.6000000000000024203, 1.375000000000002442 ) ) ;
#7658 = ORIENTED_EDGE ( 'NONE', *, *, #2574, .T. ) ;
#7659 = PLANE ( 'NONE',  #3822 ) ;
#7660 = ORIENTED_EDGE ( 'NONE', *, *, #3388, .T. ) ;
#7661 = ORIENTED_EDGE ( 'NONE', *, *, #8360, .T. ) ;
#7662 = LINE ( 'NONE', #8317, #7820 ) ;
#7663 = ADVANCED_FACE ( 'NONE', ( #9062 ), #10482, .T. ) ;
#7664 = FACE_OUTER_BOUND ( 'NONE', #586, .T. ) ;
#7665 = EDGE_CURVE ( 'NONE', #8892, #5145, #9707, .T. ) ;
#7666 = CARTESIAN_POINT ( 'NONE',  ( -2.875000000000000000, 3.600000000000000977, -1.425000000000000044 ) ) ;
#7667 = CARTESIAN_POINT ( 'NONE',  ( 6.985000000000000320, 1.850000000000000089, -1.025000000000000133 ) ) ;
#7668 = CARTESIAN_POINT ( 'NONE',  ( 3.024999999999999911, 1.000000000000000000, -1.525000000000000133 ) ) ;
#7669 = ORIENTED_EDGE ( 'NONE', *, *, #7992, .T. ) ;
#7670 = ORIENTED_EDGE ( 'NONE', *, *, #7866, .T. ) ;
#7671 = ORIENTED_EDGE ( 'NONE', *, *, #5880, .T. ) ;
#7672 = EDGE_LOOP ( 'NONE', ( #6853, #6034, #8616, #7094 ) ) ;
#7673 = CARTESIAN_POINT ( 'NONE',  ( -0.7349999999999999867, 1.000000000000000000, -2.024999999999999911 ) ) ;
#7674 = CARTESIAN_POINT ( 'NONE',  ( -0.5250000000000000222, 1.000000000000000000, -1.525000000000000133 ) ) ;
#7675 = ORIENTED_EDGE ( 'NONE', *, *, #5530, .T. ) ;
#7676 = VECTOR ( 'NONE', #8711, 1000.000000000000000 ) ;
#7677 = LINE ( 'NONE', #10692, #2672 ) ;
#7678 = CARTESIAN_POINT ( 'NONE',  ( -1.875000000000000000, 0.5000000000000000000, -1.474999999999999867 ) ) ;
#7679 = DIRECTION ( 'NONE',  ( 1.000000000000000000, 0.0000000000000000000, 0.0000000000000000000 ) ) ;
#7680 = VERTEX_POINT ( 'NONE', #1559 ) ;
#7681 = EDGE_CURVE ( 'NONE', #6483, #5145, #3342, .T. ) ;
#7682 = ORIENTED_EDGE ( 'NONE', *, *, #10529, .F. ) ;
#7683 = ORIENTED_EDGE ( 'NONE', *, *, #7997, .T. ) ;
#7684 = EDGE_CURVE ( 'NONE', #783, #4448, #8486, .T. ) ;
#7685 = ORIENTED_EDGE ( 'NONE', *, *, #3511, .F. ) ;
#7686 = ORIENTED_EDGE ( 'NONE', *, *, #4176, .F. ) ;
#7687 = CARTESIAN_POINT ( 'NONE',  ( 3.225000000000000089, -0.6500000000000000222, -1.775000000000000133 ) ) ;
#7688 = VECTOR ( 'NONE', #9144, 1000.000000000000000 ) ;
#7689 = CARTESIAN_POINT ( 'NONE',  ( -2.475000000000000089, 4.249999999999992895, -0.07499999999999976130 ) ) ;
#7690 = CARTESIAN_POINT ( 'NONE',  ( 5.424999999999999822, 1.850000000000000089, 2.024999999999999911 ) ) ;
#7691 = DIRECTION ( 'NONE',  ( 0.0000000000000000000, 0.0000000000000000000, 1.000000000000000000 ) ) ;
#7692 = EDGE_LOOP ( 'NONE', ( #7430, #3227, #2080, #6567 ) ) ;
#7693 = EDGE_LOOP ( 'NONE', ( #761, #9052, #11397, #11289 ) ) ;
#7694 = ORIENTED_EDGE ( 'NONE', *, *, #7541, .F. ) ;
#7695 = LINE ( 'NONE', #3922, #9417 ) ;
#7696 = CARTESIAN_POINT ( 'NONE',  ( 0.7250000000000000888, 1.850000000000000089, -1.698606797699999893 ) ) ;
#7697 = DIRECTION ( 'NONE',  ( 0.0000000000000000000, 1.000000000000000000, 0.0000000000000000000 ) ) ;
#7698 = VECTOR ( 'NONE', #569, 1000.000000000000000 ) ;
#7699 = EDGE_CURVE ( 'NONE', #9711, #10321, #1960, .T. ) ;
#7700 = VECTOR ( 'NONE', #1450, 1000.000000000000000 ) ;
#7701 = DIRECTION ( 'NONE',  ( -0.0000000000000000000, 1.000000000000000000, 0.0000000000000000000 ) ) ;
#7702 = CARTESIAN_POINT ( 'NONE',  ( 3.825000000000000178, 1.850000000000000089, -1.474999999999999867 ) ) ;
#7703 = DIRECTION ( 'NONE',  ( 0.0000000000000000000, -1.000000000000000000, 0.0000000000000000000 ) ) ;
#7704 = ORIENTED_EDGE ( 'NONE', *, *, #5360, .F. ) ;
#7705 = ORIENTED_EDGE ( 'NONE', *, *, #7603, .F. ) ;
#7706 = LINE ( 'NONE', #7423, #4510 ) ;
#7707 = FILL_AREA_STYLE_COLOUR ( '', #583 ) ;
#7708 = DIRECTION ( 'NONE',  ( 0.0000000000000000000, -0.3162277660168379412, 0.9486832980505138790 ) ) ;
#7709 = VECTOR ( 'NONE', #10831, 1000.000000000000000 ) ;
#7710 = CARTESIAN_POINT ( 'NONE',  ( 4.485000000000000320, 1.850000000000000089, -2.024999999999999911 ) ) ;
#7711 = ADVANCED_FACE ( 'NONE', ( #6013 ), #6952, .F. ) ;
#7712 = VERTEX_POINT ( 'NONE', #3361 ) ;
#7713 = DIRECTION ( 'NONE',  ( -0.0000000000000000000, -2.148487149506095815E-16, -1.000000000000000000 ) ) ;
#7714 = EDGE_CURVE ( 'NONE', #3571, #952, #7098, .T. ) ;
#7715 = CARTESIAN_POINT ( 'NONE',  ( 5.735000000000000320, 1.850000000000000089, -1.025000000000000133 ) ) ;
#7716 = DIRECTION ( 'NONE',  ( 0.0000000000000000000, 0.0000000000000000000, -1.000000000000000000 ) ) ;
#7717 = VERTEX_POINT ( 'NONE', #10572 ) ;
#7718 = EDGE_CURVE ( 'NONE', #9185, #11477, #3862, .T. ) ;
#7719 = CARTESIAN_POINT ( 'NONE',  ( 5.825000000000000178, 1.649999999999999911, 2.024999999999999911 ) ) ;
#7720 = PRESENTATION_STYLE_ASSIGNMENT (( #645 ) ) ;
#7721 = VECTOR ( 'NONE', #5638, 1000.000000000000000 ) ;
#7722 = VECTOR ( 'NONE', #3886, 1000.000000000000114 ) ;
#7723 = SURFACE_STYLE_USAGE ( .BOTH. , #6960 ) ;
#7724 = ORIENTED_EDGE ( 'NONE', *, *, #1387, .F. ) ;
#7725 = AXIS2_PLACEMENT_3D ( 'NONE', #4221, #625, #3365 ) ;
#7726 = CARTESIAN_POINT ( 'NONE',  ( -0.5250000000000000222, 0.05000000000000002359, -1.775000000000000133 ) ) ;
#7727 = VERTEX_POINT ( 'NONE', #2581 ) ;
#7728 = CARTESIAN_POINT ( 'NONE',  ( 7.924999999999999822, 1.850000000000000089, -1.474999999999999867 ) ) ;
#7729 = VECTOR ( 'NONE', #5166, 1000.000000000000000 ) ;
#7730 = CARTESIAN_POINT ( 'NONE',  ( 2.075000000000000178, 1.649999999999999911, -1.698606797699999893 ) ) ;
#7731 = DIRECTION ( 'NONE',  ( 0.0000000000000000000, 0.0000000000000000000, 1.000000000000000000 ) ) ;
#7732 = FACE_OUTER_BOUND ( 'NONE', #3084, .T. ) ;
#7733 = CARTESIAN_POINT ( 'NONE',  ( 6.774999999999999467, -0.6500000000000000222, -1.775000000000000133 ) ) ;
#7734 = SURFACE_STYLE_FILL_AREA ( #8857 ) ;
#7735 = CARTESIAN_POINT ( 'NONE',  ( 5.724999999999999645, 0.3500000000000000333, -2.024999999999999911 ) ) ;
#7736 = VERTEX_POINT ( 'NONE', #6114 ) ;
#7737 = LINE ( 'NONE', #4569, #7606 ) ;
#7738 = EDGE_CURVE ( 'NONE', #1121, #11548, #8477, .T. ) ;
#7739 = ORIENTED_EDGE ( 'NONE', *, *, #8263, .T. ) ;
#7740 = DIRECTION ( 'NONE',  ( -1.000000000000000000, 0.0000000000000000000, 0.0000000000000000000 ) ) ;
#7741 = VECTOR ( 'NONE', #7166, 1000.000000000000000 ) ;
#7742 = LINE ( 'NONE', #10242, #4673 ) ;
#7743 = STYLED_ITEM ( 'NONE', ( #9136 ), #5350 ) ;
#7744 = SURFACE_STYLE_USAGE ( .BOTH. , #6856 ) ;
#7745 = CARTESIAN_POINT ( 'NONE',  ( 3.225000000000000089, 0.3499999999999999778, -2.075000000000000178 ) ) ;
#7746 = VERTEX_POINT ( 'NONE', #5101 ) ;
#7747 = SURFACE_STYLE_FILL_AREA ( #5238 ) ;
#7748 = VERTEX_POINT ( 'NONE', #9714 ) ;
#7749 = EDGE_CURVE ( 'NONE', #5266, #10026, #5947, .T. ) ;
#7750 = CARTESIAN_POINT ( 'NONE',  ( 8.235000000000002984, 1.850000000000000089, -1.025000000000000133 ) ) ;
#7751 =( NAMED_UNIT ( * ) SI_UNIT ( $, .STERADIAN. ) SOLID_ANGLE_UNIT ( ) );
#7752 = MANIFOLD_SOLID_BREP ( 'Body-Move/Copy2[3]', #459 ) ;
#7753 = DIRECTION ( 'NONE',  ( -0.0000000000000000000, 0.0000000000000000000, -1.000000000000000000 ) ) ;
#7754 = CARTESIAN_POINT ( 'NONE',  ( 8.225000000000003197, 1.850000000000000089, 2.024999999999999911 ) ) ;
#7755 = EDGE_CURVE ( 'NONE', #4235, #2300, #6937, .T. ) ;
#7756 = DIRECTION ( 'NONE',  ( 0.0000000000000000000, -0.0000000000000000000, -1.000000000000000000 ) ) ;
#7757 = LINE ( 'NONE', #8888, #7610 ) ;
#7758 = FACE_OUTER_BOUND ( 'NONE', #6776, .T. ) ;
#7759 = ORIENTED_EDGE ( 'NONE', *, *, #698, .T. ) ;
#7760 = LINE ( 'NONE', #1641, #8186 ) ;
#7761 = EDGE_LOOP ( 'NONE', ( #5849, #5432, #7118, #7404 ) ) ;
#7762 = PLANE ( 'NONE',  #9937 ) ;
#7763 = CARTESIAN_POINT ( 'NONE',  ( 2.075000000000000178, 1.850000000000000089, -1.474999999999999867 ) ) ;
#7764 = CARTESIAN_POINT ( 'NONE',  ( -2.274999999999999911, 0.0000000000000000000, 2.024999999999999911 ) ) ;
#7765 = AXIS2_PLACEMENT_3D ( 'NONE', #7799, #9600, #7927 ) ;
#7766 = LINE ( 'NONE', #2884, #10881 ) ;
#7767 = DIRECTION ( 'NONE',  ( 0.0000000000000000000, 0.0000000000000000000, -1.000000000000000000 ) ) ;
#7768 = EDGE_CURVE ( 'NONE', #10653, #1375, #7760, .T. ) ;
#7769 = DIRECTION ( 'NONE',  ( 0.0000000000000000000, 0.0000000000000000000, 1.000000000000000000 ) ) ;
#7770 = CARTESIAN_POINT ( 'NONE',  ( -0.5150000000000000133, 1.850000000000000089, -2.024999999999999911 ) ) ;
#7771 = ORIENTED_EDGE ( 'NONE', *, *, #2477, .F. ) ;
#7772 = CARTESIAN_POINT ( 'NONE',  ( 2.925000000000000266, 1.850000000000000089, -1.474999999999999867 ) ) ;
#7773 = SURFACE_STYLE_USAGE ( .BOTH. , #8667 ) ;
#7774 = ORIENTED_EDGE ( 'NONE', *, *, #80, .T. ) ;
#7775 = ADVANCED_FACE ( 'NONE', ( #1481 ), #4524, .T. ) ;
#7776 = DIRECTION ( 'NONE',  ( 0.0000000000000000000, -0.0000000000000000000, 1.000000000000000000 ) ) ;
#7777 = CARTESIAN_POINT ( 'NONE',  ( 4.474999999999999645, 1.850000000000000089, -1.025000000000000133 ) ) ;
#7778 = VECTOR ( 'NONE', #6648, 1000.000000000000000 ) ;
#7779 = LINE ( 'NONE', #9251, #11594 ) ;
#7780 = CARTESIAN_POINT ( 'NONE',  ( 1.974999999999999867, -0.6500000000000000222, -1.775000000000000133 ) ) ;
#7781 = VECTOR ( 'NONE', #3033, 1000.000000000000000 ) ;
#7782 = ORIENTED_EDGE ( 'NONE', *, *, #9142, .F. ) ;
#7783 = ORIENTED_EDGE ( 'NONE', *, *, #10963, .F. ) ;
#7784 = ADVANCED_FACE ( 'NONE', ( #3439 ), #10693, .F. ) ;
#7785 = CARTESIAN_POINT ( 'NONE',  ( -2.875000000000000000, 1.949999999999999956, 2.024999999999999911 ) ) ;
#7786 = EDGE_LOOP ( 'NONE', ( #445, #11407, #11188, #143, #2890, #967 ) ) ;
#7787 = EDGE_CURVE ( 'NONE', #5252, #9425, #7913, .T. ) ;
#7788 = CARTESIAN_POINT ( 'NONE',  ( -1.375000000000000000, 3.149999999999999911, 0.02500000000000000139 ) ) ;
#7789 = CARTESIAN_POINT ( 'NONE',  ( -0.7249999999999999778, -0.6500000000000000222, -2.075000000000000178 ) ) ;
#7790 = EDGE_CURVE ( 'NONE', #1566, #2210, #5402, .T. ) ;
#7791 = EDGE_LOOP ( 'NONE', ( #436, #10701, #7298, #6837 ) ) ;
#7792 = LINE ( 'NONE', #4709, #9650 ) ;
#7793 = VECTOR ( 'NONE', #2040, 1000.000000000000000 ) ;
#7795 = PLANE ( 'NONE',  #5142 ) ;
#7794 = FACE_OUTER_BOUND ( 'NONE', #4070, .T. ) ;
#7796 = VERTEX_POINT ( 'NONE', #11617 ) ;
#7797 = EDGE_LOOP ( 'NONE', ( #2082, #8246, #9101, #8697 ) ) ;
#7798 = VERTEX_POINT ( 'NONE', #3668 ) ;
#7799 = CARTESIAN_POINT ( 'NONE',  ( 10.37500000000000178, 1.000000000000000000, -1.525000000000000133 ) ) ;
#7800 = DIRECTION ( 'NONE',  ( 0.0000000000000000000, -1.000000000000000000, -3.252606517456512513E-15 ) ) ;
#7801 = AXIS2_PLACEMENT_3D ( 'NONE', #8582, #4958, #11247 ) ;
#7802 = AXIS2_PLACEMENT_3D ( 'NONE', #3654, #10102, #5563 ) ;
#7803 = CARTESIAN_POINT ( 'NONE',  ( 6.765000000000000568, 1.000000000000000000, -1.525000000000000133 ) ) ;
#7804 = ORIENTED_EDGE ( 'NONE', *, *, #4943, .F. ) ;
#7805 = ORIENTED_EDGE ( 'NONE', *, *, #8395, .T. ) ;
#7806 = CARTESIAN_POINT ( 'NONE',  ( 3.024999999999999911, 1.000000000000000000, 0.0000000000000000000 ) ) ;
#7807 = LINE ( 'NONE', #2457, #3060 ) ;
#7808 = LINE ( 'NONE', #8773, #7513 ) ;
#7809 = DIRECTION ( 'NONE',  ( 0.0000000000000000000, 0.0000000000000000000, -1.000000000000000000 ) ) ;
#7810 = ORIENTED_EDGE ( 'NONE', *, *, #5688, .T. ) ;
#7811 = CARTESIAN_POINT ( 'NONE',  ( 7.074999999999999289, 1.850000000000000089, -1.698606797699999893 ) ) ;
#7812 = CARTESIAN_POINT ( 'NONE',  ( -1.175000000000000044, 1.850000000000000089, -1.474999999999999867 ) ) ;
#7813 = DIRECTION ( 'NONE',  ( -1.000000000000000000, 0.0000000000000000000, 0.0000000000000000000 ) ) ;
#7814 = DIRECTION ( 'NONE',  ( -0.0000000000000000000, -0.0000000000000000000, 1.000000000000000000 ) ) ;
#7815 = ORIENTED_EDGE ( 'NONE', *, *, #534, .T. ) ;
#7816 = ORIENTED_EDGE ( 'NONE', *, *, #1516, .T. ) ;
#7817 = PLANE ( 'NONE',  #9804 ) ;
#7818 = EDGE_LOOP ( 'NONE', ( #235, #4427, #1650, #5007 ) ) ;
#7819 = ORIENTED_EDGE ( 'NONE', *, *, #3131, .T. ) ;
#7820 = VECTOR ( 'NONE', #4707, 1000.000000000000000 ) ;
#7821 = AXIS2_PLACEMENT_3D ( 'NONE', #11416, #4325, #9743 ) ;
#7822 = LINE ( 'NONE', #4175, #8105 ) ;
#7823 = DIRECTION ( 'NONE',  ( 0.0000000000000000000, 0.0000000000000000000, -1.000000000000000000 ) ) ;
#7824 = ORIENTED_EDGE ( 'NONE', *, *, #10716, .F. ) ;
#7825 = VERTEX_POINT ( 'NONE', #3548 ) ;
#7826 = ADVANCED_BREP_SHAPE_REPRESENTATION ( 'B08MB-GHS-TBT', ( #4671, #8871, #8123, #7752, #6187, #4479, #6761, #5685, #3469, #10070, #4962, #7821 ), #3411 ) ;
#7827 = ORIENTED_EDGE ( 'NONE', *, *, #7787, .F. ) ;
#7828 = EDGE_CURVE ( 'NONE', #324, #10468, #1624, .T. ) ;
#7829 = DIRECTION ( 'NONE',  ( 0.0000000000000000000, 0.0000000000000000000, -1.000000000000000000 ) ) ;
#7830 = ORIENTED_EDGE ( 'NONE', *, *, #10651, .T. ) ;
#7831 = FACE_OUTER_BOUND ( 'NONE', #11514, .T. ) ;
#7832 = VECTOR ( 'NONE', #3939, 1000.000000000000000 ) ;
#7833 = EDGE_CURVE ( 'NONE', #7397, #9250, #6229, .T. ) ;
#7834 = CARTESIAN_POINT ( 'NONE',  ( -0.5250000000000000222, 1.649999999999999911, 2.024999999999999911 ) ) ;
#7835 = DIRECTION ( 'NONE',  ( 0.0000000000000000000, 1.000000000000000000, 0.0000000000000000000 ) ) ;
#7836 = ORIENTED_EDGE ( 'NONE', *, *, #966, .F. ) ;
#7837 = VERTEX_POINT ( 'NONE', #4494 ) ;
#7838 = ORIENTED_EDGE ( 'NONE', *, *, #838, .F. ) ;
#7839 = ADVANCED_FACE ( 'NONE', ( #5107 ), #2698, .F. ) ;
#7840 = VERTEX_POINT ( 'NONE', #11584 ) ;
#7841 = CARTESIAN_POINT ( 'NONE',  ( 1.975000000000000089, 0.3499999999999999778, -2.075000000000000178 ) ) ;
#7842 = DIRECTION ( 'NONE',  ( 1.000000000000000000, 0.0000000000000000000, 0.0000000000000000000 ) ) ;
#7843 = FACE_OUTER_BOUND ( 'NONE', #3969, .T. ) ;
#7844 = PLANE ( 'NONE',  #8069 ) ;
#7845 = VECTOR ( 'NONE', #827, 1000.000000000000000 ) ;
#7846 = PRESENTATION_LAYER_ASSIGNMENT (  '', '', ( #9672 ) ) ;
#7847 = EDGE_CURVE ( 'NONE', #9270, #8703, #10300, .T. ) ;
#7848 = DIRECTION ( 'NONE',  ( 1.000000000000000000, 0.0000000000000000000, 0.0000000000000000000 ) ) ;
#7849 = ORIENTED_EDGE ( 'NONE', *, *, #5138, .F. ) ;
#7850 = ADVANCED_FACE ( 'NONE', ( #8328 ), #898, .T. ) ;
#7851 = MECHANICAL_DESIGN_GEOMETRIC_PRESENTATION_REPRESENTATION (  '', ( #8702 ), #4421 ) ;
#7852 = DIRECTION ( 'NONE',  ( 0.0000000000000000000, -1.000000000000000000, 0.0000000000000000000 ) ) ;
#7853 = ORIENTED_EDGE ( 'NONE', *, *, #3742, .T. ) ;
#7854 =( NAMED_UNIT ( * ) SI_UNIT ( $, .STERADIAN. ) SOLID_ANGLE_UNIT ( ) );
#7855 = VECTOR ( 'NONE', #8332, 1000.000000000000000 ) ;
#7856 = DIRECTION ( 'NONE',  ( -0.0000000000000000000, 1.000000000000000000, 0.0000000000000000000 ) ) ;
#7857 = LINE ( 'NONE', #4246, #7291 ) ;
#7858 = CARTESIAN_POINT ( 'NONE',  ( -0.4249999999999999889, 1.850000000000000089, -1.698606797699999893 ) ) ;
#7859 = DIRECTION ( 'NONE',  ( 0.0000000000000000000, 0.0000000000000000000, -1.000000000000000000 ) ) ;
#7860 = LINE ( 'NONE', #3329, #10392 ) ;
#7861 = CARTESIAN_POINT ( 'NONE',  ( 3.234999999999999876, 1.000000000000000000, -1.025000000000000133 ) ) ;
#7862 = ORIENTED_EDGE ( 'NONE', *, *, #4576, .F. ) ;
#7863 = ORIENTED_EDGE ( 'NONE', *, *, #8294, .F. ) ;
#7864 = CARTESIAN_POINT ( 'NONE',  ( 0.5250000000000000222, 0.5000000000000000000, 0.0000000000000000000 ) ) ;
#7865 = AXIS2_PLACEMENT_3D ( 'NONE', #6275, #8075, #4561 ) ;
#7866 = EDGE_CURVE ( 'NONE', #9545, #6020, #2748, .T. ) ;
#7867 = CARTESIAN_POINT ( 'NONE',  ( 3.225000000000000089, 0.3499999999999999778, -2.075000000000000178 ) ) ;
#7868 = CARTESIAN_POINT ( 'NONE',  ( 0.5250000000000000222, 1.350000000000000089, -1.525000000000000133 ) ) ;
#7869 = CARTESIAN_POINT ( 'NONE',  ( -1.875000000000000000, 2.550000000000000266, -1.474999999999999867 ) ) ;
#7870 = LINE ( 'NONE', #4715, #7721 ) ;
#7871 = VECTOR ( 'NONE', #6848, 1000.000000000000000 ) ;
#7872 = LINE ( 'NONE', #11011, #5504 ) ;
#7873 = EDGE_LOOP ( 'NONE', ( #3115, #9016, #5476, #9156 ) ) ;
#7874 = DIRECTION ( 'NONE',  ( -1.000000000000000000, 0.0000000000000000000, 0.0000000000000000000 ) ) ;
#7875 = DIRECTION ( 'NONE',  ( 0.0000000000000000000, 3.252606517456512119E-15, -1.000000000000000000 ) ) ;
#7876 = ORIENTED_EDGE ( 'NONE', *, *, #4873, .F. ) ;
#7877 = APPLICATION_PROTOCOL_DEFINITION ( 'draft international standard', 'automotive_design', 1998, #6943 ) ;
#7878 = LINE ( 'NONE', #5297, #41 ) ;
#7879 = VECTOR ( 'NONE', #1967, 1000.000000000000000 ) ;
#7880 = AXIS2_PLACEMENT_3D ( 'NONE', #10865, #6370, #9133 ) ;
#7881 = DIRECTION ( 'NONE',  ( -1.000000000000000000, 0.0000000000000000000, 0.0000000000000000000 ) ) ;
#7882 = VECTOR ( 'NONE', #146, 1000.000000000000000 ) ;
#7883 = DIRECTION ( 'NONE',  ( 1.000000000000000000, 0.0000000000000000000, 0.0000000000000000000 ) ) ;
#7884 = EDGE_CURVE ( 'NONE', #8178, #4460, #10162, .T. ) ;
#7885 = DIRECTION ( 'NONE',  ( 0.0000000000000000000, -1.000000000000000000, 0.0000000000000000000 ) ) ;
#7886 = EDGE_CURVE ( 'NONE', #154, #5996, #4141, .T. ) ;
#7887 = VERTEX_POINT ( 'NONE', #6317 ) ;
#7888 = VECTOR ( 'NONE', #736, 1000.000000000000000 ) ;
#7889 = DIRECTION ( 'NONE',  ( -0.0000000000000000000, 1.000000000000000000, 0.0000000000000000000 ) ) ;
#7890 = EDGE_LOOP ( 'NONE', ( #2232, #66, #5781, #6743 ) ) ;
#7891 = FACE_BOUND ( 'NONE', #6764, .T. ) ;
#7892 = CARTESIAN_POINT ( 'NONE',  ( 4.275000000000000355, 1.649999999999999911, -1.025000000000000133 ) ) ;
#7893 = LINE ( 'NONE', #2644, #7598 ) ;
#7894 = LINE ( 'NONE', #3383, #9313 ) ;
#7895 = AXIS2_PLACEMENT_3D ( 'NONE', #3992, #11243, #3952 ) ;
#7896 = CARTESIAN_POINT ( 'NONE',  ( -2.875000000000000000, 2.000000000000000000, -1.425000000000000044 ) ) ;
#7897 = ORIENTED_EDGE ( 'NONE', *, *, #4926, .T. ) ;
#7898 = DIRECTION ( 'NONE',  ( 0.0000000000000000000, -1.000000000000000000, 0.0000000000000000000 ) ) ;
#7899 = COLOUR_RGB ( '',0.6470588235294117974, 0.6196078431372549211, 0.5882352941176470784 ) ;
#7900 = AXIS2_PLACEMENT_3D ( 'NONE', #1788, #3505, #4324 ) ;
#7901 = CARTESIAN_POINT ( 'NONE',  ( 1.775000000000000133, 1.000000000000000000, 0.0000000000000000000 ) ) ;
#7902 = DIRECTION ( 'NONE',  ( 0.0000000000000000000, -1.000000000000000000, 0.0000000000000000000 ) ) ;
#7903 = EDGE_LOOP ( 'NONE', ( #9017, #7759, #3832, #4871 ) ) ;
#7904 = DIRECTION ( 'NONE',  ( 0.0000000000000000000, -1.000000000000000000, 0.0000000000000000000 ) ) ;
#7905 = ADVANCED_FACE ( 'NONE', ( #2164 ), #15, .T. ) ;
#7906 = LINE ( 'NONE', #10674, #778 ) ;
#7907 = LINE ( 'NONE', #8611, #2602 ) ;
#7908 = CARTESIAN_POINT ( 'NONE',  ( 0.5250000000000000222, 1.850000000000000089, -2.024999999999999911 ) ) ;
#7909 = EDGE_CURVE ( 'NONE', #10486, #7433, #4815, .T. ) ;
#7910 = CARTESIAN_POINT ( 'NONE',  ( -0.5150000000000000133, 1.850000000000000089, -1.025000000000000133 ) ) ;
#7911 = DIRECTION ( 'NONE',  ( -1.000000000000000000, 0.0000000000000000000, 0.0000000000000000000 ) ) ;
#7912 = ORIENTED_EDGE ( 'NONE', *, *, #5498, .T. ) ;
#7913 = LINE ( 'NONE', #2661, #3995 ) ;
#7914 = ORIENTED_EDGE ( 'NONE', *, *, #6328, .T. ) ;
#7915 = ADVANCED_FACE ( 'NONE', ( #7211 ), #5384, .T. ) ;
#7916 = CARTESIAN_POINT ( 'NONE',  ( -1.875000000000000000, 1.850000000000000089, -1.474999999999999867 ) ) ;
#7917 = CARTESIAN_POINT ( 'NONE',  ( 2.075000000000000178, 1.649999999999999911, 2.024999999999999911 ) ) ;
#7918 = VECTOR ( 'NONE', #4903, 1000.000000000000000 ) ;
#7919 = VECTOR ( 'NONE', #9316, 1000.000000000000000 ) ;
#7920 = ORIENTED_EDGE ( 'NONE', *, *, #10094, .F. ) ;
#7921 = EDGE_CURVE ( 'NONE', #10013, #6588, #4279, .T. ) ;
#7922 = DIRECTION ( 'NONE',  ( 0.0000000000000000000, 0.0000000000000000000, -1.000000000000000000 ) ) ;
#7923 = EDGE_CURVE ( 'NONE', #7219, #11602, #2038, .T. ) ;
#7924 = ORIENTED_EDGE ( 'NONE', *, *, #8146, .F. ) ;
#7925 = PLANE ( 'NONE',  #8275 ) ;
#7926 = AXIS2_PLACEMENT_3D ( 'NONE', #2706, #7898, #4346 ) ;
#7927 = DIRECTION ( 'NONE',  ( 1.000000000000000000, 0.0000000000000000000, 0.0000000000000000000 ) ) ;
#7928 = CARTESIAN_POINT ( 'NONE',  ( -2.274999999999999911, 3.600000000000000089, -1.425000000000000933 ) ) ;
#7929 = CARTESIAN_POINT ( 'NONE',  ( 8.224999999999999645, 0.5000000000000000000, 2.024999999999999911 ) ) ;
#7930 = VECTOR ( 'NONE', #2486, 1000.000000000000000 ) ;
#7931 = VERTEX_POINT ( 'NONE', #9112 ) ;
#7932 = ORIENTED_EDGE ( 'NONE', *, *, #10120, .T. ) ;
#7933 = AXIS2_PLACEMENT_3D ( 'NONE', #11627, #6288, #1730 ) ;
#7934 = EDGE_CURVE ( 'NONE', #9965, #8925, #65, .T. ) ;
#7935 = CARTESIAN_POINT ( 'NONE',  ( 0.5150000000000000133, 1.649999999999999911, -1.025000000000000133 ) ) ;
#7936 = DIRECTION ( 'NONE',  ( -0.0000000000000000000, 1.000000000000000000, 0.0000000000000000000 ) ) ;
#7937 = LINE ( 'NONE', #2681, #5564 ) ;
#7938 = LINE ( 'NONE', #3215, #1790 ) ;
#7939 = CARTESIAN_POINT ( 'NONE',  ( 8.225000000000003197, 1.350000000000000089, -1.525000000000000133 ) ) ;
#7940 = FACE_OUTER_BOUND ( 'NONE', #7786, .T. ) ;
#7941 = VERTEX_POINT ( 'NONE', #11140 ) ;
#7942 = VERTEX_POINT ( 'NONE', #4853 ) ;
#7943 = CARTESIAN_POINT ( 'NONE',  ( 4.264999999999999680, 1.000000000000000000, -1.025000000000000133 ) ) ;
#7944 = DIRECTION ( 'NONE',  ( -1.000000000000000000, 0.0000000000000000000, 0.0000000000000000000 ) ) ;
#7945 = ORIENTED_EDGE ( 'NONE', *, *, #642, .F. ) ;
#7946 = CARTESIAN_POINT ( 'NONE',  ( 9.125000000000001776, 1.000000000000000000, -1.525000000000000133 ) ) ;
#7947 = VECTOR ( 'NONE', #6749, 1000.000000000000114 ) ;
#7948 = VECTOR ( 'NONE', #627, 1000.000000000000000 ) ;
#7949 = ORIENTED_EDGE ( 'NONE', *, *, #4897, .F. ) ;
#7950 = ORIENTED_EDGE ( 'NONE', *, *, #7596, .T. ) ;
#7951 = EDGE_CURVE ( 'NONE', #11479, #5649, #9053, .T. ) ;
#7952 = CARTESIAN_POINT ( 'NONE',  ( -0.5150000000000000133, 1.850000000000000089, -1.025000000000000133 ) ) ;
#7953 = CARTESIAN_POINT ( 'NONE',  ( 3.024999999999999911, -0.004464445899999999919, 0.003975566199999999890 ) ) ;
#7954 = EDGE_CURVE ( 'NONE', #11278, #6163, #6649, .T. ) ;
#7955 = SURFACE_STYLE_USAGE ( .BOTH. , #10602 ) ;
#7956 = VERTEX_POINT ( 'NONE', #1081 ) ;
#7957 = ORIENTED_EDGE ( 'NONE', *, *, #1519, .T. ) ;
#7958 = VERTEX_POINT ( 'NONE', #5539 ) ;
#7959 = LINE ( 'NONE', #5143, #6271 ) ;
#7960 = DIRECTION ( 'NONE',  ( -1.000000000000000000, 0.0000000000000000000, 0.0000000000000000000 ) ) ;
#7961 = CARTESIAN_POINT ( 'NONE',  ( 5.724999999999999645, -0.6500000000000000222, -2.075000000000000178 ) ) ;
#7962 = VECTOR ( 'NONE', #222, 1000.000000000000000 ) ;
#7963 = AXIS2_PLACEMENT_3D ( 'NONE', #10887, #1850, #1058 ) ;
#7964 = STYLED_ITEM ( 'NONE', ( #5923 ), #2992 ) ;
#7965 = PLANE ( 'NONE',  #1224 ) ;
#7966 = VERTEX_POINT ( 'NONE', #9386 ) ;
#7967 = ORIENTED_EDGE ( 'NONE', *, *, #3818, .T. ) ;
#7968 = ORIENTED_EDGE ( 'NONE', *, *, #5925, .T. ) ;
#7969 = ORIENTED_EDGE ( 'NONE', *, *, #115, .F. ) ;
#7970 = ORIENTED_EDGE ( 'NONE', *, *, #4363, .F. ) ;
#7971 = LINE ( 'NONE', #4371, #10084 ) ;
#7972 = DIRECTION ( 'NONE',  ( -0.0000000000000000000, -0.0000000000000000000, 1.000000000000000000 ) ) ;
#7973 = VERTEX_POINT ( 'NONE', #9309 ) ;
#7974 = DIRECTION ( 'NONE',  ( -0.0000000000000000000, 1.000000000000000000, -0.0000000000000000000 ) ) ;
#7975 = EDGE_CURVE ( 'NONE', #8248, #11351, #1773, .T. ) ;
#7976 = VERTEX_POINT ( 'NONE', #2196 ) ;
#7977 = CARTESIAN_POINT ( 'NONE',  ( 6.974999999999999645, 0.0000000000000000000, 2.024999999999999911 ) ) ;
#7978 = VERTEX_POINT ( 'NONE', #127 ) ;
#7979 = PLANE ( 'NONE',  #8187 ) ;
#7980 = EDGE_LOOP ( 'NONE', ( #6718, #993, #6232, #8823 ) ) ;
#7981 = EDGE_LOOP ( 'NONE', ( #3602, #11039, #8985, #2152 ) ) ;
#7982 = ORIENTED_EDGE ( 'NONE', *, *, #8440, .F. ) ;
#7983 = DIRECTION ( 'NONE',  ( -1.000000000000000000, 0.0000000000000000000, 0.0000000000000000000 ) ) ;
#7984 = CARTESIAN_POINT ( 'NONE',  ( 4.275000000000000355, 1.350000000000000089, 0.0000000000000000000 ) ) ;
#7985 = LINE ( 'NONE', #10902, #6571 ) ;
#7986 = VECTOR ( 'NONE', #7047, 1000.000000000000000 ) ;
#7987 = CARTESIAN_POINT ( 'NONE',  ( 3.024999999999999911, 1.315130797599999957, 1.171117220399999770 ) ) ;
#7988 = CARTESIAN_POINT ( 'NONE',  ( -2.500000000000000000, 4.240000000000000213, -0.07499999999999998335 ) ) ;
#7989 = CARTESIAN_POINT ( 'NONE',  ( 0.7250000000000000888, 1.850000000000000089, -1.025000000000000133 ) ) ;
#7990 = CARTESIAN_POINT ( 'NONE',  ( 5.724999999999999645, 1.795247431900000024, 2.024999999999999911 ) ) ;
#7991 = ORIENTED_EDGE ( 'NONE', *, *, #6082, .T. ) ;
#7992 = EDGE_CURVE ( 'NONE', #2217, #6875, #11296, .T. ) ;
#7993 = ORIENTED_EDGE ( 'NONE', *, *, #4714, .T. ) ;
#7994 = EDGE_CURVE ( 'NONE', #4442, #7068, #6221, .T. ) ;
#7995 = ORIENTED_EDGE ( 'NONE', *, *, #2356, .T. ) ;
#7996 = CARTESIAN_POINT ( 'NONE',  ( -0.5250000000000000222, 1.850000000000000089, -1.025000000000000133 ) ) ;
#7997 = EDGE_CURVE ( 'NONE', #9502, #7394, #10435, .T. ) ;
#7998 = CARTESIAN_POINT ( 'NONE',  ( -0.7249999999999999778, -0.6500000000000000222, -2.075000000000000178 ) ) ;
#7999 = LINE ( 'NONE', #2156, #1980 ) ;
#8000 = VECTOR ( 'NONE', #5524, 1000.000000000000000 ) ;
#8001 = DIRECTION ( 'NONE',  ( 0.0000000000000000000, 0.0000000000000000000, 1.000000000000000000 ) ) ;
#8002 = EDGE_LOOP ( 'NONE', ( #2090, #4881, #10694, #473, #6628, #10019 ) ) ;
#8003 = CARTESIAN_POINT ( 'NONE',  ( -0.8249999999999999556, 1.850000000000000089, -1.474999999999999867 ) ) ;
#8004 = SURFACE_SIDE_STYLE ('',( #9242 ) ) ;
#8005 = ORIENTED_EDGE ( 'NONE', *, *, #10200, .T. ) ;
#8006 = LINE ( 'NONE', #10219, #3252 ) ;
#8007 =( NAMED_UNIT ( * ) PLANE_ANGLE_UNIT ( ) SI_UNIT ( $, .RADIAN. ) );
#8008 = EDGE_LOOP ( 'NONE', ( #10539, #2216, #7352, #5865 ) ) ;
#8009 = AXIS2_PLACEMENT_3D ( 'NONE', #582, #5062, #9477 ) ;
#8010 = SURFACE_STYLE_FILL_AREA ( #5472 ) ;
#8011 = EDGE_CURVE ( 'NONE', #5716, #2088, #1763, .T. ) ;
#8012 = FACE_OUTER_BOUND ( 'NONE', #10906, .T. ) ;
#8013 = AXIS2_PLACEMENT_3D ( 'NONE', #11233, #1393, #11306 ) ;
#8014 = ORIENTED_EDGE ( 'NONE', *, *, #247, .T. ) ;
#8015 = CARTESIAN_POINT ( 'NONE',  ( 1.775000000000000133, 1.649999999999999911, 2.024999999999999911 ) ) ;
#8016 = ORIENTED_EDGE ( 'NONE', *, *, #1281, .T. ) ;
#8017 = LINE ( 'NONE', #5091, #5637 ) ;
#8018 = CARTESIAN_POINT ( 'NONE',  ( 5.514999999999999680, 1.649999999999999911, -1.474999999999999867 ) ) ;
#8019 = VECTOR ( 'NONE', #2908, 1000.000000000000000 ) ;
#8020 = ORIENTED_EDGE ( 'NONE', *, *, #2027, .F. ) ;
#8021 = EDGE_CURVE ( 'NONE', #641, #6697, #3570, .T. ) ;
#8022 = VERTEX_POINT ( 'NONE', #6663 ) ;
#8023 = EDGE_CURVE ( 'NONE', #124, #3844, #6926, .T. ) ;
#8024 = CARTESIAN_POINT ( 'NONE',  ( 8.225000000000001421, -0.6500000000000000222, -1.775000000000000133 ) ) ;
#8025 = VECTOR ( 'NONE', #3337, 1000.000000000000114 ) ;
#8026 = CARTESIAN_POINT ( 'NONE',  ( 3.024999999999999911, 1.850000000000000089, 2.024999999999999911 ) ) ;
#8027 = DIRECTION ( 'NONE',  ( -1.000000000000000000, 0.0000000000000000000, 0.0000000000000000000 ) ) ;
#8028 = LINE ( 'NONE', #9626, #7435 ) ;
#8029 = DIRECTION ( 'NONE',  ( 0.0000000000000000000, -0.0000000000000000000, -1.000000000000000000 ) ) ;
#8030 = ORIENTED_EDGE ( 'NONE', *, *, #7787, .T. ) ;
#8031 = VECTOR ( 'NONE', #6549, 1000.000000000000000 ) ;
#8032 = AXIS2_PLACEMENT_3D ( 'NONE', #9927, #1718, #9784 ) ;
#8033 = VERTEX_POINT ( 'NONE', #6351 ) ;
#8034 = AXIS2_PLACEMENT_3D ( 'NONE', #1361, #7852, #588 ) ;
#8035 = DIRECTION ( 'NONE',  ( 1.000000000000000000, -0.0000000000000000000, 0.0000000000000000000 ) ) ;
#8036 = DIRECTION ( 'NONE',  ( 1.000000000000000000, 0.0000000000000000000, 0.0000000000000000000 ) ) ;
#8037 = FACE_OUTER_BOUND ( 'NONE', #3027, .T. ) ;
#8038 = ADVANCED_FACE ( 'NONE', ( #4132 ), #10189, .T. ) ;
#8039 = ORIENTED_EDGE ( 'NONE', *, *, #11246, .F. ) ;
#8040 = LINE ( 'NONE', #1047, #197 ) ;
#8041 = DIRECTION ( 'NONE',  ( 0.0000000000000000000, 0.0000000000000000000, -1.000000000000000000 ) ) ;
#8042 = ORIENTED_EDGE ( 'NONE', *, *, #5944, .T. ) ;
#8043 = CARTESIAN_POINT ( 'NONE',  ( 3.324999999999999734, 1.649999999999999911, 2.024999999999999911 ) ) ;
#8044 = CARTESIAN_POINT ( 'NONE',  ( -2.274999999999999911, 2.250000000000000000, -2.024999999999999911 ) ) ;
#8045 = CARTESIAN_POINT ( 'NONE',  ( 1.984999999999999876, 1.850000000000000089, -1.025000000000000133 ) ) ;
#8046 = LINE ( 'NONE', #2524, #3301 ) ;
#8047 = LINE ( 'NONE', #3395, #1191 ) ;
#8048 = DIRECTION ( 'NONE',  ( 0.0000000000000000000, 0.0000000000000000000, -1.000000000000000000 ) ) ;
#8049 = DIRECTION ( 'NONE',  ( 0.0000000000000000000, 0.0000000000000000000, 1.000000000000000000 ) ) ;
#8050 = VERTEX_POINT ( 'NONE', #3970 ) ;
#8051 = CARTESIAN_POINT ( 'NONE',  ( 7.074999999999999289, 1.649999999999999911, 2.024999999999999911 ) ) ;
#8052 = ORIENTED_EDGE ( 'NONE', *, *, #6356, .T. ) ;
#8053 = EDGE_CURVE ( 'NONE', #1711, #6355, #629, .T. ) ;
#8054 = ORIENTED_EDGE ( 'NONE', *, *, #3493, .T. ) ;
#8055 = DIRECTION ( 'NONE',  ( 1.000000000000000000, 0.0000000000000000000, 0.0000000000000000000 ) ) ;
#8056 = EDGE_CURVE ( 'NONE', #9577, #9965, #54, .T. ) ;
#8057 = PLANE ( 'NONE',  #4068 ) ;
#8058 = DIRECTION ( 'NONE',  ( 0.0000000000000000000, 0.0000000000000000000, -1.000000000000000000 ) ) ;
#8059 = COLOUR_RGB ( '',1.000000000000000000, 1.000000000000000000, 1.000000000000000000 ) ;
#8060 = VECTOR ( 'NONE', #4865, 1000.000000000000000 ) ;
#8061 = DIRECTION ( 'NONE',  ( -1.000000000000000000, 0.0000000000000000000, 0.0000000000000000000 ) ) ;
#8062 = DIRECTION ( 'NONE',  ( 1.000000000000000000, 0.0000000000000000000, 0.0000000000000000000 ) ) ;
#8063 = CARTESIAN_POINT ( 'NONE',  ( 6.774999999999999467, -0.6500000000000000222, -2.075000000000000178 ) ) ;
#8064 = ORIENTED_EDGE ( 'NONE', *, *, #7231, .F. ) ;
#8065 = VERTEX_POINT ( 'NONE', #7286 ) ;
#8066 = DIRECTION ( 'NONE',  ( 0.0000000000000000000, -1.000000000000000000, 0.0000000000000000000 ) ) ;
#8067 = DIRECTION ( 'NONE',  ( 1.000000000000000000, 0.0000000000000000000, 0.0000000000000000000 ) ) ;
#8068 = VECTOR ( 'NONE', #2181, 1000.000000000000000 ) ;
#8069 = AXIS2_PLACEMENT_3D ( 'NONE', #1642, #5189, #1563 ) ;
#8070 = LINE ( 'NONE', #9412, #10054 ) ;
#8071 = EDGE_CURVE ( 'NONE', #2041, #1400, #4804, .T. ) ;
#8072 = EDGE_CURVE ( 'NONE', #1800, #10238, #8040, .T. ) ;
#8073 = ORIENTED_EDGE ( 'NONE', *, *, #7329, .F. ) ;
#8074 = AXIS2_PLACEMENT_3D ( 'NONE', #4820, #245, #8394 ) ;
#8075 = DIRECTION ( 'NONE',  ( 1.000000000000000000, 0.0000000000000000000, 0.0000000000000000000 ) ) ;
#8076 = EDGE_LOOP ( 'NONE', ( #9535, #3092, #414, #10587 ) ) ;
#8077 = EDGE_LOOP ( 'NONE', ( #10538, #430, #1959, #11110 ) ) ;
#8078 = DIRECTION ( 'NONE',  ( 1.000000000000000000, 0.0000000000000000000, 0.0000000000000000000 ) ) ;
#8079 = LINE ( 'NONE', #8896, #4310 ) ;
#8080 = ORIENTED_EDGE ( 'NONE', *, *, #2883, .F. ) ;
#8081 = ORIENTED_EDGE ( 'NONE', *, *, #4073, .F. ) ;
#8082 = FILL_AREA_STYLE_COLOUR ( '', #7899 ) ;
#8083 = CARTESIAN_POINT ( 'NONE',  ( 1.984999999999999876, 1.850000000000000089, -1.025000000000000133 ) ) ;
#8084 = EDGE_CURVE ( 'NONE', #3714, #4203, #2029, .T. ) ;
#8085 = CARTESIAN_POINT ( 'NONE',  ( 1.975000000000000089, 0.05000000000000002359, -1.775000000000000133 ) ) ;
#8086 = DIRECTION ( 'NONE',  ( -0.0000000000000000000, 1.000000000000000000, -0.0000000000000000000 ) ) ;
#8087 = ORIENTED_EDGE ( 'NONE', *, *, #4564, .F. ) ;
#8088 = ORIENTED_EDGE ( 'NONE', *, *, #9849, .F. ) ;
#8089 = LINE ( 'NONE', #8401, #3901 ) ;
#8090 = VECTOR ( 'NONE', #6957, 1000.000000000000000 ) ;
#8091 = ORIENTED_EDGE ( 'NONE', *, *, #8696, .F. ) ;
#8092 = ADVANCED_FACE ( 'NONE', ( #10027 ), #3522, .T. ) ;
#8093 = DIRECTION ( 'NONE',  ( 0.0000000000000000000, 1.000000000000000000, 0.0000000000000000000 ) ) ;
#8094 = CARTESIAN_POINT ( 'NONE',  ( 0.7250000000000000888, 1.350000000000000089, 0.0000000000000000000 ) ) ;
#8095 = EDGE_LOOP ( 'NONE', ( #5429, #7592, #831, #684 ) ) ;
#8096 = DIRECTION ( 'NONE',  ( -1.000000000000000000, 0.0000000000000000000, 0.0000000000000000000 ) ) ;
#8097 = VERTEX_POINT ( 'NONE', #11555 ) ;
#8098 = AXIS2_PLACEMENT_3D ( 'NONE', #6306, #6224, #8141 ) ;
#8099 = PLANE ( 'NONE',  #9938 ) ;
#8100 = VERTEX_POINT ( 'NONE', #3596 ) ;
#8101 = ORIENTED_EDGE ( 'NONE', *, *, #7645, .T. ) ;
#8102 = FACE_OUTER_BOUND ( 'NONE', #7873, .T. ) ;
#8103 = EDGE_CURVE ( 'NONE', #3855, #9646, #7465, .T. ) ;
#8104 = CARTESIAN_POINT ( 'NONE',  ( -0.5250000000000000222, 0.0000000000000000000, -1.525000000000000133 ) ) ;
#8105 = VECTOR ( 'NONE', #4219, 1000.000000000000000 ) ;
#8106 = EDGE_LOOP ( 'NONE', ( #1702, #5182, #1704, #3403, #4270, #7331, #9116 ) ) ;
#8107 = EDGE_CURVE ( 'NONE', #9864, #6784, #7614, .T. ) ;
#8108 = CARTESIAN_POINT ( 'NONE',  ( 7.074999999999999289, 1.850000000000000089, -1.474999999999999867 ) ) ;
#8109 = DIRECTION ( 'NONE',  ( 0.0000000000000000000, 0.0000000000000000000, -1.000000000000000000 ) ) ;
#8110 = FILL_AREA_STYLE_COLOUR ( '', #4414 ) ;
#8111 = ORIENTED_EDGE ( 'NONE', *, *, #261, .T. ) ;
#8112 = ORIENTED_EDGE ( 'NONE', *, *, #1591, .F. ) ;
#8113 = VERTEX_POINT ( 'NONE', #8015 ) ;
#8114 = ORIENTED_EDGE ( 'NONE', *, *, #3000, .F. ) ;
#8115 = LINE ( 'NONE', #3921, #995 ) ;
#8116 = AXIS2_PLACEMENT_3D ( 'NONE', #6961, #7856, #8776 ) ;
#8117 = ADVANCED_FACE ( 'NONE', ( #8624 ), #868, .F. ) ;
#8118 = AXIS2_PLACEMENT_3D ( 'NONE', #8669, #5984, #6061 ) ;
#8119 = FILL_AREA_STYLE ('',( #8974 ) ) ;
#8120 = ORIENTED_EDGE ( 'NONE', *, *, #1787, .F. ) ;
#8121 = ORIENTED_EDGE ( 'NONE', *, *, #5822, .F. ) ;
#8122 = ORIENTED_EDGE ( 'NONE', *, *, #1982, .F. ) ;
#8123 = MANIFOLD_SOLID_BREP ( 'Combine3', #2573 ) ;
#8124 = ORIENTED_EDGE ( 'NONE', *, *, #9321, .T. ) ;
#8125 = CARTESIAN_POINT ( 'NONE',  ( 4.484999999999999432, 1.850000000000000089, -2.024999999999999911 ) ) ;
#8126 = VECTOR ( 'NONE', #5606, 1000.000000000000000 ) ;
#8127 = DIRECTION ( 'NONE',  ( 1.000000000000000000, 0.0000000000000000000, 0.0000000000000000000 ) ) ;
#8128 = CARTESIAN_POINT ( 'NONE',  ( 6.250000000000000000, 1.000000000000000000, -1.474999999999999867 ) ) ;
#8129 = LINE ( 'NONE', #6210, #9972 ) ;
#8130 = EDGE_CURVE ( 'NONE', #9427, #5696, #5536, .T. ) ;
#8131 = CARTESIAN_POINT ( 'NONE',  ( -0.4249999999999999889, 1.850000000000000089, -1.698606797699999893 ) ) ;
#8132 = ORIENTED_EDGE ( 'NONE', *, *, #4784, .F. ) ;
#8133 = VERTEX_POINT ( 'NONE', #825 ) ;
#8134 = FACE_OUTER_BOUND ( 'NONE', #6599, .T. ) ;
#8135 = AXIS2_PLACEMENT_3D ( 'NONE', #8331, #2005, #10041 ) ;
#8136 = DIRECTION ( 'NONE',  ( 0.0000000000000000000, 0.0000000000000000000, -1.000000000000000000 ) ) ;
#8137 = CARTESIAN_POINT ( 'NONE',  ( 10.37500000000000178, 2.000000000000000000, -1.425000000000000044 ) ) ;
#8138 = LINE ( 'NONE', #7588, #5760 ) ;
#8139 = LINE ( 'NONE', #5829, #5762 ) ;
#8140 = DIRECTION ( 'NONE',  ( -0.0000000000000000000, 1.000000000000000000, 0.0000000000000000000 ) ) ;
#8141 = DIRECTION ( 'NONE',  ( 0.0000000000000000000, 0.0000000000000000000, -1.000000000000000000 ) ) ;
#8142 = EDGE_CURVE ( 'NONE', #4748, #403, #11418, .T. ) ;
#8143 = EDGE_CURVE ( 'NONE', #7010, #5477, #6785, .T. ) ;
#8144 = VERTEX_POINT ( 'NONE', #4422 ) ;
#8145 = CARTESIAN_POINT ( 'NONE',  ( -0.7249999999999999778, 0.0000000000000000000, -1.525000000000000133 ) ) ;
#8146 = EDGE_CURVE ( 'NONE', #6842, #4597, #5253, .T. ) ;
#8147 = ORIENTED_EDGE ( 'NONE', *, *, #5627, .F. ) ;
#8148 = DIRECTION ( 'NONE',  ( 0.0000000000000000000, -1.000000000000000000, 0.0000000000000000000 ) ) ;
#8149 = LINE ( 'NONE', #7418, #2124 ) ;
#8150 = FACE_OUTER_BOUND ( 'NONE', #5285, .T. ) ;
#8151 = FILL_AREA_STYLE ('',( #3702 ) ) ;
#8152 = VECTOR ( 'NONE', #280, 1000.000000000000000 ) ;
#8153 = DIRECTION ( 'NONE',  ( -1.000000000000000000, 0.0000000000000000000, 0.0000000000000000000 ) ) ;
#8154 = ORIENTED_EDGE ( 'NONE', *, *, #577, .T. ) ;
#8155 = ADVANCED_FACE ( 'NONE', ( #4417 ), #4457, .T. ) ;
#8156 = ORIENTED_EDGE ( 'NONE', *, *, #5102, .F. ) ;
#8157 = AXIS2_PLACEMENT_3D ( 'NONE', #6329, #100, #10025 ) ;
#8158 = EDGE_CURVE ( 'NONE', #2119, #11196, #8316, .T. ) ;
#8159 =( NAMED_UNIT ( * ) SI_UNIT ( $, .STERADIAN. ) SOLID_ANGLE_UNIT ( ) );
#8160 = LINE ( 'NONE', #2489, #10269 ) ;
#8161 = VECTOR ( 'NONE', #1, 1000.000000000000000 ) ;
#8162 = LINE ( 'NONE', #5523, #9033 ) ;
#8163 =( NAMED_UNIT ( * ) PLANE_ANGLE_UNIT ( ) SI_UNIT ( $, .RADIAN. ) );
#8164 = ORIENTED_EDGE ( 'NONE', *, *, #7951, .T. ) ;
#8165 = VECTOR ( 'NONE', #8649, 1000.000000000000000 ) ;
#8166 = CARTESIAN_POINT ( 'NONE',  ( 0.4249999999999999889, 1.649999999999999911, -1.698606797699999893 ) ) ;
#8167 = DIRECTION ( 'NONE',  ( 1.000000000000000000, 0.0000000000000000000, 0.0000000000000000000 ) ) ;
#8168 = ORIENTED_EDGE ( 'NONE', *, *, #10314, .F. ) ;
#8169 = DIRECTION ( 'NONE',  ( 1.000000000000000000, 0.0000000000000000000, 0.0000000000000000000 ) ) ;
#8170 = VECTOR ( 'NONE', #4045, 1000.000000000000114 ) ;
#8171 = LINE ( 'NONE', #11242, #5790 ) ;
#8172 = LINE ( 'NONE', #4963, #5792 ) ;
#8173 = EDGE_CURVE ( 'NONE', #9888, #4731, #322, .T. ) ;
#8174 = ADVANCED_FACE ( 'NONE', ( #5936 ), #8816, .F. ) ;
#8175 = DIRECTION ( 'NONE',  ( 0.0000000000000000000, 1.000000000000000000, 0.0000000000000000000 ) ) ;
#8176 = EDGE_CURVE ( 'NONE', #10853, #9943, #9612, .T. ) ;
#8177 = FILL_AREA_STYLE_COLOUR ( '', #9881 ) ;
#8178 = VERTEX_POINT ( 'NONE', #4344 ) ;
#8179 = FACE_OUTER_BOUND ( 'NONE', #4362, .T. ) ;
#8180 = CARTESIAN_POINT ( 'NONE',  ( 8.224999999999999645, 1.850000000000000089, 0.0000000000000000000 ) ) ;
#8181 = CARTESIAN_POINT ( 'NONE',  ( -0.7249999999999999778, 1.000000000000000000, 1.525000000000000133 ) ) ;
#8182 = ORIENTED_EDGE ( 'NONE', *, *, #10636, .T. ) ;
#8183 = LINE ( 'NONE', #3667, #2158 ) ;
#8184 = PRESENTATION_STYLE_ASSIGNMENT (( #480 ) ) ;
#8185 = ORIENTED_EDGE ( 'NONE', *, *, #996, .T. ) ;
#8186 = VECTOR ( 'NONE', #6909, 1000.000000000000000 ) ;
#8187 = AXIS2_PLACEMENT_3D ( 'NONE', #7229, #7195, #7262 ) ;
#8188 = PLANE ( 'NONE',  #6676 ) ;
#8189 = ORIENTED_EDGE ( 'NONE', *, *, #1442, .F. ) ;
#8190 = UNCERTAINTY_MEASURE_WITH_UNIT (LENGTH_MEASURE( 1.000000000000000082E-05 ), #7078, 'distance_accuracy_value', 'NONE');
#8191 = CARTESIAN_POINT ( 'NONE',  ( -0.5250000000000000222, 0.0000000000000000000, 2.024999999999999911 ) ) ;
#8192 = PLANE ( 'NONE',  #3775 ) ;
#8193 = LINE ( 'NONE', #5185, #5813 ) ;
#8194 = VECTOR ( 'NONE', #1091, 1000.000000000000000 ) ;
#8195 = EDGE_CURVE ( 'NONE', #6694, #1158, #3005, .T. ) ;
#8196 = EDGE_LOOP ( 'NONE', ( #5468, #1911, #764, #1855, #7995, #9656 ) ) ;
#8197 = ORIENTED_EDGE ( 'NONE', *, *, #9895, .F. ) ;
#8198 = AXIS2_PLACEMENT_3D ( 'NONE', #8235, #7253, #9981 ) ;
#8199 = DIRECTION ( 'NONE',  ( 0.0000000000000000000, -1.000000000000000000, 0.0000000000000000000 ) ) ;
#8200 = CARTESIAN_POINT ( 'NONE',  ( 0.7250000000000000888, 0.0000000000000000000, 2.024999999999999911 ) ) ;
#8201 = AXIS2_PLACEMENT_3D ( 'NONE', #188, #1099, #4758 ) ;
#8202 = CARTESIAN_POINT ( 'NONE',  ( 0.7250000000000000888, 0.3500000000000000333, -2.024999999999999911 ) ) ;
#8203 = LINE ( 'NONE', #8200, #4436 ) ;
#8204 = VECTOR ( 'NONE', #9876, 1000.000000000000000 ) ;
#8205 = CARTESIAN_POINT ( 'NONE',  ( 6.974999999999999645, 1.000000000000000000, 0.0000000000000000000 ) ) ;
#8206 = VECTOR ( 'NONE', #4210, 1000.000000000000000 ) ;
#8207 = ORIENTED_EDGE ( 'NONE', *, *, #11281, .T. ) ;
#8208 = EDGE_CURVE ( 'NONE', #217, #10975, #6496, .T. ) ;
#8209 = EDGE_CURVE ( 'NONE', #6127, #1400, #488, .T. ) ;
#8210 = VERTEX_POINT ( 'NONE', #1847 ) ;
#8211 = ADVANCED_FACE ( 'NONE', ( #3158 ), #9083, .T. ) ;
#8212 = EDGE_CURVE ( 'NONE', #9888, #10940, #9174, .T. ) ;
#8213 = CARTESIAN_POINT ( 'NONE',  ( 4.264999999999999680, 1.649999999999999911, -1.474999999999999867 ) ) ;
#8214 = DIRECTION ( 'NONE',  ( 0.0000000000000000000, -1.000000000000000000, -3.219646771412953967E-15 ) ) ;
#8215 = CARTESIAN_POINT ( 'NONE',  ( 5.724999999999999645, 1.649999999999999911, 2.024999999999999911 ) ) ;
#8216 = CARTESIAN_POINT ( 'NONE',  ( 5.424999999999999822, 1.649999999999999911, -1.474999999999999867 ) ) ;
#8217 = DIRECTION ( 'NONE',  ( 0.0000000000000000000, -1.000000000000000000, 0.0000000000000000000 ) ) ;
#8218 = VECTOR ( 'NONE', #5203, 1000.000000000000000 ) ;
#8219 = VECTOR ( 'NONE', #5768, 1000.000000000000000 ) ;
#8220 = EDGE_LOOP ( 'NONE', ( #3309, #8672, #5946, #994, #4739, #9082 ) ) ;
#8221 = DIRECTION ( 'NONE',  ( 0.0000000000000000000, 0.0000000000000000000, -1.000000000000000000 ) ) ;
#8222 = VERTEX_POINT ( 'NONE', #4535 ) ;
#8223 = DIRECTION ( 'NONE',  ( 0.0000000000000000000, 1.000000000000000000, -1.084202172485501673E-15 ) ) ;
#8224 = AXIS2_PLACEMENT_3D ( 'NONE', #2676, #11478, #4309 ) ;
#8225 = EDGE_CURVE ( 'NONE', #11025, #1256, #3148, .T. ) ;
#8226 = ORIENTED_EDGE ( 'NONE', *, *, #2536, .T. ) ;
#8227 = CARTESIAN_POINT ( 'NONE',  ( -2.274999999999999911, 3.600000000000000977, -1.425000000000000044 ) ) ;
#8228 = VECTOR ( 'NONE', #4900, 1000.000000000000000 ) ;
#8229 = FACE_OUTER_BOUND ( 'NONE', #3837, .T. ) ;
#8230 = VECTOR ( 'NONE', #1523, 1000.000000000000000 ) ;
#8231 = STYLED_ITEM ( 'NONE', ( #2304 ), #1712 ) ;
#8232 = ORIENTED_EDGE ( 'NONE', *, *, #6517, .F. ) ;
#8233 = ADVANCED_FACE ( 'NONE', ( #910 ), #3791, .F. ) ;
#8234 = ORIENTED_EDGE ( 'NONE', *, *, #8053, .F. ) ;
#8235 = CARTESIAN_POINT ( 'NONE',  ( 0.5250000000000000222, 1.850000000000000089, -1.698606797699999893 ) ) ;
#8236 = ORIENTED_EDGE ( 'NONE', *, *, #9966, .T. ) ;
#8237 = ORIENTED_EDGE ( 'NONE', *, *, #10485, .T. ) ;
#8238 = LINE ( 'NONE', #11562, #395 ) ;
#8239 = LINE ( 'NONE', #4915, #2520 ) ;
#8240 = FILL_AREA_STYLE ('',( #9085 ) ) ;
#8241 = EDGE_CURVE ( 'NONE', #10643, #4097, #10142, .T. ) ;
#8242 = CARTESIAN_POINT ( 'NONE',  ( 3.225000000000000089, 1.315130797599999957, 1.171117220399999770 ) ) ;
#8243 = CARTESIAN_POINT ( 'NONE',  ( 3.225000000000000089, 0.05000000000000002359, -1.775000000000000133 ) ) ;
#8244 = CARTESIAN_POINT ( 'NONE',  ( 5.724999999999999645, 0.0000000000000000000, -1.525000000000000133 ) ) ;
#8245 = ORIENTED_EDGE ( 'NONE', *, *, #1572, .T. ) ;
#8246 = ORIENTED_EDGE ( 'NONE', *, *, #7261, .T. ) ;
#8247 = ORIENTED_EDGE ( 'NONE', *, *, #8195, .F. ) ;
#8248 = VERTEX_POINT ( 'NONE', #4672 ) ;
#8249 = VERTEX_POINT ( 'NONE', #7297 ) ;
#8250 = LINE ( 'NONE', #8362, #5867 ) ;
#8251 = CARTESIAN_POINT ( 'NONE',  ( 8.024999999999998579, 0.05000000000000002359, -1.775000000000000133 ) ) ;
#8252 = ORIENTED_EDGE ( 'NONE', *, *, #3589, .T. ) ;
#8253 = EDGE_LOOP ( 'NONE', ( #10449, #10679, #2872, #5757 ) ) ;
#8254 = CARTESIAN_POINT ( 'NONE',  ( -0.5150000000000000133, 1.850000000000000089, -2.024999999999999911 ) ) ;
#8255 = ORIENTED_EDGE ( 'NONE', *, *, #9396, .T. ) ;
#8256 = PRESENTATION_LAYER_ASSIGNMENT (  '', '', ( #3465 ) ) ;
#8257 = DIRECTION ( 'NONE',  ( 1.000000000000000000, 0.0000000000000000000, 0.0000000000000000000 ) ) ;
#8258 = ORIENTED_EDGE ( 'NONE', *, *, #11071, .T. ) ;
#8259 = VERTEX_POINT ( 'NONE', #5585 ) ;
#8260 = ORIENTED_EDGE ( 'NONE', *, *, #6312, .F. ) ;
#8261 = EDGE_CURVE ( 'NONE', #44, #9664, #4945, .T. ) ;
#8262 = PLANE ( 'NONE',  #9588 ) ;
#8263 = EDGE_CURVE ( 'NONE', #11500, #2482, #7737, .T. ) ;
#8264 = CARTESIAN_POINT ( 'NONE',  ( 9.975000000000003197, 4.249999999999992895, -0.07499999999999976130 ) ) ;
#8265 = LINE ( 'NONE', #731, #10820 ) ;
#8266 = LINE ( 'NONE', #8085, #1564 ) ;
#8267 = CARTESIAN_POINT ( 'NONE',  ( 1.975000000000000089, 0.0000000000000000000, -1.525000000000000133 ) ) ;
#8268 =( NAMED_UNIT ( * ) SI_UNIT ( $, .STERADIAN. ) SOLID_ANGLE_UNIT ( ) );
#8269 = ORIENTED_EDGE ( 'NONE', *, *, #11031, .T. ) ;
#8270 = EDGE_LOOP ( 'NONE', ( #11489, #9145, #2260, #8462 ) ) ;
#8271 = DIRECTION ( 'NONE',  ( -0.0000000000000000000, 1.000000000000000000, 0.0000000000000000000 ) ) ;
#8272 = EDGE_LOOP ( 'NONE', ( #8284, #8236, #8713, #6682 ) ) ;
#8273 = UNCERTAINTY_MEASURE_WITH_UNIT (LENGTH_MEASURE( 1.000000000000000082E-05 ), #5387, 'distance_accuracy_value', 'NONE');
#8274 = ADVANCED_FACE ( 'NONE', ( #8179 ), #7221, .T. ) ;
#8275 = AXIS2_PLACEMENT_3D ( 'NONE', #3547, #6195, #8966 ) ;
#8276 = VECTOR ( 'NONE', #11261, 1000.000000000000000 ) ;
#8277 = VECTOR ( 'NONE', #4646, 1000.000000000000000 ) ;
#8278 =( NAMED_UNIT ( * ) PLANE_ANGLE_UNIT ( ) SI_UNIT ( $, .RADIAN. ) );
#8279 = ORIENTED_EDGE ( 'NONE', *, *, #9435, .T. ) ;
#8280 = CARTESIAN_POINT ( 'NONE',  ( 8.235000000000002984, 1.850000000000000089, -1.025000000000000133 ) ) ;
#8281 = VERTEX_POINT ( 'NONE', #10918 ) ;
#8282 = DIRECTION ( 'NONE',  ( 0.0000000000000000000, -1.000000000000000000, 0.0000000000000000000 ) ) ;
#8283 = EDGE_CURVE ( 'NONE', #11351, #6284, #7067, .T. ) ;
#8284 = ORIENTED_EDGE ( 'NONE', *, *, #183, .F. ) ;
#8285 = DIRECTION ( 'NONE',  ( 1.000000000000000000, 0.0000000000000000000, 8.673617379884027583E-16 ) ) ;
#8286 = CARTESIAN_POINT ( 'NONE',  ( 1.324999999999999956, 1.850000000000000089, -1.474999999999999867 ) ) ;
#8287 = VECTOR ( 'NONE', #2439, 1000.000000000000000 ) ;
#8288 = VECTOR ( 'NONE', #2904, 1000.000000000000000 ) ;
#8289 = ORIENTED_EDGE ( 'NONE', *, *, #593, .F. ) ;
#8290 = DIRECTION ( 'NONE',  ( -1.000000000000000000, -0.0000000000000000000, -0.0000000000000000000 ) ) ;
#8291 = ADVANCED_FACE ( 'NONE', ( #1317 ), #1951, .F. ) ;
#8292 = ORIENTED_EDGE ( 'NONE', *, *, #5746, .F. ) ;
#8293 = LINE ( 'NONE', #11122, #4238 ) ;
#8294 = EDGE_CURVE ( 'NONE', #9792, #8222, #4667, .T. ) ;
#8295 = CARTESIAN_POINT ( 'NONE',  ( -2.475000000000000089, 4.249999999999998224, -2.075000000000001510 ) ) ;
#8296 = EDGE_CURVE ( 'NONE', #1709, #9067, #11134, .T. ) ;
#8297 = PRESENTATION_STYLE_ASSIGNMENT (( #4753 ) ) ;
#8298 = AXIS2_PLACEMENT_3D ( 'NONE', #5971, #1525, #9443 ) ;
#8299 = DIRECTION ( 'NONE',  ( 1.000000000000000000, 0.0000000000000000000, 0.0000000000000000000 ) ) ;
#8300 = ORIENTED_EDGE ( 'NONE', *, *, #1883, .T. ) ;
#8301 = VECTOR ( 'NONE', #9861, 1000.000000000000000 ) ;
#8302 = EDGE_LOOP ( 'NONE', ( #3441, #4886, #8955, #3959 ) ) ;
#8303 = LINE ( 'NONE', #5080, #7059 ) ;
#8304 = DIRECTION ( 'NONE',  ( 0.0000000000000000000, 0.7468134723257140450, -0.6650335612228979176 ) ) ;
#8305 = VECTOR ( 'NONE', #3155, 1000.000000000000000 ) ;
#8306 = FACE_OUTER_BOUND ( 'NONE', #11329, .T. ) ;
#8307 = AXIS2_PLACEMENT_3D ( 'NONE', #7335, #8199, #1879 ) ;
#8308 = ORIENTED_EDGE ( 'NONE', *, *, #5302, .F. ) ;
#8309 = EDGE_CURVE ( 'NONE', #9664, #4179, #1614, .T. ) ;
#8310 = ORIENTED_EDGE ( 'NONE', *, *, #8021, .T. ) ;
#8311 = DIRECTION ( 'NONE',  ( 0.0000000000000000000, 0.0000000000000000000, 1.000000000000000000 ) ) ;
#8312 = DIRECTION ( 'NONE',  ( 0.0000000000000000000, -1.000000000000000000, 0.0000000000000000000 ) ) ;
#8313 = CARTESIAN_POINT ( 'NONE',  ( 6.774999999999999467, 0.3499999999999999778, -2.075000000000000178 ) ) ;
#8314 = DIRECTION ( 'NONE',  ( 0.0000000000000000000, 1.000000000000000000, 0.0000000000000000000 ) ) ;
#8315 = ORIENTED_EDGE ( 'NONE', *, *, #7507, .F. ) ;
#8316 = LINE ( 'NONE', #6207, #9044 ) ;
#8317 = CARTESIAN_POINT ( 'NONE',  ( 8.014999999999998792, 1.850000000000000089, -1.025000000000000133 ) ) ;
#8318 = VERTEX_POINT ( 'NONE', #10164 ) ;
#8319 = EDGE_CURVE ( 'NONE', #8770, #9886, #474, .T. ) ;
#8320 = ADVANCED_FACE ( 'NONE', ( #1050 ), #4778, .F. ) ;
#8321 = CARTESIAN_POINT ( 'NONE',  ( 6.765000000000000568, 1.850000000000000089, -1.025000000000000133 ) ) ;
#8322 = EDGE_CURVE ( 'NONE', #3321, #9814, #5655, .T. ) ;
#8323 = LINE ( 'NONE', #10091, #9335 ) ;
#8324 = VECTOR ( 'NONE', #9008, 1000.000000000000000 ) ;
#8325 = DIRECTION ( 'NONE',  ( 0.0000000000000000000, -0.0000000000000000000, -1.000000000000000000 ) ) ;
#8326 = PLANE ( 'NONE',  #9568 ) ;
#8327 = ORIENTED_EDGE ( 'NONE', *, *, #11232, .T. ) ;
#8328 = FACE_OUTER_BOUND ( 'NONE', #4212, .T. ) ;
#8329 = CARTESIAN_POINT ( 'NONE',  ( 3.324999999999999734, 1.649999999999999911, -1.698606797699999893 ) ) ;
#8330 = ORIENTED_EDGE ( 'NONE', *, *, #4735, .F. ) ;
#8331 = CARTESIAN_POINT ( 'NONE',  ( 8.224999999999999645, 1.315130797599999957, 1.171117220399999770 ) ) ;
#8332 = DIRECTION ( 'NONE',  ( 1.000000000000000000, 0.0000000000000000000, 0.0000000000000000000 ) ) ;
#8333 = DIRECTION ( 'NONE',  ( -1.000000000000000000, 0.0000000000000000000, 0.0000000000000000000 ) ) ;
#8334 = LINE ( 'NONE', #7342, #9188 ) ;
#8335 = LINE ( 'NONE', #7408, #3308 ) ;
#8336 = AXIS2_PLACEMENT_3D ( 'NONE', #1139, #9209, #10104 ) ;
#8337 = VECTOR ( 'NONE', #5837, 1000.000000000000000 ) ;
#8338 = DIRECTION ( 'NONE',  ( 0.0000000000000000000, 1.000000000000000000, -1.084202172485501673E-15 ) ) ;
#8339 = EDGE_LOOP ( 'NONE', ( #4894, #10905, #2155, #2334 ) ) ;
#8340 = ORIENTED_EDGE ( 'NONE', *, *, #5450, .T. ) ;
#8341 = ADVANCED_FACE ( 'NONE', ( #8902 ), #10127, .T. ) ;
#8342 = EDGE_CURVE ( 'NONE', #11053, #2829, #187, .T. ) ;
#8343 = VECTOR ( 'NONE', #5115, 1000.000000000000000 ) ;
#8344 = DIRECTION ( 'NONE',  ( 0.0000000000000000000, 0.0000000000000000000, 1.000000000000000000 ) ) ;
#8345 = LINE ( 'NONE', #3141, #11310 ) ;
#8346 = VERTEX_POINT ( 'NONE', #7440 ) ;
#8347 = EDGE_LOOP ( 'NONE', ( #3529, #9967, #1669, #2770 ) ) ;
#8348 = DIRECTION ( 'NONE',  ( 0.0000000000000000000, 1.000000000000000000, -1.084202172485501673E-15 ) ) ;
#8349 = ORIENTED_EDGE ( 'NONE', *, *, #9764, .F. ) ;
#8350 = DIRECTION ( 'NONE',  ( 0.0000000000000000000, 4.003208021484939327E-15, -1.000000000000000000 ) ) ;
#8351 = AXIS2_PLACEMENT_3D ( 'NONE', #3103, #1329, #8543 ) ;
#8352 = CARTESIAN_POINT ( 'NONE',  ( 0.7249999999999999778, 0.0000000000000000000, -2.024999999999999911 ) ) ;
#8353 = DIRECTION ( 'NONE',  ( -1.000000000000000000, 0.0000000000000000000, 0.0000000000000000000 ) ) ;
#8354 = ORIENTED_EDGE ( 'NONE', *, *, #1421, .T. ) ;
#8355 = FACE_OUTER_BOUND ( 'NONE', #10667, .T. ) ;
#8356 = EDGE_CURVE ( 'NONE', #3772, #6378, #3710, .T. ) ;
#8357 = PRESENTATION_STYLE_ASSIGNMENT (( #11551 ) ) ;
#8358 = EDGE_CURVE ( 'NONE', #11240, #3643, #11275, .T. ) ;
#8359 = ORIENTED_EDGE ( 'NONE', *, *, #3076, .F. ) ;
#8360 = EDGE_CURVE ( 'NONE', #5310, #4751, #10584, .T. ) ;
#8361 = CARTESIAN_POINT ( 'NONE',  ( 9.775000000000002132, 4.249999999999992895, -0.07499999999999976130 ) ) ;
#8362 = CARTESIAN_POINT ( 'NONE',  ( -2.500000000000000000, 4.240000000000000213, -0.07499999999999998335 ) ) ;
#8363 = ORIENTED_EDGE ( 'NONE', *, *, #4242, .F. ) ;
#8364 =( NAMED_UNIT ( * ) SI_UNIT ( $, .STERADIAN. ) SOLID_ANGLE_UNIT ( ) );
#8365 = VERTEX_POINT ( 'NONE', #315 ) ;
#8366 = LINE ( 'NONE', #1273, #11045 ) ;
#8367 = DIRECTION ( 'NONE',  ( 0.0000000000000000000, 0.0000000000000000000, -1.000000000000000000 ) ) ;
#8368 = LINE ( 'NONE', #11392, #3628 ) ;
#8369 = DIRECTION ( 'NONE',  ( -1.000000000000000000, 0.0000000000000000000, 0.0000000000000000000 ) ) ;
#8370 = EDGE_LOOP ( 'NONE', ( #9983, #5667, #10521, #9348 ) ) ;
#8371 = CARTESIAN_POINT ( 'NONE',  ( 3.225000000000000089, 0.05000000000000002359, -1.775000000000000133 ) ) ;
#8372 = PRESENTATION_LAYER_ASSIGNMENT (  '', '', ( #10418 ) ) ;
#8373 = EDGE_CURVE ( 'NONE', #6483, #4981, #3430, .T. ) ;
#8374 = DIRECTION ( 'NONE',  ( 0.0000000000000000000, 1.084202172485501673E-15, 1.000000000000000000 ) ) ;
#8375 = ORIENTED_EDGE ( 'NONE', *, *, #148, .T. ) ;
#8376 = EDGE_LOOP ( 'NONE', ( #6566, #6474, #5876, #11342 ) ) ;
#8377 = VERTEX_POINT ( 'NONE', #1231 ) ;
#8378 = ORIENTED_EDGE ( 'NONE', *, *, #3664, .F. ) ;
#8379 = EDGE_LOOP ( 'NONE', ( #2106, #1603, #4584, #8197 ) ) ;
#8380 = VECTOR ( 'NONE', #5204, 1000.000000000000000 ) ;
#8381 = ADVANCED_FACE ( 'NONE', ( #1459 ), #4819, .T. ) ;
#8382 = LINE ( 'NONE', #2068, #1242 ) ;
#8383 = DIRECTION ( 'NONE',  ( 1.000000000000000000, 0.0000000000000000000, 0.0000000000000000000 ) ) ;
#8384 = DIRECTION ( 'NONE',  ( 0.0000000000000000000, 0.0000000000000000000, 1.000000000000000000 ) ) ;
#8385 = CARTESIAN_POINT ( 'NONE',  ( 6.974999999999999645, 0.5000000000000000000, 0.0000000000000000000 ) ) ;
#8386 = VERTEX_POINT ( 'NONE', #2958 ) ;
#8387 = DIRECTION ( 'NONE',  ( 1.000000000000000000, 0.0000000000000000000, 0.0000000000000000000 ) ) ;
#8388 = VERTEX_POINT ( 'NONE', #3975 ) ;
#8389 = ORIENTED_EDGE ( 'NONE', *, *, #6719, .T. ) ;
#8390 = ORIENTED_EDGE ( 'NONE', *, *, #5993, .F. ) ;
#8391 = DIRECTION ( 'NONE',  ( -0.0000000000000000000, 1.000000000000000000, 0.0000000000000000000 ) ) ;
#8392 = ORIENTED_EDGE ( 'NONE', *, *, #7681, .T. ) ;
#8393 = VECTOR ( 'NONE', #11046, 1000.000000000000000 ) ;
#8394 = DIRECTION ( 'NONE',  ( 0.0000000000000000000, -3.252606517456512513E-15, 1.000000000000000000 ) ) ;
#8395 = EDGE_CURVE ( 'NONE', #2459, #6515, #6777, .T. ) ;
#8396 = DIRECTION ( 'NONE',  ( 0.0000000000000000000, 0.0000000000000000000, -1.000000000000000000 ) ) ;
#8397 = PRESENTATION_STYLE_ASSIGNMENT (( #3836 ) ) ;
#8398 = ORIENTED_EDGE ( 'NONE', *, *, #10901, .T. ) ;
#8399 = DIRECTION ( 'NONE',  ( 1.000000000000000000, 0.0000000000000000000, 0.0000000000000000000 ) ) ;
#8400 = EDGE_CURVE ( 'NONE', #10026, #9237, #6484, .T. ) ;
#8401 = CARTESIAN_POINT ( 'NONE',  ( -1.875000000000000000, 1.850000000000000089, 2.024999999999999911 ) ) ;
#8402 = ORIENTED_EDGE ( 'NONE', *, *, #7246, .T. ) ;
#8403 = CARTESIAN_POINT ( 'NONE',  ( 4.474999999999999645, 1.795247431900000024, 2.024999999999999911 ) ) ;
#8404 = ORIENTED_EDGE ( 'NONE', *, *, #11156, .F. ) ;
#8405 = ORIENTED_EDGE ( 'NONE', *, *, #8358, .F. ) ;
#8406 = DIRECTION ( 'NONE',  ( 0.0000000000000000000, -1.000000000000000000, 0.0000000000000000000 ) ) ;
#8407 = ADVANCED_FACE ( 'NONE', ( #10288 ), #4704, .T. ) ;
#8408 = VECTOR ( 'NONE', #4443, 1000.000000000000000 ) ;
#8409 = CARTESIAN_POINT ( 'NONE',  ( 7.875000000000001776, 2.750000000000000000, -0.4749999999999999778 ) ) ;
#8410 = CARTESIAN_POINT ( 'NONE',  ( 8.024999999999998579, 1.649999999999999911, -1.025000000000000133 ) ) ;
#8411 = PLANE ( 'NONE',  #8927 ) ;
#8412 = AXIS2_PLACEMENT_3D ( 'NONE', #4734, #10984, #6540 ) ;
#8413 = CARTESIAN_POINT ( 'NONE',  ( -1.375000000000000000, 3.149999999999999911, -2.024999999999999911 ) ) ;
#8414 = VERTEX_POINT ( 'NONE', #8434 ) ;
#8415 = PLANE ( 'NONE',  #8351 ) ;
#8416 = ORIENTED_EDGE ( 'NONE', *, *, #8023, .T. ) ;
#8417 = LINE ( 'NONE', #8063, #5489 ) ;
#8418 = VECTOR ( 'NONE', #2700, 1000.000000000000000 ) ;
#8419 = LINE ( 'NONE', #4471, #2114 ) ;
#8420 = CARTESIAN_POINT ( 'NONE',  ( 8.014999999999998792, 1.850000000000000089, -2.024999999999999911 ) ) ;
#8421 = DIRECTION ( 'NONE',  ( 1.000000000000000000, 0.0000000000000000000, 0.0000000000000000000 ) ) ;
#8422 = ORIENTED_EDGE ( 'NONE', *, *, #6788, .F. ) ;
#8423 = PRESENTATION_LAYER_ASSIGNMENT (  '', '', ( #236 ) ) ;
#8424 = CARTESIAN_POINT ( 'NONE',  ( -1.875000000000000000, 0.5000000000000000000, 2.024999999999999911 ) ) ;
#8425 = EDGE_LOOP ( 'NONE', ( #5275, #628, #11044, #5987, #11338, #9953 ) ) ;
#8426 = DIRECTION ( 'NONE',  ( 1.000000000000000000, 0.0000000000000000000, 0.0000000000000000000 ) ) ;
#8427 = CARTESIAN_POINT ( 'NONE',  ( 8.224999999999999645, 1.000000000000000000, -1.525000000000000133 ) ) ;
#8428 = CARTESIAN_POINT ( 'NONE',  ( 0.5150000000000000133, 1.850000000000000089, -2.024999999999999911 ) ) ;
#8429 = VECTOR ( 'NONE', #9422, 1000.000000000000000 ) ;
#8430 = LINE ( 'NONE', #4771, #6606 ) ;
#8431 = VECTOR ( 'NONE', #10943, 1000.000000000000000 ) ;
#8432 = EDGE_CURVE ( 'NONE', #9239, #10653, #1753, .T. ) ;
#8433 = DIRECTION ( 'NONE',  ( 0.0000000000000000000, -1.084202172485501673E-15, -1.000000000000000000 ) ) ;
#8434 = CARTESIAN_POINT ( 'NONE',  ( 9.375000000000001776, 2.550000000000000266, 2.024999999999999911 ) ) ;
#8435 = ADVANCED_FACE ( 'NONE', ( #5380 ), #1473, .T. ) ;
#8436 = ORIENTED_EDGE ( 'NONE', *, *, #11236, .F. ) ;
#8437 = CARTESIAN_POINT ( 'NONE',  ( 0.5150000000000000133, 1.000000000000000000, -1.474999999999999867 ) ) ;
#8438 = VECTOR ( 'NONE', #6314, 1000.000000000000000 ) ;
#8439 = DIRECTION ( 'NONE',  ( 1.000000000000000000, 0.0000000000000000000, 0.0000000000000000000 ) ) ;
#8440 = EDGE_CURVE ( 'NONE', #8222, #2733, #7053, .T. ) ;
#8441 = CARTESIAN_POINT ( 'NONE',  ( 0.5250000000000000222, 0.0000000000000000000, -1.525000000000000133 ) ) ;
#8442 = ORIENTED_EDGE ( 'NONE', *, *, #9964, .T. ) ;
#8443 = CARTESIAN_POINT ( 'NONE',  ( -0.5150000000000000133, 1.850000000000000089, -2.024999999999999911 ) ) ;
#8444 = FACE_OUTER_BOUND ( 'NONE', #1984, .T. ) ;
#8445 = LINE ( 'NONE', #1468, #7581 ) ;
#8446 = VECTOR ( 'NONE', #4470, 1000.000000000000000 ) ;
#8447 = ADVANCED_FACE ( 'NONE', ( #5526 ), #7554, .T. ) ;
#8448 = DIRECTION ( 'NONE',  ( 0.0000000000000000000, 1.000000000000000000, 0.0000000000000000000 ) ) ;
#8449 =( NAMED_UNIT ( * ) SI_UNIT ( $, .STERADIAN. ) SOLID_ANGLE_UNIT ( ) );
#8450 = DIRECTION ( 'NONE',  ( 0.0000000000000000000, -0.6650335612228979176, -0.7468134723257140450 ) ) ;
#8451 = ORIENTED_EDGE ( 'NONE', *, *, #10597, .T. ) ;
#8452 = VECTOR ( 'NONE', #1431, 1000.000000000000000 ) ;
#8453 = DIRECTION ( 'NONE',  ( -1.000000000000000000, 0.0000000000000000000, 0.0000000000000000000 ) ) ;
#8454 = VERTEX_POINT ( 'NONE', #1123 ) ;
#8455 = MECHANICAL_DESIGN_GEOMETRIC_PRESENTATION_REPRESENTATION (  '', ( #11244 ), #816 ) ;
#8456 = EDGE_CURVE ( 'NONE', #2355, #3150, #10855, .T. ) ;
#8457 = CARTESIAN_POINT ( 'NONE',  ( -2.475000000000000089, 1.999999999999998668, -1.425000000000000933 ) ) ;
#8458 = DIRECTION ( 'NONE',  ( 1.000000000000000000, 0.0000000000000000000, 0.0000000000000000000 ) ) ;
#8459 = VECTOR ( 'NONE', #9364, 1000.000000000000000 ) ;
#8460 = SURFACE_STYLE_FILL_AREA ( #413 ) ;
#8461 = CARTESIAN_POINT ( 'NONE',  ( 8.225000000000003197, 1.350000000000000089, 1.525000000000000133 ) ) ;
#8462 = ORIENTED_EDGE ( 'NONE', *, *, #1538, .F. ) ;
#8463 = PRESENTATION_STYLE_ASSIGNMENT (( #6395 ) ) ;
#8464 = DIRECTION ( 'NONE',  ( 0.0000000000000000000, 1.000000000000000000, 3.212450881438532635E-15 ) ) ;
#8465 = ORIENTED_EDGE ( 'NONE', *, *, #10935, .T. ) ;
#8466 = CARTESIAN_POINT ( 'NONE',  ( -0.5150000000000000133, 1.000000000000000000, -1.025000000000000133 ) ) ;
#8467 =( LENGTH_UNIT ( ) NAMED_UNIT ( * ) SI_UNIT ( .MILLI., .METRE. ) );
#8468 = ADVANCED_FACE ( 'NONE', ( #9602 ), #2206, .F. ) ;
#8469 = LINE ( 'NONE', #8592, #5246 ) ;
#8470 = PRESENTATION_LAYER_ASSIGNMENT (  '', '', ( #515 ) ) ;
#8471 = VECTOR ( 'NONE', #8878, 1000.000000000000000 ) ;
#8472 = EDGE_CURVE ( 'NONE', #1606, #249, #1882, .T. ) ;
#8473 = DIRECTION ( 'NONE',  ( 0.0000000000000000000, 0.0000000000000000000, 1.000000000000000000 ) ) ;
#8474 = DIRECTION ( 'NONE',  ( -1.000000000000000000, 0.0000000000000000000, 0.0000000000000000000 ) ) ;
#8475 = SURFACE_SIDE_STYLE ('',( #6524 ) ) ;
#8476 = ORIENTED_EDGE ( 'NONE', *, *, #7365, .F. ) ;
#8477 = LINE ( 'NONE', #7031, #3723 ) ;
#8478 = CARTESIAN_POINT ( 'NONE',  ( 4.174999999999999822, 1.649999999999999911, -1.474999999999999867 ) ) ;
#8479 = VERTEX_POINT ( 'NONE', #2291 ) ;
#8480 = DIRECTION ( 'NONE',  ( 0.0000000000000000000, 1.000000000000000000, 0.0000000000000000000 ) ) ;
#8481 = DIRECTION ( 'NONE',  ( 0.0000000000000000000, 0.0000000000000000000, -1.000000000000000000 ) ) ;
#8482 = DIRECTION ( 'NONE',  ( 0.0000000000000000000, 0.0000000000000000000, 1.000000000000000000 ) ) ;
#8483 = CARTESIAN_POINT ( 'NONE',  ( 1.975000000000000089, 1.850000000000000089, -2.024999999999999911 ) ) ;
#8484 = DIRECTION ( 'NONE',  ( 0.0000000000000000000, -1.000000000000000000, -4.336808689942024836E-15 ) ) ;
#8485 = VECTOR ( 'NONE', #11344, 1000.000000000000000 ) ;
#8486 = LINE ( 'NONE', #777, #4768 ) ;
#8487 = DIRECTION ( 'NONE',  ( 1.000000000000000000, 0.0000000000000000000, 0.0000000000000000000 ) ) ;
#8488 = MECHANICAL_DESIGN_GEOMETRIC_PRESENTATION_REPRESENTATION (  '', ( #688 ), #10685 ) ;
#8489 = VERTEX_POINT ( 'NONE', #6670 ) ;
#8490 = AXIS2_PLACEMENT_3D ( 'NONE', #1963, #1032, #8136 ) ;
#8491 = VERTEX_POINT ( 'NONE', #2333 ) ;
#8492 = EDGE_CURVE ( 'NONE', #8701, #7958, #5227, .T. ) ;
#8493 = EDGE_CURVE ( 'NONE', #9402, #10787, #6913, .T. ) ;
#8494 = CARTESIAN_POINT ( 'NONE',  ( 9.775000000000002132, 2.000000000000000000, -2.024999999999999911 ) ) ;
#8495 = LINE ( 'NONE', #10023, #2625 ) ;
#8496 = VECTOR ( 'NONE', #8049, 1000.000000000000000 ) ;
#8497 = DIRECTION ( 'NONE',  ( -0.0000000000000000000, 1.000000000000000000, 0.0000000000000000000 ) ) ;
#8498 = CARTESIAN_POINT ( 'NONE',  ( -2.500000000000000000, 4.250000000000000000, 2.024999999999999911 ) ) ;
#8499 = PLANE ( 'NONE',  #6573 ) ;
#8500 = VERTEX_POINT ( 'NONE', #575 ) ;
#8501 = CARTESIAN_POINT ( 'NONE',  ( -0.5250000000000000222, 0.5547525681000000652, 2.024999999999999911 ) ) ;
#8502 = DIRECTION ( 'NONE',  ( -0.0000000000000000000, 1.000000000000000000, 0.0000000000000000000 ) ) ;
#8503 = VERTEX_POINT ( 'NONE', #10438 ) ;
#8504 = ADVANCED_FACE ( 'NONE', ( #10574 ), #4060, .T. ) ;
#8505 =( GEOMETRIC_REPRESENTATION_CONTEXT ( 3 ) GLOBAL_UNCERTAINTY_ASSIGNED_CONTEXT ( ( #5548 ) ) GLOBAL_UNIT_ASSIGNED_CONTEXT ( ( #5881, #609, #8682 ) ) REPRESENTATION_CONTEXT ( 'NONE', 'WORKASPACE' ) );
#8506 = CARTESIAN_POINT ( 'NONE',  ( -2.274999999999999911, 2.250000000000000000, -2.024999999999999911 ) ) ;
#8507 = FACE_OUTER_BOUND ( 'NONE', #9686, .T. ) ;
#8508 = VECTOR ( 'NONE', #1491, 1000.000000000000000 ) ;
#8509 = PLANE ( 'NONE',  #5278 ) ;
#8510 = EDGE_LOOP ( 'NONE', ( #7991, #5833, #11223, #6019, #3498, #5474, #3228, #774, #489, #7044, #7214, #10089, #925, #9991, #10204, #10747 ) ) ;
#8511 = ADVANCED_FACE ( 'NONE', ( #3137 ), #6750, .T. ) ;
#8512 = CARTESIAN_POINT ( 'NONE',  ( 4.275000000000000355, 1.850000000000000089, 0.0000000000000000000 ) ) ;
#8513 = CARTESIAN_POINT ( 'NONE',  ( 3.225000000000000089, -0.6500000000000000222, -2.075000000000000178 ) ) ;
#8514 = EDGE_CURVE ( 'NONE', #7159, #10434, #6624, .T. ) ;
#8515 = CARTESIAN_POINT ( 'NONE',  ( 3.750000000000000000, 0.0000000000000000000, -1.025000000000000133 ) ) ;
#8516 =( NAMED_UNIT ( * ) SI_UNIT ( $, .STERADIAN. ) SOLID_ANGLE_UNIT ( ) );
#8517 = VERTEX_POINT ( 'NONE', #1390 ) ;
#8518 = CARTESIAN_POINT ( 'NONE',  ( -2.875000000000000000, 4.250000000000000000, -1.525000000000000133 ) ) ;
#8519 = FACE_OUTER_BOUND ( 'NONE', #1521, .T. ) ;
#8520 = VECTOR ( 'NONE', #1436, 1000.000000000000000 ) ;
#8521 = LINE ( 'NONE', #9569, #1369 ) ;
#8522 = CARTESIAN_POINT ( 'NONE',  ( -0.5250000000000000222, 0.3499999999999999778, -2.075000000000000178 ) ) ;
#8523 = PLANE ( 'NONE',  #1187 ) ;
#8524 = VERTEX_POINT ( 'NONE', #4022 ) ;
#8525 = PLANE ( 'NONE',  #4220 ) ;
#8526 = DIRECTION ( 'NONE',  ( 1.000000000000000000, 0.0000000000000000000, 0.0000000000000000000 ) ) ;
#8527 =( NAMED_UNIT ( * ) SI_UNIT ( $, .STERADIAN. ) SOLID_ANGLE_UNIT ( ) );
#8528 = ORIENTED_EDGE ( 'NONE', *, *, #10314, .T. ) ;
#8529 = EDGE_CURVE ( 'NONE', #1376, #2067, #6765, .T. ) ;
#8530 = VERTEX_POINT ( 'NONE', #3198 ) ;
#8531 = EDGE_CURVE ( 'NONE', #9270, #4112, #1300, .T. ) ;
#8532 = ORIENTED_EDGE ( 'NONE', *, *, #10071, .F. ) ;
#8533 = PRESENTATION_STYLE_ASSIGNMENT (( #9988 ) ) ;
#8534 = DIRECTION ( 'NONE',  ( 0.0000000000000000000, 0.0000000000000000000, 1.000000000000000000 ) ) ;
#8535 = VECTOR ( 'NONE', #5153, 1000.000000000000000 ) ;
#8536 = DIRECTION ( 'NONE',  ( 0.0000000000000000000, 0.0000000000000000000, 1.000000000000000000 ) ) ;
#8537 = PLANE ( 'NONE',  #7895 ) ;
#8538 = CARTESIAN_POINT ( 'NONE',  ( -1.175000000000000044, 1.850000000000000089, -1.474999999999999867 ) ) ;
#8539 = DIRECTION ( 'NONE',  ( 0.0000000000000000000, -0.0000000000000000000, -1.000000000000000000 ) ) ;
#8540 = EDGE_LOOP ( 'NONE', ( #7993, #9788, #75, #5806 ) ) ;
#8541 = EDGE_LOOP ( 'NONE', ( #10934, #7912, #1462, #554 ) ) ;
#8542 = ORIENTED_EDGE ( 'NONE', *, *, #4431, .T. ) ;
#8543 = DIRECTION ( 'NONE',  ( 0.0000000000000000000, 0.0000000000000000000, -1.000000000000000000 ) ) ;
#8544 = ORIENTED_EDGE ( 'NONE', *, *, #1073, .T. ) ;
#8545 = DIRECTION ( 'NONE',  ( 0.0000000000000000000, 1.000000000000000000, -1.339206523454102177E-15 ) ) ;
#8546 = ORIENTED_EDGE ( 'NONE', *, *, #3271, .T. ) ;
#8547 = VECTOR ( 'NONE', #2635, 1000.000000000000000 ) ;
#8548 = CARTESIAN_POINT ( 'NONE',  ( 9.975000000000003197, 3.599999999999999201, -0.07500000000000128786 ) ) ;
#8549 = EDGE_CURVE ( 'NONE', #7433, #2811, #2282, .T. ) ;
#8550 = DIRECTION ( 'NONE',  ( 0.0000000000000000000, -1.084202172485501673E-15, -1.000000000000000000 ) ) ;
#8551 = ORIENTED_EDGE ( 'NONE', *, *, #11229, .F. ) ;
#8552 = ORIENTED_EDGE ( 'NONE', *, *, #9451, .T. ) ;
#8553 = ORIENTED_EDGE ( 'NONE', *, *, #969, .T. ) ;
#8554 = CARTESIAN_POINT ( 'NONE',  ( 9.775000000000002132, 1.949999999999999512, 2.025000000000007017 ) ) ;
#8555 = ORIENTED_EDGE ( 'NONE', *, *, #8142, .F. ) ;
#8556 = CARTESIAN_POINT ( 'NONE',  ( 5.724999999999999645, 1.850000000000000089, -1.698606797699999893 ) ) ;
#8557 = DIRECTION ( 'NONE',  ( 0.0000000000000000000, 1.000000000000000000, 0.0000000000000000000 ) ) ;
#8558 = CARTESIAN_POINT ( 'NONE',  ( 9.875000000000001776, 3.750000000000000000, 2.024999999999999911 ) ) ;
#8559 = ORIENTED_EDGE ( 'NONE', *, *, #5741, .F. ) ;
#8560 = PLANE ( 'NONE',  #2139 ) ;
#8561 = CARTESIAN_POINT ( 'NONE',  ( 10.37500000000000178, 1.000000000000000000, -1.525000000000000133 ) ) ;
#8562 = VERTEX_POINT ( 'NONE', #8522 ) ;
#8563 = ADVANCED_FACE ( 'NONE', ( #1604 ), #2252, .T. ) ;
#8564 = LINE ( 'NONE', #1534, #10389 ) ;
#8565 = EDGE_CURVE ( 'NONE', #6515, #3306, #9158, .T. ) ;
#8566 = PLANE ( 'NONE',  #155 ) ;
#8567 = CARTESIAN_POINT ( 'NONE',  ( -2.875000000000000000, 4.250000000000000000, 2.024999999999999911 ) ) ;
#8568 = EDGE_CURVE ( 'NONE', #5183, #10311, #11408, .T. ) ;
#8569 = FACE_OUTER_BOUND ( 'NONE', #1503, .T. ) ;
#8570 = LINE ( 'NONE', #9171, #7417 ) ;
#8571 = ORIENTED_EDGE ( 'NONE', *, *, #5796, .F. ) ;
#8572 = VERTEX_POINT ( 'NONE', #6947 ) ;
#8573 = ADVANCED_FACE ( 'NONE', ( #4111 ), #7027, .T. ) ;
#8574 = ORIENTED_EDGE ( 'NONE', *, *, #8891, .F. ) ;
#8575 = DIRECTION ( 'NONE',  ( 0.0000000000000000000, -1.000000000000000000, 0.0000000000000000000 ) ) ;
#8576 = PRESENTATION_LAYER_ASSIGNMENT (  '', '', ( #5190 ) ) ;
#8577 = ORIENTED_EDGE ( 'NONE', *, *, #11593, .F. ) ;
#8578 = DIRECTION ( 'NONE',  ( 0.0000000000000000000, 2.148487149506091871E-16, 1.000000000000000000 ) ) ;
#8579 = FACE_OUTER_BOUND ( 'NONE', #11621, .T. ) ;
#8580 = SURFACE_SIDE_STYLE ('',( #11161 ) ) ;
#8581 =( GEOMETRIC_REPRESENTATION_CONTEXT ( 3 ) GLOBAL_UNCERTAINTY_ASSIGNED_CONTEXT ( ( #8273 ) ) GLOBAL_UNIT_ASSIGNED_CONTEXT ( ( #5387, #8007, #3553 ) ) REPRESENTATION_CONTEXT ( 'NONE', 'WORKASPACE' ) );
#8582 = CARTESIAN_POINT ( 'NONE',  ( 9.975000000000003197, 3.600000000000000089, -1.425000000000000933 ) ) ;
#8583 = LINE ( 'NONE', #7016, #20 ) ;
#8584 = DIRECTION ( 'NONE',  ( 0.0000000000000000000, -0.6650335612228979176, -0.7468134723257140450 ) ) ;
#8585 = CARTESIAN_POINT ( 'NONE',  ( -2.375000000000000000, 3.750000000000000000, 0.02500000000000000139 ) ) ;
#8586 = EDGE_LOOP ( 'NONE', ( #5657, #4336, #3125, #216 ) ) ;
#8587 = EDGE_LOOP ( 'NONE', ( #3936, #7771, #5019, #5845, #9311, #4969, #9492, #11215, #1774, #10343, #6129, #2927, #283, #11331, #4181, #2675 ) ) ;
#8588 = CARTESIAN_POINT ( 'NONE',  ( -2.875000000000000000, 0.6000000000000076383, -0.2249999999999982014 ) ) ;
#8589 = VECTOR ( 'NONE', #11142, 1000.000000000000000 ) ;
#8590 = EDGE_CURVE ( 'NONE', #4484, #10163, #11547, .T. ) ;
#8591 = PLANE ( 'NONE',  #1207 ) ;
#8592 = CARTESIAN_POINT ( 'NONE',  ( 0.5250000000000000222, 1.850000000000000089, 0.0000000000000000000 ) ) ;
#8593 = LINE ( 'NONE', #7929, #5914 ) ;
#8594 = DIRECTION ( 'NONE',  ( 0.0000000000000000000, 4.003208021484939327E-15, -1.000000000000000000 ) ) ;
#8595 = CARTESIAN_POINT ( 'NONE',  ( 6.974999999999999645, 1.649999999999999911, -1.025000000000000133 ) ) ;
#8596 = ORIENTED_EDGE ( 'NONE', *, *, #11118, .F. ) ;
#8597 = DIRECTION ( 'NONE',  ( -1.000000000000000000, 0.0000000000000000000, 0.0000000000000000000 ) ) ;
#8598 = DIRECTION ( 'NONE',  ( 0.0000000000000000000, 0.0000000000000000000, -1.000000000000000000 ) ) ;
#8599 = ORIENTED_EDGE ( 'NONE', *, *, #7603, .T. ) ;
#8600 = FACE_OUTER_BOUND ( 'NONE', #4827, .T. ) ;
#8601 = CARTESIAN_POINT ( 'NONE',  ( -2.274999999999999911, 2.000000000000000000, -2.024999999999999911 ) ) ;
#8602 = LINE ( 'NONE', #1593, #5911 ) ;
#8603 = EDGE_CURVE ( 'NONE', #3450, #932, #9732, .T. ) ;
#8604 = DIRECTION ( 'NONE',  ( 0.0000000000000000000, 1.000000000000000000, 0.0000000000000000000 ) ) ;
#8605 = DIRECTION ( 'NONE',  ( 0.0000000000000000000, 4.003208021484939327E-15, -1.000000000000000000 ) ) ;
#8606 = EDGE_CURVE ( 'NONE', #5764, #978, #7586, .T. ) ;
#8607 = LINE ( 'NONE', #7943, #1168 ) ;
#8608 = SURFACE_STYLE_USAGE ( .BOTH. , #4063 ) ;
#8609 = CARTESIAN_POINT ( 'NONE',  ( 8.375000000000001776, 3.750000000000000000, -2.024999999999999911 ) ) ;
#8610 = EDGE_CURVE ( 'NONE', #10825, #6751, #10275, .T. ) ;
#8611 = CARTESIAN_POINT ( 'NONE',  ( 6.985000000000000320, 1.850000000000000089, -1.025000000000000133 ) ) ;
#8612 = EDGE_LOOP ( 'NONE', ( #11611, #9177, #1729, #8695 ) ) ;
#8613 = VECTOR ( 'NONE', #11066, 1000.000000000000000 ) ;
#8614 = DIRECTION ( 'NONE',  ( -1.000000000000000000, 0.0000000000000000000, 0.0000000000000000000 ) ) ;
#8615 = ORIENTED_EDGE ( 'NONE', *, *, #1409, .T. ) ;
#8616 = ORIENTED_EDGE ( 'NONE', *, *, #8923, .T. ) ;
#8617 = COLOUR_RGB ( '',1.000000000000000000, 1.000000000000000000, 1.000000000000000000 ) ;
#8618 = FACE_OUTER_BOUND ( 'NONE', #3709, .T. ) ;
#8619 = DIRECTION ( 'NONE',  ( 0.0000000000000000000, -1.000000000000000000, 0.0000000000000000000 ) ) ;
#8620 = DIRECTION ( 'NONE',  ( 0.0000000000000000000, -2.997602166487923448E-15, 1.000000000000000000 ) ) ;
#8621 = MECHANICAL_DESIGN_GEOMETRIC_PRESENTATION_REPRESENTATION (  '', ( #6736 ), #1571 ) ;
#8622 = VERTEX_POINT ( 'NONE', #1599 ) ;
#8623 = CARTESIAN_POINT ( 'NONE',  ( -0.5250000000000000222, 1.850000000000000089, 2.024999999999999911 ) ) ;
#8624 = FACE_OUTER_BOUND ( 'NONE', #9449, .T. ) ;
#8625 = EDGE_CURVE ( 'NONE', #8144, #10995, #5514, .T. ) ;
#8626 = CARTESIAN_POINT ( 'NONE',  ( -1.175000000000000044, 1.850000000000000089, 2.024999999999999911 ) ) ;
#8627 = CARTESIAN_POINT ( 'NONE',  ( 0.8249999999999999556, 1.649999999999999911, -1.474999999999999867 ) ) ;
#8628 = EDGE_LOOP ( 'NONE', ( #2175, #1384, #3220, #623 ) ) ;
#8629 = DIRECTION ( 'NONE',  ( 0.0000000000000000000, -1.000000000000000000, 0.0000000000000000000 ) ) ;
#8630 = ADVANCED_FACE ( 'NONE', ( #11259 ), #4367, .F. ) ;
#8631 = DIRECTION ( 'NONE',  ( 0.0000000000000000000, -1.000000000000000000, 0.0000000000000000000 ) ) ;
#8632 = LINE ( 'NONE', #8763, #10601 ) ;
#8633 = VECTOR ( 'NONE', #8314, 1000.000000000000000 ) ;
#8634 = CARTESIAN_POINT ( 'NONE',  ( 8.224999999999999645, -0.004464445899999999919, 0.003975566199999999890 ) ) ;
#8635 = ORIENTED_EDGE ( 'NONE', *, *, #7699, .F. ) ;
#8636 = VECTOR ( 'NONE', #2545, 1000.000000000000000 ) ;
#8637 = CARTESIAN_POINT ( 'NONE',  ( 0.5249999999999999112, 0.05000000000000002359, -1.524999999999999689 ) ) ;
#8638 = VERTEX_POINT ( 'NONE', #2418 ) ;
#8639 = ADVANCED_FACE ( 'NONE', ( #621 ), #6989, .F. ) ;
#8640 = DIRECTION ( 'NONE',  ( -1.000000000000000000, 0.0000000000000000000, 0.0000000000000000000 ) ) ;
#8641 = EDGE_CURVE ( 'NONE', #1129, #10825, #45, .T. ) ;
#8642 = EDGE_CURVE ( 'NONE', #8517, #8892, #5083, .T. ) ;
#8643 = LINE ( 'NONE', #6396, #213 ) ;
#8644 = DIRECTION ( 'NONE',  ( 0.0000000000000000000, 0.0000000000000000000, 1.000000000000000000 ) ) ;
#8645 = FACE_OUTER_BOUND ( 'NONE', #2913, .T. ) ;
#8646 = LINE ( 'NONE', #571, #8337 ) ;
#8647 = EDGE_LOOP ( 'NONE', ( #3781, #7201, #984, #4384 ) ) ;
#8648 = CARTESIAN_POINT ( 'NONE',  ( -0.5150000000000000133, 1.649999999999999911, -1.474999999999999867 ) ) ;
#8649 = DIRECTION ( 'NONE',  ( 0.0000000000000000000, 0.0000000000000000000, 1.000000000000000000 ) ) ;
#8650 = ORIENTED_EDGE ( 'NONE', *, *, #4609, .F. ) ;
#8651 = PLANE ( 'NONE',  #4042 ) ;
#8652 = CARTESIAN_POINT ( 'NONE',  ( 6.975000000000000533, 0.3500000000000000333, -2.024999999999999911 ) ) ;
#8653 = DIRECTION ( 'NONE',  ( 0.0000000000000000000, 1.000000000000000000, 0.0000000000000000000 ) ) ;
#8654 = VECTOR ( 'NONE', #10542, 1000.000000000000000 ) ;
#8655 = VECTOR ( 'NONE', #1249, 1000.000000000000000 ) ;
#8656 = VERTEX_POINT ( 'NONE', #10478 ) ;
#8657 = VERTEX_POINT ( 'NONE', #9597 ) ;
#8658 = DIRECTION ( 'NONE',  ( 0.0000000000000000000, 1.084202172485501673E-15, 1.000000000000000000 ) ) ;
#8659 = ORIENTED_EDGE ( 'NONE', *, *, #5544, .F. ) ;
#8660 = DIRECTION ( 'NONE',  ( 0.0000000000000000000, 0.0000000000000000000, 1.000000000000000000 ) ) ;
#8661 = DIRECTION ( 'NONE',  ( 0.0000000000000000000, 0.0000000000000000000, 1.000000000000000000 ) ) ;
#8662 = CARTESIAN_POINT ( 'NONE',  ( 1.774999999999999911, 0.05000000000000002359, -1.775000000000000133 ) ) ;
#8663 = EDGE_LOOP ( 'NONE', ( #11222, #2861, #8404, #10926 ) ) ;
#8664 = FACE_OUTER_BOUND ( 'NONE', #7890, .T. ) ;
#8665 = LINE ( 'NONE', #2072, #10775 ) ;
#8666 = CARTESIAN_POINT ( 'NONE',  ( -0.7249999999999999778, 0.0000000000000000000, 2.024999999999999911 ) ) ;
#8667 = SURFACE_SIDE_STYLE ('',( #8998 ) ) ;
#8668 = ORIENTED_EDGE ( 'NONE', *, *, #10074, .T. ) ;
#8669 = CARTESIAN_POINT ( 'NONE',  ( 7.500000000000000000, 0.0000000000000000000, -1.025000000000000133 ) ) ;
#8670 = AXIS2_PLACEMENT_3D ( 'NONE', #361, #6864, #1622 ) ;
#8671 = DIRECTION ( 'NONE',  ( -0.0000000000000000000, 1.000000000000000000, 0.0000000000000000000 ) ) ;
#8672 = ORIENTED_EDGE ( 'NONE', *, *, #10999, .T. ) ;
#8673 = CARTESIAN_POINT ( 'NONE',  ( 2.925000000000000266, 1.850000000000000089, -1.698606797699999893 ) ) ;
#8674 = ORIENTED_EDGE ( 'NONE', *, *, #6389, .F. ) ;
#8675 = VERTEX_POINT ( 'NONE', #2494 ) ;
#8676 = VECTOR ( 'NONE', #742, 1000.000000000000000 ) ;
#8677 = EDGE_CURVE ( 'NONE', #3606, #6406, #2437, .T. ) ;
#8678 = LINE ( 'NONE', #10175, #2921 ) ;
#8679 = VERTEX_POINT ( 'NONE', #1512 ) ;
#8680 = DIRECTION ( 'NONE',  ( 0.0000000000000000000, 1.000000000000000000, 0.0000000000000000000 ) ) ;
#8681 = EDGE_CURVE ( 'NONE', #8517, #6483, #4793, .T. ) ;
#8682 =( NAMED_UNIT ( * ) SI_UNIT ( $, .STERADIAN. ) SOLID_ANGLE_UNIT ( ) );
#8683 = EDGE_LOOP ( 'NONE', ( #113, #2241, #11490, #10776, #5129, #4244, #3994, #4202, #8080, #6239, #2593, #10077, #11297, #9200, #3870, #9842, #10081, #10360, #5726, #692, #10215, #5665, #11218, #133, #7171, #5334, #11561, #4883, #294, #1110, #6849, #9235, #10115, #7957, #3260, #3366, #2528, #2972, #10739, #4180, #3906, #11205, #9820, #7968, #7682, #10299, #5060, #1886, #10759, #1931, #2507, #7642, #8650, #6840, #1432, #4192, #9554, #1260, #1293, #5817, #10919, #175, #9955, #7254, #2263, #8232, #4429, #1401, #8824, #9866, #3903, #8546 ) ) ;
#8684 = VERTEX_POINT ( 'NONE', #3391 ) ;
#8685 = ORIENTED_EDGE ( 'NONE', *, *, #4365, .T. ) ;
#8686 = EDGE_LOOP ( 'NONE', ( #6589, #9935, #3885, #7393 ) ) ;
#8687 = CARTESIAN_POINT ( 'NONE',  ( -2.274999999999999911, 0.6000000000000024203, 1.375000000000002442 ) ) ;
#8688 = CARTESIAN_POINT ( 'NONE',  ( -2.274999999999999911, 3.600000000000000977, -1.425000000000000044 ) ) ;
#8689 = ADVANCED_FACE ( 'NONE', ( #9873 ), #1792, .T. ) ;
#8690 = ORIENTED_EDGE ( 'NONE', *, *, #817, .F. ) ;
#8691 = LINE ( 'NONE', #8783, #6559 ) ;
#8692 = VECTOR ( 'NONE', #11505, 1000.000000000000000 ) ;
#8693 = CARTESIAN_POINT ( 'NONE',  ( 6.775000000000000355, 1.000000000000000000, -1.525000000000000133 ) ) ;
#8694 = AXIS2_PLACEMENT_3D ( 'NONE', #248, #1128, #4678 ) ;
#8695 = ORIENTED_EDGE ( 'NONE', *, *, #11412, .T. ) ;
#8696 = EDGE_CURVE ( 'NONE', #9237, #932, #3687, .T. ) ;
#8697 = ORIENTED_EDGE ( 'NONE', *, *, #1883, .F. ) ;
#8698 = EDGE_CURVE ( 'NONE', #4179, #4611, #304, .T. ) ;
#8699 = ORIENTED_EDGE ( 'NONE', *, *, #3818, .F. ) ;
#8700 = DIRECTION ( 'NONE',  ( 0.0000000000000000000, 1.000000000000000000, 0.0000000000000000000 ) ) ;
#8701 = VERTEX_POINT ( 'NONE', #6193 ) ;
#8702 = STYLED_ITEM ( 'NONE', ( #8919 ), #1170 ) ;
#8703 = VERTEX_POINT ( 'NONE', #1755 ) ;
#8704 = CARTESIAN_POINT ( 'NONE',  ( 4.474999999999999645, 1.000000000000000000, 0.0000000000000000000 ) ) ;
#8705 = FACE_OUTER_BOUND ( 'NONE', #7247, .T. ) ;
#8706 = FACE_OUTER_BOUND ( 'NONE', #6507, .T. ) ;
#8707 = PLANE ( 'NONE',  #8116 ) ;
#8708 = CARTESIAN_POINT ( 'NONE',  ( 3.024999999999999911, 1.350000000000000089, 1.525000000000000133 ) ) ;
#8709 = CARTESIAN_POINT ( 'NONE',  ( 0.5150000000000000133, 1.000000000000000000, -1.025000000000000133 ) ) ;
#8710 = ORIENTED_EDGE ( 'NONE', *, *, #3911, .F. ) ;
#8711 = DIRECTION ( 'NONE',  ( -1.000000000000000000, 0.0000000000000000000, 0.0000000000000000000 ) ) ;
#8712 = VERTEX_POINT ( 'NONE', #7139 ) ;
#8713 = ORIENTED_EDGE ( 'NONE', *, *, #4877, .T. ) ;
#8714 = PRESENTATION_STYLE_ASSIGNMENT (( #429 ) ) ;
#8715 = CARTESIAN_POINT ( 'NONE',  ( 0.7250000000000000888, -0.004464445899999999919, 0.003975566199999999890 ) ) ;
#8716 = FACE_OUTER_BOUND ( 'NONE', #9028, .T. ) ;
#8717 = EDGE_CURVE ( 'NONE', #7941, #9393, #6614, .T. ) ;
#8718 = FACE_OUTER_BOUND ( 'NONE', #9952, .T. ) ;
#8719 = DIRECTION ( 'NONE',  ( 1.000000000000000000, 0.0000000000000000000, 0.0000000000000000000 ) ) ;
#8720 = CARTESIAN_POINT ( 'NONE',  ( 8.014999999999998792, 1.850000000000000089, -2.024999999999999911 ) ) ;
#8721 = CARTESIAN_POINT ( 'NONE',  ( -1.875000000000000000, 0.5000000000000000000, -1.474999999999999867 ) ) ;
#8722 = UNCERTAINTY_MEASURE_WITH_UNIT (LENGTH_MEASURE( 1.000000000000000082E-05 ), #4389, 'distance_accuracy_value', 'NONE');
#8723 = ORIENTED_EDGE ( 'NONE', *, *, #8212, .F. ) ;
#8724 = EDGE_LOOP ( 'NONE', ( #8759, #5086, #7521, #690 ) ) ;
#8725 = LINE ( 'NONE', #5123, #5622 ) ;
#8726 = DIRECTION ( 'NONE',  ( -1.000000000000000000, 0.0000000000000000000, 0.0000000000000000000 ) ) ;
#8727 = DIRECTION ( 'NONE',  ( 0.0000000000000000000, -1.000000000000000000, 0.0000000000000000000 ) ) ;
#8728 =( LENGTH_UNIT ( ) NAMED_UNIT ( * ) SI_UNIT ( .MILLI., .METRE. ) );
#8729 = VECTOR ( 'NONE', #2275, 1000.000000000000000 ) ;
#8730 = CARTESIAN_POINT ( 'NONE',  ( 5.525000000000000355, 0.0000000000000000000, -1.525000000000000133 ) ) ;
#8731 = VERTEX_POINT ( 'NONE', #5345 ) ;
#8732 = EDGE_CURVE ( 'NONE', #715, #9545, #1445, .T. ) ;
#8733 = ORIENTED_EDGE ( 'NONE', *, *, #10762, .F. ) ;
#8734 = EDGE_CURVE ( 'NONE', #10238, #6875, #3960, .T. ) ;
#8735 = DIRECTION ( 'NONE',  ( 0.0000000000000000000, 3.252606517456512513E-15, -1.000000000000000000 ) ) ;
#8736 = DIRECTION ( 'NONE',  ( 0.0000000000000000000, 0.0000000000000000000, 1.000000000000000000 ) ) ;
#8737 = DIRECTION ( 'NONE',  ( -0.0000000000000000000, 1.000000000000000000, -0.0000000000000000000 ) ) ;
#8738 = ORIENTED_EDGE ( 'NONE', *, *, #7921, .F. ) ;
#8739 = FACE_OUTER_BOUND ( 'NONE', #1896, .T. ) ;
#8740 = AXIS2_PLACEMENT_3D ( 'NONE', #9489, #5901, #547 ) ;
#8741 = DIRECTION ( 'NONE',  ( 0.0000000000000000000, -1.000000000000000000, 0.0000000000000000000 ) ) ;
#8742 = ORIENTED_EDGE ( 'NONE', *, *, #1965, .F. ) ;
#8743 = DIRECTION ( 'NONE',  ( 0.0000000000000000000, -1.000000000000000000, 0.0000000000000000000 ) ) ;
#8744 = AXIS2_PLACEMENT_3D ( 'NONE', #7916, #6262, #6186 ) ;
#8745 = CARTESIAN_POINT ( 'NONE',  ( -0.5250000000000000222, 0.05000000000000002359, -1.524999999999999689 ) ) ;
#8746 = LINE ( 'NONE', #5527, #3129 ) ;
#8747 = ADVANCED_FACE ( 'NONE', ( #6896 ), #10842, .T. ) ;
#8748 = EDGE_LOOP ( 'NONE', ( #3443, #4315, #666, #6422, #8476, #4327 ) ) ;
#8749 = EDGE_CURVE ( 'NONE', #7796, #7840, #4245, .T. ) ;
#8750 = PLANE ( 'NONE',  #2652 ) ;
#8751 = EDGE_LOOP ( 'NONE', ( #8416, #9841, #7617, #6539 ) ) ;
#8752 = PLANE ( 'NONE',  #2990 ) ;
#8753 = LINE ( 'NONE', #601, #4398 ) ;
#8754 = CARTESIAN_POINT ( 'NONE',  ( -2.274999999999999911, 4.249999999999998224, -2.075000000000001510 ) ) ;
#8755 = ADVANCED_FACE ( 'NONE', ( #1291 ), #10730, .T. ) ;
#8756 = SURFACE_STYLE_FILL_AREA ( #10756 ) ;
#8757 = VECTOR ( 'NONE', #5128, 1000.000000000000000 ) ;
#8758 = DIRECTION ( 'NONE',  ( 0.0000000000000000000, 0.0000000000000000000, 1.000000000000000000 ) ) ;
#8759 = ORIENTED_EDGE ( 'NONE', *, *, #8590, .F. ) ;
#8760 = ORIENTED_EDGE ( 'NONE', *, *, #9343, .F. ) ;
#8761 = EDGE_CURVE ( 'NONE', #691, #3136, #6334, .T. ) ;
#8762 = EDGE_CURVE ( 'NONE', #9926, #1435, #7183, .T. ) ;
#8763 = CARTESIAN_POINT ( 'NONE',  ( 9.975000000000003197, 3.600000000000000089, -1.425000000000000933 ) ) ;
#8764 = EDGE_CURVE ( 'NONE', #10500, #7160, #10846, .T. ) ;
#8765 = CARTESIAN_POINT ( 'NONE',  ( -2.274999999999999911, 1.999999999999998668, -1.425000000000000933 ) ) ;
#8766 = CARTESIAN_POINT ( 'NONE',  ( -0.5150000000000000133, 0.0000000000000000000, -1.474999999999999867 ) ) ;
#8767 = FACE_OUTER_BOUND ( 'NONE', #8647, .T. ) ;
#8768 = LINE ( 'NONE', #3267, #8471 ) ;
#8769 = CARTESIAN_POINT ( 'NONE',  ( 4.275000000000000355, 0.5000000000000000000, 2.024999999999999911 ) ) ;
#8770 = VERTEX_POINT ( 'NONE', #6267 ) ;
#8771 = PLANE ( 'NONE',  #5802 ) ;
#8772 = ORIENTED_EDGE ( 'NONE', *, *, #10567, .F. ) ;
#8773 = CARTESIAN_POINT ( 'NONE',  ( 1.975000000000000089, -0.6500000000000000222, -1.775000000000000133 ) ) ;
#8774 = VERTEX_POINT ( 'NONE', #2735 ) ;
#8775 = CARTESIAN_POINT ( 'NONE',  ( 10.00000000000000178, 4.240000000000000213, -2.024999999999999911 ) ) ;
#8776 = DIRECTION ( 'NONE',  ( 1.000000000000000000, 0.0000000000000000000, 0.0000000000000000000 ) ) ;
#8777 = VECTOR ( 'NONE', #9230, 1000.000000000000000 ) ;
#8778 = LINE ( 'NONE', #211, #8060 ) ;
#8779 = DIRECTION ( 'NONE',  ( 0.0000000000000000000, 1.000000000000000000, 0.0000000000000000000 ) ) ;
#8780 = EDGE_CURVE ( 'NONE', #7364, #5416, #9587, .T. ) ;
#8781 = DIRECTION ( 'NONE',  ( -1.000000000000000000, 0.0000000000000000000, 0.0000000000000000000 ) ) ;
#8782 = EDGE_LOOP ( 'NONE', ( #6179, #1549, #4369, #855 ) ) ;
#8783 = CARTESIAN_POINT ( 'NONE',  ( 3.750000000000000000, 1.000000000000000000, -1.474999999999999867 ) ) ;
#8784 = ORIENTED_EDGE ( 'NONE', *, *, #9950, .F. ) ;
#8785 = PLANE ( 'NONE',  #5937 ) ;
#8786 = DIRECTION ( 'NONE',  ( 0.0000000000000000000, -1.000000000000000000, 0.0000000000000000000 ) ) ;
#8787 = DIRECTION ( 'NONE',  ( 1.000000000000000000, 0.0000000000000000000, 0.0000000000000000000 ) ) ;
#8788 = CARTESIAN_POINT ( 'NONE',  ( 0.5250000000000000222, 1.850000000000000089, -1.025000000000000133 ) ) ;
#8789 = DIRECTION ( 'NONE',  ( 0.0000000000000000000, 1.000000000000000000, 0.0000000000000000000 ) ) ;
#8790 = ORIENTED_EDGE ( 'NONE', *, *, #1278, .F. ) ;
#8791 = VERTEX_POINT ( 'NONE', #934 ) ;
#8792 = EDGE_CURVE ( 'NONE', #6044, #4301, #1590, .T. ) ;
#8793 = PLANE ( 'NONE',  #8988 ) ;
#8794 = CARTESIAN_POINT ( 'NONE',  ( 6.975000000000000533, 0.5547525681000000652, 2.024999999999999911 ) ) ;
#8795 = EDGE_CURVE ( 'NONE', #4970, #7010, #5917, .T. ) ;
#8796 = FACE_OUTER_BOUND ( 'NONE', #64, .T. ) ;
#8797 = VECTOR ( 'NONE', #11362, 1000.000000000000000 ) ;
#8799 = CARTESIAN_POINT ( 'NONE',  ( 5.724999999999999645, 0.5000000000000000000, 2.024999999999999911 ) ) ;
#8798 = VECTOR ( 'NONE', #4453, 1000.000000000000000 ) ;
#8800 = ORIENTED_EDGE ( 'NONE', *, *, #7344, .T. ) ;
#8801 = DIRECTION ( 'NONE',  ( 1.000000000000000000, 0.0000000000000000000, 0.0000000000000000000 ) ) ;
#8802 = ADVANCED_FACE ( 'NONE', ( #8739 ), #2763, .T. ) ;
#8803 = ORIENTED_EDGE ( 'NONE', *, *, #6681, .T. ) ;
#8804 = CARTESIAN_POINT ( 'NONE',  ( 9.775000000000002132, 8.673617379884035472E-15, -0.2250000000000008105 ) ) ;
#8805 = DIRECTION ( 'NONE',  ( 0.0000000000000000000, 1.000000000000000000, 0.0000000000000000000 ) ) ;
#8806 = SURFACE_SIDE_STYLE ('',( #9510 ) ) ;
#8807 = ORIENTED_EDGE ( 'NONE', *, *, #2539, .F. ) ;
#8808 = PRESENTATION_LAYER_ASSIGNMENT (  '', '', ( #1210 ) ) ;
#8809 = CARTESIAN_POINT ( 'NONE',  ( 1.974999999999999867, -0.6500000000000000222, -2.075000000000000178 ) ) ;
#8810 = ORIENTED_EDGE ( 'NONE', *, *, #1994, .F. ) ;
#8811 = LINE ( 'NONE', #8687, #4168 ) ;
#8812 = DIRECTION ( 'NONE',  ( 0.0000000000000000000, 0.0000000000000000000, 1.000000000000000000 ) ) ;
#8813 = FACE_OUTER_BOUND ( 'NONE', #10349, .T. ) ;
#8814 = VECTOR ( 'NONE', #4304, 1000.000000000000000 ) ;
#8815 = EDGE_LOOP ( 'NONE', ( #4622, #6505, #416, #3240, #9834, #11106 ) ) ;
#8816 = PLANE ( 'NONE',  #10345 ) ;
#8817 = CARTESIAN_POINT ( 'NONE',  ( 0.8249999999999999556, 1.649999999999999911, -1.474999999999999867 ) ) ;
#8818 = DIRECTION ( 'NONE',  ( 1.000000000000000000, 0.0000000000000000000, 0.0000000000000000000 ) ) ;
#8819 = EDGE_CURVE ( 'NONE', #11253, #9798, #11395, .T. ) ;
#8820 = CARTESIAN_POINT ( 'NONE',  ( 4.474999999999999645, 0.5547525681000000652, 2.024999999999999911 ) ) ;
#8821 = ORIENTED_EDGE ( 'NONE', *, *, #5822, .T. ) ;
#8822 = ORIENTED_EDGE ( 'NONE', *, *, #5054, .F. ) ;
#8823 = ORIENTED_EDGE ( 'NONE', *, *, #4296, .F. ) ;
#8824 = ORIENTED_EDGE ( 'NONE', *, *, #9747, .F. ) ;
#8825 = LINE ( 'NONE', #8254, #2798 ) ;
#8826 = CARTESIAN_POINT ( 'NONE',  ( -2.024999999999999911, 4.240000000000000213, -1.925000000000000044 ) ) ;
#8827 = AXIS2_PLACEMENT_3D ( 'NONE', #2075, #8223, #5531 ) ;
#8828 = DIRECTION ( 'NONE',  ( 0.0000000000000000000, 1.000000000000000000, 0.0000000000000000000 ) ) ;
#8829 = PLANE ( 'NONE',  #225 ) ;
#8830 = CARTESIAN_POINT ( 'NONE',  ( 1.984999999999999876, 1.850000000000000089, -1.025000000000000133 ) ) ;
#8831 = DIRECTION ( 'NONE',  ( 0.0000000000000000000, 0.0000000000000000000, -1.000000000000000000 ) ) ;
#8832 = DIRECTION ( 'NONE',  ( 0.0000000000000000000, 0.0000000000000000000, 1.000000000000000000 ) ) ;
#8833 = ORIENTED_EDGE ( 'NONE', *, *, #4714, .F. ) ;
#8834 = ORIENTED_EDGE ( 'NONE', *, *, #5013, .T. ) ;
#8835 = VERTEX_POINT ( 'NONE', #6462 ) ;
#8836 = EDGE_CURVE ( 'NONE', #5647, #2308, #3551, .T. ) ;
#8837 = DIRECTION ( 'NONE',  ( 0.0000000000000000000, 0.0000000000000000000, 1.000000000000000000 ) ) ;
#8838 = ORIENTED_EDGE ( 'NONE', *, *, #6218, .F. ) ;
#8839 = FACE_OUTER_BOUND ( 'NONE', #7818, .T. ) ;
#8840 = DIRECTION ( 'NONE',  ( -1.000000000000000000, 0.0000000000000000000, 0.0000000000000000000 ) ) ;
#8841 = SURFACE_STYLE_FILL_AREA ( #1989 ) ;
#8842 = EDGE_CURVE ( 'NONE', #818, #8318, #5648, .T. ) ;
#8843 = DIRECTION ( 'NONE',  ( 0.0000000000000000000, 1.000000000000000000, 0.0000000000000000000 ) ) ;
#8844 = DIRECTION ( 'NONE',  ( 1.000000000000000000, 0.0000000000000000000, 0.0000000000000000000 ) ) ;
#8845 = ORIENTED_EDGE ( 'NONE', *, *, #5529, .T. ) ;
#8846 = ORIENTED_EDGE ( 'NONE', *, *, #573, .F. ) ;
#8847 = SURFACE_SIDE_STYLE ('',( #4393 ) ) ;
#8848 = EDGE_LOOP ( 'NONE', ( #2475, #10216, #10657, #10145, #5169, #3079 ) ) ;
#8849 = ORIENTED_EDGE ( 'NONE', *, *, #425, .T. ) ;
#8850 = DIRECTION ( 'NONE',  ( -1.000000000000000000, 0.0000000000000000000, 0.0000000000000000000 ) ) ;
#8851 = ORIENTED_EDGE ( 'NONE', *, *, #5993, .T. ) ;
#8852 = DIRECTION ( 'NONE',  ( -1.000000000000000000, 0.0000000000000000000, 0.0000000000000000000 ) ) ;
#8853 = CARTESIAN_POINT ( 'NONE',  ( 1.765000000000000124, 1.850000000000000089, -1.025000000000000133 ) ) ;
#8854 = LINE ( 'NONE', #7952, #5747 ) ;
#8855 = SURFACE_STYLE_USAGE ( .BOTH. , #6115 ) ;
#8856 = VECTOR ( 'NONE', #6243, 1000.000000000000000 ) ;
#8857 = FILL_AREA_STYLE ('',( #5699 ) ) ;
#8858 = EDGE_CURVE ( 'NONE', #6163, #10797, #9297, .T. ) ;
#8859 = DIRECTION ( 'NONE',  ( 0.0000000000000000000, 0.0000000000000000000, -1.000000000000000000 ) ) ;
#8860 = DIRECTION ( 'NONE',  ( -1.000000000000000000, 0.0000000000000000000, 0.0000000000000000000 ) ) ;
#8861 = ORIENTED_EDGE ( 'NONE', *, *, #6109, .T. ) ;
#8862 = PRESENTATION_LAYER_ASSIGNMENT (  '', '', ( #8702 ) ) ;
#8863 = EDGE_LOOP ( 'NONE', ( #2804, #751, #6365, #4659 ) ) ;
#8864 = PRESENTATION_STYLE_ASSIGNMENT (( #11596 ) ) ;
#8865 = VECTOR ( 'NONE', #5053, 1000.000000000000000 ) ;
#8866 = CARTESIAN_POINT ( 'NONE',  ( -2.024999999999999911, 2.250000000000000000, -1.925000000000000044 ) ) ;
#8867 = VECTOR ( 'NONE', #10301, 1000.000000000000000 ) ;
#8868 = CARTESIAN_POINT ( 'NONE',  ( 5.525000000000000355, 1.649999999999999911, 2.024999999999999911 ) ) ;
#8869 = CARTESIAN_POINT ( 'NONE',  ( 3.324999999999999734, 1.850000000000000089, -1.474999999999999867 ) ) ;
#8870 = ADVANCED_FACE ( 'NONE', ( #607 ), #8188, .F. ) ;
#8871 = MANIFOLD_SOLID_BREP ( 'Combine2', #2731 ) ;
#8872 = ORIENTED_EDGE ( 'NONE', *, *, #6037, .F. ) ;
#8873 = ORIENTED_EDGE ( 'NONE', *, *, #2730, .F. ) ;
#8874 = EDGE_CURVE ( 'NONE', #9880, #5654, #2430, .T. ) ;
#8875 = CARTESIAN_POINT ( 'NONE',  ( 4.484999999999999432, 1.850000000000000089, -1.025000000000000133 ) ) ;
#8876 = FACE_OUTER_BOUND ( 'NONE', #9413, .T. ) ;
#8877 = VECTOR ( 'NONE', #2523, 1000.000000000000000 ) ;
#8878 = DIRECTION ( 'NONE',  ( 0.0000000000000000000, -1.000000000000000000, 0.0000000000000000000 ) ) ;
#8879 = DIRECTION ( 'NONE',  ( 0.0000000000000000000, 1.339206523454101388E-15, 1.000000000000000000 ) ) ;
#8880 = VERTEX_POINT ( 'NONE', #2799 ) ;
#8881 = DIRECTION ( 'NONE',  ( 0.0000000000000000000, -0.6650335612228979176, -0.7468134723257140450 ) ) ;
#8882 = ORIENTED_EDGE ( 'NONE', *, *, #2319, .T. ) ;
#8883 = LINE ( 'NONE', #10122, #6339 ) ;
#8884 = LINE ( 'NONE', #3380, #11255 ) ;
#8885 = AXIS2_PLACEMENT_3D ( 'NONE', #4722, #7357, #10110 ) ;
#8886 = CARTESIAN_POINT ( 'NONE',  ( 1.675000000000000044, 1.649999999999999911, -1.698606797699999893 ) ) ;
#8887 = VECTOR ( 'NONE', #1172, 1000.000000000000000 ) ;
#8888 = CARTESIAN_POINT ( 'NONE',  ( 1.975000000000000089, 1.850000000000000089, 2.024999999999999911 ) ) ;
#8889 = EDGE_CURVE ( 'NONE', #4597, #1906, #2835, .T. ) ;
#8890 = CARTESIAN_POINT ( 'NONE',  ( -0.5250000000000000222, 1.350000000000000089, -1.525000000000000133 ) ) ;
#8891 = EDGE_CURVE ( 'NONE', #11064, #6516, #158, .T. ) ;
#8892 = VERTEX_POINT ( 'NONE', #9148 ) ;
#8893 = ORIENTED_EDGE ( 'NONE', *, *, #4833, .T. ) ;
#8894 = DIRECTION ( 'NONE',  ( 1.000000000000000000, 0.0000000000000000000, 0.0000000000000000000 ) ) ;
#8895 = FACE_BOUND ( 'NONE', #8683, .T. ) ;
#8896 = CARTESIAN_POINT ( 'NONE',  ( 6.765000000000000568, 1.000000000000000000, -1.025000000000000133 ) ) ;
#8897 = VECTOR ( 'NONE', #1303, 1000.000000000000000 ) ;
#8898 = LINE ( 'NONE', #5375, #2014 ) ;
#8899 = AXIS2_PLACEMENT_3D ( 'NONE', #5562, #2976, #9247 ) ;
#8900 =( LENGTH_UNIT ( ) NAMED_UNIT ( * ) SI_UNIT ( .MILLI., .METRE. ) );
#8901 = VERTEX_POINT ( 'NONE', #4695 ) ;
#8902 = FACE_OUTER_BOUND ( 'NONE', #6250, .T. ) ;
#8903 = CARTESIAN_POINT ( 'NONE',  ( 3.225000000000000089, 1.649999999999999911, -1.698606797699999893 ) ) ;
#8904 = PLANE ( 'NONE',  #2554 ) ;
#8905 = ORIENTED_EDGE ( 'NONE', *, *, #4105, .F. ) ;
#8906 = CARTESIAN_POINT ( 'NONE',  ( -2.024999999999999911, 4.240000000000000213, -2.024999999999999911 ) ) ;
#8907 = LINE ( 'NONE', #922, #1610 ) ;
#8908 = VECTOR ( 'NONE', #10083, 1000.000000000000000 ) ;
#8909 = EDGE_CURVE ( 'NONE', #9676, #4643, #7177, .T. ) ;
#8910 = DIRECTION ( 'NONE',  ( 0.0000000000000000000, 1.000000000000000000, 0.0000000000000000000 ) ) ;
#8911 = PLANE ( 'NONE',  #73 ) ;
#8912 = DIRECTION ( 'NONE',  ( 0.0000000000000000000, 1.000000000000000000, 0.0000000000000000000 ) ) ;
#8913 = ORIENTED_EDGE ( 'NONE', *, *, #9271, .T. ) ;
#8914 = VECTOR ( 'NONE', #907, 1000.000000000000000 ) ;
#8915 = CARTESIAN_POINT ( 'NONE',  ( 0.5150000000000000133, 1.850000000000000089, -1.025000000000000133 ) ) ;
#8916 = ORIENTED_EDGE ( 'NONE', *, *, #3508, .F. ) ;
#8917 = PLANE ( 'NONE',  #2425 ) ;
#8918 = CARTESIAN_POINT ( 'NONE',  ( 6.974999999999999645, 0.0000000000000000000, -1.525000000000000133 ) ) ;
#8919 = PRESENTATION_STYLE_ASSIGNMENT (( #8608 ) ) ;
#8920 = LINE ( 'NONE', #5467, #60 ) ;
#8921 = ORIENTED_EDGE ( 'NONE', *, *, #5177, .F. ) ;
#8922 = VECTOR ( 'NONE', #5466, 1000.000000000000000 ) ;
#8923 = EDGE_CURVE ( 'NONE', #8386, #5196, #5770, .T. ) ;
#8924 = EDGE_CURVE ( 'NONE', #6565, #6924, #6332, .T. ) ;
#8925 = VERTEX_POINT ( 'NONE', #1079 ) ;
#8926 = CARTESIAN_POINT ( 'NONE',  ( 4.264999999999999680, 1.850000000000000089, -1.025000000000000133 ) ) ;
#8927 = AXIS2_PLACEMENT_3D ( 'NONE', #8538, #8497, #2146 ) ;
#8928 = LINE ( 'NONE', #6290, #939 ) ;
#8929 = LINE ( 'NONE', #2512, #4437 ) ;
#8930 = LINE ( 'NONE', #9345, #215 ) ;
#8931 = CARTESIAN_POINT ( 'NONE',  ( 8.875000000000003553, 3.750000000000000000, -2.024999999999999911 ) ) ;
#8932 = VERTEX_POINT ( 'NONE', #4726 ) ;
#8933 = VERTEX_POINT ( 'NONE', #2948 ) ;
#8934 =( NAMED_UNIT ( * ) SI_UNIT ( $, .STERADIAN. ) SOLID_ANGLE_UNIT ( ) );
#8935 = AXIS2_PLACEMENT_3D ( 'NONE', #531, #10404, #8481 ) ;
#8936 = EDGE_CURVE ( 'NONE', #9515, #1435, #4522, .T. ) ;
#8937 = CARTESIAN_POINT ( 'NONE',  ( 8.024999999999998579, 0.3500000000000000333, -2.024999999999999911 ) ) ;
#8938 = CARTESIAN_POINT ( 'NONE',  ( 3.234999999999999876, 1.000000000000000000, -1.525000000000000133 ) ) ;
#8939 = VECTOR ( 'NONE', #5155, 1000.000000000000000 ) ;
#8940 = VECTOR ( 'NONE', #11043, 1000.000000000000000 ) ;
#8941 = CARTESIAN_POINT ( 'NONE',  ( -2.875000000000000000, 4.250000000000000000, -0.07499999999999998335 ) ) ;
#8942 = VECTOR ( 'NONE', #3078, 1000.000000000000114 ) ;
#8943 = VERTEX_POINT ( 'NONE', #4629 ) ;
#8944 = ORIENTED_EDGE ( 'NONE', *, *, #6934, .T. ) ;
#8945 = VERTEX_POINT ( 'NONE', #3739 ) ;
#8946 = DIRECTION ( 'NONE',  ( -1.000000000000000000, 0.0000000000000000000, 0.0000000000000000000 ) ) ;
#8947 = ADVANCED_FACE ( 'NONE', ( #3120 ), #10114, .T. ) ;
#8948 = DIRECTION ( 'NONE',  ( 0.0000000000000000000, 0.0000000000000000000, 1.000000000000000000 ) ) ;
#8949 = DIRECTION ( 'NONE',  ( 0.0000000000000000000, -1.000000000000000000, 0.0000000000000000000 ) ) ;
#8950 = CARTESIAN_POINT ( 'NONE',  ( 1.765000000000000124, 1.000000000000000000, -1.025000000000000133 ) ) ;
#8951 = ORIENTED_EDGE ( 'NONE', *, *, #1899, .T. ) ;
#8952 = DIRECTION ( 'NONE',  ( -0.0000000000000000000, -0.0000000000000000000, 1.000000000000000000 ) ) ;
#8953 = DIRECTION ( 'NONE',  ( 0.0000000000000000000, 1.000000000000000000, 0.0000000000000000000 ) ) ;
#8954 = LINE ( 'NONE', #3197, #6535 ) ;
#8955 = ORIENTED_EDGE ( 'NONE', *, *, #6037, .T. ) ;
#8956 = EDGE_CURVE ( 'NONE', #10359, #7421, #1156, .T. ) ;
#8957 = CARTESIAN_POINT ( 'NONE',  ( 1.775000000000000133, 1.350000000000000089, 1.525000000000000133 ) ) ;
#8958 = DIRECTION ( 'NONE',  ( 0.0000000000000000000, -1.000000000000000000, 3.295974604355854593E-17 ) ) ;
#8959 = EDGE_CURVE ( 'NONE', #1402, #8880, #7304, .T. ) ;
#8960 = ORIENTED_EDGE ( 'NONE', *, *, #6650, .T. ) ;
#8961 = VERTEX_POINT ( 'NONE', #9421 ) ;
#8962 = CARTESIAN_POINT ( 'NONE',  ( -0.5250000000000000222, 1.795247431900000024, 2.024999999999999911 ) ) ;
#8963 = DIRECTION ( 'NONE',  ( 0.0000000000000000000, 0.0000000000000000000, -1.000000000000000000 ) ) ;
#8964 = VERTEX_POINT ( 'NONE', #10224 ) ;
#8965 = FACE_OUTER_BOUND ( 'NONE', #2429, .T. ) ;
#8966 = DIRECTION ( 'NONE',  ( 0.0000000000000000000, 0.0000000000000000000, 1.000000000000000000 ) ) ;
#8967 = VECTOR ( 'NONE', #1324, 1000.000000000000000 ) ;
#8968 = AXIS2_PLACEMENT_3D ( 'NONE', #5311, #9901, #4532 ) ;
#8969 = AXIS2_PLACEMENT_3D ( 'NONE', #793, #9769, #10711 ) ;
#8970 = CARTESIAN_POINT ( 'NONE',  ( 8.014999999999998792, 1.000000000000000000, -1.474999999999999867 ) ) ;
#8971 = EDGE_LOOP ( 'NONE', ( #10647, #7386, #6850, #1675 ) ) ;
#8972 = VERTEX_POINT ( 'NONE', #1219 ) ;
#8973 = VERTEX_POINT ( 'NONE', #8227 ) ;
#8974 = FILL_AREA_STYLE_COLOUR ( '', #5436 ) ;
#8975 = ORIENTED_EDGE ( 'NONE', *, *, #6791, .T. ) ;
#8976 = ORIENTED_EDGE ( 'NONE', *, *, #10370, .F. ) ;
#8977 = ORIENTED_EDGE ( 'NONE', *, *, #10861, .T. ) ;
#8978 = VECTOR ( 'NONE', #7652, 1000.000000000000000 ) ;
#8979 = VECTOR ( 'NONE', #7071, 1000.000000000000000 ) ;
#8980 = CARTESIAN_POINT ( 'NONE',  ( 5.525000000000000355, 1.795247431900000024, 2.024999999999999911 ) ) ;
#8981 = EDGE_CURVE ( 'NONE', #11124, #7397, #1027, .T. ) ;
#8982 = PLANE ( 'NONE',  #2391 ) ;
#8983 = ORIENTED_EDGE ( 'NONE', *, *, #6143, .F. ) ;
#8984 = ORIENTED_EDGE ( 'NONE', *, *, #6491, .F. ) ;
#8985 = ORIENTED_EDGE ( 'NONE', *, *, #2745, .T. ) ;
#8986 = ORIENTED_EDGE ( 'NONE', *, *, #2864, .T. ) ;
#8987 = DIRECTION ( 'NONE',  ( 0.0000000000000000000, 0.7468134723257140450, -0.6650335612228979176 ) ) ;
#8988 = AXIS2_PLACEMENT_3D ( 'NONE', #2532, #7874, #8758 ) ;
#8989 = VECTOR ( 'NONE', #2168, 1000.000000000000000 ) ;
#8990 =( NAMED_UNIT ( * ) PLANE_ANGLE_UNIT ( ) SI_UNIT ( $, .RADIAN. ) );
#8991 = DIRECTION ( 'NONE',  ( 0.0000000000000000000, -1.000000000000000000, 0.0000000000000000000 ) ) ;
#8992 = ORIENTED_EDGE ( 'NONE', *, *, #8400, .T. ) ;
#8993 = EDGE_CURVE ( 'NONE', #2930, #9118, #9860, .T. ) ;
#8994 = CARTESIAN_POINT ( 'NONE',  ( 0.7250000000000000888, 1.000000000000000000, -1.525000000000000133 ) ) ;
#8995 = ORIENTED_EDGE ( 'NONE', *, *, #5722, .T. ) ;
#8996 = EDGE_CURVE ( 'NONE', #9856, #419, #891, .T. ) ;
#8997 = ORIENTED_EDGE ( 'NONE', *, *, #11506, .F. ) ;
#8998 = SURFACE_STYLE_FILL_AREA ( #1493 ) ;
#8999 = PLANE ( 'NONE',  #3346 ) ;
#9000 = EDGE_CURVE ( 'NONE', #8144, #9185, #5642, .T. ) ;
#9001 = FACE_OUTER_BOUND ( 'NONE', #6208, .T. ) ;
#9002 = LINE ( 'NONE', #1161, #11081 ) ;
#9003 = CARTESIAN_POINT ( 'NONE',  ( 6.675000000000000711, 1.850000000000000089, -1.698606797699999893 ) ) ;
#9004 = CARTESIAN_POINT ( 'NONE',  ( 5.525000000000000355, 1.000000000000000000, -1.525000000000000133 ) ) ;
#9005 = ORIENTED_EDGE ( 'NONE', *, *, #9231, .T. ) ;
#9006 = CARTESIAN_POINT ( 'NONE',  ( 0.5250000000000000222, 1.350000000000000089, 0.0000000000000000000 ) ) ;
#9007 = VERTEX_POINT ( 'NONE', #3966 ) ;
#9008 = DIRECTION ( 'NONE',  ( 0.0000000000000000000, -1.084202172485501673E-15, -1.000000000000000000 ) ) ;
#9009 = VECTOR ( 'NONE', #4515, 1000.000000000000000 ) ;
#9010 = ADVANCED_FACE ( 'NONE', ( #6892 ), #7502, .F. ) ;
#9011 = STYLED_ITEM ( 'NONE', ( #3456 ), #7346 ) ;
#9012 = VECTOR ( 'NONE', #326, 1000.000000000000000 ) ;
#9013 = EDGE_CURVE ( 'NONE', #11340, #8210, #7437, .T. ) ;
#9014 = LINE ( 'NONE', #9959, #1275 ) ;
#9015 = UNCERTAINTY_MEASURE_WITH_UNIT (LENGTH_MEASURE( 1.000000000000000082E-05 ), #4829, 'distance_accuracy_value', 'NONE');
#9016 = ORIENTED_EDGE ( 'NONE', *, *, #8195, .T. ) ;
#9017 = ORIENTED_EDGE ( 'NONE', *, *, #5703, .F. ) ;
#9018 = CARTESIAN_POINT ( 'NONE',  ( 6.974999999999999645, 0.5000000000000000000, 2.024999999999999911 ) ) ;
#9019 = DIRECTION ( 'NONE',  ( 0.0000000000000000000, 1.000000000000000000, 0.0000000000000000000 ) ) ;
#9020 = LINE ( 'NONE', #3889, #7176 ) ;
#9021 = FACE_OUTER_BOUND ( 'NONE', #8002, .T. ) ;
#9022 = FACE_OUTER_BOUND ( 'NONE', #4067, .T. ) ;
#9023 = VERTEX_POINT ( 'NONE', #7580 ) ;
#9024 = COLOUR_RGB ( '',1.000000000000000000, 1.000000000000000000, 1.000000000000000000 ) ;
#9025 = EDGE_CURVE ( 'NONE', #3431, #6307, #7037, .T. ) ;
#9026 = CARTESIAN_POINT ( 'NONE',  ( 8.675000000000002487, 2.550000000000000266, -1.474999999999999867 ) ) ;
#9027 = CARTESIAN_POINT ( 'NONE',  ( 1.984999999999999876, 1.649999999999999911, -1.698606797699999893 ) ) ;
#9028 = EDGE_LOOP ( 'NONE', ( #9546, #11194, #3711, #5908 ) ) ;
#9029 = EDGE_CURVE ( 'NONE', #5979, #8318, #7570, .T. ) ;
#9030 = FACE_OUTER_BOUND ( 'NONE', #4666, .T. ) ;
#9031 = PLANE ( 'NONE',  #2491 ) ;
#9032 = VECTOR ( 'NONE', #3496, 1000.000000000000000 ) ;
#9033 = VECTOR ( 'NONE', #998, 1000.000000000000000 ) ;
#9034 =( LENGTH_UNIT ( ) NAMED_UNIT ( * ) SI_UNIT ( .MILLI., .METRE. ) );
#9035 = ORIENTED_EDGE ( 'NONE', *, *, #3697, .T. ) ;
#9036 = VECTOR ( 'NONE', #615, 1000.000000000000000 ) ;
#9037 = VERTEX_POINT ( 'NONE', #5763 ) ;
#9038 = MECHANICAL_DESIGN_GEOMETRIC_PRESENTATION_REPRESENTATION (  '', ( #6005 ), #9640 ) ;
#9039 = CARTESIAN_POINT ( 'NONE',  ( -1.875000000000000000, 3.750000000000000000, 0.02500000000000000139 ) ) ;
#9040 = DIRECTION ( 'NONE',  ( -1.000000000000000000, 0.0000000000000000000, 0.0000000000000000000 ) ) ;
#9041 = VERTEX_POINT ( 'NONE', #2988 ) ;
#9042 = VECTOR ( 'NONE', #9858, 1000.000000000000000 ) ;
#9043 = ORIENTED_EDGE ( 'NONE', *, *, #6794, .T. ) ;
#9044 = VECTOR ( 'NONE', #7043, 1000.000000000000000 ) ;
#9045 = SURFACE_STYLE_USAGE ( .BOTH. , #10812 ) ;
#9046 = ORIENTED_EDGE ( 'NONE', *, *, #7344, .F. ) ;
#9047 = DIRECTION ( 'NONE',  ( -1.000000000000000000, 0.0000000000000000000, 0.0000000000000000000 ) ) ;
#9048 = PLANE ( 'NONE',  #76 ) ;
#9049 = DIRECTION ( 'NONE',  ( 0.0000000000000000000, 1.000000000000000000, 0.0000000000000000000 ) ) ;
#9050 = LINE ( 'NONE', #10528, #6084 ) ;
#9051 = LINE ( 'NONE', #6598, #8633 ) ;
#9052 = ORIENTED_EDGE ( 'NONE', *, *, #4275, .T. ) ;
#9053 = LINE ( 'NONE', #399, #10875 ) ;
#9054 = ORIENTED_EDGE ( 'NONE', *, *, #8762, .T. ) ;
#9055 = EDGE_CURVE ( 'NONE', #5416, #152, #10841, .T. ) ;
#9056 = ORIENTED_EDGE ( 'NONE', *, *, #3758, .F. ) ;
#9057 = CARTESIAN_POINT ( 'NONE',  ( -2.875000000000000000, 3.600000000000000977, -0.07499999999999998335 ) ) ;
#9058 = ADVANCED_FACE ( 'NONE', ( #11103 ), #3111, .F. ) ;
#9059 = EDGE_CURVE ( 'NONE', #8065, #7007, #8430, .T. ) ;
#9060 = CARTESIAN_POINT ( 'NONE',  ( 6.775000000000000355, 0.5547525681000000652, 2.024999999999999911 ) ) ;
#9061 = DIRECTION ( 'NONE',  ( -0.0000000000000000000, -0.0000000000000000000, 1.000000000000000000 ) ) ;
#9062 = FACE_OUTER_BOUND ( 'NONE', #8095, .T. ) ;
#9063 = PLANE ( 'NONE',  #7223 ) ;
#9064 = DIRECTION ( 'NONE',  ( 0.0000000000000000000, 0.0000000000000000000, 1.000000000000000000 ) ) ;
#9065 = VERTEX_POINT ( 'NONE', #4007 ) ;
#9066 = ORIENTED_EDGE ( 'NONE', *, *, #11605, .F. ) ;
#9067 = VERTEX_POINT ( 'NONE', #5797 ) ;
#9068 = FACE_OUTER_BOUND ( 'NONE', #6939, .T. ) ;
#9069 = AXIS2_PLACEMENT_3D ( 'NONE', #5486, #6367, #4461 ) ;
#9070 = FACE_OUTER_BOUND ( 'NONE', #6976, .T. ) ;
#9071 = EDGE_CURVE ( 'NONE', #7279, #4632, #1582, .T. ) ;
#9072 = DIRECTION ( 'NONE',  ( -1.000000000000000000, 0.0000000000000000000, 0.0000000000000000000 ) ) ;
#9073 = CARTESIAN_POINT ( 'NONE',  ( 8.225000000000001421, -0.6500000000000000222, -2.075000000000000178 ) ) ;
#9074 = ORIENTED_EDGE ( 'NONE', *, *, #8874, .F. ) ;
#9075 = AXIS2_PLACEMENT_3D ( 'NONE', #308, #3026, #6576 ) ;
#9076 = ORIENTED_EDGE ( 'NONE', *, *, #7407, .F. ) ;
#9077 = ADVANCED_FACE ( 'NONE', ( #10124 ), #7466, .T. ) ;
#9078 = ORIENTED_EDGE ( 'NONE', *, *, #9013, .T. ) ;
#9079 = LINE ( 'NONE', #2386, #4029 ) ;
#9080 = DIRECTION ( 'NONE',  ( 0.0000000000000000000, -1.000000000000000000, -2.552445434498790050E-15 ) ) ;
#9081 = VECTOR ( 'NONE', #56, 1000.000000000000000 ) ;
#9082 = ORIENTED_EDGE ( 'NONE', *, *, #5958, .F. ) ;
#9083 = PLANE ( 'NONE',  #275 ) ;
#9084 = STYLED_ITEM ( 'NONE', ( #8463 ), #8233 ) ;
#9085 = FILL_AREA_STYLE_COLOUR ( '', #8059 ) ;
#9086 = EDGE_CURVE ( 'NONE', #7160, #3067, #3266, .T. ) ;
#9087 = EDGE_LOOP ( 'NONE', ( #718, #10267, #11295, #342, #8234, #5875 ) ) ;
#9088 = DIRECTION ( 'NONE',  ( 0.0000000000000000000, 1.000000000000000000, 0.0000000000000000000 ) ) ;
#9089 = ORIENTED_EDGE ( 'NONE', *, *, #9992, .T. ) ;
#9090 = CARTESIAN_POINT ( 'NONE',  ( 9.956138830084190872, 2.750000000000000000, -0.4749999999999999778 ) ) ;
#9091 = LINE ( 'NONE', #11303, #9219 ) ;
#9092 = LINE ( 'NONE', #538, #3755 ) ;
#9093 = LINE ( 'NONE', #6997, #2784 ) ;
#9094 = EDGE_LOOP ( 'NONE', ( #11305, #10893, #10505, #3918 ) ) ;
#9095 = PLANE ( 'NONE',  #8490 ) ;
#9096 = DIRECTION ( 'NONE',  ( 0.0000000000000000000, -1.000000000000000000, 0.0000000000000000000 ) ) ;
#9097 = AXIS2_PLACEMENT_3D ( 'NONE', #6935, #10673, #4395 ) ;
#9098 = VERTEX_POINT ( 'NONE', #10186 ) ;
#9099 = EDGE_LOOP ( 'NONE', ( #5147, #3193, #1741, #1835 ) ) ;
#9100 = ORIENTED_EDGE ( 'NONE', *, *, #6821, .T. ) ;
#9101 = ORIENTED_EDGE ( 'NONE', *, *, #2379, .T. ) ;
#9102 = VECTOR ( 'NONE', #2780, 1000.000000000000000 ) ;
#9103 = EDGE_CURVE ( 'NONE', #9814, #8562, #4239, .T. ) ;
#9104 = PLANE ( 'NONE',  #8827 ) ;
#9105 = VECTOR ( 'NONE', #6726, 1000.000000000000000 ) ;
#9106 = EDGE_CURVE ( 'NONE', #9118, #6378, #440, .T. ) ;
#9107 = DIRECTION ( 'NONE',  ( 0.0000000000000000000, 0.0000000000000000000, 1.000000000000000000 ) ) ;
#9108 = ORIENTED_EDGE ( 'NONE', *, *, #8677, .F. ) ;
#9109 = ORIENTED_EDGE ( 'NONE', *, *, #8924, .F. ) ;
#9110 = PLANE ( 'NONE',  #6050 ) ;
#9111 = VERTEX_POINT ( 'NONE', #7657 ) ;
#9112 = CARTESIAN_POINT ( 'NONE',  ( 3.234999999999999876, 1.850000000000000089, -1.025000000000000133 ) ) ;
#9113 = VERTEX_POINT ( 'NONE', #638 ) ;
#9114 = LINE ( 'NONE', #1656, #4342 ) ;
#9115 = ADVANCED_FACE ( 'NONE', ( #9021 ), #9300, .F. ) ;
#9116 = ORIENTED_EDGE ( 'NONE', *, *, #198, .F. ) ;
#9117 = DIRECTION ( 'NONE',  ( -0.0000000000000000000, 2.552445434498790050E-15, -1.000000000000000000 ) ) ;
#9118 = VERTEX_POINT ( 'NONE', #8720 ) ;
#9119 = CARTESIAN_POINT ( 'NONE',  ( -0.8249999999999999556, 1.649999999999999911, -1.698606797699999893 ) ) ;
#9120 = VERTEX_POINT ( 'NONE', #10427 ) ;
#9121 = ORIENTED_EDGE ( 'NONE', *, *, #3802, .F. ) ;
#9122 = ORIENTED_EDGE ( 'NONE', *, *, #11028, .F. ) ;
#9123 = CARTESIAN_POINT ( 'NONE',  ( 3.234999999999999876, 1.000000000000000000, -1.025000000000000133 ) ) ;
#9124 = DIRECTION ( 'NONE',  ( -1.000000000000000000, 0.0000000000000000000, 0.0000000000000000000 ) ) ;
#9125 = DIRECTION ( 'NONE',  ( -1.000000000000000000, 0.0000000000000000000, 0.0000000000000000000 ) ) ;
#9126 = LINE ( 'NONE', #3406, #7283 ) ;
#9127 = EDGE_CURVE ( 'NONE', #8943, #746, #11391, .T. ) ;
#9128 = FILL_AREA_STYLE ('',( #3797 ) ) ;
#9129 = CARTESIAN_POINT ( 'NONE',  ( -2.274999999999999911, 2.000000000000000000, -2.024999999999999911 ) ) ;
#9130 = ORIENTED_EDGE ( 'NONE', *, *, #3800, .F. ) ;
#9131 = ORIENTED_EDGE ( 'NONE', *, *, #3315, .T. ) ;
#9132 = FACE_OUTER_BOUND ( 'NONE', #4598, .T. ) ;
#9133 = DIRECTION ( 'NONE',  ( 0.0000000000000000000, 0.0000000000000000000, 1.000000000000000000 ) ) ;
#9134 = ADVANCED_FACE ( 'NONE', ( #8150 ), #3185, .F. ) ;
#9135 = CARTESIAN_POINT ( 'NONE',  ( 1.250000000000000000, 1.000000000000000000, -1.474999999999999867 ) ) ;
#9136 = PRESENTATION_STYLE_ASSIGNMENT (( #7744 ) ) ;
#9137 = FACE_OUTER_BOUND ( 'NONE', #3630, .T. ) ;
#9138 = DIRECTION ( 'NONE',  ( 0.0000000000000000000, -1.000000000000000000, -3.219646771412953967E-15 ) ) ;
#9139 = CARTESIAN_POINT ( 'NONE',  ( -1.875000000000000000, 3.750000000000000000, 2.025999999999999801 ) ) ;
#9140 = CARTESIAN_POINT ( 'NONE',  ( -1.875000000000000000, 0.5000000000000000000, -1.474999999999999867 ) ) ;
#9141 = EDGE_CURVE ( 'NONE', #5416, #5805, #10260, .T. ) ;
#9142 = EDGE_CURVE ( 'NONE', #303, #8454, #605, .T. ) ;
#9143 = ORIENTED_EDGE ( 'NONE', *, *, #4313, .T. ) ;
#9144 = DIRECTION ( 'NONE',  ( 0.0000000000000000000, 1.000000000000000000, 0.0000000000000000000 ) ) ;
#9145 = ORIENTED_EDGE ( 'NONE', *, *, #2955, .T. ) ;
#9146 = CARTESIAN_POINT ( 'NONE',  ( 3.225000000000000089, 1.850000000000000089, -1.025000000000000133 ) ) ;
#9147 = VECTOR ( 'NONE', #2645, 1000.000000000000000 ) ;
#9148 = CARTESIAN_POINT ( 'NONE',  ( 5.525000000000000355, -0.6500000000000000222, -1.775000000000000133 ) ) ;
#9149 = VECTOR ( 'NONE', #10320, 1000.000000000000000 ) ;
#9150 = EDGE_LOOP ( 'NONE', ( #11197, #5, #6456, #8308 ) ) ;
#9151 = ORIENTED_EDGE ( 'NONE', *, *, #6111, .T. ) ;
#9152 = AXIS2_PLACEMENT_3D ( 'NONE', #1758, #4450, #1796 ) ;
#9153 = EDGE_CURVE ( 'NONE', #6558, #1158, #3399, .T. ) ;
#9154 = VECTOR ( 'NONE', #9706, 1000.000000000000000 ) ;
#9155 = LINE ( 'NONE', #11037, #10972 ) ;
#9156 = ORIENTED_EDGE ( 'NONE', *, *, #5910, .F. ) ;
#9157 =( LENGTH_UNIT ( ) NAMED_UNIT ( * ) SI_UNIT ( .MILLI., .METRE. ) );
#9158 = LINE ( 'NONE', #11541, #4257 ) ;
#9159 = DIRECTION ( 'NONE',  ( 0.0000000000000000000, -1.000000000000000000, 0.0000000000000000000 ) ) ;
#9160 = ORIENTED_EDGE ( 'NONE', *, *, #4485, .F. ) ;
#9161 = DIRECTION ( 'NONE',  ( 1.000000000000000000, 0.0000000000000000000, 0.0000000000000000000 ) ) ;
#9162 = VECTOR ( 'NONE', #11406, 1000.000000000000000 ) ;
#9163 = CARTESIAN_POINT ( 'NONE',  ( 1.975000000000000089, 0.5000000000000000000, 2.024999999999999911 ) ) ;
#9164 = VECTOR ( 'NONE', #9428, 1000.000000000000000 ) ;
#9165 = DIRECTION ( 'NONE',  ( -1.000000000000000000, -0.0000000000000000000, -0.0000000000000000000 ) ) ;
#9166 = LINE ( 'NONE', #7987, #4403 ) ;
#9167 = LINE ( 'NONE', #3732, #6633 ) ;
#9168 = EDGE_CURVE ( 'NONE', #9768, #9252, #2426, .T. ) ;
#9169 = ADVANCED_FACE ( 'NONE', ( #10698 ), #8591, .F. ) ;
#9170 = PLANE ( 'NONE',  #1674 ) ;
#9171 = CARTESIAN_POINT ( 'NONE',  ( 5.735000000000000320, 1.850000000000000089, -1.025000000000000133 ) ) ;
#9172 = EDGE_CURVE ( 'NONE', #8386, #9402, #11530, .T. ) ;
#9173 = VERTEX_POINT ( 'NONE', #1499 ) ;
#9174 = LINE ( 'NONE', #7189, #6075 ) ;
#9175 = PLANE ( 'NONE',  #11293 ) ;
#9176 = DIRECTION ( 'NONE',  ( 0.0000000000000000000, -0.0000000000000000000, 1.000000000000000000 ) ) ;
#9177 = ORIENTED_EDGE ( 'NONE', *, *, #5248, .F. ) ;
#9178 = EDGE_LOOP ( 'NONE', ( #6915, #7924, #4124, #9444 ) ) ;
#9179 = CARTESIAN_POINT ( 'NONE',  ( -0.5150000000000000133, 1.000000000000000000, -2.024999999999999911 ) ) ;
#9180 = VECTOR ( 'NONE', #649, 1000.000000000000000 ) ;
#9181 = AXIS2_PLACEMENT_3D ( 'NONE', #4904, #9437, #410 ) ;
#9182 = EDGE_LOOP ( 'NONE', ( #6971, #5604, #8699, #4557 ) ) ;
#9183 = VECTOR ( 'NONE', #1695, 1000.000000000000000 ) ;
#9184 = CARTESIAN_POINT ( 'NONE',  ( 0.5250000000000000222, 1.649999999999999911, -1.025000000000000133 ) ) ;
#9185 = VERTEX_POINT ( 'NONE', #3339 ) ;
#9186 = CARTESIAN_POINT ( 'NONE',  ( 0.07499999999999998335, 1.850000000000000089, 2.024999999999999911 ) ) ;
#9187 = ADVANCED_FACE ( 'NONE', ( #9989 ), #9620, .T. ) ;
#9188 = VECTOR ( 'NONE', #5631, 1000.000000000000000 ) ;
#9189 = LINE ( 'NONE', #680, #2034 ) ;
#9190 = EDGE_CURVE ( 'NONE', #6044, #1711, #10113, .T. ) ;
#9191 = CARTESIAN_POINT ( 'NONE',  ( 1.775000000000000133, 1.649999999999999911, -1.025000000000000133 ) ) ;
#9192 = ORIENTED_EDGE ( 'NONE', *, *, #4431, .F. ) ;
#9193 = ORIENTED_EDGE ( 'NONE', *, *, #1929, .F. ) ;
#9194 = DIRECTION ( 'NONE',  ( 0.0000000000000000000, 0.0000000000000000000, -1.000000000000000000 ) ) ;
#9195 = AXIS2_PLACEMENT_3D ( 'NONE', #7534, #7498, #1214 ) ;
#9196 = DIRECTION ( 'NONE',  ( 0.0000000000000000000, 0.0000000000000000000, 1.000000000000000000 ) ) ;
#9197 = DIRECTION ( 'NONE',  ( 0.0000000000000000000, 0.0000000000000000000, 1.000000000000000000 ) ) ;
#9198 = VECTOR ( 'NONE', #2743, 1000.000000000000000 ) ;
#9199 = DIRECTION ( 'NONE',  ( 0.0000000000000000000, 1.000000000000000000, 0.0000000000000000000 ) ) ;
#9200 = ORIENTED_EDGE ( 'NONE', *, *, #1591, .T. ) ;
#9201 = EDGE_CURVE ( 'NONE', #6995, #9675, #4379, .T. ) ;
#9202 = EDGE_CURVE ( 'NONE', #970, #4125, #288, .T. ) ;
#9203 = ORIENTED_EDGE ( 'NONE', *, *, #11031, .F. ) ;
#9204 = EDGE_CURVE ( 'NONE', #11339, #4235, #6597, .T. ) ;
#9205 = CARTESIAN_POINT ( 'NONE',  ( 6.975000000000000533, 1.350000000000000089, 0.0000000000000000000 ) ) ;
#9206 = CARTESIAN_POINT ( 'NONE',  ( 8.024999999999998579, -0.6500000000000000222, -2.075000000000000178 ) ) ;
#9207 = DIRECTION ( 'NONE',  ( 1.000000000000000000, 0.0000000000000000000, 0.0000000000000000000 ) ) ;
#9208 = LINE ( 'NONE', #341, #6816 ) ;
#9209 = DIRECTION ( 'NONE',  ( 1.000000000000000000, 0.0000000000000000000, 0.0000000000000000000 ) ) ;
#9210 = CARTESIAN_POINT ( 'NONE',  ( 4.274999999999999467, 0.3499999999999999778, -2.075000000000000178 ) ) ;
#9211 = UNCERTAINTY_MEASURE_WITH_UNIT (LENGTH_MEASURE( 1.000000000000000082E-05 ), #4906, 'distance_accuracy_value', 'NONE');
#9212 = ORIENTED_EDGE ( 'NONE', *, *, #5991, .T. ) ;
#9213 = ORIENTED_EDGE ( 'NONE', *, *, #8440, .T. ) ;
#9214 = CARTESIAN_POINT ( 'NONE',  ( -2.024999999999999911, 4.250000000000000000, -1.925000000000000044 ) ) ;
#9215 = DIRECTION ( 'NONE',  ( 1.000000000000000000, 0.0000000000000000000, 0.0000000000000000000 ) ) ;
#9216 = PLANE ( 'NONE',  #9337 ) ;
#9217 = EDGE_CURVE ( 'NONE', #10824, #4529, #8139, .T. ) ;
#9218 = ORIENTED_EDGE ( 'NONE', *, *, #2937, .F. ) ;
#9219 = VECTOR ( 'NONE', #10566, 1000.000000000000000 ) ;
#9220 = VECTOR ( 'NONE', #6953, 1000.000000000000000 ) ;
#9221 = COLOUR_RGB ( '',0.6470588235294117974, 0.6196078431372549211, 0.5882352941176470784 ) ;
#9222 = PRESENTATION_LAYER_ASSIGNMENT (  '', '', ( #8231 ) ) ;
#9223 = ORIENTED_EDGE ( 'NONE', *, *, #330, .F. ) ;
#9224 = ADVANCED_FACE ( 'NONE', ( #1016 ), #5913, .F. ) ;
#9225 = ORIENTED_EDGE ( 'NONE', *, *, #8891, .T. ) ;
#9226 = VERTEX_POINT ( 'NONE', #9699 ) ;
#9227 = ORIENTED_EDGE ( 'NONE', *, *, #1075, .T. ) ;
#9228 = LINE ( 'NONE', #9366, #11199 ) ;
#9229 = DIRECTION ( 'NONE',  ( 0.0000000000000000000, -1.000000000000000000, 0.0000000000000000000 ) ) ;
#9230 = DIRECTION ( 'NONE',  ( -1.000000000000000000, 0.0000000000000000000, 0.0000000000000000000 ) ) ;
#9231 = EDGE_CURVE ( 'NONE', #5313, #3372, #1574, .T. ) ;
#9232 = CARTESIAN_POINT ( 'NONE',  ( 3.234999999999999876, 1.850000000000000089, -2.024999999999999911 ) ) ;
#9233 = EDGE_CURVE ( 'NONE', #8248, #3321, #4230, .T. ) ;
#9234 = DIRECTION ( 'NONE',  ( 0.0000000000000000000, 0.0000000000000000000, -1.000000000000000000 ) ) ;
#9235 = ORIENTED_EDGE ( 'NONE', *, *, #6871, .T. ) ;
#9236 = ORIENTED_EDGE ( 'NONE', *, *, #8764, .F. ) ;
#9237 = VERTEX_POINT ( 'NONE', #1662 ) ;
#9238 = ORIENTED_EDGE ( 'NONE', *, *, #1248, .T. ) ;
#9239 = VERTEX_POINT ( 'NONE', #3454 ) ;
#9240 = EDGE_LOOP ( 'NONE', ( #7255, #5349, #11624, #479 ) ) ;
#9241 = CARTESIAN_POINT ( 'NONE',  ( -2.475000000000000089, 1.999999999999997780, -2.075000000000008615 ) ) ;
#9242 = SURFACE_STYLE_FILL_AREA ( #1757 ) ;
#9243 = CARTESIAN_POINT ( 'NONE',  ( 5.525000000000000355, 0.0000000000000000000, 2.024999999999999911 ) ) ;
#9244 = ADVANCED_FACE ( 'NONE', ( #6748 ), #8911, .T. ) ;
#9245 = AXIS2_PLACEMENT_3D ( 'NONE', #9003, #852, #9896 ) ;
#9246 = DIRECTION ( 'NONE',  ( 0.0000000000000000000, -1.000000000000000000, 0.0000000000000000000 ) ) ;
#9247 = DIRECTION ( 'NONE',  ( 0.0000000000000000000, 0.0000000000000000000, 1.000000000000000000 ) ) ;
#9248 = ORIENTED_EDGE ( 'NONE', *, *, #6356, .F. ) ;
#9249 = PLANE ( 'NONE',  #4109 ) ;
#9250 = VERTEX_POINT ( 'NONE', #7868 ) ;
#9251 = CARTESIAN_POINT ( 'NONE',  ( -2.500000000000000000, 4.240000000000000213, -2.024999999999999911 ) ) ;
#9252 = VERTEX_POINT ( 'NONE', #3494 ) ;
#9253 = ORIENTED_EDGE ( 'NONE', *, *, #10779, .F. ) ;
#9254 = ORIENTED_EDGE ( 'NONE', *, *, #1784, .F. ) ;
#9255 = CARTESIAN_POINT ( 'NONE',  ( 8.235000000000002984, 1.850000000000000089, -1.025000000000000133 ) ) ;
#9256 = DIRECTION ( 'NONE',  ( -1.000000000000000000, 0.0000000000000000000, 0.0000000000000000000 ) ) ;
#9257 = CARTESIAN_POINT ( 'NONE',  ( 5.735000000000000320, 1.850000000000000089, -2.024999999999999911 ) ) ;
#9258 = VECTOR ( 'NONE', #264, 1000.000000000000000 ) ;
#9259 = LINE ( 'NONE', #210, #11213 ) ;
#9260 = CARTESIAN_POINT ( 'NONE',  ( 1.765000000000000124, 1.850000000000000089, -2.024999999999999911 ) ) ;
#9261 = CARTESIAN_POINT ( 'NONE',  ( 8.375000000000001776, 4.153701442700000079, -1.791922863399999954 ) ) ;
#9262 = ORIENTED_EDGE ( 'NONE', *, *, #1798, .T. ) ;
#9263 = PLANE ( 'NONE',  #9075 ) ;
#9264 = PLANE ( 'NONE',  #4604 ) ;
#9265 = ORIENTED_EDGE ( 'NONE', *, *, #1965, .T. ) ;
#9266 = ORIENTED_EDGE ( 'NONE', *, *, #8565, .T. ) ;
#9267 = LINE ( 'NONE', #2600, #7414 ) ;
#9268 = LINE ( 'NONE', #9452, #5047 ) ;
#9269 = CARTESIAN_POINT ( 'NONE',  ( 4.485000000000000320, 1.000000000000000000, -1.474999999999999867 ) ) ;
#9270 = VERTEX_POINT ( 'NONE', #6028 ) ;
#9271 = EDGE_CURVE ( 'NONE', #4345, #10087, #2701, .T. ) ;
#9272 = DIRECTION ( 'NONE',  ( 0.0000000000000000000, -1.000000000000000000, 0.0000000000000000000 ) ) ;
#9273 = DIRECTION ( 'NONE',  ( 0.0000000000000000000, 1.000000000000000000, 0.0000000000000000000 ) ) ;
#9274 = ORIENTED_EDGE ( 'NONE', *, *, #349, .F. ) ;
#9275 = CARTESIAN_POINT ( 'NONE',  ( -2.274999999999999911, 2.250000000000000000, -2.024999999999999911 ) ) ;
#9276 = VECTOR ( 'NONE', #3612, 1000.000000000000000 ) ;
#9277 =( LENGTH_UNIT ( ) NAMED_UNIT ( * ) SI_UNIT ( .MILLI., .METRE. ) );
#9278 = EDGE_CURVE ( 'NONE', #1377, #6912, #1992, .T. ) ;
#9279 = CARTESIAN_POINT ( 'NONE',  ( -2.875000000000000000, 0.0000000000000000000, 0.0000000000000000000 ) ) ;
#9280 = CARTESIAN_POINT ( 'NONE',  ( 8.024999999999998579, 1.649999999999999911, -1.698606797699999893 ) ) ;
#9281 = LINE ( 'NONE', #8094, #3942 ) ;
#9282 = ORIENTED_EDGE ( 'NONE', *, *, #7377, .F. ) ;
#9283 = ADVANCED_FACE ( 'NONE', ( #10834 ), #2565, .T. ) ;
#9284 = ORIENTED_EDGE ( 'NONE', *, *, #6046, .F. ) ;
#9285 = DIRECTION ( 'NONE',  ( 0.0000000000000000000, 0.0000000000000000000, -1.000000000000000000 ) ) ;
#9286 = CARTESIAN_POINT ( 'NONE',  ( 6.974999999999999645, 1.850000000000000089, -2.024999999999999911 ) ) ;
#9287 = PLANE ( 'NONE',  #8899 ) ;
#9288 = AXIS2_PLACEMENT_3D ( 'NONE', #8329, #2941, #1212 ) ;
#9289 = SURFACE_STYLE_FILL_AREA ( #10652 ) ;
#9290 = EDGE_CURVE ( 'NONE', #5654, #1150, #9852, .T. ) ;
#9291 = VECTOR ( 'NONE', #85, 1000.000000000000000 ) ;
#9292 = DIRECTION ( 'NONE',  ( 0.0000000000000000000, -3.219646771412953967E-15, 1.000000000000000000 ) ) ;
#9293 = LINE ( 'NONE', #441, #4380 ) ;
#9294 = CARTESIAN_POINT ( 'NONE',  ( 0.0000000000000000000, 0.0000000000000000000, -1.525000000000000133 ) ) ;
#9295 = AXIS2_PLACEMENT_3D ( 'NONE', #10208, #5745, #2176 ) ;
#9296 = ORIENTED_EDGE ( 'NONE', *, *, #165, .F. ) ;
#9297 = LINE ( 'NONE', #10877, #2716 ) ;
#9298 = ORIENTED_EDGE ( 'NONE', *, *, #7643, .T. ) ;
#9299 = LINE ( 'NONE', #3603, #6055 ) ;
#9300 = PLANE ( 'NONE',  #1274 ) ;
#9301 = CARTESIAN_POINT ( 'NONE',  ( 9.775000000000002132, 3.600000000000000977, -0.07499999999999998335 ) ) ;
#9302 = VECTOR ( 'NONE', #2895, 1000.000000000000000 ) ;
#9303 = FACE_BOUND ( 'NONE', #1977, .T. ) ;
#9304 = ADVANCED_FACE ( 'NONE', ( #8012 ), #6180, .T. ) ;
#9305 = AXIS2_PLACEMENT_3D ( 'NONE', #9123, #3748, #6434 ) ;
#9306 = VERTEX_POINT ( 'NONE', #7988 ) ;
#9307 = VECTOR ( 'NONE', #5097, 1000.000000000000114 ) ;
#9308 = EDGE_CURVE ( 'NONE', #3777, #7032, #4770, .T. ) ;
#9309 = CARTESIAN_POINT ( 'NONE',  ( -0.7249999999999999778, 0.3499999999999999778, -2.075000000000000178 ) ) ;
#9310 = CARTESIAN_POINT ( 'NONE',  ( 8.024999999999998579, 0.3499999999999999778, -2.075000000000000178 ) ) ;
#9311 = ORIENTED_EDGE ( 'NONE', *, *, #9202, .F. ) ;
#9312 = DIRECTION ( 'NONE',  ( 0.0000000000000000000, 0.0000000000000000000, -1.000000000000000000 ) ) ;
#9313 = VECTOR ( 'NONE', #10556, 1000.000000000000000 ) ;
#9314 = CARTESIAN_POINT ( 'NONE',  ( 1.975000000000000089, -0.6500000000000000222, -2.075000000000000178 ) ) ;
#9315 = PLANE ( 'NONE',  #4143 ) ;
#9316 = DIRECTION ( 'NONE',  ( 0.0000000000000000000, 0.0000000000000000000, -1.000000000000000000 ) ) ;
#9317 = ORIENTED_EDGE ( 'NONE', *, *, #4034, .F. ) ;
#9318 =( NAMED_UNIT ( * ) PLANE_ANGLE_UNIT ( ) SI_UNIT ( $, .RADIAN. ) );
#9319 = ORIENTED_EDGE ( 'NONE', *, *, #3130, .T. ) ;
#9320 = EDGE_CURVE ( 'NONE', #9306, #1080, #5902, .T. ) ;
#9321 = EDGE_CURVE ( 'NONE', #3372, #691, #8583, .T. ) ;
#9322 = VECTOR ( 'NONE', #39, 1000.000000000000000 ) ;
#9323 = LINE ( 'NONE', #5495, #3989 ) ;
#9324 =( NAMED_UNIT ( * ) PLANE_ANGLE_UNIT ( ) SI_UNIT ( $, .RADIAN. ) );
#9325 = PLANE ( 'NONE',  #7079 ) ;
#9326 = VERTEX_POINT ( 'NONE', #10629 ) ;
#9327 = VECTOR ( 'NONE', #3116, 1000.000000000000000 ) ;
#9328 = CARTESIAN_POINT ( 'NONE',  ( 6.974999999999999645, 1.350000000000000089, 1.525000000000000133 ) ) ;
#9329 = VERTEX_POINT ( 'NONE', #796 ) ;
#9330 = CARTESIAN_POINT ( 'NONE',  ( 5.724999999999999645, 1.000000000000000000, 1.525000000000000133 ) ) ;
#9331 = CARTESIAN_POINT ( 'NONE',  ( 0.0000000000000000000, 0.0000000000000000000, -1.025000000000000133 ) ) ;
#9332 = ADVANCED_FACE ( 'NONE', ( #11248 ), #8750, .T. ) ;
#9333 = AXIS2_PLACEMENT_3D ( 'NONE', #9722, #6119, #2504 ) ;
#9334 = PLANE ( 'NONE',  #2877 ) ;
#9335 = VECTOR ( 'NONE', #8282, 1000.000000000000000 ) ;
#9336 = VECTOR ( 'NONE', #286, 1000.000000000000000 ) ;
#9337 = AXIS2_PLACEMENT_3D ( 'NONE', #8267, #10112, #2905 ) ;
#9338 = DIRECTION ( 'NONE',  ( -1.000000000000000000, 0.0000000000000000000, 0.0000000000000000000 ) ) ;
#9339 = DIRECTION ( 'NONE',  ( 0.0000000000000000000, 0.0000000000000000000, 1.000000000000000000 ) ) ;
#9340 = ORIENTED_EDGE ( 'NONE', *, *, #4594, .F. ) ;
#9341 = VERTEX_POINT ( 'NONE', #7090 ) ;
#9342 = ADVANCED_FACE ( 'NONE', ( #4514 ), #5168, .F. ) ;
#9343 = EDGE_CURVE ( 'NONE', #11124, #2129, #9281, .T. ) ;
#9344 = LINE ( 'NONE', #6962, #357 ) ;
#9345 = CARTESIAN_POINT ( 'NONE',  ( 6.975000000000000533, 0.05000000000000002359, -1.775000000000000133 ) ) ;
#9346 = VECTOR ( 'NONE', #5320, 1000.000000000000000 ) ;
#9347 = VECTOR ( 'NONE', #8557, 1000.000000000000000 ) ;
#9348 = ORIENTED_EDGE ( 'NONE', *, *, #8107, .T. ) ;
#9349 = CARTESIAN_POINT ( 'NONE',  ( -2.875000000000000000, 0.6000000000000024203, 1.375000000000002442 ) ) ;
#9350 = CARTESIAN_POINT ( 'NONE',  ( 5.724999999999999645, 1.850000000000000089, 0.0000000000000000000 ) ) ;
#9351 = ORIENTED_EDGE ( 'NONE', *, *, #2730, .T. ) ;
#9352 = AXIS2_PLACEMENT_3D ( 'NONE', #7133, #2728, #8029 ) ;
#9353 = CARTESIAN_POINT ( 'NONE',  ( -0.4249999999999999889, 1.649999999999999911, -1.474999999999999867 ) ) ;
#9354 = DIRECTION ( 'NONE',  ( 0.0000000000000000000, 0.0000000000000000000, 1.000000000000000000 ) ) ;
#9355 = ORIENTED_EDGE ( 'NONE', *, *, #11014, .T. ) ;
#9356 = SURFACE_STYLE_FILL_AREA ( #10020 ) ;
#9357 = EDGE_CURVE ( 'NONE', #2369, #10359, #8419, .T. ) ;
#9358 = LINE ( 'NONE', #2629, #9653 ) ;
#9359 = ORIENTED_EDGE ( 'NONE', *, *, #180, .F. ) ;
#9360 = EDGE_CURVE ( 'NONE', #7976, #10643, #5354, .T. ) ;
#9361 = EDGE_LOOP ( 'NONE', ( #11613, #6958, #11354, #3569, #3286, #7263, #4595 ) ) ;
#9362 = EDGE_CURVE ( 'NONE', #9968, #1113, #5630, .T. ) ;
#9363 = ADVANCED_FACE ( 'NONE', ( #9573 ), #4512, .F. ) ;
#9364 = DIRECTION ( 'NONE',  ( 1.000000000000000000, 0.0000000000000000000, 0.0000000000000000000 ) ) ;
#9365 = VERTEX_POINT ( 'NONE', #2605 ) ;
#9366 = CARTESIAN_POINT ( 'NONE',  ( 6.765000000000000568, 1.649999999999999911, -1.698606797699999893 ) ) ;
#9367 = DIRECTION ( 'NONE',  ( 0.0000000000000000000, 0.0000000000000000000, -1.000000000000000000 ) ) ;
#9368 = CARTESIAN_POINT ( 'NONE',  ( -0.5250000000000000222, 0.05000000000000002359, -1.524999999999999689 ) ) ;
#9369 = ORIENTED_EDGE ( 'NONE', *, *, #9362, .T. ) ;
#9370 = CARTESIAN_POINT ( 'NONE',  ( 1.974999999999999867, 0.3499999999999999778, -2.075000000000000178 ) ) ;
#9371 = VECTOR ( 'NONE', #9596, 1000.000000000000000 ) ;
#9372 = VECTOR ( 'NONE', #10133, 1000.000000000000000 ) ;
#9373 = LINE ( 'NONE', #2508, #3061 ) ;
#9374 = CARTESIAN_POINT ( 'NONE',  ( 3.024999999999999911, 0.5000000000000000000, 2.024999999999999911 ) ) ;
#9375 = VERTEX_POINT ( 'NONE', #9885 ) ;
#9376 = EDGE_CURVE ( 'NONE', #9768, #7160, #1726, .T. ) ;
#9377 = DIRECTION ( 'NONE',  ( -1.000000000000000000, 0.0000000000000000000, 0.0000000000000000000 ) ) ;
#9378 = ORIENTED_EDGE ( 'NONE', *, *, #5961, .F. ) ;
#9379 = ORIENTED_EDGE ( 'NONE', *, *, #9580, .T. ) ;
#9380 = ORIENTED_EDGE ( 'NONE', *, *, #6405, .F. ) ;
#9381 = PLANE ( 'NONE',  #5950 ) ;
#9382 = ORIENTED_EDGE ( 'NONE', *, *, #10828, .F. ) ;
#9383 = LINE ( 'NONE', #8941, #5164 ) ;
#9384 = DIRECTION ( 'NONE',  ( 0.0000000000000000000, 1.000000000000000000, 0.0000000000000000000 ) ) ;
#9385 = VECTOR ( 'NONE', #10298, 1000.000000000000000 ) ;
#9386 = CARTESIAN_POINT ( 'NONE',  ( 0.7250000000000000888, 1.850000000000000089, -1.025000000000000133 ) ) ;
#9387 = DIRECTION ( 'NONE',  ( 0.0000000000000000000, 0.0000000000000000000, -1.000000000000000000 ) ) ;
#9388 = DIRECTION ( 'NONE',  ( -0.0000000000000000000, -1.000000000000000000, -0.0000000000000000000 ) ) ;
#9389 = ORIENTED_EDGE ( 'NONE', *, *, #9029, .F. ) ;
#9390 = ORIENTED_EDGE ( 'NONE', *, *, #2849, .T. ) ;
#9391 = ORIENTED_EDGE ( 'NONE', *, *, #8956, .F. ) ;
#9392 = ADVANCED_FACE ( 'NONE', ( #3673 ), #957, .F. ) ;
#9393 = VERTEX_POINT ( 'NONE', #921 ) ;
#9394 = LINE ( 'NONE', #6455, #9547 ) ;
#9395 = CARTESIAN_POINT ( 'NONE',  ( 3.225000000000000089, 0.0000000000000000000, 2.024999999999999911 ) ) ;
#9396 = EDGE_CURVE ( 'NONE', #9823, #250, #2967, .T. ) ;
#9397 = DIRECTION ( 'NONE',  ( 0.0000000000000000000, -1.000000000000000000, 0.0000000000000000000 ) ) ;
#9398 = FACE_OUTER_BOUND ( 'NONE', #1414, .T. ) ;
#9399 = EDGE_CURVE ( 'NONE', #10434, #8517, #4092, .T. ) ;
#9400 = ORIENTED_EDGE ( 'NONE', *, *, #3576, .T. ) ;
#9401 = ORIENTED_EDGE ( 'NONE', *, *, #9922, .F. ) ;
#9402 = VERTEX_POINT ( 'NONE', #1924 ) ;
#9403 = ORIENTED_EDGE ( 'NONE', *, *, #3947, .F. ) ;
#9404 = ADVANCED_FACE ( 'NONE', ( #10960 ), #7125, .T. ) ;
#9405 = LINE ( 'NONE', #8145, #10232 ) ;
#9406 = AXIS2_PLACEMENT_3D ( 'NONE', #8242, #6476, #7373 ) ;
#9407 = LINE ( 'NONE', #5440, #7014 ) ;
#9408 = CARTESIAN_POINT ( 'NONE',  ( 4.474999999999999645, 0.5000000000000000000, 2.024999999999999911 ) ) ;
#9409 = CARTESIAN_POINT ( 'NONE',  ( 4.275000000000000355, 0.0000000000000000000, 0.0000000000000000000 ) ) ;
#9410 =( GEOMETRIC_REPRESENTATION_CONTEXT ( 3 ) GLOBAL_UNCERTAINTY_ASSIGNED_CONTEXT ( ( #2760 ) ) GLOBAL_UNIT_ASSIGNED_CONTEXT ( ( #5826, #468, #1370 ) ) REPRESENTATION_CONTEXT ( 'NONE', 'WORKASPACE' ) );
#9411 = CARTESIAN_POINT ( 'NONE',  ( 9.975000000000003197, 2.224999999999998757, -2.025000000000007905 ) ) ;
#9412 = CARTESIAN_POINT ( 'NONE',  ( 3.225000000000000089, 1.850000000000000089, -1.698606797699999893 ) ) ;
#9413 = EDGE_LOOP ( 'NONE', ( #876, #4938, #7671, #509 ) ) ;
#9414 = CARTESIAN_POINT ( 'NONE',  ( 0.7250000000000000888, 1.850000000000000089, -2.024999999999999911 ) ) ;
#9415 = DIRECTION ( 'NONE',  ( -0.0000000000000000000, -0.0000000000000000000, 1.000000000000000000 ) ) ;
#9416 = ORIENTED_EDGE ( 'NONE', *, *, #7490, .T. ) ;
#9417 = VECTOR ( 'NONE', #3142, 1000.000000000000000 ) ;
#9418 = CARTESIAN_POINT ( 'NONE',  ( 5.724999999999999645, 1.850000000000000089, -1.025000000000000133 ) ) ;
#9419 = LINE ( 'NONE', #1661, #3523 ) ;
#9420 = EDGE_CURVE ( 'NONE', #5220, #10026, #11379, .T. ) ;
#9421 = CARTESIAN_POINT ( 'NONE',  ( 10.37500000000000178, 1.950000000000002176, 1.375000000000006883 ) ) ;
#9422 = DIRECTION ( 'NONE',  ( 0.0000000000000000000, -0.3162277660168379412, 0.9486832980505138790 ) ) ;
#9423 = EDGE_LOOP ( 'NONE', ( #1866, #1658, #3231, #1640 ) ) ;
#9424 = AXIS2_PLACEMENT_3D ( 'NONE', #5724, #4016, #1347 ) ;
#9425 = VERTEX_POINT ( 'NONE', #7199 ) ;
#9426 = STYLED_ITEM ( 'NONE', ( #11636 ), #5906 ) ;
#9427 = VERTEX_POINT ( 'NONE', #1817 ) ;
#9428 = DIRECTION ( 'NONE',  ( -1.000000000000000000, 0.0000000000000000000, 0.0000000000000000000 ) ) ;
#9429 = DIRECTION ( 'NONE',  ( 0.0000000000000000000, 0.0000000000000000000, -1.000000000000000000 ) ) ;
#9430 = LINE ( 'NONE', #1775, #10400 ) ;
#9431 = VECTOR ( 'NONE', #9377, 1000.000000000000000 ) ;
#9432 = CARTESIAN_POINT ( 'NONE',  ( -1.875000000000000000, 3.149999999999999911, 0.02500000000000000139 ) ) ;
#9433 = FACE_OUTER_BOUND ( 'NONE', #392, .T. ) ;
#9434 = EDGE_CURVE ( 'NONE', #7576, #3571, #7168, .T. ) ;
#9435 = EDGE_CURVE ( 'NONE', #7931, #6824, #9014, .T. ) ;
#9436 = VERTEX_POINT ( 'NONE', #2823 ) ;
#9437 = DIRECTION ( 'NONE',  ( -1.000000000000000000, 0.0000000000000000000, 0.0000000000000000000 ) ) ;
#9438 = EDGE_CURVE ( 'NONE', #5477, #4549, #3256, .T. ) ;
#9439 = DIRECTION ( 'NONE',  ( 0.0000000000000000000, 0.6650335612228979176, -0.7468134723257140450 ) ) ;
#9440 = ORIENTED_EDGE ( 'NONE', *, *, #484, .F. ) ;
#9441 = VECTOR ( 'NONE', #2617, 1000.000000000000000 ) ;
#9442 = LINE ( 'NONE', #10173, #7051 ) ;
#9443 = DIRECTION ( 'NONE',  ( 0.0000000000000000000, -0.0000000000000000000, -1.000000000000000000 ) ) ;
#9444 = ORIENTED_EDGE ( 'NONE', *, *, #10864, .T. ) ;
#9445 = CARTESIAN_POINT ( 'NONE',  ( -0.8750000000000000000, 2.250000000000000000, -2.024999999999999911 ) ) ;
#9446 = ORIENTED_EDGE ( 'NONE', *, *, #2121, .F. ) ;
#9447 = VECTOR ( 'NONE', #5022, 1000.000000000000000 ) ;
#9448 = CARTESIAN_POINT ( 'NONE',  ( -2.274999999999999911, 4.240000000000000213, 0.0000000000000000000 ) ) ;
#9449 = EDGE_LOOP ( 'NONE', ( #8544, #190, #2092, #4737 ) ) ;
#9450 = DIRECTION ( 'NONE',  ( 1.000000000000000000, 0.0000000000000000000, 0.0000000000000000000 ) ) ;
#9451 = EDGE_CURVE ( 'NONE', #4259, #8524, #10543, .T. ) ;
#9452 = CARTESIAN_POINT ( 'NONE',  ( -2.500000000000000000, 4.240000000000000213, 2.024999999999999911 ) ) ;
#9453 = DIRECTION ( 'NONE',  ( -1.000000000000000000, 0.0000000000000000000, 0.0000000000000000000 ) ) ;
#9454 = DIRECTION ( 'NONE',  ( 0.0000000000000000000, 0.0000000000000000000, -1.000000000000000000 ) ) ;
#9455 = DIRECTION ( 'NONE',  ( -1.000000000000000000, 0.0000000000000000000, 0.0000000000000000000 ) ) ;
#9456 = VECTOR ( 'NONE', #4648, 1000.000000000000000 ) ;
#9457 = ADVANCED_FACE ( 'NONE', ( #2559 ), #3568, .T. ) ;
#9458 = VECTOR ( 'NONE', #8640, 1000.000000000000000 ) ;
#9459 =( LENGTH_UNIT ( ) NAMED_UNIT ( * ) SI_UNIT ( .MILLI., .METRE. ) );
#9460 = ORIENTED_EDGE ( 'NONE', *, *, #11593, .T. ) ;
#9461 = VECTOR ( 'NONE', #2127, 1000.000000000000000 ) ;
#9462 = EDGE_LOOP ( 'NONE', ( #8555, #1035, #5916, #3269 ) ) ;
#9463 = DIRECTION ( 'NONE',  ( -1.000000000000000000, 0.0000000000000000000, 0.0000000000000000000 ) ) ;
#9464 = ADVANCED_FACE ( 'NONE', ( #2258 ), #147, .F. ) ;
#9465 = LINE ( 'NONE', #7989, #7074 ) ;
#9466 = LINE ( 'NONE', #7785, #9458 ) ;
#9467 = EDGE_CURVE ( 'NONE', #10111, #9555, #9268, .T. ) ;
#9468 = CARTESIAN_POINT ( 'NONE',  ( 3.024999999999999911, 0.0000000000000000000, -1.525000000000000133 ) ) ;
#9469 = DIRECTION ( 'NONE',  ( -1.000000000000000000, 0.0000000000000000000, 0.0000000000000000000 ) ) ;
#9470 = ORIENTED_EDGE ( 'NONE', *, *, #1734, .T. ) ;
#9471 = VECTOR ( 'NONE', #8383, 1000.000000000000000 ) ;
#9472 = DIRECTION ( 'NONE',  ( 0.0000000000000000000, 0.0000000000000000000, 1.000000000000000000 ) ) ;
#9473 = ORIENTED_EDGE ( 'NONE', *, *, #9613, .T. ) ;
#9474 = CARTESIAN_POINT ( 'NONE',  ( -0.7349999999999999867, 1.850000000000000089, -1.025000000000000133 ) ) ;
#9475 = CARTESIAN_POINT ( 'NONE',  ( 1.975000000000000089, 0.5000000000000000000, -1.525000000000000133 ) ) ;
#9476 = CARTESIAN_POINT ( 'NONE',  ( 9.375000000000001776, 2.550000000000000266, -1.474999999999999867 ) ) ;
#9477 = DIRECTION ( 'NONE',  ( 0.0000000000000000000, 1.000000000000000000, 0.0000000000000000000 ) ) ;
#9478 = LINE ( 'NONE', #10244, #3445 ) ;
#9479 = LINE ( 'NONE', #1682, #10158 ) ;
#9480 = CARTESIAN_POINT ( 'NONE',  ( 0.8249999999999999556, 1.850000000000000089, -1.698606797699999893 ) ) ;
#9481 = AXIS2_PLACEMENT_3D ( 'NONE', #7702, #10464, #3264 ) ;
#9482 = ORIENTED_EDGE ( 'NONE', *, *, #2212, .T. ) ;
#9483 =( GEOMETRIC_REPRESENTATION_CONTEXT ( 3 ) GLOBAL_UNCERTAINTY_ASSIGNED_CONTEXT ( ( #2892 ) ) GLOBAL_UNIT_ASSIGNED_CONTEXT ( ( #292, #7450, #8449 ) ) REPRESENTATION_CONTEXT ( 'NONE', 'WORKASPACE' ) );
#9484 = ORIENTED_EDGE ( 'NONE', *, *, #4614, .T. ) ;
#9485 = EDGE_CURVE ( 'NONE', #9703, #2240, #3110, .T. ) ;
#9486 = CARTESIAN_POINT ( 'NONE',  ( -1.375000000000000000, 3.149999999999999911, -2.024999999999999911 ) ) ;
#9487 = EDGE_CURVE ( 'NONE', #4345, #9864, #10951, .T. ) ;
#9488 = CARTESIAN_POINT ( 'NONE',  ( 8.014999999999998792, 1.000000000000000000, -1.025000000000000133 ) ) ;
#9489 = CARTESIAN_POINT ( 'NONE',  ( 3.225000000000000089, 1.350000000000000089, 0.0000000000000000000 ) ) ;
#9490 = LINE ( 'NONE', #6244, #7359 ) ;
#9491 = VECTOR ( 'NONE', #4130, 1000.000000000000114 ) ;
#9492 = ORIENTED_EDGE ( 'NONE', *, *, #5676, .F. ) ;
#9493 = CARTESIAN_POINT ( 'NONE',  ( 1.975000000000000089, 0.0000000000000000000, -2.024999999999999911 ) ) ;
#9494 = ORIENTED_EDGE ( 'NONE', *, *, #3200, .F. ) ;
#9495 = DIRECTION ( 'NONE',  ( 0.0000000000000000000, 2.552445434498790050E-15, -1.000000000000000000 ) ) ;
#9496 =( GEOMETRIC_REPRESENTATION_CONTEXT ( 3 ) GLOBAL_UNCERTAINTY_ASSIGNED_CONTEXT ( ( #5338 ) ) GLOBAL_UNIT_ASSIGNED_CONTEXT ( ( #11549, #981, #8159 ) ) REPRESENTATION_CONTEXT ( 'NONE', 'WORKASPACE' ) );
#9497 = DIRECTION ( 'NONE',  ( 0.0000000000000000000, 0.0000000000000000000, 1.000000000000000000 ) ) ;
#9498 = VECTOR ( 'NONE', #5785, 1000.000000000000000 ) ;
#9499 = FACE_OUTER_BOUND ( 'NONE', #11313, .T. ) ;
#9500 = DIRECTION ( 'NONE',  ( 0.0000000000000000000, 0.0000000000000000000, 1.000000000000000000 ) ) ;
#9501 = VECTOR ( 'NONE', #8311, 1000.000000000000000 ) ;
#9502 = VERTEX_POINT ( 'NONE', #3761 ) ;
#9503 = DIRECTION ( 'NONE',  ( 0.0000000000000000000, 0.0000000000000000000, -1.000000000000000000 ) ) ;
#9504 = CARTESIAN_POINT ( 'NONE',  ( 8.875000000000003553, 3.750000000000000000, 0.02500000000000000139 ) ) ;
#9505 = EDGE_CURVE ( 'NONE', #11055, #1192, #8570, .T. ) ;
#9506 = CARTESIAN_POINT ( 'NONE',  ( 9.975000000000003197, 4.249999999999998224, -2.075000000000001510 ) ) ;
#9507 = DIRECTION ( 'NONE',  ( 0.0000000000000000000, 0.0000000000000000000, -1.000000000000000000 ) ) ;
#9508 = ORIENTED_EDGE ( 'NONE', *, *, #5341, .F. ) ;
#9509 = VECTOR ( 'NONE', #8448, 1000.000000000000000 ) ;
#9510 = SURFACE_STYLE_FILL_AREA ( #2547 ) ;
#9512 = DIRECTION ( 'NONE',  ( 0.0000000000000000000, 1.000000000000000000, -1.084202172485501673E-15 ) ) ;
#9511 = LINE ( 'NONE', #10053, #7240 ) ;
#9513 = ADVANCED_FACE ( 'NONE', ( #9 ), #4918, .T. ) ;
#9514 = PLANE ( 'NONE',  #4263 ) ;
#9515 = VERTEX_POINT ( 'NONE', #8251 ) ;
#9516 = DIRECTION ( 'NONE',  ( 0.0000000000000000000, 1.000000000000000000, -1.084202172485501673E-15 ) ) ;
#9517 = ORIENTED_EDGE ( 'NONE', *, *, #5411, .F. ) ;
#9518 = EDGE_CURVE ( 'NONE', #10995, #9703, #2692, .T. ) ;
#9519 = EDGE_LOOP ( 'NONE', ( #1754, #4201, #4416, #9954 ) ) ;
#9520 = EDGE_CURVE ( 'NONE', #9226, #1376, #278, .T. ) ;
#9521 = ORIENTED_EDGE ( 'NONE', *, *, #8842, .T. ) ;
#9522 = LINE ( 'NONE', #3601, #3770 ) ;
#9523 = ADVANCED_FACE ( 'NONE', ( #5891 ), #382, .F. ) ;
#9524 = DIRECTION ( 'NONE',  ( -0.0000000000000000000, 1.000000000000000000, 0.0000000000000000000 ) ) ;
#9525 = FACE_OUTER_BOUND ( 'NONE', #5108, .T. ) ;
#9526 = AXIS2_PLACEMENT_3D ( 'NONE', #1485, #10489, #8658 ) ;
#9527 = DIRECTION ( 'NONE',  ( 0.0000000000000000000, 0.0000000000000000000, 1.000000000000000000 ) ) ;
#9528 = CARTESIAN_POINT ( 'NONE',  ( -2.274999999999999911, 1.999999999999997780, -2.024999999999999911 ) ) ;
#9529 = DIRECTION ( 'NONE',  ( 0.0000000000000000000, 0.0000000000000000000, 1.000000000000000000 ) ) ;
#9530 = VERTEX_POINT ( 'NONE', #1286 ) ;
#9531 = ORIENTED_EDGE ( 'NONE', *, *, #10935, .F. ) ;
#9532 = ORIENTED_EDGE ( 'NONE', *, *, #7281, .F. ) ;
#9533 = CARTESIAN_POINT ( 'NONE',  ( 10.37500000000000178, 1.000000000000000000, -1.525000000000000133 ) ) ;
#9534 = ORIENTED_EDGE ( 'NONE', *, *, #5623, .T. ) ;
#9535 = ORIENTED_EDGE ( 'NONE', *, *, #6681, .F. ) ;
#9536 = VECTOR ( 'NONE', #6839, 1000.000000000000000 ) ;
#9537 = VECTOR ( 'NONE', #2622, 1000.000000000000000 ) ;
#9538 = CARTESIAN_POINT ( 'NONE',  ( 3.225000000000000089, -0.6500000000000000222, -1.775000000000000133 ) ) ;
#9539 = EDGE_CURVE ( 'NONE', #3593, #11548, #6167, .T. ) ;
#9540 = CARTESIAN_POINT ( 'NONE',  ( 1.775000000000000133, 1.649999999999999911, -1.474999999999999867 ) ) ;
#9541 = DIRECTION ( 'NONE',  ( 1.000000000000000000, 0.0000000000000000000, 0.0000000000000000000 ) ) ;
#9542 = VERTEX_POINT ( 'NONE', #185 ) ;
#9543 = ORIENTED_EDGE ( 'NONE', *, *, #5592, .F. ) ;
#9544 = VERTEX_POINT ( 'NONE', #6446 ) ;
#9545 = VERTEX_POINT ( 'NONE', #3807 ) ;
#9546 = ORIENTED_EDGE ( 'NONE', *, *, #10634, .F. ) ;
#9547 = VECTOR ( 'NONE', #10108, 1000.000000000000000 ) ;
#9548 = VECTOR ( 'NONE', #6438, 1000.000000000000000 ) ;
#9549 = FILL_AREA_STYLE ('',( #2412 ) ) ;
#9550 = CARTESIAN_POINT ( 'NONE',  ( -0.3750000000000000000, 2.750000000000000000, -0.4749999999999999778 ) ) ;
#9551 = VERTEX_POINT ( 'NONE', #1365 ) ;
#9552 = CARTESIAN_POINT ( 'NONE',  ( 1.775000000000000133, 1.649999999999999911, -1.025000000000000133 ) ) ;
#9553 = DIRECTION ( 'NONE',  ( 0.0000000000000000000, -1.339206523454102177E-15, -1.000000000000000000 ) ) ;
#9554 = ORIENTED_EDGE ( 'NONE', *, *, #2986, .F. ) ;
#9555 = VERTEX_POINT ( 'NONE', #8498 ) ;
#9556 = DIRECTION ( 'NONE',  ( 0.0000000000000000000, 0.0000000000000000000, -1.000000000000000000 ) ) ;
#9557 = EDGE_CURVE ( 'NONE', #4456, #6659, #4757, .T. ) ;
#9558 = DIRECTION ( 'NONE',  ( -1.000000000000000000, 0.0000000000000000000, 0.0000000000000000000 ) ) ;
#9559 = DIRECTION ( 'NONE',  ( 0.0000000000000000000, -4.336808689942024836E-15, 1.000000000000000000 ) ) ;
#9560 = EDGE_CURVE ( 'NONE', #4281, #1103, #7155, .T. ) ;
#9561 = VECTOR ( 'NONE', #8726, 1000.000000000000000 ) ;
#9562 = CARTESIAN_POINT ( 'NONE',  ( 1.975000000000000089, 1.350000000000000089, 0.0000000000000000000 ) ) ;
#9563 = VECTOR ( 'NONE', #465, 1000.000000000000000 ) ;
#9564 = VERTEX_POINT ( 'NONE', #7308 ) ;
#9565 = CARTESIAN_POINT ( 'NONE',  ( 4.474999999999999645, 0.3499999999999999778, -2.075000000000000178 ) ) ;
#9566 = ORIENTED_EDGE ( 'NONE', *, *, #7113, .T. ) ;
#9567 = FACE_OUTER_BOUND ( 'NONE', #1093, .T. ) ;
#9568 = AXIS2_PLACEMENT_3D ( 'NONE', #4759, #4650, #9207 ) ;
#9569 = CARTESIAN_POINT ( 'NONE',  ( -0.8750000000000000000, 3.750000000000000000, -2.024999999999999911 ) ) ;
#9570 = VECTOR ( 'NONE', #1495, 1000.000000000000000 ) ;
#9571 = DIRECTION ( 'NONE',  ( 0.0000000000000000000, 1.339206523454101388E-15, 1.000000000000000000 ) ) ;
#9572 = AXIS2_PLACEMENT_3D ( 'NONE', #11577, #5344, #1597 ) ;
#9573 = FACE_OUTER_BOUND ( 'NONE', #10038, .T. ) ;
#9574 = PLANE ( 'NONE',  #1160 ) ;
#9575 = ADVANCED_FACE ( 'NONE', ( #2403 ), #11126, .T. ) ;
#9576 = ORIENTED_EDGE ( 'NONE', *, *, #7884, .F. ) ;
#9577 = VERTEX_POINT ( 'NONE', #1998 ) ;
#9578 = CARTESIAN_POINT ( 'NONE',  ( 9.975000000000003197, 3.600000000000000089, -1.425000000000000933 ) ) ;
#9579 = LINE ( 'NONE', #8427, #7322 ) ;
#9580 = EDGE_CURVE ( 'NONE', #5649, #9542, #11239, .T. ) ;
#9581 = CARTESIAN_POINT ( 'NONE',  ( 10.37500000000000178, 1.000000000000000000, -2.024999999999999911 ) ) ;
#9582 = DIRECTION ( 'NONE',  ( 1.000000000000000000, 0.0000000000000000000, 0.0000000000000000000 ) ) ;
#9583 = VECTOR ( 'NONE', #6693, 1000.000000000000000 ) ;
#9584 = DIRECTION ( 'NONE',  ( 0.0000000000000000000, -0.6650335612228979176, -0.7468134723257140450 ) ) ;
#9585 = VECTOR ( 'NONE', #1076, 1000.000000000000000 ) ;
#9586 = ORIENTED_EDGE ( 'NONE', *, *, #6907, .T. ) ;
#9587 = LINE ( 'NONE', #3624, #1742 ) ;
#9588 = AXIS2_PLACEMENT_3D ( 'NONE', #6380, #1934, #120 ) ;
#9589 = DIRECTION ( 'NONE',  ( 0.0000000000000000000, 0.0000000000000000000, 1.000000000000000000 ) ) ;
#9590 = CARTESIAN_POINT ( 'NONE',  ( 4.474999999999999645, -0.6500000000000000222, -2.075000000000000178 ) ) ;
#9591 = ORIENTED_EDGE ( 'NONE', *, *, #5300, .F. ) ;
#9592 = PLANE ( 'NONE',  #792 ) ;
#9593 = LINE ( 'NONE', #7953, #6900 ) ;
#9594 = VECTOR ( 'NONE', #4316, 1000.000000000000000 ) ;
#9595 = EDGE_CURVE ( 'NONE', #9674, #4891, #585, .T. ) ;
#9596 = DIRECTION ( 'NONE',  ( 0.0000000000000000000, 0.0000000000000000000, -1.000000000000000000 ) ) ;
#9597 = CARTESIAN_POINT ( 'NONE',  ( 5.735000000000000320, 1.000000000000000000, -1.474999999999999867 ) ) ;
#9598 = PLANE ( 'NONE',  #3774 ) ;
#9599 = EDGE_CURVE ( 'NONE', #7032, #11394, #4907, .T. ) ;
#9600 = DIRECTION ( 'NONE',  ( -0.0000000000000000000, 1.000000000000000000, 0.0000000000000000000 ) ) ;
#9601 = ORIENTED_EDGE ( 'NONE', *, *, #9204, .T. ) ;
#9602 = FACE_OUTER_BOUND ( 'NONE', #850, .T. ) ;
#9603 = CARTESIAN_POINT ( 'NONE',  ( 9.775000000000002132, 0.6000000000000024203, 1.375000000000002442 ) ) ;
#9604 = EDGE_LOOP ( 'NONE', ( #9193, #9940, #5894, #5577 ) ) ;
#9605 = DIRECTION ( 'NONE',  ( -1.000000000000000000, 0.0000000000000000000, 0.0000000000000000000 ) ) ;
#9606 = LINE ( 'NONE', #4438, #7462 ) ;
#9607 = LINE ( 'NONE', #5261, #8908 ) ;
#9608 = CARTESIAN_POINT ( 'NONE',  ( 5.525000000000000355, 0.0000000000000000000, -2.024999999999999911 ) ) ;
#9609 = AXIS2_PLACEMENT_3D ( 'NONE', #6826, #5027, #11237 ) ;
#9610 = VERTEX_POINT ( 'NONE', #10421 ) ;
#9611 = CARTESIAN_POINT ( 'NONE',  ( 9.775000000000002132, 3.600000000000000977, -0.07499999999999998335 ) ) ;
#9612 = LINE ( 'NONE', #10661, #6639 ) ;
#9613 = EDGE_CURVE ( 'NONE', #8684, #639, #3808, .T. ) ;
#9614 = PLANE ( 'NONE',  #7801 ) ;
#9615 = ORIENTED_EDGE ( 'NONE', *, *, #11641, .T. ) ;
#9616 = CARTESIAN_POINT ( 'NONE',  ( 5.514999999999999680, 1.850000000000000089, -2.024999999999999911 ) ) ;
#9617 = VECTOR ( 'NONE', #11446, 1000.000000000000000 ) ;
#9618 = LINE ( 'NONE', #841, #5398 ) ;
#9619 = CARTESIAN_POINT ( 'NONE',  ( 8.225000000000003197, 1.000000000000000000, -1.525000000000000133 ) ) ;
#9620 = PLANE ( 'NONE',  #10290 ) ;
#9621 = ORIENTED_EDGE ( 'NONE', *, *, #10103, .T. ) ;
#9622 = VECTOR ( 'NONE', #9040, 1000.000000000000000 ) ;
#9623 = ORIENTED_EDGE ( 'NONE', *, *, #611, .F. ) ;
#9624 = CARTESIAN_POINT ( 'NONE',  ( 4.264999999999999680, 1.850000000000000089, -1.025000000000000133 ) ) ;
#9625 = EDGE_CURVE ( 'NONE', #8414, #6138, #4504, .T. ) ;
#9626 = CARTESIAN_POINT ( 'NONE',  ( 1.775000000000000133, 1.850000000000000089, 2.024999999999999911 ) ) ;
#9627 = EDGE_CURVE ( 'NONE', #13, #2928, #11369, .T. ) ;
#9628 = VECTOR ( 'NONE', #5240, 1000.000000000000000 ) ;
#9629 = APPLICATION_PROTOCOL_DEFINITION ( 'draft international standard', 'automotive_design', 1998, #1634 ) ;
#9630 = VECTOR ( 'NONE', #8526, 1000.000000000000000 ) ;
#9631 = ORIENTED_EDGE ( 'NONE', *, *, #9924, .T. ) ;
#9632 = ORIENTED_EDGE ( 'NONE', *, *, #11618, .T. ) ;
#9633 = ADVANCED_FACE ( 'NONE', ( #1417 ), #9614, .F. ) ;
#9634 = PLANE ( 'NONE',  #5235 ) ;
#9635 = SURFACE_SIDE_STYLE ('',( #7478 ) ) ;
#9636 = CARTESIAN_POINT ( 'NONE',  ( 4.275000000000000355, 1.795247431900000024, 2.024999999999999911 ) ) ;
#9637 = FILL_AREA_STYLE_COLOUR ( '', #4845 ) ;
#9638 = LINE ( 'NONE', #6834, #7226 ) ;
#9639 = FACE_OUTER_BOUND ( 'NONE', #7791, .T. ) ;
#9640 =( GEOMETRIC_REPRESENTATION_CONTEXT ( 3 ) GLOBAL_UNCERTAINTY_ASSIGNED_CONTEXT ( ( #2242 ) ) GLOBAL_UNIT_ASSIGNED_CONTEXT ( ( #8467, #1342, #6699 ) ) REPRESENTATION_CONTEXT ( 'NONE', 'WORKASPACE' ) );
#9641 = LINE ( 'NONE', #6359, #7100 ) ;
#9642 = DIRECTION ( 'NONE',  ( 0.0000000000000000000, -1.000000000000000000, 0.0000000000000000000 ) ) ;
#9643 = ORIENTED_EDGE ( 'NONE', *, *, #5853, .F. ) ;
#9644 = ADVANCED_FACE ( 'NONE', ( #10686 ), #5978, .T. ) ;
#9645 = ORIENTED_EDGE ( 'NONE', *, *, #2153, .T. ) ;
#9646 = VERTEX_POINT ( 'NONE', #8708 ) ;
#9647 = CARTESIAN_POINT ( 'NONE',  ( 3.015000000000000124, 1.000000000000000000, -1.025000000000000133 ) ) ;
#9648 = ORIENTED_EDGE ( 'NONE', *, *, #11641, .F. ) ;
#9649 = CARTESIAN_POINT ( 'NONE',  ( 4.275000000000000355, 1.850000000000000089, -1.698606797699999893 ) ) ;
#9650 = VECTOR ( 'NONE', #289, 1000.000000000000000 ) ;
#9651 = FACE_OUTER_BOUND ( 'NONE', #843, .T. ) ;
#9652 = CARTESIAN_POINT ( 'NONE',  ( 8.675000000000002487, 2.550000000000000266, 2.024999999999999911 ) ) ;
#9653 = VECTOR ( 'NONE', #9831, 1000.000000000000000 ) ;
#9654 = EDGE_LOOP ( 'NONE', ( #1082, #8289, #3847, #270 ) ) ;
#9655 = DIRECTION ( 'NONE',  ( 0.0000000000000000000, 0.6650335612228979176, -0.7468134723257140450 ) ) ;
#9656 = ORIENTED_EDGE ( 'NONE', *, *, #6265, .T. ) ;
#9657 = VECTOR ( 'NONE', #11185, 1000.000000000000000 ) ;
#9658 = VECTOR ( 'NONE', #9199, 1000.000000000000000 ) ;
#9659 = EDGE_CURVE ( 'NONE', #1080, #9555, #4084, .T. ) ;
#9660 = CARTESIAN_POINT ( 'NONE',  ( 6.765000000000000568, 1.000000000000000000, -1.474999999999999867 ) ) ;
#9661 = FACE_OUTER_BOUND ( 'NONE', #3971, .T. ) ;
#9662 = ORIENTED_EDGE ( 'NONE', *, *, #947, .F. ) ;
#9663 = EDGE_CURVE ( 'NONE', #5986, #6162, #1716, .T. ) ;
#9664 = VERTEX_POINT ( 'NONE', #1489 ) ;
#9665 = EDGE_LOOP ( 'NONE', ( #6918, #3438, #2879, #4857 ) ) ;
#9666 = ORIENTED_EDGE ( 'NONE', *, *, #2319, .F. ) ;
#9667 = CARTESIAN_POINT ( 'NONE',  ( 0.7250000000000000888, 0.0000000000000000000, 2.024999999999999911 ) ) ;
#9668 = VERTEX_POINT ( 'NONE', #4188 ) ;
#9669 = LINE ( 'NONE', #9448, #9105 ) ;
#9670 = CARTESIAN_POINT ( 'NONE',  ( 0.7249999999999998668, 0.05000000000000002359, -1.775000000000000133 ) ) ;
#9671 = DIRECTION ( 'NONE',  ( 0.0000000000000000000, 0.0000000000000000000, -1.000000000000000000 ) ) ;
#9672 = STYLED_ITEM ( 'NONE', ( #6142 ), #6187 ) ;
#9673 = EDGE_CURVE ( 'NONE', #8530, #7477, #7860, .T. ) ;
#9674 = VERTEX_POINT ( 'NONE', #8745 ) ;
#9675 = VERTEX_POINT ( 'NONE', #11361 ) ;
#9676 = VERTEX_POINT ( 'NONE', #10497 ) ;
#9677 = CARTESIAN_POINT ( 'NONE',  ( 10.00000000000000178, 4.240000000000000213, -0.07499999999999998335 ) ) ;
#9678 = ORIENTED_EDGE ( 'NONE', *, *, #4784, .T. ) ;
#9679 = PRESENTATION_LAYER_ASSIGNMENT (  '', '', ( #822 ) ) ;
#9680 = ORIENTED_EDGE ( 'NONE', *, *, #10293, .F. ) ;
#9681 = FACE_OUTER_BOUND ( 'NONE', #5366, .T. ) ;
#9682 = LINE ( 'NONE', #6292, #7269 ) ;
#9683 = CARTESIAN_POINT ( 'NONE',  ( -1.875000000000000000, 2.550000000000000266, -1.474999999999999867 ) ) ;
#9684 = CARTESIAN_POINT ( 'NONE',  ( 4.485000000000000320, 1.000000000000000000, -1.025000000000000133 ) ) ;
#9685 = DIRECTION ( 'NONE',  ( 0.0000000000000000000, 0.0000000000000000000, -1.000000000000000000 ) ) ;
#9686 = EDGE_LOOP ( 'NONE', ( #10384, #9351, #7853, #253 ) ) ;
#9687 = CARTESIAN_POINT ( 'NONE',  ( 8.875000000000003553, 3.750000000000000000, 2.024999999999999911 ) ) ;
#9688 = ORIENTED_EDGE ( 'NONE', *, *, #5264, .T. ) ;
#9689 = EDGE_LOOP ( 'NONE', ( #3374, #11461, #11450, #5940 ) ) ;
#9690 = ADVANCED_FACE ( 'NONE', ( #3526 ), #1528, .T. ) ;
#9691 = ORIENTED_EDGE ( 'NONE', *, *, #1102, .F. ) ;
#9692 = CARTESIAN_POINT ( 'NONE',  ( 8.225000000000003197, 1.850000000000000089, -2.024999999999999911 ) ) ;
#9693 = AXIS2_PLACEMENT_3D ( 'NONE', #937, #5307, #7180 ) ;
#9694 = FACE_OUTER_BOUND ( 'NONE', #2846, .T. ) ;
#9695 = EDGE_CURVE ( 'NONE', #260, #5497, #5343, .T. ) ;
#9696 = CARTESIAN_POINT ( 'NONE',  ( 9.975000000000003197, 1.999999999999998668, -1.425000000000000933 ) ) ;
#9697 = VECTOR ( 'NONE', #9125, 1000.000000000000000 ) ;
#9698 = CARTESIAN_POINT ( 'NONE',  ( 3.750000000000000000, 0.0000000000000000000, -1.025000000000000133 ) ) ;
#9699 = CARTESIAN_POINT ( 'NONE',  ( -0.8249999999999999556, 1.649999999999999911, -1.474999999999999867 ) ) ;
#9700 = DIRECTION ( 'NONE',  ( 1.000000000000000000, 0.0000000000000000000, 0.0000000000000000000 ) ) ;
#9701 = CARTESIAN_POINT ( 'NONE',  ( 3.234999999999999876, 1.000000000000000000, -1.474999999999999867 ) ) ;
#9702 = CARTESIAN_POINT ( 'NONE',  ( -0.5150000000000000133, 1.850000000000000089, -1.025000000000000133 ) ) ;
#9703 = VERTEX_POINT ( 'NONE', #1573 ) ;
#9704 = ORIENTED_EDGE ( 'NONE', *, *, #676, .T. ) ;
#9705 = DIRECTION ( 'NONE',  ( 0.0000000000000000000, -1.000000000000000000, 0.0000000000000000000 ) ) ;
#9706 = DIRECTION ( 'NONE',  ( -1.000000000000000000, 0.0000000000000000000, 0.0000000000000000000 ) ) ;
#9707 = LINE ( 'NONE', #11388, #2530 ) ;
#9708 = VECTOR ( 'NONE', #10337, 1000.000000000000000 ) ;
#9709 = AXIS2_PLACEMENT_3D ( 'NONE', #9205, #3842, #6445 ) ;
#9710 = CARTESIAN_POINT ( 'NONE',  ( 4.474999999999999645, 0.5000000000000000000, 2.024999999999999911 ) ) ;
#9711 = VERTEX_POINT ( 'NONE', #2393 ) ;
#9712 = EDGE_CURVE ( 'NONE', #6044, #729, #2954, .T. ) ;
#9713 = PLANE ( 'NONE',  #6466 ) ;
#9714 = CARTESIAN_POINT ( 'NONE',  ( 6.974999999999999645, 0.3500000000000000333, -2.024999999999999911 ) ) ;
#9715 = ORIENTED_EDGE ( 'NONE', *, *, #1717, .F. ) ;
#9716 = DIRECTION ( 'NONE',  ( 0.0000000000000000000, 1.000000000000000000, 0.0000000000000000000 ) ) ;
#9717 = EDGE_CURVE ( 'NONE', #5497, #9007, #10100, .T. ) ;
#9718 = CARTESIAN_POINT ( 'NONE',  ( 0.07499999999999998335, 1.850000000000000089, -1.474999999999999867 ) ) ;
#9719 = FACE_OUTER_BOUND ( 'NONE', #9975, .T. ) ;
#9720 = CARTESIAN_POINT ( 'NONE',  ( 6.325000000000002842, 1.850000000000000089, -1.474999999999999867 ) ) ;
#9721 = LINE ( 'NONE', #4977, #2427 ) ;
#9722 = CARTESIAN_POINT ( 'NONE',  ( 3.234999999999999876, 1.850000000000000089, -1.025000000000000133 ) ) ;
#9723 = ORIENTED_EDGE ( 'NONE', *, *, #1482, .T. ) ;
#9724 = DIRECTION ( 'NONE',  ( 0.0000000000000000000, 1.000000000000000000, 0.0000000000000000000 ) ) ;
#9725 = ORIENTED_EDGE ( 'NONE', *, *, #8130, .F. ) ;
#9726 = DIRECTION ( 'NONE',  ( -0.0000000000000000000, -1.000000000000000000, -3.219646771412953967E-15 ) ) ;
#9727 = SURFACE_STYLE_USAGE ( .BOTH. , #3449 ) ;
#9728 = FACE_OUTER_BOUND ( 'NONE', #844, .T. ) ;
#9729 = CARTESIAN_POINT ( 'NONE',  ( 4.474999999999999645, 1.350000000000000089, 0.0000000000000000000 ) ) ;
#9730 = VECTOR ( 'NONE', #7382, 1000.000000000000000 ) ;
#9731 = ORIENTED_EDGE ( 'NONE', *, *, #9663, .F. ) ;
#9732 = LINE ( 'NONE', #8730, #9036 ) ;
#9733 = CARTESIAN_POINT ( 'NONE',  ( 6.675000000000000711, 1.850000000000000089, -1.698606797699999893 ) ) ;
#9734 = EDGE_CURVE ( 'NONE', #11133, #3476, #150, .T. ) ;
#9735 = DIRECTION ( 'NONE',  ( 0.0000000000000000000, 0.6650335612228979176, -0.7468134723257140450 ) ) ;
#9736 = DIRECTION ( 'NONE',  ( 0.0000000000000000000, 0.0000000000000000000, -1.000000000000000000 ) ) ;
#9737 = ORIENTED_EDGE ( 'NONE', *, *, #2695, .F. ) ;
#9738 = CARTESIAN_POINT ( 'NONE',  ( 5.075000000000000178, 1.850000000000000089, -1.474999999999999867 ) ) ;
#9739 = FACE_OUTER_BOUND ( 'NONE', #5990, .T. ) ;
#9740 = CARTESIAN_POINT ( 'NONE',  ( -0.7249999999999999778, 1.350000000000000089, 1.525000000000000133 ) ) ;
#9741 = LINE ( 'NONE', #2483, #3426 ) ;
#9742 = CARTESIAN_POINT ( 'NONE',  ( 8.224999999999999645, 1.350000000000000089, -1.525000000000000133 ) ) ;
#9743 = DIRECTION ( 'NONE',  ( 1.000000000000000000, 0.0000000000000000000, 0.0000000000000000000 ) ) ;
#9744 = ORIENTED_EDGE ( 'NONE', *, *, #6858, .T. ) ;
#9745 = VECTOR ( 'NONE', #1985, 1000.000000000000000 ) ;
#9746 = VERTEX_POINT ( 'NONE', #3214 ) ;
#9747 = EDGE_CURVE ( 'NONE', #2067, #10193, #434, .T. ) ;
#9748 = CARTESIAN_POINT ( 'NONE',  ( 9.375000000000001776, 3.750000000000000000, 0.02500000000000000139 ) ) ;
#9749 = DIRECTION ( 'NONE',  ( 1.000000000000000000, 0.0000000000000000000, 0.0000000000000000000 ) ) ;
#9750 = EDGE_CURVE ( 'NONE', #8880, #4748, #7562, .T. ) ;
#9751 = ADVANCED_FACE ( 'NONE', ( #4635 ), #4425, .T. ) ;
#9752 = PLANE ( 'NONE',  #7041 ) ;
#9753 = CARTESIAN_POINT ( 'NONE',  ( 5.525000000000000355, 0.0000000000000000000, 2.024999999999999911 ) ) ;
#9754 = FACE_OUTER_BOUND ( 'NONE', #10502, .T. ) ;
#9755 =( NAMED_UNIT ( * ) SI_UNIT ( $, .STERADIAN. ) SOLID_ANGLE_UNIT ( ) );
#9756 = ORIENTED_EDGE ( 'NONE', *, *, #4580, .F. ) ;
#9757 = VECTOR ( 'NONE', #7972, 1000.000000000000000 ) ;
#9758 = VERTEX_POINT ( 'NONE', #7649 ) ;
#9759 = ADVANCED_FACE ( 'NONE', ( #9137 ), #6964, .T. ) ;
#9760 = CARTESIAN_POINT ( 'NONE',  ( 4.485000000000000320, 1.850000000000000089, -1.025000000000000133 ) ) ;
#9761 = SURFACE_STYLE_FILL_AREA ( #2376 ) ;
#9762 = AXIS2_PLACEMENT_3D ( 'NONE', #2373, #491, #10362 ) ;
#9763 = FACE_OUTER_BOUND ( 'NONE', #10152, .T. ) ;
#9764 = EDGE_CURVE ( 'NONE', #10643, #1543, #11518, .T. ) ;
#9765 = DIRECTION ( 'NONE',  ( -1.000000000000000000, 0.0000000000000000000, 0.0000000000000000000 ) ) ;
#9766 = EDGE_LOOP ( 'NONE', ( #10837, #10371, #10624, #1447 ) ) ;
#9767 = SURFACE_STYLE_USAGE ( .BOTH. , #2561 ) ;
#9768 = VERTEX_POINT ( 'NONE', #6166 ) ;
#9769 = DIRECTION ( 'NONE',  ( 0.0000000000000000000, -1.000000000000000000, 0.0000000000000000000 ) ) ;
#9770 = DIRECTION ( 'NONE',  ( 0.0000000000000000000, -3.295974604355854593E-17, -1.000000000000000000 ) ) ;
#9771 = VECTOR ( 'NONE', #2814, 1000.000000000000000 ) ;
#9772 = FACE_OUTER_BOUND ( 'NONE', #5095, .T. ) ;
#9773 = CARTESIAN_POINT ( 'NONE',  ( 4.474999999999999645, 1.000000000000000000, -1.525000000000000133 ) ) ;
#9774 = CARTESIAN_POINT ( 'NONE',  ( 0.7349999999999999867, 1.000000000000000000, -2.024999999999999911 ) ) ;
#9775 = VERTEX_POINT ( 'NONE', #1615 ) ;
#9776 = ORIENTED_EDGE ( 'NONE', *, *, #6312, .T. ) ;
#9777 = EDGE_CURVE ( 'NONE', #5740, #3776, #1981, .T. ) ;
#9778 = CARTESIAN_POINT ( 'NONE',  ( 8.225000000000001421, 0.3499999999999999778, -2.075000000000000178 ) ) ;
#9779 = DIRECTION ( 'NONE',  ( 0.0000000000000000000, 0.0000000000000000000, 1.000000000000000000 ) ) ;
#9780 = EDGE_CURVE ( 'NONE', #4621, #7266, #10235, .T. ) ;
#9781 = VECTOR ( 'NONE', #7767, 1000.000000000000000 ) ;
#9782 = LINE ( 'NONE', #3768, #10328 ) ;
#9783 = VECTOR ( 'NONE', #4736, 1000.000000000000114 ) ;
#9784 = DIRECTION ( 'NONE',  ( 0.0000000000000000000, 1.000000000000000000, 0.0000000000000000000 ) ) ;
#9785 = ORIENTED_EDGE ( 'NONE', *, *, #4006, .T. ) ;
#9786 = DIRECTION ( 'NONE',  ( 0.0000000000000000000, 0.0000000000000000000, -1.000000000000000000 ) ) ;
#9787 = DIRECTION ( 'NONE',  ( 0.0000000000000000000, -1.000000000000000000, 0.0000000000000000000 ) ) ;
#9788 = ORIENTED_EDGE ( 'NONE', *, *, #98, .T. ) ;
#9789 = LINE ( 'NONE', #363, #4858 ) ;
#9790 = CARTESIAN_POINT ( 'NONE',  ( 9.775000000000002132, 0.6000000000000024203, 1.375000000000002442 ) ) ;
#9791 = LINE ( 'NONE', #2550, #5842 ) ;
#9792 = VERTEX_POINT ( 'NONE', #1698 ) ;
#9793 = SURFACE_STYLE_USAGE ( .BOTH. , #9870 ) ;
#9794 = PLANE ( 'NONE',  #7461 ) ;
#9795 = DIRECTION ( 'NONE',  ( 0.0000000000000000000, 0.0000000000000000000, -1.000000000000000000 ) ) ;
#9796 = EDGE_CURVE ( 'NONE', #164, #9856, #5879, .T. ) ;
#9797 = CARTESIAN_POINT ( 'NONE',  ( 9.975000000000003197, 1.999999999999998668, -1.425000000000000933 ) ) ;
#9798 = VERTEX_POINT ( 'NONE', #11517 ) ;
#9799 = DIRECTION ( 'NONE',  ( 0.0000000000000000000, 0.0000000000000000000, -1.000000000000000000 ) ) ;
#9800 = ORIENTED_EDGE ( 'NONE', *, *, #6753, .T. ) ;
#9801 = ORIENTED_EDGE ( 'NONE', *, *, #8565, .F. ) ;
#9802 = VECTOR ( 'NONE', #4271, 1000.000000000000000 ) ;
#9803 = CARTESIAN_POINT ( 'NONE',  ( 2.875000000000000000, 0.0000000000000000000, -1.525000000000000133 ) ) ;
#9804 = AXIS2_PLACEMENT_3D ( 'NONE', #10385, #597, #5982 ) ;
#9805 = CARTESIAN_POINT ( 'NONE',  ( 4.274999999999999467, 0.3500000000000000333, -2.024999999999999911 ) ) ;
#9806 = DIRECTION ( 'NONE',  ( 0.0000000000000000000, -1.000000000000000000, 0.0000000000000000000 ) ) ;
#9807 = CARTESIAN_POINT ( 'NONE',  ( 9.775000000000002132, 1.950000000000002176, 1.375000000000006883 ) ) ;
#9808 = DIRECTION ( 'NONE',  ( 0.0000000000000000000, 0.0000000000000000000, 1.000000000000000000 ) ) ;
#9809 = ORIENTED_EDGE ( 'NONE', *, *, #8681, .F. ) ;
#9810 = ORIENTED_EDGE ( 'NONE', *, *, #8143, .F. ) ;
#9811 = DIRECTION ( 'NONE',  ( 1.000000000000000000, 0.0000000000000000000, 0.0000000000000000000 ) ) ;
#9812 = EDGE_LOOP ( 'NONE', ( #2370, #3216, #10562, #2584, #1713, #5711, #9666, #6063, #7597, #4190, #11051, #6415, #7022, #3481, #8375, #10883, #7804, #3065, #7501, #6873, #2141, #539, #1163, #1010, #281, #7319, #9378, #4249, #7982, #7863, #4071, #7243, #11499, #6263, #10055, #3788, #3512, #2686, #9130, #6160, #7142, #1785, #10303, #10338 ) ) ;
#9813 = EDGE_CURVE ( 'NONE', #6828, #6516, #9126, .T. ) ;
#9814 = VERTEX_POINT ( 'NONE', #11474 ) ;
#9815 = ORIENTED_EDGE ( 'NONE', *, *, #8531, .T. ) ;
#9816 = VECTOR ( 'NONE', #2147, 1000.000000000000000 ) ;
#9817 = CARTESIAN_POINT ( 'NONE',  ( 5.825000000000000178, 1.850000000000000089, 2.024999999999999911 ) ) ;
#9818 = VECTOR ( 'NONE', #6908, 1000.000000000000000 ) ;
#9819 = CARTESIAN_POINT ( 'NONE',  ( 6.775000000000000355, 0.5000000000000000000, -1.525000000000000133 ) ) ;
#9820 = ORIENTED_EDGE ( 'NONE', *, *, #6738, .T. ) ;
#9821 = CARTESIAN_POINT ( 'NONE',  ( 3.225000000000000089, 0.05000000000000002359, -1.775000000000000133 ) ) ;
#9822 = ORIENTED_EDGE ( 'NONE', *, *, #10393, .T. ) ;
#9823 = VERTEX_POINT ( 'NONE', #8937 ) ;
#9824 = ORIENTED_EDGE ( 'NONE', *, *, #3758, .T. ) ;
#9825 =( LENGTH_UNIT ( ) NAMED_UNIT ( * ) SI_UNIT ( .MILLI., .METRE. ) );
#9826 = CARTESIAN_POINT ( 'NONE',  ( 10.37500000000000178, 1.000000000000000000, -1.525000000000000133 ) ) ;
#9827 = CARTESIAN_POINT ( 'NONE',  ( 1.975000000000000089, 0.5000000000000000000, 2.024999999999999911 ) ) ;
#9828 = LINE ( 'NONE', #10165, #11070 ) ;
#9829 = AXIS2_PLACEMENT_3D ( 'NONE', #7374, #7519, #11030 ) ;
#9830 = EDGE_CURVE ( 'NONE', #11253, #13, #3378, .T. ) ;
#9831 = DIRECTION ( 'NONE',  ( 0.0000000000000000000, 0.0000000000000000000, 1.000000000000000000 ) ) ;
#9832 = ORIENTED_EDGE ( 'NONE', *, *, #4995, .T. ) ;
#9833 = STYLED_ITEM ( 'NONE', ( #7449 ), #1837 ) ;
#9834 = ORIENTED_EDGE ( 'NONE', *, *, #6218, .T. ) ;
#9835 = ORIENTED_EDGE ( 'NONE', *, *, #8625, .T. ) ;
#9836 = DIRECTION ( 'NONE',  ( 1.000000000000000000, 0.0000000000000000000, 0.0000000000000000000 ) ) ;
#9837 = LINE ( 'NONE', #11225, #7698 ) ;
#9838 = PLANE ( 'NONE',  #7963 ) ;
#9839 = VECTOR ( 'NONE', #5117, 1000.000000000000000 ) ;
#9840 = CARTESIAN_POINT ( 'NONE',  ( -1.375000000000000000, 3.750000000000000000, -2.024999999999999911 ) ) ;
#9841 = ORIENTED_EDGE ( 'NONE', *, *, #2203, .F. ) ;
#9842 = ORIENTED_EDGE ( 'NONE', *, *, #4489, .T. ) ;
#9843 = DIRECTION ( 'NONE',  ( -1.000000000000000000, 0.0000000000000000000, 0.0000000000000000000 ) ) ;
#9844 = SURFACE_STYLE_FILL_AREA ( #6569 ) ;
#9845 = EDGE_CURVE ( 'NONE', #2199, #9792, #6157, .T. ) ;
#9846 = CARTESIAN_POINT ( 'NONE',  ( 8.224999999999999645, -0.6500000000000000222, -1.775000000000000133 ) ) ;
#9847 = CARTESIAN_POINT ( 'NONE',  ( 3.015000000000000124, 1.850000000000000089, -1.025000000000000133 ) ) ;
#9848 = DIRECTION ( 'NONE',  ( -0.0000000000000000000, 1.000000000000000000, 0.0000000000000000000 ) ) ;
#9849 = EDGE_CURVE ( 'NONE', #7106, #2210, #2816, .T. ) ;
#9850 = CARTESIAN_POINT ( 'NONE',  ( 1.775000000000000133, 1.649999999999999911, -1.698606797699999893 ) ) ;
#9851 = VECTOR ( 'NONE', #10250, 1000.000000000000000 ) ;
#9852 = LINE ( 'NONE', #8788, #6881 ) ;
#9853 = DIRECTION ( 'NONE',  ( 0.0000000000000000000, 1.000000000000000000, 0.0000000000000000000 ) ) ;
#9854 = VERTEX_POINT ( 'NONE', #2558 ) ;
#9855 = CARTESIAN_POINT ( 'NONE',  ( 8.024999999999998579, 0.5547525681000000652, 2.024999999999999911 ) ) ;
#9856 = VERTEX_POINT ( 'NONE', #6095 ) ;
#9857 = AXIS2_PLACEMENT_3D ( 'NONE', #10907, #2871, #1905 ) ;
#9858 = DIRECTION ( 'NONE',  ( -1.000000000000000000, 0.0000000000000000000, 0.0000000000000000000 ) ) ;
#9859 = AXIS2_PLACEMENT_3D ( 'NONE', #1255, #2148, #9455 ) ;
#9860 = LINE ( 'NONE', #8420, #2125 ) ;
#9861 = DIRECTION ( 'NONE',  ( -1.000000000000000000, 0.0000000000000000000, 0.0000000000000000000 ) ) ;
#9862 = DIRECTION ( 'NONE',  ( 0.0000000000000000000, -1.000000000000000000, 0.0000000000000000000 ) ) ;
#9863 = LINE ( 'NONE', #2200, #10262 ) ;
#9864 = VERTEX_POINT ( 'NONE', #4268 ) ;
#9865 = PRESENTATION_STYLE_ASSIGNMENT (( #4662 ) ) ;
#9866 = ORIENTED_EDGE ( 'NONE', *, *, #10106, .T. ) ;
#9867 = CARTESIAN_POINT ( 'NONE',  ( 5.735000000000000320, 1.850000000000000089, -2.024999999999999911 ) ) ;
#9868 = LINE ( 'NONE', #10051, #5064 ) ;
#9869 = LINE ( 'NONE', #1443, #6903 ) ;
#9870 = SURFACE_SIDE_STYLE ('',( #7747 ) ) ;
#9871 = EDGE_LOOP ( 'NONE', ( #8733, #4382, #6780, #1186 ) ) ;
#9872 = DIRECTION ( 'NONE',  ( 0.0000000000000000000, 0.0000000000000000000, -1.000000000000000000 ) ) ;
#9873 = FACE_OUTER_BOUND ( 'NONE', #8628, .T. ) ;
#9874 = AXIS2_PLACEMENT_3D ( 'NONE', #2525, #5414, #4548 ) ;
#9875 = CARTESIAN_POINT ( 'NONE',  ( 5.525000000000000355, 1.850000000000000089, 2.024999999999999911 ) ) ;
#9876 = DIRECTION ( 'NONE',  ( 0.0000000000000000000, -1.084202172485501673E-15, -1.000000000000000000 ) ) ;
#9877 = VERTEX_POINT ( 'NONE', #4348 ) ;
#9878 = EDGE_CURVE ( 'NONE', #7421, #2493, #8129, .T. ) ;
#9879 = DIRECTION ( 'NONE',  ( 0.0000000000000000000, 0.6650335612228979176, -0.7468134723257140450 ) ) ;
#9880 = VERTEX_POINT ( 'NONE', #7935 ) ;
#9881 = COLOUR_RGB ( '',1.000000000000000000, 1.000000000000000000, 1.000000000000000000 ) ;
#9882 = VECTOR ( 'NONE', #9503, 1000.000000000000000 ) ;
#9883 = ADVANCED_FACE ( 'NONE', ( #1974 ), #5157, .T. ) ;
#9884 = EDGE_CURVE ( 'NONE', #9120, #8964, #5483, .T. ) ;
#9885 = CARTESIAN_POINT ( 'NONE',  ( -1.875000000000000000, 3.750000000000000000, -2.024999999999999911 ) ) ;
#9886 = VERTEX_POINT ( 'NONE', #2511 ) ;
#9887 = CARTESIAN_POINT ( 'NONE',  ( -2.274999999999999911, 4.249999999999998224, -2.075000000000001510 ) ) ;
#9888 = VERTEX_POINT ( 'NONE', #8018 ) ;
#9889 = DIRECTION ( 'NONE',  ( 1.000000000000000000, 0.0000000000000000000, 0.0000000000000000000 ) ) ;
#9890 = VECTOR ( 'NONE', #3532, 1000.000000000000000 ) ;
#9891 = FACE_OUTER_BOUND ( 'NONE', #8686, .T. ) ;
#9892 = PRESENTATION_LAYER_ASSIGNMENT (  '', '', ( #10650 ) ) ;
#9893 = ORIENTED_EDGE ( 'NONE', *, *, #3695, .F. ) ;
#9894 = PRESENTATION_STYLE_ASSIGNMENT (( #653 ) ) ;
#9895 = EDGE_CURVE ( 'NONE', #1711, #9341, #3099, .T. ) ;
#9896 = DIRECTION ( 'NONE',  ( 0.0000000000000000000, 0.0000000000000000000, 1.000000000000000000 ) ) ;
#9897 = ORIENTED_EDGE ( 'NONE', *, *, #9451, .F. ) ;
#9898 = AXIS2_PLACEMENT_3D ( 'NONE', #6762, #7644, #2303 ) ;
#9899 = DIRECTION ( 'NONE',  ( 0.0000000000000000000, 0.0000000000000000000, 1.000000000000000000 ) ) ;
#9900 = FACE_OUTER_BOUND ( 'NONE', #4290, .T. ) ;
#9901 = DIRECTION ( 'NONE',  ( -0.0000000000000000000, 1.000000000000000000, 0.0000000000000000000 ) ) ;
#9902 = ORIENTED_EDGE ( 'NONE', *, *, #6216, .T. ) ;
#9903 = ORIENTED_EDGE ( 'NONE', *, *, #996, .F. ) ;
#9904 = AXIS2_PLACEMENT_3D ( 'NONE', #364, #8348, #5619 ) ;
#9905 = DIRECTION ( 'NONE',  ( 0.0000000000000000000, 0.0000000000000000000, -1.000000000000000000 ) ) ;
#9906 = EDGE_CURVE ( 'NONE', #982, #8249, #1007, .T. ) ;
#9907 = PLANE ( 'NONE',  #5421 ) ;
#9908 =( LENGTH_UNIT ( ) NAMED_UNIT ( * ) SI_UNIT ( .MILLI., .METRE. ) );
#9909 = VECTOR ( 'NONE', #4955, 1000.000000000000000 ) ;
#9910 = LINE ( 'NONE', #6835, #224 ) ;
#9911 = CARTESIAN_POINT ( 'NONE',  ( 9.525000000000002132, 1.980741759643274369, -1.925000000000000933 ) ) ;
#9912 = FACE_OUTER_BOUND ( 'NONE', #8724, .T. ) ;
#9913 = EDGE_LOOP ( 'NONE', ( #2563, #599, #9944, #2631 ) ) ;
#9914 = VERTEX_POINT ( 'NONE', #4306 ) ;
#9915 = CARTESIAN_POINT ( 'NONE',  ( 9.875000000000001776, 3.149999999999999911, 0.02500000000000000139 ) ) ;
#9916 = CARTESIAN_POINT ( 'NONE',  ( 5.724999999999999645, 1.795247431900000024, 2.024999999999999911 ) ) ;
#9917 = CARTESIAN_POINT ( 'NONE',  ( 7.875000000000001776, 2.250000000000000000, -0.4749999999999999778 ) ) ;
#9918 = EDGE_LOOP ( 'NONE', ( #650, #7661, #3518, #8596 ) ) ;
#9919 = PRESENTATION_STYLE_ASSIGNMENT (( #8855 ) ) ;
#9920 = STYLED_ITEM ( 'NONE', ( #3107 ), #2821 ) ;
#9921 = ORIENTED_EDGE ( 'NONE', *, *, #5264, .F. ) ;
#9922 = EDGE_CURVE ( 'NONE', #3633, #3593, #10378, .T. ) ;
#9923 = FILL_AREA_STYLE_COLOUR ( '', #4626 ) ;
#9924 = EDGE_CURVE ( 'NONE', #258, #4491, #11226, .T. ) ;
#9925 = CARTESIAN_POINT ( 'NONE',  ( 3.825000000000000178, 1.850000000000000089, -1.474999999999999867 ) ) ;
#9926 = VERTEX_POINT ( 'NONE', #10856 ) ;
#9927 = CARTESIAN_POINT ( 'NONE',  ( 4.575000000000000178, 1.850000000000000089, -1.698606797699999893 ) ) ;
#9928 = LINE ( 'NONE', #4021, #8228 ) ;
#9929 = UNCERTAINTY_MEASURE_WITH_UNIT (LENGTH_MEASURE( 1.000000000000000082E-05 ), #285, 'distance_accuracy_value', 'NONE');
#9930 = VECTOR ( 'NONE', #8353, 1000.000000000000000 ) ;
#9931 = CARTESIAN_POINT ( 'NONE',  ( 5.735000000000000320, 1.000000000000000000, -2.024999999999999911 ) ) ;
#9932 =( LENGTH_UNIT ( ) NAMED_UNIT ( * ) SI_UNIT ( .MILLI., .METRE. ) );
#9933 = VECTOR ( 'NONE', #9527, 1000.000000000000000 ) ;
#9934 = CARTESIAN_POINT ( 'NONE',  ( -0.5150000000000000133, 1.649999999999999911, -1.698606797699999893 ) ) ;
#9935 = ORIENTED_EDGE ( 'NONE', *, *, #2461, .T. ) ;
#9936 = ADVANCED_FACE ( 'NONE', ( #4358 ), #9838, .T. ) ;
#9937 = AXIS2_PLACEMENT_3D ( 'NONE', #5969, #9642, #2465 ) ;
#9938 = AXIS2_PLACEMENT_3D ( 'NONE', #2874, #6464, #10227 ) ;
#9939 = EDGE_LOOP ( 'NONE', ( #4880, #5725, #2028, #5873 ) ) ;
#9940 = ORIENTED_EDGE ( 'NONE', *, *, #803, .T. ) ;
#9941 = SURFACE_SIDE_STYLE ('',( #4455 ) ) ;
#9942 = ORIENTED_EDGE ( 'NONE', *, *, #5834, .T. ) ;
#9943 = VERTEX_POINT ( 'NONE', #6398 ) ;
#9944 = ORIENTED_EDGE ( 'NONE', *, *, #2662, .T. ) ;
#9945 = CARTESIAN_POINT ( 'NONE',  ( 9.775000000000002132, 3.600000000000000977, -1.425000000000000044 ) ) ;
#9946 = VECTOR ( 'NONE', #857, 1000.000000000000000 ) ;
#9947 = SURFACE_SIDE_STYLE ('',( #2017 ) ) ;
#9948 = CARTESIAN_POINT ( 'NONE',  ( 7.924999999999999822, 1.850000000000000089, 2.024999999999999911 ) ) ;
#9949 = CARTESIAN_POINT ( 'NONE',  ( 9.775000000000002132, 0.6000000000000024203, 1.375000000000002442 ) ) ;
#9950 = EDGE_CURVE ( 'NONE', #2300, #2222, #1264, .T. ) ;
#9951 = CARTESIAN_POINT ( 'NONE',  ( 6.974999999999999645, 1.350000000000000089, -1.525000000000000133 ) ) ;
#9952 = EDGE_LOOP ( 'NONE', ( #899, #7252, #6640, #9212 ) ) ;
#9953 = ORIENTED_EDGE ( 'NONE', *, *, #6819, .T. ) ;
#9954 = ORIENTED_EDGE ( 'NONE', *, *, #5339, .T. ) ;
#9955 = ORIENTED_EDGE ( 'NONE', *, *, #9625, .F. ) ;
#9956 = LINE ( 'NONE', #4657, #10516 ) ;
#9957 = LINE ( 'NONE', #6635, #8989 ) ;
#9958 = ADVANCED_FACE ( 'NONE', ( #5748 ), #2709, .T. ) ;
#9959 = CARTESIAN_POINT ( 'NONE',  ( 3.234999999999999876, 1.850000000000000089, -1.025000000000000133 ) ) ;
#9960 = DIRECTION ( 'NONE',  ( 0.0000000000000000000, -1.000000000000000000, 0.0000000000000000000 ) ) ;
#9961 = DIRECTION ( 'NONE',  ( -0.0000000000000000000, 1.000000000000000000, 0.0000000000000000000 ) ) ;
#9962 = CARTESIAN_POINT ( 'NONE',  ( 9.975000000000003197, 1.999999999999998668, -1.425000000000000933 ) ) ;
#9963 = ORIENTED_EDGE ( 'NONE', *, *, #8212, .T. ) ;
#9964 = EDGE_CURVE ( 'NONE', #5557, #10486, #8266, .T. ) ;
#9965 = VERTEX_POINT ( 'NONE', #62 ) ;
#9966 = EDGE_CURVE ( 'NONE', #1097, #1904, #3662, .T. ) ;
#9967 = ORIENTED_EDGE ( 'NONE', *, *, #6592, .T. ) ;
#9968 = VERTEX_POINT ( 'NONE', #4537 ) ;
#9969 = CARTESIAN_POINT ( 'NONE',  ( 6.675000000000000711, 1.850000000000000089, -1.474999999999999867 ) ) ;
#9970 = MECHANICAL_DESIGN_GEOMETRIC_PRESENTATION_REPRESENTATION (  '', ( #7318 ), #4690 ) ;
#9971 = LINE ( 'NONE', #2572, #5188 ) ;
#9972 = VECTOR ( 'NONE', #871, 1000.000000000000000 ) ;
#9973 = DIRECTION ( 'NONE',  ( 1.000000000000000000, 0.0000000000000000000, 0.0000000000000000000 ) ) ;
#9974 = SURFACE_SIDE_STYLE ('',( #2984 ) ) ;
#9975 = EDGE_LOOP ( 'NONE', ( #8451, #9631, #5995, #1340 ) ) ;
#9976 = VERTEX_POINT ( 'NONE', #7300 ) ;
#9977 = VECTOR ( 'NONE', #8096, 1000.000000000000000 ) ;
#9978 = AXIS2_PLACEMENT_3D ( 'NONE', #7530, #2185, #10261 ) ;
#9979 = EDGE_CURVE ( 'NONE', #7748, #8178, #422, .T. ) ;
#9980 = VECTOR ( 'NONE', #11287, 1000.000000000000000 ) ;
#9981 = DIRECTION ( 'NONE',  ( 0.0000000000000000000, 1.000000000000000000, 0.0000000000000000000 ) ) ;
#9982 = VERTEX_POINT ( 'NONE', #946 ) ;
#9983 = ORIENTED_EDGE ( 'NONE', *, *, #2596, .T. ) ;
#9984 = CARTESIAN_POINT ( 'NONE',  ( 5.724999999999999645, 0.0000000000000000000, 2.024999999999999911 ) ) ;
#9985 = CARTESIAN_POINT ( 'NONE',  ( 1.775000000000000133, 1.850000000000000089, -1.025000000000000133 ) ) ;
#9986 = CARTESIAN_POINT ( 'NONE',  ( 4.474999999999999645, 0.5000000000000000000, -1.525000000000000133 ) ) ;
#9987 = LINE ( 'NONE', #9720, #439 ) ;
#9988 = SURFACE_STYLE_USAGE ( .BOTH. , #6400 ) ;
#9989 = FACE_OUTER_BOUND ( 'NONE', #2382, .T. ) ;
#9990 = LINE ( 'NONE', #9257, #5212 ) ;
#9991 = ORIENTED_EDGE ( 'NONE', *, *, #4980, .F. ) ;
#9992 = EDGE_CURVE ( 'NONE', #1103, #7712, #3796, .T. ) ;
#9993 = ADVANCED_FACE ( 'NONE', ( #860 ), #5359, .T. ) ;
#9994 = CARTESIAN_POINT ( 'NONE',  ( 10.00000000000000178, 4.240000000000000213, 2.024999999999999911 ) ) ;
#9995 = DIRECTION ( 'NONE',  ( 0.0000000000000000000, -1.000000000000000000, 0.0000000000000000000 ) ) ;
#9996 = ORIENTED_EDGE ( 'NONE', *, *, #2955, .F. ) ;
#9997 = EDGE_CURVE ( 'NONE', #11221, #9326, #10093, .T. ) ;
#9998 = LINE ( 'NONE', #2854, #7046 ) ;
#9999 = CARTESIAN_POINT ( 'NONE',  ( 6.974999999999999645, 1.850000000000000089, -1.025000000000000133 ) ) ;
#10000 = LINE ( 'NONE', #2481, #2435 ) ;
#10001 = FACE_OUTER_BOUND ( 'NONE', #5041, .T. ) ;
#10002 = CARTESIAN_POINT ( 'NONE',  ( 9.975000000000003197, 4.249999999999998224, -2.075000000000001510 ) ) ;
#10003 = ORIENTED_EDGE ( 'NONE', *, *, #8319, .F. ) ;
#10004 = VECTOR ( 'NONE', #11459, 1000.000000000000000 ) ;
#10005 = ORIENTED_EDGE ( 'NONE', *, *, #1929, .T. ) ;
#10006 = ORIENTED_EDGE ( 'NONE', *, *, #404, .F. ) ;
#10007 = MECHANICAL_DESIGN_GEOMETRIC_PRESENTATION_REPRESENTATION (  '', ( #7964 ), #8581 ) ;
#10008 = VECTOR ( 'NONE', #10344, 1000.000000000000000 ) ;
#10009 = DIRECTION ( 'NONE',  ( -1.000000000000000000, 0.0000000000000000000, 0.0000000000000000000 ) ) ;
#10010 = VECTOR ( 'NONE', #5898, 1000.000000000000000 ) ;
#10011 = LINE ( 'NONE', #4483, #1048 ) ;
#10012 = ADVANCED_FACE ( 'NONE', ( #6725 ), #9907, .T. ) ;
#10013 = VERTEX_POINT ( 'NONE', #9949 ) ;
#10014 = VECTOR ( 'NONE', #5438, 1000.000000000000000 ) ;
#10015 = EDGE_CURVE ( 'NONE', #9564, #1744, #6439, .T. ) ;
#10016 = DIRECTION ( 'NONE',  ( 0.0000000000000000000, 0.0000000000000000000, 1.000000000000000000 ) ) ;
#10017 = VERTEX_POINT ( 'NONE', #9985 ) ;
#10018 = CARTESIAN_POINT ( 'NONE',  ( 1.675000000000000044, 1.649999999999999911, -1.474999999999999867 ) ) ;
#10019 = ORIENTED_EDGE ( 'NONE', *, *, #6982, .T. ) ;
#10020 = FILL_AREA_STYLE ('',( #4108 ) ) ;
#10021 = DIRECTION ( 'NONE',  ( 0.0000000000000000000, 0.0000000000000000000, -1.000000000000000000 ) ) ;
#10022 = FACE_OUTER_BOUND ( 'NONE', #4488, .T. ) ;
#10023 = CARTESIAN_POINT ( 'NONE',  ( 9.775000000000002132, 1.950000000000002176, 1.375000000000006883 ) ) ;
#10024 = AXIS2_PLACEMENT_3D ( 'NONE', #3957, #385, #11087 ) ;
#10025 = DIRECTION ( 'NONE',  ( 0.0000000000000000000, 1.000000000000000000, 0.0000000000000000000 ) ) ;
#10026 = VERTEX_POINT ( 'NONE', #8980 ) ;
#10027 = FACE_OUTER_BOUND ( 'NONE', #738, .T. ) ;
#10028 = CARTESIAN_POINT ( 'NONE',  ( 4.174999999999999822, 1.850000000000000089, 2.024999999999999911 ) ) ;
#10029 = ORIENTED_EDGE ( 'NONE', *, *, #6951, .F. ) ;
#10030 = EDGE_CURVE ( 'NONE', #6661, #9037, #9407, .T. ) ;
#10031 = EDGE_CURVE ( 'NONE', #8503, #1001, #4896, .T. ) ;
#10032 = DIRECTION ( 'NONE',  ( 1.000000000000000000, 0.0000000000000000000, 0.0000000000000000000 ) ) ;
#10033 = AXIS2_PLACEMENT_3D ( 'NONE', #10240, #2166, #530 ) ;
#10034 = DIRECTION ( 'NONE',  ( -1.000000000000000000, 0.0000000000000000000, 0.0000000000000000000 ) ) ;
#10035 = DIRECTION ( 'NONE',  ( 1.000000000000000000, 0.0000000000000000000, 0.0000000000000000000 ) ) ;
#10036 = LINE ( 'NONE', #5888, #71 ) ;
#10037 = LINE ( 'NONE', #8567, #1635 ) ;
#10038 = EDGE_LOOP ( 'NONE', ( #9903, #1676, #6298, #1567 ) ) ;
#10039 = DIRECTION ( 'NONE',  ( 0.0000000000000000000, -1.000000000000000000, 0.0000000000000000000 ) ) ;
#10040 = ORIENTED_EDGE ( 'NONE', *, *, #1356, .F. ) ;
#10041 = DIRECTION ( 'NONE',  ( 1.000000000000000000, 0.0000000000000000000, 0.0000000000000000000 ) ) ;
#10042 = VECTOR ( 'NONE', #4385, 1000.000000000000000 ) ;
#10043 = AXIS2_PLACEMENT_3D ( 'NONE', #6797, #450, #4028 ) ;
#10044 = LINE ( 'NONE', #9797, #5821 ) ;
#10045 = EDGE_CURVE ( 'NONE', #4643, #840, #6585, .T. ) ;
#10046 = VECTOR ( 'NONE', #1425, 1000.000000000000000 ) ;
#10047 = ORIENTED_EDGE ( 'NONE', *, *, #2883, .T. ) ;
#10048 = AXIS2_PLACEMENT_3D ( 'NONE', #6338, #3653, #3609 ) ;
#10049 = EDGE_LOOP ( 'NONE', ( #1820, #5635, #398, #9470 ) ) ;
#10050 = ADVANCED_FACE ( 'NONE', ( #2247 ), #2882, .F. ) ;
#10051 = CARTESIAN_POINT ( 'NONE',  ( 4.474999999999999645, 1.000000000000000000, -1.525000000000000133 ) ) ;
#10052 = PRESENTATION_STYLE_ASSIGNMENT (( #10436 ) ) ;
#10053 = CARTESIAN_POINT ( 'NONE',  ( 5.724999999999999645, -0.004464445899999999919, 0.003975566199999999890 ) ) ;
#10054 = VECTOR ( 'NONE', #551, 1000.000000000000000 ) ;
#10055 = ORIENTED_EDGE ( 'NONE', *, *, #8209, .F. ) ;
#10056 = PLANE ( 'NONE',  #5070 ) ;
#10057 = EDGE_CURVE ( 'NONE', #11025, #2396, #9002, .T. ) ;
#10058 = FILL_AREA_STYLE ('',( #6593 ) ) ;
#10059 = SURFACE_STYLE_USAGE ( .BOTH. , #63 ) ;
#10060 = EDGE_LOOP ( 'NONE', ( #1995, #4211, #557, #2449 ) ) ;
#10061 = LINE ( 'NONE', #5096, #9371 ) ;
#10062 = ORIENTED_EDGE ( 'NONE', *, *, #734, .F. ) ;
#10063 = CARTESIAN_POINT ( 'NONE',  ( 4.474999999999999645, -0.6500000000000000222, -1.775000000000000133 ) ) ;
#10064 = ADVANCED_FACE ( 'NONE', ( #8718 ), #10130, .F. ) ;
#10065 = ORIENTED_EDGE ( 'NONE', *, *, #1234, .T. ) ;
#10066 = CARTESIAN_POINT ( 'NONE',  ( 6.974999999999999645, 1.649999999999999911, -1.698606797699999893 ) ) ;
#10067 = AXIS2_PLACEMENT_3D ( 'NONE', #10672, #7124, #10628 ) ;
#10068 = ORIENTED_EDGE ( 'NONE', *, *, #295, .T. ) ;
#10069 = VECTOR ( 'NONE', #10531, 1000.000000000000000 ) ;
#10070 = MANIFOLD_SOLID_BREP ( 'Combine9', #3905 ) ;
#10071 = EDGE_CURVE ( 'NONE', #9668, #7394, #9682, .T. ) ;
#10072 = DIRECTION ( 'NONE',  ( 0.0000000000000000000, 0.0000000000000000000, 1.000000000000000000 ) ) ;
#10073 = FACE_OUTER_BOUND ( 'NONE', #2880, .T. ) ;
#10074 = EDGE_CURVE ( 'NONE', #1744, #576, #9828, .T. ) ;
#10075 = CARTESIAN_POINT ( 'NONE',  ( 0.5150000000000000133, 0.0000000000000000000, -1.474999999999999867 ) ) ;
#10076 = EDGE_LOOP ( 'NONE', ( #1277, #11120, #6863, #2286 ) ) ;
#10077 = ORIENTED_EDGE ( 'NONE', *, *, #10433, .T. ) ;
#10078 = ORIENTED_EDGE ( 'NONE', *, *, #3564, .F. ) ;
#10079 = ORIENTED_EDGE ( 'NONE', *, *, #5703, .T. ) ;
#10080 = DIRECTION ( 'NONE',  ( -1.000000000000000000, 0.0000000000000000000, 0.0000000000000000000 ) ) ;
#10081 = ORIENTED_EDGE ( 'NONE', *, *, #3835, .F. ) ;
#10082 = LINE ( 'NONE', #670, #9536 ) ;
#10083 = DIRECTION ( 'NONE',  ( 0.0000000000000000000, -1.000000000000000000, -4.336808689942024836E-15 ) ) ;
#10084 = VECTOR ( 'NONE', #10732, 1000.000000000000000 ) ;
#10085 =( GEOMETRIC_REPRESENTATION_CONTEXT ( 3 ) GLOBAL_UNCERTAINTY_ASSIGNED_CONTEXT ( ( #3258 ) ) GLOBAL_UNIT_ASSIGNED_CONTEXT ( ( #861, #1799, #6357 ) ) REPRESENTATION_CONTEXT ( 'NONE', 'WORKASPACE' ) );
#10086 = VERTEX_POINT ( 'NONE', #10956 ) ;
#10087 = VERTEX_POINT ( 'NONE', #319 ) ;
#10088 = EDGE_LOOP ( 'NONE', ( #4215, #7499, #5475, #2552 ) ) ;
#10089 = ORIENTED_EDGE ( 'NONE', *, *, #803, .F. ) ;
#10090 = DIRECTION ( 'NONE',  ( 0.0000000000000000000, 0.0000000000000000000, -1.000000000000000000 ) ) ;
#10091 = CARTESIAN_POINT ( 'NONE',  ( 0.4249999999999999889, 1.850000000000000089, 2.024999999999999911 ) ) ;
#10092 = DIRECTION ( 'NONE',  ( 0.0000000000000000000, -1.000000000000000000, 0.0000000000000000000 ) ) ;
#10093 = LINE ( 'NONE', #5482, #8856 ) ;
#10094 = EDGE_CURVE ( 'NONE', #3647, #7486, #5733, .T. ) ;
#10095 = DIRECTION ( 'NONE',  ( 0.0000000000000000000, 1.000000000000000000, 0.0000000000000000000 ) ) ;
#10096 = ORIENTED_EDGE ( 'NONE', *, *, #835, .T. ) ;
#10097 = ORIENTED_EDGE ( 'NONE', *, *, #3184, .F. ) ;
#10098 = ORIENTED_EDGE ( 'NONE', *, *, #8610, .F. ) ;
#10099 = ADVANCED_FACE ( 'NONE', ( #2947 ), #2095, .F. ) ;
#10100 = LINE ( 'NONE', #550, #5494 ) ;
#10101 = CARTESIAN_POINT ( 'NONE',  ( 9.125000000000001776, 1.000000000000000000, -1.525000000000000133 ) ) ;
#10102 = DIRECTION ( 'NONE',  ( 0.0000000000000000000, 0.0000000000000000000, -1.000000000000000000 ) ) ;
#10103 = EDGE_CURVE ( 'NONE', #6694, #4448, #997, .T. ) ;
#10104 = DIRECTION ( 'NONE',  ( 0.0000000000000000000, 1.000000000000000000, 0.0000000000000000000 ) ) ;
#10105 =( NAMED_UNIT ( * ) PLANE_ANGLE_UNIT ( ) SI_UNIT ( $, .RADIAN. ) );
#10106 = EDGE_CURVE ( 'NONE', #2067, #6898, #1962, .T. ) ;
#10107 = ORIENTED_EDGE ( 'NONE', *, *, #1319, .T. ) ;
#10108 = DIRECTION ( 'NONE',  ( 0.0000000000000000000, -1.000000000000000000, -4.336808689942024836E-15 ) ) ;
#10109 = ORIENTED_EDGE ( 'NONE', *, *, #7718, .T. ) ;
#10110 = DIRECTION ( 'NONE',  ( -1.000000000000000000, 0.0000000000000000000, 0.0000000000000000000 ) ) ;
#10111 = VERTEX_POINT ( 'NONE', #3001 ) ;
#10112 = DIRECTION ( 'NONE',  ( 0.0000000000000000000, 0.0000000000000000000, 1.000000000000000000 ) ) ;
#10113 = LINE ( 'NONE', #7777, #8729 ) ;
#10114 = PLANE ( 'NONE',  #9857 ) ;
#10115 = ORIENTED_EDGE ( 'NONE', *, *, #10811, .F. ) ;
#10116 = PLANE ( 'NONE',  #5425 ) ;
#10117 = ADVANCED_FACE ( 'NONE', ( #570 ), #6509, .T. ) ;
#10118 = VERTEX_POINT ( 'NONE', #2025 ) ;
#10119 = AXIS2_PLACEMENT_3D ( 'NONE', #4095, #3161, #2451 ) ;
#10120 = EDGE_CURVE ( 'NONE', #6702, #2199, #9259, .T. ) ;
#10121 = FACE_OUTER_BOUND ( 'NONE', #9462, .T. ) ;
#10122 = CARTESIAN_POINT ( 'NONE',  ( -2.875000000000000000, 0.0000000000000000000, 2.024999999999999911 ) ) ;
#10123 = CARTESIAN_POINT ( 'NONE',  ( 8.024999999999998579, 1.315130797599999957, 1.171117220399999770 ) ) ;
#10124 = FACE_OUTER_BOUND ( 'NONE', #7395, .T. ) ;
#10125 = VECTOR ( 'NONE', #6530, 1000.000000000000000 ) ;
#10126 = DIRECTION ( 'NONE',  ( -1.000000000000000000, 0.0000000000000000000, -0.0000000000000000000 ) ) ;
#10127 = PLANE ( 'NONE',  #9904 ) ;
#10128 = VERTEX_POINT ( 'NONE', #1089 ) ;
#10129 = CARTESIAN_POINT ( 'NONE',  ( 4.474999999999999645, 0.5000000000000000000, -1.525000000000000133 ) ) ;
#10130 = PLANE ( 'NONE',  #5351 ) ;
#10131 = CARTESIAN_POINT ( 'NONE',  ( 1.984999999999999876, 1.850000000000000089, -1.025000000000000133 ) ) ;
#10132 = ORIENTED_EDGE ( 'NONE', *, *, #2413, .T. ) ;
#10133 = DIRECTION ( 'NONE',  ( 0.0000000000000000000, 0.0000000000000000000, 1.000000000000000000 ) ) ;
#10134 = PRESENTATION_STYLE_ASSIGNMENT (( #3204 ) ) ;
#10135 = LINE ( 'NONE', #10160, #6482 ) ;
#10136 = ORIENTED_EDGE ( 'NONE', *, *, #9103, .T. ) ;
#10137 = LINE ( 'NONE', #8775, #10010 ) ;
#10138 = EDGE_CURVE ( 'NONE', #7379, #9551, #6302, .T. ) ;
#10139 = FILL_AREA_STYLE_COLOUR ( '', #1297 ) ;
#10140 = EDGE_CURVE ( 'NONE', #7364, #7555, #6857, .T. ) ;
#10141 = ORIENTED_EDGE ( 'NONE', *, *, #4943, .T. ) ;
#10142 = LINE ( 'NONE', #10819, #10014 ) ;
#10143 = CARTESIAN_POINT ( 'NONE',  ( 3.015000000000000124, 1.649999999999999911, -1.474999999999999867 ) ) ;
#10144 = CARTESIAN_POINT ( 'NONE',  ( 0.5250000000000000222, 1.000000000000000000, -1.525000000000000133 ) ) ;
#10145 = ORIENTED_EDGE ( 'NONE', *, *, #5287, .F. ) ;
#10146 = CARTESIAN_POINT ( 'NONE',  ( 9.775000000000002132, 2.000000000000000000, -1.425000000000000044 ) ) ;
#10147 = CARTESIAN_POINT ( 'NONE',  ( -0.7249999999999999778, 1.649999999999999911, -1.474999999999999867 ) ) ;
#10148 = PLANE ( 'NONE',  #6308 ) ;
#10149 = VECTOR ( 'NONE', #4791, 1000.000000000000000 ) ;
#10150 = VECTOR ( 'NONE', #3509, 1000.000000000000000 ) ;
#10151 = STYLED_ITEM ( 'NONE', ( #8357 ), #11179 ) ;
#10152 = EDGE_LOOP ( 'NONE', ( #7862, #3924, #449, #7694 ) ) ;
#10153 = CARTESIAN_POINT ( 'NONE',  ( 1.765000000000000124, 1.850000000000000089, -1.025000000000000133 ) ) ;
#10154 = ORIENTED_EDGE ( 'NONE', *, *, #10159, .T. ) ;
#10155 = DIRECTION ( 'NONE',  ( 0.0000000000000000000, -1.000000000000000000, 0.0000000000000000000 ) ) ;
#10156 = ADVANCED_FACE ( 'NONE', ( #6572 ), #8525, .T. ) ;
#10157 = LINE ( 'NONE', #4560, #10295 ) ;
#10158 = VECTOR ( 'NONE', #6276, 1000.000000000000000 ) ;
#10159 = EDGE_CURVE ( 'NONE', #8388, #8500, #4745, .T. ) ;
#10160 = CARTESIAN_POINT ( 'NONE',  ( 5.525000000000000355, 0.05000000000000002359, -1.775000000000000133 ) ) ;
#10161 = ORIENTED_EDGE ( 'NONE', *, *, #8717, .T. ) ;
#10162 = LINE ( 'NONE', #10767, #6799 ) ;
#10163 = VERTEX_POINT ( 'NONE', #10285 ) ;
#10164 = CARTESIAN_POINT ( 'NONE',  ( -0.7249999999999999778, 1.850000000000000089, 2.024999999999999911 ) ) ;
#10165 = CARTESIAN_POINT ( 'NONE',  ( 9.775000000000002132, 2.000000000000000000, -1.425000000000000044 ) ) ;
#10166 = DIRECTION ( 'NONE',  ( 0.0000000000000000000, 1.000000000000000000, 0.0000000000000000000 ) ) ;
#10167 = VECTOR ( 'NONE', #1805, 1000.000000000000000 ) ;
#10168 = LINE ( 'NONE', #6440, #2876 ) ;
#10169 = CARTESIAN_POINT ( 'NONE',  ( 7.875000000000001776, 2.250000000000000000, -0.4749999999999999778 ) ) ;
#10170 = EDGE_LOOP ( 'NONE', ( #8081, #2215, #11211, #6431 ) ) ;
#10171 = EDGE_CURVE ( 'NONE', #4097, #8100, #5037, .T. ) ;
#10172 = VERTEX_POINT ( 'NONE', #1355 ) ;
#10173 = CARTESIAN_POINT ( 'NONE',  ( 5.724999999999999645, 0.3500000000000000333, -2.024999999999999911 ) ) ;
#10174 = ADVANCED_FACE ( 'NONE', ( #9398 ), #9315, .F. ) ;
#10175 = CARTESIAN_POINT ( 'NONE',  ( 9.525000000000002132, 2.250000000000000000, -1.925000000000000933 ) ) ;
#10176 = LINE ( 'NONE', #3176, #9909 ) ;
#10177 = FACE_OUTER_BOUND ( 'NONE', #4944, .T. ) ;
#10178 = LINE ( 'NONE', #2162, #11023 ) ;
#10179 = PLANE ( 'NONE',  #2832 ) ;
#10180 = ORIENTED_EDGE ( 'NONE', *, *, #7627, .T. ) ;
#10181 = FILL_AREA_STYLE_COLOUR ( '', #6035 ) ;
#10182 = ORIENTED_EDGE ( 'NONE', *, *, #11571, .F. ) ;
#10183 = AXIS2_PLACEMENT_3D ( 'NONE', #1451, #7691, #10458 ) ;
#10184 = EDGE_CURVE ( 'NONE', #9120, #7364, #3369, .T. ) ;
#10185 = ORIENTED_EDGE ( 'NONE', *, *, #11084, .F. ) ;
#10186 = CARTESIAN_POINT ( 'NONE',  ( 3.225000000000000089, 0.3500000000000000333, -2.024999999999999911 ) ) ;
#10187 = VECTOR ( 'NONE', #5209, 1000.000000000000000 ) ;
#10188 = ORIENTED_EDGE ( 'NONE', *, *, #6345, .F. ) ;
#10189 = PLANE ( 'NONE',  #5081 ) ;
#10190 = CARTESIAN_POINT ( 'NONE',  ( 0.5150000000000000133, 1.649999999999999911, -1.474999999999999867 ) ) ;
#10191 = CARTESIAN_POINT ( 'NONE',  ( 8.225000000000003197, 1.795247431900000024, 2.024999999999999911 ) ) ;
#10192 = ORIENTED_EDGE ( 'NONE', *, *, #10239, .F. ) ;
#10193 = VERTEX_POINT ( 'NONE', #2295 ) ;
#10194 = VECTOR ( 'NONE', #11347, 1000.000000000000000 ) ;
#10195 = LINE ( 'NONE', #10537, #5447 ) ;
#10196 = CARTESIAN_POINT ( 'NONE',  ( 10.00000000000000178, 4.009511388567677415, -0.07499999999999998335 ) ) ;
#10197 = EDGE_LOOP ( 'NONE', ( #8944, #9801, #6706, #6009 ) ) ;
#10198 = EDGE_CURVE ( 'NONE', #8679, #154, #3087, .T. ) ;
#10199 = DIRECTION ( 'NONE',  ( 1.000000000000000000, 0.0000000000000000000, -0.0000000000000000000 ) ) ;
#10200 = EDGE_CURVE ( 'NONE', #10975, #7958, #11493, .T. ) ;
#10201 = CARTESIAN_POINT ( 'NONE',  ( 2.075000000000000178, 1.850000000000000089, -1.474999999999999867 ) ) ;
#10202 = ORIENTED_EDGE ( 'NONE', *, *, #9438, .T. ) ;
#10203 = ORIENTED_EDGE ( 'NONE', *, *, #2379, .F. ) ;
#10204 = ORIENTED_EDGE ( 'NONE', *, *, #3304, .T. ) ;
#10205 = ORIENTED_EDGE ( 'NONE', *, *, #7665, .T. ) ;
#10206 = LINE ( 'NONE', #9840, #9102 ) ;
#10207 = ADVANCED_FACE ( 'NONE', ( #268 ), #5846, .F. ) ;
#10208 = CARTESIAN_POINT ( 'NONE',  ( 6.975000000000000533, -0.6500000000000000222, -2.075000000000000178 ) ) ;
#10209 = LINE ( 'NONE', #1557, #3359 ) ;
#10210 = DIRECTION ( 'NONE',  ( 0.0000000000000000000, 0.0000000000000000000, -1.000000000000000000 ) ) ;
#10211 = CARTESIAN_POINT ( 'NONE',  ( -2.475000000000000089, 4.249999999999992895, -0.07499999999999976130 ) ) ;
#10212 =( NAMED_UNIT ( * ) PLANE_ANGLE_UNIT ( ) SI_UNIT ( $, .RADIAN. ) );
#10213 = PRESENTATION_LAYER_ASSIGNMENT (  '', '', ( #10978 ) ) ;
#10214 = CARTESIAN_POINT ( 'NONE',  ( 4.275000000000000355, 1.850000000000000089, -2.024999999999999911 ) ) ;
#10215 = ORIENTED_EDGE ( 'NONE', *, *, #5530, .F. ) ;
#10216 = ORIENTED_EDGE ( 'NONE', *, *, #5741, .T. ) ;
#10217 = ORIENTED_EDGE ( 'NONE', *, *, #10433, .F. ) ;
#10218 = DIRECTION ( 'NONE',  ( 0.0000000000000000000, 1.000000000000000000, 0.0000000000000000000 ) ) ;
#10219 = CARTESIAN_POINT ( 'NONE',  ( -2.875000000000000000, 4.250000000000000000, 2.024999999999999911 ) ) ;
#10220 = ORIENTED_EDGE ( 'NONE', *, *, #7595, .F. ) ;
#10221 = VECTOR ( 'NONE', #11168, 1000.000000000000000 ) ;
#10222 = VECTOR ( 'NONE', #4026, 1000.000000000000000 ) ;
#10223 = CARTESIAN_POINT ( 'NONE',  ( 0.7249999999999999778, 1.850000000000000089, 0.0000000000000000000 ) ) ;
#10224 = CARTESIAN_POINT ( 'NONE',  ( 0.5249999999999999112, -0.6500000000000000222, -2.075000000000000178 ) ) ;
#10225 = VERTEX_POINT ( 'NONE', #1394 ) ;
#10226 = ORIENTED_EDGE ( 'NONE', *, *, #6946, .F. ) ;
#10227 = DIRECTION ( 'NONE',  ( 0.0000000000000000000, -1.000000000000000000, -3.219646771412953967E-15 ) ) ;
#10228 = ORIENTED_EDGE ( 'NONE', *, *, #5407, .T. ) ;
#10229 = EDGE_LOOP ( 'NONE', ( #9440, #1873, #4477, #4352 ) ) ;
#10230 =( GEOMETRIC_REPRESENTATION_CONTEXT ( 3 ) GLOBAL_UNCERTAINTY_ASSIGNED_CONTEXT ( ( #12 ) ) GLOBAL_UNIT_ASSIGNED_CONTEXT ( ( #6899, #1548, #8516 ) ) REPRESENTATION_CONTEXT ( 'NONE', 'WORKASPACE' ) );
#10231 = ADVANCED_FACE ( 'NONE', ( #5471 ), #2211, .T. ) ;
#10232 = VECTOR ( 'NONE', #3660, 1000.000000000000000 ) ;
#10233 =( GEOMETRIC_REPRESENTATION_CONTEXT ( 3 ) GLOBAL_UNCERTAINTY_ASSIGNED_CONTEXT ( ( #11591 ) ) GLOBAL_UNIT_ASSIGNED_CONTEXT ( ( #2723, #8990, #3610 ) ) REPRESENTATION_CONTEXT ( 'NONE', 'WORKASPACE' ) );
#10234 = CARTESIAN_POINT ( 'NONE',  ( 4.264999999999999680, 1.649999999999999911, -1.698606797699999893 ) ) ;
#10235 = LINE ( 'NONE', #6125, #139 ) ;
#10236 = CARTESIAN_POINT ( 'NONE',  ( 8.375000000000001776, 3.750000000000000000, -2.024999999999999911 ) ) ;
#10237 = CARTESIAN_POINT ( 'NONE',  ( 1.775000000000000133, 1.649999999999999911, -1.698606797699999893 ) ) ;
#10238 = VERTEX_POINT ( 'NONE', #5810 ) ;
#10239 = EDGE_CURVE ( 'NONE', #1626, #11473, #411, .T. ) ;
#10240 = CARTESIAN_POINT ( 'NONE',  ( 1.974999999999999867, 0.05000000000000002359, -1.775000000000000133 ) ) ;
#10241 = DIRECTION ( 'NONE',  ( 1.000000000000000000, 0.0000000000000000000, 0.0000000000000000000 ) ) ;
#10242 = CARTESIAN_POINT ( 'NONE',  ( 5.424999999999999822, 1.850000000000000089, -1.698606797699999893 ) ) ;
#10243 = VERTEX_POINT ( 'NONE', #535 ) ;
#10244 = CARTESIAN_POINT ( 'NONE',  ( -0.5250000000000000222, 1.350000000000000089, -1.525000000000000133 ) ) ;
#10245 = VECTOR ( 'NONE', #3104, 1000.000000000000000 ) ;
#10246 = EDGE_CURVE ( 'NONE', #11055, #9329, #7001, .T. ) ;
#10247 = VECTOR ( 'NONE', #4323, 1000.000000000000000 ) ;
#10248 = CARTESIAN_POINT ( 'NONE',  ( 5.724999999999999645, 1.850000000000000089, -1.698606797699999893 ) ) ;
#10249 = VECTOR ( 'NONE', #7813, 1000.000000000000000 ) ;
#10250 = DIRECTION ( 'NONE',  ( -1.000000000000000000, 0.0000000000000000000, 0.0000000000000000000 ) ) ;
#10251 = EDGE_LOOP ( 'NONE', ( #4792, #5838, #4101, #8154 ) ) ;
#10252 = ORIENTED_EDGE ( 'NONE', *, *, #969, .F. ) ;
#10253 = DIRECTION ( 'NONE',  ( 0.0000000000000000000, 0.0000000000000000000, 1.000000000000000000 ) ) ;
#10254 = DIRECTION ( 'NONE',  ( 0.0000000000000000000, -1.000000000000000000, 0.0000000000000000000 ) ) ;
#10255 = MECHANICAL_DESIGN_GEOMETRIC_PRESENTATION_REPRESENTATION (  '', ( #9672 ), #4832 ) ;
#10256 = VECTOR ( 'NONE', #4262, 1000.000000000000000 ) ;
#10257 = CARTESIAN_POINT ( 'NONE',  ( -0.7349999999999999867, 1.000000000000000000, -1.525000000000000133 ) ) ;
#10258 = EDGE_CURVE ( 'NONE', #5693, #6173, #9957, .T. ) ;
#10259 = CARTESIAN_POINT ( 'NONE',  ( 1.765000000000000124, 0.0000000000000000000, -1.474999999999999867 ) ) ;
#10260 = LINE ( 'NONE', #476, #7871 ) ;
#10261 = DIRECTION ( 'NONE',  ( 0.0000000000000000000, 0.0000000000000000000, 1.000000000000000000 ) ) ;
#10262 = VECTOR ( 'NONE', #9472, 1000.000000000000000 ) ;
#10263 = SURFACE_SIDE_STYLE ('',( #1545 ) ) ;
#10264 = CARTESIAN_POINT ( 'NONE',  ( -2.875000000000000000, 4.250000000000000000, 2.024999999999999911 ) ) ;
#10265 = ADVANCED_FACE ( 'NONE', ( #2234 ), #8566, .F. ) ;
#10266 = ORIENTED_EDGE ( 'NONE', *, *, #4402, .F. ) ;
#10267 = ORIENTED_EDGE ( 'NONE', *, *, #3131, .F. ) ;
#10268 = DIRECTION ( 'NONE',  ( 0.0000000000000000000, 0.0000000000000000000, -1.000000000000000000 ) ) ;
#10269 = VECTOR ( 'NONE', #7875, 1000.000000000000000 ) ;
#10270 = CARTESIAN_POINT ( 'NONE',  ( -0.5250000000000000222, 0.3500000000000000333, -2.024999999999999911 ) ) ;
#10271 = VECTOR ( 'NONE', #4439, 1000.000000000000000 ) ;
#10272 = FACE_OUTER_BOUND ( 'NONE', #10197, .T. ) ;
#10273 = ADVANCED_FACE ( 'NONE', ( #8706 ), #3980, .T. ) ;
#10274 = ORIENTED_EDGE ( 'NONE', *, *, #3271, .F. ) ;
#10275 = LINE ( 'NONE', #9710, #10004 ) ;
#10276 = EDGE_CURVE ( 'NONE', #2944, #741, #4496, .T. ) ;
#10277 = CARTESIAN_POINT ( 'NONE',  ( 8.225000000000003197, 0.0000000000000000000, 2.024999999999999911 ) ) ;
#10278 = VERTEX_POINT ( 'NONE', #4983 ) ;
#10279 = SURFACE_STYLE_USAGE ( .BOTH. , #8475 ) ;
#10280 = LINE ( 'NONE', #2476, #7729 ) ;
#10281 = UNCERTAINTY_MEASURE_WITH_UNIT (LENGTH_MEASURE( 1.000000000000000082E-05 ), #9908, 'distance_accuracy_value', 'NONE');
#10282 = DIRECTION ( 'NONE',  ( -1.000000000000000000, 0.0000000000000000000, 0.0000000000000000000 ) ) ;
#10283 = VECTOR ( 'NONE', #2428, 1000.000000000000000 ) ;
#10284 = COLOUR_RGB ( '',1.000000000000000000, 1.000000000000000000, 1.000000000000000000 ) ;
#10285 = CARTESIAN_POINT ( 'NONE',  ( 4.274999999999999467, -0.6500000000000000222, -2.075000000000000178 ) ) ;
#10286 = PLANE ( 'NONE',  #7540 ) ;
#10287 = VERTEX_POINT ( 'NONE', #11387 ) ;
#10288 = FACE_OUTER_BOUND ( 'NONE', #10878, .T. ) ;
#10289 = DIRECTION ( 'NONE',  ( 1.000000000000000000, 0.0000000000000000000, 0.0000000000000000000 ) ) ;
#10290 = AXIS2_PLACEMENT_3D ( 'NONE', #4237, #10509, #11217 ) ;
#10291 = VERTEX_POINT ( 'NONE', #10530 ) ;
#10292 = ORIENTED_EDGE ( 'NONE', *, *, #78, .F. ) ;
#10293 = EDGE_CURVE ( 'NONE', #1143, #10608, #1838, .T. ) ;
#10294 = EDGE_CURVE ( 'NONE', #249, #3686, #3504, .T. ) ;
#10295 = VECTOR ( 'NONE', #975, 1000.000000000000000 ) ;
#10296 = VECTOR ( 'NONE', #4850, 1000.000000000000000 ) ;
#10297 = DIRECTION ( 'NONE',  ( 0.0000000000000000000, 0.0000000000000000000, 1.000000000000000000 ) ) ;
#10298 = DIRECTION ( 'NONE',  ( 1.000000000000000000, 0.0000000000000000000, 0.0000000000000000000 ) ) ;
#10299 = ORIENTED_EDGE ( 'NONE', *, *, #10071, .T. ) ;
#10300 = LINE ( 'NONE', #9826, #1193 ) ;
#10301 = DIRECTION ( 'NONE',  ( 0.0000000000000000000, 0.0000000000000000000, -1.000000000000000000 ) ) ;
#10302 = DIRECTION ( 'NONE',  ( -0.0000000000000000000, 0.0000000000000000000, -1.000000000000000000 ) ) ;
#10303 = ORIENTED_EDGE ( 'NONE', *, *, #1683, .F. ) ;
#10304 = DIRECTION ( 'NONE',  ( 0.0000000000000000000, -1.000000000000000000, 0.0000000000000000000 ) ) ;
#10305 = MECHANICAL_DESIGN_GEOMETRIC_PRESENTATION_REPRESENTATION (  '', ( #10151 ), #3708 ) ;
#10306 = FILL_AREA_STYLE ('',( #11214 ) ) ;
#10307 = VECTOR ( 'NONE', #1125, 1000.000000000000000 ) ;
#10308 = LINE ( 'NONE', #2851, #3728 ) ;
#10309 = AXIS2_PLACEMENT_3D ( 'NONE', #3343, #683, #7829 ) ;
#10310 = CARTESIAN_POINT ( 'NONE',  ( 9.975000000000003197, 3.599999999999999201, -0.07500000000000128786 ) ) ;
#10311 = VERTEX_POINT ( 'NONE', #739 ) ;
#10312 = EDGE_LOOP ( 'NONE', ( #4163, #10347, #1834, #11365 ) ) ;
#10313 = DIRECTION ( 'NONE',  ( 0.0000000000000000000, 1.000000000000000000, 0.0000000000000000000 ) ) ;
#10314 = EDGE_CURVE ( 'NONE', #4934, #3340, #5317, .T. ) ;
#10315 = DIRECTION ( 'NONE',  ( -1.000000000000000000, 0.0000000000000000000, 0.0000000000000000000 ) ) ;
#10316 = LINE ( 'NONE', #4570, #1200 ) ;
#10317 = CARTESIAN_POINT ( 'NONE',  ( 0.5250000000000000222, 1.649999999999999911, -1.698606797699999893 ) ) ;
#10318 = SURFACE_STYLE_FILL_AREA ( #1653 ) ;
#10319 = PRESENTATION_STYLE_ASSIGNMENT (( #3192 ) ) ;
#10320 = DIRECTION ( 'NONE',  ( -1.000000000000000000, 0.0000000000000000000, 0.0000000000000000000 ) ) ;
#10321 = VERTEX_POINT ( 'NONE', #6825 ) ;
#10322 = CARTESIAN_POINT ( 'NONE',  ( 9.775000000000002132, 1.949999999999999512, 2.025000000000007017 ) ) ;
#10323 = VERTEX_POINT ( 'NONE', #11462 ) ;
#10324 = ADVANCED_FACE ( 'NONE', ( #1693 ), #9598, .T. ) ;
#10325 = CARTESIAN_POINT ( 'NONE',  ( 10.37500000000000178, 2.000000000000000000, -2.024999999999999911 ) ) ;
#10326 = PLANE ( 'NONE',  #2626 ) ;
#10327 = FACE_OUTER_BOUND ( 'NONE', #3334, .T. ) ;
#10328 = VECTOR ( 'NONE', #10039, 1000.000000000000000 ) ;
#10329 = EDGE_CURVE ( 'NONE', #303, #10925, #7822, .T. ) ;
#10330 = LINE ( 'NONE', #7591, #7781 ) ;
#10331 = ORIENTED_EDGE ( 'NONE', *, *, #11540, .F. ) ;
#10332 = EDGE_CURVE ( 'NONE', #641, #103, #10209, .T. ) ;
#10333 = ORIENTED_EDGE ( 'NONE', *, *, #8819, .T. ) ;
#10334 = ADVANCED_FACE ( 'NONE', ( #5596 ), #5141, .F. ) ;
#10335 = PLANE ( 'NONE',  #9898 ) ;
#10336 = DIRECTION ( 'NONE',  ( -0.0000000000000000000, 1.000000000000000000, -0.0000000000000000000 ) ) ;
#10337 = DIRECTION ( 'NONE',  ( -1.000000000000000000, 0.0000000000000000000, 0.0000000000000000000 ) ) ;
#10338 = ORIENTED_EDGE ( 'NONE', *, *, #4538, .F. ) ;
#10339 = DIRECTION ( 'NONE',  ( 0.0000000000000000000, 0.0000000000000000000, 1.000000000000000000 ) ) ;
#10340 = FACE_OUTER_BOUND ( 'NONE', #3402, .T. ) ;
#10341 = LINE ( 'NONE', #3985, #4859 ) ;
#10342 = PLANE ( 'NONE',  #2365 ) ;
#10343 = ORIENTED_EDGE ( 'NONE', *, *, #8732, .F. ) ;
#10344 = DIRECTION ( 'NONE',  ( 0.0000000000000000000, -1.000000000000000000, 0.0000000000000000000 ) ) ;
#10345 = AXIS2_PLACEMENT_3D ( 'NONE', #8045, #9836, #2553 ) ;
#10346 = EDGE_CURVE ( 'NONE', #4997, #7978, #7399, .T. ) ;
#10347 = ORIENTED_EDGE ( 'NONE', *, *, #5065, .T. ) ;
#10348 = PLANE ( 'NONE',  #4631 ) ;
#10349 = EDGE_LOOP ( 'NONE', ( #2518, #6756, #1280, #8465, #7467, #3617 ) ) ;
#10350 = ORIENTED_EDGE ( 'NONE', *, *, #6345, .T. ) ;
#10351 = VECTOR ( 'NONE', #7446, 1000.000000000000000 ) ;
#10352 = DIRECTION ( 'NONE',  ( -1.000000000000000000, -0.0000000000000000000, -0.0000000000000000000 ) ) ;
#10353 = VECTOR ( 'NONE', #2265, 1000.000000000000000 ) ;
#10354 = CARTESIAN_POINT ( 'NONE',  ( 4.474999999999999645, 0.0000000000000000000, -1.525000000000000133 ) ) ;
#10355 = DIRECTION ( 'NONE',  ( 0.0000000000000000000, 0.0000000000000000000, -1.000000000000000000 ) ) ;
#10356 = CARTESIAN_POINT ( 'NONE',  ( -2.274999999999999911, 3.600000000000000977, -0.07499999999999998335 ) ) ;
#10357 = EDGE_LOOP ( 'NONE', ( #6543, #9218, #3229, #10161 ) ) ;
#10358 = ORIENTED_EDGE ( 'NONE', *, *, #456, .F. ) ;
#10359 = VERTEX_POINT ( 'NONE', #1475 ) ;
#10360 = ORIENTED_EDGE ( 'NONE', *, *, #2790, .T. ) ;
#10361 = CARTESIAN_POINT ( 'NONE',  ( 8.024999999999998579, 1.850000000000000089, 2.024999999999999911 ) ) ;
#10362 = DIRECTION ( 'NONE',  ( 0.0000000000000000000, -0.0000000000000000000, -1.000000000000000000 ) ) ;
#10363 = ORIENTED_EDGE ( 'NONE', *, *, #8358, .T. ) ;
#10364 = UNCERTAINTY_MEASURE_WITH_UNIT (LENGTH_MEASURE( 1.000000000000000082E-05 ), #11129, 'distance_accuracy_value', 'NONE');
#10365 = LINE ( 'NONE', #7861, #3636 ) ;
#10366 = EDGE_CURVE ( 'NONE', #8259, #1120, #559, .T. ) ;
#10367 = DIRECTION ( 'NONE',  ( -0.0000000000000000000, 1.000000000000000000, 0.0000000000000000000 ) ) ;
#10368 = FACE_OUTER_BOUND ( 'NONE', #1690, .T. ) ;
#10369 = DIRECTION ( 'NONE',  ( 0.0000000000000000000, 0.0000000000000000000, -1.000000000000000000 ) ) ;
#10370 = EDGE_CURVE ( 'NONE', #9775, #6516, #3225, .T. ) ;
#10371 = ORIENTED_EDGE ( 'NONE', *, *, #5122, .T. ) ;
#10372 = ORIENTED_EDGE ( 'NONE', *, *, #7923, .T. ) ;
#10373 = ORIENTED_EDGE ( 'NONE', *, *, #859, .T. ) ;
#10374 = ORIENTED_EDGE ( 'NONE', *, *, #8606, .F. ) ;
#10375 = DIRECTION ( 'NONE',  ( -1.000000000000000000, 0.0000000000000000000, 0.0000000000000000000 ) ) ;
#10376 = FILL_AREA_STYLE_COLOUR ( '', #3425 ) ;
#10377 = VECTOR ( 'NONE', #4763, 1000.000000000000000 ) ;
#10378 = LINE ( 'NONE', #8128, #3236 ) ;
#10379 = DIRECTION ( 'NONE',  ( 0.0000000000000000000, 1.000000000000000000, 0.0000000000000000000 ) ) ;
#10380 = DIRECTION ( 'NONE',  ( -1.000000000000000000, 0.0000000000000000000, 0.0000000000000000000 ) ) ;
#10381 = DIRECTION ( 'NONE',  ( 0.0000000000000000000, 0.0000000000000000000, 1.000000000000000000 ) ) ;
#10382 = CARTESIAN_POINT ( 'NONE',  ( 5.724999999999999645, 1.000000000000000000, -1.525000000000000133 ) ) ;
#10383 = CARTESIAN_POINT ( 'NONE',  ( 3.225000000000000089, 0.5000000000000000000, 2.024999999999999911 ) ) ;
#10384 = ORIENTED_EDGE ( 'NONE', *, *, #3964, .F. ) ;
#10385 = CARTESIAN_POINT ( 'NONE',  ( 8.024999999999998579, 1.850000000000000089, -1.698606797699999893 ) ) ;
#10386 = EDGE_LOOP ( 'NONE', ( #1843, #8738, #1804, #5197 ) ) ;
#10387 = ORIENTED_EDGE ( 'NONE', *, *, #6984, .F. ) ;
#10388 = ADVANCED_FACE ( 'NONE', ( #1395 ), #3244, .T. ) ;
#10389 = VECTOR ( 'NONE', #1575, 1000.000000000000000 ) ;
#10390 = CARTESIAN_POINT ( 'NONE',  ( 9.775000000000002132, 3.600000000000000977, -1.425000000000000044 ) ) ;
#10391 = VECTOR ( 'NONE', #8597, 1000.000000000000000 ) ;
#10392 = VECTOR ( 'NONE', #1410, 1000.000000000000000 ) ;
#10393 = EDGE_CURVE ( 'NONE', #3824, #1371, #6427, .T. ) ;
#10394 = PLANE ( 'NONE',  #2654 ) ;
#10395 = DIRECTION ( 'NONE',  ( -0.0000000000000000000, -0.0000000000000000000, 1.000000000000000000 ) ) ;
#10396 = ORIENTED_EDGE ( 'NONE', *, *, #8296, .T. ) ;
#10397 = ORIENTED_EDGE ( 'NONE', *, *, #5015, .T. ) ;
#10398 = DIRECTION ( 'NONE',  ( 0.0000000000000000000, 0.0000000000000000000, 1.000000000000000000 ) ) ;
#10399 = CARTESIAN_POINT ( 'NONE',  ( 2.875000000000000000, 1.000000000000000000, -2.024999999999999911 ) ) ;
#10400 = VECTOR ( 'NONE', #10712, 1000.000000000000000 ) ;
#10401 = VECTOR ( 'NONE', #11371, 1000.000000000000000 ) ;
#10402 = EDGE_CURVE ( 'NONE', #2355, #5986, #4482, .T. ) ;
#10403 = DIRECTION ( 'NONE',  ( 0.0000000000000000000, 0.0000000000000000000, -1.000000000000000000 ) ) ;
#10404 = DIRECTION ( 'NONE',  ( 0.0000000000000000000, -1.000000000000000000, 0.0000000000000000000 ) ) ;
#10405 = ORIENTED_EDGE ( 'NONE', *, *, #4675, .T. ) ;
#10406 = CARTESIAN_POINT ( 'NONE',  ( 5.724999999999999645, 1.350000000000000089, 1.525000000000000133 ) ) ;
#10407 = AXIS2_PLACEMENT_3D ( 'NONE', #9474, #5808, #3082 ) ;
#10408 = PLANE ( 'NONE',  #5759 ) ;
#10409 = VERTEX_POINT ( 'NONE', #10570 ) ;
#10410 = VECTOR ( 'NONE', #3398, 1000.000000000000000 ) ;
#10411 = VECTOR ( 'NONE', #11016, 1000.000000000000000 ) ;
#10412 = SURFACE_STYLE_FILL_AREA ( #7345 ) ;
#10413 = DIRECTION ( 'NONE',  ( -0.0000000000000000000, 1.000000000000000000, -0.0000000000000000000 ) ) ;
#10414 = ORIENTED_EDGE ( 'NONE', *, *, #11216, .T. ) ;
#10415 = VECTOR ( 'NONE', #809, 1000.000000000000000 ) ;
#10416 = DIRECTION ( 'NONE',  ( 0.0000000000000000000, 0.0000000000000000000, 1.000000000000000000 ) ) ;
#10417 = VERTEX_POINT ( 'NONE', #10406 ) ;
#10418 = STYLED_ITEM ( 'NONE', ( #10134 ), #7608 ) ;
#10419 = EDGE_CURVE ( 'NONE', #2974, #5979, #1115, .T. ) ;
#10420 = VECTOR ( 'NONE', #432, 1000.000000000000000 ) ;
#10421 = CARTESIAN_POINT ( 'NONE',  ( -2.274999999999999911, 1.949999999999999512, 2.025000000000007017 ) ) ;
#10422 = CARTESIAN_POINT ( 'NONE',  ( 4.274999999999999467, 0.05000000000000002359, -1.775000000000000133 ) ) ;
#10423 = CARTESIAN_POINT ( 'NONE',  ( 6.975000000000000533, 1.350000000000000089, 1.525000000000000133 ) ) ;
#10424 = VECTOR ( 'NONE', #9806, 1000.000000000000000 ) ;
#10425 = ORIENTED_EDGE ( 'NONE', *, *, #6595, .T. ) ;
#10426 = VECTOR ( 'NONE', #2812, 1000.000000000000000 ) ;
#10427 = CARTESIAN_POINT ( 'NONE',  ( 0.7250000000000000888, -0.6500000000000000222, -2.075000000000000178 ) ) ;
#10428 = ORIENTED_EDGE ( 'NONE', *, *, #4123, .T. ) ;
#10429 = CARTESIAN_POINT ( 'NONE',  ( 6.985000000000000320, 1.000000000000000000, -1.474999999999999867 ) ) ;
#10430 = VECTOR ( 'NONE', #4368, 1000.000000000000114 ) ;
#10431 = EDGE_CURVE ( 'NONE', #1002, #11221, #699, .T. ) ;
#10432 = CARTESIAN_POINT ( 'NONE',  ( 6.775000000000000355, 1.649999999999999911, 2.024999999999999911 ) ) ;
#10433 = EDGE_CURVE ( 'NONE', #9675, #6430, #6145, .T. ) ;
#10434 = VERTEX_POINT ( 'NONE', #7961 ) ;
#10435 = LINE ( 'NONE', #87, #7340 ) ;
#10436 = SURFACE_STYLE_USAGE ( .BOTH. , #11582 ) ;
#10437 = VERTEX_POINT ( 'NONE', #5265 ) ;
#10438 = CARTESIAN_POINT ( 'NONE',  ( 5.525000000000000355, 1.649999999999999911, 2.024999999999999911 ) ) ;
#10439 = ADVANCED_FACE ( 'NONE', ( #6561 ), #896, .F. ) ;
#10440 = CARTESIAN_POINT ( 'NONE',  ( 4.174999999999999822, 1.850000000000000089, -1.474999999999999867 ) ) ;
#10441 = CARTESIAN_POINT ( 'NONE',  ( 3.225000000000000089, 0.5000000000000000000, 0.0000000000000000000 ) ) ;
#10442 = VECTOR ( 'NONE', #7285, 1000.000000000000000 ) ;
#10443 = VECTOR ( 'NONE', #3268, 1000.000000000000000 ) ;
#10444 = CARTESIAN_POINT ( 'NONE',  ( -0.4249999999999999889, 1.649999999999999911, -1.698606797699999893 ) ) ;
#10445 = STYLED_ITEM ( 'NONE', ( #3699 ), #8630 ) ;
#10446 = ORIENTED_EDGE ( 'NONE', *, *, #209, .T. ) ;
#10447 = VECTOR ( 'NONE', #7072, 1000.000000000000000 ) ;
#10448 = AXIS2_PLACEMENT_3D ( 'NONE', #1738, #3488, #6059 ) ;
#10449 = ORIENTED_EDGE ( 'NONE', *, *, #7099, .T. ) ;
#10450 = ADVANCED_FACE ( 'NONE', ( #10368 ), #9713, .T. ) ;
#10451 = DIRECTION ( 'NONE',  ( 1.000000000000000000, 0.0000000000000000000, 0.0000000000000000000 ) ) ;
#10452 = DIRECTION ( 'NONE',  ( -1.000000000000000000, 0.0000000000000000000, 0.0000000000000000000 ) ) ;
#10453 = PLANE ( 'NONE',  #6320 ) ;
#10454 = LINE ( 'NONE', #4424, #2885 ) ;
#10455 = VECTOR ( 'NONE', #3088, 1000.000000000000000 ) ;
#10456 = DIRECTION ( 'NONE',  ( -0.0000000000000000000, 1.000000000000000000, 0.0000000000000000000 ) ) ;
#10457 = CARTESIAN_POINT ( 'NONE',  ( 5.525000000000000355, 0.05000000000000002359, -1.775000000000000133 ) ) ;
#10458 = DIRECTION ( 'NONE',  ( 1.000000000000000000, 0.0000000000000000000, 0.0000000000000000000 ) ) ;
#10459 = ORIENTED_EDGE ( 'NONE', *, *, #10695, .F. ) ;
#10460 = DIRECTION ( 'NONE',  ( -1.000000000000000000, 0.0000000000000000000, 0.0000000000000000000 ) ) ;
#10461 = ORIENTED_EDGE ( 'NONE', *, *, #11525, .F. ) ;
#10462 = MECHANICAL_DESIGN_GEOMETRIC_PRESENTATION_REPRESENTATION (  '', ( #4601 ), #11057 ) ;
#10463 = DIRECTION ( 'NONE',  ( 0.0000000000000000000, 1.000000000000000000, 2.552445434498790050E-15 ) ) ;
#10464 = DIRECTION ( 'NONE',  ( -0.0000000000000000000, 1.000000000000000000, 0.0000000000000000000 ) ) ;
#10465 = LINE ( 'NONE', #4760, #6815 ) ;
#10466 = FACE_OUTER_BOUND ( 'NONE', #4058, .T. ) ;
#10467 = LINE ( 'NONE', #4856, #2636 ) ;
#10468 = VERTEX_POINT ( 'NONE', #4411 ) ;
#10469 = EDGE_CURVE ( 'NONE', #1844, #9502, #10930, .T. ) ;
#10470 = DIRECTION ( 'NONE',  ( 0.0000000000000000000, -1.000000000000000000, 0.0000000000000000000 ) ) ;
#10471 = ORIENTED_EDGE ( 'NONE', *, *, #3508, .T. ) ;
#10472 = DIRECTION ( 'NONE',  ( 1.000000000000000000, 0.0000000000000000000, 0.0000000000000000000 ) ) ;
#10473 = EDGE_CURVE ( 'NONE', #11254, #10017, #7971, .T. ) ;
#10474 = DIRECTION ( 'NONE',  ( -1.000000000000000000, 0.0000000000000000000, 0.0000000000000000000 ) ) ;
#10475 = ORIENTED_EDGE ( 'NONE', *, *, #1783, .T. ) ;
#10476 = VECTOR ( 'NONE', #8534, 1000.000000000000000 ) ;
#10477 = VECTOR ( 'NONE', #3362, 1000.000000000000000 ) ;
#10478 = CARTESIAN_POINT ( 'NONE',  ( 8.225000000000001421, 0.05000000000000002359, -1.775000000000000133 ) ) ;
#10479 = DIRECTION ( 'NONE',  ( 0.0000000000000000000, 0.0000000000000000000, 1.000000000000000000 ) ) ;
#10480 = ORIENTED_EDGE ( 'NONE', *, *, #5592, .T. ) ;
#10481 = DIRECTION ( 'NONE',  ( 1.000000000000000000, 0.0000000000000000000, 0.0000000000000000000 ) ) ;
#10482 = PLANE ( 'NONE',  #5388 ) ;
#10483 = CARTESIAN_POINT ( 'NONE',  ( -2.274999999999999911, 4.250000000000000000, -0.07499999999999998335 ) ) ;
#10484 = AXIS2_PLACEMENT_3D ( 'NONE', #6552, #2030, #323 ) ;
#10485 = EDGE_CURVE ( 'NONE', #1051, #8731, #7677, .T. ) ;
#10486 = VERTEX_POINT ( 'NONE', #11583 ) ;
#10487 = ORIENTED_EDGE ( 'NONE', *, *, #4685, .T. ) ;
#10488 = LINE ( 'NONE', #10483, #5712 ) ;
#10489 = DIRECTION ( 'NONE',  ( 0.0000000000000000000, 1.000000000000000000, -1.084202172485501673E-15 ) ) ;
#10490 = LINE ( 'NONE', #7806, #8090 ) ;
#10491 = AXIS2_PLACEMENT_3D ( 'NONE', #8721, #2567, #8831 ) ;
#10492 = ORIENTED_EDGE ( 'NONE', *, *, #9580, .F. ) ;
#10493 = CARTESIAN_POINT ( 'NONE',  ( 1.775000000000000133, 0.0000000000000000000, -2.024999999999999911 ) ) ;
#10494 = ORIENTED_EDGE ( 'NONE', *, *, #8734, .F. ) ;
#10495 = CARTESIAN_POINT ( 'NONE',  ( 1.975000000000000089, 1.850000000000000089, -2.024999999999999911 ) ) ;
#10496 = DIRECTION ( 'NONE',  ( 1.000000000000000000, 0.0000000000000000000, 0.0000000000000000000 ) ) ;
#10497 = CARTESIAN_POINT ( 'NONE',  ( 8.875000000000003553, 3.750000000000000000, -2.024999999999999911 ) ) ;
#10498 = DIRECTION ( 'NONE',  ( 0.0000000000000000000, -1.000000000000000000, 0.0000000000000000000 ) ) ;
#10499 = EDGE_LOOP ( 'NONE', ( #10396, #3813, #3769, #2238, #9100, #5625 ) ) ;
#10500 = VERTEX_POINT ( 'NONE', #14 ) ;
#10501 = CARTESIAN_POINT ( 'NONE',  ( 4.174999999999999822, 1.850000000000000089, -1.474999999999999867 ) ) ;
#10502 = EDGE_LOOP ( 'NONE', ( #6787, #1366, #8668, #3008 ) ) ;
#10503 =( NAMED_UNIT ( * ) PLANE_ANGLE_UNIT ( ) SI_UNIT ( $, .RADIAN. ) );
#10504 = ADVANCED_FACE ( 'NONE', ( #7134 ), #7925, .F. ) ;
#10505 = ORIENTED_EDGE ( 'NONE', *, *, #9747, .T. ) ;
#10506 = LINE ( 'NONE', #11322, #6843 ) ;
#10507 = VECTOR ( 'NONE', #6866, 1000.000000000000000 ) ;
#10508 = EDGE_CURVE ( 'NONE', #10468, #9664, #10660, .T. ) ;
#10509 = DIRECTION ( 'NONE',  ( 1.000000000000000000, 0.0000000000000000000, 0.0000000000000000000 ) ) ;
#10510 = CARTESIAN_POINT ( 'NONE',  ( 4.264999999999999680, 1.850000000000000089, -1.025000000000000133 ) ) ;
#10511 = ORIENTED_EDGE ( 'NONE', *, *, #6636, .F. ) ;
#10512 = VERTEX_POINT ( 'NONE', #8890 ) ;
#10513 = VERTEX_POINT ( 'NONE', #3583 ) ;
#10514 = DIRECTION ( 'NONE',  ( 0.0000000000000000000, 0.0000000000000000000, 1.000000000000000000 ) ) ;
#10515 = VERTEX_POINT ( 'NONE', #2659 ) ;
#10516 = VECTOR ( 'NONE', #3735, 1000.000000000000000 ) ;
#10517 = CARTESIAN_POINT ( 'NONE',  ( 1.324999999999999956, 1.850000000000000089, 2.024999999999999911 ) ) ;
#10518 = COLOUR_RGB ( '',0.6470588235294117974, 0.6196078431372549211, 0.5882352941176470784 ) ;
#10519 = DIRECTION ( 'NONE',  ( -0.0000000000000000000, 0.7468134723257140450, 0.6650335612228979176 ) ) ;
#10520 =( GEOMETRIC_REPRESENTATION_CONTEXT ( 3 ) GLOBAL_UNCERTAINTY_ASSIGNED_CONTEXT ( ( #5405 ) ) GLOBAL_UNIT_ASSIGNED_CONTEXT ( ( #11382, #3468, #7751 ) ) REPRESENTATION_CONTEXT ( 'NONE', 'WORKASPACE' ) );
#10521 = ORIENTED_EDGE ( 'NONE', *, *, #6407, .F. ) ;
#10522 = MECHANICAL_DESIGN_GEOMETRIC_PRESENTATION_REPRESENTATION (  '', ( #3465 ), #4653 ) ;
#10523 = DIRECTION ( 'NONE',  ( 1.000000000000000000, 0.0000000000000000000, 0.0000000000000000000 ) ) ;
#10524 = SURFACE_STYLE_USAGE ( .BOTH. , #8847 ) ;
#10525 = CARTESIAN_POINT ( 'NONE',  ( -0.5250000000000000222, 1.315130797599999957, 1.171117220399999770 ) ) ;
#10526 = VERTEX_POINT ( 'NONE', #8804 ) ;
#10527 = ORIENTED_EDGE ( 'NONE', *, *, #8762, .F. ) ;
#10528 = CARTESIAN_POINT ( 'NONE',  ( 8.325000000000002842, 1.850000000000000089, 2.024999999999999911 ) ) ;
#10529 = EDGE_CURVE ( 'NONE', #9668, #5572, #4064, .T. ) ;
#10530 = CARTESIAN_POINT ( 'NONE',  ( 3.024999999999999911, 0.5000000000000000000, -1.525000000000000133 ) ) ;
#10531 = DIRECTION ( 'NONE',  ( -0.0000000000000000000, 1.000000000000000000, -0.0000000000000000000 ) ) ;
#10532 = EDGE_CURVE ( 'NONE', #7219, #5647, #11626, .T. ) ;
#10533 = VECTOR ( 'NONE', #6189, 1000.000000000000000 ) ;
#10534 = CARTESIAN_POINT ( 'NONE',  ( 6.974999999999999645, 1.649999999999999911, 2.024999999999999911 ) ) ;
#10535 = VECTOR ( 'NONE', #9795, 1000.000000000000000 ) ;
#10536 = CARTESIAN_POINT ( 'NONE',  ( 0.5250000000000000222, 0.5000000000000000000, 2.024999999999999911 ) ) ;
#10537 = CARTESIAN_POINT ( 'NONE',  ( 9.775000000000002132, 2.250000000000000000, -1.925000000000000711 ) ) ;
#10538 = ORIENTED_EDGE ( 'NONE', *, *, #6437, .F. ) ;
#10539 = ORIENTED_EDGE ( 'NONE', *, *, #10600, .F. ) ;
#10540 = PLANE ( 'NONE',  #4528 ) ;
#10541 = LINE ( 'NONE', #1423, #2825 ) ;
#10542 = DIRECTION ( 'NONE',  ( 0.0000000000000000000, 1.000000000000000000, 0.0000000000000000000 ) ) ;
#10543 = LINE ( 'NONE', #9027, #5057 ) ;
#10544 = CARTESIAN_POINT ( 'NONE',  ( 8.375000000000001776, 2.250000000000000000, 1.505384757699999909 ) ) ;
#10545 = ORIENTED_EDGE ( 'NONE', *, *, #1798, .F. ) ;
#10546 = ORIENTED_EDGE ( 'NONE', *, *, #4852, .F. ) ;
#10547 = PLANE ( 'NONE',  #6532 ) ;
#10548 = EDGE_CURVE ( 'NONE', #4484, #11278, #6003, .T. ) ;
#10549 = PLANE ( 'NONE',  #7419 ) ;
#10550 = DIRECTION ( 'NONE',  ( 0.0000000000000000000, 1.000000000000000000, 0.0000000000000000000 ) ) ;
#10551 = DIRECTION ( 'NONE',  ( 1.000000000000000000, 0.0000000000000000000, 0.0000000000000000000 ) ) ;
#10552 = LINE ( 'NONE', #2001, #5362 ) ;
#10553 = VECTOR ( 'NONE', #11294, 1000.000000000000000 ) ;
#10554 = PLANE ( 'NONE',  #5870 ) ;
#10555 = VECTOR ( 'NONE', #1428, 1000.000000000000000 ) ;
#10556 = DIRECTION ( 'NONE',  ( -1.000000000000000000, 0.0000000000000000000, 0.0000000000000000000 ) ) ;
#10557 = ORIENTED_EDGE ( 'NONE', *, *, #1854, .T. ) ;
#10558 = VECTOR ( 'NONE', #11612, 1000.000000000000000 ) ;
#10559 = DIRECTION ( 'NONE',  ( 0.0000000000000000000, -0.0000000000000000000, -1.000000000000000000 ) ) ;
#10560 = ORIENTED_EDGE ( 'NONE', *, *, #209, .F. ) ;
#10561 =( NAMED_UNIT ( * ) SI_UNIT ( $, .STERADIAN. ) SOLID_ANGLE_UNIT ( ) );
#10562 = ORIENTED_EDGE ( 'NONE', *, *, #4134, .F. ) ;
#10563 = VECTOR ( 'NONE', #10785, 1000.000000000000000 ) ;
#10564 = FACE_OUTER_BOUND ( 'NONE', #8270, .T. ) ;
#10565 = EDGE_CURVE ( 'NONE', #5784, #8638, #8382, .T. ) ;
#10566 = DIRECTION ( 'NONE',  ( 0.0000000000000000000, -1.000000000000000000, 0.0000000000000000000 ) ) ;
#10567 = EDGE_CURVE ( 'NONE', #9306, #3595, #8250, .T. ) ;
#10568 = VECTOR ( 'NONE', #6066, 1000.000000000000000 ) ;
#10569 = ADVANCED_FACE ( 'NONE', ( #3209 ), #3846, .T. ) ;
#10570 = CARTESIAN_POINT ( 'NONE',  ( 8.225000000000003197, 1.000000000000000000, 1.525000000000000133 ) ) ;
#10571 = AXIS2_PLACEMENT_3D ( 'NONE', #11163, #6728, #2509 ) ;
#10572 = CARTESIAN_POINT ( 'NONE',  ( 8.014999999999998792, 1.649999999999999911, -1.025000000000000133 ) ) ;
#10573 = ORIENTED_EDGE ( 'NONE', *, *, #2757, .F. ) ;
#10574 = FACE_OUTER_BOUND ( 'NONE', #5518, .T. ) ;
#10575 = DIRECTION ( 'NONE',  ( -1.000000000000000000, -0.0000000000000000000, -0.0000000000000000000 ) ) ;
#10576 = ORIENTED_EDGE ( 'NONE', *, *, #2612, .T. ) ;
#10577 = COLOUR_RGB ( '',1.000000000000000000, 1.000000000000000000, 1.000000000000000000 ) ;
#10578 = CARTESIAN_POINT ( 'NONE',  ( 6.775000000000000355, 1.649999999999999911, -1.025000000000000133 ) ) ;
#10579 = LINE ( 'NONE', #3211, #10149 ) ;
#10580 = VECTOR ( 'NONE', #8067, 1000.000000000000000 ) ;
#10581 = CARTESIAN_POINT ( 'NONE',  ( 5.525000000000000355, 1.649999999999999911, -1.698606797699999893 ) ) ;
#10582 = ORIENTED_EDGE ( 'NONE', *, *, #7233, .T. ) ;
#10583 = CARTESIAN_POINT ( 'NONE',  ( 3.324999999999999734, 1.649999999999999911, -1.025000000000000133 ) ) ;
#10584 = LINE ( 'NONE', #5694, #5241 ) ;
#10585 = EDGE_CURVE ( 'NONE', #8835, #641, #7388, .T. ) ;
#10586 = CARTESIAN_POINT ( 'NONE',  ( 4.264999999999999680, 1.850000000000000089, -2.024999999999999911 ) ) ;
#10587 = ORIENTED_EDGE ( 'NONE', *, *, #5777, .F. ) ;
#10588 = DIRECTION ( 'NONE',  ( 0.0000000000000000000, -1.000000000000000000, 0.0000000000000000000 ) ) ;
#10589 = UNCERTAINTY_MEASURE_WITH_UNIT (LENGTH_MEASURE( 1.000000000000000082E-05 ), #9459, 'distance_accuracy_value', 'NONE');
#10590 = VECTOR ( 'NONE', #3582, 1000.000000000000000 ) ;
#10591 = VECTOR ( 'NONE', #2279, 1000.000000000000000 ) ;
#10592 = DIRECTION ( 'NONE',  ( 0.0000000000000000000, 0.0000000000000000000, -1.000000000000000000 ) ) ;
#10593 = CARTESIAN_POINT ( 'NONE',  ( 5.075000000000000178, 1.850000000000000089, -1.474999999999999867 ) ) ;
#10594 = CARTESIAN_POINT ( 'NONE',  ( -0.8750000000000000000, 2.250000000000000000, -2.024999999999999911 ) ) ;
#10595 = ORIENTED_EDGE ( 'NONE', *, *, #4347, .F. ) ;
#10596 = EDGE_LOOP ( 'NONE', ( #6112, #3539, #7670, #7306 ) ) ;
#10597 = EDGE_CURVE ( 'NONE', #11580, #258, #5856, .T. ) ;
#10598 = DIRECTION ( 'NONE',  ( 1.000000000000000000, 0.0000000000000000000, 0.0000000000000000000 ) ) ;
#10599 = DIRECTION ( 'NONE',  ( 0.0000000000000000000, 0.0000000000000000000, -1.000000000000000000 ) ) ;
#10600 = EDGE_CURVE ( 'NONE', #11278, #5299, #6833, .T. ) ;
#10601 = VECTOR ( 'NONE', #8850, 1000.000000000000000 ) ;
#10602 = SURFACE_SIDE_STYLE ('',( #1490 ) ) ;
#10603 = DIRECTION ( 'NONE',  ( 0.0000000000000000000, 0.0000000000000000000, -1.000000000000000000 ) ) ;
#10604 = FACE_OUTER_BOUND ( 'NONE', #344, .T. ) ;
#10605 = ORIENTED_EDGE ( 'NONE', *, *, #3913, .F. ) ;
#10606 = CARTESIAN_POINT ( 'NONE',  ( 2.075000000000000178, 1.649999999999999911, -1.474999999999999867 ) ) ;
#10607 = FILL_AREA_STYLE ('',( #6861 ) ) ;
#10608 = VERTEX_POINT ( 'NONE', #1176 ) ;
#10609 = CARTESIAN_POINT ( 'NONE',  ( 3.225000000000000089, 1.000000000000000000, 0.0000000000000000000 ) ) ;
#10610 = VECTOR ( 'NONE', #6436, 1000.000000000000000 ) ;
#10611 = COLOUR_RGB ( '',1.000000000000000000, 1.000000000000000000, 1.000000000000000000 ) ;
#10612 = DIRECTION ( 'NONE',  ( 0.0000000000000000000, 0.0000000000000000000, -1.000000000000000000 ) ) ;
#10613 = ORIENTED_EDGE ( 'NONE', *, *, #6503, .T. ) ;
#10614 = VERTEX_POINT ( 'NONE', #4796 ) ;
#10615 = DIRECTION ( 'NONE',  ( 0.0000000000000000000, 0.0000000000000000000, 1.000000000000000000 ) ) ;
#10616 = CARTESIAN_POINT ( 'NONE',  ( 0.7249999999999998668, -0.6500000000000000222, -2.075000000000000178 ) ) ;
#10617 = EDGE_CURVE ( 'NONE', #8562, #10824, #244, .T. ) ;
#10618 = CARTESIAN_POINT ( 'NONE',  ( 4.474999999999999645, 0.0000000000000000000, 2.024999999999999911 ) ) ;
#10619 = LINE ( 'NONE', #9565, #373 ) ;
#10620 = VECTOR ( 'NONE', #9685, 1000.000000000000000 ) ;
#10621 = LINE ( 'NONE', #132, #519 ) ;
#10622 = ORIENTED_EDGE ( 'NONE', *, *, #10938, .T. ) ;
#10623 = ADVANCED_FACE ( 'NONE', ( #4053 ), #9287, .F. ) ;
#10624 = ORIENTED_EDGE ( 'NONE', *, *, #7329, .T. ) ;
#10625 = PRODUCT_RELATED_PRODUCT_CATEGORY ( 'part', '', ( #2906 ) ) ;
#10626 =( GEOMETRIC_REPRESENTATION_CONTEXT ( 3 ) GLOBAL_UNCERTAINTY_ASSIGNED_CONTEXT ( ( #1169 ) ) GLOBAL_UNIT_ASSIGNED_CONTEXT ( ( #1381, #2411, #5803 ) ) REPRESENTATION_CONTEXT ( 'NONE', 'WORKASPACE' ) );
#10627 = DIRECTION ( 'NONE',  ( 0.0000000000000000000, -1.000000000000000000, 0.0000000000000000000 ) ) ;
#10628 = DIRECTION ( 'NONE',  ( 0.0000000000000000000, 1.000000000000000000, 0.0000000000000000000 ) ) ;
#10629 = CARTESIAN_POINT ( 'NONE',  ( 8.325000000000002842, 1.649999999999999911, 2.024999999999999911 ) ) ;
#10630 = DIRECTION ( 'NONE',  ( 1.000000000000000000, 0.0000000000000000000, 0.0000000000000000000 ) ) ;
#10631 = ORIENTED_EDGE ( 'NONE', *, *, #10198, .T. ) ;
#10632 = FACE_OUTER_BOUND ( 'NONE', #10596, .T. ) ;
#10633 = LINE ( 'NONE', #3839, #9372 ) ;
#10634 = EDGE_CURVE ( 'NONE', #8925, #5605, #6273, .T. ) ;
#10635 = ADVANCED_FACE ( 'NONE', ( #9525 ), #8326, .F. ) ;
#10636 = EDGE_CURVE ( 'NONE', #7151, #10128, #11616, .T. ) ;
#10637 = VERTEX_POINT ( 'NONE', #1246 ) ;
#10638 = CARTESIAN_POINT ( 'NONE',  ( -2.875000000000000000, 2.000000000000000000, -1.425000000000000044 ) ) ;
#10639 = EDGE_CURVE ( 'NONE', #3487, #6733, #4465, .T. ) ;
#10640 = ORIENTED_EDGE ( 'NONE', *, *, #4292, .F. ) ;
#10641 = ORIENTED_EDGE ( 'NONE', *, *, #9695, .F. ) ;
#10642 = CARTESIAN_POINT ( 'NONE',  ( 1.765000000000000124, 1.850000000000000089, -1.025000000000000133 ) ) ;
#10643 = VERTEX_POINT ( 'NONE', #10143 ) ;
#10644 = CARTESIAN_POINT ( 'NONE',  ( 9.956138830084190872, 2.750000000000000000, -0.4749999999999999778 ) ) ;
#10645 = CARTESIAN_POINT ( 'NONE',  ( 6.975000000000000533, 0.0000000000000000000, -1.525000000000000133 ) ) ;
#10646 = VECTOR ( 'NONE', #7454, 1000.000000000000000 ) ;
#10647 = ORIENTED_EDGE ( 'NONE', *, *, #8493, .F. ) ;
#10648 = DIRECTION ( 'NONE',  ( 0.0000000000000000000, 0.0000000000000000000, -1.000000000000000000 ) ) ;
#10649 = DIRECTION ( 'NONE',  ( 1.000000000000000000, 0.0000000000000000000, 0.0000000000000000000 ) ) ;
#10650 = STYLED_ITEM ( 'NONE', ( #8533 ), #6335 ) ;
#10651 = EDGE_CURVE ( 'NONE', #8377, #7736, #8678, .T. ) ;
#10652 = FILL_AREA_STYLE ('',( #4378 ) ) ;
#10653 = VERTEX_POINT ( 'NONE', #11082 ) ;
#10654 = ORIENTED_EDGE ( 'NONE', *, *, #11637, .T. ) ;
#10655 = CARTESIAN_POINT ( 'NONE',  ( -2.875000000000000000, 4.250000000000000000, -0.02500000000000000139 ) ) ;
#10656 = ORIENTED_EDGE ( 'NONE', *, *, #6679, .F. ) ;
#10657 = ORIENTED_EDGE ( 'NONE', *, *, #10057, .T. ) ;
#10658 = AXIS2_PLACEMENT_3D ( 'NONE', #6991, #651, #7883 ) ;
#10659 = ORIENTED_EDGE ( 'NONE', *, *, #8514, .T. ) ;
#10660 = LINE ( 'NONE', #4492, #7527 ) ;
#10661 = CARTESIAN_POINT ( 'NONE',  ( 5.075000000000000178, 1.850000000000000089, 2.024999999999999911 ) ) ;
#10662 = DIRECTION ( 'NONE',  ( 0.0000000000000000000, -0.0000000000000000000, 1.000000000000000000 ) ) ;
#10663 = ORIENTED_EDGE ( 'NONE', *, *, #5663, .T. ) ;
#10664 =( NAMED_UNIT ( * ) PLANE_ANGLE_UNIT ( ) SI_UNIT ( $, .RADIAN. ) );
#10665 = DIRECTION ( 'NONE',  ( -1.000000000000000000, -0.0000000000000000000, -0.0000000000000000000 ) ) ;
#10666 = VERTEX_POINT ( 'NONE', #1208 ) ;
#10667 = EDGE_LOOP ( 'NONE', ( #3205, #9131, #1819, #11352 ) ) ;
#10668 = VERTEX_POINT ( 'NONE', #189 ) ;
#10669 = PLANE ( 'NONE',  #1620 ) ;
#10670 = FACE_OUTER_BOUND ( 'NONE', #7464, .T. ) ;
#10671 = EDGE_CURVE ( 'NONE', #3647, #9041, #6548, .T. ) ;
#10672 = CARTESIAN_POINT ( 'NONE',  ( 3.024999999999999911, 0.0000000000000000000, 0.0000000000000000000 ) ) ;
#10673 = DIRECTION ( 'NONE',  ( -1.000000000000000000, 0.0000000000000000000, 0.0000000000000000000 ) ) ;
#10674 = CARTESIAN_POINT ( 'NONE',  ( 4.474999999999999645, 1.850000000000000089, 2.024999999999999911 ) ) ;
#10675 = DIRECTION ( 'NONE',  ( -1.000000000000000000, 0.0000000000000000000, 0.0000000000000000000 ) ) ;
#10676 = DIRECTION ( 'NONE',  ( -0.0000000000000000000, -1.000000000000000000, -3.219646771412953967E-15 ) ) ;
#10677 = VERTEX_POINT ( 'NONE', #11040 ) ;
#10678 = ORIENTED_EDGE ( 'NONE', *, *, #8492, .F. ) ;
#10679 = ORIENTED_EDGE ( 'NONE', *, *, #8342, .F. ) ;
#10680 = SURFACE_STYLE_FILL_AREA ( #10709 ) ;
#10681 = DIRECTION ( 'NONE',  ( 1.000000000000000000, 0.0000000000000000000, 0.0000000000000000000 ) ) ;
#10682 = DIRECTION ( 'NONE',  ( 0.0000000000000000000, 0.0000000000000000000, 1.000000000000000000 ) ) ;
#10683 = FILL_AREA_STYLE_COLOUR ( '', #7360 ) ;
#10684 = LINE ( 'NONE', #1398, #6447 ) ;
#10685 =( GEOMETRIC_REPRESENTATION_CONTEXT ( 3 ) GLOBAL_UNCERTAINTY_ASSIGNED_CONTEXT ( ( #360 ) ) GLOBAL_UNIT_ASSIGNED_CONTEXT ( ( #123, #6350, #8268 ) ) REPRESENTATION_CONTEXT ( 'NONE', 'WORKASPACE' ) );
#10686 = FACE_OUTER_BOUND ( 'NONE', #3127, .T. ) ;
#10687 = DIRECTION ( 'NONE',  ( 0.0000000000000000000, 1.000000000000000000, 0.0000000000000000000 ) ) ;
#10688 = CARTESIAN_POINT ( 'NONE',  ( 8.225000000000003197, 0.0000000000000000000, -1.525000000000000133 ) ) ;
#10689 = ORIENTED_EDGE ( 'NONE', *, *, #2340, .T. ) ;
#10690 = DIRECTION ( 'NONE',  ( -0.0000000000000000000, 1.000000000000000000, 0.0000000000000000000 ) ) ;
#10691 = EDGE_CURVE ( 'NONE', #10814, #6564, #8825, .T. ) ;
#10692 = CARTESIAN_POINT ( 'NONE',  ( 8.024999999999998579, 0.0000000000000000000, -1.525000000000000133 ) ) ;
#10693 = PLANE ( 'NONE',  #9693 ) ;
#10694 = ORIENTED_EDGE ( 'NONE', *, *, #7198, .F. ) ;
#10695 = EDGE_CURVE ( 'NONE', #10291, #2858, #2364, .T. ) ;
#10696 = LINE ( 'NONE', #667, #9012 ) ;
#10697 = CARTESIAN_POINT ( 'NONE',  ( -0.7249999999999999778, 0.05000000000000002359, -1.524999999999999689 ) ) ;
#10698 = FACE_OUTER_BOUND ( 'NONE', #9182, .T. ) ;
#10699 = VECTOR ( 'NONE', #11327, 1000.000000000000000 ) ;
#10700 = DIRECTION ( 'NONE',  ( -0.0000000000000000000, 1.000000000000000000, 0.0000000000000000000 ) ) ;
#10701 = ORIENTED_EDGE ( 'NONE', *, *, #6503, .F. ) ;
#10702 = CARTESIAN_POINT ( 'NONE',  ( 3.225000000000000089, 1.350000000000000089, 1.525000000000000133 ) ) ;
#10703 = ORIENTED_EDGE ( 'NONE', *, *, #3680, .T. ) ;
#10704 = AXIS2_PLACEMENT_3D ( 'NONE', #1839, #3712, #8041 ) ;
#10705 = COLOUR_RGB ( '',0.6470588235294117974, 0.6196078431372549211, 0.5882352941176470784 ) ;
#10706 = DIRECTION ( 'NONE',  ( -0.0000000000000000000, 1.000000000000000000, 0.0000000000000000000 ) ) ;
#10707 = DIRECTION ( 'NONE',  ( 1.000000000000000000, 0.0000000000000000000, 0.0000000000000000000 ) ) ;
#10708 = LINE ( 'NONE', #2585, #10410 ) ;
#10709 = FILL_AREA_STYLE ('',( #2637 ) ) ;
#10710 = FACE_OUTER_BOUND ( 'NONE', #6348, .T. ) ;
#10711 = DIRECTION ( 'NONE',  ( 0.0000000000000000000, 0.0000000000000000000, -1.000000000000000000 ) ) ;
#10712 = DIRECTION ( 'NONE',  ( 1.000000000000000000, 0.0000000000000000000, 0.0000000000000000000 ) ) ;
#10713 = ORIENTED_EDGE ( 'NONE', *, *, #5102, .T. ) ;
#10714 = VECTOR ( 'NONE', #10765, 1000.000000000000000 ) ;
#10715 = PLANE ( 'NONE',  #3736 ) ;
#10716 = EDGE_CURVE ( 'NONE', #1385, #9375, #397, .T. ) ;
#10717 = PLANE ( 'NONE',  #10067 ) ;
#10718 = CARTESIAN_POINT ( 'NONE',  ( 0.7250000000000000888, 0.5000000000000000000, 0.0000000000000000000 ) ) ;
#10719 = ORIENTED_EDGE ( 'NONE', *, *, #3913, .T. ) ;
#10720 = VECTOR ( 'NONE', #5004, 1000.000000000000000 ) ;
#10721 = CARTESIAN_POINT ( 'NONE',  ( -0.7249999999999999778, 1.649999999999999911, 2.024999999999999911 ) ) ;
#10722 = VECTOR ( 'NONE', #10315, 1000.000000000000000 ) ;
#10723 = PLANE ( 'NONE',  #4725 ) ;
#10724 = VECTOR ( 'NONE', #3325, 1000.000000000000000 ) ;
#10725 = CARTESIAN_POINT ( 'NONE',  ( 0.7249999999999999778, 0.5000000000000000000, 2.024999999999999911 ) ) ;
#10726 = ORIENTED_EDGE ( 'NONE', *, *, #3037, .F. ) ;
#10727 = ORIENTED_EDGE ( 'NONE', *, *, #9777, .F. ) ;
#10728 = EDGE_CURVE ( 'NONE', #2396, #9943, #4720, .T. ) ;
#10729 = ORIENTED_EDGE ( 'NONE', *, *, #11065, .T. ) ;
#10730 = PLANE ( 'NONE',  #9245 ) ;
#10731 = EDGE_CURVE ( 'NONE', #2369, #1844, #9228, .T. ) ;
#10732 = DIRECTION ( 'NONE',  ( 0.0000000000000000000, 1.000000000000000000, 0.0000000000000000000 ) ) ;
#10733 = AXIS2_PLACEMENT_3D ( 'NONE', #7858, #10496, #8779 ) ;
#10734 = CARTESIAN_POINT ( 'NONE',  ( 3.225000000000000089, 1.850000000000000089, 2.024999999999999911 ) ) ;
#10735 = FACE_OUTER_BOUND ( 'NONE', #2502, .T. ) ;
#10736 = ORIENTED_EDGE ( 'NONE', *, *, #7005, .T. ) ;
#10737 = PRESENTATION_STYLE_ASSIGNMENT (( #9793 ) ) ;
#10738 = CARTESIAN_POINT ( 'NONE',  ( 5.724999999999999645, 0.05000000000000002359, -1.524999999999999689 ) ) ;
#10739 = ORIENTED_EDGE ( 'NONE', *, *, #7280, .T. ) ;
#10740 = CARTESIAN_POINT ( 'NONE',  ( -0.3750000000000000000, 2.250000000000000000, 1.025000000000000133 ) ) ;
#10741 = UNCERTAINTY_MEASURE_WITH_UNIT (LENGTH_MEASURE( 1.000000000000000082E-05 ), #9034, 'distance_accuracy_value', 'NONE');
#10742 = DIRECTION ( 'NONE',  ( 0.0000000000000000000, 0.0000000000000000000, -1.000000000000000000 ) ) ;
#10743 = MECHANICAL_DESIGN_GEOMETRIC_PRESENTATION_REPRESENTATION (  '', ( #9084 ), #7472 ) ;
#10744 = FACE_OUTER_BOUND ( 'NONE', #2419, .T. ) ;
#10745 = DIRECTION ( 'NONE',  ( 0.0000000000000000000, -1.000000000000000000, 0.0000000000000000000 ) ) ;
#10746 = EDGE_CURVE ( 'NONE', #9746, #783, #5305, .T. ) ;
#10747 = ORIENTED_EDGE ( 'NONE', *, *, #2611, .T. ) ;
#10748 = PLANE ( 'NONE',  #3054 ) ;
#10749 = EDGE_LOOP ( 'NONE', ( #1469, #2186, #3210, #4730, #4234, #10428, #1060, #1823, #11568, #251, #11589, #4738, #5454, #9390 ) ) ;
#10750 = ORIENTED_EDGE ( 'NONE', *, *, #1719, .F. ) ;
#10751 = DIRECTION ( 'NONE',  ( 0.0000000000000000000, 0.7468134723257140450, -0.6650335612228979176 ) ) ;
#10752 = DIRECTION ( 'NONE',  ( -0.0000000000000000000, 1.000000000000000000, 0.0000000000000000000 ) ) ;
#10753 = DIRECTION ( 'NONE',  ( 1.000000000000000000, 0.0000000000000000000, 0.0000000000000000000 ) ) ;
#10754 = VECTOR ( 'NONE', #1315, 1000.000000000000000 ) ;
#10755 = VECTOR ( 'NONE', #5626, 1000.000000000000000 ) ;
#10756 = FILL_AREA_STYLE ('',( #8177 ) ) ;
#10757 = DIRECTION ( 'NONE',  ( 1.000000000000000000, 0.0000000000000000000, 0.0000000000000000000 ) ) ;
#10758 = CARTESIAN_POINT ( 'NONE',  ( 4.575000000000000178, 1.850000000000000089, -1.698606797699999893 ) ) ;
#10759 = ORIENTED_EDGE ( 'NONE', *, *, #8176, .F. ) ;
#10760 = ORIENTED_EDGE ( 'NONE', *, *, #5013, .F. ) ;
#10761 = EDGE_CURVE ( 'NONE', #8210, #3595, #9669, .T. ) ;
#10762 = EDGE_CURVE ( 'NONE', #4751, #6945, #1107, .T. ) ;
#10763 = PLANE ( 'NONE',  #4530 ) ;
#10764 = LINE ( 'NONE', #4079, #2054 ) ;
#10765 = DIRECTION ( 'NONE',  ( 0.0000000000000000000, 0.0000000000000000000, 1.000000000000000000 ) ) ;
#10766 = ORIENTED_EDGE ( 'NONE', *, *, #2727, .F. ) ;
#10767 = CARTESIAN_POINT ( 'NONE',  ( 6.774999999999999467, 0.3500000000000000333, -2.024999999999999911 ) ) ;
#10768 = ORIENTED_EDGE ( 'NONE', *, *, #11115, .T. ) ;
#10769 = ADVANCED_FACE ( 'NONE', ( #10073 ), #8537, .F. ) ;
#10770 = PRESENTATION_LAYER_ASSIGNMENT (  '', '', ( #10912 ) ) ;
#10771 = CARTESIAN_POINT ( 'NONE',  ( -2.875000000000000000, 1.000000000000000000, -2.024999999999999911 ) ) ;
#10772 = VERTEX_POINT ( 'NONE', #5859 ) ;
#10773 = LINE ( 'NONE', #9790, #3887 ) ;
#10774 = DIRECTION ( 'NONE',  ( 0.0000000000000000000, 0.0000000000000000000, -1.000000000000000000 ) ) ;
#10775 = VECTOR ( 'NONE', #226, 1000.000000000000000 ) ;
#10776 = ORIENTED_EDGE ( 'NONE', *, *, #11452, .T. ) ;
#10777 = FILL_AREA_STYLE_COLOUR ( '', #1470 ) ;
#10778 = CARTESIAN_POINT ( 'NONE',  ( 6.974999999999999645, 1.850000000000000089, -1.698606797699999893 ) ) ;
#10779 = EDGE_CURVE ( 'NONE', #7477, #5605, #7258, .T. ) ;
#10780 = CARTESIAN_POINT ( 'NONE',  ( 8.024999999999998579, 1.649999999999999911, -1.474999999999999867 ) ) ;
#10781 = CARTESIAN_POINT ( 'NONE',  ( 8.235000000000002984, 1.850000000000000089, -2.024999999999999911 ) ) ;
#10782 = ORIENTED_EDGE ( 'NONE', *, *, #9103, .F. ) ;
#10783 = VERTEX_POINT ( 'NONE', #503 ) ;
#10784 = FACE_OUTER_BOUND ( 'NONE', #3949, .T. ) ;
#10785 = DIRECTION ( 'NONE',  ( -1.000000000000000000, 0.0000000000000000000, 0.0000000000000000000 ) ) ;
#10786 = CARTESIAN_POINT ( 'NONE',  ( 8.235000000000002984, 1.850000000000000089, -1.025000000000000133 ) ) ;
#10787 = VERTEX_POINT ( 'NONE', #2307 ) ;
#10788 = AXIS2_PLACEMENT_3D ( 'NONE', #1005, #8066, #6225 ) ;
#10789 = CARTESIAN_POINT ( 'NONE',  ( 1.675000000000000044, 1.850000000000000089, 2.024999999999999911 ) ) ;
#10790 = ORIENTED_EDGE ( 'NONE', *, *, #5215, .T. ) ;
#10791 = ORIENTED_EDGE ( 'NONE', *, *, #2822, .F. ) ;
#10792 = DIRECTION ( 'NONE',  ( 0.0000000000000000000, 0.0000000000000000000, 1.000000000000000000 ) ) ;
#10793 = ORIENTED_EDGE ( 'NONE', *, *, #10651, .F. ) ;
#10794 = EDGE_CURVE ( 'NONE', #2858, #9065, #4875, .T. ) ;
#10795 = CARTESIAN_POINT ( 'NONE',  ( 3.024999999999999911, 0.0000000000000000000, 2.024999999999999911 ) ) ;
#10796 = ORIENTED_EDGE ( 'NONE', *, *, #1184, .T. ) ;
#10797 = VERTEX_POINT ( 'NONE', #7567 ) ;
#10798 = LINE ( 'NONE', #4117, #5595 ) ;
#10799 = CARTESIAN_POINT ( 'NONE',  ( -2.475000000000000089, 3.599999999999999201, -0.07500000000000128786 ) ) ;
#10800 = AXIS2_PLACEMENT_3D ( 'NONE', #3353, #5136, #647 ) ;
#10801 =( NAMED_UNIT ( * ) SI_UNIT ( $, .STERADIAN. ) SOLID_ANGLE_UNIT ( ) );
#10802 = ORIENTED_EDGE ( 'NONE', *, *, #8603, .T. ) ;
#10803 = DIRECTION ( 'NONE',  ( 0.0000000000000000000, 1.000000000000000000, 0.0000000000000000000 ) ) ;
#10804 = DIRECTION ( 'NONE',  ( 0.0000000000000000000, -1.000000000000000000, 0.0000000000000000000 ) ) ;
#10805 = ORIENTED_EDGE ( 'NONE', *, *, #212, .T. ) ;
#10806 = EDGE_LOOP ( 'NONE', ( #10858, #10107, #9460, #6122 ) ) ;
#10807 = ORIENTED_EDGE ( 'NONE', *, *, #5134, .F. ) ;
#10808 = DIRECTION ( 'NONE',  ( 0.0000000000000000000, 0.0000000000000000000, 1.000000000000000000 ) ) ;
#10809 = ORIENTED_EDGE ( 'NONE', *, *, #1167, .T. ) ;
#10810 = AXIS2_PLACEMENT_3D ( 'NONE', #9279, #10199, #9197 ) ;
#10811 = EDGE_CURVE ( 'NONE', #729, #902, #6700, .T. ) ;
#10812 = SURFACE_SIDE_STYLE ('',( #8010 ) ) ;
#10813 = CARTESIAN_POINT ( 'NONE',  ( -0.5250000000000000222, 0.5000000000000000000, -1.525000000000000133 ) ) ;
#10814 = VERTEX_POINT ( 'NONE', #6767 ) ;
#10815 = ORIENTED_EDGE ( 'NONE', *, *, #10346, .F. ) ;
#10816 = ORIENTED_EDGE ( 'NONE', *, *, #2207, .T. ) ;
#10817 = ORIENTED_EDGE ( 'NONE', *, *, #8924, .T. ) ;
#10818 = VECTOR ( 'NONE', #10304, 1000.000000000000000 ) ;
#10819 = CARTESIAN_POINT ( 'NONE',  ( 3.024999999999999911, 1.649999999999999911, -1.474999999999999867 ) ) ;
#10820 = VECTOR ( 'NONE', #6036, 1000.000000000000000 ) ;
#10821 = CARTESIAN_POINT ( 'NONE',  ( 9.775000000000002132, 1.950000000000001732, 2.024999999999999911 ) ) ;
#10822 = VECTOR ( 'NONE', #912, 1000.000000000000000 ) ;
#10823 =( NAMED_UNIT ( * ) PLANE_ANGLE_UNIT ( ) SI_UNIT ( $, .RADIAN. ) );
#10824 = VERTEX_POINT ( 'NONE', #1406 ) ;
#10825 = VERTEX_POINT ( 'NONE', #9408 ) ;
#10826 = CARTESIAN_POINT ( 'NONE',  ( 2.925000000000000266, 1.649999999999999911, -1.474999999999999867 ) ) ;
#10827 = VECTOR ( 'NONE', #8991, 1000.000000000000000 ) ;
#10828 = EDGE_CURVE ( 'NONE', #3920, #1402, #544, .T. ) ;
#10829 = ADVANCED_FACE ( 'NONE', ( #11047 ), #11284, .F. ) ;
#10830 = CARTESIAN_POINT ( 'NONE',  ( -0.4249999999999999889, 1.850000000000000089, 2.024999999999999911 ) ) ;
#10831 = DIRECTION ( 'NONE',  ( 0.0000000000000000000, 0.0000000000000000000, 1.000000000000000000 ) ) ;
#10832 = EDGE_CURVE ( 'NONE', #7717, #6694, #10917, .T. ) ;
#10833 = LINE ( 'NONE', #10786, #4091 ) ;
#10834 = FACE_OUTER_BOUND ( 'NONE', #717, .T. ) ;
#10835 = DIRECTION ( 'NONE',  ( 0.0000000000000000000, 0.0000000000000000000, 1.000000000000000000 ) ) ;
#10836 = ORIENTED_EDGE ( 'NONE', *, *, #1199, .T. ) ;
#10837 = ORIENTED_EDGE ( 'NONE', *, *, #3388, .F. ) ;
#10838 = AXIS2_PLACEMENT_3D ( 'NONE', #618, #11422, #6043 ) ;
#10839 = VECTOR ( 'NONE', #7582, 1000.000000000000000 ) ;
#10840 = PRESENTATION_LAYER_ASSIGNMENT (  '', '', ( #7964 ) ) ;
#10841 = LINE ( 'NONE', #1338, #299 ) ;
#10842 = PLANE ( 'NONE',  #849 ) ;
#10843 = DIRECTION ( 'NONE',  ( 0.0000000000000000000, 1.000000000000000000, 0.0000000000000000000 ) ) ;
#10844 = CARTESIAN_POINT ( 'NONE',  ( 8.375000000000001776, 1.949999999999999956, 2.024999999999999911 ) ) ;
#10845 = ORIENTED_EDGE ( 'NONE', *, *, #2596, .F. ) ;
#10846 = LINE ( 'NONE', #4487, #8438 ) ;
#10847 = ADVANCED_FACE ( 'NONE', ( #7664 ), #9325, .F. ) ;
#10848 = ORIENTED_EDGE ( 'NONE', *, *, #48, .F. ) ;
#10849 = FACE_OUTER_BOUND ( 'NONE', #9150, .T. ) ;
#10850 =( LENGTH_UNIT ( ) NAMED_UNIT ( * ) SI_UNIT ( .MILLI., .METRE. ) );
#10851 = VECTOR ( 'NONE', #956, 1000.000000000000000 ) ;
#10852 = CARTESIAN_POINT ( 'NONE',  ( 6.774999999999999467, 0.05000000000000002359, -1.775000000000000133 ) ) ;
#10853 = VERTEX_POINT ( 'NONE', #3052 ) ;
#10854 = CARTESIAN_POINT ( 'NONE',  ( 0.7249999999999999778, 1.850000000000000089, 2.024999999999999911 ) ) ;
#10855 = LINE ( 'NONE', #5885, #9447 ) ;
#10856 = CARTESIAN_POINT ( 'NONE',  ( 8.225000000000001421, 0.05000000000000002359, -1.524999999999999689 ) ) ;
#10857 = DIRECTION ( 'NONE',  ( 0.0000000000000000000, 0.0000000000000000000, -1.000000000000000000 ) ) ;
#10858 = ORIENTED_EDGE ( 'NONE', *, *, #4833, .F. ) ;
#10859 = CARTESIAN_POINT ( 'NONE',  ( -1.375000000000000000, 3.149999999999999911, 0.02500000000000000139 ) ) ;
#10860 = VECTOR ( 'NONE', #2316, 1000.000000000000000 ) ;
#10861 = EDGE_CURVE ( 'NONE', #7825, #10637, #8239, .T. ) ;
#10862 = LINE ( 'NONE', #6219, #7741 ) ;
#10863 = FACE_OUTER_BOUND ( 'NONE', #6042, .T. ) ;
#10864 = EDGE_CURVE ( 'NONE', #10985, #8491, #2660, .T. ) ;
#10865 = CARTESIAN_POINT ( 'NONE',  ( -2.274999999999999911, 0.0000000000000000000, 0.0000000000000000000 ) ) ;
#10866 = DIRECTION ( 'NONE',  ( 0.0000000000000000000, 0.0000000000000000000, 1.000000000000000000 ) ) ;
#10867 =( LENGTH_UNIT ( ) NAMED_UNIT ( * ) SI_UNIT ( .MILLI., .METRE. ) );
#10868 = ORIENTED_EDGE ( 'NONE', *, *, #2898, .T. ) ;
#10869 = VECTOR ( 'NONE', #3638, 1000.000000000000000 ) ;
#10870 = ORIENTED_EDGE ( 'NONE', *, *, #4979, .T. ) ;
#10871 = DIRECTION ( 'NONE',  ( 0.0000000000000000000, -1.000000000000000000, 0.0000000000000000000 ) ) ;
#10872 = VECTOR ( 'NONE', #8912, 1000.000000000000000 ) ;
#10873 = LINE ( 'NONE', #5126, #931 ) ;
#10874 = ORIENTED_EDGE ( 'NONE', *, *, #5319, .T. ) ;
#10875 = VECTOR ( 'NONE', #10009, 1000.000000000000000 ) ;
#10876 = EDGE_CURVE ( 'NONE', #978, #783, #6992, .T. ) ;
#10877 = CARTESIAN_POINT ( 'NONE',  ( 4.474999999999999645, 0.05000000000000002359, -1.775000000000000133 ) ) ;
#10878 = EDGE_LOOP ( 'NONE', ( #5742, #8182, #6296, #5862 ) ) ;
#10879 = ADVANCED_FACE ( 'NONE', ( #5012 ), #6014, .T. ) ;
#10880 = VECTOR ( 'NONE', #617, 1000.000000000000000 ) ;
#10881 = VECTOR ( 'NONE', #948, 1000.000000000000000 ) ;
#10882 = CARTESIAN_POINT ( 'NONE',  ( 8.325000000000002842, 1.649999999999999911, -1.698606797699999893 ) ) ;
#10883 = ORIENTED_EDGE ( 'NONE', *, *, #2646, .F. ) ;
#10884 = ORIENTED_EDGE ( 'NONE', *, *, #5054, .T. ) ;
#10885 = CARTESIAN_POINT ( 'NONE',  ( 0.8249999999999999556, 1.850000000000000089, -1.698606797699999893 ) ) ;
#10886 = EDGE_CURVE ( 'NONE', #10985, #6842, #4334, .T. ) ;
#10887 = CARTESIAN_POINT ( 'NONE',  ( 7.500000000000002665, 0.0000000000000000000, -1.025000000000000133 ) ) ;
#10888 = LINE ( 'NONE', #1448, #4158 ) ;
#10889 = LINE ( 'NONE', #7157, #5271 ) ;
#10890 = DIRECTION ( 'NONE',  ( 0.0000000000000000000, 1.000000000000000000, 0.0000000000000000000 ) ) ;
#10891 = LINE ( 'NONE', #3156, #10046 ) ;
#10892 = ORIENTED_EDGE ( 'NONE', *, *, #4136, .F. ) ;
#10893 = ORIENTED_EDGE ( 'NONE', *, *, #8529, .T. ) ;
#10894 = DIRECTION ( 'NONE',  ( 0.0000000000000000000, 1.000000000000000000, 0.0000000000000000000 ) ) ;
#10895 = DIRECTION ( 'NONE',  ( -1.000000000000000000, 0.0000000000000000000, 0.0000000000000000000 ) ) ;
#10896 = ADVANCED_FACE ( 'NONE', ( #4602 ), #10453, .F. ) ;
#10897 = LINE ( 'NONE', #2643, #1508 ) ;
#10898 = LINE ( 'NONE', #5118, #8508 ) ;
#10899 = SURFACE_STYLE_FILL_AREA ( #8119 ) ;
#10900 = ORIENTED_EDGE ( 'NONE', *, *, #1915, .F. ) ;
#10901 = EDGE_CURVE ( 'NONE', #6051, #11431, #3771, .T. ) ;
#10902 = CARTESIAN_POINT ( 'NONE',  ( -0.5250000000000000222, -0.6500000000000000222, -2.075000000000000178 ) ) ;
#10903 = EDGE_CURVE ( 'NONE', #11240, #1626, #8521, .T. ) ;
#10904 = PLANE ( 'NONE',  #1440 ) ;
#10905 = ORIENTED_EDGE ( 'NONE', *, *, #3041, .F. ) ;
#10906 = EDGE_LOOP ( 'NONE', ( #2963, #9482, #5453, #5449 ) ) ;
#10907 = CARTESIAN_POINT ( 'NONE',  ( 5.724999999999999645, 0.3499999999999999778, -2.075000000000000178 ) ) ;
#10908 = LINE ( 'NONE', #9667, #11603 ) ;
#10909 = LINE ( 'NONE', #7639, #821 ) ;
#10910 = FACE_OUTER_BOUND ( 'NONE', #8541, .T. ) ;
#10911 = EDGE_LOOP ( 'NONE', ( #11001, #8951, #2288, #11274, #8574, #1636, #4816, #8833, #3413, #6172, #8772, #9744 ) ) ;
#10912 = STYLED_ITEM ( 'NONE', ( #4583 ), #11269 ) ;
#10913 = ORIENTED_EDGE ( 'NONE', *, *, #8356, .T. ) ;
#10914 = FILL_AREA_STYLE ('',( #2772 ) ) ;
#10915 = EDGE_LOOP ( 'NONE', ( #6368, #2188, #6720, #11372 ) ) ;
#10916 = EDGE_LOOP ( 'NONE', ( #10202, #1515, #6251, #2786 ) ) ;
#10917 = LINE ( 'NONE', #8410, #9385 ) ;
#10918 = CARTESIAN_POINT ( 'NONE',  ( 5.525000000000000355, 0.5547525681000000652, 2.024999999999999911 ) ) ;
#10919 = ORIENTED_EDGE ( 'NONE', *, *, #7381, .F. ) ;
#10920 = CARTESIAN_POINT ( 'NONE',  ( 9.375000000000001776, 0.5000000000000000000, -1.474999999999999867 ) ) ;
#10921 = EDGE_CURVE ( 'NONE', #1543, #8097, #976, .T. ) ;
#10922 = PLANE ( 'NONE',  #1312 ) ;
#10923 = ORIENTED_EDGE ( 'NONE', *, *, #10419, .T. ) ;
#10924 = ORIENTED_EDGE ( 'NONE', *, *, #3076, .T. ) ;
#10925 = VERTEX_POINT ( 'NONE', #4266 ) ;
#10926 = ORIENTED_EDGE ( 'NONE', *, *, #6821, .F. ) ;
#10927 = ORIENTED_EDGE ( 'NONE', *, *, #3149, .F. ) ;
#10928 = LINE ( 'NONE', #7977, #11491 ) ;
#10929 = ADVANCED_FACE ( 'NONE', ( #10910 ), #10540, .T. ) ;
#10930 = LINE ( 'NONE', #4333, #9537 ) ;
#10931 = CARTESIAN_POINT ( 'NONE',  ( 4.174999999999999822, 1.850000000000000089, 2.024999999999999911 ) ) ;
#10932 = CARTESIAN_POINT ( 'NONE',  ( 4.275000000000000355, 0.0000000000000000000, 2.024999999999999911 ) ) ;
#10933 = DIRECTION ( 'NONE',  ( 0.0000000000000000000, 1.000000000000000000, 0.0000000000000000000 ) ) ;
#10934 = ORIENTED_EDGE ( 'NONE', *, *, #3540, .F. ) ;
#10935 = EDGE_CURVE ( 'NONE', #8489, #4345, #9373, .T. ) ;
#10936 = CARTESIAN_POINT ( 'NONE',  ( 8.875000000000003553, 3.149999999999999911, -2.024999999999999911 ) ) ;
#10937 = VERTEX_POINT ( 'NONE', #3253 ) ;
#10938 = EDGE_CURVE ( 'NONE', #8500, #8503, #106, .T. ) ;
#10939 = VERTEX_POINT ( 'NONE', #4144 ) ;
#10940 = VERTEX_POINT ( 'NONE', #2468 ) ;
#10941 = CARTESIAN_POINT ( 'NONE',  ( 6.775000000000000355, 1.649999999999999911, -1.025000000000000133 ) ) ;
#10942 =( GEOMETRIC_REPRESENTATION_CONTEXT ( 3 ) GLOBAL_UNCERTAINTY_ASSIGNED_CONTEXT ( ( #3618 ) ) GLOBAL_UNIT_ASSIGNED_CONTEXT ( ( #9932, #3778, #2911 ) ) REPRESENTATION_CONTEXT ( 'NONE', 'WORKASPACE' ) );
#10943 = DIRECTION ( 'NONE',  ( 0.0000000000000000000, -1.000000000000000000, 0.0000000000000000000 ) ) ;
#10944 = LINE ( 'NONE', #6344, #10533 ) ;
#10945 = PRESENTATION_STYLE_ASSIGNMENT (( #4706 ) ) ;
#10946 = ORIENTED_EDGE ( 'NONE', *, *, #5391, .F. ) ;
#10947 = ORIENTED_EDGE ( 'NONE', *, *, #4980, .T. ) ;
#10948 = ADVANCED_FACE ( 'NONE', ( #4860 ), #8707, .T. ) ;
#10949 = VECTOR ( 'NONE', #8680, 1000.000000000000000 ) ;
#10950 = EDGE_CURVE ( 'NONE', #9037, #8712, #4320, .T. ) ;
#10951 = LINE ( 'NONE', #8457, #7292 ) ;
#10952 = FILL_AREA_STYLE_COLOUR ( '', #9221 ) ;
#10953 = EDGE_LOOP ( 'NONE', ( #10373, #7396, #9531, #3190 ) ) ;
#10954 = ORIENTED_EDGE ( 'NONE', *, *, #9924, .F. ) ;
#10955 = CARTESIAN_POINT ( 'NONE',  ( 6.975000000000000533, 1.795247431900000024, 2.024999999999999911 ) ) ;
#10956 = CARTESIAN_POINT ( 'NONE',  ( 1.774999999999999911, 0.3500000000000000333, -2.024999999999999911 ) ) ;
#10957 = ORIENTED_EDGE ( 'NONE', *, *, #573, .T. ) ;
#10958 = CARTESIAN_POINT ( 'NONE',  ( 5.514999999999999680, 1.649999999999999911, -1.698606797699999893 ) ) ;
#10959 = VECTOR ( 'NONE', #1584, 1000.000000000000000 ) ;
#10960 = FACE_OUTER_BOUND ( 'NONE', #3336, .T. ) ;
#10961 = LINE ( 'NONE', #5048, #1149 ) ;
#10962 = ORIENTED_EDGE ( 'NONE', *, *, #6291, .T. ) ;
#10963 = EDGE_CURVE ( 'NONE', #4442, #9674, #6404, .T. ) ;
#10964 = CARTESIAN_POINT ( 'NONE',  ( 5.424999999999999822, 1.850000000000000089, -1.474999999999999867 ) ) ;
#10965 = ORIENTED_EDGE ( 'NONE', *, *, #3238, .F. ) ;
#10966 = EDGE_CURVE ( 'NONE', #6661, #10193, #2204, .T. ) ;
#10967 = LINE ( 'NONE', #6704, #2989 ) ;
#10968 = DIRECTION ( 'NONE',  ( 1.000000000000000000, 0.0000000000000000000, 0.0000000000000000000 ) ) ;
#10969 = CARTESIAN_POINT ( 'NONE',  ( 3.024999999999999911, 0.5000000000000000000, 0.0000000000000000000 ) ) ;
#10970 = LINE ( 'NONE', #5371, #452 ) ;
#10971 = CARTESIAN_POINT ( 'NONE',  ( 8.024999999999998579, 1.000000000000000000, 0.0000000000000000000 ) ) ;
#10972 = VECTOR ( 'NONE', #10034, 1000.000000000000000 ) ;
#10973 = DIRECTION ( 'NONE',  ( 0.0000000000000000000, 0.0000000000000000000, 1.000000000000000000 ) ) ;
#10974 = CARTESIAN_POINT ( 'NONE',  ( 0.0000000000000000000, 1.000000000000000000, -1.474999999999999867 ) ) ;
#10975 = VERTEX_POINT ( 'NONE', #10495 ) ;
#10976 = VECTOR ( 'NONE', #5382, 1000.000000000000000 ) ;
#10977 = VERTEX_POINT ( 'NONE', #2348 ) ;
#10978 = STYLED_ITEM ( 'NONE', ( #5044 ), #2934 ) ;
#10979 = LINE ( 'NONE', #5045, #10720 ) ;
#10980 = DIRECTION ( 'NONE',  ( 1.000000000000000000, 0.0000000000000000000, 0.0000000000000000000 ) ) ;
#10981 = CARTESIAN_POINT ( 'NONE',  ( -0.5250000000000000222, 1.350000000000000089, 0.0000000000000000000 ) ) ;
#10982 = LINE ( 'NONE', #5167, #10424 ) ;
#10983 = ADVANCED_FACE ( 'NONE', ( #5713 ), #5073, .T. ) ;
#10984 = DIRECTION ( 'NONE',  ( -0.0000000000000000000, 1.000000000000000000, 0.0000000000000000000 ) ) ;
#10985 = VERTEX_POINT ( 'NONE', #7689 ) ;
#10986 = VECTOR ( 'NONE', #6360, 1000.000000000000000 ) ;
#10987 = EDGE_CURVE ( 'NONE', #983, #1141, #1096, .T. ) ;
#10988 = ORIENTED_EDGE ( 'NONE', *, *, #8023, .F. ) ;
#10989 = CARTESIAN_POINT ( 'NONE',  ( 9.875000000000001776, 3.750000000000000000, 0.02500000000000000139 ) ) ;
#10990 = VECTOR ( 'NONE', #10253, 1000.000000000000000 ) ;
#10991 = VECTOR ( 'NONE', #853, 1000.000000000000000 ) ;
#10992 =( NAMED_UNIT ( * ) SI_UNIT ( $, .STERADIAN. ) SOLID_ANGLE_UNIT ( ) );
#10993 = PLANE ( 'NONE',  #9609 ) ;
#10994 = DIRECTION ( 'NONE',  ( 1.000000000000000000, 0.0000000000000000000, 0.0000000000000000000 ) ) ;
#10995 = VERTEX_POINT ( 'NONE', #1138 ) ;
#10996 = VECTOR ( 'NONE', #426, 1000.000000000000000 ) ;
#10997 = ORIENTED_EDGE ( 'NONE', *, *, #8011, .T. ) ;
#10998 = EDGE_CURVE ( 'NONE', #6307, #2280, #4041, .T. ) ;
#10999 = EDGE_CURVE ( 'NONE', #5716, #7138, #5575, .T. ) ;
#11000 = ADVANCED_FACE ( 'NONE', ( #529 ), #7039, .F. ) ;
#11001 = ORIENTED_EDGE ( 'NONE', *, *, #5544, .T. ) ;
#11002 = VECTOR ( 'NONE', #11421, 1000.000000000000000 ) ;
#11003 = LINE ( 'NONE', #6277, #11576 ) ;
#11004 = CARTESIAN_POINT ( 'NONE',  ( 0.7349999999999999867, 1.649999999999999911, -1.025000000000000133 ) ) ;
#11005 = DIRECTION ( 'NONE',  ( 1.000000000000000000, 0.0000000000000000000, -0.0000000000000000000 ) ) ;
#11006 = ORIENTED_EDGE ( 'NONE', *, *, #5446, .F. ) ;
#11007 = CARTESIAN_POINT ( 'NONE',  ( 4.474999999999999645, 1.350000000000000089, -1.525000000000000133 ) ) ;
#11008 = ORIENTED_EDGE ( 'NONE', *, *, #10045, .T. ) ;
#11009 = CARTESIAN_POINT ( 'NONE',  ( 3.015000000000000124, 1.850000000000000089, -1.025000000000000133 ) ) ;
#11010 = CARTESIAN_POINT ( 'NONE',  ( 1.775000000000000133, 0.5000000000000000000, -1.525000000000000133 ) ) ;
#11011 = CARTESIAN_POINT ( 'NONE',  ( 3.225000000000000089, 0.5000000000000000000, 2.024999999999999911 ) ) ;
#11012 = CARTESIAN_POINT ( 'NONE',  ( -0.5250000000000000222, -0.6500000000000000222, -1.775000000000000133 ) ) ;
#11013 = MECHANICAL_DESIGN_GEOMETRIC_PRESENTATION_REPRESENTATION (  '', ( #10418 ), #6354 ) ;
#11014 = EDGE_CURVE ( 'NONE', #2240, #7264, #5295, .T. ) ;
#11015 = LINE ( 'NONE', #6859, #9347 ) ;
#11016 = DIRECTION ( 'NONE',  ( 0.0000000000000000000, 0.0000000000000000000, 1.000000000000000000 ) ) ;
#11017 = ORIENTED_EDGE ( 'NONE', *, *, #1627, .T. ) ;
#11018 = PRESENTATION_LAYER_ASSIGNMENT (  '', '', ( #9833 ) ) ;
#11019 = ORIENTED_EDGE ( 'NONE', *, *, #8130, .T. ) ;
#11020 = DIRECTION ( 'NONE',  ( 0.0000000000000000000, 1.000000000000000000, 0.0000000000000000000 ) ) ;
#11021 = LINE ( 'NONE', #7728, #8654 ) ;
#11022 = LINE ( 'NONE', #11288, #8655 ) ;
#11023 = VECTOR ( 'NONE', #8344, 1000.000000000000000 ) ;
#11024 = ORIENTED_EDGE ( 'NONE', *, *, #498, .F. ) ;
#11025 = VERTEX_POINT ( 'NONE', #10578 ) ;
#11026 = ORIENTED_EDGE ( 'NONE', *, *, #3720, .F. ) ;
#11027 = DIRECTION ( 'NONE',  ( 0.0000000000000000000, 0.0000000000000000000, 1.000000000000000000 ) ) ;
#11028 = EDGE_CURVE ( 'NONE', #8961, #6588, #3756, .T. ) ;
#11029 = DIRECTION ( 'NONE',  ( -1.000000000000000000, 0.0000000000000000000, 0.0000000000000000000 ) ) ;
#11030 = DIRECTION ( 'NONE',  ( 0.0000000000000000000, -0.0000000000000000000, -1.000000000000000000 ) ) ;
#11031 = EDGE_CURVE ( 'NONE', #9173, #4498, #9791, .T. ) ;
#11032 = DIRECTION ( 'NONE',  ( -1.000000000000000000, 0.0000000000000000000, 0.0000000000000000000 ) ) ;
#11033 = ORIENTED_EDGE ( 'NONE', *, *, #4594, .T. ) ;
#11034 = LINE ( 'NONE', #6253, #10187 ) ;
#11035 = ORIENTED_EDGE ( 'NONE', *, *, #3041, .T. ) ;
#11036 = ADVANCED_FACE ( 'NONE', ( #2912 ), #6049, .T. ) ;
#11037 = CARTESIAN_POINT ( 'NONE',  ( 2.075000000000000178, 1.649999999999999911, -1.474999999999999867 ) ) ;
#11038 = PLANE ( 'NONE',  #8201 ) ;
#11039 = ORIENTED_EDGE ( 'NONE', *, *, #484, .T. ) ;
#11040 = CARTESIAN_POINT ( 'NONE',  ( -2.375000000000000000, 3.149999999999999911, 0.02500000000000000139 ) ) ;
#11041 = AXIS2_PLACEMENT_3D ( 'NONE', #7625, #766, #6070 ) ;
#11042 = ORIENTED_EDGE ( 'NONE', *, *, #6369, .T. ) ;
#11043 = DIRECTION ( 'NONE',  ( 1.000000000000000000, 0.0000000000000000000, 0.0000000000000000000 ) ) ;
#11044 = ORIENTED_EDGE ( 'NONE', *, *, #8761, .T. ) ;
#11045 = VECTOR ( 'NONE', #372, 1000.000000000000000 ) ;
#11046 = DIRECTION ( 'NONE',  ( -1.000000000000000000, 0.0000000000000000000, 0.0000000000000000000 ) ) ;
#11047 = FACE_OUTER_BOUND ( 'NONE', #3863, .T. ) ;
#11048 = CARTESIAN_POINT ( 'NONE',  ( 6.985000000000000320, 1.850000000000000089, -2.024999999999999911 ) ) ;
#11049 = DIRECTION ( 'NONE',  ( 0.0000000000000000000, 1.000000000000000000, 0.0000000000000000000 ) ) ;
#11050 = DIRECTION ( 'NONE',  ( 0.0000000000000000000, 1.000000000000000000, 0.0000000000000000000 ) ) ;
#11051 = ORIENTED_EDGE ( 'NONE', *, *, #2058, .F. ) ;
#11052 = ORIENTED_EDGE ( 'NONE', *, *, #11141, .T. ) ;
#11053 = VERTEX_POINT ( 'NONE', #9677 ) ;
#11054 = ORIENTED_EDGE ( 'NONE', *, *, #6871, .F. ) ;
#11055 = VERTEX_POINT ( 'NONE', #5109 ) ;
#11056 = LINE ( 'NONE', #3409, #2233 ) ;
#11057 =( GEOMETRIC_REPRESENTATION_CONTEXT ( 3 ) GLOBAL_UNCERTAINTY_ASSIGNED_CONTEXT ( ( #6610 ) ) GLOBAL_UNIT_ASSIGNED_CONTEXT ( ( #8728, #3462, #10561 ) ) REPRESENTATION_CONTEXT ( 'NONE', 'WORKASPACE' ) );
#11058 = ADVANCED_FACE ( 'NONE', ( #10784 ), #11512, .F. ) ;
#11059 = AXIS2_PLACEMENT_3D ( 'NONE', #800, #5292, #6029 ) ;
#11060 = PLANE ( 'NONE',  #7220 ) ;
#11061 = ORIENTED_EDGE ( 'NONE', *, *, #2758, .T. ) ;
#11062 = ORIENTED_EDGE ( 'NONE', *, *, #2087, .T. ) ;
#11063 = CLOSED_SHELL ( 'NONE', ( #6080, #3843, #7290, #4876, #4754, #579, #11439, #2208, #8504, #3759, #3459, #5079, #3134, #6680, #8092, #643, #1084, #6353 ) ) ;
#11064 = VERTEX_POINT ( 'NONE', #1687 ) ;
#11065 = EDGE_CURVE ( 'NONE', #1143, #8050, #8368, .T. ) ;
#11066 = DIRECTION ( 'NONE',  ( 0.0000000000000000000, -1.000000000000000000, 0.0000000000000000000 ) ) ;
#11067 = ORIENTED_EDGE ( 'NONE', *, *, #4387, .F. ) ;
#11068 = FACE_OUTER_BOUND ( 'NONE', #9361, .T. ) ;
#11069 = DIRECTION ( 'NONE',  ( 0.0000000000000000000, -1.000000000000000000, 0.0000000000000000000 ) ) ;
#11070 = VECTOR ( 'NONE', #2057, 1000.000000000000000 ) ;
#11071 = EDGE_CURVE ( 'NONE', #11602, #2308, #10490, .T. ) ;
#11072 = CARTESIAN_POINT ( 'NONE',  ( -0.7349999999999999867, 1.649999999999999911, -1.474999999999999867 ) ) ;
#11073 = CARTESIAN_POINT ( 'NONE',  ( 6.325000000000002842, 1.850000000000000089, 2.024999999999999911 ) ) ;
#11074 = ORIENTED_EDGE ( 'NONE', *, *, #3511, .T. ) ;
#11075 = ORIENTED_EDGE ( 'NONE', *, *, #7645, .F. ) ;
#11076 = ORIENTED_EDGE ( 'NONE', *, *, #11156, .T. ) ;
#11077 = UNCERTAINTY_MEASURE_WITH_UNIT (LENGTH_MEASURE( 1.000000000000000082E-05 ), #5809, 'distance_accuracy_value', 'NONE');
#11078 = CARTESIAN_POINT ( 'NONE',  ( 6.249999999999999112, 0.0000000000000000000, -1.025000000000000133 ) ) ;
#11079 = CARTESIAN_POINT ( 'NONE',  ( 9.775000000000002132, 0.0000000000000000000, 0.0000000000000000000 ) ) ;
#11080 = VECTOR ( 'NONE', #7172, 1000.000000000000000 ) ;
#11081 = VECTOR ( 'NONE', #9196, 1000.000000000000000 ) ;
#11082 = CARTESIAN_POINT ( 'NONE',  ( 5.735000000000000320, 1.000000000000000000, -1.525000000000000133 ) ) ;
#11083 = CARTESIAN_POINT ( 'NONE',  ( -0.5250000000000000222, 1.850000000000000089, -2.024999999999999911 ) ) ;
#11084 = EDGE_CURVE ( 'NONE', #11487, #3606, #6980, .T. ) ;
#11085 = CARTESIAN_POINT ( 'NONE',  ( 9.975000000000003197, 1.999999999999997780, -2.075000000000008615 ) ) ;
#11086 = ORIENTED_EDGE ( 'NONE', *, *, #2027, .T. ) ;
#11087 = DIRECTION ( 'NONE',  ( 0.0000000000000000000, 1.000000000000000000, 0.0000000000000000000 ) ) ;
#11088 = AXIS2_PLACEMENT_3D ( 'NONE', #501, #9524, #10451 ) ;
#11089 = VERTEX_POINT ( 'NONE', #2587 ) ;
#11090 = PLANE ( 'NONE',  #7485 ) ;
#11091 = FACE_OUTER_BOUND ( 'NONE', #1030, .T. ) ;
#11092 = FACE_OUTER_BOUND ( 'NONE', #5887, .T. ) ;
#11093 = VECTOR ( 'NONE', #9736, 1000.000000000000000 ) ;
#11094 = DIRECTION ( 'NONE',  ( 1.000000000000000000, 0.0000000000000000000, 0.0000000000000000000 ) ) ;
#11095 = ORIENTED_EDGE ( 'NONE', *, *, #8146, .T. ) ;
#11096 = ADVANCED_FACE ( 'NONE', ( #1526 ), #7762, .T. ) ;
#11097 = ORIENTED_EDGE ( 'NONE', *, *, #4979, .F. ) ;
#11098 = EDGE_CURVE ( 'NONE', #10118, #5557, #7808, .T. ) ;
#11099 = CARTESIAN_POINT ( 'NONE',  ( 2.875000000000000000, 1.000000000000000000, -1.525000000000000133 ) ) ;
#11100 = DIRECTION ( 'NONE',  ( -1.000000000000000000, 0.0000000000000000000, 0.0000000000000000000 ) ) ;
#11101 = DIRECTION ( 'NONE',  ( 0.0000000000000000000, 0.0000000000000000000, -1.000000000000000000 ) ) ;
#11102 = FACE_OUTER_BOUND ( 'NONE', #68, .T. ) ;
#11103 = FACE_OUTER_BOUND ( 'NONE', #10357, .T. ) ;
#11104 = LINE ( 'NONE', #10075, #8431 ) ;
#11105 = CARTESIAN_POINT ( 'NONE',  ( 5.525000000000000355, -0.004464445899999999919, 0.003975566199999999890 ) ) ;
#11106 = ORIENTED_EDGE ( 'NONE', *, *, #1915, .T. ) ;
#11107 = CARTESIAN_POINT ( 'NONE',  ( 8.014999999999998792, 1.850000000000000089, -1.025000000000000133 ) ) ;
#11108 = VECTOR ( 'NONE', #8109, 1000.000000000000000 ) ;
#11109 = CARTESIAN_POINT ( 'NONE',  ( 1.975000000000000089, 0.5000000000000000000, -1.525000000000000133 ) ) ;
#11110 = ORIENTED_EDGE ( 'NONE', *, *, #4365, .F. ) ;
#11111 = FILL_AREA_STYLE ('',( #3089 ) ) ;
#11112 = VECTOR ( 'NONE', #9165, 1000.000000000000000 ) ;
#11113 = FACE_OUTER_BOUND ( 'NONE', #6498, .T. ) ;
#11114 = VECTOR ( 'NONE', #1858, 1000.000000000000000 ) ;
#11115 = EDGE_CURVE ( 'NONE', #6828, #8377, #10195, .T. ) ;
#11116 = DIRECTION ( 'NONE',  ( -1.000000000000000000, 0.0000000000000000000, 0.0000000000000000000 ) ) ;
#11117 = ADVANCED_FACE ( 'NONE', ( #386 ), #3289, .F. ) ;
#11118 = EDGE_CURVE ( 'NONE', #86, #6945, #9093, .T. ) ;
#11119 = SURFACE_STYLE_USAGE ( .BOTH. , #4951 ) ;
#11120 = ORIENTED_EDGE ( 'NONE', *, *, #6721, .F. ) ;
#11121 = COLOUR_RGB ( '',1.000000000000000000, 1.000000000000000000, 1.000000000000000000 ) ;
#11122 = CARTESIAN_POINT ( 'NONE',  ( 8.375000000000001776, 3.750000000000000000, 2.024999999999999911 ) ) ;
#11123 = CARTESIAN_POINT ( 'NONE',  ( 7.924999999999999822, 1.850000000000000089, 2.024999999999999911 ) ) ;
#11124 = VERTEX_POINT ( 'NONE', #6090 ) ;
#11125 = DIRECTION ( 'NONE',  ( -0.0000000000000000000, 0.0000000000000000000, -1.000000000000000000 ) ) ;
#11126 = PLANE ( 'NONE',  #11427 ) ;
#11127 = CARTESIAN_POINT ( 'NONE',  ( 6.775000000000000355, 1.850000000000000089, -2.024999999999999911 ) ) ;
#11128 = DIRECTION ( 'NONE',  ( 0.0000000000000000000, 1.000000000000000000, 0.0000000000000000000 ) ) ;
#11129 =( LENGTH_UNIT ( ) NAMED_UNIT ( * ) SI_UNIT ( .MILLI., .METRE. ) );
#11130 = VECTOR ( 'NONE', #8450, 1000.000000000000114 ) ;
#11131 = LINE ( 'NONE', #1903, #182 ) ;
#11132 = AXIS2_PLACEMENT_3D ( 'NONE', #5234, #4183, #8700 ) ;
#11133 = VERTEX_POINT ( 'NONE', #8043 ) ;
#11134 = LINE ( 'NONE', #3902, #3984 ) ;
#11135 = STYLED_ITEM ( 'NONE', ( #4250 ), #4217 ) ;
#11136 = DIRECTION ( 'NONE',  ( 1.000000000000000000, 0.0000000000000000000, 0.0000000000000000000 ) ) ;
#11137 = ORIENTED_EDGE ( 'NONE', *, *, #6311, .F. ) ;
#11138 = VECTOR ( 'NONE', #697, 1000.000000000000000 ) ;
#11139 = LINE ( 'NONE', #4160, #4811 ) ;
#11140 = CARTESIAN_POINT ( 'NONE',  ( -2.274999999999999911, 1.950000000000002176, 1.375000000000006883 ) ) ;
#11141 = EDGE_CURVE ( 'NONE', #6697, #10608, #4591, .T. ) ;
#11142 = DIRECTION ( 'NONE',  ( 0.0000000000000000000, 0.0000000000000000000, 1.000000000000000000 ) ) ;
#11143 = CARTESIAN_POINT ( 'NONE',  ( 1.765000000000000124, 1.850000000000000089, -2.024999999999999911 ) ) ;
#11144 = ORIENTED_EDGE ( 'NONE', *, *, #10402, .T. ) ;
#11145 = DIRECTION ( 'NONE',  ( 0.0000000000000000000, 0.0000000000000000000, 1.000000000000000000 ) ) ;
#11146 = EDGE_LOOP ( 'NONE', ( #125, #6147, #4059, #7042 ) ) ;
#11147 = UNCERTAINTY_MEASURE_WITH_UNIT (LENGTH_MEASURE( 1.000000000000000082E-05 ), #1305, 'distance_accuracy_value', 'NONE');
#11148 = DIRECTION ( 'NONE',  ( 0.0000000000000000000, 0.6650335612228979176, -0.7468134723257140450 ) ) ;
#11149 = CARTESIAN_POINT ( 'NONE',  ( -0.5250000000000000222, 0.0000000000000000000, -2.024999999999999911 ) ) ;
#11150 = ADVANCED_FACE ( 'NONE', ( #9661 ), #904, .F. ) ;
#11151 = CARTESIAN_POINT ( 'NONE',  ( 1.975000000000000089, 0.5000000000000000000, 0.0000000000000000000 ) ) ;
#11152 = AXIS2_PLACEMENT_3D ( 'NONE', #11009, #1972, #1179 ) ;
#11153 = PLANE ( 'NONE',  #9829 ) ;
#11154 = PLANE ( 'NONE',  #655 ) ;
#11155 = ORIENTED_EDGE ( 'NONE', *, *, #4780, .T. ) ;
#11156 = EDGE_CURVE ( 'NONE', #10437, #9676, #375, .T. ) ;
#11157 = EDGE_CURVE ( 'NONE', #4216, #1150, #2193, .T. ) ;
#11158 = VERTEX_POINT ( 'NONE', #5195 ) ;
#11159 = ADVANCED_FACE ( 'NONE', ( #964 ), #2702, .F. ) ;
#11160 = CARTESIAN_POINT ( 'NONE',  ( 6.974999999999999645, 1.850000000000000089, -1.698606797699999893 ) ) ;
#11161 = SURFACE_STYLE_FILL_AREA ( #506 ) ;
#11162 = VECTOR ( 'NONE', #6399, 1000.000000000000000 ) ;
#11163 = CARTESIAN_POINT ( 'NONE',  ( 1.984999999999999876, 1.000000000000000000, -1.025000000000000133 ) ) ;
#11164 = DIRECTION ( 'NONE',  ( -0.0000000000000000000, 1.000000000000000000, 0.0000000000000000000 ) ) ;
#11165 = PRESENTATION_STYLE_ASSIGNMENT (( #7955 ) ) ;
#11166 = DIRECTION ( 'NONE',  ( 0.0000000000000000000, 0.0000000000000000000, 1.000000000000000000 ) ) ;
#11167 = ORIENTED_EDGE ( 'NONE', *, *, #11311, .T. ) ;
#11168 = DIRECTION ( 'NONE',  ( 1.000000000000000000, 0.0000000000000000000, 0.0000000000000000000 ) ) ;
#11169 = FILL_AREA_STYLE_COLOUR ( '', #2689 ) ;
#11170 = VERTEX_POINT ( 'NONE', #1802 ) ;
#11171 = EDGE_CURVE ( 'NONE', #2809, #1012, #6969, .T. ) ;
#11172 = CARTESIAN_POINT ( 'NONE',  ( 9.975000000000003197, 3.599999999999999201, -0.07500000000000128786 ) ) ;
#11173 = PRODUCT_DEFINITION_CONTEXT ( 'detailed design', #6943, 'design' ) ;
#11174 = COLOUR_RGB ( '',1.000000000000000000, 1.000000000000000000, 1.000000000000000000 ) ;
#11175 = SURFACE_STYLE_FILL_AREA ( #3396 ) ;
#11176 = LINE ( 'NONE', #2807, #1510 ) ;
#11177 = EDGE_LOOP ( 'NONE', ( #8310, #11052, #227, #9484, #53, #7401, #7391, #4048, #7137, #10079, #3507, #3536, #9319, #3223, #8269, #5172, #9815, #3779, #1791, #6151 ) ) ;
#11178 = CARTESIAN_POINT ( 'NONE',  ( 4.275000000000000355, 1.000000000000000000, 1.525000000000000133 ) ) ;
#11179 = ADVANCED_FACE ( 'NONE', ( #6393 ), #3592, .F. ) ;
#11180 = CARTESIAN_POINT ( 'NONE',  ( 6.775000000000000355, 1.000000000000000000, 1.525000000000000133 ) ) ;
#11181 = CARTESIAN_POINT ( 'NONE',  ( 9.375000000000001776, 3.149999999999999911, 2.025999999999999801 ) ) ;
#11182 = VERTEX_POINT ( 'NONE', #11588 ) ;
#11183 = CARTESIAN_POINT ( 'NONE',  ( -0.5250000000000000222, 0.0000000000000000000, 2.024999999999999911 ) ) ;
#11184 = LINE ( 'NONE', #9241, #6118 ) ;
#11185 = DIRECTION ( 'NONE',  ( 0.0000000000000000000, 1.000000000000000000, 0.0000000000000000000 ) ) ;
#11186 = DIRECTION ( 'NONE',  ( -1.000000000000000000, 0.0000000000000000000, 0.0000000000000000000 ) ) ;
#11187 = FILL_AREA_STYLE_COLOUR ( '', #2171 ) ;
#11188 = ORIENTED_EDGE ( 'NONE', *, *, #1595, .T. ) ;
#11189 = EDGE_CURVE ( 'NONE', #5580, #249, #3888, .T. ) ;
#11190 = CARTESIAN_POINT ( 'NONE',  ( 0.7250000000000000888, 0.0000000000000000000, 0.0000000000000000000 ) ) ;
#11191 = CARTESIAN_POINT ( 'NONE',  ( 0.07499999999999998335, 1.850000000000000089, -1.474999999999999867 ) ) ;
#11192 = EDGE_CURVE ( 'NONE', #3431, #376, #9358, .T. ) ;
#11193 = DIRECTION ( 'NONE',  ( 0.0000000000000000000, 0.0000000000000000000, 1.000000000000000000 ) ) ;
#11194 = ORIENTED_EDGE ( 'NONE', *, *, #3838, .T. ) ;
#11195 = EDGE_LOOP ( 'NONE', ( #10132, #5180, #3094, #673, #4196, #9643, #4868 ) ) ;
#11196 = VERTEX_POINT ( 'NONE', #21 ) ;
#11197 = ORIENTED_EDGE ( 'NONE', *, *, #8923, .F. ) ;
#11198 = VECTOR ( 'NONE', #6212, 1000.000000000000000 ) ;
#11199 = VECTOR ( 'NONE', #2144, 1000.000000000000000 ) ;
#11200 = CARTESIAN_POINT ( 'NONE',  ( -2.274999999999999911, 3.600000000000000977, -1.425000000000000044 ) ) ;
#11201 = AXIS2_PLACEMENT_3D ( 'NONE', #11190, #7518, #493 ) ;
#11202 = CARTESIAN_POINT ( 'NONE',  ( 6.775000000000000355, 1.850000000000000089, 2.024999999999999911 ) ) ;
#11203 = CARTESIAN_POINT ( 'NONE',  ( 0.5250000000000000222, 1.649999999999999911, -1.474999999999999867 ) ) ;
#11204 = DIRECTION ( 'NONE',  ( 0.0000000000000000000, -1.000000000000000000, 0.0000000000000000000 ) ) ;
#11205 = ORIENTED_EDGE ( 'NONE', *, *, #7579, .T. ) ;
#11206 = ORIENTED_EDGE ( 'NONE', *, *, #9467, .T. ) ;
#11207 = ORIENTED_EDGE ( 'NONE', *, *, #6457, .T. ) ;
#11208 = DIRECTION ( 'NONE',  ( 0.0000000000000000000, 1.000000000000000000, 0.0000000000000000000 ) ) ;
#11209 = CARTESIAN_POINT ( 'NONE',  ( -2.475000000000000089, 1.999999999999997780, -2.024999999999999911 ) ) ;
#11210 = ADVANCED_FACE ( 'NONE', ( #7503 ), #1877, .F. ) ;
#11211 = ORIENTED_EDGE ( 'NONE', *, *, #6454, .T. ) ;
#11212 = COLOUR_RGB ( '',0.6470588235294117974, 0.6196078431372549211, 0.5882352941176470784 ) ;
#11213 = VECTOR ( 'NONE', #11272, 1000.000000000000000 ) ;
#11214 = FILL_AREA_STYLE_COLOUR ( '', #10577 ) ;
#11215 = ORIENTED_EDGE ( 'NONE', *, *, #7828, .F. ) ;
#11216 = EDGE_CURVE ( 'NONE', #2928, #923, #1657, .T. ) ;
#11217 = DIRECTION ( 'NONE',  ( 0.0000000000000000000, 1.000000000000000000, 0.0000000000000000000 ) ) ;
#11218 = ORIENTED_EDGE ( 'NONE', *, *, #3911, .T. ) ;
#11219 = DIRECTION ( 'NONE',  ( 0.0000000000000000000, 0.0000000000000000000, -1.000000000000000000 ) ) ;
#11220 = DIRECTION ( 'NONE',  ( 1.000000000000000000, 0.0000000000000000000, -0.0000000000000000000 ) ) ;
#11221 = VERTEX_POINT ( 'NONE', #3517 ) ;
#11222 = ORIENTED_EDGE ( 'NONE', *, *, #10045, .F. ) ;
#11223 = ORIENTED_EDGE ( 'NONE', *, *, #1869, .F. ) ;
#11224 = ADVANCED_FACE ( 'NONE', ( #6110 ), #2739, .T. ) ;
#11225 = CARTESIAN_POINT ( 'NONE',  ( -1.875000000000000000, 1.850000000000000089, -1.474999999999999867 ) ) ;
#11226 = LINE ( 'NONE', #6363, #722 ) ;
#11227 = CARTESIAN_POINT ( 'NONE',  ( 3.225000000000000089, -0.6500000000000000222, -2.075000000000000178 ) ) ;
#11228 = ORIENTED_EDGE ( 'NONE', *, *, #3440, .F. ) ;
#11229 = EDGE_CURVE ( 'NONE', #3633, #4959, #8079, .T. ) ;
#11230 = CARTESIAN_POINT ( 'NONE',  ( 9.775000000000002132, 3.600000000000000977, -0.07499999999999998335 ) ) ;
#11231 = ORIENTED_EDGE ( 'NONE', *, *, #3000, .T. ) ;
#11232 = EDGE_CURVE ( 'NONE', #11339, #8972, #1930, .T. ) ;
#11233 = CARTESIAN_POINT ( 'NONE',  ( 8.224999999999999645, 1.000000000000000000, 0.0000000000000000000 ) ) ;
#11234 = LINE ( 'NONE', #10423, #6164 ) ;
#11235 = CARTESIAN_POINT ( 'NONE',  ( 5.525000000000000355, 1.649999999999999911, -1.025000000000000133 ) ) ;
#11236 = EDGE_CURVE ( 'NONE', #5220, #10417, #9511, .T. ) ;
#11237 = DIRECTION ( 'NONE',  ( 1.000000000000000000, 0.0000000000000000000, 0.0000000000000000000 ) ) ;
#11238 = SURFACE_SIDE_STYLE ('',( #3627 ) ) ;
#11239 = LINE ( 'NONE', #2894, #8867 ) ;
#11240 = VERTEX_POINT ( 'NONE', #6204 ) ;
#11241 = ORIENTED_EDGE ( 'NONE', *, *, #8836, .F. ) ;
#11242 = CARTESIAN_POINT ( 'NONE',  ( 4.575000000000000178, 1.649999999999999911, -1.698606797699999893 ) ) ;
#11243 = DIRECTION ( 'NONE',  ( 0.0000000000000000000, 0.0000000000000000000, -1.000000000000000000 ) ) ;
#11244 = STYLED_ITEM ( 'NONE', ( #6120 ), #6582 ) ;
#11245 = VECTOR ( 'NONE', #4497, 1000.000000000000000 ) ;
#11246 = EDGE_CURVE ( 'NONE', #9854, #2830, #5135, .T. ) ;
#11247 = DIRECTION ( 'NONE',  ( 0.0000000000000000000, -2.148487149506095815E-16, -1.000000000000000000 ) ) ;
#11248 = FACE_OUTER_BOUND ( 'NONE', #1122, .T. ) ;
#11249 = DIRECTION ( 'NONE',  ( 0.0000000000000000000, -1.000000000000000000, 0.0000000000000000000 ) ) ;
#11250 = FACE_OUTER_BOUND ( 'NONE', #5284, .T. ) ;
#11251 = CARTESIAN_POINT ( 'NONE',  ( 6.765000000000000568, 1.850000000000000089, -2.024999999999999911 ) ) ;
#11252 = AXIS2_PLACEMENT_3D ( 'NONE', #2824, #1859, #6257 ) ;
#11253 = VERTEX_POINT ( 'NONE', #10018 ) ;
#11254 = VERTEX_POINT ( 'NONE', #9191 ) ;
#11255 = VECTOR ( 'NONE', #8832, 1000.000000000000000 ) ;
#11256 = LINE ( 'NONE', #4644, #1441 ) ;
#11257 = CARTESIAN_POINT ( 'NONE',  ( 6.774999999999999467, -0.6500000000000000222, -1.775000000000000133 ) ) ;
#11258 = ORIENTED_EDGE ( 'NONE', *, *, #8936, .T. ) ;
#11259 = FACE_OUTER_BOUND ( 'NONE', #4222, .T. ) ;
#11260 = EDGE_CURVE ( 'NONE', #10128, #6051, #11176, .T. ) ;
#11261 = DIRECTION ( 'NONE',  ( -1.000000000000000000, 0.0000000000000000000, 0.0000000000000000000 ) ) ;
#11262 = PLANE ( 'NONE',  #1909 ) ;
#11263 = ORIENTED_EDGE ( 'NONE', *, *, #7755, .F. ) ;
#11264 = LINE ( 'NONE', #5121, #1887 ) ;
#11265 = CARTESIAN_POINT ( 'NONE',  ( 8.024999999999998579, 0.0000000000000000000, 2.024999999999999911 ) ) ;
#11266 = DIRECTION ( 'NONE',  ( 0.0000000000000000000, 0.0000000000000000000, -1.000000000000000000 ) ) ;
#11267 = DIRECTION ( 'NONE',  ( 0.0000000000000000000, -1.000000000000000000, 0.0000000000000000000 ) ) ;
#11268 = VECTOR ( 'NONE', #5932, 1000.000000000000000 ) ;
#11269 = ADVANCED_FACE ( 'NONE', ( #7794 ), #4565, .T. ) ;
#11270 = VECTOR ( 'NONE', #4802, 1000.000000000000000 ) ;
#11271 = CARTESIAN_POINT ( 'NONE',  ( -2.274999999999999911, 0.6000000000000076383, -0.2249999999999982014 ) ) ;
#11272 = DIRECTION ( 'NONE',  ( 0.0000000000000000000, 0.0000000000000000000, -1.000000000000000000 ) ) ;
#11273 =( LENGTH_UNIT ( ) NAMED_UNIT ( * ) SI_UNIT ( .MILLI., .METRE. ) );
#11274 = ORIENTED_EDGE ( 'NONE', *, *, #10370, .T. ) ;
#11275 = LINE ( 'NONE', #7515, #5795 ) ;
#11276 = DIRECTION ( 'NONE',  ( -1.000000000000000000, -0.0000000000000000000, 0.0000000000000000000 ) ) ;
#11277 = AXIS2_PLACEMENT_3D ( 'NONE', #7542, #6534, #11136 ) ;
#11278 = VERTEX_POINT ( 'NONE', #6429 ) ;
#11279 = AXIS2_PLACEMENT_3D ( 'NONE', #266, #6458, #7389 ) ;
#11280 = ADVANCED_FACE ( 'NONE', ( #11606 ), #1910, .F. ) ;
#11281 = EDGE_CURVE ( 'NONE', #10939, #4456, #5426, .T. ) ;
#11282 = VECTOR ( 'NONE', #10336, 1000.000000000000000 ) ;
#11283 = VECTOR ( 'NONE', #3580, 1000.000000000000000 ) ;
#11284 = PLANE ( 'NONE',  #8740 ) ;
#11285 = ORIENTED_EDGE ( 'NONE', *, *, #5218, .T. ) ;
#11286 = CARTESIAN_POINT ( 'NONE',  ( 9.775000000000002132, 1.950000000000002176, 1.375000000000006883 ) ) ;
#11287 = DIRECTION ( 'NONE',  ( 0.0000000000000000000, 1.000000000000000000, 0.0000000000000000000 ) ) ;
#11288 = CARTESIAN_POINT ( 'NONE',  ( 6.975000000000000533, -0.6500000000000000222, -2.075000000000000178 ) ) ;
#11289 = ORIENTED_EDGE ( 'NONE', *, *, #6910, .F. ) ;
#11290 = DIRECTION ( 'NONE',  ( 0.0000000000000000000, 0.0000000000000000000, 1.000000000000000000 ) ) ;
#11291 = CARTESIAN_POINT ( 'NONE',  ( 5.424999999999999822, 1.850000000000000089, -1.698606797699999893 ) ) ;
#11292 = VECTOR ( 'NONE', #9367, 1000.000000000000000 ) ;
#11293 = AXIS2_PLACEMENT_3D ( 'NONE', #221, #297, #8325 ) ;
#11294 = DIRECTION ( 'NONE',  ( 0.0000000000000000000, -1.000000000000000000, 0.0000000000000000000 ) ) ;
#11295 = ORIENTED_EDGE ( 'NONE', *, *, #1749, .T. ) ;
#11296 = LINE ( 'NONE', #6386, #933 ) ;
#11297 = ORIENTED_EDGE ( 'NONE', *, *, #1396, .F. ) ;
#11298 = EDGE_CURVE ( 'NONE', #1103, #8684, #3035, .T. ) ;
#11299 = DIRECTION ( 'NONE',  ( 1.000000000000000000, 0.0000000000000000000, 0.0000000000000000000 ) ) ;
#11300 = LINE ( 'NONE', #9528, #2045 ) ;
#11301 = LINE ( 'NONE', #6126, #1077 ) ;
#11302 = ORIENTED_EDGE ( 'NONE', *, *, #2768, .F. ) ;
#11303 = CARTESIAN_POINT ( 'NONE',  ( 6.765000000000000568, 0.0000000000000000000, -1.474999999999999867 ) ) ;
#11304 = DIRECTION ( 'NONE',  ( 0.0000000000000000000, -1.000000000000000000, -4.003208021484939327E-15 ) ) ;
#11305 = ORIENTED_EDGE ( 'NONE', *, *, #3608, .F. ) ;
#11306 = DIRECTION ( 'NONE',  ( 1.000000000000000000, 0.0000000000000000000, 0.0000000000000000000 ) ) ;
#11307 = CARTESIAN_POINT ( 'NONE',  ( 9.775000000000002132, 4.240000000000000213, 0.0000000000000000000 ) ) ;
#11308 = CARTESIAN_POINT ( 'NONE',  ( 5.735000000000000320, 1.649999999999999911, -1.698606797699999893 ) ) ;
#11309 = VECTOR ( 'NONE', #6054, 1000.000000000000000 ) ;
#11310 = VECTOR ( 'NONE', #11249, 1000.000000000000000 ) ;
#11311 = EDGE_CURVE ( 'NONE', #9098, #313, #9641, .T. ) ;
#11312 = EDGE_CURVE ( 'NONE', #9880, #4281, #3319, .T. ) ;
#11313 = EDGE_LOOP ( 'NONE', ( #6220, #9822, #7405, #5505 ) ) ;
#11314 = PLANE ( 'NONE',  #11088 ) ;
#11315 = AXIS2_PLACEMENT_3D ( 'NONE', #7812, #10456, #6925 ) ;
#11316 = ORIENTED_EDGE ( 'NONE', *, *, #4006, .F. ) ;
#11317 = CARTESIAN_POINT ( 'NONE',  ( -2.875000000000000000, 4.250000000000000000, -2.024999999999999911 ) ) ;
#11318 = DIRECTION ( 'NONE',  ( 0.0000000000000000000, 0.0000000000000000000, 1.000000000000000000 ) ) ;
#11319 = DIRECTION ( 'NONE',  ( 1.000000000000000000, 0.0000000000000000000, 0.0000000000000000000 ) ) ;
#11320 = ORIENTED_EDGE ( 'NONE', *, *, #6721, .T. ) ;
#11321 = FACE_OUTER_BOUND ( 'NONE', #7981, .T. ) ;
#11322 = CARTESIAN_POINT ( 'NONE',  ( 0.7349999999999999867, 1.850000000000000089, -2.024999999999999911 ) ) ;
#11323 = ADVANCED_FACE ( 'NONE', ( #6247 ), #5473, .T. ) ;
#11324 = ORIENTED_EDGE ( 'NONE', *, *, #8173, .T. ) ;
#11325 = PLANE ( 'NONE',  #6692 ) ;
#11326 = EDGE_CURVE ( 'NONE', #3298, #9250, #10621, .T. ) ;
#11327 = DIRECTION ( 'NONE',  ( 0.0000000000000000000, 2.148487149506091871E-16, 1.000000000000000000 ) ) ;
#11328 = CARTESIAN_POINT ( 'NONE',  ( 8.375000000000001776, 3.750000000000000000, -2.024999999999999911 ) ) ;
#11329 = EDGE_LOOP ( 'NONE', ( #418, #6489, #6074, #916 ) ) ;
#11330 = ORIENTED_EDGE ( 'NONE', *, *, #11345, .F. ) ;
#11331 = ORIENTED_EDGE ( 'NONE', *, *, #8360, .F. ) ;
#11332 = DIRECTION ( 'NONE',  ( 1.000000000000000000, 0.0000000000000000000, 0.0000000000000000000 ) ) ;
#11333 = VECTOR ( 'NONE', #6646, 1000.000000000000000 ) ;
#11334 = CARTESIAN_POINT ( 'NONE',  ( 6.675000000000000711, 1.850000000000000089, -1.474999999999999867 ) ) ;
#11335 = CARTESIAN_POINT ( 'NONE',  ( 1.775000000000000133, 1.850000000000000089, -1.698606797699999893 ) ) ;
#11336 = CARTESIAN_POINT ( 'NONE',  ( 4.275000000000000355, 1.649999999999999911, -1.698606797699999893 ) ) ;
#11337 = ORIENTED_EDGE ( 'NONE', *, *, #4852, .T. ) ;
#11338 = ORIENTED_EDGE ( 'NONE', *, *, #5927, .F. ) ;
#11339 = VERTEX_POINT ( 'NONE', #166 ) ;
#11340 = VERTEX_POINT ( 'NONE', #3786 ) ;
#11341 = CARTESIAN_POINT ( 'NONE',  ( 9.956138830084190872, 2.250000000000000000, -0.4749999999999999778 ) ) ;
#11342 = ORIENTED_EDGE ( 'NONE', *, *, #7457, .T. ) ;
#11343 = LINE ( 'NONE', #6809, #3224 ) ;
#11344 = DIRECTION ( 'NONE',  ( 0.0000000000000000000, 0.0000000000000000000, -1.000000000000000000 ) ) ;
#11345 = EDGE_CURVE ( 'NONE', #11580, #2372, #2343, .T. ) ;
#11346 = VECTOR ( 'NONE', #2377, 1000.000000000000000 ) ;
#11347 = DIRECTION ( 'NONE',  ( 0.0000000000000000000, 1.000000000000000000, -3.295974604355814534E-17 ) ) ;
#11348 = EDGE_CURVE ( 'NONE', #4491, #840, #1086, .T. ) ;
#11349 = CARTESIAN_POINT ( 'NONE',  ( 5.724999999999999645, -0.6500000000000000222, -2.075000000000000178 ) ) ;
#11350 = ORIENTED_EDGE ( 'NONE', *, *, #5391, .T. ) ;
#11351 = VERTEX_POINT ( 'NONE', #7551 ) ;
#11352 = ORIENTED_EDGE ( 'NONE', *, *, #3195, .F. ) ;
#11353 = DIRECTION ( 'NONE',  ( 0.0000000000000000000, 1.000000000000000000, 0.0000000000000000000 ) ) ;
#11354 = ORIENTED_EDGE ( 'NONE', *, *, #6124, .T. ) ;
#11355 = CARTESIAN_POINT ( 'NONE',  ( 5.375000000000000000, 1.000000000000000000, -1.525000000000000133 ) ) ;
#11356 = CARTESIAN_POINT ( 'NONE',  ( 5.525000000000000355, 0.5000000000000000000, 0.0000000000000000000 ) ) ;
#11357 = COLOUR_RGB ( '',1.000000000000000000, 1.000000000000000000, 1.000000000000000000 ) ;
#11358 = DIRECTION ( 'NONE',  ( 0.0000000000000000000, -1.000000000000000000, 0.0000000000000000000 ) ) ;
#11359 = DIRECTION ( 'NONE',  ( 0.0000000000000000000, 0.0000000000000000000, 1.000000000000000000 ) ) ;
#11360 = AXIS2_PLACEMENT_3D ( 'NONE', #8548, #9495, #3145 ) ;
#11361 = CARTESIAN_POINT ( 'NONE',  ( 0.8249999999999999556, 1.649999999999999911, 2.024999999999999911 ) ) ;
#11362 = DIRECTION ( 'NONE',  ( 0.0000000000000000000, -1.000000000000000000, 0.0000000000000000000 ) ) ;
#11363 = EDGE_LOOP ( 'NONE', ( #1237, #9400, #4948, #3740 ) ) ;
#11364 = DIRECTION ( 'NONE',  ( 1.000000000000000000, 0.0000000000000000000, 0.0000000000000000000 ) ) ;
#11365 = ORIENTED_EDGE ( 'NONE', *, *, #1263, .F. ) ;
#11366 = EDGE_LOOP ( 'NONE', ( #7175, #7575, #3935, #3513 ) ) ;
#11367 = VECTOR ( 'NONE', #9415, 1000.000000000000000 ) ;
#11368 = FACE_OUTER_BOUND ( 'NONE', #2436, .T. ) ;
#11369 = LINE ( 'NONE', #4148, #10249 ) ;
#11370 = EDGE_CURVE ( 'NONE', #11394, #6127, #951, .T. ) ;
#11371 = DIRECTION ( 'NONE',  ( -1.000000000000000000, 0.0000000000000000000, 0.0000000000000000000 ) ) ;
#11372 = ORIENTED_EDGE ( 'NONE', *, *, #7186, .F. ) ;
#11373 = ORIENTED_EDGE ( 'NONE', *, *, #9055, .T. ) ;
#11374 = LINE ( 'NONE', #7237, #7855 ) ;
#11375 = CARTESIAN_POINT ( 'NONE',  ( 1.975000000000000089, 0.05000000000000002359, -1.775000000000000133 ) ) ;
#11376 = CARTESIAN_POINT ( 'NONE',  ( 6.325000000000002842, 1.850000000000000089, -1.474999999999999867 ) ) ;
#11377 = CARTESIAN_POINT ( 'NONE',  ( 6.985000000000000320, 1.649999999999999911, -1.474999999999999867 ) ) ;
#11378 = LINE ( 'NONE', #2769, #1426 ) ;
#11379 = LINE ( 'NONE', #9916, #6182 ) ;
#11380 = EDGE_CURVE ( 'NONE', #1388, #1638, #359, .T. ) ;
#11381 = CARTESIAN_POINT ( 'NONE',  ( -2.024999999999999911, 2.250000000000000000, -1.925000000000000044 ) ) ;
#11382 =( LENGTH_UNIT ( ) NAMED_UNIT ( * ) SI_UNIT ( .MILLI., .METRE. ) );
#11383 = EDGE_CURVE ( 'NONE', #9877, #865, #1211, .T. ) ;
#11384 = ADVANCED_FACE ( 'NONE', ( #7228 ), #2995, .T. ) ;
#11385 = ORIENTED_EDGE ( 'NONE', *, *, #8610, .T. ) ;
#11386 = CARTESIAN_POINT ( 'NONE',  ( 4.474999999999999645, 0.3499999999999999778, -2.075000000000000178 ) ) ;
#11387 = CARTESIAN_POINT ( 'NONE',  ( 7.074999999999999289, 1.850000000000000089, 2.024999999999999911 ) ) ;
#11388 = CARTESIAN_POINT ( 'NONE',  ( 5.525000000000000355, -0.6500000000000000222, -1.775000000000000133 ) ) ;
#11389 = ORIENTED_EDGE ( 'NONE', *, *, #7615, .T. ) ;
#11390 = FACE_OUTER_BOUND ( 'NONE', #5612, .T. ) ;
#11391 = LINE ( 'NONE', #5085, #5211 ) ;
#11392 = CARTESIAN_POINT ( 'NONE',  ( 1.250000000000000000, 1.000000000000000000, -1.474999999999999867 ) ) ;
#11393 = DIRECTION ( 'NONE',  ( 0.0000000000000000000, -1.000000000000000000, 0.0000000000000000000 ) ) ;
#11394 = VERTEX_POINT ( 'NONE', #7436 ) ;
#11395 = LINE ( 'NONE', #8886, #35 ) ;
#11396 = CARTESIAN_POINT ( 'NONE',  ( 1.975000000000000089, 1.000000000000000000, 0.0000000000000000000 ) ) ;
#11397 = ORIENTED_EDGE ( 'NONE', *, *, #4347, .T. ) ;
#11398 = AXIS2_PLACEMENT_3D ( 'NONE', #8352, #2169, #370 ) ;
#11399 = CARTESIAN_POINT ( 'NONE',  ( 7.074999999999999289, 1.649999999999999911, -1.698606797699999893 ) ) ;
#11400 = EDGE_CURVE ( 'NONE', #8972, #2300, #10467, .T. ) ;
#11401 = VECTOR ( 'NONE', #5219, 1000.000000000000000 ) ;
#11402 = DIRECTION ( 'NONE',  ( 0.0000000000000000000, -1.000000000000000000, 0.0000000000000000000 ) ) ;
#11403 = CARTESIAN_POINT ( 'NONE',  ( 5.724999999999999645, 1.850000000000000089, 2.024999999999999911 ) ) ;
#11404 = DIRECTION ( 'NONE',  ( -1.000000000000000000, 0.0000000000000000000, 0.0000000000000000000 ) ) ;
#11405 = LINE ( 'NONE', #10964, #4655 ) ;
#11406 = DIRECTION ( 'NONE',  ( 0.0000000000000000000, 0.0000000000000000000, 1.000000000000000000 ) ) ;
#11407 = ORIENTED_EDGE ( 'NONE', *, *, #179, .T. ) ;
#11408 = LINE ( 'NONE', #1352, #7191 ) ;
#11409 = ORIENTED_EDGE ( 'NONE', *, *, #1196, .T. ) ;
#11410 = DIRECTION ( 'NONE',  ( 0.0000000000000000000, 1.000000000000000000, 3.558407130208835834E-15 ) ) ;
#11411 = LINE ( 'NONE', #4521, #10580 ) ;
#11412 = EDGE_CURVE ( 'NONE', #9436, #5649, #2480, .T. ) ;
#11413 = CARTESIAN_POINT ( 'NONE',  ( 1.975000000000000089, 1.315130797599999957, 1.171117220399999770 ) ) ;
#11414 = DIRECTION ( 'NONE',  ( 1.000000000000000000, 0.0000000000000000000, 0.0000000000000000000 ) ) ;
#11415 = EDGE_CURVE ( 'NONE', #6695, #970, #4446, .T. ) ;
#11416 = CARTESIAN_POINT ( 'NONE',  ( -0.0000000000000000000, -0.001524999999999999880, 0.002075000000000000022 ) ) ;
#11417 = ORIENTED_EDGE ( 'NONE', *, *, #145, .F. ) ;
#11418 = LINE ( 'NONE', #1651, #9183 ) ;
#11419 = ORIENTED_EDGE ( 'NONE', *, *, #11506, .T. ) ;
#11420 = DIRECTION ( 'NONE',  ( 0.0000000000000000000, 0.0000000000000000000, -1.000000000000000000 ) ) ;
#11421 = DIRECTION ( 'NONE',  ( 1.000000000000000000, 0.0000000000000000000, 0.0000000000000000000 ) ) ;
#11422 = DIRECTION ( 'NONE',  ( -0.0000000000000000000, 0.0000000000000000000, 1.000000000000000000 ) ) ;
#11423 = DIRECTION ( 'NONE',  ( -1.000000000000000000, 0.0000000000000000000, 0.0000000000000000000 ) ) ;
#11424 = LINE ( 'NONE', #10594, #6642 ) ;
#11425 = FACE_OUTER_BOUND ( 'NONE', #9665, .T. ) ;
#11426 = CARTESIAN_POINT ( 'NONE',  ( 1.975000000000000089, 0.5000000000000000000, 0.0000000000000000000 ) ) ;
#11427 = AXIS2_PLACEMENT_3D ( 'NONE', #9411, #5752, #8214 ) ;
#11428 = ORIENTED_EDGE ( 'NONE', *, *, #131, .F. ) ;
#11429 = AXIS2_PLACEMENT_3D ( 'NONE', #6183, #4317, #2569 ) ;
#11430 = CARTESIAN_POINT ( 'NONE',  ( 1.975000000000000089, 0.0000000000000000000, 2.024999999999999911 ) ) ;
#11431 = VERTEX_POINT ( 'NONE', #4813 ) ;
#11432 = DIRECTION ( 'NONE',  ( -1.000000000000000000, 0.0000000000000000000, -8.673617379884027583E-16 ) ) ;
#11433 = ORIENTED_EDGE ( 'NONE', *, *, #7313, .F. ) ;
#11434 = LINE ( 'NONE', #7678, #9630 ) ;
#11435 = CARTESIAN_POINT ( 'NONE',  ( 3.225000000000000089, 1.000000000000000000, 0.0000000000000000000 ) ) ;
#11436 = CARTESIAN_POINT ( 'NONE',  ( -1.375000000000000000, 3.750000000000000000, 0.02500000000000000139 ) ) ;
#11437 = ORIENTED_EDGE ( 'NONE', *, *, #698, .F. ) ;
#11438 = ORIENTED_EDGE ( 'NONE', *, *, #3422, .F. ) ;
#11439 = ADVANCED_FACE ( 'NONE', ( #9912 ), #11060, .T. ) ;
#11440 = AXIS2_PLACEMENT_3D ( 'NONE', #6469, #9117, #9080 ) ;
#11441 = DIRECTION ( 'NONE',  ( 0.0000000000000000000, -1.000000000000000000, 0.0000000000000000000 ) ) ;
#11442 = AXIS2_PLACEMENT_3D ( 'NONE', #2194, #352, #6619 ) ;
#11443 = DIRECTION ( 'NONE',  ( 0.0000000000000000000, 0.0000000000000000000, -1.000000000000000000 ) ) ;
#11444 = COLOUR_RGB ( '',1.000000000000000000, 1.000000000000000000, 1.000000000000000000 ) ;
#11445 = LINE ( 'NONE', #4459, #8496 ) ;
#11446 = DIRECTION ( 'NONE',  ( 0.0000000000000000000, 0.0000000000000000000, -1.000000000000000000 ) ) ;
#11447 = CARTESIAN_POINT ( 'NONE',  ( 4.474999999999999645, 1.315130797599999957, 1.171117220399999770 ) ) ;
#11448 = ORIENTED_EDGE ( 'NONE', *, *, #11370, .T. ) ;
#11449 = EDGE_CURVE ( 'NONE', #3372, #5572, #10178, .T. ) ;
#11450 = ORIENTED_EDGE ( 'NONE', *, *, #3184, .T. ) ;
#11451 = DIRECTION ( 'NONE',  ( 1.000000000000000000, 0.0000000000000000000, 0.0000000000000000000 ) ) ;
#11452 = EDGE_CURVE ( 'NONE', #10977, #2056, #10330, .T. ) ;
#11453 = FILL_AREA_STYLE ('',( #10683 ) ) ;
#11454 = ORIENTED_EDGE ( 'NONE', *, *, #9396, .F. ) ;
#11455 = VECTOR ( 'NONE', #10413, 1000.000000000000000 ) ;
#11456 = FACE_OUTER_BOUND ( 'NONE', #10386, .T. ) ;
#11457 = DIRECTION ( 'NONE',  ( 0.0000000000000000000, -0.6650335612228979176, -0.7468134723257140450 ) ) ;
#11458 = ORIENTED_EDGE ( 'NONE', *, *, #2819, .F. ) ;
#11459 = DIRECTION ( 'NONE',  ( -1.000000000000000000, 0.0000000000000000000, 0.0000000000000000000 ) ) ;
#11460 = CARTESIAN_POINT ( 'NONE',  ( 8.325000000000002842, 1.649999999999999911, -1.025000000000000133 ) ) ;
#11461 = ORIENTED_EDGE ( 'NONE', *, *, #1166, .T. ) ;
#11462 = CARTESIAN_POINT ( 'NONE',  ( 6.985000000000000320, 1.649999999999999911, -1.025000000000000133 ) ) ;
#11463 = DIRECTION ( 'NONE',  ( 1.000000000000000000, 0.0000000000000000000, 0.0000000000000000000 ) ) ;
#11464 = ORIENTED_EDGE ( 'NONE', *, *, #5674, .T. ) ;
#11465 = EDGE_CURVE ( 'NONE', #10940, #9239, #5567, .T. ) ;
#11466 = CARTESIAN_POINT ( 'NONE',  ( 2.075000000000000178, 1.850000000000000089, -1.698606797699999893 ) ) ;
#11467 = ORIENTED_EDGE ( 'NONE', *, *, #6963, .T. ) ;
#11468 = LINE ( 'NONE', #7634, #1664 ) ;
#11469 = CARTESIAN_POINT ( 'NONE',  ( 2.875000000000000000, 1.000000000000000000, -1.525000000000000133 ) ) ;
#11470 = FACE_OUTER_BOUND ( 'NONE', #3090, .T. ) ;
#11471 = AXIS2_PLACEMENT_3D ( 'NONE', #11317, #8660, #10452 ) ;
#11472 = ORIENTED_EDGE ( 'NONE', *, *, #8514, .F. ) ;
#11473 = VERTEX_POINT ( 'NONE', #2123 ) ;
#11474 = CARTESIAN_POINT ( 'NONE',  ( -0.5250000000000000222, 0.3500000000000000333, -2.024999999999999911 ) ) ;
#11475 = CARTESIAN_POINT ( 'NONE',  ( 8.225000000000003197, 1.850000000000000089, -1.025000000000000133 ) ) ;
#11476 = CLOSED_SHELL ( 'NONE', ( #2589, #3335, #5214, #5023, #354, #8947, #388, #10569, #4911, #7040, #7784, #1935, #1033, #8407, #3280, #3074, #6500, #6388 ) ) ;
#11477 = VERTEX_POINT ( 'NONE', #11143 ) ;
#11478 = DIRECTION ( 'NONE',  ( 0.0000000000000000000, -1.000000000000000000, 0.0000000000000000000 ) ) ;
#11479 = VERTEX_POINT ( 'NONE', #6587 ) ;
#11480 = ORIENTED_EDGE ( 'NONE', *, *, #229, .T. ) ;
#11481 = FACE_OUTER_BOUND ( 'NONE', #8376, .T. ) ;
#11482 = VECTOR ( 'NONE', #257, 1000.000000000000000 ) ;
#11483 = EDGE_CURVE ( 'NONE', #5605, #1003, #5832, .T. ) ;
#11484 = DIRECTION ( 'NONE',  ( 0.0000000000000000000, -1.000000000000000000, 0.0000000000000000000 ) ) ;
#11485 = DIRECTION ( 'NONE',  ( -1.000000000000000000, 0.0000000000000000000, 0.0000000000000000000 ) ) ;
#11486 = CARTESIAN_POINT ( 'NONE',  ( 5.735000000000000320, 0.0000000000000000000, -1.474999999999999867 ) ) ;
#11487 = VERTEX_POINT ( 'NONE', #10191 ) ;
#11488 = ORIENTED_EDGE ( 'NONE', *, *, #859, .F. ) ;
#11489 = ORIENTED_EDGE ( 'NONE', *, *, #4405, .F. ) ;
#11490 = ORIENTED_EDGE ( 'NONE', *, *, #2245, .T. ) ;
#11491 = VECTOR ( 'NONE', #10588, 1000.000000000000000 ) ;
#11492 = CARTESIAN_POINT ( 'NONE',  ( 6.975000000000000533, 0.0000000000000000000, 2.024999999999999911 ) ) ;
#11493 = LINE ( 'NONE', #8483, #6713 ) ;
#11494 = AXIS2_PLACEMENT_3D ( 'NONE', #10270, #8338, #8374 ) ;
#11495 = ORIENTED_EDGE ( 'NONE', *, *, #3287, .F. ) ;
#11496 = STYLED_ITEM ( 'NONE', ( #8297 ), #2270 ) ;
#11497 = CARTESIAN_POINT ( 'NONE',  ( 7.924999999999999822, 1.850000000000000089, -1.698606797699999893 ) ) ;
#11498 = CARTESIAN_POINT ( 'NONE',  ( 9.775000000000002132, 0.6000000000000076383, -0.2249999999999982014 ) ) ;
#11499 = ORIENTED_EDGE ( 'NONE', *, *, #6888, .F. ) ;
#11500 = VERTEX_POINT ( 'NONE', #8428 ) ;
#11501 = ADVANCED_FACE ( 'NONE', ( #7940 ), #400, .T. ) ;
#11502 = DIRECTION ( 'NONE',  ( -1.000000000000000000, 0.0000000000000000000, 0.0000000000000000000 ) ) ;
#11503 = ORIENTED_EDGE ( 'NONE', *, *, #4538, .T. ) ;
#11504 = EDGE_CURVE ( 'NONE', #5525, #7455, #3879, .T. ) ;
#11505 = DIRECTION ( 'NONE',  ( 0.0000000000000000000, 0.0000000000000000000, -1.000000000000000000 ) ) ;
#11506 = EDGE_CURVE ( 'NONE', #5654, #3581, #6667, .T. ) ;
#11507 = DIRECTION ( 'NONE',  ( 0.0000000000000000000, -1.000000000000000000, 0.0000000000000000000 ) ) ;
#11508 = SURFACE_STYLE_FILL_AREA ( #4518 ) ;
#11509 = CARTESIAN_POINT ( 'NONE',  ( 1.984999999999999876, 1.850000000000000089, -2.024999999999999911 ) ) ;
#11510 = VECTOR ( 'NONE', #3865, 1000.000000000000000 ) ;
#11511 = CARTESIAN_POINT ( 'NONE',  ( -0.5150000000000000133, 1.850000000000000089, -1.025000000000000133 ) ) ;
#11512 = PLANE ( 'NONE',  #9333 ) ;
#11513 = ORIENTED_EDGE ( 'NONE', *, *, #1153, .F. ) ;
#11514 = EDGE_LOOP ( 'NONE', ( #10595, #8226, #6852, #4311 ) ) ;
#11515 = STYLED_ITEM ( 'NONE', ( #2063 ), #11280 ) ;
#11516 = VECTOR ( 'NONE', #3590, 1000.000000000000000 ) ;
#11517 = CARTESIAN_POINT ( 'NONE',  ( 1.675000000000000044, 1.649999999999999911, 2.024999999999999911 ) ) ;
#11518 = LINE ( 'NONE', #3484, #6739 ) ;
#11519 = CARTESIAN_POINT ( 'NONE',  ( 0.7250000000000000888, 1.850000000000000089, 0.0000000000000000000 ) ) ;
#11520 =( LENGTH_UNIT ( ) NAMED_UNIT ( * ) SI_UNIT ( .MILLI., .METRE. ) );
#11521 = VERTEX_POINT ( 'NONE', #5016 ) ;
#11522 = ORIENTED_EDGE ( 'NONE', *, *, #2340, .F. ) ;
#11523 = DIRECTION ( 'NONE',  ( -0.0000000000000000000, 0.0000000000000000000, -1.000000000000000000 ) ) ;
#11524 = DIRECTION ( 'NONE',  ( 1.000000000000000000, 0.0000000000000000000, -0.0000000000000000000 ) ) ;
#11525 = EDGE_CURVE ( 'NONE', #324, #44, #8930, .T. ) ;
#11526 = CARTESIAN_POINT ( 'NONE',  ( 1.975000000000000089, 1.850000000000000089, -1.025000000000000133 ) ) ;
#11527 = DIRECTION ( 'NONE',  ( -0.0000000000000000000, 1.000000000000000000, -0.0000000000000000000 ) ) ;
#11528 = CARTESIAN_POINT ( 'NONE',  ( 2.575000000000000178, 1.850000000000000089, 2.024999999999999911 ) ) ;
#11529 = FACE_OUTER_BOUND ( 'NONE', #8540, .T. ) ;
#11530 = LINE ( 'NONE', #4200, #3390 ) ;
#11531 = PLANE ( 'NONE',  #11059 ) ;
#11532 = CARTESIAN_POINT ( 'NONE',  ( 5.724999999999999645, 1.000000000000000000, 0.0000000000000000000 ) ) ;
#11533 = DIRECTION ( 'NONE',  ( 0.0000000000000000000, 1.000000000000000000, 0.0000000000000000000 ) ) ;
#11534 = LINE ( 'NONE', #1350, #9149 ) ;
#11535 = ORIENTED_EDGE ( 'NONE', *, *, #2968, .T. ) ;
#11536 = PLANE ( 'NONE',  #954 ) ;
#11537 = ORIENTED_EDGE ( 'NONE', *, *, #5176, .T. ) ;
#11538 = CARTESIAN_POINT ( 'NONE',  ( 3.225000000000000089, 0.0000000000000000000, 2.024999999999999911 ) ) ;
#11539 = FACE_OUTER_BOUND ( 'NONE', #2538, .T. ) ;
#11540 = EDGE_CURVE ( 'NONE', #7138, #10783, #83, .T. ) ;
#11541 = CARTESIAN_POINT ( 'NONE',  ( 8.675000000000002487, 1.850000000000000089, -1.474999999999999867 ) ) ;
#11542 = EDGE_CURVE ( 'NONE', #7680, #4783, #6956, .T. ) ;
#11543 = LINE ( 'NONE', #3806, #6471 ) ;
#11544 = DIRECTION ( 'NONE',  ( -1.000000000000000000, 0.0000000000000000000, 0.0000000000000000000 ) ) ;
#11545 = CARTESIAN_POINT ( 'NONE',  ( -0.5250000000000000222, 1.850000000000000089, -1.698606797699999893 ) ) ;
#11546 = EDGE_LOOP ( 'NONE', ( #241, #9355, #5683, #4581 ) ) ;
#11547 = LINE ( 'NONE', #3354, #3414 ) ;
#11548 = VERTEX_POINT ( 'NONE', #11377 ) ;
#11549 =( LENGTH_UNIT ( ) NAMED_UNIT ( * ) SI_UNIT ( .MILLI., .METRE. ) );
#11550 = FACE_OUTER_BOUND ( 'NONE', #6557, .T. ) ;
#11551 = SURFACE_STYLE_USAGE ( .BOTH. , #820 ) ;
#11552 = LINE ( 'NONE', #4898, #8305 ) ;
#11553 = LINE ( 'NONE', #5250, #1748 ) ;
#11554 = FACE_OUTER_BOUND ( 'NONE', #8253, .T. ) ;
#11555 = CARTESIAN_POINT ( 'NONE',  ( 3.015000000000000124, 1.000000000000000000, -1.525000000000000133 ) ) ;
#11556 = ORIENTED_EDGE ( 'NONE', *, *, #9505, .T. ) ;
#11557 = VECTOR ( 'NONE', #8312, 1000.000000000000000 ) ;
#11558 = EDGE_CURVE ( 'NONE', #4621, #7309, #6514, .T. ) ;
#11559 = DIRECTION ( 'NONE',  ( -1.000000000000000000, 0.0000000000000000000, 0.0000000000000000000 ) ) ;
#11560 = DIRECTION ( 'NONE',  ( 0.0000000000000000000, -1.000000000000000000, 0.0000000000000000000 ) ) ;
#11561 = ORIENTED_EDGE ( 'NONE', *, *, #3731, .T. ) ;
#11562 = CARTESIAN_POINT ( 'NONE',  ( -2.274999999999999911, 0.6000000000000076383, -0.2249999999999982014 ) ) ;
#11563 = CARTESIAN_POINT ( 'NONE',  ( -1.375000000000000000, 3.750000000000000000, 2.024999999999999911 ) ) ;
#11564 = CARTESIAN_POINT ( 'NONE',  ( -0.5250000000000000222, -0.004464445899999999919, 0.003975566199999999890 ) ) ;
#11565 = LINE ( 'NONE', #3792, #5660 ) ;
#11566 = DIRECTION ( 'NONE',  ( 0.0000000000000000000, 0.0000000000000000000, -1.000000000000000000 ) ) ;
#11567 = CARTESIAN_POINT ( 'NONE',  ( -0.5250000000000000222, 1.850000000000000089, 0.0000000000000000000 ) ) ;
#11568 = ORIENTED_EDGE ( 'NONE', *, *, #8531, .F. ) ;
#11569 = ORIENTED_EDGE ( 'NONE', *, *, #5623, .F. ) ;
#11570 = PLANE ( 'NONE',  #8744 ) ;
#11571 = EDGE_CURVE ( 'NONE', #8033, #497, #1646, .T. ) ;
#11572 = DIRECTION ( 'NONE',  ( -1.000000000000000000, 0.0000000000000000000, 0.0000000000000000000 ) ) ;
#11573 = DIRECTION ( 'NONE',  ( 0.0000000000000000000, 4.003208021484939327E-15, -1.000000000000000000 ) ) ;
#11574 = EDGE_CURVE ( 'NONE', #3722, #4746, #8646, .T. ) ;
#11575 = LINE ( 'NONE', #7481, #6092 ) ;
#11576 = VECTOR ( 'NONE', #4413, 1000.000000000000000 ) ;
#11577 = CARTESIAN_POINT ( 'NONE',  ( 3.225000000000000089, 0.0000000000000000000, -2.024999999999999911 ) ) ;
#11578 = ORIENTED_EDGE ( 'NONE', *, *, #3424, .F. ) ;
#11579 = DIRECTION ( 'NONE',  ( 1.000000000000000000, 0.0000000000000000000, 0.0000000000000000000 ) ) ;
#11580 = VERTEX_POINT ( 'NONE', #5994 ) ;
#11581 = CARTESIAN_POINT ( 'NONE',  ( 3.015000000000000124, 1.850000000000000089, -2.024999999999999911 ) ) ;
#11582 = SURFACE_SIDE_STYLE ('',( #9356 ) ) ;
#11583 = CARTESIAN_POINT ( 'NONE',  ( 1.975000000000000089, 0.05000000000000002359, -1.524999999999999689 ) ) ;
#11584 = CARTESIAN_POINT ( 'NONE',  ( 9.775000000000002132, 3.599999999999999201, -0.07500000000000128786 ) ) ;
#11585 = VECTOR ( 'NONE', #1849, 1000.000000000000000 ) ;
#11586 = VECTOR ( 'NONE', #4269, 1000.000000000000000 ) ;
#11587 = MECHANICAL_DESIGN_GEOMETRIC_PRESENTATION_REPRESENTATION (  '', ( #1830 ), #549 ) ;
#11588 = CARTESIAN_POINT ( 'NONE',  ( 7.074999999999999289, 1.649999999999999911, 2.024999999999999911 ) ) ;
#11589 = ORIENTED_EDGE ( 'NONE', *, *, #148, .F. ) ;
#11590 = ORIENTED_EDGE ( 'NONE', *, *, #9153, .F. ) ;
#11591 = UNCERTAINTY_MEASURE_WITH_UNIT (LENGTH_MEASURE( 1.000000000000000082E-05 ), #2723, 'distance_accuracy_value', 'NONE');
#11592 = DIRECTION ( 'NONE',  ( -1.000000000000000000, 0.0000000000000000000, 0.0000000000000000000 ) ) ;
#11593 = EDGE_CURVE ( 'NONE', #3686, #5580, #7632, .T. ) ;
#11594 = VECTOR ( 'NONE', #5710, 1000.000000000000000 ) ;
#11595 = DIRECTION ( 'NONE',  ( 1.000000000000000000, 0.0000000000000000000, 0.0000000000000000000 ) ) ;
#11596 = SURFACE_STYLE_USAGE ( .BOTH. , #5322 ) ;
#11597 = ORIENTED_EDGE ( 'NONE', *, *, #7054, .F. ) ;
#11598 = DIRECTION ( 'NONE',  ( 1.000000000000000000, 0.0000000000000000000, 0.0000000000000000000 ) ) ;
#11599 = PRESENTATION_LAYER_ASSIGNMENT (  '', '', ( #7743 ) ) ;
#11600 = CARTESIAN_POINT ( 'NONE',  ( 5.525000000000000355, 0.5000000000000000000, -1.525000000000000133 ) ) ;
#11601 = DIRECTION ( 'NONE',  ( 0.0000000000000000000, 0.0000000000000000000, -1.000000000000000000 ) ) ;
#11602 = VERTEX_POINT ( 'NONE', #5055 ) ;
#11603 = VECTOR ( 'NONE', #4213, 1000.000000000000000 ) ;
#11604 = LINE ( 'NONE', #10444, #2192 ) ;
#11605 = EDGE_CURVE ( 'NONE', #3364, #3855, #6806, .T. ) ;
#11606 = FACE_OUTER_BOUND ( 'NONE', #6131, .T. ) ;
#11607 = EDGE_CURVE ( 'NONE', #4632, #4869, #4694, .T. ) ;
#11608 = ORIENTED_EDGE ( 'NONE', *, *, #2225, .T. ) ;
#11609 = EDGE_CURVE ( 'NONE', #9041, #8414, #10891, .T. ) ;
#11610 = ORIENTED_EDGE ( 'NONE', *, *, #737, .F. ) ;
#11611 = ORIENTED_EDGE ( 'NONE', *, *, #7951, .F. ) ;
#11612 = DIRECTION ( 'NONE',  ( -1.000000000000000000, 0.0000000000000000000, 0.0000000000000000000 ) ) ;
#11613 = ORIENTED_EDGE ( 'NONE', *, *, #9764, .T. ) ;
#11614 = VECTOR ( 'NONE', #8169, 1000.000000000000000 ) ;
#11615 = SURFACE_STYLE_USAGE ( .BOTH. , #8004 ) ;
#11616 = LINE ( 'NONE', #5639, #6133 ) ;
#11617 = CARTESIAN_POINT ( 'NONE',  ( 9.775000000000002132, 3.600000000000000089, -1.425000000000000933 ) ) ;
#11618 = EDGE_CURVE ( 'NONE', #4125, #10939, #6101, .T. ) ;
#11619 = VERTEX_POINT ( 'NONE', #6783 ) ;
#11620 = ORIENTED_EDGE ( 'NONE', *, *, #4873, .T. ) ;
#11621 = EDGE_LOOP ( 'NONE', ( #4991, #7876, #710, #1689 ) ) ;
#11622 = VERTEX_POINT ( 'NONE', #7667 ) ;
#11623 = MECHANICAL_DESIGN_GEOMETRIC_PRESENTATION_REPRESENTATION (  '', ( #9833 ), #7249 ) ;
#11624 = ORIENTED_EDGE ( 'NONE', *, *, #9231, .F. ) ;
#11625 = FACE_OUTER_BOUND ( 'NONE', #8748, .T. ) ;
#11626 = LINE ( 'NONE', #10609, #8692 ) ;
#11627 = CARTESIAN_POINT ( 'NONE',  ( -2.274999999999999911, 2.250000000000000000, -2.024999999999999911 ) ) ;
#11628 = CARTESIAN_POINT ( 'NONE',  ( 5.724999999999999645, 1.315130797599999957, 1.171117220399999770 ) ) ;
#11629 = DIRECTION ( 'NONE',  ( -1.000000000000000000, 0.0000000000000000000, 0.0000000000000000000 ) ) ;
#11630 = ORIENTED_EDGE ( 'NONE', *, *, #3982, .T. ) ;
#11631 = CARTESIAN_POINT ( 'NONE',  ( 6.975000000000000533, 0.5000000000000000000, 2.024999999999999911 ) ) ;
#11632 = ORIENTED_EDGE ( 'NONE', *, *, #5067, .T. ) ;
#11633 = ORIENTED_EDGE ( 'NONE', *, *, #5958, .T. ) ;
#11634 = ORIENTED_EDGE ( 'NONE', *, *, #3785, .T. ) ;
#11635 = CARTESIAN_POINT ( 'NONE',  ( 7.875000000000001776, 2.250000000000000000, 1.024999999999999911 ) ) ;
#11636 = PRESENTATION_STYLE_ASSIGNMENT (( #6568 ) ) ;
#11637 = EDGE_CURVE ( 'NONE', #7942, #9375, #11015, .T. ) ;
#11638 = ADVANCED_FACE ( 'NONE', ( #5956 ), #9592, .T. ) ;
#11639 = CARTESIAN_POINT ( 'NONE',  ( 1.975000000000000089, 1.850000000000000089, -1.025000000000000133 ) ) ;
#11640 = VECTOR ( 'NONE', #2254, 1000.000000000000000 ) ;
#11641 = EDGE_CURVE ( 'NONE', #7279, #3364, #1349, .T. ) ;
ENDSEC;
END-ISO-10303-21;
