ISO-10303-21;
HEADER;
FILE_DESCRIPTION (( 'STEP AP214' ),
    '1' );
FILE_NAME ('SM02B-GHS-TB.STEP',
    '2019-04-07T09:20:19',
    ( '' ),
    ( '' ),
    'SwSTEP 2.0',
    'SolidWorks 2018',
    '' );
FILE_SCHEMA (( 'AUTOMOTIVE_DESIGN' ));
ENDSEC;

DATA;
#1 = CARTESIAN_POINT ( 'NONE',  ( -0.5250000000000000222, -0.05000000000000000278, 0.0000000000000000000 ) ) ;
#2 = VERTEX_POINT ( 'NONE', #4801 ) ;
#3 = DIRECTION ( 'NONE',  ( 0.0000000000000000000, 0.0000000000000000000, 1.000000000000000000 ) ) ;
#4 = LINE ( 'NONE', #3101, #3844 ) ;
#5 = DIRECTION ( 'NONE',  ( 0.0000000000000000000, 0.0000000000000000000, -1.000000000000000000 ) ) ;
#6 = ORIENTED_EDGE ( 'NONE', *, *, #2221, .T. ) ;
#7 = PLANE ( 'NONE',  #11 ) ;
#8 = CARTESIAN_POINT ( 'NONE',  ( -2.475000000000000089, 1.950000000000002176, 1.375000000000006883 ) ) ;
#9 = EDGE_CURVE ( 'NONE', #3917, #2434, #400, .T. ) ;
#10 = LINE ( 'NONE', #1455, #2973 ) ;
#11 = AXIS2_PLACEMENT_3D ( 'NONE', #2929, #2222, #365 ) ;
#12 = ORIENTED_EDGE ( 'NONE', *, *, #4239, .F. ) ;
#13 = DIRECTION ( 'NONE',  ( 0.0000000000000000000, 0.0000000000000000000, -1.000000000000000000 ) ) ;
#14 = LINE ( 'NONE', #155, #892 ) ;
#15 = ORIENTED_EDGE ( 'NONE', *, *, #2607, .T. ) ;
#16 = ORIENTED_EDGE ( 'NONE', *, *, #2285, .T. ) ;
#17 = DIRECTION ( 'NONE',  ( 0.0000000000000000000, 0.0000000000000000000, 1.000000000000000000 ) ) ;
#18 = CARTESIAN_POINT ( 'NONE',  ( -2.500000000000000000, 4.240000000000000213, -2.024999999999999911 ) ) ;
#19 = CARTESIAN_POINT ( 'NONE',  ( -0.5250000000000000222, 1.350000000000000089, 1.525000000000000133 ) ) ;
#20 = CARTESIAN_POINT ( 'NONE',  ( 0.5250000000000000222, 0.0000000000000000000, -1.525000000000000133 ) ) ;
#21 = VECTOR ( 'NONE', #3342, 1000.000000000000000 ) ;
#22 = CARTESIAN_POINT ( 'NONE',  ( -0.5150000000000000133, 1.000000000000000000, -1.525000000000000133 ) ) ;
#23 = ORIENTED_EDGE ( 'NONE', *, *, #2387, .F. ) ;
#24 = LINE ( 'NONE', #2157, #3736 ) ;
#25 = ORIENTED_EDGE ( 'NONE', *, *, #4298, .T. ) ;
#26 = VECTOR ( 'NONE', #437, 1000.000000000000000 ) ;
#27 = DIRECTION ( 'NONE',  ( 0.0000000000000000000, 0.0000000000000000000, -1.000000000000000000 ) ) ;
#28 = ORIENTED_EDGE ( 'NONE', *, *, #4207, .F. ) ;
#29 = LINE ( 'NONE', #1650, #3617 ) ;
#30 = VECTOR ( 'NONE', #2692, 1000.000000000000000 ) ;
#31 = ORIENTED_EDGE ( 'NONE', *, *, #3436, .F. ) ;
#32 = LINE ( 'NONE', #795, #1914 ) ;
#33 = CARTESIAN_POINT ( 'NONE',  ( 2.274999999999999911, 2.000000000000000000, -1.425000000000000044 ) ) ;
#34 = DIRECTION ( 'NONE',  ( 0.0000000000000000000, 0.0000000000000000000, -1.000000000000000000 ) ) ;
#35 = EDGE_CURVE ( 'NONE', #4393, #2709, #2355, .T. ) ;
#36 = ORIENTED_EDGE ( 'NONE', *, *, #4090, .T. ) ;
#37 = EDGE_CURVE ( 'NONE', #837, #3753, #3814, .T. ) ;
#38 = VECTOR ( 'NONE', #1429, 1000.000000000000000 ) ;
#39 = ORIENTED_EDGE ( 'NONE', *, *, #408, .F. ) ;
#40 = CARTESIAN_POINT ( 'NONE',  ( 0.7249999999999999778, 0.5000000000000000000, 0.0000000000000000000 ) ) ;
#41 = EDGE_CURVE ( 'NONE', #3968, #4094, #1679, .T. ) ;
#42 = CARTESIAN_POINT ( 'NONE',  ( -2.274999999999999911, 4.250000000000000000, -0.07499999999999998335 ) ) ;
#43 = DIRECTION ( 'NONE',  ( 0.0000000000000000000, -1.000000000000000000, 0.0000000000000000000 ) ) ;
#44 = VERTEX_POINT ( 'NONE', #4460 ) ;
#45 = ORIENTED_EDGE ( 'NONE', *, *, #4750, .T. ) ;
#46 = LINE ( 'NONE', #2160, #3953 ) ;
#47 = ORIENTED_EDGE ( 'NONE', *, *, #1207, .F. ) ;
#48 = CARTESIAN_POINT ( 'NONE',  ( 0.0000000000000000000, 0.0000000000000000000, 0.02500000000000000139 ) ) ;
#49 = ORIENTED_EDGE ( 'NONE', *, *, #1548, .T. ) ;
#50 = CARTESIAN_POINT ( 'NONE',  ( 2.475000000000000089, 0.0000000000000000000, 0.0000000000000000000 ) ) ;
#51 = ORIENTED_EDGE ( 'NONE', *, *, #1799, .F. ) ;
#52 = DIRECTION ( 'NONE',  ( 0.0000000000000000000, -6.672013369141637200E-16, 1.000000000000000000 ) ) ;
#53 = DIRECTION ( 'NONE',  ( 0.0000000000000000000, 1.000000000000000000, 0.0000000000000000000 ) ) ;
#54 = AXIS2_PLACEMENT_3D ( 'NONE', #1, #1164, #2595 ) ;
#55 = ADVANCED_FACE ( 'NONE', ( #2873 ), #2236, .T. ) ;
#56 = ORIENTED_EDGE ( 'NONE', *, *, #1590, .F. ) ;
#58 = ORIENTED_EDGE ( 'NONE', *, *, #3450, .F. ) ;
#57 = VECTOR ( 'NONE', #3504, 1000.000000000000000 ) ;
#59 = DIRECTION ( 'NONE',  ( 1.000000000000000000, 0.0000000000000000000, 0.0000000000000000000 ) ) ;
#60 = DIRECTION ( 'NONE',  ( 1.000000000000000000, 0.0000000000000000000, 0.0000000000000000000 ) ) ;
#61 = CARTESIAN_POINT ( 'NONE',  ( 2.274999999999999911, 0.6000000000000024203, 1.375000000000002442 ) ) ;
#62 = ORIENTED_EDGE ( 'NONE', *, *, #825, .F. ) ;
#63 = VECTOR ( 'NONE', #3558, 1000.000000000000000 ) ;
#64 = CARTESIAN_POINT ( 'NONE',  ( -0.5250000000000000222, -0.05000000000000000278, -2.824999999999999734 ) ) ;
#65 = EDGE_CURVE ( 'NONE', #3162, #2943, #3224, .T. ) ;
#66 = FACE_OUTER_BOUND ( 'NONE', #424, .T. ) ;
#67 = EDGE_CURVE ( 'NONE', #4628, #2605, #3932, .T. ) ;
#68 = CARTESIAN_POINT ( 'NONE',  ( -0.7349999999999999867, 1.000000000000000000, -2.024999999999999911 ) ) ;
#69 = EDGE_LOOP ( 'NONE', ( #2089, #2071, #62, #1607 ) ) ;
#70 = CARTESIAN_POINT ( 'NONE',  ( 1.875000000000000000, 1.850000000000000089, 2.024999999999999911 ) ) ;
#71 = VECTOR ( 'NONE', #2953, 1000.000000000000000 ) ;
#72 = DIRECTION ( 'NONE',  ( 0.0000000000000000000, 0.0000000000000000000, -1.000000000000000000 ) ) ;
#73 = FACE_OUTER_BOUND ( 'NONE', #3514, .T. ) ;
#74 = CARTESIAN_POINT ( 'NONE',  ( 2.274999999999999911, 1.950000000000001732, 2.024999999999999911 ) ) ;
#75 = ORIENTED_EDGE ( 'NONE', *, *, #3766, .T. ) ;
#76 = EDGE_CURVE ( 'NONE', #1125, #1924, #2142, .T. ) ;
#77 = CARTESIAN_POINT ( 'NONE',  ( -2.024999999999999911, 4.250000000000000000, -2.024999999999999911 ) ) ;
#78 = EDGE_CURVE ( 'NONE', #1068, #3402, #4499, .T. ) ;
#79 = VECTOR ( 'NONE', #1342, 1000.000000000000000 ) ;
#80 = CARTESIAN_POINT ( 'NONE',  ( 2.274999999999999911, 0.6000000000000076383, -0.2249999999999982014 ) ) ;
#81 = AXIS2_PLACEMENT_3D ( 'NONE', #882, #4178, #3069 ) ;
#82 = VERTEX_POINT ( 'NONE', #2320 ) ;
#83 = CARTESIAN_POINT ( 'NONE',  ( 1.875000000000000000, 3.149999999999999911, -2.024999999999999911 ) ) ;
#84 = ADVANCED_FACE ( 'NONE', ( #339 ), #3435, .F. ) ;
#85 = CARTESIAN_POINT ( 'NONE',  ( -1.375000000000000000, 3.750000000000000000, 0.02500000000000000139 ) ) ;
#86 = VECTOR ( 'NONE', #1881, 1000.000000000000000 ) ;
#87 = ORIENTED_EDGE ( 'NONE', *, *, #4807, .T. ) ;
#88 = CARTESIAN_POINT ( 'NONE',  ( -0.5250000000000000222, 1.795247431900000024, 2.024999999999999911 ) ) ;
#89 = VECTOR ( 'NONE', #2906, 1000.000000000000000 ) ;
#90 = DIRECTION ( 'NONE',  ( 0.0000000000000000000, 0.7468134723257140450, -0.6650335612228979176 ) ) ;
#91 = ADVANCED_FACE ( 'NONE', ( #3748 ), #2343, .F. ) ;
#92 = LINE ( 'NONE', #627, #4213 ) ;
#93 = FACE_OUTER_BOUND ( 'NONE', #3610, .T. ) ;
#94 = EDGE_LOOP ( 'NONE', ( #3648, #3732, #2364, #2783 ) ) ;
#95 = VECTOR ( 'NONE', #4280, 1000.000000000000000 ) ;
#96 = DIRECTION ( 'NONE',  ( -0.0000000000000000000, 0.0000000000000000000, -1.000000000000000000 ) ) ;
#97 = DIRECTION ( 'NONE',  ( 1.000000000000000000, 0.0000000000000000000, 0.0000000000000000000 ) ) ;
#98 = DIRECTION ( 'NONE',  ( 0.0000000000000000000, 0.0000000000000000000, 1.000000000000000000 ) ) ;
#99 = ORIENTED_EDGE ( 'NONE', *, *, #557, .F. ) ;
#100 = ORIENTED_EDGE ( 'NONE', *, *, #950, .F. ) ;
#101 = ORIENTED_EDGE ( 'NONE', *, *, #4365, .F. ) ;
#102 = EDGE_CURVE ( 'NONE', #4336, #3911, #968, .T. ) ;
#103 = EDGE_CURVE ( 'NONE', #1459, #3646, #3502, .T. ) ;
#104 = VECTOR ( 'NONE', #3593, 1000.000000000000000 ) ;
#105 = VECTOR ( 'NONE', #1645, 1000.000000000000000 ) ;
#106 = EDGE_CURVE ( 'NONE', #3911, #2883, #3271, .T. ) ;
#107 = ORIENTED_EDGE ( 'NONE', *, *, #114, .F. ) ;
#108 = PLANE ( 'NONE',  #3175 ) ;
#109 = EDGE_CURVE ( 'NONE', #2924, #1692, #4777, .T. ) ;
#110 = ORIENTED_EDGE ( 'NONE', *, *, #3556, .T. ) ;
#111 = PLANE ( 'NONE',  #1430 ) ;
#112 = DIRECTION ( 'NONE',  ( 0.0000000000000000000, 0.0000000000000000000, -1.000000000000000000 ) ) ;
#113 = VERTEX_POINT ( 'NONE', #1571 ) ;
#114 = EDGE_CURVE ( 'NONE', #151, #2153, #2526, .T. ) ;
#115 = ADVANCED_FACE ( 'NONE', ( #2185 ), #828, .T. ) ;
#116 = ORIENTED_EDGE ( 'NONE', *, *, #3698, .T. ) ;
#117 = CARTESIAN_POINT ( 'NONE',  ( 2.475000000000000089, 1.950000000000002176, 1.375000000000006883 ) ) ;
#118 = AXIS2_PLACEMENT_3D ( 'NONE', #2053, #4623, #2411 ) ;
#119 = ORIENTED_EDGE ( 'NONE', *, *, #2167, .F. ) ;
#120 = CARTESIAN_POINT ( 'NONE',  ( 0.8249999999999999556, 1.850000000000000089, -1.474999999999999867 ) ) ;
#121 = ORIENTED_EDGE ( 'NONE', *, *, #1390, .F. ) ;
#122 = FACE_OUTER_BOUND ( 'NONE', #2719, .T. ) ;
#123 = CARTESIAN_POINT ( 'NONE',  ( 2.274999999999999911, 1.980741759643274369, -1.925000000000000711 ) ) ;
#124 = EDGE_LOOP ( 'NONE', ( #2871, #2568, #3051, #3187 ) ) ;
#125 = PLANE ( 'NONE',  #2555 ) ;
#126 = VECTOR ( 'NONE', #2877, 1000.000000000000000 ) ;
#127 = ORIENTED_EDGE ( 'NONE', *, *, #2550, .F. ) ;
#128 = FACE_OUTER_BOUND ( 'NONE', #893, .T. ) ;
#129 = ADVANCED_FACE ( 'NONE', ( #1138 ), #108, .T. ) ;
#130 = EDGE_CURVE ( 'NONE', #2354, #946, #32, .T. ) ;
#131 = VECTOR ( 'NONE', #587, 1000.000000000000000 ) ;
#132 = CARTESIAN_POINT ( 'NONE',  ( -2.274999999999999911, 4.240000000000000213, -0.07499999999999998335 ) ) ;
#133 = CARTESIAN_POINT ( 'NONE',  ( 2.875000000000000000, 0.0000000000000000000, 2.024999999999999911 ) ) ;
#134 = ADVANCED_FACE ( 'NONE', ( #4160 ), #4136, .T. ) ;
#135 = EDGE_CURVE ( 'NONE', #4056, #537, #1974, .T. ) ;
#136 = VERTEX_POINT ( 'NONE', #4629 ) ;
#137 = ORIENTED_EDGE ( 'NONE', *, *, #4625, .F. ) ;
#138 = CARTESIAN_POINT ( 'NONE',  ( -1.175000000000000044, 2.550000000000000266, -1.474999999999999867 ) ) ;
#139 = EDGE_CURVE ( 'NONE', #2528, #160, #1446, .T. ) ;
#140 = LINE ( 'NONE', #751, #1666 ) ;
#141 = PLANE ( 'NONE',  #2691 ) ;
#142 = ORIENTED_EDGE ( 'NONE', *, *, #270, .F. ) ;
#143 = LINE ( 'NONE', #1403, #3045 ) ;
#144 = VERTEX_POINT ( 'NONE', #3856 ) ;
#145 = AXIS2_PLACEMENT_3D ( 'NONE', #2180, #1086, #1044 ) ;
#146 = LINE ( 'NONE', #2742, #2017 ) ;
#147 = ORIENTED_EDGE ( 'NONE', *, *, #3394, .F. ) ;
#148 = VECTOR ( 'NONE', #4531, 1000.000000000000000 ) ;
#149 = CARTESIAN_POINT ( 'NONE',  ( 0.5150000000000000133, 1.850000000000000089, -1.025000000000000133 ) ) ;
#150 = STYLED_ITEM ( 'NONE', ( #2240 ), #4370 ) ;
#151 = VERTEX_POINT ( 'NONE', #922 ) ;
#152 = VECTOR ( 'NONE', #2030, 1000.000000000000000 ) ;
#153 = ORIENTED_EDGE ( 'NONE', *, *, #2727, .T. ) ;
#154 = CARTESIAN_POINT ( 'NONE',  ( 1.875000000000000000, 1.850000000000000089, -1.474999999999999867 ) ) ;
#155 = CARTESIAN_POINT ( 'NONE',  ( -2.475000000000000089, 0.6000000000000024203, 1.375000000000002442 ) ) ;
#156 = ORIENTED_EDGE ( 'NONE', *, *, #227, .F. ) ;
#157 = VECTOR ( 'NONE', #982, 1000.000000000000000 ) ;
#158 = VERTEX_POINT ( 'NONE', #2729 ) ;
#159 = ADVANCED_FACE ( 'NONE', ( #202 ), #3496, .F. ) ;
#160 = VERTEX_POINT ( 'NONE', #2420 ) ;
#161 = PLANE ( 'NONE',  #4673 ) ;
#162 = VECTOR ( 'NONE', #4051, 1000.000000000000000 ) ;
#163 = EDGE_CURVE ( 'NONE', #2228, #3262, #1786, .T. ) ;
#164 = DIRECTION ( 'NONE',  ( 0.0000000000000000000, 0.0000000000000000000, -1.000000000000000000 ) ) ;
#165 = ORIENTED_EDGE ( 'NONE', *, *, #4473, .T. ) ;
#166 = VERTEX_POINT ( 'NONE', #871 ) ;
#167 = CARTESIAN_POINT ( 'NONE',  ( -0.5250000000000000222, 0.0000000000000000000, -1.525000000000000133 ) ) ;
#168 = DIRECTION ( 'NONE',  ( 1.000000000000000000, 0.0000000000000000000, 0.0000000000000000000 ) ) ;
#169 = CARTESIAN_POINT ( 'NONE',  ( 0.5250000000000000222, 1.000000000000000000, -1.525000000000000133 ) ) ;
#170 = VERTEX_POINT ( 'NONE', #906 ) ;
#172 = ORIENTED_EDGE ( 'NONE', *, *, #3388, .F. ) ;
#171 = VECTOR ( 'NONE', #1246, 1000.000000000000000 ) ;
#173 = CARTESIAN_POINT ( 'NONE',  ( 2.875000000000000000, 3.600000000000000977, -0.07499999999999998335 ) ) ;
#174 = VECTOR ( 'NONE', #4500, 1000.000000000000000 ) ;
#175 = CARTESIAN_POINT ( 'NONE',  ( -1.875000000000000000, 3.750000000000000000, 0.02500000000000000139 ) ) ;
#176 = ORIENTED_EDGE ( 'NONE', *, *, #878, .F. ) ;
#177 = VECTOR ( 'NONE', #1398, 1000.000000000000000 ) ;
#178 = DIRECTION ( 'NONE',  ( 0.0000000000000000000, 1.000000000000000000, 0.0000000000000000000 ) ) ;
#179 = LINE ( 'NONE', #1023, #1476 ) ;
#180 = ADVANCED_FACE ( 'NONE', ( #459 ), #198, .F. ) ;
#181 = ORIENTED_EDGE ( 'NONE', *, *, #361, .F. ) ;
#182 = DIRECTION ( 'NONE',  ( 1.000000000000000000, 0.0000000000000000000, 0.0000000000000000000 ) ) ;
#183 = VECTOR ( 'NONE', #1112, 1000.000000000000000 ) ;
#184 = FACE_OUTER_BOUND ( 'NONE', #4127, .T. ) ;
#185 = DIRECTION ( 'NONE',  ( -1.000000000000000000, 0.0000000000000000000, 0.0000000000000000000 ) ) ;
#186 = VECTOR ( 'NONE', #4301, 1000.000000000000000 ) ;
#187 = ORIENTED_EDGE ( 'NONE', *, *, #4475, .T. ) ;
#188 = DIRECTION ( 'NONE',  ( -0.0000000000000000000, 1.000000000000000000, 0.0000000000000000000 ) ) ;
#189 = CARTESIAN_POINT ( 'NONE',  ( -0.5250000000000000222, 0.0000000000000000000, -2.024999999999999911 ) ) ;
#190 = DIRECTION ( 'NONE',  ( 0.0000000000000000000, -1.000000000000000000, 0.0000000000000000000 ) ) ;
#191 = ORIENTED_EDGE ( 'NONE', *, *, #3722, .T. ) ;
#192 = PLANE ( 'NONE',  #2779 ) ;
#193 = EDGE_CURVE ( 'NONE', #3781, #2234, #1205, .T. ) ;
#194 = AXIS2_PLACEMENT_3D ( 'NONE', #811, #4169, #515 ) ;
#195 = LINE ( 'NONE', #2931, #4416 ) ;
#196 = VERTEX_POINT ( 'NONE', #2786 ) ;
#197 = FACE_OUTER_BOUND ( 'NONE', #3232, .T. ) ;
#198 = PLANE ( 'NONE',  #2686 ) ;
#199 = CARTESIAN_POINT ( 'NONE',  ( -2.274999999999999911, 2.000000000000000000, -1.425000000000000044 ) ) ;
#200 = LINE ( 'NONE', #1812, #4038 ) ;
#201 = CARTESIAN_POINT ( 'NONE',  ( 2.475000000000000089, 8.673617379884035472E-15, -0.2250000000000008105 ) ) ;
#202 = FACE_OUTER_BOUND ( 'NONE', #4025, .T. ) ;
#203 = PRESENTATION_LAYER_ASSIGNMENT (  '', '', ( #4491 ) ) ;
#204 = DIRECTION ( 'NONE',  ( 0.0000000000000000000, 1.000000000000000000, 0.0000000000000000000 ) ) ;
#205 = ORIENTED_EDGE ( 'NONE', *, *, #777, .F. ) ;
#206 = CARTESIAN_POINT ( 'NONE',  ( 0.5150000000000000133, 1.850000000000000089, -1.025000000000000133 ) ) ;
#207 = VERTEX_POINT ( 'NONE', #1306 ) ;
#208 = DIRECTION ( 'NONE',  ( 0.0000000000000000000, 1.000000000000000000, 0.0000000000000000000 ) ) ;
#209 = AXIS2_PLACEMENT_3D ( 'NONE', #1873, #727, #3715 ) ;
#210 = FACE_OUTER_BOUND ( 'NONE', #763, .T. ) ;
#211 = CARTESIAN_POINT ( 'NONE',  ( -0.5150000000000000133, 0.0000000000000000000, -1.474999999999999867 ) ) ;
#212 = ORIENTED_EDGE ( 'NONE', *, *, #471, .T. ) ;
#213 = EDGE_CURVE ( 'NONE', #2585, #2528, #2699, .T. ) ;
#214 = DIRECTION ( 'NONE',  ( 0.0000000000000000000, 1.000000000000000000, 0.0000000000000000000 ) ) ;
#215 = ORIENTED_EDGE ( 'NONE', *, *, #2980, .F. ) ;
#216 = VECTOR ( 'NONE', #3851, 1000.000000000000000 ) ;
#217 = CARTESIAN_POINT ( 'NONE',  ( -2.875000000000000000, 3.600000000000000977, -0.07499999999999998335 ) ) ;
#218 = EDGE_CURVE ( 'NONE', #1459, #3412, #3561, .T. ) ;
#219 = DIRECTION ( 'NONE',  ( 0.0000000000000000000, -1.000000000000000000, 0.0000000000000000000 ) ) ;
#220 = VECTOR ( 'NONE', #1599, 1000.000000000000000 ) ;
#221 = ORIENTED_EDGE ( 'NONE', *, *, #3055, .T. ) ;
#222 = EDGE_CURVE ( 'NONE', #1692, #196, #632, .T. ) ;
#223 = ORIENTED_EDGE ( 'NONE', *, *, #3826, .F. ) ;
#224 = DIRECTION ( 'NONE',  ( -1.000000000000000000, 0.0000000000000000000, 0.0000000000000000000 ) ) ;
#225 = ADVANCED_FACE ( 'NONE', ( #274 ), #3086, .T. ) ;
#226 = DIRECTION ( 'NONE',  ( 0.0000000000000000000, 0.0000000000000000000, -1.000000000000000000 ) ) ;
#227 = EDGE_CURVE ( 'NONE', #4664, #3574, #1497, .T. ) ;
#228 = CARTESIAN_POINT ( 'NONE',  ( -0.5250000000000000222, -0.05000000000000000278, -2.824999999999999734 ) ) ;
#229 = EDGE_CURVE ( 'NONE', #2801, #1682, #4547, .T. ) ;
#230 = PLANE ( 'NONE',  #3973 ) ;
#231 = VERTEX_POINT ( 'NONE', #4660 ) ;
#232 = ADVANCED_FACE ( 'NONE', ( #904 ), #3944, .F. ) ;
#233 = CARTESIAN_POINT ( 'NONE',  ( -0.5250000000000000222, 0.5000000000000000000, -2.824999999999999734 ) ) ;
#234 = PLANE ( 'NONE',  #484 ) ;
#235 = CARTESIAN_POINT ( 'NONE',  ( 2.375000000000000000, 3.750000000000000000, 0.02500000000000000139 ) ) ;
#236 = ORIENTED_EDGE ( 'NONE', *, *, #1093, .T. ) ;
#237 = AXIS2_PLACEMENT_3D ( 'NONE', #3070, #3414, #72 ) ;
#238 = CARTESIAN_POINT ( 'NONE',  ( 2.875000000000000000, 4.250000000000000000, -0.07499999999999998335 ) ) ;
#239 = PLANE ( 'NONE',  #3486 ) ;
#240 = CARTESIAN_POINT ( 'NONE',  ( -2.475000000000000089, 1.950000000000002176, 1.375000000000006883 ) ) ;
#241 = ORIENTED_EDGE ( 'NONE', *, *, #1463, .F. ) ;
#242 = PLANE ( 'NONE',  #3822 ) ;
#243 = STYLED_ITEM ( 'NONE', ( #3429 ), #3494 ) ;
#244 = CARTESIAN_POINT ( 'NONE',  ( -2.274999999999999911, 3.600000000000000977, -1.425000000000000044 ) ) ;
#245 = EDGE_CURVE ( 'NONE', #3634, #1388, #1133, .T. ) ;
#246 = ORIENTED_EDGE ( 'NONE', *, *, #3779, .F. ) ;
#247 = FILL_AREA_STYLE_COLOUR ( '', #3144 ) ;
#248 = DIRECTION ( 'NONE',  ( 1.000000000000000000, 0.0000000000000000000, 0.0000000000000000000 ) ) ;
#249 = VECTOR ( 'NONE', #164, 1000.000000000000000 ) ;
#250 = CARTESIAN_POINT ( 'NONE',  ( -0.7249999999999999778, 1.649999999999999911, -1.698606797699999893 ) ) ;
#251 = LINE ( 'NONE', #1281, #131 ) ;
#252 = DIRECTION ( 'NONE',  ( 1.000000000000000000, 0.0000000000000000000, 0.0000000000000000000 ) ) ;
#253 = VECTOR ( 'NONE', #2626, 1000.000000000000000 ) ;
#254 = CARTESIAN_POINT ( 'NONE',  ( -0.7349999999999999867, 1.850000000000000089, -1.025000000000000133 ) ) ;
#255 = EDGE_CURVE ( 'NONE', #4220, #1276, #29, .T. ) ;
#256 = DIRECTION ( 'NONE',  ( -1.000000000000000000, 0.0000000000000000000, 0.0000000000000000000 ) ) ;
#257 = FACE_OUTER_BOUND ( 'NONE', #4054, .T. ) ;
#258 = CARTESIAN_POINT ( 'NONE',  ( 2.875000000000000000, 1.949999999999999512, 2.025000000000007017 ) ) ;
#259 = EDGE_LOOP ( 'NONE', ( #119, #526, #3121, #3427 ) ) ;
#260 = ORIENTED_EDGE ( 'NONE', *, *, #3896, .T. ) ;
#261 = EDGE_CURVE ( 'NONE', #3996, #3210, #4718, .T. ) ;
#262 = ADVANCED_FACE ( 'NONE', ( #2350 ), #2841, .F. ) ;
#263 = LINE ( 'NONE', #3974, #3804 ) ;
#264 = DIRECTION ( 'NONE',  ( 0.0000000000000000000, 1.000000000000000000, 3.558407130208835834E-15 ) ) ;
#265 = LINE ( 'NONE', #1557, #1610 ) ;
#266 = ORIENTED_EDGE ( 'NONE', *, *, #1648, .T. ) ;
#267 = DIRECTION ( 'NONE',  ( -1.000000000000000000, -0.0000000000000000000, -0.0000000000000000000 ) ) ;
#268 = EDGE_CURVE ( 'NONE', #4628, #2108, #1672, .T. ) ;
#269 = FACE_OUTER_BOUND ( 'NONE', #1641, .T. ) ;
#270 = EDGE_CURVE ( 'NONE', #978, #2801, #1126, .T. ) ;
#271 = EDGE_CURVE ( 'NONE', #848, #2585, #4324, .T. ) ;
#272 = ORIENTED_EDGE ( 'NONE', *, *, #1694, .T. ) ;
#273 = DIRECTION ( 'NONE',  ( 1.000000000000000000, 0.0000000000000000000, 0.0000000000000000000 ) ) ;
#274 = FACE_OUTER_BOUND ( 'NONE', #4724, .T. ) ;
#275 = AXIS2_PLACEMENT_3D ( 'NONE', #2606, #4226, #2677 ) ;
#276 = LINE ( 'NONE', #4443, #4102 ) ;
#277 = CIRCLE ( 'NONE', #1660, 0.2999999999999999334 ) ;
#278 = ORIENTED_EDGE ( 'NONE', *, *, #2060, .T. ) ;
#279 = VECTOR ( 'NONE', #4515, 1000.000000000000000 ) ;
#280 = CARTESIAN_POINT ( 'NONE',  ( 2.274999999999999911, 3.600000000000000977, -1.425000000000000044 ) ) ;
#281 = CARTESIAN_POINT ( 'NONE',  ( 2.274999999999999911, 8.673617379884035472E-15, -0.2250000000000008105 ) ) ;
#282 = AXIS2_PLACEMENT_3D ( 'NONE', #4249, #188, #2020 ) ;
#283 = EDGE_LOOP ( 'NONE', ( #3568, #3710, #1394, #4288 ) ) ;
#284 = DIRECTION ( 'NONE',  ( -1.000000000000000000, -0.0000000000000000000, -0.0000000000000000000 ) ) ;
#285 = ORIENTED_EDGE ( 'NONE', *, *, #103, .T. ) ;
#286 = DIRECTION ( 'NONE',  ( 1.000000000000000000, 0.0000000000000000000, 0.0000000000000000000 ) ) ;
#287 = VECTOR ( 'NONE', #3560, 1000.000000000000000 ) ;
#288 = VERTEX_POINT ( 'NONE', #2829 ) ;
#289 = CARTESIAN_POINT ( 'NONE',  ( 0.5150000000000000133, 1.649999999999999911, -1.474999999999999867 ) ) ;
#290 = ORIENTED_EDGE ( 'NONE', *, *, #2954, .T. ) ;
#291 = VERTEX_POINT ( 'NONE', #3565 ) ;
#292 = LINE ( 'NONE', #294, #3345 ) ;
#293 = EDGE_LOOP ( 'NONE', ( #3860, #2414, #3978, #2376 ) ) ;
#294 = CARTESIAN_POINT ( 'NONE',  ( 0.5250000000000000222, 1.000000000000000000, 0.0000000000000000000 ) ) ;
#295 = DIRECTION ( 'NONE',  ( -1.000000000000000000, 0.0000000000000000000, 0.0000000000000000000 ) ) ;
#296 = ORIENTED_EDGE ( 'NONE', *, *, #4320, .T. ) ;
#297 = ORIENTED_EDGE ( 'NONE', *, *, #3055, .F. ) ;
#298 = EDGE_CURVE ( 'NONE', #2799, #3986, #1972, .T. ) ;
#299 = DIRECTION ( 'NONE',  ( 0.0000000000000000000, 0.0000000000000000000, 1.000000000000000000 ) ) ;
#300 = ORIENTED_EDGE ( 'NONE', *, *, #4588, .F. ) ;
#301 = VERTEX_POINT ( 'NONE', #235 ) ;
#302 = AXIS2_PLACEMENT_3D ( 'NONE', #40, #3310, #5 ) ;
#303 = CARTESIAN_POINT ( 'NONE',  ( 0.7249999999999999778, 0.0000000000000000000, -1.525000000000000133 ) ) ;
#304 = ORIENTED_EDGE ( 'NONE', *, *, #2802, .T. ) ;
#306 = VECTOR ( 'NONE', #1362, 1000.000000000000000 ) ;
#305 = VECTOR ( 'NONE', #4700, 1000.000000000000000 ) ;
#307 = EDGE_CURVE ( 'NONE', #3945, #3212, #2347, .T. ) ;
#308 = ADVANCED_FACE ( 'NONE', ( #3321 ), #3581, .T. ) ;
#309 = DIRECTION ( 'NONE',  ( 0.0000000000000000000, 0.0000000000000000000, 1.000000000000000000 ) ) ;
#310 = AXIS2_PLACEMENT_3D ( 'NONE', #3314, #3346, #1509 ) ;
#311 = VECTOR ( 'NONE', #204, 1000.000000000000000 ) ;
#312 = DIRECTION ( 'NONE',  ( 0.0000000000000000000, 0.0000000000000000000, 1.000000000000000000 ) ) ;
#313 = ORIENTED_EDGE ( 'NONE', *, *, #1559, .T. ) ;
#314 = DIRECTION ( 'NONE',  ( 0.0000000000000000000, -1.000000000000000000, -4.336808689942024836E-15 ) ) ;
#315 = VECTOR ( 'NONE', #1233, 1000.000000000000000 ) ;
#316 = LINE ( 'NONE', #3525, #3877 ) ;
#317 = ADVANCED_FACE ( 'NONE', ( #197 ), #2450, .F. ) ;
#318 = CARTESIAN_POINT ( 'NONE',  ( 0.5250000000000000222, 1.850000000000000089, 2.024999999999999911 ) ) ;
#319 = ORIENTED_EDGE ( 'NONE', *, *, #1414, .F. ) ;
#320 = CARTESIAN_POINT ( 'NONE',  ( 0.7249999999999999778, -0.004464445899999999919, 0.003975566199999999890 ) ) ;
#321 = LINE ( 'NONE', #2596, #4027 ) ;
#322 = EDGE_CURVE ( 'NONE', #4717, #2287, #1719, .T. ) ;
#323 = LINE ( 'NONE', #503, #2794 ) ;
#324 = ORIENTED_EDGE ( 'NONE', *, *, #4150, .T. ) ;
#325 = ORIENTED_EDGE ( 'NONE', *, *, #2890, .F. ) ;
#326 = DIRECTION ( 'NONE',  ( 0.0000000000000000000, -1.000000000000000000, 0.0000000000000000000 ) ) ;
#327 = EDGE_CURVE ( 'NONE', #4701, #4679, #2129, .T. ) ;
#328 = EDGE_CURVE ( 'NONE', #4334, #4679, #143, .T. ) ;
#329 = DIRECTION ( 'NONE',  ( 1.000000000000000000, 0.0000000000000000000, 0.0000000000000000000 ) ) ;
#330 = FACE_OUTER_BOUND ( 'NONE', #4624, .T. ) ;
#331 = VERTEX_POINT ( 'NONE', #2113 ) ;
#332 = VECTOR ( 'NONE', #1806, 1000.000000000000000 ) ;
#333 = LINE ( 'NONE', #2138, #3047 ) ;
#334 = VECTOR ( 'NONE', #2599, 1000.000000000000000 ) ;
#335 = EDGE_CURVE ( 'NONE', #2943, #2431, #2072, .T. ) ;
#336 = VECTOR ( 'NONE', #1140, 1000.000000000000000 ) ;
#337 = VECTOR ( 'NONE', #52, 1000.000000000000000 ) ;
#338 = DIRECTION ( 'NONE',  ( -1.000000000000000000, -0.0000000000000000000, -0.0000000000000000000 ) ) ;
#339 = FACE_OUTER_BOUND ( 'NONE', #1574, .T. ) ;
#340 = LINE ( 'NONE', #1343, #2188 ) ;
#341 = ORIENTED_EDGE ( 'NONE', *, *, #4626, .T. ) ;
#342 = PRESENTATION_STYLE_ASSIGNMENT (( #3242 ) ) ;
#343 = CARTESIAN_POINT ( 'NONE',  ( -2.375000000000000000, 3.750000000000000000, 2.024999999999999911 ) ) ;
#344 =( NAMED_UNIT ( * ) PLANE_ANGLE_UNIT ( ) SI_UNIT ( $, .RADIAN. ) );
#345 = VERTEX_POINT ( 'NONE', #4295 ) ;
#346 = CARTESIAN_POINT ( 'NONE',  ( -0.8249999999999999556, 1.850000000000000089, 2.024999999999999911 ) ) ;
#347 = EDGE_LOOP ( 'NONE', ( #2149, #4387, #2669, #1154 ) ) ;
#348 = AXIS2_PLACEMENT_3D ( 'NONE', #4793, #357, #2574 ) ;
#349 = VECTOR ( 'NONE', #4228, 1000.000000000000000 ) ;
#350 = ORIENTED_EDGE ( 'NONE', *, *, #4565, .T. ) ;
#351 = LINE ( 'NONE', #1567, #2592 ) ;
#352 = ORIENTED_EDGE ( 'NONE', *, *, #1252, .T. ) ;
#353 = ORIENTED_EDGE ( 'NONE', *, *, #1514, .F. ) ;
#354 = PLANE ( 'NONE',  #1653 ) ;
#355 = ORIENTED_EDGE ( 'NONE', *, *, #1966, .F. ) ;
#356 = EDGE_CURVE ( 'NONE', #1646, #1271, #1843, .T. ) ;
#357 = DIRECTION ( 'NONE',  ( 1.000000000000000000, 0.0000000000000000000, 0.0000000000000000000 ) ) ;
#358 = CARTESIAN_POINT ( 'NONE',  ( -2.274999999999999911, 0.6000000000000024203, 1.375000000000002442 ) ) ;
#359 = LINE ( 'NONE', #1858, #3530 ) ;
#360 = PLANE ( 'NONE',  #2090 ) ;
#361 = EDGE_CURVE ( 'NONE', #4463, #492, #841, .T. ) ;
#362 = ADVANCED_FACE ( 'NONE', ( #898 ), #2211, .F. ) ;
#363 = ORIENTED_EDGE ( 'NONE', *, *, #1579, .T. ) ;
#364 = VERTEX_POINT ( 'NONE', #1483 ) ;
#365 = DIRECTION ( 'NONE',  ( 0.0000000000000000000, 0.0000000000000000000, -1.000000000000000000 ) ) ;
#366 = EDGE_CURVE ( 'NONE', #1290, #455, #1073, .T. ) ;
#367 = LINE ( 'NONE', #1762, #311 ) ;
#368 = ORIENTED_EDGE ( 'NONE', *, *, #2938, .T. ) ;
#369 = EDGE_CURVE ( 'NONE', #1886, #2395, #24, .T. ) ;
#370 = DIRECTION ( 'NONE',  ( 1.000000000000000000, 0.0000000000000000000, 0.0000000000000000000 ) ) ;
#371 = LINE ( 'NONE', #1588, #126 ) ;
#372 = CARTESIAN_POINT ( 'NONE',  ( -0.5150000000000000133, 1.850000000000000089, -2.024999999999999911 ) ) ;
#373 = EDGE_CURVE ( 'NONE', #2434, #2565, #3925, .T. ) ;
#374 = AXIS2_PLACEMENT_3D ( 'NONE', #2150, #4400, #1083 ) ;
#375 = SURFACE_STYLE_FILL_AREA ( #1404 ) ;
#376 = DIRECTION ( 'NONE',  ( 0.0000000000000000000, -1.000000000000000000, 0.0000000000000000000 ) ) ;
#377 = CARTESIAN_POINT ( 'NONE',  ( -0.4249999999999999889, 1.850000000000000089, -1.474999999999999867 ) ) ;
#378 = PLANE ( 'NONE',  #2749 ) ;
#379 = CARTESIAN_POINT ( 'NONE',  ( 0.0000000000000000000, 4.240000000000000213, 0.0000000000000000000 ) ) ;
#380 = CARTESIAN_POINT ( 'NONE',  ( 0.7249999999999999778, 1.350000000000000089, 0.0000000000000000000 ) ) ;
#381 = DIRECTION ( 'NONE',  ( -1.000000000000000000, 0.0000000000000000000, 0.0000000000000000000 ) ) ;
#382 = FACE_OUTER_BOUND ( 'NONE', #3078, .T. ) ;
#383 = ORIENTED_EDGE ( 'NONE', *, *, #872, .F. ) ;
#384 = CARTESIAN_POINT ( 'NONE',  ( 2.024999999999999911, 1.980741759643274369, -1.925000000000000933 ) ) ;
#385 = VERTEX_POINT ( 'NONE', #343 ) ;
#386 = DIRECTION ( 'NONE',  ( 0.0000000000000000000, 0.0000000000000000000, -1.000000000000000000 ) ) ;
#387 = VECTOR ( 'NONE', #2995, 1000.000000000000000 ) ;
#388 = ORIENTED_EDGE ( 'NONE', *, *, #2448, .T. ) ;
#389 = DIRECTION ( 'NONE',  ( 1.000000000000000000, 0.0000000000000000000, 0.0000000000000000000 ) ) ;
#390 = LINE ( 'NONE', #800, #2806 ) ;
#391 = ORIENTED_EDGE ( 'NONE', *, *, #1123, .T. ) ;
#392 = CARTESIAN_POINT ( 'NONE',  ( -0.7249999999999999778, 0.5547525681000000652, 2.024999999999999911 ) ) ;
#393 = EDGE_CURVE ( 'NONE', #3044, #534, #4425, .T. ) ;
#394 = EDGE_CURVE ( 'NONE', #3862, #2068, #4210, .T. ) ;
#395 = DIRECTION ( 'NONE',  ( 0.0000000000000000000, -0.0000000000000000000, -1.000000000000000000 ) ) ;
#396 = DIRECTION ( 'NONE',  ( -1.000000000000000000, 0.0000000000000000000, 0.0000000000000000000 ) ) ;
#397 = VECTOR ( 'NONE', #1794, 1000.000000000000000 ) ;
#398 = FACE_OUTER_BOUND ( 'NONE', #3280, .T. ) ;
#399 = ORIENTED_EDGE ( 'NONE', *, *, #106, .T. ) ;
#400 = LINE ( 'NONE', #2634, #4219 ) ;
#401 = DIRECTION ( 'NONE',  ( -1.000000000000000000, 0.0000000000000000000, 0.0000000000000000000 ) ) ;
#402 = EDGE_CURVE ( 'NONE', #1643, #3022, #2862, .T. ) ;
#403 = EDGE_LOOP ( 'NONE', ( #6, #4181, #2992, #1434 ) ) ;
#404 = CARTESIAN_POINT ( 'NONE',  ( 0.8750000000000000000, 2.250000000000000000, 1.505384757699999909 ) ) ;
#405 = VECTOR ( 'NONE', #370, 1000.000000000000000 ) ;
#406 = LINE ( 'NONE', #2444, #152 ) ;
#407 = ORIENTED_EDGE ( 'NONE', *, *, #3263, .T. ) ;
#408 = EDGE_CURVE ( 'NONE', #1276, #4669, #4710, .T. ) ;
#409 = DIRECTION ( 'NONE',  ( -0.0000000000000000000, -1.000000000000000000, -4.336808689942025625E-15 ) ) ;
#410 = ORIENTED_EDGE ( 'NONE', *, *, #4388, .T. ) ;
#411 = LINE ( 'NONE', #605, #4227 ) ;
#412 = AXIS2_PLACEMENT_3D ( 'NONE', #955, #1721, #4313 ) ;
#413 = ORIENTED_EDGE ( 'NONE', *, *, #937, .T. ) ;
#414 = FACE_OUTER_BOUND ( 'NONE', #4580, .T. ) ;
#415 = ORIENTED_EDGE ( 'NONE', *, *, #2706, .F. ) ;
#416 = DIRECTION ( 'NONE',  ( -1.000000000000000000, 0.0000000000000000000, 0.0000000000000000000 ) ) ;
#417 = DIRECTION ( 'NONE',  ( 0.0000000000000000000, 0.0000000000000000000, 1.000000000000000000 ) ) ;
#418 = DIRECTION ( 'NONE',  ( -1.000000000000000000, 0.0000000000000000000, -0.0000000000000000000 ) ) ;
#419 = CARTESIAN_POINT ( 'NONE',  ( -0.7249999999999999778, 1.649999999999999911, -1.698606797699999893 ) ) ;
#420 = VERTEX_POINT ( 'NONE', #2872 ) ;
#421 = MECHANICAL_DESIGN_GEOMETRIC_PRESENTATION_REPRESENTATION (  '', ( #243 ), #1080 ) ;
#422 = EDGE_LOOP ( 'NONE', ( #3661, #2768, #1336, #1558 ) ) ;
#423 = CARTESIAN_POINT ( 'NONE',  ( 1.875000000000000000, 3.750000000000000000, 0.02500000000000000139 ) ) ;
#424 = EDGE_LOOP ( 'NONE', ( #300, #3598, #4502, #877 ) ) ;
#425 = VERTEX_POINT ( 'NONE', #2939 ) ;
#426 = ORIENTED_EDGE ( 'NONE', *, *, #4514, .T. ) ;
#427 = EDGE_CURVE ( 'NONE', #534, #4117, #1899, .T. ) ;
#428 = EDGE_CURVE ( 'NONE', #3000, #3093, #2926, .T. ) ;
#429 = DIRECTION ( 'NONE',  ( 1.000000000000000000, 0.0000000000000000000, 0.0000000000000000000 ) ) ;
#430 = ORIENTED_EDGE ( 'NONE', *, *, #1542, .T. ) ;
#431 = CARTESIAN_POINT ( 'NONE',  ( 0.7249999999999999778, -0.05000000000000000278, -2.824999999999999734 ) ) ;
#432 = CARTESIAN_POINT ( 'NONE',  ( -2.274999999999999911, 1.950000000000001732, 2.024999999999999911 ) ) ;
#433 = CARTESIAN_POINT ( 'NONE',  ( -2.274999999999999911, 2.250000000000000000, -2.024999999999999911 ) ) ;
#434 = LINE ( 'NONE', #3592, #177 ) ;
#435 = EDGE_CURVE ( 'NONE', #3011, #4452, #3155, .T. ) ;
#436 = VECTOR ( 'NONE', #4496, 1000.000000000000000 ) ;
#437 = DIRECTION ( 'NONE',  ( 0.0000000000000000000, 0.0000000000000000000, -1.000000000000000000 ) ) ;
#438 = PLANE ( 'NONE',  #2437 ) ;
#439 = MANIFOLD_SOLID_BREP ( 'Combine2', #2735 ) ;
#440 = VECTOR ( 'NONE', #1269, 1000.000000000000000 ) ;
#441 = AXIS2_PLACEMENT_3D ( 'NONE', #3475, #3871, #2429 ) ;
#442 = ORIENTED_EDGE ( 'NONE', *, *, #3325, .T. ) ;
#443 = DIRECTION ( 'NONE',  ( -1.000000000000000000, 0.0000000000000000000, 0.0000000000000000000 ) ) ;
#444 = LINE ( 'NONE', #3772, #2280 ) ;
#445 = LINE ( 'NONE', #4584, #79 ) ;
#446 = ORIENTED_EDGE ( 'NONE', *, *, #2317, .F. ) ;
#447 = DIRECTION ( 'NONE',  ( 1.000000000000000000, 0.0000000000000000000, 0.0000000000000000000 ) ) ;
#448 = CARTESIAN_POINT ( 'NONE',  ( -2.875000000000000000, 1.000000000000000000, 2.024999999999999911 ) ) ;
#449 = DIRECTION ( 'NONE',  ( 0.0000000000000000000, 0.0000000000000000000, -1.000000000000000000 ) ) ;
#450 = ORIENTED_EDGE ( 'NONE', *, *, #1755, .F. ) ;
#451 = VECTOR ( 'NONE', #770, 1000.000000000000000 ) ;
#452 = ORIENTED_EDGE ( 'NONE', *, *, #1988, .T. ) ;
#453 = DIRECTION ( 'NONE',  ( 0.0000000000000000000, 1.000000000000000000, 4.336808689942024836E-15 ) ) ;
#454 = CARTESIAN_POINT ( 'NONE',  ( -0.5250000000000000222, 1.350000000000000089, 1.525000000000000133 ) ) ;
#455 = VERTEX_POINT ( 'NONE', #1030 ) ;
#456 = VECTOR ( 'NONE', #2506, 1000.000000000000000 ) ;
#457 = LINE ( 'NONE', #1609, #30 ) ;
#458 = VECTOR ( 'NONE', #1335, 1000.000000000000000 ) ;
#459 = FACE_OUTER_BOUND ( 'NONE', #3962, .T. ) ;
#460 = CARTESIAN_POINT ( 'NONE',  ( -0.5250000000000000222, 1.000000000000000000, 0.0000000000000000000 ) ) ;
#461 = DIRECTION ( 'NONE',  ( 0.0000000000000000000, -1.000000000000000000, 0.0000000000000000000 ) ) ;
#462 = EDGE_CURVE ( 'NONE', #2034, #537, #1885, .T. ) ;
#463 = EDGE_LOOP ( 'NONE', ( #4165, #4730, #1081, #717 ) ) ;
#464 = CARTESIAN_POINT ( 'NONE',  ( -1.875000000000000000, 3.149999999999999911, 0.02500000000000000139 ) ) ;
#465 = CARTESIAN_POINT ( 'NONE',  ( -1.375000000000000000, 3.750000000000000000, 2.024999999999999911 ) ) ;
#466 = ORIENTED_EDGE ( 'NONE', *, *, #1725, .F. ) ;
#467 = EDGE_CURVE ( 'NONE', #3577, #3723, #1659, .T. ) ;
#468 = VECTOR ( 'NONE', #4503, 1000.000000000000000 ) ;
#469 = EDGE_LOOP ( 'NONE', ( #4253, #1595, #1746, #1466, #1508, #2267 ) ) ;
#470 = DIRECTION ( 'NONE',  ( 0.0000000000000000000, -1.000000000000000000, 0.0000000000000000000 ) ) ;
#471 = EDGE_CURVE ( 'NONE', #4633, #2631, #556, .T. ) ;
#472 = CARTESIAN_POINT ( 'NONE',  ( -0.5150000000000000133, 1.000000000000000000, -2.024999999999999911 ) ) ;
#473 = CARTESIAN_POINT ( 'NONE',  ( -0.7249999999999999778, 1.000000000000000000, -1.525000000000000133 ) ) ;
#474 = EDGE_LOOP ( 'NONE', ( #624, #2643, #426, #3737 ) ) ;
#475 = VERTEX_POINT ( 'NONE', #3370 ) ;
#476 = DIRECTION ( 'NONE',  ( -1.000000000000000000, 0.0000000000000000000, 0.0000000000000000000 ) ) ;
#477 = ORIENTED_EDGE ( 'NONE', *, *, #3315, .F. ) ;
#478 = AXIS2_PLACEMENT_3D ( 'NONE', #3362, #4126, #1153 ) ;
#479 = DIRECTION ( 'NONE',  ( 0.0000000000000000000, -1.000000000000000000, 0.0000000000000000000 ) ) ;
#480 = DIRECTION ( 'NONE',  ( 1.000000000000000000, 0.0000000000000000000, 0.0000000000000000000 ) ) ;
#481 = ORIENTED_EDGE ( 'NONE', *, *, #1401, .F. ) ;
#482 = DIRECTION ( 'NONE',  ( 0.0000000000000000000, -4.003208021484939327E-15, 1.000000000000000000 ) ) ;
#483 = CARTESIAN_POINT ( 'NONE',  ( -0.8750000000000000000, 3.750000000000000000, -2.024999999999999911 ) ) ;
#484 = AXIS2_PLACEMENT_3D ( 'NONE', #2827, #3194, #4294 ) ;
#485 = ORIENTED_EDGE ( 'NONE', *, *, #1825, .F. ) ;
#487 = ORIENTED_EDGE ( 'NONE', *, *, #2798, .T. ) ;
#486 = VECTOR ( 'NONE', #264, 1000.000000000000000 ) ;
#488 = DIRECTION ( 'NONE',  ( 1.000000000000000000, 0.0000000000000000000, 8.673617379884027583E-16 ) ) ;
#489 = DIRECTION ( 'NONE',  ( 0.0000000000000000000, 0.0000000000000000000, 1.000000000000000000 ) ) ;
#490 = DIRECTION ( 'NONE',  ( 1.000000000000000000, 0.0000000000000000000, 0.0000000000000000000 ) ) ;
#491 = LINE ( 'NONE', #3246, #3184 ) ;
#492 = VERTEX_POINT ( 'NONE', #1453 ) ;
#493 = ORIENTED_EDGE ( 'NONE', *, *, #1061, .F. ) ;
#494 = CARTESIAN_POINT ( 'NONE',  ( 0.7349999999999999867, 1.000000000000000000, -1.474999999999999867 ) ) ;
#495 = ORIENTED_EDGE ( 'NONE', *, *, #4375, .F. ) ;
#496 = VECTOR ( 'NONE', #3585, 1000.000000000000000 ) ;
#497 = CARTESIAN_POINT ( 'NONE',  ( -0.7249999999999999778, 1.350000000000000089, 0.0000000000000000000 ) ) ;
#498 = ORIENTED_EDGE ( 'NONE', *, *, #3857, .F. ) ;
#499 = EDGE_CURVE ( 'NONE', #455, #3790, #444, .T. ) ;
#500 = LINE ( 'NONE', #4592, #2336 ) ;
#501 = EDGE_CURVE ( 'NONE', #3212, #1866, #4414, .T. ) ;
#502 = DIRECTION ( 'NONE',  ( 0.0000000000000000000, 1.000000000000000000, 0.0000000000000000000 ) ) ;
#503 = CARTESIAN_POINT ( 'NONE',  ( 1.375000000000000000, 3.750000000000000000, 0.02500000000000000139 ) ) ;
#504 = EDGE_CURVE ( 'NONE', #2924, #3945, #1310, .T. ) ;
#505 = LINE ( 'NONE', #4663, #3209 ) ;
#506 = VECTOR ( 'NONE', #3975, 1000.000000000000000 ) ;
#507 = VERTEX_POINT ( 'NONE', #1141 ) ;
#508 = VECTOR ( 'NONE', #286, 1000.000000000000000 ) ;
#509 = ORIENTED_EDGE ( 'NONE', *, *, #4430, .F. ) ;
#510 = VECTOR ( 'NONE', #2515, 1000.000000000000000 ) ;
#511 = DIRECTION ( 'NONE',  ( 0.0000000000000000000, 3.252606517456512513E-15, -1.000000000000000000 ) ) ;
#512 = FACE_OUTER_BOUND ( 'NONE', #2894, .T. ) ;
#513 = ORIENTED_EDGE ( 'NONE', *, *, #3704, .T. ) ;
#514 = ADVANCED_FACE ( 'NONE', ( #2970 ), #3713, .T. ) ;
#515 = DIRECTION ( 'NONE',  ( 0.0000000000000000000, 3.252606517456512513E-15, -1.000000000000000000 ) ) ;
#516 = DIRECTION ( 'NONE',  ( 0.0000000000000000000, 0.0000000000000000000, 1.000000000000000000 ) ) ;
#517 = VECTOR ( 'NONE', #1564, 1000.000000000000000 ) ;
#518 = DIRECTION ( 'NONE',  ( -1.000000000000000000, 0.0000000000000000000, 0.0000000000000000000 ) ) ;
#519 = VECTOR ( 'NONE', #2994, 1000.000000000000000 ) ;
#520 = VECTOR ( 'NONE', #952, 1000.000000000000000 ) ;
#521 = ORIENTED_EDGE ( 'NONE', *, *, #3969, .F. ) ;
#522 = ADVANCED_FACE ( 'NONE', ( #2621 ), #3391, .F. ) ;
#523 = ORIENTED_EDGE ( 'NONE', *, *, #2271, .T. ) ;
#524 = LINE ( 'NONE', #1528, #468 ) ;
#525 = DIRECTION ( 'NONE',  ( 0.0000000000000000000, -1.000000000000000000, 0.0000000000000000000 ) ) ;
#526 = ORIENTED_EDGE ( 'NONE', *, *, #3476, .T. ) ;
#527 = ORIENTED_EDGE ( 'NONE', *, *, #163, .T. ) ;
#528 = CARTESIAN_POINT ( 'NONE',  ( -2.274999999999999911, 0.0000000000000000000, 0.0000000000000000000 ) ) ;
#529 = LINE ( 'NONE', #1732, #1088 ) ;
#530 = CARTESIAN_POINT ( 'NONE',  ( 2.500000000000000000, 4.009511388567677415, -0.07499999999999998335 ) ) ;
#531 = ORIENTED_EDGE ( 'NONE', *, *, #1203, .F. ) ;
#532 = VECTOR ( 'NONE', #3020, 1000.000000000000000 ) ;
#533 = EDGE_CURVE ( 'NONE', #455, #331, #3798, .T. ) ;
#534 = VERTEX_POINT ( 'NONE', #392 ) ;
#535 = CARTESIAN_POINT ( 'NONE',  ( 1.175000000000000044, 2.550000000000000266, 2.024999999999999911 ) ) ;
#536 = AXIS2_PLACEMENT_3D ( 'NONE', #4149, #4135, #2278 ) ;
#537 = VERTEX_POINT ( 'NONE', #3332 ) ;
#538 = DIRECTION ( 'NONE',  ( 0.0000000000000000000, -0.3162277660168379412, 0.9486832980505138790 ) ) ;
#539 = VECTOR ( 'NONE', #2974, 1000.000000000000000 ) ;
#540 = DIRECTION ( 'NONE',  ( -1.000000000000000000, 0.0000000000000000000, 0.0000000000000000000 ) ) ;
#541 = ORIENTED_EDGE ( 'NONE', *, *, #2455, .F. ) ;
#542 = CARTESIAN_POINT ( 'NONE',  ( -0.5250000000000000222, 0.5000000000000000000, 0.0000000000000000000 ) ) ;
#543 = AXIS2_PLACEMENT_3D ( 'NONE', #1778, #1346, #2821 ) ;
#544 = CARTESIAN_POINT ( 'NONE',  ( 2.475000000000000089, 0.6000000000000024203, 1.375000000000002442 ) ) ;
#545 = ORIENTED_EDGE ( 'NONE', *, *, #106, .F. ) ;
#546 = EDGE_LOOP ( 'NONE', ( #2396, #2899, #1902, #1439 ) ) ;
#547 = ORIENTED_EDGE ( 'NONE', *, *, #1619, .F. ) ;
#548 = CARTESIAN_POINT ( 'NONE',  ( -2.274999999999999911, 1.950000000000002176, 1.375000000000006883 ) ) ;
#549 = EDGE_CURVE ( 'NONE', #4036, #1769, #4316, .T. ) ;
#550 = ORIENTED_EDGE ( 'NONE', *, *, #3534, .F. ) ;
#551 = DIRECTION ( 'NONE',  ( 1.000000000000000000, 0.0000000000000000000, 0.0000000000000000000 ) ) ;
#552 = PLANE ( 'NONE',  #3333 ) ;
#553 = EDGE_LOOP ( 'NONE', ( #3464, #39, #2440, #1938 ) ) ;
#554 = DIRECTION ( 'NONE',  ( -0.0000000000000000000, 1.000000000000000000, -0.0000000000000000000 ) ) ;
#555 = CARTESIAN_POINT ( 'NONE',  ( 0.7349999999999999867, 1.649999999999999911, -1.025000000000000133 ) ) ;
#556 = LINE ( 'NONE', #1926, #1424 ) ;
#557 = EDGE_CURVE ( 'NONE', #889, #1225, #3311, .T. ) ;
#558 = DIRECTION ( 'NONE',  ( 0.0000000000000000000, -1.000000000000000000, 0.0000000000000000000 ) ) ;
#559 = AXIS2_PLACEMENT_3D ( 'NONE', #579, #3147, #935 ) ;
#560 = VECTOR ( 'NONE', #2086, 1000.000000000000000 ) ;
#561 = CARTESIAN_POINT ( 'NONE',  ( 0.4249999999999999889, 1.850000000000000089, -1.474999999999999867 ) ) ;
#562 = ADVANCED_FACE ( 'NONE', ( #4697 ), #4490, .T. ) ;
#563 = DIRECTION ( 'NONE',  ( 0.0000000000000000000, 0.0000000000000000000, 1.000000000000000000 ) ) ;
#564 = LINE ( 'NONE', #3264, #1713 ) ;
#565 = CARTESIAN_POINT ( 'NONE',  ( -0.4249999999999999889, 1.649999999999999911, -1.474999999999999867 ) ) ;
#566 = EDGE_LOOP ( 'NONE', ( #2361, #2400, #176, #1793, #4205, #3240, #1849 ) ) ;
#567 = ORIENTED_EDGE ( 'NONE', *, *, #3353, .T. ) ;
#568 = AXIS2_PLACEMENT_3D ( 'NONE', #4006, #3214, #1436 ) ;
#569 = ADVANCED_FACE ( 'NONE', ( #4196 ), #2594, .T. ) ;
#570 = ORIENTED_EDGE ( 'NONE', *, *, #1134, .T. ) ;
#571 = CARTESIAN_POINT ( 'NONE',  ( 2.875000000000000000, 3.600000000000000977, -1.425000000000000044 ) ) ;
#572 = VECTOR ( 'NONE', #4472, 1000.000000000000000 ) ;
#573 = VECTOR ( 'NONE', #3959, 1000.000000000000000 ) ;
#574 = VERTEX_POINT ( 'NONE', #33 ) ;
#575 = VECTOR ( 'NONE', #563, 1000.000000000000000 ) ;
#576 = VECTOR ( 'NONE', #4095, 1000.000000000000114 ) ;
#577 = LINE ( 'NONE', #19, #4044 ) ;
#578 = ORIENTED_EDGE ( 'NONE', *, *, #2167, .T. ) ;
#579 = CARTESIAN_POINT ( 'NONE',  ( 0.7249999999999999778, 0.2500000000000000000, -1.824999999999999956 ) ) ;
#580 = DIRECTION ( 'NONE',  ( 0.0000000000000000000, -1.000000000000000000, 0.0000000000000000000 ) ) ;
#581 = EDGE_CURVE ( 'NONE', #1868, #4802, #2117, .T. ) ;
#582 = EDGE_CURVE ( 'NONE', #1408, #3554, #1834, .T. ) ;
#583 = ORIENTED_EDGE ( 'NONE', *, *, #2620, .F. ) ;
#584 = DIRECTION ( 'NONE',  ( 0.0000000000000000000, -0.8660254037883289291, -0.4999999999932619454 ) ) ;
#585 = ORIENTED_EDGE ( 'NONE', *, *, #428, .F. ) ;
#586 = ADVANCED_FACE ( 'NONE', ( #2733 ), #2296, .F. ) ;
#587 = DIRECTION ( 'NONE',  ( 0.0000000000000000000, -3.252606517456512119E-15, 1.000000000000000000 ) ) ;
#588 = ORIENTED_EDGE ( 'NONE', *, *, #114, .T. ) ;
#589 = LINE ( 'NONE', #785, #105 ) ;
#590 = EDGE_CURVE ( 'NONE', #3781, #675, #2914, .T. ) ;
#591 = VERTEX_POINT ( 'NONE', #3034 ) ;
#592 = ADVANCED_FACE ( 'NONE', ( #1115 ), #2710, .T. ) ;
#593 = ORIENTED_EDGE ( 'NONE', *, *, #4030, .F. ) ;
#594 = CARTESIAN_POINT ( 'NONE',  ( -2.024999999999999911, 4.250000000000000000, -1.925000000000000044 ) ) ;
#595 = AXIS2_PLACEMENT_3D ( 'NONE', #199, #2403, #1684 ) ;
#596 = DIRECTION ( 'NONE',  ( -0.0000000000000000000, 1.000000000000000000, -0.0000000000000000000 ) ) ;
#597 = ORIENTED_EDGE ( 'NONE', *, *, #2505, .T. ) ;
#598 = ORIENTED_EDGE ( 'NONE', *, *, #2979, .T. ) ;
#599 = CARTESIAN_POINT ( 'NONE',  ( -2.875000000000000000, 0.6000000000000076383, -0.2249999999999982014 ) ) ;
#600 = AXIS2_PLACEMENT_3D ( 'NONE', #2177, #4764, #1096 ) ;
#601 = DIRECTION ( 'NONE',  ( 1.000000000000000000, 0.0000000000000000000, 0.0000000000000000000 ) ) ;
#602 = ORIENTED_EDGE ( 'NONE', *, *, #1818, .T. ) ;
#603 = LINE ( 'NONE', #419, #3419 ) ;
#604 = LINE ( 'NONE', #2681, #3420 ) ;
#605 = CARTESIAN_POINT ( 'NONE',  ( -0.5250000000000000222, 1.850000000000000089, -1.698606797699999893 ) ) ;
#606 = CARTESIAN_POINT ( 'NONE',  ( -0.5150000000000000133, 1.850000000000000089, -1.025000000000000133 ) ) ;
#607 = VECTOR ( 'NONE', #749, 1000.000000000000000 ) ;
#608 = ADVANCED_FACE ( 'NONE', ( #128 ), #4523, .F. ) ;
#609 = DIRECTION ( 'NONE',  ( -0.0000000000000000000, 0.0000000000000000000, 1.000000000000000000 ) ) ;
#610 = EDGE_LOOP ( 'NONE', ( #4145, #3825, #3818, #1010 ) ) ;
#611 = CARTESIAN_POINT ( 'NONE',  ( -0.7249999999999999778, 0.5000000000000000000, 2.024999999999999911 ) ) ;
#612 = VECTOR ( 'NONE', #1943, 1000.000000000000000 ) ;
#613 = ADVANCED_FACE ( 'NONE', ( #2682 ), #819, .F. ) ;
#614 = LINE ( 'NONE', #2405, #2173 ) ;
#615 = VECTOR ( 'NONE', #1275, 1000.000000000000000 ) ;
#616 = ORIENTED_EDGE ( 'NONE', *, *, #2250, .F. ) ;
#617 = CARTESIAN_POINT ( 'NONE',  ( 2.875000000000000000, 1.000000000000000000, -1.525000000000000133 ) ) ;
#618 = EDGE_CURVE ( 'NONE', #385, #3564, #1363, .T. ) ;
#619 = PLANE ( 'NONE',  #4788 ) ;
#620 = EDGE_CURVE ( 'NONE', #1320, #3347, #4310, .T. ) ;
#621 = CARTESIAN_POINT ( 'NONE',  ( 1.175000000000000044, 2.550000000000000266, 2.024999999999999911 ) ) ;
#622 = VECTOR ( 'NONE', #2875, 1000.000000000000000 ) ;
#623 = FACE_OUTER_BOUND ( 'NONE', #2693, .T. ) ;
#624 = ORIENTED_EDGE ( 'NONE', *, *, #950, .T. ) ;
#625 = VECTOR ( 'NONE', #1351, 1000.000000000000000 ) ;
#626 = CARTESIAN_POINT ( 'NONE',  ( -2.875000000000000000, 0.6000000000000076383, -0.2249999999999982014 ) ) ;
#627 = CARTESIAN_POINT ( 'NONE',  ( -2.475000000000000089, 0.6000000000000076383, -0.2249999999999982014 ) ) ;
#628 = EDGE_CURVE ( 'NONE', #2520, #113, #1304, .T. ) ;
#629 = CARTESIAN_POINT ( 'NONE',  ( 0.7249999999999999778, 0.0000000000000000000, -1.525000000000000133 ) ) ;
#630 = VECTOR ( 'NONE', #219, 1000.000000000000000 ) ;
#631 = DIRECTION ( 'NONE',  ( 0.0000000000000000000, 6.672013369141637200E-16, -1.000000000000000000 ) ) ;
#632 = CIRCLE ( 'NONE', #559, 0.2999999999999999334 ) ;
#633 = CARTESIAN_POINT ( 'NONE',  ( -1.175000000000000044, 1.850000000000000089, -1.474999999999999867 ) ) ;
#634 = LINE ( 'NONE', #774, #3447 ) ;
#635 = ORIENTED_EDGE ( 'NONE', *, *, #2190, .F. ) ;
#636 = EDGE_LOOP ( 'NONE', ( #4076, #1798, #2391, #3386 ) ) ;
#637 = DIRECTION ( 'NONE',  ( 0.0000000000000000000, 0.0000000000000000000, -1.000000000000000000 ) ) ;
#638 = LINE ( 'NONE', #4378, #4610 ) ;
#639 = ORIENTED_EDGE ( 'NONE', *, *, #948, .F. ) ;
#640 = ADVANCED_FACE ( 'NONE', ( #4140 ), #1963, .F. ) ;
#641 = DIRECTION ( 'NONE',  ( -0.0000000000000000000, 1.000000000000000000, 0.0000000000000000000 ) ) ;
#642 = ORIENTED_EDGE ( 'NONE', *, *, #3541, .T. ) ;
#643 = DIRECTION ( 'NONE',  ( -0.0000000000000000000, -0.0000000000000000000, 1.000000000000000000 ) ) ;
#644 = EDGE_LOOP ( 'NONE', ( #2079, #998, #3550, #3805 ) ) ;
#645 = FACE_OUTER_BOUND ( 'NONE', #3677, .T. ) ;
#646 = CARTESIAN_POINT ( 'NONE',  ( -1.175000000000000044, 1.850000000000000089, -1.474999999999999867 ) ) ;
#647 = EDGE_CURVE ( 'NONE', #301, #345, #2910, .T. ) ;
#648 = LINE ( 'NONE', #2627, #4449 ) ;
#649 = FILL_AREA_STYLE ('',( #4670 ) ) ;
#650 = VERTEX_POINT ( 'NONE', #865 ) ;
#651 = EDGE_CURVE ( 'NONE', #1450, #1646, #3306, .T. ) ;
#652 = ORIENTED_EDGE ( 'NONE', *, *, #2798, .F. ) ;
#653 = DIRECTION ( 'NONE',  ( -1.000000000000000000, 0.0000000000000000000, 0.0000000000000000000 ) ) ;
#654 = DIRECTION ( 'NONE',  ( 1.000000000000000000, 0.0000000000000000000, 0.0000000000000000000 ) ) ;
#655 = DIRECTION ( 'NONE',  ( 0.0000000000000000000, 0.0000000000000000000, 1.000000000000000000 ) ) ;
#656 = ORIENTED_EDGE ( 'NONE', *, *, #4022, .F. ) ;
#657 = STYLED_ITEM ( 'NONE', ( #342 ), #2099 ) ;
#658 = DIRECTION ( 'NONE',  ( -1.000000000000000000, -0.0000000000000000000, -0.0000000000000000000 ) ) ;
#659 = ORIENTED_EDGE ( 'NONE', *, *, #4683, .F. ) ;
#660 = ORIENTED_EDGE ( 'NONE', *, *, #298, .T. ) ;
#661 = CARTESIAN_POINT ( 'NONE',  ( -2.475000000000000089, 0.0000000000000000000, 0.0000000000000000000 ) ) ;
#662 = VECTOR ( 'NONE', #4035, 1000.000000000000000 ) ;
#663 = PRESENTATION_LAYER_ASSIGNMENT (  '', '', ( #150 ) ) ;
#664 = CARTESIAN_POINT ( 'NONE',  ( 2.274999999999999911, 3.600000000000000977, -1.425000000000000044 ) ) ;
#665 = PLANE ( 'NONE',  #4246 ) ;
#666 = LINE ( 'NONE', #3544, #4469 ) ;
#667 = LINE ( 'NONE', #944, #1307 ) ;
#668 = EDGE_LOOP ( 'NONE', ( #4275, #4418, #523, #2497 ) ) ;
#669 = LINE ( 'NONE', #1638, #2624 ) ;
#670 =( LENGTH_UNIT ( ) NAMED_UNIT ( * ) SI_UNIT ( .MILLI., .METRE. ) );
#671 = EDGE_LOOP ( 'NONE', ( #930, #3524, #3681, #2842 ) ) ;
#672 = EDGE_CURVE ( 'NONE', #420, #3022, #2219, .T. ) ;
#673 = ORIENTED_EDGE ( 'NONE', *, *, #2505, .F. ) ;
#674 = ADVANCED_FACE ( 'NONE', ( #1707, #1418, #3137, #4409, #1056 ), #1197, .F. ) ;
#675 = VERTEX_POINT ( 'NONE', #1249 ) ;
#676 = EDGE_CURVE ( 'NONE', #4628, #4073, #3424, .T. ) ;
#677 = LINE ( 'NONE', #1636, #3216 ) ;
#678 = DIRECTION ( 'NONE',  ( 1.000000000000000000, 0.0000000000000000000, 0.0000000000000000000 ) ) ;
#679 = VERTEX_POINT ( 'NONE', #88 ) ;
#680 = DIRECTION ( 'NONE',  ( 0.0000000000000000000, -1.000000000000000000, 0.0000000000000000000 ) ) ;
#681 = VECTOR ( 'NONE', #2100, 1000.000000000000000 ) ;
#682 = ADVANCED_FACE ( 'NONE', ( #3196 ), #2723, .T. ) ;
#683 = AXIS2_PLACEMENT_3D ( 'NONE', #3360, #489, #59 ) ;
#684 = VECTOR ( 'NONE', #2326, 1000.000000000000000 ) ;
#685 = VECTOR ( 'NONE', #214, 1000.000000000000000 ) ;
#686 = SURFACE_SIDE_STYLE ('',( #1608 ) ) ;
#687 = DIRECTION ( 'NONE',  ( -0.0000000000000000000, 1.000000000000000000, -0.0000000000000000000 ) ) ;
#688 = CARTESIAN_POINT ( 'NONE',  ( -1.375000000000000000, 3.750000000000000000, 2.024999999999999911 ) ) ;
#689 = EDGE_LOOP ( 'NONE', ( #4401, #3381, #1288, #4655 ) ) ;
#690 = CARTESIAN_POINT ( 'NONE',  ( 0.7349999999999999867, 1.850000000000000089, -1.025000000000000133 ) ) ;
#691 = ORIENTED_EDGE ( 'NONE', *, *, #3374, .F. ) ;
#692 = CARTESIAN_POINT ( 'NONE',  ( 0.7249999999999999778, 0.5000000000000000000, 0.0000000000000000000 ) ) ;
#693 = ORIENTED_EDGE ( 'NONE', *, *, #37, .T. ) ;
#694 = ORIENTED_EDGE ( 'NONE', *, *, #322, .F. ) ;
#695 = ORIENTED_EDGE ( 'NONE', *, *, #1694, .F. ) ;
#696 = VERTEX_POINT ( 'NONE', #132 ) ;
#697 = CARTESIAN_POINT ( 'NONE',  ( -2.475000000000000089, 8.673617379884035472E-15, -0.2250000000000008105 ) ) ;
#698 = PLANE ( 'NONE',  #3247 ) ;
#699 = ORIENTED_EDGE ( 'NONE', *, *, #2126, .F. ) ;
#700 = CARTESIAN_POINT ( 'NONE',  ( 0.7249999999999999778, 1.000000000000000000, 0.0000000000000000000 ) ) ;
#701 = EDGE_CURVE ( 'NONE', #1995, #3454, #1479, .T. ) ;
#702 = VERTEX_POINT ( 'NONE', #1658 ) ;
#703 = LINE ( 'NONE', #2456, #1232 ) ;
#704 = AXIS2_PLACEMENT_3D ( 'NONE', #3026, #4199, #96 ) ;
#705 = VECTOR ( 'NONE', #4033, 1000.000000000000000 ) ;
#706 = ORIENTED_EDGE ( 'NONE', *, *, #3901, .F. ) ;
#707 = CARTESIAN_POINT ( 'NONE',  ( 0.7349999999999999867, 1.000000000000000000, -1.025000000000000133 ) ) ;
#708 = EDGE_CURVE ( 'NONE', #4099, #3412, #1003, .T. ) ;
#709 = CARTESIAN_POINT ( 'NONE',  ( 2.274999999999999911, 1.949999999999999512, 2.025000000000007017 ) ) ;
#710 = AXIS2_PLACEMENT_3D ( 'NONE', #3845, #3519, #2038 ) ;
#711 = PLANE ( 'NONE',  #2968 ) ;
#712 = VERTEX_POINT ( 'NONE', #3850 ) ;
#713 = CARTESIAN_POINT ( 'NONE',  ( 0.7249999999999999778, 1.850000000000000089, -1.025000000000000133 ) ) ;
#714 = LINE ( 'NONE', #4398, #1829 ) ;
#715 = LINE ( 'NONE', #4574, #3725 ) ;
#716 = DIRECTION ( 'NONE',  ( 1.000000000000000000, 0.0000000000000000000, 0.0000000000000000000 ) ) ;
#717 = ORIENTED_EDGE ( 'NONE', *, *, #1328, .T. ) ;
#718 = DIRECTION ( 'NONE',  ( -1.000000000000000000, 0.0000000000000000000, 0.0000000000000000000 ) ) ;
#719 = CARTESIAN_POINT ( 'NONE',  ( -0.3750000000000000000, 2.250000000000000000, 1.025000000000000133 ) ) ;
#720 = EDGE_CURVE ( 'NONE', #1886, #3559, #4577, .T. ) ;
#721 = LINE ( 'NONE', #3583, #3852 ) ;
#722 = DIRECTION ( 'NONE',  ( 0.0000000000000000000, 0.0000000000000000000, -1.000000000000000000 ) ) ;
#723 = ADVANCED_FACE ( 'NONE', ( #1949 ), #4637, .T. ) ;
#724 = ORIENTED_EDGE ( 'NONE', *, *, #1514, .T. ) ;
#725 = CARTESIAN_POINT ( 'NONE',  ( -0.5250000000000000222, 1.850000000000000089, -2.024999999999999911 ) ) ;
#726 = CARTESIAN_POINT ( 'NONE',  ( 1.375000000000000000, 3.750000000000000000, 2.024999999999999911 ) ) ;
#727 = DIRECTION ( 'NONE',  ( -0.0000000000000000000, 1.000000000000000000, 0.0000000000000000000 ) ) ;
#728 = CARTESIAN_POINT ( 'NONE',  ( -2.375000000000000000, 3.750000000000000000, 0.02500000000000000139 ) ) ;
#729 = PLANE ( 'NONE',  #745 ) ;
#730 = ORIENTED_EDGE ( 'NONE', *, *, #826, .F. ) ;
#731 = CARTESIAN_POINT ( 'NONE',  ( -1.375000000000000000, 3.750000000000000000, 0.02500000000000000139 ) ) ;
#732 = EDGE_CURVE ( 'NONE', #4056, #4799, #3474, .T. ) ;
#733 = LINE ( 'NONE', #138, #1258 ) ;
#734 = FACE_OUTER_BOUND ( 'NONE', #463, .T. ) ;
#735 = CARTESIAN_POINT ( 'NONE',  ( -0.4249999999999999889, 1.649999999999999911, -1.474999999999999867 ) ) ;
#736 = VERTEX_POINT ( 'NONE', #149 ) ;
#737 = AXIS2_PLACEMENT_3D ( 'NONE', #3035, #2339, #3007 ) ;
#738 = ORIENTED_EDGE ( 'NONE', *, *, #2137, .T. ) ;
#739 = CARTESIAN_POINT ( 'NONE',  ( 1.175000000000000044, 2.550000000000000266, -1.474999999999999867 ) ) ;
#740 = VECTOR ( 'NONE', #1019, 1000.000000000000000 ) ;
#741 = CARTESIAN_POINT ( 'NONE',  ( -2.274999999999999911, 0.6000000000000076383, -0.2249999999999982014 ) ) ;
#742 = EDGE_LOOP ( 'NONE', ( #3236, #3829, #127, #1621 ) ) ;
#743 = DIRECTION ( 'NONE',  ( 0.0000000000000000000, -1.000000000000000000, 0.0000000000000000000 ) ) ;
#744 = ORIENTED_EDGE ( 'NONE', *, *, #3981, .T. ) ;
#745 = AXIS2_PLACEMENT_3D ( 'NONE', #1064, #3668, #1111 ) ;
#746 = LINE ( 'NONE', #4322, #157 ) ;
#747 = ADVANCED_FACE ( 'NONE', ( #3024 ), #4255, .T. ) ;
#748 = EDGE_LOOP ( 'NONE', ( #767, #4242, #3765, #3616 ) ) ;
#749 = DIRECTION ( 'NONE',  ( 0.0000000000000000000, 0.0000000000000000000, -1.000000000000000000 ) ) ;
#750 = CIRCLE ( 'NONE', #1807, 0.3000000000000000444 ) ;
#751 = CARTESIAN_POINT ( 'NONE',  ( 2.274999999999999911, 1.950000000000002176, 1.375000000000006883 ) ) ;
#752 = ORIENTED_EDGE ( 'NONE', *, *, #2823, .F. ) ;
#753 = ORIENTED_EDGE ( 'NONE', *, *, #1151, .T. ) ;
#754 = VERTEX_POINT ( 'NONE', #4705 ) ;
#755 = CARTESIAN_POINT ( 'NONE',  ( 0.7249999999999999778, 1.850000000000000089, 2.024999999999999911 ) ) ;
#756 = CARTESIAN_POINT ( 'NONE',  ( -2.274999999999999911, -0.05000000000000000278, -0.2250000000000008105 ) ) ;
#757 = CARTESIAN_POINT ( 'NONE',  ( 2.274999999999999911, 3.600000000000000977, -1.425000000000000044 ) ) ;
#758 = DIRECTION ( 'NONE',  ( 0.0000000000000000000, 0.0000000000000000000, 1.000000000000000000 ) ) ;
#759 = VERTEX_POINT ( 'NONE', #1428 ) ;
#761 = EDGE_LOOP ( 'NONE', ( #2514, #181, #4303, #3126, #1412, #452 ) ) ;
#760 = VECTOR ( 'NONE', #1393, 1000.000000000000000 ) ;
#762 = DIRECTION ( 'NONE',  ( -1.000000000000000000, 0.0000000000000000000, 0.0000000000000000000 ) ) ;
#763 = EDGE_LOOP ( 'NONE', ( #880, #4434, #799, #4382 ) ) ;
#764 = VECTOR ( 'NONE', #1286, 1000.000000000000000 ) ;
#765 = PLANE ( 'NONE',  #4604 ) ;
#766 = LINE ( 'NONE', #1790, #1708 ) ;
#767 = ORIENTED_EDGE ( 'NONE', *, *, #582, .T. ) ;
#768 = PLANE ( 'NONE',  #3213 ) ;
#769 = DIRECTION ( 'NONE',  ( 0.0000000000000000000, 0.0000000000000000000, 1.000000000000000000 ) ) ;
#770 = DIRECTION ( 'NONE',  ( 0.0000000000000000000, -1.000000000000000000, 0.0000000000000000000 ) ) ;
#771 = ORIENTED_EDGE ( 'NONE', *, *, #4049, .F. ) ;
#772 = DIRECTION ( 'NONE',  ( 0.0000000000000000000, 3.252606517456512513E-15, -1.000000000000000000 ) ) ;
#773 = ORIENTED_EDGE ( 'NONE', *, *, #3926, .F. ) ;
#774 = CARTESIAN_POINT ( 'NONE',  ( 0.5250000000000000222, 1.649999999999999911, -1.025000000000000133 ) ) ;
#775 = CARTESIAN_POINT ( 'NONE',  ( -0.5250000000000000222, -0.004464445899999999919, 0.003975566199999999890 ) ) ;
#776 = PLANE ( 'NONE',  #478 ) ;
#777 = EDGE_CURVE ( 'NONE', #1692, #3212, #4248, .T. ) ;
#778 = ORIENTED_EDGE ( 'NONE', *, *, #2318, .T. ) ;
#779 = DIRECTION ( 'NONE',  ( 0.0000000000000000000, -1.000000000000000000, 0.0000000000000000000 ) ) ;
#780 = CARTESIAN_POINT ( 'NONE',  ( 2.875000000000000000, 1.000000000000000000, -2.024999999999999911 ) ) ;
#781 = LINE ( 'NONE', #3089, #3739 ) ;
#782 = ORIENTED_EDGE ( 'NONE', *, *, #229, .T. ) ;
#783 = DIRECTION ( 'NONE',  ( -1.000000000000000000, 0.0000000000000000000, 0.0000000000000000000 ) ) ;
#784 = VECTOR ( 'NONE', #643, 1000.000000000000000 ) ;
#785 = CARTESIAN_POINT ( 'NONE',  ( 2.500000000000000000, 4.240000000000000213, -2.024999999999999911 ) ) ;
#786 = PLANE ( 'NONE',  #2357 ) ;
#787 = PLANE ( 'NONE',  #536 ) ;
#788 = VECTOR ( 'NONE', #1037, 1000.000000000000000 ) ;
#789 = LINE ( 'NONE', #929, #2323 ) ;
#790 = LINE ( 'NONE', #4467, #336 ) ;
#791 = FACE_OUTER_BOUND ( 'NONE', #3205, .T. ) ;
#792 = EDGE_CURVE ( 'NONE', #1048, #3027, #4464, .T. ) ;
#793 = ORIENTED_EDGE ( 'NONE', *, *, #1425, .F. ) ;
#794 = VECTOR ( 'NONE', #453, 1000.000000000000000 ) ;
#795 = CARTESIAN_POINT ( 'NONE',  ( 1.375000000000000000, 3.149999999999999911, -2.024999999999999911 ) ) ;
#796 = CARTESIAN_POINT ( 'NONE',  ( -2.875000000000000000, 4.250000000000000000, -2.024999999999999911 ) ) ;
#797 = PLANE ( 'NONE',  #2262 ) ;
#798 = VECTOR ( 'NONE', #4795, 1000.000000000000000 ) ;
#799 = ORIENTED_EDGE ( 'NONE', *, *, #2135, .F. ) ;
#800 = CARTESIAN_POINT ( 'NONE',  ( -0.5150000000000000133, 1.850000000000000089, -1.025000000000000133 ) ) ;
#801 = ORIENTED_EDGE ( 'NONE', *, *, #1458, .F. ) ;
#802 = SURFACE_SIDE_STYLE ('',( #3220 ) ) ;
#803 = VERTEX_POINT ( 'NONE', #2852 ) ;
#804 = ORIENTED_EDGE ( 'NONE', *, *, #2221, .F. ) ;
#805 = DIRECTION ( 'NONE',  ( 0.0000000000000000000, 1.000000000000000000, 0.0000000000000000000 ) ) ;
#806 = EDGE_CURVE ( 'NONE', #1984, #2210, #3132, .T. ) ;
#807 = DIRECTION ( 'NONE',  ( 0.0000000000000000000, 0.0000000000000000000, 1.000000000000000000 ) ) ;
#808 = ORIENTED_EDGE ( 'NONE', *, *, #394, .T. ) ;
#809 = ORIENTED_EDGE ( 'NONE', *, *, #393, .T. ) ;
#810 = CARTESIAN_POINT ( 'NONE',  ( 0.0000000000000000000, 0.0000000000000000000, -1.025000000000000133 ) ) ;
#811 = CARTESIAN_POINT ( 'NONE',  ( 2.274999999999999911, 0.6000000000000024203, 1.375000000000002442 ) ) ;
#812 = CARTESIAN_POINT ( 'NONE',  ( -0.5250000000000000222, 1.000000000000000000, 0.0000000000000000000 ) ) ;
#813 = DIRECTION ( 'NONE',  ( 0.0000000000000000000, 0.0000000000000000000, -1.000000000000000000 ) ) ;
#814 = CARTESIAN_POINT ( 'NONE',  ( -0.5250000000000000222, 1.850000000000000089, 2.024999999999999911 ) ) ;
#815 = EDGE_CURVE ( 'NONE', #1682, #2969, #3365, .T. ) ;
#816 = ORIENTED_EDGE ( 'NONE', *, *, #533, .F. ) ;
#817 = EDGE_CURVE ( 'NONE', #4489, #1740, #434, .T. ) ;
#818 = VECTOR ( 'NONE', #2187, 1000.000000000000000 ) ;
#819 = PLANE ( 'NONE',  #3909 ) ;
#820 = DIRECTION ( 'NONE',  ( 0.0000000000000000000, 4.003208021484939327E-15, -1.000000000000000000 ) ) ;
#821 = CARTESIAN_POINT ( 'NONE',  ( -0.7249999999999999778, 1.850000000000000089, 2.024999999999999911 ) ) ;
#822 = ORIENTED_EDGE ( 'NONE', *, *, #2374, .F. ) ;
#823 = DIRECTION ( 'NONE',  ( 0.0000000000000000000, 1.000000000000000000, 0.0000000000000000000 ) ) ;
#824 = LINE ( 'NONE', #4174, #4632 ) ;
#825 = EDGE_CURVE ( 'NONE', #4614, #920, #4749, .T. ) ;
#826 = EDGE_CURVE ( 'NONE', #4072, #4441, #1592, .T. ) ;
#827 = SURFACE_STYLE_FILL_AREA ( #649 ) ;
#828 = PLANE ( 'NONE',  #194 ) ;
#829 = VERTEX_POINT ( 'NONE', #2494 ) ;
#830 = PLANE ( 'NONE',  #2084 ) ;
#831 = CARTESIAN_POINT ( 'NONE',  ( -0.7349999999999999867, 1.000000000000000000, -1.525000000000000133 ) ) ;
#832 = EDGE_LOOP ( 'NONE', ( #1171, #1879, #897, #2732 ) ) ;
#833 = VECTOR ( 'NONE', #2952, 1000.000000000000000 ) ;
#834 = DIRECTION ( 'NONE',  ( -1.000000000000000000, -0.0000000000000000000, -0.0000000000000000000 ) ) ;
#835 = CARTESIAN_POINT ( 'NONE',  ( 0.7249999999999999778, -0.05000000000000000278, -1.824999999999999956 ) ) ;
#836 = CARTESIAN_POINT ( 'NONE',  ( 0.4249999999999999889, 1.850000000000000089, -1.698606797699999893 ) ) ;
#837 = VERTEX_POINT ( 'NONE', #2445 ) ;
#838 = CARTESIAN_POINT ( 'NONE',  ( 2.024999999999999911, 4.240000000000000213, -1.925000000000000933 ) ) ;
#839 = DIRECTION ( 'NONE',  ( -1.000000000000000000, 0.0000000000000000000, 0.0000000000000000000 ) ) ;
#840 = ORIENTED_EDGE ( 'NONE', *, *, #4783, .T. ) ;
#841 = LINE ( 'NONE', #2529, #4096 ) ;
#842 = VECTOR ( 'NONE', #182, 1000.000000000000000 ) ;
#843 = LINE ( 'NONE', #3423, #1901 ) ;
#844 = LINE ( 'NONE', #3684, #3680 ) ;
#845 = ORIENTED_EDGE ( 'NONE', *, *, #651, .T. ) ;
#846 = CARTESIAN_POINT ( 'NONE',  ( 2.500000000000000000, 4.250000000000000000, 2.024999999999999911 ) ) ;
#847 = DIRECTION ( 'NONE',  ( -0.0000000000000000000, -1.000000000000000000, -3.212450881438533030E-15 ) ) ;
#848 = VERTEX_POINT ( 'NONE', #228 ) ;
#849 = CARTESIAN_POINT ( 'NONE',  ( -2.274999999999999911, 0.6000000000000024203, 1.375000000000002442 ) ) ;
#850 = ORIENTED_EDGE ( 'NONE', *, *, #1933, .T. ) ;
#851 = EDGE_CURVE ( 'NONE', #1769, #2158, #2166, .T. ) ;
#852 = EDGE_LOOP ( 'NONE', ( #3283, #4586, #3451, #3812 ) ) ;
#853 = EDGE_CURVE ( 'NONE', #889, #3950, #1177, .T. ) ;
#854 = CARTESIAN_POINT ( 'NONE',  ( 0.7249999999999999778, 1.795247431900000024, 2.024999999999999911 ) ) ;
#855 = ORIENTED_EDGE ( 'NONE', *, *, #3704, .F. ) ;
#856 = VECTOR ( 'NONE', #2736, 1000.000000000000000 ) ;
#857 = ORIENTED_EDGE ( 'NONE', *, *, #853, .F. ) ;
#858 = VECTOR ( 'NONE', #4166, 1000.000000000000000 ) ;
#859 = CARTESIAN_POINT ( 'NONE',  ( -2.274999999999999911, 0.6000000000000076383, -0.2249999999999982014 ) ) ;
#860 = ORIENTED_EDGE ( 'NONE', *, *, #1833, .F. ) ;
#861 = ADVANCED_FACE ( 'NONE', ( #3900 ), #665, .T. ) ;
#862 = AXIS2_PLACEMENT_3D ( 'NONE', #2759, #3181, #2790 ) ;
#863 = DIRECTION ( 'NONE',  ( 0.0000000000000000000, 1.000000000000000000, 3.212450881438532635E-15 ) ) ;
#864 = ORIENTED_EDGE ( 'NONE', *, *, #2793, .T. ) ;
#865 = CARTESIAN_POINT ( 'NONE',  ( -0.7349999999999999867, 1.850000000000000089, -2.024999999999999911 ) ) ;
#866 = DIRECTION ( 'NONE',  ( -1.000000000000000000, 0.0000000000000000000, 0.0000000000000000000 ) ) ;
#867 = ORIENTED_EDGE ( 'NONE', *, *, #3072, .T. ) ;
#868 = ADVANCED_FACE ( 'NONE', ( #3787 ), #3189, .T. ) ;
#869 = ORIENTED_EDGE ( 'NONE', *, *, #3926, .T. ) ;
#870 = ORIENTED_EDGE ( 'NONE', *, *, #2581, .F. ) ;
#871 = CARTESIAN_POINT ( 'NONE',  ( 2.274999999999999911, 4.239999999999999325, -1.925000000000000711 ) ) ;
#872 = EDGE_CURVE ( 'NONE', #2311, #44, #824, .T. ) ;
#873 = DIRECTION ( 'NONE',  ( 1.000000000000000000, 0.0000000000000000000, 0.0000000000000000000 ) ) ;
#874 = CARTESIAN_POINT ( 'NONE',  ( -2.024999999999999911, 2.250000000000000000, -1.925000000000000044 ) ) ;
#875 = VECTOR ( 'NONE', #910, 1000.000000000000000 ) ;
#876 = ORIENTED_EDGE ( 'NONE', *, *, #557, .T. ) ;
#877 = ORIENTED_EDGE ( 'NONE', *, *, #2002, .F. ) ;
#878 = EDGE_CURVE ( 'NONE', #2808, #3347, #3654, .T. ) ;
#879 = EDGE_CURVE ( 'NONE', #4073, #1868, #603, .T. ) ;
#880 = ORIENTED_EDGE ( 'NONE', *, *, #4060, .T. ) ;
#881 = FACE_OUTER_BOUND ( 'NONE', #2263, .T. ) ;
#882 = CARTESIAN_POINT ( 'NONE',  ( 0.0000000000000000000, 0.0000000000000000000, -1.525000000000000133 ) ) ;
#883 = CARTESIAN_POINT ( 'NONE',  ( -2.475000000000000089, 1.950000000000001732, 2.024999999999999911 ) ) ;
#884 = EDGE_LOOP ( 'NONE', ( #1724, #2861, #635, #1763, #4050, #547, #223, #744 ) ) ;
#885 = AXIS2_PLACEMENT_3D ( 'NONE', #3972, #2500, #4712 ) ;
#886 = LINE ( 'NONE', #741, #4699 ) ;
#887 = DIRECTION ( 'NONE',  ( 0.0000000000000000000, 0.0000000000000000000, 1.000000000000000000 ) ) ;
#888 = EDGE_CURVE ( 'NONE', #1468, #4510, #2409, .T. ) ;
#889 = VERTEX_POINT ( 'NONE', #1907 ) ;
#890 = CARTESIAN_POINT ( 'NONE',  ( -0.4249999999999999889, 1.850000000000000089, 2.024999999999999911 ) ) ;
#891 = ADVANCED_FACE ( 'NONE', ( #1821 ), #787, .T. ) ;
#892 = VECTOR ( 'NONE', #2743, 1000.000000000000000 ) ;
#893 = EDGE_LOOP ( 'NONE', ( #3712, #3479, #4572, #3630 ) ) ;
#894 = DIRECTION ( 'NONE',  ( 0.0000000000000000000, -1.000000000000000000, 0.0000000000000000000 ) ) ;
#895 = CARTESIAN_POINT ( 'NONE',  ( -2.274999999999999911, 2.250000000000000000, -2.024999999999999911 ) ) ;
#896 = EDGE_CURVE ( 'NONE', #1176, #2106, #3861, .T. ) ;
#897 = ORIENTED_EDGE ( 'NONE', *, *, #1662, .F. ) ;
#898 = FACE_OUTER_BOUND ( 'NONE', #3774, .T. ) ;
#899 = ORIENTED_EDGE ( 'NONE', *, *, #2620, .T. ) ;
#900 = AXIS2_PLACEMENT_3D ( 'NONE', #810, #3531, #3515 ) ;
#901 = CARTESIAN_POINT ( 'NONE',  ( -2.875000000000000000, 1.950000000000002176, 1.375000000000006883 ) ) ;
#902 = LINE ( 'NONE', #4201, #3324 ) ;
#903 = ORIENTED_EDGE ( 'NONE', *, *, #2713, .T. ) ;
#904 = FACE_OUTER_BOUND ( 'NONE', #913, .T. ) ;
#905 = DIRECTION ( 'NONE',  ( 0.0000000000000000000, 0.0000000000000000000, 1.000000000000000000 ) ) ;
#906 = CARTESIAN_POINT ( 'NONE',  ( -0.5250000000000000222, 0.5000000000000000000, -2.324999999999999734 ) ) ;
#907 = CARTESIAN_POINT ( 'NONE',  ( 1.875000000000000000, 2.550000000000000266, -1.474999999999999867 ) ) ;
#908 = FACE_OUTER_BOUND ( 'NONE', #474, .T. ) ;
#909 = VECTOR ( 'NONE', #443, 1000.000000000000000 ) ;
#910 = DIRECTION ( 'NONE',  ( -1.000000000000000000, -0.0000000000000000000, -0.0000000000000000000 ) ) ;
#911 = VECTOR ( 'NONE', #1103, 1000.000000000000000 ) ;
#912 = DIRECTION ( 'NONE',  ( 0.0000000000000000000, 0.0000000000000000000, 1.000000000000000000 ) ) ;
#913 = EDGE_LOOP ( 'NONE', ( #413, #2115, #864, #2233, #1842, #3571, #2227 ) ) ;
#914 = EDGE_CURVE ( 'NONE', #2228, #3369, #1544, .T. ) ;
#915 = CARTESIAN_POINT ( 'NONE',  ( -0.7249999999999999778, 1.649999999999999911, -1.025000000000000133 ) ) ;
#916 = ORIENTED_EDGE ( 'NONE', *, *, #369, .F. ) ;
#917 = LINE ( 'NONE', #4656, #4558 ) ;
#918 = DIRECTION ( 'NONE',  ( 1.000000000000000000, 0.0000000000000000000, 0.0000000000000000000 ) ) ;
#919 = ADVANCED_FACE ( 'NONE', ( #4756 ), #3417, .T. ) ;
#920 = VERTEX_POINT ( 'NONE', #1219 ) ;
#921 = DIRECTION ( 'NONE',  ( 0.0000000000000000000, 0.0000000000000000000, -1.000000000000000000 ) ) ;
#922 = CARTESIAN_POINT ( 'NONE',  ( 0.3749999999999998890, 2.750000000000000000, -0.4749999999999999778 ) ) ;
#923 = DIRECTION ( 'NONE',  ( 0.0000000000000000000, 0.0000000000000000000, -1.000000000000000000 ) ) ;
#924 = LINE ( 'NONE', #1888, #3010 ) ;
#925 = CARTESIAN_POINT ( 'NONE',  ( -0.8750000000000000000, 3.750000000000000000, 2.024999999999999911 ) ) ;
#926 = ORIENTED_EDGE ( 'NONE', *, *, #4386, .F. ) ;
#927 = ORIENTED_EDGE ( 'NONE', *, *, #1308, .T. ) ;
#928 = CARTESIAN_POINT ( 'NONE',  ( 1.175000000000000044, 2.550000000000000266, -1.474999999999999867 ) ) ;
#929 = CARTESIAN_POINT ( 'NONE',  ( 0.5250000000000000222, 0.0000000000000000000, -2.024999999999999911 ) ) ;
#930 = ORIENTED_EDGE ( 'NONE', *, *, #76, .T. ) ;
#931 = CARTESIAN_POINT ( 'NONE',  ( -2.500000000000000000, 4.240000000000000213, 2.024999999999999911 ) ) ;
#932 = EDGE_LOOP ( 'NONE', ( #3056, #28, #801, #2610, #730, #4265, #1925, #3937 ) ) ;
#933 = LINE ( 'NONE', #2795, #760 ) ;
#934 = CARTESIAN_POINT ( 'NONE',  ( 0.5250000000000000222, 0.0000000000000000000, -1.525000000000000133 ) ) ;
#935 = DIRECTION ( 'NONE',  ( 0.0000000000000000000, 1.000000000000000000, 0.0000000000000000000 ) ) ;
#936 = ORIENTED_EDGE ( 'NONE', *, *, #2802, .F. ) ;
#937 = EDGE_CURVE ( 'NONE', #2108, #3296, #943, .T. ) ;
#938 = LINE ( 'NONE', #3636, #305 ) ;
#939 = DIRECTION ( 'NONE',  ( 0.0000000000000000000, -0.6650335612228979176, -0.7468134723257140450 ) ) ;
#940 = ADVANCED_FACE ( 'NONE', ( #3396 ), #3352, .F. ) ;
#941 = ORIENTED_EDGE ( 'NONE', *, *, #1922, .T. ) ;
#942 = DIRECTION ( 'NONE',  ( 0.0000000000000000000, 1.000000000000000000, 0.0000000000000000000 ) ) ;
#943 = LINE ( 'NONE', #4526, #4753 ) ;
#944 = CARTESIAN_POINT ( 'NONE',  ( -0.7249999999999999778, 1.000000000000000000, 0.0000000000000000000 ) ) ;
#945 = FACE_OUTER_BOUND ( 'NONE', #2321, .T. ) ;
#946 = VERTEX_POINT ( 'NONE', #1889 ) ;
#947 = CARTESIAN_POINT ( 'NONE',  ( 2.274999999999999911, 1.950000000000002176, 1.375000000000006883 ) ) ;
#948 = EDGE_CURVE ( 'NONE', #4302, #4669, #1596, .T. ) ;
#949 = CARTESIAN_POINT ( 'NONE',  ( -1.875000000000000000, 2.550000000000000266, 2.024999999999999911 ) ) ;
#950 = EDGE_CURVE ( 'NONE', #492, #136, #2641, .T. ) ;
#951 = LINE ( 'NONE', #80, #3256 ) ;
#952 = DIRECTION ( 'NONE',  ( -0.0000000000000000000, 1.000000000000000000, -0.0000000000000000000 ) ) ;
#953 = DIRECTION ( 'NONE',  ( 0.0000000000000000000, 0.0000000000000000000, 1.000000000000000000 ) ) ;
#954 = LINE ( 'NONE', #2582, #4093 ) ;
#955 = CARTESIAN_POINT ( 'NONE',  ( 0.7249999999999999778, 1.315130797599999957, 1.171117220399999770 ) ) ;
#956 = EDGE_CURVE ( 'NONE', #3081, #3402, #1262, .T. ) ;
#957 = CARTESIAN_POINT ( 'NONE',  ( 0.5150000000000000133, 1.850000000000000089, -1.025000000000000133 ) ) ;
#958 = ORIENTED_EDGE ( 'NONE', *, *, #222, .F. ) ;
#959 = AXIS2_PLACEMENT_3D ( 'NONE', #3573, #1491, #2915 ) ;
#960 = ORIENTED_EDGE ( 'NONE', *, *, #3607, .F. ) ;
#961 = ADVANCED_FACE ( 'NONE', ( #3221 ), #3756, .F. ) ;
#962 = DIRECTION ( 'NONE',  ( 0.0000000000000000000, 1.000000000000000000, 0.0000000000000000000 ) ) ;
#963 = LINE ( 'NONE', #700, #456 ) ;
#964 = LINE ( 'NONE', #3927, #2635 ) ;
#965 = LINE ( 'NONE', #3303, #2814 ) ;
#966 = AXIS2_PLACEMENT_3D ( 'NONE', #4509, #4244, #4596 ) ;
#967 = DIRECTION ( 'NONE',  ( 1.000000000000000000, 0.0000000000000000000, 0.0000000000000000000 ) ) ;
#968 = LINE ( 'NONE', #2685, #794 ) ;
#969 = ADVANCED_FACE ( 'NONE', ( #4549 ), #1202, .T. ) ;
#970 = CARTESIAN_POINT ( 'NONE',  ( 2.274999999999999911, 1.980741759643274369, -1.925000000000000711 ) ) ;
#971 = VERTEX_POINT ( 'NONE', #1184 ) ;
#972 = EDGE_CURVE ( 'NONE', #1942, #2242, #1911, .T. ) ;
#973 = CARTESIAN_POINT ( 'NONE',  ( -0.5250000000000000222, 0.8000000000000000444, -2.024999999999999911 ) ) ;
#974 = PLANE ( 'NONE',  #282 ) ;
#975 = ORIENTED_EDGE ( 'NONE', *, *, #1703, .T. ) ;
#976 = CARTESIAN_POINT ( 'NONE',  ( -0.7249999999999999778, 0.0000000000000000000, -2.824999999999999734 ) ) ;
#977 = EDGE_CURVE ( 'NONE', #3296, #2969, #2990, .T. ) ;
#978 = VERTEX_POINT ( 'NONE', #1568 ) ;
#979 = VERTEX_POINT ( 'NONE', #74 ) ;
#980 = FACE_OUTER_BOUND ( 'NONE', #4189, .T. ) ;
#981 = EDGE_CURVE ( 'NONE', #1522, #1820, #2183, .T. ) ;
#982 = DIRECTION ( 'NONE',  ( 0.0000000000000000000, 0.0000000000000000000, -1.000000000000000000 ) ) ;
#983 = ORIENTED_EDGE ( 'NONE', *, *, #937, .F. ) ;
#984 = DIRECTION ( 'NONE',  ( 0.0000000000000000000, -0.0000000000000000000, -1.000000000000000000 ) ) ;
#985 = ORIENTED_EDGE ( 'NONE', *, *, #1199, .T. ) ;
#986 = LINE ( 'NONE', #346, #4618 ) ;
#987 = ORIENTED_EDGE ( 'NONE', *, *, #356, .F. ) ;
#988 = DIRECTION ( 'NONE',  ( -1.000000000000000000, 0.0000000000000000000, 0.0000000000000000000 ) ) ;
#989 = DIRECTION ( 'NONE',  ( 1.000000000000000000, 0.0000000000000000000, 0.0000000000000000000 ) ) ;
#990 = ORIENTED_EDGE ( 'NONE', *, *, #3436, .T. ) ;
#991 = ORIENTED_EDGE ( 'NONE', *, *, #1230, .F. ) ;
#992 = ADVANCED_FACE ( 'NONE', ( #1443 ), #7, .F. ) ;
#993 = FACE_OUTER_BOUND ( 'NONE', #1561, .T. ) ;
#994 = AXIS2_PLACEMENT_3D ( 'NONE', #1744, #3914, #1698 ) ;
#995 = DIRECTION ( 'NONE',  ( -0.0000000000000000000, 1.000000000000000000, 0.0000000000000000000 ) ) ;
#996 = ORIENTED_EDGE ( 'NONE', *, *, #327, .T. ) ;
#998 = ORIENTED_EDGE ( 'NONE', *, *, #3231, .T. ) ;
#997 = FACE_OUTER_BOUND ( 'NONE', #742, .T. ) ;
#999 = CARTESIAN_POINT ( 'NONE',  ( 0.7249999999999999778, 0.8000000000000000444, -2.024999999999999911 ) ) ;
#1000 = CARTESIAN_POINT ( 'NONE',  ( 2.875000000000000000, 1.000000000000000000, -1.525000000000000133 ) ) ;
#1001 = ORIENTED_EDGE ( 'NONE', *, *, #1190, .F. ) ;
#1002 = FACE_BOUND ( 'NONE', #2324, .T. ) ;
#1003 = LINE ( 'NONE', #2415, #1651 ) ;
#1004 = DIRECTION ( 'NONE',  ( 0.0000000000000000000, 0.0000000000000000000, 1.000000000000000000 ) ) ;
#1005 = ORIENTED_EDGE ( 'NONE', *, *, #3594, .T. ) ;
#1006 = CARTESIAN_POINT ( 'NONE',  ( 2.875000000000000000, 0.6000000000000076383, -0.2249999999999982014 ) ) ;
#1007 = VECTOR ( 'NONE', #479, 1000.000000000000000 ) ;
#1008 = ADVANCED_FACE ( 'NONE', ( #1325 ), #4105, .T. ) ;
#1009 = LINE ( 'NONE', #3536, #4703 ) ;
#1010 = ORIENTED_EDGE ( 'NONE', *, *, #402, .F. ) ;
#1011 = DIRECTION ( 'NONE',  ( 0.0000000000000000000, -1.000000000000000000, 0.0000000000000000000 ) ) ;
#1012 = DIRECTION ( 'NONE',  ( -1.000000000000000000, 0.0000000000000000000, 0.0000000000000000000 ) ) ;
#1013 = ADVANCED_FACE ( 'NONE', ( #3107 ), #1862, .F. ) ;
#1014 = AXIS2_PLACEMENT_3D ( 'NONE', #2972, #3697, #4507 ) ;
#1015 = VERTEX_POINT ( 'NONE', #3674 ) ;
#1016 = VECTOR ( 'NONE', #3987, 1000.000000000000000 ) ;
#1017 = DIRECTION ( 'NONE',  ( 0.0000000000000000000, 0.0000000000000000000, 1.000000000000000000 ) ) ;
#1018 = FACE_OUTER_BOUND ( 'NONE', #671, .T. ) ;
#1019 = DIRECTION ( 'NONE',  ( 0.0000000000000000000, -1.000000000000000000, 0.0000000000000000000 ) ) ;
#1020 = EDGE_LOOP ( 'NONE', ( #3832, #4442, #2598, #845 ) ) ;
#1021 = STYLED_ITEM ( 'NONE', ( #1962 ), #3218 ) ;
#1022 = LINE ( 'NONE', #3413, #2404 ) ;
#1023 = CARTESIAN_POINT ( 'NONE',  ( -0.7249999999999999778, 0.0000000000000000000, -2.024999999999999911 ) ) ;
#1024 = ORIENTED_EDGE ( 'NONE', *, *, #3623, .T. ) ;
#1025 = LINE ( 'NONE', #1867, #4163 ) ;
#1026 =( NAMED_UNIT ( * ) SI_UNIT ( $, .STERADIAN. ) SOLID_ANGLE_UNIT ( ) );
#1027 = ORIENTED_EDGE ( 'NONE', *, *, #467, .T. ) ;
#1028 = ADVANCED_FACE ( 'NONE', ( #4273 ), #830, .F. ) ;
#1029 = VECTOR ( 'NONE', #1689, 1000.000000000000000 ) ;
#1030 = CARTESIAN_POINT ( 'NONE',  ( 0.7249999999999999778, 1.850000000000000089, 2.024999999999999911 ) ) ;
#1031 = SURFACE_SIDE_STYLE ('',( #375 ) ) ;
#1032 = ORIENTED_EDGE ( 'NONE', *, *, #9, .T. ) ;
#1033 = CARTESIAN_POINT ( 'NONE',  ( -0.5250000000000000222, 0.5000000000000000000, 0.0000000000000000000 ) ) ;
#1034 = DIRECTION ( 'NONE',  ( 0.0000000000000000000, -1.000000000000000000, -0.0000000000000000000 ) ) ;
#1035 = ORIENTED_EDGE ( 'NONE', *, *, #322, .T. ) ;
#1036 = ORIENTED_EDGE ( 'NONE', *, *, #2479, .F. ) ;
#1037 = DIRECTION ( 'NONE',  ( 1.000000000000000000, 0.0000000000000000000, 0.0000000000000000000 ) ) ;
#1038 = VECTOR ( 'NONE', #2378, 1000.000000000000000 ) ;
#1039 = DIRECTION ( 'NONE',  ( 1.000000000000000000, 0.0000000000000000000, 0.0000000000000000000 ) ) ;
#1040 = ORIENTED_EDGE ( 'NONE', *, *, #1243, .T. ) ;
#1041 = AXIS2_PLACEMENT_3D ( 'NONE', #594, #2131, #3960 ) ;
#1042 = VERTEX_POINT ( 'NONE', #2688 ) ;
#1043 = DIRECTION ( 'NONE',  ( -0.0000000000000000000, -1.000000000000000000, -0.0000000000000000000 ) ) ;
#1044 = DIRECTION ( 'NONE',  ( 1.000000000000000000, 0.0000000000000000000, 0.0000000000000000000 ) ) ;
#1045 = ORIENTED_EDGE ( 'NONE', *, *, #4307, .T. ) ;
#1046 = EDGE_LOOP ( 'NONE', ( #1935, #3942, #2266, #987 ) ) ;
#1047 = DIRECTION ( 'NONE',  ( 0.0000000000000000000, 1.000000000000000000, 0.0000000000000000000 ) ) ;
#1048 = VERTEX_POINT ( 'NONE', #454 ) ;
#1049 = EDGE_LOOP ( 'NONE', ( #1375, #2220, #3400, #1457 ) ) ;
#1050 = PLANE ( 'NONE',  #600 ) ;
#1051 = VECTOR ( 'NONE', #1764, 1000.000000000000000 ) ;
#1052 = AXIS2_PLACEMENT_3D ( 'NONE', #1928, #3351, #2609 ) ;
#1053 = CIRCLE ( 'NONE', #543, 0.3000000000000000444 ) ;
#1054 = EDGE_CURVE ( 'NONE', #4389, #291, #3869, .T. ) ;
#1055 = VERTEX_POINT ( 'NONE', #1896 ) ;
#1056 = FACE_BOUND ( 'NONE', #1046, .T. ) ;
#1057 = CARTESIAN_POINT ( 'NONE',  ( 0.7249999999999999778, 1.795247431900000024, 2.024999999999999911 ) ) ;
#1058 = FACE_OUTER_BOUND ( 'NONE', #644, .T. ) ;
#1059 = ADVANCED_FACE ( 'NONE', ( #3329 ), #4461, .F. ) ;
#1060 = CARTESIAN_POINT ( 'NONE',  ( 2.375000000000000000, 3.149999999999999911, 0.02500000000000000139 ) ) ;
#1061 = EDGE_CURVE ( 'NONE', #2036, #2152, #2021, .T. ) ;
#1062 = DIRECTION ( 'NONE',  ( 0.0000000000000000000, 1.000000000000000000, 0.0000000000000000000 ) ) ;
#1063 = CARTESIAN_POINT ( 'NONE',  ( 0.5250000000000000222, 1.850000000000000089, -1.025000000000000133 ) ) ;
#1064 = CARTESIAN_POINT ( 'NONE',  ( 0.7249999999999999778, 1.850000000000000089, 0.0000000000000000000 ) ) ;
#1065 = CARTESIAN_POINT ( 'NONE',  ( 0.8249999999999999556, 1.850000000000000089, -1.474999999999999867 ) ) ;
#1066 = EDGE_CURVE ( 'NONE', #4323, #2029, #2751, .T. ) ;
#1067 = LINE ( 'NONE', #1589, #2122 ) ;
#1068 = VERTEX_POINT ( 'NONE', #1915 ) ;
#1069 = CARTESIAN_POINT ( 'NONE',  ( -2.274999999999999911, 0.6000000000000076383, -0.2249999999999982014 ) ) ;
#1070 = LINE ( 'NONE', #1415, #2399 ) ;
#1071 = VERTEX_POINT ( 'NONE', #4110 ) ;
#1072 = FILL_AREA_STYLE ('',( #3606 ) ) ;
#1073 = LINE ( 'NONE', #4005, #3442 ) ;
#1074 = ADVANCED_BREP_SHAPE_REPRESENTATION ( 'SM02B-GHS-TB', ( #4370, #439, #3494, #2496, #2099, #966 ), #1378 ) ;
#1075 = VECTOR ( 'NONE', #4661, 1000.000000000000000 ) ;
#1076 = LINE ( 'NONE', #3922, #685 ) ;
#1077 = VERTEX_POINT ( 'NONE', #1152 ) ;
#1078 = CARTESIAN_POINT ( 'NONE',  ( 0.4249999999999999889, 1.850000000000000089, 2.024999999999999911 ) ) ;
#1079 = DIRECTION ( 'NONE',  ( 0.0000000000000000000, -1.000000000000000000, 0.0000000000000000000 ) ) ;
#1080 =( GEOMETRIC_REPRESENTATION_CONTEXT ( 3 ) GLOBAL_UNCERTAINTY_ASSIGNED_CONTEXT ( ( #1802 ) ) GLOBAL_UNIT_ASSIGNED_CONTEXT ( ( #2159, #344, #3285 ) ) REPRESENTATION_CONTEXT ( 'NONE', 'WORKASPACE' ) );
#1081 = ORIENTED_EDGE ( 'NONE', *, *, #1584, .T. ) ;
#1082 = DIRECTION ( 'NONE',  ( 0.0000000000000000000, -1.000000000000000000, 0.0000000000000000000 ) ) ;
#1083 = DIRECTION ( 'NONE',  ( 0.0000000000000000000, 0.3162277660168379967, -0.9486832980505138790 ) ) ;
#1084 = SURFACE_STYLE_FILL_AREA ( #1072 ) ;
#1085 = ORIENTED_EDGE ( 'NONE', *, *, #1662, .T. ) ;
#1086 = DIRECTION ( 'NONE',  ( -0.0000000000000000000, 1.000000000000000000, 0.0000000000000000000 ) ) ;
#1087 = ORIENTED_EDGE ( 'NONE', *, *, #533, .T. ) ;
#1088 = VECTOR ( 'NONE', #4707, 1000.000000000000000 ) ;
#1089 = ORIENTED_EDGE ( 'NONE', *, *, #1991, .F. ) ;
#1090 = FACE_OUTER_BOUND ( 'NONE', #4129, .T. ) ;
#1091 = ORIENTED_EDGE ( 'NONE', *, *, #1988, .F. ) ;
#1092 =( NAMED_UNIT ( * ) SI_UNIT ( $, .STERADIAN. ) SOLID_ANGLE_UNIT ( ) );
#1093 = EDGE_CURVE ( 'NONE', #2486, #4192, #634, .T. ) ;
#1094 = EDGE_CURVE ( 'NONE', #158, #1125, #1503, .T. ) ;
#1095 = ORIENTED_EDGE ( 'NONE', *, *, #4600, .F. ) ;
#1096 = DIRECTION ( 'NONE',  ( 0.0000000000000000000, 0.0000000000000000000, 1.000000000000000000 ) ) ;
#1097 = ORIENTED_EDGE ( 'NONE', *, *, #501, .T. ) ;
#1098 = EDGE_CURVE ( 'NONE', #2334, #4220, #4497, .T. ) ;
#1099 = DIRECTION ( 'NONE',  ( 0.0000000000000000000, 0.0000000000000000000, -1.000000000000000000 ) ) ;
#1100 = ORIENTED_EDGE ( 'NONE', *, *, #1676, .F. ) ;
#1101 = AXIS2_PLACEMENT_3D ( 'NONE', #4616, #2402, #1664 ) ;
#1102 = LINE ( 'NONE', #2503, #2957 ) ;
#1103 = DIRECTION ( 'NONE',  ( -1.000000000000000000, 0.0000000000000000000, 0.0000000000000000000 ) ) ;
#1104 = ORIENTED_EDGE ( 'NONE', *, *, #4120, .F. ) ;
#1106 = VERTEX_POINT ( 'NONE', #3724 ) ;
#1105 = LINE ( 'NONE', #3848, #57 ) ;
#1107 = AXIS2_PLACEMENT_3D ( 'NONE', #1256, #540, #1955 ) ;
#1108 = CARTESIAN_POINT ( 'NONE',  ( -0.7249999999999999778, 1.649999999999999911, 2.024999999999999911 ) ) ;
#1109 = ORIENTED_EDGE ( 'NONE', *, *, #3802, .F. ) ;
#1110 = FACE_OUTER_BOUND ( 'NONE', #2155, .T. ) ;
#1111 = DIRECTION ( 'NONE',  ( 1.000000000000000000, 0.0000000000000000000, 0.0000000000000000000 ) ) ;
#1112 = DIRECTION ( 'NONE',  ( 0.0000000000000000000, -1.000000000000000000, 0.0000000000000000000 ) ) ;
#1113 = CARTESIAN_POINT ( 'NONE',  ( 0.7249999999999999778, 0.5000000000000000000, -2.824999999999999734 ) ) ;
#1114 = ORIENTED_EDGE ( 'NONE', *, *, #139, .F. ) ;
#1115 = FACE_OUTER_BOUND ( 'NONE', #2513, .T. ) ;
#1116 = CARTESIAN_POINT ( 'NONE',  ( -2.475000000000000089, -0.05000000000000000278, -0.2250000000000008105 ) ) ;
#1117 = FACE_OUTER_BOUND ( 'NONE', #2676, .T. ) ;
#1118 = VECTOR ( 'NONE', #3915, 1000.000000000000000 ) ;
#1119 = CARTESIAN_POINT ( 'NONE',  ( 0.5250000000000000222, 1.649999999999999911, -1.474999999999999867 ) ) ;
#1120 = VECTOR ( 'NONE', #4519, 1000.000000000000000 ) ;
#1121 = ORIENTED_EDGE ( 'NONE', *, *, #3085, .F. ) ;
#1122 = DIRECTION ( 'NONE',  ( 0.0000000000000000000, 0.0000000000000000000, -1.000000000000000000 ) ) ;
#1123 = EDGE_CURVE ( 'NONE', #1229, #1995, #2523, .T. ) ;
#1124 = CARTESIAN_POINT ( 'NONE',  ( 2.875000000000000000, 2.000000000000000000, -1.425000000000000044 ) ) ;
#1125 = VERTEX_POINT ( 'NONE', #2288 ) ;
#1126 = LINE ( 'NONE', #4311, #625 ) ;
#1127 = ADVANCED_FACE ( 'NONE', ( #2300 ), #3740, .T. ) ;
#1128 = FACE_OUTER_BOUND ( 'NONE', #689, .T. ) ;
#1129 = CARTESIAN_POINT ( 'NONE',  ( -2.475000000000000089, -0.05000000000000000278, -0.2250000000000008105 ) ) ;
#1130 = PLANE ( 'NONE',  #4291 ) ;
#1131 = DIRECTION ( 'NONE',  ( 0.0000000000000000000, 0.0000000000000000000, 1.000000000000000000 ) ) ;
#1132 = ORIENTED_EDGE ( 'NONE', *, *, #708, .T. ) ;
#1133 = LINE ( 'NONE', #626, #2988 ) ;
#1134 = EDGE_CURVE ( 'NONE', #2153, #4614, #4331, .T. ) ;
#1135 = VECTOR ( 'NONE', #3761, 1000.000000000000000 ) ;
#1136 = CARTESIAN_POINT ( 'NONE',  ( 2.475000000000000089, -0.05000000000000000278, -0.2250000000000008105 ) ) ;
#1137 = ORIENTED_EDGE ( 'NONE', *, *, #4179, .T. ) ;
#1138 = FACE_OUTER_BOUND ( 'NONE', #94, .T. ) ;
#1139 = AXIS2_PLACEMENT_3D ( 'NONE', #4728, #2495, #4390 ) ;
#1140 = DIRECTION ( 'NONE',  ( -0.0000000000000000000, 1.000000000000000000, -0.0000000000000000000 ) ) ;
#1141 = CARTESIAN_POINT ( 'NONE',  ( -2.274999999999999911, 2.000000000000000000, -2.024999999999999911 ) ) ;
#1142 = VERTEX_POINT ( 'NONE', #472 ) ;
#1143 = CARTESIAN_POINT ( 'NONE',  ( -0.5250000000000000222, 1.850000000000000089, 2.024999999999999911 ) ) ;
#1144 = CARTESIAN_POINT ( 'NONE',  ( -2.500000000000000000, 4.240000000000000213, 2.024999999999999911 ) ) ;
#1145 = DIRECTION ( 'NONE',  ( -0.0000000000000000000, 1.000000000000000000, 4.003208021484939327E-15 ) ) ;
#1146 = ORIENTED_EDGE ( 'NONE', *, *, #826, .T. ) ;
#1147 = MECHANICAL_DESIGN_GEOMETRIC_PRESENTATION_REPRESENTATION (  '', ( #150 ), #2380 ) ;
#1148 = VECTOR ( 'NONE', #1265, 1000.000000000000000 ) ;
#1149 = EDGE_LOOP ( 'NONE', ( #2356, #4630, #3469, #2725, #319, #2982, #2649, #1688, #2007, #1087, #2879, #2789, #3842, #3847, #3955, #2961, #793, #3409, #4089, #1869, #2773, #2088, #2540, #3979 ) ) ;
#1150 = DIRECTION ( 'NONE',  ( 0.0000000000000000000, 0.0000000000000000000, -1.000000000000000000 ) ) ;
#1151 = EDGE_CURVE ( 'NONE', #3950, #3692, #1377, .T. ) ;
#1152 = CARTESIAN_POINT ( 'NONE',  ( -2.274999999999999911, 1.950000000000002176, 1.375000000000006883 ) ) ;
#1153 = DIRECTION ( 'NONE',  ( 1.000000000000000000, 0.0000000000000000000, 0.0000000000000000000 ) ) ;
#1154 = ORIENTED_EDGE ( 'NONE', *, *, #3127, .T. ) ;
#1155 = ORIENTED_EDGE ( 'NONE', *, *, #4355, .T. ) ;
#1156 = VECTOR ( 'NONE', #3335, 1000.000000000000000 ) ;
#1157 = CARTESIAN_POINT ( 'NONE',  ( 2.274999999999999911, 1.950000000000002176, 1.375000000000006883 ) ) ;
#1158 = VERTEX_POINT ( 'NONE', #2636 ) ;
#1159 = EDGE_CURVE ( 'NONE', #1142, #1942, #3557, .T. ) ;
#1160 = FILL_AREA_STYLE_COLOUR ( '', #3105 ) ;
#1161 = ORIENTED_EDGE ( 'NONE', *, *, #2421, .T. ) ;
#1162 = CARTESIAN_POINT ( 'NONE',  ( 0.5250000000000000222, 0.2500000000000000000, -1.824999999999999956 ) ) ;
#1163 = ORIENTED_EDGE ( 'NONE', *, *, #1414, .T. ) ;
#1164 = DIRECTION ( 'NONE',  ( 0.0000000000000000000, -1.000000000000000000, 0.0000000000000000000 ) ) ;
#1165 = DIRECTION ( 'NONE',  ( -1.000000000000000000, 0.0000000000000000000, 0.0000000000000000000 ) ) ;
#1166 = EDGE_CURVE ( 'NONE', #3000, #1942, #2133, .T. ) ;
#1167 = CARTESIAN_POINT ( 'NONE',  ( -2.875000000000000000, 4.250000000000000000, 2.024999999999999911 ) ) ;
#1168 = EDGE_CURVE ( 'NONE', #364, #3473, #1722, .T. ) ;
#1169 = EDGE_LOOP ( 'NONE', ( #3003, #3580, #2822, #639, #4125, #752, #1671, #996, #4004, #2386, #1575, #4429 ) ) ;
#1171 = ORIENTED_EDGE ( 'NONE', *, *, #1297, .T. ) ;
#1170 = CYLINDRICAL_SURFACE ( 'NONE', #3462, 0.3000000000000000444 ) ;
#1172 = DIRECTION ( 'NONE',  ( 0.0000000000000000000, 0.0000000000000000000, -1.000000000000000000 ) ) ;
#1173 = DIRECTION ( 'NONE',  ( 1.000000000000000000, 0.0000000000000000000, -0.0000000000000000000 ) ) ;
#1174 = CARTESIAN_POINT ( 'NONE',  ( 0.5150000000000000133, 0.0000000000000000000, -1.474999999999999867 ) ) ;
#1175 = LINE ( 'NONE', #4052, #818 ) ;
#1176 = VERTEX_POINT ( 'NONE', #4582 ) ;
#1177 = LINE ( 'NONE', #1731, #2905 ) ;
#1178 = CARTESIAN_POINT ( 'NONE',  ( -0.5250000000000000222, 0.5000000000000000000, -1.525000000000000133 ) ) ;
#1179 = PLANE ( 'NONE',  #1912 ) ;
#1180 = EDGE_CURVE ( 'NONE', #4489, #712, #1670, .T. ) ;
#1181 = ORIENTED_EDGE ( 'NONE', *, *, #2309, .F. ) ;
#1182 = LINE ( 'NONE', #1523, #183 ) ;
#1183 = CARTESIAN_POINT ( 'NONE',  ( -0.7249999999999999778, 1.850000000000000089, 2.024999999999999911 ) ) ;
#1184 = CARTESIAN_POINT ( 'NONE',  ( -0.7249999999999999778, 0.5000000000000000000, -1.525000000000000133 ) ) ;
#1185 = LINE ( 'NONE', #775, #2784 ) ;
#1186 = FACE_OUTER_BOUND ( 'NONE', #3884, .T. ) ;
#1187 = DIRECTION ( 'NONE',  ( 1.000000000000000000, 0.0000000000000000000, 0.0000000000000000000 ) ) ;
#1188 = CARTESIAN_POINT ( 'NONE',  ( 0.3749999999999998890, 2.250000000000000000, 1.025000000000000133 ) ) ;
#1189 = CARTESIAN_POINT ( 'NONE',  ( 0.8750000000000000000, 3.750000000000000000, -2.024999999999999911 ) ) ;
#1190 = EDGE_CURVE ( 'NONE', #3577, #3964, #843, .T. ) ;
#1191 = LINE ( 'NONE', #2508, #3670 ) ;
#1192 = LINE ( 'NONE', #1387, #506 ) ;
#1193 = ORIENTED_EDGE ( 'NONE', *, *, #130, .T. ) ;
#1194 = CARTESIAN_POINT ( 'NONE',  ( -0.7249999999999999778, 1.795247431900000024, 2.024999999999999911 ) ) ;
#1195 = DIRECTION ( 'NONE',  ( -1.000000000000000000, 0.0000000000000000000, 0.0000000000000000000 ) ) ;
#1196 = EDGE_LOOP ( 'NONE', ( #1279, #1506, #4525, #147 ) ) ;
#1197 = PLANE ( 'NONE',  #4731 ) ;
#1198 = VECTOR ( 'NONE', #953, 1000.000000000000000 ) ;
#1199 = EDGE_CURVE ( 'NONE', #2490, #696, #677, .T. ) ;
#1200 = DIRECTION ( 'NONE',  ( 0.0000000000000000000, -0.0000000000000000000, 1.000000000000000000 ) ) ;
#1201 = DIRECTION ( 'NONE',  ( 0.0000000000000000000, -1.000000000000000000, 0.0000000000000000000 ) ) ;
#1202 = PLANE ( 'NONE',  #2998 ) ;
#1203 = EDGE_CURVE ( 'NONE', #702, #425, #4597, .T. ) ;
#1204 = ORIENTED_EDGE ( 'NONE', *, *, #4783, .F. ) ;
#1205 = LINE ( 'NONE', #3116, #2933 ) ;
#1206 = DIRECTION ( 'NONE',  ( -8.673617379884027583E-16, 0.0000000000000000000, 1.000000000000000000 ) ) ;
#1207 = EDGE_CURVE ( 'NONE', #507, #1125, #4774, .T. ) ;
#1208 = CARTESIAN_POINT ( 'NONE',  ( 2.456138830084189983, 2.250000000000000000, -0.4749999999999999778 ) ) ;
#1209 = CARTESIAN_POINT ( 'NONE',  ( 0.7249999999999999778, 0.0000000000000000000, -2.024999999999999911 ) ) ;
#1210 = VECTOR ( 'NONE', #4805, 1000.000000000000000 ) ;
#1211 = VECTOR ( 'NONE', #1241, 1000.000000000000000 ) ;
#1212 = ADVANCED_FACE ( 'NONE', ( #512 ), #111, .T. ) ;
#1213 = CARTESIAN_POINT ( 'NONE',  ( -0.8750000000000000000, 3.750000000000000000, 2.024999999999999911 ) ) ;
#1214 = ORIENTED_EDGE ( 'NONE', *, *, #4456, .T. ) ;
#1215 = VERTEX_POINT ( 'NONE', #565 ) ;
#1216 = DIRECTION ( 'NONE',  ( 0.0000000000000000000, 1.000000000000000000, 0.0000000000000000000 ) ) ;
#1217 = CARTESIAN_POINT ( 'NONE',  ( 2.875000000000000000, 1.950000000000002176, 1.375000000000006883 ) ) ;
#1218 = CARTESIAN_POINT ( 'NONE',  ( 0.7349999999999999867, 1.850000000000000089, -2.024999999999999911 ) ) ;
#1219 = CARTESIAN_POINT ( 'NONE',  ( -0.3750000000000000000, 2.250000000000000000, -0.4749999999999999778 ) ) ;
#1220 = ADVANCED_FACE ( 'NONE', ( #4488 ), #3103, .T. ) ;
#1221 = VECTOR ( 'NONE', #417, 1000.000000000000000 ) ;
#1222 = PRODUCT_RELATED_PRODUCT_CATEGORY ( 'part', '', ( #3649 ) ) ;
#1223 = DIRECTION ( 'NONE',  ( 1.000000000000000000, 0.0000000000000000000, 0.0000000000000000000 ) ) ;
#1224 = EDGE_CURVE ( 'NONE', #2434, #301, #902, .T. ) ;
#1225 = VERTEX_POINT ( 'NONE', #4569 ) ;
#1226 = CARTESIAN_POINT ( 'NONE',  ( -2.274999999999999911, 3.600000000000000977, -0.07499999999999998335 ) ) ;
#1227 = EDGE_CURVE ( 'NONE', #4633, #4323, #733, .T. ) ;
#1228 = EDGE_CURVE ( 'NONE', #2108, #4489, #781, .T. ) ;
#1229 = VERTEX_POINT ( 'NONE', #3075 ) ;
#1230 = EDGE_CURVE ( 'NONE', #1805, #2478, #146, .T. ) ;
#1231 =( NAMED_UNIT ( * ) SI_UNIT ( $, .STERADIAN. ) SOLID_ANGLE_UNIT ( ) );
#1232 = VECTOR ( 'NONE', #224, 1000.000000000000000 ) ;
#1233 = DIRECTION ( 'NONE',  ( 0.0000000000000000000, -1.000000000000000000, 0.0000000000000000000 ) ) ;
#1234 = CARTESIAN_POINT ( 'NONE',  ( 2.274999999999999911, 2.000000000000000000, -1.425000000000000044 ) ) ;
#1235 = ORIENTED_EDGE ( 'NONE', *, *, #65, .F. ) ;
#1236 = EDGE_CURVE ( 'NONE', #3262, #754, #3930, .T. ) ;
#1237 = ADVANCED_FACE ( 'NONE', ( #3809 ), #2019, .F. ) ;
#1238 = VECTOR ( 'NONE', #4702, 1000.000000000000000 ) ;
#1239 = DIRECTION ( 'NONE',  ( 0.0000000000000000000, -0.3162277660168379967, 0.9486832980505137680 ) ) ;
#1240 = ORIENTED_EDGE ( 'NONE', *, *, #620, .F. ) ;
#1241 = DIRECTION ( 'NONE',  ( -1.000000000000000000, 0.0000000000000000000, 0.0000000000000000000 ) ) ;
#1242 = DIRECTION ( 'NONE',  ( 0.0000000000000000000, 1.000000000000000000, 0.0000000000000000000 ) ) ;
#1243 = EDGE_CURVE ( 'NONE', #1106, #2068, #1615, .T. ) ;
#1244 = ADVANCED_FACE ( 'NONE', ( #269 ), #125, .F. ) ;
#1245 = EDGE_LOOP ( 'NONE', ( #4787, #4478, #4238, #450 ) ) ;
#1246 = DIRECTION ( 'NONE',  ( 0.0000000000000000000, -6.672013369141637200E-16, 1.000000000000000000 ) ) ;
#1247 = PLANE ( 'NONE',  #3377 ) ;
#1248 = LINE ( 'NONE', #3523, #4023 ) ;
#1249 = CARTESIAN_POINT ( 'NONE',  ( 0.8249999999999999556, 1.649999999999999911, -1.474999999999999867 ) ) ;
#1250 = AXIS2_PLACEMENT_3D ( 'NONE', #483, #1890, #2248 ) ;
#1251 = DIRECTION ( 'NONE',  ( 1.000000000000000000, 0.0000000000000000000, 0.0000000000000000000 ) ) ;
#1252 = EDGE_CURVE ( 'NONE', #650, #4348, #1495, .T. ) ;
#1253 = VECTOR ( 'NONE', #1970, 1000.000000000000000 ) ;
#1254 = ORIENTED_EDGE ( 'NONE', *, *, #2397, .T. ) ;
#1255 = CARTESIAN_POINT ( 'NONE',  ( 2.875000000000000000, 3.600000000000000977, -0.07499999999999998335 ) ) ;
#1256 = CARTESIAN_POINT ( 'NONE',  ( 1.175000000000000044, 2.550000000000000266, -1.474999999999999867 ) ) ;
#1257 = ORIENTED_EDGE ( 'NONE', *, *, #672, .F. ) ;
#1258 = VECTOR ( 'NONE', #516, 1000.000000000000000 ) ;
#1259 = ORIENTED_EDGE ( 'NONE', *, *, #2215, .T. ) ;
#1260 = ADVANCED_FACE ( 'NONE', ( #4328 ), #4186, .F. ) ;
#1261 = FACE_OUTER_BOUND ( 'NONE', #4424, .T. ) ;
#1262 = LINE ( 'NONE', #20, #4380 ) ;
#1263 = CARTESIAN_POINT ( 'NONE',  ( -2.375000000000000000, 3.750000000000000000, 2.024999999999999911 ) ) ;
#1264 = ORIENTED_EDGE ( 'NONE', *, *, #549, .F. ) ;
#1265 = DIRECTION ( 'NONE',  ( 0.0000000000000000000, 0.0000000000000000000, -1.000000000000000000 ) ) ;
#1266 = VECTOR ( 'NONE', #2252, 1000.000000000000000 ) ;
#1267 = DIRECTION ( 'NONE',  ( 0.0000000000000000000, 0.0000000000000000000, -1.000000000000000000 ) ) ;
#1268 = ADVANCED_FACE ( 'NONE', ( #1128 ), #2451, .T. ) ;
#1269 = DIRECTION ( 'NONE',  ( 0.0000000000000000000, -3.854941057726236322E-15, 1.000000000000000000 ) ) ;
#1270 = LINE ( 'NONE', #4450, #2818 ) ;
#1271 = VERTEX_POINT ( 'NONE', #3910 ) ;
#1272 = CARTESIAN_POINT ( 'NONE',  ( 0.7349999999999999867, 1.649999999999999911, -1.474999999999999867 ) ) ;
#1273 = DIRECTION ( 'NONE',  ( 0.0000000000000000000, 0.0000000000000000000, 1.000000000000000000 ) ) ;
#1274 = AXIS2_PLACEMENT_3D ( 'NONE', #1644, #4578, #847 ) ;
#1275 = DIRECTION ( 'NONE',  ( -0.0000000000000000000, -0.0000000000000000000, 1.000000000000000000 ) ) ;
#1276 = VERTEX_POINT ( 'NONE', #1340 ) ;
#1277 = LINE ( 'NONE', #2803, #2477 ) ;
#1278 = ORIENTED_EDGE ( 'NONE', *, *, #1676, .T. ) ;
#1279 = ORIENTED_EDGE ( 'NONE', *, *, #2397, .F. ) ;
#1280 = PRESENTATION_LAYER_ASSIGNMENT (  '', '', ( #1021 ) ) ;
#1281 = CARTESIAN_POINT ( 'NONE',  ( 2.475000000000000089, 0.6000000000000076383, -0.2249999999999982014 ) ) ;
#1282 = CARTESIAN_POINT ( 'NONE',  ( -0.4249999999999999889, 1.850000000000000089, -1.698606797699999893 ) ) ;
#1283 = ORIENTED_EDGE ( 'NONE', *, *, #2318, .F. ) ;
#1284 = LINE ( 'NONE', #3318, #4003 ) ;
#1285 = CARTESIAN_POINT ( 'NONE',  ( -2.475000000000000089, 1.950000000000002176, 1.375000000000006883 ) ) ;
#1286 = DIRECTION ( 'NONE',  ( -1.000000000000000000, 0.0000000000000000000, 0.0000000000000000000 ) ) ;
#1287 = DIRECTION ( 'NONE',  ( 0.0000000000000000000, -1.000000000000000000, -3.252606517456512513E-15 ) ) ;
#1288 = ORIENTED_EDGE ( 'NONE', *, *, #4600, .T. ) ;
#1289 = DIRECTION ( 'NONE',  ( 0.0000000000000000000, -3.212450881438533030E-15, 1.000000000000000000 ) ) ;
#1290 = VERTEX_POINT ( 'NONE', #3131 ) ;
#1291 = DIRECTION ( 'NONE',  ( 0.0000000000000000000, 1.000000000000000000, 3.212450881438532635E-15 ) ) ;
#1292 = CARTESIAN_POINT ( 'NONE',  ( -1.175000000000000044, 1.850000000000000089, 2.024999999999999911 ) ) ;
#1293 = CARTESIAN_POINT ( 'NONE',  ( 2.875000000000000000, 2.000000000000000000, -2.024999999999999911 ) ) ;
#1294 = ORIENTED_EDGE ( 'NONE', *, *, #806, .T. ) ;
#1295 = EDGE_LOOP ( 'NONE', ( #4190, #236, #578, #1530, #2913, #3771 ) ) ;
#1296 = DIRECTION ( 'NONE',  ( 0.0000000000000000000, 1.000000000000000000, 4.336808689942024836E-15 ) ) ;
#1297 = EDGE_CURVE ( 'NONE', #3298, #3520, #964, .T. ) ;
#1298 = ORIENTED_EDGE ( 'NONE', *, *, #3239, .T. ) ;
#1299 = CARTESIAN_POINT ( 'NONE',  ( -0.7249999999999999778, 1.649999999999999911, 2.024999999999999911 ) ) ;
#1300 = ORIENTED_EDGE ( 'NONE', *, *, #2963, .F. ) ;
#1301 = STYLED_ITEM ( 'NONE', ( #3152 ), #439 ) ;
#1302 = DIRECTION ( 'NONE',  ( 0.0000000000000000000, -1.000000000000000000, 0.0000000000000000000 ) ) ;
#1303 = FACE_OUTER_BOUND ( 'NONE', #1736, .T. ) ;
#1304 = LINE ( 'NONE', #2338, #315 ) ;
#1305 = CARTESIAN_POINT ( 'NONE',  ( -2.875000000000000000, 0.0000000000000000000, 2.024999999999999911 ) ) ;
#1306 = CARTESIAN_POINT ( 'NONE',  ( 0.5250000000000000222, 1.850000000000000089, -1.025000000000000133 ) ) ;
#1307 = VECTOR ( 'NONE', #3883, 1000.000000000000000 ) ;
#1308 = EDGE_CURVE ( 'NONE', #2605, #650, #2746, .T. ) ;
#1309 = ORIENTED_EDGE ( 'NONE', *, *, #1166, .F. ) ;
#1310 = LINE ( 'NONE', #431, #2057 ) ;
#1311 = AXIS2_PLACEMENT_3D ( 'NONE', #4552, #480, #2650 ) ;
#1312 = VECTOR ( 'NONE', #3700, 1000.000000000000000 ) ;
#1313 = LINE ( 'NONE', #3133, #3484 ) ;
#1314 = ORIENTED_EDGE ( 'NONE', *, *, #4173, .T. ) ;
#1315 = VECTOR ( 'NONE', #1475, 1000.000000000000000 ) ;
#1316 = ORIENTED_EDGE ( 'NONE', *, *, #3295, .T. ) ;
#1317 = VERTEX_POINT ( 'NONE', #973 ) ;
#1318 = DIRECTION ( 'NONE',  ( 0.0000000000000000000, 0.0000000000000000000, 1.000000000000000000 ) ) ;
#1319 = LINE ( 'NONE', #713, #4034 ) ;
#1320 = VERTEX_POINT ( 'NONE', #1695 ) ;
#1321 = CARTESIAN_POINT ( 'NONE',  ( 0.5250000000000000222, -0.05000000000000000278, -2.824999999999999734 ) ) ;
#1322 = CARTESIAN_POINT ( 'NONE',  ( -2.875000000000000000, 4.250000000000000000, -1.525000000000000133 ) ) ;
#1323 = DIRECTION ( 'NONE',  ( 0.0000000000000000000, 0.0000000000000000000, 1.000000000000000000 ) ) ;
#1324 = VECTOR ( 'NONE', #2897, 1000.000000000000000 ) ;
#1325 = FACE_OUTER_BOUND ( 'NONE', #2023, .T. ) ;
#1326 = LINE ( 'NONE', #4069, #2468 ) ;
#1327 = EDGE_CURVE ( 'NONE', #2123, #2169, #4040, .T. ) ;
#1328 = EDGE_CURVE ( 'NONE', #4302, #1987, #3443, .T. ) ;
#1329 = LINE ( 'NONE', #874, #2647 ) ;
#1330 = CARTESIAN_POINT ( 'NONE',  ( -1.875000000000000000, 1.850000000000000089, 2.024999999999999911 ) ) ;
#1331 = ORIENTED_EDGE ( 'NONE', *, *, #1180, .T. ) ;
#1332 = EDGE_CURVE ( 'NONE', #425, #2778, #2460, .T. ) ;
#1333 = CARTESIAN_POINT ( 'NONE',  ( 0.8750000000000000000, 1.949999999999999956, 2.024999999999999911 ) ) ;
#1334 = ORIENTED_EDGE ( 'NONE', *, *, #2890, .T. ) ;
#1335 = DIRECTION ( 'NONE',  ( -0.0000000000000000000, 1.000000000000000000, -0.0000000000000000000 ) ) ;
#1336 = ORIENTED_EDGE ( 'NONE', *, *, #2212, .T. ) ;
#1337 = ADVANCED_FACE ( 'NONE', ( #2237 ), #2101, .F. ) ;
#1338 = VECTOR ( 'NONE', #1318, 1000.000000000000000 ) ;
#1339 = ORIENTED_EDGE ( 'NONE', *, *, #3348, .T. ) ;
#1340 = CARTESIAN_POINT ( 'NONE',  ( 2.274999999999999911, 1.950000000000001732, 2.024999999999999911 ) ) ;
#1341 = FACE_OUTER_BOUND ( 'NONE', #2256, .T. ) ;
#1342 = DIRECTION ( 'NONE',  ( -1.000000000000000000, -0.0000000000000000000, -0.0000000000000000000 ) ) ;
#1343 = CARTESIAN_POINT ( 'NONE',  ( -1.175000000000000044, 1.850000000000000089, -1.474999999999999867 ) ) ;
#1344 = ORIENTED_EDGE ( 'NONE', *, *, #3202, .F. ) ;
#1345 = ADVANCED_FACE ( 'NONE', ( #1018 ), #3548, .F. ) ;
#1346 = DIRECTION ( 'NONE',  ( 1.000000000000000000, 0.0000000000000000000, 0.0000000000000000000 ) ) ;
#1347 = ORIENTED_EDGE ( 'NONE', *, *, #2371, .T. ) ;
#1348 = CARTESIAN_POINT ( 'NONE',  ( 2.274999999999999911, 2.250000000000000000, -2.024999999999999911 ) ) ;
#1349 = DIRECTION ( 'NONE',  ( 0.0000000000000000000, -1.000000000000000000, -4.336808689942024836E-15 ) ) ;
#1350 = LINE ( 'NONE', #2531, #4686 ) ;
#1351 = DIRECTION ( 'NONE',  ( -1.000000000000000000, 0.0000000000000000000, 0.0000000000000000000 ) ) ;
#1352 = ORIENTED_EDGE ( 'NONE', *, *, #4185, .F. ) ;
#1353 = CARTESIAN_POINT ( 'NONE',  ( -0.5250000000000000222, 0.0000000000000000000, -2.024999999999999911 ) ) ;
#1354 = ORIENTED_EDGE ( 'NONE', *, *, #4625, .T. ) ;
#1355 = PLANE ( 'NONE',  #2911 ) ;
#1356 = EDGE_LOOP ( 'NONE', ( #4002, #2087, #2340, #3641, #1193, #2370 ) ) ;
#1357 = VECTOR ( 'NONE', #1628, 1000.000000000000000 ) ;
#1358 = ADVANCED_FACE ( 'NONE', ( #4426 ), #4644, .T. ) ;
#1359 = DIRECTION ( 'NONE',  ( -1.000000000000000000, 0.0000000000000000000, 0.0000000000000000000 ) ) ;
#1360 = EDGE_CURVE ( 'NONE', #3574, #1987, #3099, .T. ) ;
#1361 = ORIENTED_EDGE ( 'NONE', *, *, #4621, .F. ) ;
#1362 = DIRECTION ( 'NONE',  ( 1.000000000000000000, 0.0000000000000000000, 0.0000000000000000000 ) ) ;
#1363 = LINE ( 'NONE', #1263, #1007 ) ;
#1364 = DIRECTION ( 'NONE',  ( 0.0000000000000000000, 0.0000000000000000000, 1.000000000000000000 ) ) ;
#1365 = AXIS2_PLACEMENT_3D ( 'NONE', #254, #1720, #1017 ) ;
#1366 = VECTOR ( 'NONE', #1673, 1000.000000000000000 ) ;
#1367 = CARTESIAN_POINT ( 'NONE',  ( 2.875000000000000000, 1.000000000000000000, -1.525000000000000133 ) ) ;
#1368 = VECTOR ( 'NONE', #2345, 1000.000000000000000 ) ;
#1369 = CARTESIAN_POINT ( 'NONE',  ( 1.375000000000000000, 3.750000000000000000, 0.02500000000000000139 ) ) ;
#1370 = ORIENTED_EDGE ( 'NONE', *, *, #4722, .F. ) ;
#1371 = CARTESIAN_POINT ( 'NONE',  ( -2.274999999999999911, 3.600000000000000977, -1.425000000000000044 ) ) ;
#1372 = AXIS2_PLACEMENT_3D ( 'NONE', #4282, #3549, #2375 ) ;
#1373 = CARTESIAN_POINT ( 'NONE',  ( -0.8750000000000000000, 2.250000000000000000, 1.505384757699999909 ) ) ;
#1374 = LINE ( 'NONE', #629, #2860 ) ;
#1375 = ORIENTED_EDGE ( 'NONE', *, *, #4405, .F. ) ;
#1376 = CARTESIAN_POINT ( 'NONE',  ( 0.5150000000000000133, 1.649999999999999911, -1.025000000000000133 ) ) ;
#1377 = LINE ( 'NONE', #4517, #3864 ) ;
#1378 =( GEOMETRIC_REPRESENTATION_CONTEXT ( 3 ) GLOBAL_UNCERTAINTY_ASSIGNED_CONTEXT ( ( #2351 ) ) GLOBAL_UNIT_ASSIGNED_CONTEXT ( ( #2298, #2667, #3415 ) ) REPRESENTATION_CONTEXT ( 'NONE', 'WORKASPACE' ) );
#1379 = CARTESIAN_POINT ( 'NONE',  ( 2.475000000000000089, 0.6000000000000024203, 1.375000000000002442 ) ) ;
#1380 = EDGE_CURVE ( 'NONE', #2490, #3210, #2077, .T. ) ;
#1381 = LINE ( 'NONE', #3276, #397 ) ;
#1382 = VECTOR ( 'NONE', #3058, 1000.000000000000000 ) ;
#1383 = ADVANCED_FACE ( 'NONE', ( #2986 ), #4326, .T. ) ;
#1384 = ORIENTED_EDGE ( 'NONE', *, *, #268, .F. ) ;
#1385 = ORIENTED_EDGE ( 'NONE', *, *, #435, .T. ) ;
#1386 = CARTESIAN_POINT ( 'NONE',  ( -2.274999999999999911, 2.000000000000000000, -1.425000000000000044 ) ) ;
#1387 = CARTESIAN_POINT ( 'NONE',  ( -0.7249999999999999778, 1.850000000000000089, -1.025000000000000133 ) ) ;
#1388 = VERTEX_POINT ( 'NONE', #3197 ) ;
#1389 = VECTOR ( 'NONE', #389, 1000.000000000000000 ) ;
#1390 = EDGE_CURVE ( 'NONE', #3493, #2200, #92, .T. ) ;
#1391 = EDGE_CURVE ( 'NONE', #712, #3862, #2928, .T. ) ;
#1392 = ORIENTED_EDGE ( 'NONE', *, *, #4212, .T. ) ;
#1393 = DIRECTION ( 'NONE',  ( 0.0000000000000000000, 0.0000000000000000000, 1.000000000000000000 ) ) ;
#1394 = ORIENTED_EDGE ( 'NONE', *, *, #3180, .F. ) ;
#1395 = LINE ( 'NONE', #2381, #856 ) ;
#1396 = EDGE_LOOP ( 'NONE', ( #2483, #2834, #3119, #272 ) ) ;
#1397 = VECTOR ( 'NONE', #2201, 1000.000000000000000 ) ;
#1398 = DIRECTION ( 'NONE',  ( 0.0000000000000000000, 0.0000000000000000000, 1.000000000000000000 ) ) ;
#1399 = CARTESIAN_POINT ( 'NONE',  ( 0.5150000000000000133, 1.000000000000000000, -2.024999999999999911 ) ) ;
#1400 = ORIENTED_EDGE ( 'NONE', *, *, #1461, .F. ) ;
#1401 = EDGE_CURVE ( 'NONE', #675, #3968, #1779, .T. ) ;
#1402 = ORIENTED_EDGE ( 'NONE', *, *, #35, .F. ) ;
#1403 = CARTESIAN_POINT ( 'NONE',  ( -2.500000000000000000, 4.250000000000000000, -2.024999999999999911 ) ) ;
#1404 = FILL_AREA_STYLE ('',( #247 ) ) ;
#1405 = EDGE_LOOP ( 'NONE', ( #4171, #1085, #3931, #3031, #4195, #25 ) ) ;
#1406 = CARTESIAN_POINT ( 'NONE',  ( 2.274999999999999911, 3.600000000000000977, -1.425000000000000044 ) ) ;
#1407 = EDGE_LOOP ( 'NONE', ( #1264, #3275, #2753, #4784, #2307, #3040 ) ) ;
#1408 = VERTEX_POINT ( 'NONE', #1788 ) ;
#1409 = EDGE_CURVE ( 'NONE', #345, #1646, #1968, .T. ) ;
#1410 = DIRECTION ( 'NONE',  ( 0.0000000000000000000, 0.0000000000000000000, 1.000000000000000000 ) ) ;
#1411 = ADVANCED_FACE ( 'NONE', ( #1846 ), #1756, .T. ) ;
#1412 = ORIENTED_EDGE ( 'NONE', *, *, #4807, .F. ) ;
#1413 = VECTOR ( 'NONE', #653, 1000.000000000000000 ) ;
#1414 = EDGE_CURVE ( 'NONE', #2034, #3259, #1070, .T. ) ;
#1415 = CARTESIAN_POINT ( 'NONE',  ( -1.175000000000000044, 1.850000000000000089, 2.024999999999999911 ) ) ;
#1416 = EDGE_LOOP ( 'NONE', ( #2145, #2652, #3115, #101, #4647, #47, #3920, #1913, #4546, #3330, #1361, #4377, #1146, #3183, #296, #773, #4612, #2714, #1929, #3976 ) ) ;
#1417 = CARTESIAN_POINT ( 'NONE',  ( -2.875000000000000000, 3.600000000000000977, -0.07499999999999998335 ) ) ;
#1418 = FACE_BOUND ( 'NONE', #1149, .T. ) ;
#1419 = VECTOR ( 'NONE', #2004, 1000.000000000000000 ) ;
#1420 = LINE ( 'NONE', #542, #2333 ) ;
#1421 = CARTESIAN_POINT ( 'NONE',  ( 0.0000000000000000000, 0.0000000000000000000, 0.0000000000000000000 ) ) ;
#1422 = ORIENTED_EDGE ( 'NONE', *, *, #676, .F. ) ;
#1423 = EDGE_CURVE ( 'NONE', #2507, #3996, #263, .T. ) ;
#1424 = VECTOR ( 'NONE', #783, 1000.000000000000000 ) ;
#1425 = EDGE_CURVE ( 'NONE', #44, #1408, #3265, .T. ) ;
#1426 = LINE ( 'NONE', #1840, #1312 ) ;
#1427 = LINE ( 'NONE', #3881, #2981 ) ;
#1428 = CARTESIAN_POINT ( 'NONE',  ( -0.5250000000000000222, 1.850000000000000089, -2.024999999999999911 ) ) ;
#1429 = DIRECTION ( 'NONE',  ( 1.000000000000000000, 0.0000000000000000000, 0.0000000000000000000 ) ) ;
#1430 = AXIS2_PLACEMENT_3D ( 'NONE', #1620, #2006, #873 ) ;
#1431 = VECTOR ( 'NONE', #1652, 1000.000000000000000 ) ;
#1432 = ORIENTED_EDGE ( 'NONE', *, *, #255, .F. ) ;
#1433 = ADVANCED_FACE ( 'NONE', ( #4092 ), #1770, .F. ) ;
#1434 = ORIENTED_EDGE ( 'NONE', *, *, #3223, .T. ) ;
#1435 = DIRECTION ( 'NONE',  ( -1.000000000000000000, 0.0000000000000000000, 0.0000000000000000000 ) ) ;
#1436 = DIRECTION ( 'NONE',  ( 0.0000000000000000000, -1.000000000000000000, -4.336808689942025625E-15 ) ) ;
#1437 = CARTESIAN_POINT ( 'NONE',  ( 2.274999999999999911, 0.6000000000000024203, 1.375000000000002442 ) ) ;
#1438 = LINE ( 'NONE', #4075, #21 ) ;
#1439 = ORIENTED_EDGE ( 'NONE', *, *, #4456, .F. ) ;
#1440 = AXIS2_PLACEMENT_3D ( 'NONE', #320, #4723, #2205 ) ;
#1441 = ADVANCED_FACE ( 'NONE', ( #3122 ), #2147, .F. ) ;
#1442 = LINE ( 'NONE', #460, #517 ) ;
#1443 = FACE_OUTER_BOUND ( 'NONE', #4620, .T. ) ;
#1444 = DIRECTION ( 'NONE',  ( 0.0000000000000000000, -3.252606517456512119E-15, 1.000000000000000000 ) ) ;
#1445 = EDGE_LOOP ( 'NONE', ( #2839, #1300, #3171, #4113 ) ) ;
#1446 = LINE ( 'NONE', #167, #95 ) ;
#1447 = LINE ( 'NONE', #2587, #1791 ) ;
#1448 =( NAMED_UNIT ( * ) PLANE_ANGLE_UNIT ( ) SI_UNIT ( $, .RADIAN. ) );
#1449 = UNCERTAINTY_MEASURE_WITH_UNIT (LENGTH_MEASURE( 1.000000000000000082E-05 ), #3389, 'distance_accuracy_value', 'NONE');
#1450 = VERTEX_POINT ( 'NONE', #4714 ) ;
#1451 = VERTEX_POINT ( 'NONE', #3255 ) ;
#1452 = FACE_OUTER_BOUND ( 'NONE', #2112, .T. ) ;
#1453 = CARTESIAN_POINT ( 'NONE',  ( -1.375000000000000000, 3.149999999999999911, 2.024999999999999911 ) ) ;
#1454 = CARTESIAN_POINT ( 'NONE',  ( -2.274999999999999911, 8.673617379884035472E-15, -0.2250000000000008105 ) ) ;
#1455 = CARTESIAN_POINT ( 'NONE',  ( -0.8750000000000000000, 2.250000000000000000, -2.024999999999999911 ) ) ;
#1456 = DIRECTION ( 'NONE',  ( 0.0000000000000000000, 1.000000000000000000, 0.0000000000000000000 ) ) ;
#1457 = ORIENTED_EDGE ( 'NONE', *, *, #1674, .F. ) ;
#1458 = EDGE_CURVE ( 'NONE', #574, #2539, #1937, .T. ) ;
#1459 = VERTEX_POINT ( 'NONE', #4745 ) ;
#1460 = VECTOR ( 'NONE', #2695, 1000.000000000000000 ) ;
#1461 = EDGE_CURVE ( 'NONE', #3622, #696, #2895, .T. ) ;
#1462 = CARTESIAN_POINT ( 'NONE',  ( 2.500000000000000000, 4.240000000000000213, -0.07499999999999998335 ) ) ;
#1463 = EDGE_CURVE ( 'NONE', #1106, #1740, #986, .T. ) ;
#1464 = ORIENTED_EDGE ( 'NONE', *, *, #193, .T. ) ;
#1465 = CARTESIAN_POINT ( 'NONE',  ( 2.274999999999999911, 1.950000000000002176, 1.375000000000006883 ) ) ;
#1466 = ORIENTED_EDGE ( 'NONE', *, *, #3839, .T. ) ;
#1467 =( LENGTH_UNIT ( ) NAMED_UNIT ( * ) SI_UNIT ( .MILLI., .METRE. ) );
#1468 = VERTEX_POINT ( 'NONE', #3631 ) ;
#1469 =( GEOMETRIC_REPRESENTATION_CONTEXT ( 3 ) GLOBAL_UNCERTAINTY_ASSIGNED_CONTEXT ( ( #2648 ) ) GLOBAL_UNIT_ASSIGNED_CONTEXT ( ( #670, #4345, #2116 ) ) REPRESENTATION_CONTEXT ( 'NONE', 'WORKASPACE' ) );
#1470 = DIRECTION ( 'NONE',  ( 1.000000000000000000, 0.0000000000000000000, 0.0000000000000000000 ) ) ;
#1471 = ORIENTED_EDGE ( 'NONE', *, *, #1674, .T. ) ;
#1472 = EDGE_LOOP ( 'NONE', ( #313, #1519, #205, #1804 ) ) ;
#1473 = ORIENTED_EDGE ( 'NONE', *, *, #4183, .T. ) ;
#1474 = AXIS2_PLACEMENT_3D ( 'NONE', #1116, #1538, #3029 ) ;
#1475 = DIRECTION ( 'NONE',  ( 0.0000000000000000000, 0.0000000000000000000, -1.000000000000000000 ) ) ;
#1476 = VECTOR ( 'NONE', #4652, 1000.000000000000000 ) ;
#1477 = EDGE_CURVE ( 'NONE', #3245, #2808, #46, .T. ) ;
#1478 = ORIENTED_EDGE ( 'NONE', *, *, #3168, .F. ) ;
#1479 = LINE ( 'NONE', #2094, #3082 ) ;
#1480 = CARTESIAN_POINT ( 'NONE',  ( -2.274999999999999911, -0.05000000000000000278, -0.2250000000000008105 ) ) ;
#1481 = VERTEX_POINT ( 'NONE', #1386 ) ;
#1482 = VECTOR ( 'NONE', #3918, 1000.000000000000000 ) ;
#1483 = CARTESIAN_POINT ( 'NONE',  ( -0.5250000000000000222, 1.000000000000000000, -1.525000000000000133 ) ) ;
#1484 = CARTESIAN_POINT ( 'NONE',  ( 2.475000000000000089, 1.950000000000001732, 2.024999999999999911 ) ) ;
#1485 = DIRECTION ( 'NONE',  ( -1.000000000000000000, 0.0000000000000000000, 0.0000000000000000000 ) ) ;
#1486 = CARTESIAN_POINT ( 'NONE',  ( 0.7249999999999999778, 0.0000000000000000000, 2.024999999999999911 ) ) ;
#1487 = LINE ( 'NONE', #1069, #3488 ) ;
#1488 = EDGE_CURVE ( 'NONE', #1815, #3081, #292, .T. ) ;
#1489 = LINE ( 'NONE', #3707, #1253 ) ;
#1490 = ORIENTED_EDGE ( 'NONE', *, *, #4662, .T. ) ;
#1491 = DIRECTION ( 'NONE',  ( 1.000000000000000000, 0.0000000000000000000, 0.0000000000000000000 ) ) ;
#1492 = EDGE_LOOP ( 'NONE', ( #4748, #1392, #4106, #4346, #1097, #4568, #2039, #4672, #4184, #2597, #2903, #2189, #1100, #2217, #2658, #4559 ) ) ;
#1493 = DIRECTION ( 'NONE',  ( -0.0000000000000000000, -0.0000000000000000000, -1.000000000000000000 ) ) ;
#1494 = COLOUR_RGB ( '',0.6470588235294117974, 0.6196078431372549211, 0.5882352941176470784 ) ;
#1495 = LINE ( 'NONE', #3438, #2696 ) ;
#1496 = VERTEX_POINT ( 'NONE', #3233 ) ;
#1497 = LINE ( 'NONE', #1255, #3327 ) ;
#1498 = DIRECTION ( 'NONE',  ( 0.0000000000000000000, 0.0000000000000000000, 1.000000000000000000 ) ) ;
#1499 = DIRECTION ( 'NONE',  ( 1.000000000000000000, 0.0000000000000000000, 0.0000000000000000000 ) ) ;
#1500 = CARTESIAN_POINT ( 'NONE',  ( -1.175000000000000044, 2.550000000000000266, -1.474999999999999867 ) ) ;
#1501 = LINE ( 'NONE', #1526, #4216 ) ;
#1502 = DIRECTION ( 'NONE',  ( 1.000000000000000000, 0.0000000000000000000, 0.0000000000000000000 ) ) ;
#1503 = LINE ( 'NONE', #796, #2870 ) ;
#1504 = ORIENTED_EDGE ( 'NONE', *, *, #3476, .F. ) ;
#1505 = DIRECTION ( 'NONE',  ( 0.0000000000000000000, 0.0000000000000000000, 1.000000000000000000 ) ) ;
#1506 = ORIENTED_EDGE ( 'NONE', *, *, #271, .T. ) ;
#1507 = CIRCLE ( 'NONE', #4759, 0.3000000000000000444 ) ;
#1508 = ORIENTED_EDGE ( 'NONE', *, *, #4752, .T. ) ;
#1509 = DIRECTION ( 'NONE',  ( 1.000000000000000000, 0.0000000000000000000, 0.0000000000000000000 ) ) ;
#1510 = ORIENTED_EDGE ( 'NONE', *, *, #41, .T. ) ;
#1511 = LINE ( 'NONE', #2825, #104 ) ;
#1512 = DIRECTION ( 'NONE',  ( -1.000000000000000000, 0.0000000000000000000, 0.0000000000000000000 ) ) ;
#1513 = LINE ( 'NONE', #849, #2480 ) ;
#1514 = EDGE_CURVE ( 'NONE', #160, #2799, #3579, .T. ) ;
#1515 = ORIENTED_EDGE ( 'NONE', *, *, #1958, .T. ) ;
#1516 = EDGE_CURVE ( 'NONE', #2778, #2022, #2888, .T. ) ;
#1517 = DIRECTION ( 'NONE',  ( 0.0000000000000000000, 0.0000000000000000000, -1.000000000000000000 ) ) ;
#1518 = DIRECTION ( 'NONE',  ( 0.0000000000000000000, -1.000000000000000000, 0.0000000000000000000 ) ) ;
#1519 = ORIENTED_EDGE ( 'NONE', *, *, #501, .F. ) ;
#1520 = VECTOR ( 'NONE', #4082, 1000.000000000000000 ) ;
#1521 = EDGE_CURVE ( 'NONE', #2036, #3493, #2660, .T. ) ;
#1522 = VERTEX_POINT ( 'NONE', #4019 ) ;
#1523 = CARTESIAN_POINT ( 'NONE',  ( -2.024999999999999911, 4.250000000000000000, -1.925000000000000044 ) ) ;
#1524 = DIRECTION ( 'NONE',  ( 0.0000000000000000000, 1.000000000000000000, 0.0000000000000000000 ) ) ;
#1525 = ORIENTED_EDGE ( 'NONE', *, *, #4752, .F. ) ;
#1526 = CARTESIAN_POINT ( 'NONE',  ( 0.7249999999999999778, 1.649999999999999911, -1.698606797699999893 ) ) ;
#1527 = DIRECTION ( 'NONE',  ( 0.0000000000000000000, 1.000000000000000000, 0.0000000000000000000 ) ) ;
#1528 = CARTESIAN_POINT ( 'NONE',  ( 0.5250000000000000222, 1.649999999999999911, -1.698606797699999893 ) ) ;
#1529 = EDGE_LOOP ( 'NONE', ( #142, #860, #822, #1137, #2377, #4522, #2330, #521 ) ) ;
#1530 = ORIENTED_EDGE ( 'NONE', *, *, #3292, .F. ) ;
#1531 = AXIS2_PLACEMENT_3D ( 'NONE', #3123, #1577, #912 ) ;
#1532 = CARTESIAN_POINT ( 'NONE',  ( 0.5250000000000000222, 0.5000000000000000000, -1.525000000000000133 ) ) ;
#1533 = CARTESIAN_POINT ( 'NONE',  ( -0.4249999999999999889, 1.649999999999999911, 2.024999999999999911 ) ) ;
#1534 = VERTEX_POINT ( 'NONE', #4396 ) ;
#1535 = CARTESIAN_POINT ( 'NONE',  ( 2.875000000000000000, 1.000000000000000000, -2.024999999999999911 ) ) ;
#1536 = CARTESIAN_POINT ( 'NONE',  ( 0.7249999999999999778, 1.350000000000000089, -1.525000000000000133 ) ) ;
#1537 = DIRECTION ( 'NONE',  ( 1.000000000000000000, 0.0000000000000000000, 0.0000000000000000000 ) ) ;
#1538 = DIRECTION ( 'NONE',  ( 0.0000000000000000000, 1.000000000000000000, 0.0000000000000000000 ) ) ;
#1539 = LINE ( 'NONE', #3491, #2971 ) ;
#1540 = CARTESIAN_POINT ( 'NONE',  ( 0.5250000000000000222, 0.5000000000000000000, -2.824999999999999734 ) ) ;
#1541 = LINE ( 'NONE', #1614, #1419 ) ;
#1542 = EDGE_CURVE ( 'NONE', #4176, #3577, #2717, .T. ) ;
#1543 = LINE ( 'NONE', #4159, #2337 ) ;
#1544 = LINE ( 'NONE', #3795, #3599 ) ;
#1545 = DIRECTION ( 'NONE',  ( 0.0000000000000000000, 0.0000000000000000000, -1.000000000000000000 ) ) ;
#1546 = LINE ( 'NONE', #957, #4028 ) ;
#1547 = DIRECTION ( 'NONE',  ( -1.000000000000000000, 0.0000000000000000000, 0.0000000000000000000 ) ) ;
#1548 = EDGE_CURVE ( 'NONE', #754, #4504, #1637, .T. ) ;
#1549 = CARTESIAN_POINT ( 'NONE',  ( 2.274999999999999911, 2.000000000000000000, -2.024999999999999911 ) ) ;
#1550 = CARTESIAN_POINT ( 'NONE',  ( 0.7249999999999999778, 1.000000000000000000, 1.525000000000000133 ) ) ;
#1551 = DIRECTION ( 'NONE',  ( 0.0000000000000000000, -1.000000000000000000, 0.0000000000000000000 ) ) ;
#1552 = VECTOR ( 'NONE', #2705, 1000.000000000000000 ) ;
#1553 = VERTEX_POINT ( 'NONE', #1454 ) ;
#1554 = EDGE_CURVE ( 'NONE', #4452, #3093, #2485, .T. ) ;
#1555 =( GEOMETRIC_REPRESENTATION_CONTEXT ( 3 ) GLOBAL_UNCERTAINTY_ASSIGNED_CONTEXT ( ( #4081 ) ) GLOBAL_UNIT_ASSIGNED_CONTEXT ( ( #1467, #3301, #1092 ) ) REPRESENTATION_CONTEXT ( 'NONE', 'WORKASPACE' ) );
#1556 = DIRECTION ( 'NONE',  ( 0.0000000000000000000, 0.0000000000000000000, 1.000000000000000000 ) ) ;
#1557 = CARTESIAN_POINT ( 'NONE',  ( -0.5250000000000000222, 1.850000000000000089, 0.0000000000000000000 ) ) ;
#1558 = ORIENTED_EDGE ( 'NONE', *, *, #4417, .F. ) ;
#1559 = EDGE_CURVE ( 'NONE', #196, #1866, #2537, .T. ) ;
#1560 = DIRECTION ( 'NONE',  ( 0.0000000000000000000, -1.000000000000000000, -4.336808689942024836E-15 ) ) ;
#1561 = EDGE_LOOP ( 'NONE', ( #753, #541, #99, #2845 ) ) ;
#1562 = VECTOR ( 'NONE', #1601, 1000.000000000000000 ) ;
#1563 = AXIS2_PLACEMENT_3D ( 'NONE', #1234, #4508, #1200 ) ;
#1564 = DIRECTION ( 'NONE',  ( 0.0000000000000000000, 0.0000000000000000000, -1.000000000000000000 ) ) ;
#1565 = DIRECTION ( 'NONE',  ( -1.000000000000000000, 0.0000000000000000000, 0.0000000000000000000 ) ) ;
#1566 = ORIENTED_EDGE ( 'NONE', *, *, #4179, .F. ) ;
#1567 = CARTESIAN_POINT ( 'NONE',  ( -2.475000000000000089, 1.950000000000001732, 2.024999999999999911 ) ) ;
#1568 = CARTESIAN_POINT ( 'NONE',  ( 2.875000000000000000, 0.0000000000000000000, -1.525000000000000133 ) ) ;
#1569 = ORIENTED_EDGE ( 'NONE', *, *, #4772, .F. ) ;
#1570 = ORIENTED_EDGE ( 'NONE', *, *, #1159, .T. ) ;
#1571 = CARTESIAN_POINT ( 'NONE',  ( 0.5250000000000000222, 1.795247431900000024, 2.024999999999999911 ) ) ;
#1572 = EDGE_CURVE ( 'NONE', #4279, #2152, #4121, .T. ) ;
#1573 = DIRECTION ( 'NONE',  ( 1.000000000000000000, 0.0000000000000000000, 0.0000000000000000000 ) ) ;
#1574 = EDGE_LOOP ( 'NONE', ( #1900, #1864, #110, #3100 ) ) ;
#1575 = ORIENTED_EDGE ( 'NONE', *, *, #3807, .F. ) ;
#1576 = FACE_OUTER_BOUND ( 'NONE', #2412, .T. ) ;
#1577 = DIRECTION ( 'NONE',  ( -1.000000000000000000, 0.0000000000000000000, 0.0000000000000000000 ) ) ;
#1578 = ORIENTED_EDGE ( 'NONE', *, *, #4239, .T. ) ;
#1579 = EDGE_CURVE ( 'NONE', #2130, #1071, #648, .T. ) ;
#1580 = EDGE_CURVE ( 'NONE', #1740, #1868, #3885, .T. ) ;
#1581 = DIRECTION ( 'NONE',  ( -1.000000000000000000, 0.0000000000000000000, 0.0000000000000000000 ) ) ;
#1582 = EDGE_LOOP ( 'NONE', ( #3465, #660, #116, #3241 ) ) ;
#1583 = DIRECTION ( 'NONE',  ( 0.0000000000000000000, 0.0000000000000000000, 1.000000000000000000 ) ) ;
#1584 = EDGE_CURVE ( 'NONE', #4459, #4302, #1284, .T. ) ;
#1585 = ORIENTED_EDGE ( 'NONE', *, *, #435, .F. ) ;
#1586 = ORIENTED_EDGE ( 'NONE', *, *, #3202, .T. ) ;
#1587 = CARTESIAN_POINT ( 'NONE',  ( -0.8249999999999999556, 1.850000000000000089, -1.474999999999999867 ) ) ;
#1588 = CARTESIAN_POINT ( 'NONE',  ( 0.0000000000000000000, 4.240000000000000213, -1.925000000000000044 ) ) ;
#1589 = CARTESIAN_POINT ( 'NONE',  ( -2.875000000000000000, 1.949999999999999956, 2.024999999999999911 ) ) ;
#1590 = EDGE_CURVE ( 'NONE', #1276, #2228, #924, .T. ) ;
#1591 = ORIENTED_EDGE ( 'NONE', *, *, #373, .T. ) ;
#1592 = LINE ( 'NONE', #3970, #3719 ) ;
#1593 = ADVANCED_FACE ( 'NONE', ( #3637 ), #1871, .F. ) ;
#1594 = CARTESIAN_POINT ( 'NONE',  ( 2.274999999999999911, 2.250000000000000000, -1.925000000000000711 ) ) ;
#1595 = ORIENTED_EDGE ( 'NONE', *, *, #3379, .F. ) ;
#1596 = LINE ( 'NONE', #3375, #2136 ) ;
#1597 = DIRECTION ( 'NONE',  ( 0.0000000000000000000, -1.000000000000000000, 0.0000000000000000000 ) ) ;
#1598 = VECTOR ( 'NONE', #2532, 1000.000000000000000 ) ;
#1599 = DIRECTION ( 'NONE',  ( 0.0000000000000000000, -1.000000000000000000, -3.212450881438532635E-15 ) ) ;
#1600 = ORIENTED_EDGE ( 'NONE', *, *, #3811, .T. ) ;
#1601 = DIRECTION ( 'NONE',  ( 0.0000000000000000000, 0.0000000000000000000, 1.000000000000000000 ) ) ;
#1602 = LINE ( 'NONE', #1006, #2286 ) ;
#1603 = DIRECTION ( 'NONE',  ( 1.000000000000000000, 0.0000000000000000000, 0.0000000000000000000 ) ) ;
#1604 = CARTESIAN_POINT ( 'NONE',  ( 0.7249999999999999778, -0.05000000000000000278, -2.824999999999999734 ) ) ;
#1605 = FACE_OUTER_BOUND ( 'NONE', #2772, .T. ) ;
#1606 = LINE ( 'NONE', #1209, #1368 ) ;
#1607 = ORIENTED_EDGE ( 'NONE', *, *, #1134, .F. ) ;
#1608 = SURFACE_STYLE_FILL_AREA ( #4792 ) ;
#1609 = CARTESIAN_POINT ( 'NONE',  ( -0.7249999999999999778, 0.0000000000000000000, -1.525000000000000133 ) ) ;
#1610 = VECTOR ( 'NONE', #386, 1000.000000000000000 ) ;
#1611 = VERTEX_POINT ( 'NONE', #1532 ) ;
#1612 = DIRECTION ( 'NONE',  ( 0.0000000000000000000, 0.0000000000000000000, -1.000000000000000000 ) ) ;
#1613 = DIRECTION ( 'NONE',  ( 0.0000000000000000000, 3.252606517456512119E-15, -1.000000000000000000 ) ) ;
#1614 = CARTESIAN_POINT ( 'NONE',  ( -0.5150000000000000133, 1.850000000000000089, -2.024999999999999911 ) ) ;
#1615 = LINE ( 'NONE', #1292, #3679 ) ;
#1616 = EDGE_CURVE ( 'NONE', #979, #1496, #3339, .T. ) ;
#1617 = ORIENTED_EDGE ( 'NONE', *, *, #2315, .F. ) ;
#1618 = VECTOR ( 'NONE', #2385, 1000.000000000000000 ) ;
#1619 = EDGE_CURVE ( 'NONE', #207, #3790, #3172, .T. ) ;
#1620 = CARTESIAN_POINT ( 'NONE',  ( 0.7249999999999999778, 0.5000000000000000000, 0.0000000000000000000 ) ) ;
#1621 = ORIENTED_EDGE ( 'NONE', *, *, #335, .F. ) ;
#1622 = VERTEX_POINT ( 'NONE', #2246 ) ;
#1623 = CARTESIAN_POINT ( 'NONE',  ( -0.8750000000000000000, 3.750000000000000000, -2.024999999999999911 ) ) ;
#1624 = LINE ( 'NONE', #4001, #2416 ) ;
#1625 = CARTESIAN_POINT ( 'NONE',  ( 0.5250000000000000222, 1.350000000000000089, 1.525000000000000133 ) ) ;
#1626 = ORIENTED_EDGE ( 'NONE', *, *, #3777, .F. ) ;
#1627 = ORIENTED_EDGE ( 'NONE', *, *, #327, .F. ) ;
#1628 = DIRECTION ( 'NONE',  ( 0.0000000000000000000, 0.0000000000000000000, 1.000000000000000000 ) ) ;
#1629 = CARTESIAN_POINT ( 'NONE',  ( 0.5250000000000000222, 0.5000000000000000000, 0.0000000000000000000 ) ) ;
#1630 = ORIENTED_EDGE ( 'NONE', *, *, #1168, .T. ) ;
#1631 = VECTOR ( 'NONE', #1498, 1000.000000000000000 ) ;
#1632 = ORIENTED_EDGE ( 'NONE', *, *, #4207, .T. ) ;
#1633 = ADVANCED_FACE ( 'NONE', ( #414 ), #711, .T. ) ;
#1634 = DIRECTION ( 'NONE',  ( 0.0000000000000000000, 0.0000000000000000000, -1.000000000000000000 ) ) ;
#1635 = EDGE_CURVE ( 'NONE', #1451, #4701, #3282, .T. ) ;
#1636 = CARTESIAN_POINT ( 'NONE',  ( -2.274999999999999911, 4.250000000000000000, -0.07499999999999998335 ) ) ;
#1637 = LINE ( 'NONE', #3647, #1156 ) ;
#1638 = CARTESIAN_POINT ( 'NONE',  ( -0.4249999999999999889, 1.649999999999999911, -1.025000000000000133 ) ) ;
#1639 = ORIENTED_EDGE ( 'NONE', *, *, #193, .F. ) ;
#1640 = ADVANCED_FACE ( 'NONE', ( #1861 ), #768, .F. ) ;
#1641 = EDGE_LOOP ( 'NONE', ( #2043, #1001, #3124, #4045 ) ) ;
#1642 = EDGE_CURVE ( 'NONE', #3554, #3964, #3827, .T. ) ;
#1643 = VERTEX_POINT ( 'NONE', #1143 ) ;
#1644 = CARTESIAN_POINT ( 'NONE',  ( -2.475000000000000089, 0.6000000000000024203, 1.375000000000002442 ) ) ;
#1645 = DIRECTION ( 'NONE',  ( 0.0000000000000000000, 0.0000000000000000000, -1.000000000000000000 ) ) ;
#1646 = VERTEX_POINT ( 'NONE', #726 ) ;
#1647 = ORIENTED_EDGE ( 'NONE', *, *, #4437, .F. ) ;
#1648 = EDGE_CURVE ( 'NONE', #231, #4029, #4059, .T. ) ;
#1649 = DIRECTION ( 'NONE',  ( -1.000000000000000000, 0.0000000000000000000, 0.0000000000000000000 ) ) ;
#1650 = CARTESIAN_POINT ( 'NONE',  ( 2.274999999999999911, 0.0000000000000000000, 2.024999999999999911 ) ) ;
#1651 = VECTOR ( 'NONE', #3526, 1000.000000000000000 ) ;
#1652 = DIRECTION ( 'NONE',  ( -1.000000000000000000, 0.0000000000000000000, 0.0000000000000000000 ) ) ;
#1653 = AXIS2_PLACEMENT_3D ( 'NONE', #3297, #2885, #680 ) ;
#1654 = CARTESIAN_POINT ( 'NONE',  ( -2.375000000000000000, 3.149999999999999911, 2.024999999999999911 ) ) ;
#1655 = ADVANCED_FACE ( 'NONE', ( #2314 ), #4794, .F. ) ;
#1656 = CARTESIAN_POINT ( 'NONE',  ( -1.875000000000000000, 3.149999999999999911, 2.025999999999999801 ) ) ;
#1657 = LINE ( 'NONE', #4527, #2504 ) ;
#1658 = CARTESIAN_POINT ( 'NONE',  ( -0.8750000000000000000, 2.250000000000000000, -2.024999999999999911 ) ) ;
#1659 = LINE ( 'NONE', #739, #4474 ) ;
#1660 = AXIS2_PLACEMENT_3D ( 'NONE', #3368, #3803, #4177 ) ;
#1661 = DIRECTION ( 'NONE',  ( 0.0000000000000000000, -1.000000000000000000, 0.0000000000000000000 ) ) ;
#1662 = EDGE_CURVE ( 'NONE', #1158, #1077, #3458, .T. ) ;
#1663 = ADVANCED_FACE ( 'NONE', ( #3947 ), #3773, .T. ) ;
#1664 = DIRECTION ( 'NONE',  ( 0.0000000000000000000, 1.000000000000000000, 0.0000000000000000000 ) ) ;
#1665 = DIRECTION ( 'NONE',  ( -1.000000000000000000, 0.0000000000000000000, 0.0000000000000000000 ) ) ;
#1666 = VECTOR ( 'NONE', #2657, 1000.000000000000000 ) ;
#1667 = CARTESIAN_POINT ( 'NONE',  ( 1.875000000000000000, 0.5000000000000000000, -1.474999999999999867 ) ) ;
#1668 = ORIENTED_EDGE ( 'NONE', *, *, #1401, .T. ) ;
#1669 = EDGE_CURVE ( 'NONE', #2637, #3081, #3575, .T. ) ;
#1670 = LINE ( 'NONE', #1587, #4544 ) ;
#1671 = ORIENTED_EDGE ( 'NONE', *, *, #1887, .F. ) ;
#1672 = LINE ( 'NONE', #2855, #681 ) ;
#1673 = DIRECTION ( 'NONE',  ( -0.0000000000000000000, 1.000000000000000000, -0.0000000000000000000 ) ) ;
#1674 = EDGE_CURVE ( 'NONE', #288, #3117, #4289, .T. ) ;
#1675 = CARTESIAN_POINT ( 'NONE',  ( -2.024999999999999911, 4.240000000000000213, -1.925000000000000044 ) ) ;
#1676 = EDGE_CURVE ( 'NONE', #113, #4510, #2946, .T. ) ;
#1677 = CARTESIAN_POINT ( 'NONE',  ( 0.7249999999999999778, 0.8000000000000000444, -2.324999999999999734 ) ) ;
#1678 = VECTOR ( 'NONE', #1512, 1000.000000000000000 ) ;
#1679 = LINE ( 'NONE', #3013, #4726 ) ;
#1680 = PRODUCT_CONTEXT ( 'NONE', #1946, 'mechanical' ) ;
#1681 = ADVANCED_FACE ( 'NONE', ( #1341 ), #4537, .T. ) ;
#1682 = VERTEX_POINT ( 'NONE', #3392 ) ;
#1683 = DIRECTION ( 'NONE',  ( 0.0000000000000000000, -1.000000000000000000, -3.212450881438532635E-15 ) ) ;
#1684 = DIRECTION ( 'NONE',  ( 0.0000000000000000000, -0.0000000000000000000, -1.000000000000000000 ) ) ;
#1685 = ORIENTED_EDGE ( 'NONE', *, *, #1230, .T. ) ;
#1686 = ORIENTED_EDGE ( 'NONE', *, *, #4437, .T. ) ;
#1687 = ADVANCED_FACE ( 'NONE', ( #1576 ), #3057, .T. ) ;
#1688 = ORIENTED_EDGE ( 'NONE', *, *, #4230, .T. ) ;
#1689 = DIRECTION ( 'NONE',  ( 0.0000000000000000000, -1.000000000000000000, 0.0000000000000000000 ) ) ;
#1690 = CARTESIAN_POINT ( 'NONE',  ( 2.475000000000000089, -0.05000000000000000278, -0.2250000000000008105 ) ) ;
#1691 = ORIENTED_EDGE ( 'NONE', *, *, #3348, .F. ) ;
#1692 = VERTEX_POINT ( 'NONE', #835 ) ;
#1693 = ORIENTED_EDGE ( 'NONE', *, *, #1327, .T. ) ;
#1694 = EDGE_CURVE ( 'NONE', #1769, #1743, #351, .T. ) ;
#1695 = CARTESIAN_POINT ( 'NONE',  ( -0.5150000000000000133, 1.649999999999999911, -1.474999999999999867 ) ) ;
#1696 = CLOSED_SHELL ( 'NONE', ( #180, #2389, #4639, #4587, #1655, #1337, #2144, #3529, #940, #84, #362, #3551, #682, #3813, #3166, #1960, #3411, #1640, #225, #2024, #2748, #2342, #1345, #2003, #1980, #232, #3079, #1260, #2070, #3855, #2156, #3838, #2633, #1059, #1633, #317, #3940, #674, #4222, #4277, #3601, #1699, #3627, #1127, #592, #129, #3094, #891, #1411, #4300, #2902, #4476, #3261, #919, #4381, #4594, #3863, #4364, #3817, #2603, #1028, #2796, #1220, #1593, #4709, #4566, #4622, #3651, #4107, #4385, #2804, #1441, #262, #2365, #3237, #2096, #1998, #3025, #1244, #1237, #1681, #3478, #3934, #640, #91, #1013, #1663, #2063, #115, #1268, #4357, #2118, #1687, #4719, #1751, #861 ) ) ;
#1697 = ORIENTED_EDGE ( 'NONE', *, *, #4337, .T. ) ;
#1698 = DIRECTION ( 'NONE',  ( 0.0000000000000000000, 0.0000000000000000000, -1.000000000000000000 ) ) ;
#1699 = ADVANCED_FACE ( 'NONE', ( #645 ), #4492, .F. ) ;
#1700 = EDGE_LOOP ( 'NONE', ( #3384, #4521, #4735, #4769 ) ) ;
#1701 = CARTESIAN_POINT ( 'NONE',  ( -0.7249999999999999778, 1.850000000000000089, 0.0000000000000000000 ) ) ;
#1702 = CARTESIAN_POINT ( 'NONE',  ( 0.7249999999999999778, -0.05000000000000000278, 0.0000000000000000000 ) ) ;
#1703 = EDGE_CURVE ( 'NONE', #3369, #754, #3695, .T. ) ;
#1704 = PRESENTATION_STYLE_ASSIGNMENT (( #3169 ) ) ;
#1705 = ORIENTED_EDGE ( 'NONE', *, *, #4137, .T. ) ;
#1706 = AXIS2_PLACEMENT_3D ( 'NONE', #2655, #1187, #3466 ) ;
#1707 = FACE_OUTER_BOUND ( 'NONE', #1169, .T. ) ;
#1708 = VECTOR ( 'NONE', #3200, 1000.000000000000000 ) ;
#1709 = LINE ( 'NONE', #1484, #71 ) ;
#1710 = CARTESIAN_POINT ( 'NONE',  ( -0.8750000000000000000, 4.153701442700000079, -1.791922863399999954 ) ) ;
#1711 = CARTESIAN_POINT ( 'NONE',  ( -0.7349999999999999867, 1.850000000000000089, -1.025000000000000133 ) ) ;
#1712 = LINE ( 'NONE', #4263, #2509 ) ;
#1713 = VECTOR ( 'NONE', #4767, 1000.000000000000000 ) ;
#1714 = ORIENTED_EDGE ( 'NONE', *, *, #4475, .F. ) ;
#1715 = CARTESIAN_POINT ( 'NONE',  ( 2.274999999999999911, 2.250000000000000000, -2.024999999999999911 ) ) ;
#1716 = CARTESIAN_POINT ( 'NONE',  ( -2.274999999999999911, 0.6000000000000024203, 1.375000000000002442 ) ) ;
#1717 = PLANE ( 'NONE',  #4609 ) ;
#1718 = ORIENTED_EDGE ( 'NONE', *, *, #590, .F. ) ;
#1719 = LINE ( 'NONE', #1753, #2809 ) ;
#1720 = DIRECTION ( 'NONE',  ( -1.000000000000000000, 0.0000000000000000000, 0.0000000000000000000 ) ) ;
#1721 = DIRECTION ( 'NONE',  ( -0.0000000000000000000, 0.7468134723257140450, 0.6650335612228979176 ) ) ;
#1722 = LINE ( 'NONE', #2037, #2866 ) ;
#1723 = LINE ( 'NONE', #3319, #1847 ) ;
#1724 = ORIENTED_EDGE ( 'NONE', *, *, #4779, .T. ) ;
#1725 = EDGE_CURVE ( 'NONE', #4441, #3108, #3065, .T. ) ;
#1726 = CARTESIAN_POINT ( 'NONE',  ( -2.274999999999999911, 4.240000000000000213, -1.925000000000000044 ) ) ;
#1727 =( NAMED_UNIT ( * ) PLANE_ANGLE_UNIT ( ) SI_UNIT ( $, .RADIAN. ) );
#1728 = VERTEX_POINT ( 'NONE', #464 ) ;
#1729 = EDGE_CURVE ( 'NONE', #3357, #4229, #1513, .T. ) ;
#1730 = ORIENTED_EDGE ( 'NONE', *, *, #1792, .F. ) ;
#1731 = CARTESIAN_POINT ( 'NONE',  ( 0.7249999999999999778, 0.0000000000000000000, 2.024999999999999911 ) ) ;
#1732 = CARTESIAN_POINT ( 'NONE',  ( 2.475000000000000089, 0.6000000000000076383, -0.2249999999999982014 ) ) ;
#1733 = LINE ( 'NONE', #3188, #3752 ) ;
#1734 = EDGE_LOOP ( 'NONE', ( #1294, #446, #2418, #4598 ) ) ;
#1735 = DIRECTION ( 'NONE',  ( -0.0000000000000000000, 1.000000000000000000, 0.0000000000000000000 ) ) ;
#1736 = EDGE_LOOP ( 'NONE', ( #2179, #2766, #1714, #1965 ) ) ;
#1737 = FACE_OUTER_BOUND ( 'NONE', #1245, .T. ) ;
#1738 = CARTESIAN_POINT ( 'NONE',  ( -2.500000000000000000, 4.240000000000000213, 2.024999999999999911 ) ) ;
#1739 = AXIS2_PLACEMENT_3D ( 'NONE', #1856, #4066, #4406 ) ;
#1740 = VERTEX_POINT ( 'NONE', #3794 ) ;
#1741 = FACE_OUTER_BOUND ( 'NONE', #1472, .T. ) ;
#1742 = CARTESIAN_POINT ( 'NONE',  ( -0.4249999999999999889, 1.850000000000000089, 2.024999999999999911 ) ) ;
#1743 = VERTEX_POINT ( 'NONE', #432 ) ;
#1744 = CARTESIAN_POINT ( 'NONE',  ( -1.875000000000000000, 0.5000000000000000000, -1.474999999999999867 ) ) ;
#1745 =( LENGTH_UNIT ( ) NAMED_UNIT ( * ) SI_UNIT ( .MILLI., .METRE. ) );
#1746 = ORIENTED_EDGE ( 'NONE', *, *, #4388, .F. ) ;
#1747 = EDGE_CURVE ( 'NONE', #4299, #1142, #2712, .T. ) ;
#1748 = ORIENTED_EDGE ( 'NONE', *, *, #1893, .F. ) ;
#1749 = CARTESIAN_POINT ( 'NONE',  ( -2.475000000000000089, 1.950000000000001732, 2.024999999999999911 ) ) ;
#1750 = DIRECTION ( 'NONE',  ( -0.0000000000000000000, 1.000000000000000000, 0.0000000000000000000 ) ) ;
#1751 = ADVANCED_FACE ( 'NONE', ( #980 ), #3824, .T. ) ;
#1752 = LINE ( 'NONE', #2846, #2046 ) ;
#1753 = CARTESIAN_POINT ( 'NONE',  ( 2.875000000000000000, 1.000000000000000000, -1.525000000000000133 ) ) ;
#1754 = ORIENTED_EDGE ( 'NONE', *, *, #135, .T. ) ;
#1755 = EDGE_CURVE ( 'NONE', #158, #1682, #2199, .T. ) ;
#1756 = PLANE ( 'NONE',  #2294 ) ;
#1757 = EDGE_LOOP ( 'NONE', ( #3407, #297, #341, #1776 ) ) ;
#1758 = DIRECTION ( 'NONE',  ( -0.0000000000000000000, 1.000000000000000000, 0.0000000000000000000 ) ) ;
#1759 = EDGE_LOOP ( 'NONE', ( #3186, #724, #290, #2921 ) ) ;
#1760 = EDGE_CURVE ( 'NONE', #1622, #4142, #589, .T. ) ;
#1761 = FACE_OUTER_BOUND ( 'NONE', #1396, .T. ) ;
#1762 = CARTESIAN_POINT ( 'NONE',  ( 0.5250000000000000222, 0.0000000000000000000, 2.024999999999999911 ) ) ;
#1763 = ORIENTED_EDGE ( 'NONE', *, *, #366, .T. ) ;
#1764 = DIRECTION ( 'NONE',  ( -1.000000000000000000, -0.0000000000000000000, -0.0000000000000000000 ) ) ;
#1765 = VECTOR ( 'NONE', #416, 1000.000000000000000 ) ;
#1766 = LINE ( 'NONE', #206, #1482 ) ;
#1767 = CARTESIAN_POINT ( 'NONE',  ( 2.875000000000000000, 8.673617379884035472E-15, -0.2250000000000008105 ) ) ;
#1768 = FACE_OUTER_BOUND ( 'NONE', #4766, .T. ) ;
#1769 = VERTEX_POINT ( 'NONE', #883 ) ;
#1770 = PLANE ( 'NONE',  #568 ) ;
#1771 = SURFACE_STYLE_FILL_AREA ( #4354 ) ;
#1772 = ORIENTED_EDGE ( 'NONE', *, *, #817, .T. ) ;
#1773 = AXIS2_PLACEMENT_3D ( 'NONE', #646, #2893, #3215 ) ;
#1774 = LINE ( 'NONE', #3763, #3437 ) ;
#1775 = DIRECTION ( 'NONE',  ( -0.0000000000000000000, 1.000000000000000000, 0.0000000000000000000 ) ) ;
#1776 = ORIENTED_EDGE ( 'NONE', *, *, #1061, .T. ) ;
#1777 = VECTOR ( 'NONE', #3270, 1000.000000000000000 ) ;
#1778 = CARTESIAN_POINT ( 'NONE',  ( 0.5250000000000000222, 0.8000000000000000444, -2.324999999999999734 ) ) ;
#1779 = LINE ( 'NONE', #2775, #3049 ) ;
#1780 = CARTESIAN_POINT ( 'NONE',  ( 2.274999999999999911, 0.0000000000000000000, 0.0000000000000000000 ) ) ;
#1781 = ORIENTED_EDGE ( 'NONE', *, *, #1792, .T. ) ;
#1782 = PLANE ( 'NONE',  #2471 ) ;
#1783 = VECTOR ( 'NONE', #1581, 1000.000000000000000 ) ;
#1784 = VECTOR ( 'NONE', #2656, 1000.000000000000000 ) ;
#1785 = VECTOR ( 'NONE', #2840, 1000.000000000000000 ) ;
#1786 = LINE ( 'NONE', #3892, #4276 ) ;
#1787 = SURFACE_STYLE_USAGE ( .BOTH. , #1031 ) ;
#1788 = CARTESIAN_POINT ( 'NONE',  ( 1.875000000000000000, 0.5000000000000000000, 2.024999999999999911 ) ) ;
#1789 = SURFACE_STYLE_USAGE ( .BOTH. , #2832 ) ;
#1790 = CARTESIAN_POINT ( 'NONE',  ( 1.375000000000000000, 3.750000000000000000, -2.024999999999999911 ) ) ;
#1791 = VECTOR ( 'NONE', #1560, 1000.000000000000000 ) ;
#1792 = EDGE_CURVE ( 'NONE', #1984, #4384, #750, .T. ) ;
#1793 = ORIENTED_EDGE ( 'NONE', *, *, #3135, .T. ) ;
#1794 = DIRECTION ( 'NONE',  ( 0.0000000000000000000, 1.000000000000000000, 0.0000000000000000000 ) ) ;
#1795 = ADVANCED_FACE ( 'NONE', ( #1741 ), #2362, .T. ) ;
#1796 = PLANE ( 'NONE',  #374 ) ;
#1797 = LINE ( 'NONE', #1629, #1338 ) ;
#1798 = ORIENTED_EDGE ( 'NONE', *, *, #2308, .T. ) ;
#1799 = EDGE_CURVE ( 'NONE', #1496, #4336, #4790, .T. ) ;
#1800 = PLANE ( 'NONE',  #1139 ) ;
#1801 = ORIENTED_EDGE ( 'NONE', *, *, #1893, .T. ) ;
#1802 = UNCERTAINTY_MEASURE_WITH_UNIT (LENGTH_MEASURE( 1.000000000000000082E-05 ), #2159, 'distance_accuracy_value', 'NONE');
#1803 = ADVANCED_FACE ( 'NONE', ( #1090 ), #2767, .F. ) ;
#1804 = ORIENTED_EDGE ( 'NONE', *, *, #222, .T. ) ;
#1805 = VERTEX_POINT ( 'NONE', #3113 ) ;
#1806 = DIRECTION ( 'NONE',  ( 0.0000000000000000000, -1.000000000000000000, 0.0000000000000000000 ) ) ;
#1807 = AXIS2_PLACEMENT_3D ( 'NONE', #1677, #1251, #2016 ) ;
#1808 = CARTESIAN_POINT ( 'NONE',  ( 2.375000000000000000, 3.750000000000000000, 0.02500000000000000139 ) ) ;
#1809 = DIRECTION ( 'NONE',  ( -1.000000000000000000, 0.0000000000000000000, 0.0000000000000000000 ) ) ;
#1810 = ORIENTED_EDGE ( 'NONE', *, *, #3426, .F. ) ;
#1811 = VERTEX_POINT ( 'NONE', #1690 ) ;
#1812 = CARTESIAN_POINT ( 'NONE',  ( 2.274999999999999911, 0.6000000000000024203, 1.375000000000002442 ) ) ;
#1813 = PRODUCT_DEFINITION_FORMATION_WITH_SPECIFIED_SOURCE ( 'ANY', '', #3649, .NOT_KNOWN. ) ;
#1814 = CARTESIAN_POINT ( 'NONE',  ( -0.5250000000000000222, 1.315130797599999957, 1.171117220399999770 ) ) ;
#1815 = VERTEX_POINT ( 'NONE', #2369 ) ;
#1817 = VERTEX_POINT ( 'NONE', #2001 ) ;
#1816 = LINE ( 'NONE', #3552, #2107 ) ;
#1818 = EDGE_CURVE ( 'NONE', #475, #2123, #2944, .T. ) ;
#1819 =( LENGTH_UNIT ( ) NAMED_UNIT ( * ) SI_UNIT ( .MILLI., .METRE. ) );
#1820 = VERTEX_POINT ( 'NONE', #4579 ) ;
#1821 = FACE_OUTER_BOUND ( 'NONE', #3696, .T. ) ;
#1822 = DIRECTION ( 'NONE',  ( 0.0000000000000000000, 0.0000000000000000000, 1.000000000000000000 ) ) ;
#1823 = EDGE_CURVE ( 'NONE', #2631, #2311, #3063, .T. ) ;
#1824 = COLOUR_RGB ( '',0.6470588235294117974, 0.6196078431372549211, 0.5882352941176470784 ) ;
#1825 = EDGE_CURVE ( 'NONE', #1611, #1225, #1797, .T. ) ;
#1826 = CARTESIAN_POINT ( 'NONE',  ( 1.875000000000000000, 2.550000000000000266, -1.474999999999999867 ) ) ;
#1827 = VERTEX_POINT ( 'NONE', #3084 ) ;
#1828 = DIRECTION ( 'NONE',  ( -0.0000000000000000000, -0.0000000000000000000, 1.000000000000000000 ) ) ;
#1829 = VECTOR ( 'NONE', #2978, 1000.000000000000000 ) ;
#1830 = VECTOR ( 'NONE', #3797, 1000.000000000000000 ) ;
#1831 = DIRECTION ( 'NONE',  ( -1.000000000000000000, 0.0000000000000000000, 0.0000000000000000000 ) ) ;
#1832 = ORIENTED_EDGE ( 'NONE', *, *, #2979, .F. ) ;
#1833 = EDGE_CURVE ( 'NONE', #1990, #978, #4172, .T. ) ;
#1834 = LINE ( 'NONE', #70, #833 ) ;
#1835 = AXIS2_PLACEMENT_3D ( 'NONE', #528, #4193, #3097 ) ;
#1836 = LINE ( 'NONE', #890, #3039 ) ;
#1837 = ORIENTED_EDGE ( 'NONE', *, *, #2891, .F. ) ;
#1838 = ORIENTED_EDGE ( 'NONE', *, *, #78, .F. ) ;
#1839 = CARTESIAN_POINT ( 'NONE',  ( 1.875000000000000000, 2.550000000000000266, 2.024999999999999911 ) ) ;
#1840 = CARTESIAN_POINT ( 'NONE',  ( -0.7249999999999999778, -0.05000000000000000278, 0.0000000000000000000 ) ) ;
#1841 = CARTESIAN_POINT ( 'NONE',  ( 2.274999999999999911, 0.0000000000000000000, 2.024999999999999911 ) ) ;
#1842 = ORIENTED_EDGE ( 'NONE', *, *, #1308, .F. ) ;
#1843 = LINE ( 'NONE', #4325, #4771 ) ;
#1844 = EDGE_CURVE ( 'NONE', #4399, #679, #2198, .T. ) ;
#1845 = EDGE_CURVE ( 'NONE', #3210, #2, #1395, .T. ) ;
#1846 = FACE_OUTER_BOUND ( 'NONE', #259, .T. ) ;
#1847 = VECTOR ( 'NONE', #2989, 1000.000000000000000 ) ;
#1848 = CARTESIAN_POINT ( 'NONE',  ( 0.7249999999999999778, 0.5000000000000000000, 0.0000000000000000000 ) ) ;
#1849 = ORIENTED_EDGE ( 'NONE', *, *, #3946, .F. ) ;
#1850 = VECTOR ( 'NONE', #1493, 1000.000000000000000 ) ;
#1851 = LINE ( 'NONE', #377, #3563 ) ;
#1852 = ORIENTED_EDGE ( 'NONE', *, *, #3896, .F. ) ;
#1853 = ADVANCED_FACE ( 'NONE', ( #3759 ), #3693, .F. ) ;
#1854 = CARTESIAN_POINT ( 'NONE',  ( 0.0000000000000000000, 1.000000000000000000, -1.474999999999999867 ) ) ;
#1855 = ORIENTED_EDGE ( 'NONE', *, *, #245, .T. ) ;
#1856 = CARTESIAN_POINT ( 'NONE',  ( 2.875000000000000000, 4.250000000000000000, 2.024999999999999911 ) ) ;
#1857 = CARTESIAN_POINT ( 'NONE',  ( -2.500000000000000000, 4.250000000000000000, 2.024999999999999911 ) ) ;
#1858 = CARTESIAN_POINT ( 'NONE',  ( -0.4249999999999999889, 1.649999999999999911, -1.698606797699999893 ) ) ;
#1859 = ORIENTED_EDGE ( 'NONE', *, *, #3470, .T. ) ;
#1860 = VECTOR ( 'NONE', #558, 1000.000000000000000 ) ;
#1861 = FACE_OUTER_BOUND ( 'NONE', #3507, .T. ) ;
#1862 = PLANE ( 'NONE',  #3148 ) ;
#1863 = PLANE ( 'NONE',  #2847 ) ;
#1864 = ORIENTED_EDGE ( 'NONE', *, *, #3607, .T. ) ;
#1865 = EDGE_CURVE ( 'NONE', #1271, #2565, #3823, .T. ) ;
#1866 = VERTEX_POINT ( 'NONE', #4562 ) ;
#1867 = CARTESIAN_POINT ( 'NONE',  ( -0.5250000000000000222, 1.000000000000000000, 1.525000000000000133 ) ) ;
#1868 = VERTEX_POINT ( 'NONE', #1299 ) ;
#1869 = ORIENTED_EDGE ( 'NONE', *, *, #4304, .F. ) ;
#1870 = AXIS2_PLACEMENT_3D ( 'NONE', #1369, #1758, #989 ) ;
#1871 = PLANE ( 'NONE',  #1739 ) ;
#1872 = ORIENTED_EDGE ( 'NONE', *, *, #2367, .T. ) ;
#1873 = CARTESIAN_POINT ( 'NONE',  ( -0.5250000000000000222, 1.350000000000000089, 0.0000000000000000000 ) ) ;
#1874 = CARTESIAN_POINT ( 'NONE',  ( -1.875000000000000000, 3.149999999999999911, -2.024999999999999911 ) ) ;
#1875 = LINE ( 'NONE', #728, #2672 ) ;
#1876 = DIRECTION ( 'NONE',  ( 0.0000000000000000000, 1.000000000000000000, 0.0000000000000000000 ) ) ;
#1877 = ORIENTED_EDGE ( 'NONE', *, *, #1833, .T. ) ;
#1878 = CARTESIAN_POINT ( 'NONE',  ( -0.7249999999999999778, 1.850000000000000089, -2.024999999999999911 ) ) ;
#1879 = ORIENTED_EDGE ( 'NONE', *, *, #3059, .F. ) ;
#1880 = CARTESIAN_POINT ( 'NONE',  ( -0.8750000000000000000, 3.750000000000000000, 2.024999999999999911 ) ) ;
#1881 = DIRECTION ( 'NONE',  ( 1.000000000000000000, 0.0000000000000000000, 0.0000000000000000000 ) ) ;
#1882 = ORIENTED_EDGE ( 'NONE', *, *, #3576, .F. ) ;
#1883 = FACE_OUTER_BOUND ( 'NONE', #1416, .T. ) ;
#1884 = PLANE ( 'NONE',  #2329 ) ;
#1885 = LINE ( 'NONE', #1078, #253 ) ;
#1886 = VERTEX_POINT ( 'NONE', #2398 ) ;
#1887 = EDGE_CURVE ( 'NONE', #4701, #1622, #4116, .T. ) ;
#1888 = CARTESIAN_POINT ( 'NONE',  ( 2.274999999999999911, 1.949999999999999512, 2.025000000000007017 ) ) ;
#1889 = CARTESIAN_POINT ( 'NONE',  ( 1.375000000000000000, 3.149999999999999911, -2.024999999999999911 ) ) ;
#1890 = DIRECTION ( 'NONE',  ( -0.0000000000000000000, 1.000000000000000000, 0.0000000000000000000 ) ) ;
#1891 = CARTESIAN_POINT ( 'NONE',  ( -2.875000000000000000, 0.6000000000000024203, 1.375000000000002442 ) ) ;
#1892 = CARTESIAN_POINT ( 'NONE',  ( -2.875000000000000000, 2.000000000000000000, -1.425000000000000044 ) ) ;
#1893 = EDGE_CURVE ( 'NONE', #4142, #3096, #3455, .T. ) ;
#1894 = FACE_OUTER_BOUND ( 'NONE', #1492, .T. ) ;
#1895 = VERTEX_POINT ( 'NONE', #3143 ) ;
#1896 = CARTESIAN_POINT ( 'NONE',  ( 2.475000000000000089, -0.05000000000000000278, 2.024999999999999911 ) ) ;
#1897 = PLANE ( 'NONE',  #1474 ) ;
#1898 = EDGE_LOOP ( 'NONE', ( #1471, #2393, #324, #3584, #3354, #4742, #2625, #809, #3018, #1347, #1024, #2703, #4506, #2141, #3952, #388 ) ) ;
#1899 = LINE ( 'NONE', #4395, #3678 ) ;
#1900 = ORIENTED_EDGE ( 'NONE', *, *, #328, .F. ) ;
#1901 = VECTOR ( 'NONE', #887, 1000.000000000000000 ) ;
#1902 = ORIENTED_EDGE ( 'NONE', *, *, #4445, .T. ) ;
#1903 = DIRECTION ( 'NONE',  ( 0.0000000000000000000, -1.000000000000000000, 0.0000000000000000000 ) ) ;
#1904 = VECTOR ( 'NONE', #4233, 1000.000000000000000 ) ;
#1905 = CARTESIAN_POINT ( 'NONE',  ( 0.7249999999999999778, 1.850000000000000089, -2.024999999999999911 ) ) ;
#1906 = CARTESIAN_POINT ( 'NONE',  ( -2.274999999999999911, 8.673617379884035472E-15, -0.2250000000000008105 ) ) ;
#1907 = CARTESIAN_POINT ( 'NONE',  ( 0.7249999999999999778, 0.5000000000000000000, 2.024999999999999911 ) ) ;
#1908 = VECTOR ( 'NONE', #2912, 1000.000000000000000 ) ;
#1909 = VECTOR ( 'NONE', #4589, 1000.000000000000000 ) ;
#1910 = DIRECTION ( 'NONE',  ( 1.000000000000000000, 0.0000000000000000000, 0.0000000000000000000 ) ) ;
#1911 = LINE ( 'NONE', #2668, #2406 ) ;
#1912 = AXIS2_PLACEMENT_3D ( 'NONE', #4487, #4548, #4161 ) ;
#1913 = ORIENTED_EDGE ( 'NONE', *, *, #981, .F. ) ;
#1914 = VECTOR ( 'NONE', #3378, 1000.000000000000000 ) ;
#1915 = CARTESIAN_POINT ( 'NONE',  ( 0.7249999999999999778, 1.350000000000000089, -1.525000000000000133 ) ) ;
#1916 = CARTESIAN_POINT ( 'NONE',  ( -0.7249999999999999778, 1.850000000000000089, -1.698606797699999893 ) ) ;
#1917 = CARTESIAN_POINT ( 'NONE',  ( -1.875000000000000000, 0.5000000000000000000, -1.474999999999999867 ) ) ;
#1918 = ORIENTED_EDGE ( 'NONE', *, *, #1236, .F. ) ;
#1919 = DIRECTION ( 'NONE',  ( 1.000000000000000000, 0.0000000000000000000, 0.0000000000000000000 ) ) ;
#1920 = ORIENTED_EDGE ( 'NONE', *, *, #4713, .T. ) ;
#1921 = LINE ( 'NONE', #3463, #4671 ) ;
#1922 = EDGE_CURVE ( 'NONE', #3753, #166, #1921, .T. ) ;
#1923 = CARTESIAN_POINT ( 'NONE',  ( 2.274999999999999911, 2.000000000000000000, -2.024999999999999911 ) ) ;
#1924 = VERTEX_POINT ( 'NONE', #3958 ) ;
#1925 = ORIENTED_EDGE ( 'NONE', *, *, #4613, .T. ) ;
#1926 = CARTESIAN_POINT ( 'NONE',  ( -1.875000000000000000, 2.550000000000000266, -1.474999999999999867 ) ) ;
#1927 = DIRECTION ( 'NONE',  ( 1.000000000000000000, 0.0000000000000000000, 0.0000000000000000000 ) ) ;
#1928 = CARTESIAN_POINT ( 'NONE',  ( 0.0000000000000000000, 4.250000000000000000, 0.0000000000000000000 ) ) ;
#1929 = ORIENTED_EDGE ( 'NONE', *, *, #972, .F. ) ;
#1930 = VECTOR ( 'NONE', #1062, 1000.000000000000000 ) ;
#1931 = EDGE_CURVE ( 'NONE', #3245, #1643, #411, .T. ) ;
#1932 = CARTESIAN_POINT ( 'NONE',  ( 2.475000000000000089, 0.6000000000000076383, -0.2249999999999982014 ) ) ;
#1933 = EDGE_CURVE ( 'NONE', #3895, #3911, #529, .T. ) ;
#1934 = ORIENTED_EDGE ( 'NONE', *, *, #261, .F. ) ;
#1935 = ORIENTED_EDGE ( 'NONE', *, *, #1409, .F. ) ;
#1936 = CARTESIAN_POINT ( 'NONE',  ( -0.5250000000000000222, 0.5000000000000000000, -2.324999999999999734 ) ) ;
#1937 = LINE ( 'NONE', #280, #2600 ) ;
#1938 = ORIENTED_EDGE ( 'NONE', *, *, #914, .T. ) ;
#1939 = CARTESIAN_POINT ( 'NONE',  ( 2.875000000000000000, 1.000000000000000000, -2.024999999999999911 ) ) ;
#1940 = ORIENTED_EDGE ( 'NONE', *, *, #3866, .T. ) ;
#1941 = CARTESIAN_POINT ( 'NONE',  ( 2.456138830084189983, 2.750000000000000000, -0.4749999999999999778 ) ) ;
#1942 = VERTEX_POINT ( 'NONE', #1399 ) ;
#1943 = DIRECTION ( 'NONE',  ( 0.0000000000000000000, -6.672013369141637200E-16, 1.000000000000000000 ) ) ;
#1944 = AXIS2_PLACEMENT_3D ( 'NONE', #2481, #1011, #1172 ) ;
#1945 = DIRECTION ( 'NONE',  ( 0.0000000000000000000, -0.6650335612228979176, -0.7468134723257140450 ) ) ;
#1946 = APPLICATION_CONTEXT ( 'automotive_design' ) ;
#1947 = VERTEX_POINT ( 'NONE', #1379 ) ;
#1948 = DIRECTION ( 'NONE',  ( 1.000000000000000000, 0.0000000000000000000, 0.0000000000000000000 ) ) ;
#1949 = FACE_OUTER_BOUND ( 'NONE', #422, .T. ) ;
#1950 = FACE_OUTER_BOUND ( 'NONE', #2816, .T. ) ;
#1951 = ORIENTED_EDGE ( 'NONE', *, *, #3998, .T. ) ;
#1952 = CARTESIAN_POINT ( 'NONE',  ( 2.875000000000000000, 1.000000000000000000, -2.024999999999999911 ) ) ;
#1953 = LINE ( 'NONE', #1535, #3539 ) ;
#1954 = DIRECTION ( 'NONE',  ( -0.0000000000000000000, 0.0000000000000000000, 1.000000000000000000 ) ) ;
#1955 = DIRECTION ( 'NONE',  ( 0.0000000000000000000, 0.0000000000000000000, 1.000000000000000000 ) ) ;
#1956 = LINE ( 'NONE', #281, #4466 ) ;
#1957 = LINE ( 'NONE', #3757, #3134 ) ;
#1958 = EDGE_CURVE ( 'NONE', #3459, #4094, #1511, .T. ) ;
#1959 = CARTESIAN_POINT ( 'NONE',  ( -2.274999999999999911, 0.0000000000000000000, 2.024999999999999911 ) ) ;
#1960 = ADVANCED_FACE ( 'NONE', ( #3230 ), #192, .F. ) ;
#1961 = VECTOR ( 'NONE', #2109, 1000.000000000000000 ) ;
#1962 = PRESENTATION_STYLE_ASSIGNMENT (( #1789 ) ) ;
#1963 = PLANE ( 'NONE',  #2498 ) ;
#1964 = CARTESIAN_POINT ( 'NONE',  ( -0.7349999999999999867, 1.000000000000000000, -1.025000000000000133 ) ) ;
#1965 = ORIENTED_EDGE ( 'NONE', *, *, #4086, .T. ) ;
#1966 = EDGE_CURVE ( 'NONE', #3296, #2593, #1277, .T. ) ;
#1967 = AXIS2_PLACEMENT_3D ( 'NONE', #123, #1206, #488 ) ;
#1968 = LINE ( 'NONE', #2545, #2518 ) ;
#1969 = DIRECTION ( 'NONE',  ( -0.0000000000000000000, 0.0000000000000000000, 1.000000000000000000 ) ) ;
#1970 = DIRECTION ( 'NONE',  ( 0.0000000000000000000, 0.0000000000000000000, 1.000000000000000000 ) ) ;
#1971 = ORIENTED_EDGE ( 'NONE', *, *, #4590, .F. ) ;
#1972 = LINE ( 'NONE', #2470, #1016 ) ;
#1973 = VECTOR ( 'NONE', #4215, 1000.000000000000000 ) ;
#1974 = LINE ( 'NONE', #2740, #575 ) ;
#1975 = AXIS2_PLACEMENT_3D ( 'NONE', #895, #2782, #3138 ) ;
#1976 = VECTOR ( 'NONE', #476, 1000.000000000000000 ) ;
#1977 = DIRECTION ( 'NONE',  ( 0.0000000000000000000, 0.0000000000000000000, 1.000000000000000000 ) ) ;
#1978 = ORIENTED_EDGE ( 'NONE', *, *, #1390, .T. ) ;
#1979 = ORIENTED_EDGE ( 'NONE', *, *, #2282, .T. ) ;
#1980 = ADVANCED_FACE ( 'NONE', ( #1737 ), #2080, .F. ) ;
#1981 = ORIENTED_EDGE ( 'NONE', *, *, #76, .F. ) ;
#1982 = EDGE_CURVE ( 'NONE', #2593, #1320, #2146, .T. ) ;
#1983 = CARTESIAN_POINT ( 'NONE',  ( 1.375000000000000000, 3.750000000000000000, -2.024999999999999911 ) ) ;
#1984 = VERTEX_POINT ( 'NONE', #3921 ) ;
#1985 = FACE_OUTER_BOUND ( 'NONE', #3936, .T. ) ;
#1986 = ORIENTED_EDGE ( 'NONE', *, *, #720, .T. ) ;
#1987 = VERTEX_POINT ( 'NONE', #2143 ) ;
#1988 = EDGE_CURVE ( 'NONE', #1071, #3564, #917, .T. ) ;
#1989 = CARTESIAN_POINT ( 'NONE',  ( 0.7249999999999999778, 1.000000000000000000, -1.525000000000000133 ) ) ;
#1990 = VERTEX_POINT ( 'NONE', #1767 ) ;
#1991 = EDGE_CURVE ( 'NONE', #4717, #978, #4343, .T. ) ;
#1992 = ORIENTED_EDGE ( 'NONE', *, *, #701, .T. ) ;
#1993 = DIRECTION ( 'NONE',  ( 0.0000000000000000000, 1.000000000000000000, 0.0000000000000000000 ) ) ;
#1994 = DIRECTION ( 'NONE',  ( -1.000000000000000000, 0.0000000000000000000, 0.0000000000000000000 ) ) ;
#1995 = VERTEX_POINT ( 'NONE', #1716 ) ;
#1996 = AXIS2_PLACEMENT_3D ( 'NONE', #250, #2838, #3207 ) ;
#1997 = ORIENTED_EDGE ( 'NONE', *, *, #213, .F. ) ;
#1998 = ADVANCED_FACE ( 'NONE', ( #1985 ), #619, .T. ) ;
#1999 = CARTESIAN_POINT ( 'NONE',  ( -2.875000000000000000, 4.250000000000000000, 2.024999999999999911 ) ) ;
#2000 = DIRECTION ( 'NONE',  ( 0.0000000000000000000, 0.0000000000000000000, 1.000000000000000000 ) ) ;
#2001 = CARTESIAN_POINT ( 'NONE',  ( -0.5250000000000000222, 1.000000000000000000, 1.525000000000000133 ) ) ;
#2002 = EDGE_CURVE ( 'NONE', #3117, #591, #746, .T. ) ;
#2003 = ADVANCED_FACE ( 'NONE', ( #3001 ), #230, .F. ) ;
#2004 = DIRECTION ( 'NONE',  ( 0.0000000000000000000, -1.000000000000000000, 0.0000000000000000000 ) ) ;
#2005 = CARTESIAN_POINT ( 'NONE',  ( 0.7249999999999999778, 0.5547525681000000652, 2.024999999999999911 ) ) ;
#2006 = DIRECTION ( 'NONE',  ( -0.0000000000000000000, 1.000000000000000000, 0.0000000000000000000 ) ) ;
#2007 = ORIENTED_EDGE ( 'NONE', *, *, #499, .F. ) ;
#2008 = VECTOR ( 'NONE', #98, 1000.000000000000000 ) ;
#2009 = ORIENTED_EDGE ( 'NONE', *, *, #1521, .T. ) ;
#2010 = UNCERTAINTY_MEASURE_WITH_UNIT (LENGTH_MEASURE( 1.000000000000000082E-05 ), #1745, 'distance_accuracy_value', 'NONE');
#2011 = CARTESIAN_POINT ( 'NONE',  ( 2.875000000000000000, 0.6000000000000076383, -0.2249999999999982014 ) ) ;
#2012 = EDGE_LOOP ( 'NONE', ( #1801, #3178, #2937, #3590, #693, #899 ) ) ;
#2013 = CARTESIAN_POINT ( 'NONE',  ( 0.7349999999999999867, 1.850000000000000089, -1.025000000000000133 ) ) ;
#2014 = VECTOR ( 'NONE', #1004, 1000.000000000000000 ) ;
#2015 = EDGE_LOOP ( 'NONE', ( #2951, #1754, #4010, #1109 ) ) ;
#2016 = DIRECTION ( 'NONE',  ( 0.0000000000000000000, 1.000000000000000000, 0.0000000000000000000 ) ) ;
#2017 = VECTOR ( 'NONE', #538, 1000.000000000000114 ) ;
#2018 = VERTEX_POINT ( 'NONE', #2785 ) ;
#2019 = PLANE ( 'NONE',  #4392 ) ;
#2020 = DIRECTION ( 'NONE',  ( 1.000000000000000000, 0.0000000000000000000, 0.0000000000000000000 ) ) ;
#2021 = LINE ( 'NONE', #1129, #3268 ) ;
#2022 = VERTEX_POINT ( 'NONE', #1333 ) ;
#2023 = EDGE_LOOP ( 'NONE', ( #2830, #3441, #1161, #509 ) ) ;
#2024 = ADVANCED_FACE ( 'NONE', ( #3112 ), #3543, .T. ) ;
#2025 = CARTESIAN_POINT ( 'NONE',  ( 2.475000000000000089, 1.950000000000002176, 1.375000000000006883 ) ) ;
#2026 = AXIS2_PLACEMENT_3D ( 'NONE', #1189, #4112, #1527 ) ;
#2027 = PLANE ( 'NONE',  #118 ) ;
#2028 = CARTESIAN_POINT ( 'NONE',  ( 1.875000000000000000, 3.750000000000000000, -2.024999999999999911 ) ) ;
#2029 = VERTEX_POINT ( 'NONE', #949 ) ;
#2030 = DIRECTION ( 'NONE',  ( -1.000000000000000000, -0.0000000000000000000, -0.0000000000000000000 ) ) ;
#2031 = VERTEX_POINT ( 'NONE', #3984 ) ;
#2032 = VECTOR ( 'NONE', #1012, 1000.000000000000000 ) ;
#2033 = DIRECTION ( 'NONE',  ( 0.0000000000000000000, -1.000000000000000000, 0.0000000000000000000 ) ) ;
#2034 = VERTEX_POINT ( 'NONE', #4292 ) ;
#2035 = ORIENTED_EDGE ( 'NONE', *, *, #981, .T. ) ;
#2036 = VERTEX_POINT ( 'NONE', #2207 ) ;
#2037 = CARTESIAN_POINT ( 'NONE',  ( -0.5250000000000000222, 1.000000000000000000, -1.525000000000000133 ) ) ;
#2038 = DIRECTION ( 'NONE',  ( 1.000000000000000000, 0.0000000000000000000, 0.0000000000000000000 ) ) ;
#2039 = ORIENTED_EDGE ( 'NONE', *, *, #1825, .T. ) ;
#2040 = ORIENTED_EDGE ( 'NONE', *, *, #270, .T. ) ;
#2041 = CARTESIAN_POINT ( 'NONE',  ( 1.875000000000000000, 2.550000000000000266, 2.024999999999999911 ) ) ;
#2042 = ORIENTED_EDGE ( 'NONE', *, *, #3811, .F. ) ;
#2043 = ORIENTED_EDGE ( 'NONE', *, *, #1642, .T. ) ;
#2044 = EDGE_CURVE ( 'NONE', #2585, #2762, #3999, .T. ) ;
#2045 = DIRECTION ( 'NONE',  ( 1.000000000000000000, 0.0000000000000000000, 0.0000000000000000000 ) ) ;
#2046 = VECTOR ( 'NONE', #1034, 1000.000000000000000 ) ;
#2047 = ORIENTED_EDGE ( 'NONE', *, *, #428, .T. ) ;
#2048 = DIRECTION ( 'NONE',  ( 0.0000000000000000000, -4.336808689942024836E-15, 1.000000000000000000 ) ) ;
#2049 = VECTOR ( 'NONE', #4727, 1000.000000000000000 ) ;
#2050 = DIRECTION ( 'NONE',  ( -1.000000000000000000, -0.0000000000000000000, -0.0000000000000000000 ) ) ;
#2051 = AXIS2_PLACEMENT_3D ( 'NONE', #3834, #1287, #511 ) ;
#2052 = ORIENTED_EDGE ( 'NONE', *, *, #888, .F. ) ;
#2053 = CARTESIAN_POINT ( 'NONE',  ( -2.274999999999999911, 0.6000000000000024203, 1.375000000000002442 ) ) ;
#2054 = LINE ( 'NONE', #725, #4363 ) ;
#2055 = EDGE_LOOP ( 'NONE', ( #2922, #2535, #4407, #15 ) ) ;
#2056 = DIRECTION ( 'NONE',  ( 0.0000000000000000000, 1.000000000000000000, 0.0000000000000000000 ) ) ;
#2057 = VECTOR ( 'NONE', #1547, 1000.000000000000000 ) ;
#2058 =( GEOMETRIC_REPRESENTATION_CONTEXT ( 3 ) GLOBAL_UNCERTAINTY_ASSIGNED_CONTEXT ( ( #3005 ) ) GLOBAL_UNIT_ASSIGNED_CONTEXT ( ( #2756, #4148, #3128 ) ) REPRESENTATION_CONTEXT ( 'NONE', 'WORKASPACE' ) );
#2059 = CARTESIAN_POINT ( 'NONE',  ( 0.7249999999999999778, 0.2500000000000000000, -1.824999999999999956 ) ) ;
#2060 = EDGE_CURVE ( 'NONE', #1451, #696, #2091, .T. ) ;
#2061 = VECTOR ( 'NONE', #226, 1000.000000000000000 ) ;
#2062 = DIRECTION ( 'NONE',  ( 0.0000000000000000000, 1.000000000000000000, 0.0000000000000000000 ) ) ;
#2063 = ADVANCED_FACE ( 'NONE', ( #3511 ), #4043, .T. ) ;
#2064 = DIRECTION ( 'NONE',  ( 0.0000000000000000000, -1.000000000000000000, 0.0000000000000000000 ) ) ;
#2065 = LINE ( 'NONE', #1462, #2564 ) ;
#2066 = DIRECTION ( 'NONE',  ( 1.000000000000000000, 0.0000000000000000000, 0.0000000000000000000 ) ) ;
#2067 = CARTESIAN_POINT ( 'NONE',  ( 2.500000000000000000, 4.250000000000000000, -0.07499999999999998335 ) ) ;
#2068 = VERTEX_POINT ( 'NONE', #4754 ) ;
#2069 = EDGE_CURVE ( 'NONE', #2408, #136, #2245, .T. ) ;
#2070 = ADVANCED_FACE ( 'NONE', ( #2589 ), #2901, .F. ) ;
#2071 = ORIENTED_EDGE ( 'NONE', *, *, #2684, .T. ) ;
#2072 = LINE ( 'NONE', #1710, #4158 ) ;
#2073 = DIRECTION ( 'NONE',  ( 1.000000000000000000, 0.0000000000000000000, 0.0000000000000000000 ) ) ;
#2074 = LINE ( 'NONE', #1406, #788 ) ;
#2075 = LINE ( 'NONE', #2379, #3743 ) ;
#2076 = EDGE_CURVE ( 'NONE', #4448, #650, #4221, .T. ) ;
#2077 = LINE ( 'NONE', #2788, #1075 ) ;
#2078 = DIRECTION ( 'NONE',  ( 0.0000000000000000000, 0.0000000000000000000, -1.000000000000000000 ) ) ;
#2079 = ORIENTED_EDGE ( 'NONE', *, *, #879, .F. ) ;
#2080 = PLANE ( 'NONE',  #4130 ) ;
#2081 = EDGE_LOOP ( 'NONE', ( #2824, #383, #3727, #4115 ) ) ;
#2082 = CARTESIAN_POINT ( 'NONE',  ( -0.7349999999999999867, 1.649999999999999911, -1.025000000000000133 ) ) ;
#2083 = ORIENTED_EDGE ( 'NONE', *, *, #4768, .F. ) ;
#2084 = AXIS2_PLACEMENT_3D ( 'NONE', #1208, #1556, #1173 ) ;
#2085 = DIRECTION ( 'NONE',  ( 0.0000000000000000000, 0.0000000000000000000, -1.000000000000000000 ) ) ;
#2086 = DIRECTION ( 'NONE',  ( 0.0000000000000000000, -1.000000000000000000, 0.0000000000000000000 ) ) ;
#2087 = ORIENTED_EDGE ( 'NONE', *, *, #373, .F. ) ;
#2088 = ORIENTED_EDGE ( 'NONE', *, *, #1463, .T. ) ;
#2089 = ORIENTED_EDGE ( 'NONE', *, *, #3111, .T. ) ;
#2090 = AXIS2_PLACEMENT_3D ( 'NONE', #379, #2958, #1502 ) ;
#2091 = LINE ( 'NONE', #2110, #38 ) ;
#2092 = VECTOR ( 'NONE', #2665, 1000.000000000000000 ) ;
#2093 = CARTESIAN_POINT ( 'NONE',  ( 0.5250000000000000222, 1.850000000000000089, -2.024999999999999911 ) ) ;
#2094 = CARTESIAN_POINT ( 'NONE',  ( -2.274999999999999911, 0.6000000000000024203, 1.375000000000002442 ) ) ;
#2095 = ORIENTED_EDGE ( 'NONE', *, *, #1844, .T. ) ;
#2096 = ADVANCED_FACE ( 'NONE', ( #210 ), #1782, .F. ) ;
#2097 = DIRECTION ( 'NONE',  ( 0.0000000000000000000, 1.000000000000000000, 0.0000000000000000000 ) ) ;
#2098 = DIRECTION ( 'NONE',  ( 1.000000000000000000, 0.0000000000000000000, 0.0000000000000000000 ) ) ;
#2099 = MANIFOLD_SOLID_BREP ( 'Body-Move/Copy2[3]', #4293 ) ;
#2100 = DIRECTION ( 'NONE',  ( 0.0000000000000000000, 0.0000000000000000000, -1.000000000000000000 ) ) ;
#2101 = PLANE ( 'NONE',  #3087 ) ;
#2102 = DIRECTION ( 'NONE',  ( 0.0000000000000000000, 1.000000000000000000, 0.0000000000000000000 ) ) ;
#2103 = ORIENTED_EDGE ( 'NONE', *, *, #2190, .T. ) ;
#2104 = ORIENTED_EDGE ( 'NONE', *, *, #3594, .F. ) ;
#2105 = PLANE ( 'NONE',  #2175 ) ;
#2106 = VERTEX_POINT ( 'NONE', #1057 ) ;
#2108 = VERTEX_POINT ( 'NONE', #4362 ) ;
#2107 = VECTOR ( 'NONE', #3933, 1000.000000000000000 ) ;
#2109 = DIRECTION ( 'NONE',  ( 0.0000000000000000000, 1.000000000000000000, 0.0000000000000000000 ) ) ;
#2110 = CARTESIAN_POINT ( 'NONE',  ( -2.274999999999999911, 4.240000000000000213, -0.07499999999999998335 ) ) ;
#2111 = VECTOR ( 'NONE', #267, 1000.000000000000000 ) ;
#2112 = EDGE_LOOP ( 'NONE', ( #2083, #493, #2009, #1978 ) ) ;
#2113 = CARTESIAN_POINT ( 'NONE',  ( 0.7249999999999999778, 1.649999999999999911, 2.024999999999999911 ) ) ;
#2114 = DIRECTION ( 'NONE',  ( 1.000000000000000000, -0.0000000000000000000, -0.0000000000000000000 ) ) ;
#2115 = ORIENTED_EDGE ( 'NONE', *, *, #977, .T. ) ;
#2116 =( NAMED_UNIT ( * ) SI_UNIT ( $, .STERADIAN. ) SOLID_ANGLE_UNIT ( ) );
#2117 = LINE ( 'NONE', #1183, #2791 ) ;
#2118 = ADVANCED_FACE ( 'NONE', ( #2583 ), #1800, .T. ) ;
#2119 = LINE ( 'NONE', #64, #3967 ) ;
#2120 = DIRECTION ( 'NONE',  ( 1.000000000000000000, 0.0000000000000000000, 0.0000000000000000000 ) ) ;
#2121 = DIRECTION ( 'NONE',  ( -0.0000000000000000000, -0.0000000000000000000, 1.000000000000000000 ) ) ;
#2122 = VECTOR ( 'NONE', #1994, 1000.000000000000000 ) ;
#2123 = VERTEX_POINT ( 'NONE', #4403 ) ;
#2124 = MECHANICAL_DESIGN_GEOMETRIC_PRESENTATION_REPRESENTATION (  '', ( #2204 ), #2058 ) ;
#2125 = CARTESIAN_POINT ( 'NONE',  ( 2.875000000000000000, 1.000000000000000000, -1.525000000000000133 ) ) ;
#2126 = EDGE_CURVE ( 'NONE', #3723, #3781, #3570, .T. ) ;
#2127 = LINE ( 'NONE', #2965, #3977 ) ;
#2128 = VERTEX_POINT ( 'NONE', #289 ) ;
#2129 = LINE ( 'NONE', #1738, #3211 ) ;
#2130 = VERTEX_POINT ( 'NONE', #2868 ) ;
#2131 = DIRECTION ( 'NONE',  ( 1.000000000000000000, 0.0000000000000000000, 0.0000000000000000000 ) ) ;
#2132 = CARTESIAN_POINT ( 'NONE',  ( -2.274999999999999911, 4.240000000000000213, 0.0000000000000000000 ) ) ;
#2133 = LINE ( 'NONE', #4170, #26 ) ;
#2134 = EDGE_LOOP ( 'NONE', ( #2690, #588, #570 ) ) ;
#2135 = EDGE_CURVE ( 'NONE', #3917, #2354, #1624, .T. ) ;
#2136 = VECTOR ( 'NONE', #2629, 1000.000000000000000 ) ;
#2137 = EDGE_CURVE ( 'NONE', #475, #4094, #638, .T. ) ;
#2138 = CARTESIAN_POINT ( 'NONE',  ( -2.274999999999999911, 1.949999999999999512, 2.025000000000007017 ) ) ;
#2139 = COLOUR_RGB ( '',1.000000000000000000, 0.8039215686274510109, 0.4980392156862745168 ) ;
#2140 = CARTESIAN_POINT ( 'NONE',  ( 0.5250000000000000222, 1.850000000000000089, 2.024999999999999911 ) ) ;
#2141 = ORIENTED_EDGE ( 'NONE', *, *, #3127, .F. ) ;
#2142 = LINE ( 'NONE', #1892, #3875 ) ;
#2143 = CARTESIAN_POINT ( 'NONE',  ( 2.875000000000000000, 4.250000000000000000, -0.07499999999999998335 ) ) ;
#2144 = ADVANCED_FACE ( 'NONE', ( #4554 ), #354, .T. ) ;
#2145 = ORIENTED_EDGE ( 'NONE', *, *, #4278, .F. ) ;
#2146 = LINE ( 'NONE', #211, #2882 ) ;
#2147 = PLANE ( 'NONE',  #4284 ) ;
#2148 = ORIENTED_EDGE ( 'NONE', *, *, #732, .T. ) ;
#2149 = ORIENTED_EDGE ( 'NONE', *, *, #2938, .F. ) ;
#2150 = CARTESIAN_POINT ( 'NONE',  ( 2.456138830084189983, 2.750000000000000000, -0.4749999999999999778 ) ) ;
#2151 = EDGE_CURVE ( 'NONE', #1317, #170, #1507, .T. ) ;
#2152 = VERTEX_POINT ( 'NONE', #1480 ) ;
#2153 = VERTEX_POINT ( 'NONE', #4062 ) ;
#2154 = DIRECTION ( 'NONE',  ( 0.0000000000000000000, 1.000000000000000000, 0.0000000000000000000 ) ) ;
#2155 = EDGE_LOOP ( 'NONE', ( #172, #2103, #738, #3635 ) ) ;
#2156 = ADVANCED_FACE ( 'NONE', ( #2193 ), #2967, .F. ) ;
#2157 = CARTESIAN_POINT ( 'NONE',  ( 0.8750000000000000000, 3.750000000000000000, -2.024999999999999911 ) ) ;
#2158 = VERTEX_POINT ( 'NONE', #3657 ) ;
#2159 =( LENGTH_UNIT ( ) NAMED_UNIT ( * ) SI_UNIT ( .MILLI., .METRE. ) );
#2160 = CARTESIAN_POINT ( 'NONE',  ( -0.5150000000000000133, 1.850000000000000089, -1.025000000000000133 ) ) ;
#2161 = DIRECTION ( 'NONE',  ( 0.0000000000000000000, 1.000000000000000000, 0.0000000000000000000 ) ) ;
#2162 = LINE ( 'NONE', #4796, #2547 ) ;
#2163 = ADVANCED_FACE ( 'NONE', ( #1452 ), #765, .F. ) ;
#2164 = ORIENTED_EDGE ( 'NONE', *, *, #4355, .F. ) ;
#2165 = CARTESIAN_POINT ( 'NONE',  ( -0.5250000000000000222, 0.5547525681000000652, 2.024999999999999911 ) ) ;
#2166 = LINE ( 'NONE', #1749, #63 ) ;
#2167 = EDGE_CURVE ( 'NONE', #4192, #2272, #524, .T. ) ;
#2168 = CARTESIAN_POINT ( 'NONE',  ( -0.7249999999999999778, 1.850000000000000089, 2.024999999999999911 ) ) ;
#2169 = VERTEX_POINT ( 'NONE', #2569 ) ;
#2170 = CARTESIAN_POINT ( 'NONE',  ( 2.456138830084189983, 2.250000000000000000, -0.4749999999999999778 ) ) ;
#2171 = LINE ( 'NONE', #380, #607 ) ;
#2172 = ORIENTED_EDGE ( 'NONE', *, *, #2285, .F. ) ;
#2173 = VECTOR ( 'NONE', #939, 1000.000000000000114 ) ;
#2174 = CARTESIAN_POINT ( 'NONE',  ( -2.274999999999999911, 1.950000000000002176, 1.375000000000006883 ) ) ;
#2175 = AXIS2_PLACEMENT_3D ( 'NONE', #1373, #584, #3965 ) ;
#2176 = VECTOR ( 'NONE', #338, 1000.000000000000000 ) ;
#2177 = CARTESIAN_POINT ( 'NONE',  ( -0.8750000000000000000, 3.750000000000000000, -2.024999999999999911 ) ) ;
#2178 = CARTESIAN_POINT ( 'NONE',  ( -2.274999999999999911, 0.6000000000000024203, 1.375000000000002442 ) ) ;
#2179 = ORIENTED_EDGE ( 'NONE', *, *, #2577, .T. ) ;
#2180 = CARTESIAN_POINT ( 'NONE',  ( -1.375000000000000000, 3.750000000000000000, 0.02500000000000000139 ) ) ;
#2181 = EDGE_CURVE ( 'NONE', #3096, #1987, #2358, .T. ) ;
#2182 = LINE ( 'NONE', #1213, #3446 ) ;
#2183 = LINE ( 'NONE', #433, #3744 ) ;
#2184 = DIRECTION ( 'NONE',  ( 0.0000000000000000000, 0.0000000000000000000, 1.000000000000000000 ) ) ;
#2185 = FACE_OUTER_BOUND ( 'NONE', #4329, .T. ) ;
#2186 = DIRECTION ( 'NONE',  ( 0.0000000000000000000, 0.0000000000000000000, 1.000000000000000000 ) ) ;
#2187 = DIRECTION ( 'NONE',  ( -0.0000000000000000000, -1.000000000000000000, -0.0000000000000000000 ) ) ;
#2188 = VECTOR ( 'NONE', #3182, 1000.000000000000000 ) ;
#2189 = ORIENTED_EDGE ( 'NONE', *, *, #4776, .F. ) ;
#2190 = EDGE_CURVE ( 'NONE', #1290, #475, #4338, .T. ) ;
#2191 = CARTESIAN_POINT ( 'NONE',  ( -1.175000000000000044, 1.850000000000000089, -1.474999999999999867 ) ) ;
#2192 = DIRECTION ( 'NONE',  ( -1.000000000000000000, 0.0000000000000000000, 0.0000000000000000000 ) ) ;
#2193 = FACE_OUTER_BOUND ( 'NONE', #761, .T. ) ;
#2194 = EDGE_LOOP ( 'NONE', ( #1204, #598, #2259, #1691 ) ) ;
#2195 = EDGE_CURVE ( 'NONE', #1728, #2313, #1270, .T. ) ;
#2196 = CARTESIAN_POINT ( 'NONE',  ( -1.175000000000000044, 1.850000000000000089, -1.474999999999999867 ) ) ;
#2197 = ORIENTED_EDGE ( 'NONE', *, *, #3388, .T. ) ;
#2198 = LINE ( 'NONE', #4211, #1860 ) ;
#2199 = LINE ( 'NONE', #448, #2092 ) ;
#2200 = VERTEX_POINT ( 'NONE', #3728 ) ;
#2201 = DIRECTION ( 'NONE',  ( -1.000000000000000000, 0.0000000000000000000, 0.0000000000000000000 ) ) ;
#2202 = DIRECTION ( 'NONE',  ( -0.0000000000000000000, 1.000000000000000000, -0.0000000000000000000 ) ) ;
#2203 = VECTOR ( 'NONE', #2186, 1000.000000000000000 ) ;
#2204 = STYLED_ITEM ( 'NONE', ( #4603 ), #1074 ) ;
#2205 = DIRECTION ( 'NONE',  ( -1.000000000000000000, 0.0000000000000000000, 0.0000000000000000000 ) ) ;
#2206 = VECTOR ( 'NONE', #2231, 1000.000000000000000 ) ;
#2207 = CARTESIAN_POINT ( 'NONE',  ( -2.475000000000000089, -0.05000000000000000278, -0.2250000000000008105 ) ) ;
#2208 = EDGE_LOOP ( 'NONE', ( #3796, #2900, #652, #2095, #4285, #2462, #246, #495, #2425, #2744, #353, #1114, #1997, #3716, #855, #4708 ) ) ;
#2209 = PLANE ( 'NONE',  #2476 ) ;
#2210 = VERTEX_POINT ( 'NONE', #2999 ) ;
#2211 = PLANE ( 'NONE',  #2770 ) ;
#2212 = EDGE_CURVE ( 'NONE', #160, #971, #3876, .T. ) ;
#2213 = LINE ( 'NONE', #3555, #1238 ) ;
#2214 = CARTESIAN_POINT ( 'NONE',  ( -2.475000000000000089, -0.05000000000000000278, 2.024999999999999911 ) ) ;
#2215 = EDGE_CURVE ( 'NONE', #2106, #1468, #2935, .T. ) ;
#2216 = DIRECTION ( 'NONE',  ( 0.0000000000000000000, 4.003208021484939327E-15, -1.000000000000000000 ) ) ;
#2217 = ORIENTED_EDGE ( 'NONE', *, *, #628, .F. ) ;
#2218 = DIRECTION ( 'NONE',  ( 0.0000000000000000000, 0.0000000000000000000, 1.000000000000000000 ) ) ;
#2219 = LINE ( 'NONE', #2694, #4021 ) ;
#2220 = ORIENTED_EDGE ( 'NONE', *, *, #2151, .T. ) ;
#2221 = EDGE_CURVE ( 'NONE', #1534, #1611, #4781, .T. ) ;
#2222 = DIRECTION ( 'NONE',  ( -1.000000000000000000, 0.0000000000000000000, 0.0000000000000000000 ) ) ;
#2223 = CARTESIAN_POINT ( 'NONE',  ( 2.024999999999999911, 2.250000000000000000, -2.024999999999999911 ) ) ;
#2224 = LINE ( 'NONE', #1936, #174 ) ;
#2225 = ADVANCED_FACE ( 'NONE', ( #2996 ), #3709, .T. ) ;
#2226 = CARTESIAN_POINT ( 'NONE',  ( 2.274999999999999911, 0.0000000000000000000, 0.0000000000000000000 ) ) ;
#2227 = ORIENTED_EDGE ( 'NONE', *, *, #268, .T. ) ;
#2228 = VERTEX_POINT ( 'NONE', #1157 ) ;
#2229 = CARTESIAN_POINT ( 'NONE',  ( 2.274999999999999911, -0.05000000000000000278, 2.024999999999999911 ) ) ;
#2230 = CARTESIAN_POINT ( 'NONE',  ( 2.875000000000000000, 1.949999999999999512, 2.025000000000007017 ) ) ;
#2231 = DIRECTION ( 'NONE',  ( 0.0000000000000000000, 0.0000000000000000000, -1.000000000000000000 ) ) ;
#2232 = CARTESIAN_POINT ( 'NONE',  ( 0.5250000000000000222, 1.649999999999999911, -1.025000000000000133 ) ) ;
#2233 = ORIENTED_EDGE ( 'NONE', *, *, #2076, .T. ) ;
#2234 = VERTEX_POINT ( 'NONE', #3691 ) ;
#2235 = AXIS2_PLACEMENT_3D ( 'NONE', #606, #3906, #2097 ) ;
#2236 = PLANE ( 'NONE',  #302 ) ;
#2237 = FACE_OUTER_BOUND ( 'NONE', #2889, .T. ) ;
#2238 = CARTESIAN_POINT ( 'NONE',  ( 2.274999999999999911, 0.0000000000000000000, 0.0000000000000000000 ) ) ;
#2239 = ORIENTED_EDGE ( 'NONE', *, *, #4713, .F. ) ;
#2240 = PRESENTATION_STYLE_ASSIGNMENT (( #2623 ) ) ;
#2241 = CARTESIAN_POINT ( 'NONE',  ( 0.7249999999999999778, 0.5000000000000000000, -1.525000000000000133 ) ) ;
#2242 = VERTEX_POINT ( 'NONE', #4485 ) ;
#2243 = VECTOR ( 'NONE', #1082, 1000.000000000000000 ) ;
#2244 = ORIENTED_EDGE ( 'NONE', *, *, #2837, .F. ) ;
#2245 = LINE ( 'NONE', #3252, #4665 ) ;
#2246 = CARTESIAN_POINT ( 'NONE',  ( 2.500000000000000000, 4.240000000000000213, 2.024999999999999911 ) ) ;
#2247 = DIRECTION ( 'NONE',  ( 1.000000000000000000, 0.0000000000000000000, 0.0000000000000000000 ) ) ;
#2248 = DIRECTION ( 'NONE',  ( 1.000000000000000000, 0.0000000000000000000, 0.0000000000000000000 ) ) ;
#2249 = ORIENTED_EDGE ( 'NONE', *, *, #1616, .F. ) ;
#2250 = EDGE_CURVE ( 'NONE', #1055, #1811, #3624, .T. ) ;
#2251 = EDGE_LOOP ( 'NONE', ( #4259, #2544, #1032, #3250 ) ) ;
#2252 = DIRECTION ( 'NONE',  ( -0.0000000000000000000, 1.000000000000000000, -0.0000000000000000000 ) ) ;
#2253 = CARTESIAN_POINT ( 'NONE',  ( -2.274999999999999911, 0.0000000000000000000, 0.0000000000000000000 ) ) ;
#2254 = ORIENTED_EDGE ( 'NONE', *, *, #4086, .F. ) ;
#2255 = AXIS2_PLACEMENT_3D ( 'NONE', #303, #2884, #678 ) ;
#2256 = EDGE_LOOP ( 'NONE', ( #1718, #1464, #593, #3578 ) ) ;
#2257 = VECTOR ( 'NONE', #4606, 1000.000000000000000 ) ;
#2258 = CARTESIAN_POINT ( 'NONE',  ( -0.5250000000000000222, 0.8000000000000000444, -2.324999999999999734 ) ) ;
#2259 = ORIENTED_EDGE ( 'NONE', *, *, #2898, .F. ) ;
#2260 = ORIENTED_EDGE ( 'NONE', *, *, #1180, .F. ) ;
#2261 = DIRECTION ( 'NONE',  ( -1.000000000000000000, 0.0000000000000000000, 0.0000000000000000000 ) ) ;
#2262 = AXIS2_PLACEMENT_3D ( 'NONE', #2619, #43, #2289 ) ;
#2263 = EDGE_LOOP ( 'NONE', ( #3898, #3652, #1570, #1309 ) ) ;
#2264 = DIRECTION ( 'NONE',  ( 0.0000000000000000000, 1.000000000000000000, 4.336808689942024836E-15 ) ) ;
#2265 = CARTESIAN_POINT ( 'NONE',  ( 0.7249999999999999778, 0.0000000000000000000, 2.024999999999999911 ) ) ;
#2266 = ORIENTED_EDGE ( 'NONE', *, *, #1865, .F. ) ;
#2267 = ORIENTED_EDGE ( 'NONE', *, *, #2069, .T. ) ;
#2268 = DIRECTION ( 'NONE',  ( 1.000000000000000000, -0.0000000000000000000, -0.0000000000000000000 ) ) ;
#2269 = PLANE ( 'NONE',  #3619 ) ;
#2270 = DIRECTION ( 'NONE',  ( 0.0000000000000000000, 1.000000000000000000, 0.0000000000000000000 ) ) ;
#2271 = EDGE_CURVE ( 'NONE', #1817, #4117, #1025, .T. ) ;
#2272 = VERTEX_POINT ( 'NONE', #4128 ) ;
#2273 = CARTESIAN_POINT ( 'NONE',  ( 0.7249999999999999778, 0.5000000000000000000, -2.324999999999999734 ) ) ;
#2274 = ORIENTED_EDGE ( 'NONE', *, *, #2684, .F. ) ;
#2275 = VECTOR ( 'NONE', #3703, 1000.000000000000000 ) ;
#2276 = FACE_OUTER_BOUND ( 'NONE', #566, .T. ) ;
#2277 = PLANE ( 'NONE',  #54 ) ;
#2278 = DIRECTION ( 'NONE',  ( 0.0000000000000000000, -1.000000000000000000, 0.0000000000000000000 ) ) ;
#2279 = ORIENTED_EDGE ( 'NONE', *, *, #3325, .F. ) ;
#2280 = VECTOR ( 'NONE', #1565, 1000.000000000000000 ) ;
#2281 = EDGE_CURVE ( 'NONE', #4229, #1553, #1447, .T. ) ;
#2282 = EDGE_CURVE ( 'NONE', #2128, #4056, #3750, .T. ) ;
#2283 = VECTOR ( 'NONE', #2202, 1000.000000000000000 ) ;
#2284 = CARTESIAN_POINT ( 'NONE',  ( 2.274999999999999911, 0.6000000000000076383, -0.2249999999999982014 ) ) ;
#2285 = EDGE_CURVE ( 'NONE', #2605, #3267, #390, .T. ) ;
#2286 = VECTOR ( 'NONE', #314, 1000.000000000000000 ) ;
#2287 = VERTEX_POINT ( 'NONE', #1939 ) ;
#2288 = CARTESIAN_POINT ( 'NONE',  ( -2.875000000000000000, 2.000000000000000000, -2.024999999999999911 ) ) ;
#2289 = DIRECTION ( 'NONE',  ( 0.0000000000000000000, 0.0000000000000000000, -1.000000000000000000 ) ) ;
#2290 = VECTOR ( 'NONE', #3688, 1000.000000000000000 ) ;
#2291 = EDGE_CURVE ( 'NONE', #675, #2747, #4009, .T. ) ;
#2292 = VECTOR ( 'NONE', #1573, 1000.000000000000000 ) ;
#2293 = ORIENTED_EDGE ( 'NONE', *, *, #647, .T. ) ;
#2294 = AXIS2_PLACEMENT_3D ( 'NONE', #2892, #329, #3273 ) ;
#2295 = ORIENTED_EDGE ( 'NONE', *, *, #4185, .T. ) ;
#2296 = PLANE ( 'NONE',  #275 ) ;
#2297 = DIRECTION ( 'NONE',  ( 0.0000000000000000000, -1.000000000000000000, -4.003208021484939327E-15 ) ) ;
#2298 =( LENGTH_UNIT ( ) NAMED_UNIT ( * ) SI_UNIT ( .MILLI., .METRE. ) );
#2299 = LINE ( 'NONE', #3819, #1783 ) ;
#2300 = FACE_OUTER_BOUND ( 'NONE', #3983, .T. ) ;
#2301 = VECTOR ( 'NONE', #1302, 1000.000000000000000 ) ;
#2302 = VERTEX_POINT ( 'NONE', #1194 ) ;
#2303 = DIRECTION ( 'NONE',  ( -1.000000000000000000, 0.0000000000000000000, 0.0000000000000000000 ) ) ;
#2304 = DIRECTION ( 'NONE',  ( 0.0000000000000000000, 0.0000000000000000000, -1.000000000000000000 ) ) ;
#2305 = DIRECTION ( 'NONE',  ( 1.000000000000000000, 0.0000000000000000000, 0.0000000000000000000 ) ) ;
#2306 = LINE ( 'NONE', #4454, #3751 ) ;
#2307 = ORIENTED_EDGE ( 'NONE', *, *, #4626, .F. ) ;
#2308 = EDGE_CURVE ( 'NONE', #759, #1317, #3943, .T. ) ;
#2309 = EDGE_CURVE ( 'NONE', #4399, #2632, #3226, .T. ) ;
#2310 = CLOSED_SHELL ( 'NONE', ( #4182, #3503, #4534, #2163, #1803, #608, #3833, #992 ) ) ;
#2311 = VERTEX_POINT ( 'NONE', #3788 ) ;
#2312 = CARTESIAN_POINT ( 'NONE',  ( -0.5250000000000000222, -0.004464445899999999919, 0.003975566199999999890 ) ) ;
#2313 = VERTEX_POINT ( 'NONE', #175 ) ;
#2314 = FACE_OUTER_BOUND ( 'NONE', #852, .T. ) ;
#2315 = EDGE_CURVE ( 'NONE', #4384, #829, #3177, .T. ) ;
#2316 = PLANE ( 'NONE',  #1250 ) ;
#2317 = EDGE_CURVE ( 'NONE', #4029, #2210, #789, .T. ) ;
#2318 = EDGE_CURVE ( 'NONE', #291, #3646, #4435, .T. ) ;
#2319 = ORIENTED_EDGE ( 'NONE', *, *, #3722, .F. ) ;
#2320 = CARTESIAN_POINT ( 'NONE',  ( -0.7249999999999999778, -0.05000000000000000278, -2.824999999999999734 ) ) ;
#2321 = EDGE_LOOP ( 'NONE', ( #3735, #4659, #583, #941, #58, #3456, #4020, #3243, #2428, #4168, #4232, #2941 ) ) ;
#2322 = CARTESIAN_POINT ( 'NONE',  ( -1.875000000000000000, 2.550000000000000266, 2.024999999999999911 ) ) ;
#2323 = VECTOR ( 'NONE', #3032, 1000.000000000000000 ) ;
#2324 = EDGE_LOOP ( 'NONE', ( #926, #2857, #1525, #3074 ) ) ;
#2325 = AXIS2_PLACEMENT_3D ( 'NONE', #4427, #718, #3293 ) ;
#2326 = DIRECTION ( 'NONE',  ( 0.0000000000000000000, 1.000000000000000000, 0.0000000000000000000 ) ) ;
#2327 = FACE_OUTER_BOUND ( 'NONE', #4342, .T. ) ;
#2328 = CARTESIAN_POINT ( 'NONE',  ( 1.375000000000000000, 3.750000000000000000, 0.02500000000000000139 ) ) ;
#2329 = AXIS2_PLACEMENT_3D ( 'NONE', #707, #3019, #1545 ) ;
#2330 = ORIENTED_EDGE ( 'NONE', *, *, #2427, .T. ) ;
#2331 = ORIENTED_EDGE ( 'NONE', *, *, #2291, .T. ) ;
#2332 = ORIENTED_EDGE ( 'NONE', *, *, #1755, .T. ) ;
#2333 = VECTOR ( 'NONE', #2349, 1000.000000000000000 ) ;
#2334 = VERTEX_POINT ( 'NONE', #1959 ) ;
#2335 = VECTOR ( 'NONE', #3341, 1000.000000000000000 ) ;
#2336 = VECTOR ( 'NONE', #4654, 1000.000000000000000 ) ;
#2337 = VECTOR ( 'NONE', #3867, 1000.000000000000000 ) ;
#2338 = CARTESIAN_POINT ( 'NONE',  ( 0.5250000000000000222, 0.0000000000000000000, 2.024999999999999911 ) ) ;
#2339 = DIRECTION ( 'NONE',  ( -0.0000000000000000000, 1.000000000000000000, 0.0000000000000000000 ) ) ;
#2340 = ORIENTED_EDGE ( 'NONE', *, *, #9, .F. ) ;
#2341 = EDGE_CURVE ( 'NONE', #2029, #44, #4141, .T. ) ;
#2342 = ADVANCED_FACE ( 'NONE', ( #4581 ), #2765, .F. ) ;
#2343 = PLANE ( 'NONE',  #1967 ) ;
#2344 = LINE ( 'NONE', #4091, #86 ) ;
#2345 = DIRECTION ( 'NONE',  ( 0.0000000000000000000, -1.000000000000000000, 0.0000000000000000000 ) ) ;
#2346 = ORIENTED_EDGE ( 'NONE', *, *, #2925, .T. ) ;
#2347 = LINE ( 'NONE', #4642, #2014 ) ;
#2348 = VECTOR ( 'NONE', #2811, 1000.000000000000000 ) ;
#2349 = DIRECTION ( 'NONE',  ( 0.0000000000000000000, 0.0000000000000000000, -1.000000000000000000 ) ) ;
#2350 = FACE_OUTER_BOUND ( 'NONE', #1356, .T. ) ;
#2351 = UNCERTAINTY_MEASURE_WITH_UNIT (LENGTH_MEASURE( 1.000000000000000082E-05 ), #2298, 'distance_accuracy_value', 'NONE');
#2352 = DIRECTION ( 'NONE',  ( 1.000000000000000000, 0.0000000000000000000, 0.0000000000000000000 ) ) ;
#2353 = LINE ( 'NONE', #4658, #1785 ) ;
#2354 = VERTEX_POINT ( 'NONE', #83 ) ;
#2355 = LINE ( 'NONE', #1113, #4108 ) ;
#2356 = ORIENTED_EDGE ( 'NONE', *, *, #2674, .F. ) ;
#2357 = AXIS2_PLACEMENT_3D ( 'NONE', #757, #1517, #418 ) ;
#2358 = LINE ( 'NONE', #2985, #1389 ) ;
#2359 = ORIENTED_EDGE ( 'NONE', *, *, #1168, .F. ) ;
#2360 = DIRECTION ( 'NONE',  ( -0.0000000000000000000, 1.000000000000000000, -0.0000000000000000000 ) ) ;
#2361 = ORIENTED_EDGE ( 'NONE', *, *, #1982, .T. ) ;
#2362 = CYLINDRICAL_SURFACE ( 'NONE', #4312, 0.2999999999999999889 ) ;
#2363 = ORIENTED_EDGE ( 'NONE', *, *, #3379, .T. ) ;
#2364 = ORIENTED_EDGE ( 'NONE', *, *, #878, .T. ) ;
#2365 = ADVANCED_FACE ( 'NONE', ( #3602 ), #3401, .F. ) ;
#2366 = EDGE_CURVE ( 'NONE', #4468, #4679, #1543, .T. ) ;
#2367 = EDGE_CURVE ( 'NONE', #3895, #1947, #251, .T. ) ;
#2368 = CARTESIAN_POINT ( 'NONE',  ( 2.475000000000000089, 1.950000000000002176, 1.375000000000006883 ) ) ;
#2369 = CARTESIAN_POINT ( 'NONE',  ( 0.5250000000000000222, 1.000000000000000000, 1.525000000000000133 ) ) ;
#2370 = ORIENTED_EDGE ( 'NONE', *, *, #2858, .T. ) ;
#2371 = EDGE_CURVE ( 'NONE', #4117, #3473, #667, .T. ) ;
#2372 = EDGE_LOOP ( 'NONE', ( #1384, #4151, #2780, #4571, #3820, #3406 ) ) ;
#2373 = ORIENTED_EDGE ( 'NONE', *, *, #1203, .T. ) ;
#2374 = EDGE_CURVE ( 'NONE', #4000, #1990, #1248, .T. ) ;
#2375 = DIRECTION ( 'NONE',  ( 0.0000000000000000000, 0.0000000000000000000, 1.000000000000000000 ) ) ;
#2376 = ORIENTED_EDGE ( 'NONE', *, *, #3487, .T. ) ;
#2377 = ORIENTED_EDGE ( 'NONE', *, *, #1098, .F. ) ;
#2378 = DIRECTION ( 'NONE',  ( -1.000000000000000000, 0.0000000000000000000, 0.0000000000000000000 ) ) ;
#2379 = CARTESIAN_POINT ( 'NONE',  ( -1.375000000000000000, 3.750000000000000000, -2.024999999999999911 ) ) ;
#2380 =( GEOMETRIC_REPRESENTATION_CONTEXT ( 3 ) GLOBAL_UNCERTAINTY_ASSIGNED_CONTEXT ( ( #1449 ) ) GLOBAL_UNIT_ASSIGNED_CONTEXT ( ( #3389, #3067, #1231 ) ) REPRESENTATION_CONTEXT ( 'NONE', 'WORKASPACE' ) );
#2381 = CARTESIAN_POINT ( 'NONE',  ( -2.875000000000000000, 4.250000000000000000, -0.07499999999999998335 ) ) ;
#2382 = EDGE_CURVE ( 'NONE', #1728, #3421, #3313, .T. ) ;
#2383 = LINE ( 'NONE', #2614, #2275 ) ;
#2384 = VECTOR ( 'NONE', #1977, 1000.000000000000000 ) ;
#2385 = DIRECTION ( 'NONE',  ( -1.000000000000000000, 0.0000000000000000000, 0.0000000000000000000 ) ) ;
#2386 = ORIENTED_EDGE ( 'NONE', *, *, #4274, .T. ) ;
#2387 = EDGE_CURVE ( 'NONE', #4667, #4664, #2854, .T. ) ;
#2388 = LINE ( 'NONE', #2561, #3254 ) ;
#2389 = ADVANCED_FACE ( 'NONE', ( #4084 ), #2027, .F. ) ;
#2390 = VECTOR ( 'NONE', #3499, 1000.000000000000000 ) ;
#2391 = ORIENTED_EDGE ( 'NONE', *, *, #4405, .T. ) ;
#2392 = CARTESIAN_POINT ( 'NONE',  ( -2.875000000000000000, 4.250000000000000000, -0.02500000000000000139 ) ) ;
#2393 = ORIENTED_EDGE ( 'NONE', *, *, #2002, .T. ) ;
#2394 = EDGE_CURVE ( 'NONE', #331, #2747, #4200, .T. ) ;
#2395 = VERTEX_POINT ( 'NONE', #3506 ) ;
#2396 = ORIENTED_EDGE ( 'NONE', *, *, #720, .F. ) ;
#2397 = EDGE_CURVE ( 'NONE', #848, #82, #2119, .T. ) ;
#2398 = CARTESIAN_POINT ( 'NONE',  ( 0.8750000000000000000, 3.750000000000000000, -2.024999999999999911 ) ) ;
#2399 = VECTOR ( 'NONE', #2856, 1000.000000000000000 ) ;
#2400 = ORIENTED_EDGE ( 'NONE', *, *, #620, .T. ) ;
#2401 = DIRECTION ( 'NONE',  ( 0.0000000000000000000, -1.000000000000000000, -3.212450881438533030E-15 ) ) ;
#2402 = DIRECTION ( 'NONE',  ( -1.000000000000000000, 0.0000000000000000000, 0.0000000000000000000 ) ) ;
#2403 = DIRECTION ( 'NONE',  ( 0.0000000000000000000, -1.000000000000000000, 0.0000000000000000000 ) ) ;
#2404 = VECTOR ( 'NONE', #1195, 1000.000000000000000 ) ;
#2405 = CARTESIAN_POINT ( 'NONE',  ( -0.7249999999999999778, -0.004464445899999999919, 0.003975566199999999890 ) ) ;
#2406 = VECTOR ( 'NONE', #823, 1000.000000000000000 ) ;
#2407 = LINE ( 'NONE', #4677, #3985 ) ;
#2408 = VERTEX_POINT ( 'NONE', #4635 ) ;
#2409 = LINE ( 'NONE', #4494, #2638 ) ;
#2410 = AXIS2_PLACEMENT_3D ( 'NONE', #2501, #4458, #4154 ) ;
#2411 = DIRECTION ( 'NONE',  ( 0.0000000000000000000, -3.252606517456512513E-15, 1.000000000000000000 ) ) ;
#2412 = EDGE_LOOP ( 'NONE', ( #3206, #466, #3344, #2867 ) ) ;
#2413 = DIRECTION ( 'NONE',  ( 0.0000000000000000000, 0.0000000000000000000, -1.000000000000000000 ) ) ;
#2414 = ORIENTED_EDGE ( 'NONE', *, *, #4676, .F. ) ;
#2415 = CARTESIAN_POINT ( 'NONE',  ( -2.024999999999999911, 4.240000000000000213, 0.0000000000000000000 ) ) ;
#2416 = VECTOR ( 'NONE', #722, 1000.000000000000000 ) ;
#2417 = EDGE_LOOP ( 'NONE', ( #4245, #3628, #3731, #1591 ) ) ;
#2418 = ORIENTED_EDGE ( 'NONE', *, *, #1648, .F. ) ;
#2419 = CARTESIAN_POINT ( 'NONE',  ( -2.875000000000000000, 4.250000000000000000, -2.024999999999999911 ) ) ;
#2420 = CARTESIAN_POINT ( 'NONE',  ( -0.5250000000000000222, 0.5000000000000000000, -1.525000000000000133 ) ) ;
#2421 = EDGE_CURVE ( 'NONE', #2528, #1015, #2976, .T. ) ;
#2422 = ORIENTED_EDGE ( 'NONE', *, *, #4237, .T. ) ;
#2423 = CARTESIAN_POINT ( 'NONE',  ( -0.7249999999999999778, 0.5000000000000000000, -2.324999999999999734 ) ) ;
#2424 = ORIENTED_EDGE ( 'NONE', *, *, #1360, .T. ) ;
#2425 = ORIENTED_EDGE ( 'NONE', *, *, #2651, .F. ) ;
#2426 = CARTESIAN_POINT ( 'NONE',  ( 0.5250000000000000222, 0.5547525681000000652, 2.024999999999999911 ) ) ;
#2427 = EDGE_CURVE ( 'NONE', #1553, #1388, #2438, .T. ) ;
#2428 = ORIENTED_EDGE ( 'NONE', *, *, #4162, .T. ) ;
#2429 = DIRECTION ( 'NONE',  ( 1.000000000000000000, 0.0000000000000000000, 0.0000000000000000000 ) ) ;
#2430 = ORIENTED_EDGE ( 'NONE', *, *, #4074, .T. ) ;
#2431 = VERTEX_POINT ( 'NONE', #3604 ) ;
#2432 = LINE ( 'NONE', #258, #4402 ) ;
#2433 = ADVANCED_FACE ( 'NONE', ( #1950 ), #3966, .F. ) ;
#2434 = VERTEX_POINT ( 'NONE', #3997 ) ;
#2435 = CARTESIAN_POINT ( 'NONE',  ( 0.7349999999999999867, 1.850000000000000089, -2.024999999999999911 ) ) ;
#2436 = DIRECTION ( 'NONE',  ( 1.000000000000000000, -0.0000000000000000000, -0.0000000000000000000 ) ) ;
#2437 = AXIS2_PLACEMENT_3D ( 'NONE', #3016, #762, #1131 ) ;
#2438 = LINE ( 'NONE', #3935, #2111 ) ;
#2439 = ADVANCED_FACE ( 'NONE', ( #3191 ), #4347, .T. ) ;
#2440 = ORIENTED_EDGE ( 'NONE', *, *, #1590, .T. ) ;
#2441 = PLANE ( 'NONE',  #994 ) ;
#2442 = VECTOR ( 'NONE', #2352, 1000.000000000000000 ) ;
#2443 = PLANE ( 'NONE',  #3951 ) ;
#2444 = CARTESIAN_POINT ( 'NONE',  ( 2.475000000000000089, 0.6000000000000024203, 1.375000000000002442 ) ) ;
#2445 = CARTESIAN_POINT ( 'NONE',  ( 2.274999999999999911, 3.600000000000000977, -0.07499999999999998335 ) ) ;
#2446 = LINE ( 'NONE', #4305, #2792 ) ;
#2447 = VECTOR ( 'NONE', #3597, 1000.000000000000114 ) ;
#2448 = EDGE_CURVE ( 'NONE', #3890, #288, #179, .T. ) ;
#2449 = PLANE ( 'NONE',  #4528 ) ;
#2450 = PLANE ( 'NONE',  #1041 ) ;
#2451 = PLANE ( 'NONE',  #4631 ) ;
#2452 = DIRECTION ( 'NONE',  ( -1.000000000000000000, -0.0000000000000000000, -0.0000000000000000000 ) ) ;
#2453 = ORIENTED_EDGE ( 'NONE', *, *, #4274, .F. ) ;
#2454 = EDGE_CURVE ( 'NONE', #2210, #829, #1053, .T. ) ;
#2455 = EDGE_CURVE ( 'NONE', #1225, #3692, #367, .T. ) ;
#2456 = CARTESIAN_POINT ( 'NONE',  ( -1.175000000000000044, 1.850000000000000089, 2.024999999999999911 ) ) ;
#2457 = EDGE_LOOP ( 'NONE', ( #4711, #1278, #2052, #3017 ) ) ;
#2458 = CARTESIAN_POINT ( 'NONE',  ( 2.875000000000000000, 1.000000000000000000, -1.525000000000000133 ) ) ;
#2459 = EDGE_CURVE ( 'NONE', #3108, #4667, #4017, .T. ) ;
#2460 = LINE ( 'NONE', #3893, #2348 ) ;
#2461 = DIRECTION ( 'NONE',  ( 0.0000000000000000000, 0.0000000000000000000, -1.000000000000000000 ) ) ;
#2462 = ORIENTED_EDGE ( 'NONE', *, *, #792, .T. ) ;
#2463 = DIRECTION ( 'NONE',  ( 0.0000000000000000000, 0.0000000000000000000, 1.000000000000000000 ) ) ;
#2464 = ADVANCED_FACE ( 'NONE', ( #66 ), #2443, .T. ) ;
#2465 = DIRECTION ( 'NONE',  ( 0.0000000000000000000, 1.000000000000000000, 0.0000000000000000000 ) ) ;
#2466 = LINE ( 'NONE', #4191, #684 ) ;
#2467 = VECTOR ( 'NONE', #2268, 1000.000000000000000 ) ;
#2468 = VECTOR ( 'NONE', #4083, 1000.000000000000114 ) ;
#2469 = ORIENTED_EDGE ( 'NONE', *, *, #394, .F. ) ;
#2470 = CARTESIAN_POINT ( 'NONE',  ( -0.5250000000000000222, 0.0000000000000000000, 2.024999999999999911 ) ) ;
#2471 = AXIS2_PLACEMENT_3D ( 'NONE', #4770, #2541, #3625 ) ;
#2472 = DIRECTION ( 'NONE',  ( -1.000000000000000000, 0.0000000000000000000, 0.0000000000000000000 ) ) ;
#2473 = ORIENTED_EDGE ( 'NONE', *, *, #2550, .T. ) ;
#2474 = ORIENTED_EDGE ( 'NONE', *, *, #1054, .T. ) ;
#2475 = EDGE_LOOP ( 'NONE', ( #876, #485, #804, #3130 ) ) ;
#2476 = AXIS2_PLACEMENT_3D ( 'NONE', #2226, #3729, #2919 ) ;
#2477 = VECTOR ( 'NONE', #654, 1000.000000000000000 ) ;
#2478 = VERTEX_POINT ( 'NONE', #4688 ) ;
#2479 = EDGE_CURVE ( 'NONE', #1811, #4336, #2213, .T. ) ;
#2480 = VECTOR ( 'NONE', #1613, 1000.000000000000000 ) ;
#2481 = CARTESIAN_POINT ( 'NONE',  ( 0.8249999999999999556, 1.649999999999999911, -1.698606797699999893 ) ) ;
#2482 = DIRECTION ( 'NONE',  ( -0.0000000000000000000, 1.000000000000000000, 0.0000000000000000000 ) ) ;
#2483 = ORIENTED_EDGE ( 'NONE', *, *, #4662, .F. ) ;
#2484 = ORIENTED_EDGE ( 'NONE', *, *, #4691, .T. ) ;
#2485 = LINE ( 'NONE', #3683, #1520 ) ;
#2486 = VERTEX_POINT ( 'NONE', #1376 ) ;
#2487 = CARTESIAN_POINT ( 'NONE',  ( -0.5250000000000000222, -0.05000000000000000278, 0.0000000000000000000 ) ) ;
#2488 = CARTESIAN_POINT ( 'NONE',  ( -0.7249999999999999778, 1.850000000000000089, -1.025000000000000133 ) ) ;
#2489 = ORIENTED_EDGE ( 'NONE', *, *, #4337, .F. ) ;
#2490 = VERTEX_POINT ( 'NONE', #2850 ) ;
#2491 = CARTESIAN_POINT ( 'NONE',  ( -2.024999999999999911, 2.250000000000000000, -1.925000000000000044 ) ) ;
#2492 = CARTESIAN_POINT ( 'NONE',  ( 0.7249999999999999778, 0.0000000000000000000, 0.0000000000000000000 ) ) ;
#2493 = EDGE_LOOP ( 'NONE', ( #1045, #2279, #2533, #4372 ) ) ;
#2494 = CARTESIAN_POINT ( 'NONE',  ( 0.5250000000000000222, 0.5000000000000000000, -2.324999999999999734 ) ) ;
#2495 = DIRECTION ( 'NONE',  ( 0.0000000000000000000, 0.0000000000000000000, -1.000000000000000000 ) ) ;
#2496 = MANIFOLD_SOLID_BREP ( 'Mirror2', #2310 ) ;
#2497 = ORIENTED_EDGE ( 'NONE', *, *, #427, .F. ) ;
#2498 = AXIS2_PLACEMENT_3D ( 'NONE', #2013, #4209, #1216 ) ;
#2499 = VECTOR ( 'NONE', #208, 1000.000000000000000 ) ;
#2500 = DIRECTION ( 'NONE',  ( -0.0000000000000000000, 0.7468134723257140450, 0.6650335612228979176 ) ) ;
#2501 = CARTESIAN_POINT ( 'NONE',  ( 2.500000000000000000, 4.240000000000000213, -2.024999999999999911 ) ) ;
#2502 = ORIENTED_EDGE ( 'NONE', *, *, #2543, .T. ) ;
#2503 = CARTESIAN_POINT ( 'NONE',  ( -2.274999999999999911, 2.000000000000000000, -1.425000000000000044 ) ) ;
#2504 = VECTOR ( 'NONE', #1649, 1000.000000000000000 ) ;
#2505 = EDGE_CURVE ( 'NONE', #2969, #4299, #3676, .T. ) ;
#2506 = DIRECTION ( 'NONE',  ( 0.0000000000000000000, 0.0000000000000000000, -1.000000000000000000 ) ) ;
#2507 = VERTEX_POINT ( 'NONE', #244 ) ;
#2508 = CARTESIAN_POINT ( 'NONE',  ( -0.8750000000000000000, 2.250000000000000000, 1.505384757699999909 ) ) ;
#2509 = VECTOR ( 'NONE', #4619, 1000.000000000000000 ) ;
#2510 = ORIENTED_EDGE ( 'NONE', *, *, #2281, .F. ) ;
#2511 = DIRECTION ( 'NONE',  ( 0.0000000000000000000, -1.000000000000000000, -3.212450881438532635E-15 ) ) ;
#2512 = LINE ( 'NONE', #3815, #3916 ) ;
#2513 = EDGE_LOOP ( 'NONE', ( #597, #903, #2047, #1578, #3816, #2040, #782, #3002 ) ) ;
#2514 = ORIENTED_EDGE ( 'NONE', *, *, #3669, .T. ) ;
#2515 = DIRECTION ( 'NONE',  ( 1.000000000000000000, 0.0000000000000000000, 0.0000000000000000000 ) ) ;
#2516 = CARTESIAN_POINT ( 'NONE',  ( 0.8750000000000000000, 4.153701442700000079, -1.791922863399999954 ) ) ;
#2517 = DIRECTION ( 'NONE',  ( 1.000000000000000000, 0.0000000000000000000, 0.0000000000000000000 ) ) ;
#2518 = VECTOR ( 'NONE', #3612, 1000.000000000000000 ) ;
#2519 = CARTESIAN_POINT ( 'NONE',  ( 1.875000000000000000, 2.550000000000000266, -1.474999999999999867 ) ) ;
#2520 = VERTEX_POINT ( 'NONE', #2140 ) ;
#2521 = CARTESIAN_POINT ( 'NONE',  ( 2.274999999999999911, 4.240000000000000213, -0.07499999999999998335 ) ) ;
#2522 = FACE_OUTER_BOUND ( 'NONE', #1757, .T. ) ;
#2523 = LINE ( 'NONE', #4139, #2467 ) ;
#2524 = LINE ( 'NONE', #3808, #573 ) ;
#2525 = PLANE ( 'NONE',  #1440 ) ;
#2526 = LINE ( 'NONE', #3041, #2993 ) ;
#2527 = EDGE_LOOP ( 'NONE', ( #2591, #2197, #3747, #816 ) ) ;
#2528 = VERTEX_POINT ( 'NONE', #2864 ) ;
#2529 = CARTESIAN_POINT ( 'NONE',  ( -1.375000000000000000, 3.149999999999999911, 0.02500000000000000139 ) ) ;
#2530 = ORIENTED_EDGE ( 'NONE', *, *, #3766, .F. ) ;
#2531 = CARTESIAN_POINT ( 'NONE',  ( 1.175000000000000044, 1.850000000000000089, -1.474999999999999867 ) ) ;
#2532 = DIRECTION ( 'NONE',  ( -0.0000000000000000000, -0.0000000000000000000, 1.000000000000000000 ) ) ;
#2533 = ORIENTED_EDGE ( 'NONE', *, *, #467, .F. ) ;
#2534 = ADVANCED_FACE ( 'NONE', ( #3858 ), #3238, .F. ) ;
#2535 = ORIENTED_EDGE ( 'NONE', *, *, #3541, .F. ) ;
#2536 = PLANE ( 'NONE',  #3650 ) ;
#2537 = LINE ( 'NONE', #3714, #539 ) ;
#2538 = PRODUCT_DEFINITION ( 'UNKNOWN', '', #1813, #3139 ) ;
#2539 = VERTEX_POINT ( 'NONE', #664 ) ;
#2540 = ORIENTED_EDGE ( 'NONE', *, *, #1580, .T. ) ;
#2541 = DIRECTION ( 'NONE',  ( 1.000000000000000000, 0.0000000000000000000, 0.0000000000000000000 ) ) ;
#2542 = EDGE_LOOP ( 'NONE', ( #4314, #481, #2331, #2580, #3151, #1515 ) ) ;
#2543 = EDGE_CURVE ( 'NONE', #3493, #1229, #564, .T. ) ;
#2544 = ORIENTED_EDGE ( 'NONE', *, *, #3008, .T. ) ;
#2545 = CARTESIAN_POINT ( 'NONE',  ( 1.375000000000000000, 3.750000000000000000, 2.024999999999999911 ) ) ;
#2546 = ORIENTED_EDGE ( 'NONE', *, *, #2250, .T. ) ;
#2547 = VECTOR ( 'NONE', #2218, 1000.000000000000000 ) ;
#2548 = ORIENTED_EDGE ( 'NONE', *, *, #3223, .F. ) ;
#2549 = VECTOR ( 'NONE', #4058, 1000.000000000000000 ) ;
#2550 = EDGE_CURVE ( 'NONE', #2431, #2778, #1191, .T. ) ;
#2551 = CARTESIAN_POINT ( 'NONE',  ( 0.7249999999999999778, 1.000000000000000000, -1.525000000000000133 ) ) ;
#2552 = EDGE_LOOP ( 'NONE', ( #23, #4138, #3060, #1600 ) ) ;
#2553 = VECTOR ( 'NONE', #1150, 1000.000000000000000 ) ;
#2554 = DIRECTION ( 'NONE',  ( 0.0000000000000000000, -1.000000000000000000, 0.0000000000000000000 ) ) ;
#2555 = AXIS2_PLACEMENT_3D ( 'NONE', #907, #4247, #4599 ) ;
#2556 = ORIENTED_EDGE ( 'NONE', *, *, #2975, .F. ) ;
#2557 = LINE ( 'NONE', #3508, #3428 ) ;
#2558 = CARTESIAN_POINT ( 'NONE',  ( -1.175000000000000044, 1.850000000000000089, -1.474999999999999867 ) ) ;
#2559 = DIRECTION ( 'NONE',  ( 0.0000000000000000000, 0.0000000000000000000, -1.000000000000000000 ) ) ;
#2560 = DIRECTION ( 'NONE',  ( 1.000000000000000000, 0.0000000000000000000, 0.0000000000000000000 ) ) ;
#2561 = CARTESIAN_POINT ( 'NONE',  ( 0.3749999999999998890, 2.250000000000000000, -0.4749999999999999778 ) ) ;
#2562 = CARTESIAN_POINT ( 'NONE',  ( 0.5250000000000000222, 1.850000000000000089, 2.024999999999999911 ) ) ;
#2563 = AXIS2_PLACEMENT_3D ( 'NONE', #1932, #3778, #772 ) ;
#2564 = VECTOR ( 'NONE', #4026, 1000.000000000000000 ) ;
#2565 = VERTEX_POINT ( 'NONE', #3312 ) ;
#2566 = CARTESIAN_POINT ( 'NONE',  ( -0.7349999999999999867, 1.850000000000000089, -1.025000000000000133 ) ) ;
#2567 = FACE_BOUND ( 'NONE', #69, .T. ) ;
#2568 = ORIENTED_EDGE ( 'NONE', *, *, #4595, .T. ) ;
#2569 = CARTESIAN_POINT ( 'NONE',  ( 0.7349999999999999867, 1.000000000000000000, -2.024999999999999911 ) ) ;
#2570 = VECTOR ( 'NONE', #4383, 1000.000000000000000 ) ;
#2571 = VECTOR ( 'NONE', #168, 1000.000000000000000 ) ;
#2572 = FACE_OUTER_BOUND ( 'NONE', #2552, .T. ) ;
#2573 = ORIENTED_EDGE ( 'NONE', *, *, #4375, .T. ) ;
#2574 = DIRECTION ( 'NONE',  ( 0.0000000000000000000, 1.000000000000000000, 0.0000000000000000000 ) ) ;
#2575 = CARTESIAN_POINT ( 'NONE',  ( -2.274999999999999911, 3.600000000000000977, -0.07499999999999998335 ) ) ;
#2576 = DIRECTION ( 'NONE',  ( 1.000000000000000000, 0.0000000000000000000, 0.0000000000000000000 ) ) ;
#2577 = EDGE_CURVE ( 'NONE', #2883, #4068, #4267, .T. ) ;
#2578 = ORIENTED_EDGE ( 'NONE', *, *, #1328, .F. ) ;
#2579 = DIRECTION ( 'NONE',  ( 0.0000000000000000000, -1.000000000000000000, 0.0000000000000000000 ) ) ;
#2580 = ORIENTED_EDGE ( 'NONE', *, *, #2394, .F. ) ;
#2581 = EDGE_CURVE ( 'NONE', #1215, #1320, #2920, .T. ) ;
#2582 = CARTESIAN_POINT ( 'NONE',  ( -2.274999999999999911, 2.000000000000000000, -1.425000000000000044 ) ) ;
#2583 = FACE_OUTER_BOUND ( 'NONE', #2012, .T. ) ;
#2584 = FACE_OUTER_BOUND ( 'NONE', #2966, .T. ) ;
#2585 = VERTEX_POINT ( 'NONE', #4374 ) ;
#2586 = AXIS2_PLACEMENT_3D ( 'NONE', #2758, #1603, #3467 ) ;
#2587 = CARTESIAN_POINT ( 'NONE',  ( -2.274999999999999911, 0.6000000000000076383, -0.2249999999999982014 ) ) ;
#2588 = ORIENTED_EDGE ( 'NONE', *, *, #1297, .F. ) ;
#2589 = FACE_OUTER_BOUND ( 'NONE', #469, .T. ) ;
#2590 = CARTESIAN_POINT ( 'NONE',  ( 0.7249999999999999778, 1.850000000000000089, 2.024999999999999911 ) ) ;
#2591 = ORIENTED_EDGE ( 'NONE', *, *, #366, .F. ) ;
#2592 = VECTOR ( 'NONE', #4147, 1000.000000000000000 ) ;
#2593 = VERTEX_POINT ( 'NONE', #3639 ) ;
#2594 = PLANE ( 'NONE',  #2659 ) ;
#2595 = DIRECTION ( 'NONE',  ( 0.0000000000000000000, 0.0000000000000000000, -1.000000000000000000 ) ) ;
#2596 = CARTESIAN_POINT ( 'NONE',  ( 2.274999999999999911, 4.240000000000000213, -1.925000000000000711 ) ) ;
#2597 = ORIENTED_EDGE ( 'NONE', *, *, #1488, .T. ) ;
#2598 = ORIENTED_EDGE ( 'NONE', *, *, #2975, .T. ) ;
#2599 = DIRECTION ( 'NONE',  ( 1.000000000000000000, -0.0000000000000000000, -0.0000000000000000000 ) ) ;
#2600 = VECTOR ( 'NONE', #687, 1000.000000000000000 ) ;
#2601 = DIRECTION ( 'NONE',  ( 1.000000000000000000, 0.0000000000000000000, 0.0000000000000000000 ) ) ;
#2602 = CARTESIAN_POINT ( 'NONE',  ( -2.475000000000000089, 8.673617379884035472E-15, -0.2250000000000008105 ) ) ;
#2603 = ADVANCED_FACE ( 'NONE', ( #330 ), #1796, .F. ) ;
#2604 = ORIENTED_EDGE ( 'NONE', *, *, #4133, .F. ) ;
#2605 = VERTEX_POINT ( 'NONE', #2566 ) ;
#2606 = CARTESIAN_POINT ( 'NONE',  ( 2.475000000000000089, -0.05000000000000000278, 2.024999999999999911 ) ) ;
#2607 = EDGE_CURVE ( 'NONE', #3357, #3899, #3266, .T. ) ;
#2608 = EDGE_CURVE ( 'NONE', #2200, #1995, #1487, .T. ) ;
#2609 = DIRECTION ( 'NONE',  ( 0.0000000000000000000, 0.0000000000000000000, -1.000000000000000000 ) ) ;
#2610 = ORIENTED_EDGE ( 'NONE', *, *, #2707, .F. ) ;
#2611 = DIRECTION ( 'NONE',  ( -1.000000000000000000, 0.0000000000000000000, 0.0000000000000000000 ) ) ;
#2612 = VECTOR ( 'NONE', #2045, 1000.000000000000000 ) ;
#2613 = CARTESIAN_POINT ( 'NONE',  ( -2.274999999999999911, -0.05000000000000000278, 2.024999999999999911 ) ) ;
#2614 = CARTESIAN_POINT ( 'NONE',  ( -0.3750000000000000000, 2.250000000000000000, -0.4749999999999999778 ) ) ;
#2615 = ORIENTED_EDGE ( 'NONE', *, *, #1966, .T. ) ;
#2616 = AXIS2_PLACEMENT_3D ( 'NONE', #4260, #2774, #3516 ) ;
#2617 = CARTESIAN_POINT ( 'NONE',  ( -2.875000000000000000, 0.0000000000000000000, 2.024999999999999911 ) ) ;
#2618 = DIRECTION ( 'NONE',  ( 0.0000000000000000000, 0.0000000000000000000, -1.000000000000000000 ) ) ;
#2619 = CARTESIAN_POINT ( 'NONE',  ( -0.8750000000000000000, 2.250000000000000000, -2.024999999999999911 ) ) ;
#2620 = EDGE_CURVE ( 'NONE', #3753, #4142, #2065, .T. ) ;
#2621 = FACE_OUTER_BOUND ( 'NONE', #4236, .T. ) ;
#2622 = AXIS2_PLACEMENT_3D ( 'NONE', #4194, #2297, #820 ) ;
#2623 = SURFACE_STYLE_USAGE ( .BOTH. , #802 ) ;
#2624 = VECTOR ( 'NONE', #2305, 1000.000000000000000 ) ;
#2625 = ORIENTED_EDGE ( 'NONE', *, *, #3600, .T. ) ;
#2626 = DIRECTION ( 'NONE',  ( 0.0000000000000000000, -1.000000000000000000, 0.0000000000000000000 ) ) ;
#2627 = CARTESIAN_POINT ( 'NONE',  ( -2.375000000000000000, 3.750000000000000000, 0.02500000000000000139 ) ) ;
#2628 = CARTESIAN_POINT ( 'NONE',  ( -2.274999999999999911, 1.950000000000002176, 1.375000000000006883 ) ) ;
#2629 = DIRECTION ( 'NONE',  ( 0.0000000000000000000, -1.000000000000000000, 0.0000000000000000000 ) ) ;
#2630 = VECTOR ( 'NONE', #4480, 1000.000000000000000 ) ;
#2631 = VERTEX_POINT ( 'NONE', #3675 ) ;
#2632 = VERTEX_POINT ( 'NONE', #2168 ) ;
#2633 = ADVANCED_FACE ( 'NONE', ( #1605 ), #1863, .F. ) ;
#2634 = CARTESIAN_POINT ( 'NONE',  ( 1.375000000000000000, 3.149999999999999911, 0.02500000000000000139 ) ) ;
#2635 = VECTOR ( 'NONE', #4296, 1000.000000000000000 ) ;
#2636 = CARTESIAN_POINT ( 'NONE',  ( -2.274999999999999911, 1.949999999999999512, 2.025000000000007017 ) ) ;
#2637 = VERTEX_POINT ( 'NONE', #2551 ) ;
#2638 = VECTOR ( 'NONE', #2611, 1000.000000000000000 ) ;
#2639 = LINE ( 'NONE', #3291, #1908 ) ;
#2640 = VECTOR ( 'NONE', #4560, 1000.000000000000000 ) ;
#2641 = LINE ( 'NONE', #465, #572 ) ;
#2642 = LINE ( 'NONE', #934, #3810 ) ;
#2643 = ORIENTED_EDGE ( 'NONE', *, *, #2069, .F. ) ;
#2644 = LINE ( 'NONE', #2590, #1678 ) ;
#2645 = VECTOR ( 'NONE', #2671, 1000.000000000000000 ) ;
#2646 = DIRECTION ( 'NONE',  ( 1.000000000000000000, 0.0000000000000000000, 0.0000000000000000000 ) ) ;
#2647 = VECTOR ( 'NONE', #3408, 1000.000000000000000 ) ;
#2648 = UNCERTAINTY_MEASURE_WITH_UNIT (LENGTH_MEASURE( 1.000000000000000082E-05 ), #670, 'distance_accuracy_value', 'NONE');
#2649 = ORIENTED_EDGE ( 'NONE', *, *, #3292, .T. ) ;
#2650 = DIRECTION ( 'NONE',  ( 0.0000000000000000000, 1.000000000000000000, 0.0000000000000000000 ) ) ;
#2651 = EDGE_CURVE ( 'NONE', #3986, #1817, #3383, .T. ) ;
#2652 = ORIENTED_EDGE ( 'NONE', *, *, #1252, .F. ) ;
#2653 = COLOUR_RGB ( '',0.6470588235294117974, 0.6196078431372549211, 0.5882352941176470784 ) ;
#2654 = ORIENTED_EDGE ( 'NONE', *, *, #3487, .F. ) ;
#2655 = CARTESIAN_POINT ( 'NONE',  ( -0.5250000000000000222, 0.0000000000000000000, 0.0000000000000000000 ) ) ;
#2656 = DIRECTION ( 'NONE',  ( -1.000000000000000000, 0.0000000000000000000, 0.0000000000000000000 ) ) ;
#2657 = DIRECTION ( 'NONE',  ( 0.0000000000000000000, -6.672013369141637200E-16, 1.000000000000000000 ) ) ;
#2658 = ORIENTED_EDGE ( 'NONE', *, *, #4022, .T. ) ;
#2659 = AXIS2_PLACEMENT_3D ( 'NONE', #50, #447, #1122 ) ;
#2660 = LINE ( 'NONE', #697, #1930 ) ;
#2661 = ORIENTED_EDGE ( 'NONE', *, *, #3059, .T. ) ;
#2662 = FILL_AREA_STYLE ('',( #1160 ) ) ;
#2663 = ORIENTED_EDGE ( 'NONE', *, *, #2271, .F. ) ;
#2664 = CARTESIAN_POINT ( 'NONE',  ( -2.875000000000000000, 4.250000000000000000, 2.024999999999999911 ) ) ;
#2665 = DIRECTION ( 'NONE',  ( 0.0000000000000000000, 0.0000000000000000000, 1.000000000000000000 ) ) ;
#2666 = EDGE_LOOP ( 'NONE', ( #2424, #2578, #2738, #3509, #975, #49, #3673, #1877, #1089, #1035, #3961, #3882, #3363, #4394 ) ) ;
#2667 =( NAMED_UNIT ( * ) PLANE_ANGLE_UNIT ( ) SI_UNIT ( $, .RADIAN. ) );
#2668 = CARTESIAN_POINT ( 'NONE',  ( 0.5150000000000000133, 1.850000000000000089, -2.024999999999999911 ) ) ;
#2669 = ORIENTED_EDGE ( 'NONE', *, *, #2309, .T. ) ;
#2670 = VECTOR ( 'NONE', #4720, 1000.000000000000000 ) ;
#2671 = DIRECTION ( 'NONE',  ( 0.0000000000000000000, -3.252606517456512119E-15, 1.000000000000000000 ) ) ;
#2672 = VECTOR ( 'NONE', #3717, 1000.000000000000000 ) ;
#2673 = ORIENTED_EDGE ( 'NONE', *, *, #3263, .F. ) ;
#2674 = EDGE_CURVE ( 'NONE', #1643, #4802, #195, .T. ) ;
#2675 = PLANE ( 'NONE',  #2880 ) ;
#2676 = EDGE_LOOP ( 'NONE', ( #4785, #4157, #137, #808 ) ) ;
#2677 = DIRECTION ( 'NONE',  ( -1.000000000000000000, 0.0000000000000000000, -0.0000000000000000000 ) ) ;
#2678 = LINE ( 'NONE', #3633, #1598 ) ;
#2679 = CARTESIAN_POINT ( 'NONE',  ( -2.274999999999999911, 1.949999999999999512, 2.025000000000007017 ) ) ;
#2680 = APPLICATION_CONTEXT ( 'automotive_design' ) ;
#2681 = CARTESIAN_POINT ( 'NONE',  ( 2.875000000000000000, 1.000000000000000000, -1.525000000000000133 ) ) ;
#2682 = FACE_OUTER_BOUND ( 'NONE', #3253, .T. ) ;
#2683 = LINE ( 'NONE', #3173, #4197 ) ;
#2684 = EDGE_CURVE ( 'NONE', #2478, #920, #4261, .T. ) ;
#2685 = CARTESIAN_POINT ( 'NONE',  ( 2.274999999999999911, 8.673617379884035472E-15, -0.2250000000000008105 ) ) ;
#2686 = AXIS2_PLACEMENT_3D ( 'NONE', #548, #3481, #1291 ) ;
#2687 = VECTOR ( 'NONE', #2436, 1000.000000000000000 ) ;
#2688 = CARTESIAN_POINT ( 'NONE',  ( -0.7249999999999999778, 1.350000000000000089, 1.525000000000000133 ) ) ;
#2689 = ADVANCED_FACE ( 'NONE', ( #4643 ), #2525, .F. ) ;
#2690 = ORIENTED_EDGE ( 'NONE', *, *, #3410, .T. ) ;
#2691 = AXIS2_PLACEMENT_3D ( 'NONE', #3425, #3091, #112 ) ;
#2692 = DIRECTION ( 'NONE',  ( 0.0000000000000000000, 1.000000000000000000, 0.0000000000000000000 ) ) ;
#2693 = EDGE_LOOP ( 'NONE', ( #991, #1852, #2274 ) ) ;
#2694 = CARTESIAN_POINT ( 'NONE',  ( -0.5250000000000000222, 1.649999999999999911, -1.698606797699999893 ) ) ;
#2695 = DIRECTION ( 'NONE',  ( 0.0000000000000000000, 4.003208021484939327E-15, -1.000000000000000000 ) ) ;
#2696 = VECTOR ( 'NONE', #3149, 1000.000000000000000 ) ;
#2697 = AXIS2_PLACEMENT_3D ( 'NONE', #4462, #2618, #3361 ) ;
#2698 = EDGE_LOOP ( 'NONE', ( #2474, #778, #4079, #3490 ) ) ;
#2699 = CIRCLE ( 'NONE', #1101, 0.2999999999999999334 ) ;
#2700 = CARTESIAN_POINT ( 'NONE',  ( -1.250000000000000000, 0.0000000000000000000, -1.025000000000000133 ) ) ;
#2701 = EDGE_CURVE ( 'NONE', #4384, #4393, #3432, .T. ) ;
#2702 = CARTESIAN_POINT ( 'NONE',  ( -0.5250000000000000222, 1.350000000000000089, -1.525000000000000133 ) ) ;
#2703 = ORIENTED_EDGE ( 'NONE', *, *, #3470, .F. ) ;
#2704 = ORIENTED_EDGE ( 'NONE', *, *, #872, .T. ) ;
#2705 = DIRECTION ( 'NONE',  ( 0.0000000000000000000, 0.0000000000000000000, 1.000000000000000000 ) ) ;
#2706 = EDGE_CURVE ( 'NONE', #1534, #889, #4482, .T. ) ;
#2707 = EDGE_CURVE ( 'NONE', #4441, #574, #1438, .T. ) ;
#2708 = ORIENTED_EDGE ( 'NONE', *, *, #806, .F. ) ;
#2709 = VERTEX_POINT ( 'NONE', #1540 ) ;
#2710 = PLANE ( 'NONE',  #81 ) ;
#2711 = ADVANCED_FACE ( 'NONE', ( #3608 ), #2881, .F. ) ;
#2712 = LINE ( 'NONE', #4524, #532 ) ;
#2713 = EDGE_CURVE ( 'NONE', #4299, #3000, #2344, .T. ) ;
#2714 = ORIENTED_EDGE ( 'NONE', *, *, #4779, .F. ) ;
#2715 = ORIENTED_EDGE ( 'NONE', *, *, #102, .F. ) ;
#2716 = CARTESIAN_POINT ( 'NONE',  ( 2.274999999999999911, 0.6000000000000024203, 1.375000000000002442 ) ) ;
#2717 = LINE ( 'NONE', #1826, #4561 ) ;
#2718 = CARTESIAN_POINT ( 'NONE',  ( -0.5250000000000000222, 1.795247431900000024, 2.024999999999999911 ) ) ;
#2719 = EDGE_LOOP ( 'NONE', ( #2863, #4695, #2948, #2704 ) ) ;
#2720 = AXIS2_PLACEMENT_3D ( 'NONE', #1353, #3566, #580 ) ;
#2721 = VERTEX_POINT ( 'NONE', #2223 ) ;
#2722 = DIRECTION ( 'NONE',  ( 1.000000000000000000, 0.0000000000000000000, 0.0000000000000000000 ) ) ;
#2723 = PLANE ( 'NONE',  #1835 ) ;
#2724 = AXIS2_PLACEMENT_3D ( 'NONE', #3322, #401, #3012 ) ;
#2725 = ORIENTED_EDGE ( 'NONE', *, *, #2898, .T. ) ;
#2726 = ORIENTED_EDGE ( 'NONE', *, *, #3969, .T. ) ;
#2727 = EDGE_CURVE ( 'NONE', #1481, #1924, #954, .T. ) ;
#2728 = ADVANCED_FACE ( 'NONE', ( #3553 ), #776, .T. ) ;
#2729 = CARTESIAN_POINT ( 'NONE',  ( -2.875000000000000000, 1.000000000000000000, -2.024999999999999911 ) ) ;
#2730 = ORIENTED_EDGE ( 'NONE', *, *, #2776, .T. ) ;
#2731 = DIRECTION ( 'NONE',  ( 0.0000000000000000000, 1.000000000000000000, 0.0000000000000000000 ) ) ;
#2732 = ORIENTED_EDGE ( 'NONE', *, *, #3807, .T. ) ;
#2733 = FACE_OUTER_BOUND ( 'NONE', #4042, .T. ) ;
#2734 = LINE ( 'NONE', #2392, #1552 ) ;
#2735 = CLOSED_SHELL ( 'NONE', ( #562, #4203, #159, #2689, #2433, #514, #2728, #1383, #3387, #55, #868, #1795, #747, #2439, #3595, #3457, #1212, #3120 ) ) ;
#2736 = DIRECTION ( 'NONE',  ( -0.0000000000000000000, 1.000000000000000000, -0.0000000000000000000 ) ) ;
#2737 = LINE ( 'NONE', #4532, #2008 ) ;
#2738 = ORIENTED_EDGE ( 'NONE', *, *, #948, .T. ) ;
#2739 = DIRECTION ( 'NONE',  ( 0.0000000000000000000, 0.0000000000000000000, 1.000000000000000000 ) ) ;
#2740 = CARTESIAN_POINT ( 'NONE',  ( 0.4249999999999999889, 1.649999999999999911, -1.698606797699999893 ) ) ;
#2741 = AXIS2_PLACEMENT_3D ( 'NONE', #2312, #90, #3776 ) ;
#2742 = CARTESIAN_POINT ( 'NONE',  ( -0.3750000000000000000, 2.750000000000000000, -0.4749999999999999778 ) ) ;
#2743 = DIRECTION ( 'NONE',  ( 0.0000000000000000000, 1.000000000000000000, 3.212450881438532635E-15 ) ) ;
#2744 = ORIENTED_EDGE ( 'NONE', *, *, #298, .F. ) ;
#2745 = VECTOR ( 'NONE', #309, 1000.000000000000000 ) ;
#2746 = LINE ( 'NONE', #1711, #4653 ) ;
#2747 = VERTEX_POINT ( 'NONE', #4501 ) ;
#2748 = ADVANCED_FACE ( 'NONE', ( #4650, #2567 ), #797, .F. ) ;
#2749 = AXIS2_PLACEMENT_3D ( 'NONE', #1486, #3, #4763 ) ;
#2750 = SURFACE_STYLE_FILL_AREA ( #3037 ) ;
#2751 = LINE ( 'NONE', #2322, #1784 ) ;
#2752 = CARTESIAN_POINT ( 'NONE',  ( 0.4249999999999999889, 1.649999999999999911, -1.474999999999999867 ) ) ;
#2753 = ORIENTED_EDGE ( 'NONE', *, *, #2543, .F. ) ;
#2754 = DIRECTION ( 'NONE',  ( 0.0000000000000000000, -1.000000000000000000, 0.0000000000000000000 ) ) ;
#2755 = VECTOR ( 'NONE', #1524, 1000.000000000000000 ) ;
#2756 =( LENGTH_UNIT ( ) NAMED_UNIT ( * ) SI_UNIT ( .MILLI., .METRE. ) );
#2757 = LINE ( 'NONE', #4101, #798 ) ;
#2758 = CARTESIAN_POINT ( 'NONE',  ( 0.3750000000000000000, 3.750000000000000000, -2.024999999999999911 ) ) ;
#2759 = CARTESIAN_POINT ( 'NONE',  ( 0.5250000000000000222, 0.0000000000000000000, 0.0000000000000000000 ) ) ;
#2760 = ORIENTED_EDGE ( 'NONE', *, *, #4237, .F. ) ;
#2761 = VECTOR ( 'NONE', #918, 1000.000000000000000 ) ;
#2762 = VERTEX_POINT ( 'NONE', #3741 ) ;
#2763 = CARTESIAN_POINT ( 'NONE',  ( 0.7249999999999999778, 0.8000000000000000444, -2.324999999999999734 ) ) ;
#2764 = ORIENTED_EDGE ( 'NONE', *, *, #4133, .T. ) ;
#2765 = PLANE ( 'NONE',  #1975 ) ;
#2766 = ORIENTED_EDGE ( 'NONE', *, *, #3545, .F. ) ;
#2767 = PLANE ( 'NONE',  #2051 ) ;
#2768 = ORIENTED_EDGE ( 'NONE', *, *, #139, .T. ) ;
#2769 = EDGE_CURVE ( 'NONE', #837, #3574, #3095, .T. ) ;
#2770 = AXIS2_PLACEMENT_3D ( 'NONE', #4366, #1435, #1822 ) ;
#2771 = SURFACE_STYLE_USAGE ( .BOTH. , #3393 ) ;
#2772 = EDGE_LOOP ( 'NONE', ( #4046, #1155, #4373, #1627 ) ) ;
#2773 = ORIENTED_EDGE ( 'NONE', *, *, #1243, .F. ) ;
#2774 = DIRECTION ( 'NONE',  ( -1.000000000000000000, 0.0000000000000000000, 0.0000000000000000000 ) ) ;
#2775 = CARTESIAN_POINT ( 'NONE',  ( 0.8249999999999999556, 1.649999999999999911, -1.474999999999999867 ) ) ;
#2776 = EDGE_CURVE ( 'NONE', #2311, #3073, #2807, .T. ) ;
#2777 = CARTESIAN_POINT ( 'NONE',  ( -1.875000000000000000, 1.850000000000000089, -1.474999999999999867 ) ) ;
#2778 = VERTEX_POINT ( 'NONE', #404 ) ;
#2779 = AXIS2_PLACEMENT_3D ( 'NONE', #3938, #1750, #3971 ) ;
#2780 = ORIENTED_EDGE ( 'NONE', *, *, #879, .T. ) ;
#2781 = VECTOR ( 'NONE', #2517, 1000.000000000000000 ) ;
#2782 = DIRECTION ( 'NONE',  ( 0.0000000000000000000, -1.000000000000000000, 0.0000000000000000000 ) ) ;
#2783 = ORIENTED_EDGE ( 'NONE', *, *, #3036, .F. ) ;
#2784 = VECTOR ( 'NONE', #4808, 1000.000000000000114 ) ;
#2785 = CARTESIAN_POINT ( 'NONE',  ( 2.475000000000000089, 1.950000000000002176, 1.375000000000006883 ) ) ;
#2786 = CARTESIAN_POINT ( 'NONE',  ( 0.7249999999999999778, 0.2500000000000000000, -1.525000000000000133 ) ) ;
#2787 = SHAPE_DEFINITION_REPRESENTATION ( #4317, #1074 ) ;
#2788 = CARTESIAN_POINT ( 'NONE',  ( -2.274999999999999911, 3.600000000000000977, -0.07499999999999998335 ) ) ;
#2789 = ORIENTED_EDGE ( 'NONE', *, *, #4030, .T. ) ;
#2790 = DIRECTION ( 'NONE',  ( 0.0000000000000000000, 1.000000000000000000, 0.0000000000000000000 ) ) ;
#2791 = VECTOR ( 'NONE', #2987, 1000.000000000000000 ) ;
#2792 = VECTOR ( 'NONE', #2413, 1000.000000000000000 ) ;
#2793 = EDGE_CURVE ( 'NONE', #2969, #4448, #4483, .T. ) ;
#2794 = VECTOR ( 'NONE', #3076, 1000.000000000000000 ) ;
#2795 = CARTESIAN_POINT ( 'NONE',  ( -0.7249999999999999778, 0.5000000000000000000, 0.0000000000000000000 ) ) ;
#2796 = ADVANCED_FACE ( 'NONE', ( #623 ), #438, .T. ) ;
#2797 = CARTESIAN_POINT ( 'NONE',  ( -0.5250000000000000222, 0.5000000000000000000, 0.0000000000000000000 ) ) ;
#2798 = EDGE_CURVE ( 'NONE', #4399, #759, #265, .T. ) ;
#2799 = VERTEX_POINT ( 'NONE', #4156 ) ;
#2800 = CARTESIAN_POINT ( 'NONE',  ( -0.5250000000000000222, 0.5547525681000000652, 2.024999999999999911 ) ) ;
#2801 = VERTEX_POINT ( 'NONE', #3399 ) ;
#2802 = EDGE_CURVE ( 'NONE', #4068, #979, #140, .T. ) ;
#2803 = CARTESIAN_POINT ( 'NONE',  ( 0.0000000000000000000, 1.000000000000000000, -1.474999999999999867 ) ) ;
#2804 = ADVANCED_FACE ( 'NONE', ( #3439 ), #4803, .F. ) ;
#2805 = CARTESIAN_POINT ( 'NONE',  ( -2.475000000000000089, -0.05000000000000000278, -0.2250000000000008105 ) ) ;
#2806 = VECTOR ( 'NONE', #3385, 1000.000000000000000 ) ;
#2807 = LINE ( 'NONE', #1917, #2630 ) ;
#2808 = VERTEX_POINT ( 'NONE', #3382 ) ;
#2809 = VECTOR ( 'NONE', #4694, 1000.000000000000000 ) ;
#2810 = DIRECTION ( 'NONE',  ( 0.0000000000000000000, -1.000000000000000000, -4.336808689942024836E-15 ) ) ;
#2811 = DIRECTION ( 'NONE',  ( 0.0000000000000000000, 0.0000000000000000000, 1.000000000000000000 ) ) ;
#2812 = CARTESIAN_POINT ( 'NONE',  ( 0.7349999999999999867, 1.000000000000000000, -1.525000000000000133 ) ) ;
#2813 = VECTOR ( 'NONE', #2472, 1000.000000000000000 ) ;
#2814 = VECTOR ( 'NONE', #1485, 1000.000000000000000 ) ;
#2815 = DIRECTION ( 'NONE',  ( 0.0000000000000000000, 0.0000000000000000000, -1.000000000000000000 ) ) ;
#2816 = EDGE_LOOP ( 'NONE', ( #4012, #4486, #1838, #498 ) ) ;
#2817 = CARTESIAN_POINT ( 'NONE',  ( -0.7249999999999999778, 0.0000000000000000000, -1.525000000000000133 ) ) ;
#2818 = VECTOR ( 'NONE', #4078, 1000.000000000000000 ) ;
#2819 = LINE ( 'NONE', #1906, #4605 ) ;
#2820 = AXIS2_PLACEMENT_3D ( 'NONE', #2419, #905, #185 ) ;
#2821 = DIRECTION ( 'NONE',  ( 0.0000000000000000000, 1.000000000000000000, 0.0000000000000000000 ) ) ;
#2822 = ORIENTED_EDGE ( 'NONE', *, *, #408, .T. ) ;
#2823 = EDGE_CURVE ( 'NONE', #1622, #4459, #2127, .T. ) ;
#2824 = ORIENTED_EDGE ( 'NONE', *, *, #2341, .T. ) ;
#2825 = CARTESIAN_POINT ( 'NONE',  ( 0.8249999999999999556, 1.649999999999999911, -1.025000000000000133 ) ) ;
#2826 = ORIENTED_EDGE ( 'NONE', *, *, #4445, .F. ) ;
#2827 = CARTESIAN_POINT ( 'NONE',  ( -0.5250000000000000222, 0.0000000000000000000, 2.024999999999999911 ) ) ;
#2828 = ORIENTED_EDGE ( 'NONE', *, *, #3998, .F. ) ;
#2829 = CARTESIAN_POINT ( 'NONE',  ( -0.7249999999999999778, 0.8000000000000000444, -2.024999999999999911 ) ) ;
#2830 = ORIENTED_EDGE ( 'NONE', *, *, #2044, .F. ) ;
#2831 = VECTOR ( 'NONE', #4421, 1000.000000000000000 ) ;
#2832 = SURFACE_SIDE_STYLE ('',( #1771 ) ) ;
#2833 = DIRECTION ( 'NONE',  ( -0.0000000000000000000, 1.000000000000000000, -0.0000000000000000000 ) ) ;
#2834 = ORIENTED_EDGE ( 'NONE', *, *, #4535, .F. ) ;
#2835 = DIRECTION ( 'NONE',  ( 1.000000000000000000, 0.0000000000000000000, 0.0000000000000000000 ) ) ;
#2836 = ORIENTED_EDGE ( 'NONE', *, *, #1199, .F. ) ;
#2837 = EDGE_CURVE ( 'NONE', #2721, #4072, #4645, .T. ) ;
#2838 = DIRECTION ( 'NONE',  ( 0.0000000000000000000, -1.000000000000000000, 0.0000000000000000000 ) ) ;
#2839 = ORIENTED_EDGE ( 'NONE', *, *, #1066, .T. ) ;
#2840 = DIRECTION ( 'NONE',  ( 0.0000000000000000000, 1.000000000000000000, 0.0000000000000000000 ) ) ;
#2841 = PLANE ( 'NONE',  #2865 ) ;
#2842 = ORIENTED_EDGE ( 'NONE', *, *, #1207, .T. ) ;
#2843 = CARTESIAN_POINT ( 'NONE',  ( 2.875000000000000000, 4.250000000000000000, 2.024999999999999911 ) ) ;
#2845 = ORIENTED_EDGE ( 'NONE', *, *, #853, .T. ) ;
#2844 = LINE ( 'NONE', #2025, #171 ) ;
#2846 = CARTESIAN_POINT ( 'NONE',  ( -2.274999999999999911, -0.05000000000000000278, 2.024999999999999911 ) ) ;
#2847 = AXIS2_PLACEMENT_3D ( 'NONE', #4041, #2192, #299 ) ;
#2848 = CARTESIAN_POINT ( 'NONE',  ( -1.375000000000000000, 3.149999999999999911, 2.024999999999999911 ) ) ;
#2849 = FACE_OUTER_BOUND ( 'NONE', #3705, .T. ) ;
#2850 = CARTESIAN_POINT ( 'NONE',  ( -2.274999999999999911, 3.600000000000000977, -0.07499999999999998335 ) ) ;
#2851 = ORIENTED_EDGE ( 'NONE', *, *, #4691, .F. ) ;
#2852 = CARTESIAN_POINT ( 'NONE',  ( 1.175000000000000044, 1.850000000000000089, 2.024999999999999911 ) ) ;
#2853 = DIRECTION ( 'NONE',  ( 0.0000000000000000000, 1.000000000000000000, 0.0000000000000000000 ) ) ;
#2854 = LINE ( 'NONE', #571, #1366 ) ;
#2855 = CARTESIAN_POINT ( 'NONE',  ( -0.7349999999999999867, 1.649999999999999911, -1.698606797699999893 ) ) ;
#2856 = DIRECTION ( 'NONE',  ( -1.000000000000000000, 0.0000000000000000000, 0.0000000000000000000 ) ) ;
#2857 = ORIENTED_EDGE ( 'NONE', *, *, #4514, .F. ) ;
#2858 = EDGE_CURVE ( 'NONE', #946, #1271, #1489, .T. ) ;
#2859 = PLANE ( 'NONE',  #3980 ) ;
#2860 = VECTOR ( 'NONE', #2161, 1000.000000000000000 ) ;
#2861 = ORIENTED_EDGE ( 'NONE', *, *, #1818, .F. ) ;
#2862 = LINE ( 'NONE', #3645, #332 ) ;
#2863 = ORIENTED_EDGE ( 'NONE', *, *, #1425, .T. ) ;
#2864 = CARTESIAN_POINT ( 'NONE',  ( -0.5250000000000000222, 0.2500000000000000000, -1.525000000000000133 ) ) ;
#2865 = AXIS2_PLACEMENT_3D ( 'NONE', #4344, #4680, #3179 ) ;
#2866 = VECTOR ( 'NONE', #3843, 1000.000000000000000 ) ;
#2867 = ORIENTED_EDGE ( 'NONE', *, *, #3840, .T. ) ;
#2868 = CARTESIAN_POINT ( 'NONE',  ( -2.375000000000000000, 3.750000000000000000, 0.02500000000000000139 ) ) ;
#2869 = LINE ( 'NONE', #2028, #1909 ) ;
#2870 = VECTOR ( 'NONE', #3783, 1000.000000000000000 ) ;
#2871 = ORIENTED_EDGE ( 'NONE', *, *, #2382, .T. ) ;
#2872 = CARTESIAN_POINT ( 'NONE',  ( -0.5250000000000000222, 1.649999999999999911, -1.025000000000000133 ) ) ;
#2873 = FACE_OUTER_BOUND ( 'NONE', #2475, .T. ) ;
#2874 = PRESENTATION_LAYER_ASSIGNMENT (  '', '', ( #657 ) ) ;
#2875 = DIRECTION ( 'NONE',  ( 1.000000000000000000, 0.0000000000000000000, 0.0000000000000000000 ) ) ;
#2876 = CARTESIAN_POINT ( 'NONE',  ( -0.5250000000000000222, 1.850000000000000089, -1.025000000000000133 ) ) ;
#2877 = DIRECTION ( 'NONE',  ( -1.000000000000000000, 0.0000000000000000000, 0.0000000000000000000 ) ) ;
#2878 = VECTOR ( 'NONE', #3755, 1000.000000000000000 ) ;
#2879 = ORIENTED_EDGE ( 'NONE', *, *, #2394, .T. ) ;
#2880 = AXIS2_PLACEMENT_3D ( 'NONE', #48, #3770, #429 ) ;
#2881 = PLANE ( 'NONE',  #4575 ) ;
#2882 = VECTOR ( 'NONE', #2853, 1000.000000000000000 ) ;
#2883 = VERTEX_POINT ( 'NONE', #61 ) ;
#2884 = DIRECTION ( 'NONE',  ( 0.0000000000000000000, 0.0000000000000000000, 1.000000000000000000 ) ) ;
#2885 = DIRECTION ( 'NONE',  ( 0.0000000000000000000, 0.0000000000000000000, -1.000000000000000000 ) ) ;
#2886 = ORIENTED_EDGE ( 'NONE', *, *, #3857, .T. ) ;
#2887 = VERTEX_POINT ( 'NONE', #3831 ) ;
#2888 = LINE ( 'NONE', #2516, #2949 ) ;
#2889 = EDGE_LOOP ( 'NONE', ( #4031, #4751, #4350, #153 ) ) ;
#2890 = EDGE_CURVE ( 'NONE', #2128, #3011, #3204, .T. ) ;
#2891 = EDGE_CURVE ( 'NONE', #231, #1984, #1606, .T. ) ;
#2892 = CARTESIAN_POINT ( 'NONE',  ( 0.5250000000000000222, 1.850000000000000089, -1.698606797699999893 ) ) ;
#2893 = DIRECTION ( 'NONE',  ( -0.0000000000000000000, 1.000000000000000000, 0.0000000000000000000 ) ) ;
#2894 = EDGE_LOOP ( 'NONE', ( #3281, #3956, #1617, #3687 ) ) ;
#2895 = LINE ( 'NONE', #2132, #2203 ) ;
#2896 = EDGE_LOOP ( 'NONE', ( #1730, #1837, #706, #3114, #1259, #2886, #2239, #2319, #2654, #857, #415, #2548, #958, #3449, #2760, #4744 ) ) ;
#2897 = DIRECTION ( 'NONE',  ( 0.0000000000000000000, 0.0000000000000000000, 1.000000000000000000 ) ) ;
#2898 = EDGE_CURVE ( 'NONE', #144, #3259, #1836, .T. ) ;
#2899 = ORIENTED_EDGE ( 'NONE', *, *, #369, .T. ) ;
#2900 = ORIENTED_EDGE ( 'NONE', *, *, #2308, .F. ) ;
#2901 = PLANE ( 'NONE',  #145 ) ;
#2902 = ADVANCED_FACE ( 'NONE', ( #382 ), #141, .T. ) ;
#2903 = ORIENTED_EDGE ( 'NONE', *, *, #956, .T. ) ;
#2904 = AXIS2_PLACEMENT_3D ( 'NONE', #3163, #988, #1323 ) ;
#2905 = VECTOR ( 'NONE', #3251, 1000.000000000000000 ) ;
#2906 = DIRECTION ( 'NONE',  ( 0.0000000000000000000, 1.000000000000000000, 0.0000000000000000000 ) ) ;
#2907 = DIRECTION ( 'NONE',  ( 0.0000000000000000000, -0.4999999999932618899, 0.8660254037883288181 ) ) ;
#2908 = ORIENTED_EDGE ( 'NONE', *, *, #1477, .F. ) ;
#2909 = DIRECTION ( 'NONE',  ( 0.0000000000000000000, 1.000000000000000000, 0.0000000000000000000 ) ) ;
#2910 = LINE ( 'NONE', #3083, #3028 ) ;
#2911 = AXIS2_PLACEMENT_3D ( 'NONE', #240, #3569, #631 ) ;
#2912 = DIRECTION ( 'NONE',  ( 0.0000000000000000000, 1.000000000000000000, 0.0000000000000000000 ) ) ;
#2913 = ORIENTED_EDGE ( 'NONE', *, *, #135, .F. ) ;
#2914 = LINE ( 'NONE', #120, #3662 ) ;
#2915 = DIRECTION ( 'NONE',  ( 0.0000000000000000000, 1.000000000000000000, 0.0000000000000000000 ) ) ;
#2916 = LINE ( 'NONE', #1063, #1961 ) ;
#2917 = FACE_OUTER_BOUND ( 'NONE', #2081, .T. ) ;
#2918 = DIRECTION ( 'NONE',  ( -1.000000000000000000, 0.0000000000000000000, 0.0000000000000000000 ) ) ;
#2919 = DIRECTION ( 'NONE',  ( 0.0000000000000000000, 0.0000000000000000000, 1.000000000000000000 ) ) ;
#2920 = LINE ( 'NONE', #735, #3547 ) ;
#2921 = ORIENTED_EDGE ( 'NONE', *, *, #3600, .F. ) ;
#2922 = ORIENTED_EDGE ( 'NONE', *, *, #3289, .T. ) ;
#2923 = PLANE ( 'NONE',  #3308 ) ;
#2924 = VERTEX_POINT ( 'NONE', #1604 ) ;
#2925 = EDGE_CURVE ( 'NONE', #2022, #2943, #1067, .T. ) ;
#2926 = LINE ( 'NONE', #4064, #510 ) ;
#2927 = FACE_OUTER_BOUND ( 'NONE', #1407, .T. ) ;
#2928 = LINE ( 'NONE', #4681, #2813 ) ;
#2929 = CARTESIAN_POINT ( 'NONE',  ( -2.274999999999999911, 0.0000000000000000000, 0.0000000000000000000 ) ) ;
#2930 = LINE ( 'NONE', #2805, #4498 ) ;
#2931 = CARTESIAN_POINT ( 'NONE',  ( -1.175000000000000044, 1.850000000000000089, 2.024999999999999911 ) ) ;
#2932 = EDGE_LOOP ( 'NONE', ( #2473, #4775, #531, #990 ) ) ;
#2933 = VECTOR ( 'NONE', #1273, 1000.000000000000000 ) ;
#2934 = EDGE_CURVE ( 'NONE', #2507, #2490, #4765, .T. ) ;
#2935 = LINE ( 'NONE', #3745, #576 ) ;
#2936 = LINE ( 'NONE', #1533, #3505 ) ;
#2937 = ORIENTED_EDGE ( 'NONE', *, *, #1360, .F. ) ;
#2938 = EDGE_CURVE ( 'NONE', #679, #2302, #4204, .T. ) ;
#2939 = CARTESIAN_POINT ( 'NONE',  ( 0.8750000000000000000, 2.250000000000000000, -2.024999999999999911 ) ) ;
#2940 = PLANE ( 'NONE',  #348 ) ;
#2941 = ORIENTED_EDGE ( 'NONE', *, *, #1635, .T. ) ;
#2942 = CARTESIAN_POINT ( 'NONE',  ( -2.024999999999999911, 4.240000000000000213, -2.024999999999999911 ) ) ;
#2943 = VERTEX_POINT ( 'NONE', #4217 ) ;
#2944 = LINE ( 'NONE', #4593, #4055 ) ;
#2945 = ORIENTED_EDGE ( 'NONE', *, *, #1516, .T. ) ;
#2946 = LINE ( 'NONE', #3404, #4231 ) ;
#2947 = ORIENTED_EDGE ( 'NONE', *, *, #4206, .F. ) ;
#2948 = ORIENTED_EDGE ( 'NONE', *, *, #2776, .F. ) ;
#2949 = VECTOR ( 'NONE', #2907, 1000.000000000000114 ) ;
#2950 = DIRECTION ( 'NONE',  ( 0.0000000000000000000, 1.000000000000000000, 0.0000000000000000000 ) ) ;
#2951 = ORIENTED_EDGE ( 'NONE', *, *, #732, .F. ) ;
#2952 = DIRECTION ( 'NONE',  ( 0.0000000000000000000, 1.000000000000000000, 0.0000000000000000000 ) ) ;
#2953 = DIRECTION ( 'NONE',  ( -1.000000000000000000, -0.0000000000000000000, -0.0000000000000000000 ) ) ;
#2954 = EDGE_CURVE ( 'NONE', #2799, #3044, #2512, .T. ) ;
#2955 = PLANE ( 'NONE',  #1052 ) ;
#2956 = CARTESIAN_POINT ( 'NONE',  ( 2.875000000000000000, 1.950000000000002176, 1.375000000000006883 ) ) ;
#2957 = VECTOR ( 'NONE', #1828, 1000.000000000000000 ) ;
#2958 = DIRECTION ( 'NONE',  ( -0.0000000000000000000, 1.000000000000000000, 0.0000000000000000000 ) ) ;
#2959 = ORIENTED_EDGE ( 'NONE', *, *, #1572, .T. ) ;
#2960 = DIRECTION ( 'NONE',  ( 0.0000000000000000000, 0.0000000000000000000, -1.000000000000000000 ) ) ;
#2961 = ORIENTED_EDGE ( 'NONE', *, *, #582, .F. ) ;
#2962 = CARTESIAN_POINT ( 'NONE',  ( 2.274999999999999911, 4.250000000000000000, -0.07499999999999998335 ) ) ;
#2963 = EDGE_CURVE ( 'NONE', #2631, #2029, #4088, .T. ) ;
#2964 = DIRECTION ( 'NONE',  ( -1.000000000000000000, 0.0000000000000000000, -0.0000000000000000000 ) ) ;
#2965 = CARTESIAN_POINT ( 'NONE',  ( 2.500000000000000000, 4.240000000000000213, 2.024999999999999911 ) ) ;
#2966 = EDGE_LOOP ( 'NONE', ( #3801, #1748, #4678, #3336 ) ) ;
#2967 = PLANE ( 'NONE',  #3611 ) ;
#2968 = AXIS2_PLACEMENT_3D ( 'NONE', #4100, #34, #1079 ) ;
#2969 = VERTEX_POINT ( 'NONE', #831 ) ;
#2970 = FACE_OUTER_BOUND ( 'NONE', #3433, .T. ) ;
#2971 = VECTOR ( 'NONE', #2056, 1000.000000000000000 ) ;
#2972 = CARTESIAN_POINT ( 'NONE',  ( 0.7249999999999999778, 0.0000000000000000000, -2.024999999999999911 ) ) ;
#2973 = VECTOR ( 'NONE', #758, 1000.000000000000000 ) ;
#2974 = DIRECTION ( 'NONE',  ( -1.000000000000000000, 0.0000000000000000000, 0.0000000000000000000 ) ) ;
#2975 = EDGE_CURVE ( 'NONE', #946, #1450, #3489, .T. ) ;
#2976 = LINE ( 'NONE', #4333, #186 ) ;
#2977 = CARTESIAN_POINT ( 'NONE',  ( 0.7249999999999999778, 0.0000000000000000000, -2.824999999999999734 ) ) ;
#2978 = DIRECTION ( 'NONE',  ( 0.0000000000000000000, 0.0000000000000000000, -1.000000000000000000 ) ) ;
#2979 = EDGE_CURVE ( 'NONE', #2887, #3259, #2737, .T. ) ;
#2980 = EDGE_CURVE ( 'NONE', #301, #3891, #323, .T. ) ;
#2981 = VECTOR ( 'NONE', #4602, 1000.000000000000000 ) ;
#2982 = ORIENTED_EDGE ( 'NONE', *, *, #462, .T. ) ;
#2983 = DIRECTION ( 'NONE',  ( -0.0000000000000000000, 1.000000000000000000, 0.0000000000000000000 ) ) ;
#2984 = ORIENTED_EDGE ( 'NONE', *, *, #3995, .F. ) ;
#2985 = CARTESIAN_POINT ( 'NONE',  ( 2.274999999999999911, 4.250000000000000000, -0.07499999999999998335 ) ) ;
#2986 = FACE_OUTER_BOUND ( 'NONE', #293, .T. ) ;
#2987 = DIRECTION ( 'NONE',  ( 0.0000000000000000000, 1.000000000000000000, 0.0000000000000000000 ) ) ;
#2988 = VECTOR ( 'NONE', #2810, 1000.000000000000000 ) ;
#2989 = DIRECTION ( 'NONE',  ( -1.000000000000000000, 0.0000000000000000000, 0.0000000000000000000 ) ) ;
#2990 = LINE ( 'NONE', #1964, #1382 ) ;
#2991 = FACE_OUTER_BOUND ( 'NONE', #1582, .T. ) ;
#2992 = ORIENTED_EDGE ( 'NONE', *, *, #1559, .F. ) ;
#2993 = VECTOR ( 'NONE', #1239, 999.9999999999998863 ) ;
#2994 = DIRECTION ( 'NONE',  ( 1.000000000000000000, 0.0000000000000000000, 0.0000000000000000000 ) ) ;
#2995 = DIRECTION ( 'NONE',  ( 1.000000000000000000, 0.0000000000000000000, 0.0000000000000000000 ) ) ;
#2996 = FACE_OUTER_BOUND ( 'NONE', #4607, .T. ) ;
#2997 = ORIENTED_EDGE ( 'NONE', *, *, #4512, .F. ) ;
#2998 = AXIS2_PLACEMENT_3D ( 'NONE', #3038, #1551, #449 ) ;
#2999 = CARTESIAN_POINT ( 'NONE',  ( 0.5250000000000000222, 0.8000000000000000444, -2.024999999999999911 ) ) ;
#3000 = VERTEX_POINT ( 'NONE', #3440 ) ;
#3001 = FACE_OUTER_BOUND ( 'NONE', #4809, .T. ) ;
#3002 = ORIENTED_EDGE ( 'NONE', *, *, #815, .T. ) ;
#3003 = ORIENTED_EDGE ( 'NONE', *, *, #1098, .T. ) ;
#3004 = CARTESIAN_POINT ( 'NONE',  ( 0.7249999999999999778, 0.5000000000000000000, 2.024999999999999911 ) ) ;
#3005 = UNCERTAINTY_MEASURE_WITH_UNIT (LENGTH_MEASURE( 1.000000000000000082E-05 ), #2756, 'distance_accuracy_value', 'NONE');
#3006 = MECHANICAL_DESIGN_GEOMETRIC_PRESENTATION_REPRESENTATION (  '', ( #4491 ), #4666 ) ;
#3007 = DIRECTION ( 'NONE',  ( 0.0000000000000000000, -0.0000000000000000000, 1.000000000000000000 ) ) ;
#3008 = EDGE_CURVE ( 'NONE', #3891, #3917, #4368, .T. ) ;
#3009 = ORIENTED_EDGE ( 'NONE', *, *, #851, .T. ) ;
#3010 = VECTOR ( 'NONE', #2216, 1000.000000000000000 ) ;
#3011 = VERTEX_POINT ( 'NONE', #4556 ) ;
#3012 = DIRECTION ( 'NONE',  ( 0.0000000000000000000, 0.0000000000000000000, 1.000000000000000000 ) ) ;
#3013 = CARTESIAN_POINT ( 'NONE',  ( 0.7349999999999999867, 1.649999999999999911, -1.698606797699999893 ) ) ;
#3014 = ORIENTED_EDGE ( 'NONE', *, *, #3289, .F. ) ;
#3015 = DIRECTION ( 'NONE',  ( 0.0000000000000000000, 0.0000000000000000000, -1.000000000000000000 ) ) ;
#3016 = CARTESIAN_POINT ( 'NONE',  ( -0.3750000000000000000, 0.0000000000000000000, 0.0000000000000000000 ) ) ;
#3017 = ORIENTED_EDGE ( 'NONE', *, *, #2215, .F. ) ;
#3018 = ORIENTED_EDGE ( 'NONE', *, *, #427, .T. ) ;
#3019 = DIRECTION ( 'NONE',  ( 0.0000000000000000000, -1.000000000000000000, 0.0000000000000000000 ) ) ;
#3020 = DIRECTION ( 'NONE',  ( 0.0000000000000000000, 0.0000000000000000000, -1.000000000000000000 ) ) ;
#3021 = FILL_AREA_STYLE_COLOUR ( '', #2139 ) ;
#3022 = VERTEX_POINT ( 'NONE', #3061 ) ;
#3023 = DIRECTION ( 'NONE',  ( -1.000000000000000000, 0.0000000000000000000, 0.0000000000000000000 ) ) ;
#3024 = FACE_OUTER_BOUND ( 'NONE', #1700, .T. ) ;
#3025 = ADVANCED_FACE ( 'NONE', ( #4258 ), #3468, .F. ) ;
#3026 = CARTESIAN_POINT ( 'NONE',  ( -2.875000000000000000, 4.250000000000000000, -0.02500000000000000139 ) ) ;
#3027 = VERTEX_POINT ( 'NONE', #2702 ) ;
#3028 = VECTOR ( 'NONE', #2000, 1000.000000000000000 ) ;
#3029 = DIRECTION ( 'NONE',  ( 0.0000000000000000000, 0.0000000000000000000, 1.000000000000000000 ) ) ;
#3030 = EDGE_CURVE ( 'NONE', #1895, #4504, #951, .T. ) ;
#3031 = ORIENTED_EDGE ( 'NONE', *, *, #1729, .T. ) ;
#3032 = DIRECTION ( 'NONE',  ( 0.0000000000000000000, -1.000000000000000000, 0.0000000000000000000 ) ) ;
#3033 = DIRECTION ( 'NONE',  ( -1.000000000000000000, 0.0000000000000000000, 0.0000000000000000000 ) ) ;
#3034 = CARTESIAN_POINT ( 'NONE',  ( -0.7249999999999999778, 0.5000000000000000000, -2.824999999999999734 ) ) ;
#3035 = CARTESIAN_POINT ( 'NONE',  ( 2.274999999999999911, 3.600000000000000977, -0.07499999999999998335 ) ) ;
#3036 = EDGE_CURVE ( 'NONE', #420, #3347, #669, .T. ) ;
#3037 = FILL_AREA_STYLE ('',( #3021 ) ) ;
#3038 = CARTESIAN_POINT ( 'NONE',  ( -0.5250000000000000222, 0.5000000000000000000, 0.0000000000000000000 ) ) ;
#3039 = VECTOR ( 'NONE', #1242, 1000.000000000000000 ) ;
#3040 = ORIENTED_EDGE ( 'NONE', *, *, #851, .F. ) ;
#3041 = CARTESIAN_POINT ( 'NONE',  ( 0.3749999999999998890, 2.750000000000000000, -0.4749999999999999778 ) ) ;
#3042 = DIRECTION ( 'NONE',  ( 0.0000000000000000000, 0.0000000000000000000, 1.000000000000000000 ) ) ;
#3043 = DIRECTION ( 'NONE',  ( 0.0000000000000000000, -1.000000000000000000, 0.0000000000000000000 ) ) ;
#3044 = VERTEX_POINT ( 'NONE', #611 ) ;
#3045 = VECTOR ( 'NONE', #4351, 1000.000000000000000 ) ;
#3046 = LINE ( 'NONE', #3775, #842 ) ;
#3047 = VECTOR ( 'NONE', #284, 1000.000000000000000 ) ;
#3048 = LINE ( 'NONE', #1941, #3618 ) ;
#3049 = VECTOR ( 'NONE', #256, 1000.000000000000000 ) ;
#3050 = DIRECTION ( 'NONE',  ( 1.000000000000000000, 0.0000000000000000000, 0.0000000000000000000 ) ) ;
#3051 = ORIENTED_EDGE ( 'NONE', *, *, #3839, .F. ) ;
#3052 = ADVANCED_FACE ( 'NONE', ( #3666 ), #4202, .T. ) ;
#3053 = CARTESIAN_POINT ( 'NONE',  ( -0.8750000000000000000, 3.750000000000000000, -2.024999999999999911 ) ) ;
#3054 = CARTESIAN_POINT ( 'NONE',  ( -0.7249999999999999778, 1.649999999999999911, -1.025000000000000133 ) ) ;
#3055 = EDGE_CURVE ( 'NONE', #2158, #4279, #4536, .T. ) ;
#3056 = ORIENTED_EDGE ( 'NONE', *, *, #37, .F. ) ;
#3057 = PLANE ( 'NONE',  #1563 ) ;
#3058 = DIRECTION ( 'NONE',  ( 0.0000000000000000000, 0.0000000000000000000, -1.000000000000000000 ) ) ;
#3059 = EDGE_CURVE ( 'NONE', #1077, #3520, #445, .T. ) ;
#3060 = ORIENTED_EDGE ( 'NONE', *, *, #1458, .T. ) ;
#3061 = CARTESIAN_POINT ( 'NONE',  ( -0.5250000000000000222, 1.649999999999999911, 2.024999999999999911 ) ) ;
#3062 = ORIENTED_EDGE ( 'NONE', *, *, #2126, .T. ) ;
#3063 = LINE ( 'NONE', #3874, #4732 ) ;
#3064 = ORIENTED_EDGE ( 'NONE', *, *, #1488, .F. ) ;
#3065 = LINE ( 'NONE', #1549, #4175 ) ;
#3066 = ORIENTED_EDGE ( 'NONE', *, *, #4270, .T. ) ;
#3067 =( NAMED_UNIT ( * ) PLANE_ANGLE_UNIT ( ) SI_UNIT ( $, .RADIAN. ) );
#3068 = VERTEX_POINT ( 'NONE', #3929 ) ;
#3069 = DIRECTION ( 'NONE',  ( 0.0000000000000000000, -1.000000000000000000, 0.0000000000000000000 ) ) ;
#3070 = CARTESIAN_POINT ( 'NONE',  ( -0.5150000000000000133, 1.000000000000000000, -1.025000000000000133 ) ) ;
#3071 = EDGE_LOOP ( 'NONE', ( #2373, #3924, #1986, #2430 ) ) ;
#3072 = EDGE_CURVE ( 'NONE', #2302, #1042, #614, .T. ) ;
#3073 = VERTEX_POINT ( 'NONE', #1667 ) ;
#3074 = ORIENTED_EDGE ( 'NONE', *, *, #4595, .F. ) ;
#3075 = CARTESIAN_POINT ( 'NONE',  ( -2.475000000000000089, 0.6000000000000024203, 1.375000000000002442 ) ) ;
#3076 = DIRECTION ( 'NONE',  ( -1.000000000000000000, 0.0000000000000000000, 0.0000000000000000000 ) ) ;
#3077 = ORIENTED_EDGE ( 'NONE', *, *, #4137, .F. ) ;
#3078 = EDGE_LOOP ( 'NONE', ( #1240, #870, #1339, #1370, #1257, #3626 ) ) ;
#3079 = ADVANCED_FACE ( 'NONE', ( #4477 ), #974, .F. ) ;
#3080 = LINE ( 'NONE', #1167, #436 ) ;
#3081 = VERTEX_POINT ( 'NONE', #169 ) ;
#3082 = VECTOR ( 'NONE', #3142, 1000.000000000000000 ) ;
#3083 = CARTESIAN_POINT ( 'NONE',  ( 2.375000000000000000, 3.750000000000000000, 0.02500000000000000139 ) ) ;
#3084 = CARTESIAN_POINT ( 'NONE',  ( 2.475000000000000089, 1.950000000000001732, 2.024999999999999911 ) ) ;
#3085 = EDGE_CURVE ( 'NONE', #2709, #3945, #4762, .T. ) ;
#3086 = PLANE ( 'NONE',  #2616 ) ;
#3087 = AXIS2_PLACEMENT_3D ( 'NONE', #3497, #609, #2066 ) ;
#3088 = VECTOR ( 'NONE', #2073, 1000.000000000000000 ) ;
#3089 = CARTESIAN_POINT ( 'NONE',  ( -0.7249999999999999778, 1.649999999999999911, -1.474999999999999867 ) ) ;
#3090 = CARTESIAN_POINT ( 'NONE',  ( -0.7249999999999999778, 1.000000000000000000, 1.525000000000000133 ) ) ;
#3091 = DIRECTION ( 'NONE',  ( 0.0000000000000000000, -1.000000000000000000, 0.0000000000000000000 ) ) ;
#3092 = ORIENTED_EDGE ( 'NONE', *, *, #4122, .F. ) ;
#3093 = VERTEX_POINT ( 'NONE', #2812 ) ;
#3094 = ADVANCED_FACE ( 'NONE', ( #4413 ), #3948, .T. ) ;
#3095 = LINE ( 'NONE', #4447, #387 ) ;
#3096 = VERTEX_POINT ( 'NONE', #2067 ) ;
#3097 = DIRECTION ( 'NONE',  ( 0.0000000000000000000, 0.0000000000000000000, 1.000000000000000000 ) ) ;
#3098 = CARTESIAN_POINT ( 'NONE',  ( -2.274999999999999911, 8.673617379884035472E-15, -0.2250000000000008105 ) ) ;
#3099 = LINE ( 'NONE', #238, #3982 ) ;
#3100 = ORIENTED_EDGE ( 'NONE', *, *, #2366, .T. ) ;
#3101 = CARTESIAN_POINT ( 'NONE',  ( -0.5150000000000000133, 1.000000000000000000, -1.025000000000000133 ) ) ;
#3102 = CARTESIAN_POINT ( 'NONE',  ( 0.7249999999999999778, 0.0000000000000000000, 2.024999999999999911 ) ) ;
#3103 = PLANE ( 'NONE',  #2586 ) ;
#3104 = LINE ( 'NONE', #4371, #1135 ) ;
#3105 = COLOUR_RGB ( '',0.6470588235294117974, 0.6196078431372549211, 0.5882352941176470784 ) ;
#3106 = CARTESIAN_POINT ( 'NONE',  ( 1.875000000000000000, 3.750000000000000000, 0.02500000000000000139 ) ) ;
#3107 = FACE_OUTER_BOUND ( 'NONE', #4563, .T. ) ;
#3108 = VERTEX_POINT ( 'NONE', #1293 ) ;
#3109 = VECTOR ( 'NONE', #3782, 1000.000000000000000 ) ;
#3110 = VECTOR ( 'NONE', #178, 1000.000000000000000 ) ;
#3111 = EDGE_CURVE ( 'NONE', #2153, #2478, #1313, .T. ) ;
#3112 = FACE_OUTER_BOUND ( 'NONE', #2372, .T. ) ;
#3113 = CARTESIAN_POINT ( 'NONE',  ( -0.3750000000000000000, 2.750000000000000000, -0.4749999999999999778 ) ) ;
#3114 = ORIENTED_EDGE ( 'NONE', *, *, #896, .T. ) ;
#3115 = ORIENTED_EDGE ( 'NONE', *, *, #2076, .F. ) ;
#3116 = CARTESIAN_POINT ( 'NONE',  ( 0.8249999999999999556, 1.850000000000000089, -1.698606797699999893 ) ) ;
#3117 = VERTEX_POINT ( 'NONE', #2423 ) ;
#3118 = EDGE_CURVE ( 'NONE', #1229, #4036, #14, .T. ) ;
#3119 = ORIENTED_EDGE ( 'NONE', *, *, #549, .T. ) ;
#3120 = ADVANCED_FACE ( 'NONE', ( #1894 ), #4646, .F. ) ;
#3121 = ORIENTED_EDGE ( 'NONE', *, *, #1619, .T. ) ;
#3122 = FACE_OUTER_BOUND ( 'NONE', #2417, .T. ) ;
#3123 = CARTESIAN_POINT ( 'NONE',  ( 1.375000000000000000, 3.750000000000000000, 0.02500000000000000139 ) ) ;
#3124 = ORIENTED_EDGE ( 'NONE', *, *, #1542, .F. ) ;
#3125 = EDGE_LOOP ( 'NONE', ( #3277, #4557, #260, #4789 ) ) ;
#3126 = ORIENTED_EDGE ( 'NONE', *, *, #2382, .F. ) ;
#3127 = EDGE_CURVE ( 'NONE', #2632, #2302, #3380, .T. ) ;
#3128 =( NAMED_UNIT ( * ) SI_UNIT ( $, .STERADIAN. ) SOLID_ANGLE_UNIT ( ) );
#3129 = VECTOR ( 'NONE', #1809, 1000.000000000000000 ) ;
#3130 = ORIENTED_EDGE ( 'NONE', *, *, #2706, .T. ) ;
#3131 = CARTESIAN_POINT ( 'NONE',  ( 0.7249999999999999778, 1.850000000000000089, -1.025000000000000133 ) ) ;
#3132 = LINE ( 'NONE', #999, #1413 ) ;
#3133 = CARTESIAN_POINT ( 'NONE',  ( 2.456138830084189983, 2.250000000000000000, 1.025000000000000133 ) ) ;
#3134 = VECTOR ( 'NONE', #4511, 1000.000000000000000 ) ;
#3135 = EDGE_CURVE ( 'NONE', #2808, #4348, #1427, .T. ) ;
#3136 = ORIENTED_EDGE ( 'NONE', *, *, #618, .T. ) ;
#3137 = FACE_BOUND ( 'NONE', #4308, .T. ) ;
#3138 = DIRECTION ( 'NONE',  ( 0.0000000000000000000, 0.0000000000000000000, -1.000000000000000000 ) ) ;
#3139 = PRODUCT_DEFINITION_CONTEXT ( 'detailed design', #2680, 'design' ) ;
#3140 = EDGE_LOOP ( 'NONE', ( #3888, #3828, #527, #3304 ) ) ;
#3141 = EDGE_CURVE ( 'NONE', #4176, #3554, #1712, .T. ) ;
#3142 = DIRECTION ( 'NONE',  ( 0.0000000000000000000, 1.000000000000000000, 3.212450881438532635E-15 ) ) ;
#3143 = CARTESIAN_POINT ( 'NONE',  ( 2.274999999999999911, 0.6000000000000076383, -0.2249999999999982014 ) ) ;
#3144 = COLOUR_RGB ( '',1.000000000000000000, 1.000000000000000000, 1.000000000000000000 ) ;
#3145 = FACE_OUTER_BOUND ( 'NONE', #347, .T. ) ;
#3146 = UNCERTAINTY_MEASURE_WITH_UNIT (LENGTH_MEASURE( 1.000000000000000082E-05 ), #1819, 'distance_accuracy_value', 'NONE');
#3147 = DIRECTION ( 'NONE',  ( -1.000000000000000000, 0.0000000000000000000, 0.0000000000000000000 ) ) ;
#3148 = AXIS2_PLACEMENT_3D ( 'NONE', #384, #2964, #1969 ) ;
#3149 = DIRECTION ( 'NONE',  ( 1.000000000000000000, 0.0000000000000000000, 0.0000000000000000000 ) ) ;
#3150 = VECTOR ( 'NONE', #3043, 1000.000000000000000 ) ;
#3151 = ORIENTED_EDGE ( 'NONE', *, *, #4538, .F. ) ;
#3152 = PRESENTATION_STYLE_ASSIGNMENT (( #3664 ) ) ;
#3153 = VECTOR ( 'NONE', #4738, 1000.000000000000114 ) ;
#3154 = ORIENTED_EDGE ( 'NONE', *, *, #4358, .F. ) ;
#3155 = LINE ( 'NONE', #1854, #4648 ) ;
#3156 = AXIS2_PLACEMENT_3D ( 'NONE', #1421, #3994, #4057 ) ;
#3157 = CARTESIAN_POINT ( 'NONE',  ( 0.8249999999999999556, 1.649999999999999911, 2.024999999999999911 ) ) ;
#3158 = VECTOR ( 'NONE', #2646, 1000.000000000000000 ) ;
#3159 = FACE_OUTER_BOUND ( 'NONE', #3603, .T. ) ;
#3160 = CARTESIAN_POINT ( 'NONE',  ( 0.3749999999999998890, 2.250000000000000000, -0.4749999999999999778 ) ) ;
#3161 = LINE ( 'NONE', #976, #740 ) ;
#3162 = VERTEX_POINT ( 'NONE', #925 ) ;
#3163 = CARTESIAN_POINT ( 'NONE',  ( -1.875000000000000000, 3.750000000000000000, 2.025999999999999801 ) ) ;
#3164 = CARTESIAN_POINT ( 'NONE',  ( 0.5250000000000000222, 0.0000000000000000000, -2.824999999999999734 ) ) ;
#3165 = ORIENTED_EDGE ( 'NONE', *, *, #4074, .F. ) ;
#3166 = ADVANCED_FACE ( 'NONE', ( #2917 ), #552, .F. ) ;
#3167 = EDGE_LOOP ( 'NONE', ( #3235, #2851, #1705, #2035 ) ) ;
#3168 = EDGE_CURVE ( 'NONE', #1055, #1496, #1009, .T. ) ;
#3169 = SURFACE_STYLE_USAGE ( .BOTH. , #3954 ) ;
#3170 = VECTOR ( 'NONE', #3512, 1000.000000000000000 ) ;
#3171 = ORIENTED_EDGE ( 'NONE', *, *, #471, .F. ) ;
#3172 = LINE ( 'NONE', #4470, #1631 ) ;
#3173 = CARTESIAN_POINT ( 'NONE',  ( 2.475000000000000089, 1.950000000000001732, 2.024999999999999911 ) ) ;
#3174 = EDGE_LOOP ( 'NONE', ( #1385, #3854, #585, #3092 ) ) ;
#3175 = AXIS2_PLACEMENT_3D ( 'NONE', #2700, #3762, #470 ) ;
#3176 = CARTESIAN_POINT ( 'NONE',  ( 0.0000000000000000000, 0.0000000000000000000, 0.02500000000000000139 ) ) ;
#3177 = LINE ( 'NONE', #4287, #1038 ) ;
#3178 = ORIENTED_EDGE ( 'NONE', *, *, #2181, .T. ) ;
#3179 = DIRECTION ( 'NONE',  ( 0.0000000000000000000, 0.0000000000000000000, -1.000000000000000000 ) ) ;
#3180 = EDGE_CURVE ( 'NONE', #1811, #3895, #3800, .T. ) ;
#3181 = DIRECTION ( 'NONE',  ( 1.000000000000000000, 0.0000000000000000000, 0.0000000000000000000 ) ) ;
#3182 = DIRECTION ( 'NONE',  ( -1.000000000000000000, 0.0000000000000000000, 0.0000000000000000000 ) ) ;
#3183 = ORIENTED_EDGE ( 'NONE', *, *, #1725, .T. ) ;
#3184 = VECTOR ( 'NONE', #4734, 1000.000000000000000 ) ;
#3185 = CARTESIAN_POINT ( 'NONE',  ( 0.7249999999999999778, 1.350000000000000089, 0.0000000000000000000 ) ) ;
#3186 = ORIENTED_EDGE ( 'NONE', *, *, #2212, .F. ) ;
#3187 = ORIENTED_EDGE ( 'NONE', *, *, #2195, .F. ) ;
#3188 = CARTESIAN_POINT ( 'NONE',  ( -0.8750000000000000000, 3.750000000000000000, -2.024999999999999911 ) ) ;
#3189 = PLANE ( 'NONE',  #2255 ) ;
#3190 = CARTESIAN_POINT ( 'NONE',  ( -2.875000000000000000, 0.0000000000000000000, 0.0000000000000000000 ) ) ;
#3191 = FACE_OUTER_BOUND ( 'NONE', #2896, .T. ) ;
#3192 = ORIENTED_EDGE ( 'NONE', *, *, #2367, .F. ) ;
#3193 = PLANE ( 'NONE',  #2235 ) ;
#3194 = DIRECTION ( 'NONE',  ( 0.0000000000000000000, 0.0000000000000000000, 1.000000000000000000 ) ) ;
#3195 = FACE_BOUND ( 'NONE', #3071, .T. ) ;
#3196 = FACE_OUTER_BOUND ( 'NONE', #1405, .T. ) ;
#3197 = CARTESIAN_POINT ( 'NONE',  ( -2.875000000000000000, 8.673617379884035472E-15, -0.2250000000000008105 ) ) ;
#3198 = ORIENTED_EDGE ( 'NONE', *, *, #1391, .T. ) ;
#3199 = PLANE ( 'NONE',  #1870 ) ;
#3200 = DIRECTION ( 'NONE',  ( 1.000000000000000000, 0.0000000000000000000, 0.0000000000000000000 ) ) ;
#3201 = EDGE_CURVE ( 'NONE', #4504, #1990, #1602, .T. ) ;
#3202 = EDGE_CURVE ( 'NONE', #3027, #3343, #721, .T. ) ;
#3203 = EDGE_CURVE ( 'NONE', #2486, #736, #1546, .T. ) ;
#3204 = LINE ( 'NONE', #1174, #3150 ) ;
#3205 = EDGE_LOOP ( 'NONE', ( #87, #4682, #410, #363 ) ) ;
#3206 = ORIENTED_EDGE ( 'NONE', *, *, #2459, .F. ) ;
#3207 = DIRECTION ( 'NONE',  ( 0.0000000000000000000, 0.0000000000000000000, -1.000000000000000000 ) ) ;
#3208 = CARTESIAN_POINT ( 'NONE',  ( 2.875000000000000000, 1.000000000000000000, -1.525000000000000133 ) ) ;
#3209 = VECTOR ( 'NONE', #3632, 1000.000000000000000 ) ;
#3210 = VERTEX_POINT ( 'NONE', #1417 ) ;
#3211 = VECTOR ( 'NONE', #3532, 1000.000000000000000 ) ;
#3212 = VERTEX_POINT ( 'NONE', #4696 ) ;
#3213 = AXIS2_PLACEMENT_3D ( 'NONE', #3286, #3349, #1470 ) ;
#3214 = DIRECTION ( 'NONE',  ( 0.0000000000000000000, -4.336808689942025625E-15, 1.000000000000000000 ) ) ;
#3215 = DIRECTION ( 'NONE',  ( 1.000000000000000000, 0.0000000000000000000, 0.0000000000000000000 ) ) ;
#3216 = VECTOR ( 'NONE', #2360, 1000.000000000000000 ) ;
#3217 = ORIENTED_EDGE ( 'NONE', *, *, #1669, .T. ) ;
#3218 = ADVANCED_FACE ( 'NONE', ( #3145 ), #239, .F. ) ;
#3219 = DIRECTION ( 'NONE',  ( -0.0000000000000000000, 1.000000000000000000, 0.0000000000000000000 ) ) ;
#3220 = SURFACE_STYLE_FILL_AREA ( #2662 ) ;
#3221 = FACE_OUTER_BOUND ( 'NONE', #3331, .T. ) ;
#3222 = ORIENTED_EDGE ( 'NONE', *, *, #3779, .T. ) ;
#3223 = EDGE_CURVE ( 'NONE', #196, #1534, #1374, .T. ) ;
#3224 = LINE ( 'NONE', #1880, #2243 ) ;
#3225 = EDGE_LOOP ( 'NONE', ( #1432, #1566, #1095, #2530, #4797, #56 ) ) ;
#3226 = LINE ( 'NONE', #814, #1976 ) ;
#3227 = DIRECTION ( 'NONE',  ( 1.000000000000000000, 0.0000000000000000000, -0.0000000000000000000 ) ) ;
#3228 = ORIENTED_EDGE ( 'NONE', *, *, #2371, .F. ) ;
#3229 = EDGE_LOOP ( 'NONE', ( #1422, #4651, #16, #3873 ) ) ;
#3230 = FACE_OUTER_BOUND ( 'NONE', #1445, .T. ) ;
#3231 = EDGE_CURVE ( 'NONE', #4073, #3267, #1192, .T. ) ;
#3232 = EDGE_LOOP ( 'NONE', ( #1132, #3066, #3077, #3643 ) ) ;
#3233 = CARTESIAN_POINT ( 'NONE',  ( 2.274999999999999911, -0.05000000000000000278, 2.024999999999999911 ) ) ;
#3234 = PLANE ( 'NONE',  #1773 ) ;
#3235 = ORIENTED_EDGE ( 'NONE', *, *, #3374, .T. ) ;
#3236 = ORIENTED_EDGE ( 'NONE', *, *, #2925, .F. ) ;
#3237 = ADVANCED_FACE ( 'NONE', ( #257 ), #3199, .F. ) ;
#3238 = PLANE ( 'NONE',  #959 ) ;
#3239 = EDGE_CURVE ( 'NONE', #712, #1106, #505, .T. ) ;
#3240 = ORIENTED_EDGE ( 'NONE', *, *, #1747, .F. ) ;
#3241 = ORIENTED_EDGE ( 'NONE', *, *, #393, .F. ) ;
#3242 = SURFACE_STYLE_USAGE ( .BOTH. , #4014 ) ;
#3243 = ORIENTED_EDGE ( 'NONE', *, *, #708, .F. ) ;
#3244 = PLANE ( 'NONE',  #3720 ) ;
#3245 = VERTEX_POINT ( 'NONE', #2876 ) ;
#3246 = CARTESIAN_POINT ( 'NONE',  ( -2.875000000000000000, 0.6000000000000024203, 1.375000000000002442 ) ) ;
#3247 = AXIS2_PLACEMENT_3D ( 'NONE', #1500, #3287, #3305 ) ;
#3248 = ORIENTED_EDGE ( 'NONE', *, *, #2608, .T. ) ;
#3249 = DIRECTION ( 'NONE',  ( 0.0000000000000000000, 3.252606517456512119E-15, -1.000000000000000000 ) ) ;
#3250 = ORIENTED_EDGE ( 'NONE', *, *, #1224, .T. ) ;
#3251 = DIRECTION ( 'NONE',  ( 0.0000000000000000000, 1.000000000000000000, 0.0000000000000000000 ) ) ;
#3252 = CARTESIAN_POINT ( 'NONE',  ( -1.375000000000000000, 3.750000000000000000, 0.02500000000000000139 ) ) ;
#3253 = EDGE_LOOP ( 'NONE', ( #304, #550, #2104, #3376 ) ) ;
#3254 = VECTOR ( 'NONE', #2909, 1000.000000000000000 ) ;
#3255 = CARTESIAN_POINT ( 'NONE',  ( -2.500000000000000000, 4.240000000000000213, -0.07499999999999998335 ) ) ;
#3256 = VECTOR ( 'NONE', #490, 1000.000000000000000 ) ;
#3257 = CARTESIAN_POINT ( 'NONE',  ( -0.7349999999999999867, 1.000000000000000000, -1.474999999999999867 ) ) ;
#3258 = EDGE_LOOP ( 'NONE', ( #4218, #2945, #1686, #916, #1626 ) ) ;
#3259 = VERTEX_POINT ( 'NONE', #1742 ) ;
#3260 = EDGE_CURVE ( 'NONE', #4669, #3369, #2432, .T. ) ;
#3261 = ADVANCED_FACE ( 'NONE', ( #2327 ), #3234, .F. ) ;
#3262 = VERTEX_POINT ( 'NONE', #1437 ) ;
#3263 = EDGE_CURVE ( 'NONE', #1743, #4279, #1752, .T. ) ;
#3264 = CARTESIAN_POINT ( 'NONE',  ( -2.475000000000000089, 0.6000000000000076383, -0.2249999999999982014 ) ) ;
#3265 = LINE ( 'NONE', #3991, #622 ) ;
#3266 = LINE ( 'NONE', #2178, #2176 ) ;
#3267 = VERTEX_POINT ( 'NONE', #2488 ) ;
#3268 = VECTOR ( 'NONE', #3397, 1000.000000000000000 ) ;
#3269 = LINE ( 'NONE', #621, #2301 ) ;
#3270 = DIRECTION ( 'NONE',  ( 1.000000000000000000, 0.0000000000000000000, 0.0000000000000000000 ) ) ;
#3271 = LINE ( 'NONE', #2284, #2645 ) ;
#3272 = AXIS2_PLACEMENT_3D ( 'NONE', #1465, #4741, #2511 ) ;
#3273 = DIRECTION ( 'NONE',  ( 0.0000000000000000000, 1.000000000000000000, 0.0000000000000000000 ) ) ;
#3274 = VECTOR ( 'NONE', #2815, 1000.000000000000000 ) ;
#3275 = ORIENTED_EDGE ( 'NONE', *, *, #3118, .F. ) ;
#3276 = CARTESIAN_POINT ( 'NONE',  ( -0.5250000000000000222, 0.0000000000000000000, -1.525000000000000133 ) ) ;
#3277 = ORIENTED_EDGE ( 'NONE', *, *, #3410, .F. ) ;
#3278 = CARTESIAN_POINT ( 'NONE',  ( 2.274999999999999911, 0.6000000000000024203, 1.375000000000002442 ) ) ;
#3279 = ORIENTED_EDGE ( 'NONE', *, *, #1845, .F. ) ;
#3280 = EDGE_LOOP ( 'NONE', ( #2663, #2573, #1630, #3228 ) ) ;
#3281 = ORIENTED_EDGE ( 'NONE', *, *, #35, .T. ) ;
#3282 = LINE ( 'NONE', #18, #1221 ) ;
#3283 = ORIENTED_EDGE ( 'NONE', *, *, #261, .T. ) ;
#3284 = DIRECTION ( 'NONE',  ( 0.0000000000000000000, 0.6650335612228979176, -0.7468134723257140450 ) ) ;
#3285 =( NAMED_UNIT ( * ) SI_UNIT ( $, .STERADIAN. ) SOLID_ANGLE_UNIT ( ) );
#3286 = CARTESIAN_POINT ( 'NONE',  ( -1.175000000000000044, 1.850000000000000089, -1.474999999999999867 ) ) ;
#3287 = DIRECTION ( 'NONE',  ( 1.000000000000000000, 0.0000000000000000000, 0.0000000000000000000 ) ) ;
#3288 = CARTESIAN_POINT ( 'NONE',  ( 1.875000000000000000, 1.850000000000000089, -1.474999999999999867 ) ) ;
#3289 = EDGE_CURVE ( 'NONE', #3899, #3634, #491, .T. ) ;
#3290 = ORIENTED_EDGE ( 'NONE', *, *, #1931, .T. ) ;
#3291 = CARTESIAN_POINT ( 'NONE',  ( 0.8750000000000000000, 3.750000000000000000, -2.024999999999999911 ) ) ;
#3292 = EDGE_CURVE ( 'NONE', #537, #2272, #3785, .T. ) ;
#3293 = DIRECTION ( 'NONE',  ( 0.0000000000000000000, -1.000000000000000000, 0.0000000000000000000 ) ) ;
#3294 = DIRECTION ( 'NONE',  ( -1.000000000000000000, 0.0000000000000000000, 0.0000000000000000000 ) ) ;
#3295 = EDGE_CURVE ( 'NONE', #507, #1481, #1102, .T. ) ;
#3296 = VERTEX_POINT ( 'NONE', #3257 ) ;
#3297 = CARTESIAN_POINT ( 'NONE',  ( -1.250000000000000000, 0.0000000000000000000, -1.025000000000000133 ) ) ;
#3298 = VERTEX_POINT ( 'NONE', #4315 ) ;
#3299 = AXIS2_PLACEMENT_3D ( 'NONE', #2253, #3340, #3015 ) ;
#3300 = CARTESIAN_POINT ( 'NONE',  ( -2.500000000000000000, 4.250000000000000000, -0.07499999999999998335 ) ) ;
#3301 =( NAMED_UNIT ( * ) PLANE_ANGLE_UNIT ( ) SI_UNIT ( $, .RADIAN. ) );
#3302 = DIRECTION ( 'NONE',  ( -1.000000000000000000, 0.0000000000000000000, 0.0000000000000000000 ) ) ;
#3303 = CARTESIAN_POINT ( 'NONE',  ( -2.024999999999999911, 2.250000000000000000, -1.925000000000000044 ) ) ;
#3304 = ORIENTED_EDGE ( 'NONE', *, *, #1236, .T. ) ;
#3305 = DIRECTION ( 'NONE',  ( 0.0000000000000000000, 1.000000000000000000, 0.0000000000000000000 ) ) ;
#3306 = LINE ( 'NONE', #2328, #1357 ) ;
#3307 = CARTESIAN_POINT ( 'NONE',  ( -2.274999999999999911, 0.6000000000000076383, -0.2249999999999982014 ) ) ;
#3308 = AXIS2_PLACEMENT_3D ( 'NONE', #2977, #1267, #2579 ) ;
#3309 = DIRECTION ( 'NONE',  ( 0.0000000000000000000, 1.000000000000000000, 0.0000000000000000000 ) ) ;
#3310 = DIRECTION ( 'NONE',  ( 0.0000000000000000000, -1.000000000000000000, 0.0000000000000000000 ) ) ;
#3311 = LINE ( 'NONE', #3004, #1765 ) ;
#3312 = CARTESIAN_POINT ( 'NONE',  ( 2.375000000000000000, 3.149999999999999911, 2.024999999999999911 ) ) ;
#3313 = LINE ( 'NONE', #1656, #1118 ) ;
#3314 = CARTESIAN_POINT ( 'NONE',  ( -0.5250000000000000222, 1.850000000000000089, 0.0000000000000000000 ) ) ;
#3315 = EDGE_CURVE ( 'NONE', #136, #385, #4747, .T. ) ;
#3316 = VECTOR ( 'NONE', #1099, 1000.000000000000000 ) ;
#3317 = ORIENTED_EDGE ( 'NONE', *, *, #3669, .F. ) ;
#3318 = CARTESIAN_POINT ( 'NONE',  ( -2.875000000000000000, 4.250000000000000000, 2.024999999999999911 ) ) ;
#3319 = CARTESIAN_POINT ( 'NONE',  ( 0.7249999999999999778, 1.000000000000000000, 1.525000000000000133 ) ) ;
#3320 = ORIENTED_EDGE ( 'NONE', *, *, #651, .F. ) ;
#3321 = FACE_OUTER_BOUND ( 'NONE', #668, .T. ) ;
#3322 = CARTESIAN_POINT ( 'NONE',  ( 0.5150000000000000133, 1.850000000000000089, -1.025000000000000133 ) ) ;
#3323 = DIRECTION ( 'NONE',  ( 1.000000000000000000, 0.0000000000000000000, 0.0000000000000000000 ) ) ;
#3324 = VECTOR ( 'NONE', #1993, 1000.000000000000000 ) ;
#3325 = EDGE_CURVE ( 'NONE', #3723, #803, #1350, .T. ) ;
#3326 = CARTESIAN_POINT ( 'NONE',  ( -0.7349999999999999867, 1.000000000000000000, -1.025000000000000133 ) ) ;
#3327 = VECTOR ( 'NONE', #3841, 1000.000000000000000 ) ;
#3328 = VECTOR ( 'NONE', #3671, 1000.000000000000000 ) ;
#3329 = FACE_OUTER_BOUND ( 'NONE', #3780, .T. ) ;
#3330 = ORIENTED_EDGE ( 'NONE', *, *, #218, .F. ) ;
#3331 = EDGE_LOOP ( 'NONE', ( #3767, #1971, #368, #867 ) ) ;
#3332 = CARTESIAN_POINT ( 'NONE',  ( 0.4249999999999999889, 1.649999999999999911, 2.024999999999999911 ) ) ;
#3333 = AXIS2_PLACEMENT_3D ( 'NONE', #2777, #3912, #3483 ) ;
#3334 = ORIENTED_EDGE ( 'NONE', *, *, #2607, .F. ) ;
#3335 = DIRECTION ( 'NONE',  ( 0.0000000000000000000, 3.252606517456512119E-15, -1.000000000000000000 ) ) ;
#3336 = ORIENTED_EDGE ( 'NONE', *, *, #2823, .T. ) ;
#3337 = ORIENTED_EDGE ( 'NONE', *, *, #956, .F. ) ;
#3338 = PLANE ( 'NONE',  #4071 ) ;
#3339 = LINE ( 'NONE', #2229, #2831 ) ;
#3340 = DIRECTION ( 'NONE',  ( 1.000000000000000000, 0.0000000000000000000, 0.0000000000000000000 ) ) ;
#3341 = DIRECTION ( 'NONE',  ( 0.0000000000000000000, 0.0000000000000000000, 1.000000000000000000 ) ) ;
#3342 = DIRECTION ( 'NONE',  ( -0.0000000000000000000, -0.0000000000000000000, 1.000000000000000000 ) ) ;
#3343 = VERTEX_POINT ( 'NONE', #4423 ) ;
#3344 = ORIENTED_EDGE ( 'NONE', *, *, #2707, .T. ) ;
#3345 = VECTOR ( 'NONE', #4761, 1000.000000000000000 ) ;
#3346 = DIRECTION ( 'NONE',  ( -0.0000000000000000000, 1.000000000000000000, 0.0000000000000000000 ) ) ;
#3347 = VERTEX_POINT ( 'NONE', #4440 ) ;
#3348 = EDGE_CURVE ( 'NONE', #1215, #144, #359, .T. ) ;
#3349 = DIRECTION ( 'NONE',  ( -0.0000000000000000000, 1.000000000000000000, 0.0000000000000000000 ) ) ;
#3350 = LINE ( 'NONE', #4685, #486 ) ;
#3351 = DIRECTION ( 'NONE',  ( 0.0000000000000000000, -1.000000000000000000, 0.0000000000000000000 ) ) ;
#3352 = PLANE ( 'NONE',  #3644 ) ;
#3353 = EDGE_CURVE ( 'NONE', #1820, #507, #1175, .T. ) ;
#3354 = ORIENTED_EDGE ( 'NONE', *, *, #4430, .T. ) ;
#3355 = CARTESIAN_POINT ( 'NONE',  ( 2.274999999999999911, 0.6000000000000076383, -0.2249999999999982014 ) ) ;
#3357 = VERTEX_POINT ( 'NONE', #358 ) ;
#3356 = VECTOR ( 'NONE', #942, 1000.000000000000000 ) ;
#3358 = DIRECTION ( 'NONE',  ( -0.0000000000000000000, -0.0000000000000000000, 1.000000000000000000 ) ) ;
#3359 = EDGE_CURVE ( 'NONE', #4459, #3096, #4804, .T. ) ;
#3360 = CARTESIAN_POINT ( 'NONE',  ( 0.0000000000000000000, 0.0000000000000000000, -1.474999999999999867 ) ) ;
#3361 = DIRECTION ( 'NONE',  ( 0.0000000000000000000, -1.000000000000000000, 0.0000000000000000000 ) ) ;
#3362 = CARTESIAN_POINT ( 'NONE',  ( 0.7249999999999999778, 1.000000000000000000, 0.0000000000000000000 ) ) ;
#3363 = ORIENTED_EDGE ( 'NONE', *, *, #2387, .T. ) ;
#3365 = LINE ( 'NONE', #617, #306 ) ;
#3364 = VECTOR ( 'NONE', #3588, 1000.000000000000000 ) ;
#3366 = EDGE_CURVE ( 'NONE', #3073, #1408, #2162, .T. ) ;
#3367 = MECHANICAL_DESIGN_GEOMETRIC_PRESENTATION_REPRESENTATION (  '', ( #657 ), #3521 ) ;
#3368 = CARTESIAN_POINT ( 'NONE',  ( -0.7249999999999999778, 0.2500000000000000000, -1.824999999999999956 ) ) ;
#3369 = VERTEX_POINT ( 'NONE', #2956 ) ;
#3370 = CARTESIAN_POINT ( 'NONE',  ( 0.7349999999999999867, 1.850000000000000089, -1.025000000000000133 ) ) ;
#3371 = LINE ( 'NONE', #3098, #440 ) ;
#3372 = LINE ( 'NONE', #117, #875 ) ;
#3373 = CARTESIAN_POINT ( 'NONE',  ( 0.8249999999999999556, 1.850000000000000089, -1.698606797699999893 ) ) ;
#3374 = EDGE_CURVE ( 'NONE', #1820, #3605, #4188, .T. ) ;
#3375 = CARTESIAN_POINT ( 'NONE',  ( 2.875000000000000000, 4.250000000000000000, 2.024999999999999911 ) ) ;
#3376 = ORIENTED_EDGE ( 'NONE', *, *, #3545, .T. ) ;
#3377 = AXIS2_PLACEMENT_3D ( 'NONE', #812, #2983, #3398 ) ;
#3378 = DIRECTION ( 'NONE',  ( -1.000000000000000000, 0.0000000000000000000, 0.0000000000000000000 ) ) ;
#3379 = EDGE_CURVE ( 'NONE', #2130, #385, #1875, .T. ) ;
#3380 = LINE ( 'NONE', #4297, #560 ) ;
#3381 = ORIENTED_EDGE ( 'NONE', *, *, #3030, .F. ) ;
#3382 = CARTESIAN_POINT ( 'NONE',  ( -0.5150000000000000133, 1.850000000000000089, -1.025000000000000133 ) ) ;
#3383 = LINE ( 'NONE', #1814, #3153 ) ;
#3384 = ORIENTED_EDGE ( 'NONE', *, *, #777, .T. ) ;
#3385 = DIRECTION ( 'NONE',  ( 1.000000000000000000, 0.0000000000000000000, 0.0000000000000000000 ) ) ;
#3386 = ORIENTED_EDGE ( 'NONE', *, *, #2448, .F. ) ;
#3387 = ADVANCED_FACE ( 'NONE', ( #993 ), #378, .T. ) ;
#3388 = EDGE_CURVE ( 'NONE', #1290, #3459, #1319, .T. ) ;
#3389 =( LENGTH_UNIT ( ) NAMED_UNIT ( * ) SI_UNIT ( .MILLI., .METRE. ) );
#3390 = ORIENTED_EDGE ( 'NONE', *, *, #4049, .T. ) ;
#3391 = PLANE ( 'NONE',  #4657 ) ;
#3392 = CARTESIAN_POINT ( 'NONE',  ( -2.875000000000000000, 1.000000000000000000, -1.525000000000000133 ) ) ;
#3393 = SURFACE_SIDE_STYLE ('',( #2750 ) ) ;
#3394 = EDGE_CURVE ( 'NONE', #82, #2762, #1426, .T. ) ;
#3395 = EDGE_LOOP ( 'NONE', ( #4061, #3837, #2708, #1781 ) ) ;
#3396 = FACE_OUTER_BOUND ( 'NONE', #832, .T. ) ;
#3397 = DIRECTION ( 'NONE',  ( 1.000000000000000000, -0.0000000000000000000, -0.0000000000000000000 ) ) ;
#3398 = DIRECTION ( 'NONE',  ( 1.000000000000000000, 0.0000000000000000000, 0.0000000000000000000 ) ) ;
#3399 = CARTESIAN_POINT ( 'NONE',  ( -2.875000000000000000, 0.0000000000000000000, -1.525000000000000133 ) ) ;
#3400 = ORIENTED_EDGE ( 'NONE', *, *, #4588, .T. ) ;
#3401 = PLANE ( 'NONE',  #1531 ) ;
#3402 = VERTEX_POINT ( 'NONE', #4070 ) ;
#3403 = ORIENTED_EDGE ( 'NONE', *, *, #1094, .F. ) ;
#3404 = CARTESIAN_POINT ( 'NONE',  ( 0.5250000000000000222, -0.004464445899999999919, 0.003975566199999999890 ) ) ;
#3405 = APPLICATION_PROTOCOL_DEFINITION ( 'draft international standard', 'automotive_design', 1998, #1946 ) ;
#3406 = ORIENTED_EDGE ( 'NONE', *, *, #1228, .F. ) ;
#3407 = ORIENTED_EDGE ( 'NONE', *, *, #1572, .F. ) ;
#3408 = DIRECTION ( 'NONE',  ( 0.0000000000000000000, 0.0000000000000000000, -1.000000000000000000 ) ) ;
#3409 = ORIENTED_EDGE ( 'NONE', *, *, #2341, .F. ) ;
#3410 = EDGE_CURVE ( 'NONE', #4614, #151, #2388, .T. ) ;
#3411 = ADVANCED_FACE ( 'NONE', ( #1117 ), #698, .F. ) ;
#3412 = VERTEX_POINT ( 'NONE', #2942 ) ;
#3413 = CARTESIAN_POINT ( 'NONE',  ( -1.375000000000000000, 3.149999999999999911, -2.024999999999999911 ) ) ;
#3414 = DIRECTION ( 'NONE',  ( 0.0000000000000000000, -1.000000000000000000, 0.0000000000000000000 ) ) ;
#3415 =( NAMED_UNIT ( * ) SI_UNIT ( $, .STERADIAN. ) SOLID_ANGLE_UNIT ( ) );
#3416 = ORIENTED_EDGE ( 'NONE', *, *, #2769, .T. ) ;
#3417 = PLANE ( 'NONE',  #4481 ) ;
#3419 = VECTOR ( 'NONE', #1583, 1000.000000000000000 ) ;
#3418 = LINE ( 'NONE', #2848, #3364 ) ;
#3420 = VECTOR ( 'NONE', #1910, 1000.000000000000000 ) ;
#3421 = VERTEX_POINT ( 'NONE', #1874 ) ;
#3422 = MECHANICAL_DESIGN_GEOMETRIC_PRESENTATION_REPRESENTATION (  '', ( #1301 ), #1555 ) ;
#3423 = CARTESIAN_POINT ( 'NONE',  ( 1.175000000000000044, 2.550000000000000266, -1.474999999999999867 ) ) ;
#3424 = LINE ( 'NONE', #3054, #2442 ) ;
#3425 = CARTESIAN_POINT ( 'NONE',  ( -0.4249999999999999889, 1.649999999999999911, -1.698606797699999893 ) ) ;
#3426 = EDGE_CURVE ( 'NONE', #1924, #3996, #4760, .T. ) ;
#3427 = ORIENTED_EDGE ( 'NONE', *, *, #4230, .F. ) ;
#3428 = VECTOR ( 'NONE', #4290, 1000.000000000000000 ) ;
#3429 = PRESENTATION_STYLE_ASSIGNMENT (( #1787 ) ) ;
#3430 = CARTESIAN_POINT ( 'NONE',  ( -0.5150000000000000133, 1.649999999999999911, -1.698606797699999893 ) ) ;
#3431 = DIRECTION ( 'NONE',  ( 0.0000000000000000000, -0.0000000000000000000, -1.000000000000000000 ) ) ;
#3432 = LINE ( 'NONE', #1848, #3316 ) ;
#3433 = EDGE_LOOP ( 'NONE', ( #4234, #3337, #4410, #1920 ) ) ;
#3434 = AXIS2_PLACEMENT_3D ( 'NONE', #1367, #1735, #252 ) ;
#3435 = PLANE ( 'NONE',  #704 ) ;
#3436 = EDGE_CURVE ( 'NONE', #702, #2431, #10, .T. ) ;
#3437 = VECTOR ( 'NONE', #2304, 1000.000000000000000 ) ;
#3438 = CARTESIAN_POINT ( 'NONE',  ( -0.5150000000000000133, 1.850000000000000089, -2.024999999999999911 ) ) ;
#3439 = FACE_OUTER_BOUND ( 'NONE', #3258, .T. ) ;
#3440 = CARTESIAN_POINT ( 'NONE',  ( 0.5150000000000000133, 1.000000000000000000, -1.525000000000000133 ) ) ;
#3441 = ORIENTED_EDGE ( 'NONE', *, *, #213, .T. ) ;
#3442 = VECTOR ( 'NONE', #2184, 1000.000000000000000 ) ;
#3443 = LINE ( 'NONE', #2843, #4098 ) ;
#3444 = DIRECTION ( 'NONE',  ( 0.0000000000000000000, 4.336808689942024836E-15, -1.000000000000000000 ) ) ;
#3445 = DIRECTION ( 'NONE',  ( 0.0000000000000000000, 1.000000000000000000, 0.0000000000000000000 ) ) ;
#3446 = VECTOR ( 'NONE', #4505, 1000.000000000000000 ) ;
#3447 = VECTOR ( 'NONE', #97, 1000.000000000000000 ) ;
#3448 = DIRECTION ( 'NONE',  ( 0.0000000000000000000, -1.000000000000000000, -6.672013369141637200E-16 ) ) ;
#3449 = ORIENTED_EDGE ( 'NONE', *, *, #109, .F. ) ;
#3450 = EDGE_CURVE ( 'NONE', #3646, #166, #321, .T. ) ;
#3451 = ORIENTED_EDGE ( 'NONE', *, *, #2934, .F. ) ;
#3452 = VECTOR ( 'NONE', #2918, 1000.000000000000000 ) ;
#3453 = ORIENTED_EDGE ( 'NONE', *, *, #3180, .T. ) ;
#3454 = VERTEX_POINT ( 'NONE', #2174 ) ;
#3455 = LINE ( 'NONE', #530, #216 ) ;
#3456 = ORIENTED_EDGE ( 'NONE', *, *, #103, .F. ) ;
#3457 = ADVANCED_FACE ( 'NONE', ( #1186 ), #2923, .T. ) ;
#3458 = LINE ( 'NONE', #2679, #1460 ) ;
#3459 = VERTEX_POINT ( 'NONE', #4167 ) ;
#3460 = CARTESIAN_POINT ( 'NONE',  ( -0.8249999999999999556, 1.649999999999999911, -1.474999999999999867 ) ) ;
#3461 = EDGE_LOOP ( 'NONE', ( #2826, #1647, #2346, #1235 ) ) ;
#3462 = AXIS2_PLACEMENT_3D ( 'NONE', #2763, #4266, #4668 ) ;
#3463 = CARTESIAN_POINT ( 'NONE',  ( 2.274999999999999911, 4.240000000000000213, 0.0000000000000000000 ) ) ;
#3464 = ORIENTED_EDGE ( 'NONE', *, *, #3260, .F. ) ;
#3465 = ORIENTED_EDGE ( 'NONE', *, *, #2954, .F. ) ;
#3466 = DIRECTION ( 'NONE',  ( 0.0000000000000000000, 1.000000000000000000, 0.0000000000000000000 ) ) ;
#3467 = DIRECTION ( 'NONE',  ( 0.0000000000000000000, 1.000000000000000000, 0.0000000000000000000 ) ) ;
#3468 = PLANE ( 'NONE',  #1107 ) ;
#3469 = ORIENTED_EDGE ( 'NONE', *, *, #4722, .T. ) ;
#3470 = EDGE_CURVE ( 'NONE', #1042, #3343, #4412, .T. ) ;
#3471 = ORIENTED_EDGE ( 'NONE', *, *, #4621, .T. ) ;
#3472 = DIRECTION ( 'NONE',  ( 0.0000000000000000000, -1.000000000000000000, 0.0000000000000000000 ) ) ;
#3473 = VERTEX_POINT ( 'NONE', #473 ) ;
#3474 = LINE ( 'NONE', #3919, #2499 ) ;
#3475 = CARTESIAN_POINT ( 'NONE',  ( -0.5250000000000000222, 0.0000000000000000000, -1.525000000000000133 ) ) ;
#3476 = EDGE_CURVE ( 'NONE', #4192, #207, #2916, .T. ) ;
#3477 = CARTESIAN_POINT ( 'NONE',  ( 2.274999999999999911, -0.05000000000000000278, -0.2250000000000008105 ) ) ;
#3478 = ADVANCED_FACE ( 'NONE', ( #4257 ), #4335, .T. ) ;
#3479 = ORIENTED_EDGE ( 'NONE', *, *, #1123, .F. ) ;
#3480 = PLANE ( 'NONE',  #4551 ) ;
#3481 = DIRECTION ( 'NONE',  ( 0.0000000000000000000, 3.212450881438532635E-15, -1.000000000000000000 ) ) ;
#3482 = DIRECTION ( 'NONE',  ( 0.0000000000000000000, 1.000000000000000000, 0.0000000000000000000 ) ) ;
#3483 = DIRECTION ( 'NONE',  ( 0.0000000000000000000, 0.0000000000000000000, 1.000000000000000000 ) ) ;
#3484 = VECTOR ( 'NONE', #2050, 1000.000000000000000 ) ;
#3485 = ORIENTED_EDGE ( 'NONE', *, *, #1548, .F. ) ;
#3486 = AXIS2_PLACEMENT_3D ( 'NONE', #3613, #4327, #3567 ) ;
#3487 = EDGE_CURVE ( 'NONE', #3950, #4791, #4638, .T. ) ;
#3488 = VECTOR ( 'NONE', #1444, 1000.000000000000000 ) ;
#3489 = LINE ( 'NONE', #1983, #4640 ) ;
#3490 = ORIENTED_EDGE ( 'NONE', *, *, #4613, .F. ) ;
#3491 = CARTESIAN_POINT ( 'NONE',  ( 2.375000000000000000, 3.750000000000000000, 2.024999999999999911 ) ) ;
#3492 = ORIENTED_EDGE ( 'NONE', *, *, #2581, .T. ) ;
#3493 = VERTEX_POINT ( 'NONE', #4018 ) ;
#3494 = MANIFOLD_SOLID_BREP ( 'Combine3', #1696 ) ;
#3495 = CARTESIAN_POINT ( 'NONE',  ( 2.475000000000000089, 0.6000000000000024203, 1.375000000000002442 ) ) ;
#3496 = PLANE ( 'NONE',  #4360 ) ;
#3497 = CARTESIAN_POINT ( 'NONE',  ( -2.274999999999999911, 3.600000000000000977, -1.425000000000000044 ) ) ;
#3498 = FACE_OUTER_BOUND ( 'NONE', #2194, .T. ) ;
#3499 = DIRECTION ( 'NONE',  ( 0.0000000000000000000, -1.000000000000000000, 0.0000000000000000000 ) ) ;
#3500 = VECTOR ( 'NONE', #27, 1000.000000000000000 ) ;
#3501 = LINE ( 'NONE', #4439, #337 ) ;
#3502 = LINE ( 'NONE', #838, #3109 ) ;
#3503 = ADVANCED_FACE ( 'NONE', ( #184 ), #3244, .F. ) ;
#3504 = DIRECTION ( 'NONE',  ( 0.0000000000000000000, 0.0000000000000000000, 1.000000000000000000 ) ) ;
#3505 = VECTOR ( 'NONE', #2576, 1000.000000000000000 ) ;
#3506 = CARTESIAN_POINT ( 'NONE',  ( 0.8750000000000000000, 3.750000000000000000, 2.024999999999999911 ) ) ;
#3507 = EDGE_LOOP ( 'NONE', ( #4134, #1298, #1040, #2469 ) ) ;
#3508 = CARTESIAN_POINT ( 'NONE',  ( 0.5250000000000000222, 1.850000000000000089, 0.0000000000000000000 ) ) ;
#3509 = ORIENTED_EDGE ( 'NONE', *, *, #3260, .T. ) ;
#3510 = EDGE_CURVE ( 'NONE', #759, #3890, #2054, .T. ) ;
#3511 = FACE_OUTER_BOUND ( 'NONE', #3140, .T. ) ;
#3512 = DIRECTION ( 'NONE',  ( 1.000000000000000000, 0.0000000000000000000, 0.0000000000000000000 ) ) ;
#3513 = ORIENTED_EDGE ( 'NONE', *, *, #972, .T. ) ;
#3514 = EDGE_LOOP ( 'NONE', ( #399, #2254, #3192, #850 ) ) ;
#3515 = DIRECTION ( 'NONE',  ( 0.0000000000000000000, -1.000000000000000000, 0.0000000000000000000 ) ) ;
#3516 = DIRECTION ( 'NONE',  ( 0.0000000000000000000, 0.0000000000000000000, 1.000000000000000000 ) ) ;
#3517 = ORIENTED_EDGE ( 'NONE', *, *, #3203, .T. ) ;
#3518 = CARTESIAN_POINT ( 'NONE',  ( 2.274999999999999911, 0.6000000000000076383, -0.2249999999999982014 ) ) ;
#3519 = DIRECTION ( 'NONE',  ( 0.0000000000000000000, 0.0000000000000000000, 1.000000000000000000 ) ) ;
#3520 = VERTEX_POINT ( 'NONE', #4420 ) ;
#3521 =( GEOMETRIC_REPRESENTATION_CONTEXT ( 3 ) GLOBAL_UNCERTAINTY_ASSIGNED_CONTEXT ( ( #3146 ) ) GLOBAL_UNIT_ASSIGNED_CONTEXT ( ( #1819, #1448, #1026 ) ) REPRESENTATION_CONTEXT ( 'NONE', 'WORKASPACE' ) );
#3522 = CARTESIAN_POINT ( 'NONE',  ( 2.024999999999999911, 4.240000000000000213, -1.925000000000000933 ) ) ;
#3523 = CARTESIAN_POINT ( 'NONE',  ( 2.274999999999999911, 8.673617379884035472E-15, -0.2250000000000008105 ) ) ;
#3524 = ORIENTED_EDGE ( 'NONE', *, *, #2727, .F. ) ;
#3525 = CARTESIAN_POINT ( 'NONE',  ( 1.875000000000000000, 3.750000000000000000, 2.025999999999999801 ) ) ;
#3526 = DIRECTION ( 'NONE',  ( 0.0000000000000000000, 0.0000000000000000000, -1.000000000000000000 ) ) ;
#3527 = DIRECTION ( 'NONE',  ( 0.0000000000000000000, 0.0000000000000000000, 1.000000000000000000 ) ) ;
#3528 = ORIENTED_EDGE ( 'NONE', *, *, #1982, .F. ) ;
#3529 = ADVANCED_FACE ( 'NONE', ( #1058 ), #2940, .T. ) ;
#3530 = VECTOR ( 'NONE', #3667, 1000.000000000000000 ) ;
#3531 = DIRECTION ( 'NONE',  ( 0.0000000000000000000, 0.0000000000000000000, -1.000000000000000000 ) ) ;
#3532 = DIRECTION ( 'NONE',  ( 0.0000000000000000000, 1.000000000000000000, 0.0000000000000000000 ) ) ;
#3533 = ORIENTED_EDGE ( 'NONE', *, *, #3638, .T. ) ;
#3534 = EDGE_CURVE ( 'NONE', #1827, #979, #1709, .T. ) ;
#3535 = DIRECTION ( 'NONE',  ( 0.0000000000000000000, -1.000000000000000000, -4.336808689942024836E-15 ) ) ;
#3536 = CARTESIAN_POINT ( 'NONE',  ( 2.475000000000000089, -0.05000000000000000278, 2.024999999999999911 ) ) ;
#3537 = EDGE_CURVE ( 'NONE', #170, #4321, #1420, .T. ) ;
#3538 = ORIENTED_EDGE ( 'NONE', *, *, #2577, .F. ) ;
#3539 = VECTOR ( 'NONE', #1223, 1000.000000000000000 ) ;
#3540 = DIRECTION ( 'NONE',  ( 1.000000000000000000, 0.0000000000000000000, 0.0000000000000000000 ) ) ;
#3541 = EDGE_CURVE ( 'NONE', #4229, #3634, #886, .T. ) ;
#3542 = EDGE_CURVE ( 'NONE', #3245, #420, #715, .T. ) ;
#3543 = PLANE ( 'NONE',  #1996 ) ;
#3544 = CARTESIAN_POINT ( 'NONE',  ( -1.175000000000000044, 2.550000000000000266, 2.024999999999999911 ) ) ;
#3545 = EDGE_CURVE ( 'NONE', #2018, #4068, #3372, .T. ) ;
#3546 = AXIS2_PLACEMENT_3D ( 'NONE', #2575, #376, #3431 ) ;
#3547 = VECTOR ( 'NONE', #3655, 1000.000000000000000 ) ;
#3548 = PLANE ( 'NONE',  #595 ) ;
#3549 = DIRECTION ( 'NONE',  ( -1.000000000000000000, 0.0000000000000000000, 0.0000000000000000000 ) ) ;
#3550 = ORIENTED_EDGE ( 'NONE', *, *, #4553, .T. ) ;
#3551 = ADVANCED_FACE ( 'NONE', ( #1768 ), #4250, .F. ) ;
#3552 = CARTESIAN_POINT ( 'NONE',  ( -2.274999999999999911, 4.250000000000000000, -0.07499999999999998335 ) ) ;
#3553 = FACE_OUTER_BOUND ( 'NONE', #4008, .T. ) ;
#3554 = VERTEX_POINT ( 'NONE', #2041 ) ;
#3555 = CARTESIAN_POINT ( 'NONE',  ( 2.475000000000000089, -0.05000000000000000278, -0.2250000000000008105 ) ) ;
#3556 = EDGE_CURVE ( 'NONE', #2, #4468, #2734, .T. ) ;
#3557 = LINE ( 'NONE', #1952, #4716 ) ;
#3558 = DIRECTION ( 'NONE',  ( 0.0000000000000000000, -1.000000000000000000, 0.0000000000000000000 ) ) ;
#3559 = VERTEX_POINT ( 'NONE', #1623 ) ;
#3560 = DIRECTION ( 'NONE',  ( 0.0000000000000000000, -1.000000000000000000, 0.0000000000000000000 ) ) ;
#3561 = LINE ( 'NONE', #3879, #1618 ) ;
#3562 = PLANE ( 'NONE',  #3434 ) ;
#3563 = VECTOR ( 'NONE', #1201, 1000.000000000000000 ) ;
#3564 = VERTEX_POINT ( 'NONE', #1654 ) ;
#3565 = CARTESIAN_POINT ( 'NONE',  ( 2.024999999999999911, 2.250000000000000000, -1.925000000000000933 ) ) ;
#3566 = DIRECTION ( 'NONE',  ( 0.0000000000000000000, 0.0000000000000000000, -1.000000000000000000 ) ) ;
#3567 = DIRECTION ( 'NONE',  ( 0.0000000000000000000, -1.000000000000000000, 0.0000000000000000000 ) ) ;
#3568 = ORIENTED_EDGE ( 'NONE', *, *, #102, .T. ) ;
#3569 = DIRECTION ( 'NONE',  ( 0.0000000000000000000, -1.000000000000000000, -6.672013369141637200E-16 ) ) ;
#3570 = LINE ( 'NONE', #2196, #3452 ) ;
#3571 = ORIENTED_EDGE ( 'NONE', *, *, #67, .F. ) ;
#3572 = ORIENTED_EDGE ( 'NONE', *, *, #1554, .F. ) ;
#3573 = CARTESIAN_POINT ( 'NONE',  ( -0.7249999999999999778, 0.0000000000000000000, 0.0000000000000000000 ) ) ;
#3574 = VERTEX_POINT ( 'NONE', #173 ) ;
#3575 = LINE ( 'NONE', #1989, #858 ) ;
#3576 = EDGE_CURVE ( 'NONE', #4072, #4389, #1105, .T. ) ;
#3577 = VERTEX_POINT ( 'NONE', #928 ) ;
#3578 = ORIENTED_EDGE ( 'NONE', *, *, #2291, .F. ) ;
#3579 = LINE ( 'NONE', #1033, #3701 ) ;
#3580 = ORIENTED_EDGE ( 'NONE', *, *, #255, .T. ) ;
#3581 = PLANE ( 'NONE',  #885 ) ;
#3582 = DIRECTION ( 'NONE',  ( 0.0000000000000000000, -1.000000000000000000, 0.0000000000000000000 ) ) ;
#3583 = CARTESIAN_POINT ( 'NONE',  ( -0.5250000000000000222, 1.350000000000000089, -1.525000000000000133 ) ) ;
#3584 = ORIENTED_EDGE ( 'NONE', *, *, #3394, .T. ) ;
#3585 = DIRECTION ( 'NONE',  ( 0.0000000000000000000, 0.0000000000000000000, -1.000000000000000000 ) ) ;
#3586 = MECHANICAL_DESIGN_GEOMETRIC_PRESENTATION_REPRESENTATION (  '', ( #1021 ), #1469 ) ;
#3587 = ORIENTED_EDGE ( 'NONE', *, *, #1380, .T. ) ;
#3588 = DIRECTION ( 'NONE',  ( 1.000000000000000000, 0.0000000000000000000, 0.0000000000000000000 ) ) ;
#3589 = CARTESIAN_POINT ( 'NONE',  ( 2.875000000000000000, 2.000000000000000000, -1.425000000000000044 ) ) ;
#3590 = ORIENTED_EDGE ( 'NONE', *, *, #2769, .F. ) ;
#3591 = LINE ( 'NONE', #2165, #2670 ) ;
#3592 = CARTESIAN_POINT ( 'NONE',  ( -0.8249999999999999556, 1.649999999999999911, -1.698606797699999893 ) ) ;
#3593 = DIRECTION ( 'NONE',  ( 1.000000000000000000, 0.0000000000000000000, 0.0000000000000000000 ) ) ;
#3594 = EDGE_CURVE ( 'NONE', #2018, #1827, #2844, .T. ) ;
#3595 = ADVANCED_FACE ( 'NONE', ( #3897 ), #1170, .F. ) ;
#3596 = LINE ( 'NONE', #3288, #662 ) ;
#3597 = DIRECTION ( 'NONE',  ( 0.0000000000000000000, 0.6650335612228979176, -0.7468134723257140450 ) ) ;
#3598 = ORIENTED_EDGE ( 'NONE', *, *, #3537, .T. ) ;
#3599 = VECTOR ( 'NONE', #1948, 1000.000000000000000 ) ;
#3600 = EDGE_CURVE ( 'NONE', #971, #3044, #933, .T. ) ;
#3601 = ADVANCED_FACE ( 'NONE', ( #997 ), #2105, .F. ) ;
#3602 = FACE_OUTER_BOUND ( 'NONE', #1020, .T. ) ;
#3603 = EDGE_LOOP ( 'NONE', ( #1344, #3656, #45, #1859 ) ) ;
#3604 = CARTESIAN_POINT ( 'NONE',  ( -0.8750000000000000000, 2.250000000000000000, 1.505384757699999909 ) ) ;
#3605 = VERTEX_POINT ( 'NONE', #4649 ) ;
#3606 = FILL_AREA_STYLE_COLOUR ( '', #2653 ) ;
#3607 = EDGE_CURVE ( 'NONE', #4334, #2, #1816, .T. ) ;
#3608 = FACE_OUTER_BOUND ( 'NONE', #3821, .T. ) ;
#3609 = EDGE_LOOP ( 'NONE', ( #4689, #1510, #4675, #602, #1693, #3694, #3572 ) ) ;
#3610 = EDGE_LOOP ( 'NONE', ( #12, #350, #869, #694 ) ) ;
#3611 = AXIS2_PLACEMENT_3D ( 'NONE', #4786, #779, #13 ) ;
#3612 = DIRECTION ( 'NONE',  ( -1.000000000000000000, 0.0000000000000000000, 0.0000000000000000000 ) ) ;
#3613 = CARTESIAN_POINT ( 'NONE',  ( -0.5250000000000000222, 0.0000000000000000000, 2.024999999999999911 ) ) ;
#3614 = VECTOR ( 'NONE', #3859, 1000.000000000000000 ) ;
#3615 = CARTESIAN_POINT ( 'NONE',  ( 0.5150000000000000133, 1.649999999999999911, -1.698606797699999893 ) ) ;
#3616 = ORIENTED_EDGE ( 'NONE', *, *, #3366, .T. ) ;
#3617 = VECTOR ( 'NONE', #3908, 1000.000000000000000 ) ;
#3618 = VECTOR ( 'NONE', #834, 1000.000000000000000 ) ;
#3619 = AXIS2_PLACEMENT_3D ( 'NONE', #42, #1954, #60 ) ;
#3620 = DIRECTION ( 'NONE',  ( 0.0000000000000000000, 1.000000000000000000, 3.212450881438532635E-15 ) ) ;
#3621 = LINE ( 'NONE', #901, #4533 ) ;
#3622 = VERTEX_POINT ( 'NONE', #1726 ) ;
#3623 = EDGE_CURVE ( 'NONE', #3473, #3343, #3836, .T. ) ;
#3624 = LINE ( 'NONE', #1136, #1850 ) ;
#3625 = DIRECTION ( 'NONE',  ( 0.0000000000000000000, 1.000000000000000000, 0.0000000000000000000 ) ) ;
#3626 = ORIENTED_EDGE ( 'NONE', *, *, #3036, .T. ) ;
#3627 = ADVANCED_FACE ( 'NONE', ( #122 ), #2441, .F. ) ;
#3628 = ORIENTED_EDGE ( 'NONE', *, *, #647, .F. ) ;
#3629 = DIRECTION ( 'NONE',  ( 0.0000000000000000000, 0.0000000000000000000, 1.000000000000000000 ) ) ;
#3630 = ORIENTED_EDGE ( 'NONE', *, *, #4535, .T. ) ;
#3631 = CARTESIAN_POINT ( 'NONE',  ( 0.7249999999999999778, 1.350000000000000089, 1.525000000000000133 ) ) ;
#3632 = DIRECTION ( 'NONE',  ( 0.0000000000000000000, 0.0000000000000000000, 1.000000000000000000 ) ) ;
#3633 = CARTESIAN_POINT ( 'NONE',  ( 2.274999999999999911, 3.600000000000000977, -0.07499999999999998335 ) ) ;
#3634 = VERTEX_POINT ( 'NONE', #599 ) ;
#3635 = ORIENTED_EDGE ( 'NONE', *, *, #1958, .F. ) ;
#3636 = CARTESIAN_POINT ( 'NONE',  ( -0.5250000000000000222, 0.0000000000000000000, -2.824999999999999734 ) ) ;
#3637 = FACE_OUTER_BOUND ( 'NONE', #2666, .T. ) ;
#3638 = EDGE_CURVE ( 'NONE', #803, #2234, #703, .T. ) ;
#3639 = CARTESIAN_POINT ( 'NONE',  ( -0.5150000000000000133, 1.000000000000000000, -1.474999999999999867 ) ) ;
#3640 = ORIENTED_EDGE ( 'NONE', *, *, #4122, .T. ) ;
#3641 = ORIENTED_EDGE ( 'NONE', *, *, #2135, .T. ) ;
#3642 = CARTESIAN_POINT ( 'NONE',  ( -0.7349999999999999867, 1.850000000000000089, -2.024999999999999911 ) ) ;
#3643 = ORIENTED_EDGE ( 'NONE', *, *, #3866, .F. ) ;
#3644 = AXIS2_PLACEMENT_3D ( 'NONE', #4455, #1145, #482 ) ;
#3645 = CARTESIAN_POINT ( 'NONE',  ( -0.5250000000000000222, 1.850000000000000089, 2.024999999999999911 ) ) ;
#3646 = VERTEX_POINT ( 'NONE', #3522 ) ;
#3647 = CARTESIAN_POINT ( 'NONE',  ( 2.875000000000000000, 0.6000000000000024203, 1.375000000000002442 ) ) ;
#3648 = ORIENTED_EDGE ( 'NONE', *, *, #3542, .F. ) ;
#3649 = PRODUCT ( 'SM02B-GHS-TB', 'SM02B-GHS-TB', '', ( #1680 ) ) ;
#3650 = AXIS2_PLACEMENT_3D ( 'NONE', #2191, #1775, #716 ) ;
#3651 = ADVANCED_FACE ( 'NONE', ( #4067 ), #242, .F. ) ;
#3652 = ORIENTED_EDGE ( 'NONE', *, *, #1747, .T. ) ;
#3653 = CARTESIAN_POINT ( 'NONE',  ( 0.4249999999999999889, 1.850000000000000089, -1.698606797699999893 ) ) ;
#3654 = LINE ( 'NONE', #4540, #2549 ) ;
#3655 = DIRECTION ( 'NONE',  ( -1.000000000000000000, 0.0000000000000000000, 0.0000000000000000000 ) ) ;
#3656 = ORIENTED_EDGE ( 'NONE', *, *, #792, .F. ) ;
#3657 = CARTESIAN_POINT ( 'NONE',  ( -2.475000000000000089, -0.05000000000000000278, 2.024999999999999911 ) ) ;
#3658 = VECTOR ( 'NONE', #2833, 1000.000000000000000 ) ;
#3659 = LINE ( 'NONE', #4053, #4755 ) ;
#3660 = EDGE_CURVE ( 'NONE', #2334, #1158, #3350, .T. ) ;
#3661 = ORIENTED_EDGE ( 'NONE', *, *, #2421, .F. ) ;
#3662 = VECTOR ( 'NONE', #1597, 1000.000000000000000 ) ;
#3663 = VECTOR ( 'NONE', #2739, 1000.000000000000000 ) ;
#3664 = SURFACE_STYLE_USAGE ( .BOTH. , #686 ) ;
#3665 = DIRECTION ( 'NONE',  ( 0.0000000000000000000, -1.000000000000000000, 0.0000000000000000000 ) ) ;
#3666 = FACE_OUTER_BOUND ( 'NONE', #4208, .T. ) ;
#3667 = DIRECTION ( 'NONE',  ( 0.0000000000000000000, 0.0000000000000000000, 1.000000000000000000 ) ) ;
#3668 = DIRECTION ( 'NONE',  ( -0.0000000000000000000, 1.000000000000000000, 0.0000000000000000000 ) ) ;
#3669 = EDGE_CURVE ( 'NONE', #3564, #492, #3418, .T. ) ;
#3670 = VECTOR ( 'NONE', #1039, 1000.000000000000000 ) ;
#3671 = DIRECTION ( 'NONE',  ( 1.000000000000000000, 0.0000000000000000000, 0.0000000000000000000 ) ) ;
#3672 = CARTESIAN_POINT ( 'NONE',  ( -0.7349999999999999867, 1.850000000000000089, -1.025000000000000133 ) ) ;
#3673 = ORIENTED_EDGE ( 'NONE', *, *, #3201, .T. ) ;
#3674 = CARTESIAN_POINT ( 'NONE',  ( -0.7249999999999999778, 0.2500000000000000000, -1.525000000000000133 ) ) ;
#3675 = CARTESIAN_POINT ( 'NONE',  ( -1.875000000000000000, 2.550000000000000266, -1.474999999999999867 ) ) ;
#3676 = LINE ( 'NONE', #2458, #508 ) ;
#3677 = EDGE_LOOP ( 'NONE', ( #2615, #4690, #673, #4015 ) ) ;
#3678 = VECTOR ( 'NONE', #3284, 1000.000000000000114 ) ;
#3679 = VECTOR ( 'NONE', #839, 1000.000000000000000 ) ;
#3680 = VECTOR ( 'NONE', #4422, 1000.000000000000000 ) ;
#3681 = ORIENTED_EDGE ( 'NONE', *, *, #3295, .F. ) ;
#3682 = DIRECTION ( 'NONE',  ( 1.000000000000000000, 0.0000000000000000000, 0.0000000000000000000 ) ) ;
#3683 = CARTESIAN_POINT ( 'NONE',  ( 0.7349999999999999867, 1.000000000000000000, -1.025000000000000133 ) ) ;
#3684 = CARTESIAN_POINT ( 'NONE',  ( 0.7249999999999999778, 0.0000000000000000000, -1.525000000000000133 ) ) ;
#3685 = CARTESIAN_POINT ( 'NONE',  ( -2.274999999999999911, 2.250000000000000000, -2.024999999999999911 ) ) ;
#3686 = CARTESIAN_POINT ( 'NONE',  ( -1.175000000000000044, 1.850000000000000089, -1.474999999999999867 ) ) ;
#3687 = ORIENTED_EDGE ( 'NONE', *, *, #2701, .T. ) ;
#3688 = DIRECTION ( 'NONE',  ( 0.0000000000000000000, 0.0000000000000000000, 1.000000000000000000 ) ) ;
#3689 = LINE ( 'NONE', #854, #1211 ) ;
#3690 = ORIENTED_EDGE ( 'NONE', *, *, #130, .F. ) ;
#3691 = CARTESIAN_POINT ( 'NONE',  ( 0.8249999999999999556, 1.850000000000000089, 2.024999999999999911 ) ) ;
#3692 = VERTEX_POINT ( 'NONE', #2426 ) ;
#3693 = CYLINDRICAL_SURFACE ( 'NONE', #4543, 0.3000000000000000444 ) ;
#3694 = ORIENTED_EDGE ( 'NONE', *, *, #4565, .F. ) ;
#3695 = LINE ( 'NONE', #1217, #220 ) ;
#3696 = EDGE_LOOP ( 'NONE', ( #4118, #3517, #4433, #1504 ) ) ;
#3697 = DIRECTION ( 'NONE',  ( 0.0000000000000000000, 0.0000000000000000000, -1.000000000000000000 ) ) ;
#3698 = EDGE_CURVE ( 'NONE', #3986, #534, #3591, .T. ) ;
#3699 = CARTESIAN_POINT ( 'NONE',  ( 2.875000000000000000, 3.600000000000000977, -1.425000000000000044 ) ) ;
#3700 = DIRECTION ( 'NONE',  ( 0.0000000000000000000, 0.0000000000000000000, 1.000000000000000000 ) ) ;
#3701 = VECTOR ( 'NONE', #312, 1000.000000000000000 ) ;
#3702 = ORIENTED_EDGE ( 'NONE', *, *, #1799, .T. ) ;
#3703 = DIRECTION ( 'NONE',  ( 0.0000000000000000000, 1.000000000000000000, 0.0000000000000000000 ) ) ;
#3704 = EDGE_CURVE ( 'NONE', #4321, #848, #938, .T. ) ;
#3705 = EDGE_LOOP ( 'NONE', ( #4520, #513, #1254, #4704 ) ) ;
#3706 = PLANE ( 'NONE',  #2697 ) ;
#3707 = CARTESIAN_POINT ( 'NONE',  ( 1.375000000000000000, 3.149999999999999911, 0.02500000000000000139 ) ) ;
#3708 = FACE_OUTER_BOUND ( 'NONE', #4539, .T. ) ;
#3709 = PLANE ( 'NONE',  #310 ) ;
#3710 = ORIENTED_EDGE ( 'NONE', *, *, #1933, .F. ) ;
#3711 = AXIS2_PLACEMENT_3D ( 'NONE', #3373, #4180, #3754 ) ;
#3712 = ORIENTED_EDGE ( 'NONE', *, *, #701, .F. ) ;
#3713 = PLANE ( 'NONE',  #3941 ) ;
#3714 = CARTESIAN_POINT ( 'NONE',  ( 0.7249999999999999778, 0.2500000000000000000, -1.525000000000000133 ) ) ;
#3715 = DIRECTION ( 'NONE',  ( 1.000000000000000000, 0.0000000000000000000, 0.0000000000000000000 ) ) ;
#3716 = ORIENTED_EDGE ( 'NONE', *, *, #271, .F. ) ;
#3717 = DIRECTION ( 'NONE',  ( 0.0000000000000000000, 0.0000000000000000000, 1.000000000000000000 ) ) ;
#3718 = FACE_BOUND ( 'NONE', #4513, .T. ) ;
#3719 = VECTOR ( 'NONE', #1043, 1000.000000000000000 ) ;
#3720 = AXIS2_PLACEMENT_3D ( 'NONE', #2214, #2559, #3682 ) ;
#3721 = PLANE ( 'NONE',  #2724 ) ;
#3722 = EDGE_CURVE ( 'NONE', #4791, #2637, #963, .T. ) ;
#3723 = VERTEX_POINT ( 'NONE', #4011 ) ;
#3724 = CARTESIAN_POINT ( 'NONE',  ( -0.8249999999999999556, 1.850000000000000089, 2.024999999999999911 ) ) ;
#3725 = VECTOR ( 'NONE', #894, 1000.000000000000000 ) ;
#3726 = VECTOR ( 'NONE', #3472, 1000.000000000000000 ) ;
#3727 = ORIENTED_EDGE ( 'NONE', *, *, #1823, .F. ) ;
#3728 = CARTESIAN_POINT ( 'NONE',  ( -2.274999999999999911, 0.6000000000000076383, -0.2249999999999982014 ) ) ;
#3729 = DIRECTION ( 'NONE',  ( -1.000000000000000000, 0.0000000000000000000, 0.0000000000000000000 ) ) ;
#3730 = VECTOR ( 'NONE', #4541, 1000.000000000000000 ) ;
#3731 = ORIENTED_EDGE ( 'NONE', *, *, #1224, .F. ) ;
#3732 = ORIENTED_EDGE ( 'NONE', *, *, #1477, .T. ) ;
#3733 = DIRECTION ( 'NONE',  ( 0.0000000000000000000, -0.0000000000000000000, 1.000000000000000000 ) ) ;
#3734 = DIRECTION ( 'NONE',  ( -1.000000000000000000, 0.0000000000000000000, 0.0000000000000000000 ) ) ;
#3735 = ORIENTED_EDGE ( 'NONE', *, *, #1887, .T. ) ;
#3736 = VECTOR ( 'NONE', #4048, 1000.000000000000000 ) ;
#3737 = ORIENTED_EDGE ( 'NONE', *, *, #361, .T. ) ;
#3738 = CARTESIAN_POINT ( 'NONE',  ( 1.875000000000000000, 3.149999999999999911, 0.02500000000000000139 ) ) ;
#3739 = VECTOR ( 'NONE', #1665, 1000.000000000000000 ) ;
#3740 = PLANE ( 'NONE',  #683 ) ;
#3741 = CARTESIAN_POINT ( 'NONE',  ( -0.7249999999999999778, -0.05000000000000000278, -1.824999999999999956 ) ) ;
#3742 = ORIENTED_EDGE ( 'NONE', *, *, #2934, .T. ) ;
#3743 = VECTOR ( 'NONE', #525, 1000.000000000000000 ) ;
#3744 = VECTOR ( 'NONE', #1165, 1000.000000000000000 ) ;
#3745 = CARTESIAN_POINT ( 'NONE',  ( 0.7249999999999999778, -0.004464445899999999919, 0.003975566199999999890 ) ) ;
#3746 = LINE ( 'NONE', #4309, #520 ) ;
#3747 = ORIENTED_EDGE ( 'NONE', *, *, #4538, .T. ) ;
#3748 = FACE_OUTER_BOUND ( 'NONE', #2698, .T. ) ;
#3749 = CARTESIAN_POINT ( 'NONE',  ( -0.5250000000000000222, 1.850000000000000089, 2.024999999999999911 ) ) ;
#3750 = LINE ( 'NONE', #1119, #909 ) ;
#3751 = VECTOR ( 'NONE', #2247, 1000.000000000000000 ) ;
#3752 = VECTOR ( 'NONE', #4240, 1000.000000000000000 ) ;
#3753 = VERTEX_POINT ( 'NONE', #2521 ) ;
#3754 = DIRECTION ( 'NONE',  ( 0.0000000000000000000, 1.000000000000000000, 0.0000000000000000000 ) ) ;
#3755 = DIRECTION ( 'NONE',  ( 0.0000000000000000000, -1.000000000000000000, -3.212450881438532635E-15 ) ) ;
#3756 = PLANE ( 'NONE',  #2741 ) ;
#3757 = CARTESIAN_POINT ( 'NONE',  ( 0.7249999999999999778, 0.0000000000000000000, -2.824999999999999734 ) ) ;
#3758 = VERTEX_POINT ( 'NONE', #2491 ) ;
#3759 = FACE_OUTER_BOUND ( 'NONE', #1049, .T. ) ;
#3760 = ORIENTED_EDGE ( 'NONE', *, *, #245, .F. ) ;
#3761 = DIRECTION ( 'NONE',  ( 1.000000000000000000, 0.0000000000000000000, 0.0000000000000000000 ) ) ;
#3762 = DIRECTION ( 'NONE',  ( 0.0000000000000000000, 0.0000000000000000000, -1.000000000000000000 ) ) ;
#3763 = CARTESIAN_POINT ( 'NONE',  ( 0.7349999999999999867, 1.000000000000000000, -1.025000000000000133 ) ) ;
#3764 = CARTESIAN_POINT ( 'NONE',  ( 2.274999999999999911, 2.250000000000000000, -2.024999999999999911 ) ) ;
#3765 = ORIENTED_EDGE ( 'NONE', *, *, #4183, .F. ) ;
#3766 = EDGE_CURVE ( 'NONE', #3262, #1895, #200, .T. ) ;
#3767 = ORIENTED_EDGE ( 'NONE', *, *, #4750, .F. ) ;
#3768 = CARTESIAN_POINT ( 'NONE',  ( 0.8249999999999999556, 1.649999999999999911, -1.698606797699999893 ) ) ;
#3769 = ORIENTED_EDGE ( 'NONE', *, *, #1166, .T. ) ;
#3770 = DIRECTION ( 'NONE',  ( 0.0000000000000000000, 0.0000000000000000000, 1.000000000000000000 ) ) ;
#3771 = ORIENTED_EDGE ( 'NONE', *, *, #2282, .F. ) ;
#3772 = CARTESIAN_POINT ( 'NONE',  ( -1.175000000000000044, 1.850000000000000089, 2.024999999999999911 ) ) ;
#3773 = PLANE ( 'NONE',  #2622 ) ;
#3774 = EDGE_LOOP ( 'NONE', ( #3136, #1091, #4693, #2363 ) ) ;
#3775 = CARTESIAN_POINT ( 'NONE',  ( -1.375000000000000000, 3.149999999999999911, 0.02500000000000000139 ) ) ;
#3776 = DIRECTION ( 'NONE',  ( -1.000000000000000000, 0.0000000000000000000, 0.0000000000000000000 ) ) ;
#3777 = EDGE_CURVE ( 'NONE', #425, #1886, #2639, .T. ) ;
#3778 = DIRECTION ( 'NONE',  ( 0.0000000000000000000, -1.000000000000000000, -3.252606517456512513E-15 ) ) ;
#3779 = EDGE_CURVE ( 'NONE', #364, #3027, #1381, .T. ) ;
#3780 = EDGE_LOOP ( 'NONE', ( #1400, #4484, #691, #567, #1316, #4264, #3742, #985 ) ) ;
#3781 = VERTEX_POINT ( 'NONE', #1065 ) ;
#3782 = DIRECTION ( 'NONE',  ( -0.0000000000000000000, -0.0000000000000000000, 1.000000000000000000 ) ) ;
#3783 = DIRECTION ( 'NONE',  ( 0.0000000000000000000, 1.000000000000000000, 0.0000000000000000000 ) ) ;
#3784 = DIRECTION ( 'NONE',  ( -1.000000000000000000, -0.0000000000000000000, -0.0000000000000000000 ) ) ;
#3785 = LINE ( 'NONE', #4715, #2781 ) ;
#3786 = ORIENTED_EDGE ( 'NONE', *, *, #896, .F. ) ;
#3787 = FACE_OUTER_BOUND ( 'NONE', #403, .T. ) ;
#3788 = CARTESIAN_POINT ( 'NONE',  ( -1.875000000000000000, 0.5000000000000000000, -1.474999999999999867 ) ) ;
#3789 = CARTESIAN_POINT ( 'NONE',  ( 0.7249999999999999778, 0.5000000000000000000, -2.824999999999999734 ) ) ;
#3790 = VERTEX_POINT ( 'NONE', #318 ) ;
#3791 = DIRECTION ( 'NONE',  ( 0.0000000000000000000, 0.0000000000000000000, 1.000000000000000000 ) ) ;
#3792 = LINE ( 'NONE', #1371, #3658 ) ;
#3793 = LINE ( 'NONE', #2562, #3903 ) ;
#3794 = CARTESIAN_POINT ( 'NONE',  ( -0.8249999999999999556, 1.649999999999999911, 2.024999999999999911 ) ) ;
#3795 = CARTESIAN_POINT ( 'NONE',  ( 2.274999999999999911, 1.950000000000002176, 1.375000000000006883 ) ) ;
#3796 = ORIENTED_EDGE ( 'NONE', *, *, #2151, .F. ) ;
#3797 = DIRECTION ( 'NONE',  ( 0.0000000000000000000, -1.000000000000000000, 0.0000000000000000000 ) ) ;
#3798 = LINE ( 'NONE', #755, #4757 ) ;
#3799 = CARTESIAN_POINT ( 'NONE',  ( 0.7249999999999999778, -0.05000000000000000278, 0.0000000000000000000 ) ) ;
#3800 = LINE ( 'NONE', #201, #3913 ) ;
#3801 = ORIENTED_EDGE ( 'NONE', *, *, #3359, .T. ) ;
#3802 = EDGE_CURVE ( 'NONE', #4799, #2034, #4271, .T. ) ;
#3803 = DIRECTION ( 'NONE',  ( -1.000000000000000000, 0.0000000000000000000, 0.0000000000000000000 ) ) ;
#3804 = VECTOR ( 'NONE', #658, 1000.000000000000000 ) ;
#3805 = ORIENTED_EDGE ( 'NONE', *, *, #581, .F. ) ;
#3806 = LINE ( 'NONE', #690, #3328 ) ;
#3807 = EDGE_CURVE ( 'NONE', #1158, #3298, #333, .T. ) ;
#3808 = CARTESIAN_POINT ( 'NONE',  ( 2.875000000000000000, 4.250000000000000000, -2.024999999999999911 ) ) ;
#3809 = FACE_OUTER_BOUND ( 'NONE', #748, .T. ) ;
#3810 = VECTOR ( 'NONE', #2062, 1000.000000000000000 ) ;
#3811 = EDGE_CURVE ( 'NONE', #2539, #4664, #2074, .T. ) ;
#3812 = ORIENTED_EDGE ( 'NONE', *, *, #1423, .T. ) ;
#3813 = ADVANCED_FACE ( 'NONE', ( #3928 ), #4037, .T. ) ;
#3814 = LINE ( 'NONE', #2962, #1266 ) ;
#3815 = CARTESIAN_POINT ( 'NONE',  ( -0.5250000000000000222, 0.5000000000000000000, 2.024999999999999911 ) ) ;
#3816 = ORIENTED_EDGE ( 'NONE', *, *, #1991, .T. ) ;
#3817 = ADVANCED_FACE ( 'NONE', ( #4773 ), #2536, .F. ) ;
#3818 = ORIENTED_EDGE ( 'NONE', *, *, #672, .T. ) ;
#3819 = CARTESIAN_POINT ( 'NONE',  ( -0.5250000000000000222, 0.8000000000000000444, -2.024999999999999911 ) ) ;
#3820 = ORIENTED_EDGE ( 'NONE', *, *, #817, .F. ) ;
#3821 = EDGE_LOOP ( 'NONE', ( #936, #3538, #545, #2715, #51, #2249 ) ) ;
#3822 = AXIS2_PLACEMENT_3D ( 'NONE', #633, #3219, #2120 ) ;
#3823 = LINE ( 'NONE', #4627, #2761 ) ;
#3824 = PLANE ( 'NONE',  #737 ) ;
#3825 = ORIENTED_EDGE ( 'NONE', *, *, #3542, .T. ) ;
#3826 = EDGE_CURVE ( 'NONE', #736, #207, #3806, .T. ) ;
#3827 = LINE ( 'NONE', #1839, #1397 ) ;
#3828 = ORIENTED_EDGE ( 'NONE', *, *, #914, .F. ) ;
#3829 = ORIENTED_EDGE ( 'NONE', *, *, #1516, .F. ) ;
#3830 = CARTESIAN_POINT ( 'NONE',  ( -2.274999999999999911, 2.000000000000000000, -2.024999999999999911 ) ) ;
#3831 = CARTESIAN_POINT ( 'NONE',  ( -0.4249999999999999889, 1.850000000000000089, -1.474999999999999867 ) ) ;
#3832 = ORIENTED_EDGE ( 'NONE', *, *, #356, .T. ) ;
#3833 = ADVANCED_FACE ( 'NONE', ( #2927 ), #2859, .T. ) ;
#3834 = CARTESIAN_POINT ( 'NONE',  ( -2.475000000000000089, 0.6000000000000076383, -0.2249999999999982014 ) ) ;
#3835 = ORIENTED_EDGE ( 'NONE', *, *, #229, .F. ) ;
#3837 = ORIENTED_EDGE ( 'NONE', *, *, #2454, .F. ) ;
#3836 = LINE ( 'NONE', #2817, #3356 ) ;
#3838 = ADVANCED_FACE ( 'NONE', ( #1261 ), #1050, .F. ) ;
#3839 = EDGE_CURVE ( 'NONE', #2313, #2031, #276, .T. ) ;
#3840 = EDGE_CURVE ( 'NONE', #574, #4667, #3104, .T. ) ;
#3841 = DIRECTION ( 'NONE',  ( -0.0000000000000000000, -0.0000000000000000000, 1.000000000000000000 ) ) ;
#3842 = ORIENTED_EDGE ( 'NONE', *, *, #3638, .F. ) ;
#3843 = DIRECTION ( 'NONE',  ( -1.000000000000000000, 0.0000000000000000000, 0.0000000000000000000 ) ) ;
#3844 = VECTOR ( 'NONE', #921, 1000.000000000000000 ) ;
#3845 = CARTESIAN_POINT ( 'NONE',  ( -0.5250000000000000222, 0.0000000000000000000, -1.525000000000000133 ) ) ;
#3846 = LINE ( 'NONE', #3615, #496 ) ;
#3847 = ORIENTED_EDGE ( 'NONE', *, *, #4307, .F. ) ;
#3848 = CARTESIAN_POINT ( 'NONE',  ( 2.274999999999999911, 2.250000000000000000, -2.024999999999999911 ) ) ;
#3849 = AXIS2_PLACEMENT_3D ( 'NONE', #3185, #4359, #3540 ) ;
#3850 = CARTESIAN_POINT ( 'NONE',  ( -0.8249999999999999556, 1.850000000000000089, -1.474999999999999867 ) ) ;
#3851 = DIRECTION ( 'NONE',  ( -0.0000000000000000000, 1.000000000000000000, -0.0000000000000000000 ) ) ;
#3852 = VECTOR ( 'NONE', #295, 1000.000000000000000 ) ;
#3853 = CARTESIAN_POINT ( 'NONE',  ( 2.875000000000000000, 4.250000000000000000, 2.024999999999999911 ) ) ;
#3854 = ORIENTED_EDGE ( 'NONE', *, *, #1554, .T. ) ;
#3855 = ADVANCED_FACE ( 'NONE', ( #908 ), #3338, .F. ) ;
#3856 = CARTESIAN_POINT ( 'NONE',  ( -0.4249999999999999889, 1.649999999999999911, 2.024999999999999911 ) ) ;
#3857 = EDGE_CURVE ( 'NONE', #1468, #1068, #2171, .T. ) ;
#3858 = FACE_OUTER_BOUND ( 'NONE', #1898, .T. ) ;
#3859 = DIRECTION ( 'NONE',  ( 1.000000000000000000, 0.0000000000000000000, 0.0000000000000000000 ) ) ;
#3860 = ORIENTED_EDGE ( 'NONE', *, *, #4683, .T. ) ;
#3861 = LINE ( 'NONE', #2265, #451 ) ;
#3862 = VERTEX_POINT ( 'NONE', #3686 ) ;
#3863 = ADVANCED_FACE ( 'NONE', ( #3907 ), #3721, .F. ) ;
#3864 = VECTOR ( 'NONE', #2303, 1000.000000000000000 ) ;
#3865 = ORIENTED_EDGE ( 'NONE', *, *, #3901, .T. ) ;
#3866 = EDGE_CURVE ( 'NONE', #4099, #3758, #1182, .T. ) ;
#3867 = DIRECTION ( 'NONE',  ( 1.000000000000000000, 0.0000000000000000000, 0.0000000000000000000 ) ) ;
#3868 = FACE_OUTER_BOUND ( 'NONE', #2251, .T. ) ;
#3869 = LINE ( 'NONE', #4479, #148 ) ;
#3870 = CARTESIAN_POINT ( 'NONE',  ( 2.274999999999999911, 8.673617379884035472E-15, -0.2250000000000008105 ) ) ;
#3871 = DIRECTION ( 'NONE',  ( 0.0000000000000000000, 0.0000000000000000000, 1.000000000000000000 ) ) ;
#3872 = LINE ( 'NONE', #970, #458 ) ;
#3873 = ORIENTED_EDGE ( 'NONE', *, *, #3231, .F. ) ;
#3874 = CARTESIAN_POINT ( 'NONE',  ( -1.875000000000000000, 1.850000000000000089, -1.474999999999999867 ) ) ;
#3875 = VECTOR ( 'NONE', #3358, 1000.000000000000000 ) ;
#3876 = LINE ( 'NONE', #1178, #1210 ) ;
#3877 = VECTOR ( 'NONE', #2078, 1000.000000000000000 ) ;
#3878 = EDGE_LOOP ( 'NONE', ( #1005, #3390, #2546, #3453, #1872, #187 ) ) ;
#3879 = CARTESIAN_POINT ( 'NONE',  ( -2.500000000000000000, 4.240000000000000213, -2.024999999999999911 ) ) ;
#3880 = CARTESIAN_POINT ( 'NONE',  ( -0.8750000000000000000, 2.250000000000000000, -2.024999999999999911 ) ) ;
#3881 = CARTESIAN_POINT ( 'NONE',  ( -0.5150000000000000133, 1.850000000000000089, -1.025000000000000133 ) ) ;
#3882 = ORIENTED_EDGE ( 'NONE', *, *, #2459, .T. ) ;
#3883 = DIRECTION ( 'NONE',  ( 0.0000000000000000000, 0.0000000000000000000, -1.000000000000000000 ) ) ;
#3884 = EDGE_LOOP ( 'NONE', ( #4555, #1121, #1402, #2422 ) ) ;
#3885 = LINE ( 'NONE', #1108, #162 ) ;
#3886 = CARTESIAN_POINT ( 'NONE',  ( -2.274999999999999911, 4.250000000000000000, -1.925000000000000044 ) ) ;
#3887 = DIRECTION ( 'NONE',  ( 0.0000000000000000000, 0.0000000000000000000, -1.000000000000000000 ) ) ;
#3888 = ORIENTED_EDGE ( 'NONE', *, *, #1703, .F. ) ;
#3889 = APPLICATION_PROTOCOL_DEFINITION ( 'draft international standard', 'automotive_design', 1998, #2680 ) ;
#3890 = VERTEX_POINT ( 'NONE', #1878 ) ;
#3891 = VERTEX_POINT ( 'NONE', #423 ) ;
#3892 = CARTESIAN_POINT ( 'NONE',  ( 2.274999999999999911, 1.950000000000002176, 1.375000000000006883 ) ) ;
#3893 = CARTESIAN_POINT ( 'NONE',  ( 0.8750000000000000000, 2.250000000000000000, -2.024999999999999911 ) ) ;
#3894 = CARTESIAN_POINT ( 'NONE',  ( -2.475000000000000089, -0.05000000000000000278, 2.024999999999999911 ) ) ;
#3895 = VERTEX_POINT ( 'NONE', #4109 ) ;
#3896 = EDGE_CURVE ( 'NONE', #920, #1805, #2383, .T. ) ;
#3898 = ORIENTED_EDGE ( 'NONE', *, *, #2713, .F. ) ;
#3897 = FACE_OUTER_BOUND ( 'NONE', #3395, .T. ) ;
#3899 = VERTEX_POINT ( 'NONE', #1891 ) ;
#3900 = FACE_OUTER_BOUND ( 'NONE', #932, .T. ) ;
#3901 = EDGE_CURVE ( 'NONE', #1176, #231, #4077, .T. ) ;
#3902 = CARTESIAN_POINT ( 'NONE',  ( -0.8750000000000000000, 3.750000000000000000, -2.024999999999999911 ) ) ;
#3903 = VECTOR ( 'NONE', #1876, 1000.000000000000000 ) ;
#3904 = VECTOR ( 'NONE', #2121, 1000.000000000000000 ) ;
#3905 = ORIENTED_EDGE ( 'NONE', *, *, #4060, .F. ) ;
#3906 = DIRECTION ( 'NONE',  ( 1.000000000000000000, 0.0000000000000000000, 0.0000000000000000000 ) ) ;
#3907 = FACE_OUTER_BOUND ( 'NONE', #4740, .T. ) ;
#3908 = DIRECTION ( 'NONE',  ( 0.0000000000000000000, 1.000000000000000000, 3.558407130208835834E-15 ) ) ;
#3909 = AXIS2_PLACEMENT_3D ( 'NONE', #2368, #3448, #4550 ) ;
#3910 = CARTESIAN_POINT ( 'NONE',  ( 1.375000000000000000, 3.149999999999999911, 2.024999999999999911 ) ) ;
#3911 = VERTEX_POINT ( 'NONE', #3355 ) ;
#3912 = DIRECTION ( 'NONE',  ( -1.000000000000000000, 0.0000000000000000000, 0.0000000000000000000 ) ) ;
#3913 = VECTOR ( 'NONE', #596, 1000.000000000000000 ) ;
#3914 = DIRECTION ( 'NONE',  ( 0.0000000000000000000, -1.000000000000000000, 0.0000000000000000000 ) ) ;
#3915 = DIRECTION ( 'NONE',  ( 0.0000000000000000000, 0.0000000000000000000, -1.000000000000000000 ) ) ;
#3916 = VECTOR ( 'NONE', #518, 1000.000000000000000 ) ;
#3917 = VERTEX_POINT ( 'NONE', #3738 ) ;
#3918 = DIRECTION ( 'NONE',  ( 0.0000000000000000000, 0.0000000000000000000, -1.000000000000000000 ) ) ;
#3919 = CARTESIAN_POINT ( 'NONE',  ( 0.4249999999999999889, 1.850000000000000089, -1.474999999999999867 ) ) ;
#3920 = ORIENTED_EDGE ( 'NONE', *, *, #3353, .F. ) ;
#3921 = CARTESIAN_POINT ( 'NONE',  ( 0.7249999999999999778, 0.8000000000000000444, -2.024999999999999911 ) ) ;
#3922 = CARTESIAN_POINT ( 'NONE',  ( -1.875000000000000000, 3.750000000000000000, -2.024999999999999911 ) ) ;
#3923 = VECTOR ( 'NONE', #813, 1000.000000000000000 ) ;
#3924 = ORIENTED_EDGE ( 'NONE', *, *, #3777, .T. ) ;
#3925 = LINE ( 'NONE', #1060, #2745 ) ;
#3926 = EDGE_CURVE ( 'NONE', #2169, #2287, #1953, .T. ) ;
#3927 = CARTESIAN_POINT ( 'NONE',  ( -2.875000000000000000, 1.949999999999999512, 2.025000000000007017 ) ) ;
#3928 = FACE_OUTER_BOUND ( 'NONE', #1529, .T. ) ;
#3929 = CARTESIAN_POINT ( 'NONE',  ( 1.875000000000000000, 3.750000000000000000, -2.024999999999999911 ) ) ;
#3930 = LINE ( 'NONE', #2716, #3614 ) ;
#3931 = ORIENTED_EDGE ( 'NONE', *, *, #4772, .T. ) ;
#3932 = LINE ( 'NONE', #3672, #2755 ) ;
#3933 = DIRECTION ( 'NONE',  ( -1.000000000000000000, -0.0000000000000000000, -0.0000000000000000000 ) ) ;
#3934 = ADVANCED_FACE ( 'NONE', ( #1110 ), #4123, .T. ) ;
#3935 = CARTESIAN_POINT ( 'NONE',  ( -2.274999999999999911, 8.673617379884035472E-15, -0.2250000000000008105 ) ) ;
#3936 = EDGE_LOOP ( 'NONE', ( #1882, #2244, #2828, #4451 ) ) ;
#3937 = ORIENTED_EDGE ( 'NONE', *, *, #1922, .F. ) ;
#3938 = CARTESIAN_POINT ( 'NONE',  ( -1.875000000000000000, 2.550000000000000266, -1.474999999999999867 ) ) ;
#3939 = CLOSED_SHELL ( 'NONE', ( #1358, #2225, #3218, #961, #4687, #3052, #4529, #308, #4615, #969, #723, #1008, #4692, #2534, #4573, #1853, #2464, #134 ) ) ;
#3940 = ADVANCED_FACE ( 'NONE', ( #3195, #1002, #1883, #3718 ), #4567, .F. ) ;
#3941 = AXIS2_PLACEMENT_3D ( 'NONE', #4146, #17, #4119 ) ;
#3942 = ORIENTED_EDGE ( 'NONE', *, *, #3990, .F. ) ;
#3943 = LINE ( 'NONE', #189, #1029 ) ;
#3944 = PLANE ( 'NONE',  #1365 ) ;
#3945 = VERTEX_POINT ( 'NONE', #1321 ) ;
#3946 = EDGE_CURVE ( 'NONE', #2593, #4299, #4, .T. ) ;
#3947 = FACE_OUTER_BOUND ( 'NONE', #553, .T. ) ;
#3948 = PLANE ( 'NONE',  #1372 ) ;
#3949 = DIRECTION ( 'NONE',  ( 0.0000000000000000000, -3.854941057726236322E-15, 1.000000000000000000 ) ) ;
#3950 = VERTEX_POINT ( 'NONE', #2005 ) ;
#3951 = AXIS2_PLACEMENT_3D ( 'NONE', #2797, #995, #601 ) ;
#3952 = ORIENTED_EDGE ( 'NONE', *, *, #3995, .T. ) ;
#3953 = VECTOR ( 'NONE', #4353, 1000.000000000000000 ) ;
#3954 = SURFACE_SIDE_STYLE ('',( #827 ) ) ;
#3955 = ORIENTED_EDGE ( 'NONE', *, *, #1642, .F. ) ;
#3956 = ORIENTED_EDGE ( 'NONE', *, *, #4212, .F. ) ;
#3957 = CARTESIAN_POINT ( 'NONE',  ( 0.7249999999999999778, -0.05000000000000000278, -1.824999999999999956 ) ) ;
#3958 = CARTESIAN_POINT ( 'NONE',  ( -2.875000000000000000, 2.000000000000000000, -1.425000000000000044 ) ) ;
#3959 = DIRECTION ( 'NONE',  ( 0.0000000000000000000, -1.000000000000000000, 0.0000000000000000000 ) ) ;
#3960 = DIRECTION ( 'NONE',  ( 0.0000000000000000000, 1.000000000000000000, 0.0000000000000000000 ) ) ;
#3961 = ORIENTED_EDGE ( 'NONE', *, *, #4320, .F. ) ;
#3962 = EDGE_LOOP ( 'NONE', ( #1697, #3334, #1569, #2661 ) ) ;
#3963 = ADVANCED_FACE ( 'NONE', ( #1303 ), #3480, .F. ) ;
#3964 = VERTEX_POINT ( 'NONE', #535 ) ;
#3965 = DIRECTION ( 'NONE',  ( 0.0000000000000000000, 0.4999999999932618899, -0.8660254037883288181 ) ) ;
#3966 = PLANE ( 'NONE',  #3849 ) ;
#3967 = VECTOR ( 'NONE', #1359, 1000.000000000000000 ) ;
#3968 = VERTEX_POINT ( 'NONE', #1272 ) ;
#3969 = EDGE_CURVE ( 'NONE', #2801, #1388, #4698, .T. ) ;
#3970 = CARTESIAN_POINT ( 'NONE',  ( 2.274999999999999911, 2.000000000000000000, -2.024999999999999911 ) ) ;
#3971 = DIRECTION ( 'NONE',  ( 1.000000000000000000, 0.0000000000000000000, 0.0000000000000000000 ) ) ;
#3972 = CARTESIAN_POINT ( 'NONE',  ( -0.5250000000000000222, 1.315130797599999957, 1.171117220399999770 ) ) ;
#3973 = AXIS2_PLACEMENT_3D ( 'NONE', #3190, #3227, #1364 ) ;
#3974 = CARTESIAN_POINT ( 'NONE',  ( -2.274999999999999911, 3.600000000000000977, -1.425000000000000044 ) ) ;
#3975 = DIRECTION ( 'NONE',  ( 0.0000000000000000000, 1.000000000000000000, 0.0000000000000000000 ) ) ;
#3976 = ORIENTED_EDGE ( 'NONE', *, *, #1159, .F. ) ;
#3977 = VECTOR ( 'NONE', #2270, 1000.000000000000000 ) ;
#3978 = ORIENTED_EDGE ( 'NONE', *, *, #1151, .F. ) ;
#3979 = ORIENTED_EDGE ( 'NONE', *, *, #581, .T. ) ;
#3980 = AXIS2_PLACEMENT_3D ( 'NONE', #661, #1831, #4024 ) ;
#3981 = EDGE_CURVE ( 'NONE', #736, #2242, #1766, .T. ) ;
#3982 = VECTOR ( 'NONE', #4262, 1000.000000000000000 ) ;
#3983 = EDGE_LOOP ( 'NONE', ( #2730, #1473, #430, #1027, #3062, #4352, #1668, #2947, #1585, #325, #1979, #2148, #2764, #840, #3492, #3528, #355, #983, #4782, #1331, #3198, #1354, #212, #4144 ) ) ;
#3984 = CARTESIAN_POINT ( 'NONE',  ( -1.875000000000000000, 3.750000000000000000, -2.024999999999999911 ) ) ;
#3985 = VECTOR ( 'NONE', #1349, 1000.000000000000000 ) ;
#3986 = VERTEX_POINT ( 'NONE', #2800 ) ;
#3987 = DIRECTION ( 'NONE',  ( 0.0000000000000000000, 1.000000000000000000, 0.0000000000000000000 ) ) ;
#3988 = ORIENTED_EDGE ( 'NONE', *, *, #3623, .F. ) ;
#3989 = CARTESIAN_POINT ( 'NONE',  ( 0.7249999999999999778, 1.315130797599999957, 1.171117220399999770 ) ) ;
#3990 = EDGE_CURVE ( 'NONE', #2565, #345, #1539, .T. ) ;
#3991 = CARTESIAN_POINT ( 'NONE',  ( -1.875000000000000000, 0.5000000000000000000, 2.024999999999999911 ) ) ;
#3992 = DIRECTION ( 'NONE',  ( 0.0000000000000000000, 4.003208021484939327E-15, -1.000000000000000000 ) ) ;
#3993 = ORIENTED_EDGE ( 'NONE', *, *, #3510, .T. ) ;
#3994 = DIRECTION ( 'NONE',  ( 0.0000000000000000000, -1.000000000000000000, 0.0000000000000000000 ) ) ;
#3995 = EDGE_CURVE ( 'NONE', #2632, #3890, #4411, .T. ) ;
#3996 = VERTEX_POINT ( 'NONE', #4254 ) ;
#3997 = CARTESIAN_POINT ( 'NONE',  ( 2.375000000000000000, 3.149999999999999911, 0.02500000000000000139 ) ) ;
#3998 = EDGE_CURVE ( 'NONE', #291, #2721, #2446, .T. ) ;
#3999 = LINE ( 'NONE', #4674, #2032 ) ;
#4000 = VERTEX_POINT ( 'NONE', #3870 ) ;
#4001 = CARTESIAN_POINT ( 'NONE',  ( 1.875000000000000000, 3.149999999999999911, 2.025999999999999801 ) ) ;
#4002 = ORIENTED_EDGE ( 'NONE', *, *, #1865, .T. ) ;
#4003 = VECTOR ( 'NONE', #2560, 1000.000000000000000 ) ;
#4004 = ORIENTED_EDGE ( 'NONE', *, *, #2366, .F. ) ;
#4005 = CARTESIAN_POINT ( 'NONE',  ( 0.7249999999999999778, 1.850000000000000089, -1.698606797699999893 ) ) ;
#4006 = CARTESIAN_POINT ( 'NONE',  ( 2.475000000000000089, 8.673617379884035472E-15, -0.2250000000000008105 ) ) ;
#4007 = FILL_AREA_STYLE_COLOUR ( '', #4585 ) ;
#4008 = EDGE_LOOP ( 'NONE', ( #3217, #3064, #659, #191 ) ) ;
#4009 = LINE ( 'NONE', #3768, #2257 ) ;
#4010 = ORIENTED_EDGE ( 'NONE', *, *, #462, .F. ) ;
#4011 = CARTESIAN_POINT ( 'NONE',  ( 1.175000000000000044, 1.850000000000000089, -1.474999999999999867 ) ) ;
#4012 = ORIENTED_EDGE ( 'NONE', *, *, #888, .T. ) ;
#4013 = DIRECTION ( 'NONE',  ( -1.000000000000000000, 0.0000000000000000000, 0.0000000000000000000 ) ) ;
#4014 = SURFACE_SIDE_STYLE ('',( #1084 ) ) ;
#4015 = ORIENTED_EDGE ( 'NONE', *, *, #977, .F. ) ;
#4016 = LINE ( 'NONE', #77, #1830 ) ;
#4017 = LINE ( 'NONE', #3589, #3904 ) ;
#4018 = CARTESIAN_POINT ( 'NONE',  ( -2.475000000000000089, 0.6000000000000076383, -0.2249999999999982014 ) ) ;
#4019 = CARTESIAN_POINT ( 'NONE',  ( -2.024999999999999911, 2.250000000000000000, -2.024999999999999911 ) ) ;
#4020 = ORIENTED_EDGE ( 'NONE', *, *, #218, .T. ) ;
#4021 = VECTOR ( 'NONE', #3791, 1000.000000000000000 ) ;
#4022 = EDGE_CURVE ( 'NONE', #2520, #4029, #2557, .T. ) ;
#4023 = VECTOR ( 'NONE', #3050, 1000.000000000000000 ) ;
#4024 = DIRECTION ( 'NONE',  ( 0.0000000000000000000, 0.0000000000000000000, -1.000000000000000000 ) ) ;
#4025 = EDGE_LOOP ( 'NONE', ( #4214, #4283, #1104, #3786 ) ) ;
#4026 = DIRECTION ( 'NONE',  ( 1.000000000000000000, 0.0000000000000000000, 0.0000000000000000000 ) ) ;
#4027 = VECTOR ( 'NONE', #4746, 1000.000000000000000 ) ;
#4028 = VECTOR ( 'NONE', #2102, 1000.000000000000000 ) ;
#4029 = VERTEX_POINT ( 'NONE', #2093 ) ;
#4030 = EDGE_CURVE ( 'NONE', #2747, #2234, #500, .T. ) ;
#4031 = ORIENTED_EDGE ( 'NONE', *, *, #3426, .T. ) ;
#4032 = DIRECTION ( 'NONE',  ( 0.0000000000000000000, 0.4999999999932618899, -0.8660254037883288181 ) ) ;
#4033 = DIRECTION ( 'NONE',  ( 0.0000000000000000000, 0.0000000000000000000, 1.000000000000000000 ) ) ;
#4034 = VECTOR ( 'NONE', #743, 1000.000000000000000 ) ;
#4035 = DIRECTION ( 'NONE',  ( 0.0000000000000000000, 1.000000000000000000, 0.0000000000000000000 ) ) ;
#4036 = VERTEX_POINT ( 'NONE', #1285 ) ;
#4037 = PLANE ( 'NONE',  #3156 ) ;
#4038 = VECTOR ( 'NONE', #3249, 1000.000000000000000 ) ;
#4039 = LINE ( 'NONE', #85, #4431 ) ;
#4040 = LINE ( 'NONE', #2435, #630 ) ;
#4041 = CARTESIAN_POINT ( 'NONE',  ( -2.500000000000000000, 4.240000000000000213, -2.024999999999999911 ) ) ;
#4042 = EDGE_LOOP ( 'NONE', ( #4340, #1478, #771, #4739 ) ) ;
#4043 = PLANE ( 'NONE',  #3272 ) ;
#4044 = VECTOR ( 'NONE', #396, 1000.000000000000000 ) ;
#4045 = ORIENTED_EDGE ( 'NONE', *, *, #3141, .T. ) ;
#4046 = ORIENTED_EDGE ( 'NONE', *, *, #1635, .F. ) ;
#4047 = VECTOR ( 'NONE', #2154, 1000.000000000000000 ) ;
#4048 = DIRECTION ( 'NONE',  ( 0.0000000000000000000, 0.0000000000000000000, 1.000000000000000000 ) ) ;
#4049 = EDGE_CURVE ( 'NONE', #1827, #1055, #2683, .T. ) ;
#4050 = ORIENTED_EDGE ( 'NONE', *, *, #499, .T. ) ;
#4051 = DIRECTION ( 'NONE',  ( 1.000000000000000000, 0.0000000000000000000, 0.0000000000000000000 ) ) ;
#4052 = CARTESIAN_POINT ( 'NONE',  ( -2.274999999999999911, 2.000000000000000000, -2.024999999999999911 ) ) ;
#4053 = CARTESIAN_POINT ( 'NONE',  ( 0.7349999999999999867, 0.0000000000000000000, -1.474999999999999867 ) ) ;
#4054 = EDGE_LOOP ( 'NONE', ( #4268, #3320, #2295, #3905, #215, #2293 ) ) ;
#4055 = VECTOR ( 'NONE', #3887, 1000.000000000000000 ) ;
#4056 = VERTEX_POINT ( 'NONE', #2752 ) ;
#4057 = DIRECTION ( 'NONE',  ( 0.0000000000000000000, 0.0000000000000000000, -1.000000000000000000 ) ) ;
#4058 = DIRECTION ( 'NONE',  ( 0.0000000000000000000, -1.000000000000000000, 0.0000000000000000000 ) ) ;
#4059 = LINE ( 'NONE', #1905, #4444 ) ;
#4060 = EDGE_CURVE ( 'NONE', #3891, #3068, #316, .T. ) ;
#4061 = ORIENTED_EDGE ( 'NONE', *, *, #2315, .T. ) ;
#4062 = CARTESIAN_POINT ( 'NONE',  ( 0.3750000000000000000, 2.250000000000000000, 1.024999999999999911 ) ) ;
#4063 = CARTESIAN_POINT ( 'NONE',  ( 2.274999999999999911, -0.05000000000000000278, -0.2250000000000008105 ) ) ;
#4064 = CARTESIAN_POINT ( 'NONE',  ( 2.875000000000000000, 1.000000000000000000, -1.525000000000000133 ) ) ;
#4065 = DIRECTION ( 'NONE',  ( -1.000000000000000000, -0.0000000000000000000, -0.0000000000000000000 ) ) ;
#4066 = DIRECTION ( 'NONE',  ( -1.000000000000000000, 0.0000000000000000000, 0.0000000000000000000 ) ) ;
#4068 = VERTEX_POINT ( 'NONE', #947 ) ;
#4067 = FACE_OUTER_BOUND ( 'NONE', #4286, .T. ) ;
#4069 = CARTESIAN_POINT ( 'NONE',  ( 0.5250000000000000222, 1.315130797599999957, 1.171117220399999770 ) ) ;
#4070 = CARTESIAN_POINT ( 'NONE',  ( 0.5250000000000000222, 1.350000000000000089, -1.525000000000000133 ) ) ;
#4071 = AXIS2_PLACEMENT_3D ( 'NONE', #731, #4800, #3309 ) ;
#4072 = VERTEX_POINT ( 'NONE', #1715 ) ;
#4073 = VERTEX_POINT ( 'NONE', #915 ) ;
#4074 = EDGE_CURVE ( 'NONE', #3559, #702, #1733, .T. ) ;
#4075 = CARTESIAN_POINT ( 'NONE',  ( 2.274999999999999911, 2.000000000000000000, -1.425000000000000044 ) ) ;
#4076 = ORIENTED_EDGE ( 'NONE', *, *, #3510, .F. ) ;
#4077 = LINE ( 'NONE', #4087, #2553 ) ;
#4078 = DIRECTION ( 'NONE',  ( 0.0000000000000000000, 1.000000000000000000, 0.0000000000000000000 ) ) ;
#4079 = ORIENTED_EDGE ( 'NONE', *, *, #3450, .T. ) ;
#4080 = DIRECTION ( 'NONE',  ( 0.0000000000000000000, -1.000000000000000000, 0.0000000000000000000 ) ) ;
#4081 = UNCERTAINTY_MEASURE_WITH_UNIT (LENGTH_MEASURE( 1.000000000000000082E-05 ), #1467, 'distance_accuracy_value', 'NONE');
#4082 = DIRECTION ( 'NONE',  ( 0.0000000000000000000, 0.0000000000000000000, -1.000000000000000000 ) ) ;
#4083 = DIRECTION ( 'NONE',  ( 0.0000000000000000000, 0.6650335612228979176, -0.7468134723257140450 ) ) ;
#4084 = FACE_OUTER_BOUND ( 'NONE', #2055, .T. ) ;
#4085 = CARTESIAN_POINT ( 'NONE',  ( -2.875000000000000000, 3.600000000000000977, -1.425000000000000044 ) ) ;
#4086 = EDGE_CURVE ( 'NONE', #1947, #2883, #406, .T. ) ;
#4087 = CARTESIAN_POINT ( 'NONE',  ( 0.7249999999999999778, 1.850000000000000089, 0.0000000000000000000 ) ) ;
#4088 = LINE ( 'NONE', #4187, #1120 ) ;
#4089 = ORIENTED_EDGE ( 'NONE', *, *, #1066, .F. ) ;
#4090 = EDGE_CURVE ( 'NONE', #3605, #3622, #4729, .T. ) ;
#4091 = CARTESIAN_POINT ( 'NONE',  ( 2.875000000000000000, 1.000000000000000000, -1.525000000000000133 ) ) ;
#4092 = FACE_OUTER_BOUND ( 'NONE', #283, .T. ) ;
#4093 = VECTOR ( 'NONE', #3784, 1000.000000000000000 ) ;
#4094 = VERTEX_POINT ( 'NONE', #555 ) ;
#4095 = DIRECTION ( 'NONE',  ( 0.0000000000000000000, -0.6650335612228979176, -0.7468134723257140450 ) ) ;
#4096 = VECTOR ( 'NONE', #3629, 1000.000000000000000 ) ;
#4097 = CARTESIAN_POINT ( 'NONE',  ( -1.175000000000000044, 2.550000000000000266, 2.024999999999999911 ) ) ;
#4098 = VECTOR ( 'NONE', #923, 1000.000000000000000 ) ;
#4099 = VERTEX_POINT ( 'NONE', #1675 ) ;
#4100 = CARTESIAN_POINT ( 'NONE',  ( 0.0000000000000000000, 0.0000000000000000000, -1.925000000000000044 ) ) ;
#4101 = CARTESIAN_POINT ( 'NONE',  ( 0.5250000000000000222, 1.350000000000000089, 0.0000000000000000000 ) ) ;
#4102 = VECTOR ( 'NONE', #2960, 1000.000000000000000 ) ;
#4103 = LINE ( 'NONE', #544, #4495 ) ;
#4104 = PLANE ( 'NONE',  #2563 ) ;
#4105 = CYLINDRICAL_SURFACE ( 'NONE', #2325, 0.2999999999999999889 ) ;
#4106 = ORIENTED_EDGE ( 'NONE', *, *, #3085, .T. ) ;
#4107 = ADVANCED_FACE ( 'NONE', ( #2584 ), #4608, .F. ) ;
#4108 = VECTOR ( 'NONE', #381, 1000.000000000000000 ) ;
#4109 = CARTESIAN_POINT ( 'NONE',  ( 2.475000000000000089, 0.6000000000000076383, -0.2249999999999982014 ) ) ;
#4110 = CARTESIAN_POINT ( 'NONE',  ( -2.375000000000000000, 3.149999999999999911, 0.02500000000000000139 ) ) ;
#4111 = DIRECTION ( 'NONE',  ( -1.000000000000000000, 0.0000000000000000000, 0.0000000000000000000 ) ) ;
#4112 = DIRECTION ( 'NONE',  ( 1.000000000000000000, 0.0000000000000000000, 0.0000000000000000000 ) ) ;
#4113 = ORIENTED_EDGE ( 'NONE', *, *, #1227, .T. ) ;
#4114 = DIRECTION ( 'NONE',  ( 0.0000000000000000000, -4.336808689942025625E-15, 1.000000000000000000 ) ) ;
#4115 = ORIENTED_EDGE ( 'NONE', *, *, #2963, .T. ) ;
#4116 = LINE ( 'NONE', #931, #3170 ) ;
#4117 = VERTEX_POINT ( 'NONE', #3090 ) ;
#4118 = ORIENTED_EDGE ( 'NONE', *, *, #1093, .F. ) ;
#4119 = DIRECTION ( 'NONE',  ( 1.000000000000000000, 0.0000000000000000000, 0.0000000000000000000 ) ) ;
#4120 = EDGE_CURVE ( 'NONE', #2106, #113, #3689, .T. ) ;
#4121 = LINE ( 'NONE', #756, #4235 ) ;
#4122 = EDGE_CURVE ( 'NONE', #3011, #3000, #4164, .T. ) ;
#4123 = PLANE ( 'NONE',  #900 ) ;
#4124 = PRESENTATION_LAYER_ASSIGNMENT (  '', '', ( #1301 ) ) ;
#4125 = ORIENTED_EDGE ( 'NONE', *, *, #1584, .F. ) ;
#4126 = DIRECTION ( 'NONE',  ( -0.0000000000000000000, 1.000000000000000000, 0.0000000000000000000 ) ) ;
#4127 = EDGE_LOOP ( 'NONE', ( #2673, #695, #3009, #221 ) ) ;
#4128 = CARTESIAN_POINT ( 'NONE',  ( 0.5250000000000000222, 1.649999999999999911, 2.024999999999999911 ) ) ;
#4129 = EDGE_LOOP ( 'NONE', ( #4457, #121, #2502, #391 ) ) ;
#4130 = AXIS2_PLACEMENT_3D ( 'NONE', #2125, #4339, #967 ) ;
#4131 = EDGE_LOOP ( 'NONE', ( #352, #4438, #2908, #3290, #4404, #4391, #2172, #927 ) ) ;
#4132 = DIRECTION ( 'NONE',  ( 0.0000000000000000000, 1.000000000000000000, 0.0000000000000000000 ) ) ;
#4133 = EDGE_CURVE ( 'NONE', #4799, #2887, #340, .T. ) ;
#4134 = ORIENTED_EDGE ( 'NONE', *, *, #1391, .F. ) ;
#4135 = DIRECTION ( 'NONE',  ( 0.0000000000000000000, 0.0000000000000000000, -1.000000000000000000 ) ) ;
#4136 = PLANE ( 'NONE',  #1706 ) ;
#4137 = EDGE_CURVE ( 'NONE', #3758, #1522, #1329, .T. ) ;
#4138 = ORIENTED_EDGE ( 'NONE', *, *, #3840, .F. ) ;
#4139 = CARTESIAN_POINT ( 'NONE',  ( -2.475000000000000089, 0.6000000000000024203, 1.375000000000002442 ) ) ;
#4140 = FACE_OUTER_BOUND ( 'NONE', #3609, .T. ) ;
#4141 = LINE ( 'NONE', #1330, #3726 ) ;
#4142 = VERTEX_POINT ( 'NONE', #4369 ) ;
#4143 = DIRECTION ( 'NONE',  ( -1.000000000000000000, 0.0000000000000000000, 0.0000000000000000000 ) ) ;
#4144 = ORIENTED_EDGE ( 'NONE', *, *, #1823, .T. ) ;
#4145 = ORIENTED_EDGE ( 'NONE', *, *, #1931, .F. ) ;
#4146 = CARTESIAN_POINT ( 'NONE',  ( 0.7249999999999999778, 0.0000000000000000000, -1.525000000000000133 ) ) ;
#4147 = DIRECTION ( 'NONE',  ( 1.000000000000000000, -0.0000000000000000000, -0.0000000000000000000 ) ) ;
#4148 =( NAMED_UNIT ( * ) PLANE_ANGLE_UNIT ( ) SI_UNIT ( $, .RADIAN. ) );
#4149 = CARTESIAN_POINT ( 'NONE',  ( 0.0000000000000000000, 0.0000000000000000000, -1.025000000000000133 ) ) ;
#4150 = EDGE_CURVE ( 'NONE', #591, #82, #3161, .T. ) ;
#4151 = ORIENTED_EDGE ( 'NONE', *, *, #676, .T. ) ;
#4152 = EDGE_CURVE ( 'NONE', #1481, #2507, #3792, .T. ) ;
#4153 = ORIENTED_EDGE ( 'NONE', *, *, #3030, .T. ) ;
#4154 = DIRECTION ( 'NONE',  ( 0.0000000000000000000, 1.000000000000000000, 0.0000000000000000000 ) ) ;
#4155 = VECTOR ( 'NONE', #3620, 1000.000000000000000 ) ;
#4156 = CARTESIAN_POINT ( 'NONE',  ( -0.5250000000000000222, 0.5000000000000000000, 2.024999999999999911 ) ) ;
#4157 = ORIENTED_EDGE ( 'NONE', *, *, #1227, .F. ) ;
#4158 = VECTOR ( 'NONE', #4032, 1000.000000000000114 ) ;
#4159 = CARTESIAN_POINT ( 'NONE',  ( -2.875000000000000000, 4.250000000000000000, 2.024999999999999911 ) ) ;
#4160 = FACE_OUTER_BOUND ( 'NONE', #2208, .T. ) ;
#4161 = DIRECTION ( 'NONE',  ( 0.0000000000000000000, 0.0000000000000000000, -1.000000000000000000 ) ) ;
#4162 = EDGE_CURVE ( 'NONE', #4099, #3622, #371, .T. ) ;
#4163 = VECTOR ( 'NONE', #4143, 1000.000000000000000 ) ;
#4164 = LINE ( 'NONE', #4570, #3274 ) ;
#4165 = ORIENTED_EDGE ( 'NONE', *, *, #2181, .F. ) ;
#4166 = DIRECTION ( 'NONE',  ( -1.000000000000000000, 0.0000000000000000000, 0.0000000000000000000 ) ) ;
#4167 = CARTESIAN_POINT ( 'NONE',  ( 0.7249999999999999778, 1.649999999999999911, -1.025000000000000133 ) ) ;
#4168 = ORIENTED_EDGE ( 'NONE', *, *, #1461, .T. ) ;
#4169 = DIRECTION ( 'NONE',  ( 0.0000000000000000000, -1.000000000000000000, -3.252606517456512513E-15 ) ) ;
#4170 = CARTESIAN_POINT ( 'NONE',  ( 0.5150000000000000133, 1.000000000000000000, -1.025000000000000133 ) ) ;
#4171 = ORIENTED_EDGE ( 'NONE', *, *, #3660, .T. ) ;
#4172 = LINE ( 'NONE', #133, #1148 ) ;
#4173 = EDGE_CURVE ( 'NONE', #2486, #2128, #3846, .T. ) ;
#4174 = CARTESIAN_POINT ( 'NONE',  ( -1.875000000000000000, 0.5000000000000000000, -1.474999999999999867 ) ) ;
#4175 = VECTOR ( 'NONE', #1927, 1000.000000000000000 ) ;
#4176 = VERTEX_POINT ( 'NONE', #2519 ) ;
#4177 = DIRECTION ( 'NONE',  ( 0.0000000000000000000, 1.000000000000000000, 0.0000000000000000000 ) ) ;
#4178 = DIRECTION ( 'NONE',  ( 0.0000000000000000000, 0.0000000000000000000, -1.000000000000000000 ) ) ;
#4179 = EDGE_CURVE ( 'NONE', #4000, #4220, #1956, .T. ) ;
#4180 = DIRECTION ( 'NONE',  ( 1.000000000000000000, 0.0000000000000000000, 0.0000000000000000000 ) ) ;
#4181 = ORIENTED_EDGE ( 'NONE', *, *, #4778, .F. ) ;
#4182 = ADVANCED_FACE ( 'NONE', ( #1761 ), #1355, .F. ) ;
#4183 = EDGE_CURVE ( 'NONE', #3073, #4176, #3596, .T. ) ;
#4184 = ORIENTED_EDGE ( 'NONE', *, *, #4676, .T. ) ;
#4185 = EDGE_CURVE ( 'NONE', #1450, #3068, #766, .T. ) ;
#4186 = PLANE ( 'NONE',  #2904 ) ;
#4187 = CARTESIAN_POINT ( 'NONE',  ( -1.875000000000000000, 2.550000000000000266, -1.474999999999999867 ) ) ;
#4188 = LINE ( 'NONE', #3685, #705 ) ;
#4189 = EDGE_LOOP ( 'NONE', ( #156, #2042, #1632, #3416 ) ) ;
#4190 = ORIENTED_EDGE ( 'NONE', *, *, #4173, .F. ) ;
#4191 = CARTESIAN_POINT ( 'NONE',  ( 0.8750000000000000000, 3.750000000000000000, 2.024999999999999911 ) ) ;
#4192 = VERTEX_POINT ( 'NONE', #2232 ) ;
#4193 = DIRECTION ( 'NONE',  ( -1.000000000000000000, 0.0000000000000000000, 0.0000000000000000000 ) ) ;
#4194 = CARTESIAN_POINT ( 'NONE',  ( 2.274999999999999911, 1.949999999999999512, 2.025000000000007017 ) ) ;
#4195 = ORIENTED_EDGE ( 'NONE', *, *, #2281, .T. ) ;
#4196 = FACE_OUTER_BOUND ( 'NONE', #3878, .T. ) ;
#4197 = VECTOR ( 'NONE', #190, 1000.000000000000000 ) ;
#4198 = PRESENTATION_LAYER_ASSIGNMENT (  '', '', ( #2204 ) ) ;
#4199 = DIRECTION ( 'NONE',  ( 0.0000000000000000000, -1.000000000000000000, -0.0000000000000000000 ) ) ;
#4200 = LINE ( 'NONE', #3157, #3088 ) ;
#4201 = CARTESIAN_POINT ( 'NONE',  ( 2.375000000000000000, 3.750000000000000000, 0.02500000000000000139 ) ) ;
#4202 = PLANE ( 'NONE',  #710 ) ;
#4203 = ADVANCED_FACE ( 'NONE', ( #4636 ), #729, .T. ) ;
#4204 = LINE ( 'NONE', #2718, #1431 ) ;
#4205 = ORIENTED_EDGE ( 'NONE', *, *, #4278, .T. ) ;
#4206 = EDGE_CURVE ( 'NONE', #4452, #3968, #3659, .T. ) ;
#4207 = EDGE_CURVE ( 'NONE', #2539, #837, #2678, .T. ) ;
#4208 = EDGE_LOOP ( 'NONE', ( #2359, #3222, #1586, #3988 ) ) ;
#4209 = DIRECTION ( 'NONE',  ( 1.000000000000000000, 0.0000000000000000000, 0.0000000000000000000 ) ) ;
#4210 = LINE ( 'NONE', #2558, #2570 ) ;
#4211 = CARTESIAN_POINT ( 'NONE',  ( -0.5250000000000000222, 0.0000000000000000000, 2.024999999999999911 ) ) ;
#4212 = EDGE_CURVE ( 'NONE', #829, #2709, #714, .T. ) ;
#4213 = VECTOR ( 'NONE', #2114, 1000.000000000000000 ) ;
#4214 = ORIENTED_EDGE ( 'NONE', *, *, #4358, .T. ) ;
#4215 = DIRECTION ( 'NONE',  ( -1.000000000000000000, -0.0000000000000000000, -0.0000000000000000000 ) ) ;
#4216 = VECTOR ( 'NONE', #4446, 1000.000000000000000 ) ;
#4217 = CARTESIAN_POINT ( 'NONE',  ( -0.8750000000000000000, 1.949999999999999956, 2.024999999999999911 ) ) ;
#4218 = ORIENTED_EDGE ( 'NONE', *, *, #1332, .T. ) ;
#4219 = VECTOR ( 'NONE', #3323, 1000.000000000000000 ) ;
#4220 = VERTEX_POINT ( 'NONE', #1841 ) ;
#4221 = LINE ( 'NONE', #3642, #4047 ) ;
#4222 = ADVANCED_FACE ( 'NONE', ( #945 ), #360, .T. ) ;
#4223 = CARTESIAN_POINT ( 'NONE',  ( -1.375000000000000000, 3.149999999999999911, -2.024999999999999911 ) ) ;
#4224 = EDGE_LOOP ( 'NONE', ( #266, #656, #3154, #3865 ) ) ;
#4225 = ORIENTED_EDGE ( 'NONE', *, *, #3203, .F. ) ;
#4226 = DIRECTION ( 'NONE',  ( 0.0000000000000000000, 0.0000000000000000000, -1.000000000000000000 ) ) ;
#4227 = VECTOR ( 'NONE', #3527, 1000.000000000000000 ) ;
#4228 = DIRECTION ( 'NONE',  ( -0.0000000000000000000, -0.0000000000000000000, -1.000000000000000000 ) ) ;
#4229 = VERTEX_POINT ( 'NONE', #3307 ) ;
#4230 = EDGE_CURVE ( 'NONE', #2272, #3790, #3793, .T. ) ;
#4231 = VECTOR ( 'NONE', #1945, 1000.000000000000114 ) ;
#4232 = ORIENTED_EDGE ( 'NONE', *, *, #2060, .F. ) ;
#4233 = DIRECTION ( 'NONE',  ( 0.0000000000000000000, 1.000000000000000000, 0.0000000000000000000 ) ) ;
#4234 = ORIENTED_EDGE ( 'NONE', *, *, #78, .T. ) ;
#4235 = VECTOR ( 'NONE', #395, 1000.000000000000000 ) ;
#4236 = EDGE_LOOP ( 'NONE', ( #3702, #1036, #616, #4617 ) ) ;
#4237 = EDGE_CURVE ( 'NONE', #4393, #2924, #1957, .T. ) ;
#4238 = ORIENTED_EDGE ( 'NONE', *, *, #815, .F. ) ;
#4239 = EDGE_CURVE ( 'NONE', #3093, #4717, #604, .T. ) ;
#4240 = DIRECTION ( 'NONE',  ( 0.0000000000000000000, -1.000000000000000000, 0.0000000000000000000 ) ) ;
#4241 = CARTESIAN_POINT ( 'NONE',  ( -0.5250000000000000222, 1.350000000000000089, 0.0000000000000000000 ) ) ;
#4242 = ORIENTED_EDGE ( 'NONE', *, *, #3141, .F. ) ;
#4243 = ORIENTED_EDGE ( 'NONE', *, *, #3981, .F. ) ;
#4244 = DIRECTION ( 'NONE',  ( 0.0000000000000000000, 0.0000000000000000000, 1.000000000000000000 ) ) ;
#4245 = ORIENTED_EDGE ( 'NONE', *, *, #3990, .T. ) ;
#4246 = AXIS2_PLACEMENT_3D ( 'NONE', #1780, #248, #637 ) ;
#4247 = DIRECTION ( 'NONE',  ( -0.0000000000000000000, 1.000000000000000000, 0.0000000000000000000 ) ) ;
#4248 = LINE ( 'NONE', #3957, #4356 ) ;
#4249 = CARTESIAN_POINT ( 'NONE',  ( -1.175000000000000044, 1.850000000000000089, -1.474999999999999867 ) ) ;
#4250 = PLANE ( 'NONE',  #4798 ) ;
#4251 = CARTESIAN_POINT ( 'NONE',  ( 2.024999999999999911, 1.980741759643274369, -1.925000000000000933 ) ) ;
#4252 = FACE_OUTER_BOUND ( 'NONE', #2527, .T. ) ;
#4253 = ORIENTED_EDGE ( 'NONE', *, *, #3315, .T. ) ;
#4254 = CARTESIAN_POINT ( 'NONE',  ( -2.875000000000000000, 3.600000000000000977, -1.425000000000000044 ) ) ;
#4255 = PLANE ( 'NONE',  #4341 ) ;
#4256 = CARTESIAN_POINT ( 'NONE',  ( -0.5250000000000000222, 0.8000000000000000444, -2.324999999999999734 ) ) ;
#4257 = FACE_OUTER_BOUND ( 'NONE', #2542, .T. ) ;
#4258 = FACE_OUTER_BOUND ( 'NONE', #2493, .T. ) ;
#4259 = ORIENTED_EDGE ( 'NONE', *, *, #2980, .T. ) ;
#4260 = CARTESIAN_POINT ( 'NONE',  ( -0.8249999999999999556, 1.850000000000000089, -1.698606797699999893 ) ) ;
#4261 = LINE ( 'NONE', #719, #1315 ) ;
#4262 = DIRECTION ( 'NONE',  ( -0.0000000000000000000, 1.000000000000000000, -0.0000000000000000000 ) ) ;
#4263 = CARTESIAN_POINT ( 'NONE',  ( 1.875000000000000000, 2.550000000000000266, -1.474999999999999867 ) ) ;
#4264 = ORIENTED_EDGE ( 'NONE', *, *, #4152, .T. ) ;
#4265 = ORIENTED_EDGE ( 'NONE', *, *, #3576, .T. ) ;
#4266 = DIRECTION ( 'NONE',  ( -1.000000000000000000, 0.0000000000000000000, 0.0000000000000000000 ) ) ;
#4267 = LINE ( 'NONE', #3278, #4155 ) ;
#4268 = ORIENTED_EDGE ( 'NONE', *, *, #1409, .T. ) ;
#4269 = ADVANCED_FACE ( 'NONE', ( #73 ), #4104, .F. ) ;
#4270 = EDGE_CURVE ( 'NONE', #3412, #1522, #4016, .T. ) ;
#4271 = LINE ( 'NONE', #3653, #1324 ) ;
#4272 = FACE_OUTER_BOUND ( 'NONE', #1295, .T. ) ;
#4273 = FACE_OUTER_BOUND ( 'NONE', #3125, .T. ) ;
#4274 = EDGE_CURVE ( 'NONE', #4468, #3298, #3080, .T. ) ;
#4275 = ORIENTED_EDGE ( 'NONE', *, *, #3698, .F. ) ;
#4276 = VECTOR ( 'NONE', #1683, 1000.000000000000000 ) ;
#4277 = ADVANCED_FACE ( 'NONE', ( #4306 ), #2316, .F. ) ;
#4278 = EDGE_CURVE ( 'NONE', #4348, #1142, #1541, .T. ) ;
#4279 = VERTEX_POINT ( 'NONE', #2613 ) ;
#4280 = DIRECTION ( 'NONE',  ( 0.0000000000000000000, 1.000000000000000000, 0.0000000000000000000 ) ) ;
#4281 = EDGE_CURVE ( 'NONE', #4321, #591, #1657, .T. ) ;
#4282 = CARTESIAN_POINT ( 'NONE',  ( -0.5250000000000000222, 1.850000000000000089, -1.698606797699999893 ) ) ;
#4283 = ORIENTED_EDGE ( 'NONE', *, *, #628, .T. ) ;
#4284 = AXIS2_PLACEMENT_3D ( 'NONE', #1808, #4367, #1047 ) ;
#4285 = ORIENTED_EDGE ( 'NONE', *, *, #4590, .T. ) ;
#4286 = EDGE_LOOP ( 'NONE', ( #3533, #1639, #699, #442 ) ) ;
#4287 = CARTESIAN_POINT ( 'NONE',  ( 0.7249999999999999778, 0.5000000000000000000, -2.324999999999999734 ) ) ;
#4288 = ORIENTED_EDGE ( 'NONE', *, *, #2479, .T. ) ;
#4289 = CIRCLE ( 'NONE', #1311, 0.3000000000000000444 ) ;
#4290 = DIRECTION ( 'NONE',  ( 0.0000000000000000000, 0.0000000000000000000, -1.000000000000000000 ) ) ;
#4291 = AXIS2_PLACEMENT_3D ( 'NONE', #4518, #4111, #3042 ) ;
#4292 = CARTESIAN_POINT ( 'NONE',  ( 0.4249999999999999889, 1.850000000000000089, 2.024999999999999911 ) ) ;
#4293 = CLOSED_SHELL ( 'NONE', ( #613, #586, #522, #1433, #4269, #3963, #569, #2711 ) ) ;
#4294 = DIRECTION ( 'NONE',  ( 1.000000000000000000, 0.0000000000000000000, 0.0000000000000000000 ) ) ;
#4295 = CARTESIAN_POINT ( 'NONE',  ( 2.375000000000000000, 3.750000000000000000, 2.024999999999999911 ) ) ;
#4296 = DIRECTION ( 'NONE',  ( 0.0000000000000000000, 4.003208021484939327E-15, -1.000000000000000000 ) ) ;
#4297 = CARTESIAN_POINT ( 'NONE',  ( -0.7249999999999999778, 0.0000000000000000000, 2.024999999999999911 ) ) ;
#4298 = EDGE_CURVE ( 'NONE', #1553, #2334, #3371, .T. ) ;
#4299 = VERTEX_POINT ( 'NONE', #22 ) ;
#4300 = ADVANCED_FACE ( 'NONE', ( #2276 ), #3193, .F. ) ;
#4301 = DIRECTION ( 'NONE',  ( -1.000000000000000000, 0.0000000000000000000, 0.0000000000000000000 ) ) ;
#4302 = VERTEX_POINT ( 'NONE', #3853 ) ;
#4303 = ORIENTED_EDGE ( 'NONE', *, *, #4386, .T. ) ;
#4304 = EDGE_CURVE ( 'NONE', #2068, #4323, #666, .T. ) ;
#4305 = CARTESIAN_POINT ( 'NONE',  ( 2.024999999999999911, 2.250000000000000000, -1.925000000000000933 ) ) ;
#4306 = FACE_OUTER_BOUND ( 'NONE', #546, .T. ) ;
#4307 = EDGE_CURVE ( 'NONE', #3964, #803, #3269, .T. ) ;
#4308 = EDGE_LOOP ( 'NONE', ( #100, #3317, #4591, #477 ) ) ;
#4309 = CARTESIAN_POINT ( 'NONE',  ( 2.024999999999999911, 1.980741759643274369, -2.024999999999999911 ) ) ;
#4310 = LINE ( 'NONE', #3430, #2384 ) ;
#4311 = CARTESIAN_POINT ( 'NONE',  ( 2.875000000000000000, 0.0000000000000000000, -1.525000000000000133 ) ) ;
#4312 = AXIS2_PLACEMENT_3D ( 'NONE', #2059, #866, #2754 ) ;
#4313 = DIRECTION ( 'NONE',  ( 1.000000000000000000, 0.0000000000000000000, 0.0000000000000000000 ) ) ;
#4314 = ORIENTED_EDGE ( 'NONE', *, *, #41, .F. ) ;
#4315 = CARTESIAN_POINT ( 'NONE',  ( -2.875000000000000000, 1.949999999999999512, 2.025000000000007017 ) ) ;
#4316 = LINE ( 'NONE', #4436, #612 ) ;
#4317 = PRODUCT_DEFINITION_SHAPE ( 'NONE', 'NONE',  #2538 ) ;
#4318 = VECTOR ( 'NONE', #554, 1000.000000000000000 ) ;
#4319 =( NAMED_UNIT ( * ) SI_UNIT ( $, .STERADIAN. ) SOLID_ANGLE_UNIT ( ) );
#4320 = EDGE_CURVE ( 'NONE', #3108, #2287, #2524, .T. ) ;
#4321 = VERTEX_POINT ( 'NONE', #233 ) ;
#4322 = CARTESIAN_POINT ( 'NONE',  ( -0.7249999999999999778, 0.5000000000000000000, 0.0000000000000000000 ) ) ;
#4323 = VERTEX_POINT ( 'NONE', #4097 ) ;
#4324 = LINE ( 'NONE', #2487, #1198 ) ;
#4325 = CARTESIAN_POINT ( 'NONE',  ( 1.375000000000000000, 3.750000000000000000, 2.024999999999999911 ) ) ;
#4326 = PLANE ( 'NONE',  #412 ) ;
#4327 = DIRECTION ( 'NONE',  ( 0.0000000000000000000, 0.0000000000000000000, -1.000000000000000000 ) ) ;
#4328 = FACE_OUTER_BOUND ( 'NONE', #124, .T. ) ;
#4329 = EDGE_LOOP ( 'NONE', ( #3485, #1918, #75, #4153 ) ) ;
#4330 = LINE ( 'NONE', #8, #334 ) ;
#4331 = LINE ( 'NONE', #1188, #3500 ) ;
#4332 = LINE ( 'NONE', #1218, #2612 ) ;
#4333 = CARTESIAN_POINT ( 'NONE',  ( -0.5250000000000000222, 0.2500000000000000000, -1.525000000000000133 ) ) ;
#4334 = VERTEX_POINT ( 'NONE', #3300 ) ;
#4335 = PLANE ( 'NONE',  #1944 ) ;
#4336 = VERTEX_POINT ( 'NONE', #4063 ) ;
#4337 = EDGE_CURVE ( 'NONE', #3520, #3899, #3621, .T. ) ;
#4338 = LINE ( 'NONE', #4465, #405 ) ;
#4339 = DIRECTION ( 'NONE',  ( -0.0000000000000000000, 1.000000000000000000, 0.0000000000000000000 ) ) ;
#4340 = ORIENTED_EDGE ( 'NONE', *, *, #1616, .T. ) ;
#4341 = AXIS2_PLACEMENT_3D ( 'NONE', #1702, #4376, #2461 ) ;
#4342 = EDGE_LOOP ( 'NONE', ( #1163, #1832, #2604, #4530 ) ) ;
#4343 = LINE ( 'NONE', #1000, #287 ) ;
#4344 = CARTESIAN_POINT ( 'NONE',  ( 1.375000000000000000, 3.149999999999999911, 0.02500000000000000139 ) ) ;
#4345 =( NAMED_UNIT ( * ) PLANE_ANGLE_UNIT ( ) SI_UNIT ( $, .RADIAN. ) );
#4346 = ORIENTED_EDGE ( 'NONE', *, *, #307, .T. ) ;
#4347 = PLANE ( 'NONE',  #4736 ) ;
#4348 = VERTEX_POINT ( 'NONE', #372 ) ;
#4349 = DIRECTION ( 'NONE',  ( 0.0000000000000000000, 0.0000000000000000000, -1.000000000000000000 ) ) ;
#4350 = ORIENTED_EDGE ( 'NONE', *, *, #4152, .F. ) ;
#4351 = DIRECTION ( 'NONE',  ( 0.0000000000000000000, 0.0000000000000000000, 1.000000000000000000 ) ) ;
#4352 = ORIENTED_EDGE ( 'NONE', *, *, #590, .T. ) ;
#4353 = DIRECTION ( 'NONE',  ( 1.000000000000000000, 0.0000000000000000000, 0.0000000000000000000 ) ) ;
#4354 = FILL_AREA_STYLE ('',( #4007 ) ) ;
#4355 = EDGE_CURVE ( 'NONE', #1451, #4334, #790, .T. ) ;
#4356 = VECTOR ( 'NONE', #4013, 1000.000000000000000 ) ;
#4357 = ADVANCED_FACE ( 'NONE', ( #4725 ), #2209, .F. ) ;
#4358 = EDGE_CURVE ( 'NONE', #1176, #2520, #2644, .T. ) ;
#4359 = DIRECTION ( 'NONE',  ( -0.0000000000000000000, 1.000000000000000000, 0.0000000000000000000 ) ) ;
#4360 = AXIS2_PLACEMENT_3D ( 'NONE', #3102, #1634, #2064 ) ;
#4361 = LINE ( 'NONE', #1916, #2335 ) ;
#4362 = CARTESIAN_POINT ( 'NONE',  ( -0.7349999999999999867, 1.649999999999999911, -1.474999999999999867 ) ) ;
#4363 = VECTOR ( 'NONE', #3302, 1000.000000000000000 ) ;
#4364 = ADVANCED_FACE ( 'NONE', ( #4721 ), #1884, .F. ) ;
#4365 = EDGE_CURVE ( 'NONE', #158, #4448, #4379, .T. ) ;
#4366 = CARTESIAN_POINT ( 'NONE',  ( -2.375000000000000000, 3.750000000000000000, 0.02500000000000000139 ) ) ;
#4367 = DIRECTION ( 'NONE',  ( 1.000000000000000000, 0.0000000000000000000, 0.0000000000000000000 ) ) ;
#4368 = LINE ( 'NONE', #3106, #3730 ) ;
#4369 = CARTESIAN_POINT ( 'NONE',  ( 2.500000000000000000, 4.240000000000000213, -0.07499999999999998335 ) ) ;
#4370 = MANIFOLD_SOLID_BREP ( 'Combine1', #3939 ) ;
#4371 = CARTESIAN_POINT ( 'NONE',  ( 2.274999999999999911, 2.000000000000000000, -1.425000000000000044 ) ) ;
#4372 = ORIENTED_EDGE ( 'NONE', *, *, #1190, .T. ) ;
#4373 = ORIENTED_EDGE ( 'NONE', *, *, #328, .T. ) ;
#4374 = CARTESIAN_POINT ( 'NONE',  ( -0.5250000000000000222, -0.05000000000000000278, -1.824999999999999956 ) ) ;
#4375 = EDGE_CURVE ( 'NONE', #1817, #364, #1442, .T. ) ;
#4376 = DIRECTION ( 'NONE',  ( 0.0000000000000000000, -1.000000000000000000, 0.0000000000000000000 ) ) ;
#4377 = ORIENTED_EDGE ( 'NONE', *, *, #2837, .T. ) ;
#4378 = CARTESIAN_POINT ( 'NONE',  ( 0.7349999999999999867, 1.850000000000000089, -1.025000000000000133 ) ) ;
#4379 = LINE ( 'NONE', #780, #3158 ) ;
#4380 = VECTOR ( 'NONE', #53, 1000.000000000000000 ) ;
#4381 = ADVANCED_FACE ( 'NONE', ( #4272 ), #1179, .T. ) ;
#4382 = ORIENTED_EDGE ( 'NONE', *, *, #3008, .F. ) ;
#4383 = DIRECTION ( 'NONE',  ( 0.0000000000000000000, 0.0000000000000000000, 1.000000000000000000 ) ) ;
#4384 = VERTEX_POINT ( 'NONE', #2273 ) ;
#4385 = ADVANCED_FACE ( 'NONE', ( #3868 ), #2675, .T. ) ;
#4386 = EDGE_CURVE ( 'NONE', #4463, #3421, #1022, .T. ) ;
#4387 = ORIENTED_EDGE ( 'NONE', *, *, #1844, .F. ) ;
#4388 = EDGE_CURVE ( 'NONE', #2313, #2130, #4039, .T. ) ;
#4389 = VERTEX_POINT ( 'NONE', #1594 ) ;
#4390 = DIRECTION ( 'NONE',  ( -1.000000000000000000, 0.0000000000000000000, -0.0000000000000000000 ) ) ;
#4391 = ORIENTED_EDGE ( 'NONE', *, *, #4553, .F. ) ;
#4392 = AXIS2_PLACEMENT_3D ( 'NONE', #154, #551, #3482 ) ;
#4393 = VERTEX_POINT ( 'NONE', #3789 ) ;
#4394 = ORIENTED_EDGE ( 'NONE', *, *, #227, .T. ) ;
#4395 = CARTESIAN_POINT ( 'NONE',  ( -0.7249999999999999778, 1.315130797599999957, 1.171117220399999770 ) ) ;
#4396 = CARTESIAN_POINT ( 'NONE',  ( 0.7249999999999999778, 0.5000000000000000000, -1.525000000000000133 ) ) ;
#4397 = CARTESIAN_POINT ( 'NONE',  ( 2.500000000000000000, 4.250000000000000000, -2.024999999999999911 ) ) ;
#4398 = CARTESIAN_POINT ( 'NONE',  ( 0.5250000000000000222, 0.5000000000000000000, 0.0000000000000000000 ) ) ;
#4399 = VERTEX_POINT ( 'NONE', #3749 ) ;
#4400 = DIRECTION ( 'NONE',  ( 0.0000000000000000000, -0.9486832980505138790, -0.3162277660168379967 ) ) ;
#4401 = ORIENTED_EDGE ( 'NONE', *, *, #3201, .F. ) ;
#4402 = VECTOR ( 'NONE', #3992, 1000.000000000000000 ) ;
#4403 = CARTESIAN_POINT ( 'NONE',  ( 0.7349999999999999867, 1.850000000000000089, -2.024999999999999911 ) ) ;
#4404 = ORIENTED_EDGE ( 'NONE', *, *, #2674, .T. ) ;
#4405 = EDGE_CURVE ( 'NONE', #1317, #288, #2299, .T. ) ;
#4406 = DIRECTION ( 'NONE',  ( 0.0000000000000000000, 0.0000000000000000000, 1.000000000000000000 ) ) ;
#4407 = ORIENTED_EDGE ( 'NONE', *, *, #1729, .F. ) ;
#4408 = DIRECTION ( 'NONE',  ( 0.0000000000000000000, 0.0000000000000000000, 1.000000000000000000 ) ) ;
#4409 = FACE_BOUND ( 'NONE', #3461, .T. ) ;
#4410 = ORIENTED_EDGE ( 'NONE', *, *, #1669, .F. ) ;
#4411 = LINE ( 'NONE', #1701, #249 ) ;
#4412 = LINE ( 'NONE', #497, #2061 ) ;
#4413 = FACE_OUTER_BOUND ( 'NONE', #610, .T. ) ;
#4414 = CIRCLE ( 'NONE', #4516, 0.2999999999999999334 ) ;
#4415 = DIRECTION ( 'NONE',  ( 0.0000000000000000000, -1.000000000000000000, -3.212450881438532635E-15 ) ) ;
#4416 = VECTOR ( 'NONE', #3294, 1000.000000000000000 ) ;
#4417 = EDGE_CURVE ( 'NONE', #1015, #971, #457, .T. ) ;
#4418 = ORIENTED_EDGE ( 'NONE', *, *, #2651, .T. ) ;
#4419 = CARTESIAN_POINT ( 'NONE',  ( -0.7249999999999999778, 0.0000000000000000000, 2.024999999999999911 ) ) ;
#4420 = CARTESIAN_POINT ( 'NONE',  ( -2.875000000000000000, 1.950000000000002176, 1.375000000000006883 ) ) ;
#4421 = DIRECTION ( 'NONE',  ( -0.0000000000000000000, -1.000000000000000000, -0.0000000000000000000 ) ) ;
#4422 = DIRECTION ( 'NONE',  ( 0.0000000000000000000, 1.000000000000000000, 0.0000000000000000000 ) ) ;
#4423 = CARTESIAN_POINT ( 'NONE',  ( -0.7249999999999999778, 1.350000000000000089, -1.525000000000000133 ) ) ;
#4424 = EDGE_LOOP ( 'NONE', ( #4576, #31, #3165, #1214, #4806 ) ) ;
#4425 = LINE ( 'NONE', #4419, #89 ) ;
#4426 = FACE_OUTER_BOUND ( 'NONE', #636, .T. ) ;
#4427 = CARTESIAN_POINT ( 'NONE',  ( -0.5250000000000000222, 0.2500000000000000000, -1.824999999999999956 ) ) ;
#4428 = DIRECTION ( 'NONE',  ( 0.0000000000000000000, 0.0000000000000000000, -1.000000000000000000 ) ) ;
#4429 = ORIENTED_EDGE ( 'NONE', *, *, #3660, .F. ) ;
#4430 = EDGE_CURVE ( 'NONE', #2762, #1015, #277, .T. ) ;
#4431 = VECTOR ( 'NONE', #3033, 1000.000000000000000 ) ;
#4432 = LINE ( 'NONE', #2628, #2878 ) ;
#4433 = ORIENTED_EDGE ( 'NONE', *, *, #3826, .T. ) ;
#4434 = ORIENTED_EDGE ( 'NONE', *, *, #4512, .T. ) ;
#4435 = LINE ( 'NONE', #4251, #4318 ) ;
#4436 = CARTESIAN_POINT ( 'NONE',  ( -2.475000000000000089, 1.950000000000002176, 1.375000000000006883 ) ) ;
#4437 = EDGE_CURVE ( 'NONE', #2022, #2395, #2466, .T. ) ;
#4438 = ORIENTED_EDGE ( 'NONE', *, *, #3135, .F. ) ;
#4439 = CARTESIAN_POINT ( 'NONE',  ( -2.274999999999999911, 1.950000000000002176, 1.375000000000006883 ) ) ;
#4440 = CARTESIAN_POINT ( 'NONE',  ( -0.5150000000000000133, 1.649999999999999911, -1.025000000000000133 ) ) ;
#4441 = VERTEX_POINT ( 'NONE', #1923 ) ;
#4442 = ORIENTED_EDGE ( 'NONE', *, *, #2858, .F. ) ;
#4443 = CARTESIAN_POINT ( 'NONE',  ( -1.875000000000000000, 3.750000000000000000, 2.025999999999999801 ) ) ;
#4444 = VECTOR ( 'NONE', #4780, 1000.000000000000000 ) ;
#4445 = EDGE_CURVE ( 'NONE', #2395, #3162, #2182, .T. ) ;
#4446 = DIRECTION ( 'NONE',  ( 0.0000000000000000000, 0.0000000000000000000, 1.000000000000000000 ) ) ;
#4447 = CARTESIAN_POINT ( 'NONE',  ( 2.274999999999999911, 3.600000000000000977, -0.07499999999999998335 ) ) ;
#4448 = VERTEX_POINT ( 'NONE', #68 ) ;
#4449 = VECTOR ( 'NONE', #3665, 1000.000000000000000 ) ;
#4450 = CARTESIAN_POINT ( 'NONE',  ( -1.875000000000000000, 3.750000000000000000, 0.02500000000000000139 ) ) ;
#4451 = ORIENTED_EDGE ( 'NONE', *, *, #1054, .F. ) ;
#4452 = VERTEX_POINT ( 'NONE', #494 ) ;
#4453 = CARTESIAN_POINT ( 'NONE',  ( 2.475000000000000089, -0.05000000000000000278, -0.2250000000000008105 ) ) ;
#4454 = CARTESIAN_POINT ( 'NONE',  ( -1.375000000000000000, 3.750000000000000000, -2.024999999999999911 ) ) ;
#4455 = CARTESIAN_POINT ( 'NONE',  ( -2.274999999999999911, 1.949999999999999512, 2.025000000000007017 ) ) ;
#4456 = EDGE_CURVE ( 'NONE', #3559, #3162, #4601, .T. ) ;
#4457 = ORIENTED_EDGE ( 'NONE', *, *, #2608, .F. ) ;
#4458 = DIRECTION ( 'NONE',  ( 1.000000000000000000, 0.0000000000000000000, 0.0000000000000000000 ) ) ;
#4459 = VERTEX_POINT ( 'NONE', #846 ) ;
#4460 = CARTESIAN_POINT ( 'NONE',  ( -1.875000000000000000, 0.5000000000000000000, 2.024999999999999911 ) ) ;
#4461 = PLANE ( 'NONE',  #3299 ) ;
#4462 = CARTESIAN_POINT ( 'NONE',  ( -0.5250000000000000222, 0.0000000000000000000, -2.824999999999999734 ) ) ;
#4463 = VERTEX_POINT ( 'NONE', #4223 ) ;
#4464 = LINE ( 'NONE', #4241, #2049 ) ;
#4465 = CARTESIAN_POINT ( 'NONE',  ( 0.7349999999999999867, 1.850000000000000089, -1.025000000000000133 ) ) ;
#4466 = VECTOR ( 'NONE', #3949, 1000.000000000000000 ) ;
#4467 = CARTESIAN_POINT ( 'NONE',  ( -2.500000000000000000, 4.009511388567677415, -0.07499999999999998335 ) ) ;
#4468 = VERTEX_POINT ( 'NONE', #1999 ) ;
#4469 = VECTOR ( 'NONE', #2465, 1000.000000000000000 ) ;
#4470 = CARTESIAN_POINT ( 'NONE',  ( 0.5250000000000000222, 1.850000000000000089, -1.698606797699999893 ) ) ;
#4471 = CARTESIAN_POINT ( 'NONE',  ( 2.875000000000000000, 1.000000000000000000, -1.525000000000000133 ) ) ;
#4472 = DIRECTION ( 'NONE',  ( 0.0000000000000000000, 1.000000000000000000, 0.0000000000000000000 ) ) ;
#4473 = EDGE_CURVE ( 'NONE', #151, #1805, #3048, .T. ) ;
#4474 = VECTOR ( 'NONE', #4080, 1000.000000000000000 ) ;
#4475 = EDGE_CURVE ( 'NONE', #1947, #2018, #4103, .T. ) ;
#4476 = ADVANCED_FACE ( 'NONE', ( #3498 ), #161, .T. ) ;
#4477 = FACE_OUTER_BOUND ( 'NONE', #4131, .T. ) ;
#4478 = ORIENTED_EDGE ( 'NONE', *, *, #2793, .F. ) ;
#4479 = CARTESIAN_POINT ( 'NONE',  ( 2.274999999999999911, 2.250000000000000000, -1.925000000000000711 ) ) ;
#4480 = DIRECTION ( 'NONE',  ( 1.000000000000000000, 0.0000000000000000000, 0.0000000000000000000 ) ) ;
#4481 = AXIS2_PLACEMENT_3D ( 'NONE', #836, #3023, #807 ) ;
#4482 = LINE ( 'NONE', #692, #2290 ) ;
#4483 = LINE ( 'NONE', #3326, #3923 ) ;
#4484 = ORIENTED_EDGE ( 'NONE', *, *, #4090, .F. ) ;
#4485 = CARTESIAN_POINT ( 'NONE',  ( 0.5150000000000000133, 1.850000000000000089, -2.024999999999999911 ) ) ;
#4486 = ORIENTED_EDGE ( 'NONE', *, *, #4776, .T. ) ;
#4487 = CARTESIAN_POINT ( 'NONE',  ( 0.5250000000000000222, 1.649999999999999911, -1.698606797699999893 ) ) ;
#4488 = FACE_OUTER_BOUND ( 'NONE', #2134, .T. ) ;
#4489 = VERTEX_POINT ( 'NONE', #3460 ) ;
#4490 = PLANE ( 'NONE',  #1014 ) ;
#4491 = STYLED_ITEM ( 'NONE', ( #1704 ), #2496 ) ;
#4492 = PLANE ( 'NONE',  #237 ) ;
#4493 = PLANE ( 'NONE',  #209 ) ;
#4494 = CARTESIAN_POINT ( 'NONE',  ( 0.7249999999999999778, 1.350000000000000089, 1.525000000000000133 ) ) ;
#4495 = VECTOR ( 'NONE', #863, 1000.000000000000000 ) ;
#4496 = DIRECTION ( 'NONE',  ( 0.0000000000000000000, -1.000000000000000000, 0.0000000000000000000 ) ) ;
#4497 = LINE ( 'NONE', #2617, #519 ) ;
#4498 = VECTOR ( 'NONE', #984, 1000.000000000000000 ) ;
#4499 = LINE ( 'NONE', #1536, #279 ) ;
#4500 = DIRECTION ( 'NONE',  ( -1.000000000000000000, 0.0000000000000000000, 0.0000000000000000000 ) ) ;
#4501 = CARTESIAN_POINT ( 'NONE',  ( 0.8249999999999999556, 1.649999999999999911, 2.024999999999999911 ) ) ;
#4502 = ORIENTED_EDGE ( 'NONE', *, *, #4281, .T. ) ;
#4503 = DIRECTION ( 'NONE',  ( 0.0000000000000000000, 0.0000000000000000000, 1.000000000000000000 ) ) ;
#4504 = VERTEX_POINT ( 'NONE', #2011 ) ;
#4505 = DIRECTION ( 'NONE',  ( -1.000000000000000000, 0.0000000000000000000, 0.0000000000000000000 ) ) ;
#4506 = ORIENTED_EDGE ( 'NONE', *, *, #3072, .F. ) ;
#4507 = DIRECTION ( 'NONE',  ( 0.0000000000000000000, -1.000000000000000000, 0.0000000000000000000 ) ) ;
#4508 = DIRECTION ( 'NONE',  ( -0.0000000000000000000, 1.000000000000000000, 0.0000000000000000000 ) ) ;
#4509 = CARTESIAN_POINT ( 'NONE',  ( 0.0000000000000000000, 0.0000000000000000000, 0.0000000000000000000 ) ) ;
#4510 = VERTEX_POINT ( 'NONE', #1625 ) ;
#4511 = DIRECTION ( 'NONE',  ( 0.0000000000000000000, -1.000000000000000000, 0.0000000000000000000 ) ) ;
#4512 = EDGE_CURVE ( 'NONE', #3068, #2354, #2869, .T. ) ;
#4513 = EDGE_LOOP ( 'NONE', ( #2997, #1352, #2556, #3690 ) ) ;
#4514 = EDGE_CURVE ( 'NONE', #2408, #4463, #2075, .T. ) ;
#4515 = DIRECTION ( 'NONE',  ( -1.000000000000000000, 0.0000000000000000000, 0.0000000000000000000 ) ) ;
#4516 = AXIS2_PLACEMENT_3D ( 'NONE', #1162, #2261, #805 ) ;
#4517 = CARTESIAN_POINT ( 'NONE',  ( 0.7249999999999999778, 0.5547525681000000652, 2.024999999999999911 ) ) ;
#4518 = CARTESIAN_POINT ( 'NONE',  ( 0.7249999999999999778, 1.850000000000000089, -1.698606797699999893 ) ) ;
#4519 = DIRECTION ( 'NONE',  ( 0.0000000000000000000, 0.0000000000000000000, 1.000000000000000000 ) ) ;
#4520 = ORIENTED_EDGE ( 'NONE', *, *, #4281, .F. ) ;
#4521 = ORIENTED_EDGE ( 'NONE', *, *, #307, .F. ) ;
#4522 = ORIENTED_EDGE ( 'NONE', *, *, #4298, .F. ) ;
#4523 = PLANE ( 'NONE',  #1274 ) ;
#4524 = CARTESIAN_POINT ( 'NONE',  ( -0.5150000000000000133, 1.000000000000000000, -1.025000000000000133 ) ) ;
#4525 = ORIENTED_EDGE ( 'NONE', *, *, #2044, .T. ) ;
#4526 = CARTESIAN_POINT ( 'NONE',  ( -0.7349999999999999867, 0.0000000000000000000, -1.474999999999999867 ) ) ;
#4527 = CARTESIAN_POINT ( 'NONE',  ( -0.5250000000000000222, 0.5000000000000000000, -2.824999999999999734 ) ) ;
#4528 = AXIS2_PLACEMENT_3D ( 'NONE', #3208, #641, #2098 ) ;
#4529 = ADVANCED_FACE ( 'NONE', ( #398 ), #1247, .T. ) ;
#4530 = ORIENTED_EDGE ( 'NONE', *, *, #3802, .T. ) ;
#4531 = DIRECTION ( 'NONE',  ( -1.000000000000000000, 0.0000000000000000000, -8.673617379884027583E-16 ) ) ;
#4532 = CARTESIAN_POINT ( 'NONE',  ( -0.4249999999999999889, 1.850000000000000089, -1.698606797699999893 ) ) ;
#4533 = VECTOR ( 'NONE', #4415, 1000.000000000000000 ) ;
#4534 = ADVANCED_FACE ( 'NONE', ( #2522 ), #1897, .F. ) ;
#4535 = EDGE_CURVE ( 'NONE', #4036, #3454, #4330, .T. ) ;
#4536 = LINE ( 'NONE', #3894, #2687 ) ;
#4537 = PLANE ( 'NONE',  #3711 ) ;
#4538 = EDGE_CURVE ( 'NONE', #3459, #331, #1501, .T. ) ;
#4539 = EDGE_LOOP ( 'NONE', ( #960, #2164, #278, #2836, #3587, #4583 ) ) ;
#4540 = CARTESIAN_POINT ( 'NONE',  ( -0.5150000000000000133, 1.850000000000000089, -1.025000000000000133 ) ) ;
#4541 = DIRECTION ( 'NONE',  ( 0.0000000000000000000, -1.000000000000000000, 0.0000000000000000000 ) ) ;
#4542 = ORIENTED_EDGE ( 'NONE', *, *, #4162, .F. ) ;
#4543 = AXIS2_PLACEMENT_3D ( 'NONE', #4256, #4611, #2033 ) ;
#4544 = VECTOR ( 'NONE', #502, 1000.000000000000000 ) ;
#4545 = FACE_OUTER_BOUND ( 'NONE', #1196, .T. ) ;
#4546 = ORIENTED_EDGE ( 'NONE', *, *, #4270, .F. ) ;
#4547 = LINE ( 'NONE', #1322, #1904 ) ;
#4548 = DIRECTION ( 'NONE',  ( 0.0000000000000000000, -1.000000000000000000, 0.0000000000000000000 ) ) ;
#4549 = FACE_OUTER_BOUND ( 'NONE', #1759, .T. ) ;
#4550 = DIRECTION ( 'NONE',  ( 0.0000000000000000000, 6.672013369141637200E-16, -1.000000000000000000 ) ) ;
#4551 = AXIS2_PLACEMENT_3D ( 'NONE', #3495, #1289, #2401 ) ;
#4552 = CARTESIAN_POINT ( 'NONE',  ( -0.7249999999999999778, 0.8000000000000000444, -2.324999999999999734 ) ) ;
#4553 = EDGE_CURVE ( 'NONE', #3267, #4802, #4361, .T. ) ;
#4554 = FACE_OUTER_BOUND ( 'NONE', #3229, .T. ) ;
#4555 = ORIENTED_EDGE ( 'NONE', *, *, #504, .T. ) ;
#4556 = CARTESIAN_POINT ( 'NONE',  ( 0.5150000000000000133, 1.000000000000000000, -1.474999999999999867 ) ) ;
#4557 = ORIENTED_EDGE ( 'NONE', *, *, #825, .T. ) ;
#4558 = VECTOR ( 'NONE', #2463, 1000.000000000000000 ) ;
#4559 = ORIENTED_EDGE ( 'NONE', *, *, #2317, .T. ) ;
#4560 = DIRECTION ( 'NONE',  ( 0.0000000000000000000, 0.0000000000000000000, 1.000000000000000000 ) ) ;
#4561 = VECTOR ( 'NONE', #3734, 1000.000000000000000 ) ;
#4562 = CARTESIAN_POINT ( 'NONE',  ( 0.5250000000000000222, 0.2500000000000000000, -1.525000000000000133 ) ) ;
#4563 = EDGE_LOOP ( 'NONE', ( #1951, #3471, #285, #1283 ) ) ;
#4564 = ORIENTED_EDGE ( 'NONE', *, *, #2427, .F. ) ;
#4565 = EDGE_CURVE ( 'NONE', #3093, #2169, #1774, .T. ) ;
#4566 = ADVANCED_FACE ( 'NONE', ( #4252 ), #1130, .T. ) ;
#4567 = PLANE ( 'NONE',  #2820 ) ;
#4568 = ORIENTED_EDGE ( 'NONE', *, *, #4778, .T. ) ;
#4569 = CARTESIAN_POINT ( 'NONE',  ( 0.5250000000000000222, 0.5000000000000000000, 2.024999999999999911 ) ) ;
#4570 = CARTESIAN_POINT ( 'NONE',  ( 0.5150000000000000133, 1.000000000000000000, -1.025000000000000133 ) ) ;
#4571 = ORIENTED_EDGE ( 'NONE', *, *, #1580, .F. ) ;
#4572 = ORIENTED_EDGE ( 'NONE', *, *, #3118, .T. ) ;
#4573 = ADVANCED_FACE ( 'NONE', ( #2849 ), #3706, .T. ) ;
#4574 = CARTESIAN_POINT ( 'NONE',  ( -0.5250000000000000222, 1.850000000000000089, -1.025000000000000133 ) ) ;
#4575 = AXIS2_PLACEMENT_3D ( 'NONE', #2238, #2601, #4428 ) ;
#4576 = ORIENTED_EDGE ( 'NONE', *, *, #335, .T. ) ;
#4577 = LINE ( 'NONE', #3902, #764 ) ;
#4578 = DIRECTION ( 'NONE',  ( 0.0000000000000000000, -3.212450881438533030E-15, 1.000000000000000000 ) ) ;
#4579 = CARTESIAN_POINT ( 'NONE',  ( -2.274999999999999911, 2.250000000000000000, -2.024999999999999911 ) ) ;
#4580 = EDGE_LOOP ( 'NONE', ( #1940, #2484, #36, #4542 ) ) ;
#4581 = FACE_OUTER_BOUND ( 'NONE', #3167, .T. ) ;
#4582 = CARTESIAN_POINT ( 'NONE',  ( 0.7249999999999999778, 1.850000000000000089, 2.024999999999999911 ) ) ;
#4583 = ORIENTED_EDGE ( 'NONE', *, *, #1845, .T. ) ;
#4584 = CARTESIAN_POINT ( 'NONE',  ( -2.274999999999999911, 1.950000000000002176, 1.375000000000006883 ) ) ;
#4585 = COLOUR_RGB ( '',1.000000000000000000, 1.000000000000000000, 1.000000000000000000 ) ;
#4586 = ORIENTED_EDGE ( 'NONE', *, *, #1380, .F. ) ;
#4587 = ADVANCED_FACE ( 'NONE', ( #3708 ), #2269, .F. ) ;
#4588 = EDGE_CURVE ( 'NONE', #170, #3117, #2224, .T. ) ;
#4589 = DIRECTION ( 'NONE',  ( 0.0000000000000000000, -1.000000000000000000, 0.0000000000000000000 ) ) ;
#4590 = EDGE_CURVE ( 'NONE', #679, #1048, #1185, .T. ) ;
#4591 = ORIENTED_EDGE ( 'NONE', *, *, #618, .F. ) ;
#4592 = CARTESIAN_POINT ( 'NONE',  ( 0.8249999999999999556, 1.850000000000000089, 2.024999999999999911 ) ) ;
#4593 = CARTESIAN_POINT ( 'NONE',  ( 0.7349999999999999867, 1.850000000000000089, -1.025000000000000133 ) ) ;
#4594 = ADVANCED_FACE ( 'NONE', ( #881 ), #2449, .F. ) ;
#4595 = EDGE_CURVE ( 'NONE', #3421, #2031, #1076, .T. ) ;
#4596 = DIRECTION ( 'NONE',  ( 1.000000000000000000, 0.0000000000000000000, 0.0000000000000000000 ) ) ;
#4597 = LINE ( 'NONE', #3880, #2571 ) ;
#4598 = ORIENTED_EDGE ( 'NONE', *, *, #2891, .T. ) ;
#4599 = DIRECTION ( 'NONE',  ( 1.000000000000000000, 0.0000000000000000000, 0.0000000000000000000 ) ) ;
#4600 = EDGE_CURVE ( 'NONE', #1895, #4000, #2407, .T. ) ;
#4601 = LINE ( 'NONE', #3053, #2640 ) ;
#4602 = DIRECTION ( 'NONE',  ( 0.0000000000000000000, 0.0000000000000000000, -1.000000000000000000 ) ) ;
#4603 = PRESENTATION_STYLE_ASSIGNMENT (( #2771 ) ) ;
#4604 = AXIS2_PLACEMENT_3D ( 'NONE', #2602, #4114, #409 ) ;
#4605 = VECTOR ( 'NONE', #2264, 1000.000000000000000 ) ;
#4606 = DIRECTION ( 'NONE',  ( 0.0000000000000000000, 0.0000000000000000000, 1.000000000000000000 ) ) ;
#4607 = EDGE_LOOP ( 'NONE', ( #1181, #487, #3993, #2984 ) ) ;
#4608 = PLANE ( 'NONE',  #2410 ) ;
#4609 = AXIS2_PLACEMENT_3D ( 'NONE', #3176, #769, #1499 ) ;
#4610 = VECTOR ( 'NONE', #2554, 1000.000000000000000 ) ;
#4611 = DIRECTION ( 'NONE',  ( -1.000000000000000000, 0.0000000000000000000, 0.0000000000000000000 ) ) ;
#4612 = ORIENTED_EDGE ( 'NONE', *, *, #1327, .F. ) ;
#4613 = EDGE_CURVE ( 'NONE', #4389, #166, #3872, .T. ) ;
#4614 = VERTEX_POINT ( 'NONE', #3160 ) ;
#4615 = ADVANCED_FACE ( 'NONE', ( #2991 ), #234, .T. ) ;
#4616 = CARTESIAN_POINT ( 'NONE',  ( -0.5250000000000000222, 0.2500000000000000000, -1.824999999999999956 ) ) ;
#4617 = ORIENTED_EDGE ( 'NONE', *, *, #3168, .T. ) ;
#4618 = VECTOR ( 'NONE', #3582, 1000.000000000000000 ) ;
#4619 = DIRECTION ( 'NONE',  ( 0.0000000000000000000, 0.0000000000000000000, 1.000000000000000000 ) ) ;
#4620 = EDGE_LOOP ( 'NONE', ( #1490, #407, #2959, #4706, #3248, #1992 ) ) ;
#4621 = EDGE_CURVE ( 'NONE', #2721, #1459, #3746, .T. ) ;
#4622 = ADVANCED_FACE ( 'NONE', ( #93 ), #3562, .F. ) ;
#4623 = DIRECTION ( 'NONE',  ( -0.0000000000000000000, 1.000000000000000000, 3.252606517456512513E-15 ) ) ;
#4624 = EDGE_LOOP ( 'NONE', ( #107, #165, #1685, #4737 ) ) ;
#4625 = EDGE_CURVE ( 'NONE', #3862, #4633, #2353, .T. ) ;
#4626 = EDGE_CURVE ( 'NONE', #2158, #2036, #2930, .T. ) ;
#4627 = CARTESIAN_POINT ( 'NONE',  ( 1.375000000000000000, 3.149999999999999911, 2.024999999999999911 ) ) ;
#4628 = VERTEX_POINT ( 'NONE', #2082 ) ;
#4629 = CARTESIAN_POINT ( 'NONE',  ( -1.375000000000000000, 3.750000000000000000, 2.024999999999999911 ) ) ;
#4630 = ORIENTED_EDGE ( 'NONE', *, *, #402, .T. ) ;
#4631 = AXIS2_PLACEMENT_3D ( 'NONE', #3518, #2048, #3535 ) ;
#4632 = VECTOR ( 'NONE', #655, 1000.000000000000000 ) ;
#4633 = VERTEX_POINT ( 'NONE', #4641 ) ;
#4634 = PRESENTATION_LAYER_ASSIGNMENT (  '', '', ( #243 ) ) ;
#4635 = CARTESIAN_POINT ( 'NONE',  ( -1.375000000000000000, 3.750000000000000000, -2.024999999999999911 ) ) ;
#4636 = FACE_OUTER_BOUND ( 'NONE', #4224, .T. ) ;
#4637 = PLANE ( 'NONE',  #441 ) ;
#4638 = LINE ( 'NONE', #3989, #2447 ) ;
#4639 = ADVANCED_FACE ( 'NONE', ( #791 ), #1717, .T. ) ;
#4640 = VECTOR ( 'NONE', #2731, 1000.000000000000000 ) ;
#4641 = CARTESIAN_POINT ( 'NONE',  ( -1.175000000000000044, 2.550000000000000266, -1.474999999999999867 ) ) ;
#4642 = CARTESIAN_POINT ( 'NONE',  ( 0.5250000000000000222, -0.05000000000000000278, 0.0000000000000000000 ) ) ;
#4643 = FACE_OUTER_BOUND ( 'NONE', #2457, .T. ) ;
#4644 = PLANE ( 'NONE',  #2720 ) ;
#4645 = LINE ( 'NONE', #3764, #2292 ) ;
#4646 = PLANE ( 'NONE',  #862 ) ;
#4647 = ORIENTED_EDGE ( 'NONE', *, *, #1094, .T. ) ;
#4648 = VECTOR ( 'NONE', #4743, 1000.000000000000000 ) ;
#4649 = CARTESIAN_POINT ( 'NONE',  ( -2.274999999999999911, 2.250000000000000000, -1.925000000000000044 ) ) ;
#4650 = FACE_OUTER_BOUND ( 'NONE', #2932, .T. ) ;
#4651 = ORIENTED_EDGE ( 'NONE', *, *, #67, .T. ) ;
#4652 = DIRECTION ( 'NONE',  ( 0.0000000000000000000, -1.000000000000000000, 0.0000000000000000000 ) ) ;
#4653 = VECTOR ( 'NONE', #2085, 1000.000000000000000 ) ;
#4654 = DIRECTION ( 'NONE',  ( 0.0000000000000000000, 1.000000000000000000, 0.0000000000000000000 ) ) ;
#4655 = ORIENTED_EDGE ( 'NONE', *, *, #2374, .T. ) ;
#4656 = CARTESIAN_POINT ( 'NONE',  ( -2.375000000000000000, 3.149999999999999911, 0.02500000000000000139 ) ) ;
#4657 = AXIS2_PLACEMENT_3D ( 'NONE', #4453, #4132, #3733 ) ;
#4658 = CARTESIAN_POINT ( 'NONE',  ( -1.175000000000000044, 2.550000000000000266, -1.474999999999999867 ) ) ;
#4659 = ORIENTED_EDGE ( 'NONE', *, *, #1760, .T. ) ;
#4660 = CARTESIAN_POINT ( 'NONE',  ( 0.7249999999999999778, 1.850000000000000089, -2.024999999999999911 ) ) ;
#4661 = DIRECTION ( 'NONE',  ( -1.000000000000000000, -0.0000000000000000000, -0.0000000000000000000 ) ) ;
#4662 = EDGE_CURVE ( 'NONE', #3454, #1743, #3501, .T. ) ;
#4663 = CARTESIAN_POINT ( 'NONE',  ( -0.8249999999999999556, 1.850000000000000089, -1.698606797699999893 ) ) ;
#4664 = VERTEX_POINT ( 'NONE', #3699 ) ;
#4665 = VECTOR ( 'NONE', #1410, 1000.000000000000000 ) ;
#4666 =( GEOMETRIC_REPRESENTATION_CONTEXT ( 3 ) GLOBAL_UNCERTAINTY_ASSIGNED_CONTEXT ( ( #2010 ) ) GLOBAL_UNIT_ASSIGNED_CONTEXT ( ( #1745, #1727, #4319 ) ) REPRESENTATION_CONTEXT ( 'NONE', 'WORKASPACE' ) );
#4667 = VERTEX_POINT ( 'NONE', #1124 ) ;
#4668 = DIRECTION ( 'NONE',  ( 0.0000000000000000000, -1.000000000000000000, 0.0000000000000000000 ) ) ;
#4669 = VERTEX_POINT ( 'NONE', #2230 ) ;
#4670 = FILL_AREA_STYLE_COLOUR ( '', #1824 ) ;
#4671 = VECTOR ( 'NONE', #4349, 1000.000000000000000 ) ;
#4672 = ORIENTED_EDGE ( 'NONE', *, *, #2455, .T. ) ;
#4673 = AXIS2_PLACEMENT_3D ( 'NONE', #1282, #2722, #3445 ) ;
#4674 = CARTESIAN_POINT ( 'NONE',  ( -0.5250000000000000222, -0.05000000000000000278, -1.824999999999999956 ) ) ;
#4675 = ORIENTED_EDGE ( 'NONE', *, *, #2137, .F. ) ;
#4676 = EDGE_CURVE ( 'NONE', #3692, #1815, #1326, .T. ) ;
#4677 = CARTESIAN_POINT ( 'NONE',  ( 2.274999999999999911, 0.6000000000000076383, -0.2249999999999982014 ) ) ;
#4678 = ORIENTED_EDGE ( 'NONE', *, *, #1760, .F. ) ;
#4679 = VERTEX_POINT ( 'NONE', #1857 ) ;
#4680 = DIRECTION ( 'NONE',  ( 0.0000000000000000000, -1.000000000000000000, 0.0000000000000000000 ) ) ;
#4681 = CARTESIAN_POINT ( 'NONE',  ( -1.175000000000000044, 1.850000000000000089, -1.474999999999999867 ) ) ;
#4682 = ORIENTED_EDGE ( 'NONE', *, *, #2195, .T. ) ;
#4683 = EDGE_CURVE ( 'NONE', #4791, #1815, #1723, .T. ) ;
#4684 = ORIENTED_EDGE ( 'NONE', *, *, #3239, .F. ) ;
#4685 = CARTESIAN_POINT ( 'NONE',  ( -2.274999999999999911, 0.0000000000000000000, 2.024999999999999911 ) ) ;
#4686 = VECTOR ( 'NONE', #4408, 1000.000000000000000 ) ;
#4687 = ADVANCED_FACE ( 'NONE', ( #3159 ), #4493, .F. ) ;
#4688 = CARTESIAN_POINT ( 'NONE',  ( -0.3750000000000000000, 2.250000000000000000, 1.025000000000000133 ) ) ;
#4689 = ORIENTED_EDGE ( 'NONE', *, *, #4206, .T. ) ;
#4690 = ORIENTED_EDGE ( 'NONE', *, *, #3946, .T. ) ;
#4691 = EDGE_CURVE ( 'NONE', #3758, #3605, #965, .T. ) ;
#4692 = ADVANCED_FACE ( 'NONE', ( #4545 ), #2277, .T. ) ;
#4693 = ORIENTED_EDGE ( 'NONE', *, *, #1579, .F. ) ;
#4694 = DIRECTION ( 'NONE',  ( 0.0000000000000000000, 0.0000000000000000000, -1.000000000000000000 ) ) ;
#4695 = ORIENTED_EDGE ( 'NONE', *, *, #3366, .F. ) ;
#4696 = CARTESIAN_POINT ( 'NONE',  ( 0.5250000000000000222, -0.05000000000000000278, -1.824999999999999956 ) ) ;
#4697 = FACE_OUTER_BOUND ( 'NONE', #1734, .T. ) ;
#4698 = LINE ( 'NONE', #1305, #3663 ) ;
#4699 = VECTOR ( 'NONE', #4065, 1000.000000000000000 ) ;
#4700 = DIRECTION ( 'NONE',  ( 0.0000000000000000000, -1.000000000000000000, 0.0000000000000000000 ) ) ;
#4701 = VERTEX_POINT ( 'NONE', #1144 ) ;
#4702 = DIRECTION ( 'NONE',  ( -1.000000000000000000, -0.0000000000000000000, -0.0000000000000000000 ) ) ;
#4703 = VECTOR ( 'NONE', #2452, 1000.000000000000000 ) ;
#4704 = ORIENTED_EDGE ( 'NONE', *, *, #4150, .F. ) ;
#4705 = CARTESIAN_POINT ( 'NONE',  ( 2.875000000000000000, 0.6000000000000024203, 1.375000000000002442 ) ) ;
#4706 = ORIENTED_EDGE ( 'NONE', *, *, #4768, .T. ) ;
#4707 = DIRECTION ( 'NONE',  ( -1.000000000000000000, -0.0000000000000000000, -0.0000000000000000000 ) ) ;
#4708 = ORIENTED_EDGE ( 'NONE', *, *, #3537, .F. ) ;
#4709 = ADVANCED_FACE ( 'NONE', ( #734 ), #2955, .F. ) ;
#4710 = LINE ( 'NONE', #709, #1777 ) ;
#4711 = ORIENTED_EDGE ( 'NONE', *, *, #4120, .T. ) ;
#4712 = DIRECTION ( 'NONE',  ( 1.000000000000000000, 0.0000000000000000000, 0.0000000000000000000 ) ) ;
#4713 = EDGE_CURVE ( 'NONE', #2637, #1068, #844, .T. ) ;
#4714 = CARTESIAN_POINT ( 'NONE',  ( 1.375000000000000000, 3.750000000000000000, -2.024999999999999911 ) ) ;
#4715 = CARTESIAN_POINT ( 'NONE',  ( 0.5250000000000000222, 1.649999999999999911, 2.024999999999999911 ) ) ;
#4716 = VECTOR ( 'NONE', #1537, 1000.000000000000000 ) ;
#4717 = VERTEX_POINT ( 'NONE', #4471 ) ;
#4718 = LINE ( 'NONE', #217, #784 ) ;
#4719 = ADVANCED_FACE ( 'NONE', ( #2572 ), #786, .T. ) ;
#4720 = DIRECTION ( 'NONE',  ( -1.000000000000000000, 0.0000000000000000000, 0.0000000000000000000 ) ) ;
#4721 = FACE_OUTER_BOUND ( 'NONE', #3174, .T. ) ;
#4722 = EDGE_CURVE ( 'NONE', #3022, #144, #2936, .T. ) ;
#4723 = DIRECTION ( 'NONE',  ( 0.0000000000000000000, 0.7468134723257140450, -0.6650335612228979176 ) ) ;
#4724 = EDGE_LOOP ( 'NONE', ( #2260, #1772, #241, #4684 ) ) ;
#4725 = FACE_OUTER_BOUND ( 'NONE', #3225, .T. ) ;
#4726 = VECTOR ( 'NONE', #1505, 1000.000000000000000 ) ;
#4727 = DIRECTION ( 'NONE',  ( 0.0000000000000000000, 0.0000000000000000000, -1.000000000000000000 ) ) ;
#4728 = CARTESIAN_POINT ( 'NONE',  ( 2.274999999999999911, 4.250000000000000000, -0.07499999999999998335 ) ) ;
#4729 = LINE ( 'NONE', #3886, #3110 ) ;
#4730 = ORIENTED_EDGE ( 'NONE', *, *, #3359, .F. ) ;
#4731 = AXIS2_PLACEMENT_3D ( 'NONE', #2664, #1612, #461 ) ;
#4732 = VECTOR ( 'NONE', #1661, 1000.000000000000000 ) ;
#4733 = ORIENTED_EDGE ( 'NONE', *, *, #3556, .F. ) ;
#4734 = DIRECTION ( 'NONE',  ( 0.0000000000000000000, 3.252606517456512119E-15, -1.000000000000000000 ) ) ;
#4735 = ORIENTED_EDGE ( 'NONE', *, *, #504, .F. ) ;
#4736 = AXIS2_PLACEMENT_3D ( 'NONE', #2492, #2835, #962 ) ;
#4737 = ORIENTED_EDGE ( 'NONE', *, *, #3111, .F. ) ;
#4738 = DIRECTION ( 'NONE',  ( 0.0000000000000000000, 0.6650335612228979176, -0.7468134723257140450 ) ) ;
#4739 = ORIENTED_EDGE ( 'NONE', *, *, #3534, .T. ) ;
#4740 = EDGE_LOOP ( 'NONE', ( #1334, #3640, #3769, #3513, #4243, #4225, #1314 ) ) ;
#4741 = DIRECTION ( 'NONE',  ( 0.0000000000000000000, -3.212450881438532635E-15, 1.000000000000000000 ) ) ;
#4742 = ORIENTED_EDGE ( 'NONE', *, *, #4417, .T. ) ;
#4743 = DIRECTION ( 'NONE',  ( 1.000000000000000000, 0.0000000000000000000, 0.0000000000000000000 ) ) ;
#4744 = ORIENTED_EDGE ( 'NONE', *, *, #2701, .F. ) ;
#4745 = CARTESIAN_POINT ( 'NONE',  ( 2.024999999999999911, 4.240000000000000213, -2.024999999999999911 ) ) ;
#4746 = DIRECTION ( 'NONE',  ( 1.000000000000000000, -0.0000000000000000000, 8.673617379884027583E-16 ) ) ;
#4747 = LINE ( 'NONE', #688, #3129 ) ;
#4748 = ORIENTED_EDGE ( 'NONE', *, *, #2454, .T. ) ;
#4749 = LINE ( 'NONE', #2170, #1051 ) ;
#4750 = EDGE_CURVE ( 'NONE', #1048, #1042, #577, .T. ) ;
#4751 = ORIENTED_EDGE ( 'NONE', *, *, #1423, .F. ) ;
#4752 = EDGE_CURVE ( 'NONE', #2031, #2408, #2306, .T. ) ;
#4753 = VECTOR ( 'NONE', #1518, 1000.000000000000000 ) ;
#4754 = CARTESIAN_POINT ( 'NONE',  ( -1.175000000000000044, 1.850000000000000089, 2.024999999999999911 ) ) ;
#4755 = VECTOR ( 'NONE', #1456, 1000.000000000000000 ) ;
#4756 = FACE_OUTER_BOUND ( 'NONE', #2015, .T. ) ;
#4757 = VECTOR ( 'NONE', #1903, 1000.000000000000000 ) ;
#4758 = FILL_AREA_STYLE_COLOUR ( '', #1494 ) ;
#4759 = AXIS2_PLACEMENT_3D ( 'NONE', #2258, #1919, #2950 ) ;
#4760 = LINE ( 'NONE', #4085, #2283 ) ;
#4761 = DIRECTION ( 'NONE',  ( 0.0000000000000000000, 0.0000000000000000000, -1.000000000000000000 ) ) ;
#4762 = LINE ( 'NONE', #3164, #2390 ) ;
#4763 = DIRECTION ( 'NONE',  ( 1.000000000000000000, 0.0000000000000000000, 0.0000000000000000000 ) ) ;
#4764 = DIRECTION ( 'NONE',  ( -1.000000000000000000, 0.0000000000000000000, 0.0000000000000000000 ) ) ;
#4765 = LINE ( 'NONE', #1226, #615 ) ;
#4766 = EDGE_LOOP ( 'NONE', ( #1855, #4564, #2510, #642 ) ) ;
#4767 = DIRECTION ( 'NONE',  ( 0.0000000000000000000, -3.252606517456512119E-15, 1.000000000000000000 ) ) ;
#4768 = EDGE_CURVE ( 'NONE', #2152, #2200, #2819, .T. ) ;
#4769 = ORIENTED_EDGE ( 'NONE', *, *, #109, .T. ) ;
#4770 = CARTESIAN_POINT ( 'NONE',  ( 1.875000000000000000, 3.750000000000000000, 2.025999999999999801 ) ) ;
#4771 = VECTOR ( 'NONE', #326, 1000.000000000000000 ) ;
#4772 = EDGE_CURVE ( 'NONE', #1077, #3357, #4432, .T. ) ;
#4773 = FACE_OUTER_BOUND ( 'NONE', #884, .T. ) ;
#4774 = LINE ( 'NONE', #3830, #1973 ) ;
#4775 = ORIENTED_EDGE ( 'NONE', *, *, #1332, .F. ) ;
#4776 = EDGE_CURVE ( 'NONE', #4510, #3402, #2757, .T. ) ;
#4777 = LINE ( 'NONE', #3799, #1562 ) ;
#4778 = EDGE_CURVE ( 'NONE', #1866, #1611, #2642, .T. ) ;
#4779 = EDGE_CURVE ( 'NONE', #2242, #2123, #4332, .T. ) ;
#4780 = DIRECTION ( 'NONE',  ( -1.000000000000000000, 0.0000000000000000000, 0.0000000000000000000 ) ) ;
#4781 = LINE ( 'NONE', #2241, #911 ) ;
#4782 = ORIENTED_EDGE ( 'NONE', *, *, #1228, .T. ) ;
#4783 = EDGE_CURVE ( 'NONE', #2887, #1215, #1851, .T. ) ;
#4784 = ORIENTED_EDGE ( 'NONE', *, *, #1521, .F. ) ;
#4785 = ORIENTED_EDGE ( 'NONE', *, *, #4304, .T. ) ;
#4786 = CARTESIAN_POINT ( 'NONE',  ( -1.375000000000000000, 3.149999999999999911, 0.02500000000000000139 ) ) ;
#4787 = ORIENTED_EDGE ( 'NONE', *, *, #4365, .T. ) ;
#4788 = AXIS2_PLACEMENT_3D ( 'NONE', #1348, #2482, #273 ) ;
#4789 = ORIENTED_EDGE ( 'NONE', *, *, #4473, .F. ) ;
#4790 = LINE ( 'NONE', #3477, #349 ) ;
#4791 = VERTEX_POINT ( 'NONE', #1550 ) ;
#4792 = FILL_AREA_STYLE ('',( #4758 ) ) ;
#4793 = CARTESIAN_POINT ( 'NONE',  ( -0.7249999999999999778, 1.850000000000000089, -1.698606797699999893 ) ) ;
#4794 = PLANE ( 'NONE',  #3546 ) ;
#4795 = DIRECTION ( 'NONE',  ( 0.0000000000000000000, 0.0000000000000000000, -1.000000000000000000 ) ) ;
#4796 = CARTESIAN_POINT ( 'NONE',  ( 1.875000000000000000, 0.5000000000000000000, -1.474999999999999867 ) ) ;
#4797 = ORIENTED_EDGE ( 'NONE', *, *, #163, .F. ) ;
#4798 = AXIS2_PLACEMENT_3D ( 'NONE', #859, #3444, #1296 ) ;
#4799 = VERTEX_POINT ( 'NONE', #561 ) ;
#4800 = DIRECTION ( 'NONE',  ( 1.000000000000000000, 0.0000000000000000000, 0.0000000000000000000 ) ) ;
#4801 = CARTESIAN_POINT ( 'NONE',  ( -2.875000000000000000, 4.250000000000000000, -0.07499999999999998335 ) ) ;
#4802 = VERTEX_POINT ( 'NONE', #821 ) ;
#4803 = PLANE ( 'NONE',  #2026 ) ;
#4804 = LINE ( 'NONE', #4397, #2206 ) ;
#4805 = DIRECTION ( 'NONE',  ( -1.000000000000000000, 0.0000000000000000000, 0.0000000000000000000 ) ) ;
#4806 = ORIENTED_EDGE ( 'NONE', *, *, #65, .T. ) ;
#4807 = EDGE_CURVE ( 'NONE', #1071, #1728, #3046, .T. ) ;
#4808 = DIRECTION ( 'NONE',  ( 0.0000000000000000000, -0.6650335612228979176, -0.7468134723257140450 ) ) ;
#4809 = EDGE_LOOP ( 'NONE', ( #4733, #3279, #1934, #1810, #1981, #3403, #2332, #3835, #2726, #3760, #3014, #2489, #2588, #2453 ) ) ;
ENDSEC;
END-ISO-10303-21;
